-4.1925e-16,1.6515e-15,3.8138e-16,6.4206e-16,4.0486e-16,5.7438e-16,-1.1937e-16,3.1697e-16,4.3953e-16,5.6889e-16,8.9843e-16,5.5075e-16,1.4169e-15,1.229e-15,1.4351e-15,1.1499e-17,8.8738e-16,4.5299e-16,7.7715e-16,2.1784e-15,-5.9233e-16,6.7328e-16,-1.3865e-16,8.8724e-16,2.5655e-16,1.0756e-15,1.5169e-16,6.1851e-16,6.6291e-16,6.5921e-16,8.6262e-17,6.5201e-16,1.8229e-15,4.094e-16,4.9005e-16,-2.4556e-16,3.5108e-16,-2.7201e-16,4.7268e-16,9.456e-16,1.4244e-18,4.0152e-16,9.4835e-16,4.6192e-16,2.5762e-16,5.2428e-17,7.5527e-16,2.4519e-15,1.616e-15,8.4964e-16,1.5732e-15,8.3829e-16,5.5874e-16,6.8712e-16,4.6819e-16,1.4037e-16,1.1365e-15,2.2325e-16,1.4987e-16,7.2228e-16,1.7175e-16,9.2363e-17,-1.4463e-16,1.6534e-15,1.396e-15,5.7805e-16,6.6198e-16,4.0416e-15,4.7448e-16,8.8617e-16,3.8584e-16,8.0249e-16,6.7186e-16,1.1953e-15,4.4976e-16,-6.8948e-16,-1.8756e-16,2.5392e-16,-1.088e-16,9.6447e-16,2.3744e-16,4.739e-16,1.2959e-15,1.975e-16,9.4411e-16,7.7367e-16,7.5655e-16,1.8083e-15,3.5099e-16,1.002e-15,7.2626e-16,7.6212e-16,9.9245e-16,3.9578e-16,-1.3018e-15,-1.9039e-16,1.0829e-15,6.2101e-16,4.9763e-16,-7.1841e-17,5.3388e-16,5.7194e-16,1.0279e-15,5.6256e-16,6.0734e-16,9.3266e-16,-1.8045e-16,5.6313e-16,1.1335e-15,1.1043e-15,1.4757e-15,7.6126e-16,6.1831e-16,1.3354e-15,1.2618e-15,3.0672e-16,8.4083e-16,8.6853e-16,5.064e-16,4.9681e-16,9.0568e-16,6.8391e-16,-7.2648e-16,7.8715e-16,8.5637e-16,7.7146e-16,6.25e-16,1.9996e-15,7.3518e-16,7.3472e-17,-6.7674e-16,-1.9831e-16,6.6e-16,8.2128e-16,4.8294e-16,6.6532e-16,-5.5886e-16,2.6637e-16,6.5738e-16,1.4029e-16,9.1984e-16,2.6007e-15,1.2251e-15,6.4717e-16,1.3629e-17
-4.8179e-16,7.2758,4.4241,3.0149,3.4142,6.9923,4.8953,1.5996,3.7646,3.1889,1.7431,4.0058,4.9764,4.7511,4.38,5.9215,3.5718,1.6435,2.684,6.088,5.2767,2.291,4.0447,3.3642,7.3219,5.5568,4.5207,8.3801,8.2165,6.0637,5.5982,1.6549,3.909,4.148,6.326,4.5373,8.9968,5.5557,2.6138,3.9733,3.4366,4.7716,4.288,3.9507,5.6916,2.8965,5.8314,6.1697,7.3463,6.0337,4.1299,4.5087,5.2973,6.9337,6.2588,8.7502,6.0819,3.038,4.8357,1.6867,1.9868,3.3437,5.0395,5.4091,6.5907,3.7828,2.723,9.1098,6.4883,6.8432,2.7501,4.2534,4.0225,4.0724,3.5343,6.5279,4.2791,2.8888,5.2914,6.4645,3.2755,5.3653,2.5792,4.8864,3.9808,4.1628,4.9908,4.7145,2.9552,4.9776,4.2177,1.836,3.3582,1.9748,5.9211,5.6785,4.3713,4.5083,4.193,4.1184,2.7739,3.1064,4.2102,4.9755,5.9652,4.7938,4.7819,3.265,3.3559,5.9751,6.5068,7.4841,5.2961,4.8433,5.3591,4.6327,3.0769,4.6004,4.757,5.3352,3.9545,2.9813,5.6066,6.4998,5.609,5.9445,5.2057,9.1442,5.9947,4.9886,4.3767,3.3124,3.3373,5.8866,5.6084,1.7345,3.7928,2.2574,3.135,3.9255,6.4617,7.7314,6.0919,2.1709,6.5484e-16
8.1676e-16,14.524,9.3638,4.178,6.4241,9.668,6.553,3.1841,5.0461,6.2341,5.3593,6.4635,8.2489,9.7624,9.7086,9.2002,5.6332,4.1306,5.0315,9.6872,8.4154,2.986,4.8249,5.5528,12.725,10.419,7.068,14.83,12.692,9.2677,8.3514,4.7821,7.6789,6.5177,9.7047,7.9242,12.458,8.937,4.4028,6.376,4.9342,6.7409,6.8826,7.209,10.117,6.4488,7.9685,10.227,11.361,8.252,7.8016,8.3464,9.2911,10.522,7.8289,12.285,11.908,4.5696,7.1843,4.2649,3.2696,6.5548,8.5826,8.4055,10.841,6.7805,5.603,13.747,9.6002,10.396,5.4835,7.4417,8.5362,8.478,5.1825,11.719,6.5871,4.9923,8.1743,10.225,4.5509,7.68,7.0542,8.7376,6.1185,8.4114,7.049,9.599,4.3301,7.4377,5.9895,5.4754,7.5674,4.0588,9.8215,8.895,7.9866,8.5237,6.6032,5.0158,5.3532,5.5708,8.3605,8.4313,8.4415,6.6782,7.9615,8.0827,7.3647,8.9679,9.1453,10.241,8.7202,10.453,10.315,7.6129,6.8421,9.8646,8.9044,8.4748,8.9622,5.5145,7.9724,12.987,11.662,8.7798,10.807,15.768,10.046,7.1969,5.1626,4.9638,8.781,10.629,8.9488,4.9418,5.8118,4.8986,7.1144,6.5318,11.604,12.525,11.334,5.4082,1.3694e-15
9.565e-16,15.182,11.516,2.5512,7.0704,6.475,4.146,4.9915,5.0545,7.9727,6.5613,4.3468,7.0526,8.9674,9.7055,6.4366,4.5404,5.5275,6.379,7.1758,6.4372,3.3543,3.8537,5.5669,11.346,10.221,7.3554,12.13,7.5881,6.7725,6.9103,7.5546,8.4851,5.8872,8.2108,7.0881,7.509,6.6668,4.3892,5.5905,2.9189,4.2273,5.0978,8.5214,9.2437,7.2993,4.8576,8.1795,7.9359,5.4211,8.6649,7.5776,8.4618,7.1364,4.9775,7.1321,10.444,3.5457,5.037,6.4554,5.1907,7.2991,7.3859,6.9739,8.3187,6.3879,6.6764,8.4942,6.3476,7.6892,6.9503,6.8296,10.224,10.167,4.3109,10.766,4.2622,4.8182,6.6238,6.7092,3.806,5.6271,9.3442,7.9276,4.6778,9.5202,6.2555,11.143,3.2495,5.0478,5.3048,8.7979,8.4284,5.7473,9.0594,7.2556,9.163,9.6761,4.7181,3.7153,5.9288,5.2421,8.4771,8.0917,4.8518,5.6911,6.5841,10.449,9.0551,7.0693,5.7252,6.3418,8.1183,10.606,9.5153,6.4566,7.9894,9.0351,8.3825,6.1702,8.6718,5.9,5.5578,13.72,13.431,5.6601,10.166,13.245,8.4546,4.8837,2.8864,5.1241,11.194,8.9398,8.1517,6.9945,5.4502,5.3111,8.6697,6.0989,9.4389,9.7728,10.691,6.2612,1.574e-15
1.1782e-15,12.875,11.913,3.0966,8.9177,8.5249,5.4689,8.0951,9.8968,10.186,4.593,3.0732,6.6871,4.6333,5.3091,4.9759,4.5374,5.4621,8.2387,5.8393,5.9929,8.0076,8.7273,7.2222,10.058,9.193,10.732,8.2789,3.0656,6.2457,8.7111,8.8103,8.9303,7.5288,9.743,6.0465,7.2342,5.0279,5.6704,5.9499,2.7075,4.4897,4.2515,11.332,7.9512,6.3784,5.5738,6.4696,5.6966,6.49,10.215,5.7997,7.4775,5.7711,8.726,6.0945,5.7547,4.2094,5.2699,7.9689,10.088,7.9874,6.3576,7.9292,6.1205,5.9371,7.5158,5.565,5.5531,7.1362,8.4192,6.3651,10.448,10.565,6.1997,8.665,3.2502,5.6455,6.9489,4.262,6.5033,7.406,8.0502,6.9539,5.3514,9.5966,9.9341,11.998,4.3852,4.4033,8.3777,9.7864,6.5493,7.6923,10.033,7.0045,11.322,11.06,4.0946,7.1304,6.2603,5.2875,7.521,9.4788,4.3315,8.9033,5.6429,9.9204,9.4549,8.0663,5.5271,7.1317,8.8596,6.7345,6.7,6.0931,7.0916,4.5047,6.7264,5.3272,4.9998,7.2629,6.4205,12.284,13.129,4.8227,6.0375,9.8014,8.1322,5.5781,4.7323,8.0987,9.1659,5.966,9.1667,7.5081,7.2143,4.8394,8.4104,6.3607,5.278,8.0001,9.1086,4.5265,1.2741e-15
1.0395e-16,8.6797,7.8854,5.6281,12.018,12.067,7.3321,8.4675,11.421,8.5199,6.9974,6.3898,6.4443,2.9765,2.8388,5.4198,4.6041,4.3934,5.7906,6.24,7.9234,12.022,11.374,7.9815,8.8495,8.4103,10.309,8.4627,3.0159,6.261,9.153,7.8448,8.6496,8.6665,9.47,4.7208,7.4058,4.7319,7.2393,5.2924,5.3322,6.5801,5.8262,11.396,6.2638,6.2906,7.5934,5.4696,3.9784,6.6725,11.084,5.2087,5.8829,6.2777,11.75,7.3568,5.0525,5.4266,7.362,7.2943,10.508,8.3603,5.303,8.7069,5.3534,5.421,7.7357,7.4289,6.6545,5.9445,6.5446,5.9023,8.2775,7.7154,8.3716,5.1035,5.8402,7.1898,6.0219,6.9377,9.3458,10.275,5.858,7.0538,8.2194,7.8752,10.982,11.475,7.2094,4.7783,9.5254,6.5429,5.013,5.9124,9.6145,4.5854,9.8545,9.137,6.2354,7.3443,5.3033,6.7807,8.3874,10.695,7.2587,9.7412,5.0695,7.9972,8.3595,8.3156,5.5457,8.4414,6.9141,4.0967,5.8248,5.5126,5.4219,5.7617,5.5554,7.6224,7.9898,9.6052,7.0599,9.8188,10.062,6.179,5.8791,6.2364,10.029,8.2839,3.5012,8.0718,6.3264,5.6567,6.9437,9.4035,6.352,6.4866,7.2695,4.6212,3.2057,6.7802,8.8226,4.0917,9.7717e-16
2.571e-16,6.606,7.8994,8.3862,10.584,11.151,10.136,9.0105,8.3289,6.8098,9.4892,9.6927,8.3793,4.0801,2.7214,7.3841,6.0264,4.8173,3.9815,6.521,10.039,11.051,9.1417,9.8907,9.3665,9.3174,9.1585,8.3924,5.3874,5.7163,8.4189,7.3868,8.1378,8.6691,6.9228,6.2589,7.6366,7.1476,9.2478,8.132,10.293,8.0461,8.8168,10.012,5.5373,7.5249,9.4372,6.47,4.6851,5.5334,9.4266,6.088,6.15,6.2254,9.1359,7.9612,5.9927,5.4731,9.106,6.5023,6.9268,7.7756,5.4953,9.0747,5.941,4.7868,7.6682,9.0907,9.315,5.0454,5.5398,7.4978,6.7969,5.8857,9.0779,4.8483,9.2096,7.3345,5.5114,10.492,9.1485,10.166,4.522,7.8029,9.6837,6.5208,9.4298,10.424,8.7348,5.1975,8.3839,3.4153,5.5687,4.1,6.665,3.5797,7.3757,5.2373,8.183,6.2435,5.2437,8.8326,9.9694,9.3847,9.7648,9.7666,5.9879,6.5224,6.3909,8.5494,4.9146,8.6885,4.7394,3.5585,6.2056,7.2002,6.6101,8.1483,5.7494,8.5471,10.643,8.9271,5.5152,7.1686,8.0414,7.3994,7.8227,6.5561,9.8189,9.7198,2.8911,6.152,6.625,8.0904,6.8076,11.026,5.9396,7.8214,6.0746,5.6178,4.8846,5.9637,8.9281,6.9315,8.142e-16
1.3704e-15,7.3481,11.854,10.078,7.7149,7.308,12.96,11.666,5.2972,6.3411,8.3407,9.8453,10.253,6.7489,4.6287,8.9809,7.9731,5.8305,5.899,6.2197,10.157,7.1114,5.7744,11.599,10.94,10.505,9.6812,6.9281,6.1814,5.4657,8.6168,7.4801,7.3176,8.1277,4.9201,9.455,8.7618,11.077,9.6454,12.42,14.192,7.5443,10.678,9.9805,6.1433,8.9646,10.654,7.8705,8.2133,5.1912,6.8266,6.9135,7.7067,6.5948,6.2372,7.1842,5.8716,4.6928,9.262,6.1885,3.7024,6.6433,6.2843,8.7396,7.1441,5.3025,6.8,7.8283,11.48,5.3229,6.461,10.15,7.7845,6.5606,8.4225,8.1073,9.4835,6.9947,6.6458,10.774,6.9335,7.1765,3.7853,8.2212,8.0478,6.8288,8.0778,8.6806,7.8214,6.3866,8.25,4.0281,6.9371,4.5149,3.5662,5.0744,6.2715,3.6059,7.8863,6.1296,7.0044,8.84,9.8061,6.8156,9.7839,10.775,8.4058,6.9506,4.7388,8.331,5.2148,7.5504,4.7275,4.4776,6.8683,10.485,9.3956,7.2595,6.6212,6.7061,8.7997,6.3594,3.9542,5.6939,7.6043,7.8391,9.1775,9.7724,7.1278,8.5582,4.5295,5.2273,8.1942,9.8941,9.6688,11.148,6.2088,7.5143,5.5148,9.1004,8.0378,5.8167,9.1484,10.724,7.7643e-16
9.6069e-16,7.5022,9.8293,10.348,11.565,7.1696,12.352,13.453,6.8581,3.9884,6.7263,9.0793,7.4631,10.398,8.6459,8.0573,8.1348,4.9004,7.7767,6.4727,8.2213,6.2792,6.4545,8.7946,10.253,8.8598,9.032,8.1078,4.3482,7.1006,10.048,5.8565,5.7659,7.3769,5.5255,8.7681,10.135,12.105,5.9855,9.5166,12.924,6.1181,9.435,11.215,6.4556,9.0445,11.127,6.6844,11.326,6.7789,7.0586,6.3611,7.0293,9.8602,11.075,6.5885,6.3468,4.81,8.2109,5.3658,4.1336,6.2906,5.5047,7.4123,7.8137,8.0117,4.6976,6.715,10.513,5.5065,5.4728,9.6074,8.9142,6.3109,7.7437,9.4275,6.1707,8.5429,7.6302,8.5452,6.4239,5.1189,2.6317,7.7582,5.5934,7.5739,7.8098,5.38,6.5545,9.0657,10.898,7.2662,6.4366,4.797,4.0191,5.3992,5.5438,6.5054,6.4215,5.4466,8.3057,5.6181,7.4724,6.4653,8.3578,11.219,10.364,9.1779,4.2559,5.0337,7.713,5.5727,5.5572,6.4043,8.1792,10.814,8.7211,5.9202,7.0047,5.9279,7.967,7.5706,5.9479,6.6463,5.8359,8.3617,10.191,9.819,6.602,6.7932,4.5057,6.4565,6.6814,7.8118,8.9655,11.048,3.59,7.6567,5.9167,8.6609,8.8253,6.5674,9.8132,10.886,1.1968e-15
1.1556e-15,7.5155,8.3545,8.9476,7.9401,6.4277,9.1607,10.884,8.3319,4.4491,8.1748,9.263,7.9329,11.511,9.6829,6.8745,10.832,8.3907,6.7206,6.2536,7.3776,7.0982,8.5788,7.614,7.8643,7.2456,7.2463,7.9484,6.9256,9.5242,9.8543,7.0633,5.6828,6.332,5.6325,6.2894,10.932,7.7438,4.6047,4.721,9.2974,7.3046,7.6966,9.2208,5.2969,7.4082,11.594,7.9398,10.709,8.156,8.5672,7.4755,7.2036,9.7059,11.01,7.703,9.1601,4.818,6.985,8.3138,7.2503,7.0226,6.0901,9.5835,7.4852,9.2637,5.2186,9.2883,10.017,5.4275,6.3367,6.7227,6.5792,5.936,8.0422,10.264,5.9313,6.6289,7.776,8.12,6.5696,4.5871,2.7396,7.3434,5.646,7.6723,6.8474,3.8142,7.6358,9.1393,10.489,8.9875,5.6009,5.4748,7.5678,6.864,6.2881,8.0807,5.6351,5.9635,6.9601,5.6529,7.6742,6.5409,5.7632,12.354,10.538,10.013,4.2638,1.9985,9.3668,7.6648,5.7941,7.861,9.0039,9.1941,8.3044,6.6174,8.9186,7.1218,7.5652,8.8877,8.9653,8.9737,7.3399,7.129,9.1299,8.7387,7.7753,7.7606,7.0484,10.699,9.387,5.9295,7.7478,10.991,5.1911,8.8099,6.8135,8.2503,9.1381,8.6095,7.455,7.9897,8.7895e-16
9.4372e-16,8.3582,7.9822,7.2472,3.4164,5.1421,6.2427,6.9945,7.0037,5.0439,8.5527,9.841,9.8686,9.9982,8.4959,6.7465,11.329,9.534,4.5607,5.3496,7.6318,7.51,8.6597,8.8137,5.895,6.7364,5.8408,6.3084,10.364,9.9361,8.2779,9.0213,6.7287,6.4005,5.9898,5.0241,10.47,5.0151,5.8834,3.1589,6.4702,8.9977,8.659,7.1815,5.5207,6.3376,9.8474,9.4252,8.7152,8.6013,9.0152,9.5548,7.1974,5.5235,6.9488,7.9759,10.53,6.1616,7.0169,12.501,8.3005,8.1635,8.2499,11.397,7.5875,8.6298,6.4028,11.214,9.9587,6.7758,9.0752,5.9606,5.5838,5.7975,8.8938,10.8,7.2381,3.8944,9.5617,8.7735,6.8991,5.1021,5.0791,6.6712,6.4978,7.8657,6.1733,4.5617,9.4984,6.834,6.7335,8.8193,7.0513,9.5454,10.098,8.1151,8.0856,7.3018,5.6433,7.6248,5.8394,7.7863,9.8316,6.2137,7.0159,12.162,9.1137,10.41,5.7799,2.7543,8.3808,11.042,5.6527,8.3334,8.7266,8.5096,8.9107,8.0331,11.07,9.0454,7.4356,8.2928,10.014,10.189,9.8527,5.8917,7.6461,8.3763,8.3931,9.4147,10.012,13.521,10.706,6.4818,8.8795,10.114,7.8231,9.9936,8.5794,7.997,7.5989,8.4976,6.2487,6.471,5.1532e-16
1.8039e-15,9.0236,6.4497,6.4595,7.46,6.0981,5.9718,5.8781,4.5603,4.2206,6.0914,8.7837,7.8372,8.4437,8.1761,6.2971,6.0463,3.816,4.3386,5.5708,7.9745,6.4206,6.8024,9.8417,6.1925,6.7539,6.6462,5.7954,9.439,7.7433,7.1303,8.405,7.3901,7.3405,7.2304,5.9014,9.4021,7.6114,7.047,5.8076,5.892,8.2558,11.155,8.5297,7.9674,6.909,6.2156,7.5595,8.9002,8.7169,7.8315,10.475,5.9011,1.9162,6.3084,5.5971,7.2961,8.7519,8.1216,12.498,5.4608,8.5532,9.7916,9.05,8.4778,7.8676,5.5991,9.487,9.6867,9.1938,10.37,8.6581,9.8042,6.1757,8.554,10.363,6.8214,4.9389,12.985,7.8873,7.8621,6.1083,8.1192,5.0033,5.6083,8.654,6.892,5.6214,9.5385,4.8522,3.667,8.479,10.779,15.009,8.7873,6.9125,9.5927,7.0579,5.9763,8.6827,6.7316,8.1129,9.9738,5.9908,13.213,9.9618,8.2178,11.338,8.2527,6.299,5.9861,10.764,6.4765,8.2983,8.1202,9.5402,8.3824,8.1802,10.697,9.1254,7.5627,7.0449,8.8614,8.6795,9.5978,6.6177,7.6285,8.3493,7.7904,8.8077,9.2142,11.772,6.2865,8.0196,11.395,8.1558,7.6455,9.5162,10.295,6.8583,4.8514,5.8083,9.2638,8.7878,7.5669e-16
1.3081e-15,6.5941,6.4827,6.1414,8.7826,8.6652,8.011,6.3469,5.1338,9.1943,8.9959,5.6007,4.4277,8.5197,8.1625,3.3643,3.5939,4.0211,6.0406,9.1326,9.3808,4.3591,7.146,10.572,8.6286,7.0803,9.7419,6.8838,8.7383,6.8735,6.7769,8.0613,7.8822,5.7463,5.6719,7.4491,9.7466,6.4337,8.2619,9.4761,6.882,7.3033,9.1432,8.5551,7.3388,6.3586,7.0249,5.8799,10.571,8.7429,6.8147,10.673,6.9602,2.7757,7.6893,4.2546,3.6097,7.9846,7.7016,7.7867,4.1637,7.7049,9.0752,7.9922,7.5721,7.6604,5.9962,10.326,11.716,8.3737,8.1632,9.0291,12.604,8.0919,5.6707,9.4999,7.9113,7.1537,12.045,6.186,9.188,7.315,8.5052,3.0431,4.6151,8.5691,7.0946,5.0589,8.3481,4.004,4.2161,8.3296,12.489,12.27,6.4272,4.9654,10.033,9.0791,6.8109,7.6094,5.4348,7.7129,6.6438,6.3528,14.864,10.321,10.111,9.5929,7.2055,6.6155,5.2789,8.1713,9.0738,8.5728,8.6888,8.9886,5.8449,7.8966,7.7753,5.8626,6.7278,7.2198,8.5013,5.6422,8.9376,7.4109,7.6174,7.2479,8.1362,7.4605,6.5352,9.6429,7.3164,7.4745,11.375,6.8832,10.786,6.5732,8.6629,7.4686,7.3748,7.4048,10.125,11.268,8.1668e-16
8.6711e-16,4.1368,7.8548,7.6044,7.125,8.3833,8.4955,7.4926,8.0549,11.392,12.629,7.6539,6.0902,6.3318,7.3359,4.8956,6.0646,7.3726,8.1672,9.6841,10.785,7.1611,7.0483,10.072,9.4919,6.8759,8.2234,6.1381,9.3308,8.3937,7.1314,8.2978,10.169,5.3833,4.1754,10.033,9.6147,6.9618,9.0347,8.8212,6.8374,7.7833,8.1436,6.6073,6.625,6.2043,9.3251,6.4426,12.111,7.1644,6.3301,10.247,8.0668,4.491,7.2126,6.4026,4.6525,6.7842,6.7938,4.3215,4.792,8.5231,7.3694,8.2182,6.4974,7.3672,9.0979,11.137,12.507,6.9145,6.3278,6.6462,10.256,9.3513,5.0397,7.1198,8.4645,7.6098,8.3863,6.2206,7.8815,8.4479,8.5203,4.0637,4.8009,8.1078,6.8218,4.0726,7.6442,3.3422,7.0311,7.6712,10.408,7.4164,7.4383,4.2175,8.6912,10.862,6.5449,4.7558,4.6907,5.9365,5.7154,7.4554,10.804,10.958,8.3115,7.1586,3.4859,6.135,4.2354,7.6044,10.614,9.4815,8.1881,5.2627,5.7194,7.9744,6.99,6.6021,6.3369,6.6312,8.6478,3.603,7.7059,7.9811,8.3126,7.1278,8.3298,6.3302,7.2167,8.2642,7.4711,7.0863,10.877,8.082,9.9951,4.594,5.4143,7.759,8.5901,8.9793,11.01,11.728,1.4759e-15
9.4892e-16,5.0907,9.2217,9.0998,6.5047,7.9542,6.8589,8.2594,10.119,7.373,11.951,11.515,9.588,4.4515,5.897,9.5239,9.3691,7.968,8.8478,6.3276,11.013,12.713,7.3524,8.6273,8.9337,6.2781,3.7491,5.1024,9.5331,9.5877,7.0109,9.2995,10.892,6.5387,4.5307,11.422,8.4149,9.2713,8.9292,6.6926,6.6165,8.1399,8.9672,4.0197,7.398,6.379,10.455,8.3084,11.174,5.3139,7.3971,9.7076,8.1054,5.1646,5.6461,8.9079,8.4883,7.6556,7.828,5.0254,5.6526,9.5237,7.7171,7.6352,6.3296,7.1516,12.422,9.7012,9.1785,6.4401,6.6146,4.8736,6.7213,8.8016,7.1249,5.2896,7.1013,7.1754,6.4908,8.7469,4.8689,8.7377,8.9905,9.0045,6.4568,7.7949,6.7334,4.2475,7.2057,3.5199,9.0764,7.091,6.922,6.5407,9.8528,4.6519,7.3455,11.944,6.9223,2.5748,6.5001,3.9222,6.7839,7.636,6.1561,8.8404,3.5939,5.2322,2.8913,8.2021,4.445,7.6447,9.4398,9.6909,7.0345,2.3307,7.6596,8.3751,9.2909,10.642,5.8905,5.7522,8.2325,3.9556,7.1863,8.0659,9.106,7.7565,7.2507,6.0851,9.9445,7.447,4.159,6.5479,10.435,9.2736,5.4419,4.8838,4.172,7.4766,7.3387,7.3441,10.945,9.3437,1.6816e-15
8.9394e-16,8.6433,9.7832,8.3195,8.4026,11.715,5.7134,7.3378,9.302,3.5328,8.309,8.2863,7.0857,8.0624,5.1339,8.7002,9.1962,5.3139,7.2224,4.9461,9.8613,12.971,10.458,8.2109,10.112,6.4461,4.119,7.2777,7.5365,7.6367,5.6596,10.547,6.4058,5.7581,5.5533,9.3161,7.6882,7.3817,8.0802,9.3512,8.5602,6.6648,7.5896,3.1416,8.0783,5.9184,10.345,9.2374,7.7412,6.09,9.649,9.1723,8.1695,6.3936,6.8456,7.324,9.3045,8.7803,11.338,7.8497,5.9167,7.2254,10.63,5.7189,6.6889,7.3252,12.61,8.065,3.4508,5.6912,6.6624,6.3557,7.8286,7.9301,7.6128,7.2215,5.3953,8.4897,8.5574,12.137,4.2632,7.7471,8.3944,13.924,8.7476,7.1499,6.758,5.9613,6.2215,5.9654,8.7851,7.8057,5.7434,8.655,8.5317,5.1406,8.2936,13.565,10.332,3.9861,9.2529,4.3044,5.4086,5.7049,5.9853,4.8978,3.4688,3.8734,8.5774,11.758,8.8939,4.4118,7.0859,7.9403,7.1509,4.8296,7.381,8.255,10.81,10.555,4.7043,7.5635,7.3449,6.0826,8.9458,7.3135,8.3363,6.9551,5.6299,6.9064,9.1888,6.8122,3.0536,4.3169,8.7914,7.3725,5.133,5.5359,6.1296,8.2779,8.555,4.7497,7.5366,5.997,9.129e-16
6.172e-16,8.1013,9.9524,10.15,8.5029,8.8393,4.8676,4.2558,8.5336,4.0562,8.1406,7.7499,5.4172,8.8479,5.5759,4.5561,9.0834,5.3799,5.2096,7.4391,8.248,9.268,8.8894,10.591,11.364,7.7774,5.8105,6.4539,4.7346,6.0799,5.6105,8.0241,6.1997,4.9814,6.8278,9.0974,7.7207,6.3285,7.1344,10.388,9.052,7.6419,8.7762,7.1094,9.6549,8.8383,7.2107,9.3142,8.441,7.8944,7.0309,6.6493,6.8132,8.0655,9.4684,6.0644,9.2565,5.8557,12.949,10.573,7.1366,6.3495,9.0461,5.587,8.3757,5.8022,12.114,9.4568,1.491,4.791,4.3094,7.4919,8.5685,9.2119,6.2545,9.6685,5.5028,9.5514,10.704,14.371,5.9248,6.9963,7.6728,11.266,10.01,5.1605,5.5568,8.091,7.4709,8.782,9.0405,8.5345,6.0133,8.8798,7.1223,6.3318,8.9712,12.93,11.211,8.71,10.361,6.9023,7.7025,5.6676,7.2207,5.1976,6.7636,6.3287,10.141,10.433,11.078,3.7474,6.9633,6.7485,5.2277,7.1393,6.8011,6.8582,9.091,9.04,7.5776,10.76,7.765,8.0037,9.296,6.6077,7.0229,6.2231,5.7656,7.6965,7.3021,5.6822,5.1323,5.9044,8.749,7.6395,6.5322,5.424,6.4694,8.1518,8.1447,4.2415,9.4008,7.875,1.7213e-15
7.2483e-16,6.3751,9.2909,11.874,7.3108,5.5661,4.2003,2.3031,7.7324,6.0748,9.4038,9.4064,6.0966,6.7201,6.7039,3.6704,6.4972,5.618,5.8835,10.279,8.8873,5.7003,5.8675,11.577,11.231,7.1377,7.0352,5.984,5.9442,6.564,5.7675,5.1636,9.4607,5.522,6.9974,10.443,7.9065,6.4967,6.4453,10.414,8.6524,7.7056,9.4662,9.3806,9.4897,12.278,5.5359,8.8631,10.618,10.258,3.8872,4.7233,4.6299,8.4812,10.958,5.6562,8.6072,3.8796,11.659,12.142,8.7901,5.9229,7.3096,7.1887,9.7927,3.5021,12.28,10.156,4.0096,5.8072,3.5513,5.9749,8.2358,10.413,6.2037,10.611,5.6446,8.6369,10.274,14.212,6.3249,6.2808,7.0745,5.4722,11.437,3.8607,4.5853,9.5587,9.1785,10.807,10.917,7.4508,6.8981,9.0484,8.4303,7.5964,8.3684,9.4201,8.8706,10.679,9.0965,9.1958,11.228,7.284,6.8767,7.0598,8.7515,9.6258,8.4995,7.0436,10.755,6.3859,7.8427,6.6238,5.9904,7.3642,7.6436,6.9508,9.0539,7.1427,7.6593,10.8,8.7944,9.5062,8.7321,5.1208,5.7915,6.0772,6.9177,8.8747,5.8395,4.5841,6.3008,8.255,8.2862,7.912,8.0331,6.0868,7.1142,7.9377,6.5313,4.4196,10.915,9.7469,1.6248e-15
7.793e-16,6.6271,8.1175,11.556,8.1513,7.3331,4.7252,3.6686,6.3989,7.2447,8.7338,9.3438,6.8804,7.0953,7.4717,6.8217,2.3807,4.3893,8.6401,10.074,10.041,4.6743,6.7974,8.5109,9.5588,5.7619,6.8899,8.236,10.428,8.4349,5.5692,5.7455,10.619,7.052,6.3136,10.124,7.094,6.3216,6.2735,11.656,9.3007,5.3783,6.9267,6.0905,6.6939,12.216,6.9825,8.0516,10.131,11.433,4.8692,5.5861,3.9129,8.0377,10.314,5.5376,7.8362,6.282,9.2793,11.297,9.5005,4.3143,9.3162,8.3295,8.741,3.584,11.083,7.4493,7.8936,8.3194,6.6169,3.2521,8.0731,8.94,8.2945,9.1758,4.1498,7.6711,7.7183,13.161,5.4977,6.3548,6.6948,2.7765,13.37,5.395,5.6988,10.064,8.849,11.146,11.891,5.2987,8.4968,9.9021,9.8969,8.3784,7.4471,6.0579,5.9476,8.1183,6.8901,9.5245,11.542,8.0142,5.5838,6.5719,6.9088,9.6968,8.1255,6.2236,10.386,9.2687,8.5833,7.214,11.125,6.7907,8.7957,9.5017,11.875,5.501,2.6654,8.0488,10.716,10.105,8.6002,4.8673,6.0228,6.3124,7.4259,9.5702,5.9832,4.8604,5.7274,7.5492,6.5022,5.9534,8.9712,7.7943,8.1531,7.7504,6.5556,4.2945,7.2668,7.5074,1.1762e-15
5.5496e-16,5.4324,7.7517,12.907,12.137,6.7625,7.4696,6.2375,6.0385,9.5963,7.7393,9.0066,6.9312,12.049,7.304,6.5335,4.9903,6.253,8.8293,8.0847,5.6077,5.3482,10.037,5.9481,7.6997,10.397,4.3001,7.4626,10.397,9.9551,7.2264,7.65,8.5348,8.3358,7.299,7.304,4.9702,6.4344,6.8579,11.76,10.557,6.9271,5.2747,3.843,5.4644,9.6672,6.3089,7.33,8.8552,8.5176,6.6147,7.082,6.3089,9.5488,8.6235,7.0055,9.0855,8.1163,8.0116,7.0697,8.9788,3.8178,9.4808,7.7408,5.4755,7.7703,5.9034,5.061,9.8707,8.4582,8.9801,3.3463,7.718,6.3993,9.0338,5.6758,2.8933,10.318,6.0679,14.265,8.3657,9.0112,6.8801,2.442,12.933,8.8517,8.3927,9.9853,7.0749,8.7991,8.2875,5.4983,10.81,7.198,6.3617,9.5272,7.5831,7.0308,4.909,7.6781,5.9861,8.8187,9.6139,6.9598,6.8792,5.7246,4.2302,6.9946,8.2145,7.2223,9.8002,9.6688,10.48,8.3983,12.767,6.9111,7.3332,10.643,10.587,5.7171,3.2248,9.4671,14.839,8.2001,8.2085,9.9136,9.3302,6.8272,6.8206,7.2862,8.6415,7.0214,8.0087,6.1712,6.771,5.3837,8.3836,7.8064,4.3823,5.6275,8.6045,5.8962,6.0374,6.5365,6.6797e-16
3.2947e-16,4.6479,5.8177,10.087,12.868,11.176,8.5395,8.3494,6.4925,9.013,6.6594,8.9327,8.5364,10.9,7.8222,4.7545,7.7396,5.187,9.5176,8.7665,3.5798,7.1699,11.475,9.4665,8.5536,13.099,4.0827,6.511,11.648,9.3336,7.6939,8.1364,8.5514,9.214,8.554,6.018,5.7513,7.086,7.6647,9.5174,10.562,11.004,4.8817,4.5333,7.0451,8.5452,7.8159,8.5603,8.9631,7.7154,7.3647,7.3579,8.392,9.08,5.4016,8.1363,9.379,10.382,8.0937,4.7315,8.6754,4.0289,6.8734,8.6771,5.5045,9.3222,5.0825,4.2899,9.3847,8.5828,8.5969,5.6416,8.2347,8.0584,9.6138,5.8914,4.6674,9.0915,7.3665,13.099,9.993,8.1163,6.3595,4.4426,9.1116,10.092,9.6005,8.7251,4.9848,5.1047,5.3164,6.4945,10.518,6.2311,6.6072,11.955,7.5848,8.4317,7.2375,7.9268,5.3832,7.6505,7.5215,7.36,9.0988,7.3446,6.4897,5.5235,8.4215,8.3464,7.2631,7.5698,8.6976,7.7697,10.982,8.3436,5.9854,8.8465,10.044,4.9462,5.056,11.436,12.313,5.7556,9.4669,9.6749,10.997,7.0929,4.6793,6.1876,8.8659,7.2723,7.0687,5.2932,5.6655,5.8785,7.4699,6.8171,4.5998,6.4853,8.1066,6.7063,8.8037,5.615,8.5391e-16
2.0797e-16,4.5404,4.4,6.4094,9.6347,14.625,7.886,9.0954,6.66,7.2477,5.8154,6.4531,10.813,7.4295,8.9584,5.1271,7.742,2.585,10.739,10.82,5.6469,9.3235,10.382,13.388,10.231,10.761,6.5052,5.6278,13.131,7.7592,6.5336,6.5027,8.4651,9.2325,9.1292,7.4332,8.5163,7.3138,8.194,7.5455,8.7768,13.48,7.2674,4.9692,8.5596,8.694,9.6203,9.8357,9.5838,9.3628,7.3286,6.2814,7.783,6.3894,3.6934,7.8444,6.8691,11.602,8.6277,5.2106,9.4487,5.1224,5.609,9.932,7.9697,7.6041,7.5445,4.6395,7.9246,8.9169,6.4281,7.9406,9.1423,11.539,9.3519,9.9468,7.5688,6.444,10.705,9.8431,8.9388,5.8486,5.871,8.193,7.244,8.2723,7.7428,5.6175,3.6857,2.9072,5.411,6.4082,7.8626,6.8471,10.33,12.763,6.5289,7.7834,9.2632,7.371,5.277,6.842,6.3953,9.0506,10.255,9.77,11.347,6.1028,8.2083,9.1293,6.491,6.3956,5.771,6.4529,8.7534,8.9518,7.0454,6.5349,10.472,5.5738,5.8788,10.82,7.6476,4.9197,9.7086,6.3878,11.023,7.2951,3.107,6.8623,6.5465,5.3397,4.0355,5.0241,4.4904,6.2938,7.4788,6.7519,7.6328,8.7994,6.6463,7.3802,9.9562,5.3836,1.2026e-15
6.5199e-16,4.6091,7.0814,8.9113,7.3518,8.0217,8.0894,8.645,6.1747,8.063,6.2074,2.2749,10.077,10.876,9.1307,7.7882,7.7584,4.1019,10.119,10.203,7.3163,10.052,8.8965,9.8781,9.4356,7.6681,8.3304,3.6754,9.5745,7.3094,5.5384,4.1782,4.3635,8.3148,8.8282,8.8868,9.0337,6.2156,7.9095,8.339,6.7225,11.479,11.824,3.5414,7.5367,7.2567,6.9873,8.1612,8.4858,10.115,7.7086,5.3048,6.09,4.6912,6.1959,7.1053,3.3654,8.8779,8.4112,5.7965,11.195,7.8011,8.3747,8.6477,9.0044,7.5646,7.1589,6.2571,7.2977,8.2738,4.9628,8.6949,9.249,10.58,6.9735,12.276,7.5588,8.3426,12.848,8.2458,7.4398,7.2843,7.1069,11.651,10.345,5.7159,4.6538,2.4359,3.8079,3.9608,6.5658,5.8309,6.1589,5.5995,10.648,10.487,5.6209,6.7038,7.6649,7.2521,6.8907,6.7626,6.1271,8.9757,9.735,9.5895,11.847,6.5597,7.1391,10.118,10.291,8.3754,6.9484,7.3133,8.2324,8.2249,9.2757,6.8242,8.4845,9.944,8.1163,9.5923,10.243,5.7078,6.5811,8.1612,11.273,7.6599,4.3012,6.6524,5.8421,4.8022,4.9251,5.0736,6.5605,6.6865,7.4872,7.1301,6.7555,8.192,8.4321,9.3119,6.0859,7.5337,1.6517e-15
1.2472e-15,7.6652,10.699,11.596,8.4303,5.4035,8.372,8.4192,6.6666,6.7079,8.4624,6.9606,5.133,11.434,7.9277,7.9099,8.2978,6.2103,9.3517,8.8667,9.0352,7.4593,8.1277,6.49,8.8079,7.3292,9.5088,4.7781,5.7078,6.968,4.3106,3.2689,4.0875,8.0852,6.771,7.6147,7.6242,5.1096,6.2599,8.3688,6.8872,6.3543,10.476,6.9248,7.7154,4.5024,4.8561,5.7906,6.2319,12.719,9.1887,6.0994,7.986,4.6296,8.068,7.7632,3.4778,4.6929,6.7882,6.5895,13.084,11.106,9.1023,8.02,11.148,10.492,8.4279,11.255,7.5082,8.8915,5.8453,8.4508,8.9866,6.4033,5.4903,9.0634,5.1569,6.3893,10.797,7.9005,4.8251,6.1507,9.454,11.702,7.9711,4.0972,4.7577,4.5362,4.9383,6.0277,6.9014,7.8366,6.9679,6.0229,9.938,12.232,8.0152,8.2919,7.9799,9.7862,9.4867,6.3413,6.0356,6.375,7.896,7.9171,7.8535,6.0871,6.2668,11.159,10.106,8.9506,7.5429,9.3147,8.9666,11.724,8.2729,8.3736,7.264,10.086,12.224,12.886,11.565,5.6081,6.9377,6.9651,7.403,7.2088,6.1804,5.9489,7.9531,8.0743,7.6919,5.2434,7.8247,8.6118,4.3063,3.6568,7.3752,8.6079,10.052,8.1205,6.2945,9.0636,1.3948e-15
2.7862e-15,10.586,11.758,11.357,8.4069,6.2421,9.8211,8.3839,6.7081,5.4746,7.3993,10.841,4.8886,9.5882,7.5856,6.5208,7.9517,8.4873,8.9256,10.115,10.682,8.0516,6.9704,7.0813,8.4547,7.6499,8.176,5.3543,4.4358,7.9615,4.9537,3.728,6.1962,8.2515,5.8981,6.9192,6.9084,6.3868,6.3505,7.3092,7.3491,3.3388,6.4619,9.8161,9.3432,4.084,5.5555,5.7241,6.0657,12.575,10.327,6.6345,8.3489,6.4714,8.3675,8.1668,7.1087,6.2641,4.4489,6.8405,10.929,12.351,7.904,6.7315,9.7199,12.11,10.013,13.016,7.2587,8.6042,8.2603,9.3295,6.1036,4.089,5.2482,6.6825,4.1534,3.8007,6.4189,9.0918,3.6441,5.9751,12.58,9.0017,5.4788,3.6182,4.5054,6.7899,5.5183,6.8093,7.5151,8.548,8.6144,7.0629,11.928,14.086,9.7885,9.2552,9.9183,11.581,9.6237,6.735,6.3139,4.234,5.7603,6.4544,7.4394,8.2734,9.7039,8.8877,6.6344,9.0749,7.3672,10.093,11.478,10.156,6.5933,8.3668,8.8236,9.4472,13.661,13.705,8.0719,7.1146,8.7606,6.2498,5.1908,6.5945,7.6706,7.429,9.0041,9.1214,8.8045,4.8467,7.1309,10.599,5.7167,5.5852,8.1232,9.6153,9.1863,5.1517,6.0508,7.7673,8.2164e-16
2.6279e-15,10.233,9.4367,9.0331,6.3153,6.9222,11.682,7.6096,5.432,6.9341,4.846,8.0935,10.395,8.0788,7.5426,6.7677,8.1096,10.497,8.1589,10.777,11.03,11.693,5.8645,9.2227,8.8616,7.3022,5.5169,4.9087,6.4418,8.7656,7.0574,5.9649,6.5634,7.741,6.5842,8.5296,7.06,9.269,8.7234,6.0998,6.5075,4.8939,5.4754,8.6338,10.194,6.2169,7.7644,7.7748,7.447,8.4078,11.26,6.7233,5.3384,7.5001,7.3843,8.6432,10.318,12.374,4.467,6.0515,6.7246,11.497,7.2858,5.3299,5.7101,9.8362,8.8094,9.1671,6.3283,7.3197,9.6271,9.6241,2.5465,5.8572,4.9487,8.1579,5.8065,4.9957,4.3404,10.278,5.481,8.3099,13.387,6.2562,6.2828,4.4648,3.317,5.9004,5.0383,6.3464,8.458,7.213,9.2965,7.5328,13.812,12.248,8.2912,7.6667,9.7181,10.235,7.9466,8.1136,6.4603,5.2019,6.0313,6.0217,11.854,12.201,14.682,5.5,4.8609,9.2794,6.5653,9.3285,14.019,4.3295,6.324,6.3516,10.081,11.127,10.607,9.6796,3.8906,9.7295,8.2909,7.7698,7.4973,6.9488,8.3939,9.7502,8.9033,8.3306,7.3294,5.6187,7.2844,11.624,11.666,13.153,7.6988,9.9679,7.259,4.1356,3.1163,5.3807,7.6837e-16
1.5101e-15,7.749,6.345,7.4715,6.9956,8.809,11.117,6.018,4.556,8.7754,8.9771,7.5053,11.178,5.8907,4.6287,9.4219,11.682,10.207,7.0351,4.7222,8.9378,9.4969,7.2776,8.6947,10.787,7.9975,6.0387,7.8611,10.34,6.4614,7.2976,10.275,5.2731,6.5774,5.8127,9.0637,5.8068,10.152,9.955,5.7367,5.6324,7.9935,7.9248,7.8717,8.6566,6.7878,8.4978,8.7314,6.2464,6.188,13.653,8.6678,4.9629,4.4891,5.056,11.694,9.1058,12.898,8.7585,4.8809,8.0777,11.204,7.7144,7.3178,7.4177,6.6256,5.6141,6.5951,6.3263,7.9553,7.999,5.9619,4.3653,8.2695,4.1964,8.4686,7.2139,7.6855,7.682,8.5342,8.1201,8.1693,8.2313,5.7683,4.8207,6.3395,5.9791,5.8534,5.0096,6.4644,7.6934,8.5318,9.0115,8.4354,9.4332,9.7661,6.2008,6.3404,5.8356,8.0384,8.926,8.278,5.4225,8.7674,10.136,6.4686,12.404,11.87,13.391,7.8793,7.2824,7.8135,4.3299,8.6789,12.743,8.8044,5.8458,4.7591,6.6715,11.545,7.0735,8.5625,5.3215,8.7789,6.3783,6.3537,8.9436,8.5101,7.9766,8.257,11.246,12.58,5.9166,10.36,11.441,12.251,10.775,12.634,8.054,9.9072,7.6625,6.9365,4.2795,5.7775,5.7123e-16
6.721e-16,6.7994,6.4272,8.4043,8.0218,9.7391,10.368,6.8818,5.7765,6.8391,9.3897,10.293,9.2751,4.1642,3.2572,10.491,12.172,8.7773,8.9889,3.6905,5.9763,6.7619,9.9249,10.402,8.5142,8.2844,8.2377,6.9514,11.192,9.3753,8.2895,10.736,7.2036,7.5925,6.9795,6.202,5.8542,10.62,10.787,9.2035,6.0644,8.9664,9.19,7.5574,7.4506,7.0139,7.1907,8.6044,6.363,6.8528,13.866,8.696,6.7335,4.7023,4.1874,12.204,6.1528,10.651,8.233,4.446,9.4279,9.4699,6.6993,8.3653,8.7547,7.3546,7.6691,8.3664,8.2812,6.0466,6.8934,7.2915,8.103,6.4989,6.1757,8.0202,7.0548,7.5612,11.577,6.4677,7.6913,8.1388,4.4901,6.9978,6.2256,5.261,7.4775,6.927,7.2328,6.2283,6.2123,9.013,8.735,8.3307,8.5605,9.3224,5.0615,6.1059,5.3732,8.1337,8.4179,6.1423,4.9719,11.324,9.4814,7.7052,9.355,10.936,14.829,9.5617,9.9892,8.8015,5.864,6.6094,9.0986,12.635,6.6366,4.3613,7.0499,10.259,6.3309,9.1742,7.8551,8.1658,7.4872,6.2192,9.2365,9.8313,6.3799,7.4132,8.1223,8.8911,7.4777,14.18,14.546,10.704,7.6672,7.8268,6.2668,7.9702,8.6041,10.904,8.0533,6.1894,9.5673e-16
6.6637e-16,7.949,9.0375,10.038,8.2498,8.7927,9.8284,8.2224,7.7107,4.8127,5.5068,11.42,7.582,4.2689,4.8944,8.282,9.6911,9.7441,10.675,7.3537,4.8626,5.8536,10.301,12.255,6.5821,7.5993,10.179,5.921,9.5687,12.247,10.023,8.6371,10.227,9.8688,8.1446,3.9515,6.6367,10.756,10.772,12.04,10.738,8.0386,9.5152,7.9519,7.3424,7.4029,5.1486,7.7486,8.7447,9.2238,10.245,8.4525,8.9574,5.8913,5.2453,9.7338,4.2905,7.9342,7.3713,4.6137,8.8951,7.0917,5.4991,8.1715,7.5325,10.178,11.909,10.519,9.0662,4.056,10.296,9.6268,9.9288,5.1859,8.5333,6.9076,6.26,5.8212,11.288,5.8834,6.9636,9.3868,5.1904,8.2553,9.9983,5.361,7.6895,7.726,9.0945,6.7112,6.5091,9.5081,7.5074,7.1053,10.747,9.0136,4.4695,7.7581,7.4628,10.162,7.326,6.5959,5.4048,9.4323,6.2304,6.7221,6.6998,10.521,16.026,9.1995,8.9139,10.123,7.5222,4.612,6.9287,11.275,7.3482,6.9929,9.5535,9.4383,6.8183,8.3666,10.696,10.122,9.3604,7.6134,9.4821,10.355,6.2804,7.9027,4.4808,1.2983,9.1088,13.604,13.589,8.9857,6.4506,5.1318,5.3622,6.5383,7.4383,10.634,9.4227,5.8074,8.5558e-16
1.9403e-15,9.6258,10.516,9.9602,8.4149,7.2566,8.2933,6.9237,8.198,6.6607,3.5871,8.4338,7.2532,6.3184,7.6963,5.4557,8.5624,12.137,8.1725,8.3186,5.2032,4.6576,7.21,10.854,10.324,6.894,10.126,10.028,9.3187,8.6843,10.666,8.5555,9.9891,10.851,6.4655,6.0053,6.5677,9.5326,9.1977,10.434,16.782,6.9933,10.266,8.9051,7.3644,7.3869,4.7393,6.3037,11.102,11.755,5.4711,10.166,10.055,3.7625,6.7675,7.4134,4.0898,5.4431,11.715,5.3716,8.4775,6.1513,6.8215,8.2584,6.8265,10.059,11.895,9.8847,7.4377,6.1898,15.864,5.8914,8.6537,8.509,7.5732,6.2062,6.6393,5.4188,7.8029,7.5461,9.4091,10.128,7.0642,8.1821,11.845,9.3559,8.8881,7.6491,8.0266,8.6552,8.969,11.503,5.1595,6.401,9.2992,7.4308,4.0993,10.399,8.0791,11.457,7.8875,11.283,6.4112,5.5855,6.4397,3.97,6.1759,9.4003,10.573,8.192,5.0335,8.6588,6.1379,5.1701,7.3926,9.0699,7.0975,10.318,8.428,10.244,6.3652,5.7697,13.642,11.824,8.097,8.3731,10.116,10.131,8.3356,7.1027,6.9891,2.367,7.9532,9.5939,9.951,9.1422,7.0987,5.4707,7.5827,8.0266,4.5883,5.7225,7.0536,5.8089,6.2346e-16
1.3353e-15,10.614,8.7288,8.8449,8.6767,7.2997,6.0233,5.5389,7.7084,7.4151,4.2039,8.026,8.6276,8.5795,9.9107,7.0068,9.1698,7.4456,5.9034,7.3293,2.3301,1.9162,4.9034,10.759,12.289,7.5346,6.9286,10.793,11.167,8.7904,10.214,9.7859,8.4519,10.435,5.7802,8.1809,7.3048,7.7015,7.7873,10.831,12.257,5.8998,8.167,8.2553,7.3347,6.8022,7.3462,4.817,11.545,13.099,4.7403,9.3603,8.6742,4.3974,7.7165,6.6156,4.1301,5.2309,10.203,7.829,8.3713,6.2594,9.8115,6.7967,8.8662,6.163,10.058,11.233,9.0973,8.7155,13.401,3.1191,5.7572,8.9889,5.4463,9.4236,8.6253,5.1982,8.3472,11.802,11.25,8.1929,5.4921,7.0286,11.405,8.1981,9.1215,8.0497,6.8647,9.2816,9.5427,10.901,5.0344,7.5078,5.0736,8.5132,5.3613,10.143,9.2574,10.286,6.6748,10.887,8.7075,9.1802,7.1049,7.5955,4.703,8.2966,5.679,4.0894,5.1959,8.4282,9.9708,7.3144,6.0613,9.6294,9.1636,5.6989,7.0125,10.022,6.8794,5.1476,11.358,7.9246,6.4558,9.3963,10.182,9.0919,7.5224,4.9284,7.1981,10.625,7.6979,6.6366,7.5806,8.2827,7.6758,3.5745,6.632,9.5418,4.736,5.5723,7.223,6.3926,8.3161e-16
1.1473e-15,8.1217,6.8368,7.7402,8.2429,8.1211,6.1067,6.6813,7.6362,8.6617,6.9333,9.5547,9.8626,9.8888,10.838,9.3339,9.2541,4.4199,6.0982,7.4439,4.2086,2.4634,4.1426,8.717,10.522,9.2185,7.8993,6.9656,9.5877,9.3297,8.8849,10.136,7.9692,7.8584,6.981,9.1189,7.1144,7.7897,8.592,12.737,7.7363,7.5142,5.4339,7.0294,8.3859,4.6931,6.9912,5.1275,9.4287,10.893,4.9768,7.6907,6.6868,6.7411,7.9749,8.0512,5.5571,7.434,4.7605,8.3498,7.1978,7.924,10.306,6.6071,8.7578,3.5733,8.9115,11.665,9.7066,8.1028,10.06,5.1298,3.5484,9.3252,5.1289,11.079,8.849,5.1289,8.7343,12.356,11.244,6.8844,4.7038,6.9665,10.668,7.0495,9.9656,7.6962,5.9698,9.034,7.3831,11.461,6.1739,5.2912,5.9114,8.9493,6.8691,7.9311,8.231,8.224,6.0314,10.318,9.5879,11.528,8.0161,10.745,6.9619,8.5602,5.3694,3.8745,5.1549,8.478,11.674,7.7714,3.9198,9.1908,9.1281,4.2047,7.6663,8.4964,6.3077,5.8108,8.9405,5.4667,7.4418,8.9201,8.8233,9.2765,7.5151,7.2335,6.9839,13.245,5.988,5.4753,7.0473,7.0413,7.4837,5.3799,8.3359,9.0501,6.6313,8.8656,9.0555,6.8664,1.3088e-15
1.2296e-15,6.2924,6.746,7.0544,7.4091,8.1344,7.9145,9.1115,8.1797,9.6153,9.4584,10.265,10.433,9.9609,9.3716,9.1964,8.4123,6.5327,7.7127,8.535,9.7028,6.4788,4.5694,5.8482,8.7841,10.67,12.816,3.8559,6.4544,8.1607,7.5938,8.9407,8.049,5.6134,8.8888,9.3625,5.9379,7.7815,9.3039,12.394,7.9752,10.451,4.9975,7.2271,10.513,4.2129,4.8411,6.5352,6.0171,7.6316,4.5724,6.9084,7.1736,7.7385,7.0419,9.6301,7.8101,10.378,2.8743,6.2447,6.4703,9.0276,7.8415,6.7814,6.3291,4.0106,8.6585,8.9596,7.6517,7.0226,9.2859,8.673,4.2165,12.943,6.6313,10.181,5.9899,5.7694,7.2375,8.4948,9.1815,8.0272,6.3569,8.0256,9.1954,8.7807,10.89,6.8213,6.4378,9.0495,5.8977,12.766,5.9673,2.828,10.416,7.7178,8.6446,6.6376,5.7016,6.6223,8.2155,11.662,7.2706,9.0604,7.969,9.6851,11.072,9.7326,8.3442,6.8574,3.8114,7.8843,7.8984,6.1656,4.0105,7.2139,6.8793,8.8679,10.157,7.429,4.3011,7.1692,8.8421,6.6621,9.9292,7.88,7.5773,9.9761,9.2682,11.631,8.6847,8.6594,4.74,5.7054,7.0989,7.2511,7.6056,10.318,12.719,7.4328,8.2395,10.549,9.2686,6.5896,1.6439e-15
6.0301e-16,11.356,7.5978,7.3878,7.8826,7.0382,7.9688,9.1008,8.2545,7.3706,9.6073,9.7682,11.723,9.8465,5.8358,7.7419,8.5115,7.0829,8.2542,8.3856,8.8364,8.5768,6.2406,7.2007,10.188,10.248,13.099,6.2104,8.5975,8.8977,6.9908,7.4147,6.9483,7.0011,9.8356,9.76,5.8713,4.3156,6.4921,8.4536,6.2566,10.231,7.1357,9.3454,12.077,8.6027,7.983,6.858,4.0519,8.4412,6.2535,6.6324,11.2,6.8163,4.7541,8.3748,8.6267,11.682,7.5245,4.7648,8.5988,6.6858,6.5149,4.3397,6.2808,4.9734,7.4528,5.2559,7.3584,9.7412,6.1741,8.457,7.7596,17.017,7.9608,10.962,3.3167,7.405,7.1272,6.0945,5.8216,9.6329,7.2423,8.0653,5.6074,9.4331,8.9868,7.5133,8.8672,9.4486,8.6502,10.024,3.8135,7.665,9.5626,7.566,10.795,7.156,5.8023,5.6571,10.987,10.087,3.1356,8.255,5.6623,8.8624,9.5522,9.7494,10.427,5.4358,5.4375,7.8492,4.84,5.4238,6.655,7.4481,7.1774,9.9516,12.03,8.7445,4.8883,9.1945,7.762,6.3826,9.9582,8.8253,8.2644,8.1728,8.7612,9.7394,10.071,6.5699,8.3098,6.5672,6.3903,8.7853,8.8371,10.192,12.397,7.3201,8.7408,8.8541,7.5043,5.9901,8.7679e-16
1.3741e-15,13.374,9.8349,11.07,10.569,7.057,8.5337,7.022,7.5881,7.7909,10.368,10.857,14.055,12.197,6.3688,7.5236,9.6903,6.5355,7.6165,9.4118,7.8968,8.3686,8.9807,6.8688,7.4669,6.8715,8.8716,7.5863,8.7823,11.085,5.358,6.5462,7.1791,7.0878,8.9894,10.414,6.158,4.9403,6.1709,6.7539,6.3379,9.1281,9.1422,10.538,11.628,8.9163,10.919,8.3754,5.4781,10.081,10.727,7.6096,13.939,6.9473,3.8508,6.9282,9.1365,10.269,9.2063,4.2575,8.7498,5.0032,8.606,6.2651,5.5682,7.7938,4.2542,3.4951,9.7588,8.431,3.4153,8.8752,9.1403,12.716,10.164,9.3222,6.1565,9.3898,5.5001,5.6198,4.9762,9.5315,7.9571,7.193,4.8824,9.6788,5.6439,9.2656,7.5052,9.4049,11.051,7.7776,4.2521,9.1852,7.1573,6.6961,7.1381,5.4238,6.175,6.2964,7.6564,6.8783,1.0436,7.8777,6.2747,9.0193,7.6709,8.1569,10.197,5.7823,7.2524,8.9592,4.888,6.8473,5.6796,7.9701,6.8373,8.3692,10.579,11.534,12.942,8.2853,6.362,6.8174,7.5883,7.8361,6.9869,5.1374,6.6325,7.1238,8.4314,4.4465,8.3783,5.6098,4.9174,7.4631,7.8569,7.9922,10.83,8.8436,6.4903,8.9919,9.4111,7.2774,1.1631e-15
7.1198e-16,10.653,11.387,12.329,10.426,8.7973,8.7056,5.9576,7.9033,7.6717,7.9909,9.39,15.219,14.415,8.9982,8.2255,10.011,7.5551,7.5685,8.4957,6.9106,7.9859,10.689,7.3824,4.5407,5.3628,6.0326,7.1507,7.5469,11.707,6.456,6.8075,7.1129,5.4837,7.0945,10.883,8.4173,8.5991,7.5303,6.2945,6.9441,8.0211,9.6416,9.5921,8.8572,7.417,10.188,9.5101,5.9914,9.3065,13.772,8.812,11.631,7.2486,4.4947,9.4033,10.25,7.1015,6.819,6.1,7.5677,6.4688,10.662,8.2949,5.3247,11.142,5.9172,4.9294,10.464,4.9948,3.2594,9.4216,7.7173,5.8364,10.864,7.7639,9.9232,9.6812,4.4927,5.8928,5.6103,7.7401,8.7037,6.2747,7.2877,9.6158,4.6255,8.1035,5.4725,8.45,10.654,7.4762,7.0785,8.4018,6.4206,6.9419,3.3833,6.1609,7.7219,8.6333,3.381,4.8248,5.2892,6.4531,8.3693,10.258,6.7873,7.7005,9.239,6.9995,8.6732,10.043,7.1753,9.0848,4.0299,5.9371,5.3333,7.429,9.333,12.439,16.055,7.7483,7.2931,6.4919,5.5672,5.9879,4.7003,4.3412,6.2787,7.7833,7.1303,2.6616,6.6183,5.9167,4.7263,6.2844,6.7245,7.4793,10.234,8.4767,4.9693,9.8604,12.345,9.4737,1.4026e-15
7.3349e-16,7.6151,10.341,8.8845,7.919,11.31,7.7795,8.1823,9.915,4.4642,3.4629,5.5886,13.097,12.607,8.6535,8.006,8.6115,9.9638,9.939,6.2281,5.3006,9.0855,10.93,11.129,6.263,7.8348,8.0741,6.8118,7.9887,9.9183,10.726,7.6431,6.8918,5.5664,5.9632,10.102,12.283,10.071,6.9418,4.619,6.0963,7.5221,8.46,8.2005,6.3621,9.364,7.4067,8.5757,3.9918,6.6679,12.307,8.9787,6.9702,7.2178,6.5508,13.678,11.129,4.4115,4.803,8.8208,6.8656,9.1891,10.454,6.6126,6.8542,11.716,13.067,6.9728,7.6492,4.2269,4.0957,8.3467,6.4006,5.0363,8.8995,8.2619,9.8245,7.4501,5.262,5.9754,5.9911,5.5606,8.7929,6.2656,9.7449,9.3773,6.6804,5.9404,6.5842,7.4717,8.3552,7.841,9.488,9.1753,7.2185,9.3301,4.9816,11.014,9.8648,10.069,3.8307,5.2845,12.24,5.5833,8.169,10.945,6.0621,8.5174,9.5739,6.7586,8.7956,9.5296,8.001,10.217,5.027,3.3925,5.2649,7.8752,9.7918,10.508,8.9078,9.998,10.129,4.9257,5.9116,6.3721,5.0643,6.8542,7.64,10.372,9.2504,3.6227,6.2703,7.7268,7.4126,8.1865,7.4474,8.4033,10.164,5.2768,5.8227,8.3688,11.232,9.8554,1.2247e-15
1.8894e-16,6.9164,7.7128,8.9278,12.538,13.085,8.3623,11.652,10.959,4.5374,7.5824,9.3107,8.6216,7.4059,5.6018,6.2503,7.6405,9.6705,13.871,11.043,8.3149,10.721,12.162,11.808,7.6486,8.4916,10.994,6.223,8.2747,9.2334,10.193,7.8646,11.185,9.5323,7.1146,7.5915,12.329,8.1639,5.3602,4.6502,6.5425,9.1974,6.4127,8.9557,8.3881,12.025,7.0809,7.9505,5.4406,6.1449,9.1335,8.6143,8.0489,9.4951,10.507,10.769,9.7874,4.2362,5.6145,7.8076,5.2286,8.3684,11.693,8.051,7.0913,7.7033,12.583,4.9981,6.7179,4.4854,2.2744,7.9881,7.9292,7.8399,7.8092,6.3203,9.3171,5.1099,3.1966,5.9661,7.4648,4.4256,7.6227,7.5856,10.234,9.9623,7.4428,11.755,7.0673,8.1994,6.7115,7.9563,10.126,7.5382,7.2861,9.7789,6.0171,10.601,7.6498,6.7122,4.6104,6.6529,10.176,8.4919,6.0958,8.1863,6.8308,6.6932,11.115,8.0517,4.9262,7.3029,4.4966,9.7054,4.773,7.2257,8.5657,6.8862,6.8113,9.4147,8.6024,10.219,9.7764,6.3359,7.6653,8.8172,9.1274,9.1851,5.821,10.091,11.452,7.0058,3.8936,4.9582,11.666,9.4231,6.9108,6.9273,9.405,4.6033,5.1487,6.1489,6.9502,7.3578,7.044e-16
2.6936e-16,6.4939,5.1687,7.7016,10.87,12.611,8.7068,8.8553,8.1862,4.9357,9.0119,10.944,6.2331,6.0837,7.9639,5.9286,7.7956,8.5863,11.944,13.06,12.124,9.9377,10.162,9.1942,7.4538,9.4539,11.109,7.3154,9.504,9.8295,7.7175,8.8964,11.661,12.435,8.7888,8.1912,7.2777,5.4979,8.5309,9.6746,7.707,9.5854,7.869,7.0345,10.068,11.44,8.7429,9.3068,5.5826,6.5083,6.7104,9.4178,9.6783,9.3134,8.9687,7.4728,8.0528,5.9301,7.5532,11.35,6.7591,5.7122,13.66,9.3739,5.8243,4.0937,6.8247,5.3306,7.9208,4.4785,4.5966,9.7515,10.728,6.6256,6.8196,6.3434,7.8167,5.7176,1.0499,6.5891,7.7632,6.1077,6.5966,8.8209,10.828,9.7154,7.5841,11.59,6.1234,8.5451,7.0231,7.7807,9.1937,6.7569,6.0233,6.1057,5.7465,8.5622,6.0211,4.0826,5.0226,5.5202,8.1435,8.9988,5.7456,6.5876,9.2304,10.497,11.234,7.5629,3.6503,6.0561,7.6148,7.8799,7.0141,11.559,9.1166,5.2123,6.1031,8.4066,9.6819,9.1364,7.3768,7.5778,9.5561,9.8689,11.365,10.245,6.5857,7.4426,9.16,7.7102,6.2335,7.7264,13.672,9.6043,5.119,6.0338,8.4579,8.2021,9.025,8.5044,5.5595,6.3649,6.5214e-16
6.2413e-16,6.8432,5.0898,6.3691,5.1839,10.297,9.0683,5.0781,4.8475,6.0313,7.7407,8.2661,6.3517,8.5799,11.828,6.2065,7.7137,7.8375,6.4844,10.08,10.663,6.7181,6.2937,7.1764,5.9066,9.1262,8.4478,8.8099,9.16,9.0735,6.2098,10.088,8.8566,11.309,8.9336,9.4497,4.5929,5.0261,12.341,14.791,9.456,10.423,11.162,3.9423,9.3895,8.0753,9.6553,9.5069,4.5373,6.8856,5.685,9.6854,8.4253,6.0042,5.6234,6.1629,6.5371,8.7761,9.8268,15.339,9.1864,7.1779,13.75,9.7873,3.6959,2.8682,3.0046,7.6616,8.4964,4.7338,11.302,11.1,11.419,6.4722,6.487,7.6772,5.1742,6.2835,3.2198,7.2878,7.8728,8.9221,6.144,9.1154,9.8947,9.1751,7.0866,4.7699,7.8542,7.7887,7.0817,8.7313,7.3913,6.3972,4.1847,2.6901,5.1813,7.8334,6.0607,4.3503,6.8041,4.3972,8.5617,6.7297,8.3448,7.4746,9.7169,13.932,8.5528,5.9972,5.6207,7.5051,13.718,7.4793,9.1965,12.393,5.2379,5.6625,9.5162,7.1655,8.7618,8.3214,5.8116,8.2231,11.019,9.028,10.811,10.422,9.3126,5.7912,5.3479,5.6516,9.9386,12.435,11.522,8.6595,5.3308,7.6408,8.4783,11.877,12.43,11.256,7.7549,7.1962,5.7882e-16
2.0342e-15,9.1761,8.2345,9.7503,7.6447,8.3493,10.775,9.1791,5.6979,8.9306,10.992,8.0647,6.9532,9.0987,8.3,4.7376,6.3546,6.7057,5.3377,8.3495,5.2921,4.818,5.6619,8.0145,5.3004,5.643,6.4811,8.0745,5.0816,5.3933,4.857,9.1157,9.4445,8.2429,7.8731,6.7252,9.914,6.4557,9.3152,13.465,11.28,13.665,10.427,5.2317,8.2593,5.8501,8.7608,5.8457,5.6777,7.7311,5.8084,6.9851,6.827,3.8679,8.3487,4.4872,4.988,11.348,11.282,9.444,7.4866,13.597,11.442,11.14,2.1406,3.3799,4.9385,6.3428,7.6566,6.2939,14.789,8.5669,8.4314,13.755,7.3556,6.0249,3.4086,4.5835,9.4561,6.8648,9.6103,9.3992,6.0463,8.6447,4.8955,9.749,5.8091,3.8721,13.047,7.4224,4.7952,10.938,6.0034,4.014,4.3281,4.2374,4.9921,7.3487,5.5769,5.4573,10.39,6.9002,6.658,6.4292,11.638,8.6769,6.2208,6.769,4.7425,7.1034,6.2433,10.309,11.215,9.5784,7.6067,10.415,1.9545,8.8666,11.272,6.8754,9.0528,8.7046,6.9887,10.204,11.997,8.6535,10.219,10.093,8.327,6.8831,5.5217,4.929,7.1068,8.9462,7.4528,6.6406,9.0595,9.8541,9.3489,10.687,7.5666,7.3483,8.884,7.5447,1.3177e-15
1.9937e-15,8.6391,10.367,10.468,6.8649,8.7175,10.638,9.3052,6.5019,4.9416,6.5691,9.3236,10.033,8.3774,6.4384,5.2783,6.3788,6.0259,5.2968,5.9837,10.455,8.26,6.0224,6.7075,11.001,8.3132,8.7202,7.6393,4.872,3.2585,2.2056,6.335,7.9574,7.8623,9.5058,7.8283,10.431,4.5024,7.1348,11.958,9.2782,9.393,5.8419,7.7702,6.2506,6.6561,9.7655,5.4779,3.6931,8.5862,7.8312,4.9137,8.082,4.7619,7.5812,7.6422,5.7369,9.7993,7.0501,3.321,6.8596,11.211,11.367,9.8572,4.2188,8.1531,8.661,4.4919,10.602,7.9221,10.879,4.525,5.6889,10.965,5.1181,5.1583,5.3881,10.958,11.098,5.9451,8.2303,7.5863,7.4663,7.6518,1.8713,8.9527,7.4844,8.4019,9.0303,8.4493,4.4124,9.7137,7.1925,4.7776,10.104,4.6058,5.2024,7.1641,8.5122,8.0735,11.304,6.7058,7.7399,6.5357,12.265,11.037,6.1202,5.4321,4.2291,8.9225,7.0807,10.346,8.7662,7.7286,12.286,5.662,4.7267,9.1314,5.356,7.9993,9.0468,11.173,10.292,10.588,12.022,9.2324,7.8746,8.5861,6.9105,7.0523,5.4313,5.9535,6.6057,9.8478,7.3443,5.8752,9.9389,9.316,8.3329,7.856,8.368,4.7578,6.8776,10.085,7.9237e-16
9.6345e-16,6.4201,9.4464,8.6506,7.0323,9.1935,7.8966,6.479,6.4671,4.0351,3.9189,8.7238,10.93,11.264,8.8205,5.7081,7.2697,7.5831,8.9012,5.1472,12.834,9.8735,6.8316,6.5424,13.493,10.891,10.7,8.9699,6.7475,5.8209,3.3472,6.023,6.8353,8.0998,12.136,8.8238,8.054,4.7106,6.7006,9.95,7.3781,5.5663,4.9209,9.304,6.2433,7.8686,10.311,8.4193,5.0737,11.216,11.268,5.1063,7.8648,5.7899,6.3402,9.9168,6.8518,7.7444,6.2942,3.2923,6.9237,7.2086,12.529,8.3244,7.9514,9.0975,9.2939,5.4934,10.858,6.6751,5.8835,4.8099,7.4645,5.8372,4.9925,6.4891,11.307,15.027,9.5395,7.1698,7.2645,5.0345,7.86,5.9836,7.4775,8.643,8.0809,9.845,5.3596,9.1188,5.465,7.7237,9.7336,7.6975,12.386,5.3743,4.6436,7.4688,10.287,8.7356,8.85,6.8837,9.0877,6.305,10.289,10.664,7.3268,8.5605,7.7979,10.093,8.5881,9.8253,6.949,5.5605,13.005,4.0146,10.686,7.6565,4.7988,9.2093,7.596,10.572,8.8034,9.9102,9.9976,7.5141,6.0818,7.6211,9.0237,10.455,7.2983,8.6577,8.2027,10.981,10.043,8.7648,9.8626,8.9705,8.345,5.9779,9.2196,6.5928,7.186,10.258,3.6514e-16
2.9993e-16,6.0752,7.9219,7.9746,10.134,8.6619,5.2985,5.6014,6.6007,10.123,8.5562,7.0417,8.7005,14.959,10.787,5.296,8.0311,10.042,14.197,6.3262,7.0151,7.5622,7.3597,8.2225,9.2039,8.699,9.6261,11.636,8.1157,8.8662,8.7739,8.3322,8.0343,8.2975,12.786,6.5045,7.5707,8.6653,6.3713,6.529,7.6565,8.1727,8.3956,10.222,8.7503,7.8585,8.1159,9.056,10.604,13.01,12.875,7.7011,5.5496,5.6582,8.143,8.3054,8.2449,8.5522,12.565,7.7464,6.6894,9.3228,11.866,7.9519,10.732,6.2135,7.13,7.0287,5.8015,4.1636,4.5869,8.726,11.746,6.452,7.6207,8.4292,14.944,11.044,9.1542,9.4725,9.3887,3.598,6.607,5.9664,15.034,9.3038,5.8271,7.5116,8.4205,7.6192,6.8213,7.798,10.398,9.6604,8.7941,7.9594,3.9148,7.2283,8.4387,7.197,6.3149,8.8649,8.3971,6.6618,7.8279,7.1639,6.7987,9.8012,11.374,9.8553,9.8555,10.139,6.1904,7.7499,6.753,6.6478,12.218,7.1077,12.3,8.7494,7.0764,6.3777,3.1546,9.6962,7.6203,4.549,6.2562,8.1415,11.925,14.825,10.24,10.267,8.7174,8.0746,10.847,12.893,11.251,10.777,10.431,5.8464,6.7381,10.522,9.9638,6.8122,8.2955e-16
8.1661e-16,8.288,10.08,9.5957,7.2635,9.2344,6.44,6.2616,7.2156,10.221,8.5302,8.7085,9.5578,9.8804,7.2237,7.5472,9.0695,9.1942,12.242,5.9134,10.306,9.2701,6.0354,5.9263,8.8726,8.3654,9.1444,13.522,11.057,4.7666,10.281,7.7706,7.6221,11.507,11.246,6.5627,7.371,7.9031,6.687,5.045,6.2993,9.4351,7.4185,11.608,9.5426,8.1555,5.7055,3.9519,9.4602,7.6951,9.2905,11.456,7.7135,6.6395,9.5116,9.6284,12.432,9.5602,14.974,9.9151,7.9615,11.458,8.7086,6.3487,12.115,10.891,7.1438,3.7779,4.0118,5.9188,4.2378,8.5116,11.162,4.9688,4.7163,8.5118,8.6403,10.733,9.7124,8.0993,10.998,4.5135,6.9247,10.375,8.8036,7.618,5.9039,10.777,8.3553,5.0623,9.2534,8.0807,7.5242,9.527,10.238,8.6652,5.326,4.8869,8.1543,8.0684,6.9915,7.2779,9.0966,8.4778,6.8704,6.4883,7.026,10.363,9.5651,7.9432,9.7883,8.612,10.617,11.865,8.6404,6.801,5.4357,7.0715,10.529,6.7656,10.937,5.5304,3.9345,9.5067,8.6659,6.8745,6.4568,8.5782,8.1985,9.8819,7.5542,7.016,8.7721,8.0297,8.0705,11.885,11.627,11.887,10.796,6.9251,10.69,12.683,7.6323,6.3071,4.1665e-16
9.8525e-16,8.3719,11.629,10.523,7.1843,9.4721,7.9462,8.014,8.7387,8.4797,7.2379,8.7996,9.918,7.2253,5.0424,8.0587,9.2182,7.6421,9.204,6.5889,12.074,7.698,6.0276,5.4533,9.0759,8.3821,8.9457,11.38,12.403,4.7141,7.1228,7.0988,6.3516,10.461,9.1056,10.2,10.191,5.2073,6.732,6.4221,7.0498,8.6764,7.1692,9.6439,7.8774,6.9258,6.2456,4.5034,8.5082,3.3959,7.2556,10.691,10.415,5.7885,15.159,13.588,11.2,6.428,12.993,8.1665,8.3376,10.228,6.0205,8.1658,10.172,9.4921,6.4712,4.9528,5.41,6.0052,5.6839,9.0652,8.8577,3.4681,2.9448,7.3043,4.9388,11.883,6.8827,7.4973,12.084,7.2323,7.0389,10.495,4.7559,5.4222,7.368,12.716,9.8796,6.8235,9.9848,8.2613,6.6815,6.4316,11.39,8.6528,5.9783,3.021,9.0871,6.8675,5.4618,6.3816,10.237,8.5772,7.2155,7.584,8.9492,10.992,6.9086,6.6649,8.3806,8.0121,11.351,11.457,10.148,6.5646,3.7958,7.5309,6.4038,8.2567,11.767,4.8615,6.1709,7.2106,9.1289,11.104,8.0904,8.1387,4.9318,8.7607,6.1107,5.4432,9.2429,9.8443,10.146,8.4901,10.876,12.324,11.692,8.0632,12.403,13.143,7.6299,7.8962,3.5799e-16
8.7863e-16,7.6994,10.649,10.959,11.325,8.5204,7.4608,8.6542,9.6206,8.6434,7.9631,8.7893,9.7678,10.232,6.5296,6.0642,7.5274,6.9016,8.1924,8.6023,9.0359,5.4539,6.7584,6.6059,8.5623,7.2333,7.7554,6.835,10.498,10.672,5.7146,6.5192,6.2824,6.5757,7.1189,11.132,12.149,6.7423,7.1137,7.7706,7.9124,8.8295,8.6828,7.4491,6.3493,4.9364,7.1354,7.363,9.1027,4.7835,9.0006,7.8092,10.74,4.8623,16.035,13.041,6.1582,4.0626,8.7863,5.9572,6.0431,8.4546,5.0284,9.1443,7.3646,5.3083,4.9873,9.4813,7.0609,5.46,6.8656,9.7404,6.0027,4.8404,4.1979,6.1816,7.3562,9.8663,4.2823,9.1889,11.693,8.415,6.4305,8.7841,7.1463,7.2715,7.4891,11.974,10.23,8.3,7.8316,8.6842,7.6153,2.8847,9.1616,8.6211,5.1003,2.9822,8.9818,5.4166,3.9578,6.2723,10.531,7.2568,7.6621,7.2658,9.6658,11.075,7.9954,7.748,5.7553,8.9185,7.3106,8.1776,10.2,8.5075,10.135,8.8198,5.5224,10.024,9.6798,5.7163,6.4151,5.6996,7.6909,12.23,8.8904,6.0814,3.4238,10.129,7.7682,7.5051,9.8556,8.3646,12.526,6.9767,9.8528,10.702,11.784,8.7823,9.309,10.877,9.3494,8.4294,7.478e-16
7.8469e-16,9.3329,9.1526,12.21,13.734,7.0528,5.8276,7.6333,9.0096,9.6318,9.5567,11.428,10.413,12.17,8.2177,4.8558,5.1011,6.6844,7.6083,9.5517,7.2722,8.1502,6.237,6.077,8.6114,6.3,6.0428,4.1455,6.788,13.993,9.2283,5.6102,7.7787,6.132,5.4931,6.4627,9.1162,12.174,8.1492,7.3741,5.8079,11.222,8.9622,8.9784,7.6866,4.4736,5.1129,4.6696,8.9031,8.5206,11.252,7.8916,8.8178,7.1351,8.3087,6.6098,4.1915,7.4999,5.1266,6.5122,3.851,8.8176,5.6487,4.834,7.013,8.4144,4.794,9.7123,8.4006,7.8828,6.2983,7.4424,2.7663,7.8946,5.5369,6.0919,8.9912,6.6457,5.6942,11.34,9.8129,6.8677,6.1949,10.799,8.3196,12.899,6.6693,11.531,5.5893,4.6016,5.7013,9.046,7.0844,3.1276,6.7968,7.9527,5.0541,5.4506,8.1412,6.9134,6.5686,5.9848,9.0856,6.8008,8.4293,4.7588,7.1236,10.212,12.288,10.039,3.3812,8.974,4.8766,7.2573,12.322,11.779,17.189,10.286,6.6898,6.9096,9.5904,9.432,5.3914,7.0763,5.9304,9.0534,6.5908,4.0059,2.3399,7.1292,9.5574,9.411,9.6196,4.0697,8.3381,7.8026,9.2347,7.2382,8.6636,8.9196,6.7273,6.4317,7.756,6.9428,1.2294e-15
1.0573e-15,9.7114,9.8118,11.748,12.46,6.694,5.9965,9.3774,9.8757,8.8468,8.9714,10.139,7.7949,8.2317,7.4901,6.6088,5.5984,7.2589,7.2451,8.3681,8.5009,7.9164,6.6015,7.1009,7.1057,8.1697,6.9106,4.7239,4.3725,8.8331,8.6172,8.446,8.2762,7.6749,5.0138,7.1388,7.7513,10.409,7.4152,9.4265,6.3555,12.09,8.8464,8.5385,10.748,5.5087,4.1835,5.9516,11.801,7.5562,10.825,7.7122,5.4735,9.6531,16.36,8.6742,3.9083,8.5539,5.3078,7.2294,8.3464,7.2328,8.6684,4.8766,7.152,8.6919,5.5341,6.9463,12.751,7.8093,8.2067,6.8974,3.5551,7.7378,7.136,6.8913,5.4588,11.888,3.9029,12.96,10.48,7.9635,6.7087,8.9847,7.423,12.377,10.044,8.7511,5.8374,5.2943,8.8401,8.3198,7.0313,8.2437,8.8005,6.4483,7.9828,11.398,11.077,5.5185,7.0256,10.664,5.4465,6.9893,11.661,4.0251,5.5458,9.7882,13.391,9.421,4.7629,6.5171,7.1626,7.4038,9.8855,12.146,20.15,9.56,7.1569,3.9656,10.33,8.1906,4.0693,5.3625,4.6385,6.2871,5.4063,7.0777,7.6486,10.312,11.375,7.9538,8.136,8.3718,7.6879,6.4585,8.9989,7.4196,5.9229,8.2756,7.7671,5.4718,6.6405,6.8211,7.1422e-16
5.2868e-16,12.851,12.814,9.3336,9.8572,10.101,9.7882,10.37,10.68,7.4623,6.6759,8.6527,6.8935,5.322,7.0453,9.2671,8.3285,7.97,8.3987,6.995,9.6574,8.2246,6.262,6.6197,6.196,7.5962,8.9695,7.5597,4.9071,7.9757,9.1065,9.4633,8.716,8.156,5.1271,7.6756,9.9093,9.8303,7.6349,10.006,8.7359,11.432,9.1499,8.1034,11.175,7.6885,6.0571,9.727,9.9227,5.5454,7.8625,5.944,3.6213,9.6116,20.175,11.355,5.3279,6.7639,5.9945,7.4239,8.3863,9.6173,11.842,5.9716,7.8594,8.5639,9.0074,8.0427,13.005,6.0305,7.2037,7.6622,6.3816,9.49,6.7396,7.2326,5.5095,12.577,6.2956,10.331,11.938,8.0329,7.992,9.4608,7.4272,10.27,11.104,5.4208,9.5327,8.0749,8.8598,10.913,6.7865,9.4166,9.7571,6.19,7.8963,10.373,12.243,4.9201,5.3518,12.501,5.2036,9.5556,9.1047,5.3664,5.3122,8.8865,10.26,8.5037,7.3071,6.9059,8.3717,7.0842,6.1907,9.7988,15.749,8.1429,6.2499,4.8809,10.055,6.5156,5.6963,6.2285,7.5636,6.2957,5.9379,10.69,12.689,12.35,10.718,8.0451,6.9058,10.002,7.6834,7.86,9.6616,7.7243,8.2007,9.9966,6.4164,5.0515,6.447,7.8658,4.5195e-16
-8.1402e-16,15.146,14.57,6.9537,8.0869,13.546,12.245,8.5628,9.7128,7.9395,5.6414,8.2724,8.0136,6.176,6.9698,9.0409,10.499,8.6037,9.6594,6.9029,8.658,10.915,6.4626,5.2991,7.1169,5.5125,10.487,9.8497,6.6452,13.094,11.743,7.4133,7.9666,7.2618,4.9905,5.738,11.684,12.855,8.8145,7.2782,9.4415,10.074,8.875,8.564,8.8532,8.4202,7.9862,11.083,4.4241,6.0635,5.8673,5.5168,4.384,7.8454,10.41,9.4583,7.8794,6.8093,6.4188,6.3218,4.704,13.96,11.824,6.7171,8.8555,11.414,11.218,10.992,9.3272,6.5241,5.7356,7.6555,8.7212,12.492,5.2377,6.2822,8.959,5.1078,11.233,6.1186,12.117,6.7269,8.9113,12.041,7.509,9.3611,8.2376,5.2462,9.8968,7.9211,5.3484,15.232,5.839,5.8732,8.0506,6.5143,5.0072,3.9254,9.7899,7.4871,4.6648,8.7482,7.7324,11.623,1.9864,6.7333,6.6532,7.3028,6.9065,8.4327,8.947,10.417,8.1444,7.604,5.055,6.9164,8.8228,7.5112,5.5493,8.3138,9.8152,6.9037,8.1677,10.048,11.872,7.577,6.3208,10.639,11.521,9.0632,8.1742,10.158,6.5098,6.3503,5.7643,11.228,10.026,6.9834,11.823,11.24,3.1983,4.2807,5.748,8.8279,2.5044e-16
-2.1466e-16,8.5211,11.168,7.0338,7.4118,10.373,7.1924,6.8612,7.8602,10.623,7.8931,5.4243,5.4516,5.7192,4.7785,5.3215,10.408,9.5107,8.4381,7.6506,6.8053,11.404,10.144,8.2396,8.134,8.5857,10.871,9.4543,6.8703,11.689,9.6446,8.0724,4.5094,7.4197,4.9379,8.15,9.085,10.619,7.8632,5.8754,7.3045,7.7647,6.8549,7.0539,7.9408,5.0644,6.6542,8.9225,6.142,7.0714,7.8397,9.4091,6.29,7.4077,6.0607,8.7374,10.064,11.38,9.4123,3.8135,10.564,11.26,7.7578,10.81,8.6364,14.356,6.9411,7.3142,10.057,10.434,12.13,7.2156,9.7721,9.1145,6.4462,4.9963,5.59,3.4282,7.7882,7.0043,10.898,8.4425,8.378,8.2286,4.0505,6.0814,8.8418,8.6343,5.6352,5.5089,7.7129,13.344,6.0837,6.144,8.5447,4.3341,6.3522,5.5953,8.6969,9.212,6.6532,6.66,6.3644,7.8332,2.295,6.4998,9.9298,6.332,7.974,6.8879,10.136,10.723,11.392,10.339,5.1585,5.2015,8.3623,7.2729,6.9974,10.564,11.45,5.5499,6.5994,9.2382,9.9561,7.3292,5.2912,8.5741,6.854,7.0922,7.6163,9.167,7.0414,9.5224,5.1925,8.9109,8.2438,8.4268,8.3655,6.3023,6.0206,6.745,4.3886,9.3779,9.3583e-17
-5.0348e-16,9.0761,7.4606,9.203,8.2021,8.6245,6.1981,6.0103,7.352,10.716,9.0951,6.0867,5.239,5.9053,6.3525,6.9463,10.279,9.7477,9.5429,8.7175,6.4186,9.9569,9.8075,10.62,8.398,8.4449,7.9737,9.6923,9.0483,12.326,8.8278,9.109,7.5805,8.8177,7.6956,12.439,9.0791,9.9385,9.1482,9.6104,6.8695,4.645,6.9235,5.7555,6.9514,2.7667,7.8684,6.9945,6.2222,5.753,8.3906,10.268,8.8424,6.797,6.7088,5.1476,12.846,12.512,10.307,5.428,10.556,13.599,5.8594,10.299,7.2877,13.586,10.204,5.8338,8.0736,9.9623,11.194,10.491,6.6132,5.6858,8.0363,6.1471,4.03,7.6737,10.182,5.8037,6.7483,6.9512,8.8747,7.7405,2.3192,5.5884,12.722,7.2126,10.859,8.3198,7.896,7.4205,10.668,5.568,8.3194,2.3317,6.8543,7.3257,7.0522,7.0118,8.6527,6.7048,6.1696,4.7139,6.162,6.622,10.098,5.7234,10.635,6.1318,8.4027,9.0454,8.7772,8.6165,4.0233,4.8613,9.1228,7.2034,8.7979,14.002,9.6807,5.6694,8.9979,8.4082,7.1664,7.786,5.6701,7.8929,5.7726,6.5585,8.0892,9.5914,12.101,11.988,4.4417,6.5347,7.33,7.1844,4.6903,5.972,9.6646,9.178,5.8358,9.6982,7.891e-17
-1.6401e-15,11.991,5.7642,10.71,9.7497,9.6717,8.8706,6.7721,7.8632,9.1703,7.9113,7.7561,8.0443,7.7085,10.345,10.504,8.8963,8.2558,10.404,10.977,9.1414,8.1676,7.0545,8.0223,8.1724,7.5828,7.456,11.822,9.1067,11.931,10.917,10.805,11.094,9.56,11.983,13.797,11.307,8.6803,9.4138,12.898,7.8683,4.2651,9.4148,6.1926,6.0338,4.1403,11.224,5.8667,5.4585,3.9224,8.7922,8.4008,9.3251,6.619,8.4093,4.4239,12.884,8.5793,7.558,7.745,6.1548,15.404,8.9384,6.5608,6.9138,8.5179,15.879,6.0115,7.7175,6.5171,5.6233,12.729,4.2412,4.9218,9.3716,6.9393,6.6914,9.3979,12.746,3.94,4.1634,6.4316,8.3102,9.9777,3.5905,4.9106,14.142,6.3984,13.454,11.451,6.8123,3.676,11.103,3.7057,6.9299,5.6375,8.5248,9.104,7.4158,6.2313,10.61,8.3989,7.3777,4.6307,9.3067,8.5946,8.3476,5.2179,10.815,6.4726,5.2556,6.0346,5.4249,9.4711,5.4419,6.9828,8.5997,7.325,8.9505,12.618,7.9497,8.1567,11.064,7.5478,5.6765,7.7775,7.3065,7.3812,7.652,8.2434,9.0331,10.186,14.079,11.037,4.7438,5.6833,7.5379,6.7226,5.0535,7.5576,10.252,8.798,6.2129,8.4368,3.3769e-16
-6.3107e-17,7.7805,6.0946,9.3733,9.4769,9.5972,9.3359,8.2833,7.9055,9.0622,7.4058,7.2431,10.143,9.5816,12.577,10.497,6.9201,5.9225,7.7157,12.683,12.149,6.7023,6.3102,3.2548,7.3076,9.7151,11.166,12.499,10.037,9.0863,12.647,12.929,8.9457,8.469,13.156,11.071,11.857,6.1096,6.7394,11.859,8.132,7.476,11.7,6.973,5.9329,7.3508,12.817,5.8097,8.3521,4.452,10.647,7.9475,7.1423,7.7682,9.0965,9.0838,9.3085,4.0559,4.8994,7.3806,6.0869,9.0823,13.405,5.0717,9.2992,3.0863,14.292,5.1722,12.34,5.1742,5.6863,9.2683,5.6425,5.7933,10.526,4.4305,9.6615,5.9812,7.7267,5.4518,5.6433,8.9037,4.983,9.4979,5.6024,2.9041,9.997,10.699,4.6199,9.7841,7.0126,4.541,4.0885,4.2915,5.8633,11.821,12.877,12.503,9.7864,9.4777,11.703,9.9986,8.2215,6.3403,10.077,11.515,8.4623,5.8,8.0053,7.0095,4.531,2.3785,8.3774,16.404,10.576,9.2586,7.8237,8.1043,7.0025,5.4141,9.8396,11.219,7.6391,5.7029,4.7054,6.4138,8.4743,6.1682,8.3018,10.669,9.9071,8.7672,9.3947,9.6061,7.4111,5.7574,7.3614,9.0702,7.0453,5.2892,8.4236,6.9469,4.0745,6.4739,1.8669e-16
8.7101e-16,5.7018,8.6476,6.6413,4.9486,7.0673,9.2587,7.5901,7.2192,9.5598,11.315,9.6836,9.6171,9.2022,13.307,11.822,10.506,5.9713,5.9184,8.6473,8.6585,5.1232,5.6546,5.6476,5.2334,7.834,8.9581,6.9815,26.794,17.214,11.128,10.884,10.813,7.22,8.4071,9.3883,11.782,12.496,8.9403,13.124,8.5731,8.1938,11.752,5.637,5.7209,8.5111,11.843,9.4314,10.897,6.4259,8.7098,8.5293,6.6892,8.8345,8.7584,6.8122,9.0795,3.6532,7.7747,10.127,7.0199,5.5485,12.259,5.4806,12.876,3.7468,12.382,9.0237,10.583,5.3771,9.0389,5.7811,3.8563,7.4825,9.6785,1.9859,10.032,7.2674,7.919,6.9184,5.068,3.7418,3.475,7.7631,6.9942,8.6051,5.9158,9.4057,7.084,10.597,3.4924,4.8274,4.5487,9.0837,5.1146,8.1539,11.896,10.266,6.1713,8.411,8.281,8.6595,10.886,9.3078,8.9195,12.275,10.037,8.6538,6.7273,7.7598,7.8035,0.9721,10.147,14.41,11.028,5.5085,7.7373,10.066,5.1724,6.9346,9.6299,12.733,6.8037,6.5525,4.4322,6.798,8.7256,7.765,7.2982,8.1555,9.1068,9.084,10.734,9.4151,9.5902,8.5164,6.9434,6.1153,5.2438,5.4512,7.5919,8.2854,8.0732,8.9986,6.1945e-16
1.4137e-15,6.4981,10.454,7.3622,4.5648,6.0299,9.6065,8.2677,6.4622,9.0445,12.109,10.029,8.6138,8.4158,10.371,11.701,13.454,7.2182,5.6255,7.0132,6.4331,6.7444,8.6461,8.1111,7.6305,7.8818,8.4772,6.036,24.358,20.324,8.5712,7.0184,9.1814,6.9037,8.7496,11.865,14.828,13.22,10.335,11.11,9.2742,7.3991,11.423,9.8652,6.6093,9.2229,8.989,10.807,10.482,6.6966,6.8033,7.7711,5.5581,11.202,6.2664,4.6821,10.287,6.8698,10.052,11.768,8.4812,4.3692,10.519,7.3759,11.405,8.2326,12.51,11.971,7.4344,6.9901,9.7314,5.8173,5.4845,6.5553,6.1016,3.3041,8.71,4.9505,8.4268,8.2083,5.2897,5.3217,6.9982,5.0309,9.3016,11.03,7.1421,9.0866,11.23,9.7589,8.8088,4.1832,8.1402,12.453,3.4633,3.0593,7.6807,7.05,3.8487,8.4485,8.3903,10.093,14.085,11.19,10.549,10.941,9.4587,7.0633,7.3958,7.6937,10.252,3.1069,9.9174,11.162,8.9528,6.1445,9.643,11.111,8.5967,12.465,9.8209,11.177,7.8213,5.3718,3.0103,5.1461,6.9022,7.7008,7.3233,5.6337,7.5935,9.6511,11.576,7.0679,8.005,8.6263,9.0774,6.7479,5.0044,8.294,8.7055,9.0135,11.734,14.149,6.6549e-16
1.7411e-15,6.6206,10.713,10.725,7.5126,6.9211,9.5841,9.4719,6.2436,7.3321,8.4685,7.3864,9.5027,8.2972,5.7762,9.4003,12.652,8.4155,6.5711,11.161,8.4468,9.3258,10.643,7.223,11.601,10.901,10.036,8.7665,5.8731,11.978,7.023,6.3745,4.6131,8.1069,13.262,13.874,15.399,9.3734,9.7243,8.4614,10.991,8.3341,11.493,15.02,8.2235,8.4026,6.6613,10.596,8.3759,5.9605,6.089,6.455,5.491,12.868,4.3133,5.2915,11.619,9.2621,8.0819,9.2537,8.9858,3.8909,10.426,9.2898,9.1534,10.436,12.184,10.954,8.2071,9.1065,6.6099,7.3997,9.9212,5.3225,3.9082,7.2451,9.8076,1.5246,6.529,8.9575,6.4183,12.55,9.8493,4.5396,10.729,8.6597,8.7833,10.819,11.523,7.6148,16.333,4.0699,8.1363,12.654,3.4651,2.9909,5.1177,6.1916,5.4768,10.504,9.8706,11.265,14.024,11.218,12.04,7.6932,5.8053,3.3509,7.5509,7.8735,9.8414,6.8965,10.706,10.681,6.9312,9.0963,9.9359,9.1107,12.116,12.157,9.2988,8.4085,7.153,3.8573,4.0663,3.4848,6.1516,6.2869,8.4079,7.3217,7.6334,8.9234,9.3461,5.2858,5.8573,6.8741,11.054,10.301,8.4076,11.641,11.012,7.8847,10.923,16.572,5.9041e-16
1.072e-15,4.6054,10.618,11.253,6.4266,6.7259,8.1518,7.4262,6.5565,5.7667,6.517,6.3583,11.474,8.8784,4.8387,7.962,11.093,9.4207,8.6913,14.653,9.0003,7.4808,5.1235,6.8531,9.2371,10.923,6.8935,5.3698,6.8806,4.3877,6.7132,10.506,5.976,9.4066,11.045,9.9348,7.1136,13.564,11.174,12.593,12.767,10.42,10.5,10.52,8.9314,5.0203,6.6935,13.682,7.8612,6.932,5.0074,7.5729,9.6141,10.763,6.0572,4.3089,12.508,6.8585,5.9553,5.7709,7.0867,4.5166,9.4351,10.279,13.789,6.8166,9.098,8.8475,10.609,9.7485,4.5471,6.7336,9.0802,8.1079,6.6582,9.212,14.264,6.8075,6.9714,9.6121,5.4687,9.9028,5.0738,8.1232,9.2603,9.7257,4.1218,8.8623,13.184,8.1356,9.0853,5.6367,5.2253,11.947,7.4869,6.0351,6.4021,6.0176,6.3383,9.1533,5.0326,6.0081,10.006,9.5614,7.5843,3.8155,2.1097,5.5939,6.2201,9.4529,8.678,8.8283,12.542,8.8772,5.8576,4.8582,5.5518,5.2454,7.8405,4.8726,5.3211,7.7234,4.5904,7.5269,10.496,6.8378,10.025,8.4677,8.6971,11.036,10.073,7.6989,8.6143,8.5246,7.9065,8.0239,7.911,7.5174,10.955,13.162,12.567,8.0568,8.7711,13.304,4.1883e-16
1.0458e-15,5.674,8.7745,8.5783,8.2063,6.3996,6.7979,7.1922,6.6086,5.5693,6.3028,6.0607,9.1427,12.291,7.8966,7.6444,9.0613,9.4129,10.776,10.719,5.5932,5.0548,5.3017,6.3552,6.441,8.2102,7.4209,4.8188,8.4737,6.1265,7.679,12.038,7.6639,5.8427,7.0245,8.7136,5.5983,9.2251,9.5663,12.506,8.0328,5.8624,7.4173,8.7605,9.5444,8.1533,6.3912,12.573,9.3279,6.8941,8.8616,10.265,9.1861,9.7192,5.8341,7.3448,6.3582,2.9846,9.9725,7.3661,7.038,4.4897,9.7702,12.872,12.95,2.7543,7.84,7.3766,8,7.6051,8.9111,6.3202,6.6,8.4836,6.2896,7.989,11.33,7.3217,10.963,15.218,6.4251,5.6419,2.773,6.2047,11.917,7.086,4.8951,8.8538,10.094,4.0951,5.6445,8.8975,6.4221,7.8787,8.0271,11.53,8.8079,6.1272,7.5814,6.4571,6.2735,7.9732,11.149,4.3731,6.175,5.1576,2.2463,7.5652,8.6582,8.1925,7.4234,8.1135,6.94,10.033,9.8115,8.324,6.4726,6.1696,7.6241,5.5324,6.8133,8.106,6.1438,8.6519,9.2521,7.8185,11.985,11.686,10.11,10.037,11.17,7.883,5.6272,7.217,7.3648,6.4221,4.9234,5.8258,9.4308,10.818,10.85,9.7282,7.4706,9.891,7.7162e-16
9.7344e-16,7.4731,7.6844,5.7875,8.0526,5.2001,6.3886,8.798,6.0667,6.2495,6.5047,6.6536,7.0758,13.682,10.112,8.2295,8.1885,9.7188,12.291,8.304,5.1964,5.8061,9.3387,7.5377,6.1027,4.4469,7.2037,6.9497,6.3071,7.5376,8.6877,11.622,8.204,4.0757,5.6465,8.2793,9.9828,7.2174,7.741,10.928,5.3714,5.0643,4.676,6.7714,8.415,9.9241,6.6726,7.8513,10.634,8.9336,12.163,11.006,8.5857,9.4145,6.1304,9.0746,3.7745,4.8005,9.9229,8.5394,7.9184,8.4713,10.619,9.806,9.1491,3.4377,7.4029,8.8552,5.2586,7.3858,13.532,6.1007,10.378,8.434,5.3485,6.5027,6.482,5.7562,13.686,15.825,9.7604,5.3579,5.9564,4.197,13.338,4.4818,8.29,8.3482,8.134,2.957,6.1136,9.3236,7.6676,5.1286,8.9235,12.303,8.0104,6.9907,7.8041,3.675,9.7256,14.187,12.621,3.9355,10.516,8.0673,6.4027,7.0601,10.095,6.4688,6.8923,8.3367,5.2803,12.085,11.83,11.186,10.547,8.1387,7.7702,8.4057,11.341,8.501,8.5559,6.5832,4.74,6.8809,11.276,11.231,11.282,7.6197,9.3821,9.2921,4.3396,4.4697,5.8686,5.9599,6.7659,7.0192,7.8425,9.6044,8.9419,8.6136,6.8281,8.6991,9.3755e-16
8.4932e-16,6.7052,8.1916,6.6991,5.4093,3.9374,6.8363,9.6012,5.8542,6.5073,6.1054,7.6619,8.4747,9.8693,8.5562,8.9182,8.8537,10.082,11.371,11.24,10.21,9.2267,10.696,10.167,6.8849,3.6944,4.1723,7.5301,5.6963,3.8754,8.5264,10.875,8.5241,7.9955,6.2291,4.9833,11.226,13.562,8.3588,11.338,9.8001,11.475,6.5125,3.416,6.1675,5.5637,7.9014,5.154,9.4118,11.476,10.64,10.112,10.995,7.4761,8.3556,6.3025,9.2039,10.822,4.9118,5.7567,7.6345,14.939,10.263,1.8393,7.7273,7.2841,6.5887,11.882,7.4059,11.456,11.543,5.0542,17.274,10.503,7.3828,8.7366,5.1667,8.9476,11.488,9.1264,11.907,8.7413,9.9597,5.9752,9.0427,6.2065,7.6486,5.3199,10.554,8.943,6.2166,6.9997,6.1136,6.2804,11.496,8.3276,5.0531,7.9286,8.0063,4.1112,8.9947,14.505,9.6574,9.8971,15.305,7.8872,9.9188,6.2968,7.087,6.3329,6.7483,9.6234,12.237,12.177,8.6367,7.9504,11.464,8.5951,5.1808,7.6037,12.499,8.7214,8.6069,4.975,4.1629,6.3258,9.5735,8.5749,10.771,7.9348,6.0232,9.133,6.5119,5.7896,6.3108,8.3438,11.005,9.0215,8.7305,11.411,9.8903,5.7733,6.4909,8.6762,1.3387e-15
6.4357e-16,5.8073,6.8903,11.684,11.243,6.2812,7.7866,8.9917,7.3015,5.6313,5.0619,7.2992,8.3005,5.7612,6.3425,8.5982,8.7577,7.7756,6.0955,8.2017,11.168,10.664,10.29,10.255,6.4341,9.4955,7.3917,6.4489,7.121,6.6622,7.0691,7.2485,8.1491,9.6148,5.142,3.3311,7.6364,9.8551,7.5272,7.8889,11.185,9.8491,13.69,9.9056,7.5257,6.2593,7.5005,7.3011,5.785,6.0719,9.8316,12.019,8.9782,4.1209,7.0074,6.8429,8.1681,9.4374,11.774,5.9593,7.3287,12.939,9.0246,4.4147,5.5821,6.9348,8.0652,11.326,10.284,14.321,5.6943,4.1954,12.483,11.106,8.7336,14.453,2.0946,13.241,7.5864,10.524,9.1065,12.042,9.4438,3.8633,6.173,7.6392,5.1873,4.757,9.0504,11.721,10.775,9.0717,7.4527,6.2199,7.7744,10.595,6.8007,7.1234,12.535,11.808,8.5606,7.5348,7.8485,9.7719,13.591,6.3484,7.4564,7.8228,5.7225,5.3078,6.0882,7.0101,11.482,11.642,8.2796,12.01,9.0658,12.386,8.8703,10.859,9.6304,9.3099,9.729,5.8789,4.393,4.6929,7.1483,10.786,9.6493,8.3949,4.3946,5.7529,6.144,8.1511,6.6128,6.7169,9.7441,10.686,8.3637,10.278,11.566,8.8872,7.3851,8.4073,9.9207e-16
1.2234e-15,8.4081,6.8404,10.934,12.846,10.323,10.026,9.7478,7.8045,4.9197,4.733,8.6446,10.022,5.738,6.0996,8.4428,8.1804,6.698,5.0643,6.7403,6.4557,9.0349,9.0845,11.16,6.3329,10.055,8.1986,5.2998,10.087,8.7256,4.8303,5.86,7.794,8.2394,6.8894,9.2873,11.589,10.476,6.2493,6.1923,10.226,11.861,12.845,14.771,10.851,9.8542,8.1621,7.9586,5.0266,5.6705,9.7394,8.8064,7.3651,1.8798,5.7172,10,4.3168,7.9094,10.479,8.7503,8.7334,11.794,8.766,11.046,6.3985,6.6803,9.6972,11.599,10.277,11.479,5.2882,6.7189,7.1246,10.947,10.34,11.394,5.8175,11.822,8.9793,11.481,6.2488,11.122,10.271,6.0351,9.236,7.7968,5.7332,5.5732,8.6377,13.834,9.5895,9.8856,6.6595,6.4867,8.3257,10.613,9.2167,6.9838,13.456,14.681,9.4015,6.8022,5.2085,6.7972,11.665,4.902,7.8282,9.6971,7.558,8.1288,9.6675,7.8059,9.2269,8.9273,6.1939,9.7989,7.6308,11.651,12.922,8.4552,7.0667,10.759,9.5418,8.6293,7.324,5.815,7.7406,8.3657,7.3287,8.0528,7.9154,10.095,7.8202,7.5352,9.8285,8.397,8.0241,10.652,8.3132,8.9818,9.2372,8.2488,9.5334,10.499,1.0547e-15
1.3881e-15,12.102,8.9521,7.2753,8.7615,11.854,11.871,11.96,8.4143,5.7714,6.7852,11.017,11.757,8.2982,6.9759,7.8719,8.241,6.8596,7.6227,9.5222,6.749,9.3718,9.6541,12.301,6.9885,7.0635,6.5926,4.6422,10.535,8.3678,6.3486,8.0991,7.7558,8.6929,9.4287,13.432,17.093,14.784,6.3695,8.6844,8.1543,13.958,6.7112,11.153,12.176,10.706,9.5191,8.8611,8.0026,10.704,8.042,3.5837,8.5529,4.7566,6.0248,11.126,4.2319,8.7205,3.6252,11.89,11.088,11.795,11.715,11.228,7.5055,7.9035,8.9964,10.172,7.9721,6.6807,9.5799,8.8334,6.5658,9.0969,10.776,4.2229,10.14,6.7801,11.781,9.5471,7.2319,8.4456,10.361,10.85,11.813,7.8922,5.5487,6.7533,10.225,13.223,4.3442,7.3612,7.1532,9.9463,11.175,7.9356,12.041,7.5377,9.775,11.71,8.6895,11.89,5.6336,5.3225,11.328,8.209,9.5305,10.64,9.0802,11.159,13.11,11.208,9.5877,6.5898,4.4723,4.0083,8.4215,8.9119,10.684,4.8313,8.4912,11.39,8.9918,9.6557,9.5575,8.323,9.6393,5.7223,6.9112,7.3518,11.415,14.392,9.4051,6.8636,12.953,11.409,8.6475,9.8494,8.3614,7.8663,5.9097,7.018,10.74,10.973,8.417e-16
1.0361e-15,11.939,10.688,8.6637,7.4767,9.5515,10.857,12.439,10.395,7.8186,10.299,10.935,8.9952,8.9842,7.0384,6.8622,9.5453,6.3974,7.7136,11.646,16.598,13.29,12.136,11.276,7.7432,8.9543,7.7995,5.4642,7.385,9.2008,12.569,10.787,8.3215,13.182,8.1438,7.9317,12.979,11.574,7.1343,11.953,6.1164,6.9924,6.7368,4.6996,9.0447,7.6488,9.1394,14.088,10.792,11.408,5.5767,5.8226,10.01,10.794,7.4488,8.7425,8.1402,8.3703,7.2384,13.335,11.686,7.8869,15.595,4.4982,5.9455,7.1614,6.775,4.5739,6.4982,7.0611,11.069,6.8234,6.4862,6.49,8.5989,5.4486,5.8758,5.0743,8.9915,9.5957,10.42,8.7963,5.9118,10.126,8.3432,8.519,1.0559,8.8005,10.412,6.9989,4.6317,6.1668,13.673,14,7.2841,8.0471,14.873,6.7113,7.4775,10.165,5.4128,12.548,11.705,6.4536,10.975,15.768,6.3001,10.572,7.4266,8.9924,10.534,10.968,9.1736,7.2905,7.9069,6.7349,9.1453,10.914,5.3864,9.5823,11.385,9.2761,10.176,7.6823,7.1538,8.0186,8.4633,10.539,10.512,7.1443,8.8236,7.3074,6.4909,9.5574,11.416,9.2504,9.2982,9.6455,7.3271,5.7697,7.2369,12.83,9.6173,7.0582,1.2336e-15
8.2634e-16,9.0497,9.9085,7.9027,6.9614,8.9796,8.1352,8.4555,8.3202,8.0862,9.7063,8.4114,6.1385,7.3455,7.5005,9.8086,11.259,8.7088,8.9713,11.219,13.524,8.7483,9.6924,11.731,9.2086,8.4697,5.4371,10.702,10.339,7.5155,11.593,11.76,10.338,13.699,8.2521,12.29,13.905,9.7395,4.5142,12.023,8.779,8.3228,7.934,6.3411,4.0583,7.2978,8.2832,14.768,9.9235,9.4085,8.9163,11.808,9.806,6.8948,12.037,9.3786,8.1799,8.6322,8.7982,11.416,8.9348,8.4717,10.86,5.5667,10.551,3.147,8.2562,7.3237,7.1705,11.711,9.1726,9.028,5.7396,11.072,8.2417,8.6035,8.2966,6.6242,7.155,9.4033,9.5083,10.199,7.6182,7.6135,10.621,7.4134,3.1284,11.608,10.635,4.4647,8.0905,10.872,14.665,8.3216,3.9093,5.9145,7.9104,4.9023,8.4055,8.3362,5.9887,9.5107,10.61,10.044,14.612,12.647,5.953,9.0996,6.9985,9.5662,10.393,9.78,5.5823,6.1246,9.3432,8.1998,7.5676,9.4957,11.276,10.523,5.8266,6.2461,9.6193,9.1586,6.7667,7.049,5.8521,7.4284,11.216,7.4849,6.8847,6.6535,6.1482,8.6083,10.03,8.5805,7.8705,8.5142,7.5947,6.4272,9.525,12.722,9.2986,9.9462,6.9301e-16
8.1016e-16,7.4991,9.5928,7.9609,7.1703,9.9856,6.8004,6.2244,7.4717,7.3775,6.8026,6.1611,9.9608,6.5251,7.6555,12.598,11.256,9.3646,11.811,11.856,7.4847,5.8162,7.4924,10.712,8.2666,9.4297,6.9238,12.074,14.361,6.4454,7.5074,11.524,8.8252,12.734,10.599,13.24,13.921,8.5973,3.6398,8.6948,10.429,12.337,8.3516,11.086,5.737,8.2924,7.7445,9.6908,6.3827,7.8124,8.2813,11.876,9.6311,6.8082,10.06,8.929,6.7653,10.583,10.995,9.8126,6.6513,9.4318,7.5103,8.9673,9.5,4.6835,11.403,11.122,7.7337,9.8902,8.8319,10.596,7.9274,12.739,6.9544,8.8854,10.038,7.6445,6.0436,10.368,8.6947,11.477,12.77,7.9113,11.836,4.6293,5.2256,11.689,10.383,4.3591,12.512,12.844,12.435,5.2057,4.1571,5.528,6.5751,6.8865,9.2873,10.509,7.3402,5.9297,7.6377,11.896,13.837,7.8569,7.0475,9.3661,7.0896,8.1585,8.2845,9.4636,7.5045,7.5759,9.0194,7.234,5.1557,6.0318,12.189,9.1722,2.9782,6.9669,11.869,10.753,9.1405,9.8661,5.1125,6.4875,8.2227,6.4408,6.6587,6.7622,5.6343,5.9351,6.8421,7.487,7.6048,8.0293,8.0102,6.8835,8.6446,7.7574,7.2331,11.188,2.071e-15
7.7014e-16,9.0739,11.246,10.407,8.1041,10.206,8.5606,8.3794,10.027,7.485,5.67,6.3541,15.104,7.3603,8.0274,12.129,9.524,7.1328,11.766,12.009,7.7098,9.7917,8.8244,6.9524,5.6316,11.561,11.377,6.8975,13.185,7.6993,6.2561,11.314,5.8887,12.308,11.033,4.4644,8.3351,6.4189,5.5308,5.9984,8.0494,10.558,7.5045,12.996,12.216,9.2635,8.3412,5.3351,5.0321,7.481,3.9581,6.6781,10.387,13.905,4.3841,5.5124,7.527,12.128,13.7,9.5653,8.212,7.9047,9.1315,7.8319,3.9888,9.8267,11.095,9.7158,8.1492,4.3094,10.79,8.2964,10.68,8.5804,3.6414,8.1788,6.7717,6.5277,6.6575,10.894,9.5007,11.144,13.649,9.764,8.161,4.9804,5.3905,9.7607,9.0081,4.2103,14.051,8.8145,10.44,10.314,6.5432,10.968,12.908,10.861,8.7792,13.488,5.8751,3.9697,8.5524,10.013,9.5639,9.8848,7.4043,9.7997,6.3855,5.5619,3.8292,9.6355,12.223,12.138,9.1541,6.5695,4.0067,4.2063,3.4164,9.5165,7.443,10.916,14.839,9.318,10.447,13.227,6.9748,11.476,4.7785,5.9428,7.5475,3.6928,4.4067,6.1413,3.778,4.1352,7.9524,7.9748,7.423,5.823,5.6753,4.5794,3.5928,6.307,6.3975e-16
2.9245e-16,11.114,12.196,10.434,8.8615,9.1123,11.473,9.6551,10.001,8.3708,7.6197,8.602,8.6105,7.067,9.9354,10.736,8.6483,7.7655,5.5792,6.2094,6.4863,10.762,9.3522,4.9105,6.4658,7.6862,6.9414,4.0905,9.1037,8.0947,6.5274,11.308,9.8935,9.2277,6.7893,3.2463,5.6213,6.0495,4.6463,7.5046,6.3671,6.2563,4.76,13.07,11.541,11.989,10.005,8.0749,9.2889,7.4682,9.6034,7.7251,10.265,11.194,10.619,5.1732,8.3798,9.7981,7.9767,7.8783,11.215,8.2788,5.7921,6.1808,12.063,5.3229,6.1999,8.5747,10.584,9.4905,10.756,8.2894,7.3383,10.635,3.364,11.288,8.2453,5.4524,11.825,7.2223,7.8209,8.4976,8.3522,7.2575,7.7173,12.639,11.548,11.129,7.0005,6.1719,9.1001,6.9562,6.8891,11.476,8.8438,18.086,7.676,9.058,8.8511,7.0159,3.5783,4.1431,9.3146,7.1045,13.564,12.811,8.7385,5.344,6.2762,11.35,6.4309,9.1365,5.6227,12.103,9.696,7.0753,5.0274,4.3698,4.1917,9.5186,7.9443,12.015,9.4544,7.4953,7.762,8.8672,8.7329,8.9852,4.5744,10.337,9.9096,6.6478,7.6734,9.3603,7.6048,2.5136,4.27,5.7782,6.5765,6.6345,6.3089,5.9085,3.6745,5.0161,6.8076e-16
4.9908e-16,9.6639,11.337,10.587,11.686,9.1649,10.205,9.7104,8.7368,7.5354,9.7291,10.196,4.8631,6.0652,8.1649,8.0199,8.892,10.724,5.5014,6.336,9.0189,12.098,10.996,6.9829,7.3972,8.8123,7.955,6.3051,7.9637,8.568,7.7226,9.8922,10.005,6.9807,9.247,8.3175,7.7901,6.8332,8.0142,5.0644,4.5811,4.5999,3.0316,9.0821,10.943,12.222,8.1368,9.3438,9.7259,9.727,10.135,11.92,8.2515,9.3176,12.047,8.8549,4.6956,6.1872,3.1983,9.4601,6.4837,7.5048,6.7779,8.792,12.786,3.3941,6.8139,7.6114,9.4324,7.8742,13.205,13.121,9.2314,15.172,9.1901,13.025,10.217,5.4071,9.7683,9.0396,11.691,9.6305,6.6976,2.527,7.2234,14.834,10.152,12.579,4.5452,10.008,5.4451,6.8151,7.5789,8.8194,13.177,15.042,5.4807,8.572,6.6209,2.2911,3.8248,6.7728,8.5363,5.3376,11.031,12.808,8.2275,5.3591,8.2553,14.432,12.978,9.3132,3.3186,8.8339,11.305,8.6791,8.9821,7.3384,6.6703,8.0198,8.3379,11.51,7.1512,6.4542,6.478,6.4131,8.5848,7.8305,9.0587,12.54,10.37,10.095,9.4946,9.1196,10.054,6.0435,3.8355,4.9469,5.1988,7.8894,11.025,9.0873,6.5497,7.519,1.296e-15
5.3959e-16,7.2082,8.9575,11.313,15.133,10.634,8.5576,8.665,7.6545,6.2196,8.9668,9.8037,6.6435,5.9188,5.7195,5.9874,8.3026,10.676,8.7693,9.2071,10.574,11.563,12.654,9.6081,5.9235,10.841,11.91,8.8663,8.8444,8.2201,7.7986,9.2098,9.3789,7.3214,12.349,11.751,11.728,7.8913,11.58,2.1388,1.8881,8.1551,4.8151,4.5892,10.522,11.238,6.6068,7.4025,5.871,13.641,6.7602,14.416,4.9471,8.1695,7.1421,9.9249,2.5825,2.7426,4.0248,9.4547,4.8867,8.5774,9.0844,13.059,6.5099,8.4777,9.1462,8.8703,6.1232,4.0546,15.68,15.032,12.3,14.864,11.706,12.848,11.38,9.2244,4.5429,12.742,12.538,10.435,9.8393,6.0565,7.3664,9.9512,6.1827,11.194,4.2622,13.812,7.5409,6.4718,14.603,7.3419,15.635,7.9643,8.8273,9.0655,6.8662,4.7354,8.3831,8.5143,4.5204,5.8757,5.2914,9.9493,7.8739,8.5795,11.199,12.258,12.706,9.1954,7.7296,8.1548,10.886,9.4783,12.276,9.7077,6.8941,7.6967,8.7195,8.977,8.371,6.8678,6.4169,6.9,8.1097,9.0159,12.993,12.518,8.5997,8.747,8.8156,8.1717,9.7757,11.31,8.0541,6.0696,5.128,8.8963,13.258,10.17,8.9246,9.3338,9.9475e-16
4.9326e-16,7.9321,7.9113,11.523,15.094,11.14,10.48,7.286,6.7464,7.3754,7.0842,8.2376,7.7252,7.5193,6.8629,6.2751,6.7253,6.8772,7.9939,7.5175,6.9913,7.9654,11.865,8.976,4.3815,6.2068,8.5491,7.4025,9.4126,7.5445,6.5673,9.9629,13.374,9.0895,7.3529,9.4301,12.558,8.9772,9.727,5.0858,1.4037,13.311,8.9381,4.7569,6.6712,11.625,9.749,6.5414,4.8565,14.879,7.8648,13.603,4.3684,3.648,4.9932,5.4744,6.8039,0.96154,8.3569,4.6933,13.556,14.408,7.8444,13.145,6.4606,13.725,7.1074,11.125,5.0623,8.6743,12.51,10.469,8.856,9.2225,5.9839,11.869,11.747,15.148,4.9382,10.147,3.3452,6.9463,11.072,15.94,9.6469,5.0437,9.9349,7.9437,6.8652,14.307,12.197,5.9831,20.578,8.9502,12.035,8.3215,10.614,7.7994,11.618,9.7399,13.02,8.1098,1.203,8.2879,6.414,7.0391,9.7727,8.2876,13.177,10.553,5.9463,8.3065,9.87,11.302,7.0115,8.6066,12.134,8.8265,7.1725,9.523,7.4606,5.5019,8.2324,8.1981,5.7729,6.8082,9.7427,8.6671,12.064,12.355,6.407,4.9111,9.0986,10.968,9.5305,12.471,11.521,7.1552,7.762,9.9349,9.233,8.1482,9.0792,7.8091,1.505e-15
9.0421e-16,10.295,12.327,11.777,9.7264,8.2992,9.0848,7.6549,5.8667,10.503,10.762,7.5882,8.023,9.4245,6.7785,6.8345,8.4374,8.7867,9.4553,9.1293,9.2332,10.335,9.6802,7.5612,8.214,4.3209,3.3481,5.4781,12.536,11.192,8.1473,6.7304,10.675,10.575,5.3978,6.5875,8.1056,9.7507,10.279,7.9481,8.6745,11.111,10.101,8.2969,4.0006,10.126,11.406,8.1112,9.8556,8.7391,7.262,11.383,11.748,4.1735,5.1565,5.1115,7.1884,4.166,12.806,6.2801,10.241,18.21,12.532,8.1693,10.012,11.322,9.0163,5.4915,4.511,8.1938,5.3802,12.052,8.2792,7.948,7.306,7.0645,7.4475,12.834,5.3652,5.8602,2.1041,8.5205,6.2926,7.1629,9.5375,3.4244,12.056,6.9891,7.6797,8.7774,11.769,7.2965,12.578,8.5049,6.9844,11.869,11.832,9.9402,9.409,9.5823,8.053,10.945,9.4658,10.224,6.9127,7.2741,9.7582,6.4976,14.02,11.843,12.927,9.7441,7.3705,10.381,5.7834,8.9329,12.269,8.3786,7.5593,8.0944,8.2435,7.3765,10.678,8.1053,7.9812,9.4364,12.947,10.036,10.817,7.6526,4.8971,7.6147,11.569,11.884,7.0067,8.7875,9.0995,7.1957,10.341,10.442,6.9554,7.1219,8.8348,6.4679,1.563e-15
1.1874e-15,11.123,13.22,9.8125,6.0639,7.0933,6.938,6.6577,6.5674,8.8696,9.8123,8.0772,6.2359,6.9407,7.1873,11.367,11.522,10.935,9.9252,11.374,11.216,9.4039,7.9741,6.5454,10.181,5.3373,4.3009,6.4387,11.047,11.63,8.7143,5.2755,7.9121,13.356,7.0302,5.8281,5.1557,7.5441,10.55,9.1305,11.471,7.3002,9.7011,8.9074,7.1297,7.5097,10.825,7.9233,8.1424,4.2167,9.108,8.1355,13.109,4.0152,7.4513,3.7066,5.8547,6.6211,12.318,5.0795,4.2273,16.985,9.9603,5.4858,11.46,7.0734,8.9451,1.1081,1.4158,5.7751,5.4473,10.773,11.281,7.5146,9.9457,5.5717,5.2801,8.3978,9.1175,5.236,8.4339,12.076,7.0002,3.1274,9.3487,5.0703,8.6492,6.2026,10.235,4.6815,11.207,7.124,6.8774,7.0117,6.0929,12.407,13.34,10.748,6.4329,6.5793,3.5724,11.097,11.83,9.7235,7.1098,10.206,10.642,9.8526,13.031,10.979,14.455,10.256,8.4355,11.094,9.0594,11.253,12.489,7.8247,5.5528,6.1224,8.3477,8.9431,10.405,6.5733,8.708,11.427,14.106,11.866,9.003,6.0766,7.0597,10.984,11.925,8.6345,4.1052,5.8711,6.2064,6.3551,8.8033,8.9169,8.8531,7.9883,7.1707,7.4728,1.1403e-15
6.0067e-16,9.8283,8.4321,6.1594,7.4014,8.968,6.6766,5.0326,8.0633,4.7328,4.3651,9.0967,5.5971,3.9195,8.0778,16.074,13.393,10.189,8.2067,10.224,10.054,5.0813,6.8136,7.2592,8.6099,8.1765,9.6776,10.117,7.2619,8.8152,7.5162,8.0737,8.1611,15.295,9.546,6.3119,6.6075,5.19,8.4947,9.7255,8.7831,7.3119,8.9383,7.1352,11.145,7.3032,9.0602,5.6772,4.3725,6.2337,11.891,4.8354,9.3302,4.994,10.242,3.4488,6.0138,6.5472,7.5135,2.8538,3.2524,13.784,4.9844,7.0665,9.208,6.9606,6.7334,5.7721,2.4248,4.773,11.224,4.9895,12.669,6.7114,7.8823,6.1687,8.47,8.66,12.241,8.2224,10.684,12.323,12.615,11.923,9.1134,5.8409,3.1719,7.3594,13.171,6.135,12.056,5.5763,9.5043,8.244,6.9339,8.4258,12.173,9.2514,6.1135,5.079,6.1448,8.1924,7.5891,10.781,7.1197,9.6363,11.725,14.4,10.018,6.4759,6.0695,8.7643,10.72,14.084,12.881,12.037,10.185,6.868,3.8739,6.1029,7.635,7.488,9.139,7.0129,8.1834,11.792,12.047,11.104,8.1477,9.6563,10.985,9.4225,8.0091,4.3949,3.2837,6.4496,6.8743,5.5856,5.9159,7.8028,11.24,8.3896,6.6787,9.9669,1.1745e-15
4.9594e-16,8.5775,6.366,5.0089,9.9119,10.66,7.6227,7.1294,8.0425,6.8335,5.9229,9.5908,10.012,8.1141,7.2276,12.839,13.162,9.9393,7.9596,7.1736,10.819,7.7099,5.5652,10.015,9.3127,12.024,10.766,12.289,10.686,11.155,8.6735,10.229,6.591,12.2,11.476,6.8124,8.5898,7.7535,7.5174,10.533,11.109,8.9017,7.1369,8.6067,7.2404,10.693,7.3232,5.2097,13.146,9.7102,8.5196,3.7289,14.581,14.13,10.468,11.472,6.5525,7.6873,4.2975,10.817,2.8703,12.191,16.152,8.3184,6.1187,9.59,9.8956,13.797,13.789,2.6852,10.56,4.6637,9.2023,9.086,5.0081,2.1395,11.482,12.3,6.5912,9.7353,3.2166,9.2147,10.827,12.629,6.5778,2.3921,2.0824,12.805,11.279,9.0806,9.342,5.6552,8.6514,12.743,4.4675,4.1635,7.0277,10.602,4.9276,6.5522,10.39,9.3978,13.061,16.311,5.5569,2.7733,9.2297,10.568,6.4639,3.6029,5.8073,8.0881,5.5398,12.647,12.428,8.6538,4.9227,6.9123,7.892,7.6117,9.1397,7.1133,13.823,11.425,11.058,12.346,8.8694,8.1133,11.469,11.254,11.341,5.7796,3.4267,4.305,4.5812,8.1022,8.7352,5.2268,7.7725,10.869,10.281,6.7744,10.574,11.178,2.301e-15
7.3247e-16,8.5413,9.594,8.3655,10.386,13.645,10.655,9.8832,8.64,9.0817,8.2757,8.0627,10.421,9.9684,9.1284,10.175,9.8145,7.803,8.1615,8.8829,10.934,8.7173,7.0548,10.144,8.6443,9.1411,8.998,7.6374,11.702,14.42,11.182,9.3724,7.9549,8.8379,10.657,10.421,9.3117,8.1099,10.38,10.026,9.0082,6.6795,6.5226,8.559,3.1077,9.9916,8.6161,4.9768,10.776,9.2017,5.9867,6.336,15.664,14.669,7.2612,10.694,6.4681,7.5593,4.6867,11.504,6.5769,5.9924,20.916,9.9879,4.0276,8.1099,13.103,8.3933,12.908,1.6157,8.2389,4.9493,8.9604,9.2682,7.4658,6.1903,8.2456,12.395,4.9814,6.6925,5.633,8.2349,8.765,5.6489,7.5244,2.3703,6.0872,9.1733,12.143,8.0685,4.6959,2.9455,5.7479,12.145,8.8711,5.0061,9.8292,13.815,8.3086,9.4105,10.451,12.861,11.868,11.012,7.7593,7.4805,8.8875,7.9721,5.92,6.8501,5.92,8.1465,7.0695,10.438,12.042,10.157,4.0781,7.7597,11.952,11.564,9.6011,8.4235,14.305,11.037,11.758,8.3363,5.7914,11.193,14.973,9.263,9.9292,7.7454,5.0907,7.2125,5.0065,8.7565,7.5602,3.1759,8.7368,12.993,11.732,8.7476,10.409,10.186,1.5393e-15
1.0855e-15,10.546,12.561,8.6759,8.3702,13.015,10.067,9.1476,10.121,8.7969,8.9208,9.2035,9.4193,8.3634,10.895,9.5825,6.8567,6.8053,6.9268,9.6391,9.6899,7.3382,9.0655,10.581,7.6063,4.6793,6.1614,4.092,10.271,13.679,10.051,8.7128,9.6457,7.5488,8.7652,11.26,8.8799,6.7586,10.266,8.6374,5.255,5.3412,5.72,7.8666,4.0016,8.4418,9.47,6.4855,7.5186,8.0171,5.1849,9.5738,11.484,8.8392,3.348,5.3655,6.8184,6.165,7.7832,6.6454,9.7515,4.5935,14.28,6.8723,3.5923,6.7525,15.192,1.4283,4.9645,5.5425,5.7012,5.2321,15.773,7.9162,9.485,9.1177,8.2475,7.9964,10.45,6.2289,9.7063,7.72,7.8516,5.3307,9.5999,6.6301,7.9329,4.6647,13.77,6.1508,3.4401,0.27192,4.2832,9.6999,13.004,4.7081,11.048,15.524,11.649,10.012,6.3476,12.947,7.0494,4.9598,11.918,13.888,6.8689,6.8754,6.8017,10.206,6.5465,9.2057,9.0833,8.7137,12.71,12.009,7.9499,7.118,8.8345,10.778,8.75,10.059,8.9557,7.142,8.1329,4.4293,5.1595,13.111,13.613,7.9035,7.8882,10.382,9.5241,7.4636,4.7614,7.1031,6.2399,3.0116,6.9383,11.609,13.018,11.122,10.55,11.713,8.3775e-16
1.2471e-15,12.46,11.724,4.8966,6.1293,7.862,6.0178,6.0263,10.879,8.4764,9.1354,12.91,10.979,7.1174,9.0669,8.6344,7.498,9.0229,6.6704,6.2233,7.8212,7.1776,8.7714,12.877,7.9977,5.7627,4.2641,6.7483,9.6403,9.2154,6.1874,9.5299,8.1844,7.8463,7.2699,6.8829,7.8792,6.9348,4.7,8.6243,5.9041,8.5947,4.7165,9.7593,8.4636,9.5526,7.4027,9.3462,14.677,9.4456,5.2841,10.521,8.8927,6.9317,3.5482,4.8141,6.6224,5.1887,10.588,6.8422,8.2677,9.8305,7.3976,2.2287,4.8677,9.3563,14.743,6.2245,3.4655,12.535,4.7561,6.4531,21.225,6.7937,9.4801,5.271,14.431,4.976,15.799,11.182,6.677,6.654,8.0135,14.11,9.9151,10.938,6.6371,8.2935,12.702,7.8118,7.1413,2.977,5.4841,10.206,10.249,1.9077,5.5685,14.141,10.07,8.5117,3.1198,8.9958,9.1079,8.8265,12.777,9.83,2.5626,5.2422,7.3653,9.8659,10.303,11.022,5.6042,8.2679,12.122,9.973,11.321,6.4461,3.9424,5.3285,7.1625,9.3218,4.4758,5.4105,4.0325,5.2429,6.9155,8.3049,8.1277,9.1738,6.0878,7.7396,10.416,4.9922,6.3474,7.0423,8.1175,7.0614,6.2736,8.9493,10.876,10.475,14.406,15.444,1.192e-15
1.4165e-15,9.7884,11.833,9.6186,6.489,7.5946,10.201,7.6307,9.5208,10.789,9.2944,9.7512,9.9255,7.1455,7.2761,8.0822,9.4684,9.6545,12.76,8.8399,5.9265,8.1959,7.5763,10.796,8.1565,9.2476,5.9052,6.4971,7.6943,6.9713,8.8268,7.5134,6.727,8.6411,5.3558,6.671,6.4057,7.2744,4.6601,11.236,7.5719,9.8387,7.4702,12.681,10.993,7.8838,6.6586,8.4744,12.569,9.3651,9.5466,10.501,10.201,9.1192,9.8212,4.544,2.6559,5.504,10.531,12.318,7.5635,3.668,9.8707,11.299,7.4538,9.7875,7.0687,10.745,4.5867,13.441,10.617,6.42,10.661,4.4114,17.644,11.692,10.828,10.627,13.473,11.65,11.23,10.09,12.883,13.018,12.14,11.693,12.867,10.011,12.452,10.951,9.9004,9.9359,8.0696,10.402,10.736,8.5413,10.631,11.792,8.2541,10.198,5.952,8.2181,14.598,9.6722,8.7116,6.6569,6.8839,7.8289,9.6672,12.379,12.691,12.193,9.5836,11.351,9.0195,11.52,9.9307,11.904,13.441,8.9208,4.2029,4.754,6.8802,6.4817,5.0997,6.2781,7.3705,7.3984,6.5144,8.4427,6.033,4.7148,8.23,8.2242,10.609,14.996,10.473,10.307,10.827,9.3483,9.675,10.861,12.537,11.483,1.8463e-15
1.5389e-15,8.196,11.673,11.895,5.9202,8.5888,14.907,11.63,7.8125,8.2336,8.4603,8.9967,8.884,9.5959,8.99,8.6173,7.1878,7.3385,13.218,14.346,7.5966,10.199,6.6468,8.65,12.004,10.649,7.8464,6.5912,9.6573,8.0793,9.8267,7.9122,6.0954,9.0932,9.5982,7.675,5.0809,7.5072,10.723,10.147,7.8712,7.5408,8.5196,8.7678,12.716,8.1592,6.2957,8.4275,6.8796,7.0062,14.868,10.285,12.446,9.8688,9.3188,9.126,4.4577,7.5101,13.146,15.473,11.777,5.735,13.779,13.05,9.1869,10.092,2.7689,6.2469,4.9948,13.151,13.275,7.3896,3.3893,8.6641,16.214,15.016,8.4152,18.054,10.678,12.026,11.749,11.789,13.829,12.543,13.029,8.1305,15.976,10.261,8.6096,9.7853,9.2276,9.0993,12.964,14.59,11.91,11.994,12.482,9.7204,6.8611,9.9463,8.7414,8.9641,11.11,4.4216,4.5122,6.4895,11.696,11.869,11.039,12.231,13.482,13.503,13.851,11.664,9.2063,8.9711,8.131,16.059,13.382,9.5013,5.1501,4.9903,8.2268,7.1208,4.4432,6.8465,9.2269,10.8,8.9236,6.8875,5.597,6.186,8.6502,9.8124,9.9818,13.99,10.888,9.3501,9.2745,9.7259,10.767,9.5654,7.4677,5.4023,1.1724e-15
8.8989e-16,7.9587,9.2525,8.5478,4.764,7.6772,14.669,13.874,7.1422,2.9791,7.0313,11.98,9.3322,11.58,10.862,9.2194,6.4976,6.9703,8.9804,14.071,9.693,9.8145,6.9531,8.8441,15.866,10.608,9.2919,9.1178,12.79,8.9416,7.6721,9.4537,6.5375,8.3798,13.292,7.563,7.0086,7.9665,12.685,8.5586,8.0243,5.6338,5.7423,3.9733,12.031,9.3471,5.3449,8.9139,6.3007,6.9343,14.188,9.2081,12.176,6.7432,3.2862,13.841,8.9483,7.9261,15.552,12.824,14.511,13.332,12.299,6.774,7.89,11.627,5.9841,2.0162,4.9401,12.72,11.472,8.1589,7.567,12.926,7.7972,10.979,10.269,19.037,9.7525,12.696,6.3656,11.844,9.7501,14.72,12.737,5.9568,12.162,8.9274,5.3427,6.7312,7.8205,5.3696,17.121,18.757,11.162,9.497,7.7358,7.6907,7.3317,8.3439,7.9272,6.9101,2.3176,3.2331,6.2782,8.0212,11.66,12.418,10.604,9.3534,12.499,11.724,13.045,10.981,10.495,4.4053,7.6251,12.166,3.5795,6.8356,7.8033,9.352,7.968,7.1905,3.9977,8.0485,11.123,12.215,10.09,8.1842,8.3153,9.821,9.8637,7.2553,4.8581,5.801,9.69,7.0258,5.0303,8.7247,12.519,8.5953,4.9185,4.631,7.4141e-16
6.3566e-16,6.3468,6.4862,6.8372,5.6922,6.085,11.88,13.266,8.1802,4.4182,7.2118,11.382,9.1199,9.3585,9.0074,9.6807,14.329,12.154,10.417,6.9399,7.0615,4.9089,7.6006,9.0706,13.442,12.22,11.324,11.366,10.148,7.2364,9.1603,7.877,8.3626,6.563,6.5426,7.464,12.518,9.2579,6.1003,12.253,9.5294,7.7048,3.8338,8.6514,7.0576,6.8974,5.013,6.6475,10.338,11.221,6.8565,6.9525,9.6699,2.9993,3.6975,10.332,7.117,5.2005,10.916,7.804,10.072,9.0606,8.3349,8.2036,4.2,11.864,11.805,8.8643,5.2589,10.019,11.673,6.6849,12.756,6.446,9.3219,8.6007,8.9688,12.866,7.3048,10.137,4.2692,14.263,7.2143,11.218,12.43,9.3375,8.5422,6.5695,9.8133,7.1486,9.5023,10.761,14.933,14.522,10.192,10.339,7.3385,6.6887,9.8512,9.4006,6.3068,3.6947,2.515,12.535,13.622,8.7672,9.1208,9.0492,10.245,10.268,9.173,5.2332,9.9092,13.875,7.3063,6.4006,7.0768,4.3144,4.7527,11.073,7.0734,10.16,10.652,7.883,9.1951,9.8353,9.358,7.7333,7.793,12.659,15.673,10.475,7.1215,5.8311,3.5262,6.2072,9.202,7.7767,8.5905,7.7649,11.967,10.946,6.8326,9.6443,1.0903e-15
8.0629e-16,10.259,10.413,6.5722,5.3281,5.5336,9.5763,12.768,11.947,10.838,10.586,9.2267,6.6887,6.4313,11.13,13.821,15.545,13.889,11.832,9.3831,5.7428,2.837,4.6092,7.616,11.458,13.266,10.749,10.814,6.8687,9.1697,14.057,10.614,10.893,5.9313,3.7698,7.023,11.848,11.816,11.485,9.8865,8.9152,9.2799,8.3322,11.167,5.0386,6.6538,7.491,7.0418,9.8101,9.1364,8.7369,6.317,10.704,4.7378,8.2519,7.7308,9.444,7.8907,6.1228,6.5658,12.77,11.076,12.146,6.461,3.7425,7.7843,16.907,8.6498,3.1093,11.743,10.323,8.4195,11.466,4.2154,10.159,7.9903,7.3711,9.5043,6.1584,9.4489,2.6328,12.247,6.6605,7.5889,5.5353,8.2808,8.1714,12.144,13.191,5.4087,12.262,12.747,6.3734,6.6241,11.054,13.947,11.52,11.365,7.9842,7.1514,8.2291,11.595,10.695,12.334,13.622,4.7124,5.7661,9.9139,10.744,15.589,5.4794,4.6019,7.9966,10.568,6.6405,8.0966,8.3964,8.565,9.7858,14.328,9.582,9.5644,9.3375,5.7684,8.8948,9.5944,7.6619,5.2937,11.072,12.37,12.528,10.755,6.8859,7.6667,9.185,9.0671,10.621,8.2544,7.6177,6.4534,7.6512,8.5351,8.3915,11.869,1.7685e-15
1.3792e-15,13.867,15.266,10.228,7.3241,8.0955,9.8559,10.107,13.183,12.232,8.4045,9.8619,9.9641,8.2092,14.624,14.243,9.8622,14.097,11.737,11.513,8.2672,6.5068,5.4819,6.5148,9.5822,11.929,7.1882,7.405,7.2821,10.836,14.812,10.786,10.233,7.8456,6.0338,8.3867,8.7072,11.83,12.278,7.1171,9.9527,10.662,8.4058,8.4239,7.0143,8.2974,10.736,6.2436,7.4933,7.0083,10.023,8.4434,9.6365,8.4899,12.02,10.329,11.001,10.175,6.4054,9.4089,12.717,12.82,14.37,6.9421,5.9529,7.8503,13.134,3.8483,5.4918,12.744,6.9428,10.139,6.4507,5.1203,6.5157,8.6817,6.4502,10.638,7.6702,9.5097,6.2572,8.848,6.8951,9.3517,2.4338,6.6168,5.8982,13.814,14.189,8.4006,13.361,11.745,4.0497,1.9495,9.4174,12.96,10.321,12.947,6.4138,5.674,10.366,16.47,15.222,9.0158,10.096,3.7933,3.3894,9.322,8.3459,13.617,5.958,4.9367,6.4904,7.6495,7.0468,7.3712,7.821,11.662,10.265,10.052,10.716,10.833,7.4419,6.0908,11.091,12.676,8.6657,7.2277,11.417,7.899,8.3314,10.906,8.4338,9.5623,11.762,9.4702,10.133,7.111,5.6402,5.8633,4.2322,6.585,9.8374,11.425,1.9058e-15
1.2357e-15,10.87,14.193,15.872,13.151,11.785,10.628,6.5064,9.6326,6.773,2.6166,11.984,16.395,12.053,13.987,8.6148,5.3727,13.884,10.005,7.11,13.665,12.368,11.094,8.3728,7.7823,9.4618,4.3314,3.9608,9.636,9.335,9.5205,6.4281,7.4128,9.5558,10.008,11.247,9.174,8.3402,4.5176,9.7654,11.677,12.986,4.1009,4.3327,9.0363,8.6542,12.443,3.6958,7.2296,9.7439,5.7699,9.2808,5.7006,9.3506,11.471,13.152,7.416,8.1693,11.356,13.199,4.1718,7.9613,8.3439,11.473,8.5296,13.108,3.755,3.3378,11.451,8.4145,5.0534,8.3221,5.0072,6.6532,3.4078,8.3111,6.8159,11.569,8.4158,10.178,13.076,8.3467,8.6947,12.845,6.8168,7.7445,1.9941,5.8781,13.542,14.435,10.226,11.688,10.528,3.5829,5.5194,7.5487,4.4528,9.7291,8.0478,7.3057,10.02,10.356,11.69,10.971,8.7213,8.4895,3.3401,3.7461,4.5929,5.4861,9.9285,4.5583,5.1964,8.5951,5.4981,6.6814,6.1711,6.0553,6.7514,3.8862,7.7958,11.659,8.3529,10.72,16.846,16.359,10.024,10.024,6.7758,5.639,11.696,10.327,9.0506,8.6098,7.4031,7.6237,6.6839,6.6841,7.4501,6.0228,4.9205,9.0869,11.698,10.05,1.6418e-15
5.6243e-16,4.8362,8.8423,15.344,16.408,11.285,7.9688,8.7211,7.2903,5.6061,8.5613,9.1019,10.461,8.6673,9.4487,6.2756,6.2627,8.277,5.8812,8.9748,18.578,14.215,10.072,12.33,9.8861,8.7854,6.8089,4.1946,8.4602,8.9925,6.2464,7.9455,9.1062,6.895,15,10.99,11.546,6.5513,13.911,11.537,6.3246,13.748,11.521,3.8649,8.2358,6.7539,12.522,6.5957,6.6733,10.532,9.8178,4.0155,8.6008,8.3859,7.449,7.9276,5.9421,8.8945,15.086,13.824,2.1074,7.2541,3.7114,9.044,11.001,10.98,4.7793,6.9087,8.4156,3.8747,8.2949,5.637,10.285,12.735,6.1967,4.3092,9.3959,8.6703,4.3573,14.902,11.12,8.2917,13.466,8.4946,6.032,6.6054,4.3283,2.8987,10.787,8.7304,4.0086,10.141,11.244,8.3895,6.483,7.6616,7.9788,13.501,7.7403,6.5104,9.923,8.438,8.6217,11.139,7.2081,9.5102,5.7088,1.6607,6.7916,8.464,10.528,11.52,6.3904,4.7149,4.2666,8.5211,9.9384,6.8419,7.2852,8.4831,7.1892,6.5814,8.315,12.728,11.449,8.6663,7.3383,9.4961,10.157,9.7052,13.343,9.4684,9.4978,6.7421,6.0135,7.1952,5.6056,9.7732,8.1326,5.4784,7.3807,10.063,11.554,6.9922,1.4397e-15
1.1642e-16,3.581,5.0245,9.5344,12.446,10.138,9.468,11.982,11.604,10.44,12.485,6.1599,4.488,6.4432,7.5493,5.708,5.0778,5.3282,5.7104,11.139,15.817,13.916,8.1324,10.917,10.171,6.8525,10.558,6.2943,8.3294,8.0744,6.4601,7.7431,10.603,7.6832,10.985,6.5216,10.125,9.5595,13.768,8.7502,4.2486,8.0343,11.942,9.4094,11.666,5.186,10.094,8.3565,7.3822,12.451,12.442,5.7438,12.367,11.298,8.9884,2.5652,8.8644,11.065,11.163,6.5348,10.026,9.4304,6.1519,8.7843,11.469,4.3332,9.1269,9.8209,6.405,5.085,11.792,5.0604,11.006,9.7556,5.0832,5.1713,9.6051,9.8261,6.6671,16.925,9.4686,4.0198,13.729,5.3938,4.911,7.9187,3.7921,9.2351,14.658,5.862,8.4045,4.9191,7.5473,9.6606,6.635,9.0155,10.245,16.306,8.7693,5.7451,10.414,11.866,6.4079,9.4271,9.4259,10.852,8.4529,7.4738,6.5588,7.8243,9.5196,11.951,7.585,3.3378,7.4135,9.9803,8.8566,8.4933,10.03,11.474,7.2308,5.1366,6.9838,12.509,9.3702,4.2398,7.7716,10.026,11.114,10.632,8.6676,8.2771,11.341,10.229,6.8253,10.094,9.8471,10.367,8.0048,6.8529,10.13,9.44,9.5923,8.1888,7.2814e-16
5.2798e-16,8.2949,6.8843,5.9408,7.684,10.527,12.621,12.782,14.822,12.637,10.103,8.5471,7.8798,8.1125,10.449,8.2499,4.7971,7.2057,7.3631,9.0547,7.6723,10.08,8.0243,6.5247,6.0169,5.9873,11.671,6.6234,9.1997,6.8666,7.5098,6.042,9.6255,8.8576,6.0031,3.9662,6.6098,12.17,6.582,6.4863,7.5862,2.2747,6.3196,13.939,12.842,5.214,9.2591,6.8508,8.0161,13.885,10.088,15.375,13.463,12.956,14.542,4.2961,12.987,11.799,9.6257,3.2674,15.779,10.38,10.688,9.8168,9.369,2.6349,9.0832,12.409,12.11,9.1524,11.092,4.8005,8.0359,5.3976,4.3916,14.376,8.3229,11.291,10.053,13.782,9.2667,5.8692,10.81,5.1206,8.4391,11.875,4.1161,15.989,16.066,10.128,12.661,2.5584,6.0306,10.322,8.3367,9.9196,7.2713,12.871,8.993,7.8234,9.0629,12.391,5.3986,6.7914,10.08,11.619,7.4064,11.017,4.5234,4.5491,8.0314,8.9188,9.341,7.8202,10.819,9.5547,5.3235,7.4445,10.103,9.8965,7.5942,6.7908,5.4306,11.515,11.473,6.2184,8.945,10.838,9.3549,9.6059,5.7529,7.6637,10.776,13.252,6.3982,10.229,13.245,8.9858,9.2183,11.212,10.944,8.0905,7.0929,8.2634,3.4875e-16
1.6428e-15,12.621,11.555,8.2058,9.154,10.956,10.574,11.343,9.681,6.6892,7.3808,13.886,15.194,8.7711,12.593,12.795,10.435,9.501,6.41,6.1427,2.747,3.7763,8.2695,7.1369,3.0841,9.3444,9.3707,4.655,8.3045,6.653,7.446,8.8969,8.8288,5.1894,10.422,7.7147,6.5058,9.745,9.7668,8.6489,9.7346,4.3431,7.2235,10.577,5.5183,7.0434,12.401,6.3395,7.6863,10.728,6.475,20.882,12.177,7.8638,15.931,10.414,13.417,9.4942,17.064,12.718,9.8619,8.6628,10.291,7.1555,6.9076,9.0632,5.5417,15.019,19.618,10.149,8.4104,4.6173,8.3566,12.357,11.101,22.212,9.6933,8.1709,4.5772,9.9951,6.2284,17.222,9.9975,6.2787,14.44,13.541,11.197,13.4,6.9147,13.561,4.7852,7.8786,9.7081,13.422,13.269,11.936,5.4383,8.0083,6.6558,11.956,7.5953,7.1729,6.5581,5.731,5.2973,8.6156,2.5789,4.601,6.0313,7.9084,5.895,11.654,12.026,12.073,8.5744,7.3055,6.9375,7.0393,6.5224,9.4922,9.6341,5.6998,5.8403,10.684,9.4227,7.5001,5.7106,9.2578,10.703,11.205,10.359,8.3666,6.5604,9.7536,5.3331,5.1016,10.944,10.15,11.419,15.209,9.6965,7.3338,6.4852,3.5419,6.1136e-16
7.224e-16,9.0479,8.9649,7.6285,9.8856,8.8398,7.5113,9.169,7.7909,3.759,5.3872,11.386,11.13,5.4854,5.4261,8.1129,12.32,9.4169,8.0995,9.5326,5.5059,6.2989,9.3073,12.736,11.118,11.514,6.087,5.7214,8.3914,5.9798,8.7869,13.807,11.739,7.0572,10.523,10.258,9.8689,9.4851,8.5386,6.7828,7.1944,7.2996,7.6761,5.758,5.1442,11.079,11.939,10.092,10.8,5.8401,2.1781,13.079,7.915,6.314,12.268,8.3715,9.3907,5.0297,12.538,14.363,5.5704,7.1416,8.3163,8.8856,8.317,11.988,6.454,10.97,15.009,9.4106,12.347,11.364,8.2372,15.427,12.112,10.577,13.435,11.831,1.0929,11.766,4.9435,10.761,8.6822,16.295,14.771,10.134,11.496,6.4052,7.6597,11.902,7.332,10.554,12.644,9.1368,8.1412,13.33,9.5527,11.56,9.949,13.077,15.072,9.3686,8.436,10.59,7.5913,6.4977,3.296,3.7463,6.5298,8.4608,4.7367,10.018,10.774,7.3309,4.8731,3.772,7.184,11.112,5.8475,9.6778,12.426,6.1264,10.5,11.097,8.2841,8.2522,5.3201,9.1092,9.5365,7.7086,9.3754,9.319,8.688,10.932,9.8407,7.7839,11.657,12.556,10.077,12.446,10.961,9.6016,10.355,9.3311,9.729e-16
8.0464e-16,7.5823,9.3432,8.0337,8.0872,6.7985,7.125,9.1583,8.3818,4.9118,7.3194,12.804,11.048,6.8504,4.2597,7.1523,10.928,9.3044,8.869,9.9383,13.04,9.6264,5.5937,11.673,12.851,9.4805,6.923,7.9324,11.916,8.8371,11.137,11.368,15.983,15.776,8.9642,11.944,13.064,11.871,8.8702,6.0262,3.934,7.2706,6.4037,3.32,5.4896,11.507,10.201,11.02,10.645,6.3203,4.7892,6.0103,8.9112,7.5339,12.386,5.3342,9.3162,5.1762,6.1823,8.6492,6.1282,6.34,9.4536,9.9399,11.339,11.385,5.9558,7.8638,7.3728,7.3841,10.88,10.888,9.6223,9.3457,7.8144,3.3137,15.577,10.463,4.4228,12.678,5.8487,5.2233,10.303,17.102,11.965,9.269,8.5322,4.1209,10.407,8.9095,9.7918,9.7494,7.6565,5.9582,4.6605,11.425,8.4791,11.615,10.255,8.3891,13.37,10.64,8.3329,7.8988,9.105,6.9351,7.8733,8.9528,5.0015,5.4362,5.7553,11.575,11.846,9.8866,7.8153,8.8396,8.1377,11.093,7.8645,11.255,13.261,9.6361,12.008,12.02,10.174,8.4435,7.7054,8.6495,7.7263,6.1341,8.9127,10.972,11.348,13.023,12.089,10.52,11.525,11.666,9.9086,9.0919,11.588,11.396,11.003,12.127,6.9816e-16
1.4426e-15,11.503,13.18,9.7055,5.7817,7.1168,9.7399,11.06,7.9004,7.1281,11.317,18.257,16.675,11.637,11.451,11.846,8.5546,9.9246,8.8335,5.8779,16.208,8.7902,1.6123,4.8166,5.3926,6.1259,8.6193,9.3078,14.484,12.987,11.79,8.0532,16.711,21.141,9.2045,12.636,12.215,12.949,12.064,7.7409,5.6778,6.5559,5.5053,4.0725,5.4634,8.0923,9.7714,9.0018,7.043,11.378,12.258,7.808,12.742,9.5674,12.761,8.3213,12.651,9.1581,7.0758,5.5033,8.5394,7.2935,11.252,8.487,11.227,11.718,3.9657,8.4258,7.3676,7.286,5.5041,3.4576,11.849,1.6666,7.2651,8.536,12.705,5.1405,8.6561,10.13,10.65,10.403,13.015,7.9128,8.151,11.753,8.5599,7.2853,8.0129,6.9145,7.3305,7.5269,1.2107,8.8373,8.8889,7.314,4.5033,7.3022,7.8235,3.4743,3.9914,7.0516,6.4896,1.1312,5.6767,8.4175,9.8909,11.993,3.5815,3.6399,7.0431,16.092,15.479,18.217,12.403,15.998,10.645,7.5095,10.027,12.195,11.624,12.908,8.9343,11.931,12.317,8.0858,9.849,8.8697,8.8942,9.339,11.617,11.071,9.6037,12.443,11.188,9.468,10.259,10.791,10.971,8.4198,10.01,10.035,6.669,7.5511,3.8837e-16
1.1456e-15,11.223,7.8636,6.7266,5.0781,8.5347,12.354,11.133,6.9732,8.5458,10.748,12.549,10.091,8.9597,10.869,8.1395,6.0833,9.6844,12.542,8.1901,9.6336,9.3992,7.6386,6.2043,6.7631,6.7681,4.0652,10.423,9.4963,10.845,9.0583,17.623,12.015,13.747,8.6262,9.9618,7.3597,10.025,8.6717,5.325,12.063,9.2978,6.573,7.128,12.97,7.9062,8.6498,11.747,8.4804,12.093,13.342,10.374,8.4887,12.468,2.7824,13.704,10.165,8.8915,8.4365,9.1892,9.1543,10.754,7.9692,9.901,6.5561,14.238,7.8807,6.026,12.648,13.19,11.847,6.853,10.713,3.461,14.239,5.415,7.3495,11.593,5.1739,10.696,19.915,9.506,9.7467,8.9409,2.8173,9.7764,11.009,9.0847,6.872,4.8878,11.715,5.3269,6.6586,10.637,10.865,5.7468,11.582,11.479,12.827,6.774,10.225,7.3013,5.9735,8.3549,5.4826,8.864,6.5186,7.9057,5.0751,6.6032,5.956,11.658,13.356,10.865,6.4438,8.072,10.901,10.77,10.898,8.9451,9.3476,11.564,8.6446,10.603,10.686,8.1075,10.385,12.724,11.934,10.323,9.8612,7.0186,7.1678,11.826,15.108,11.858,13.328,16.271,7.6778,6.9209,9.2569,8.0385,5.6806,9.3158,1.2258e-16
1.1673e-15,7.126,5.0831,6.4896,4.9699,7.8778,11.06,8.1678,7.6675,8.1304,6.7525,8.0161,6.2173,8.5646,9.7714,7.4962,9.6564,11.89,11.528,13.395,10.56,9.546,8.39,10.549,9.2392,8.4275,6.1866,9.007,6.2537,8.734,7.3622,13.779,9.1267,10.806,10.47,9.5621,6.6766,8.0833,7.8265,2.9427,9.2585,10.848,9.2489,10.659,11.726,11.302,6.0927,12.146,9.9877,8.0123,13.044,9.509,8.8434,8.7266,4.711,15.707,9.5338,8.3939,7.9837,9.1116,6.1497,10.836,8.3529,9.6819,5.1503,13.952,7.3794,4.071,10.55,18.896,11.459,10.459,10.466,10.129,10.266,1.4118,12.353,10.095,2.5381,16.362,19.554,7.2511,6.1599,6.7011,4.2988,7.7952,12.492,11.832,6.4917,6.9083,12.554,8.2234,10.199,8.4228,10.084,8.139,10.81,9.267,10.186,9.9942,13.394,9.4687,6.7195,8.123,8.9395,9.8069,5.0251,6.6348,9.5246,9.8695,7.311,7.0468,9.156,4.3525,5.1597,5.5877,9.9939,11.915,9.9582,6.5142,5.9782,9.5013,10.364,11.572,8.1249,10.021,10.538,11.138,8.7371,9.8348,7.8299,6.7737,6.4404,8.241,14.121,12.693,11.39,13.476,7.1737,8.5289,8.9944,11.43,10.719,10.05,7.6696e-16
1.3972e-15,5.9845,8.7077,9.1578,6.4779,6.0324,6.2557,5.8189,9.7382,8.789,6.2116,7.2283,6.7039,9.5009,10.093,8.451,9.2327,12.285,9.8887,13.89,11.862,10.204,8.2535,10.23,9.654,10.545,10.736,7.8245,7.7583,9.9864,6.2048,6.0635,9.7751,11.114,11.379,11.356,7.8708,8.2526,8.1952,5.1097,7.0243,11.83,10.651,11.255,8.3471,12.333,4.9725,10.23,7.9179,8.0826,11.274,7.5927,11.533,3.445,11.705,13.978,10.593,8.9874,6.8601,9.4504,3.5257,6.7246,9.6534,12.461,8.5931,11.074,5.8365,3.4304,6.6189,16.199,5.5051,9.4285,13.218,13.681,6.0777,4.2019,15.652,4.1661,4.6494,16.428,13.175,9.7171,4.7654,4.2068,7.8124,10.788,10.75,11.283,4.9471,11.36,9.6852,12.392,6.2748,4.9801,10.492,9.0117,6.1819,5.3591,8.5471,10.736,11.416,9.3103,7.5504,4.8899,10.044,10.174,5.4225,9.0979,10.764,9.2328,9.7159,7.9794,6.3666,6.8682,10.105,9.528,7.8816,8.8182,10.336,7.675,5.4442,7.8073,10.847,12.075,7.3613,9.6769,8.729,8.3772,5.7586,8.872,10.277,8.5935,5.8713,5.4486,11.007,10.99,5.9694,6.8136,9.1527,10.555,8.6017,12.238,12.228,7.7986,1.0495e-15
2.624e-15,9.8221,13.206,10.574,9.1267,5.2662,3.3029,7.3881,11.35,11.429,10.746,7.4528,6.1465,6.6495,9.2319,6.2552,1.3147,8.384,12.255,9.2212,4.318,11.246,13.151,6.1006,9.451,11.834,9.9115,8.7844,9.5843,11.135,6.19,10.579,11.407,8.5621,9.3944,12.598,7.1087,8.0865,5.8381,9.8845,13.958,12.526,10.144,9.0927,12.115,8.1109,6.7918,8.6586,6.1879,12.955,7.4664,8.4166,9.1957,4.2646,10.012,10.764,8.8405,9.7609,8.922,12.801,3.6828,3.3249,6.7695,17.432,11.616,8.7719,8.3846,3.6691,9.8664,9.2525,5.2569,6.9999,15.098,10.412,12.94,9.8756,7.477,5.2047,8.3892,7.7413,10.592,13.603,5.4692,8.1728,7.8548,14.826,6.9717,5.8597,4.0995,13.38,9.3099,11.675,0.9925,4.4446,12.616,6.36,9.5503,8.5953,15.227,11.055,12.512,7.2014,7.518,9.5603,7.5194,8.76,5.3553,11.376,8.0934,6.3078,10.131,10.788,6.5962,12.02,12.497,9.7584,6.0683,6.2524,12.232,9.765,8.0193,6.1686,8.6316,8.5847,7.6211,6.4871,6.4215,10.485,9.1461,7.3723,14.49,9.3589,5.4013,7.6967,12.508,10.109,4.371,6.9591,9.5682,9.4047,8.1923,5.4506,6.2611,6.5621,5.5397e-16
1.8892e-15,9.9513,12.59,10.156,8.3094,5.4989,8.0832,10.396,11.201,10.849,10.846,11.554,7.7071,4.2914,8.2353,8.2393,6.1593,8.3773,10.455,9.6471,3.3058,7.7858,9.009,8.6074,8.1057,7.7954,10.79,7.9321,7.4688,6.5184,12.919,10.454,12.554,11.451,10.738,12.953,9.0603,6.2588,6.3839,8.6373,12.248,7.6658,12.046,10.306,9.7738,5.5924,7.8203,5.0453,12.496,6.5802,7.4606,11.543,6.9408,7.8788,10.811,7.4185,5.7836,11.583,17.041,5.9481,2.1827,6.7393,5.5783,8.9594,9.1311,7.7878,7.2074,6.209,13.355,15.821,9.0103,6.5956,9.5136,4.8448,11.134,5.9416,7.0376,6.3532,9.4731,8.2449,9.9601,8.0459,9.0998,8.8154,11.421,8.2852,6.0337,5.8626,9.5008,11.413,11.104,7.1711,2.5804,7.2519,10.4,8.3459,13.966,9.6165,10.962,10.775,14.409,9.3342,6.5847,9.8893,10.262,7.9166,7.4052,13.257,12.292,8.3074,10.534,7.2726,9.7643,9.8975,9.1131,7.7769,9.2556,7.3738,9.0718,7.2241,5.3099,6.1758,6.165,4.619,5.4592,9.3069,10.565,10.521,9.2816,5.756,10.733,13.711,9.3131,11.219,14.261,11.979,7.1609,9.5801,9.066,8.2611,8.2208,4.4773,7.0126,8.4062,5.2612e-16
4.1442e-16,8.212,8.8781,7.588,6.6192,7.0686,10.204,10.038,10.474,9.4883,9.4251,10.388,7.1153,6.9188,8.5434,9.4584,10.978,11.023,11.646,11.45,6.0353,5.9245,6.1235,12.539,10.941,7.2536,8.4921,10.297,9.3945,5.8591,13.523,9.8329,13.825,11.255,7.3718,6.9289,7.8791,8.0557,6.5393,4.7152,6.7247,6.363,14.228,11.828,6.146,8.0278,8.1962,5.6244,11.1,2.8892,6.3015,13.499,6.8809,11.824,12.311,9.5369,7.543,14.215,18.088,8.012,3.9349,14.371,7.3377,6.5041,11.781,6.6299,10.224,7.0112,11.229,15.176,9.8704,7.6378,6.7269,5.1442,6.8751,4.6439,10.465,9.8969,13.062,11.928,10.729,6.9292,11.35,11.955,12.03,6.7214,10.06,10.671,12.925,11.463,9.464,3.7668,5.234,9.1819,7.1737,10.01,14.059,11.86,14.496,11.506,13.344,11.052,5.1291,10.064,11.501,10.292,8.2553,8.9856,13.174,10.313,9.7172,6.9162,8.3765,9.105,7.6547,8.7751,12.497,7.6473,5.0475,5.1931,4.2928,6.1785,6.378,6.7214,5.8495,11.51,10.89,8.3215,7.9518,7.7121,8.0336,11.822,10.969,11.412,11.53,10.517,7.8772,9.4375,8.451,6.8223,7.124,8.5225,10.592,9.0173,7.036e-16
-6.8199e-16,8.4992,6.5332,5.6365,7.1869,8.9495,7.9886,8.7369,9.8924,9.6621,10.447,6.4554,8.1505,12.151,9.0803,9.2881,10.798,11.57,15.438,12.06,7.8508,8.8098,8.0368,11.185,14.36,10.525,5.0377,13.435,12.048,10.021,9.686,11.86,14.349,7.6437,4.6615,2.2294,5.3508,9.238,5.2596,3.9482,4.9905,9.2897,13.772,10.688,6.0214,12.85,10.131,11.406,5.1232,6.9862,7.9666,12.054,9.2649,12.21,12.284,11.785,9.9463,12.149,11.368,17.072,7.5545,17.856,9.4974,12.051,16.687,6.3344,15.284,5.3257,9.1826,6.9794,9.061,8.949,8.9614,8.4374,7.6577,9.3149,12.521,13.956,14.259,11.634,11.572,9.9969,10.337,14.38,7.6034,9.9668,13.546,12.624,9.446,13.322,6.7332,4.4146,6.2964,7.7843,5.5409,8.5332,10.057,14.52,21.832,11.166,10.043,10.331,6.3448,10.731,10.919,12.061,8.2673,4.4971,8.8139,11.164,8.3276,10.661,5.9033,10.576,9.5909,12.642,13.759,8.0533,6.1731,7.1457,9.1695,7.2388,9.1293,11.094,7.84,9.0348,8.1861,8.6834,7.9097,9.1801,8.6599,5.1926,9.0189,10.065,9.273,8.6653,7.7784,7.9687,7.352,4.76,6.2469,11.705,11.797,9.1781,8.2089e-16
-3.8536e-16,10.575,7.8146,7.0943,9.0779,9.4504,8.9057,10.851,8.7769,10.566,13.311,9.9736,15.655,13.372,8.1075,11.594,13.257,8.4681,13.953,13.121,9.5489,12.658,7.6644,6.0607,11.62,10.547,7.8056,10.534,5.7841,10.368,13.837,11.998,13.221,9.4295,13.279,9.9616,8.3201,3.6278,5.3142,8.01,7.3692,8.684,10.829,8.0956,8.4744,14.541,13.514,15.92,10.24,8.6215,17.001,9.0494,12.333,7.8128,12.049,6.3434,6.0418,3.7386,9.6721,13.266,7.4911,12.15,8.953,9.4515,12.932,9.654,11.403,4.9323,14.379,10.911,11.811,10.142,10.088,5.9695,11.362,10.547,13.632,12.418,6.7807,9.2537,10.571,5.0421,8.7217,8.0253,5.2928,4.9346,10.744,7.7936,4.2104,11.161,9.4788,8.0875,9.2616,5.5976,5.4475,6.9401,7.1753,11.98,11.127,8.0495,7.8341,9.9068,10.927,7.6549,14.304,9.0914,10.372,9.4371,7.6334,12.935,8.2135,9.8594,11.631,8.0879,10.412,13.985,14.02,11.668,12.448,10.898,14.149,10.413,11.629,9.7998,6.672,6.7283,11.676,12.82,8.1298,5.0076,6.7974,5.5154,8.5388,11.087,13.593,13.263,11.826,9.3688,5.9065,4.6231,8.3583,11.211,11.956,12.661,-9.0991e-16
6.1608e-16,8.8982,9.9582,7.667,7.1473,9.2943,8.7385,7.6087,6.5879,10.726,14.536,11.809,12.378,10.463,8.4142,10.331,10.249,7.9367,12.545,11.823,12.668,13.142,9.0252,8.0051,13.911,13.097,9.6154,9.8924,2.7673,9.1205,14.243,9.4248,14.218,12.727,13.727,13.397,8.6675,7.371,5.6168,12.276,9.7727,8.6476,9.3339,7.2597,14.098,11.638,11.955,14.87,9.1292,7.4273,10.779,10.476,10.677,8.3253,10.321,8.2597,9.0352,7.0439,14.407,11.201,10.665,7.2887,6.5533,9.4898,14.445,15.141,4.8731,7.8601,12.519,14.052,11.625,10.815,15.336,3.725,12.703,10.203,10.906,8.4343,11.078,10.241,8.415,4.8204,9.6773,7.7741,11.082,6.7277,10.79,7.7861,6.3977,7.0854,11.595,10.91,13.33,8.8734,9.2849,5.9308,11.144,8.9758,4.6933,10.992,5.4721,8.7961,8.0172,7.9146,13.591,11.144,9.9197,9.8907,5.7811,7.7113,7.142,8.1587,16.4,10.839,13.523,10.412,7.8996,8.4472,14.225,13.212,10.132,8.161,11.933,11.088,9.1432,10.664,10.668,8.9682,6.9154,7.7367,8.1544,9.0833,8.6216,8.8544,11.579,13.216,10.884,9.2338,7.5943,11.196,10.679,10.885,14.671,13.429,1.146e-15
1.2363e-15,6.1778,11.69,10.615,8.7012,10.162,7.6662,6.2203,7.9679,10.138,12.929,10.984,7.9349,10.313,11.043,8.0595,7.1339,10.091,10.854,8.5324,13.284,9.717,8.7176,9.558,15.713,13.525,8.57,12.735,6.3678,7.5446,8.6427,7.4054,14.37,12.518,15.308,11.293,7.7136,12.946,8.1211,13.876,9.295,10.48,9.5145,7.9132,14.492,12.137,11.788,11.081,8.463,8.9722,4.721,10.968,4.9597,9.2592,8.3648,11.349,11.109,12.879,12.745,14.314,12.24,4.6331,8.7131,10.604,16.457,16.474,3.2367,11.728,6.7685,12.744,17.783,9.0329,13.347,4.4372,10.966,11.324,7.6696,7.5185,14.036,12.454,5.9121,7.3481,8.8301,7.5747,16.015,12.194,10.633,6.4707,6.564,9.2992,11.366,10.626,15.505,11.738,10.091,5.1108,14.367,6.2038,6.1133,13.475,4.8774,8.4891,5.4354,8.7398,9.3584,11.204,7.5544,7.6256,4.5457,6.0584,9.0735,10.767,15.73,13.84,12.489,11.084,5.7964,6.2186,12.247,12.965,7.0545,5.4025,7.9206,11.315,12.459,11.956,7.4623,6.0887,7.7419,10.962,7.6827,10.244,11.124,8.6607,9.9107,12.41,8.1367,8.9422,9.1092,12.558,9.7285,9.1237,12.96,11.558,1.8956e-15
1.4537e-15,5.8213,11.625,15.444,14.864,10.876,8.5604,11.23,11.979,10.025,10.717,9.5354,10.037,14.013,13.236,8.6291,8.6965,11.184,8.2462,7.6974,11.811,7.9622,6.3498,4.8012,12.807,9.6452,7.925,15.045,11.623,6.6223,5.3329,9.2034,12.121,9.3554,21.943,10.563,9.8356,11.46,11.786,13.202,6.8558,11.546,9.971,10.15,9.4626,16.126,15.206,8.0307,13.802,14.099,10.872,7.5489,1.8286,5.7935,9.2969,8.1894,7.0155,10.552,3.1316,16.287,9.652,4.1275,14.236,9.5097,14.036,11.896,6.9676,13.51,5.6523,10.25,27.747,5.4815,4.7961,7.2344,8.9962,13.751,7.0282,10.1,8.2882,12.067,5.6793,7.0629,5.3386,4.1323,13.382,11.905,7.8638,2.9326,2.5203,15.467,9.378,10.115,14.654,9.5948,4.763,4.5199,11.756,4.9526,8.2378,11.283,6.9182,11.065,9.6187,7.1866,6.7921,5.5224,6.8063,9.2229,6.1444,11.684,13.887,14.657,11.173,11.41,6.3495,15.34,11.571,10.381,11.557,12.707,10.971,7.1933,3.2903,6.7927,11.535,6.2991,6.4179,10.344,11.91,7.9825,2.9175,8.0203,14.421,12.438,13.655,14.334,8.8642,10.954,9.316,5.707,6.7462,6.0711,6.8367,10.109,1.236e-15
8.2546e-16,5.9643,8.0244,12.841,12.429,8.1638,11.509,11.693,9.6238,11.858,11.521,6.2788,5.6334,12.534,10.992,10.236,8.813,9.5437,8.6432,12.964,15.01,14.224,9.4235,3.5144,14.036,9.8549,10.076,13.758,12.838,8.0134,11.624,13.837,11.363,9.4492,13.166,12.855,13.539,10.611,11.016,12.177,6.3702,9.1126,10.173,15.106,12.022,11.073,11.843,5.5813,11.923,15.296,10.316,8.0634,7.1748,4.4062,14.001,7.0684,9.2204,8.8886,3.9321,12.778,10.63,8.8646,11.693,11.276,16.05,8.1506,8.7863,12.619,7.9655,8.6742,17.585,4.9087,11.985,9.9912,9.8127,13.991,6.8815,9.7485,14.593,9.629,10.378,7.7198,6.4427,10.71,9.8097,6.841,9.0011,11.849,10.026,10.761,6.6596,13.718,12.795,8.0782,2.1181,5.0755,10.403,9.7214,9.9487,12.983,8.8824,15.447,11.529,7.2512,7.6643,6.06,8.7785,12.006,7.8905,8.4322,13.266,10.016,6.7537,9.4477,7.6715,7.4573,11.216,10.646,12.81,15.548,11.105,9.3698,6.4839,4.497,8.3246,4.9783,4.1111,9.6823,14.09,7.3196,3.3667,7.0506,11.648,10.801,11.439,10.85,9.94,13.006,12.601,7.5411,7.4462,7.2424,9.114,9.6274,1.9475e-15
5.3677e-16,8.0259,6.0185,8.31,8.8672,8.9105,9.8067,7.8693,8.8469,15.417,12.666,5.4588,5.8213,9.1656,10.022,12.971,11.788,11.285,10.333,12.925,12.09,13.594,9.6804,6.8761,11.08,10.495,8.1235,10.368,11.32,8.5339,11.228,13.735,6.0881,11.931,9.5658,13.982,13.489,6.7862,11.5,8.7194,6.9915,7.956,9.1508,14.106,10.521,8.2745,8.8715,6.1946,14.18,12.691,13.643,11.536,9.2546,8.3722,12.935,7.5301,9.1375,8.1788,8.0619,11.075,7.2241,7.6628,9.2792,10.961,15.32,6.1755,6.8214,9.5494,8.1082,11.374,4.6731,7.7876,13.958,8.8242,11.669,11.51,6.8589,5.2328,12.743,7.7535,11.031,11.452,7.1123,12.265,6.4237,4.4079,6.5361,15.324,13.2,7.7907,12.631,8.3023,9.3346,6.6656,5.0849,6.6273,9.6279,15.618,14.559,11.096,12.225,14.308,12.816,4.9051,7.3585,8.067,8.5073,9.8199,5.1977,4.8275,12.055,6.9834,5.6125,11.374,14.942,4.2593,10.768,11.369,11.232,12.249,13.13,13.436,9.164,7.948,10.049,7.1274,5.4112,7.5322,11.793,10.96,10.544,9.1522,7.9674,8.53,7.63,6.7285,8.4722,10.523,9.848,8.3214,8.2676,8.6084,8.2666,7.5946,1.2226e-15
5.198e-16,11.255,8.3532,6.796,8.3403,11.064,5.0061,5.3127,9.352,15.481,11.322,5.9512,8.8269,7.7517,10.464,14.399,14.787,13.215,9.5997,8.4045,6.2247,8.5163,7.0361,10.539,9.8544,10.105,4.8058,6.5328,8.0942,6.5864,6.3096,8.3625,2.3596,10.869,11.539,12.245,11.112,4.0371,13.527,8.3216,7.6301,7.0546,7.724,9.3583,7.7911,9.452,8.533,11.088,18.88,10.22,17.475,12.596,10.076,13.913,9.2251,6.9407,7.6766,9.9937,9.3525,9.1753,2.6727,3.6155,10.578,8.722,11.188,6.2683,6.7052,6.6819,8.0315,13.212,4.2089,10.501,7.3796,8.4417,11.115,6.8581,6.5335,2.5634,4.954,6.6453,8.9279,14.09,9.5127,7.7198,6.3521,5.9079,5.8206,12.406,8.9946,11.577,17.584,4.7862,6.5714,8.7429,10.279,10.022,10.381,18.995,17.314,8.3149,14.369,9.4321,11.895,4.1012,4.9419,7.4407,7.6055,6.73,3.7141,5.9867,12.192,9.2575,8.6916,16.025,18.456,8.2044,10.863,12.761,8.1252,5.8282,13.391,16.635,10.172,11.357,13.276,8.6011,10.104,5.7032,6.4584,11.87,14.682,11.201,7.5877,8.0714,7.8822,8.3886,6.6973,7.6359,6.6404,6.8578,8.1055,9.8943,6.6177,7.8764,1.104e-15
9.4845e-16,12.854,12.559,7.9799,8.4458,8.5908,4.6207,7.1778,5.5634,9.1352,8.2867,5.0401,5.393,8.4432,9.5799,12.799,12.301,9.6096,6.6477,7.894,7.3551,10.239,8.2555,11.783,17.465,10.254,6.9463,4.5013,5.326,4.0329,8.8593,4.3632,7.5686,5.988,5.9967,9.014,10.685,8.3737,12.349,13.025,7.2364,3.6669,7.6276,8.9068,13.391,8.4289,7.2565,15.921,15.714,9.9102,10.948,8.9887,16.156,14.219,10.545,6.4883,10.706,13.281,9.25,3.8362,5.3213,6.4748,11.918,9.2602,9.2775,8.5426,11.518,5.4302,11.469,9.7664,12.768,8.9796,5.1792,13.026,7.5099,2.4745,5.3862,6.4843,8.0684,5.63,10.13,11.288,16.148,7.5326,11.376,8.0927,13.13,14.547,6.9923,15.185,10.047,16.439,6.7499,14.685,12.298,13.679,13.267,18.578,13.24,11.908,12.166,7.9979,7.7238,9.3278,4.0786,5.5903,10.008,8.6387,8.8683,7.7588,11.322,12.694,12.256,17.885,13.329,9.5398,8.5853,11.461,7.5495,5.4454,6.2656,14.068,13.244,9.0563,12.691,8.9137,12.953,5.0848,2.7376,5.7604,9.1298,10.41,10.169,7.9188,11.783,15.471,7.4922,9.5788,11.979,9.544,9.0949,12.144,11.814,12.679,1.6386e-15
1.1877e-15,11.687,13.051,8.9833,9.253,7.362,9.6929,8.5428,3.7033,6.4317,8.9388,7.6916,4.6854,8.991,12.136,12.982,10.781,8.5068,8.9269,7.5411,7.2194,8.8864,11.487,14.967,13.175,9.3006,8.6193,8.2488,9.437,4.4157,8.882,6.7629,7.3707,11.388,6.1624,5.5278,9.4867,10.891,8.6444,6.068,4.1034,4.3839,8.8213,9.3248,14.505,10.068,6.7308,10.824,11.445,8.203,6.8319,7.6117,12.864,8.0053,8.51,12.199,8.5294,7.1375,9.8591,8.2864,7.2095,8.4956,12.207,12.225,8.9106,10.343,10.41,3.0921,11.49,11.823,14.017,4.7938,2.8405,11.324,6.5359,3.6446,4.1576,9.1687,10.457,7.1194,8.3214,8.1887,13.547,8.1158,13.981,11.077,9.9627,13.612,5.6739,13.976,10.044,14.419,6.1531,10.972,10.101,10.318,11.897,12.243,11.983,13.366,10.366,9.2348,10.078,9.5969,7.634,5.4392,10.842,7.2858,8.5315,6.0248,9.6959,16.839,8.0755,10.924,10.793,12.937,11.929,11.144,6.7806,5.9461,5.4725,8.1833,12.56,9.1279,17.727,13.094,11.982,13.118,5.7677,4.9367,7.9485,11.279,12.902,9.0135,12.576,17.753,7.0589,8.6675,11.421,10.535,10.914,9.1631,8.5197,10.076,1.3722e-15
1.0797e-15,9.4904,9.3831,8.914,10.653,8.0333,11.316,8.5677,7.175,13.935,14.658,8.7883,5.6489,8.237,14.251,13.574,10.832,7.9453,9.0539,6.4741,6.8417,6.3887,10.16,13.335,9.6362,9.8583,6.7061,10.61,9.89,6.4867,7.9574,8.6492,5.5679,15.288,9.2976,5.2125,9.4562,10.565,9.3249,4.4999,6.005,7.1783,9.1057,9.5718,12.917,9.4863,7.3261,8.3221,7.6662,11.17,7.9147,9.1147,5.3929,5.0388,9.1475,12.098,6.3155,5.3854,7.0212,10.859,7.8156,9.152,10.243,13.679,11.271,7.7006,9.2787,4.1662,7.9841,12.149,11.904,10.128,4.2457,7.9861,9.2582,8.1924,5.4362,6.6091,12.485,11.867,8.386,7.2348,9.2449,10.708,11.895,12.056,6.8207,7.113,9.6499,8.6267,11.669,8.286,7.3086,8.9627,8.8357,7.7287,8.5358,5.2837,11.878,12.78,10.577,9.906,11.921,9.7813,9.6303,6.5368,12.005,6.5893,7.165,4.8888,6.8509,14.762,5.7434,7.4346,9.0513,11.723,15.272,10.952,8.0076,6.2965,8.1222,8.9401,11.572,10.614,17.835,13.504,10.146,16.207,11.526,7.3424,9.2905,12.605,10.544,7.9152,9.8467,13.945,6.9854,7.4025,10.29,9.4797,11.033,7.0504,4.5498,6.9778,1.3567e-16
6.9364e-16,9.1638,7.3432,7.9757,9.9326,9.011,8.2242,8.7711,11.333,21.839,19.556,7.0608,5.3417,5.6682,11.805,12.023,9.5943,5.3277,4.1193,5.9224,8.2631,7.8345,7.2729,7.8493,13.9,10.597,6.0561,9.7057,5.7403,8.5934,9.995,8.1675,9.3516,11.079,10.917,8.6451,11.669,9.4207,14.117,12.54,11.702,8.7924,9.0548,11.151,12.985,6.4503,8.2494,11.793,6.101,16.518,11.099,9.585,3.6584,8.5316,13.781,6.0541,7.6468,10.588,4.0357,7.8326,7.2777,11.252,7.8196,10.62,12.443,4.0619,11.836,9.6927,6.5187,6.8388,12.362,19.451,8.6771,10.281,12.356,13.855,9.5945,2.7461,15.3,13.784,10.472,10.641,8.3865,13.691,8.6332,9.7721,10.824,2.5463,14.318,4.4542,9.0918,9.4083,12.655,12.934,11.256,9.962,8.5564,3.3561,10.634,11.133,12.047,8.7264,8.7425,13.678,8.7582,7.3404,12.399,9.3901,9.3921,6.7425,6.4133,7.4474,9.6948,11.215,7.6753,6.3588,12.398,9.3659,10.636,7.1675,6.9841,13.684,11.799,8.9714,9.2265,9.2606,10.326,9.7401,13.43,8.5442,9.3255,12.334,6.3892,6.1244,7.0567,8.5174,7.4715,7.5268,12.406,9.5786,9.2487,8.9226,6.3306,8.1149,4.0811e-16
1.0831e-15,11.764,12.25,7.5232,5.4363,9.4528,9.312,10.124,9.0536,13.424,15.744,9.0467,5.5789,2.5715,7.0557,9.0226,6.0117,3.6917,2.9534,6.3063,8.4226,12.151,12.771,10.069,11.373,6.6364,13.038,12.22,9.9572,11.447,13.04,11.649,15.613,10.381,13.514,11.637,13.175,8.2507,13.452,8.733,9.659,10.013,12.078,14.802,12.354,8.8497,8.7501,7.8596,9.6261,12.334,13.383,6.2828,8.3007,10.511,12.956,10.52,6.5493,5.8968,10.06,12.387,4.2081,13.932,8.8732,5.1892,6.1029,7.2348,10.97,13.39,10.812,5.4221,12.231,12.055,7.7574,15.887,11.153,19.558,13.028,4.5935,13.972,6.0672,6.2191,17.685,5.0801,11.777,9.7681,6.979,11.543,7.8682,8.2229,6.8232,9.9536,10.021,18.322,10.014,13.794,9.9612,13,6.8937,10.88,7.2846,13.452,7.886,8.3672,15.244,11.031,7.4902,7.2677,11.04,10.322,8.2528,12.326,5.7019,10.635,10.111,11.607,8.2723,6.6222,7.841,9.504,8.4441,3.3704,8.3386,9.2599,4.4086,5.6592,10.192,11.988,8.1084,10.142,10.204,10.857,11.338,9.7552,9.3341,7.4599,6.3286,5.5404,5.5655,10.055,11.931,8.4465,8.7295,6.418,6.9321,5.3721e-16
1.241e-15,12.492,12.539,11.916,8.3201,7.9903,9.0888,11.512,10.017,7.6033,10.708,10.595,8.0459,5.7182,6.4498,7.9188,5.4016,5.189,5.4355,5.5895,5.3514,12.062,13.601,12.204,7.7212,6.3236,14.68,10.776,9.8868,15.766,13.176,10.695,12.648,12.14,13.801,10.483,11.857,9.3248,7.4288,6.8034,9.1429,11.809,15.47,15.597,8.7007,11.309,9.3416,7.9296,10.424,8.843,12.176,5.3369,11.325,11.811,11.802,13.374,3.7238,4.7427,11.261,11.252,6.8737,9.1639,10.85,6.9467,4.3293,7.3288,7.5205,13.502,10.338,10.38,10.498,8.4774,6.9226,13.542,5.4528,14.977,11.503,6.6817,9.9603,4.1032,2.9845,12.307,8.9846,11.959,14.983,7.0141,13.816,7.1418,9.2547,10.656,10.263,12.568,13.764,8.9563,12.29,8.7251,13.487,10.938,9.6661,8.9143,13.497,10.253,14.447,13.607,11.534,8.4227,6.7264,12.388,8.2994,9.1692,11.024,6.7837,9.2065,8.3268,10.058,10.553,7.0526,10.061,6.9632,11.345,8.6536,5.2942,9.1298,6.9964,9.6925,9.1284,11.8,10.657,11.088,13.059,12.168,11.326,10.715,8.2691,10.405,8.129,5.1279,5.9178,6.3781,9.6356,8.5747,7.0143,5.8138,6.7941,7.5306e-16
1.2448e-15,14.421,11.819,14.915,13.628,8.9438,8.7007,11.976,13.554,9.4405,8.5757,10.279,11.734,10.965,9.4113,10.027,7.0866,7.3899,9.2242,6.0692,3.2981,7.8558,9.1514,11.751,6.301,9.8087,12.223,9.0539,7.9115,17.584,11.049,11.173,6.8518,10.801,11.858,9.5608,10.012,10.926,3.785,9.0358,9.9299,13.079,12.472,12.822,5.0753,12.756,11.6,12.111,8.6013,8.5084,9.6688,5.6676,10.525,11.503,12.118,12.353,4.2412,8.3555,8.9064,8.7911,9.7389,8.1267,10.609,10.223,9.4914,7.8856,6.8187,11.367,6.1914,12.591,7.1012,10.022,6.5328,8.2708,5.7086,8.9389,7.88,9.3839,5.9801,8.6596,6.9219,3.9246,15.694,14.359,16.129,10.435,14.458,5.2488,13.302,11.187,8.1054,13.628,7.8218,8.7314,9.1448,9.9002,11.333,11.083,7.8109,11.759,11.503,11.914,16.339,10.431,11.522,8.8001,9.1739,10.728,8.4018,8.7348,6.8069,7.0363,7.9467,9.6413,5.0429,7.8586,9.29,13.772,6.3999,11.576,14.714,7.0807,9.5559,10.581,12.367,7.6429,10.388,11.968,12.126,12.892,11.196,12.385,9.2922,6.4759,11.314,9.5596,7.1859,8.5758,6.6364,6.9698,7.7408,5.9099,6.5847,8.4896,3.9145e-16
1.18e-15,18.494,15.505,11.213,13.097,13.876,11.244,11.226,12.612,11.165,8.8831,9.9645,13.859,11.069,10.805,12.794,7.7062,8.6378,11.245,8.3625,5.3053,4.8626,7.8312,10.928,5.9443,11.452,13.026,11.605,10.404,14.381,10.291,16.456,7.9904,6.8293,10.163,11.511,10.101,10.557,7.722,9.1817,7.8039,12.388,4.2626,9.9996,5.1124,13.649,13.451,12.737,7.9058,7.1087,8.7713,4.408,8.2547,8.9619,11.657,11.653,9.7142,8.7428,9.7788,12.907,7.9584,18.396,8.0672,7.8971,13.111,12.555,9.8539,8.7757,5.4999,9.3012,4.7873,7.8414,7.7682,8.6522,14.44,11.815,7.6516,13.067,4.0177,10.507,14.094,7.0709,15.254,13.92,10.463,13.602,10.005,10.664,9.7653,9.2049,7.0333,8.9802,10.014,4.5931,8.2939,13.061,10.923,8.0117,8.1908,8.8332,8.0208,10.11,8.0156,7.8134,12.798,7.6546,8.4971,6.6826,12.486,7.3927,8.719,6.9491,7.5446,12.019,5.3964,2.9196,6.957,14.182,7.5532,7.6594,12.59,8.6968,8.0259,7.1624,8.1777,9.586,10.31,9.1224,7.0537,7.8313,8.1518,12.288,9.9195,9.6479,7.9738,7.768,9.2387,9.8066,11.014,9.8089,7.1511,7.7752,8.8846,9.38,5.7739e-16
8.7235e-16,13.69,11.702,10.169,14.748,13.682,11.338,9.6272,7.7881,10.365,11.055,10.579,12.231,8.782,8.4479,11.12,7.9734,12.309,8.6351,6.4621,5.9507,5.367,10.672,9.2614,6.7965,10.057,12.49,9.0718,7.301,11.775,12.54,8.5748,7.9587,10.832,9.5933,8.1765,10.008,9.7445,13.016,10.005,8.1682,10.535,5.9575,10.126,6.8854,9.7353,7.846,10.318,6.2438,5.0478,8.35,5.8838,6.2378,8.2319,10.024,7.7877,12.698,6.545,7.0459,10.577,14.099,18.257,7.0708,9.3933,7.5833,7.1556,8.4754,6.4666,6.73,16.329,8.5874,9.4127,19.192,7.9905,12.057,11.638,10.874,9.5273,5.0689,8.3409,11.543,10.255,10.754,9.6131,10.638,10.583,9.2186,8.3112,10.249,10.744,11.803,4.068,7.4215,3.6693,8.0572,11.353,8.2467,8.2639,9.9544,5.9389,5.6081,11.402,5.89,6.8453,9.1652,8.09,8.9857,9.9017,11.201,8.2736,8.2605,10.321,6.8809,10.235,10.431,4.0206,7.3886,11.023,5.8576,8.4628,15.605,11.029,10.895,7.286,7.4131,8.6763,11.353,5.5125,5.2588,5.5661,6.0441,8.1048,7.9759,8.6417,6.1344,7.6026,9.3323,8.1043,12.199,11.453,12.749,13.76,10.791,7.9453,1.2028e-15
1.9627e-15,11.435,10.991,11.481,14.411,11.012,9.0248,8.8074,6.4216,9.2002,11.919,11.52,8.1166,7.4561,7.5763,7.8538,5.8845,10.768,7.722,10.334,7.8655,5.8607,11.735,13.182,10.895,8.5201,10.255,9.754,7.9265,11.852,12.574,5.6651,7.8046,16.734,11.447,6.7379,10.424,9.206,14.515,10.124,7.6148,9.4158,7.8831,8.5498,9.2578,8.5812,4.2994,8.0589,5.9531,4.7808,10.927,6.509,9.8779,7.6276,10.033,7.3054,11.27,6.6888,8.1973,8.4555,14.354,11.44,7.9746,9.6685,3.4674,4.3276,7.4985,8.4838,4.4336,15.277,9.0574,10.367,21.092,8.667,8.851,9.7123,11.401,6.4994,9.788,7.461,6.6639,12.489,7.6968,6.9619,11.448,6.4252,6.6196,4.811,9.7131,12.331,12.14,5.0031,5.75,9.3914,7.1684,9.5947,5.6467,9.8793,7.0519,7.4876,9.2875,12.253,7.6276,7.0617,7.774,9.028,10.367,9.718,9.1202,7.4607,7.695,12.714,9.7344,10.474,13.868,8.3451,8.7495,9.777,5.7159,8.631,13.42,10.41,14.076,10.836,9.255,10.892,10.498,6.0724,8.94,8.5058,5.2458,4.7293,6.7814,7.2959,9.0161,10.786,10.99,8.0434,10.568,12.196,16.024,15.302,11.089,8.6283,8.4193e-16
1.8404e-15,14.25,14.147,10.945,10.993,7.984,6.6838,10.293,10.076,9.4301,11.408,11.124,6.1064,8.5158,9.7224,6.7911,4.837,7.2731,10.95,15.985,10.597,5.2567,9.3239,17.929,13.629,9.0902,8.6334,13.737,11.697,11.675,10.875,12.559,9.2029,16.346,12.763,9.314,10.221,8.4382,12.22,9.6151,6.6747,8.4786,7.3721,5.4852,10.125,10.901,8.1163,8.7889,6.484,7.0692,14.28,6.7575,15.63,6.5672,11.057,11.025,9.944,7.5272,13.744,9.2731,7.3197,7.1599,8.0867,7.6236,7.99,7.3147,10.715,11.504,2.6196,6.4491,7.6696,9.7622,10.407,10.572,11.369,7.8542,8.7988,8.3903,13.7,8.5329,6.0054,13.595,7.9104,8.6502,9.2565,7.5411,2.5319,6.4106,11.271,11.143,7.5503,8.8637,7.8742,14.99,7.042,10.727,5.9613,9.6206,3.9922,11.31,13.893,10.654,8.7325,6.8144,9.8292,9.2762,10.866,6.6106,11.487,5.5359,7.4721,11.418,13.188,13.211,12.238,10.758,8.4752,11.287,10.548,6.7245,7.735,9.9035,14.726,12.427,11.163,14.387,7.7962,9.1289,12.344,11.883,7.1026,5.2723,8.1367,8.6054,10.803,12.215,12.8,9.7521,8.5195,12.1,13.1,10.869,10.44,11.586,5.6032e-16
1.1237e-15,11.904,10.055,7.2044,9.5942,3.9901,6.7295,13.656,12.92,10.603,11.898,8.5977,9.0446,10.663,10.838,8.6216,10.107,12.545,13.558,9.0574,9.7896,6.2255,7.5259,12.372,9.0818,11.401,9.2502,11.183,7.5407,8.586,12.472,13.673,10.845,9.7317,9.3289,9.4665,7.3761,7.0339,10.159,10.947,9.6444,6.2303,12.248,6.2944,8.771,10.049,13.495,12.636,5.5226,9.1133,12.855,10.651,14.615,7.0351,9.5189,12.243,13.371,4.1401,13.891,8.1883,8.5225,6.9821,6.1826,8.7075,15.375,5.0409,14.281,8.9846,9.1107,10.967,13.965,11.468,5.7824,9.3096,12.771,4.5822,9.5882,10.478,11.315,7.5435,7.4455,11.841,9.7884,11.487,8.2276,14.085,5.1719,9.5303,22.302,9.356,8.2985,7.6553,8.3039,11.395,8.8846,11.492,9.0443,7.6655,9.7552,11.208,9.7578,9.7616,9.6033,6.1781,8.1591,8.9999,9.5996,11.677,15.392,7.7893,5.0929,8.8986,10.817,11.454,8.6677,10.231,8.1181,11.015,16.09,8.0734,12.421,15.364,14.36,9.4266,13.012,10.577,6.7187,8.7246,9.4534,9.8526,11.956,7.3278,9.5236,10.249,5.5326,7.3679,10.176,9.2514,7.4531,9.8367,10.076,8.2841,10.22,11.884,5.5678e-16
7.8102e-16,10.593,9.4519,5.8393,8.3453,5.8441,10.95,14.628,12.249,11.463,10.755,7.0944,9.2253,10.428,10.151,11.287,13.072,14.048,12.554,5.2515,9.2602,8.6384,7.1956,8.3199,8.5929,13.407,10.059,9.4947,6.8671,10.027,11.531,16.754,13.072,6.4286,6.7067,9.7795,6.4025,7.1965,10.627,12.975,9.3179,6.4164,11.227,8.0096,11.756,11.803,14.807,15.059,9.0073,5.8249,10.391,11.235,13.341,8.1086,7.1342,12.098,14.719,4.936,9.0522,13.603,12.727,6.5024,9.0681,7.6379,14.163,5.5017,12.099,10.21,11.761,13.461,12.834,8.6589,5.393,7.774,14.836,4.8174,15.74,11.085,9.2964,7.2689,9.8871,12.983,13.61,11.07,8.3208,17.259,10.104,10.915,19.063,9.8015,9.2511,5.5408,9.2289,7.8453,7.2892,10.621,12.821,7.4551,10.248,6.8979,6.9289,10.353,7.9901,10.857,5.6519,7.5741,6.6661,10.43,10.97,11.1,8.2498,7.4981,10.995,7.463,10.623,10.942,10.629,9.2256,11.403,8.6671,11.997,15.518,11.032,8.2186,12.468,9.2793,8.0076,7.5636,7.3094,7.7054,11.718,7.3099,10.575,13.112,8.3923,8.2083,9.7057,10.205,8.9743,9.7253,10.315,9.7264,9.4634,9.8151,6.827e-16
8.9689e-16,10.63,11.253,7.9821,8.5196,10.159,12.643,11.409,10.075,10.56,8.0266,7.419,7.9243,9.8423,9.3202,11.749,12.939,13.388,10.772,6.4618,11.696,10.279,6.8344,8.3757,10.596,12.698,10.422,8.7903,7.7681,13.174,10.367,15.346,12.011,6.6895,7.2882,10.475,9.7136,11.338,11.347,12.338,6.7747,8.0987,9.2802,8.9271,11.889,11.231,10.309,12.94,10.58,4.6293,9.0779,11.598,11.654,9.709,5.5444,11.107,11.367,8.6638,9.1974,16.909,13.353,6.2911,12.222,6.9004,10.136,10.899,8.878,12.497,10.062,9.716,8.3533,7.5945,7.5736,7.9121,14.63,9.3913,18.085,12.192,10.96,8.8658,7.8327,14.441,16.326,7.2454,10.113,16.326,10.965,9.7641,9.9645,10.125,8.0282,5.2151,7.1838,8.9467,6.9026,9.973,15.37,9.985,7.4835,6.3414,6.8315,11.731,7.9672,12.5,6.9074,6.0863,5.1655,5.8298,5.3402,11.761,11.901,7.1087,9.6176,6.2341,12.698,11.169,12.1,10.435,6.5793,7.8842,7.7675,12.011,8.8106,8.4207,8.6101,9.4326,7.4102,8.76,9.6622,6.3646,7.1712,7.2094,10.346,13.12,12.464,10.66,9.8944,10.691,10.834,10.239,9.9512,11.099,9.7297,9.4713,1.0756e-15
6.5819e-16,9.3498,9.6436,10.089,10.239,11.87,9.3802,6.8441,8.0587,8.0977,6.7941,8.3906,9.6001,10.626,8.1071,9.8324,12.481,14.378,10.262,7.406,15.209,11.045,7.7819,9.8987,11.17,10.574,10.563,7.1119,7.0611,12.955,10.814,6.6143,8.507,8.1561,9.8855,10.481,13.639,15.817,10.663,8.3246,6.5651,9.0425,12.611,9.1279,5.4113,6.0646,4.9003,7.8227,7.1942,10.875,8.3226,13.853,7.4387,10.916,6.0239,9.2873,7.8396,10.167,14.295,10.397,10.658,7.8573,10.797,8.9002,11.121,14.83,9.3881,10.159,9.199,5.6946,8.3402,13.459,10.822,9.7146,10.822,13.75,12.734,13.455,12.973,10.875,3.0139,12.083,16.085,4.6941,11.498,13.808,8.4661,8.2573,9.3542,9.4048,7.4975,6.1429,3.2164,11.127,9.2175,10.065,13.538,12.21,7.9412,11.078,7.2627,11.757,11.803,7.4803,10.37,6.0873,5.7467,6.4749,6.2856,10.048,10.897,7.4532,4.9338,9.5977,10.694,9.7228,10.667,13.178,9.8484,8.5371,7.8857,11.676,13.077,8.4028,4.6447,8.2156,5.3221,11.141,13.212,6.1056,5.0024,8.3635,8.4994,9.5541,9.8236,8.369,7.0292,8.6888,10.641,9.224,7.9444,9.9546,10.931,11.801,1.5631e-15
5.7479e-16,7.7172,6.9617,8.2159,9.6439,13.552,10.547,6.5499,5.1927,6.6978,9.7039,8.7673,12.509,10.269,4.4241,9.5118,10.916,10.119,8.0901,8.9187,14.218,13.571,14.088,12.725,14.785,12.223,10.101,7.8063,11.993,11.518,7.5398,7.0119,11.394,12.181,11.804,10.338,10.819,11.782,11.172,5.2707,8.1932,9.44,13.332,8.9357,5.474,7.1565,7.3511,5.8536,9.9586,15.145,7.0671,10.668,4.7441,9.2807,9.1245,7.8779,10.782,10.124,8.0533,5.0878,11.384,9.0687,10.582,8.4278,12.024,9.9867,9.0272,6.5757,9.051,5.3823,6.6587,16.83,11.254,11.827,8.9795,12.065,10.996,10.544,9.1557,11.139,7.9512,8.4248,15.402,9.0948,7.5472,9.5191,11.259,9.8801,8.0686,11.571,10.927,6.9502,7.7846,8.0164,5.2125,8.0581,5.6143,9.8526,7.4995,9.5418,10.281,8.3825,13.269,9.0326,8.2681,7.5903,4.6862,9.56,7.319,10.734,11.827,9.3993,8.4307,13.246,12.054,10.73,11.991,7.9294,9.6256,12.332,10.456,13.392,21.88,10.882,6.3778,11.153,10.115,9.6913,11.163,10.512,8.8806,7.199,6.9849,9.9207,11.394,7.8498,3.8879,7.7073,9.6315,9.2696,10.65,9.7386,9.3474,11.419,2.2065e-15
8.8619e-16,6.6404,9.1834,6.5696,11.948,15.703,12.916,8.2264,7.6522,7.6205,10.69,8.5173,9.9568,13.611,8.5023,10.671,9.4556,7.4412,7.1137,9.318,8.5144,11.396,14.578,9.1258,13.337,13.243,8.6494,8.5282,12.266,9.0261,9.0882,14.746,12.449,9.8873,8.6327,9.8736,7.3631,9.3978,12.543,4.8721,7.3322,6.3647,14.36,9.0989,13.141,10.444,11.412,9.4406,11.961,10.672,8.1772,9.8834,9.0155,7.6088,10.152,8.1307,11.582,12.504,4.5364,7.9878,13.478,9.9132,13.865,7.7091,10.707,7.3435,7.1124,5.0076,8.9858,6.6701,7.1629,13.71,10.838,11.11,7.2351,9.4501,11.95,10.231,4.9952,10.976,12.004,6.4772,12.483,13.944,6.1792,8.1338,14.927,11.915,7.0068,10.324,9.7897,9.6353,11.064,5.8129,8.1882,6.8738,7.124,9.6664,7.6904,7.1111,11.609,6.376,9.6961,9.3406,8.041,8.149,7.8077,13.383,8.6921,14.352,13.637,10.239,10.267,11.89,11.17,9.9054,11.492,5.7767,10.913,13.113,12.566,10.557,18.929,11.912,9.1235,13.698,13.88,7.7732,7.8366,15.279,9.8582,6.9195,9.2815,11.101,11.413,9.9772,5.729,7.4403,10.197,9.9645,9.8854,7.4846,9.2025,8.7376,1.8832e-15
1.4656e-15,7.9891,13.11,8.6973,14.756,15.027,12.599,9.6204,13.021,9.5503,8.5646,8.9734,5.912,14.787,14.643,11.002,8.1662,9.3265,8.8612,8.9227,4.937,7.0213,10.28,5.4012,9.4089,12.007,8.8863,7.473,8.0885,6.8065,14.331,18.656,9.6185,4.1856,6.3469,9.55,6.8691,9.8845,12.29,6.782,6.9698,5.1993,14.592,11.404,17.318,14.236,12.791,9.9037,10.027,6.4593,10.938,12.042,13.1,8.2032,9.6978,10.52,10.987,13.007,8.8201,12.291,12.141,12.292,14.309,7.9509,9.3867,8.8528,6.4254,4.4928,7.9739,7.8985,10.482,10.435,9.8981,9.5378,5.4066,7.0588,11.248,9.9658,5.0563,11.608,10.782,9.0721,7.7082,14.36,7.9862,11.217,15.137,10.946,7.4657,8.0567,6.1996,11.828,9.6216,7.7904,15.569,7.1182,13.241,13.374,9.4302,9.9298,12.981,7.8911,5.6447,5.7834,10.979,8.3621,12.543,13.31,9.0947,16.584,13.513,9.498,6.8844,8.5229,7.9009,8.3595,10.696,9.1568,12.868,12.473,13.408,8.0992,9.7869,11.688,10.877,13.416,12.513,7.968,6.7631,14.259,7.4173,11.908,12.773,9.9778,9.0442,11.159,10.119,9.1838,12.315,11.376,7.6893,6.5904,11.211,7.5213,1.5706e-15
8.02e-16,11.677,12.18,12.537,11.528,10.603,10.451,10.293,13.562,10.223,7.6041,10.046,7.4193,7.2307,11.831,10.012,7.0794,10.94,12.01,9.808,7.8671,7.4507,10.9,12.169,11.849,10.896,11.279,5.8996,8.0603,6.8866,14.367,12.669,8.7399,5.9648,11.697,9.7468,7.5554,6.8667,9.3399,8.7749,12.016,12.095,10.703,15.133,10.597,18.516,12.326,2.5525,8.0082,12.305,12.258,10.614,9.7405,10.669,10.798,13.317,14.804,6.8568,11.899,8.0153,6.8837,15.953,7.9318,7.2536,10.577,7.7961,9.5467,3.7959,5.9641,9.0134,12.378,12.666,7.4041,11.032,5.7124,3.6968,8.6011,4.0476,9.5158,12.084,10.047,14.502,4.9007,11.638,8.1689,14.825,12.01,7.1086,9.121,10.82,8.9044,9.8099,9.0581,10.779,13.908,6.7651,8.3228,15.208,10.693,15.305,17.276,10.276,7.3661,4.9385,11.655,9.3984,11.927,6.9064,6.8333,13.519,11.379,9.3712,5.1282,8.5112,7.2116,9.9251,13.44,9.9978,9.6837,15.001,13.768,12.885,11.084,12.538,12.768,11.769,9.47,8.6146,6.9729,7.9288,7.5332,18.909,12.109,7.7174,9.1114,8.4762,10.776,13.765,14.084,13.715,12.304,11.391,11.276,10.16,1.6823e-15
9.6483e-16,11.609,12.541,10.664,7.906,11.879,10.678,9.1859,11.978,9.7261,8.5068,7.2106,5.0263,7.9349,15.725,12.649,9.1995,7.7586,14.819,11.858,6.4241,6.1392,11.355,16.314,13.484,9.5563,6.8327,6.7982,7.1531,8.704,12.034,8.8491,9.3962,12.388,11.694,8.91,9.0718,6.931,7.9519,7.6243,14.723,15.738,9.6108,12.784,9.465,13.938,9.4121,9.2562,6.1291,11.182,13.183,8.3069,15.579,12.513,8.627,12.173,12.677,5.8833,11.293,3.221,6.3018,14.167,9.7003,4.6218,11.383,7.5552,13.98,8.0813,5.9315,9.0036,11.452,8.6553,6.7533,12.139,7.299,6.9515,10.643,4.8023,16.496,9.5422,10.546,12.356,7.4948,9.9051,11.717,12.96,7.5629,5.9001,13.567,9.3544,12.132,8.0564,8.8918,11.445,11.879,6.301,4.7571,10.574,8.9741,11.703,14.622,10.03,11.938,8.5229,11.607,6.9511,12.147,3.7738,7.1831,9.4811,10.949,10.785,7.7987,6.1801,6.1285,8.8766,10.821,8.3988,7.7629,12.445,13.646,10.736,11.301,9.5603,11.37,8.613,7.2628,6.4167,6.4851,9.0922,6.3033,11.958,9.5787,7.8045,7.8618,5.5548,9.9053,15.203,14.676,14.524,15.411,11.579,7.5514,12.594,6.3628e-16
1.1777e-15,10.594,13.606,7.3824,6.1139,14.059,12.901,9.0797,10.338,9.3164,7.2687,5.3045,4.7469,9.6624,17.402,17.567,9.8465,5.5931,11.959,14.023,7.0146,4.9614,11.954,14.865,12.492,8.4568,6.6769,9.3585,7.4099,11.329,11.271,9.3453,8.3709,15.181,8.4329,7.1897,10.786,10.018,7.7284,9.8305,13.098,11.849,9.6563,7.3927,11.763,10.614,7.3451,16.896,5.6671,7.4091,11.367,8.079,18.39,9.9847,6.6358,11.824,10.168,6.3127,7.0675,3.8629,9.7266,10.56,14.718,5.8809,13.122,7.9159,15.176,11.105,9.095,7.2178,8.4205,3.3078,12.121,9.8133,9.8874,13.086,13.426,8.0489,14.329,7.9521,11.179,8.8413,11.326,8.6147,11.001,9.891,6.7031,7.8036,11.583,7.5851,11.513,8.883,6.7109,12.138,9.063,5.4167,7.2209,4.409,9.395,6.1871,10.426,9.3083,12.107,9.9442,9.0941,6.6472,12.453,4.6163,8.7814,7.6073,8.8258,10.689,10.657,6.6243,7.8796,10.456,10.67,11.648,9.2039,10.556,12.577,5.9618,8.3051,7.5022,9.028,9.0405,9.293,7.7914,8.4746,11.552,5.4384,4.5217,9.3941,9.0566,5.6589,4.2193,9.6692,12.98,12.505,13.679,12.906,8.6013,5.4195,10.327,8.2813e-17
1.3232e-15,11.677,13.378,8.7431,6.963,11.921,13.841,10.488,8.916,8.6972,5.1817,7.2038,8.1938,5.1031,10.542,18.48,7.4816,8.5574,7.4303,13.072,12.478,7.545,13.95,12.87,10.824,7.0624,13.747,11.609,10.68,11.981,11.526,9.8751,6.139,11.447,8.0237,6.9544,12.534,10.672,7.9406,15.049,10.062,6.037,8.9785,5.4862,10.831,13.928,8.2313,13.889,7.4331,7.6886,8.615,9.2878,10.473,5.1604,6.965,12.364,11.193,4.6469,4.3667,7.7677,12.541,9.2508,14.343,10.565,14.55,8.6485,13.007,8.9539,13.266,7.6363,6.0148,4.679,18.579,7.0242,10.757,14.785,14.252,9.1682,5.4253,8.9173,11.618,10.457,12.493,6.8266,4.6494,10.692,9.4755,10.186,3.8782,10.008,9.2983,10.442,4.1859,11.845,5.4759,5.3762,10.384,5.0829,13.352,7.9084,9.3968,10.605,8.9138,8.0364,5.4237,10.075,11.262,5.5788,8.366,7.8663,5.1696,8.9118,11.159,11.159,12.243,15.346,16.482,17.67,12.559,12.514,10.693,5.8806,6.1276,9.1092,8.0606,11.815,12.551,13.981,12.918,9.8461,7.9841,8.1683,11.008,9.4467,5.9741,4.8865,9.3536,8.821,7.9821,11.626,8.9927,7.8292,7.0547,6.9532,4.9566e-16
9.908e-16,12.244,13.231,13.522,11.395,9.5944,11.214,9.8457,7.7304,6.8303,9.4128,7.7758,4.8989,3.551,7.4874,11.344,7.6704,11.464,12.667,6.7667,11.765,11.664,14.77,13.91,9.6505,4.5837,11.943,12.86,13.291,8.2521,9.169,8.2416,7.4303,6.9432,8.881,9.8329,14.151,6.1231,9.5567,11.977,9.0664,6.9574,10.34,8.5581,8.7761,12.27,9.8365,12.48,9.9045,7.3862,10.885,8.9848,6.8895,5.3635,6.2142,6.6707,8.8259,7.2608,9.3357,7.9451,12.798,8.5761,11.359,10.122,10.921,10.944,12.718,7.4691,14.268,14.992,7.1333,10.206,14.531,10.596,7.0051,10.444,17.119,12.498,8.8955,7.8718,12.643,13.077,12.103,5.797,4.6827,13.251,9.7561,11.029,5.7278,11.798,10.918,8.8708,6.9989,6.0488,7.0559,8.6532,7.4549,14.726,14.04,13.369,6.8931,12.45,11.866,10.966,6.766,9.9403,11.117,5.2174,6.3179,8.1951,6.8501,9.6112,12.184,11.348,11.856,13.789,16.963,14.095,15.138,11.014,9.5696,7.5856,6.8968,9.2304,7.2242,8.5401,9.5169,15.201,13.466,10.86,12.765,12.774,9.6366,8.9684,10.194,7.5903,6.9807,4.4803,4.9903,8.4735,10.731,9.9059,7.7563,11.461,2.0475e-15
8.0938e-16,11.447,12.752,15.33,14.78,9.265,8.6711,9.5056,9.1085,9.2798,12.282,6.7468,5.5792,7.7903,6.7426,7.8663,6.949,8.592,11.581,5.8894,8.5299,10.607,12.094,10.102,7.6501,7.0618,8.5124,13.253,14.565,8.3166,9.6463,10.829,9.6274,4.7718,5.455,8.6164,12.088,8.9374,8.3962,7.498,9.6221,8.5356,10,10.205,8.2968,6.2191,10.073,10.505,9.5025,9.7683,9.1376,10.602,4.9759,5.9801,9.9395,6.9397,8.955,11.122,10.016,8.2374,12.29,10.387,13.756,13.447,9.5312,9.0735,14.085,6.8752,12.48,15.092,9.0303,9.7377,9.7017,15.006,9.5054,6.8309,16.323,10.992,11.894,6.6905,12.947,15.281,10.329,4.6385,6.6552,10.774,9.3094,11.99,9.2017,9.1175,9.6615,5.6291,12.416,7.416,8.7788,11.376,6.9021,17.786,11.855,10.819,8.9522,11.277,13.195,15.55,10.885,12.344,11.946,7.4978,7.3482,8.7792,8.9693,9.5768,12.808,11.93,8.845,10.793,13.72,11.702,12.622,11.669,11.92,8.2912,8.3894,9.7025,7.9624,9.1947,10.529,11.376,9.6733,12.531,13.988,13.825,10.31,7.4446,10.126,10.928,6.7718,6.1043,7.6111,6.9752,10.731,12.273,9.9734,13.584,1.2477e-15
5.5513e-16,9.1887,10.36,13.844,15.105,9.7393,7.1483,11.185,11.659,11.745,12.103,7.6705,10.807,12.095,9.4167,9.8348,7.905,6.2033,6.4523,9.102,9.0208,7.2859,8.9381,5.1644,6.1095,10.915,7.8503,14.204,13.923,10.258,12.071,12.666,8.5299,7.0086,3.1573,4.211,8.9293,14.435,7.2384,8.4432,10.269,7.4695,9.627,10.887,8.966,3.6051,11.089,9.5442,8.5908,11.708,6.3377,12.786,3.9878,8.9432,15.807,11.267,10.597,11.305,7.257,8.7632,10.726,11.954,16.842,16.764,9.8338,8.3051,15.21,8.4439,10.964,9.3346,10.047,7.9092,7.2117,15.536,14.402,7.1854,11.691,7.1336,10.091,7.6108,14.887,15.543,8,5.015,6.919,6.4088,8.3469,12.744,8.8303,7.5048,7.4932,5.1648,12.76,10.258,10.042,12.935,10.767,12.308,9.5353,7.0964,14.508,10.151,11.509,14.535,11.974,15.335,12.049,10.532,13.955,8.827,10.468,10.937,13.519,12.31,9.852,9.7762,11.319,12.751,9.5041,13.595,12.552,9.1244,8.7478,10.469,9.6932,12.4,14.159,7.8642,6.9448,11.958,13.725,13.301,12.782,8.8073,10.013,12.044,7.378,10.042,11.968,8.648,8.0376,12.128,12.655,11.617,1.1803e-15
-1.9001e-17,6.7975,7.1423,12.617,14.394,10.342,7.1482,13.297,11.366,8.5806,12.501,12.393,13.562,11.191,14.8,11.8,13.228,10.304,8.5096,9.5627,13.54,8.0964,8.6318,7.1115,7.3668,9.4979,8.1617,15.097,11.484,8.3845,12.109,7.6167,5.5385,12.221,7.831,4.1582,9.173,11.739,10.675,13.027,9.8947,6.0271,11.629,12.702,8.3003,8.2813,14.11,12.163,11.452,9.7531,9.9539,11.901,6.5076,15.27,16.254,10.755,10.497,7.6031,9.8038,7.9573,8.1793,11.163,13.295,13.273,9.1382,13.534,13.493,12.633,11.681,8.7067,9.8945,12.506,4.8188,12.594,13.723,9.265,8.5356,7.3841,8.9985,10.154,18.351,12.948,6.7729,7.943,7.3,7.1997,7.5902,11.367,6.3426,11.674,10.874,9.6048,6.5202,5.1703,11.6,13.958,13.722,7.6926,8.2828,11.09,16.013,12.861,10.948,7.6972,7.8894,13.175,9.8339,10.446,20.757,7.9993,11.823,15.148,13.949,8.4736,15.06,10.261,11.304,12.601,11.899,11.99,7.6687,11.991,9.1363,10.145,10.914,10.097,13.15,9.115,9.5809,9.8302,15.621,14.394,12.963,13.645,15.558,10.399,6.7416,9.8675,12.667,12.508,8.5469,9.8189,12.47,10.494,1.025e-15
6.2e-16,7.4024,8.9752,12.069,15.595,13.922,12.41,11.768,6.8596,8.0508,12.923,15.875,14.874,9.9522,11.641,13.909,14.169,10.178,9.6047,11.671,13.772,10.168,8.1036,10.893,10.227,6.9879,8.748,11.171,9.4885,7.9698,11.545,6.3269,10.286,13.438,9.7162,11.282,10.364,8.8939,14.051,11.598,8.4419,7.029,10.314,9.4793,5.3734,11.6,13.78,12.02,15.714,10.963,12.727,9.7382,11.098,12.328,10.383,10.859,14.447,7.108,14.863,9.9832,8.7744,13.7,10.563,13.872,14.474,12.08,7.2665,14.755,11.867,11.862,8.125,13.952,6.8671,10.67,16.196,8.7901,9.7308,7.3741,8.5912,10.894,14.068,9.6902,7.8557,8.7566,11.251,11.046,12.047,8.1518,5.0824,12.552,16.481,13.983,6.7938,7.0624,7.8727,11.052,12.338,7.9675,6.4449,7.974,10.307,14.544,10.234,7.9661,5.4041,10.07,6.249,9.8584,15.159,8.9614,8.0221,13.327,9.9431,3.5391,11.79,12.015,10.845,13.91,14.888,9.5323,7.4443,14.619,13.127,10.299,12.276,5.9748,12.617,12.68,12.937,10.329,14.038,15.294,11.369,12.068,15.207,10.819,10.394,9.7213,12.915,15.285,14.533,10.299,10.213,8.5837,8.5245e-16
8.8852e-16,8.8794,10.98,12.778,14.338,12.66,12.03,8.2821,5.7302,11.512,13.372,15.485,12.381,8.0616,8.4322,10.934,10.793,8.7747,10.506,12.697,10.549,10.279,10.032,13.802,8.9977,5.4673,7.5771,8.4201,7.1748,8.5134,11.133,9.5266,15.211,12.329,9.7022,13.098,9.2373,9.0878,11.539,9.2739,8.4529,8.3504,8.6025,6.8813,5.4656,14.664,15.069,9.9748,14.509,9.5803,10.288,9.3304,14.14,7.1419,7.4923,12.582,14.703,8.3734,13.651,13.223,8.5264,12.464,9.5834,13.288,15.725,9.0983,7.9797,13.967,7.7854,13.212,9.9071,12.486,10.805,12.419,12.709,5.8927,10.312,4.9024,10.743,9.5826,8.0284,10.019,8.5219,5.8609,12.3,14.147,11.698,9.8591,8.807,11.716,15.841,14.162,12.349,11.464,6.5956,7.1331,10.473,10.336,7.6866,5.0766,8.9366,15.139,8.2764,10.31,7.0628,9.4365,8.0575,8.488,9.7046,12.007,6.8646,10.717,8.4801,3.8737,9.001,13.158,12.785,13.331,12.297,10.218,12.714,14.171,14.292,11.306,13.006,7.5868,12.392,11.27,11.44,9.4337,11.243,12.3,11.157,11.898,13.352,11.446,11.549,10.649,12.871,13.233,15.365,11.504,9.5563,8.2211,7.1787e-16
8.5343e-16,8.6533,10.733,13.576,9.8788,6.7155,5.583,6.5248,10.23,15.183,12.865,11.878,9.5878,7.7624,9.383,6.8472,8.1323,8.8638,11.182,11.839,8.1596,10.255,12.244,13.065,5.0145,6.0014,6.9866,8.4342,5.7953,7.7704,11.672,12.467,14.082,11.752,10.392,8.609,7.7691,11.108,7.173,8.894,10.73,8.8403,9.4826,6.7737,9.5269,16.653,18.463,10.526,8.874,5.3721,5.7957,10.26,13.643,6.8008,8.9947,13.684,9.2624,8.0734,9.9736,13.861,6.3891,7.2333,9.3498,11.786,10.442,8.9723,14.544,11.477,3.5156,10.573,12.88,10.327,12.087,15.755,3.994,5.8005,7.9959,2.2155,15.272,8.389,7.9368,10.619,8.3151,3.263,8.1548,14.078,6.1949,16.594,14.135,14.458,13.614,10.783,15.02,12.12,8.901,7.6887,9.5962,12.255,12.151,8.07,12.294,15.713,7.2441,11.313,10.086,11.182,15.602,7.2465,11.575,13.969,10.333,11.115,12.245,9.3038,11.201,12.522,13.45,9.8072,8.1702,12.619,15.943,11.628,10.215,11.539,10.913,11.732,10.823,6.8576,8.309,7.1165,9.7288,7.5222,11.618,14.219,14.045,12.044,10.289,12.437,11.74,9.9158,10.476,11.041,11.67,10.832,1.028e-15
1.0668e-15,7.3197,12.101,12.431,7.4414,5.9973,6.1548,8.2833,13.314,14.629,10.248,7.9302,12.864,12.394,7.4829,11.22,9.4297,7.689,8.0712,12.139,8.4712,13.421,9.1124,7.4216,5.9104,8.7912,10.759,6.3512,8.0046,6.5314,13.28,12.65,11.438,11.654,10.75,10.705,10.871,13.159,10.427,6.8775,12.831,10.579,11.75,5.2321,12.165,13.356,17.14,14.628,7.3699,6.9597,5.8936,9.5138,10.599,8.6163,7.4884,12.662,7.228,6.3156,15.275,11.22,7.1851,7.8697,10.672,17.989,9.0006,8.1904,12.357,9.1884,6.8708,7.2869,8.9235,8.8148,9.1025,16.166,4.057,11.887,6.3504,3.0421,18.148,9.0694,12.565,4.6035,9.1151,5.8692,4.9749,11.316,7.0583,19.448,12.559,20.204,21.96,8.2562,10.485,10.886,8.6201,14.137,7.2948,13.692,14.176,11.135,8.803,15.704,10.107,15.538,10.762,12.876,20.178,8.614,11.887,11.541,10.352,10.599,13.902,12.576,10.546,11.492,6.0104,7.8052,11.921,11.711,10.507,10.384,7.2885,9.6587,5.9332,9.0503,9.0815,8.9783,11.489,8.9622,8.3811,7.1476,9.4283,9.5778,13.455,15.016,14.858,14.556,9.5523,11.684,10.715,9.9442,13.64,13.929,1.2701e-15
1.3254e-15,8.6129,13.12,11.389,7.1487,6.3684,9.5096,10.985,11.032,9.7152,9.0262,6.6028,11.015,11.087,6.4423,10.407,9.7615,8.4415,6.0805,9.8485,8.4584,11.715,10.128,5.9333,8.0777,10.129,10.233,8.6343,9.2164,10.152,11.532,15.757,13.355,11.949,10.536,13.397,13.932,16.398,12.797,9.7948,12.323,14.467,14.633,11.188,12.427,12.644,13.797,12.256,8.2792,10.457,8.1243,9.0212,7.2076,10.063,9.156,12.486,10.039,6.709,14.425,12.19,10.605,11.044,14.241,20.329,8.1984,9.9919,8.4875,9.8537,9.1698,7.5108,6.564,15.311,5.5331,15.307,4.7982,11.304,6.5459,4.8612,15.231,8.9017,11.293,2.9354,6.9139,7.3277,5.5061,9.6935,6.448,14.876,6.2492,15.985,24.695,7.9882,7.4028,8.832,18.589,17.948,7.3679,12.882,11.507,14.925,8.9659,14.024,12.036,18.362,13.233,14.144,16.579,10.214,8.9584,9.2194,8.0254,8.9165,8.2423,11.36,10.013,13.798,5.2973,10.207,13.766,10.946,6.2179,8.1105,9.5502,9.7406,6.4515,11.84,11.768,11.944,12.943,11.197,7.2455,7.5912,9.4511,6.8687,10.823,14.781,15.52,13.703,6.6154,8.3767,9.1962,9.8713,12.33,13.297,2.0517e-15
8.295e-16,9.8323,9.8585,8.4156,8.5307,6.6676,10.058,12.634,7.6691,6.5747,12.154,10.889,6.8157,7.5127,7.9425,7.4956,9.5747,9.6014,9.0624,8.1515,8.4964,8.3671,10.693,8.7907,10.055,10.301,9.2307,12.907,10.475,13.719,7.6724,14.56,12.535,9.9487,9.148,13.34,13.12,17.094,12.067,13.261,11.606,14.868,15.446,16.127,10.731,11.841,11.832,8.8713,7.3606,14.483,10.76,9.3981,5.9038,9.1792,11.767,11.984,12.301,8.79,9.5943,13.616,11.191,13.137,14.377,14.178,10.255,11.883,10.378,9.4984,8.6986,8.187,6.197,16.602,5.5789,16.276,7.4221,7.8016,6.9839,4.5854,12.221,9.5645,7.3866,7.5463,5.1268,8.9718,8.9501,10.958,7.2181,9.3912,5.7418,7.2907,20.263,8.5367,6.749,7.372,21.907,37.522,8.3264,10.611,10.75,19.569,10.081,10.351,10.596,17.806,14.405,12.803,11.142,9.8148,7.9428,7.7421,6.9017,8.9141,6.0399,7.6013,9.4301,14.787,11.483,11.943,11.304,10.617,6.4092,8.0067,12.53,10.431,8.386,17.505,13.398,12.03,11.694,10.221,6.6095,7.5496,9.8314,7.1478,8.1496,10.733,9.8597,9.5829,6.6265,6.9348,7.6517,8.83,8.5338,9.3758,1.8535e-15
2.4067e-16,8.7489,4.3328,3.798,9.3509,7.3611,7.2734,13.161,8.77,8.6153,16.479,16.911,7.4396,9.1988,10.801,10.949,11.559,8.9745,13.27,9.3865,9.9826,9.2928,5.5143,11.279,12.056,10.85,12.574,13.978,13.709,11.946,5.79,6.0579,6.9734,5.4511,8.0317,12.24,9.4787,13.405,11.466,11.397,11.61,9.1252,12.822,12.223,9.9369,8.0387,12.161,10.147,5.1882,17.383,12.622,9.5677,8.387,6.6928,10.303,10.467,11.051,9.9462,9.0153,10.628,6.7424,12.546,8.9285,7.0089,14.613,10.221,16.816,6.7228,9.1941,6.9947,5.0526,5.7385,10.142,17.108,13.241,8.9872,7.6328,2.972,13.111,12.252,9.3411,12.712,6.5515,11.887,12.956,14.803,12.983,9.4747,13.332,6.1314,17.309,8.9945,7.089,8.1139,7.5166,61.92,8.3781,8.784,14.694,21.705,7.6002,6.9821,7.4816,14.706,10.594,8.4334,9.9745,8.4025,10.933,7.5255,8.0524,10.22,13.283,5.964,7.6682,11.276,14.753,9.3331,8.0712,9.6013,8.6117,11.736,11.629,9.5375,6.0588,15.776,9.4432,10.5,10.11,7.492,8.1568,7.88,8.6924,6.9361,7.4306,6.2317,5.213,5.3457,10.58,14.607,11.326,6.0087,5.9862,6.6061,6.1135e-16
1.2126e-15,10.431,6.6336,5.395,5.777,6.2491,6.0098,13.461,12.722,9.7901,13.035,13.158,8.9454,11.202,13.343,15.041,14.108,8.9245,8.8414,7.5396,11.454,10.609,4.7688,11.952,12.326,10.764,12.536,14.019,15.375,10.787,6.9126,6.311,12.922,4.8156,10.764,12.057,8.3543,11.54,12.18,9.7351,7.5085,5.3339,9.725,11.478,14.026,9.6694,12.481,6.5626,8.1882,13.666,11.497,8.6277,13.584,6.6278,7.3433,11.799,11.392,9.2173,7.7055,7.5005,4.4152,8.9196,6.8919,10.115,10.877,7.437,18.272,9.6994,11.482,9.24,6.57,4.6712,14.81,10.364,12.096,8.9442,11.891,5.4417,10.677,12.512,15.951,14.358,5.3382,8.4102,15.227,19.097,14.532,11.72,13.881,11.058,17.768,10.831,12.033,11.007,4.6426,25.172,11.276,8.3724,13.342,16.439,10.269,7.8881,6.5268,10.216,6.869,5.9416,8.604,9.6016,10.851,12.047,8.594,6.8662,14.401,10.064,7.7589,10.261,11.361,8.4552,5.8197,9.4189,11.029,12.384,10.021,10.187,5.3641,6.7425,7.9694,10.683,6.2493,8.9088,14.007,8.4524,11.41,7.6702,8.3567,4.2443,9.8013,5.5022,12.336,18.397,16.987,5.5809,7.672,9.1527,7.776e-16
1.4954e-15,13.528,11.522,11.441,4.4623,6.7454,7.3491,10.724,12.168,9.7982,8.832,10.132,10.399,8.9656,12.333,15.099,13.36,7.5588,5.9438,8.2066,12.365,11.088,7.1133,8.2314,9.9389,11.646,12.712,14.597,16.145,14.098,8.2794,9.7595,17.269,10.876,10.67,9.3084,9.5698,11.271,13.281,11.705,4.9056,5.1887,8.1194,8.4617,13.333,11.826,8.5261,7.9098,8.7614,9.9314,10.063,8.2597,13.006,8.4297,5.6031,10.717,9.8137,6.6168,7.797,5.6761,7.7768,5.0819,7.5426,10.316,9.818,6.6631,15.224,14.209,11.863,11.771,8.6214,5.692,14.208,6.0604,12.89,10.042,14.536,11.224,10.149,11.093,18.173,13.206,5.3633,4.6229,12.479,15.494,13.556,11.791,10.177,11.683,14.658,10.895,14.419,9.4076,7.7373,1.0721,14.648,11.844,10.309,10.772,10.85,7.3144,8.4718,8.3503,8.5501,8.9505,10.005,8.826,9.5785,13.211,9.5514,5.2737,12.23,11.83,11.218,8.5316,9.4661,10.677,8.5897,9.7377,11.267,10.622,7.7151,13.263,6.0752,2.2817,12.488,11.68,5.0396,10.625,15.952,9.3728,13.257,9.9505,10.131,7.6022,12.617,10.832,11.94,14.517,16.86,5.8898,8.6923,12.05,1.5398e-15
9.8231e-16,14.284,13.265,17.413,6.9973,8.5983,9.4205,7.2956,7.9605,10.956,10.685,12.24,10.395,7.1457,11.411,11.905,9.7259,6.2023,10.428,12.565,12.756,10.105,9.2668,5.2618,7.6206,13.718,14.048,13.229,15.507,16.181,9.5645,11.891,15.519,16.049,7.3786,6.9341,11.696,10.759,13.305,14.206,7.0793,6.8687,8.8061,3.8881,8.4076,11.875,4.9121,12.553,8.4237,10.961,10.026,9.5059,8.4699,12.432,7.1864,8.5673,7.9993,5.1713,11.092,5.6724,11.288,5.0258,6.9134,4.8997,13.15,7.3953,11.716,17.885,10.582,12.097,10.516,5.4522,9.788,8.9815,17.742,13.102,13.31,13.856,11.228,8.103,13.065,14.605,7.707,4.8196,8.6831,8.6387,11.421,10.213,10.3,10.528,9.0088,10.074,11.685,5.8798,7.8936,12.519,15.312,16.381,10.004,8.8973,8.25,5.7481,12.783,10.492,14.147,13.424,11.201,6.8946,9.7386,9.2999,10.743,8.3559,11.877,11.276,14.681,8.3374,11.158,12.587,13.986,10.494,9.3996,9.5895,7.6382,15.168,7.0703,4.9854,15.879,12.155,7.8281,10.178,11.514,9.2712,10.358,11.203,10.55,11.278,11.979,17.593,12.132,10.879,12.459,6.5226,7.8553,11.659,2.1461e-15
6.6994e-16,11.454,12.966,20.169,8.3975,9.0643,10.805,8.1983,7.2692,13.006,15.732,13.496,8.0641,11.821,14.938,9.198,7.0844,7.7845,14.639,13.91,12.048,7.684,10.654,9.3981,8.643,15.63,13.09,8.7473,13.136,11.047,12.46,14.847,16.039,11.66,7.5328,10.856,13.546,9.3944,11.968,12.567,10.308,8.5615,11.239,5.4218,8.5438,12.27,8.9375,9.4803,14.433,13.591,9.9902,11.499,10.092,18.889,10.618,11.327,10.358,8.0175,14.888,7.5877,8.8404,9.197,4.3138,4.18,11.715,7.3582,10.666,20.673,10.572,12.014,12.767,9.6292,7.7437,12.726,18.219,14.771,11.972,9.6897,8.602,4.4073,6.9,20.803,9.0157,6.8954,11.179,10.496,7.8514,9.9859,15.51,16.47,8.1,11.767,9.8045,8.6912,6.9109,10.854,12.571,15.655,11.597,9.3375,9.2357,8.968,16.12,13.137,16.56,12.163,7.0988,9.1494,10.789,7.3994,10.269,11.543,12.855,15.348,14.485,14.494,11.223,11.065,14.845,11.259,7.8571,10.66,12.163,12.733,8.5379,6.966,10.576,12.034,10.37,10.183,7.6194,6.8152,5.9081,9.1046,8.5108,8.4113,14.929,19.747,14.017,15.082,11.814,9.056,8.6066,9.9952,1.9234e-15
1.1991e-15,9.9911,15.825,18.546,8.6249,12.191,14.307,9.4922,8.6113,9.4503,12.198,15.103,8.2906,12.114,11.992,7.0528,6.0397,7.7364,7.0357,8.1771,8.2583,6.8348,11.379,10.414,9.7778,17.421,12.116,10.973,15.153,11.777,14.712,15.753,13.166,8.3596,10.787,14.101,13.033,7.8264,11.686,11.436,8.8478,10.632,13.076,7.1764,8.7499,10.957,11.744,8.9923,14.761,10.352,7.7411,12.066,16.451,21.429,7.67,12.468,8.4384,11.485,13.741,9.7859,10.715,9.4249,6.0007,4.8885,9.8431,8.4897,11.948,14.083,8.7858,14.157,11.125,9.7978,8.8884,11.013,13.516,13.426,13.874,9.8932,8.6617,8.1624,7.6574,19.495,10.148,9.0793,16.235,13.96,8.7523,8.7473,14.06,17.253,8.3835,11.897,14.15,12.269,9.0303,11.577,8.8538,9.7037,11.586,12.505,10.703,12.308,10.136,10.1,12.179,8.1305,8.2416,11.853,10.668,10.246,8.6695,11.26,12.277,18.826,15.854,16.082,10.36,10.711,10.864,8.8778,8.0912,11.631,12.445,12.176,9.9885,6.0903,8.5424,11.586,9.6571,13.487,11.059,4.8595,8.6657,8.4909,8.6628,6.7142,12.635,14.793,13.99,15.293,13.302,11.625,10.309,11.862,1.9549e-15
1.5555e-15,10.83,14.764,13.643,9.7566,12.32,15.466,11.168,9.8254,7.3742,6.5861,13.637,11.388,10.551,7.6674,7.8061,7.3838,6.8743,4.3204,4.7866,5.3987,7.0016,10.451,9.9298,12.409,15.083,10.979,14.044,16.397,14.52,13.638,15.409,9.3478,8.8504,13.169,13.391,11.867,8.0969,13.076,11.385,7.08,10.355,12.803,8.6561,9.124,9.005,12.803,10.85,11.145,6.1526,6.7214,8.5257,17.1,15.261,6.2556,9.9317,6.5815,11.553,11.957,13.231,13.328,8.5617,11.821,5.0218,11.49,8.5791,12.588,5.5489,8.0872,13.544,11.305,9.7441,12.789,5.8768,9.702,12.008,12.983,11.818,9.4757,14.739,11.635,12.83,8.8606,10.613,15.248,12.143,11.762,8.1395,9.5035,15.472,8.1444,10.316,14.438,12.625,9.8662,13.193,8.2444,5.3975,10.127,13.188,9.6095,11.858,5.3437,5.7947,11.047,8.7031,12.369,12.305,9.4228,10.545,8.1343,10.333,11.598,18.142,13.735,13.489,9.3915,12.683,9.789,7.2624,8.3095,11.405,10.473,11.919,9.9009,5.3323,8.1336,8.7244,8.3069,14.612,15,6.0887,11.922,9.6811,10.39,7.9728,10.658,12.79,13.538,14.629,15.185,12.038,10.931,13.046,2.4055e-15
8.2745e-16,12.729,9.334,9.4169,11.016,7.614,11.426,11.588,9.321,10.001,7.4451,9.3284,13.03,10.921,7.5265,11.812,10.197,7.0468,14.522,9.3693,7.1175,7.2069,8.2221,10.611,14.17,9.8602,9.739,11.122,12.461,12.36,9.6249,14.68,8.9761,10.85,12.697,10.094,11.507,9.929,14.648,11.555,8.3368,7.0731,10.705,10.506,10.599,9.39,13.044,10.472,9.1163,6.1413,7.7789,3.7924,10.122,6.2794,11.289,7.584,8.9512,8.1412,11.822,16.931,12.329,10.389,16.141,5.9035,14.034,7.2383,10.498,3.4751,11.926,8.8031,15.448,13.689,16.148,4.0327,9.2109,13.761,8.6437,10.957,8.3151,15.726,13.305,8.449,5.8672,10.887,8.701,7.5993,13.352,8.9742,8.9794,16.939,8.7993,8.3157,6.2239,11.272,7.5707,9.8955,9.6525,6.1502,9.5259,9.5362,7.2701,10.277,10.251,6.3095,15.822,13.691,13.875,11.9,8.5761,6.4189,8.8383,11.536,12.537,14.61,7.5482,12.677,9.0846,13.703,12.179,8.2707,7.8853,10.97,11.186,10.342,9.4299,7.6836,6.3397,5.4073,9.266,11.491,13.465,9.2553,10.941,11.353,11.15,8.8547,13.406,17.299,13.798,16.021,15.023,10.116,9.8116,10.786,1.4481e-15
1.7627e-15,14.499,13.01,10.662,8.6097,7.1394,7.4717,6.3883,6.9351,7.5613,10.99,9.4602,8.8657,8.1565,5.9732,14.247,11.397,7.184,16.296,13.343,10.972,8.4857,7.0273,7.7742,7.6095,10.485,10.295,7.6279,9.0535,9.0297,7.0184,12.125,10.698,13.039,11.612,7.5433,10.489,9.9715,14.384,12.863,8.0376,5.563,8.9126,10.129,10.534,12.881,9.0725,8.6806,7.1764,6.8142,6.0685,5.7474,8.1094,8.1247,12.787,10.315,9.9804,6.4348,7.916,16.062,13.23,11.261,14.505,9.3474,10.92,8.6283,7.0088,5.1085,18.042,8.1578,14.486,15.813,13.924,9.2092,7.2173,17.174,11.603,11.677,8.5687,10.546,13.677,7.4177,6.7113,9.4331,8.6401,9.8101,14.912,8.4752,10.933,17.879,12.051,6.177,2.9435,12.091,8.6339,9.5588,6.7998,6.6331,11.089,8.4368,9.2582,13.981,15.356,10.633,13.24,13.09,14.046,13.977,9.7193,7.7517,8.8264,12.784,13.334,12.639,8.0344,14.587,9.8788,10.046,7.6699,6.9714,9.4212,12.284,13.562,11.292,12.338,12.508,9.2899,8.9567,10.757,11.301,11.333,9.7897,13.208,13.273,10.454,6.8269,12.439,16.201,12.108,11.401,10.404,8.2986,8.8789,10.338,1.1414e-15
2.1261e-15,12.21,14.959,14.181,7.4765,6.7586,7.0638,7.2726,7.605,7.1463,13.537,9.2531,4.8441,5.605,8.3255,10.665,11.798,9.2837,12.499,14.213,11.765,9.6169,5.6566,7.3402,5.4107,10.978,9.8647,8.8199,9.0122,5.9688,8.5337,11.003,11.718,12.062,10.036,8.0023,9.6755,10.006,13.542,13.938,8.6999,9.121,9.7357,9.7009,10.909,12.423,6.688,9.0058,6.8863,9.2653,7.4119,7.8761,9.349,10.364,13.095,12.721,13.071,11.659,7.7824,11.56,13.212,11.44,15.902,10.931,10.253,8.9715,4.8787,11.183,19.579,12.423,9.6434,13.727,10.438,10.88,8.3652,13.275,16.915,13.471,10.23,8.7045,13.524,4.9968,6.6308,8.4935,10.232,11.147,15.242,9.9245,12.436,15.248,13.871,7.7876,6.3097,8.783,9.7897,10.845,6.9236,4.8506,12.192,12.901,17.457,13.695,12.668,13.705,10.918,10.757,13.109,13.664,13.066,10.418,13.17,12.196,11.568,12.072,7.8621,11.136,8.4185,7.6655,6.1573,7.0686,11.825,14.073,15.019,11.242,13.935,16.839,14.102,16.106,7.3217,11.793,9.6674,10.312,12.228,11.381,8.03,6.5341,8.8267,10.708,11.153,7.3911,8.4778,8.5607,10.15,10.924,1.4571e-15
8.0924e-16,7.2731,10.962,15.1,8.5506,4.5487,10.987,13.065,10.679,11.323,13.952,8.5141,4.8885,6.6596,13.73,5.8168,10.588,11.822,9.7344,14.512,11.431,10.071,8.2663,10.008,9.26,10.373,9.1327,11.283,9.5416,6.1988,11.151,10.48,10.928,8.8539,8.5808,9.5139,12.566,10.224,11.255,14.572,9.5352,14.942,11.108,10.311,11.391,9.9001,8.7486,12.636,9.084,10.84,11.798,7.7775,10.698,10.662,15.67,13.458,15.557,17.065,10.738,9.913,11.33,12.485,18.272,9.4292,13.374,7.7997,6.9461,15.962,18.191,17.126,5.117,10.647,7.8612,7.8953,11.347,6.739,17.229,12.975,10.868,10.762,12.435,2.7626,6.079,10.091,9.8446,10.815,14.47,13.374,13.574,11.478,13.354,9.4252,10.192,5.9633,10.727,12.387,10.834,3.8084,13.843,17.794,21.011,11.085,8.2942,14.145,11.468,9.247,11.784,11.971,14.992,11.157,19.133,11.024,8.6702,13.179,9.8836,5.8354,8.1375,7.7357,8.8679,9.9491,12.583,14.517,13.868,10.187,11.574,16.376,13.343,18.824,6.7695,9.1409,8.1329,10.752,8.5158,8.1439,6.0778,10.103,8.4791,7.6008,11.257,8.0606,11.845,11.354,11.231,12.822,9.6598e-16
4.7615e-16,5.2013,6.6528,11.643,9.1769,4.1495,16.165,14.161,12.125,15.259,13.264,11.246,8.1649,10.342,16.075,6.5032,7.9014,11.437,9.0825,15.379,13.023,10.364,16.061,12.153,11.465,12.418,10.574,10.003,8.5255,10.696,11.025,8.6714,9.4598,7.487,8.1061,9.2518,17.247,10.01,7.558,14.815,8.8795,17.053,9.9228,10.765,10.412,10.713,12.236,16.221,12.516,8.8,14.009,8.2012,11.455,13.525,18.745,14.199,12.187,14.137,11.271,13.735,9.5652,13.656,14.983,7.0961,13.708,7.6722,12.19,13.672,18.385,18.443,4.5376,10.943,5.4806,6.7598,11.856,7.2305,11.623,10.419,9.3306,10.75,10.512,5.1079,9.0159,13.063,9.5592,13.087,14.39,16.007,15.566,10.223,12.024,6.8436,9.9155,11.693,13.299,13.85,12.849,6.998,17.54,16.183,12.431,12.811,10.469,13.469,10.996,8.239,10.948,13.566,14.071,11.246,19.135,10.837,7.9856,14.348,17.863,8.0439,13.867,7.3156,8.6457,11.999,11.163,12.132,10.223,10.435,7.7906,10.786,6.4966,13.584,15.403,4.5449,7.0437,10.52,8.7501,8.1942,6.3977,13.778,13.782,9.9234,10.934,10.898,15.518,14.187,8.7129,15.249,3.2391e-16
-8.2464e-16,8.4305,4.6289,7.9085,10.082,8.9429,15.869,13.475,13.085,15.458,12.909,15.138,11.801,11.604,15.223,8.3118,9.9528,9.1647,6.9588,10.918,9.6547,10.651,14.793,15.354,13.67,14.724,12.116,10.569,12.243,12.501,11.729,10.126,9.4286,9.4078,8.1011,9.3582,10.271,11.724,8.6264,12.721,11.576,13.704,8.7286,9.7362,10.225,9.3453,12.209,13.279,14.425,8.6449,13.657,8.4953,11.524,12.522,15.499,11.591,7.9543,11.211,13.878,12.08,8.3614,10.563,14.35,5.079,8.7271,7.7029,12.816,11.609,14.691,19,9.5818,13.172,4.9386,6.7246,13.762,7.9139,8.4105,14.252,9.2894,9.553,10.396,8.5832,12.258,12.377,11.819,13.077,16.067,17.421,16.584,9.2963,9.0234,8.5412,10.839,17.153,13.985,12.602,12.182,11.421,17.967,10.472,10.005,10.319,9.7466,11.47,11.23,10.232,10.088,16.195,17.953,12.348,13.675,9.1048,9.6107,8.8611,13.275,13.813,19.111,7.6948,6.6774,8.9669,11.122,6.7896,6.481,9.6238,7.7794,8.875,8.4918,9.0004,14.018,6.4483,8.0549,14.698,12.376,7.576,6.0988,10.744,16.48,10.725,11.568,11.919,12.459,11.86,5.2947,11.425,-5.5017e-17
-4.289e-16,11.413,6.9456,7.8639,8.8459,11.831,13.157,11.25,14.736,12.241,11.797,11.734,10.716,13.36,14.381,10.626,15.22,8.9511,6.6477,6.2639,6.6213,9.6856,10.231,18.762,16.224,16.649,13.213,11.275,16.277,12.675,15.387,11.328,9.6478,10.7,9.6022,10.928,6.8638,11.773,10.398,11.867,11.964,11.481,10.023,9.0231,12.083,10.24,10.827,8.822,12.244,8.1373,11.73,8.7876,13.773,9.0622,11.521,8.7527,7.8211,10.968,15.304,9.1421,8.139,9.7435,12.301,5.359,8.7015,7.3345,11.199,10.955,10.671,18.085,14.828,13.607,8.1556,5.9051,13.289,7.5608,8.3738,17.403,10.901,10.56,12.098,10.098,12.434,13.46,11.016,12.628,17.018,15.282,16.505,10.944,9.0331,10.105,12.676,17.801,12.818,10.334,12.313,10.52,14.62,8.9464,11.42,7.0987,8.7998,9.8501,12.238,13.524,8.5668,16.742,19.311,12.098,10.632,7.6779,11.409,6.5295,5.3917,13.133,16.421,8.5967,7.7304,8.22,9.5417,7.3771,7.9288,9.402,10.892,11.355,10.629,6.5547,9.6884,11.273,10.882,15.243,14.372,5.7309,7.0756,7.5701,13.23,10.565,12.669,11.704,8.0573,9.4749,6.4889,6.7926,3.6209e-16
6.6306e-16,11.001,11.288,10.437,6.4622,10.575,13.274,9.4635,13.47,8.6141,9.0373,4.4903,7.4378,15.754,14.274,13.132,18.274,10.774,9.4373,6.0539,8.231,7.9097,9.5341,19.2,16.743,16.61,12.745,10.143,16.435,13.936,17.576,10.124,9.2805,10.455,13.226,12.256,12.38,8.2283,9.602,13.012,9.9993,13.48,13.175,9.5695,13.96,15.132,10.736,8.37,8.4265,6.758,9.4882,8.8462,16.118,9.0819,11.098,8.777,11.703,10.889,13.27,9.4763,8.7649,12.156,8.1804,8.4542,15.088,7.2577,10.896,11.66,12.214,15.183,14.634,10.669,13.221,4.8168,9.3496,8.8893,8.8574,14.958,11.037,13.467,16.004,9.416,10.459,17.552,6.4393,12.27,14.867,11.278,15.519,14.617,11.63,7.8825,13.421,15.396,11.476,9.6628,14.051,7.1452,11.031,11.545,10.756,8.0319,10.808,8.7445,12.986,14.109,6.8702,14.84,13.37,10.463,13.102,7.9796,12.096,10.641,5.9306,7.5267,9.8756,8.9495,9.5969,11.685,7.8464,12.733,13.782,10.614,14.451,15.79,7.6237,5.1622,10.711,11.859,13.181,10.382,12.614,5.8743,10.712,8.7603,7.4487,10.73,12.526,10.72,7.0185,10.274,10.435,7.0207,1.1053e-15
1.0577e-15,10.8,12.427,11.073,8.3628,11.951,17.042,12.094,5.7854,7.7832,7.42,8.1045,10.151,13.527,12.372,13.369,15.444,10.651,11.35,7.8418,10.113,7.3673,9.5202,14.817,13.271,12.55,9.6542,9.218,15.248,15.454,12.026,9.8063,9.1581,12.163,16.805,10.656,10.085,5.2625,9.0697,11.706,14.129,14.639,15.12,10.435,12.609,17.228,11.068,10.59,9.1385,9.0667,8.3948,8.2852,12.714,14.961,10.785,10.364,14.298,8.5198,11.461,9.9499,9.5882,9.9901,9.4979,11.915,15.661,8.6248,11.178,14.743,18.641,12.195,9.2317,6.776,14.643,5.9962,7.6255,12.789,8.5081,12.049,7.3607,13.858,21.573,9.1629,10.387,16.76,5.4327,9.2462,10.416,10.669,13.496,14.463,10.155,6.2338,13.152,13.923,10.71,11.24,14.171,11.333,10.466,9.7599,9.8781,11.187,12.075,6.9773,12.47,10.196,6.734,12.458,7.5487,11.298,15.065,8.8326,12.387,10.744,11.127,9.4014,11.699,9.2146,5.3313,10.893,12.09,10.41,16.249,11.136,16.847,19.942,9.1932,5.2531,11.435,7.0924,12.545,10.12,10.503,10.314,14.583,10.048,5.8154,10.027,10.878,8.2468,6.9736,10.194,9.6833,10.628,1.4844e-15
1.7164e-15,12.845,13.476,12.753,13.425,13.31,20.224,14.061,6.5381,8.8609,15.286,14.886,10.795,10.943,10.327,10.683,9.8287,11.923,12.818,9.6067,8.6408,6.1421,7.851,11.932,11.641,9.6259,9.1635,8.7578,14.641,14.803,9.0364,9.6057,8.1946,12.422,14.301,8.8339,6.9716,8.2273,8.3155,8.8083,16.465,11.842,15.91,13.335,11.514,14.256,10.836,11.124,12.316,12.714,10.467,9.9181,11.137,15.931,10.851,10.885,11.591,8.3238,12.231,11.681,10.956,10.5,9.9352,11.74,12.241,10.419,12.392,15.155,17.476,10.335,6.9299,5.9916,11.261,8.3988,8.6927,12.516,8.5168,7.8287,6.0762,11.91,18.544,12.023,10.425,11.094,6.6535,9.9722,8.2466,9.6607,11.965,8.8888,9.3179,5.9069,13.008,10.957,9.4188,13.55,13.58,13.082,9.2722,10.064,7.1645,12.313,11.047,9.2242,9.9646,8.4992,9.1856,8.3933,8.7194,13.899,11.907,11.083,12.738,9.6266,12.596,11.742,14.106,13.651,5.5103,7.2844,12.76,8.6597,14.551,10.881,17.095,18.457,12.923,6.6149,9.958,6.7681,11.094,11.605,11.274,11.212,15.622,11.78,9.0461,12.181,12.82,8.8134,8.1717,8.4864,12.005,15.034,1.9341e-15
2.9669e-15,14.53,14.223,14.922,16.718,14.05,20.22,11.394,10.523,9.9194,20.394,17.577,10.316,11.223,9.6481,8.0488,7.1214,12.595,10.964,8.9942,9.5723,7.2287,6.7392,10.094,10.873,8.5462,7.7757,7.659,12.645,14.716,10.829,9.4117,10.162,12.326,9.7926,9.7677,8.7322,13.007,8.5598,6.9951,14.401,9.4438,12.389,13.783,10.854,10.76,10.258,9.332,12.759,14.566,13.947,12.453,12.599,13.1,10.544,9.7392,8.2388,9.6733,13.177,14.348,13.433,14.606,9.0086,12.125,10.286,12.11,12.081,11.925,13.134,8.7438,10.319,8.4392,7.3468,9.8433,10.326,9.2116,11.249,5.1069,7.4033,8.9705,10.449,14.206,10.022,7.8295,7.6968,13.09,8.6172,8.2723,11.905,4.1636,10.409,6.8589,12.453,7.3955,9.385,12.328,11.352,11.597,9.0006,13.477,5.6043,10.499,9.1498,13.13,7.2911,10.079,10.27,5.2695,11.533,14.818,8.9794,12.211,11.333,8.4466,10.615,13.316,11.953,15.42,10.431,5.1773,10.086,10.571,12.207,9.1296,15.192,15.148,14.19,8.6207,8.7852,9.862,9.7099,10.551,12.371,8.3065,11.102,11.954,11.989,14.682,15.02,12.9,10.636,8.2326,13.008,14.985,2.4271e-15
1.4994e-15,12.175,13.537,15.888,15.348,14.344,17,6.2551,7.015,11.099,12.445,15.525,13.103,12.849,9.6452,8.2199,9.675,10.022,7.1497,6.6501,15.179,12.316,8.2223,7.2521,7.9982,6.9356,2.4415,6.635,9.1711,16.863,12.19,9.1008,14.522,12.977,9.6844,12.61,13.074,14.27,9.4774,7.0789,12.693,10.471,5.9901,9.8476,9.6949,10.376,9.3039,7.2613,9.2344,13.208,15.536,12.429,13.296,13.781,9.1193,9.0077,8.9079,8.804,11.525,15.242,15.467,17.267,10.567,16.433,11.856,13.851,9.0396,9.4486,14.655,7.2524,14.884,11.481,7.0582,9.6129,10.856,7.2307,15.7,7.0857,8.0154,6.9345,6.5808,12.867,10.104,11.514,8.8863,13.127,8.8797,8.1974,11.762,6.0364,10.828,8.2814,11.683,6.4601,11.972,7.302,7.4054,11.613,11.393,14.741,8.5534,7.1873,8.8486,13.981,7.0825,11.497,7.9571,6.1322,9.5062,12.347,11.349,10.378,7.6618,6.5355,9.8145,15.687,8.4789,8.8172,12.568,7.9566,10.832,12.822,11.129,7.1988,12.211,14.698,12.647,10.098,9.546,10.492,7.8798,7.905,11.062,7.2939,3.5836,8.6527,10.513,13.539,13.403,15.181,12.448,10.595,7.1355,9.2163,1.2151e-15
1.8723e-15,6.5844,14.044,17.374,12.49,11.089,12.2,6.4812,5.6537,14.868,9.5264,13.031,14.469,11.076,7.8206,9.5531,12.653,8.9013,12.79,8.3943,12.711,13.918,8.8396,8.0256,7.0015,5.0719,2.2197,9.3298,10.534,15.474,10.34,7.4164,9.6477,9.5109,10.348,11.712,13.278,15.471,6.4088,6.8372,15.824,8.6255,8.6842,10.99,10.324,8.7185,6.8208,6.5539,8.2682,9.9242,14.679,9.7103,12.628,16.673,8.3342,11.531,8.4568,5.5419,9.3208,11.656,13.558,15.761,13.78,16.862,13.008,15.743,7.778,13.3,15.031,8.8684,14.293,13.109,9.0677,10.068,11.309,5.6309,15.431,10.786,8.1601,7.8967,6.1257,13.994,10.71,15.113,13.177,10.385,8.0465,7.1676,8.0631,10.556,9.3355,8.4194,13.483,8.6959,13.995,6.8535,6.1971,11.101,11.14,10.342,12.563,3.7313,10.507,13.028,9.4435,11.168,8.2445,8.8729,8.5753,9.8076,12.47,9.3651,5.9733,6.2592,10.248,13.577,10.772,4.8076,9.7795,15.018,15.051,13.443,8.0129,10.136,10.237,12.512,13.894,9.9457,8.8338,10.753,6.0754,10.176,11.246,10.678,2.8019,4.8699,8.1725,11.528,13.773,9.2983,10.673,10.756,5.3795,6.193,1.0014e-15
8.6297e-16,4.6664,10.749,13.624,7.8058,6.4482,9.724,10.223,11.75,14.28,9.6784,14.219,15.764,9.0378,6.4086,11.144,13.799,10.477,18.584,13.269,8.3012,9.6443,6.882,8.4686,9.211,6.1762,5.2948,10.102,12.369,14.134,8.1788,9.0598,6.2471,8.3703,7.2009,8.0276,10.759,12.206,5.4151,10.45,15.553,9.5455,13.879,13.687,9.4857,7.1618,6.5738,9.4387,9.332,9.3516,14.231,10.472,11.875,14.699,9.3906,12.603,6.9593,4.4656,7.9172,7.87,15.484,11.449,12.303,13.717,13.529,17.585,8.9023,18.65,10.543,13.232,12.754,13.095,14.086,13.178,10.96,9.6266,13.719,12.117,7.8974,9.457,6.9653,16.147,10.582,14.036,17.019,8.8504,7.7521,6.3712,6.5243,14.167,8.8936,9.4615,13.732,10.149,15.141,9.076,7.832,12.852,10.82,7.4329,12.404,3.4937,9.1307,9.0555,9.7497,10.388,6.9535,11.32,9.6078,8.5446,12.836,9.1411,7.4485,10.525,9.5177,9.7823,12.489,8.7609,8.2506,16.44,13.669,12.456,5.9463,13.815,11.793,14.534,17.409,11.514,8.6384,12.449,8.3019,12.084,14.474,12.063,5.7748,4.5456,8.5631,11.16,15.042,6.2766,10.482,12.127,9.0971,8.3576,8.2034e-16
1.7641e-16,9.3238,5.7285,8.4377,5.1927,6.685,10.956,13.58,19.4,10.184,8.5926,15.937,17.296,7.791,6.6074,11.947,12.851,13.577,17.277,16.783,8.0605,4.729,6.0001,7.2276,10.962,9.4096,9.2607,7.9996,11.259,13.673,8.9855,13.699,9.979,12.083,5.1993,6.1285,8.5892,6.214,8.6098,16.298,11.761,13.788,14.17,13.406,8.4606,7.9193,8.1628,13.467,11.387,10.546,15.3,13.467,12.819,10.918,11.455,12.273,6.6025,7.0801,7.3919,6.761,20.925,9.4797,6.9039,9.6198,13.971,17.549,11.385,19.791,6.6953,16.193,13.099,12.049,17.287,15.567,11.232,15.941,14.061,11.06,7.2397,10.223,8.7993,16.4,10.244,9.7571,17.189,9.9348,8.6085,8.1534,8.7447,15.273,10.587,10.982,11.765,9.8534,15.224,10.783,11.319,15.761,11.705,9.8841,10.053,5.7903,6.3452,6.9575,7.765,10.667,5.4282,12.474,11.491,9.833,13.962,9.0083,10.095,14.426,8.1056,9.1916,11.159,15.526,9.2715,12.083,9.896,10.914,5.2328,12.142,14.317,17.485,21.147,15.685,11.339,13.505,13.61,11.05,16.881,11.066,7.978,7.6925,11.187,12.137,14.588,9.3165,12.927,15.566,13.503,12.765,1.34e-15
1.5788e-16,15.536,7.9092,11.084,9.0742,14.59,13.477,13.926,18.615,11.179,8.8873,12.746,15.865,5.3014,7.4433,11.07,10.158,15.956,13.365,15.827,9.656,5.6072,10.599,8.2491,8.4678,10.437,14.029,8.7593,9.113,10.784,11.988,15.468,13.787,15.335,12.277,9.0699,7.7156,5.9004,10.871,16.972,12.75,14.625,10.693,11.182,11.8,10.886,8.3361,14.321,14.283,8.5953,15.518,11.463,15.846,13.924,12.663,15.118,8.2656,10.561,7.4911,6.794,20.123,13.412,5.0504,6.3445,13.285,13.779,13.642,16.302,10.487,14.137,13.306,11.2,12.465,12.433,13.827,14.482,15.313,10.852,6.9075,10.996,12.034,14.494,10.995,7.4057,14.623,11.091,9.8152,12.388,9.679,13.901,11.976,10.036,11.211,10.374,13.367,11.997,14.882,14.451,11.376,14.002,11.851,6.9136,8.6703,12.614,7.715,11.885,10.417,12.336,13.057,13.69,15.098,9.1143,11.202,10.73,8.2074,13.448,11.74,16.108,8.7727,11.598,14.667,9.8991,3.9212,6.2983,12.705,12.364,22.784,18.526,15.371,12.331,15.262,11.17,13.495,13.179,10.101,10.807,12.04,12.352,12.213,10.085,14.015,16.704,14.16,14.923,9.6694e-16
1.2494e-15,14.814,14.777,10.037,9.0636,17.762,14.076,8.2293,14.181,13.667,13.251,12.792,10.24,5.7982,9.9719,9.9621,6.0133,15.121,13.689,13.597,9.8569,6.3396,13.931,11.947,8.6809,10.13,14.587,12.025,7.534,9.7168,10.552,14.805,15.672,15.775,16.994,12.616,7.643,9.89,11.027,13.938,12.85,14.284,9.024,10.627,13.445,14.079,13.02,16.657,13.707,7.5724,12.046,9.1317,17.506,13.223,13.245,16.042,9.8246,13.687,9.2435,6.155,14.223,15.519,6.2499,6.5601,9.0568,8.9931,12.661,13.605,11.801,12.007,13.581,12.701,8.7509,9.8517,13.162,9.4181,14.211,11.177,8.9167,10.805,13.534,12.76,10.271,8.3179,13.372,9.9879,12.104,13.404,8.4291,10.848,10.927,8.8978,9.9478,10.852,10.425,13.023,13.064,9.8249,10.507,16.097,13.86,8.5926,11.168,13.735,8.536,11.792,15.216,11.055,12.119,14.401,15.303,9.1516,11.593,8.8774,6.7076,18.047,13.25,13.996,10.199,13.007,15.544,9.3389,8.46,11.359,10.173,13.012,17.248,15.482,14.083,17.221,9.8096,13.112,9.3021,13.565,16.273,12.76,9.0975,11.781,10.115,10.19,16.206,14.254,13.253,14.429,1.7408e-15
1.814e-15,10.324,17.002,7.7748,9.1394,15.318,12.607,6.833,10.633,14.097,15.129,12.542,8.9422,9.1772,11.357,10.586,4.7304,12.637,14.925,11.648,9.0785,5.7934,12.89,13.579,15.619,9.5761,10.437,13.419,7.4039,10.928,8.4833,13.958,14.072,14.349,17.116,13.827,8.473,12.515,11.105,12.725,12.888,14.507,8.6619,9.6188,11.615,14.524,18.49,18.951,12.453,11.882,10.503,10.853,15.523,10.474,11.87,13.218,10.187,14.819,11.41,6.9812,11.053,15.075,8.3102,10.68,5.4821,5.9922,9.5257,13.183,9.9567,10.971,14.343,15.971,9.1705,9.182,11.802,10.038,11.613,10.036,12.762,8.8678,11.482,11.846,12.179,11.504,13.813,9.155,13.994,13.535,7.392,10.057,8.4617,9.7906,10.403,11.806,9.8465,12.148,8.6528,7.558,9.9004,14.918,13.524,8.6554,11.907,10.753,10.394,11,15.734,10.695,11.133,12.939,13.847,9.8114,12.481,11.455,7.0994,15.508,14.089,13.266,11.688,11.614,11.226,7.9368,10.741,16.547,8.1033,14.824,10.746,10.888,9.9046,16.249,5.9307,11.687,10.431,13.282,18.909,14.735,7.306,10.452,7.5592,10.137,14.519,11.426,12.126,13.462,1.9482e-15
1.1935e-15,8.4158,11.887,10.176,13.347,12.343,10.549,14.366,9.1946,12.59,11.044,8.8496,14.53,11.875,10.191,12.951,8.0025,10.749,13.032,11.092,9.7504,6.7654,9.7158,11.323,22.081,9.4075,7.2334,12.918,10.207,12.966,9.9265,13.528,10.059,12.45,15.773,13.129,10.08,11.307,12.396,14.76,14.47,14.637,8.2596,8.2209,9.8338,12.89,17.923,16.194,13.342,18.07,12.363,15.063,11.906,11.497,9.3907,9.2784,10.104,12.987,12.307,10.278,12.933,13.768,10.474,15.329,5.7009,7.0674,7.9354,12.544,8.7346,9.4583,14.557,17.736,11.391,8.2982,14.366,17.654,10.125,6.8906,15.085,7.0864,8.4891,11.473,17.53,14.433,13.387,9.7141,13.771,15.454,8.3794,13.3,7.109,13.307,13.758,13.608,12.466,8.7052,7.6173,10.447,10.91,11.788,11.498,6.2686,10.851,9.9518,13.727,11.852,13.123,11.793,11.878,12.356,11.726,10.96,13.288,14.324,10.36,7.082,13.794,14.193,10.373,7.554,7.8117,6.2658,6.7903,11.762,7.5481,11.038,9.2188,9.2527,9.2933,6.362,8.6458,6.6088,14.919,13.338,12.977,15.832,9.7242,9.3648,6.0491,9.8114,7.7572,10.397,11.395,13.951,2.4816e-15
1.7185e-16,8.8369,9.3968,12.296,12.97,10.561,9.583,16.736,8.6795,12.194,9.3911,9.87,14.881,11.597,10.711,14.669,10.8,9.2731,11.857,13.376,12.876,10.509,8.5202,10.666,14.479,10.135,11.931,16.914,17.081,16.109,10.242,11.705,8.6998,10.388,13.224,13.198,11.416,10.124,12.665,14.135,13.259,13.148,9.9593,12.932,12.592,14.007,11.703,7.7097,12.959,15.508,8.388,15.123,12.006,13.666,10.321,8.2933,10.732,9.3121,12.143,12.284,11.608,10.069,13.364,14.927,6.2707,12.767,9.9734,9.3701,7.8271,7.4081,12.29,15.211,13.325,6.6018,18.639,20.688,10.534,4.1294,12.238,9.511,10.179,11.795,17.272,14.131,10.476,8.2393,12.531,14.825,10.191,16.197,7.9568,17.859,15.25,14.843,13.826,5.5564,11.202,13.648,14.594,9.6927,9.8118,5.848,7.5672,11.364,16.972,15.073,11.605,11.617,11.668,12.282,11.593,10.629,11.814,13.428,9.1555,5.7927,13.034,13.532,8.1812,7.1693,7.8227,7.6026,9.7952,10.622,10.62,10.195,8.108,8.1484,14.296,11.188,9.1809,7.3854,12.673,10.044,8.0526,12.349,11.222,10.294,10.898,11.207,6.5962,9.107,12.235,15.529,1.7672e-15
2.1244e-16,9.6544,9.7438,11.099,12.93,13.304,13.466,12.909,7.9289,12.764,11.356,12.241,13.682,13.495,14.122,16.801,13.355,9.1424,12.075,12.686,14.012,12.913,7.4452,10.449,10.777,11.562,15.467,17.587,20.458,19.983,10.789,10.012,11.221,11.348,12.048,13.774,12.54,8.5962,9.222,11.321,11.061,12.436,9.1922,17.414,16.554,12.416,7.6554,4.7717,12.54,12.198,6.5077,13.479,13.107,12.42,11.644,10.004,8.5805,6.4794,12.438,12.521,9.7055,8.7554,13.069,11.377,10.058,16.061,9.7163,9.7627,9.2745,8.8122,11.023,15.118,14.74,7.104,16.621,16.856,11.403,2.8076,8.5347,12.636,11.926,12.521,12.824,10.46,11.139,10.776,15.015,11.116,12.357,14.921,7.5263,19.187,15.954,15.617,13.825,5.3637,13.389,13.412,14.566,10.264,7.7662,5.2522,7.9253,12.012,17.052,15.109,13.054,11.544,12.562,14.157,11.932,9.124,10.229,11.7,8.7235,7.0331,11.887,11.984,7.601,8.1479,9.4234,9.5801,12.874,10.285,12.151,10.172,6.5666,9.7094,19.324,18.011,10.499,10.706,12.099,11.656,9.7022,10.559,10.714,9.977,14.131,16.924,11.258,9.8907,14.675,16.614,1.0236e-15
1.211e-15,11.77,11.544,9.5605,13.25,17.098,15.746,8.5745,7.4292,11.886,11.997,12.507,13.363,15.714,15.139,17.116,14.729,10.4,11.346,7.7977,11.495,14.136,6.5921,9.249,14.733,12.9,13.489,13.627,16.008,20.581,12.711,9.7057,13.55,13.61,12.647,14.541,14.75,8.2569,6.4498,9.9704,9.8743,11.774,6.5931,15.925,16.618,7.0688,8.1552,10.684,13.232,11.679,8.6963,11.595,13.055,9.5492,11.836,11.708,7.0231,6.945,13.447,12.753,7.8917,11.112,10.715,8.4308,14.955,15.86,7.464,11.084,12.71,14.194,11.281,17.654,13.133,9.474,10.68,10.96,10.917,4.8804,7.376,13.471,9.819,12.029,8.8407,8.1397,13.565,15.499,17.562,7.1703,13.54,11.671,7.159,15.271,15.07,14.857,12.407,6.9822,10.784,11.408,10.449,10.818,7.7551,6.4005,9.7775,9.1434,13.231,10.701,14.472,11.016,12.106,16.03,10.623,7.1179,9.1597,9.3988,10.609,8.4432,12.049,10.927,8.8932,8.1301,9.4397,9.0938,10.747,8.9893,11.973,9.7555,5.9572,11.294,17.631,15.779,12.356,12.278,14.281,15.701,14.661,10.016,10.183,8.4312,11.615,18.901,13.947,12.667,15.972,14.934,1.3977e-15
1.0884e-15,16.017,13.638,11.212,10.748,15.595,10.089,9.854,10.019,9.6342,8.8395,12.258,13.295,14.046,11.235,14.514,14.494,12.708,8.7966,4.4006,8.9625,16.843,10.049,9.6115,15.274,12.982,11.197,12.644,9.4948,16.259,14.629,10.93,12.455,13.752,13.945,16.08,17.627,10.252,9.8311,12.576,10.644,9.4259,7.6333,9.7259,12.464,4.4605,10.544,17.633,14.165,10.849,9.4068,9.4706,13.009,9.7284,12.629,12.26,11.973,10.988,14.237,14.588,5.0716,13.648,11.474,8.1954,14.861,17.743,9.3927,8.3572,16.37,19.302,10.738,17.786,8.5027,12.286,9.9099,9.6866,9.589,11.569,9.402,13.014,7.0835,10.862,8.7571,12.403,12.608,16.5,14.199,6.9961,13.443,12.403,10.901,9.5218,11.451,12.238,10.649,8.4014,7.1763,11.994,8.9748,8.6822,11.734,12.902,8.101,5.3274,9.8327,6.5499,12.827,9.6655,8.3928,15.989,8.4714,7.4878,9.3732,7.1906,12.624,12.625,15.665,11.718,10.976,8.68,7.8232,7.1359,7.3632,10.063,14.2,10.845,7.3424,9.339,10.302,9.7956,11.401,11.52,13.323,14.539,16.075,8.97,11.738,9.5617,8.1357,10.697,10.251,14.374,13.441,11.437,1.7562e-15
7.0172e-16,16.352,11.951,10.313,12.591,11.183,10.8,16.909,18.151,12.449,10.739,15.247,17.235,16.099,14.774,17.33,17.615,16.185,9.4706,8.0379,11.407,16.897,20.16,16.542,15.798,10.552,13.923,17.589,14.396,16.027,13.85,13.049,13.573,15.198,16.304,17.966,15.247,8.3248,12.165,15.729,14.199,9.3439,12.154,5.8768,11.986,10.182,14.72,16.622,13.035,11.693,9.1876,10.532,14.204,9.9131,14.151,14.879,16.89,14.375,13.887,16.059,6.3958,13.123,14.934,9.2587,9.7345,23.299,15.419,12.286,20.423,18.568,9.6994,17.06,10.427,18.546,12.736,14.008,11.395,18.158,14.232,14.231,12.596,14.872,12.209,19.475,14.831,19.251,12.169,11.405,15.206,17.793,15.111,9.8776,10.088,11.613,13.387,11.86,10.896,14.398,13.897,8.3562,12.414,18.31,10.284,10.677,14.493,7.0481,12.44,12.597,11.221,18.724,10.131,15.996,15.59,13.736,17.992,16.162,20.478,15.348,13.388,12.954,10.371,10.174,9.2581,13.248,16.657,12.202,8.8986,10.103,11.732,12.487,11.15,9.5275,13.459,16.75,13.689,19.113,13.553,14.418,10.574,9.7755,11.133,12.997,9.4429,13.33,7.4844e-16
2.9315e-16,8.147,5.3086,4.6935,8.307,4.5833,7.6515,11.918,13.005,8.5436,7.4895,9.7273,11.196,10.217,10.637,11.341,11.14,9.9376,6.01,6.5614,7.764,8.6094,14.794,12.052,8.9645,4.6441,9.2208,11.83,11.341,9.6234,6.8119,7.7714,8.2756,9.0227,9.6846,10.307,6.6084,3.1306,6.7351,9.3218,9.1221,5.5512,8.2992,2.7349,7.2419,8.4882,9.4296,7.2901,6.3692,6.9258,4.8655,6.6058,8.2636,5.248,8.2026,9.2601,10.202,8.4702,7.2449,8.9765,4.6565,6.43,9.3914,5.4137,3.1916,14.753,10.582,9.23,12.313,8.8494,4.9307,9.0456,7.5438,12.466,8.0499,9.5747,7.304,11.482,9.4498,8.4286,9.9129,10.183,8.0346,12.737,9.4618,11.773,6.5956,8.0644,9.1559,11.801,9.2561,6.632,5.6338,6.5765,8.8699,7.8167,8.3247,8.6699,9.9276,4.9188,6.1212,10.994,7.112,9.0114,10.605,4.7619,7.0372,8.4913,8.2552,11.551,6.6966,12.45,11.255,10.901,11.914,9.5076,12.518,9.7781,7.9811,8.886,7.1899,7.3586,6.5543,8.3404,9.6342,6.9682,5.1979,6.3911,8.6295,9.2621,6.267,4.4935,7.7351,10.641,6.2784,15.336,7.8011,9.7266,7.5193,6.9058,7.4665,6.1729,3.92,8.832,1.196e-17
1.0125e-16,1.4935e-15,1.428e-15,9.0442e-16,1.4358e-15,4.6622e-16,2.8978e-15,2.1827e-15,3.8398e-15,4.0142e-15,1.6317e-15,1.5559e-15,2.5869e-15,1.7155e-15,1.1125e-15,-2.6684e-16,3.2707e-15,4.6212e-15,1.7314e-15,3.0912e-15,2.9099e-15,1.5178e-15,1.9588e-15,2.4787e-15,9.6633e-16,-2.2554e-16,1.1523e-15,4.2141e-15,1.4176e-15,1.8118e-15,1.9025e-15,1.8344e-15,1.4477e-15,1.1184e-15,2.1276e-15,1.8787e-15,2.0639e-15,8.1055e-16,1.6931e-15,1.4418e-15,1.6442e-15,6.3764e-16,9.2756e-16,6.1353e-17,1.8822e-15,2.5163e-15,1.9718e-15,9.243e-16,1.6635e-15,1.5935e-15,8.275e-16,1.0608e-15,1.7634e-15,2.1245e-15,3.5522e-15,1.9137e-15,3.5676e-16,1.8872e-15,1.6646e-15,2.4574e-15,1.5098e-15,1.8401e-15,4.025e-15,1.151e-15,6.5345e-16,2.9057e-15,3.2564e-15,2.9809e-15,1.5328e-15,7.2071e-16,1.3189e-15,1.9638e-16,9.2728e-16,1.2469e-15,9.1649e-16,1.9762e-15,3.0117e-15,1.1993e-15,3.5583e-15,2.1064e-15,2.3099e-15,2.1007e-15,1.757e-15,6.9126e-16,3.4288e-15,9.9804e-16,1.2064e-15,2.1742e-15,1.2338e-15,1.5715e-15,1.4236e-15,1.2472e-15,1.776e-15,1.8693e-15,2.2439e-15,1.5854e-15,1.8004e-15,1.8525e-15,3.3586e-15,1.1951e-15,9.3216e-16,2.3495e-15,5.9694e-16,2.9034e-15,-6.1547e-16,1.3192e-16,3.1416e-15,1.4215e-15,2.2255e-15,1.6865e-15,1.2919e-15,3.0777e-15,3.2426e-15,1.5769e-15,1.8501e-15,3.3149e-15,5.8866e-15,5.0581e-15,2.4434e-15,3.6772e-15,1.7628e-16,2.6989e-15,2.0817e-16,2.3463e-15,1.8958e-15,1.1628e-15,9.6027e-16,6.1295e-16,1.1472e-15,3.1261e-15,1.8948e-15,8.2378e-16,1.2368e-15,1.8903e-15,8.4856e-16,5.8856e-15,1.4735e-15,2.0704e-15,1.5116e-15,2.5445e-15,1.8487e-15,1.8059e-15,1.3389e-15,1.7324e-15,-1.336e-17
