1.2371e-16,6.2403e-16,3.9408e-16,-9.5135e-17,1.5837e-17,-5.6915e-19,1.8341e-19,6.9984e-20,1.6485e-21,2.1287e-18,2.5169e-18,-4.6041e-19,3.8239e-19,-4.4245e-19,-5.8677e-19,1.7602e-18,-1.0759e-16,1.5043e-16,8.4261e-16,2.2974e-17,1.9718e-17,1.7832e-17,4.1531e-18,5.2555e-18,8.3742e-18,-2.5294e-18,1.725e-17,9.6381e-17,1.1282e-16,1.0328e-16,6.8713e-17,4.7701e-16,2.213e-15,5.8232e-16,1.173e-16,1.4036e-16,1.6815e-16,1.1767e-16,9.8613e-17,7.337e-17,-3.2508e-16,3.0198e-17,-1.1649e-17,1.6355e-16,1.6276e-17,1.1234e-17,2.5213e-18,-8.2415e-19,1.5169e-18,2.4583e-20,-1.2197e-19,-7.1909e-20,-1.7318e-19,-1.2929e-18,-7.4132e-20,-2.4024e-19,-9.738e-19,1.6592e-18,3.3009e-19,3.625e-20,1.7657e-19,5.1908e-18,5.0253e-19,6.6415e-18,6.8431e-19,-2.5358e-20,1.2369e-21,-7.2223e-22,-3.5986e-22,1.4896e-21,-1.2687e-21,-1.7272e-20,-5.5289e-20,1.0083e-19,2.2966e-19,2.8188e-18,6.5862e-20,-1.0256e-18,-1.0893e-18,1.4287e-17,4.1101e-17,6.3632e-16,4.437e-17,-4.0754e-18,-8.6746e-19,-1.2465e-19,-1.1639e-18,-2.4447e-18,-4.0078e-18,1.6052e-18,4.9769e-18,-1.511e-19,1.8254e-18,-3.6884e-20,1.3666e-18,8.9347e-18,-4.6965e-19,1.4113e-18,6.2943e-18,2.0343e-19,-3.4675e-19,-5.8733e-20,3.6906e-18,-3.0337e-19,5.302e-18,2.4665e-18,-6.4357e-20,2.7722e-20,2.8e-20,9.8818e-20,-6.5639e-19,-3.8605e-19,6.4575e-17,3.8616e-17,-1.2582e-18,3.6982e-17,2.9017e-17,7.3315e-18,2.636e-17,1.8221e-17,1.0119e-16,7.1372e-18,2.4621e-17,-1.1404e-16,6.167e-17,2.7528e-17,-4.8835e-17,-2.5657e-17,2.1718e-17,-4.8088e-17,-6.8047e-17,1.9854e-17,2.206e-17,-9.0792e-17,2.5302e-17,1.1271e-17,5.9791e-17,3.0812e-17,5.4885e-17,3.7447e-17,4.8664e-17,-5.6007e-20,1.3509e-19,9.9871e-21,9.3541e-21
3.6488e-16,2.2361,2.6947,0.67304,0.053496,0.0011282,-1.8527e-05,-3.1396e-06,4.5891e-06,1.5756e-05,-0.0019854,0.0030383,-0.00019103,1.2727e-05,-0.00021171,0.015046,0.10702,-0.10797,0.39849,0.62529,0.23757,0.10591,0.013902,0.017811,0.014518,1.7576e-06,-0.021609,0.13147,0.27501,0.28947,0.013968,4.2662,6.3219,2.022,-0.16428,-0.12429,-0.1053,-0.070905,-0.06995,-0.013989,4.6159,0.17121,0.07826,1.5679,0.4468,0.0248,0.0056718,0.00033476,0.022329,0.0072034,0.00010506,2.5667e-05,-3.221e-08,0.016759,0.00021137,9.396e-09,0.022209,0.02221,0.0043899,-5.1378e-07,5.2461e-08,0.014499,-0.0003194,-0.0048897,-0.0005121,3.5342e-06,2.4361e-10,-9.7537e-07,-2.8844e-10,-1.033e-06,8.1656e-09,1.0015e-10,5.0979e-05,1.1933e-10,4.2025e-11,0.019118,2.9016e-07,1.2555e-10,-1.0858e-06,-0.0017716,-0.029447,2.7002,0.14624,0.0014464,2.8506e-05,6.866e-08,0.0043889,0.022223,0.017046,0.0048093,0.018325,3.9285e-05,-0.0018062,3.8011e-05,0.013797,0.044425,1.4591e-06,-0.0010854,0.010144,-1.9969e-06,0.01756,0.052203,0.010297,-1.388e-05,0.0058328,0.019938,-7.7235e-06,2.9537e-05,-2.0492e-12,-6.0004e-14,1.3378e-07,0.00033584,0.17733,0.27027,0.050553,0.079456,-0.021495,0.03338,0.045549,0.23893,0.50303,0.41434,0.58766,0.71104,0.52145,0.53069,0.35532,0.23676,0.31676,0.36556,0.37772,0.44459,0.37774,0.63207,0.67796,0.18819,0.28984,0.27745,-0.0032025,-0.005792,-0.033666,0.00027239,-0.00021614,1.5541e-05,-4.2251e-19
4.5559e-16,3.6091,4.5101,1.2446,0.116,-0.0044613,7.3261e-05,1.2415e-05,-1.8146e-05,0.014479,0.010009,0.0029894,0.00075538,-5.0327e-05,0.00083713,0.048535,-0.22362,0.75078,4.1475,0.76733,0.3318,0.11534,0.023019,0.042018,0.058985,-6.9498e-06,0.10715,0.50884,0.51265,0.50848,0.0088251,3.8905,9.0242,4.8248,0.81458,0.62347,0.53031,0.35545,0.35027,0.078611,4.239,0.46128,0.15035,2.0674,0.51019,0.060889,0.018193,-0.0013237,0.019762,0.0066,-0.00041542,-0.00010149,1.2736e-07,0.012807,-0.00083579,-3.7154e-08,0.020243,0.020241,0.0039982,2.0316e-06,-2.0744e-07,0.042265,0.0016113,0.024513,0.0025823,-1.3975e-05,-9.6327e-10,3.8568e-06,1.1406e-09,4.0849e-06,-3.2288e-08,-3.9603e-10,-0.00020158,-4.7184e-10,-1.6617e-10,0.033923,-1.1474e-06,-4.9645e-10,4.2933e-06,0.0070051,0.12954,5.4565,0.23201,-0.0057193,-0.00011272,-2.715e-07,0.0040075,0.020214,0.016275,0.0075523,0.043723,-0.00015534,0.0090346,-0.0001503,0.012587,0.04053,-5.7695e-06,0.0051619,0.036071,7.896e-06,0.016021,0.05511,0.027668,5.4884e-05,0.029544,0.035398,3.0541e-05,-0.00011679,8.1031e-12,2.3725e-13,-5.2901e-07,-0.001328,0.27596,0.4589,0.050837,0.19863,0.15963,0.089749,0.17582,0.4081,0.60478,0.51547,0.53213,0.64871,0.47573,0.49932,0.32506,0.22963,0.33085,0.3684,0.3447,0.40563,0.34463,0.57668,0.6492,0.21913,0.6389,0.52199,0.21858,0.16541,0.16957,-0.00089155,0.00085465,-6.1452e-05,1.1144e-18
4.1346e-16,3.2734,4.1215,1.0302,0.14135,0.0063726,-0.00010081,-1.7083e-05,2.497e-05,0.03264,0.027784,-0.00062737,-0.0010394,6.9252e-05,-0.0011519,-0.041834,0.41432,3.0859,6.5228,0.26005,0.14547,0.026025,0.019383,0.051929,0.10464,9.5632e-06,0.27008,0.5979,0.38393,0.33411,0.0027644,-0.56464,4.1244,5.0065,2.0529,1.6828,1.4629,0.95576,0.93581,0.34143,-0.54633,0.45041,0.14202,2.1886,0.64997,0.066198,0.0015795,0.0018215,-0.002267,-0.00098889,0.00057164,0.00013966,-1.7526e-07,0.00071701,0.0011815,5.1126e-08,-0.0029279,-0.0029251,-0.00057518,-2.7956e-06,2.8545e-07,0.052764,0.0044883,0.065925,0.0071757,1.923e-05,1.3255e-09,-5.3072e-06,-1.5695e-09,-5.621e-06,4.4431e-08,5.4496e-10,0.00027739,6.4928e-10,2.2867e-10,0.022585,1.5788e-06,6.8315e-10,-5.9078e-06,-0.0096394,0.073505,4.6955,0.15335,0.0081335,0.00015511,3.7359e-07,-0.00058672,-0.0028817,-0.0030923,0.006986,0.049967,0.00021376,0.023993,0.00020682,-0.0018327,-0.0059001,7.9391e-06,0.0095983,0.045965,-1.0865e-05,-0.0023328,0.0036367,0.023692,-7.5523e-05,0.041795,0.023634,-4.2025e-05,0.00016071,-1.115e-11,-3.2647e-13,7.2794e-07,0.0018955,0.19047,0.58074,0.19032,0.35467,0.43821,0.22133,0.22864,0.27905,0.16283,0.17247,-0.073316,-0.09444,-0.069249,-0.038594,-0.048204,-0.010689,0.033179,0.015065,-0.050275,-0.05906,-0.05018,-0.083966,-0.043315,0.054446,0.65035,0.49794,0.49468,0.38844,0.31689,0.0049196,-0.001176,8.8897e-05,1.4453e-18
4.1928e-16,3.2687,3.7943,0.61499,0.18323,0.048347,-0.0001801,-3.0519e-05,4.461e-05,0.03015,0.027073,0.0034825,-0.001857,0.00012372,-0.0020579,-0.065262,3.0161,4.8592,2.7813,0.17017,0.026221,0.034229,0.019566,0.043069,0.10397,1.7085e-05,0.2205,0.12717,0.089969,0.030894,0.028359,-0.15631,0.31259,2.3557,1.6495,1.5483,1.4022,0.87646,0.84772,0.54568,-0.11345,0.069965,0.099998,4.4529,1.6579,0.083161,0.0021746,0.0032542,0.00032798,-0.00034519,0.0010212,0.0002495,-3.131e-07,0.020071,0.0070777,9.1337e-08,-0.00085246,-0.00084743,-0.00016226,-4.9943e-06,5.0996e-07,0.031975,0.0043777,0.060458,0.0069943,3.4355e-05,2.368e-09,-9.4814e-06,-2.8039e-09,-1.0042e-05,7.9376e-08,9.7357e-10,0.00049555,1.1599e-09,4.0851e-10,0.0020996,2.8206e-06,1.2204e-09,-1.0554e-05,-0.017221,-0.077389,1.7175,0.072368,0.056199,0.0002771,6.6743e-07,-0.00018268,-0.00076874,-0.0021342,0.0073581,0.032134,0.00038188,0.021481,0.00036949,-0.00055385,-0.0017812,1.4183e-05,0.0011751,0.021298,-1.9411e-05,-0.00070506,-0.0014762,0.00048077,-0.00013492,0.018713,0.0022339,-7.5079e-05,0.00028712,-1.992e-11,-5.8325e-13,1.3005e-06,0.014153,0.21058,1.0163,0.58786,0.50369,0.4674,0.36852,0.105,0.0786,0.024459,0.054575,0.0055693,-0.028519,-0.020897,0.0075258,-0.01602,-0.0071361,0.022917,0.018934,-0.015336,-0.017849,-0.015165,-0.025377,-0.021885,0.024027,0.36736,0.36768,0.45358,0.36361,0.062415,0.026065,-0.002101,0.00084471,-2.0948e-18
1.3476e-16,1.1742,1.4813,0.62783,0.24646,0.065984,0.001215,0.00020589,-0.00030095,0.0093714,0.0090461,0.022906,0.017889,-0.00083465,0.013884,0.61198,4.2242,2.1607,0.42653,0.26963,0.045642,0.037502,0.02343,0.013559,0.035569,-0.00011526,0.08425,-0.0039407,-0.010896,-0.029792,0.0221,0.18769,-0.29886,0.42583,0.50821,0.47395,0.44115,0.27611,0.26538,0.2365,0.21694,-0.022103,0.052268,4.7399,1.6737,0.27259,0.16297,-0.01524,-0.0073493,0.00066099,-0.0068896,-0.0016832,2.1123e-06,0.025469,0.0033393,-6.1619e-07,0.00061394,0.00057996,7.9398e-05,3.3693e-05,-3.4403e-06,0.0083695,0.0013973,0.018995,0.0023048,-0.00023177,-1.5975e-08,6.3964e-05,1.8916e-08,6.7747e-05,-5.3549e-07,-6.568e-09,-0.0033432,-7.8253e-09,-2.756e-09,-0.002025,-1.9029e-05,-8.2335e-09,7.1203e-05,0.16818,1.458,0.26613,0.0296,0.061489,-0.0018694,-4.5027e-06,0.0002169,4.7919e-05,0.01585,0.0017134,0.004733,-0.0025763,0.006684,-0.0024927,0.0005447,0.0017394,-9.5686e-05,-0.0014643,0.0039596,0.00013095,0.00069411,0.0076689,0.018499,0.00091023,0.0024791,-0.0023702,0.0005065,-0.001937,1.3439e-10,3.9348e-12,-8.7734e-06,0.018748,0.47078,1.3698,0.66512,0.33074,0.2071,0.17026,0.036635,0.0022559,0.0041447,0.014526,0.042575,0.027906,0.020348,0.044145,0.032698,0.0070563,0.012941,0.021119,0.016076,0.017566,0.014923,0.024974,0.021616,0.029361,0.10674,0.13208,0.16527,0.11714,0.011868,0.051703,0.020445,0.0018618,-2.4585e-19
1.5151e-16,-0.33068,1.0557,0.23817,-0.21314,0.033998,-0.0029679,-0.00050293,0.00073513,-0.0020237,-0.0029179,0.020718,0.019193,0.0020388,-0.033636,-0.024133,2.2013,-0.17305,0.072582,0.21305,0.051565,0.016871,0.01196,-0.0037418,-0.010785,0.00028154,0.017163,0.066058,0.0091135,0.010043,0.0040004,-0.043531,0.099256,-0.091155,-0.082252,-0.052019,-0.091757,-0.075004,-0.072585,-0.039308,-0.057687,0.032022,0.016177,2.4068,1.241,0.59054,-0.061287,0.12356,0.021815,-0.0010147,0.019007,0.0046993,-5.1596e-06,0.012522,-0.00092829,1.5051e-06,0.00034809,0.00043109,0.00017123,-8.2302e-05,8.4036e-06,-0.0035132,-0.00031843,-0.0050543,-0.0006783,0.00056613,3.9023e-08,-0.00015624,-4.6206e-08,-0.00016548,1.308e-06,1.6043e-08,0.0092553,1.9115e-08,6.7319e-09,0.00068242,4.6481e-05,2.0112e-08,-0.00017393,0.2003,2.5027,0.18712,0.047817,0.053902,0.0054876,1.0999e-05,-0.00016455,0.0019408,0.027113,0.0017612,0.0073924,0.0071163,-0.0018408,0.0068842,-0.00018249,-0.00055212,0.00023373,0.0012904,-0.0021862,-0.00031987,-0.00023428,0.013938,0.030584,-0.0022234,-0.00030464,0.0013288,-0.0012372,0.0053308,-3.2826e-10,-9.6114e-12,2.1431e-05,0.010784,0.3892,0.98865,0.47723,0.083422,0.014356,-0.02198,0.018438,-0.0010798,-0.0018274,-0.0051311,-0.0066303,-0.0089996,-0.0063121,0.013648,0.031496,-0.0023733,0.0073583,-0.006926,-0.0078374,-0.0059118,-0.0050191,-0.008407,-0.007281,0.017527,-0.00058561,-0.0088395,-0.018304,-0.032298,0.070409,0.062783,0.023615,0.0023823,1.02e-18
3.1878e-16,0.022701,2.3763,0.59691,0.28775,0.031295,0.0013371,0.00022613,-0.00032992,-0.00010566,0.00037496,-0.00067175,-0.00064852,-0.00091667,0.024447,0.27398,0.68803,0.31412,0.041317,0.036483,-0.0022113,-0.00058446,0.00044155,0.00025681,0.0011108,-0.00012659,0.026826,0.047484,0.018222,-0.00069941,-5.5752e-05,0.01991,-0.0062534,0.0064971,0.033822,0.25067,0.13168,0.004623,0.0047281,0.0030693,0.0041347,0.012737,-0.000474,-0.071972,0.87157,0.76055,0.79313,0.2095,0.057872,0.00041973,0.06471,0.017659,2.3199e-06,-0.00044858,4.4461e-05,-6.7674e-07,-0.00026891,-0.00030623,-9.9204e-05,3.7004e-05,-3.7784e-06,0.00080644,-8.015e-06,0.0002654,6.3073e-05,-0.00025454,-1.7545e-08,7.025e-05,2.0775e-08,7.4404e-05,-5.8812e-07,-7.2134e-09,0.032473,-8.5943e-09,-3.0268e-09,-4.7433e-05,-2.0899e-05,-9.0426e-09,7.82e-05,0.025065,1.7058,0.36037,0.092389,0.063841,0.028523,-4.9451e-06,5.1764e-05,0.0060677,0.019406,0.0069287,0.032483,0.024493,0.00012634,0.023656,1.2207e-05,2.3359e-05,-0.00010509,-0.00044108,0.00068741,0.00014382,1.6445e-05,0.011126,0.013805,0.0010029,-7.7458e-05,-0.00032606,0.00055767,0.017763,1.4759e-10,4.3214e-12,-9.6356e-06,-0.0004652,-0.016454,0.32174,0.3323,0.018679,0.034329,0.0025156,-0.00080188,0.00072618,0.00049623,0.00089886,0.00075742,0.000447,0.00019835,0.022156,0.036606,0.00016289,0.047429,0.020295,0.0016149,0.00040746,0.00034448,0.00058024,0.00050441,-0.00066615,0.00061395,0.0012288,0.0018913,0.0022198,0.051786,0.052525,-0.0012835,-0.00036984,-1.4033e-18
-4.8448e-18,0.0415,0.59338,3.219,3.2541,0.096388,0.026865,0.0025003,-0.00090838,-0.0028572,0.0025877,0.0007025,0.00053905,-0.010136,0.19581,5.5786,4.6612,0.32005,0.036127,0.034494,-0.0040351,-0.0010649,0.024374,0.00046875,0.011731,-0.0013997,0.0069022,0.015182,0.020286,-0.0013871,-6.9006e-05,0.046392,0.0019924,0.011855,0.01802,0.2371,0.14605,0.0027227,0.0058682,0.0034047,0.0064923,0.0009057,-0.00086136,-0.15504,0.16564,0.52041,4.2339,0.21522,0.052274,0.0045804,0.060397,0.019706,2.5651e-05,-0.00082732,-0.00012856,-7.4828e-06,-0.0031604,-0.003573,-0.0011339,0.00040917,-4.1779e-05,0.020072,-0.00034006,-0.00040327,0.00029512,-0.0028145,-1.94e-07,0.00077677,2.2971e-07,0.0008227,-6.5029e-06,-7.9761e-08,0.031445,-9.5029e-08,-3.3468e-08,-9.3089e-05,-0.00023108,-9.9986e-08,0.00086468,0.0049607,0.4496,0.52734,0.087711,0.064745,0.05237,-5.4679e-05,0.00053541,0.0015388,0.0035112,0.00195,0.030125,0.022601,0.00023063,0.021705,1.8828e-05,-0.00011571,-0.001162,-0.0046458,0.016807,0.0015903,3.3999e-05,0.00018986,0.010808,0.025554,-0.0012131,-0.003154,0.012385,0.015071,1.632e-09,4.7783e-11,-0.00010654,-0.0014727,-0.036052,0.49117,0.38723,0.089558,0.058277,0.015534,-0.002663,0.017037,0.010617,0.01657,0.0083713,-0.0010434,-0.0021967,0.024317,0.031075,0.00029737,0.052632,0.072946,0.029144,0.00076245,0.0006289,0.0010945,0.0009719,-0.0012148,0.0011208,0.0027697,0.0041204,0.004053,0.030477,0.034167,-0.0051744,-0.0034478,-1.256e-18
-7.8236e-17,-0.023057,-0.31007,2.1023,3.1091,0.2235,0.0086806,-0.009131,0.03558,0.015368,-0.0091475,-0.0082147,-0.0072894,0.03992,-0.65513,7.09,6.3104,0.075042,0.014596,0.02896,0.0022119,0.0005772,0.036553,-0.00025749,0.010834,0.0070816,-0.003611,0.0012479,0.007327,0.0012101,-9.5071e-05,0.025755,0.016715,-0.0064951,-0.0030177,0.084588,0.053198,0.029296,0.013394,0.010846,0.0022306,-0.00049768,0.00045754,0.085372,-0.087945,0.17553,4.132,2.0258,0.29285,-0.013116,0.037854,0.0073741,-0.00010103,0.00048912,0.0009219,2.9471e-05,0.012572,0.017283,0.0051537,-0.0016115,0.00016454,0.042533,0.0019808,0.0071945,-0.00089274,0.014549,7.6407e-07,-0.0030593,-9.0471e-07,-0.0032402,2.5612e-05,3.1413e-07,0.012143,3.7427e-07,1.3181e-07,7.7558e-05,0.00091011,3.9379e-07,-0.0034055,-0.018339,-0.29064,0.5096,0.041241,0.02793,0.041415,0.00021535,-0.0020839,-0.00080411,-0.0017948,-0.0015395,0.021232,0.0085361,-0.00012676,0.0080209,3.6777e-06,0.00070634,0.0057137,0.023122,0.026357,-0.0062632,-3.4841e-05,0.0092158,0.014789,0.035367,0.0065331,0.015917,0.0083999,0.005817,-6.4275e-09,-1.8819e-10,0.00041961,0.0033402,0.063192,0.62085,0.46351,0.13669,0.049641,0.0093237,0.0079486,0.011797,0.01146,0.021164,0.023834,0.010538,0.015391,0.011063,0.013193,-0.00016355,0.021734,0.044458,0.020644,-0.00049481,-0.00034594,-0.00074512,-0.00074172,0.00066299,-0.00061636,-0.00366,-0.0049757,-0.0022313,0.027728,0.028856,0.017655,0.01661,9.6759e-19
1.0493e-16,0.0057778,0.072864,-0.38208,6.3343,4.903,0.067758,0.028021,0.057064,0.022537,0.01559,0.015394,0.013333,-0.066446,1.1801,5.8394,4.0493,-0.0053859,-0.002447,-0.0054277,-0.000505,-0.00012084,0.01816,5.9678e-05,0.0046359,0.013716,0.00084462,-0.00045498,0.0013341,-0.0010267,0.00024343,0.005051,-0.0030831,0.001477,-0.010449,-0.028577,0.015107,0.067139,0.058812,0.039101,0.014882,0.00027954,-8.0044e-05,-0.019961,0.026068,0.0038557,1.3963,3.1593,0.80302,0.10453,0.035226,0.00019073,0.00016816,-0.00017106,-0.001631,-4.9054e-05,-0.020956,0.021416,0.0021712,0.0029373,-0.00027388,0.05679,0.0043727,0.042959,0.0014831,0.032174,-1.2718e-06,0.0053771,1.5059e-06,0.0056856,-4.263e-05,-5.2287e-07,-0.0019856,-6.2297e-07,-2.194e-07,-6.1967e-05,-0.0015149,-6.5547e-07,0.0059721,0.048857,0.48435,0.42456,0.047124,0.0046703,0.024307,-0.00035845,0.0037143,0.00018773,0.00042685,0.0012794,0.030885,-0.0015849,2.9505e-05,-0.0013172,-2.4195e-05,-0.0012339,0.008933,0.042451,0.024881,0.011032,3.4988e-05,0.022463,0.0084308,0.019401,0.013782,0.035392,-0.0014035,-0.001778,1.0698e-08,3.1325e-10,-0.00069845,-0.0049885,0.23034,0.85885,0.40203,0.14298,0.040772,0.0088376,0.014029,-0.0021612,0.0044949,0.020408,0.042891,0.020842,0.035523,-0.0026643,-0.0035617,3.8235e-05,-0.0036477,-0.0085007,-0.0010897,0.00024119,8.0967e-05,0.00041223,0.00051796,-0.00014643,0.00014398,0.0046517,0.0059606,0.00052545,0.021683,0.021502,0.025829,0.028634,2.0711e-18
1.1285e-16,0.0011829,0.011053,-0.056182,15.954,14.126,0.23652,0.12483,0.027607,0.0007808,0.066491,0.053333,0.011925,-0.058709,6.8783,6.4679,1.3427,0.029861,-0.00036061,-0.0008019,-6.401e-05,-5.7264e-06,-0.00054151,8.3456e-06,0.00021628,0.0071628,0.00012479,-0.00042466,0.014411,-0.00078836,0.00022534,7.1154e-05,-0.00018325,0.00018211,-0.011093,-0.016699,0.025594,0.039114,0.074199,0.040704,0.01308,0.00018096,1.1269e-05,-0.0029423,0.034901,0.02934,0.052967,1.5004,1.4381,0.36609,0.030114,0.008007,0.00014858,-7.3778e-05,-0.0014527,-4.3342e-05,-0.018519,0.014626,-0.0023285,0.024759,-0.00024199,0.055265,0.0040756,0.086493,0.0064958,0.024301,-1.1237e-06,0.029512,1.3305e-06,0.030435,-3.7666e-05,-4.6199e-07,-0.00026906,-5.5043e-07,-1.9385e-07,-4.6676e-05,-0.0013385,-5.7914e-07,0.031663,0.22858,2.3445,0.39484,0.13781,0.03075,0.032364,-0.00031672,0.025125,2.7433e-05,6.9089e-05,0.0064871,0.050782,-0.00038244,4.2343e-06,-0.00019507,-2.3552e-05,-0.0010972,0.00061133,0.017852,0.02129,0.06253,2.8146e-05,0.015068,-0.00076085,0.00045003,0.012836,0.027297,-9.6769e-05,-0.00094679,9.4527e-09,2.7677e-10,-0.00061712,-0.0043389,0.55248,1.421,0.21811,0.14308,0.042142,0.017478,0.0075728,-0.00031926,0.00019515,0.020656,0.046823,0.012663,0.027322,-0.001036,-0.0016412,5.6324e-06,-0.0005283,-0.0016672,-0.00014183,0.00014304,1.2006e-05,0.00026461,0.00037143,-1.423e-05,2.1113e-05,0.025016,0.030283,8.0651e-05,0.0013226,0.0012899,0.0017452,0.0085409,-1.3468e-19
1.2626e-16,-0.005264,-0.020013,0.086665,16.9,16.474,0.23575,0.13632,0.016796,0.0059996,0.030251,-0.023234,-0.12248,0.82096,8.7534,6.2541,0.16341,0.03538,0.00054507,0.0012336,-1.2427e-05,-0.00011805,0.024141,-7.907e-06,-0.00032705,0.0012612,-0.00019197,0.0086089,0.012375,0.012315,-0.0023276,-0.00010424,-0.0025661,9.7672e-05,0.23208,0.25204,0.0069989,0.033083,0.032989,0.012063,0.017177,-0.0017393,-0.00025893,0.0044547,0.020464,0.036302,-0.072871,0.25469,2.0344,0.48333,-0.017345,0.0061615,-0.0015229,0.0006209,0.024195,0.0023586,0.31054,0.11383,0.045539,0.057149,0.0038318,0.036759,0.0045125,0.071651,0.0039407,0.0060042,1.1518e-05,0.032051,-1.3638e-05,0.030855,0.000611,4.7354e-06,0.00015964,5.6419e-06,1.987e-06,0.00080219,0.023006,5.9362e-06,0.030833,0.14523,2.7126,0.27542,0.18642,0.046361,0.031736,0.0047106,0.046132,-3.9033e-05,-0.0001693,0.008723,0.038546,0.0021394,-5.2086e-06,0.00030503,0.00024522,0.017956,-0.00094909,0.002038,0.022029,0.07755,-0.00028366,0.0018157,0.022186,0.0083589,0.018484,0.0069408,-0.001008,0.013959,-9.6891e-08,-2.8369e-09,0.010607,0.080006,0.83518,1.2831,0.097485,0.099244,0.014391,0.025118,0.0014221,0.00049061,-0.00029507,0.0065371,0.028839,0.01877,0.0068894,0.014286,0.023478,-8.4909e-06,0.0007016,0.0097346,-0.0017952,-0.0013436,-1.8928e-05,-0.002538,-0.0036564,-5.5565e-05,-3.0816e-05,0.030164,0.032239,-0.00015566,-0.0020831,-0.0019716,-0.0026698,-0.00013709,-3.2231e-19
7.9338e-17,0.013288,0.017933,0.0036466,8.3527,7.8509,0.115,0.041705,-0.034987,-0.022615,0.12759,0.115,0.51315,0.086649,4.8508,3.1688,-0.020398,0.013512,-0.00018153,-0.00047256,0.00031822,0.00040383,0.027907,-1.091e-05,0.0001188,-0.00037796,7.3562e-05,0.022171,0.0021799,0.013449,0.0073736,3.8889e-05,0.010793,-0.0011054,0.61873,0.33599,0.0066993,0.027451,0.00040617,-0.0035436,0.023067,0.0054472,0.0007821,-0.0015045,0.0046703,0.012917,0.039056,-0.049115,1.9528,0.97382,0.18957,-0.0063109,0.004663,-0.0016721,0.032356,0.015217,0.43251,0.17921,0.072129,0.057633,0.0037166,0.013363,0.0024403,0.026991,0.016291,-0.001315,-3.2084e-05,0.014723,3.7989e-05,0.015256,0.00069313,-1.3191e-05,0.00065754,-1.5716e-05,-5.5348e-06,0.0014326,0.036074,-1.6536e-05,0.013049,0.068479,1.5314,0.12305,0.1817,0.083231,0.0145,0.0027448,0.056803,5.9972e-06,0.000243,0.0026954,0.011649,-0.005204,-1.6939e-06,-0.00013083,-0.00068467,0.022078,0.00040249,-0.00053141,0.017488,0.064991,0.00078809,0.0040031,0.036232,0.0099211,0.01933,-0.0019375,0.0043709,0.01904,2.6989e-07,7.9023e-09,0.016842,0.16479,0.64044,0.6171,0.045983,0.054802,0.016109,0.03912,-0.00043436,-0.00018653,0.00010803,-0.0021558,0.017236,0.030402,-0.0018589,0.02589,0.035915,2.7621e-06,4.5236e-05,0.0078297,0.0076038,0.0042089,8.5485e-06,0.0082802,0.011848,0.00024022,7.104e-06,0.015402,0.014702,0.00014892,0.00097335,0.00075763,0.0010227,0.00015955,1.0269e-19
-1.6744e-18,0.02921,0.035336,0.083402,1.4242,1.1469,0.10224,0.012318,0.028332,0.019627,-0.084744,-0.055749,4.0563,1.4137,0.17945,-0.23422,0.0057885,-0.00092471,-1.4632e-07,5.8443e-05,-0.00029903,-0.00034701,0.0019637,1.2896e-05,-9.3218e-06,4.5646e-05,-9.1163e-06,0.02321,0.00069398,0.0074485,0.016813,-3.9458e-06,0.036618,0.0010342,0.7809,0.21085,0.031419,0.0083076,0.00029169,7.0213e-05,0.024643,0.012413,-0.00066244,1.8742e-05,0.0019205,-0.00063738,-0.0044594,0.0064949,1.0982,1.3067,0.28484,0.050413,0.0070659,0.0014166,0.015325,0.027754,0.20344,0.1226,0.044285,0.025758,-0.00031673,-0.00092891,-7.5673e-06,-0.0017903,0.035313,0.00351,2.6891e-05,-0.0010399,-3.1841e-05,-0.0022641,-0.00011519,1.1056e-05,-0.00067669,1.3172e-05,4.639e-06,0.0011413,0.022067,1.3859e-05,0.002061,0.097585,0.30364,0.023474,0.13849,0.113,-0.00069314,0.0078948,0.051313,6.677e-06,-0.00017763,0.0010606,0.00011456,0.0043316,3.2656e-06,2.7761e-05,0.00058128,0.015871,-8.2011e-05,6.5856e-05,0.010188,0.04484,-0.0006603,0.011752,0.02219,-0.00062987,0.010189,-1.4304e-05,0.014882,0.0089661,-2.2621e-07,-6.6233e-09,0.015579,0.14287,0.20164,0.11194,0.035121,0.040853,0.03555,0.049227,5.3831e-05,2.1895e-05,-9.2189e-06,0.0002466,0.021101,0.034103,-7.2725e-05,0.019593,0.022094,6.4792e-08,-0.00026572,0.00073789,0.025315,0.0099842,-2.1321e-06,0.026561,0.035094,-0.00021108,3.0157e-06,-0.0011361,-0.0010574,-9.2387e-05,-0.00026565,-9.5645e-05,-0.00012645,-1.7365e-05,-1.5735e-20
3.3837e-17,0.0056199,0.034038,0.067138,4.3369,8.2238,0.41275,0.12888,0.13528,0.090999,-0.38313,-0.40755,9.1221,7.8684,0.27934,-0.18163,0.034268,-0.00080563,-0.00010202,4.4952e-05,-0.0014011,-0.0016067,-0.0008772,6.1995e-05,1.7052e-05,3.0162e-05,-7.0961e-06,0.0039081,0.012815,0.016903,0.0032312,8.603e-07,0.043364,0.013377,0.498,0.2239,0.031433,0.00034069,0.00021742,-0.0016059,0.022775,0.0024014,-0.0030609,-0.00074022,0.029409,0.0062876,-0.0032194,0.003432,0.1477,0.55781,0.2204,0.21222,0.0015176,0.02094,0.0077626,0.020868,0.023044,0.017863,0.0069091,0.002627,-0.00027488,-0.00091211,0.00075876,-0.0013194,0.028785,0.0043601,0.00012407,-0.0007394,-0.0001469,-0.0067366,-0.00033398,5.1008e-05,-0.0032056,6.0772e-05,2.1403e-05,0.0002502,0.0030455,6.3942e-05,0.0035163,0.049796,0.24961,0.0017094,0.066465,0.071741,0.0035933,0.036077,0.030354,3.8594e-05,-0.0008022,0.020983,0.011521,0.057081,1.6295e-05,7.358e-05,0.0075031,0.031474,-0.00020846,5.1262e-05,0.010693,0.019855,-0.0030463,0.0023474,0.0037511,0.00046194,0.0011078,-0.0011562,0.01951,0.001064,-1.0437e-06,-3.0558e-08,0.016652,0.033733,0.16788,0.17974,0.054441,0.042181,0.0077253,0.0381,4.1912e-05,1.1548e-05,1.1589e-05,9.9406e-05,0.022176,0.027632,-0.0014208,0.0016869,0.0030452,1.8827e-06,-0.0013775,-0.00040622,0.026494,0.0024542,-6.4874e-06,0.027299,0.029409,-0.00098033,1.9883e-05,-0.00087047,-0.00084531,-0.00040467,-0.00085952,-8.2343e-05,-9.7143e-05,-2.6804e-06,-2.5114e-20
1.9504e-17,-0.0035989,0.013011,0.053529,2.7981,5.264,0.99684,0.049619,-0.56618,-0.42635,2.5996,2.6956,4.7576,4.6491,0.43441,0.1171,0.019117,0.00094886,0.00056024,-2.7184e-05,0.0087033,0.010722,0.00047066,-0.00029224,-0.00012881,5.9639e-06,4.7028e-06,-0.0024048,0.02507,0.0096,-0.0019731,-1.9576e-05,0.036026,0.018184,0.27116,0.16815,0.028108,0.0006895,-9.7516e-05,0.012409,0.016449,-0.0015361,0.019719,0.0059572,0.03482,0.029233,0.00091649,0.0093939,-0.093741,0.052312,2.2434,0.37992,0.057627,0.04208,0.0076137,0.0066284,-0.013561,-0.011279,-0.0078909,-0.00048999,0.00031917,0.0015184,-0.0041992,0.00051576,0.0094748,-0.003379,-0.00058078,0.00015129,0.00068768,0.039286,0.0016532,-0.00023878,0.020462,-0.00028448,-0.00010019,-0.00047301,-0.0019884,-0.00029932,-0.0052466,0.020627,0.30264,0.039276,0.0092352,0.036972,0.0039226,0.033603,0.0086061,-0.00018702,0.004743,0.045057,0.018209,0.085369,-7.7281e-05,-0.00029999,0.01051,0.033753,0.00083724,-3.3973e-05,0.0069775,-0.0023887,0.01965,-0.0014795,-0.0054218,-0.0049092,0.00014404,0.008368,0.02516,-0.00082485,4.8856e-06,1.4305e-07,0.0072334,0.073609,0.36389,0.3501,0.062487,0.032331,-0.0082378,0.028553,-2.7823e-05,1.891e-05,-9.8393e-05,0.00038151,0.010243,0.011284,0.010798,0.0065637,-0.0019134,-1.0105e-05,0.0084499,0.0011778,0.010804,-0.0033128,2.7637e-05,0.010357,0.0073153,0.0060332,-9.7943e-05,0.00050993,0.00066768,0.0024373,0.0048501,9.2727e-05,5.815e-05,-5.0605e-05,2.5262e-20
-3.2462e-18,0.00098905,-0.0027244,0.049888,-0.60386,-1.1838,1.0438,1.0931,1.4934,0.89619,6.3897,5.3997,-0.8293,-0.85977,-0.015935,-0.024995,-0.0047856,-0.0010803,-0.0011275,2.2919e-06,0.01273,0.024084,0.00012568,0.00057664,0.00026761,-5.2948e-05,-1.288e-06,0.00050036,0.017912,-0.0024564,0.00035218,4.294e-05,0.014126,0.014224,0.19022,0.091897,0.063614,-0.0019112,-6.5374e-05,0.021843,0.0073168,0.0004178,0.03714,0.013787,0.016438,0.054399,0.0023337,0.02944,0.02804,-0.0045403,3.6614,1.8909,0.15589,0.054516,0.006359,-0.0015865,0.002317,0.0031233,0.009724,-0.0020867,-0.00035829,-0.0022229,0.0090568,0.00062961,-0.0020205,0.0092217,0.001186,0.0006283,-0.0013556,0.075464,0.0003345,0.00047067,0.035676,0.00056077,0.0001975,0.00074726,0.00069341,0.00059003,0.013014,0.084605,0.25681,0.065853,0.0075149,0.03002,-0.0020239,0.011331,-0.0019509,0.00037043,0.0048286,0.050938,0.010858,0.060205,0.00015262,0.0005789,0.0073453,0.016316,-0.0016116,9.3049e-06,-0.0047139,0.011471,0.037315,0.00035453,0.00791,0.011217,-0.0016781,0.012267,0.018706,0.00055005,-9.6304e-06,-2.8197e-07,-0.0015537,0.13049,0.4154,0.46281,0.056357,0.021576,0.0093229,0.019942,7.7137e-06,-5.77e-05,0.00020631,-0.00098907,-0.004021,-0.0045553,0.024614,0.012804,0.00052488,2.028e-05,0.0096761,-0.0021075,-0.003229,0.0049291,-5.3714e-05,-0.0021039,0.0059749,0.008304,0.00019443,-7.3e-06,-0.00039537,0.0030699,0.0063184,-0.00010084,-3.6106e-06,0.00011743,1.1519e-19
-4.5229e-19,4.222e-05,-0.0001124,0.024148,-0.018383,-0.022527,0.044432,2.2266,6.3318,3.3152,6.4663,3.9058,0.10315,0.053168,0.067328,0.033805,-0.00056421,-0.00025084,-0.0002913,-1.1958e-06,0.0022745,0.021269,6.9065e-05,0.00014859,6.9428e-05,-1.5077e-05,-5.3887e-08,-1.8739e-05,0.00016799,-0.00018091,-3.244e-05,1.1215e-05,-0.00036616,0.019103,0.14376,0.095524,0.11514,-0.00051165,-2.5814e-05,0.01022,0.00012268,1.6753e-05,0.023926,0.012113,0.00028095,0.072154,0.010618,0.023844,0.010879,-0.00018995,2.2561,3.9455,0.36966,0.083674,0.0070968,-0.00012815,-0.00025324,0.00013924,0.035428,-0.00064395,-8.2881e-05,-0.0005459,0.035487,0.0036426,-0.00010765,0.035573,0.0025891,0.00019415,-0.00034926,0.048192,0.0012697,0.00012127,0.023551,0.00014448,5.0885e-05,0.00018609,6.6308e-05,0.00015202,0.005708,0.54203,0.27982,0.050829,0.039428,0.02389,-0.00035659,0.00016029,-0.00014694,9.5502e-05,0.0059839,0.051468,0.0070197,0.016315,3.9331e-05,0.00014872,0.00027654,0.00016919,-0.00041387,3.8936e-07,-0.00097311,0.048829,0.023977,2.13e-06,0.024769,0.04563,-0.00048091,0.00036531,0.00037389,0.00010425,-2.4813e-06,-7.265e-08,-6.5137e-05,0.12564,0.39626,0.51202,0.042584,0.017925,0.035302,0.01689,3.4614e-07,-1.5578e-05,5.3585e-05,-0.00026309,-0.00061402,-0.00072485,0.021705,0.0018826,2.2168e-05,5.2377e-06,0.00030316,-0.00053553,0.00046829,0.022598,-1.3813e-05,-7.1594e-05,0.023252,0.00019935,5.0142e-05,3.287e-05,-6.9802e-05,3.5239e-05,0.00011362,-2.3128e-05,2.9357e-06,3.0872e-05,5.865e-20
4.5976e-19,-0.00020362,0.00043647,0.0042824,0.13267,0.22927,-0.76141,0.17709,6.9217,1.4097,2.036,0.93011,0.27024,0.20086,0.072955,0.038116,0.019845,0.011402,0.015533,4.0854e-05,-0.00043541,0.0053111,-0.0020609,-0.0040793,-0.0019081,0.00042034,2.3019e-07,0.001178,0.0040506,0.0029352,0.0014441,-0.00030856,0.030195,0.047158,0.12669,0.091505,0.090836,0.023884,0.00074898,0.0010562,-0.00053037,-5.1451e-05,0.0060567,0.0025966,-0.0012666,0.078442,0.0071518,0.0046418,-0.0012095,0.00081144,0.45536,2.8704,0.91378,0.15905,0.020092,0.0022569,0.020856,-0.00083205,0.026187,0.032283,0.0039074,0.027182,0.024113,0.0022574,0.0010995,0.022991,-0.0019039,-0.0054748,0.021346,0.0029176,0.023404,-0.0033291,0.028815,-0.0039664,-0.0013969,-0.0050795,-0.0013154,-0.0041733,-0.053615,1.6121,0.17865,0.042691,0.028838,0.0013283,0.019692,-0.00079237,0.0024355,-0.00052842,0.035497,0.083231,0.029107,0.018318,-0.0010798,-0.0040808,-0.0046221,0.0053684,0.020325,-1.6651e-06,0.045197,0.036369,0.0049474,0.00034244,0.0041083,0.032368,0.02574,-0.0039058,-0.0016152,-0.0026936,6.8117e-05,1.9944e-06,0.00028196,0.26265,0.7825,0.41064,0.020936,0.0045478,0.032224,0.037702,-2.1266e-06,0.00043084,-0.001473,0.014101,0.027282,0.030204,0.0054328,-0.00067516,-0.00010045,-0.00014384,0.015307,0.026815,0.01815,0.03217,0.00037907,-0.00014882,0.0080711,-0.0012366,-0.0013767,0.0002342,0.0048801,0.00068209,0.00018023,0.00062211,-9.7966e-05,-0.00085027,-5.7995e-22
1.5806e-18,0.00016469,-4.962e-05,-0.0020914,-0.036233,-0.090601,2.6798,2.0244,3.5648,-0.1935,-0.40582,-0.28261,-0.032731,-0.086843,0.017742,0.0050312,0.015201,0.0095668,0.026521,-0.00013382,0.00010427,-0.0020747,0.0078189,0.015656,0.0075106,-0.0013384,-1.0089e-07,-0.0040766,-0.017233,-0.0082985,-0.0048664,0.00098048,0.034302,0.052134,0.073866,0.040822,0.036407,0.020196,-0.0023994,0.00084454,0.00025478,-4.2673e-05,-0.0054288,0.00015198,0.00077465,0.047135,0.026793,0.0016687,0.00064909,-0.00035563,-0.17548,0.86546,1.6456,0.16487,0.016521,-0.0065325,0.032838,0.0015861,0.0070605,0.037693,0.0041123,0.03674,0.022065,-0.0035906,-0.0025561,0.039551,0.01659,0.017464,0.0496,0.018425,0.04704,0.010605,0.045313,0.012599,0.0044372,0.01612,0.0039237,0.013256,0.61767,1.6154,0.047242,0.032721,0.026147,0.01561,0.046699,0.00069961,-0.0069296,0.031299,0.037442,0.073566,0.035643,0.042582,0.0040337,0.015661,0.015885,0.011852,0.024758,7.3568e-07,0.051469,0.0098503,-0.0018987,-0.0012901,0.012437,0.0083007,0.042156,0.011023,0.00077032,0.010114,-0.00021637,-6.3352e-06,-0.0001356,0.29303,0.84647,0.28725,0.044433,-0.0012961,0.0070757,0.028816,3.0334e-06,-0.0013702,0.0059307,0.024089,0.037378,0.026619,-0.0021779,0.00031523,6.2695e-05,0.00045694,0.027636,0.036197,0.025802,0.038762,-0.0010404,0.0023979,-0.0032548,0.0020465,0.005141,0.013721,0.016847,-0.0029983,-0.002236,-0.0019696,0.00031995,0.0027022,-5.4412e-20
3.8647e-18,-0.00011704,-0.00015835,0.00096702,0.010126,0.015549,6.9329,6.0741,0.33792,0.089937,0.094213,0.062285,0.033695,0.01479,-0.0015427,0.0036639,-0.0012255,-0.0011513,0.019384,0.00015941,0.00011273,0.00035505,0.015769,0.038322,0.021652,0.0016371,1.7264e-08,0.0049919,0.021776,0.01058,0.0058184,-0.0011632,0.0079912,0.026405,0.016734,-0.0026446,0.0043079,-0.0024941,0.0029131,-0.0015446,-6.9906e-05,8.4113e-05,0.0046301,-0.0013757,-0.00039111,0.0061583,0.048089,0.011729,-0.00011099,6.0865e-05,0.033023,-0.08176,1.696,0.4966,0.008258,0.0077475,0.018193,0.0078864,-0.00041856,0.012806,-0.0011974,0.018156,0.033477,0.0037406,0.0028802,0.017694,-0.018174,-0.020729,-0.00075754,-0.025693,0.0039011,-0.011946,0.0060898,-0.014945,-0.0051625,-0.019121,-0.0046133,-0.01562,1.4173,0.64927,5.8871e-05,0.015312,0.03731,0.042992,0.051895,-0.0005201,0.0082851,0.15766,0.032063,0.042871,0.030423,0.050216,0.0079339,0.038348,0.038326,0.0081671,0.0097844,-1.3288e-07,0.01657,-0.00089393,0.00034002,0.0015957,0.038825,-0.0010238,0.032168,0.023332,-0.00020536,0.022648,0.00025668,7.5154e-06,3.7365e-05,0.23996,0.75499,0.21056,0.074151,-0.00034731,0.0039767,0.00055246,-2.9937e-06,0.0016745,0.019371,0.017603,0.017284,-0.0023574,0.00043754,-5.3884e-05,-3.2716e-05,-0.00054207,0.019492,0.018455,0.02382,0.031,0.004749,0.015154,0.00055699,0.0032755,0.010072,0.021228,0.021529,0.0037783,0.0029991,0.0024195,-0.00038098,-0.0032059,-8.6832e-19
3.5464e-18,-0.00025734,-0.00045789,0.0074287,0.035092,0.0093456,6.1577,5.5571,0.062881,0.078403,0.1063,0.021229,0.0074746,0.0059297,-0.00074006,0.032913,0.0015921,-0.00041239,0.0022271,0.00038695,0.00035375,0.00014637,0.0035579,0.026112,0.021652,0.015292,7.1162e-09,0.035658,0.19761,0.23501,0.014131,-0.002822,0.00020576,0.0025558,0.01983,0.012701,0.00050312,-0.001037,0.021767,-0.0039315,-9.0721e-05,0.00021543,0.034116,-0.0037434,-0.00076965,-0.00040668,0.027704,0.01162,-4.5539e-05,2.5104e-05,0.044158,-0.026031,0.65389,1.234,0.15327,0.042295,0.00021478,0.005692,0.00033033,0.00085128,-0.0020457,0.0011605,0.024971,0.01123,0.0069358,-0.01532,-0.042219,-0.050293,-0.018904,-0.063632,-0.031817,-0.029882,-0.02876,-0.035997,0.011015,-0.046387,-0.011178,-0.013204,1.4453,0.090978,0.033381,0.0014322,0.025688,0.026675,0.022959,0.002217,0.065428,0.3194,0.092011,0.080907,0.042658,0.02779,0.0011848,0.026137,0.026167,0.00090947,0.00076637,-7.1221e-08,0.00099958,-0.00037263,0.00017572,0.011409,0.026152,-0.0010961,0.014552,0.011113,-0.00025771,0.010575,0.0006227,1.8232e-05,4.8727e-05,0.25435,0.96451,0.14773,0.048677,-0.0014824,0.035548,-0.00079391,-7.0575e-06,0.015392,0.023444,0.0020207,-0.0010258,-0.0026732,0.00033295,-2.2072e-05,-6.5228e-05,-0.0013151,0.0022053,0.001775,0.023389,0.0035149,0.022224,0.03261,0.0002296,0.00045757,0.0014705,0.0029176,0.0078521,0.029232,0.025048,0.02537,-0.00092475,-0.0077776,-4.2331e-18
2.568e-18,0.0014766,0.0027512,0.011399,0.040279,0.016429,3.9986,3.6055,0.18803,0.0067323,0.018871,-0.0044469,-0.0062442,-0.0039937,0.0012513,0.029261,-0.0067994,-2.6829e-05,-0.0018373,-0.0022615,-0.0021493,-0.0001235,-0.00113,0.0066945,0.0075107,0.024492,-5.9982e-09,0.020046,0.29276,0.95843,-0.043908,0.02314,-0.00029847,-0.0020784,0.020809,0.0091268,-0.0046918,0.00092825,0.016616,0.033275,0.0030445,-0.0012705,0.033413,0.032079,0.0065849,0.0003691,0.0033267,0.0026883,3.7125e-05,-2.1258e-05,0.040633,0.035856,0.061933,1.0094,0.69333,0.037672,0.012532,-0.029141,-0.0033079,-0.0007577,0.017543,0.0020509,0.0089624,-0.035388,-0.039829,0.35615,0.38005,0.42785,0.48164,0.54338,0.2837,0.25676,0.25942,0.3097,0.22881,0.39443,0.095073,0.4525,1.8056,-0.026646,0.026545,-0.001098,0.0071375,0.0073983,0.0023749,0.027101,0.067619,0.22281,0.23084,0.19275,0.048251,0.0018891,-0.0013047,0.0066363,0.0063794,-0.0007446,-0.00061719,1.5912e-07,-0.00079075,0.00033912,-0.00036236,0.0062042,0.0077221,0.0074998,0.018057,0.0020577,0.0012598,-0.00021791,-0.0036389,-0.00010654,-0.00024183,0.098571,0.53339,0.088325,0.039131,0.012802,0.018545,0.00066628,4.1032e-05,0.023998,0.0089184,-0.001659,0.022327,0.013508,-0.0011999,1.7767e-05,0.00050806,0.010667,-0.0018236,-0.0014448,0.0097318,-0.0018229,0.026944,0.030685,-0.00019362,-0.00042836,-0.0014496,-0.0024081,-0.00052398,0.027233,0.028979,0.050418,0.007169,0.062738,-3.3183e-18
1.5488e-18,-0.0031101,-0.0060868,-0.017366,-0.0068523,0.0099743,3.1127,2.6468,0.13756,0.011602,0.00657,0.034082,0.0019658,-0.0010523,-0.0018362,0.022722,0.019956,0.00095825,0.00060333,0.0056157,0.0055251,3.9155e-05,0.00038824,-0.0016001,-0.0019085,0.014382,1.8874e-09,-0.00087147,0.15639,1.9726,0.61824,0.030564,0.00044439,0.00064831,0.027589,-0.0024724,0.012387,-0.00041651,0.0035462,0.049948,0.026675,0.0032568,0.013033,0.04859,0.013504,-0.00011698,0.0049475,0.0018299,-8.7861e-06,6.9132e-06,0.047294,0.0053055,-0.0086993,0.34158,0.8251,0.69881,0.022355,0.068683,0.0080044,0.0014817,0.042085,-0.006429,-0.0053167,0.19194,0.10891,0.59667,0.61465,0.6947,0.74625,0.88283,0.46401,0.43632,0.42625,0.50161,0.32825,0.63868,0.15443,0.70678,1.746,0.25398,0.026149,0.00019323,-0.0019047,-0.0044746,0.014611,0.036506,0.049244,0.096663,0.49479,0.28549,0.058952,0.0086629,0.0011574,-0.0014594,-0.00084532,0.00023352,0.00019422,-2.7782e-07,0.00024787,-0.00016425,0.00060648,-0.0023072,-0.0043221,0.014892,0.026822,-0.0014302,-0.0027929,0.003471,0.0093644,0.0002431,0.00053757,-0.0226,0.036341,0.20579,0.031351,0.013763,0.0043946,-0.00018226,-9.3553e-05,0.015562,-0.0022959,0.00052618,0.039099,0.011968,0.002958,-3.6666e-06,0.00059794,0.012624,0.00061094,0.00045485,-0.0042737,-0.0018624,0.015073,0.013834,6.1118e-05,0.00025114,0.00099409,0.00075826,0.002094,0.022764,0.014233,0.037572,0.0055171,0.071159,-3.3479e-18
4.5016e-18,0.01048,0.0098424,0.0038388,0.004578,0.01321,2.6906,2.4778,0.14779,0.025929,0.00041421,0.020394,-7.1607e-05,0.00056838,0.00039791,0.03628,0.075818,0.0032264,-2.7687e-05,0.016455,0.021863,-1.4891e-06,-1.4148e-05,5.8285e-05,6.9521e-05,-2.6636e-05,-6.8529e-11,0.021093,0.016498,2.2215,1.3921,0.035298,-9.6543e-05,-2.2239e-05,0.03816,7.886e-05,0.038458,4.3671e-05,-0.0001078,0.020136,0.051701,0.013045,-0.00020892,0.020166,0.011334,4.4388e-06,0.028386,0.010519,-3.4526e-07,-3.0247e-07,0.020221,0.0303,0.00031689,0.034308,0.32635,1.5443,0.22666,0.12149,-0.0018875,0.04108,0.060075,0.042985,0.00088328,0.55984,0.3654,0.36774,0.32382,0.36267,0.38715,0.46405,0.24463,0.26343,0.22405,0.26302,0.16275,0.33063,0.081572,0.39604,0.8682,0.5357,0.071684,2.7919e-05,0.00010736,0.00077194,0.044065,0.026539,0.053982,0.092302,0.67794,0.28177,0.091879,0.030635,-0.00021337,2.517e-05,-0.00011947,-8.302e-06,-7.0568e-06,6.234e-08,-8.7832e-06,1.9164e-05,-0.000135,0.00022859,0.000708,0.012557,0.020658,0.00027619,0.00065171,0.014744,0.03921,-5.6909e-05,-0.00012539,0.00016532,0.096056,0.36324,0.0027489,-7.8582e-05,0.020368,3.3309e-07,2.1898e-05,-0.00030046,8.2739e-05,-2.0065e-05,0.020378,0.00016056,0.017546,-3.0829e-07,-1.2883e-05,-0.00027136,-3.0704e-05,-1.6569e-05,0.0005499,0.00062694,-0.00034669,-0.00023736,-2.264e-06,-3.5813e-05,-0.00015952,-2.7658e-05,0.0061574,0.031977,-0.00025248,-0.00074952,0.00029723,-0.0010962,-6.9205e-19
9.8572e-18,0.040564,0.050976,0.090921,0.12296,0.28751,0.68198,1.495,0.051399,0.0064311,0.027476,0.0053785,-0.00027792,0.029257,0.019276,0.038002,0.074696,0.00091171,-0.00024284,0.0042512,0.024052,-7.2697e-06,-5.5044e-05,0.00022622,0.00026983,0.013392,-2.6072e-10,0.059785,0.25772,0.87219,0.54315,0.10138,-0.00228,-5.3671e-05,0.013852,4.0508e-05,0.015587,0.00084522,-0.0021182,0.0022471,0.031441,0.014772,-0.00082394,0.0023543,0.0023939,2.1444e-05,0.045197,0.01118,-1.7115e-05,-2.3747e-06,0.0025699,0.02715,0.0012299,0.031287,0.042408,0.99849,0.79173,0.003795,-0.021984,0.086656,0.052461,0.30008,0.05355,0.43462,0.2727,0.083334,0.052883,0.052366,0.059995,0.072532,0.038321,0.064096,0.030546,0.042137,0.024191,0.046946,0.01404,0.096989,0.18822,0.45999,0.10588,0.00093723,0.0030222,0.035344,0.053888,0.041113,0.057101,0.033375,0.44168,0.19243,0.13209,0.01553,-0.0048877,-0.00056597,-0.0040263,-2.7375e-05,-2.696e-05,1.4801e-06,-2.8258e-05,0.00038692,-0.0032011,0.0092594,0.031842,0.002668,0.004223,0.012012,0.03161,0.016716,0.049136,-0.0013603,-0.0029955,-0.0083171,0.36754,0.23496,-0.011755,0.011841,0.0082053,-0.00014822,0.0005234,-0.0011692,0.00029996,-9.9161e-05,0.0031354,0.017416,0.035954,-1.1673e-05,-5e-05,-0.0010339,-0.00031951,-6.4307e-05,0.021374,0.030187,-0.0028677,-0.00092121,-9.68e-06,-0.00077123,-0.0035428,-0.00010822,0.001742,0.026026,-0.00099445,-0.0029091,0.022273,0.017864,2.334e-18
-3.0323e-18,-0.041124,-0.12704,-0.32599,-0.3617,1.1335,0.86029,0.47859,0.0075175,3.1668e-05,0.029968,0.010302,0.00014099,0.029714,0.023997,0.030693,0.042868,-0.00043783,0.00063132,-0.001038,0.010388,9.2805e-06,2.8422e-05,-0.00011476,-0.00013688,0.024355,1.1253e-10,0.036424,0.39715,0.376,-0.0045684,0.062698,0.0099734,-9.5296e-05,-0.0013258,0.00097621,-0.00099887,-0.002965,0.010008,-0.00095539,0.006982,0.0065762,0.00046703,-0.00099092,-0.0011164,-2.6703e-05,0.052488,0.0095067,6.789e-05,5.7115e-06,-0.0011244,0.0089682,-0.00062395,0.065037,-0.0068307,0.25625,0.72843,1.3735,0.41701,-0.1782,-0.067119,0.68434,0.13678,0.17408,0.10352,-0.016512,-0.02128,-0.0068381,-0.027032,-0.032718,-0.017291,-0.0079912,0.0048097,-0.022673,-0.010519,-0.0041773,-0.0037877,0.0066106,-0.013436,1.4237,0.12158,-0.0035865,0.0060619,0.041283,0.056568,0.037594,0.040039,-0.0028408,0.14858,0.10234,0.11794,0.023884,0.021689,0.0036542,0.019388,-4.3048e-06,1.2064e-05,-5.3981e-06,-7.5508e-06,-0.0013694,0.014477,0.014272,0.036216,-0.0012674,-0.0019222,0.0088132,0.036389,0.0074144,0.026706,0.0065105,0.013324,0.12502,0.27462,0.47562,0.051329,0.023413,-0.0012549,0.00063638,-0.001911,0.00060441,-7.2715e-05,0.00013019,-0.0014105,0.013982,0.03198,4.5243e-05,2.5361e-05,0.00045196,0.00091403,3.2623e-05,0.015337,0.025139,0.0086382,0.00046716,8.2625e-06,0.003358,0.01611,5.8177e-05,-0.00095567,0.0095012,0.00055904,0.0014758,0.030228,0.033805,2.86e-18
6.8937e-17,1.2529,1.1406,0.60817,0.71694,1.634,2.1388,0.01779,0.030792,0.016639,0.020623,0.022405,-3.0114e-05,0.021785,0.02047,0.015048,0.014174,9.7603e-05,-0.00089926,-0.0012504,-0.0014258,-1.0396e-05,-6.8205e-06,2.4516e-05,2.9242e-05,0.016631,5.6559e-12,0.00018886,0.24372,0.52492,0.17225,-0.00015205,0.014234,0.00020467,0.00044452,-0.001708,-5.939e-05,0.0046127,0.03006,0.00019578,-0.00082371,-0.00098547,-0.00017355,0.00017502,0.00023868,2.9509e-05,0.044973,0.011183,-0.00010357,-7.9997e-06,0.00023978,-0.0012374,0.00013329,0.044128,0.0095273,-0.011348,0.22226,2.3837,1.5501,0.37835,0.11495,0.75569,0.14923,0.044513,0.027734,0.0041117,0.004627,0.043641,0.0057747,0.0069894,0.0036937,0.0027879,0.042176,0.010525,0.0032539,0.044286,0.0026034,0.021098,0.070554,2.7115,0.1732,0.0057038,0.0016127,0.019164,0.060754,0.014628,0.014416,0.0013681,0.014226,0.049161,0.063979,0.03969,0.037213,0.0097953,0.040565,2.8287e-05,-1.5184e-07,8.1441e-06,3.4537e-05,0.0021293,0.027518,0.0099877,0.014761,0.00030473,0.000349,-0.0014578,0.014645,-0.0011108,0.0013114,0.017415,0.021897,0.19433,0.14415,0.98823,0.13371,0.019251,0.00025632,-0.00098014,0.0030184,-0.00014609,-0.000104,-0.00014799,0.00029989,-0.002035,0.017771,-6.8817e-05,-5.4116e-06,1.2566e-05,-0.0013264,-6.969e-06,-0.002491,0.00023513,0.013499,-9.9526e-05,-6.8071e-06,0.005381,0.034547,-1.7358e-05,0.0003911,-0.0012436,-0.00020148,-0.0003153,0.015717,0.015015,1.7401e-18
3.8548e-16,4.6732,4.5802,3.0442,3.7869,1.0135,1.5099,-0.0055064,0.033783,0.026803,0.033069,0.02522,-6.5221e-06,0.035566,0.024326,-3.5999e-05,0.00076659,2.6222e-05,-0.0011459,-0.0021025,-0.00016139,-1.272e-05,-2.41e-06,5.3137e-06,6.338e-06,0.0012618,3.8167e-11,0.018733,0.01672,0.060441,0.24695,0.045134,-0.00010575,0.00027366,9.6409e-05,-0.0022356,-0.00058643,0.024722,0.035405,3.2091e-05,-0.00018703,-0.00021291,-0.0001294,-7.6764e-06,5.1958e-05,3.601e-05,0.022638,0.011335,-0.00013326,-1.0168e-05,5.1461e-05,-0.00026349,2.8891e-05,0.014712,0.0012002,-0.0048031,0.0096071,1.1147,2.5444,2.0495,0.65352,0.33711,0.054507,0.024901,0.018179,0.0007787,0.0010028,0.021737,0.0012516,0.0015151,0.0008006,0.0011093,0.021268,0.038526,0.0013891,0.023731,0.00037328,0.0022668,0.15012,2.8188,0.21844,0.036863,-0.0020914,0.0053417,0.057023,0.00082939,0.00078415,0.00073834,-0.00083526,0.022303,0.023275,0.022179,0.012388,0.0093074,0.022781,4.0178e-05,2.9845e-06,1.0462e-05,4.8446e-05,0.010995,0.01038,0.00081149,0.00087241,0.00010833,-1.0249e-06,-0.00034318,0.00074697,-0.00024076,-0.0003298,0.016646,0.0047044,0.017746,0.40073,1.189,0.13398,0.0042185,-5.8882e-05,-0.0012627,0.019319,-5.2784e-05,-0.00017124,-0.00018159,6.3239e-05,0.00092177,0.017757,-8.8505e-05,-1.1654e-06,0.00013847,-0.0016948,-1.5104e-06,-0.00053991,-0.00044141,0.0012298,-2.1237e-05,-7.7481e-06,0.00035849,0.02209,-9.8954e-06,0.00031734,-0.00013161,-0.00014575,-6.8387e-05,0.0010722,0.00094653,-6.5577e-20
7.1889e-16,7.1993,7.0178,2.1445,3.4914,0.27699,0.37055,0.0066104,0.026927,0.010161,0.028715,0.024422,7.7398e-06,0.014079,0.017035,0.013826,-0.0012022,-7.3202e-05,0.013714,0.027696,-0.0004579,0.00010175,1.0582e-05,-6.3401e-06,-7.5619e-06,-0.0014861,-3.5111e-10,0.024943,-0.0072009,-0.036863,0.14285,0.061156,0.016564,-0.0022232,-0.00011554,0.028136,0.0091487,0.014563,0.012053,4.7271e-05,0.0002934,0.00024832,0.00091361,0.00038644,-6.3853e-05,-0.00028793,0.0046502,6.6234e-05,0.0010756,8.1899e-05,-5.7172e-05,0.00027545,-3.448e-05,0.0014961,-0.0014249,0.0057502,-0.011143,0.18895,1.5966,2.1369,0.51854,0.055083,0.0079055,0.0035329,0.035053,0.00072203,-0.0011962,0.0023997,-0.0014933,-0.0018094,-0.00095524,-0.0055013,0.031719,0.030638,-0.00032846,0.0033431,-0.000454,-0.0029988,0.13774,2.0728,0.12753,0.050774,0.027728,0.0039836,0.029565,-0.00099461,-0.00094637,-0.0045356,0.0010243,0.0050585,0.0051245,0.010579,0.029074,0.0028272,0.0044928,-0.00032956,-2.852e-05,-8.4424e-05,-0.00039661,0.0048169,0.00067062,-0.0012927,-0.0011651,-0.000479,0.00063541,0.00063442,-0.0001876,0.00028728,0.00039859,0.0029417,0.015509,-0.020967,0.50145,0.90837,0.071251,-0.0082359,0.0010169,0.014821,0.023722,0.00023767,0.0014343,0.0014534,-6.0882e-05,0.000829,0.022205,0.00071431,1.3279e-06,-0.00040768,0.022725,1.8011e-06,0.00064411,0.00053095,-0.0014531,2.2565e-05,6.113e-05,0.00059419,0.0063537,6.2538e-05,-0.0023024,-0.00098398,0.0010183,8.1975e-05,-0.0013492,-0.0014188,-3.5585e-19
8.4625e-16,4.5574,7.5925,1.7768,2.6522,0.018102,-0.095444,-0.0022759,0.0089683,-0.0038241,0.0093702,0.009952,-2.6682e-06,-0.0043731,0.023049,0.027379,0.0012423,0.00013698,0.014182,0.040176,0.0092704,-0.00026519,-2.4154e-05,2.2769e-06,2.7147e-06,0.0005335,9.331e-10,0.011855,0.021863,0.044003,0.037187,0.038124,0.019123,0.0064958,4.2826e-05,0.039289,0.017793,0.0002603,-0.0038428,-0.00024294,-0.00029088,-7.4078e-05,-0.0023332,-0.0011352,2.7842e-05,0.00075035,-0.0013044,0.0094445,-0.0028069,-0.00021367,9.3639e-06,3.9082e-06,1.2403e-05,-0.00031769,0.0005119,-0.002065,0.0040004,-0.0099415,0.34081,1.0896,0.18202,0.036642,0.0023526,0.012563,0.03835,0.0038194,0.00042859,-0.00053472,0.00053611,0.0006539,0.00034305,0.014736,0.038489,0.010074,0.00013359,-0.00083509,0.00018998,0.0019051,0.061236,1.1493,0.66117,0.067462,0.028058,0.0037093,0.0054171,0.00042166,0.00041949,0.012761,-0.00035531,-0.0014155,-0.0046317,0.0052752,0.039202,-0.00078786,-0.0012742,0.00086212,7.6159e-05,0.00022031,0.0010372,-0.0015222,-9.083e-05,0.0013516,0.0007977,0.0010957,-0.0019031,-0.00082194,-0.0017398,-0.00010321,-0.00014316,0.0046143,0.027214,0.0075155,0.30586,0.34465,0.17288,0.023091,-0.0028652,0.012917,0.012008,-0.00054672,-0.0037636,-0.0037881,-1.6622e-05,0.00058646,0.010949,-0.0018641,-3.1158e-07,0.01192,0.043314,-6.4402e-07,-0.00023106,-0.0001912,0.00052105,-7.7746e-07,-0.00015898,-0.0028973,-0.0046666,-0.00015644,0.0066401,0.0044885,-0.0025957,-3.0437e-05,0.00072037,0.0013253,3.6344e-20
6.8128e-16,-0.26517,5.4911,3.3225,2.6986,0.1409,0.070175,0.00015976,0.0011453,0.00079856,0.00044144,0.00089929,1.8964e-07,0.00040817,0.035765,0.022963,-0.00064054,-8.4282e-05,-0.00089619,0.016065,0.018468,0.00017235,1.5396e-05,-2.2267e-07,-2.6486e-07,-5.2049e-05,-6.0803e-10,-0.00067931,-0.0016424,0.015683,0.017387,0.024407,0.0016549,0.016027,-5.0417e-06,0.016626,0.014033,0.00010264,0.00046574,0.00016846,0.00014724,-2.4253e-06,0.0015221,0.00075319,-5.8671e-06,-0.00048766,0.00012726,0.031591,0.0018353,0.00013889,6.2361e-06,-6.6231e-05,-1.2262e-06,3.0964e-05,-5.0168e-05,0.00020189,-0.00039032,0.014849,-0.0033879,0.20881,0.78142,0.12633,0.0051151,0.041694,0.020148,0.0027075,-4.1273e-05,5.2152e-05,-5.2304e-05,-6.6576e-05,-3.3541e-05,0.041372,0.016641,-0.00045255,-1.3251e-05,8.1472e-05,-3.5831e-05,-0.00071659,-0.0032224,0.49553,2.0415,0.14259,0.016934,-0.0003887,-9.0648e-05,-8.2519e-05,-9.2013e-05,0.035308,2.6717e-05,0.00011542,0.0024885,0.0093741,0.016634,3.4552e-05,0.00014122,-0.00056059,-4.9659e-05,-0.00014321,-0.00067443,0.00014851,9.1812e-06,-0.0007004,-0.00032088,-0.00069426,0.0012728,0.0004655,0.0013367,1.0116e-05,1.401e-05,0.015381,0.017409,-0.00072573,0.051145,0.045365,0.5427,0.08796,0.0018952,0.00020608,-0.00050587,0.00034931,0.0024624,0.0024755,2.6271e-05,-0.00060688,0.000603,0.0012184,-7.5389e-08,0.022504,0.034474,6.1188e-08,2.243e-05,1.9031e-05,-5.0448e-05,-4.6154e-06,0.00010583,0.0020162,0.0022289,0.0001011,0.01725,0.030041,0.0016927,3.6152e-06,-0.00022147,-0.00065198,-1.7681e-19
-1.338e-17,-0.30257,0.92783,4.7975,3.9265,0.21129,0.099305,-0.00023219,0.027648,0.0075935,0.013809,0.02248,-2.5412e-07,0.00033944,0.022191,0.017758,-0.0041692,-0.00056572,-0.0010155,-0.0019207,0.0035709,0.0011665,0.0001039,-2.5551e-07,-2.9985e-07,-5.8908e-05,-4.1169e-09,-0.0010477,-0.0018682,0.0007713,0.022618,0.040591,0.012162,0.0034187,-1.1434e-05,0.001837,0.0021981,0.00011617,0.0011295,0.0011507,0.00095494,-6.676e-05,0.024632,0.011059,-2.7537e-05,-0.0033006,0.00014403,0.023375,0.027989,0.00094003,5.4475e-05,-0.00051168,-1.4949e-06,3.4845e-05,-5.8283e-05,0.00023136,-0.00044201,0.0054479,0.020007,-0.0019518,2.2737,0.19087,0.032911,0.021548,0.0028118,0.00049086,-4.3131e-05,5.8917e-05,-5.9204e-05,-9.3792e-05,-3.8443e-05,0.025287,0.0013977,-0.00044084,-1.6441e-05,9.221e-05,-0.00015526,-0.0043309,-0.0036479,0.19821,3.0964,0.29443,0.085064,-0.0014338,0.0002456,-0.00036783,-0.00044295,0.019057,-2.2471e-05,-1.9768e-05,0.036807,0.030334,0.0017788,-0.00024151,0.00027197,-0.0037945,-0.00033626,-0.00096932,-0.0045651,0.00016808,1.2512e-05,-0.0045633,-0.0019751,0.0016777,0.029136,0.0098514,0.022764,1.1763e-05,1.6144e-05,0.0035279,0.0028346,-0.00077175,0.011949,0.38328,1.0421,0.13619,0.033348,0.017875,0.00039508,0.0029472,0.037171,0.036258,0.00019321,-0.0043323,0.018987,0.017869,-7.8691e-07,0.0048034,0.0059515,5.8356e-08,2.464e-05,2.4041e-05,-5.454e-05,-3.6336e-05,0.0043855,0.03427,0.030699,0.00068367,0.0049222,0.063869,0.027056,8.3744e-06,-0.0012534,-0.0042044,-1.54e-18
-3.976e-16,0.1967,-0.51813,10.853,14.801,0.22832,0.035337,0.0019618,0.031556,0.0041443,0.0096897,0.015352,2.2209e-06,0.0003367,0.016768,0.023922,0.022622,0.0030878,0.00061532,0.020136,2.4183e-05,-0.0049871,-0.00044398,1.6894e-07,1.8049e-07,3.5393e-05,1.7602e-08,0.0018599,0.0011633,-0.00035971,0.023703,0.033983,0.021823,-0.0015237,3.2141e-05,-0.00099993,-0.00041158,-6.9797e-05,-0.0033365,-0.0049273,-0.0040519,0.00032256,0.028079,0.0070788,0.00010875,0.018251,-8.653e-05,0.007904,0.02364,-0.0040189,-0.00024194,0.0022343,1.3704e-06,-2.0054e-05,4.1651e-05,-0.00015163,0.00026665,-0.0032036,0.035274,0.005596,1.5029,0.32857,0.10739,0.0094433,-0.001551,-0.0005062,1.0112e-05,-3.4924e-05,3.5599e-05,0.00013772,2.5226e-05,0.0054152,0.0012595,-4.9974e-05,1.6247e-05,-5.5402e-05,0.00082316,0.023784,0.0021952,0.14098,1.7471,0.45082,0.15742,0.010283,-0.0016839,0.0014319,0.001761,0.0011922,0.00024606,0.00067546,0.032735,0.029659,-0.00069822,0.0013833,-0.00065821,0.020588,0.0014377,0.0055428,0.025169,-0.00010098,-1.6874e-05,0.025031,0.011656,0.063999,0.074658,0.02364,0.028485,-8.4524e-06,-1.0967e-05,-0.0020347,-0.0021362,0.00024472,0.01212,0.56694,1.4081,0.18174,0.050345,0.025061,-0.0045068,-0.0072099,0.030828,0.0232,-0.00044386,0.023891,0.013254,0.011532,3.5683e-06,-0.0027592,-0.0033736,1.3015e-08,-1.1513e-05,-2.5483e-05,2.1485e-05,0.00015911,0.018249,0.045299,0.019441,-0.0029224,-0.0071135,0.041784,0.029324,-2.3928e-05,0.0066902,0.023476,7.7115e-20
-2.099e-16,-0.014421,0.14192,9.6693,15.663,0.30977,-0.008278,-0.0038147,0.010899,-0.00041769,-0.0021205,-0.0031472,-4.328e-06,-0.0010694,0.016843,0.018463,0.032941,0.0045103,-0.00016576,0.038615,0.0039628,0.0095562,0.00085024,-7.0988e-08,-4.6463e-08,-8.9905e-06,-3.2003e-08,-0.0027117,-0.00036994,9.1383e-05,0.01355,0.01206,0.010585,-0.00041552,-5.4155e-05,0.00025389,-0.0013998,1.7727e-05,0.0060431,0.0094978,0.0078964,-0.00059595,0.012589,-0.0014398,-0.00019541,0.029198,2.197e-05,-0.0031503,0.0028592,0.0077233,0.0004422,-0.0040742,-1.2075e-06,3.4898e-06,-2.2651e-05,6.1496e-05,-6.9693e-05,0.00081342,0.004808,0.004283,0.73152,0.38297,0.16086,0.011073,0.00036429,0.00054227,2.6189e-05,8.0077e-06,-9.0934e-06,-0.00018307,-1.0282e-05,-0.00084377,-0.0039515,0.00058565,-1.5718e-05,1.4074e-05,0.001908,0.042122,-0.00056396,0.17619,1.003,1.074,-0.011402,0.058558,0.0037613,-0.0025674,-0.0030942,0.0029158,-0.00048573,-0.0012897,0.016414,0.012809,-0.00030808,-0.0026046,0.0011833,0.028483,-0.002614,0.011102,0.03952,2.5639e-05,2.1314e-05,0.039655,0.029678,0.092499,0.083436,0.027518,0.010344,4.6669e-06,5.0921e-06,0.00051663,0.0015197,0.00033633,-0.0025705,0.37566,1.2689,0.17302,0.032224,0.013185,0.0093986,0.015068,0.019968,-0.0047183,0.0069514,0.034835,-0.0027925,-0.0024834,-6.5398e-06,0.0006999,0.00085658,-9.0798e-08,-3.0644e-06,2.6563e-05,1.5078e-05,-0.00029024,0.026304,0.025214,-0.003949,0.0056554,0.010082,0.016548,0.012794,4.0466e-05,0.01065,0.042671,-5.8354e-20
-1.0817e-16,0.014277,0.011569,1.4017,2.0597,0.31118,0.0070117,-0.0021079,-0.00023716,0.00017588,-0.00025936,-0.00028527,-2.3923e-06,-0.00061972,0.01666,0.00014042,0.0014903,0.00020693,-2.0055e-05,0.018924,0.00020463,0.038675,0.0034119,-2.1353e-08,-4.5395e-09,-8.1518e-07,-1.753e-08,-0.0014356,-7.3091e-05,8.2917e-06,0.000495,0.00065984,-0.00074371,-0.00046409,-2.9346e-05,2.2961e-05,-0.00092623,1.6061e-06,0.027806,0.041954,0.041076,-0.00032714,0.000408,-0.00013021,-0.00010687,0.0073788,1.9869e-06,-0.0011815,-0.00027587,0.032713,0.00024239,-0.0022326,-5.6611e-07,-5.3591e-07,-8.4675e-06,1.7785e-05,-7.3605e-06,7.3564e-05,-6.266e-05,0.00016517,1.7486,0.36345,0.12525,0.0043968,1.7257e-05,0.00026897,1.7654e-05,2.6721e-07,-8.5144e-07,-9.5279e-05,-2.9904e-06,-7.6309e-05,-0.0022878,0.00035752,-7.5839e-06,1.2764e-06,0.0017302,0.019079,-5.4502e-05,0.16878,2.4143,1.7793,0.050743,0.099734,0.038837,-0.0014036,0.0033444,0.033119,-0.00026891,0.0053985,0.039941,0.00068136,-0.00028586,-0.0014334,0.0085419,0.01593,-0.0014318,0.010356,0.017646,2.3187e-06,1.098e-05,0.0073036,0.026519,0.03754,0.037906,0.018033,-0.00091306,1.762e-06,1.6871e-06,4.6723e-05,0.0006569,0.00024222,-0.00022543,0.20164,0.89676,0.14162,0.016123,0.00046271,0.038309,0.064956,0.039674,-0.0004267,0.017506,0.001566,-0.0002892,-0.00029564,-3.5861e-06,6.2937e-05,7.7467e-05,-5.4719e-08,-3.4599e-06,1.3082e-05,1.2278e-05,-0.00015905,0.018162,0.00083951,-0.00035717,0.026492,0.042052,0.031836,0.00065397,2.194e-05,0.00074613,0.019373,-7.7868e-20
-4.7388e-16,0.019768,-0.004829,11.567,9.5546,0.027211,0.063039,0.048958,0.013814,-0.0035506,0.0015763,0.00064392,3.4908e-05,0.014809,0.037741,0.015282,-0.0034418,-0.00051601,0.00011949,0.0029959,-0.00045427,0.014759,0.001234,2.6831e-07,1.5087e-08,1.844e-06,2.5541e-07,0.033513,0.0011796,-1.8843e-05,-0.0010969,-0.005894,0.030032,0.012349,0.0004268,-5.1069e-05,0.022537,-3.6145e-06,0.024222,0.02945,0.05141,0.0087508,-0.00090346,0.00028962,0.0015567,-0.00018812,-4.4187e-06,0.025954,0.0068328,0.018155,-0.00070969,0.053693,8.0156e-06,1.3784e-05,0.00011375,-0.00022031,3.201e-05,-0.00016362,0.00021468,-0.00034959,1.1019,0.92815,0.069927,-0.00059012,0.00019361,-0.0038504,-0.0002653,6.1636e-06,2.3232e-06,0.001376,3.7122e-05,0.00016971,0.060198,-0.0052989,0.00010799,-2.8925e-06,0.00046403,0.002657,0.00017294,0.049283,1.6566,0.98245,1.366,0.12461,0.10009,0.033727,0.066724,0.08938,0.0059814,0.042598,0.084388,-0.005264,0.0070214,0.034184,0.017888,0.070385,0.034146,0.012828,0.036893,-5.1572e-06,-0.00015828,-0.0058631,-0.0011702,0.028498,0.005896,0.013537,0.031847,-2.3733e-05,-2.189e-05,-0.00010392,-0.0091427,-0.0036708,0.00039735,0.47162,1.2942,0.23874,0.065777,-0.0010441,0.0142,0.038027,0.027931,0.00094876,0.0061641,-0.0034761,0.0011852,0.0017082,5.226e-05,-0.00013464,-0.0001723,8.0943e-07,5.4761e-05,-0.00018703,-0.0001887,0.0023176,0.007064,-0.00094782,0.00079473,0.023765,0.029159,0.021861,-0.0048231,-0.00031912,-0.0052592,-0.0014619,-1.3661e-18
-5.8157e-16,0.018878,0.036567,19.35,20.199,0.99876,0.090283,0.044057,0.018228,0.011013,-0.0036693,-0.00029221,-0.00010381,0.014143,0.037642,0.02579,0.0018189,0.00038344,-0.00027551,-0.0010275,0.00018596,-0.0066414,-0.00038811,-7.7796e-07,-2.1276e-08,-8.4865e-07,-7.5938e-07,0.03036,0.0010424,8.9291e-06,0.000449,0.018487,0.045711,0.015218,-0.0012686,2.0909e-05,0.021317,1.608e-06,0.0085365,0.0066436,0.036041,0.015478,0.00036993,-0.00011863,-0.0046281,-0.00060232,1.8075e-06,0.026687,0.011943,0.00087097,0.035227,0.057552,-2.3724e-05,-4.3742e-05,-0.00033377,0.00063708,-6.0425e-05,6.6992e-05,-0.0003076,9.3025e-05,0.17163,3.0781,0.30873,0.032492,-0.0007812,0.013944,0.00094807,-2.2971e-05,-2.2506e-06,-0.0040856,-0.00010739,-6.9441e-05,0.097057,0.018506,-0.00031993,1.3462e-06,-0.00016108,-0.00083732,-0.0002273,-0.021374,0.36744,0.13664,1.6709,0.78389,0.064627,0.042229,0.10179,0.075713,0.0032248,0.039191,0.067081,0.015727,0.0057754,0.035112,0.013391,0.072912,0.034616,0.0023013,0.034128,2.1114e-06,0.00046982,0.014392,0.025609,0.022461,-0.0019088,0.015007,0.039666,6.9668e-05,6.3841e-05,4.255e-05,0.03142,0.012678,0.00015211,0.64213,1.7189,0.23376,0.078904,0.000485,-0.0052915,0.0033959,0.0071893,-0.0003876,-0.0022714,0.0014286,-0.002125,-0.0038783,-0.00015538,3.8958e-05,7.0537e-05,-2.4122e-06,-0.00016482,0.00055442,0.00056558,-0.0068907,-0.0097503,-0.0023707,-0.00032642,0.0087145,0.0072998,0.020354,0.01415,0.00094857,0.014868,0.013301,6.2385e-19
-4.9355e-16,0.029596,0.034614,18.387,22.003,3.1193,0.9531,0.080891,-0.0051861,-0.011255,0.0035879,7.2095e-05,0.0001055,-0.0019811,0.012857,0.014174,-0.00068224,-0.00023017,0.00026893,0.00020027,-2.7553e-05,0.0021769,-3.8922e-06,7.8787e-07,1.8353e-08,2.2013e-07,7.7173e-07,-0.003211,-0.00014256,-2.5465e-06,-6.6503e-05,0.043731,0.030824,0.019072,0.0013143,-3.1007e-06,-0.00072229,-3.6741e-07,-0.00071425,-0.00048,0.013408,0.011641,-5.4896e-05,1.765e-05,0.0047731,0.00087889,-2.665e-07,0.0034251,0.0090357,0.00011148,0.070155,0.0098396,2.4095e-05,4.4836e-05,0.00033858,-0.00064495,5.6591e-05,-9.9391e-06,0.00026676,3.6637e-05,-0.0067426,4.2038,0.77199,0.10945,0.00083294,0.044883,0.0026676,2.3988e-05,1.6418e-06,0.004219,0.00011005,1.0258e-05,0.070036,0.044409,0.00032497,-3.6271e-07,1.8557e-05,0.0001204,0.00019519,0.0067725,-0.023231,-0.0041434,0.70631,1.3701,0.28344,0.14442,0.068495,0.013194,0.0012048,0.016866,0.011967,0.036042,0.011885,0.017112,-0.0024008,0.01643,0.0030546,0.0038115,0.017384,-3.1311e-07,-0.00047735,0.021158,0.061945,0.0013598,0.00027145,0.012616,0.012754,-7.0676e-05,-6.4706e-05,-6.3142e-06,0.071568,0.026733,-0.00033941,0.60354,1.5506,0.21895,0.022308,-0.00012982,0.00080652,7.7222e-05,-0.00050847,5.6635e-05,0.00033135,-0.00021738,0.0020001,0.0038351,0.00015791,1.0493e-05,-1.0456e-05,2.4522e-06,0.00016778,-0.0005632,-0.0005754,0.0071237,0.0087252,0.0031819,4.9456e-05,-0.00073464,-0.0011024,0.027479,0.031923,-0.00096395,0.027598,0.029917,3.2315e-18
-5.5678e-16,0.0052039,0.044339,19.988,19.895,4.126,2.8191,0.31511,-0.0066971,-0.037272,0.011806,0.00013299,0.0003491,-0.0026963,0.00029186,0.0016611,-0.0017099,-0.00068673,0.00088465,0.00026648,-1.5386e-05,0.018396,0.002649,2.6056e-06,5.9193e-08,4.2686e-07,2.5535e-06,-0.0020203,-0.00018951,-5.3616e-06,-3.7055e-05,0.022222,0.018765,0.042283,0.013632,-1.7401e-06,-0.00097738,-6.2104e-07,-0.0004186,-0.00043667,0.0012157,0.0015602,-3.0929e-05,1.0089e-05,0.041613,0.0096217,-1.4458e-07,-0.00042044,0.0012757,5.8464e-05,0.041311,-0.00040823,7.972e-05,0.00014853,0.00112,-0.0021329,0.00018499,-5.5923e-06,0.00086116,0.00018281,-0.0029951,1.6462,1.3042,0.18936,0.0066734,0.057032,0.0026049,7.9674e-05,5.1293e-06,0.039051,0.00085268,5.629e-06,0.024117,0.022364,0.0010752,-7.2815e-07,-6.7349e-06,5.5422e-05,0.0020936,0.039477,-0.012913,-0.00153,0.17842,0.81171,1.2597,0.28697,0.042281,-0.00083405,0.0092893,0.041185,0.0007187,0.014517,0.041309,0.040917,-0.0046263,0.00023887,-0.00071581,0.040192,0.041473,-1.7572e-07,-0.0015794,-0.0039995,0.016992,-0.00060666,0.00011498,0.0017799,0.00081968,-0.0002338,-0.00021402,-3.5568e-06,0.027026,0.0044733,-0.0012098,0.60314,0.91641,0.3606,-0.010371,-0.00025912,0.00052281,0.0001181,-0.00028506,2.9067e-05,0.00016829,-0.00013974,0.01924,0.03486,0.0005225,5.8232e-05,-5.8553e-06,8.1143e-06,0.00055529,-0.0018634,-0.0019042,0.068316,0.075452,0.030671,3.1132e-05,-0.0004122,-0.0024768,0.016158,0.017686,-0.0031895,0.0017369,0.0050527,3.3918e-19
-5.3854e-16,-0.0054587,-0.13698,16.498,10.927,1.9126,2.659,0.69148,0.13019,0.20658,-0.061175,-0.00059394,-0.0018107,0.013979,0.0045275,-0.001384,0.01209,0.0047985,-0.0045839,-0.0010224,1.0982e-05,0.038169,0.016745,-1.3514e-05,-3.0564e-07,-1.9403e-06,-1.3245e-05,0.002665,0.00072668,2.5027e-05,2.6015e-05,0.0033698,0.0058967,0.031892,0.018766,1.289e-06,0.00079929,2.6813e-06,0.00040514,0.0012191,-0.00097936,-0.0011138,2.3554e-05,-8.4567e-06,0.028174,0.013611,8.0399e-08,0.0004336,-0.001206,-2.1337e-05,0.0090127,0.00035157,-0.0004135,-0.0007706,-0.0058092,0.017634,-0.00095748,4.2187e-06,-0.0044472,-0.0010041,-0.0020061,0.096258,2.2733,0.20959,0.0030276,0.056676,0.0024578,-0.00041354,-2.633e-05,0.03466,0.00014512,-3.484e-06,0.0018233,0.0032371,-0.0055769,3.3482e-06,9.6812e-05,2.398e-05,0.0028621,0.029225,0.0088965,-0.003125,0.020964,0.37842,2.5768,-0.088575,0.14612,0.0027225,-0.01173,0.033347,-0.0052812,-0.0052993,0.034345,0.037264,0.028802,-0.00010208,0.00025766,0.034062,0.033166,1.3011e-07,0.01229,0.053755,-0.0038281,0.00050484,0.00011491,-0.0012514,-0.00054739,0.0012126,0.00111,2.705e-06,8.2118e-05,-0.0032334,0.0092817,0.26927,0.30823,0.21883,0.090082,0.0011892,-0.00076299,-0.0004878,0.00020955,-6.9843e-06,-3.0048e-05,0.00019851,0.021817,0.029899,-0.0027102,-0.0003234,4.268e-06,-4.2089e-05,-0.0028804,0.013984,0.013306,0.071974,0.053008,0.028414,-4.1139e-05,0.00030483,0.016615,0.030264,0.024308,0.021595,0.017593,-0.0036447,1.8934e-18
-3.5058e-16,0.0055611,0.30289,12.145,5.992,-0.10033,1.8745,2.5843,0.35888,-0.23621,0.14687,0.0014619,0.0038482,0.0174,0.009168,0.0008479,0.023715,0.0069912,0.010564,0.0022187,-2.3434e-06,0.030349,0.017261,2.872e-05,6.4912e-07,4.0399e-06,2.8148e-05,-0.0032799,-0.0014662,-5.2339e-05,-4.5907e-06,-0.00058048,-0.0013197,0.0088009,0.01155,-3.7909e-07,-0.000386,-5.5335e-06,-0.00032223,-0.0022719,0.00056939,0.0003267,-8.3032e-06,4.5878e-06,0.020541,0.0082274,3.3382e-08,-0.00034709,0.00098096,-4.0654e-05,-0.0018325,-0.00010276,0.00087876,0.0016377,0.013335,0.050333,0.0021805,-1.4039e-06,0.010434,0.0022701,0.010494,0.0099497,2.0856,0.21719,0.019004,0.060529,0.0025415,0.00087893,5.5873e-05,0.0045434,0.00051888,-4.3992e-07,0.00042285,-0.000455,0.012841,-6.9849e-06,-0.00022462,-0.00014597,-0.0036055,0.0057631,-0.0011889,0.010922,-0.0058607,0.19115,2.3602,1.3354,0.134,-0.004607,0.051277,0.0078275,0.01281,0.012569,0.0051555,0.019623,0.042928,3.0196e-05,0.00055074,0.0075593,0.0078227,-3.8158e-08,0.028326,0.087077,0.0013031,-0.0002427,-0.00046119,0.00031912,0.00014625,-0.0025771,-0.002359,-9.46e-07,0.00038734,0.00096753,0.019107,-0.014951,0.26805,0.70308,0.17205,-0.0024802,0.001027,0.00099861,-5.8198e-05,-2.902e-05,-0.00019326,-0.00026132,0.010874,0.0099992,0.0062544,0.0006938,-1.1074e-06,8.9448e-05,0.0066529,0.027567,0.016844,0.030027,0.0028208,0.0089814,5.0716e-05,-8.8591e-05,0.028928,0.049847,0.031285,0.020582,0.027643,0.0010719,3.3293e-18
-3.333e-16,0.014741,0.016005,11.624,10.757,0.22148,1.6536,5.2648,4.0877,1.323,0.77678,0.01053,1.276e-16,6.5737e-17,8.043e-17,1.7712e-17,0.015141,4.1031e-17,0.037911,0.007161,5.4819e-19,8.8359e-17,5.4882e-17,1.1686e-18,8.8753e-21,3.5664e-20,3.6153e-19,-1.0362e-16,-5.2139e-17,-1.6932e-18,1.1204e-19,-3.4627e-18,-7.5642e-18,3.9185e-17,4.1925e-17,6.1707e-20,-7.5437e-18,-2.2419e-19,-8.4994e-18,-8.0392e-17,1.2983e-17,-4.3895e-20,5.9986e-18,-6.1427e-19,0.045503,2.2353e-17,7.258e-19,-9.8563e-18,2.8292e-17,-1.895e-18,-1.0845e-17,-1.8476e-18,3.4356e-17,6.3739e-17,0.045507,0.060653,0.0067317,-4.4754e-18,0.045508,0.0054779,0.040452,0.045509,0.55803,1.2172,0.15845,0.057713,0.0025284,3.1696e-17,1.3773e-18,-1.0045e-16,2.2398e-17,-2.1397e-18,2.6224e-17,0.00042143,0.045514,3.0413e-18,-7.8621e-18,-5.9983e-18,-1.2307e-16,9.7164e-18,3.6358e-17,0.041724,-1.6828e-16,0.0046361,0.63649,3.5944,0.40119,0.025289,0.18208,2.5112e-17,0.04552,0.045521,-7.8902e-17,0.0088382,0.015151,8.9938e-19,2.4514e-17,9.6407e-18,1.4612e-17,3.8691e-18,0.02357,0.030304,7.4572e-18,-4.8552e-18,-1.7754e-17,2.7546e-19,9.1464e-19,-9.1904e-17,-8.3522e-17,-1.7313e-18,6.125e-18,9.1713e-20,0.015154,0.015154,0.67293,1.718,0.12647,-1.0875e-16,3.553e-17,3.4436e-17,-4.72e-19,-1.1013e-18,-8.0182e-18,-8.0228e-18,4.3536e-17,0.0071674,0.022767,2.4496e-17,1.9773e-18,5.011e-18,0.024454,0.02066,5.5843e-17,7.1406e-17,-2.2008e-17,1.8545e-17,2.4389e-18,3.907e-18,0.015157,0.043408,0.032046,-7.3848e-17,9.6205e-17,6.1486e-18,2.3293e-19
-6.1779e-16,0.0042494,-1.8774,12.619,14.289,0.33456,0.48517,5.1246,13.478,8.6026,1.4198,0.061944,-0.0069442,-1.2451e-05,-0.0099552,-0.0032711,-0.002101,-0.0042186,0.02383,0.0021668,-5.9326e-06,-0.0011739,-0.0010205,-0.0001806,-4.0814e-06,-2.5322e-05,-0.00017701,0.033929,0.016098,0.00032829,-2.104e-05,7.2441e-05,0.00016197,-0.0048809,-0.0024953,6.0284e-08,0.0011351,3.4635e-05,0.0014959,0.026013,-0.0020921,-4.5718e-05,1.1109e-05,-1.5673e-05,0.025784,-0.0006029,-4.1099e-07,0.0016171,-0.0046111,0.00034031,0.00027407,1.182e-05,-0.0055259,-0.010299,0.02055,0.024925,0.0013396,1.3838e-06,0.056687,7.9878e-06,0.024688,0.026942,0.016256,3.8906,0.44304,0.023668,0.0025231,-0.0055271,-0.00035127,0.037416,-0.0039257,1.0488e-05,-0.0039881,0.00054777,0.026512,4.3795e-05,0.0014311,0.0018022,0.037953,0.00014626,-0.0099659,0.028206,0.037991,-0.0087377,0.028046,1.7848,1.6336,0.16343,0.16608,-0.00073557,0.026138,0.032395,0.030715,-0.008008,0.0013324,-6.0405e-06,-0.0045445,-0.00027153,-0.00031338,5.3068e-09,-0.00050654,0.0018868,-0.00020719,0.00070893,0.0031137,0.00029712,8.1563e-05,0.033474,0.026408,1.2207e-06,-6.1582e-05,-0.00027188,0.0029864,0.0086423,0.71722,1.5144,0.07896,0.03585,-0.005873,-0.0062421,-1.5143e-05,0.00022567,0.0014684,0.0014852,-0.0028074,0.01129,0.017076,-0.0043693,-8.7558e-07,-0.00056248,0.018343,0.0044855,-0.0014108,-0.0011112,0.0012193,-0.0006321,-0.00028278,6.551e-06,-0.0010701,0.02027,0.065544,0.048278,-0.0025391,-0.00017017,-1.6311e-18
1.7648e-16,-0.001526,7.9233,20.046,7.8597,0.18073,-0.092147,2.244,9.1275,8.1237,1.938,0.26815,0.18976,0.033995,0.035815,0.013043,0.019341,0.014672,0.0059892,-0.00086688,2.1743e-05,-0.0034238,-0.00094057,0.00061408,1.3878e-05,8.6095e-05,0.00060186,0.03563,0.012978,-0.0011162,7.5334e-05,2.5634e-05,6.7728e-05,0.019384,0.0073343,-2.8367e-08,-0.0037613,-0.00011775,-0.0050461,0.027892,0.0081653,2.7706e-06,-3.4648e-05,5.2291e-05,0.0054275,0.00019462,1.4127e-06,-0.0054556,0.018708,-0.0011636,-7.684e-05,8.0286e-06,0.022812,0.04237,-0.0031013,0.017901,0.0021472,-4.1393e-06,0.049758,0.029068,0.0058011,0.0036833,0.00043096,3.3766,0.34516,0.029814,0.0025399,0.022816,0.0011944,0.037988,0.017349,-3.625e-05,0.017684,0.00028931,0.0038061,-0.0001489,-0.0048674,0.0014232,0.037124,-0.00099325,0.042675,0.0087897,0.038293,0.0091507,0.0087469,0.12816,1.584,0.23391,0.097079,0.0016125,0.0051364,0.013147,0.029925,0.03889,-0.00075091,6.5651e-06,0.018683,0.0001278,0.00014735,-2.0908e-10,0.021897,0.00062233,9.7422e-05,-0.0023484,-0.010604,-0.0011854,0.00088681,0.05521,0.02083,-3.7914e-06,2.8934e-05,0.00048267,-0.00014992,0.0027133,0.42074,0.8197,0.15868,0.079783,0.024399,0.025842,8.0458e-05,-0.00077062,-0.0050122,-0.0050381,0.0092564,0.021622,0.017208,0.018104,3.573e-06,0.0027635,0.014373,-0.0020308,0.00038495,-0.0020957,-0.0027891,0.00070232,0.00095878,1.9572e-05,0.01363,0.015211,0.060318,0.058664,0.0011938,7.923e-05,-1.493e-18
1.1527e-15,-0.00013938,18.588,23.978,-0.35047,0.087234,0.07506,-0.20539,-1.2458,2.4891,3.6116,0.0272,-0.1941,-0.00090638,0.029194,0.022257,0.03393,0.018944,-0.0020243,6.0399e-05,-2.9646e-05,0.0061703,0.0021808,-0.00082901,-1.8735e-05,-0.00011623,-0.00081252,0.0093669,0.021274,0.001526,-0.00010241,-8.5152e-05,-0.00020638,0.047612,0.017201,5.4694e-09,0.0051974,0.0001635,0.0070056,0.012064,0.011332,2.4637e-05,4.6195e-05,-7.0407e-05,-0.0022873,8.2115e-05,-1.9101e-06,0.0075607,0.035129,0.0016139,-5.5189e-05,-1.9801e-05,0.046391,0.083858,0.0029647,0.045417,0.0072718,5.4829e-06,0.061693,0.05068,-0.0022351,-0.00033716,0.003168,1.4655,0.04561,0.059067,0.002527,0.046394,-0.0016051,0.007801,0.05257,5.0873e-05,0.053511,-0.00016117,-0.00025177,0.0002065,0.0067676,-0.00020222,0.0066811,0.0014586,0.085335,0.0029383,0.0090933,-0.0016088,-0.00066823,0.12695,1.5934,0.1569,0.054778,-0.0020117,-0.0020552,0.0069499,-4.1089e-05,0.071642,0.00051936,-6.2657e-06,0.035149,-2.4676e-05,-2.8262e-05,-3.0327e-09,0.044928,-0.001732,-1.8686e-05,0.0032721,0.014725,0.0016931,0.022858,0.039179,-0.0029792,5.0517e-06,-5.5202e-06,-0.0005695,-0.001449,0.019595,0.15449,0.36198,0.18868,0.08293,0.052977,0.053821,-0.000114,0.0010711,0.0069738,0.007003,0.024395,0.021977,0.023027,0.037878,-4.9344e-06,0.012689,0.025517,0.00056807,0.00030038,0.0040325,0.0036035,-0.0006792,-0.0012938,-3.42e-05,0.026573,0.016763,0.020598,0.020621,-0.00022878,-1.4141e-05,-6.609e-19
1.0546e-15,-0.00079052,13.946,14.288,0.1005,0.074709,0.05096,-0.028213,-0.34422,1.7534,5.8612,1.0999,-0.18842,-0.034152,-0.012015,0.001689,0.0014644,-0.0028127,-0.0029621,-0.00016597,-5.2896e-05,0.038193,0.018528,-0.0014772,-3.3383e-05,-0.0002071,-0.0014478,0.00024034,0.047033,0.005747,-0.00018265,-0.00016419,-0.00039608,0.045242,0.016405,1.6538e-09,0.031059,0.0010088,0.044253,0.013208,-0.0010944,5.0895e-05,8.2169e-05,-0.00012541,-0.0036826,0.00023132,-3.4041e-06,0.045673,0.0075263,0.00951,-0.00013751,-3.7491e-05,0.018513,0.028307,0.014939,0.055572,0.0066579,9.7438e-06,0.099159,0.025585,-0.0034526,-0.00030756,0.038483,1.9252,0.089014,0.058076,0.0025219,0.018511,-0.0017062,0.00010321,0.062477,0.00037959,0.063394,-0.00025502,-9.3586e-05,0.0012347,0.043114,-5.8675e-05,5.4875e-05,0.0066609,0.029715,0.00027626,0.00030976,-0.00048633,0.0041679,0.15502,3.018,0.24583,0.050196,-0.0035438,-0.003309,0.0012404,-0.0037611,0.01499,0.00080356,-1.0524e-05,0.007531,-7.5226e-06,-8.2896e-06,-6.2209e-09,0.0071415,-0.003306,-5.4807e-06,0.023745,0.090677,0.012562,0.059236,0.003747,-0.00089817,8.9848e-06,-1.5683e-06,-0.00099451,-0.0029889,0.015608,0.14868,0.33181,0.069165,0.034688,0.031383,0.030216,-0.00020446,0.0066731,0.044651,0.044702,0.026084,0.0028104,0.015629,0.017525,-8.8196e-06,0.023518,0.036579,0.00047643,0.00073738,0.025088,0.020663,-0.0011439,-0.0023053,-6.2856e-05,0.0030328,0.0018479,0.0012272,0.0012324,-6.6792e-05,-2.3166e-06,-6.9947e-20
8.2751e-16,0.0096821,7.4426,4.5561,0.78401,0.061032,0.028316,0.12249,0.39759,0.71441,3.6193,8.7558,4.8277,0.34213,0.2505,0.0039543,0.024865,0.054796,0.029334,0.0014411,0.00035678,0.018219,0.029167,0.014552,0.00022511,0.0013965,0.016007,0.0017091,-0.0048832,-0.0035913,0.0012318,0.0011218,0.0027042,0.044812,0.015736,-1.633e-09,0.014743,0.00057437,0.031211,0.01554,0.023537,-0.00035143,-0.00055392,0.00084561,0.034926,-0.0016599,2.2956e-05,0.023729,-0.002246,0.0040821,0.00097337,0.00025541,0.0013208,-2.881e-05,0.0068904,0.03031,0.0087399,-6.5675e-05,0.091525,0.046687,0.033215,0.001729,0.093096,1.0748,0.38994,0.062505,0.0026612,0.0013486,0.033928,-0.00022987,0.032528,0.00050455,0.032825,0.0016818,0.00021343,0.00058633,0.031145,4.0807e-05,-0.00065405,-0.0034119,0.00029781,-0.00065413,-0.00070047,0.00047928,0.0064462,0.063683,1.6507,1.0551,0.08854,0.034409,0.032458,-0.0050213,0.03323,0.024228,-0.0052752,7.0215e-05,-0.0022473,7.8533e-06,6.4111e-06,4.291e-08,-0.0042468,0.033112,4.2385e-06,0.02992,0.056969,0.016279,0.036006,-0.0036421,0.00086863,-6.0567e-05,8.4917e-07,0.010339,0.030385,0.0038762,0.17898,0.7072,0.19955,0.0063916,0.018728,0.032461,0.0013803,0.0039904,0.03317,0.032832,0.017733,-0.0057074,0.0042231,0.0023154,5.9505e-05,0.019902,0.024473,-0.0025824,-0.0052101,0.011818,0.0078154,0.013544,0.023047,0.00042611,-0.0023079,-0.0018074,-0.0011767,-0.0011687,4.9415e-05,-1.1294e-05,4.8896e-20
2.7539e-16,0.020311,0.27411,-1.9869,0.40068,0.074364,0.018433,-0.016892,-0.13676,-0.20461,0.63061,12.679,9.5703,0.38472,-0.09524,-0.015088,0.057807,0.11103,0.048196,-0.0036356,-0.00087146,-0.0052852,0.018699,0.01875,-0.00054984,-0.003411,0.035584,0.010797,0.16171,0.061473,-0.0023936,-0.0027453,-0.006617,0.041618,0.016207,5.6329e-10,-0.0042946,-0.00035924,0.004396,0.0090568,0.028109,0.00086132,0.0013529,-0.0020654,0.038711,0.0044852,-5.607e-05,-0.0041385,0.00083187,-0.00031993,-0.0023941,-0.00062478,-0.00010042,0.00016081,-0.0020324,0.0049148,0.0013043,0.0001604,0.045625,0.051841,0.043374,-0.0040991,0.080432,0.6529,0.38926,0.044021,0.0022542,-0.00016795,0.043096,0.00048703,0.0043021,0.00028571,0.0042253,-0.0040943,-0.000371,-0.00017119,-0.00086428,2.8024e-05,0.0018322,0.015887,0.00031043,0.0011772,0.0012656,-0.000163,0.0032746,-0.0046667,0.058896,1.1514,0.097354,0.040282,0.045443,0.013038,0.044136,0.034278,0.014179,-0.00017123,0.00082926,-3.7536e-06,2.1492e-06,-1.0515e-07,0.0014669,0.04335,1.4216e-06,0.021519,0.025094,0.0085469,0.0031407,0.0012899,-0.00025472,0.00014793,1.4258e-06,0.01809,0.040436,-0.00029959,0.22194,0.70091,0.19965,-0.0050019,0.021129,0.044046,-0.003372,-0.0028157,0.00029263,0.0011194,0.011535,0.010159,-0.0012952,-0.00049363,-0.00014535,0.0075493,0.0063035,0.0069255,0.014389,-0.0031002,0.0021596,0.037879,0.032152,-0.0010416,-0.00078512,0.0006508,0.00042825,0.00039307,2.3598e-05,3.7272e-05,-8.4268e-21
5.8674e-16,0.017498,2.2734,2.2911,0.27121,0.10723,0.00037451,0.0038316,0.011103,0.014046,-0.0071335,8.435,8.3535,1.7237,0.22669,0.0071237,0.077046,0.065723,0.023083,0.0016443,0.0003928,0.00035188,-0.00075923,0.013261,0.00024802,0.0015378,0.041588,0.019244,-0.060807,0.013022,0.021778,0.0012382,0.0029847,0.045991,0.016128,-4.4866e-11,0.00029479,0.00010768,5.8976e-06,-0.00034368,-0.0012042,-0.00038744,-0.00060827,0.00092863,-0.00062271,0.011267,2.521e-05,0.00032906,-5.7819e-05,-0.00035403,0.0010814,0.00028186,-1.8824e-05,0.00010085,0.00015323,-5.8075e-05,0.001399,-7.2117e-05,0.0053145,0.01032,0.011059,0.0018404,0.014288,1.3113,0.21914,0.022305,0.0026741,1.153e-05,0.011113,0.0012647,-1.5807e-05,-1.0834e-05,-1.2843e-05,0.0018449,0.00015766,1.1917e-05,0.0018738,-2.0369e-05,0.0021253,0.048656,-1.2378e-05,-0.00050372,-0.00054191,1.1981e-05,-0.00010933,0.0007236,0.1224,1.1951,0.11373,0.012474,0.019016,0.059679,0.010678,0.002446,0.038891,7.697e-05,-5.6282e-05,7.4904e-07,-2.0497e-06,4.73e-08,-0.00010017,0.0111,-1.3555e-06,0.012906,0.047844,-0.00018945,6.44e-05,-0.00011721,9.4536e-07,-6.6511e-05,-8.5401e-07,0.012175,0.011211,-0.00029682,0.29014,0.44103,-0.0070237,0.0018602,0.018885,0.040875,0.0015202,0.00091048,0.0018249,0.0014523,0.0089462,0.025703,0.00015984,3.4177e-05,6.5353e-05,-0.00012422,-5.4787e-05,0.025316,0.046601,6.3607e-05,0.013644,0.04658,0.011581,0.0004699,0.00074582,-6.362e-05,-4.3738e-05,-2.6978e-05,-1.9389e-05,-1.7347e-05,-2.619e-21
2.5251e-15,0.003396,22.328,21.194,0.25069,0.085136,0.026301,0.060293,0.063499,0.025673,0.024722,3.8813,2.2748,5.7743,3.2234,0.1222,0.075464,-0.0089399,-0.0055789,0.030071,0.0087457,0.00052404,-0.0017658,0.028202,0.0063782,0.035597,0.035651,0.02281,-0.65942,-0.1684,0.076969,0.02941,0.072877,0.075645,0.016176,-1.4951e-10,0.00053855,0.0011011,0.00031829,-0.00064343,-0.0021407,-0.0042843,-0.0067258,0.010268,-0.0017268,0.0014435,0.00027875,0.00047424,-0.00011346,-0.0047426,0.029783,0.007143,-0.00031453,0.0014031,0.0004294,-0.00010796,0.036187,-0.00079741,-0.0010781,-0.0058682,-0.00027887,0.042381,0.00353,0.72253,0.48329,0.05379,0.0039885,2.1088e-05,0.00019052,0.00031187,-2.882e-05,-2.1276e-05,-4.8666e-05,0.042445,0.0017281,2.3582e-05,0.042571,-0.00023814,-0.0027792,0.023098,7.4664e-05,-0.0055272,-0.005947,3.052e-05,-0.00010749,0.0026699,0.10604,3.1326,0.22607,0.034143,0.0088797,0.095677,-0.004602,-0.0016416,0.011878,0.00085105,-9.5857e-05,6.7213e-06,-2.4466e-05,5.2304e-07,-0.00017733,0.00016022,-1.618e-05,0.01271,0.023168,0.0009355,0.00012207,-0.00052642,-0.00017844,-0.00073542,-9.7971e-06,0.0020982,0.00022447,-0.0039996,0.32432,0.76006,0.023616,0.038907,0.0038311,0.035389,0.035226,0.018873,0.042434,0.034099,0.001826,0.0067611,0.0010648,6.5637e-05,0.00072263,0.0010187,0.00097031,0.027927,0.039504,-0.001509,0.003693,0.021048,0.0010312,0.012097,0.018292,-0.00032264,-0.00023615,-4.925e-05,-0.00022899,-0.00019279,-6.8361e-20
1.7865e-15,-0.0016271,16.188,15.125,0.1237,0.033561,0.021338,0.05199,0.034377,-0.014243,0.03349,0.97044,-0.39941,3.8924,3.7717,0.045006,-0.11816,0.19136,0.033854,-0.0015955,0.0098042,0.00019213,0.0025124,0.011569,0.0096871,0.032131,0.02224,0.049693,2.6167,0.74612,-0.029481,0.036142,0.086297,0.057294,0.015517,3.5661e-10,-0.00029773,-0.0042766,-0.0014231,0.00041883,0.00094291,0.022479,0.03225,-0.039002,0.00318,0.0053225,-0.0010978,0.00025251,9.4482e-05,0.023853,0.053717,0.0099266,0.0013101,-0.0057188,-0.00084362,6.723e-05,0.032156,0.0038836,0.00064962,0.027798,0.0023464,0.037149,2.6377e-05,0.45148,0.31962,0.038324,-0.0031127,-1.1754e-05,-1.6237e-05,-0.00016213,1.5698e-05,1.7781e-05,0.00012912,0.03686,-0.0067959,-2.0382e-05,0.036545,0.0011947,0.029134,0.0012911,-0.00043581,0.027502,0.029154,-5.1885e-05,-0.00031466,-0.006943,0.24883,2.8871,0.20044,0.045215,0.0038221,0.063989,0.0236,0.00087396,-0.0014726,-0.0033518,2.4751e-05,-2.5425e-05,9.7567e-05,-2.06e-06,7.5048e-05,4.7269e-07,6.4521e-05,0.0080872,-0.00022006,-0.005715,-8.5391e-05,0.0015576,0.00082936,0.0028964,3.8823e-05,-0.00097145,0.0011252,0.019962,0.2908,0.46985,0.061631,0.021813,-0.0019819,0.022795,0.031966,0.012494,0.036903,0.030984,-0.0010922,-0.0051293,-0.0037228,-4.926e-05,-0.002846,-0.0056149,-0.0048777,0.016121,0.035563,0.010162,-0.0019378,0.0024254,-0.00047345,0.017186,0.013903,0.0010155,0.00076422,2.7085e-05,0.00091164,0.00075996,1.94e-19
8.3884e-17,0.00018926,1.0619,1.1982,0.042738,0.012493,-0.0056157,0.017748,0.024363,0.0035355,-0.0015029,-0.10674,0.13717,-0.098348,1.7919,2.2118,0.64169,-0.080112,-0.058603,0.15061,0.053779,-0.00048009,-0.0030593,0.0053528,0.013695,0.0065051,0.0081534,-0.036149,-4.348,-1.0259,0.13401,0.09394,0.046429,0.013879,0.0089493,-5.3964e-10,7.2166e-05,0.0075306,0.0025411,-0.00020594,0.0001694,0.053925,0.0403,0.089259,0.091126,0.010958,0.0021843,-0.00091267,-7.5438e-05,0.035102,0.062924,0.0085961,-0.0021972,0.010022,0.0012778,-2.8781e-05,0.0075136,0.0055852,-0.00016714,0.047661,0.0057914,0.0051375,0.013497,2.3709,0.30024,0.02138,0.012416,3.0077e-06,3.8038e-06,3.6921e-05,-3.4168e-06,-1.4267e-05,-0.00020039,0.0048266,0.011768,1.7091e-05,0.0061213,0.0020328,0.042055,9.2847e-05,0.00078957,0.047781,0.045033,7.0498e-05,0.00069514,0.011186,0.42264,1.9632,0.11999,0.065817,-0.0008052,0.029258,0.038088,-0.00011145,-0.0020228,0.0059479,4.0723e-05,4.2078e-05,-0.00016268,3.4288e-06,1.9837e-05,-1.3335e-07,-0.00010758,-0.0036963,0.0030163,0.010418,5.0322e-05,-0.0024728,-0.0014099,-0.0048211,-6.4675e-05,7.0935e-05,0.0078668,0.027536,0.20381,0.16755,0.034872,0.002283,0.00047978,0.0081977,0.0064402,-0.0018769,0.0056136,0.0069427,0.00050821,0.0039452,0.0063349,3.3402e-05,0.0049563,0.010177,0.0088231,0.014176,0.035897,0.027446,0.00045345,-0.00018541,0.0001022,0.0077547,-0.0040393,-0.001631,-0.0012335,-6.3296e-06,-0.0015197,-0.0012651,-3.027e-19
5.2634e-16,-0.00013585,4.6233,4.4278,0.098764,0.028608,-0.0022072,0.021111,0.02854,0.00069693,0.022749,0.030429,0.066849,0.13245,0.25383,5.7255,3.4264,0.12995,-0.033728,0.086327,0.024167,0.031113,0.0053347,0.039173,0.011166,0.00032908,0.0002539,-0.014134,-3.826,3.1159,0.88953,0.16388,0.032432,0.00025955,0.00012771,-4.7032e-10,1.2825e-05,0.043693,0.013804,-0.00012286,0.00035887,0.050161,0.04765,0.15766,0.12366,0.019205,0.032955,-0.00086564,-5.6809e-05,0.0026795,0.054602,0.008792,-0.0019433,0.048725,0.0072231,-1.5429e-05,0.0013207,0.00017773,-3.77e-05,0.014338,0.0053775,-0.00024782,0.049114,4.5161,0.84818,0.054809,0.049103,6.6551e-07,5.6705e-07,4.5966e-06,-2.8644e-07,-1.0761e-05,-0.00017531,0.00013438,0.050269,1.3076e-05,0.00061744,0.00020746,0.0093558,2.1115e-05,0.0034171,0.014391,0.011963,6.0381e-05,0.00063481,0.049658,0.28611,2.3971,0.12438,0.098523,-0.00024796,0.042087,0.005387,6.3133e-05,-0.0024056,0.037314,4.5837e-05,3.7149e-05,-0.00014377,3.0296e-06,3.4942e-05,-3.9207e-08,-9.5075e-05,-0.0024218,0.013519,0.047004,3.3417e-05,-0.0021705,-0.0012492,-0.0042597,-5.7151e-05,-0.00012333,0.016677,0.035467,0.21435,0.55288,0.010464,0.030079,8.4767e-05,0.00038832,0.0002322,5.8617e-05,0.0001743,0.00057397,0.00029146,0.011862,0.027108,2.3666e-05,0.023424,0.048926,0.047715,0.025042,0.026156,0.034902,6.7146e-05,-3.1231e-05,7.7881e-06,-0.00072467,-0.0018297,-0.001434,-0.0010853,-9.303e-07,-0.001343,-0.0011178,6.7436e-20
1.6575e-16,0.0019226,1.6553,0.19612,0.011962,0.0080315,0.027001,0.032914,0.0029281,-0.0028985,0.0061196,0.051894,0.00085632,0.17379,-0.061007,3.3256,6.8791,3.8885,0.91125,-0.80149,-0.21752,0.10232,0.05282,0.0218,-0.013449,-0.0028994,0.00055014,0.74123,61.012,35.782,2.1904,0.16442,0.067238,0.014294,0.0077748,4.8094e-09,-4.2349e-05,0.055108,0.015383,0.001156,-0.0040444,0.023183,0.26952,0.34736,0.064681,0.087149,0.10066,0.014873,0.00056508,0.022075,0.016848,0.010225,0.031534,0.033272,0.0090719,0.00014065,-0.013242,0.001652,0.00019405,-0.00017171,0.001551,0.0019065,0.02854,1.7943,0.63915,0.034932,0.028319,-3.3371e-06,-9.2538e-07,1.9078e-06,-1.8438e-06,0.00010708,0.0017939,0.0023725,0.01531,-0.00013049,-0.0069565,-0.00096614,0.035658,-0.00010987,0.00089825,-0.00060862,0.037077,-0.00061556,-0.0065429,0.020258,0.06995,1.0393,0.079778,0.041846,0.0017308,0.017417,-0.002773,-0.00092979,0.039714,0.055986,-0.00048707,-0.00038073,0.0014737,-3.1053e-05,-0.00038862,2.6436e-07,0.0014998,0.03668,0.0054478,0.017495,0.0036885,0.035083,0.021306,0.068913,0.00058581,0.0015894,0.014898,0.18326,0.50552,0.43297,-0.012938,0.010872,-0.00027562,-0.0010014,-0.0018442,-0.0036042,-0.0024275,-0.0051689,-0.0027118,-0.0022946,0.0069599,-0.00023236,0.014907,0.032946,0.048816,0.0093903,0.025967,0.038239,-0.00010489,8.8188e-05,6.4505e-05,0.019339,0.024917,0.022594,0.01707,1.3802e-06,0.022028,0.020074,4.1718e-18
1.4326e-15,-0.0055802,8.862,7.0473,0.18567,0.0082773,0.025288,0.044475,0.017825,0.0076609,0.012402,0.0095825,0.012334,-0.066598,0.024911,0.3547,5.597,4.0221,0.9203,3.124,0.89602,-0.19046,-0.10116,-0.017466,0.052551,0.012035,-0.0028524,0.83577,60.18,52.09,6.5562,1.4482,0.073113,0.1178,0.02586,-1.3392e-08,8.0166e-05,0.028638,0.014473,-0.0031761,0.013352,0.0035406,0.18874,8.3834,2.8903,0.15756,0.056257,0.023403,-0.0015667,0.053474,-0.0029252,0.0050675,0.03634,0.012416,0.0047695,-0.00038438,0.04205,-0.0060658,-0.00045891,0.00025084,-0.00051121,-0.0050243,0.00070668,3.7723,0.49235,0.0065345,0.0014737,7.8175e-06,5.0451e-07,-2.6111e-05,7.1635e-06,-0.00029689,-0.0049956,-0.0045105,0.043452,0.0004281,0.022298,0.0023122,0.04028,0.00026083,0.00082328,0.0016311,0.033012,0.0019558,0.020878,0.0080231,0.18713,1.7306,0.10195,0.036728,-0.0044773,-0.0018656,0.0011088,0.0031722,0.038267,0.035271,0.0013641,0.0010605,-0.0041051,8.65e-05,0.0010954,-6.7806e-07,0.0014153,0.040965,-0.0018827,-0.0017864,0.035399,0.039775,0.032188,0.078001,-0.0016318,-0.0045655,0.005993,0.23382,0.46325,0.41282,0.078927,0.0040185,0.00051607,0.0015433,0.0054482,0.012871,0.0081538,0.016164,0.0085836,0.019549,0.0083843,0.0006429,0.015072,0.031104,0.020874,-0.0034834,0.021428,0.027379,4.4698e-05,-0.00014726,-0.00024091,0.026577,0.030449,0.021276,0.015861,-3.8493e-07,0.027154,0.037936,7.52e-18
2.9812e-15,0.0047027,22.663,21.648,0.56754,0.063771,0.011636,0.042166,0.051453,0.029993,0.053058,0.055344,-0.0014642,0.010921,-0.0020471,0.039533,1.1938,0.47217,0.022619,6.7907,3.1454,0.79072,0.19997,0.067046,0.17598,0.098074,0.0025725,0.17428,-2.694,32.556,10.117,3.1403,0.086988,0.19396,0.033093,1.1224e-08,-6.2884e-05,-0.0019322,0.0087313,0.0026873,0.039128,0.0036229,0.010658,15.722,6.2292,0.29338,0.037854,0.047026,0.0013289,0.04888,0.012237,0.00017925,0.0075712,0.0064773,-0.00035542,0.00032132,0.1022,0.0053028,0.00038017,-3.1088e-05,6.3353e-05,0.0042164,0.00082836,8.6036,0.74797,0.0068234,0.00016518,-6.3838e-06,-1.8667e-07,2.4254e-05,-6.2351e-06,0.00024868,0.0042286,0.0051303,0.10238,0.0013659,0.050003,0.00098582,0.004608,-0.00021346,-0.001023,0.0039818,0.0073013,0.0046808,0.051225,-0.0085391,-0.034811,3.6416,0.15688,0.0913,0.0037489,-0.00065294,-0.00013718,0.0093822,0.010949,-0.0031413,-0.0011441,-0.00088824,0.0034734,-7.25e-05,-0.00091961,5.6167e-07,-9.8579e-05,0.0071942,0.00024756,0.015841,0.055841,0.0072859,0.018599,0.014897,0.0013808,0.0038785,-0.00031871,0.11897,0.19235,0.73506,0.18262,0.036266,-0.00040387,-0.0011516,0.0090281,0.029649,0.021877,0.039942,0.022713,0.05132,0.028047,-0.00053835,0.023463,0.046967,-0.0013766,0.00067163,0.0090137,0.0084841,-9.2695e-06,0.00011222,0.00020889,0.007809,0.0073912,-0.001458,-0.0009636,-7.1522e-08,0.0083454,0.040879,5.0418e-19
2.1515e-15,0.021714,17.868,17.522,0.61485,0.11882,0.04411,0.020316,0.019154,0.045471,0.056782,0.042214,-0.0023545,0.039988,0.011056,0.018452,0.046569,-0.041376,-0.018487,1.3072,4.3232,4.0148,1.421,0.30293,0.19733,0.22468,0.032868,-0.0018935,-2.9855,5.4975,6.6004,2.9396,0.17466,0.091763,0.019175,5.1783e-08,-0.00028726,-0.0006528,-0.0023509,0.032535,0.030505,0.010106,0.30696,7.8985,4.7481,0.50162,0.23195,0.10271,0.017145,0.016636,0.036141,0.00735,-8.9004e-05,-0.0039828,-0.00027614,0.0014819,0.037914,0.059166,0.0049605,-2.4209e-05,4.9316e-05,0.044623,0.005555,5.4947,0.74093,0.010841,0.00018916,-2.9341e-05,-7.0406e-07,0.00011348,-2.8921e-05,0.0011472,0.047228,0.048179,0.038067,0.0014175,0.013846,-0.0046868,-0.00095705,-0.00098143,-0.0049413,0.0038681,0.04608,0.0011644,0.016738,-0.041344,-0.38155,2.1499,0.092601,0.070338,0.040862,-0.0048734,-0.00010575,0.0091502,0.045315,-0.0071498,-0.0052792,-0.0036908,0.037782,-0.00033449,-0.0042438,2.5869e-06,6.3118e-06,-0.00038391,0.00025682,0.014023,0.011568,-0.00032975,0.002798,0.00042767,0.015095,0.042011,0.00015478,0.016327,0.28155,0.779,0.098808,0.066618,-0.0018443,-0.0052184,-0.0022036,0.0054981,0.013335,0.016831,0.013505,0.019158,0.005736,-0.0024834,0.010613,0.017766,-0.00069787,0.0016027,0.0014368,0.00060536,-2.4004e-05,0.00051027,0.00096842,-0.0023483,-0.0031615,0.0002151,0.00078165,-5.9228e-07,0.00050813,0.035273,-1.0469e-18
6.7526e-16,-0.096868,6.1502,5.5749,0.32878,0.076769,0.055927,0.024516,-0.00030788,0.02856,0.029292,0.028528,0.0099231,0.016183,0.011255,-0.0026401,0.035561,0.097962,0.0459,-0.83674,3.3244,3.9712,1.3733,0.28519,0.11813,0.12547,0.043692,0.0021363,2.5356,-2.1546,1.8308,1.7397,0.133,0.057343,0.015325,-2.4241e-07,0.0013424,-0.003682,0.022678,0.036188,0.0022347,0.0034243,0.23399,1.5537,1.5699,0.3168,0.15627,0.065236,0.023743,0.0021826,0.055852,0.0098173,0.0001025,0.031776,0.00018052,-0.0069366,-0.0011877,0.041906,0.0071937,1.6092e-05,-3.2695e-05,0.023106,-0.0038241,1.7431,0.42137,-0.0023962,-0.00041825,0.00013726,3.1676e-06,-0.00053249,0.00013551,-0.0053704,0.034813,0.03519,-0.0013787,0.00085822,0.031374,0.031231,0.00082342,0.0050512,0.030795,0.0042994,0.035668,-0.0018358,-0.015426,0.2797,3.4196,0.77441,0.055226,0.02053,0.025566,0.032341,6.511e-05,0.0096936,0.043229,0.033848,0.032724,0.027384,0.022853,0.0018901,0.026038,-1.2106e-05,-0.00040562,0.00029263,-0.00048016,-0.0034152,-0.012863,0.00033893,-0.0031739,-0.0040748,0.0094235,0.024618,-0.00205,-0.017689,0.1598,0.38784,0.02707,0.095762,0.01164,0.032363,0.024372,-0.002446,0.002908,0.00064411,0.0027445,-0.0009132,-0.0038514,0.015239,0.021052,0.00016221,-0.0013439,-0.0062827,-0.0028765,-0.0002989,9.7066e-05,-0.0023826,-0.0045371,0.017667,0.021419,-0.0066686,-0.0079223,2.9865e-06,-0.00028853,0.0096602,-1.4161e-18
1.1838e-15,0.25912,9.9308,5.3101,0.20435,0.013875,0.031875,0.021617,-0.00067996,0.0017196,0.0021,0.022866,0.016554,-0.0034405,-0.0048918,0.0058499,0.0051539,-0.017621,-0.0033357,0.22918,2.0436,3.3475,1.4228,0.20797,0.041281,-0.0034373,0.033269,-0.0003065,-0.68158,0.75762,-0.047107,0.67048,0.04055,0.053104,0.014713,4.7783e-07,-0.0026455,0.0097777,0.034882,0.015834,0.011573,0.0025968,-0.00073381,0.32125,-0.14323,0.083996,0.018343,0.0068003,0.013747,-0.0029731,0.040925,0.0092661,-2.6203e-05,0.048556,-4.4531e-05,0.014559,0.00046508,0.00032273,0.0045192,-4.5032e-06,8.9778e-06,0.011026,0.02084,1.2241,0.18761,0.013197,0.00073683,-0.00027054,-6.2081e-06,0.00105,-0.00026715,0.011472,0.0018489,0.0017693,0.00070049,0.0020534,0.049793,0.045941,-0.00053325,-0.0034513,0.044396,0.0027832,0.0014917,0.0028049,0.026091,0.64471,4.8938,0.57568,0.067379,0.017743,-0.0039702,0.04842,-7.9939e-06,0.0070967,0.0063683,0.048019,0.048095,0.036153,-0.0056784,0.00097622,0.035304,2.3863e-05,0.00090483,-6.7749e-05,0.00082424,0.013632,0.015076,-0.00024293,0.0039136,0.0095586,-0.0027885,-0.004903,0.0047,0.020161,0.069878,0.34771,0.061748,0.059363,0.019639,0.048849,0.038573,-0.001443,-0.00052246,0.00014852,-0.00036998,0.00070146,0.0013907,0.020695,0.024258,7.5748e-05,0.0042068,0.012929,0.0051348,-3.2418e-05,-0.00018705,0.0049979,0.0095206,0.024555,0.029405,0.015695,0.017904,-5.9468e-06,7.1653e-05,0.0041043,-2.0997e-18
2.935e-15,0.11014,24.037,16.703,0.3646,0.03725,0.0090516,4.251e-05,-0.00028861,-0.00050194,-0.00038951,0.0093595,0.0092592,-0.00014689,-0.00076099,0.027786,0.01494,-0.0014437,-0.00064187,0.0095893,0.61915,4.4717,2.5974,0.24951,0.029441,0.031039,0.020152,5.7005e-05,-0.028516,0.029058,0.51921,0.19123,0.017556,0.0093269,0.0089722,1.2311e-07,-0.00068158,0.0377,0.0063675,0.00021652,0.047991,0.013275,0.0079911,0.11034,0.023507,0.10923,0.063119,0.010385,0.00019241,-0.00078835,0.00079578,0.0091029,-6.2785e-07,0.0099857,-6.3206e-07,0.052825,-8.2778e-05,-0.00013332,8.7458e-05,-2.1241e-07,3.8145e-07,0.047816,0.0085825,2.3101,0.19791,0.05268,0.0025774,-6.9703e-05,-1.5983e-06,0.00027054,-6.8831e-05,0.052036,-8.5574e-05,-8.8899e-05,-2.7054e-05,0.00028858,0.01025,0.0077961,-9.9439e-05,0.0012776,0.0064826,-2.0001e-06,-0.0001316,0.0094615,0.095085,0.56466,1.5761,0.66004,0.06298,0.045827,-0.00020022,0.0099825,2.1315e-06,0.00014807,0.0074759,0.0099686,0.0099134,0.00074834,-0.00037263,0.0081377,0.0007749,6.1482e-06,0.0002368,2.7305e-07,0.004631,0.052747,0.04737,-4.7785e-05,0.015276,0.045165,-0.0002812,-5.4963e-05,0.017178,0.037406,0.19055,0.81222,0.13493,-0.00048385,0.0093093,0.010108,0.0096849,-0.00058996,-2.1858e-05,1.8979e-05,1.1516e-05,7.3798e-05,0.00014235,0.00045881,0.00051091,-3.5387e-05,0.015927,0.052424,0.026459,-2.9999e-05,-4.8045e-05,0.018081,0.034367,0.00054636,0.00065294,0.057558,0.065294,-1.5343e-06,1.1503e-06,0.021627,-4.9636e-19
1.5808e-15,-1.5105,14.559,16.181,0.25822,0.12172,0.023192,0.019037,0.0149,0.025357,0.019429,0.0012886,0.0018877,0.00070891,0.031214,0.036999,0.0056053,0.034217,0.020028,-0.040998,-1.9091,3.5297,2.596,0.14486,0.034102,0.057511,0.014485,-0.002176,0.12182,-0.10232,0.26852,0.044382,0.0041438,0.034711,0.014517,-3.3797e-06,0.031611,0.017841,-0.0013357,0.00015775,0.016926,0.0042434,0.0068942,0.03646,0.065844,0.050867,0.038275,0.012997,0.00075509,0.036544,-0.0026621,0.0020008,-1.0281e-05,-0.0013551,-3.1367e-05,0.018822,0.0055183,0.00012506,-0.00042175,1.5717e-06,-1.791e-06,0.024111,-0.11341,1.6021,0.10858,0.024486,0.00085155,0.0019135,4.3871e-05,-0.0074272,0.0018896,0.061176,0.00036606,0.0003801,0.0016753,-0.0074554,-0.0083112,-0.0018742,0.0043139,0.083969,-0.0021913,0.0014473,0.0014225,0.006156,0.049796,0.1291,2.3783,0.4692,0.015506,0.01117,0.00096901,-0.0013284,-7.7348e-05,0.0053368,0.075922,-0.0013387,0.00051469,-0.0018886,0.0091318,0.043753,-0.0031058,-0.00016878,-0.0065171,-8.7164e-05,0.0082259,0.023417,0.017092,0.0012453,0.015994,0.058177,0.01837,-0.0039209,0.0058113,-0.044581,0.11496,0.70091,0.11188,0.078434,0.0024627,-0.0047775,0.0062842,0.028184,9.3364e-05,-0.00043436,-0.00079627,-0.0015454,-0.0029375,-0.0019559,-0.0017343,0.0012182,0.0054176,0.039034,0.039336,0.00092083,0.0013183,0.0061954,0.011609,-0.0023324,-0.0027832,0.019473,0.022044,4.2129e-05,4.6213e-05,0.0017776,9.2037e-19
7.4598e-16,5.763,9.3508,8.0901,0.084047,0.09075,0.023728,0.019049,0.016736,0.038799,0.029697,-0.00040659,-0.0012246,-0.0005748,0.025837,0.01938,-0.0022716,0.029373,0.017509,0.018078,7.476,3.6099,0.57962,0.057338,0.02466,0.035636,0.036208,0.0086429,-0.053406,0.10039,-0.046271,0.010663,-0.0016078,0.036622,0.014412,1.0736e-05,0.026721,0.00087237,0.00081405,-0.0035759,-0.0079086,-0.00045113,-0.0020469,0.0080746,-0.014657,-0.0039769,0.0019018,-0.001307,-0.0054416,0.029742,0.0022045,0.00056744,4.6543e-05,0.00070255,0.00012422,-0.0063486,0.0050273,0.0013882,0.00034203,-2.8432e-06,1.3088e-06,-0.0013265,0.44728,0.51356,0.035583,0.00057842,-0.00030252,-0.0060782,-0.00013935,0.027559,-0.0060022,0.065702,-0.00016044,-0.00016603,-0.0057921,0.027414,0.026642,0.00090406,0.0036751,0.074513,0.0010292,-0.0052992,-0.0034117,0.020871,0.0090945,0.48505,2.1713,0.16695,0.029672,0.042347,-0.00079307,0.00069087,0.0003001,0.046998,0.060883,0.00092617,-0.0051302,-0.003407,0.011524,0.038145,0.00070541,0.0014536,0.024316,0.00031707,0.0067283,0.0049053,0.020971,-0.0039219,0.016455,0.070952,0.074288,0.017929,-0.0023386,0.20456,0.61877,0.43936,0.015524,0.080046,-0.0039123,0.013168,0.022091,0.018463,-4.0892e-05,0.001336,0.0027716,0.0057556,0.011101,0.00084825,-0.00068826,-0.003994,-0.0021811,0.010522,0.021456,-0.0029741,-0.0041871,-0.0027413,-0.0046857,0.0010221,0.0012061,-0.0078124,-0.008767,-0.00013383,-0.00018605,0.019153,2.1281e-18
9.6836e-16,11.036,10.273,1.8691,0.031015,-0.0025317,0.0052659,-0.0025266,0.0068455,0.034006,0.026015,1.1229e-05,0.00080535,0.00040939,-0.003182,-0.0022138,0.00038592,0.0046157,0.0085823,-0.0031822,14.568,8.2386,0.66955,0.02138,0.0043789,0.0042055,0.047764,0.019685,0.0091593,0.03036,0.028612,-0.00094945,0.0002749,0.0036098,0.0067623,-1.2736e-05,-0.0033155,-0.001367,-0.00032831,0.0048719,0.0026551,-0.0013917,-0.00066951,-0.0062645,0.0082997,0.0026111,0.00050119,0.0063012,0.0070983,-0.002679,-0.00034463,-0.0016701,-5.7471e-05,-0.00012022,-0.00015136,0.0011241,-0.00075078,-0.0019369,-0.00024365,3.0237e-06,-8.4087e-07,0.00098711,0.93327,0.14693,0.067152,-0.0017083,5.3068e-06,0.0073532,0.00017,0.050878,0.0072713,0.056032,2.7458e-05,2.7763e-05,0.0070939,0.051096,0.052707,-0.00015471,-0.00051309,0.011611,-0.00017815,0.0065384,0.0038674,-0.018982,0.084634,1.575,0.15621,-0.010764,0.058811,0.094473,0.00056955,-0.00011823,0.00058821,0.064709,-0.0074793,-0.00040327,0.0069305,0.0056893,0.0066553,0.0036002,0.00066398,0.017715,0.04712,-0.00038268,-0.0022936,0.015193,0.048457,0.0047751,0.013928,0.064053,0.093695,0.035879,0.00040025,0.40851,0.98817,0.41281,0.057557,0.021292,0.0042488,0.016399,0.034876,0.0025091,6.9664e-06,-0.0015778,-0.0033273,0.016215,0.034618,-0.00013462,0.0018688,0.0048604,0.00037326,-0.0007905,-0.0021421,0.0036077,0.0050634,0.00075804,0.0008191,-0.00017482,-0.00019031,0.0013085,0.0013796,0.00015876,0.00022709,0.043984,1.2309e-17
1.596e-16,1.548,1.5977,0.73959,0.060271,-0.0025933,0.00013488,0.0154,0.019819,0.03405,0.026031,-0.00013268,0.001734,0.00090068,-0.001324,-0.00093007,0.00015247,-0.00017546,0.026933,0.0081497,2.0982,13.825,5.0552,0.054498,-0.002296,9.6722e-06,0.013255,0.0099148,0.0038228,0.0079909,0.007077,-0.00039952,0.00011279,-0.0005863,0.0014695,-3.0897e-05,-0.0014145,-0.0039487,-0.00058012,0.042204,0.012856,-0.0040303,-0.0026758,-0.015416,0.047239,0.011616,0.00080892,0.048576,0.051848,0.0073711,-0.0001422,-0.0043901,-0.00014019,-4.9554e-05,-0.00036855,0.00045884,-0.00059599,-0.0047974,-0.00053606,7.2169e-06,-1.7983e-06,0.0015241,0.22824,0.25749,0.15495,-0.005163,-0.00010715,0.050943,0.0015015,0.0086918,0.05265,0.013943,1.1325e-05,9.9151e-06,0.051158,0.010044,0.014187,-6.377e-05,-0.00034787,0.043142,-7.821e-05,0.047919,0.0093214,-0.044839,0.16758,2.2658,0.041697,-0.01017,0.017192,0.058061,0.0012557,-4.8733e-05,8.3372e-05,0.0087278,-0.0031358,0.0055125,0.051523,0.041986,0.000407,-0.00042286,0.0049978,0.042109,0.0064283,-0.00093059,-0.0043051,0.0093533,0.026769,0.041271,0.0017366,0.015107,0.019476,0.0051014,0.0001651,0.058065,0.30293,0.60596,0.29189,0.052172,0.03683,-0.0044657,0.031374,0.037649,2.7981e-06,-0.0038253,-0.0080854,0.021209,0.040926,-3.0685e-05,0.015386,0.035499,0.00015388,4.0919e-05,-0.000147,0.025373,0.034623,0.00099241,0.00037824,-7.1831e-05,-4.0591e-05,0.00047252,0.00028473,0.00038515,0.00055308,0.0063746,3.2912e-18
4.6883e-16,1.531,3.8116,0.42878,0.068192,-0.00097723,-0.00034918,0.090109,0.072486,0.038967,0.030012,0.00093905,-0.009908,-0.0051686,0.0011903,0.00088973,-8.8712e-05,0.00016621,0.04301,0.052051,-1.6644,7.2738,4.9442,0.47411,0.022231,-0.0021247,-0.00026787,0.0011596,-0.003508,0.0031427,-0.0058325,0.00038588,-9.1918e-05,0.00048796,-0.0058014,0.00018055,0.0014805,0.032985,0.0046762,0.055226,0.014295,0.032443,0.027569,0.12634,0.038313,0.0054145,-0.0043105,0.030309,0.031919,0.011149,0.00012076,0.036454,0.001138,4.1759e-05,0.0021551,-0.00035954,0.0022284,0.038992,0.0042661,-4.2052e-05,1.0262e-05,-0.008015,-0.30786,0.61643,0.24312,0.043856,0.001259,0.023828,0.0021115,0.034937,0.032903,0.00071811,-9.5874e-06,8.5136e-07,0.030725,0.034667,-0.00038463,5.3755e-05,0.0016241,0.067846,9.4717e-05,0.03137,-0.054409,0.26172,0.014441,1.8873,0.24553,0.041918,0.042215,0.081423,-0.0072088,4.108e-05,-6.8877e-05,-0.007199,0.0034496,0.037117,0.033884,0.022014,0.0012223,-0.00066535,-0.0018172,0.019821,-0.0040061,0.0080762,0.033392,0.0019656,0.015091,0.055588,-0.0015963,-0.0034702,-0.0063981,-0.0042149,-0.00013989,-0.047973,0.23193,0.94095,0.25819,0.02762,0.052659,0.056189,0.011048,0.026149,-1.9159e-06,0.031025,0.065949,0.032348,0.020636,-0.00012357,0.012899,0.023438,-0.00012982,-0.002244,-0.0043097,0.012649,0.014,-0.0049328,-0.00056351,5.9174e-05,-0.00019384,4.3676e-06,0.0014705,-0.0022507,-0.0032342,-0.0052725,-6.2511e-19
4.4521e-16,11.254,5.8495,0.066731,0.069209,0.0084219,0.00069324,0.10474,0.080361,0.025434,0.019198,-0.0021969,0.024543,0.012812,-0.00054542,-0.00052311,-6.358e-05,-5.2327e-05,0.027453,0.050393,0.55792,-0.086554,2.1967,0.6611,0.05092,0.0059575,-0.0020674,0.00051129,0.0017605,-0.00081609,0.0016256,-0.00023436,2.1675e-05,-9.7133e-05,0.013443,-0.00014985,-0.0011285,0.039345,0.008093,0.038684,0.014175,0.027665,0.073857,0.15881,0.010238,-0.0014894,0.010929,-0.00065089,-0.0014414,0.0040975,-4.0058e-05,0.046472,0.0013453,-1.3119e-05,-0.0049177,5.0588e-05,-0.0046688,0.045585,0.0050347,9.5911e-05,-2.3332e-05,0.019535,0.74523,0.56496,0.22508,0.056574,0.0034085,0.011114,0.0011043,0.049281,-0.00076684,-0.0035253,3.1127e-06,-2.1435e-05,-0.001688,0.04803,-0.0035383,-1.6923e-05,0.0029834,0.043297,-9.5988e-05,-0.0040694,0.12627,-0.57577,0.81729,0.93094,0.16805,0.048603,0.05608,0.1,0.017914,-1.2933e-05,2.1684e-05,0.0022664,0.0034546,0.035634,-0.0058722,-0.006517,-0.0039406,0.0029234,0.010061,-0.0061667,-0.0017271,0.014426,0.042466,-0.00051898,0.012895,0.034955,0.00088865,0.0028324,0.0021755,0.0013268,4.5689e-05,0.015101,0.39452,0.93261,0.19865,0.010402,0.036253,0.072277,0.014281,0.00010208,-4.1452e-07,0.036737,0.081347,0.024426,0.0018099,0.00038236,0.0043378,0.00093524,4.1135e-05,0.0063107,0.012553,-0.0027087,0.0039542,0.011938,0.00073975,-1.5467e-05,0.0005852,-0.00092691,-0.0043946,0.0057811,0.0080859,0.0016659,7.4756e-19
-8.6892e-16,16.326,0.28782,0.052292,0.068018,0.029122,-0.00015901,0.032035,0.026197,-0.00049335,0.006718,0.00051634,0.072656,0.037978,5.9009e-05,7.4778e-05,2.3299e-05,1.9061e-06,0.0066857,0.0057816,-0.013359,0.031739,1.0483,0.56811,0.055529,0.013472,0.00060894,-0.00017965,-0.00021459,2.975e-05,-1.0929e-05,3.4419e-05,8.7582e-07,-9.4143e-06,0.03931,0.010259,0.00019312,-0.00086625,-0.00053979,0.0052161,0.0058274,0.00093203,0.091862,0.015271,-6.2868e-05,6.6646e-05,0.045481,0.0046665,0.00015105,-5.8307e-05,1.9271e-06,0.0055706,-2.8673e-05,4.7145e-07,0.0011518,1.2529e-05,0.0010805,-0.00085236,-0.00010816,-2.2451e-05,5.4593e-06,0.055615,2.4608,0.13902,0.10593,0.0084524,-0.00033758,0.057071,1.9971e-06,0.0054904,0.00012542,0.0010374,-1.3505e-07,5.6346e-06,0.0010124,0.0055208,0.0010085,6.1636e-07,0.0025476,0.0026968,1.867e-05,0.00086902,0.05398,0.502,1.8974,0.19663,0.023007,0.0051372,0.012438,0.054199,0.054646,4.7109e-07,-7.8987e-07,-8.2553e-05,0.0065086,-0.0005877,0.0011881,0.00037505,0.00095955,0.011891,0.044643,0.00043117,0.00074868,0.006035,0.0056567,3.5799e-05,0.0063829,0.0059704,-0.0001209,-0.00046236,-7.6443e-05,-4.8313e-05,-2.0425e-06,-0.00054955,0.25018,0.59517,0.22677,0.036536,0.012776,0.012971,0.035161,8.6463e-05,2.4846e-07,-0.0007922,0.0048184,-0.00049077,1.9248e-05,-9.2686e-05,-0.00021155,4.2599e-05,-1.5589e-06,0.01901,0.036246,-5.3807e-05,0.027113,0.035053,-0.0001559,-1.6173e-07,-0.00014151,0.00024629,0.0010623,0.023829,0.025625,-6.2059e-05,2.6072e-18
-3.6396e-16,7.5873,-0.29807,0.020417,0.02091,0.01342,-0.0037886,-0.00019182,0.0043671,-0.0019159,0.026281,0.023242,0.020128,0.010597,0.0011571,0.0016114,0.00058795,7.3981e-06,0.032875,0.011795,-0.07534,0.096144,2.3258,1.3357,0.035967,-0.0015918,0.03003,0.0010329,-0.0044003,0.00011599,0.0011025,0.00074728,4.2885e-05,-0.00034365,0.010725,0.037999,0.0082948,-0.0037435,-0.010154,-0.016746,-0.011028,0.07771,0.055647,-0.0073183,0.0011505,0.00055247,0.056497,0.012332,0.00086383,-0.00012875,1.8574e-05,-0.0017827,-0.00010382,1.6776e-06,0.047553,0.00093685,0.048647,0.0011753,-0.0004117,-0.00053662,0.00013048,0.014248,2.2668,0.14413,0.023892,0.00080692,-0.0071317,0.067976,0.0012169,-0.0021992,0.00048512,0.04869,-1.0378e-06,0.00013695,0.00081505,-0.0020723,0.047294,2.3903e-06,0.00054436,-0.002147,0.00043222,0.018403,-0.52737,7.5674,0.89324,0.048862,-0.0057657,-0.012563,0.004644,0.014138,0.020407,1.8284e-06,-3.0657e-06,-0.00032034,0.0017502,0.0053809,0.047096,0.0091875,0.04416,0.01284,0.055612,0.011753,0.037049,-0.0050599,-0.0015585,0.00053953,0.0028325,0.00098447,-0.0025684,-0.010311,-0.00023021,-0.00018707,-1.6895e-05,-0.0021208,0.23164,0.54753,0.079226,0.0124,0.018055,0.029296,0.016107,0.00041362,6.4973e-06,-0.0030747,-0.0048163,-0.0019305,3.3984e-05,-0.0022271,-0.0041508,-7.7204e-05,-7.4845e-06,0.0052808,0.0070374,-0.0038241,0.012995,0.011905,-0.0036625,-1.7821e-05,-0.0033991,0.015481,0.048768,0.029133,0.012488,-0.00027349,1.2201e-18
2.7127e-18,0.7352,0.25106,-0.0033569,-0.0033881,6.4045e-05,0.016676,0.036058,0.015793,0.00097617,0.018657,0.016841,-0.0095929,-0.0052943,-0.0040702,-0.0057764,-0.0021656,-3.7534e-06,0.029617,0.015783,0.03826,-0.031902,7.403,3.6146,0.02018,0.041201,0.030258,0.055703,0.018352,-6.0797e-05,-0.0048564,-0.0026825,-0.00016996,0.001327,-0.0046396,0.024796,0.0066708,0.0033305,0.045015,0.065803,0.053802,0.087834,0.013286,0.002877,-0.0058179,-0.001383,0.030226,0.0024939,-0.00148,-0.00030083,-5.1066e-05,0.00058645,2.4657e-05,-2.7975e-07,0.013294,0.0016361,0.035914,0.0092214,0.00017848,0.0019593,-0.0004764,0.025474,1.4001,0.23446,0.00013871,0.002998,0.031206,0.035501,0.0021272,0.0011798,-0.0002399,0.039312,2.4542e-06,-0.00050143,-0.00040656,0.0010766,0.037609,-1.2055e-06,-0.00025349,0.0011407,-0.0015696,-0.065751,2.6498,6.2807,0.30978,0.10201,0.008199,0.050343,0.0043383,-0.00012006,-0.0033397,-9.2762e-07,1.5553e-06,0.00016225,-0.00083441,0.0099523,0.030506,0.011315,0.036132,0.0090822,0.029755,0.0077537,0.03168,0.026217,0.0008461,-0.0017772,-0.0072854,-0.0054218,0.011214,0.045438,-0.00013274,9.3217e-05,4.2228e-05,0.0010305,0.22146,0.59461,0.17479,-0.011586,0.015104,0.025666,-0.0051407,-0.00050274,-2.4063e-05,0.0015596,0.0024987,0.0010758,0.00013561,0.0099859,0.017894,0.00094951,9.1797e-06,-0.0025174,0.0090356,0.01914,0.001463,0.012775,0.016275,7.3572e-05,0.015309,0.03591,0.039523,0.016644,5.6859e-05,0.00026118,-2.8457e-19
-8.1409e-18,-0.018995,-0.046129,0.000939,0.0008312,0.0001075,0.024945,0.050766,0.019831,-0.00021485,-0.0026691,-0.0024373,0.0020489,0.0014941,0.0063178,0.0090646,0.0034286,8.0227e-07,-0.00070462,0.0022125,-0.0081492,0.043887,8.1699,4.2859,0.13465,-0.0593,-0.013933,0.060187,0.020385,1.5931e-05,0.007755,0.0041529,0.00025926,-0.0020175,0.00028839,-0.0039776,-0.0017873,-0.0028647,0.10209,0.017796,0.095607,0.021855,0.020062,0.00097712,0.0094418,0.00203,0.0010356,0.014744,0.0019506,0.00061506,7.3553e-05,0.00043637,3.6874e-05,-7.9966e-07,0.023125,-0.0012574,-0.005971,0.0040615,7.5678e-06,-0.0029564,0.00071884,0.049672,0.52686,0.14852,0.0050483,-0.0005738,0.053924,0.0024885,0.0014249,-0.00026514,4.1918e-05,-0.0011878,-3.4242e-06,0.00075691,8.7489e-05,-0.00018469,-0.0024255,2.468e-07,5.3202e-05,-0.00027649,0.0023666,0.10148,5.7035,0.34223,0.39063,0.10958,0.012468,0.10436,-0.00072912,0.00022659,0.00095738,1.9823e-07,-3.3228e-07,-3.4264e-05,0.00018126,0.0054726,0.008989,0.0016143,-0.0002225,0.0042631,0.0011013,-0.0012449,0.003352,0.046849,-0.00018075,0.0027339,0.010809,0.008952,0.018836,0.076427,0.00040372,-1.7381e-05,-5.9652e-05,-0.0001518,0.19972,0.57405,0.24033,0.011461,0.0037502,0.0040374,0.0073223,0.00054802,3.6381e-05,-0.00033291,-0.00053362,-0.00037493,-0.00025891,0.017402,0.030995,-0.0015723,-1.0058e-05,0.00053786,0.026295,0.034657,-0.0019873,0.018634,0.027151,-0.00011279,0.027689,0.034895,-0.00077302,0.0037274,0.00079841,-0.00023999,-2.144e-19
-1.2719e-18,0.02132,0.014342,0.00023422,6.843e-05,-7.1326e-05,0.00057174,0.0061326,0.0049864,-5.4434e-05,-0.00014128,-0.00016052,0.0004436,0.00077553,0.031986,0.054132,0.022379,1.7446e-07,-0.0026268,-0.0011437,-0.0017365,0.0060579,0.82832,1.5751,0.57657,-0.075922,-0.013794,0.0030399,-0.0039371,7.1143e-06,0.039008,0.018494,0.00033356,-0.0025945,-0.00081173,-0.00086245,-0.0012273,-0.0032997,0.095639,-0.025246,0.05115,0.0071344,0.088607,0.013339,0.04943,0.011253,-0.00041894,0.052023,0.010149,0.00081855,9.3876e-05,0.00079332,6.0419e-05,-1.2425e-06,0.14535,0.0037247,-0.0014363,0.00023539,5.8489e-05,-0.0037981,0.0009235,0.0049643,0.36272,0.037149,0.0020796,-0.00016478,0.009663,-0.0003578,0.00010741,-7.3761e-05,-2.5226e-06,-0.00085023,-4.3499e-06,0.00097245,1.9758e-05,1.633e-05,-0.0011887,4.0152e-08,1.0351e-05,-0.00010073,0.00304,0.4248,4.5222,0.10702,0.046338,0.068117,0.0075696,0.063478,-0.00015771,5.3546e-05,0.00026542,4.3057e-08,-7.2073e-08,-6.9353e-06,4.3033e-05,0.0097228,0.049716,-0.0029625,-0.00069173,0.00027819,-0.00041751,-0.00026983,0.0046165,0.0092478,-3.9176e-05,0.014105,0.056312,0.046594,0.0017699,0.0071817,0.00055449,-6.1761e-07,-7.5919e-05,5.2115e-05,0.17285,0.40563,0.030061,0.07717,0.00079254,0.014715,0.036152,0.00066695,4.6751e-05,-7.1836e-05,-0.00011545,-0.00026179,-0.00034217,0.0019582,0.007226,-0.0020445,-1.2254e-05,0.00011668,0.007421,0.0080964,-0.0027599,0.0030228,0.0024053,-0.00014522,0.0074123,0.0077837,-0.00081129,0.00090076,0.00093577,-0.00028116,2.9069e-19
4.4034e-18,0.014703,0.019858,-0.00053332,0.00084256,0.00086782,0.019424,0.040035,0.02125,0.00013,-0.0034482,-0.0028505,-0.00052526,-0.0046616,0.012233,0.053686,0.028965,-2.1286e-07,0.026865,0.014067,0.0018255,-0.01208,-0.76632,0.13736,1.4012,0.87354,0.11709,0.14971,0.071522,-3.8774e-05,0.014836,-0.00021853,-0.0026922,0.031139,0.012299,0.0010316,0.008412,0.037854,0.1105,0.74724,0.18605,0.10833,0.16083,0.026872,0.023838,0.0085029,0.00050667,0.014623,0.0065547,-0.0066447,-0.00075665,-0.0067263,-0.00050575,1.0326e-05,0.067049,0.04106,0.0034878,-0.00026201,-0.00054002,0.044783,-0.0072849,-0.0055429,2.6057,0.23331,-0.013966,0.0005309,-0.0021246,0.00044784,-0.00012665,0.00022279,9.9029e-05,0.0010175,3.5032e-05,-0.007847,-3.0147e-05,-0.00048569,0.0032502,6.2443e-08,-2.5885e-06,0.0004577,-0.02453,-0.014777,4.8616,0.32835,-0.041268,0.024873,-0.0026557,0.017417,0.00018549,-0.00010055,-0.00079571,-5.2119e-08,8.6429e-08,4.2101e-06,-8.2327e-05,0.0075463,0.034134,0.038461,0.00083064,-0.00030749,0.00060834,0.00032194,0.0025008,-0.0032832,4.6741e-05,0.0062102,0.028345,0.020327,-0.0023508,-0.0095295,-0.0045243,-2.5317e-05,0.00061161,-0.00076541,-0.001961,0.047347,0.23299,0.13001,-0.0060962,0.0072214,0.016857,-0.00533,-0.00037726,8.3046e-05,0.00013604,0.0018056,0.0027744,-0.0049441,0.0081004,0.024796,9.7947e-05,-0.00014003,-0.00073905,-0.0017312,0.03369,0.046465,-0.0021256,0.0011722,-0.00065823,-0.0011609,0.00097328,-0.0071623,-0.0074255,0.0022309,-9.8143e-19
2.624e-18,0.0035143,0.0044385,0.00086199,-0.0027434,-0.0023788,0.024076,0.048548,0.021688,-0.0002185,0.012137,0.010188,0.00017801,0.012944,0.00090913,0.021517,0.015805,8.8876e-08,0.02672,0.014383,-4.6883e-06,0.018964,0.29457,-0.012678,1.7743,0.66694,-0.17169,0.13619,0.072655,9.391e-05,0.014377,0.020668,0.0077671,0.032469,0.012969,-0.00037726,-0.02137,0.032543,0.07761,0.55446,0.57752,0.25998,0.16477,0.053343,0.00070649,0.0019453,-0.00018589,0.01444,0.0061655,0.019426,0.0022097,0.019787,0.0015254,-2.7066e-05,-0.024634,0.040267,0.00097136,5.8368e-05,0.0014358,0.04092,0.023148,0.002282,3.1767,0.35504,0.040645,-0.0010735,-0.0024883,-0.00019651,4.5895e-05,-0.00043596,-0.00028915,-0.00036059,-9.1393e-05,0.022956,2.8186e-05,0.0014057,-0.0059957,-3.1386e-07,-2.4853e-05,-0.0010558,0.075287,1.5133,3.4669,0.055962,0.037904,-0.025038,0.025447,-0.00043533,-5.9511e-05,0.00013295,0.0015509,2.0687e-08,-3.2183e-08,9.2233e-06,0.00011139,0.0022787,0.0059765,0.042373,-0.00029821,5.994e-05,-0.00049542,-0.00011558,-0.00058162,0.0022827,-1.678e-05,-0.0020327,-0.0045874,-0.0061737,0.0015268,0.0066807,0.013619,7.79e-05,-0.0015957,0.0028922,0.14305,0.44752,0.2785,0.090715,0.017623,-0.0025519,0.0053487,0.015478,0.00098452,-2.2785e-05,-4.4339e-05,-0.0045921,-0.0072455,0.0095566,0.033023,0.027605,-0.00025524,5.2439e-05,0.00035356,0.0012272,0.036091,0.048406,-0.0011282,-0.0030593,0.00014601,0.00051016,-0.00034941,0.020878,0.022073,-0.005807,3.407e-18
7.994e-18,0.034257,0.030724,-0.00051363,0.0018414,0.0015651,-0.0015483,0.00099424,-0.0012324,0.00013139,0.031583,0.026483,-1.0603e-05,0.032909,0.02354,0.0041767,-0.00088488,-1.6651e-08,-0.0015333,-0.00081784,-0.00041636,0.039626,-0.0078297,0.0021767,1.2091,1.0291,0.23217,0.020417,0.022719,-6.0403e-05,0.04033,0.058663,0.016758,-0.0021612,-0.0007597,4.1233e-05,0.01392,0.00069455,0.0031985,0.14367,0.59455,0.28764,0.14433,0.080965,0.013107,-5.4744e-05,2.0697e-05,0.051668,0.010388,0.048279,0.0054933,0.049126,0.0048484,1.7604e-05,0.0045518,0.0017058,0.00018109,1.7171e-05,-0.00093568,0.0047321,0.052176,0.00052848,1.2786,0.28809,0.12933,0.00067241,0.0024044,4.2804e-05,-4.7518e-06,0.00027057,0.00019067,3.2161e-05,5.9406e-05,0.057997,-1.3873e-05,-0.00092547,0.0036985,2.1732e-07,1.894e-05,0.00067405,0.28284,5.1176,0.37362,0.0089145,0.057047,0.020688,0.056214,0.00017964,1.2716e-06,-7.5011e-05,-0.0009618,-3.2839e-09,3.8797e-09,-7.7765e-06,-6.329e-05,-0.00010004,0.0039879,0.0014302,2.9098e-05,2.6469e-05,0.0002258,1.1276e-05,-8.5981e-05,-0.00087011,1.6371e-06,0.00024249,0.00074953,0.00044462,-0.00058639,0.012427,0.043918,-5.1681e-05,0.0010432,0.020491,0.40002,1.0582,0.15845,0.011571,0.042019,0.00040553,0.016992,0.036701,-0.00063998,-2.2798e-06,1.4426e-06,0.0029902,0.004737,0.019097,0.041019,0.0024687,0.00016588,-6.5049e-06,-3.12e-05,-0.00044792,-0.0027752,-0.0030909,0.0013299,0.0019992,0.00010343,-4.9771e-05,3.4088e-05,0.051594,0.066427,0.0037937,4.2362e-19
1.3283e-18,0.039229,0.0072469,-0.00343,0.027105,0.023262,-0.0017005,-0.002525,-0.0005165,0.0008787,0.0080042,0.0066129,3.286e-05,0.010445,0.035912,0.018817,-0.0010024,-7.1772e-08,-0.00080747,-0.00035518,-0.0032356,0.0064528,0.008606,0.015043,0.1961,4.6299,2.3512,0.22914,0.10667,-0.0004082,0.0090913,0.016473,0.0020414,-0.0031313,-0.00046485,7.6027e-05,0.21031,0.055578,-0.0064529,1.7237,0.32193,0.32328,0.18933,0.079123,0.013029,2.1182e-05,4.0408e-05,0.011037,0.0046622,0.010777,0.0012293,0.010836,0.0042662,0.00011916,0.046488,0.00085451,0.0016024,0.00017108,-0.0063354,0.049902,0.0070249,-0.00018511,0.27093,0.40863,0.11457,0.0075311,0.044979,0.0012801,-7.1967e-06,0.0018186,0.0012932,1.6386e-05,0.00040209,0.01599,-8.9469e-05,-0.0056307,0.054049,1.4842e-06,0.00013097,0.0045501,0.32421,7.5774,0.3166,0.14913,0.033523,0.21499,0.015406,0.0003003,-2.8632e-05,-0.00049635,-0.0064638,-1.2111e-08,9.2982e-09,-5.4408e-05,-0.0004193,-0.00011508,0.00086041,-0.0020344,3.2964e-05,0.00024428,0.0014325,1.2762e-05,-0.0010439,-0.0052784,1.853e-06,0.00056741,0.0020382,-0.00054262,-0.0035647,0.015291,0.046357,-0.00035084,0.01567,0.046557,0.10616,0.43459,0.4878,0.044839,0.0087801,0.0014973,0.0039822,0.0058112,-0.0043316,-3.2442e-05,-1.7488e-05,0.043045,0.070808,0.00023511,0.0081059,-0.00023129,0.0011228,-1.6574e-05,-1.347e-05,-0.0026836,-0.0062266,-0.0036711,0.021615,0.028788,0.00089744,-5.6331e-05,3.8581e-05,0.011141,0.049195,0.054927,1.2062e-18
9.8178e-19,0.015844,0.017302,0.018675,0.017438,0.01662,0.00079267,0.0015393,-0.0035649,-0.0037489,-0.0084833,-0.0066726,-0.00021768,-0.0020674,0.018839,0.014636,0.0006063,2.7664e-07,-0.003609,-0.0023035,0.019535,0.0072515,0.029536,0.02742,-0.10404,2.8486,1.7483,0.28263,0.058983,0.0017447,-0.0049598,-0.0060149,0.027419,0.0071916,-0.0014634,-0.00017522,0.16855,0.11059,0.020132,1.4877,3.0615,1.3373,0.18641,0.067881,0.012668,-0.00037957,-9.9214e-05,0.020501,0.0055258,-0.0066985,-0.0007756,-0.0062373,0.0014902,-0.00050945,0.064748,0.0079857,-0.0071287,-0.00077187,0.034711,0.03604,0.028028,0.00083773,-0.67509,0.79764,0.040134,-0.0046979,0.070544,0.0047121,1.2348e-05,-0.0077656,-0.0055308,7.8463e-05,-0.001719,-0.005264,0.00049655,0.038193,0.036625,-6.355e-06,-0.00056198,-0.011817,0.085497,8.1398,0.41591,0.089976,0.0070465,0.13534,-0.0048276,-0.00060835,0.00014989,0.0027022,0.034992,4.4314e-08,-2.7238e-08,0.00023392,0.0017859,7.7333e-05,-0.00049462,0.0012445,-1.9944e-05,-0.0010924,-0.0060536,-7.667e-06,0.0061549,0.028337,-1.114e-06,-0.0016335,-0.0064745,0.006994,0.02087,0.018125,0.050577,0.0015007,0.012083,0.036768,-0.018869,0.078136,0.5169,0.18861,0.018325,-0.0054808,-0.0022947,0.0082596,0.023626,0.00015125,9.4873e-05,0.024468,0.054078,0.01966,-0.004637,-0.0026132,-0.0048,5.0601e-05,-8.828e-05,0.014387,0.021759,0.0029679,0.01747,0.016741,-0.0039825,3.3845e-05,-2.3178e-05,-0.0055045,0.011521,0.032866,-1.5925e-18
3.6484e-18,-0.003001,0.030348,0.026922,-0.0036629,0.00023652,0.00021542,-0.00039088,0.008367,0.0071613,0.0096116,0.0071788,0.0004155,0.00062984,-0.00058206,0.00010248,-0.00016135,-4.9525e-07,0.0088317,0.0054578,0.04608,0.024354,0.0091173,0.043672,0.057996,-0.51897,0.28661,0.27928,0.004455,-0.0031719,0.00075112,0.0024845,0.041868,0.024117,0.0037528,0.00028026,0.011986,0.084716,0.026407,0.47978,4.1663,1.7545,0.25528,0.068198,0.010397,0.00076401,0.00016157,0.060825,0.012653,0.0025967,0.00031999,0.0015847,-0.00027448,0.00092625,0.043376,0.0059178,0.013738,0.0014965,0.051653,-0.0038582,0.0505,0.0021237,1.3165,0.77846,0.062802,0.015114,0.047355,-0.0021111,-1.774e-05,0.014879,0.010819,-0.00017512,0.0031254,0.0014538,0.0008634,0.055429,-0.0043355,1.1557e-05,0.0010223,0.13665,1.0381,5.5615,0.043382,-0.00571,0.00078935,-0.0024792,0.0011721,0.0009333,-0.00027953,0.0039776,0.047653,-7.866e-08,4.6322e-08,-0.00042562,-0.0032453,-3.4552e-05,0.00012561,-0.00031591,5.3172e-06,0.0021154,0.011596,1.9467e-06,0.0090574,0.042242,2.8412e-07,0.0029174,0.011806,0.017709,0.051932,0.012933,0.037184,-0.0027286,0.00071018,0.018139,0.058906,0.17629,0.37622,0.20588,0.042233,0.010233,0.00057434,0.020928,0.033897,-0.0002782,-0.00017763,-0.00040008,0.018101,0.032841,0.0011794,0.0060275,0.0092017,-8.6817e-05,0.00019781,0.021626,0.029072,-0.002141,-0.0024063,0.0053389,0.0076763,-8.5976e-06,5.8834e-06,-0.00024295,0.0023625,0.002946,-1.633e-18
1.4526e-19,-0.00027165,0.0038968,0.0011372,-0.00039103,0.00015805,0.00024097,-3.5373e-05,0.032665,0.027675,0.035716,0.024351,0.00022906,5.6966e-05,-0.00018235,-0.00012467,-1.8529e-05,-2.707e-07,0.036717,0.023046,0.04177,0.02193,0.075504,0.046546,0.047761,0.012702,0.9388,0.64411,0.10836,-0.0017374,-0.0002022,0.00067779,0.0045389,0.047458,0.016451,0.00015067,0.00029205,0.0057698,0.0012709,0.63244,0.9188,0.63145,0.35769,0.065329,0.0028089,0.00042398,8.7108e-05,0.054097,0.011293,0.00071109,9.4355e-05,0.00014383,-2.5377e-05,0.00050736,0.0017358,0.00023211,0.055808,0.006478,0.0048249,-2.165e-05,0.0023,0.0025583,6.447,0.29824,0.15937,0.063378,0.0018786,-0.0020238,-9.3676e-06,0.060278,0.058055,0.00027847,0.0017119,0.00013799,7.8247e-05,0.0049819,-0.00051647,6.3304e-06,0.00055999,0.075757,3.3011,1.1696,0.0013408,0.056138,0.0055785,0.055118,2.1704e-05,0.0004984,-0.00015364,0.0023858,0.0034175,-4.2945e-08,2.5136e-08,-0.00023316,-0.0017775,-1.1054e-05,1.1371e-05,-2.8528e-05,6.1557e-07,0.0091563,0.047928,1.7606e-07,0.0004077,0.0044012,2.6379e-08,0.011844,0.047931,0.015944,0.049258,0.00050886,0.0035353,-0.0014946,-3.1983e-05,0.01832,0.047204,0.2389,0.55207,0.058133,0.019897,0.040002,4.7525e-05,0.0034298,0.0013827,-0.00015262,-9.7681e-05,0.020116,0.036689,0.0015048,0.00010778,0.024885,0.037498,-4.717e-05,0.00011112,0.0011805,0.0012831,-0.00093112,-0.0013529,0.02558,0.031456,-7.7975e-07,5.3123e-07,-0.00089402,0.026635,0.028839,7.5946e-19
-4.931e-19,0.00060781,-0.002098,-0.0015455,0.0017534,-0.0042078,-0.0038112,7.9006e-05,0.0075015,0.0081285,0.015981,0.0066148,-0.003341,-0.00012675,0.00048809,0.00042227,9.9421e-05,3.9428e-06,0.013646,0.010228,0.011241,0.037349,0.046325,0.016945,0.010497,0.13633,3.1157,1.8926,0.17611,0.044088,0.0094767,-0.0082077,-0.0055268,0.053272,0.01306,-0.0021883,0.040251,-9.2333e-05,-0.0042498,0.24927,-0.092538,0.060066,0.12334,0.018839,0.0018755,-0.0061908,-0.0012658,0.015926,-0.0022889,-0.0086241,-0.0011772,-0.00032753,6.4627e-05,-0.0073923,-0.0047746,-0.00051854,0.02231,0.0040691,-0.0041658,-0.0063837,-0.0045935,0.0014052,7.7955,0.49433,0.060231,0.024055,-0.0036149,0.049018,0.00013563,0.02378,0.074692,0.002607,-0.024943,-0.00040316,-0.00070443,-0.0044317,0.0011513,-9.2235e-05,-0.0081592,-0.56162,3.8755,-0.10903,-0.0098367,0.028143,-0.0038802,0.027589,0.0011983,-0.0072304,0.0022398,0.007538,0.031842,6.2537e-07,-3.6565e-07,0.0056018,0.041717,0.00014184,-2.545e-05,6.2829e-05,-3.3608e-06,0.0054941,0.021277,-3.9162e-07,-0.00090452,-0.0032111,-6.8766e-08,0.0049037,0.019486,0.0043858,0.0090174,-0.0011281,0.0092621,0.035306,-0.00034325,0.0051855,0.010224,0.36793,0.93198,0.094284,-0.0060858,0.012309,-4.0383e-05,-0.00012568,-0.0011739,0.0022243,0.0014242,0.0087326,0.015294,-0.0033436,-0.0002561,0.0092387,0.015539,0.00068634,-0.0016258,-0.005432,-0.0027666,0.020845,0.028747,0.011024,0.012861,1.7668e-06,-1.1689e-06,0.024188,0.038806,0.012006,2.1103e-18
1.3315e-19,-0.00025981,0.0008949,-0.0023236,-0.0033916,0.015485,0.013264,-3.335e-05,0.01105,0.010378,-0.0072273,0.011611,0.011471,5.2061e-05,-0.00044744,-0.00060952,-0.00021683,-1.1722e-05,-0.0050705,-0.0016916,-0.0040292,0.026217,0.0032718,-0.0018951,-0.001467,-0.05297,12.086,5.5189,0.1063,0.06084,0.025231,0.027452,0.0094527,0.028944,0.032479,0.0075089,0.035093,0.034684,0.0068957,-0.072618,0.074511,-0.0058065,-0.034598,-0.0067928,-0.0054398,0.021499,0.0043739,-0.0036218,0.024084,0.028659,0.0039121,0.00015717,-5.1225e-05,0.025377,0.0052466,0.00022426,-0.0061765,0.00058866,0.001778,0.025543,0.00057022,-0.0021427,4.8781,0.47743,0.0045805,0.0026154,0.00048088,0.045294,-0.00040287,-0.0062642,0.031601,-0.005932,0.085624,0.00045631,0.0018938,0.0016413,-0.00047732,0.00027423,0.032336,2.6707,2.0421,0.10833,0.046348,-0.010956,0.027253,-0.0092481,-0.0039765,0.024896,-0.00666,0.0028931,0.065684,-1.8592e-06,1.0869e-06,0.0059652,0.037603,-0.00041283,1.0905e-05,-2.3843e-05,7.4022e-06,-0.0010408,-0.010574,1.6045e-07,0.00037032,0.0013506,5.8702e-08,-0.00317,-0.011762,0.0054351,0.011281,0.00046173,0.012451,0.033364,0.0013964,-0.00031665,-0.0024737,0.36427,0.91347,0.12945,0.038239,0.0042517,-0.0001811,-0.0027245,-0.0052462,-0.0066137,-0.0042347,-0.003283,-0.0035869,0.0013834,0.00015446,-0.0034315,-0.0036649,-0.0020402,0.0064693,0.012895,0.00089124,0.018698,0.025565,-0.0066928,-0.0078914,-8.2177e-07,4.405e-07,0.022299,0.021211,-0.0045008,1.6456e-18
-1.4255e-19,4.9562e-05,-0.00013273,0.0033706,0.0032398,0.032944,0.028334,5.9553e-06,0.033396,0.027471,0.0045718,0.037193,0.024164,-7.8872e-06,0.00031559,0.00052989,0.00020944,1.1912e-05,0.0007571,0.00031214,0.00059441,-0.0026159,0.00016774,0.00033939,0.00024633,0.0081338,15.841,7.5798,0.23967,-0.018454,0.04795,0.061316,0.016906,-0.0039008,0.045544,0.015826,-0.0048354,0.044243,0.013249,0.019458,-0.0080739,0.001195,0.0053685,0.00098517,0.0056259,0.05014,0.0098326,0.0006055,0.049838,0.060082,0.007777,-4.6536e-05,3.2524e-05,0.053469,0.0073896,-4.5298e-05,0.00098146,-1.9232e-05,-0.00030044,0.054471,0.0066683,0.0019316,4.2658,0.34894,-0.0081482,-0.0075365,0.00093555,-0.0052515,0.00040936,0.00054101,0.0046105,0.0070008,0.18033,-0.00036083,-0.0018968,-3.2967e-05,7.6765e-05,-0.00027869,0.15594,7.4171,0.042439,0.11293,0.11719,0.0090152,0.056663,0.0023816,0.0109,0.054319,0.0068665,0.012749,0.050183,1.8894e-06,-1.1045e-06,0.00093722,-0.0038209,0.00041831,-2.1052e-06,1.6431e-06,-7.1635e-06,0.0013335,0.0064561,-2.3909e-08,-5.4917e-05,-0.0002003,-3.9454e-08,0.0018326,0.0063156,0.016738,0.050701,-6.8346e-05,0.00020497,-0.0022838,-0.0014712,-0.0015155,-0.00071994,0.19823,0.5283,0.19939,0.11326,0.050403,0.00025745,0.0033326,0.0066407,0.0068194,0.0043658,0.00048725,0.00061026,-0.00021972,-7.2837e-05,0.00051145,0.00061107,0.0021142,0.031595,0.038158,0.00011087,-0.0019308,-0.0026385,0.003599,0.0043165,2.2092e-07,-2.6993e-08,-0.0023125,-0.0020121,0.00066964,4.9761e-19
-7.0648e-19,6.3311e-05,-7.457e-05,0.030221,0.027426,0.0055251,0.0056885,6.5905e-06,0.0059081,0.0057542,0.034592,0.030394,0.0040404,-4.9628e-06,0.00097892,0.0017113,0.00068787,3.9416e-05,0.00044149,0.00015752,0.0003236,-0.0014681,9.4141e-05,-5.1431e-05,1.6009e-05,0.0052459,2.4748,3.7346,1.2278,0.077082,0.066654,0.024661,0.0027413,-0.0057929,0.0067377,0.0026566,-0.0065299,0.008917,0.0032676,0.091706,0.01744,0.00067065,0.0027032,0.00048155,0.04835,0.019704,0.0028753,0.00034503,0.0083382,0.010637,0.00085898,-0.00010085,9.8448e-05,0.0089532,0.00087798,-6.4158e-05,0.0005467,-6.6895e-06,-0.0002869,0.0086771,0.012081,0.006276,8.8406,0.95688,0.0060932,-0.02646,0.0037642,-0.0046728,0.0013545,-0.0011593,0.056476,0.058205,0.031905,-0.0011456,-0.006263,0.00065847,6.2323e-05,-0.00092214,0.26906,6.8606,0.21991,0.020471,0.072598,0.049737,0.010749,0.0076997,0.055897,0.014274,0.059041,0.052771,0.0090316,6.2516e-06,-3.6546e-06,-8.2266e-05,-0.0019354,0.0013836,-2.7518e-06,-5.1666e-06,-2.3534e-05,0.011241,0.048837,-1.3788e-08,-3.0817e-05,-0.00011243,-1.2106e-07,0.013862,0.046419,0.017105,0.052968,-3.7948e-05,-0.00054354,-0.0030751,-0.0048923,-0.0058769,-0.0039003,0.050937,0.28294,0.44284,0.128,0.088565,0.012585,0.047577,0.058873,0.058896,0.037443,0.00027472,0.00037951,-0.00017019,-0.00020151,0.00029527,0.00034536,0.022127,0.060793,0.040974,0.00084409,-0.0010803,-0.0014814,0.02646,0.031929,4.4266e-07,1.0817e-07,-0.0012976,-0.0011288,0.00038285,8.5365e-20
-1.491e-19,-0.00023695,5.5647e-05,0.016837,0.015091,-0.0040173,-0.0028694,-2.2274e-05,-0.004559,-0.0031644,0.018308,0.0090443,-0.0029087,6.548e-06,-0.0050183,-0.0088382,-0.0035633,-0.00020445,-0.00041585,-2.2148e-05,-0.00018618,0.0010875,-6.9733e-05,0.0013333,0.00064262,-0.0075329,-1.7813,0.52986,3.222,1.0973,0.046305,0.021386,-0.0019346,0.031554,0.0061007,-0.0019612,0.033556,-0.01376,-0.0075892,0.079243,0.027946,-0.00049677,-0.00034422,2.5309e-05,0.027113,-0.0067503,-0.0021676,-0.0002835,-0.0060195,-0.0047791,0.0014542,0.00047482,-0.00050232,-0.0065063,0.00063863,0.00025493,-0.00038298,-1.7018e-05,0.00084585,-0.0040852,-0.055176,-0.032448,4.6998,1.4223,0.74162,0.19286,-0.01875,0.012701,-0.0070256,0.008692,0.038867,0.037838,-0.014128,0.0059752,0.043373,-0.0041125,-0.00014919,0.0047831,0.13174,2.0215,0.62303,-0.0021029,0.057915,0.070877,-0.0080948,-0.0055119,0.030495,-0.0035539,0.033293,0.029089,-0.011698,-3.2427e-05,1.8956e-05,0.00018314,0.00031487,-0.0071759,1.0447e-05,3.6429e-05,0.00012192,0.0065657,0.026789,1.2193e-08,2.2813e-05,8.3399e-05,6.1934e-07,0.0078656,0.025342,0.0065937,0.019262,2.5917e-05,0.00079379,0.01174,0.036365,0.042233,0.029351,0.00031317,0.17324,0.45484,0.12491,0.037641,0.055233,0.11427,0.03375,0.034148,0.020712,-0.00021029,-0.00047932,0.00037705,0.0010094,-0.00026284,-0.00026874,0.031173,0.055526,0.011499,-0.0048116,0.00078239,0.0011007,0.014374,0.017384,-2.0342e-06,-7.404e-07,0.00096014,0.00083423,-0.00032126,1.2624e-19
3.0404e-19,0.00047568,-1.7244e-05,-0.0041403,-0.0036241,0.0012517,0.00086979,4.3704e-05,0.0019609,0.0014737,-0.0037741,-0.0015295,0.00084538,-8.0606e-06,0.011473,0.020154,0.0081091,0.0004345,0.00031204,-0.00019543,-5.9563e-05,-0.00031982,2.0508e-05,-0.0031589,-0.0015871,0.010938,0.5278,0.10064,3.4067,1.769,0.20945,0.043054,0.00048406,0.039762,0.0156,0.00067385,0.040362,0.058949,0.014345,0.031273,0.0078567,0.0001461,-0.0034408,-0.00082347,-0.0061267,0.016624,0.0037358,0.00014303,0.0017852,-0.0020947,-0.0048378,-0.00099437,0.001065,0.0020204,-0.0028872,-0.00051803,6.5675e-05,5.1942e-05,-0.0016017,-0.003419,0.1177,0.077872,-0.041284,0.99753,1.8902,0.14907,0.059655,-0.023425,0.016276,-0.019261,-0.0188,-0.017844,-0.0067798,-0.011675,0.051279,0.010307,0.00026395,-0.010165,0.068403,0.37168,0.50742,-0.0011627,0.06031,0.038753,0.0058771,0.018812,-0.0071958,0.0011958,-0.0081,-0.0087477,0.01843,6.8913e-05,-4.0286e-05,-0.00030446,0.0025087,0.016413,-2.1033e-05,-8.0356e-05,-0.00025905,-0.0010898,-0.0060419,-7.8156e-09,-6.6776e-06,-2.4777e-05,-1.3136e-06,-0.0014049,-0.0056843,-0.0010138,-0.0044839,-2.9402e-06,-0.0010586,0.01704,0.068036,0.054335,0.039092,0.0012097,0.11794,0.31823,0.13621,-0.0019603,0.048427,0.10527,-0.0088939,-0.0098966,-0.0050885,7.6367e-05,0.00056438,-0.00064703,-0.0021341,0.00017156,0.00010664,0.018987,0.024901,0.0047622,0.011146,-0.00019206,-0.00033084,-0.003757,-0.0045759,4.2432e-06,1.6282e-06,-0.00028016,-0.00024119,0.00017495,-4.5361e-20
-5.9099e-19,3.4062e-17,5.8457e-20,-4.9428e-17,-3.7933e-17,2.0032e-17,1.0484e-17,3.1075e-18,6.7076e-17,5.4071e-17,3.5634e-18,1.4131e-17,1.2858e-17,7.174e-18,0.038002,0.063632,0.024746,3.1276e-17,1.6865e-17,-1.6877e-17,-9.008e-18,-3.6749e-18,-3.4046e-19,-2.2785e-16,-9.7551e-17,0.042867,0.020329,0.70007,4.0247,1.8646,0.24661,0.05436,-3.8339e-18,3.2729e-16,1.2474e-16,3.0143e-17,2.7393e-16,0.14453,0.045082,1.5409e-16,2.8138e-17,2.5593e-18,-2.8967e-16,-6.0115e-17,-7.6515e-17,0.051714,0.011492,5.6544e-18,2.2034e-17,-2.6864e-16,-3.7397e-16,-7.3964e-17,7.6215e-17,3.0612e-17,-2.2828e-16,-3.8089e-17,-2.7382e-18,3.7364e-18,-1.1371e-16,-3.5851e-16,8.6844e-15,0.41157,1.4528,0.095496,2.7661,0.2635,0.066313,0.0022104,0.061893,0.0013263,-8.7425e-16,-8.3055e-16,-8.5517e-16,-8.8039e-16,0.00088424,0.062339,-7.2524e-17,-3.7883e-16,0.1194,2.7417,0.30066,0.0039793,0.059247,-4.4465e-17,0.0053059,0.057922,-1.0806e-16,1.3823e-17,-1.2133e-16,0.007517,0.055714,1.2478e-17,-2.1111e-18,-1.3737e-17,0.0097283,0.053506,-5.5043e-18,-6.9867e-18,-1.9421e-17,-1.5265e-17,-7.4433e-17,2.9877e-19,-1.5775e-20,-2.9706e-19,-9.648e-20,-1.8931e-17,-7.0623e-17,-1.4689e-17,-5.5292e-17,1.1827e-18,-6.4717e-17,0.017248,0.045995,3.8483e-16,3.2869e-16,3.8798e-17,0.077842,0.23485,0.15038,0.042902,0.02123,0.042018,-1.8455e-16,-2.5387e-16,-5.9689e-17,1.8809e-18,3.7018e-17,-4.527e-17,-1.5441e-16,9.2325e-18,2.6635e-18,1.1466e-16,1.3208e-16,0.026983,0.036272,-7.6543e-19,-5.0356e-18,-6.2045e-17,-7.612e-17,2.5917e-19,1.2305e-19,-3.2266e-18,-2.5454e-18,7.774e-18,-5.7686e-20
-7.6752e-19,-0.0029638,8.9897e-06,0.00066396,4.6367e-06,-0.00069866,-0.00013832,-0.00027125,-0.0045299,-0.0039134,-0.0043359,-0.0029402,-6.2789e-05,4.4924e-05,0.012839,0.015736,0.0045285,-0.0025394,-0.0012065,0.0014676,0.00082271,5.0861e-05,-3.2613e-06,0.035941,0.018159,0.048867,-0.058344,0.23344,10.337,3.7221,-0.12357,0.041372,0.00052693,-0.0091275,-0.0030714,-0.00079758,-0.0038101,0.04294,0.013309,-0.0021376,-0.00037754,-2.3207e-05,0.044654,0.010554,0.0009222,0.015774,0.0034898,-0.00044707,-0.00038975,0.04549,0.055837,0.0095295,-0.0066945,-0.0010818,0.040565,0.0060547,0.00032361,-0.00034216,0.009879,0.055146,-0.71466,0.76,0.85708,-0.038953,2.8253,1.6056,-0.093775,0.18186,0.037081,0.14809,0.067016,0.065744,0.079419,0.099471,0.011726,0.074352,0.0001059,0.11294,-0.069599,0.98504,0.46757,0.10053,0.11127,0.045585,-0.01326,0.010357,0.0029262,-0.00025298,0.0068545,0.05053,0.01638,-0.00043335,0.00025333,0.0018311,0.0030547,0.016418,0.00013112,0.0005082,0.001629,0.00020381,0.00099131,3.1331e-08,8.3727e-07,5.7121e-06,8.2577e-06,0.00025378,0.00094021,0.00022974,0.00090397,-3.2839e-05,0.012345,0.037936,0.0092923,-0.007155,-0.0094159,-0.00013502,0.061265,0.18721,0.12702,0.087027,0.1115,0.075405,0.017515,0.031113,0.00081062,-0.00011543,-0.0029087,0.01324,0.028018,-0.00069779,-0.00021334,-0.0018206,-0.0017533,0.0088187,0.010876,-0.0002401,0.00010339,0.0022405,0.0029339,-2.6604e-05,-1.0293e-05,2.8773e-05,8.778e-06,-0.00060028,3.7351e-20
3.8105e-18,0.01279,-2.3008e-05,-0.00032909,0.0017161,0.0018304,6.5085e-05,0.00092203,0.019727,0.01522,0.019923,0.015143,-0.0001858,-0.00015231,-0.0090256,0.0095901,0.01108,0.013882,0.0079685,-0.0050084,-0.0028315,-2.3936e-05,1.5346e-06,0.028369,0.014332,0.024288,0.046064,-0.10423,6.9608,8.3253,2.0448,-0.085065,-0.0019741,0.024858,0.0094437,0.0024505,0.0024879,-0.01875,-0.004483,0.0013472,0.00017765,1.0842e-05,0.028691,0.0081959,-0.00018573,-0.0068954,-0.0015182,0.0014858,0.00050158,0.036254,0.0365,-0.00085539,0.027417,0.0034328,0.066485,0.0069354,-0.0011563,0.0011646,-0.033576,0.01932,3.2975,1.0227,0.038417,0.063221,1.3643,1.1917,1.467,-0.27948,-0.053901,-0.27644,-0.21677,-0.21698,-0.26928,-0.10444,-0.05099,-0.19555,0.027083,0.08777,0.46415,-0.32811,0.33261,0.12009,0.10731,0.044962,0.063202,0.022689,-0.006552,0.00030784,0.0038592,0.037825,-0.0056404,0.0014735,-0.00086138,-0.00622,-0.0013222,-0.0071919,-0.00044574,-0.0017282,-0.0054498,-9.59e-05,-0.00046646,-1.0518e-07,2.8121e-07,-8.0139e-06,-2.8078e-05,-0.00011901,-0.00045976,-0.00022233,-0.00099922,0.00011556,0.019721,0.05351,-0.003902,0.011678,0.025836,-1.7152e-05,0.059413,0.15458,0.067747,0.048559,0.080484,0.055389,0.025246,0.048958,-0.00038572,0.00036477,0.013769,0.04953,0.047644,0.0023437,0.00069066,0.00192,0.00092854,-0.0038202,-0.0040012,0.00092644,-0.00020127,-0.0058145,-0.0080119,9.0454e-05,3.5001e-05,3.3887e-05,8.4768e-05,0.0020031,3.2162e-19
4.8594e-18,0.034927,2.9656e-05,8.5834e-05,-0.0026387,-0.0023697,-1.2547e-05,-0.001238,0.032559,0.024019,0.031135,0.024523,0.00032505,0.00020554,0.0081573,0.043205,0.02269,0.047274,0.029473,0.0069392,0.0039285,4.6192e-06,-2.9586e-07,-0.0040669,-0.0020516,-0.0048289,-0.0015525,0.023972,-0.97513,8.5336,4.7994,0.38668,0.0046907,0.043696,0.016337,-0.0032596,-0.0014132,0.0036464,-0.00090635,-0.00071826,-3.4256e-05,-1.9859e-06,0.0043287,-0.0009735,-0.00029756,0.0013318,0.00028412,-0.0019927,-0.00052405,-0.0051656,0.0024504,0.010279,0.052268,0.0077627,0.046393,0.0075299,0.0015715,-0.0015724,0.045325,0.021304,7.54,0.87719,0.099894,0.060466,-0.11471,-0.16682,2.3925,0.85765,0.18411,0.51651,0.37848,0.35749,0.4431,0.33535,0.11415,0.27255,0.18101,0.05095,0.88832,0.14913,0.027369,0.044992,0.044626,0.0013812,0.11565,0.058191,0.01018,-0.00031293,-0.00052872,-0.0074562,-0.00091699,-0.0019825,0.0011945,0.0086249,0.00023382,0.0014048,0.00060174,0.0023811,0.0092838,1.8489e-05,8.993e-05,1.4174e-07,-9.6104e-07,8.6985e-06,3.7905e-05,2.2401e-05,0.00011193,0.00019628,0.00096339,-0.00015673,0.013251,0.038981,0.00075227,0.015246,0.04013,0.00011167,0.13374,0.31519,0.050636,-0.0025233,-0.004619,-0.0091216,0.018264,0.035024,8.012e-05,-0.00048729,0.021479,0.057373,0.030299,-0.0031586,-0.00091925,-0.0017983,-0.00031808,0.00066476,-0.00022977,-0.0012645,0.00024378,0.011199,0.010737,-0.00012211,-4.7253e-05,-7.023e-05,-0.00013574,-0.0026971,2.8223e-19
6.9151e-19,0.034118,5.2496e-05,6.4586e-05,-0.0047811,-0.0041975,-3.7909e-06,-0.0011487,0.0032525,0.00040315,0.00074277,0.0010857,0.00059749,0.00036622,0.037514,0.029453,0.0014681,0.074977,0.047569,0.03994,0.022759,1.404e-06,-8.9415e-08,-0.0012415,-0.00062124,-0.0041666,0.039663,0.025507,-0.2947,0.94882,4.1989,1.4505,0.049328,0.018355,0.0028128,-0.0057961,-0.0020385,0.0011562,-0.0033303,-0.0010085,-1.0363e-05,-4.2003e-07,0.047858,0.0077612,-0.00066536,0.00040663,7.1063e-05,-0.0024915,-0.00089604,-0.0015128,0.049324,0.060535,0.013056,0.0022107,0.0041527,0.0042283,0.0028027,-0.0028019,0.080762,0.047342,5.2525,0.3787,0.028606,0.058815,-0.042617,-0.04931,0.38784,3.8656,1.1247,2.892,2.0165,1.9924,2.4299,1.5797,0.56032,1.5803,0.37403,0.22316,0.21434,0.14376,0.051294,0.00021294,0.003221,-0.00089184,0.014631,0.011094,0.054719,-0.00053229,0.000888,-0.0047046,-0.0026806,-0.0024745,0.0071364,0.051607,3.4264e-05,0.00045609,0.0010722,0.011823,0.04964,5.5888e-06,2.7179e-05,2.525e-07,-1.8557e-06,1.4977e-05,6.7541e-05,5.8309e-06,7.4037e-05,0.00032414,0.0016216,-0.00027946,0.0010529,0.0037736,0.00022733,0.00075324,0.0022267,0.00022081,0.23947,0.59375,0.13898,0.053017,0.03817,-0.0038232,0.0021799,0.0030533,3.415e-05,-0.000867,0.0016213,0.0066485,-0.00039514,-0.0056269,-0.00057795,-0.0030086,-0.00033618,7.706e-05,-0.0017976,-0.0011997,0.00042749,0.053944,0.064248,-0.00021759,-8.4197e-05,-0.00013117,-0.00024712,-0.0048042,-2.2237e-18
1.5381e-18,0.011176,-0.00035359,-0.00033158,0.046361,0.040535,3.7224e-06,0.026383,0.017717,0.02191,0.042191,0.015421,-0.0035931,-0.0020121,0.017342,0.0069953,0.026475,0.076926,0.035742,0.014658,0.0090053,-1.4366e-06,8.7985e-08,0.0013077,0.00061972,0.032413,0.038309,0.0032392,0.28999,-0.85647,1.3648,1.0365,0.17456,0.028055,-0.0085462,0.059656,0.019805,-0.001514,0.035291,0.0092698,1.0267e-05,-8.3618e-07,0.024705,0.036416,0.0073997,-0.00042883,3.2741e-05,0.039376,0.0079011,0.001153,0.026125,0.028909,-0.0021724,-0.010241,-0.0024188,-0.025628,-0.018445,0.019352,-0.50844,-0.26911,1.8788,0.48187,0.010859,0.066669,0.048708,0.06529,-0.20024,1.8287,2.3298,1.5403,0.99984,1.1314,1.1891,0.72716,0.30912,0.74115,0.16409,0.33991,0.095564,0.072141,0.034066,0.04151,-0.0030807,0.00058549,-0.021263,-0.0048283,0.026266,0.0035596,0.0055566,0.047462,0.04514,0.039405,0.0033696,0.024616,0.00021874,-0.00066746,-0.0067723,-0.0017822,0.022968,-5.5061e-06,-2.6751e-05,-1.7026e-06,1.2682e-05,-0.00010038,-0.00045545,7.7469e-07,-0.00035173,-0.0012401,-0.0099072,0.0018846,0.00016504,-0.0036429,-0.00022352,0.0091327,0.022674,-0.0010568,0.091551,0.30253,0.26935,0.19285,0.03678,0.032176,-0.0042809,-0.0010095,0.00035533,0.010603,0.023535,-0.0084796,0.030458,0.05415,0.020486,0.028422,0.0019957,0.0007831,0.019856,0.02695,-0.0024167,0.021833,0.031686,0.0014672,0.00056776,0.00089164,0.0016726,0.045455,-2.1257e-18
9.3184e-19,-0.0031037,0.00086349,0.00077248,0.051284,0.044805,-1.2326e-06,0.028194,0.024106,0.028471,0.051173,0.021232,0.015441,0.011187,-0.0052975,-0.0018927,0.032385,0.040874,0.011856,0.011076,0.0070921,6.1901e-07,-2.9593e-08,-0.00065209,-0.00022917,0.034579,0.0096196,-0.00067513,-0.097536,0.28635,-0.28411,1.2639,0.47226,-0.037182,0.019176,0.097896,0.030077,0.001437,0.039952,0.010178,-3.6248e-06,3.3625e-06,-0.0072568,0.057378,0.014605,0.00021501,-0.00026419,0.042631,0.0031328,0.00052917,-0.0077291,-0.0083536,0.00041746,0.025196,-0.0029016,0.061673,0.052299,-0.033391,1.827,1.3479,0.19869,0.46059,0.022744,0.042172,-0.016347,0.13009,0.073821,-0.42685,2.0823,-0.1848,-0.23033,-0.081369,-0.26449,-0.1707,-0.027514,-0.19395,-0.038072,0.21283,0.1651,0.040342,-0.0086,0.049399,0.00104,0.00063264,0.026487,0.0017093,-0.0086505,-0.0085047,0.0067568,0.049604,0.051201,0.044175,-0.00094529,-0.0074075,-0.00069614,0.001207,0.024037,0.017122,-0.0058182,1.8683e-06,9.0127e-06,4.1586e-06,-3.1037e-05,0.00024495,0.0011124,-1.632e-05,0.00080601,0.014835,0.038311,-0.0045139,-0.0028677,0.0012256,7.4749e-05,0.022058,0.054052,0.0086224,-0.0041229,0.070456,0.3986,0.29959,0.013083,0.032987,0.013769,-0.0044227,0.0051676,0.031229,0.038039,0.014775,0.037949,0.057957,0.018545,0.028782,-0.0046874,-0.002292,0.022486,0.029217,0.012256,0.0070534,-0.011669,-0.0035837,-0.0013868,-0.0021804,-0.003998,0.042278,4.3767e-18
1.3849e-19,0.00021302,-0.0003876,-0.00034441,-0.0021735,-0.001897,7.604e-08,-0.0011954,-0.0010687,-0.0012592,-0.0022078,-0.00092939,0.037172,0.026158,0.00047777,0.00015902,-0.0013989,-0.001413,-0.00023712,0.040688,0.023199,-1.025e-07,2.0311e-09,0.00013853,2.4888e-05,-0.001465,-0.00022937,4.6758e-05,0.0066945,-0.018493,0.024556,2.0089,0.93336,0.11198,0.05846,0.058098,0.014942,-0.00050852,-0.0018179,-0.0004329,3.2463e-07,-1.5921e-06,0.00049791,0.046886,0.012018,-4.6028e-05,0.00012999,-0.0018274,0.0044372,0.0025735,0.0005468,0.00054135,0.00017708,0.050426,0.0081592,-0.024631,0.040396,0.30204,4.6465,3.175,0.22768,0.049153,0.0035606,-0.0016437,0.0018653,0.24061,-0.0020959,0.086776,0.65889,0.084777,0.022714,0.015483,0.087094,0.14189,0.0031731,0.07485,0.0027895,-0.0080596,-0.0073115,-0.00151,0.00059498,-0.0021257,-7.3064e-05,0.002282,0.055049,-0.00011619,0.0010299,0.0098534,-0.00079425,-0.0021693,-0.002639,-0.0023166,4.9176e-05,0.0006108,0.00032383,0.014426,0.061382,0.050305,2.4374e-05,-1.3546e-07,-6.2532e-07,-1.8698e-06,1.3958e-05,-0.00011012,-0.00050017,8.5291e-06,-0.00035885,0.030919,0.098933,0.0050454,0.0044592,-8.4251e-05,-4.9408e-06,0.017526,0.041016,0.019058,0.063313,0.16258,0.42373,0.37705,0.053486,0.029421,0.043355,0.0024099,0.022274,0.037137,0.023605,0.040879,-0.0016384,0.0010822,0.0030931,-0.00049109,0.0051181,0.0040731,-0.00099144,-0.0013499,0.0283,0.035633,0.0018592,0.0016148,0.00062351,0.00098049,0.0048111,0.0034507,1.2977e-18
-7.4249e-20,0.0003889,-0.0014783,-0.00099699,-0.0038562,-0.0033482,4.5585e-08,-0.0021825,-0.0020962,-0.0025159,-0.0040339,-0.0016939,0.0091235,0.00715,0.0021163,0.00060751,-0.0025551,-0.0016255,0.00081412,0.010984,0.0059923,-8.4096e-07,3.7081e-09,0.0012746,0.00014523,-0.0026745,-0.00041726,8.996e-05,0.012224,-0.00080317,0.054676,0.46848,1.648,0.84872,0.05778,0.0096111,0.0021691,-0.0053941,-0.0044733,-0.00078888,1.419e-06,-1.7738e-05,0.0009074,0.01022,0.0026347,-0.00042472,0.001456,-0.0035097,0.048066,0.0062786,0.0025798,0.00063983,0.0025646,-0.013679,0.032672,-0.17624,-0.036925,1.4143,1.3843,0.84022,0.70998,0.071542,0.0043823,-0.0031506,0.011162,0.047826,0.053318,-0.0074366,0.24061,0.055086,0.085251,0.074207,0.10857,0.11354,0.0057713,0.042054,0.0049737,-0.013469,-0.011946,-0.002551,0.00079533,-0.0038808,-0.00015176,0.00012777,0.0063296,-0.00019983,0.012266,0.10651,-0.006684,-0.004727,-0.0081035,-0.0087213,-8.1295e-05,0.0022307,0.0080258,0.045764,0.016627,0.013839,-0.002636,-3.2615e-07,-1.2152e-06,-2.0674e-05,0.00015435,-0.0012176,-0.0055304,0.0015008,-0.0025575,0.0074534,0.038591,0.055482,0.043012,-0.0001553,-6.9567e-06,0.0033015,0.0075516,0.0051349,0.019992,0.042587,0.25068,0.48663,0.17621,0.086296,0.030901,0.037613,0.043885,0.0087952,0.025277,0.044933,-0.0029526,0.018852,0.0331,0.019877,0.056276,0.033899,-0.002129,-0.0035945,0.0065362,0.011048,0.02821,0.033364,0.0068943,0.010842,0.037989,0.056632,2.8692e-18
4.2505e-18,-0.0002139,0.039337,0.036918,0.0016672,0.0013747,3.5333e-07,0.0012007,0.0017423,0.0022652,0.0022323,0.00092048,-0.0047738,-0.0059824,-0.0057891,-0.0011977,0.0014105,-0.0029781,-0.005085,-0.0067354,-0.003161,3.1162e-06,-2.0401e-09,-0.0048475,-6.1062e-05,0.0014711,0.00022349,-6.8137e-05,-0.0067346,0.071981,-0.0014116,-0.22464,3.1825,1.1565,0.12263,-0.0056937,-0.0013664,0.026342,0.008493,0.00042813,-4.1343e-06,6.9951e-05,-0.00049262,-0.0093614,-0.0024988,0.0016163,-0.0057469,0.0030591,0.033059,0.039444,0.0071599,0.0010624,-0.010507,0.098616,-0.10627,2.2834,1.3814,1.404,-0.29675,-0.35585,0.41452,0.46203,0.022447,0.002341,-0.0355,0.072781,0.047018,0.74365,0.14011,-0.025409,0.021323,0.028288,0.0085359,0.002918,-0.003087,-0.022713,-0.0020446,0.0027808,0.00099272,0.00056812,0.00074305,0.0021345,0.00015803,0.002159,0.02759,6.0057e-05,0.0066975,0.076072,0.031162,0.0061738,0.038726,0.02954,0.0011631,-0.0053306,0.0098203,0.060377,-0.013902,0.0029627,0.032334,4.9937e-07,9.67e-07,8.1425e-05,-0.0006079,0.0059868,0.027192,0.0083016,0.028293,-0.0038832,-0.0027237,0.037329,0.02883,9.1481e-05,-4.5483e-06,-0.0016979,-0.0038584,-0.0044737,-0.015175,-0.022273,0.078903,0.35326,0.29709,0.054034,-0.060684,-0.043046,0.019649,-0.006721,0.012388,0.020014,0.0014677,0.017851,0.041576,0.04067,0.034685,0.02232,0.0024655,0.0065641,-0.001658,-0.010689,0.018739,0.017746,-0.024607,-0.041003,-0.028597,0.022413,-3.4619e-18
7.2522e-18,5.0031e-05,0.065425,0.06099,0.00036453,0.00045473,-7.1185e-07,-0.00028138,-0.0013493,-0.0019954,-0.0005447,-0.00019665,0.0011407,0.01243,0.016569,0.0089214,-0.0003384,0.0074623,0.016425,0.010385,0.00078145,-5.1413e-06,4.782e-10,0.0083804,0.0071137,-0.00034413,-4.228e-05,4.6961e-05,0.0015936,0.028226,0.016837,0.10967,2.9478,1.2032,0.18894,0.0027174,0.00079242,0.041354,0.010138,-9.0554e-05,6.5437e-06,-0.00011645,0.00010447,0.009441,0.0025882,-0.0026772,0.010015,0.0044453,-0.0062435,0.048188,0.0087413,-0.0026002,0.017584,-0.17028,0.49317,3.7274,2.0625,0.5255,0.29009,0.092167,1.522,0.64223,0.052201,-0.0014835,0.094796,0.22244,0.037517,1.3303,0.015698,0.0060988,-0.0053455,-0.0067915,-8.0423e-05,0.014296,0.00057689,0.0053122,0.0027778,0.014572,0.011398,0.0012555,-0.0020985,-0.00049927,-0.00016094,0.0052389,0.055618,6.8846e-05,-0.00048926,-0.0070341,0.049748,0.00021388,0.056286,0.059572,0.0048884,0.015552,0.0043309,0.041811,0.012325,0.0096049,0.048032,-6.4888e-07,-7.2275e-07,-0.00013553,0.0010118,0.0093564,0.042489,0.010035,0.04181,0.00090767,0.0011422,-0.0068146,-0.0052632,-3.1475e-05,1.4989e-05,0.00041117,0.00090507,0.0041481,0.011579,0.0051586,0.0050382,0.10691,0.30166,0.22871,0.32262,0.28175,0.087627,0.012531,-0.0010929,-0.004053,-8.3319e-05,-0.0033507,0.018451,0.039993,0.0048208,-0.0037805,-0.0026911,-0.0090862,0.0049281,0.018108,0.058834,0.11098,0.085119,0.099457,0.11129,0.057362,1.7697e-17
3.8716e-18,7.3912e-06,0.035399,0.03303,0.0006998,0.00073178,-6.4385e-07,-4.2021e-05,0.0023084,-0.0015496,-9.9781e-05,-1.3079e-05,0.00018919,0.038013,0.059911,0.025477,-5.7259e-05,0.035285,0.059909,0.024413,0.00015149,-4.5372e-06,7.1508e-11,0.037971,0.017376,-5.0882e-05,2.3106e-06,3.3498e-05,0.00025113,0.0011528,0.0013871,0.057002,0.19811,2.2406,0.66254,0.0015877,0.00052185,0.0029198,0.00062663,-5.1695e-06,5.7411e-06,-0.0001029,6.2228e-06,0.048577,0.012073,-0.0023639,0.047631,0.0071305,-0.0010838,0.0032845,0.00055635,-0.0023975,0.015548,0.16529,1.9002,1.3989,0.47165,0.035799,0.028654,0.012956,3.6527,0.60879,0.10556,0.0055018,0.3132,0.19919,0.23125,0.49771,0.00098173,0.0009265,0.00060297,0.00052227,-1.1882e-05,0.060715,-3.9054e-05,0.0007844,0.0020615,0.059648,0.05658,0.0013742,0.0013582,-7.3765e-05,-0.00012992,0.00090554,0.0039265,8.1139e-05,0.00051479,-0.0015268,0.0073412,-0.0024088,0.011471,0.055878,0.0054144,0.054839,1.5084e-05,0.0083874,0.049047,0.0025898,0.0032628,-5.5139e-07,-5.319e-07,-0.00011975,0.00089402,0.00063881,0.0028974,0.00082971,0.0032226,0.00013355,0.00017008,-0.0010068,-0.00077981,-1.3278e-05,1.4136e-05,7.2753e-05,0.00013593,0.015285,0.04092,0.00071833,-0.00058247,0.0037758,0.16598,0.56574,1.0094,0.92134,0.2165,0.043454,0.0040543,0.0021905,0.00021026,-0.00047173,0.00048851,0.027995,0.036548,0.0029979,0.0011099,-0.0011716,0.040478,0.060523,0.14838,0.30248,0.3089,0.39733,0.44305,0.21686,5.3187e-17
3.1382e-18,-1.1364e-05,0.029377,0.027014,-0.0078337,-0.008078,6.6255e-06,6.934e-05,0.029832,0.023307,0.00035545,-0.00014699,-0.00050713,0.014462,0.023694,0.0098678,0.00016406,0.014036,0.023523,0.0035318,0.0006858,4.6497e-05,-1.1897e-10,0.015308,0.006566,7.8678e-05,-9.3071e-05,-0.00032938,-0.00055041,-0.0017516,-0.0021263,0.00093276,-0.27644,4.8807,2.1827,-0.00040963,-0.0050371,-0.0053824,-0.00063751,-7.7923e-05,-5.8776e-05,0.0010547,8.6787e-05,0.060615,0.010948,0.037419,0.028145,0.0025024,0.0033549,-0.0060397,-0.00063918,0.024749,-0.09736,3.8352,1.9788,0.42075,0.0068879,-0.022547,-0.046625,-0.016682,1.0397,1.1534,0.18818,0.047187,0.064086,0.20175,0.54873,0.082636,0.004492,-0.0016914,0.050782,0.049517,1.8279e-05,0.071717,0.0013602,-0.0012019,-0.0004216,0.024167,0.027533,-0.013692,0.045754,0.00011348,0.0025506,-0.0052102,-0.0060096,-0.0008672,-0.0069333,0.0023522,-0.0014977,0.040655,0.00034528,0.064264,-0.0016238,0.020871,0.0017987,-0.001077,0.02413,0.038471,-0.0050174,5.6134e-06,5.2653e-06,0.0038209,-0.0065704,-0.0009776,-0.0044009,-0.002899,-0.0073763,-0.0001997,-0.00027556,0.0015488,0.0012227,0.00011068,-0.00014646,-0.0002375,-0.0002322,0.0032716,0.013263,-0.00064675,0.0019034,-0.0048408,0.030528,0.21337,0.48486,0.49991,0.0713,0.05944,0.011307,0.029542,-0.0013548,0.00048177,0.0029376,0.0097807,0.0167,0.016809,0.059118,0.15996,0.15987,0.019504,0.071786,0.16443,0.16998,0.1816,0.17668,0.086498,3.1085e-17
2.3073e-18,4.3355e-06,0.019414,0.018253,0.02508,0.025846,-1.8467e-05,-3.9844e-05,0.026534,0.018268,-0.00043795,0.00052867,0.00080511,-0.0044544,-0.0080987,-0.0034658,-0.00027761,-0.0041198,-0.0075276,0.013584,0.012422,-0.00012951,7.092e-11,-0.005242,-0.0022342,-3.1286e-05,0.00028869,0.00091155,0.00067469,0.00067074,0.00081543,0.00039269,0.10586,5.1685,1.4674,0.18701,0.014732,0.0046466,-0.00066143,0.00027259,0.00016369,-0.0026688,-0.00030562,0.032375,0.0047093,0.036241,0.0033279,-0.00071691,-0.0060557,0.0051836,-0.00035305,-0.069014,1.0424,3.9525,0.96909,0.29474,0.10687,0.016801,0.042449,0.011602,1.7674,0.4316,0.17672,0.065546,0.72086,0.29172,0.45816,0.066821,-0.0031019,0.0014002,0.040423,0.044639,-7.0044e-06,0.036451,-0.0039733,0.00044713,0.0021502,-0.0082889,-0.0039103,0.053583,0.042105,-4.3492e-05,0.006345,0.030213,0.0023029,0.0027316,0.022756,-0.00090097,0.0032777,0.039824,0.0033718,0.041823,0.024763,-0.004787,-0.0052913,0.00051258,-0.0020086,0.036854,0.0019948,-1.562e-05,-1.4588e-05,0.018316,0.051196,0.00037521,0.0015954,0.0064776,0.026635,6.027e-05,0.00014493,-0.00059346,-0.00053356,-0.00029751,0.00040863,0.00044597,0.00015426,0.0062983,0.017544,-0.0010476,-0.0035517,0.014813,0.018217,-0.051306,0.062138,0.37489,0.33792,0.18661,0.10963,0.058159,0.02113,0.0030585,-0.010707,-0.0082493,0.0085305,0.058523,0.13327,0.21157,0.12943,0.0045508,0.014599,0.005381,0.0035725,-0.032131,-0.043619,-0.012267,-1.9692e-18
3.3136e-19,-5.2151e-07,-0.0015329,-0.0017347,0.056574,0.059081,1.5479e-05,1.593e-05,-0.0021578,0.00084218,0.0073738,-0.00045668,-0.00060558,0.00016386,0.0010036,0.00051192,0.00021224,-5.1172e-05,0.00051423,0.034333,0.016669,0.00011318,-2.9767e-11,0.00064964,0.00027683,4.8189e-06,-0.00024068,-0.00075871,-0.00046769,-8.2735e-05,-0.0001016,-4.8773e-05,-0.012875,2.5095,1.0554,0.72617,0.0095026,-0.0026649,0.00083204,-0.0002348,-0.00013719,0.0092916,0.00026967,-0.0026104,-0.0006545,-0.003059,-0.00087361,-1.681e-05,0.0047443,-0.0030148,0.00055287,0.058624,2.1415,0.53286,0.065154,0.041551,-0.0027551,-0.0025425,0.050349,-0.00065576,4.522,0.63947,0.083026,0.0021166,2.3944,0.34842,0.10003,0.06673,0.010274,-0.00079066,0.0056448,-0.003241,8.6804e-07,-0.002696,0.009231,-4.4271e-05,-0.0018829,0.001035,0.0006501,0.11654,-0.0034902,5.3956e-06,0.0032861,0.057354,-0.00028539,0.0055505,0.052259,0.00011133,-0.00033246,-0.0034135,-0.00014094,0.00011799,0.049354,0.012787,0.018642,-6.3528e-05,0.00043357,-0.0030871,-0.00030697,1.309e-05,1.2218e-05,0.02501,0.10001,-4.6996e-05,-0.00012237,0.014749,0.047895,5.9927e-06,-5.0532e-05,7.3504e-05,0.00011998,0.00024813,-0.00034257,-0.00034459,-7.3182e-05,0.019227,0.044495,0.001219,0.002813,0.020175,0.059485,0.050574,0.2083,0.68217,0.72359,0.27129,0.17497,0.063085,0.071936,0.063918,0.030554,0.026357,0.034787,0.092392,0.15472,0.093568,-0.010537,0.029689,0.035208,0.0011569,0.0012304,0.0046456,0.038168,0.035686,4.5395e-18
-3.8363e-20,-3.3494e-07,-0.001197,0.00047737,0.013131,0.011436,7.1417e-05,6.1873e-05,-0.0015433,0.027151,0.029345,-0.002116,-0.0027479,-0.0016195,0.0007808,0.00076937,0.00096563,-0.0025681,-0.0014839,0.0022575,0.002444,0.0036041,-1.1759e-10,0.00050574,0.00021528,7.9895e-06,0.0019694,-0.00041789,-0.0020927,-6.2659e-05,-8.1538e-05,-3.8453e-05,-0.0089224,0.30134,4.5749,1.4745,0.059624,0.022397,0.0040236,-0.0010875,-0.00063297,0.047417,0.0053991,-0.0028436,-0.001915,-0.0025324,-0.0043656,-0.00048861,0.050552,-0.010563,0.011961,0.78357,0.90602,0.05562,-0.01683,0.048369,-0.0049964,-0.0019005,0.013588,-0.00089966,0.90562,4.7198,0.32175,0.14096,3.2494,0.2337,0.058963,0.063421,0.057465,0.00040935,0.05351,-0.0025965,6.7568e-07,-0.0021109,0.054987,1.568e-05,-0.004509,0.0008409,0.00050654,0.022129,-0.0027168,4.226e-06,-0.00016726,0.010762,-0.00022217,0.0002557,0.010186,8.5203e-05,-0.0002706,-0.0030273,0.00066906,-0.0018129,0.0094149,0.020239,0.093352,-4.9478e-05,0.00032929,-0.0024657,-0.00050791,6.0392e-05,5.6362e-05,0.0045424,0.019008,-3.8821e-05,0.00024388,0.0038623,0.0083385,6.5253e-05,-0.00018593,5.7027e-05,0.00033582,0.001144,-0.0015806,0.001511,-0.0003003,0.0038726,0.0088173,0.016694,0.036477,0.0035668,0.012138,0.014262,0.070344,0.26937,0.34044,0.081456,0.032327,0.03377,0.10454,0.17453,0.16806,0.11885,0.036396,0.056842,0.093745,0.010091,-0.0082182,0.0063515,0.0070674,0.000833,0.0032941,0.0056858,0.011829,0.0091541,-4.5558e-19
-5.5209e-19,-1.2122e-07,0.00081157,0.026818,0.015924,-0.007319,-0.00033431,-0.00028016,0.0013263,0.019131,0.03768,0.014119,0.01958,0.014549,-0.00051567,-0.0013406,-0.003547,0.019098,0.014777,0.025204,0.03879,0.013975,5.3435e-10,-0.00033548,-0.00014172,-2.5784e-05,0.025831,0.039215,0.012777,3.3108e-05,6.5896e-05,2.7846e-05,0.00059957,-0.18866,2.2298,1.7496,0.65814,0.23328,-0.018986,0.0050942,0.002963,0.031949,0.012818,0.005808,0.0080637,0.0024092,0.027885,0.0033855,0.028965,0.079689,0.074786,1.2097,0.16822,0.17712,0.028358,0.032467,0.0049445,0.039629,-0.0018222,0.00075063,-0.62199,5.6243,1.5989,1.2924,1.6581,0.06912,0.038121,0.061335,0.034303,0.041789,0.03616,0.0032388,-4.4779e-07,0.0014587,0.031767,-0.00025277,0.077429,-0.00072757,-0.00033813,-0.012842,0.0018005,-2.9267e-06,0.040624,0.030816,0.00014735,0.0032893,-0.0067906,-4.9427e-05,0.00023648,0.0047587,-0.0032451,0.0012088,-0.0060206,0.0090781,0.054326,3.2923e-05,-0.0001786,0.0019373,0.0016368,-0.00028271,-0.00026384,-0.003106,-0.01216,3.655e-05,-0.001801,-0.0068381,-0.0026374,-0.00033613,0.00083187,-3.6883e-05,-0.0013944,-0.0053545,0.01016,0.028334,0.0013753,-0.0025072,-0.0056171,0.024416,0.053042,-0.0022433,-0.0078185,-0.0025916,-0.006193,0.070677,0.060962,-0.011553,-0.020648,0.0048645,0.041208,0.092499,0.096445,0.066788,0.014201,0.013154,0.026004,-0.0061586,0.0055259,-0.0041889,-0.0035541,-0.00022556,0.022053,0.022241,-0.0076621,-0.006037,-1.03e-18
-5.714e-19,7.1178e-07,-0.0001443,0.026517,0.02804,0.0019981,0.000659,0.00054959,0.013303,0.0074526,0.037096,0.031677,0.057499,0.042293,0.0001377,0.016444,0.02147,0.034766,0.036324,0.044492,0.051622,0.0139,-1.0488e-09,9.2499e-05,3.6932e-05,4.7573e-05,0.050245,0.054382,0.017414,7.5767e-06,-4.1495e-05,-1.2297e-05,0.011127,0.054282,2.5489,1.3655,0.77074,-0.010023,0.038752,-0.010043,-0.0058407,-0.014793,-0.017756,-0.0093484,-0.015643,-0.0021051,0.04569,0.0039431,-0.0048349,-0.030264,0.53546,0.90391,0.15154,0.025974,0.0016326,0.01278,-0.0011125,0.040395,0.00031002,-0.00050563,0.25203,3.2771,1.739,1.4472,-0.027937,-0.013841,-0.010777,0.064294,-0.0058182,0.050498,-0.0088113,-0.0027151,1.2264e-07,-0.00051755,-0.0071523,0.00054846,0.09915,0.00053597,9.7413e-05,0.00097756,-0.00049312,1.0508e-06,0.050765,0.048123,-4.0579e-05,-0.0076586,0.0023885,-3.7996e-07,-0.00017775,0.007169,0.021167,-0.00031759,0.0016422,-0.0025359,-0.013837,-9.281e-06,-2.9431e-05,-0.0011302,-0.0030191,0.00055727,0.00052007,0.0012598,0.0033305,-3.141e-05,0.0039765,0.011182,-0.0045722,0.00078547,-0.0015147,8.303e-06,0.0028721,0.011234,0.018925,0.05016,-0.0027024,0.00073256,0.0014701,0.015149,0.0331,0.00055434,0.002197,0.044263,0.078179,0.095765,0.026963,0.0042158,0.0056471,0.0037174,0.0014098,-0.020727,-0.02153,-0.014872,0.010062,0.013059,-0.0068841,0.0015624,-0.0016707,0.0014679,-0.00084989,-0.00046941,0.026743,0.030103,0.016335,0.016216,3.5001e-18
8.2201e-19,1.9986e-07,0.0063371,5.86e-05,0.00064273,8.1969e-05,0.00016979,0.00014151,0.029357,0.021547,0.030799,0.028017,0.076014,0.053476,4.8754e-06,0.039336,0.058181,0.018661,0.034359,0.017302,0.0075714,0.00029038,-2.7007e-10,4.0244e-06,1.073e-06,1.2144e-05,0.045007,0.01459,0.0003968,4.4887e-06,-7.6129e-06,-1.6849e-06,0.046799,0.012924,8.0101,2.5506,0.46168,0.079283,0.081196,-0.0025875,-0.0015049,-0.0024845,-0.0043667,-0.0023355,-0.0040216,-0.00045031,0.0020934,-1.6107e-05,0.00020137,0.25966,1.1944,0.2808,0.027008,-0.00014237,7.1327e-05,0.056939,0.00038192,-4.3198e-05,-8.2348e-05,-9.6357e-05,0.031016,1.2288,0.20343,0.046894,0.0027586,-0.00061416,0.0028323,0.056813,-0.0002741,0.0011077,0.0047267,0.0057525,5.1312e-09,-5.1239e-05,-0.00031284,0.00014306,0.0023084,0.00010681,5.28e-06,0.0027981,-2.0631e-05,1.0644e-07,0.0011132,0.0010612,-1.7534e-06,-0.00025632,0.00023242,-3.5041e-06,-3.5754e-05,0.0077692,0.056932,-9.9067e-06,6.7007e-05,-0.00024907,0.0053318,-4.5441e-07,-2.0868e-05,-0.00019756,-0.00077064,0.00014358,0.000134,0.00015525,0.00013936,-6.6776e-06,0.014434,0.042944,-0.0015183,0.0065361,0.0059436,-1.0346e-07,0.010331,0.040551,0.011584,0.040315,-0.00069599,4.2147e-05,4.439e-05,0.00026216,0.00059355,8.1393e-06,0.00010587,0.094115,0.19604,0.042389,0.00062153,0.0001967,0.00023424,0.017956,0.045737,0.0053941,-0.00090071,-0.0006222,0.027047,0.043734,-0.00073836,3.4209e-05,-0.0001093,0.006473,0.0058387,0.0061785,0.00067354,0.00078165,0.031792,0.033125,6.9309e-18
2.2171e-18,-5.5605e-06,0.024042,0.023312,-0.0026706,-0.00030518,-0.0046612,-0.0038844,0.0094091,0.0097797,0.0051209,0.0071926,0.04752,0.031221,3.6823e-06,0.012619,0.02005,0.0027883,0.0088182,0.036212,0.015761,-0.0011435,7.4133e-09,-2.1468e-05,8.4826e-06,-0.00033287,0.011142,-0.00028855,-0.001965,-0.00013462,0.00019516,3.959e-05,0.016161,-0.0056641,2.8432,7.4155,1.9861,1.9638,-0.040791,0.076034,0.043812,0.064743,0.11894,0.063786,0.11036,0.011948,0.016169,0.015203,0.00046872,2.0624,1.1459,0.16923,0.047604,0.0080115,-0.0017556,0.02539,-0.00047352,0.044437,0.0051252,0.0024928,-0.62565,0.85092,0.099885,-0.025013,0.081485,0.0046706,0.049541,0.016022,0.0011605,-0.0048661,0.049229,0.05078,-2.1923e-08,0.0010377,0.0020204,-0.0014347,-0.010629,-0.00029114,-5.5889e-05,0.048246,8.813e-05,-2.1836e-06,-0.0047379,-0.0037716,9.0306e-06,0.1011,-0.0021586,0.0001115,0.0009364,0.0021502,0.018961,-5.1234e-05,-0.00023927,0.0082459,0.050357,3.7708e-06,0.00063258,0.0088423,0.03675,-0.0014406,-0.0011774,-0.00099983,-0.00059589,0.00017696,0.0048241,0.031279,0.077001,0.015478,0.042958,1.2918e-05,0.0034721,0.013694,0.0022961,0.019147,0.032276,-0.00049828,0.00028407,-0.00050847,-0.0017056,0.00038181,-0.00083821,0.11578,0.25354,0.080741,-0.0029185,0.0010991,-0.0009448,0.0060554,0.033556,0.032587,0.003846,0.0026579,0.0097929,0.039261,0.025717,0.00071616,0.0015573,0.020458,0.050177,0.034469,-0.0026727,-0.0062426,0.0097688,0.010315,2.8163e-18
1.6397e-18,1.77e-05,0.017443,0.023076,0.00093266,-1.2104e-05,0.017396,0.014496,-0.00377,0.017035,0.0076022,-0.0033441,0.012398,0.0077696,-8.109e-05,-0.0048171,-0.010706,0.00084262,-0.0034165,0.028428,0.022896,0.00018957,-2.3548e-08,2.3276e-05,-4.6088e-05,0.0010571,-0.0037005,0.00057999,0.0017401,0.00043338,-0.00061293,-0.00012239,-0.0065203,0.0029892,-0.99539,5.2264,4.6318,-0.56318,1.0223,-0.1518,-0.072558,-0.13756,-0.33793,-0.16825,-0.31635,0.036484,0.58171,0.1353,0.17324,1.996,0.8614,0.15955,0.05214,0.032764,0.03616,0.00077559,0.002544,0.040864,0.004542,-0.0076943,3.06,0.5301,0.24897,0.17284,0.064214,0.0026998,0.064561,-0.0019581,-0.00047455,0.0025789,0.071919,0.040213,9.6214e-09,-0.0025302,8.322e-05,0.033409,0.037277,0.030116,0.00013259,0.041566,-3.8625e-05,6.5635e-06,0.0020298,-0.00022801,-8.9533e-06,0.087345,0.034839,-0.0003619,-0.0023719,-0.00084943,-0.0084138,0.00032583,-4.7429e-05,0.0065086,0.0369,-7.5858e-06,-0.0020395,0.0099655,0.038145,0.03343,0.032595,0.031262,0.00026299,-0.00055888,-0.001791,0.017351,0.090732,0.010203,0.033419,-4.612e-05,-0.0013572,-0.0055188,-0.00087155,0.0035745,0.027276,0.0018302,-0.0010807,-0.0017563,-0.001356,-0.00093836,0.0021989,0.089214,0.19073,0.066239,0.032263,0.022171,0.00023306,-0.0011557,0.0020822,0.019959,-0.0016803,-0.0011649,-0.0057847,0.0089533,0.020197,-0.0031101,-0.0042184,0.014663,0.039798,0.040295,0.030641,0.014072,-0.003892,-0.004117,-4.7251e-19
-2.1204e-19,1.9169e-06,-0.002153,-0.0029031,0.00012044,0.00017384,0.03391,0.028258,0.00064621,0.038945,0.031303,0.0011907,-0.00064503,-0.00087445,0.0001304,0.00056713,0.0050065,0.010023,0.00053883,0.021078,0.016097,0.0003574,2.7935e-08,-2.0314e-05,5.7785e-05,-0.001254,-0.00010591,-0.0004409,-0.0013328,-0.00051505,0.00072598,0.00014465,0.0011226,-0.00095452,0.17512,-0.59909,4.6341,3.9248,4.3416,1.0535,0.98436,1.0301,1.2456,0.92948,1.1088,1.5314,2.0968,1.1709,0.8423,1.5104,0.74603,0.078489,0.0036177,0.060565,0.063201,0.0081563,-0.0031748,-0.0034559,-0.00060019,0.012374,5.5267,0.26563,0.038034,0.04451,0.055116,0.0029759,0.077904,0.0051504,4.11e-05,-0.00094389,0.049833,-0.0044936,-1.662e-09,0.015335,1.4385e-05,0.054441,0.053975,0.067215,-0.00014999,-0.0063256,6.6099e-06,-7.7257e-06,-0.00029242,0.014699,7.4151e-06,-0.0040223,0.052901,0.00043058,0.015155,0.00014538,0.0023957,-0.00039009,0.00018747,-0.00077378,-0.0044338,8.2854e-06,0.0024932,-0.0033394,0.0073255,0.054437,0.055452,0.048991,-4.7168e-05,0.00068542,0.00015479,0.013408,0.03164,-0.0012158,-0.0040853,5.5539e-05,0.00018606,0.00095473,0.00015084,0.00033389,-0.0033558,0.010149,0.013742,0.0026868,0.015172,0.013496,0.009834,0.045914,0.073685,0.011546,0.056861,0.043367,0.00019624,0.01109,0.0038329,-0.002326,0.00028132,0.00019933,0.0031855,0.0040225,-0.0021173,0.0039029,0.0049846,-0.0017694,-0.0048667,0.029798,0.058965,0.024868,0.00065844,0.0006994,-4.1338e-19
-2.1028e-19,0.005324,-0.00099479,-0.0012033,0.00070864,0.00047587,0.0048022,0.0040018,0.00026889,0.03212,0.031032,0.0019461,0.0007861,0.0044941,0.0056402,0.0049408,0.02935,0.016981,0.00011427,0.064886,0.028013,0.0063773,6.7769e-08,-4.6805e-05,0.00014124,-0.0030421,0.0035297,-0.00098574,-0.0029851,-0.0012498,0.0017609,0.00035073,0.00047864,-0.0014359,0.072064,-0.17446,0.616,20.267,7.4726,3.7902,3.1542,3.6196,5.2333,3.467,4.731,4.0947,3.4619,2.7138,1.6055,3.4104,0.77204,0.071599,0.0012287,0.061203,0.016597,0.0013583,-0.0062791,0.010909,-0.00033163,0.063088,0.75709,0.92029,0.041774,0.049352,0.0071378,0.00044805,0.11672,0.00094412,-7.7442e-05,0.0037431,0.0064167,-0.002071,-7.2161e-10,0.055725,1.6082e-06,0.0075728,0.0089831,0.060645,-0.00036139,-0.002013,2.7252e-06,-1.8722e-05,8.734e-06,0.051754,1.6901e-05,0.0021522,0.0051856,0.001045,0.050725,5.9985e-05,0.0083867,0.0043683,0.00049934,-0.00027044,-0.0017681,1.9858e-05,0.022022,0.009832,-4.1663e-05,0.0075367,0.015322,0.011178,-2.4534e-05,0.006987,0.0050233,0.0016413,0.002142,-0.00050625,-0.0017057,0.00013502,-3.202e-05,0.00041783,6.6171e-05,0.0067941,0.0039514,0.019599,0.044647,0.01958,0.055753,0.043168,0.020313,0.039074,0.038512,0.041897,0.0286,0.042147,0.0059542,0.029744,0.029851,-0.00092776,0.00010132,8.214e-05,0.018315,0.036262,-7.5813e-05,0.027543,0.034946,-0.00073356,-0.002006,0.031896,0.040597,0.0035012,0.00025359,0.00027626,-1.9138e-20
-1.025e-18,0.026735,0.001485,0.0010544,-0.0045674,-0.0028362,-0.0039671,-0.0033058,-0.00024183,0.009854,0.010514,-0.010407,-0.0070001,0.031514,0.02373,0.032206,0.026599,0.0074028,0.0005533,0.0254,0.035712,0.018611,-3.9602e-07,0.00027098,-0.00082646,0.024673,0.043557,0.0079289,0.026116,0.011142,-0.010289,-0.0020494,-0.0004994,0.0074906,-0.060022,-0.22311,-0.52259,10.928,3.3964,1.8808,1.5243,1.7889,2.6283,1.7034,2.3428,1.9483,1.5121,1.2483,0.75136,3.2764,0.82149,0.0050504,-0.011827,0.024322,-0.0038827,-0.0011083,0.070396,0.0085118,0.00078698,0.0072655,0.5426,1.105,0.1311,0.035738,-0.0056765,-0.00064302,0.049958,-0.00078546,0.00063388,0.041534,-0.0036276,0.0023555,8.2839e-10,0.027132,2.4677e-05,-0.006441,-0.0050339,0.020793,0.0026451,0.044735,-2.3009e-06,0.00010938,-0.00078613,0.019947,-9.7648e-05,0.0059064,0.030018,-0.0025754,0.012739,-5.0909e-05,0.003576,0.035435,0.00056839,-6.4268e-05,0.001132,-0.0001158,0.034172,0.12709,6.3708e-05,-0.0062221,0.00057707,0.028963,5.1352e-05,0.013501,0.0329,-0.0013493,-0.0017096,0.00045748,0.0015691,-0.00078929,0.00068191,-0.00049851,-7.9839e-05,0.014851,0.030659,0.0099867,0.021518,0.010075,0.026684,0.021885,0.024006,0.071374,0.12782,0.072297,0.019183,0.040712,0.021443,0.044406,0.017218,0.00059523,2.76e-06,-6.9104e-05,0.0090444,0.01528,-0.004737,0.013583,0.017521,0.00064382,0.0016906,0.012789,0.010837,-0.003084,-0.00010639,-0.00016035,8.7229e-20
-7.6633e-19,0.026172,-0.0019533,-0.00042391,0.011518,0.0070692,0.0012487,0.0010404,0.000111,-0.0024258,-0.0026615,0.025513,0.018278,0.03094,0.018394,0.030541,0.0097565,-0.0021305,-0.0014041,0.0074978,0.049995,0.022776,9.0361e-07,-0.00035428,0.0021493,0.029183,0.045951,0.0098833,0.052398,0.022695,0.025516,0.0051813,0.00037769,-0.016793,0.017231,1.1755,0.80344,-1.8726,-0.5978,-0.42359,-0.3891,-0.41145,-0.64258,-0.44048,-0.62635,-0.46967,-0.33878,-0.29299,-0.1299,2.7458,0.99005,0.35227,0.056096,-0.010559,0.003186,0.00030506,0.081309,-0.0022674,-0.0014141,0.18833,2.9467,0.76643,0.23454,0.012033,0.025507,0.00091715,-0.0131,0.00024728,-0.0012432,0.07153,0.0023885,-0.0018774,-7.6669e-10,-0.0072046,-6.7603e-05,0.0024615,0.0015256,-0.0064559,0.00087046,0.044358,7.3286e-07,-0.00024958,0.0021632,0.015725,0.00022244,-0.001754,0.04341,0.052754,0.029436,1.6819e-05,-0.00091963,0.044528,0.045095,0.00069193,0.00046751,0.00029051,0.05028,0.13107,-2.3769e-05,0.0019597,0.0039676,0.03669,-8.6662e-05,0.012059,0.058496,0.00042478,0.0005382,-0.00021468,-0.0007956,0.0020644,-0.0014566,0.00049321,8.0435e-05,0.020931,0.055248,-0.0051657,-0.0058038,-0.0026631,-0.0057559,-0.0079988,0.018883,0.077677,0.12671,0.049663,0.026032,0.041135,0.019307,0.028342,-0.0077915,0.00024202,-0.00020353,2.1442e-05,-0.0024132,0.0042164,0.013558,-0.0026042,-0.0039637,-0.00026121,-0.00053138,-0.0033246,-0.0026151,0.0014132,-0.00021331,-0.0001162,-1.1179e-19
2.6983e-18,0.0096193,0.00041214,3.6534e-05,0.034554,0.020941,-4.5433e-05,-3.7817e-05,-1.204e-05,8.3107e-05,9.7065e-05,0.075415,0.054523,-0.00064901,0.00013335,-0.00036175,-0.00016433,0.010392,0.010607,0.051444,0.05531,0.013298,-2.1153e-07,0.010348,0.0097619,-0.00062482,-0.00097771,-0.00028505,0.044795,0.019225,0.073551,0.018494,-6.4314e-05,0.0039217,-0.00024393,3.9116,1.536,0.31425,0.081761,0.072791,0.019462,0.057989,0.02829,0.016195,0.033328,0.027489,0.013053,0.065652,0.016576,2.6622,2.6744,1.2829,0.17552,0.011628,0.0083258,-1.06e-06,-0.0016951,6.0218e-05,0.00031895,0.018909,3.4726,0.66555,0.32342,0.016333,0.062686,0.0032443,0.0004772,-9.0078e-06,0.010563,0.056211,0.00084451,0.010607,1.4393e-10,0.00025715,1.6183e-05,-0.00018903,-3.2379e-05,0.010783,0.010549,0.0096296,-2.8641e-08,5.8476e-05,0.0043913,0.056099,-5.1933e-05,7.1002e-05,-0.00096685,0.1116,0.097546,-7.9435e-07,2.9538e-05,0.016459,0.093776,-0.00017898,-0.0002057,0.00096066,0.053818,-0.0026646,1.7171e-06,-7.1581e-05,-9.81e-05,-0.00080097,1.9322e-05,0.0044052,0.050048,-1.5473e-05,-1.9605e-05,2.4021e-05,9.8273e-05,0.00979,0.01062,-9.4947e-05,-1.5508e-05,0.028563,0.055299,0.00075555,0.00022916,8.848e-05,0.010187,0.00077919,0.02248,0.062756,0.017465,0.0090494,0.033647,0.031284,-0.00039944,-0.00028497,0.00099496,-0.00010728,5.3885e-05,-7.0917e-07,8.7889e-05,0.027937,0.037014,-0.00013712,-1.9299e-05,2.3189e-05,1.9161e-05,0.00012124,9.526e-05,-0.00015289,6.449e-05,4.2454e-05,1.6176e-20
1.6417e-18,0.029688,0.018677,0.00064191,0.010219,0.0057917,-0.00017508,-0.00014485,-0.00023632,0.00019791,0.00037946,0.020888,0.015125,-0.0025058,0.023836,0.011363,-0.00093684,0.038995,0.051712,0.027709,0.013037,0.0023042,-5.056e-06,0.040428,0.013451,-0.0023258,-0.0038418,0.0056005,0.021823,0.0049297,0.016873,0.010571,-0.0014483,0.093701,0.074512,2.2242,0.75901,0.40638,0.11573,0.080909,0.057459,0.074228,0.094899,0.062549,0.13769,0.082251,0.051002,0.059477,0.025446,0.62578,6.6065,2.1648,0.19073,0.093334,0.0096469,0.00023423,-0.0053935,-0.0002968,0.0075791,-0.42288,3.1563,1.1258,0.32338,0.0045295,0.064972,0.0036436,0.0018521,-3.4968e-05,0.049779,0.01158,1.1605e-06,0.051017,3.3092e-09,0.00087259,0.00038813,0.00049512,0.0011751,0.052079,0.051162,0.047586,-1.573e-07,0.0030903,-0.00019859,0.015423,0.0029083,0.00044414,-0.0038797,0.029716,0.027641,-7.3907e-06,2.0733e-05,0.0016271,0.040709,0.0039584,0.0030273,0.00043964,0.0099413,-0.0079055,2.6848e-05,-0.00028247,-0.00038075,-0.0031087,0.00045827,0.0010886,0.010638,-6.0055e-05,-7.6092e-05,0.00047736,0.0061744,0.020179,0.052991,0.0019563,0.0030095,0.038382,0.020375,0.031208,0.0013102,0.0001412,0.021897,0.028663,0.058053,0.12246,0.055258,0.01977,0.045507,0.0065283,-0.001546,0.010935,0.041401,-0.0027511,0.001311,-1.0481e-06,0.00034079,0.008564,0.0034267,-0.0060325,-0.0039559,0.0087164,6.9728e-05,0.00047374,0.00036973,-0.002998,0.0057464,0.001071,8.1566e-19
2.4622e-18,0.021261,0.016937,-0.0011346,-0.0069345,-0.0027274,8.4125e-05,6.6271e-05,0.0008315,0.00036744,-0.00020272,-0.0099596,-0.0072185,0.0012217,0.019692,0.011508,0.002666,0.023794,0.033126,0.001526,-0.0059254,-0.00095909,1.846e-05,0.028249,0.0046894,0.0008072,0.0021258,0.063574,0.031824,-0.005092,0.0032115,-0.022534,0.0052339,-0.3421,0.40305,0.43379,0.096941,-0.1785,-0.058254,-0.039507,-0.029466,-0.037301,-0.048102,-0.030577,-0.013273,-0.028235,-0.02501,-0.026004,-0.013325,-0.22871,6.445,2.1881,0.33524,0.090163,0.0040772,-0.0010134,-0.0013809,0.0028319,-0.027645,5.1611,2.2462,0.74119,0.14796,-0.0025775,0.028093,0.0017211,-0.00093968,1.7762e-05,0.033299,-0.0053867,7.2823e-06,0.034277,-1.2002e-08,7.4262e-05,-0.0002572,0.03634,0.0019899,0.034179,0.034689,0.036527,2.5294e-07,0.0049317,0.031012,-0.0045222,0.034186,-0.00085798,0.0024454,-0.013993,-0.013234,1.9917e-05,0.00034196,-0.00072661,0.00011423,0.074171,0.078762,0.00030227,0.0061782,-0.0051344,-8.9375e-05,0.00016076,0.00019315,0.0015771,-0.0016711,-0.0014612,-0.0047218,3.0466e-05,3.8605e-05,-0.0016839,0.018057,0.04323,0.040149,0.03711,0.024162,0.022956,0.00022911,0.02654,-0.0011748,0.0017566,0.012302,0.031355,0.099503,0.23932,0.12566,0.014132,0.019679,-0.0030524,0.00076789,0.01078,0.046339,0.01309,-0.0048007,-5.8652e-06,-0.00017163,-0.0045907,0.026112,0.029017,0.020322,0.053039,-1.7961e-05,-0.00025228,-0.00018757,0.01372,0.021148,-0.0039448,7.9305e-19
1.0218e-18,-0.0034548,0.012382,0.020882,0.0046846,0.00053343,-1.0907e-05,-3.3048e-06,-0.0012481,-0.00078228,5.8683e-05,0.0021338,0.0015556,-0.00018648,-0.003314,-0.0018274,0.015324,0.016642,-0.0032685,0.00045082,0.00094566,6.4086e-05,-2.7855e-05,0.012328,0.0016295,0.00038819,-0.00072012,0.081931,0.03482,0.0052356,-0.017452,0.032091,-0.0028115,0.53626,0.66213,0.14941,0.010372,0.038902,0.012475,0.0261,0.0068573,0.0079683,0.010267,0.0047951,0.0063088,0.0064316,0.042752,0.038414,0.022972,0.14326,2.8558,1.5654,0.51325,0.066846,0.018816,0.0016123,0.012754,0.0076818,0.041781,7.9549,1.7352,0.045986,0.0016384,0.001207,-0.0041214,-0.00036164,0.00020086,-3.8294e-06,-0.0051855,0.0011502,-1.7683e-06,-0.0055202,1.8094e-08,9.9938e-05,0.021144,0.050448,-0.0012062,-0.0053965,-0.0055703,-0.0059998,-3.145e-07,0.0033968,0.046678,0.005791,0.064184,0.0011734,-0.0011683,0.0028654,0.0028867,-2.8577e-05,-0.00053134,0.00022751,0.0004812,0.10069,0.11159,0.018457,0.020528,0.015411,0.00013305,-6.0604e-05,-4.1256e-05,-0.0003369,0.0026094,0.021159,0.00071643,-6.5084e-06,-8.2513e-06,0.0026726,0.010548,0.042987,0.00045946,0.050337,0.036046,-0.0066555,-2.7002e-05,0.0099237,0.020389,0.016113,-0.0026463,0.019994,0.10806,0.23737,0.11646,-0.00027438,0.0022428,0.00066962,-0.00013938,-0.001749,0.018547,0.031923,0.0075002,1.0876e-05,3.4785e-05,0.0017778,0.054466,0.049235,0.034787,0.065135,-2.2357e-05,7.1868e-05,4.0068e-05,0.035375,0.03687,0.0061688,2.0247e-18
2.0423e-18,-0.00074878,0.031528,0.063601,0.019685,5.4396e-05,6.4247e-06,1.2785e-05,-0.0016023,-0.0010451,3.185e-05,0.00047027,0.00035405,5.2264e-05,-0.00079235,-0.00025838,0.029412,0.054161,0.011741,0.00049088,-0.00019331,-0.00016127,-3.5785e-05,0.032432,0.011098,0.0007816,-0.000487,0.0072019,0.0013658,0.006295,-0.02464,0.17965,0.57782,2.9876,0.49887,0.05908,0.00034031,0.0084317,0.0027414,0.041694,0.0047506,0.0017272,0.0022142,-0.0011214,0.011766,0.0013914,0.10508,0.067701,0.0552,0.02069,0.47715,1.5536,0.56177,0.11326,0.053421,0.0078125,0.053858,0.0072696,0.061917,2.7261,1.8902,0.12035,0.065402,0.0041102,-0.00081486,-0.00020064,4.3686e-05,-8.7347e-07,-0.00091161,0.00024863,-6.4775e-07,-0.0011966,2.3243e-08,0.0080819,0.054709,0.0045475,0.0055728,-0.0010603,-0.0011789,-0.0013177,-3.9221e-07,0.00025916,0.0042456,0.0083308,0.061166,0.0058736,0.007174,0.0086979,0.00069977,-3.6452e-05,0.0075458,0.00013924,-9.6286e-06,0.0090509,0.019293,0.044486,0.0014012,0.084916,0.00017061,-4.5808e-05,-8.9346e-06,-7.3026e-05,0.013478,0.061721,0.0080238,-1.4109e-06,-1.7939e-06,0.019922,-0.0035936,0.0036646,-0.00063439,0.0045092,0.022726,-0.0051228,-0.00034827,0.019462,0.054671,0.034036,-0.0014497,0.021426,0.071842,0.070057,0.05671,0.011379,0.02959,0.00016698,4.6217e-07,-0.00030078,0.00097306,0.02788,0.03867,1.4329e-05,5.2012e-06,0.0096114,0.014148,0.0045375,0.0032174,0.0057365,-3.7433e-05,3.7939e-05,8.6844e-06,0.033712,0.035921,0.031899,1.5865e-18
3.965e-18,0.00089317,0.039538,0.050867,0.0091322,0.00044151,-8.0363e-05,-0.00012693,0.019099,0.012734,-0.00019624,-0.00062537,-0.00056205,-0.000829,0.0015578,-0.00083068,0.011771,0.020093,0.010031,-0.0038379,0.0035251,0.0016413,0.00028876,0.0078596,-0.00082943,-0.0067017,0.0062191,-0.0079577,0.010974,-0.050195,0.22804,0.15076,2.7016,2.2052,0.14271,0.010983,-0.00038771,-0.010058,-0.0035819,0.01357,-8.0024e-06,-0.0020613,-0.0025503,0.029352,0.0050253,-0.0016382,0.087613,0.03102,0.021754,-0.0246,-0.065202,3.2449,0.6755,0.087708,0.031166,0.0018903,0.023191,0.0027512,-0.26954,6.9424,0.87964,0.16747,0.11912,0.0018819,0.0032253,0.0020457,-5.3371e-05,1.4016e-06,0.001779,-0.00029109,2.9606e-06,0.0014285,-1.8755e-07,0.045688,0.022366,-0.0054923,0.046618,0.0032629,0.0011715,0.0017149,3.1484e-06,-0.00030493,-0.0050168,0.04498,0.058466,0.0023985,0.048281,0.042289,-0.0014478,0.00029378,0.045909,-0.00091002,0.00095386,-0.010956,-0.0010713,0.019456,0.0058868,0.039072,0.0015264,0.0032276,1.0599e-05,8.7159e-05,0.0058925,0.03702,0.042904,1.6847e-06,2.1851e-06,0.033904,0.05586,-0.0044923,0.00035527,-0.0053456,0.032953,0.05703,0.0061511,0.010904,0.022432,0.019782,0.020589,0.031174,0.036547,0.034954,0.078444,0.0060669,0.014251,-0.00037986,-0.00025427,-0.0002888,-0.00049666,0.010148,0.016702,-0.00011612,1.3137e-05,0.024026,0.02359,-0.0053105,-0.0038209,-0.0067572,0.00031421,-0.00023024,-1.036e-05,0.010388,0.011462,0.014032,5.6062e-19
2.5703e-18,-0.0003201,0.022644,0.016996,-0.0047274,-0.001496,0.00022085,0.00034052,0.018975,0.0146,0.0010092,0.00039429,0.00057056,0.0023224,-0.002177,0.0033064,-0.0044119,0.0014049,-0.0095744,0.0099673,-0.0099667,-0.0044159,-0.00075356,0.013262,0.014318,0.019532,0.01725,0.0014091,-0.037126,0.13075,-0.28677,0.10383,2.4442,0.51142,-0.024046,-0.0030257,0.0001325,0.0036055,0.0021076,-0.003804,-0.00015588,0.0007417,0.00067378,0.032519,-0.0014888,0.00053022,0.019017,0.008306,-0.0067853,0.0088317,0.029187,3.3802,0.72567,0.066402,-0.028362,0.003594,-0.0063477,-0.00095648,2.4548,7.17,0.10986,0.061864,0.073968,-0.0011096,0.029031,0.0038073,2.2458e-05,-1.4527e-06,0.02799,8.9848e-05,-6.8412e-06,-0.00051496,4.8942e-07,0.040602,-0.007016,0.0023462,0.043147,0.029233,0.00031737,-0.00047162,-8.2096e-06,0.00010861,0.001801,0.041337,0.045783,0.0042935,0.035815,0.064071,0.0024508,-0.00024535,0.041025,0.0026622,-0.0027004,0.0046288,0.014761,0.025049,0.0094471,0.018791,0.030668,0.025721,-3.6436e-06,-3.1373e-05,-0.0018339,0.0021933,0.040112,-6.0861e-07,-9.0303e-07,0.022124,0.05968,0.0020539,0.00095034,0.0019681,0.029596,0.083372,0.016967,0.025053,-0.0070126,0.012863,0.0818,0.13574,0.075601,0.035912,0.062776,-0.0023184,-0.0045439,0.00061348,0.00076139,0.0023356,-0.00098999,-0.007399,-0.0047518,0.00030323,-5.5801e-05,0.02568,0.040744,0.0017678,0.0014191,0.0023792,-0.00082472,0.0005712,3.7162e-06,-0.0031454,-0.0035972,-0.0045525,-2.3435e-19
-4.1305e-19,3.088e-05,-0.0015876,-0.0012544,0.0016331,0.0010089,-0.00014454,-0.00022217,-0.00086737,0.013734,0.014681,-0.00014723,-0.00029191,-0.0015237,0.0012621,-0.0022407,0.00089405,-0.0050058,0.0049253,-0.0064607,0.0065544,0.0028822,0.00048984,0.043372,0.01733,0.042861,0.020506,0.00080105,0.024888,-0.084958,0.77833,0.57221,0.083571,0.062469,0.020415,0.0003088,-8.6453e-06,-0.00034836,-0.00073203,0.00015629,0.00015814,-7.3441e-05,8.9139e-05,-0.0019473,0.00086932,-1.4651e-05,0.0059413,0.02436,0.00065372,-0.00086193,-0.002848,1.3771,1.2347,0.59476,0.045317,0.02219,0.015399,0.030955,4.9941,0.43088,0.24107,0.052521,-0.0047822,0.00043785,0.064279,0.0030075,-4.3035e-06,7.4999e-07,0.051004,6.2109e-07,4.369e-06,5.1614e-05,-3.1814e-07,-0.0025117,0.00068354,0.0012591,0.014681,0.050466,0.0029523,0.015351,5.336e-06,-1.0048e-05,-0.0001757,-0.002571,0.053876,0.13506,0.022779,0.043489,0.007745,0.015514,-0.0025518,0.0091894,0.0056532,-0.00089612,0.0092172,0.053241,-0.00058324,0.053852,0.052695,0.040432,2.5209e-07,3.114e-06,0.0001612,0.00060368,-0.0032605,6.1808e-08,1.6405e-07,-0.0013106,-0.003771,-0.00048299,-0.00078321,-0.00022344,0.004258,0.042732,0.018459,0.045559,0.00066592,0.020484,0.11469,0.22996,0.13316,-0.0023211,-0.003155,0.00046477,0.00044328,-0.00036549,-0.00050355,0.013738,0.016255,0.0034555,0.00013281,-0.00019713,4.2529e-05,0.015036,0.022858,-8.3619e-05,-0.00016881,-0.0002022,0.00054087,-0.00036869,-3.6058e-07,0.00030687,0.00042057,0.0005185,4.7597e-19
-2.1148e-19,3.2637e-05,-0.003727,-0.0043855,0.02049,0.015702,-0.00097932,-0.0015045,0.007395,0.036541,0.033873,-0.00088796,-0.0018971,-0.010327,0.027815,-0.0023721,0.0040867,-0.03165,0.03835,-0.023145,0.056184,0.01952,0.0033155,0.0087879,-0.026223,0.0017808,0.0053236,0.023199,0.17914,-0.55218,5.4449,1.5171,-0.018667,0.0095062,0.0062221,0.00043977,1.8612e-05,-0.00037174,-0.0043196,-0.0012478,0.0011269,-9.028e-05,0.001128,0.0049111,0.011893,0.00022932,0.096216,0.0263,0.00068514,-0.00097755,-0.0032267,0.18989,2.3613,1.9427,0.35565,0.049543,0.052263,0.1152,1.0869,0.50806,0.19594,0.23002,-0.00056409,0.0067556,0.058118,0.0003923,-1.8881e-05,4.8828e-06,0.010847,6.2956e-05,2.9494e-05,6.7527e-05,-2.1533e-06,-0.0028416,0.0007673,0.0013218,0.049123,0.010658,0.003182,0.048722,3.6116e-05,-7.7369e-06,-0.00019877,-0.0029092,0.12813,0.58683,0.16202,0.018597,0.014837,0.051704,-0.0029625,0.0099027,0.040048,-0.0024068,0.0013248,0.011707,-0.00038331,0.012399,0.011091,0.0083877,-4.0029e-07,3.8772e-06,6.49e-05,0.009879,-0.0085285,8.6081e-08,6.894e-07,-0.0015907,-0.0041621,-0.0024209,-0.0054658,-0.00046133,-0.0014591,0.01208,0.0032914,0.0097511,0.00063279,0.0057187,0.040254,0.12296,0.090878,-0.0028081,0.0070433,0.00842,0.00050151,-0.0024406,-0.0034168,0.025745,0.063313,0.048779,-0.0020434,-0.0013343,0.0066063,0.01308,0.0010583,0.00049459,-0.00039241,-3.0466e-05,0.0099783,-0.0024928,-3.95e-07,0.00034731,0.00093777,0.0010799,1.4536e-19
1.249e-18,-9.4008e-06,0.013526,0.019972,0.012855,0.015447,0.0059794,0.0095118,0.024849,0.017439,-0.0068662,0.0037162,0.0080528,0.04416,0.062335,0.29826,0.17221,0.3897,-0.014018,0.60969,0.010175,-0.060163,-0.012382,0.0011913,0.13052,0.028322,-0.0081198,0.046489,-0.67555,3.3239,4.2242,0.91269,0.14549,0.0026834,0.0032861,-0.0006625,-0.00013648,0.00012396,0.022989,0.0090699,-0.0048596,8.5833e-05,-0.0052096,0.033284,0.0070518,-0.0012227,0.063314,0.010147,-0.00017011,0.00059622,0.0019537,-0.05594,1.2527,2.4971,0.51785,0.096076,0.090739,0.13787,-0.60022,0.7265,0.055248,0.1447,0.071834,0.011484,0.02359,0.00026876,7.3161e-05,-2.0733e-05,-0.0062304,0.0014803,-0.00012604,-8.0769e-05,9.2061e-06,0.001702,-0.00043312,0.00088215,0.031879,-0.0061634,0.0012329,0.02736,-0.0001544,-1.1393e-05,0.00011908,0.0017451,0.17436,1.3289,0.33521,0.0763,0.039269,0.030666,0.0021082,0.0039796,0.031163,0.028757,-0.00073364,-0.0067148,-0.00099101,-0.0071329,-0.0063634,-0.0048095,3.2656e-06,-3.8861e-06,0.00047962,0.017766,0.033379,-1.2287e-07,-2.6367e-06,0.0014298,0.0020335,0.0138,0.030027,0.0011969,0.005013,0.033688,-0.00092873,-0.0055956,0.00015322,-0.008458,0.016354,0.049487,0.056762,0.0024861,0.012604,0.02643,-0.0003005,0.013682,0.020169,0.013629,0.037304,0.038686,0.014421,0.007553,0.036449,0.011311,0.011243,-0.002897,0.0011242,-0.000857,0.017343,0.013615,1.7949e-07,-0.00020865,-0.0026008,-0.0028245,-2.0599e-19
1.4806e-18,-1.6189e-05,0.018426,0.02844,-0.0027503,0.016318,0.016475,0.029214,0.027772,0.0024212,0.037349,-0.0067359,-0.014626,-0.075732,-0.019168,2.0951,2.5872,2.2679,1.4548,3.8757,2.2215,0.47657,0.051869,0.016068,-0.24179,-0.052873,0.018595,-0.04718,1.3186,5.3738,0.45477,-0.057106,-0.014072,0.0066839,0.014031,0.00089309,0.00026268,0.00014938,0.03342,0.013682,0.0093203,-7.4619e-05,0.010057,0.03357,-0.00057943,0.0024419,-0.01292,-0.0014364,-0.00039634,-0.00016764,-0.00052352,0.015593,-0.24866,1.5495,0.6614,0.12407,0.076497,0.096476,0.21677,-0.14264,0.010002,-0.02411,0.084353,0.031409,-0.00012981,-0.00081933,-0.00013108,3.7658e-05,0.0015822,0.024959,0.00041613,9.948e-05,-1.6738e-05,-0.00042271,5.9269e-05,-0.00021425,0.016433,0.0016452,-0.00023098,-0.0047658,0.00045614,3.2088e-05,-2.9617e-05,-0.00043815,0.11713,1.1904,0.2774,0.092653,0.0381,0.01983,-0.0011329,-0.00069544,0.0030651,0.0383,0.00017421,0.0016652,0.0026138,0.0019512,0.0016091,0.0012186,-6.3346e-06,3.82e-06,-0.0010656,0.0085005,0.045809,1.607e-07,4.7145e-06,-0.0012259,0.00054287,0.03702,0.043755,-0.0019777,0.0016127,0.041512,-0.0014795,0.0014075,-0.0010096,0.012279,0.095611,0.058742,0.033185,-0.0019763,0.013216,0.023257,7.4847e-05,0.024504,0.047437,-0.0033064,-0.0073189,0.0069388,0.026282,0.014262,0.051184,0.019955,0.025972,0.005762,-0.0019023,0.0021616,0.015097,0.019778,5.9648e-08,5.2963e-05,0.0045994,0.0049253,1.421e-18
-1.054e-19,-1.1338e-05,0.00086823,0.0013297,-0.00032324,0.034423,0.029171,0.017627,0.014724,0.035361,0.046401,-0.0036881,-0.0080104,0.27019,0.25555,4.0598,5.4349,4.0005,3.4407,7.091,5.1881,1.3173,0.18567,0.021523,-0.13278,0.47395,0.51349,0.39559,5.5863,1.6265,0.172,0.082085,0.010105,0.03398,0.0042286,0.00046608,0.00014497,0.00010965,0.0015223,0.00061812,0.037536,0.00028452,0.038739,0.0014212,0.012366,0.012064,-0.0011684,0.00011484,-0.00026948,-2.3799e-05,-6.1951e-05,0.0014617,-0.022509,0.058125,0.75047,0.11726,0.022453,0.048253,0.11996,-0.0017246,0.051639,-0.0023881,0.015875,0.065002,0.0032763,0.0087284,-7.1658e-05,2.0625e-05,0.00014321,0.052767,0.013013,0.00044773,-9.1682e-06,-3.3217e-05,-2.1591e-05,0.010754,0.050253,0.00019147,-2.062e-05,0.0027173,0.012243,1.8421e-05,-2.35e-06,-3.7001e-05,0.0044896,0.049376,0.011284,0.0039761,0.0013283,0.045949,-0.00042014,-3.2762e-05,-0.00011002,0.0016825,9.3422e-06,0.00012946,0.011016,0.012233,0.00014201,0.00010882,-3.4994e-06,1.8515e-06,-0.00059808,-0.0010855,0.0020397,8.3371e-08,2.5765e-06,-0.00056951,0.014897,0.04902,0.0019667,-0.0010686,-0.0013522,0.0016923,-0.0010456,0.00012027,-0.00060731,0.060053,0.17753,0.074985,0.01256,0.006559,0.029208,0.00014663,5.9969e-06,0.01146,0.042999,-0.00061477,0.011425,0.012936,0.014529,0.013591,0.029088,0.037813,0.015633,0.023329,-0.0010315,0.025202,0.013294,0.00087594,6.1326e-08,4.7819e-06,0.018288,0.019649,5.4889e-18
-3.0328e-19,0.00017123,-0.0025976,-0.0037215,0.0018206,0.041641,0.043615,-0.03139,0.010062,0.042589,-0.25018,0.30729,0.3239,2.2628,1.6266,1.9255,1.9892,1.4227,1.2412,2.6133,1.9686,0.54301,0.16141,0.044419,3.1186,2.778,1.8458,2.1324,3.0082,0.2918,0.34669,0.17922,0.050709,0.017138,-0.00017267,-0.0067344,-0.0021148,-0.0016655,-0.0036627,-0.0013714,0.013879,0.0013688,0.010243,-0.0031309,0.041886,0.013442,0.0025988,-0.002973,0.0074595,0.00018068,0.00035375,-0.0040115,0.050361,-0.12883,0.22762,0.11784,0.0434,0.020119,0.0081102,0.034779,0.020633,0.0053244,0.040132,0.067511,0.014496,0.050147,0.0018937,-0.0003005,-0.00032033,0.01819,0.047442,0.00049606,0.0045834,-2.474e-07,0.00072994,0.045461,0.019994,0.0026835,4.1882e-05,0.0022715,0.043834,-0.00027045,3.6782e-07,4.3485e-05,-0.0096546,-0.10951,-0.024907,-0.007542,0.00089025,-0.0055684,0.0056321,-0.00037273,0.00041999,-0.0034814,7.4058e-05,2.4667e-05,0.0042447,0.047178,-0.00026395,-0.00022162,5.1058e-05,-2.6388e-05,0.013001,0.032801,-0.0045224,-1.2034e-06,-3.7526e-05,0.013009,0.045468,0.050003,-0.004363,0.02552,0.041315,-0.00049623,0.025821,-0.00016353,0.017884,0.080885,0.1375,0.074203,0.068045,0.05105,0.017137,0.019589,-1.9198e-06,0.0016421,0.011564,0.0093882,0.048598,0.026128,0.012727,0.023946,0.016443,0.032115,0.0031245,0.0086333,0.024259,0.070482,0.031629,-0.0017699,-9.6348e-07,-1.0518e-05,0.0067419,0.0075054,1.7647e-19
1.5356e-19,-0.00051189,0.0040247,0.0047871,-0.0040785,0.019642,-0.0081018,0.17034,0.024816,-0.016867,0.96367,1.8563,1.2571,1.8988,1.3411,0.0069529,-0.56575,-0.40283,-0.40303,-0.65839,-0.5247,-0.091398,0.071772,0.027554,2.8176,2.2583,1.3993,0.75595,-0.28709,0.26046,0.195,0.084997,0.039168,-0.0061189,0.00030652,0.023055,0.0082487,0.005914,0.0023627,0.00056158,-0.0051498,-0.003664,0.010845,0.0012174,0.060687,0.011828,-0.001064,0.023403,0.013244,-0.00046048,-0.00079824,0.0058056,-0.021521,0.052745,-0.082813,0.063649,0.037253,0.036157,0.0077655,-0.014042,-0.0077366,-0.0022157,0.070492,0.034794,0.070545,0.045821,0.0032272,0.0018245,0.00013663,-0.0068955,0.037134,0.00043928,0.03596,0.0011268,0.0006643,0.035768,-0.0034718,0.032628,-5.103e-06,-0.00078473,0.034764,0.0017362,1.455e-05,9.9624e-05,0.0036406,0.044869,0.0098492,-0.00077788,-0.011966,0.063129,-0.013509,0.0024321,-0.00069607,0.00066566,-0.00031726,-0.0009559,-0.001946,0.035266,-4.8984e-05,2.8946e-05,-0.00015184,7.8186e-05,0.0047732,0.018216,0.0018437,3.5726e-06,0.00011156,0.012122,0.04524,0.04973,0.0017859,0.026554,0.076318,0.0049488,0.025276,-0.00024758,0.040257,0.1132,0.21206,0.052427,0.084429,0.041092,0.0040981,0.025998,-3.3761e-05,-0.00040346,-0.0041205,0.0076848,0.035907,0.016642,0.0080589,0.016708,0.0079925,0.013285,-0.0010722,-0.0032035,0.022461,0.049383,0.03013,0.00019994,2.8969e-06,3.9511e-06,-0.0024858,-0.0034386,-5.2771e-19
2.1827e-18,0.0005206,0.018307,0.017886,0.0040152,-0.00016791,0.02537,-0.15931,-0.014809,0.028403,2.4471,2.8421,1.5773,-0.13683,-0.072045,0.089613,0.12613,0.083779,0.079512,0.10739,0.084252,0.045684,0.017345,7.1591e-05,-0.29077,-0.18126,-0.11462,1.6028,1.164,0.016339,0.02283,0.012835,0.035157,0.0044388,-0.00023165,0.047919,0.037424,0.01572,-0.0012192,-8.3385e-05,0.00076405,0.0047486,0.039154,-0.00011575,0.046631,0.012835,0.00015778,0.07927,0.0099519,0.0004819,0.00079213,0.038785,0.0041145,-0.007823,0.012282,-0.0057865,-0.0032964,0.04897,0.0057041,0.0020546,0.0011778,0.00036461,0.045199,0.00088046,0.098195,0.022337,0.0025797,0.019937,-2.5773e-05,0.001238,0.015659,0.00047606,0.06926,0.019976,-5.0529e-05,-0.0020662,0.02314,0.049446,-1.1366e-05,1.6147e-05,0.00060537,0.020051,-1.6955e-05,-0.00013297,0.013631,-0.0066876,-0.0010999,0.004031,0.0135,0.020915,0.084428,0.019285,0.00065075,0.00068129,0.00036045,0.0011105,0.00068034,-0.0026363,0.00018993,5.7902e-05,0.00015431,-7.9419e-05,0.0044175,0.0069933,-0.00026555,-3.6299e-06,-8.8791e-05,-0.0015253,0.010768,0.048986,-0.00026439,0.0033746,0.0597,-0.00060224,-0.0038799,0.00035331,0.037187,0.12069,0.27452,0.036725,0.036814,-0.0035757,0.020048,0.015176,6.4369e-05,-6.1117e-05,0.00058379,-0.00070915,-0.0039629,-0.0014667,-0.00079145,-0.0016606,-0.0010321,-0.0017448,0.0001594,0.00047517,-0.0027034,-0.0040666,0.013961,0.00052306,-2.9485e-06,-2.2843e-07,0.0003536,0.0011836,1.9238e-19
4.3306e-18,0.0017228,0.034818,0.032246,0.03367,0.013952,0.088777,-0.50171,0.39813,0.35691,1.6354,1.2084,0.31196,-0.053146,0.018255,0.1186,0.11353,0.085732,0.061226,0.060623,0.047325,0.014639,0.0010163,0.025144,-0.1573,-0.083777,-0.028116,9.7919,5.0829,0.11627,0.054786,0.047068,0.082251,0.034468,-0.00072901,0.016503,0.065161,0.015436,-0.0034793,-4.7132e-05,0.00042993,0.034919,0.020511,0.00014349,0.016192,0.013509,8.8544e-05,0.10809,0.0013333,0.01068,0.0085428,0.094057,0.01067,-0.0043939,0.006898,0.0066094,0.004145,0.0076132,0.0004123,0.0010637,0.00075928,0.00032054,0.0054689,0.0051207,0.025473,0.0566,0.0022396,0.048336,-3.2198e-05,0.010468,0.047795,0.00049994,0.058368,0.060035,2.8586e-05,-0.00046248,0.053234,0.017749,-4.538e-05,-0.00031337,0.0020965,0.056721,-5.712e-05,-0.00045488,0.044233,-0.0038616,0.0043184,0.023941,0.062996,0.4337,0.32657,0.051467,0.0095038,0.0085551,0.010293,0.0099429,0.010725,0.0081182,0.0097769,0.00023258,0.0005106,-0.00026277,0.025597,0.031857,-0.00012373,-1.2011e-05,0.0088012,0.0073983,-0.0048463,0.038589,-0.00014693,-0.00040561,0.0085141,-0.00038445,-0.0060431,0.0012168,0.016543,0.055808,0.073212,0.045472,0.0042412,0.0040173,0.050263,0.026471,0.009312,-0.0004234,0.00023992,-0.00016544,-0.0033324,-0.00031369,-0.00044417,-0.00091758,-0.0014826,-0.0027717,9.0726e-05,0.00026702,-0.0026805,0.0088188,0.019011,0.011158,-9.7582e-06,1.0219e-06,0.0001501,0.011918,-6.4026e-19
1.3376e-18,-0.008936,0.016342,0.016943,0.016753,0.0064905,-0.46487,3.9638,2.6752,0.6998,0.58432,0.21332,-0.070976,0.11533,0.10503,0.04305,-0.0053952,0.0059211,-0.01592,-0.046808,-0.035281,-0.0064017,-0.0014161,0.016361,0.12459,0.15203,0.089893,8.3165,3.8359,0.15972,0.042436,0.025622,0.041691,0.01874,0.0065628,0.046727,0.050469,0.024635,0.023607,3.671e-05,-0.00032453,0.019154,-0.0012504,-0.0012224,0.037863,0.0053861,-6.5559e-05,0.045407,-0.00095202,0.03933,0.012977,0.075509,0.0026856,0.0032732,-0.0051357,0.044352,0.010408,-0.0020299,0.0024987,0.002507,0.0017277,0.0019582,-0.0023049,0.040029,0.030639,0.070086,0.011134,0.026315,0.0001188,0.041954,0.026146,0.00019814,0.023613,0.071114,-0.00032607,0.0020547,0.026724,0.03683,0.00024244,0.0047752,0.00356,0.065723,0.0002972,0.0051897,0.023643,0.0034407,0.010266,-0.031755,0.084333,4.0743,0.21085,0.067881,0.037394,0.0097447,0.041446,0.0064199,0.036802,0.01384,0.043044,-0.0012436,-0.0026484,0.0041802,-0.05967,-0.15943,-4.3853e-05,6.2297e-05,0.050911,0.058039,0.045965,0.013307,0.00010111,0.00032389,-0.0079834,0.001031,0.03341,-0.0063548,0.075261,0.04657,0.018913,0.028793,-0.0062084,0.0071349,0.028047,0.018716,0.046957,0.0052149,0.00029193,-0.0011226,0.011221,-0.0024953,0.00032901,0.00060281,0.0079673,0.01554,-7.3987e-05,-0.00019962,0.010569,0.024211,0.020287,0.03307,5.0617e-05,-6.9153e-06,0.0001477,0.029941,7.1883e-19
-1.6685e-18,0.018991,-0.0041396,-0.0076493,-0.00060924,0.0029329,1.0695,7.0602,2.8274,0.53154,0.1047,0.099213,0.11768,-0.0083077,-0.0050418,0.017019,0.0352,0.023557,0.0083764,0.018194,0.010858,0.031433,0.0021326,-0.0044813,-0.036363,0.017191,-0.01453,3.5154,1.3679,0.10835,0.023361,-0.0011711,-0.010114,-0.0045946,0.023824,0.056135,0.065095,0.035191,0.029792,-1.4636e-05,0.00010841,-0.0046824,0.013989,0.0030372,0.042619,-0.0012663,1.9219e-05,-0.01076,0.00027966,0.061409,0.0059732,0.024071,0.0013223,-0.0010022,0.0015663,0.042043,0.0055224,0.032402,0.0090635,0.031368,0.034706,0.034081,0.0082858,0.043904,0.046236,0.089877,0.061387,-0.00036883,-0.00023777,0.041419,-0.0064179,-4.4804e-05,0.024836,0.064029,0.0010914,-0.00057799,-0.0046986,0.042766,-0.00021371,0.02784,-0.0018623,0.034663,-0.0006319,0.027128,-0.0068392,-0.001887,0.00061233,0.21063,3.2476,6.8223,0.40816,0.027787,0.16533,0.012315,0.057817,-0.0031139,0.027729,0.011625,0.040008,0.0026543,0.0059115,0.029284,0.14132,0.42531,0.00030235,-0.00013239,0.059711,0.084321,0.057994,-0.0032373,-1.3219e-05,-0.00010435,0.0067459,0.0051657,0.039262,0.014814,0.20238,0.039788,0.044755,0.015583,0.009287,-0.0049229,-0.012423,0.0029866,0.050617,0.02686,-0.0010891,0.0037191,0.016151,0.0070762,-9.6763e-05,-1.3083e-05,0.010343,0.01899,3.6249e-05,6.261e-05,0.010266,0.01361,0.0089156,0.027048,-0.00010757,1.5189e-05,-0.00059645,0.02693,-1.4852e-18
2.5488e-18,1.4865e-16,3.9802e-17,-1.1826e-16,0.016756,7.0783e-16,3.6919,4.5026,0.089221,1.3623e-17,4.328e-18,1.4494e-18,2.0311e-17,1.0021e-17,0.023236,0.043247,0.057654,0.02556,0.016758,0.016758,1.2387e-17,0.043222,0.0065065,3.5673e-17,-1.2225e-16,4.4853e-16,7.8847e-17,3.452,1.6402,0.073463,0.050197,0.019056,7.729e-18,-4.6894e-18,0.032536,0.00046481,0.1004,0.032537,-1.0299e-18,-1.7455e-18,6.9427e-18,1.5101e-18,0.053019,0.013502,4.6241e-19,3.5433e-19,-2.1457e-18,9.6722e-18,8.9803e-19,0.050206,0.0065189,0.016763,0.0093128,2.2947e-18,1.1178e-18,0.016764,0.016764,0.057194,0.023273,0.056264,0.1005,0.065579,0.0046492,0.016765,0.016765,0.11719,0.10322,0.0046494,5.7537e-18,-7.5042e-18,4.2864e-18,7.6924e-18,0.050216,0.049752,0.015835,1.1592e-18,-6.1569e-19,0.0023288,0.013973,0.046965,0.013041,1.581e-18,-1.3206e-18,0.050221,0.0055894,0.016768,6.2328e-16,0.52332,7.3043,11.368,1.8365,0.10388,0.016769,0.043305,0.039995,1.2692e-17,0.01118,0.011646,0.0046584,2.3415e-17,0.013022,0.05023,1.0614e-15,3.3869e-15,-9.4449e-19,-1.1203e-17,0.015814,0.050232,8.9662e-18,-3.6069e-18,1.2172e-18,7.3888e-19,0.016772,0.016772,3.7901e-17,0.059595,0.27171,0.016773,0.016773,0.021863,0.02791,3.7127e-18,-8.5767e-18,5.7466e-18,0.007443,0.042332,6.0435e-18,0.033549,0.0093041,0.023726,1.5657e-19,1.3405e-18,4.8273e-18,1.2251e-18,7.6573e-20,5.2457e-20,-4.6787e-19,-5.7236e-19,-6.6775e-19,5.4235e-18,-5.2584e-20,-1.9475e-19,4.3501e-18,5.7641e-18,1.4285e-18
3.8396e-18,-0.11317,0.0078281,0.032551,0.018934,-0.012203,1.9075,1.4484,-0.21564,-0.043106,0.029376,0.016676,-0.015677,-0.0023241,0.0080739,0.033187,0.022073,0.0054845,0.023944,0.0061949,0.0013404,0.0046343,0.0021393,0.0099816,0.0049851,0.00068063,0.011547,2.6184,1.3581,0.040687,0.013361,0.0071506,0.0014391,0.00072956,0.0087448,-0.0048572,0.036725,0.019611,-0.0026433,2.9639e-05,-0.00010945,0.00061373,0.058685,0.016005,-0.0037575,0.00020257,-2.6188e-06,0.0017034,-4.21e-05,0.011427,0.044367,0.053886,0.01095,0.00044078,-0.00064644,0.053403,0.05756,0.022635,0.049185,0.015947,0.14281,0.022966,-0.0033362,0.036592,0.041605,0.072524,0.029451,0.0020459,0.0072772,-0.0035028,0.0010335,-5.0503e-06,0.014889,0.011341,0.046783,0.00015591,0.0018479,0.0035808,0.050184,0.015896,0.054848,0.0044257,0.0039739,0.027558,0.023211,0.067245,0.02433,0.14718,4.4527,24.878,5.7057,0.49038,0.14777,0.10331,0.017611,0.025669,0.085313,0.0025489,0.029207,-0.016702,-0.0080576,0.01403,-0.90046,-1.9466,-0.0021072,0.00083254,-1.2961e-05,0.0094739,-0.0046076,0.0018385,-0.00011539,8.1286e-05,0.0059956,0.031235,0.0087839,0.06159,0.16491,0.078151,0.040287,0.0062903,0.0084454,0.039268,0.073724,0.00077105,-0.0016599,0.011693,0.01319,0.082106,0.0024679,0.0073103,1.5387e-05,-0.001166,-0.0036354,-0.0016869,-0.00010884,-3.7727e-05,0.010206,0.015199,0.010771,0.013985,0.00067645,-9.5998e-05,0.010529,-0.0065992,1.8507e-18
-2.1415e-17,0.55882,0.031485,-0.044377,0.005881,0.28365,0.57908,0.13756,0.1016,0.019234,0.027273,0.021395,0.016137,0.019982,0.0038559,0.0098065,0.0047452,0.0016954,0.021177,0.016584,0.060656,0.024045,-0.0014363,0.033821,0.00044038,-0.00025166,0.035161,1.7845,0.46125,0.051183,0.0017293,-0.0037375,-0.00016827,-0.00034,-0.0037827,0.0023472,0.025149,0.016243,0.0011952,-9.6035e-05,0.00032866,0.00010462,0.026488,0.0062203,0.0017638,-9.8904e-05,-8.2895e-08,-0.00077869,1.2679e-05,-0.0048479,0.061804,0.042382,0.0049697,-0.0010532,0.0030432,0.10678,0.052999,-0.0037433,0.030564,-0.0068234,0.076598,0.025837,0.11894,0.054888,0.04191,0.024973,-0.014056,-0.0010867,0.034754,0.0014536,-0.0005251,3.8971e-05,-0.006549,-0.0044581,0.030197,-0.0002657,-0.0038455,-0.012894,0.010271,-0.014995,0.003933,-0.018605,-0.010825,-0.050578,-0.050727,0.011372,-0.081597,0.41782,1.4681,20.306,15.163,0.41752,6.3006,0.077733,0.0023855,0.057389,0.070194,0.0017718,0.030938,0.05788,0.04078,-0.0056728,3.6665,13.887,0.0084709,-0.0026162,0.00047607,-0.0041511,0.00046537,-0.0047904,0.00040746,-0.00023269,-0.0011964,0.018294,0.023481,0.056171,0.077825,0.086791,0.029641,-0.0028246,-0.0036852,0.030688,0.067422,-0.0027637,0.00016118,-0.0049125,0.011318,0.048415,-0.0033579,-0.0031972,-7.2393e-06,0.0048923,0.011626,0.00079325,0.00036103,0.00010122,0.0071911,0.014717,0.0094038,0.011883,-0.0023001,0.00032645,0.029127,0.018915,2.92e-18
-4.4457e-18,1.4662,0.0045124,0.10582,0.031938,0.63512,0.94314,0.10397,-0.018461,-0.0022183,-0.003978,-0.0013068,0.020773,0.046708,0.019224,-0.0011146,0.0226,0.024385,0.018969,0.022779,0.085583,0.070256,0.00096452,0.041454,0.0037101,-4.3628e-05,0.040666,1.3644,0.3931,0.09825,0.022386,0.0015627,-0.00065105,6.1132e-05,0.00073019,-0.00052905,0.047501,0.014519,-0.00016525,0.00012877,-0.00043561,-0.00054855,-0.0034394,0.00057502,-0.00033421,2.3886e-05,1.7823e-06,0.00011944,7.133e-06,0.00091399,0.056471,0.0056118,-0.00064549,0.0014188,0.025886,0.093595,0.033197,0.014699,-0.0040934,0.0011748,-0.010476,0.047094,0.6828,0.18522,0.02004,-0.0034135,0.0044725,0.00045008,0.044214,-1.2807e-05,0.00015333,-5.6664e-05,0.0013388,0.00036328,-0.0034812,0.00030955,0.0049726,0.023332,0.024507,0.015065,0.036439,0.11269,0.068528,0.086474,0.087824,0.15007,0.1573,-0.25262,0.64453,6.0643,17.38,0.29605,9.2957,0.12569,0.018409,0.053389,0.015914,0.026034,0.019962,-0.057209,-0.027234,0.00053622,6.6285,23.21,0.013319,0.0077915,-0.00050579,0.0010782,0.0022699,0.0074439,-0.00055288,0.00030602,0.00023574,-0.002219,0.016789,0.073076,0.065448,0.036737,-0.0031142,0.00066322,0.00070599,-0.0043857,0.0094114,0.0038653,0.00098349,0.00073659,-0.0025002,-0.0029532,0.0038234,0.00061639,1.3943e-06,0.009343,0.020052,-0.00015224,-0.00048572,-0.00013162,0.0010911,-0.00336,-0.0013649,0.00043707,0.0031788,-0.00044072,0.028855,0.032036,2.4145e-18
1.2862e-16,3.0315,0.82223,0.52384,0.36737,0.63278,0.7407,0.097788,0.0089523,0.014487,-0.0012013,0.015413,0.017823,0.025757,0.010648,-0.0003396,0.039395,0.047766,0.025763,0.0025455,0.0098338,0.050182,0.0048253,0.019004,-0.0012843,-0.00017224,0.0024853,1.1811,1.464,0.13024,0.0205,0.014515,-0.0013766,1.085e-05,0.00022225,-0.00029197,0.0059007,0.001516,6.2578e-05,0.00022923,-0.0007742,-0.0010778,-0.0010397,0.015045,-9.0955e-05,1.5536e-05,3.5876e-06,-1.6871e-05,1.8687e-05,0.0002406,0.052134,0.0092552,-0.00019431,0.015118,0.056996,0.0095273,0.049345,0.081991,-0.0010103,0.00011228,-0.0034244,0.0055796,1.6359,0.70152,0.12014,0.0054118,0.016987,0.0021459,0.018806,0.0014146,0.00013627,-0.00010196,0.00053611,-0.00074673,0.00016283,0.00053945,0.045811,0.40816,0.41568,0.25228,0.599,0.78793,0.45186,0.79551,1.2372,1.3133,1.2743,0.27506,0.22119,2.0003,4.5078,0.50078,1.3747,0.31322,0.067551,0.018542,0.060212,0.06373,0.050661,-0.11323,-0.043932,-0.00080017,0.77289,2.6805,0.0025352,0.032774,-0.00086748,0.00080554,0.016245,0.046361,-0.00098583,0.00054327,3.4819e-06,-0.00018791,0.0027638,0.063448,0.050299,0.018745,0.013504,0.00040526,0.00020563,-0.0013254,0.0042506,0.023969,0.014648,-0.00014074,-0.0022128,0.022844,0.022094,0.00018628,4.1895e-07,0.0014235,0.0022255,-4.4811e-05,-0.00086506,-0.00023329,0.016483,-0.0030458,-0.00041663,0.012534,0.017317,-0.0007853,0.0023637,0.0036412,-7.2173e-19
3.7588e-16,8.1634,4.6581,0.65804,1.4437,0.52344,0.29519,0.03888,0.043121,0.031575,0.0011756,0.024024,0.027112,0.0048704,0.0018014,0.00035333,0.044095,0.03846,0.011165,-0.0023204,-0.010722,0.0098154,0.0022174,0.036737,0.017418,0.0012726,0.015848,2.5973,1.4729,0.12883,0.018727,0.043451,0.013675,4.2212e-05,-0.0002296,0.0012033,-0.0071733,-0.0014459,-0.00084196,-0.0015455,0.0094297,0.010598,0.0010247,0.034233,1.9789e-05,-7.2972e-05,-2.4677e-05,0.00038396,-0.00013305,1.0364e-05,0.018035,0.0052785,0.00018589,0.03647,0.030666,-0.0089746,0.020682,0.196,-0.00057907,0.0057855,0.0064056,-0.0054955,2.0044,1.6323,0.63416,0.25574,0.042074,0.0038039,0.048799,6.1495e-05,-0.0007578,0.00068875,-0.0014396,0.010888,-0.0083791,0.00058935,0.13756,1.3929,1.2589,0.84464,1.8186,2.0356,1.1358,1.9082,3.7813,3.8799,2.7926,13.018,7.3324,-6.9444,0.50107,-0.13086,-0.49478,0.20878,0.11213,0.047187,0.076165,0.065313,0.06106,1.412,1.4818,0.007461,-0.74975,-2.5996,0.024415,0.015159,0.009335,-0.0035343,0.0079219,0.045708,0.010588,-0.0034905,0.00046655,-0.0031629,-0.0013649,-0.040671,0.030965,0.021538,0.041258,-0.0018193,-0.0001487,0.0013042,0.0026961,0.015002,0.040175,0.0039376,0.017393,0.01398,0.010419,-0.00018329,-3.9539e-07,-0.0034413,-0.0015544,3.5784e-05,0.010048,0.0057868,0.022991,0.025265,0.00043864,0.0022673,0.0030423,0.0095108,0.0061921,-0.0031786,9.0455e-20
7.575e-16,6.8963,8.4001,4.7751,2.2827,0.39928,0.031052,0.0010583,0.022437,0.020108,-0.00037948,0.013213,0.020856,-0.0011928,-0.00039603,-0.00016608,0.036354,0.017175,-0.0050104,0.00041948,0.0072142,0.0044602,-0.00064357,0.034886,0.014345,-0.0031484,0.021454,3.1348,2.3496,0.23893,0.020181,0.036812,0.015041,-0.00014462,0.00010412,-0.0025858,0.0065547,0.00043571,0.002885,0.0043094,0.027505,0.011749,-0.00034879,0.025552,0.00016525,0.00016679,6.0447e-05,-0.0010351,0.0003275,-0.00061287,-0.0050511,0.023567,0.00030397,0.031937,-0.00024172,0.0024377,-0.0057858,0.15412,0.0054293,0.036514,0.0055881,0.002049,1.1592,1.3069,2.1358,1.3028,0.20081,0.019535,0.10802,0.005185,0.0030833,-0.0016827,0.0027333,0.023869,0.033756,0.054852,0.51133,1.674,1.0695,0.72045,1.5118,1.631,0.90739,1.4857,3.1772,3.2201,3.6129,23.118,55.244,23.517,9.2276,1.9142,1.0602,0.40176,0.34271,0.035416,0.059612,0.028605,0.029489,3.1571,6.4964,-0.018759,0.2523,0.87455,0.027106,-0.0043998,0.019113,0.01679,-0.0023196,0.018416,0.020968,0.011549,-0.0013159,0.01031,0.0013969,0.25557,0.061024,0.015696,0.039987,0.0047928,-8.2281e-05,-0.00043849,-0.00050593,0.00077288,0.032067,0.0047707,0.018402,-0.004148,-0.0030149,6.1613e-05,9.1401e-08,0.0069044,-0.00096288,8.46e-06,0.025906,0.037643,0.043158,0.036164,-0.00021826,0.0095791,0.010751,0.027334,0.029199,0.00020207,3.1491e-18
9.4223e-16,-0.25137,9.7561,10.482,1.9694,0.23895,3.719e-05,5.489e-05,0.00053203,-0.00043786,1.9006e-05,-0.00049893,-0.00084032,8.0333e-05,1.3866e-05,3.2269e-05,0.020499,0.0056979,0.0011322,0.00013116,0.020736,0.019485,4.4108e-05,-0.0014585,0.001027,0.0014223,-0.00023982,4.3124,4.4532,0.32878,0.019699,-0.0016154,-0.00059826,6.755e-05,-1.903e-05,0.0037703,0.017376,-7.5405e-06,0.021482,0.016048,0.032094,-0.00049865,2.5764e-05,-0.0010211,-8.7295e-05,-7.4297e-05,-2.6385e-05,0.00047248,-0.0001465,0.00031239,0.00034672,0.047468,0.011728,0.0080427,0.00019314,9.1336e-05,0.00032839,-0.0062235,0.042983,0.05969,0.0054765,-0.00022929,-0.043724,-0.0043953,2.9055,2.2447,0.62729,0.27521,0.11575,0.0013202,0.042041,0.00075891,-0.0011813,0.050681,0.25963,0.21306,0.80092,0.876,0.0049836,-0.029524,-0.061671,-0.065981,-0.015112,-0.05954,-0.086963,-0.13133,2.7691,23.904,95.289,86.126,127.98,10.923,3.1175,1.8568,1.3655,0.6074,0.057197,-0.00012726,-5.9396e-05,3.5309,9.2973,0.015497,-0.017374,-0.060113,-0.0011674,0.00030018,0.015164,0.052705,0.00016161,-0.00060769,0.017126,0.029467,0.00060644,0.028585,0.0017178,0.6196,0.092333,-0.00078408,0.018813,0.02067,6.4097e-05,3.0027e-05,-9.7242e-05,-3.3377e-05,-0.0011941,-0.00020357,-0.00072575,0.00027609,0.00019892,-4.2136e-06,1.2099e-08,0.019832,0.00072443,-9.6359e-06,0.02839,0.067809,0.067934,0.016105,4.6227e-05,0.031445,0.035681,0.031563,0.033832,0.00037124,4.2152e-18
1.1408e-15,-0.53464,9.3804,9.3418,0.75308,0.051257,-0.0015611,-0.0011237,0.031884,0.0069434,-4.1991e-05,-0.0010113,-0.0015324,0.00012994,-0.00011974,0.00028629,0.0038101,0.00095907,0.020606,0.0041045,0.039618,0.0038779,7.9839e-05,-0.0026625,0.03895,0.034787,0.015942,9.2128,4.9479,0.12093,0.018727,-0.0040777,-0.00065603,0.00075111,-0.00016422,0.040035,0.01909,0.00022988,0.047741,0.017754,0.0069607,-0.00089032,6.6916e-05,-0.0018642,-0.00098685,-0.00082036,0.0033063,0.010535,0.002402,0.0083909,0.00063347,0.011449,0.036637,0.0079479,0.00034386,0.012093,-0.00014908,-0.011352,0.095375,0.024875,0.0011661,-0.0013845,-0.080293,-0.08324,0.65243,1.4025,1.1126,1.0619,0.23371,0.021093,0.16836,0.018778,-0.012982,0.19065,0.626,0.3883,0.35187,0.17083,-0.056191,-0.053899,-0.11257,-0.11729,-0.011981,-0.09598,-0.22492,-0.23977,0.54216,23.697,39.776,103.77,392.36,29.653,8.6996,4.1158,2.9988,2.1287,0.081792,0.026896,0.021223,2.43,2.2831,0.25871,-0.032343,-0.11072,-0.0022448,0.00052853,0.003081,0.055001,0.00032125,-0.0010861,0.0032852,0.0071947,0.024957,0.0071167,-0.0012976,0.15299,0.021024,-0.0030707,0.019197,0.037833,0.00075381,5.4072e-05,-0.0016152,-0.00095892,-0.0010947,-0.00034933,-0.00077325,0.00041031,0.00027597,-7.5281e-06,2.2224e-07,0.011563,0.017185,-0.00011625,0.0070548,0.042043,0.048841,0.002001,0.00042482,0.0083007,0.0094769,0.0067833,0.0072781,0.01399,5.4012e-19
8.0915e-16,0.49016,6.4805,5.1123,0.14276,-0.014115,0.0098906,0.0080059,0.024,0.0065729,0.00033434,0.00096365,0.00083611,-3.6088e-06,0.00065458,-0.0010803,-0.0034494,-0.0015535,0.011613,0.0029996,0.043067,0.023209,-4.1132e-05,0.0014634,0.028529,0.041097,0.014713,6.7353,3.2206,0.072245,0.026144,0.0090723,-0.0014093,-0.0026796,0.00061579,0.057972,0.0083668,-0.0011153,0.025186,0.0073851,-0.003687,0.00040846,-0.0001175,0.0010254,0.0063226,0.0047117,0.024106,0.0072403,0.032991,0.013015,-0.0003504,-0.0059562,0.022103,0.0058584,-0.00015363,0.041787,0.0039982,0.0062041,0.051035,-0.0007036,-0.00060249,0.0071035,0.046612,0.046115,-0.33898,0.34862,0.59559,2.0269,1.3264,0.34434,0.40733,0.029759,0.10921,0.61659,0.52614,0.20858,0.022426,-0.03751,0.073401,0.029641,0.061858,0.070942,0.10622,0.095957,0.12302,0.13188,-0.25679,11.099,3.6424,63.455,318.76,57.187,8.3039,2.97,1.8585,1.5454,0.092744,0.06799,0.010573,0.8686,-0.95435,0.52052,0.026044,0.072149,0.0016954,-0.00021162,0.01904,0.022714,-0.00028309,0.00050291,-0.0016837,-0.0034697,0.080287,-0.0036815,0.0088791,-0.082166,-0.009835,0.013188,0.024698,0.064363,-0.002999,-2.6715e-05,0.0091466,0.0065951,-0.003803,0.00010161,-0.0018138,0.00015472,0.00020208,3.4731e-06,-9.3458e-07,0.002129,0.01192,0.00046433,-0.0072832,0.01015,0.015274,-0.00094889,-0.0016153,-0.0053267,-0.0062382,-0.0034391,-0.0038355,0.032129,1.1359e-19
2.4544e-16,0.27478,2.1768,1.9478,0.12285,0.0039248,0.022627,0.025941,-0.0042969,-0.0011928,-0.00059574,-0.00090289,-0.00018433,-0.00011199,-0.001132,0.0019831,0.0035027,0.0023364,0.00070735,-0.00061601,0.043306,0.039422,4.9968e-06,-0.00034058,-0.0052613,0.0171,-0.0029288,1.8146,0.46991,0.12945,0.048811,0.023897,0.0034461,0.0092825,-0.0010178,0.037614,-0.0014532,0.002101,-0.0021475,-0.001025,0.0010055,3.953e-05,0.00016165,-0.00023991,0.029169,0.016497,0.032894,-0.0013283,0.041949,0.0086441,8.5261e-05,0.0013773,-0.0039925,-0.001555,-2.309e-05,0.062485,0.0069963,-0.001385,-0.0053234,0.0022742,0.00014099,0.02801,-0.0059478,-0.010786,0.080496,-0.05038,-0.10533,1.7288,3.2622,0.97256,0.61578,0.10863,0.77852,0.76623,0.20766,-0.036895,0.00070959,0.010186,0.029938,-0.0069251,-0.01437,-0.0112,0.058087,0.02398,-0.026955,-0.030847,0.061575,-1.2967,5.0896,18.642,79.28,57.582,5.1653,0.97676,0.3781,0.24532,0.13928,0.14045,0.0071853,-0.027531,0.62836,1.687,0.076078,0.087015,-0.0011627,-8.2006e-05,0.028553,-0.0038263,0.00024314,3.9484e-05,0.00039382,0.00034183,0.080805,0.00080414,0.022484,0.024357,0.00051117,0.058365,0.01788,0.056375,0.0052181,1.2181e-06,0.024206,0.028656,0.008612,0.00016009,0.0043407,-0.00066872,-0.00063567,2.9756e-07,1.5694e-06,-0.0002664,-0.0021845,-0.00077438,0.0080888,-0.0014331,-0.0023951,0.00017045,0.0028713,0.0030693,0.0037711,0.00069148,0.0010178,0.028219,2.2431e-18
1.2932e-16,0.06021,1.2729,1.5806,0.063533,0.00081099,0.016732,0.031781,-0.00051451,-0.00013332,-0.00053109,-0.00071341,-1.7608e-05,-0.00011315,-0.0010053,0.018776,0.019827,0.019036,0.019446,-0.00014401,0.045504,0.0079532,-3.2206e-06,-4.8848e-05,-0.00077717,7.1599e-05,-0.0013916,1.6284,-0.068892,0.099543,0.067029,0.039387,0.018195,0.028812,-0.00089842,0.002322,-0.00023658,0.018891,0.014382,3.4461e-05,0.00027109,0.00012148,0.00013875,-3.55e-05,0.047322,0.032256,0.013591,-0.00019887,0.0027739,0.000468,1.5422e-05,0.00018985,-0.00060204,-0.00062715,-5.3943e-05,0.049414,0.00048907,-0.00014799,0.036348,0.011579,2.089e-05,0.042194,-0.0012213,-0.0015932,0.026931,-0.0074863,-0.015588,0.10616,4.092,1.29,0.57235,0.37566,1.8356,0.36809,0.1353,-0.0054493,0.00011314,0.0015048,0.0013148,-0.0010163,-0.0020381,0.0020978,0.052712,0.019075,0.014589,-0.0045576,0.021614,-0.23521,2.0951,9.651,25.938,22.71,6.5705,1.4042,1.1189,0.41071,0.44859,0.35505,0.076734,0.018167,0.95465,3.0153,0.19484,0.30445,-0.00082769,-0.0001247,0.0022021,-0.00056553,0.00018739,0.00014034,5.8184e-05,-0.00035166,0.0046469,7.0033e-05,0.020839,0.028377,-0.00097148,0.094803,0.0012493,0.0042374,0.02366,-4.1269e-06,0.024645,0.046874,0.042397,0.0030733,0.020767,-0.00064033,-0.00059767,9.9419e-07,1.3883e-06,-4.3121e-05,-0.00032296,-0.00068439,0.040703,-0.00020002,-0.00035387,-1.891e-05,0.01958,0.019036,0.019558,5.4729e-06,0.00025372,0.0016985,-1.7473e-18
1.1295e-15,-0.016598,8.4185,3.2627,0.13651,-0.0036654,0.0022906,0.0083481,-0.0004673,-0.00024377,0.011512,0.013225,-7.3597e-05,0.0011846,0.015465,0.045523,0.029848,0.041838,0.029852,0.00077601,0.014558,-0.0018909,4.6368e-05,5.9769e-05,0.001194,0.012738,0.017505,-0.49061,5.0179,0.18809,0.037388,0.047978,0.017501,0.0035091,0.014166,-0.0054191,0.00059288,0.044382,0.020052,-0.00024221,-0.0016988,-0.0013966,-0.0014151,5.5185e-05,0.016551,0.048456,0.011196,0.00033334,-0.0041457,-0.0004764,-5.3281e-05,-0.00014947,0.0045058,0.0076017,0.0006116,0.013377,-0.00078409,-0.00036479,0.091351,0.014443,-3.2757e-05,0.014512,0.0018819,0.0024473,0.024067,0.011965,0.024254,-0.16228,1.3412,0.42935,0.2042,0.77264,2.1296,0.25874,0.112,0.0083639,-0.00026093,-0.0023129,-0.0030674,0.0014923,0.0022464,0.004925,0.017402,0.044333,0.051212,0.0070128,0.023032,0.36238,0.16921,3.4893,10.26,13.869,9.2007,1.1706,0.65702,0.32813,1.1589,0.8178,0.17631,0.094158,0.3714,1.0868,0.20076,0.52469,0.0081347,0.0013696,-0.005849,0.00087229,-0.0018728,-0.001623,-8.9509e-05,0.010814,0.0037605,0.00040249,0.0059971,0.015832,0.032438,0.031962,-0.0038082,-0.0045969,0.0095269,5.1403e-05,0.0072618,0.027596,0.028395,0.012825,0.0091366,0.012717,0.012256,-1.147e-05,-1.4233e-05,0.0001057,0.00049915,0.010809,0.044039,0.00018526,0.00054439,0.00049034,0.033441,0.044395,0.036406,0.001003,-0.0014713,-0.002166,-2.2866e-20
1.05e-15,0.04522,7.7385,2.5967,0.12781,0.0096692,0.0047344,0.0025584,0.0041361,0.0013622,0.034458,0.029242,0.0003128,-0.0033103,0.011771,0.029321,0.015141,0.027694,0.013907,-0.0018646,-0.0048378,0.00084743,-0.00013482,2.0561e-05,-0.00045301,0.027156,0.016326,3.9715,9.1795,0.16155,0.011579,0.038095,0.027543,0.031695,0.01543,0.0085279,-0.00087426,0.032539,0.0095473,0.02277,0.0050546,0.0051157,0.0046704,-2.2765e-05,-0.0055393,0.030678,0.0098882,-0.00020521,0.0018906,-0.00048992,0.00010396,-0.00034577,0.028729,0.0057855,-0.0017285,-0.0043701,0.00040121,0.00261,0.063108,0.0076543,1.4304e-05,-0.0048909,-0.00072274,-0.0009275,0.043245,-0.0058529,-0.010066,0.062312,-0.44938,-0.1441,-0.018391,0.53867,1.8948,0.18936,0.058888,-0.0031509,0.00034553,0.00088064,0.0052088,-0.00037064,0.0026182,-0.0018182,-0.0058349,0.032068,0.029434,-0.0026916,0.033135,-0.13948,-0.023611,-0.52461,0.046433,9.895,6.1127,0.55231,0.03726,0.14417,0.97447,1.2002,0.31264,0.13694,-0.014312,-0.37269,0.087952,0.34404,-0.022511,-0.0038537,0.011569,-0.00034075,0.006075,0.0057612,3.4299e-05,0.036335,0.037378,-0.0015964,-0.001976,0.03408,0.047732,-0.0066729,0.0079851,0.0008181,-0.0032308,-0.00014704,-0.0019723,0.030666,0.030309,0.034665,-0.0048,0.031647,0.032582,3.2492e-05,3.9647e-05,-0.00015175,-0.00019781,0.010291,0.017359,0.00027511,-0.00020861,-0.0014916,0.019347,0.032109,0.024368,-0.0032433,0.0047817,-0.00038395,1.0845e-18
-3.2934e-17,-0.037131,-0.20219,0.2327,0.055131,0.02943,0.018414,0.015332,0.0066515,-0.0012195,0.035689,0.026731,-0.00027445,0.0028081,0.0008235,-0.00031675,0.00037491,-0.0012685,0.00069038,0.0015476,0.00057868,-0.0001343,0.00011365,-3.8543e-05,5.2401e-05,0.021479,-0.0013878,8.8514,6.677,0.0622,0.02642,0.016973,0.04644,0.083541,0.051838,0.024125,0.00065793,-0.0030425,-0.00069099,0.055001,0.016168,0.026006,0.015167,4.1616e-06,0.00064801,-0.0023897,0.012147,8.9591e-05,0.014628,0.00062638,-8.2067e-05,0.00038724,0.043993,0.00024553,0.0014653,0.00054191,-0.00013316,0.018486,-0.0050146,-0.00057994,-3.2236e-06,0.00060794,9.0896e-05,0.0001064,0.018499,0.0017966,0.0019057,-0.0078255,0.055749,0.017866,0.030163,-0.042734,2.1077,0.18393,0.021164,0.00034565,-0.00024617,-0.00010444,0.022624,-0.0001207,0.022127,0.00022532,0.00072309,-0.0025613,-0.002236,0.00033711,-0.0028973,0.017806,0.029811,0.10291,0.09853,-0.58189,0.21912,0.22553,0.08741,0.13197,0.11939,1.0083,0.56899,0.40496,0.086487,0.050105,0.019137,-0.030225,0.01913,0.0032843,0.051763,4.7603e-05,0.017822,0.025487,-4.2506e-06,0.043367,0.044628,0.0014108,0.00024488,0.063757,0.077434,0.026268,0.024044,0.00070939,0.0003747,0.00012369,0.0014134,0.044075,0.044119,0.040942,0.0019751,0.051317,0.04116,-2.7295e-05,-3.323e-05,0.00011094,2.9931e-05,-0.00076904,0.00053675,-0.00032072,2.5855e-05,0.0012832,-0.00046308,-0.0025981,-0.0019203,0.0027958,0.026387,0.0010715,2.8957e-18
-4.1935e-17,-0.15231,-0.24064,0.30627,0.14979,0.032398,0.016312,0.0088534,-0.0031047,-0.0056782,0.0018015,0.0035393,-0.0012744,0.034524,0.023045,0.03036,0.020979,0.015325,0.020257,0.019503,0.0003566,-0.00023631,0.00052477,-0.00019201,2.3958e-05,0.0033516,-0.0012221,2.0238,0.80901,0.14969,0.061721,0.013309,0.062318,0.051298,0.15251,0.10014,0.012104,-0.0042683,-0.0005379,0.055518,0.016986,0.046282,0.015932,9.2721e-06,0.00033131,-0.0018604,0.031926,0.00035851,0.043885,0.0088599,-0.00037526,0.0088992,0.0080771,0.018394,0.015907,0.00042331,-0.00047918,0.038542,-0.0039871,-0.00048661,-9.0394e-06,0.00048142,7.6738e-05,4.4378e-05,0.039342,0.020372,0.016824,-0.0052873,0.043659,0.01394,0.065692,-0.032975,2.7845,0.68201,0.055054,6.7287e-05,-0.0011068,-6.0169e-05,0.041799,-0.00084395,0.042178,0.00017534,0.00056284,-0.0019933,-0.001745,0.00027841,-0.0022596,0.020005,0.049262,0.11706,0.091768,-0.57341,-0.22213,0.025847,0.068937,0.070611,-0.0085485,0.21231,0.82444,0.97824,0.34343,0.083721,0.097118,-0.025242,0.27419,0.048333,0.10313,6.1246e-05,0.017335,0.046832,-3.3087e-06,0.0075753,0.024967,0.018941,0.00019061,0.065602,0.17082,0.059538,0.025795,0.016586,0.00017607,0.00057094,0.00045173,0.0081234,0.0081572,0.0071471,0.02146,0.067804,0.024502,-0.00012597,-0.00015332,0.00050102,4.7679e-05,-0.00021717,0.020266,-0.0015397,2.0137e-05,0.018329,0.016429,-0.0021679,-0.0015021,0.030445,0.055023,0.01783,5.6453e-18
2.3937e-16,1.2999,1.988,0.52068,0.22032,0.030494,0.0055068,0.011133,0.028903,0.036129,0.02511,0.004861,0.0096016,0.042541,0.027801,0.062305,0.032257,0.041237,0.015338,0.025395,0.00036712,0.00079362,-0.0024569,0.00091039,6.5483e-05,-0.0022979,0.001496,4.7206,5.3963,0.17282,0.072668,0.058471,0.13156,0.082042,0.12059,0.4344,0.037051,0.018188,0.00035666,0.042064,0.0065747,0.022307,0.0061539,-3.5307e-05,0.0022119,0.0012342,0.017305,-0.0016335,0.02418,0.015581,0.0033534,0.028358,-0.0051584,0.061902,0.0094782,-0.00028776,0.0046003,0.018246,0.0030472,0.00049258,3.7558e-05,-0.00035868,-7.9788e-05,0.00015643,0.022468,0.043201,0.048564,0.016307,-0.030214,-0.0094008,0.059541,0.02307,1.2915,1.4586,0.098534,0.0011489,0.0084982,-6.2251e-05,0.030578,0.0073073,0.020554,-0.00011598,-0.00037294,0.0013188,0.0011782,-0.00026189,0.0015185,-0.0049272,0.02032,-0.010546,0.00065842,0.38948,0.15024,-0.011185,0.034833,0.046681,0.020165,-0.069162,0.41218,1.4426,0.90678,0.015272,0.05107,0.18726,0.49558,0.09196,0.11148,0.00092893,0.018409,0.054183,2.1927e-06,-0.0048257,0.0059298,0.028949,-0.00012631,0.040172,0.13506,0.088441,0.010997,0.042242,0.00044209,-0.0026048,-0.00029467,-0.0051891,-0.0052085,-0.0045503,0.030568,0.057651,0.0042966,0.00058972,0.00071769,-0.0023366,-0.00014945,-0.0017,0.015429,0.009513,-1.3402e-05,0.032732,0.037547,0.0021402,0.0010312,0.018206,0.051035,0.035265,5.2454e-18
7.7098e-16,3.3915,3.4479,0.2585,0.16057,0.033813,-0.0011837,0.011666,0.05815,0.062716,0.058461,0.037771,0.032757,0.042573,0.032775,0.059339,0.02033,0.033785,-0.0026136,0.014177,0.00085113,-0.0014769,0.0052501,-0.0017978,-0.0001788,0.000978,-0.0017661,12.104,8.5835,0.19302,0.057885,0.15055,0.10026,0.30689,0.32329,0.65267,0.084702,0.054351,-9.8047e-05,0.019876,-0.0013988,-0.004936,-0.0012991,6.7331e-05,0.017936,-0.00034045,-0.003835,0.0036145,-0.0061003,0.031576,0.016426,0.031493,0.0014128,0.058808,-0.0021354,9.3101e-05,0.026339,-0.0022357,-0.001635,-0.00047122,-7.2702e-05,0.00017662,7.9057e-05,-0.00041028,-0.0050977,0.035854,0.06714,0.033707,0.011182,0.0029195,0.036051,-0.0065722,-0.24478,2.0221,0.17262,0.00047308,0.030857,0.00021898,0.028401,0.030103,-0.0044908,3.1323e-05,0.00010201,-0.00035684,-0.00036582,0.00022472,-0.00045741,0.0015412,-0.0043222,0.012847,0.083071,-0.070912,-0.041378,0.015536,0.037799,0.035794,-0.0058964,0.020235,-0.043728,1.1184,1.4687,0.21237,0.0049298,0.21514,0.37431,0.070547,0.062579,0.013845,0.013419,0.033563,-6.0055e-07,0.0013217,-0.0011614,0.019474,3.4563e-05,0.012171,0.03695,0.083155,-0.0036674,0.035277,-0.0012259,0.0064395,8.0929e-05,0.0014214,0.0014209,0.0012412,0.019323,0.034857,0.0025698,-0.0011625,-0.0014147,0.0050107,0.00027396,0.0045188,0.0059631,0.012911,3.7825e-06,0.0242,0.02937,-0.0019772,-0.00035304,-0.0041902,0.022554,0.027478,2.5959e-18
1.0957e-15,3.6477,3.5448,0.070702,0.038845,0.032315,-6.3712e-05,0.00024881,0.03901,0.031092,0.039989,0.068145,0.044471,0.044651,0.044461,0.028176,0.00051157,0.00068771,-0.00041307,0.00025555,-1.0902e-06,-0.00037747,0.023902,-0.00046331,-4.78e-05,0.0001283,-0.00041386,11.767,2.4752,0.32459,0.044326,0.20193,0.30674,0.79839,0.73291,0.49782,0.1518,0.077586,-4.193e-06,0.008178,-6.2434e-05,-0.00022379,-5.5609e-05,1.7269e-05,0.031049,-1.4852e-05,-0.00016009,0.023485,-0.00043577,0.044473,0.034325,0.010587,5.9099e-05,0.0012334,-9.1861e-05,7.4758e-06,0.044402,0.0069425,-0.00026902,-0.00010401,-1.8685e-05,2.7033e-05,1.7645e-05,-0.00010926,-0.00023396,0.000724,0.045316,0.044544,0.021976,0.0015322,0.024166,-0.00047519,0.032935,2.1487,0.28983,0.0011379,0.042633,5.9772e-05,0.044366,0.044494,-0.00018787,1.1996e-06,4.2355e-06,-1.3837e-05,-2.6113e-05,4.7747e-05,-2.9543e-05,6.3449e-05,-0.0001808,0.00039839,0.045889,0.040253,-0.0017884,0.010222,0.044386,0.00072852,-0.00041879,0.00077714,-0.0025284,0.27328,1.5618,0.53814,0.11699,0.018842,0.030896,0.0014178,0.0011448,0.027631,0.00026743,0.00063506,-2.5126e-08,5.5296e-05,-6.3742e-05,0.00044275,1.4385e-06,0.00015758,0.0004169,0.045102,-0.00047886,0.00050586,-0.0003282,0.020927,3.4422e-06,5.9523e-05,5.8029e-05,5.0668e-05,0.00036665,0.024361,0.023475,-0.00029951,-0.0003645,0.023863,6.9867e-05,0.023763,0.023592,0.00028329,1.8629e-07,0.00048982,0.00059757,-0.00043137,-3.2467e-05,-0.00020165,0.00035508,0.00055437,-1.3236e-19
1.6512e-16,1.0163,1.3459,0.0078172,0.011641,0.0074539,0.0006649,-0.0010117,0.0082797,0.0049364,0.0081894,0.053565,0.015826,0.012282,0.013114,0.0019005,-0.0054639,0.0054856,0.017709,-0.0010324,0.00055357,0.018807,0.025392,0.020637,0.00132,-0.0029663,0.011176,6.0691,1.6948,0.41844,0.048141,0.095465,1.365,1.4165,0.59125,0.31372,0.20159,0.04883,2.0429e-05,0.037703,0.00037495,0.0014343,0.00027242,-0.00047372,0.0082889,8.0302e-05,0.0006739,0.04507,0.010737,0.013641,0.038783,0.00078871,-0.00025225,-0.0052651,0.00046217,-0.00013103,0.013549,0.0031554,0.015162,0.0048818,0.00051275,-0.00065912,-0.00047216,0.01002,0.0015717,-0.0028903,0.0082039,0.012952,0.040768,2.0688e-05,0.03946,0.015645,0.062565,2.1955,0.3751,0.017008,0.012172,-0.001656,0.013749,0.013236,0.00080209,-2.0573e-06,-1.7196e-05,2.8897e-05,0.00041065,-0.0012651,0.00041418,-0.00024254,0.00077152,-0.0016984,0.0072632,0.03033,0.014449,0.0087409,0.027711,-0.0031099,0.010439,0.0030172,0.008863,0.2108,1.2104,0.84105,0.2816,0.012409,0.01283,-0.006176,-0.0048856,0.0086836,-0.0011513,-0.0027104,1.0733e-07,-0.00023621,0.00069161,-0.0036029,-5.9353e-06,-0.00067213,-0.0017772,0.038722,0.018504,0.011866,0.016842,0.0055921,-1.6263e-05,-0.00025578,-0.00020867,-0.00018154,-0.0015609,0.027774,0.044772,0.013841,0.019402,0.034148,-0.0019148,0.032899,0.040725,-0.001132,-1.5719e-06,-0.0023398,-0.0027379,0.019959,0.00062844,0.0015905,-0.0010728,-0.0024175,-1.7696e-19
-1.5762e-16,0.63185,-0.021714,0.021662,0.051532,0.00082159,-0.001565,0.00028003,-0.0031658,-0.0018011,-0.0021809,0.020259,-0.0020531,-0.0044467,-0.004878,0.0090851,0.016773,0.064762,0.030044,0.00026385,-0.0020224,0.025008,0.0085525,0.012627,-0.0041969,0.011013,-0.033796,1.8723,1.6859,0.22877,0.023725,0.0057973,1.3683,1.3303,0.45509,0.29481,0.15977,0.021054,-1.7116e-05,0.030191,-0.00051535,-0.0021796,-0.00023248,0.0023599,0.0010816,-8.9853e-05,-0.00026308,0.025703,0.0066961,-0.006761,0.018041,-0.00022463,0.00010986,0.0023073,-0.00042875,0.00037877,-0.0054035,-0.0012966,0.038736,0.0057307,-0.0016286,0.0035379,0.0018439,0.041918,-0.0022644,0.00061791,0.0033518,-0.0050936,0.027399,3.5497e-05,0.035567,0.038183,-0.026883,2.8295,0.38534,0.028632,-0.003958,0.0069642,-0.0055041,-0.005379,-0.00035012,-9.0446e-06,4.6252e-06,8.5311e-05,-0.0011499,0.005412,-0.0011154,1.3883e-05,-0.00033546,0.00073468,-0.0026484,-0.0088176,0.02888,0.011339,0.033786,0.0013636,0.0076459,0.02616,0.0042793,0.18526,1.6039,2.6263,0.55663,0.05749,0.042079,0.0031101,0.0021412,-0.0034493,0.00053654,0.0011879,-4.704e-08,0.00010352,-0.0016629,0.0090061,1.9217e-06,0.00029477,0.00077818,0.074379,0.015723,0.040197,0.024791,0.008319,1.2181e-05,0.000117,-3.5706e-05,-3.3612e-05,0.0006711,0.016072,0.027325,0.01141,0.032995,0.054629,0.0079533,0.015559,0.02432,0.00024541,3.2056e-06,0.0018332,0.0022473,0.021053,-0.0018636,-0.0030612,-0.00096407,0.0012255,-1.1598e-19
-7.2051e-17,1.6252,0.061352,0.049822,0.074963,0.0055744,0.0018385,0.00014449,0.00053846,0.00030822,-0.00072982,-0.0030188,-1.4695e-05,0.00028807,0.0004403,0.026899,0.059839,0.087425,0.02256,0.00017699,0.002513,0.018159,0.0014101,0.0058162,0.0051126,0.026441,0.074032,1.2763,0.45527,-0.026728,0.00021107,0.002182,0.43711,0.74201,0.4566,0.33353,0.086023,0.016528,1.2542e-05,-0.0036983,0.00053091,0.0022398,0.00017296,0.015295,0.015556,7.9747e-05,7.0142e-06,-0.0011467,0.0002032,0.0027793,-0.00097725,3.8444e-05,-1.7987e-05,-0.00039455,0.00033976,-0.00044325,0.00092467,0.00022189,0.039332,0.0074736,0.0020029,0.027298,0.0052055,0.065306,0.0083441,0.00067655,0.027245,0.0008151,-0.003759,-3.819e-05,0.026997,0.03997,0.0045976,4.3421,0.45505,0.048325,0.0026336,0.027581,0.0009573,0.0010536,5.8259e-05,1.3261e-05,2.6368e-06,-0.00012998,0.0013944,0.023515,0.0013434,0.00010646,5.4266e-05,-0.00011432,0.00045313,0.010977,0.040712,0.0088608,0.040195,-0.00023413,-0.00092264,0.028641,0.029472,-0.023058,1.6826,4.7552,0.75632,0.051713,-0.0066364,-0.0010072,-0.00036641,0.00056302,-0.00012943,-0.0002033,8.0497e-09,-1.7715e-05,0.0019379,0.029588,4.714e-07,-5.0679e-05,-0.00013235,0.079244,-0.0024271,0.03912,0.023146,0.019089,-8.0364e-06,-2.5789e-05,0.00015586,0.00013904,-9.9559e-05,-0.0018486,-0.0032098,-0.0011719,0.024285,0.064267,0.030126,-7.3775e-05,-0.003054,0.00025328,-3.5124e-06,-0.0012649,0.0077988,0.011082,0.0022602,0.003379,0.001925,-0.00040519,2.7077e-19
-6.8603e-17,0.24143,0.021644,0.047509,0.040963,-0.0018472,0.020885,0.00051235,0.00021422,0.00012705,-0.0028965,-0.0033149,-0.0011589,-0.00099406,-0.00074675,0.018459,0.0869,0.012154,0.0025491,0.00059571,0.022569,0.023467,0.020826,0.040466,0.04331,0.020971,0.13658,1.7178,0.81352,-0.012016,0.023118,0.01726,0.092618,0.43173,0.28498,0.25289,0.077942,0.016734,2.7792e-05,-0.0015244,0.0080606,0.014652,0.0003847,0.029711,0.015524,0.00018435,-8.6544e-05,0.020161,0.0095824,0.021401,0.0085617,1.5854e-05,-5.5012e-06,-0.00016197,0.00076693,-0.0010733,0.00038115,9.1476e-05,0.0049915,0.022074,0.021323,0.065166,0.0051611,0.044923,0.047062,0.0063367,0.040207,0.0002029,-0.0026672,-9.1319e-05,0.043125,0.0055583,0.0018885,5.2491,0.87081,0.11198,0.00049482,0.041588,0.00043086,0.00074751,2.0118e-05,3.3031e-05,9.1545e-06,-0.0003251,0.016221,0.0377,0.015492,0.00029999,1.4978e-05,-2.0288e-05,0.00018659,0.0021709,0.0055539,0.0010492,0.0053436,-9.8349e-05,-0.0003784,0.0036767,0.032919,-0.009508,0.21624,4.4954,0.87524,0.078869,-0.0048645,-0.0015329,-0.00015103,0.00016797,-0.00014188,-8.3852e-05,3.3181e-09,-7.3011e-06,0.016743,0.047049,2.0775e-06,-2.1444e-05,-5.2646e-05,0.010206,-0.0021171,0.0049247,0.024394,0.0037707,-1.7319e-05,-2.4202e-05,0.00041666,0.00037096,-5.0728e-06,-0.00071315,-0.0013304,4.4428e-05,0.0030265,0.034621,0.044013,0.012313,-0.0017429,0.00079925,-8.4225e-06,-0.0027599,0.022605,0.023015,0.021952,0.024564,0.021388,-0.00062704,2.2485e-18
-1.4546e-17,-0.20079,0.0097794,0.013597,0.0057622,0.023646,0.048779,-0.0031596,-0.00013399,-0.00010709,0.025785,0.02101,0.01317,0.012789,0.011469,0.0046432,0.049139,-0.0097176,-0.0017205,-0.0036514,0.035764,0.038957,0.026608,0.02146,0.054496,0.022914,-0.63062,1.3934,1.0905,0.021398,0.022345,0.023125,0.016053,0.25448,0.10787,0.15933,0.065365,0.016356,-0.00015971,0.0012846,0.024167,0.0050463,-0.0022123,0.01049,0.0013821,-0.001068,0.00061174,0.043253,0.014459,0.04758,0.011896,-1.341e-05,-6.8877e-06,0.0001325,-0.004423,0.011519,-0.00032131,-7.7184e-05,-0.0041246,0.041854,0.043122,0.061491,0.0022599,0.012266,0.086524,0.0033818,0.030365,0.0011017,0.014232,0.00081485,0.019331,-0.0039634,-0.001552,2.0666,1.8119,0.20871,0.00015468,0.018963,-0.00058164,-0.0025171,6.5166e-06,-0.0001939,-5.6319e-05,0.0029442,0.037922,0.015761,0.03503,-0.0017958,3.1899e-05,-0.00014456,-0.00015617,-0.0018161,-0.0045827,-0.00086009,-0.0044233,9.3984e-05,0.00030746,-0.0030276,0.011773,0.0080373,-0.17343,1.7367,1.5851,0.22856,0.02743,0.013278,0.00012726,0.0002446,0.0006529,7.0986e-05,-2.797e-09,6.1481e-06,0.022846,0.051102,-1.3096e-05,2.1416e-05,3.2865e-05,-0.0084167,0.013764,-0.0042313,0.0092726,0.012223,9.8977e-05,0.00010216,-0.0024742,-0.0022022,-0.00021239,0.00030688,0.0011657,-0.0032151,-0.0037417,0.0091854,0.023804,0.0074452,0.0068558,-0.0048597,4.9117e-05,0.021927,0.038495,0.034596,0.038426,0.017366,0.042627,0.0049237,5.3013e-18
1.1424e-18,0.06584,0.027636,0.0021729,0.0046432,0.034181,0.057668,0.0081247,-6.4906e-05,3.371e-05,0.036641,0.024651,0.035732,0.036448,0.039789,-0.0010779,0.026937,0.0035469,-0.00030737,0.009897,0.048506,0.037896,0.02272,-0.0055868,0.027125,0.016941,3.0436,4.3326,0.70006,0.036441,0.032572,0.014539,-0.0047899,0.10317,0.058158,0.087352,0.043174,0.017834,0.00036352,-0.00040353,0.021117,0.0039089,0.0057908,0.0028698,0.0070854,0.0024337,-0.001431,0.032689,0.006996,0.059008,0.010732,4.3273e-06,2.8658e-05,-3.246e-05,0.011582,0.040398,0.0001012,2.447e-05,0.0013349,0.03227,0.03038,0.026367,-0.001473,-0.0028917,0.063033,-0.00091006,0.030956,0.0027883,0.035955,0.0016838,-0.0050985,0.001259,0.00039673,-0.51473,2.4353,0.16366,5.0957e-05,-0.0083673,0.0007648,0.0057916,-5.6007e-05,0.00044272,0.00012944,0.0062479,0.03717,-0.0040062,0.025905,0.0048667,-0.00011238,0.00041708,4.6593e-05,0.0005876,0.0014427,0.00026756,0.0014334,-5.5055e-05,-7.0339e-05,0.00095314,-0.00301,-0.0025818,0.045769,0.086329,1.7,0.27442,0.074408,0.036275,-3.9951e-05,-0.00096465,-0.0014313,-2.3044e-05,8.8054e-10,-1.9209e-06,0.013502,0.029599,3.0199e-05,-1.4418e-05,1.6115e-05,0.0026762,0.036144,0.0017435,-0.0020633,0.015921,-0.0002251,-0.00022009,0.0063488,0.0057916,0.00056486,0.00057977,-0.00046866,0.0090713,0.0048153,-0.001775,0.016199,0.0043006,0.017727,0.012225,-0.00011204,0.025885,0.02787,0.024124,0.026893,0.0017315,0.031692,0.0092028,4.3483e-18
3.4221e-18,0.0053153,0.0055466,0.028118,0.027973,0.0089443,0.04109,0.031654,2.692e-05,-1.2269e-06,0.011328,0.0014695,0.039739,0.041177,0.054803,3.3204e-05,0.04153,-0.00023888,0.00020623,0.056544,0.04922,0.027431,0.024123,0.0042527,-0.00016222,-0.00033996,12.321,10.259,0.48237,0.084419,0.060716,0.0077842,0.00048905,-0.0018158,0.10276,0.034228,0.023752,0.016517,-8.507e-05,1.4495e-05,-0.00046469,0.028137,0.028082,0.028095,0.012586,-0.00056945,0.00033609,0.015571,7.3767e-05,0.040754,0.010394,-1.8182e-07,-7.1181e-06,-9.3965e-07,0.056171,0.057845,-3.6966e-06,-9.307e-07,-5.6979e-05,-0.00073495,-0.00032376,-0.00035737,0.00025385,8.6318e-05,-0.0012514,3.3168e-05,0.038503,0.002373,0.041231,0.0014099,0.00018553,-4.5912e-05,6.6118e-06,0.037339,2.1291,0.14313,0.054775,0.0010681,0.0029466,0.024489,1.4413e-05,-0.00010365,-3.0331e-05,0.0051614,0.021477,0.00012012,-0.00028464,0.028311,2.756e-05,-0.0001004,-1.1073e-06,-2.5042e-05,-5.2554e-05,-9.0095e-06,-6.1579e-05,7.8453e-06,-3.5043e-06,-3.4716e-05,0.00011046,0.00010586,0.072765,0.90373,0.9121,0.13245,0.10771,0.041232,1.4296e-06,0.00023889,0.00033356,9.9903e-07,-3.2075e-11,6.6602e-08,-0.00027327,-0.00056495,-7.0794e-06,2.2853e-06,-6.6548e-06,-0.00010355,0.041239,-0.00015786,5.8526e-07,-0.00032631,5.2671e-05,5.111e-05,0.025435,0.028104,-0.00013477,-0.0001762,4.0386e-05,0.027307,0.028477,0.00035438,0.028677,0.012531,0.030111,0.039004,2.6227e-05,-0.00055794,-0.00056253,-0.0006229,-0.00054086,3.6722e-05,-0.00062863,0.0065905,3.6558e-19
1.4154e-18,-0.0090727,-0.0038971,0.039661,0.03641,7.4307e-05,0.027579,0.033361,0.00068671,-4.7367e-06,0.0012041,-0.00084584,0.0099559,0.0093313,0.025123,-1.4858e-05,0.010836,-0.0035278,0.016919,0.10723,0.011406,0.041225,0.026465,0.015233,0.016057,-0.001341,18.593,11.904,1.2417,0.13821,0.046105,0.020006,0.017262,-0.0093694,0.098742,0.010729,0.0024069,0.0083698,-0.0020332,5.1427e-05,-0.0024758,0.048948,0.043704,0.041513,-0.00018049,-0.0082639,0.0080374,0.046747,0.0094628,0.007612,0.0022733,-1.2793e-06,-0.00017165,-5.3962e-05,0.087418,0.028851,-1.4588e-05,-4.5447e-06,-0.00041919,-0.0047913,0.01642,0.002706,0.015251,-0.0001159,-0.0048571,0.00012914,0.0095149,0.0011024,0.009787,0.00028542,0.00071567,-0.00017939,0.00052508,0.079038,1.2249,0.66412,0.16595,0.023235,0.015212,0.036979,0.00034929,-0.0024774,-0.00072507,0.00061884,0.03238,-0.00014577,0.0156,0.057422,0.00066337,-0.0024098,9.6885e-06,-0.00018345,-0.00020398,-1.7499e-05,-0.00046107,0.00016891,-0.00015744,-0.00013465,0.00044792,0.00069106,0.40687,1.5096,0.63765,0.026994,0.090856,0.0097138,4.9381e-06,0.012693,0.019472,7.6623e-06,-1.2449e-10,1.7863e-07,-0.0014939,-0.002414,-0.00016925,5.0603e-05,-0.0001697,-0.00054578,0.0096266,-0.0028497,-0.0017659,-0.00076446,0.0012589,0.0012201,0.028805,0.043738,-0.0032307,-0.0037536,0.00070954,0.0075316,0.064627,0.019294,0.007834,0.0036195,0.03351,0.020135,0.00062686,-0.0021655,-0.0024029,-0.0057594,-0.0023683,0.00064694,-0.0023666,0.00093633,-2.0605e-19
2.7304e-18,0.014844,0.015565,0.019335,0.017316,-8.3973e-06,0.035807,0.013139,-0.0025337,2.3088e-06,-0.0024501,-0.0014895,-0.0068768,-0.0033068,0.002317,0.000547,-0.0045851,0.014421,0.052215,0.074096,-0.0055125,0.024126,0.012928,0.021306,0.025897,0.00076135,10.363,7.68,0.99332,0.10386,0.040959,0.013425,0.012206,0.016338,0.041249,0.017099,0.0068962,0.028024,0.0090685,-7.9509e-06,0.0050985,0.060371,0.023013,0.035394,0.21784,0.10128,-0.029348,0.059124,0.0080253,-0.0023262,-0.00062636,2.8018e-06,0.00062764,0.00021622,0.046032,0.0025693,8.3065e-06,5.8051e-06,0.0031482,0.012578,0.044379,0.0054642,0.037499,0.0021868,0.0024643,-6.705e-05,-0.0044968,-0.0024874,-0.0047579,-9.3862e-05,-0.00034642,9.5509e-05,-0.0021408,-0.038791,0.40239,1.6437,-0.03342,-0.073344,0.072084,0.044635,-0.00089038,0.011917,0.0026474,0.0017609,0.032031,0.0030002,0.050086,0.056756,-0.0016491,0.011677,-5.741e-05,0.00041682,0.0001035,-5.6689e-05,0.0010674,-0.00060539,0.00061975,6.7961e-05,-0.00029935,-0.0014022,0.5595,1.3477,0.7484,0.028686,0.061914,-0.0046139,-2.1415e-07,0.020067,0.040426,-1.8093e-05,6.3155e-11,2.0914e-07,0.0023843,0.0020552,0.00061798,-0.00018231,0.00062608,0.00081687,-0.0042227,0.012121,0.010405,-0.0014965,-0.0045962,-0.0044539,0.012812,0.023031,0.014416,0.023571,-0.0024348,-0.0034159,0.056578,0.041512,-0.0041817,-0.0018801,0.015713,0.0029774,-0.0022888,0.0010986,0.002043,0.018709,0.0030237,-0.0022214,0.00092564,0.00071982,6.6297e-20
4.5231e-18,0.032786,0.027382,-0.0029619,-0.0026282,8.0703e-05,0.031744,0.0041908,0.0040162,-3.5153e-07,0.0036314,0.0034171,0.0049166,-0.00090303,-3.3838e-05,-0.00092838,0.00014036,0.029053,0.068303,0.017853,0.0014035,-0.0036009,-0.0019776,0.032804,0.023296,-0.00028454,0.2571,2.9827,0.23317,0.1096,0.035032,-0.0021713,-0.0020426,0.030275,-0.0069865,0.020936,0.017683,0.037179,0.015231,-2.5587e-05,0.016761,0.049786,-0.0035677,0.028063,0.51345,0.23416,0.046412,0.031503,-0.0017113,-0.0012797,-0.0005241,-3.8371e-06,-0.00094725,-0.00033028,-0.0071363,0.0017369,-3.1369e-06,-6.5046e-06,0.034497,0.033373,0.041272,0.0070149,0.035562,0.0040784,-0.0005268,1.6634e-05,0.00096055,0.0036502,0.0012505,-3.82e-05,4.8964e-05,-2.7174e-05,0.0034648,0.0065559,-0.038649,2.4111,0.3609,0.12337,0.036798,-0.035411,0.0081871,0.032754,-0.0039948,0.0060909,0.031238,0.0061493,0.06096,0.035837,0.016551,0.033119,9.1234e-05,-0.00057606,-2.214e-05,0.00011074,-0.0014819,0.0010273,-0.00094454,-1.3997e-05,0.00017243,0.0019654,0.40814,1.2978,0.92125,0.086569,0.032096,0.0010468,-3.4006e-06,0.014136,0.035405,2.5235e-05,-1.3491e-11,-4.9561e-07,-0.0029561,-0.0015077,-0.00093249,0.00027458,-0.00094606,-0.00098682,0.00048605,0.022044,0.035092,0.0033421,0.0073432,0.0070959,-0.0019067,-0.0035709,0.024208,0.037851,0.0038154,0.00048034,0.019489,0.033702,0.001573,0.00062763,-0.002383,-0.0015607,0.0036414,-0.00023472,-0.001676,0.029966,0.01125,0.0035103,0.00024571,-0.0018256,-5.3625e-20
1.4857e-19,0.037165,0.0069792,-0.00065184,-0.00056452,0.00011566,0.0014165,0.025987,0.02665,1.0007e-07,0.026111,0.026054,0.026675,-0.0017051,2.1143e-05,-0.0012108,-0.0010135,0.015851,0.043634,0.023938,0.00058522,-0.00052577,-0.00042908,0.046026,0.024149,-0.00021333,1.8464,2.4743,0.45951,0.20693,0.0029666,-0.00048129,-0.00052072,0.023817,-0.0025984,0.0020397,0.011709,0.0033225,0.0014036,-3.9492e-05,0.025498,0.018337,-0.00077329,0.027519,0.55045,0.43361,0.30329,0.0014168,-0.0008364,-0.0024876,-0.00093208,-4.8606e-06,-0.001217,-0.00042501,-0.0015468,0.01798,-2.3749e-06,-7.9592e-06,0.087876,0.041179,0.0089867,0.021516,0.0029753,0.00038156,-0.00011464,6.4799e-06,0.00020811,0.02614,0.0019845,-8.0748e-05,-2.0536e-05,-1.4313e-05,0.025963,-0.00073215,-0.01222,2.4489,2.0069,0.93205,0.18302,-0.020074,0.0090792,0.040097,-0.0051321,0.00573,0.041783,0.00088425,0.036924,0.028375,0.061398,0.040565,0.00011802,-0.00073075,-4.836e-06,0.00014671,-0.0018811,0.014635,-0.0012151,-2.386e-06,0.00017234,0.012101,0.43086,1.8028,1.1586,0.13284,0.012172,0.00030295,-5.0246e-06,0.0013422,0.0033033,3.2055e-05,-2.9242e-12,-6.6842e-07,-0.0036846,0.019031,-0.001198,0.00035266,-0.0012156,-0.0012245,0.0047052,0.019885,0.073398,0.025965,0.056161,0.052143,-0.00039613,-0.00077449,0.0022276,0.0034626,0.024848,0.00099877,0.00098411,0.0010908,0.0011866,0.0004172,-0.0005165,-0.0019368,0.026194,-5.0923e-05,-0.0019053,0.0028749,0.027236,0.026022,0.0040192,0.0020042,-5.753e-19
1.4873e-18,0.0094908,-0.00088581,0.00085932,0.00063104,-0.00095002,0.014905,0.041632,0.035913,-1.5774e-06,0.042484,0.042701,0.035077,0.030644,-0.00026078,0.017159,0.016543,0.0040038,0.028219,0.026836,-0.0030228,-0.0014797,0.00051559,0.029588,0.0083032,0.0032495,1.2588,2.4643,0.95782,0.089685,-0.0040083,0.00066238,0.0012663,0.0031188,0.019432,-0.0038021,0.020231,-0.0038878,-0.001659,0.00032791,0.0094123,0.0023967,0.00092262,0.0093333,0.30422,1.0712,0.39597,0.0069557,0.0093416,0.035981,0.013148,3.9126e-05,0.017186,0.0057043,0.0018454,0.039248,1.6854e-05,6.3671e-05,0.087153,0.023799,-0.0014659,0.036032,-0.0035107,-0.00045109,0.00014059,-3.1509e-05,-0.00024755,0.042448,0.0020517,0.00069578,0.00028216,8.6755e-05,0.043812,0.018684,0.66965,2.0914,3.262,1.6649,1.4246,0.69639,0.012794,0.038345,0.056148,0.0013404,0.011226,-0.0033427,0.020261,0.039946,0.076428,0.033512,-0.00095346,0.010977,6.0785e-06,-0.00119,0.025145,0.045282,0.017176,-2.5121e-06,-0.001322,0.01453,1.0953,1.7386,1.6885,0.17703,0.048748,-0.00099066,4.146e-05,-0.003513,-0.006913,-0.00025815,3.4889e-12,5.4379e-06,0.043918,0.11515,0.017037,-0.0028456,0.01718,0.01719,0.033249,0.05903,0.14019,0.045207,0.099487,0.086133,0.00033091,0.00092821,-0.0026077,-0.0040422,0.032105,0.0097983,-0.0011473,0.018032,-0.0082252,-0.0028234,0.00061614,0.023065,0.041814,6.1151e-05,0.0224,-0.0044152,0.036425,0.043519,0.0073782,0.056936,5.0833e-18
2.6428e-19,0.0051276,0.00040453,-0.00052403,-0.00011431,0.0027788,0.037236,0.025848,0.020239,4.417e-06,0.027034,0.027189,0.016427,0.029913,0.00071575,0.038981,0.032026,-0.0033383,0.035756,0.026835,0.0085132,0.0071441,-0.00019472,0.0069867,-0.0025599,0.011715,0.021752,0.76392,0.72568,-0.0182,0.0032052,-0.00047063,-0.0021583,0.0082551,0.037058,0.0057982,0.016478,0.0012976,0.00059558,-0.00085932,-0.0029192,-0.0013844,-0.00033122,-0.0028664,0.06859,1.1386,0.23595,0.0092357,0.028135,0.072763,0.025163,-0.00010207,0.03895,0.010857,-0.00066251,0.028233,-4.3081e-05,-0.00016594,0.040578,0.0059189,0.00076193,0.0239,0.0012603,0.00016194,-6.0543e-05,7.4112e-05,8.6922e-05,0.027801,0.0013095,-0.001833,-0.00078181,-0.00021517,0.024282,-0.053335,1.732,1.6032,2.1055,1.1324,2.5809,1.5897,0.61076,0.046865,0.022203,0.00045862,0.0059257,0.0093023,0.032917,0.028417,0.04102,0.029268,0.0028581,0.029824,-2.9971e-06,0.0035398,0.048378,0.040689,0.039009,1.5055e-05,0.0039579,0.011638,0.92194,2.2378,1.9207,0.24453,0.071146,0.0026285,-0.00010855,0.0070724,0.011724,0.00067348,-1.2525e-12,-1.4208e-05,0.04539,0.1126,0.039388,0.0083087,0.039017,0.039013,0.051954,0.051087,0.10175,0.038204,0.065933,0.052578,0.00025549,-0.00034422,0.00086988,0.0013196,0.017549,0.0095214,0.00041166,0.024116,0.025981,0.0084461,-0.00022094,0.023831,0.026306,-2.2996e-05,0.023943,0.0045622,0.022664,0.025129,0.0020741,0.10832,1.0126e-17
9.3773e-19,0.032486,-4.0056e-05,0.0001892,-6.0745e-05,0.006818,0.029948,-0.0015187,-0.0011498,-2.8977e-06,-0.001572,-0.001583,0.0021557,-0.0011479,-0.00046837,0.037405,0.025486,0.0017158,0.037721,0.024417,0.032457,0.026006,2.5164e-05,-7.0884e-05,0.00025445,0.016313,5.866,0.94567,0.10838,0.024775,0.011123,0.00019883,0.0013125,0.031488,0.053366,0.019048,-0.0009197,-6.3781e-05,-5.8105e-05,0.00056399,0.0002848,0.00065305,3.2314e-05,0.0002811,-0.0024063,0.50857,0.047979,6.8173e-05,0.039085,0.064385,0.020003,6.6343e-05,0.037446,0.0086383,6.4635e-05,-0.0016447,2.7925e-05,0.00010785,-0.0024589,-0.00054355,-0.00015683,-0.0014029,-0.00012296,-1.5799e-05,1.2358e-05,-4.746e-05,-7.2314e-06,-0.0019613,-5.8327e-05,0.0012031,0.00051221,0.00013888,0.000324,0.047563,2.1782,0.97853,-0.081699,-0.026743,2.2073,1.612,1.6456,0.55802,0.1434,-0.00043226,-0.0064595,0.054269,0.036853,-0.001835,-0.0019664,0.031052,0.0090178,0.039187,8.1447e-07,0.010409,0.060889,0.0095113,0.037434,-1.0536e-05,0.013169,0.019073,-0.00194,2.6189,1.8483,0.2589,0.044264,0.016334,7.0594e-05,0.016832,0.031007,-0.00043777,1.2219e-13,9.2373e-06,-0.0028693,0.013494,0.037198,0.020579,0.037441,0.037442,0.036654,-0.0031497,-0.0060844,0.013575,-0.003798,-0.0019366,-0.00026274,4.0623e-05,-4.2405e-05,-4.4437e-05,-0.0010039,-0.00062121,-4.003e-05,-0.0018811,0.068947,0.032501,2.1394e-05,-0.0015047,-0.0015257,2.9112e-06,0.00010425,0.0063095,-0.0016714,-0.0002053,0.0010656,0.098949,-3.3688e-18
2.3576e-18,0.038002,-4.9249e-05,0.0011298,-0.00054557,0.0013998,0.0049798,-0.0018735,-0.001346,-1.9639e-05,-0.0017792,-0.0018026,0.032083,0.017405,-0.0031732,0.0069075,0.0066157,0.024275,0.0072639,0.0045366,0.042098,0.027979,6.9382e-05,0.0046335,0.00031915,0.0090027,18.844,7.0388,0.227,0.087308,0.02007,0.0066933,0.024025,0.025097,0.071186,0.028507,-0.00048232,0.00034443,-6.5762e-05,0.011185,0.00032233,0.012014,3.6572e-05,0.00032779,-0.0027312,0.16565,0.08195,0.010313,0.030142,0.020673,0.0034996,0.00044904,0.0070986,0.0015102,7.3153e-05,-0.0016099,0.00018893,0.00072995,-0.0046376,-0.0026318,-0.00072458,-0.0015878,-0.00013916,-1.7881e-05,5.6771e-05,-0.00032052,9.7787e-08,-0.0043482,4.9576e-05,0.022676,0.0034709,0.00093903,0.011118,0.77164,1.2668,0.23634,-0.10681,-0.065715,0.39295,0.43366,2.0205,1.8786,0.86283,0.21665,-0.018701,0.10261,-0.00030325,-0.0029705,0.0036312,0.029816,0.0089254,0.031475,4.3842e-06,0.0095346,0.08518,0.014915,0.006913,-7.2055e-05,0.016554,0.03875,-0.038415,1.0133,2.016,0.28169,0.032089,0.036428,0.00047784,0.0042832,0.024167,-0.002963,1.383e-13,6.2524e-05,-0.0032591,0.0050285,0.0052763,0.0045011,0.0069143,0.0069148,0.0060226,-0.0035615,-0.0068897,0.0012778,-0.0038503,0.016932,0.00095884,9.267e-05,0.00023361,0.00050878,-0.001271,-0.00085797,-4.4431e-05,-0.0040995,0.03794,0.04217,2.3145e-05,-0.0016982,-0.0017268,7.7237e-06,-0.0013132,-0.0014621,-0.0041789,0.022799,0.023788,0.041626,1.6307e-18
2.6358e-18,0.01809,4.6857e-05,-0.0047192,0.0031438,-0.00028022,-0.0021335,0.0018082,0.0010734,8.3983e-05,0.0010689,0.0011316,0.047683,0.054093,0.017342,-0.0039335,0.0066077,0.017125,-0.0041476,-0.0025844,0.018891,0.011466,-0.00022215,0.013407,-0.00032927,0.012314,20.464,10.148,0.35644,0.13737,0.0047897,0.026467,0.041767,0.0075398,0.047538,0.036685,-0.0021749,-0.0020452,3.9509e-05,0.022488,-0.00019365,0.023623,-2.1972e-05,-0.00023949,0.0016752,0.035698,0.072914,0.0075664,0.046277,0.0054823,-0.0021741,-0.0019198,-0.004741,-0.00093052,-4.3949e-05,-0.00014306,-0.00080766,-0.0031207,0.015202,0.014711,0.0036302,0.0009539,8.3607e-05,1.0743e-05,-0.00022288,0.0013698,-3.6602e-05,0.015911,-0.00027944,0.040772,-0.014842,-0.0040139,-0.054115,1.628,0.55462,0.018514,0.11728,0.039697,-0.22314,-0.08732,1.0348,2.4213,1.6275,1.3803,0.4836,0.043768,0.029351,0.0089848,0.010744,0.037789,0.0093133,0.037433,-1.7911e-05,0.015921,0.090694,0.028541,-0.0039366,0.0003086,0.025471,0.020869,0.038677,0.19673,1.9511,0.96219,0.12325,0.034624,-0.0020429,-0.0048002,0.019193,0.016902,-8.3088e-14,-0.00026731,0.0020092,0.019782,0.0057999,-0.0010129,-0.0039374,-0.0039377,-0.0034017,0.0021256,0.0041544,-0.00068163,0.00033565,0.029057,0.027015,-0.0002617,-0.0013829,-0.0027725,0.0013581,0.0011989,2.2834e-05,0.015,0.027816,0.018829,-9.1907e-06,0.00099894,0.0010374,-2.4181e-05,0.00077817,0.0156,0.016838,0.039845,0.041883,0.031757,8.8293e-18
4.2391e-19,-0.0067708,-4.3327e-05,0.0090097,0.0049872,0.0010754,-0.00070061,-0.0017014,0.00035783,-0.00013315,-0.00027141,-0.00037576,0.029826,0.052226,0.025252,0.00099875,0.010158,0.0039459,0.0010531,0.0006562,-0.003639,-0.0024005,0.00038485,0.012025,0.0003339,0.013702,11.59,7.5722,0.23231,0.11752,0.0074096,0.039934,0.030508,-0.0010565,0.01099,0.036734,0.005443,0.004079,-1.0032e-05,0.0182,4.9169e-05,0.018962,5.5788e-06,0.00013825,-0.0004879,-0.0056585,0.011338,-0.0015625,0.056077,0.013124,0.00089554,0.003767,0.002587,0.00037059,1.1159e-05,0.0023581,0.0015664,0.0060791,0.038881,0.03762,0.0052165,-0.0002422,-2.1228e-05,-2.7276e-06,0.00040016,-0.0024903,7.58e-05,0.032003,0.0045343,0.028063,0.026985,0.010891,0.10899,1.6493,0.33173,0.078893,0.0093668,-0.010079,0.056504,0.029605,0.01019,1.5097,1.3036,2.4115,1.4449,0.1882,-0.058842,0.036469,0.0062357,0.032813,0.0072162,0.031824,3.2351e-05,0.019876,0.065688,0.021834,0.00099954,-0.00056121,0.020391,-0.0041508,-0.009259,0.82687,2.2856,1.5823,0.21784,0.035728,0.0041198,0.0058474,0.014928,0.033244,2.1098e-14,0.000486,-0.00060337,0.014702,0.02486,0.019963,0.00099973,0.00099981,0.0008637,-0.00051404,-0.0010825,0.00017307,0.0038202,0.024237,0.033565,0.00044141,0.0029433,0.005599,-0.0014267,-0.0015482,1.2263e-06,0.032545,0.027361,-0.0034687,-6.2467e-06,-0.00021488,-0.00026341,4.1703e-05,-0.00016201,0.034552,0.03494,0.026063,0.030675,0.033208,8.2796e-18
-1.377e-18,-0.0023101,-2.0625e-05,0.036261,0.0010879,5.835e-05,-0.00072373,-0.00081424,0.0058274,0.0012634,-2.4546e-05,-8.0998e-05,0.0013617,0.011047,0.0011349,9.0325e-05,0.00046451,0.010938,9.5242e-05,5.9346e-05,-0.00032364,-0.00033377,0.00020939,0.0004517,0.00016324,0.00074992,4.4987,3.4498,0.084807,0.060308,0.040084,0.032922,0.0011362,4.743e-05,0.00022765,0.031998,0.030768,0.016895,-9.0724e-07,0.00073685,4.4468e-06,0.00076619,5.0454e-07,5.367e-05,-7.7371e-05,-0.00053133,-2.2309e-05,-0.00014131,0.028137,0.01162,0.00026359,0.020983,0.0093326,0.00010492,1.0092e-06,0.022019,0.0075562,0.031042,0.045601,0.038896,0.00023397,-2.1904e-05,-1.9199e-06,-2.4668e-07,0.00021881,-0.0013641,4.2207e-05,0.034936,0.0032857,0.00037003,0.014781,0.25164,0.66962,0.74928,0.16126,0.0040102,-0.00063611,-0.00091156,0.0050297,0.029096,-0.0036498,0.087108,0.057294,2.0046,2.0817,0.56526,0.056288,0.14628,0.021543,0.0020206,0.00036489,0.0013567,1.7705e-05,0.010902,0.033367,0.00081759,9.0397e-05,-0.00030742,0.00040193,-0.00037539,-0.00075223,1.4124,3.6762,2.0064,0.30092,0.081384,0.029981,0.030684,0.013666,0.021022,1.909e-15,0.00026621,-0.00010412,0.00057819,0.031684,0.048085,9.0414e-05,9.0421e-05,7.8112e-05,-3.2846e-05,-0.00011262,1.5652e-05,0.023344,0.031446,0.0014229,0.00023923,0.024242,0.030808,-0.00070413,-0.00080115,3.8445e-06,0.029692,0.0087703,0.0019467,-5.1258e-06,1.168e-06,-2.3822e-05,2.2675e-05,4.26e-06,0.032603,0.036772,0.00099294,0.0012315,0.0014399,1.4571e-18
-1.9851e-18,0.051209,0.00068772,0.013406,-0.00015314,-0.00012956,0.021446,0.021647,0.024922,0.0067371,5.4592e-05,0.00087538,-0.0063589,0.00316,-0.0025178,-0.00020089,-0.0010306,0.0042776,-0.00021183,-0.00013199,0.00063888,0.0049133,-0.0030474,-0.0003631,-0.0023305,-0.0037775,5.6409,3.1169,0.10658,0.11978,0.028078,0.022309,-0.0016148,-0.0022198,-0.0011523,0.03988,0.042053,0.0071382,2.0178e-06,-0.0016339,-9.8902e-06,-0.0016989,-1.1222e-06,-0.00072812,0.00066372,0.0014713,5.5368e-05,0.0003143,0.004938,0.0028086,-0.0032865,0.029744,0.017,-0.0012892,-2.2446e-06,0.053953,0.0081254,0.036122,0.014538,0.011262,-0.00051907,4.8718e-05,4.27e-06,5.4865e-07,-0.0031872,0.040028,-0.00061664,0.050039,-0.018011,0.0090202,-0.21536,0.98587,1.1507,0.23198,0.031992,-0.0089021,0.0014229,0.0020274,-0.0090998,0.054227,0.018984,-0.081304,-0.11093,0.55281,1.4567,0.56176,1.3797,0.49244,0.086479,-0.013588,-0.0018218,-0.0036178,-0.00025792,0.0023865,0.029243,-0.0010797,-0.00020105,0.0082205,0.011127,0.00083491,0.00041402,0.50615,5.2868,3.7479,0.60297,0.17605,0.079,0.049641,0.042655,0.0044761,-4.2414e-15,-0.0038787,0.0009643,-0.0012818,0.040555,0.048052,-0.00020109,-0.00020111,-0.00017373,-0.0001287,0.00046816,-3.4812e-05,0.02879,0.041189,-0.0024233,-0.0034794,0.056116,0.042059,0.018453,0.021641,-6.3761e-05,0.0080486,0.024252,0.0075193,7.8845e-05,-0.00030724,5.2984e-05,-0.00032998,-0.00028913,0.035517,0.040743,-0.0022278,-0.0030354,-0.003194,-3.7817e-19
-2.1154e-18,0.065692,0.0019929,-0.0049734,7.5089e-05,5.3042e-05,0.041033,0.040951,0.037491,0.0022692,-2.2349e-05,-0.0022351,0.014516,0.014017,0.0010307,8.2243e-05,0.00042193,-0.0015946,8.672e-05,5.4036e-05,-1.6689e-05,0.012226,0.010565,-0.0017826,0.0089745,0.0093582,7.7852,3.9509,0.16692,0.1516,0.022898,0.010805,-0.0020733,0.0093738,0.0035865,0.022051,0.022842,-0.004897,-8.2606e-07,0.00066888,4.0489e-06,0.00069551,4.594e-07,0.00214,-0.0017592,-0.0014784,-2.2667e-05,-0.00012867,-0.0016521,-0.00036991,0.011584,0.017538,0.032919,0.004295,9.189e-07,0.058911,0.0082392,0.017526,-0.0075369,-0.0044983,0.0002125,-1.9944e-05,-1.7481e-06,-2.2461e-07,0.011544,0.093535,0.0020153,0.073459,0.05887,-0.03345,0.78516,1.5616,0.99764,0.083752,-0.01096,0.0036444,-0.00058252,-0.00082999,0.0069829,0.064283,0.0048063,0.068927,0.050653,-0.15942,0.4659,0.51129,2.9142,1.2508,0.13761,0.036216,0.0038083,0.0033238,0.00076683,-0.0015142,0.014518,-0.0017746,8.2308e-05,0.014541,0.026678,-0.0003418,0.0044855,-0.16839,4.842,5.2886,1.0212,0.27031,0.18254,0.056666,0.051406,-0.0015521,1.738e-15,0.013601,-0.0026118,0.00052477,0.022122,0.018439,8.2324e-05,8.233e-05,7.1123e-05,0.00066312,-0.00085027,1.4252e-05,0.014414,0.021573,-0.0012252,0.01194,0.04448,0.022874,0.032568,0.041012,0.00019315,-0.0028896,0.021225,0.0058412,-0.00023634,0.0010475,-2.1691e-05,0.00098089,0.00096451,0.020574,0.023188,0.0010081,0.0023309,0.0013076,3.6757e-19
-1.0864e-18,0.02848,-0.0011674,0.0007372,-1.113e-05,-7.8624e-06,0.033275,0.033288,0.036084,0.0019866,3.3128e-06,0.0075984,0.028332,0.01491,-0.00015279,-1.2191e-05,-6.2542e-05,0.00023637,-1.2854e-05,-8.0097e-06,-0.00024401,0.0099409,0.024407,0.0022619,0.039217,0.024062,7.5236,3.4768,0.14262,0.10367,0.033689,-0.0021062,0.0031134,0.038691,0.023322,-0.00032605,-0.0021635,0.0030096,1.2245e-07,-9.9148e-05,-6.0017e-07,-0.00010309,-6.8096e-08,-0.0021713,0.0018118,0.0011218,3.3599e-06,1.9072e-05,0.0002449,-0.00057126,0.036556,-0.0023644,0.033914,0.0090035,-1.3621e-07,0.031595,0.0071526,-0.0016145,0.0034013,0.0011014,-3.1499e-05,2.9563e-06,2.5912e-07,3.3294e-08,0.036567,0.10317,0.002181,0.061711,0.030967,0.03599,2.5847,1.3749,0.46766,0.029199,0.0016246,-0.00054021,8.6347e-05,0.00012303,-0.0010964,0.025794,0.039613,-0.0044248,-0.0073487,0.024854,-0.034827,0.42473,2.6994,1.7658,0.39778,0.037098,-0.0035937,-0.0023476,-0.00077929,0.00092683,0.001005,0.002548,-1.22e-05,0.010934,0.021824,5.0665e-05,0.01451,0.16242,3.0757,4.5195,1.0783,0.27481,0.22795,0.047819,0.03471,0.00023007,-2.6043e-16,0.034468,0.0026725,-7.7785e-05,-0.00065073,0.00077559,-1.2203e-05,-1.2204e-05,-1.0542e-05,-0.00071278,0.00080571,-2.1125e-06,-0.0013385,-0.00026807,0.0024672,0.02514,0.0062538,-0.0021672,0.024502,0.033325,-0.00019679,0.00042832,-0.0021883,-0.0014137,0.00024636,-0.0010831,3.2152e-06,-0.00099681,-0.00099189,-0.00198,-0.002261,9.629e-05,0.0024393,-0.00019382,3.6947e-19
-1.008e-18,0.0026314,-0.0035956,0.00041265,-6.2302e-06,-4.401e-06,0.004571,0.0045778,0.033289,0.025789,1.8544e-06,0.035031,0.004667,0.002207,-8.5522e-05,-6.8238e-06,-3.5008e-05,0.00013231,-7.1953e-06,-4.4834e-06,-0.0009299,-0.0019781,0.011913,0.027497,0.068504,0.023077,7.1955,2.3254,0.076116,0.063031,0.032293,-0.0046324,0.030577,0.05798,0.051172,0.01587,-0.001211,0.028838,6.8539e-08,-5.5498e-05,-3.3594e-07,-5.7707e-05,-3.8117e-08,-0.0071829,0.025811,0.011207,1.8807e-06,1.0676e-05,0.00013708,-0.0023349,0.039869,-0.0034228,0.0040799,0.0015004,-7.6243e-08,0.0036239,0.0010231,-0.00090372,0.029063,0.0057111,-1.7631e-05,1.6548e-06,1.4504e-07,1.8636e-08,0.039878,0.049036,-3.1344e-05,0.0052952,-0.050192,0.51815,3.0704,0.53575,0.21187,-0.00047583,0.00090936,-0.00030238,4.8333e-05,6.8866e-05,-0.0011193,-0.0015477,0.065284,0.051854,-0.0041135,0.013912,0.0076718,0.082925,0.38718,1.2893,1.1386,0.091532,0.0080526,-0.0072843,-0.0025786,0.0087513,0.027731,0.028595,-6.8292e-06,0.0014614,0.0029944,2.836e-05,0.013872,0.64669,2.5289,1.5909,0.53499,0.15467,0.11329,0.024493,0.032533,0.00012878,-1.4085e-16,0.021809,0.028669,-4.354e-05,0.016104,0.027608,-6.8305e-06,-6.8311e-06,-5.9011e-06,-0.0023767,0.0088046,-1.1825e-06,-0.00074925,0.019849,0.028558,0.0041924,-0.00050425,-0.0012131,0.0032756,0.0045821,-0.00065137,0.00023975,-0.0012249,-0.0033585,0.0030022,-0.0035927,1.7997e-06,-0.0032983,-0.0022413,-0.0011083,-0.0013853,-3.6314e-05,0.00034297,-0.00010849,1.2484e-19
2.7471e-18,-0.0011323,0.024361,-0.00029988,4.5276e-06,3.1983e-06,-0.0032065,-0.0032114,0.039682,0.037928,-1.3476e-06,0.018239,-0.0032998,-0.0015535,6.215e-05,4.959e-06,2.5441e-05,-9.6152e-05,5.2289e-06,3.2582e-06,0.0065398,0.023525,0.010204,0.050584,0.057781,0.025536,6.0695,2.4831,0.13742,0.045614,0.064435,0.028893,0.029121,0.024633,0.037175,0.010259,0.00088006,0.042819,-4.9809e-08,4.0331e-05,2.4414e-07,4.1937e-05,2.77e-08,0.04933,0.062458,0.016151,-1.3667e-06,-7.7583e-06,-9.9618e-05,0.016592,0.014833,0.018005,0.0033778,-0.0010613,5.5407e-08,-0.0025181,-0.00071907,0.00065675,0.042668,0.007549,1.2813e-05,-1.2026e-06,-1.054e-07,-1.3543e-08,0.014833,0.0084088,0.023752,0.018428,0.89089,1.2596,1.5254,0.059457,0.086362,0.02221,-0.00066084,0.00021975,-3.5124e-05,-5.0046e-05,0.0045509,0.051656,0.055473,0.089924,0.0029893,-0.01011,0.05823,-0.0067077,-0.27215,0.60821,1.9272,0.89679,0.18438,0.049424,0.01771,0.012546,0.043658,0.043031,4.9629e-06,-0.0010238,-0.0021004,-2.061e-05,0.015171,0.69481,2.6172,0.66468,0.20536,0.049394,0.061132,0.0054934,0.040293,-9.3588e-05,1.1095e-16,0.0050376,0.042988,3.1642e-05,0.026115,0.043761,4.9639e-06,4.9642e-06,4.2885e-06,0.016346,0.014205,8.5933e-07,0.00054449,0.031502,0.043076,-0.0029656,0.00039931,0.00088157,-0.0022948,-0.0032144,0.0044739,-0.00017423,0.00089016,0.021417,0.0058164,0.024685,-1.3079e-06,0.022653,0.028065,0.00080543,0.0018913,2.713e-05,-0.00024085,7.8842e-05,3.1516e-20
3.0739e-18,0.0012993,0.026648,7.5838e-05,-1.145e-06,-8.0882e-07,0.00081089,0.00081215,0.025001,0.02061,3.408e-07,-0.0038208,0.00083449,0.00039286,-1.5717e-05,-1.2541e-06,-6.4338e-06,2.4316e-05,-1.3224e-06,-8.2398e-07,0.0071924,0.027315,0.0084872,0.032504,0.021221,0.016076,2.8121,1.6578,0.11701,0.022982,0.051032,0.031202,0.0089263,-0.0050214,0.0082324,-0.0021994,-0.00022256,0.024217,1.2596e-08,-1.02e-05,-6.1741e-08,-1.0606e-05,-7.0052e-09,0.054069,0.045555,0.0088638,3.4564e-07,1.962e-06,2.5193e-05,0.018274,-0.0029591,0.018857,0.0085402,0.0002684,-1.4012e-08,0.00063682,0.00018185,-0.00016609,0.024262,0.0043261,-3.2403e-06,3.0413e-07,2.6656e-08,3.425e-09,-0.0029589,-0.0013344,0.024518,0.028619,0.94007,0.92001,0.097358,-0.0069856,0.016386,0.027195,0.00016712,-5.5572e-05,8.8827e-06,1.2656e-05,0.0044873,0.056862,0.021739,0.047381,-0.00075598,0.0025568,0.020336,0.030522,0.068824,0.15221,1.2543,0.84961,0.17916,0.054075,0.019411,0.0069029,0.024024,0.024183,-1.2551e-06,0.00025891,0.00053118,5.212e-06,0.0095985,0.31023,1.482,0.56346,0.087058,0.0057475,0.038171,-0.00096995,0.02488,2.3668e-05,-2.3243e-17,-0.00089731,0.0242,-8.002e-06,0.013551,0.024005,-1.2553e-06,-1.2554e-06,-1.0845e-06,0.01792,0.0084456,-2.1732e-07,-0.0001377,0.01651,0.024181,0.00074998,-0.00010098,-0.00022294,0.00058033,0.00081291,0.0049037,4.4062e-05,-0.00022512,0.023211,0.003849,0.027058,3.3076e-07,0.024829,0.029552,-0.00020369,0.00085623,-6.8611e-06,6.091e-05,-1.9939e-05,4.2138e-20
-6.0883e-19,4.7111e-20,1.1238e-17,-1.4559e-18,-2.0374e-20,6.8193e-20,2.8087e-19,1.86e-19,6.1697e-18,2.1898e-18,-1.5287e-19,-1.5648e-18,4.731e-19,2.9595e-19,-3.56e-21,7.7418e-23,-2.3281e-22,6.8646e-21,-1.4735e-21,1.1485e-20,2.0044e-18,6.4265e-18,3.4206e-18,1.4801e-17,-2.8625e-17,-3.5261e-17,9.8897e-16,4.5448e-16,5.0428e-17,8.255e-18,1.1708e-17,1.0232e-17,2.8315e-18,-3.3571e-18,-4.7727e-19,-1.2699e-18,5.7151e-19,5.6571e-18,7.6437e-19,1.6269e-20,2.231e-19,4.816e-19,-2.0923e-18,2.4038e-17,8.9735e-18,3.3535e-18,-1.3804e-20,2.0093e-19,1.3676e-18,8.8786e-18,-2.4681e-19,4.5373e-18,3.9024e-18,1.1111e-19,-8.7609e-21,5.0967e-19,3.3643e-20,-1.0775e-19,1.0817e-17,2.6342e-18,9.8326e-20,3.46e-20,1.3584e-21,-8.118e-21,-2.4103e-18,4.1857e-19,7.5985e-18,7.979e-18,2.9675e-16,1.7455e-16,-6.4232e-18,2.6492e-18,-9.0049e-19,1.3029e-17,-4.0715e-19,-1.6328e-19,2.8656e-19,1.8642e-21,3.3731e-19,8.5064e-18,2.8619e-18,8.0071e-18,-4.4773e-20,2.3822e-18,4.0357e-18,1.7158e-17,2.3314e-17,5.6426e-17,4.069e-16,1.8114e-16,3.0643e-17,1.1786e-17,5.0159e-18,6.6781e-19,7.1057e-18,5.8327e-18,4.433e-19,3.8292e-19,4.4606e-19,-1.2586e-19,1.1082e-18,4.0346e-17,2.605e-16,2.0057e-16,2.2617e-17,-9.9296e-19,1.9021e-17,2.2555e-18,9.4479e-18,-5.6335e-19,-4.1971e-19,4.7201e-19,9.0947e-18,-1.0248e-18,1.0563e-18,3.4722e-18,6.254e-19,-1.9071e-19,-5.3113e-19,5.0041e-18,1.5578e-18,3.403e-20,-2.6926e-19,5.8273e-18,8.4447e-18,1.5766e-18,-1.6902e-19,-2.474e-19,6.7308e-20,2.6355e-19,7.1834e-19,-3.8692e-19,-5.9149e-19,6.7787e-18,6.4807e-19,3.3084e-18,2.1699e-18,5.4103e-18,1.2814e-17,-9.8411e-19,-3.0247e-19,-1.1834e-19,7.1336e-20,1.4603e-20,1.3814e-20
