-2.5569e-19,1.1136e-17,1.1509e-17,-1.5683e-19,-6.4333e-20,-1.7618e-20,-1.5328e-22,1.9917e-21,2.1666e-20,8.6151e-20,9.1772e-22,2.9237e-20,-1.8541e-20,-6.2932e-22,-1.2087e-20,1.29e-19,1.6623e-18,8.2193e-20,1.5915e-18,-1.4157e-19,7.4361e-19,-2.5413e-19,3.2647e-20,5.1733e-20,1.863e-18,5.0999e-19,3.0951e-20,-1.3894e-20,1.4184e-19,3.0294e-19,3.2601e-19,8.8149e-18,1.9547e-18,3.0917e-18,1.2896e-18,2.0117e-18,7.4001e-18,-1.8292e-20,-3.4562e-20,5.4887e-21,-3.6419e-19,8.3337e-19,9.1468e-18,3.8284e-18,-2.8573e-19,-8.7522e-20,-1.6073e-20,4.2492e-21,-1.0888e-21,-1.9511e-22,-3.9209e-25,-4.5885e-24,-2.2926e-24,9.3331e-23,1.0222e-22,-5.0229e-22,1.9068e-21,5.8431e-21,1.0119e-18,2.9675e-19,-3.7888e-21,-5.2048e-22,-3.7863e-23,4.8105e-23,5.5686e-23,1.169e-23,2.6892e-24,-4.7072e-22,5.9732e-21,5.0963e-22,1.1527e-22,-1.7846e-23,-1.1051e-23,-1.3508e-22,-2.6853e-23,7.6815e-22,7.3903e-22,-3.7244e-21,3.2161e-20,-2.8514e-19,6.2971e-18,-2.5636e-19,-5.0456e-19,7.283e-20,3.3255e-20,-3.9925e-21,-1.1909e-21,-1.0796e-21,-1.1122e-20,-3.7059e-19,-4.8393e-21,-6.7154e-22,4.4021e-22,-4.2061e-23,-2.0081e-22,-1.5305e-23,-2.4028e-24,1.184e-23,-6.9217e-23,-9.8495e-21,-2.3762e-20,4.365e-21,-2.5243e-22,-3.297e-23,-1.0415e-23,2.5616e-23,-1.2318e-22,1.5323e-20,2.9495e-23,-3.3989e-21,-2.0029e-20,3.6283e-19,2.4658e-19,-4.8039e-19,-4.1675e-19,1.2118e-18,3.0096e-18,-8.317e-19,-2.7383e-19,-3.9007e-19,-6.9093e-19,-1.1313e-18,3.6026e-19,-3.7815e-19,1.2964e-19,6.8024e-21,-1.3541e-18,1.429e-19,1.0772e-18,6.3139e-19,1.9713e-20,2.3717e-20,-1.1961e-18,-6.6788e-20,1.5461e-18,2.4215e-18,1.4452e-18,7.7032e-20,1.488e-18,-6.2503e-20,3.0673e-20,-3.8375e-21,1.0777e-21,1.5759e-22,-2.5908e-23
1.4877e-20,-0.0078182,-0.008549,0.00011855,2.9873e-05,2.0239e-05,-3.1663e-08,1.9033e-09,-1.6808e-05,-6.4294e-05,-1.1306e-08,-2.1552e-05,1.7059e-05,4.364e-07,1.1827e-05,-0.00011949,-0.001254,-1.0952e-10,0.020952,0.023181,0.016308,0.0070708,1.5492e-07,6.492e-19,0.0088178,0.0056215,-2.0346e-19,-4.6937e-07,-2.3332e-07,-6.3733e-12,2.9107e-18,0.02961,0.023909,0.0024028,-0.0010828,-0.0010828,-0.0048905,-2.5305e-07,1.074e-18,-3.7445e-18,1.1643e-17,-4.6271e-15,0.10884,0.045365,0.0039998,4.5602e-05,1.4449e-05,-2.7953e-06,4.9149e-07,1.2195e-07,-4.0296e-10,4.1176e-10,-2.45e-10,3.1577e-11,8.2487e-12,3.8517e-12,-6.8158e-13,-2.1103e-10,-0.00088471,-0.00018417,-2.6613e-09,-3.029e-10,-9.9472e-15,4.2258e-12,4.2015e-13,-5.8825e-15,-8.9464e-22,8.3394e-12,-6.2189e-06,-2.2081e-07,-5.6271e-23,4.1136e-12,-5.2985e-22,1.8743e-21,2.101e-13,7.9687e-12,-9.1179e-20,1.1451e-11,-3.5725e-10,0.00018768,-0.0032009,0.017447,7.1777e-18,-3.2364e-19,-4.2547e-19,9.3188e-20,-1.6624e-12,2.9645e-07,1.7096e-06,0.00029852,-2.5388e-13,-9.2545e-13,-1.2185e-21,2.9338e-08,1.263e-07,-3.2948e-12,-1.1547e-11,3.3308e-22,1.9849e-21,7.405e-06,1.5697e-05,-3.3043e-06,9.6524e-17,3.4035e-16,-3.2732e-17,-1.2405e-09,4.9405e-09,-1.2443e-05,-4.347e-20,-3.236e-16,-1.3009e-19,0.004669,0.013105,0.00029462,0.00030061,-0.00084884,-0.0021448,0.0062575,0.0097158,0.0065231,0.0098317,0.0098317,0.0028226,0.00029862,0.0026123,-6.7803e-19,0.0098322,2.1721e-12,0.0067054,0.0088276,-6.3776e-19,0.0081895,0.0098328,5.9965e-19,0.0074243,0.0088282,0.0088283,0.010085,-0.001084,1.8345e-17,3.0956e-17,7.2237e-14,9.1182e-14,-1.1031e-21,-2.447e-21
9.874e-18,0.045762,0.042439,-0.00046877,-0.00011813,-8.003e-05,1.252e-07,-7.5259e-09,6.6462e-05,0.00025423,4.4707e-08,8.5221e-05,-6.7454e-05,-1.7256e-06,-4.6766e-05,0.0004725,0.0060888,4.3306e-10,0.026766,0.030714,0.019265,0.0064511,-6.1258e-07,1.475e-18,0.015665,0.010269,-4.3254e-20,1.856e-06,9.2259e-07,2.5201e-11,3.7377e-18,0.026322,0.038559,0.01976,0.0054278,0.0054279,0.023923,1.0006e-06,3.0082e-18,-6.3654e-18,2.3856e-17,1.8309e-14,0.18803,0.068987,0.0030805,-0.00018032,-5.7133e-05,1.1053e-05,-1.9435e-06,-4.8222e-07,1.5934e-09,-1.6282e-09,9.6879e-10,-1.2486e-10,-3.2617e-11,-1.523e-11,2.6951e-12,8.3446e-10,0.004429,0.00092882,1.0523e-08,1.1977e-09,3.9333e-14,-1.671e-11,-1.6614e-12,2.3261e-14,3.8101e-21,-3.2976e-11,2.4591e-05,8.7311e-07,6.8961e-22,-1.6266e-11,1.0288e-21,-3.6315e-21,-8.3079e-13,-3.151e-11,2.0272e-19,-4.5281e-11,1.4126e-09,-0.00074214,0.023175,0.023323,-2.2874e-17,2.3584e-19,1.4729e-18,-4.5198e-19,6.5736e-12,-1.1722e-06,-6.7603e-06,-0.0011804,1.0039e-12,3.6594e-12,6.8291e-23,-1.1601e-07,-4.9943e-07,1.3028e-11,4.566e-11,-1.8934e-21,-1.0702e-20,-2.9281e-05,-6.2069e-05,1.3066e-05,-3.8167e-16,-1.3458e-15,1.2943e-16,4.9052e-09,-1.9536e-08,4.9202e-05,-1.209e-19,1.2806e-15,9.6674e-18,0.0085288,0.019585,-0.001165,-0.0011887,0.004684,0.010776,0.0057086,0.011456,0.0059514,0.00897,0.00897,0.0029142,-0.0011808,0.002395,-1.1219e-19,0.0089705,-8.589e-12,0.012249,0.015682,4.8941e-18,0.0074718,0.0089711,1.6809e-18,0.013562,0.015683,0.015684,0.0097132,0.0054338,-7.2932e-17,-1.2302e-16,-2.8564e-13,-3.6055e-13,1.8875e-21,2.8098e-21
1.2704e-17,0.11169,0.10781,0.00064506,0.00016255,0.00011013,-1.7229e-07,1.0356e-08,-9.1455e-05,-0.00034984,-6.152e-08,-0.00011727,9.282e-05,2.3745e-06,6.4352e-05,-0.00065018,0.01336,-5.9592e-10,0.0087981,0.012559,0.008032,-0.00093929,8.4294e-07,4.7412e-19,0.010445,0.0070892,5.6564e-20,-2.5539e-06,-1.2695e-06,-3.4678e-11,2.6707e-18,-0.0031128,0.028181,0.034542,0.014593,0.014593,0.055247,-1.3769e-06,2.1965e-18,-5.0369e-18,1.8893e-17,-2.5178e-14,0.13949,0.047205,0.00014173,0.00024813,7.8618e-05,-1.521e-05,2.6743e-06,6.6356e-07,-2.1926e-09,2.2405e-09,-1.3331e-09,1.7182e-10,4.4883e-11,2.0958e-11,-3.7086e-12,-1.1483e-09,0.011815,0.0025826,-1.4481e-08,-1.6481e-09,-5.4125e-14,2.2993e-11,2.2861e-12,-3.2008e-14,-4.3652e-21,4.5376e-11,-3.3838e-05,-1.2014e-06,6.265e-22,2.2383e-11,3.2485e-21,-1.3014e-20,1.1432e-12,4.3359e-11,6.0943e-19,6.2309e-11,-1.9438e-09,0.0010482,0.067921,0.0095582,3.3144e-17,-9.5452e-20,-1.9168e-18,6.4752e-19,-9.0456e-12,1.613e-06,9.3025e-06,0.0016827,-1.3814e-12,-5.0356e-12,-2.3374e-21,1.5963e-07,6.8724e-07,-1.7928e-11,-6.283e-11,1.4954e-21,1.0412e-20,4.0292e-05,8.541e-05,-1.7979e-05,5.252e-16,1.8519e-15,-1.781e-16,-6.7498e-09,2.6882e-08,-6.7705e-05,-1.3152e-19,-1.7612e-15,-8.8937e-18,0.005888,0.0098854,0.0016615,0.0016941,0.019168,0.029334,-0.00083077,0.0026615,-0.00086653,-0.0013061,-0.0013061,-0.00076322,0.0016833,-0.00036036,-5.1484e-19,-0.0013061,1.1819e-11,0.0084561,0.010457,-7.4197e-18,-0.0010879,-0.0013062,6.788e-19,0.0093627,0.010458,0.010458,-0.00055894,0.014609,9.9543e-17,1.6873e-16,3.9306e-13,4.9614e-13,1.7236e-21,1.0996e-20
1.5842e-17,0.10238,0.10127,0.0011524,0.00029039,0.00019674,-3.0779e-07,1.8501e-08,-0.00016339,-0.00062499,-1.0991e-07,-0.0002095,0.00016582,4.2421e-06,0.00011497,-0.0011616,0.0092218,-1.0646e-09,0.00042369,0.0035005,0.0093572,-0.00028387,1.5059e-06,-4.9407e-20,0.00097161,0.00066849,-5.725e-20,-4.5626e-06,-2.268e-06,-6.1953e-11,1.4561e-18,0.0044645,0.017213,0.026377,0.013381,0.013381,0.034765,-2.4598e-06,7.85e-19,-1.9087e-18,7.0331e-18,-4.4994e-14,0.059958,0.035614,0.004442,0.00044329,0.00014045,-2.7173e-05,4.7777e-06,1.1855e-06,-3.9171e-09,4.0026e-09,-2.3816e-09,3.0696e-10,8.0184e-11,3.7441e-11,-6.6255e-12,-2.0514e-09,0.010673,0.0025177,-2.587e-08,-2.9444e-09,-9.6695e-14,4.1078e-11,4.0842e-12,-5.7183e-14,-7.4993e-21,8.1066e-11,-6.0452e-05,-2.1464e-06,-2.8426e-21,3.9987e-11,2.6837e-21,-1.1502e-20,2.0424e-12,7.7462e-11,5.6342e-19,1.1132e-10,-3.4727e-09,0.0061451,0.077672,0.0010675,5.9468e-17,-3.1779e-19,-3.5103e-18,1.2661e-18,-1.616e-11,2.8817e-06,1.6619e-05,0.012239,-2.4679e-12,-8.9961e-12,-2.0105e-20,2.8518e-07,1.2278e-06,-3.2028e-11,-1.1225e-10,2.5063e-21,2.3388e-20,7.1982e-05,0.00015259,-3.2121e-05,9.3826e-16,3.3084e-15,-3.1818e-16,-1.2059e-08,4.8025e-08,-0.00012096,-4.1525e-20,-3.1471e-15,-1.803e-17,0.0005552,0.00079858,0.012204,0.012262,0.029605,0.027006,-0.00025037,6.2108e-05,-0.00026188,-0.00039472,-0.00039472,-0.00079323,0.012243,-0.00012824,-7.9726e-19,-0.00039474,2.1115e-11,0.00079739,0.00097269,-1.2497e-17,-0.00032879,-0.00039476,-4.9484e-19,0.00088288,0.00097275,0.00097276,-0.00031579,0.013396,1.7901e-16,3.0187e-16,7.022e-13,8.8636e-13,-5.8829e-22,8.4196e-21
1.5755e-17,0.092191,0.088984,-0.0077744,-0.0019591,-0.0013273,2.0765e-06,-1.2482e-07,0.0016038,0.0067152,7.4146e-07,0.0020339,-0.0011187,-2.8619e-05,-0.0007756,0.013917,0.013443,7.1822e-09,-4.9524e-05,0.00051386,0.0041225,0.00027933,-1.0159e-05,-7.1434e-20,-0.00093684,-0.00064483,-1.3807e-20,3.0781e-05,1.5301e-05,4.1796e-10,-3.1377e-19,0.0074647,0.0047992,0.017297,0.0042238,0.0042242,0.007936,1.6595e-05,1.1059e-19,-1.3687e-19,6.2739e-19,3.0356e-13,0.010734,0.026378,0.0054548,-0.0029905,-0.00094753,0.00018332,-3.2232e-05,-7.9974e-06,2.6426e-08,-2.7003e-08,1.6067e-08,-2.0708e-09,-5.4095e-10,-2.5259e-10,4.4697e-11,1.3839e-08,0.0033393,0.00082295,1.7452e-07,1.9864e-08,6.5233e-13,-2.7713e-10,-2.7553e-11,3.8577e-13,6.1923e-20,-5.4689e-10,0.00040783,1.448e-05,-4.325e-21,-2.6977e-10,6.4757e-22,-4.8189e-21,-1.3778e-11,-5.2258e-10,2.1653e-19,-7.5097e-10,2.3428e-08,0.0024873,0.031137,-0.0035649,-3.9824e-16,3.0401e-18,2.3072e-17,-7.5107e-18,1.0902e-10,-1.9441e-05,-0.00011212,0.015066,1.6649e-11,6.0691e-11,-1.6495e-20,-1.9239e-06,-8.2829e-06,2.1607e-10,7.5725e-10,-2.4757e-20,-1.205e-19,-0.00048562,-0.0010294,0.0002167,-6.3299e-15,-2.232e-14,2.1465e-15,8.1351e-08,-3.2399e-07,0.000816,7.579e-20,2.1232e-14,1.1907e-16,-0.00053541,-0.00075436,0.01533,0.014938,0.014112,0.0069725,0.00024146,-6.1798e-05,0.0002577,0.0003884,0.0003884,0.0066641,0.015071,0.00026023,5.7601e-18,0.00038843,-1.4245e-10,-0.00076916,-0.0009379,8.1992e-17,0.00032353,0.00038845,3.0531e-18,-0.00085162,-0.00093794,-0.00093795,0.00031203,0.0042291,-1.2009e-15,-2.0363e-15,-4.7373e-12,-5.9797e-12,6.095e-22,2.877e-21
3.4156e-18,0.053907,0.053367,0.020703,0.0052569,0.0036578,-5.0721e-06,3.0488e-07,0.0019795,0.013299,-1.8111e-06,0.0023434,0.0031042,6.9906e-05,0.0018945,0.038895,0.026373,-1.7544e-08,-0.00084191,-0.00011519,-0.0015235,-9.3952e-05,2.4816e-05,5.7249e-21,0.0003151,0.00021688,-1.0242e-20,-7.5187e-05,-3.7375e-05,-1.0209e-09,-7.8262e-19,0.0025944,-0.0012963,0.010765,-0.0011647,-0.0011654,-0.0019503,-4.0536e-05,-1.2578e-19,2.2474e-19,-9.1053e-19,-7.4149e-13,-0.0025917,0.015727,0.0051867,0.008251,0.0027987,-0.00044778,7.8732e-05,1.9535e-05,-6.455e-08,6.5959e-08,-3.9247e-08,5.0583e-09,1.3214e-09,6.17e-10,-1.0918e-10,-3.3805e-08,-0.00092052,-0.00022847,-4.2631e-07,-4.8521e-08,-1.5934e-12,6.7693e-10,6.7304e-11,-9.4232e-13,-1.1871e-19,1.3359e-09,-0.00099619,-3.5371e-05,-4.5555e-20,6.5895e-10,1.6649e-21,-1.7687e-21,3.3656e-11,1.2765e-09,1.1326e-19,1.8344e-09,-5.7227e-08,0.00027245,0.01249,0.0084135,9.7313e-16,-7.0499e-18,-5.6481e-17,1.8836e-17,-2.663e-10,4.7487e-05,0.00027387,0.0079408,-4.0669e-11,-1.4825e-10,-1.3581e-20,4.6996e-06,2.0232e-05,-5.2779e-10,-1.8497e-09,8.0299e-20,3.7228e-19,0.0013539,0.0028238,-0.00052932,1.5462e-14,5.452e-14,-5.2433e-15,-1.9871e-07,7.9141e-07,-0.0019932,4.298e-19,-5.1863e-14,-2.9241e-16,0.00017975,0.00022366,0.007307,0.0082655,0.0023544,0.0017731,-6.9112e-05,3.8604e-05,-8.6673e-05,-0.00013064,-0.00013064,0.0072096,0.0079436,-0.00041808,-1.4365e-17,-0.00013064,3.4795e-10,0.0002587,0.00031549,-2.0041e-16,-0.00010882,-0.00013065,-7.5087e-18,0.00028643,0.00031546,0.00031547,-0.00010495,-0.0011676,2.9334e-15,4.9739e-15,1.1572e-11,1.4606e-11,-3.2984e-22,-9.7974e-22
-1.7158e-18,-0.0020454,0.0036528,0.048286,0.013496,0.012338,2.2805e-06,-1.3708e-07,0.0003135,0.010862,8.1432e-07,0.00095222,0.011103,-3.1431e-05,-0.00085182,0.044111,0.034093,7.888e-09,0.00043855,7.9058e-06,0.00025094,6.4487e-06,-1.1158e-05,-3.3997e-21,-2.1626e-05,-1.4885e-05,9.022e-21,3.3805e-05,1.6804e-05,4.5903e-10,-1.6189e-19,-7.8678e-05,8.897e-05,0.0045319,7.9346e-05,7.9672e-05,8.8857e-05,1.8226e-05,-8.8987e-21,5.2178e-20,-2.167e-19,3.3339e-13,0.00017788,0.0061683,0.0048792,0.028113,0.015029,0.00020133,-3.5399e-05,-8.7833e-06,2.9023e-08,-2.9657e-08,1.7646e-08,-2.2743e-09,-5.9411e-10,-2.7741e-10,4.909e-11,1.5199e-08,6.3178e-05,1.5681e-05,1.9167e-07,2.1816e-08,7.1644e-13,-3.0436e-10,-3.0261e-11,4.2368e-13,9.6094e-20,-6.0064e-10,0.00044934,1.5958e-05,-1.1059e-20,-2.9628e-10,5.1445e-21,-3.0275e-21,-1.5132e-11,-5.7393e-10,2.0885e-19,-8.2477e-10,2.573e-08,0.0039429,0.043692,0.028796,-4.3862e-16,2.8239e-18,2.5391e-17,-8.4173e-18,1.1973e-10,-2.1351e-05,-0.00012314,-0.00029084,1.8285e-11,6.6655e-11,-1.7576e-20,-2.113e-06,-9.0968e-06,2.373e-10,8.3167e-10,3.8156e-19,1.0941e-18,0.0050318,0.0091351,0.0002389,-6.9516e-15,-2.4513e-14,2.3574e-15,8.9345e-08,-3.5583e-07,0.00089905,1.3408e-19,2.3319e-14,1.3138e-16,-1.2193e-05,-2.0668e-06,-4.3498e-06,-0.00043598,0.0080933,0.01457,-6.0245e-07,-1.0522e-05,5.9487e-06,8.9659e-06,8.966e-06,-0.00030608,-0.00029095,0.00017523,6.4684e-18,8.9664e-06,-1.5644e-10,-1.7756e-05,-2.1672e-05,9.0108e-17,7.4684e-06,8.967e-06,3.4008e-18,-1.9659e-05,-2.1651e-05,-2.1652e-05,7.203e-06,8.0133e-05,-1.319e-15,-2.2363e-15,-5.2028e-12,-6.5673e-12,6.7185e-23,5.5611e-23
-9.6571e-19,-0.003734,-0.0021441,0.0017391,0.0027221,0.012113,2.5216e-05,-1.5157e-06,-4.664e-05,0.0020825,9.0041e-06,0.0028546,0.011811,-0.00034754,-0.0094187,0.017856,0.025583,8.722e-08,0.01136,1.4433e-05,0.0042423,1.1778e-05,-0.00012337,1.1796e-20,-3.9481e-05,-2.7175e-05,1.3404e-20,0.0003738,0.00018581,5.0756e-09,4.3783e-20,-0.00014364,0.00016243,0.00061136,0.0001384,0.000142,-0.00032803,0.00020152,3.1083e-19,-1.6249e-20,-1.5381e-20,3.6863e-12,0.00032474,0.00078006,0.0010174,0.025184,0.027992,0.0022262,-0.00039142,-9.7119e-05,3.2091e-07,-3.2792e-07,1.9512e-07,-2.5148e-08,-6.5692e-09,-3.0674e-09,5.428e-10,1.6806e-07,0.00011534,2.8627e-05,2.1194e-06,2.4122e-07,7.9218e-12,-3.3654e-09,-3.346e-10,4.6848e-12,1.7443e-18,-6.6414e-09,0.011386,0.00042023,-2.2945e-20,-3.276e-09,1.4679e-20,1.589e-21,-1.6732e-10,-6.3461e-09,1.4181e-19,-9.1197e-09,2.845e-07,0.0041194,0.051373,0.027868,-4.8394e-15,3.4685e-17,2.8065e-16,-9.3218e-17,1.3239e-09,-0.00023608,-0.0013615,-0.00053097,2.0219e-10,7.3702e-10,-3.1443e-20,-2.3364e-05,-0.00010059,2.6239e-09,9.196e-09,5.7686e-19,5.1685e-19,0.0055556,0.0075872,0.0067034,-7.6869e-14,-2.7105e-13,2.6067e-14,9.8791e-07,-3.9345e-06,0.022781,2.9102e-19,2.5784e-13,1.4524e-15,-2.0689e-05,0.00014095,0.0057243,-0.002135,0.0089924,0.014244,-5.9341e-05,-0.00010498,1.086e-05,1.6368e-05,1.6368e-05,-0.00055878,-0.00053116,0.0041083,7.1588e-17,1.6369e-05,-1.7298e-09,-3.2418e-05,-3.9767e-05,9.9626e-16,1.3635e-05,1.637e-05,3.7586e-17,-3.589e-05,-3.9527e-05,-3.9528e-05,1.315e-05,0.00014629,-1.4584e-14,-2.4728e-14,-5.7528e-11,-7.2616e-11,2.0565e-23,1.1057e-22
-1.8222e-18,0.0020538,0.0012181,0.067277,0.010481,0.012336,-9.9313e-05,5.9697e-06,3.2758e-05,-0.0010635,-3.5462e-05,0.0024224,0.0073754,0.0013688,0.047202,0.047497,0.01555,-3.4351e-07,0.0155,-7.9384e-06,0.0041632,-6.4988e-06,0.0004859,5.1848e-20,2.1715e-05,1.4947e-05,-4.4296e-22,-0.0014722,-0.00073181,-1.999e-08,-8.1636e-20,7.9004e-05,-8.9337e-05,-0.0003025,-4.9942e-05,-6.4111e-05,0.003098,-0.00079369,-9.3568e-19,-4.7628e-20,-2.9848e-20,-1.4518e-11,-0.00017861,-0.00038287,-0.00052481,0.0090263,0.019534,-0.008243,0.0015416,0.0003825,-1.2639e-06,1.2915e-06,-7.6846e-07,9.9043e-08,2.5872e-08,1.2081e-08,-2.1378e-09,-6.619e-07,-6.3439e-05,-1.5746e-05,-8.3471e-06,-9.5004e-07,-3.12e-11,1.3254e-08,1.3178e-09,-1.8451e-11,2.1239e-18,2.6157e-08,0.015498,0.00064928,4.0124e-20,1.2902e-08,1.5517e-20,1.9121e-21,6.5899e-10,2.4994e-08,6.7875e-19,3.5917e-08,-1.1205e-06,0.0031331,0.035544,0.010805,1.906e-14,-1.3651e-16,-1.1053e-15,3.6713e-16,-5.2142e-09,0.0012454,0.0070481,0.00029204,-7.963e-10,-2.9027e-09,3.6343e-20,9.2018e-05,0.00039615,-1.0334e-08,-3.6218e-08,2.0615e-19,2.0172e-19,0.0023636,0.0059,0.012285,3.0275e-13,1.0675e-12,-1.0267e-13,-3.8909e-06,1.5496e-05,0.031009,-3.326e-19,-1.0155e-12,-5.7214e-15,5.0033e-06,-0.00066487,0.0045159,0.0082954,0.0036863,0.0052364,0.00026901,0.00040584,-5.9732e-06,-9.003e-06,-9.003e-06,0.00030734,0.00029215,0.0042441,-2.7931e-16,-9.0035e-06,6.8129e-09,1.7841e-05,2.2694e-05,-3.9237e-15,-7.4993e-06,-9.004e-06,-1.4804e-16,1.974e-05,2.1741e-05,2.1741e-05,-7.2327e-06,-8.0464e-05,5.7438e-14,9.739e-14,2.2657e-10,2.86e-10,5.732e-24,-5.6125e-23
-4.7402e-18,-0.00048039,-0.00028492,0.1645,0.066999,0.010766,0.00017076,-9.9365e-06,-1.4949e-05,0.00024262,5.9027e-05,-0.00013725,-0.0044089,-0.0022783,0.085654,0.069383,0.0076541,5.7177e-07,0.0089196,1.8568e-06,0.0014273,1.5545e-06,-0.00080879,6.3561e-21,-5.0793e-06,-3.4961e-06,-1.7013e-20,0.0025852,0.001291,3.3273e-08,9.6144e-20,-1.8481e-05,2.0897e-05,7.0756e-05,-3.1856e-05,-8.2726e-06,0.0097909,0.001379,1.6506e-18,-5.7572e-20,-2.2121e-20,2.4166e-11,4.1779e-05,8.9554e-05,0.00012276,-0.001373,0.0035533,0.023444,-0.0025659,-0.00063667,2.1038e-06,-2.1497e-06,1.2791e-06,-1.6486e-07,-4.3064e-08,-2.0109e-08,3.5583e-09,1.1017e-06,1.4839e-05,3.6829e-06,1.3894e-05,1.5813e-06,5.1932e-11,-2.2062e-08,-2.1935e-09,3.0711e-11,1.28e-18,-4.3538e-08,0.0089268,0.00043369,-8.1742e-20,-2.1476e-08,-2.4122e-22,-2.5172e-21,-1.0969e-09,-4.1602e-08,-5.4361e-19,-5.9784e-08,1.8651e-06,-0.00015514,0.023101,-0.0017942,-3.1723e-14,2.2742e-16,1.8398e-15,-6.1138e-16,8.679e-09,0.0030696,0.015711,-6.831e-05,1.3254e-09,4.8315e-09,-9.5716e-20,-0.00015316,-0.0006594,1.7201e-08,6.0285e-08,-1.2834e-19,1.8876e-19,-0.00040066,0.0041377,0.0095189,-5.0392e-13,-1.7769e-12,1.7089e-13,6.4763e-06,-2.5793e-05,0.017861,6.1442e-19,1.6903e-12,9.5229e-15,9.4316e-06,0.0011986,0.0071373,0.013991,-0.0006198,-0.00085817,-0.00045596,-0.00067376,1.3972e-06,2.1059e-06,2.1058e-06,-7.1889e-05,-6.8335e-05,0.001411,4.6567e-16,2.1059e-06,-1.134e-08,-4.1906e-06,-6.6744e-06,6.531e-15,1.7541e-06,2.1061e-06,2.4641e-16,-4.6173e-06,-5.0853e-06,-5.0853e-06,1.6918e-06,1.8821e-05,-9.5606e-14,-1.621e-13,-3.7713e-10,-4.7604e-10,1.0305e-23,1.4055e-23
-3.5618e-18,-7.0972e-05,-4.2096e-05,0.13271,0.12468,0.0032564,0.00062494,-8.7795e-06,-8.4471e-06,3.0588e-05,5.2154e-05,-0.00024266,-0.0032389,-0.002013,0.038461,0.023815,0.00039831,5.052e-07,0.00048143,2.7434e-07,5.5415e-05,2.5915e-07,-0.00071461,-1.0343e-19,-7.5044e-07,-5.1653e-07,5.0762e-19,0.013999,0.0074816,2.9399e-08,2.7469e-20,-2.7318e-06,3.0875e-06,1.0454e-05,-4.198e-05,-2.1143e-05,0.011706,0.0062529,1.7018e-18,1.0458e-20,-3.6285e-20,2.1352e-11,6.1726e-06,1.3231e-05,1.8136e-05,-0.00012112,8.1072e-05,0.12284,-0.0022672,-0.00056254,1.8588e-06,-1.8994e-06,1.1302e-06,-1.4566e-07,-3.805e-08,-1.7767e-08,3.144e-09,9.7344e-07,2.1923e-06,5.441e-07,1.2276e-05,1.3972e-06,4.5885e-11,-1.9493e-08,-1.9381e-09,2.7135e-11,8.3864e-20,-3.8468e-08,0.00048205,2.4769e-05,-3.322e-20,-1.8975e-08,-4.6093e-22,-4.2875e-21,-9.6916e-10,-3.6758e-08,-4.6027e-19,-5.2823e-08,1.6479e-06,0.00015054,0.024711,-0.00026508,-2.803e-14,2.0082e-16,1.6255e-15,-5.4012e-16,7.6685e-09,0.0028505,0.012113,-1.0092e-05,1.1711e-09,4.269e-09,-8.7696e-20,-0.00013533,-0.00058262,1.5198e-08,5.3265e-08,-3.3189e-20,3.4568e-20,-5.9196e-05,0.00024433,0.00056924,-4.4524e-13,-1.57e-12,1.5099e-13,5.7222e-06,-2.279e-05,0.0009645,-6.2662e-19,1.4935e-12,8.4143e-15,1.047e-05,0.0068318,0.021476,0.004597,-9.1572e-05,-0.00012679,-0.00040386,-0.00059509,2.0644e-07,3.1116e-07,3.1113e-07,-1.0621e-05,-1.0096e-05,5.2839e-05,4.1142e-16,3.1114e-07,-1.002e-08,-6.3414e-07,-2.1557e-06,5.7705e-15,2.5916e-07,3.1116e-07,2.1772e-16,-6.8218e-07,-7.5132e-07,-7.5133e-07,2.4994e-07,2.7807e-06,-8.4473e-14,-1.4323e-13,-3.3322e-10,-4.2061e-10,2.6572e-24,-1.1892e-24
-6.368e-19,0.00010916,6.4758e-05,0.036045,0.066176,-0.0007785,-0.00013307,8.999e-05,7.8255e-05,7.9468e-06,-0.00053458,0.0023067,0.052672,0.03539,0.022917,0.017596,-0.00061549,-5.1783e-06,-0.0007346,-4.2203e-07,-8.4132e-05,-7.0702e-07,0.01145,9.8958e-19,1.1545e-06,7.9462e-07,1.226e-18,0.014588,0.0094102,-3.0134e-07,-1.1353e-18,4.2165e-06,-4.7514e-06,-1.6082e-05,0.00045449,0.00024091,0.0037486,0.0025212,-1.5116e-17,-4.0773e-22,4.4117e-20,-2.1886e-10,-9.4957e-06,-2.0354e-05,-2.7901e-05,-0.00066867,-0.00066677,0.18766,0.038822,0.008741,-1.9053e-05,1.9469e-05,-1.1584e-05,1.493e-06,3.9001e-07,1.8211e-07,-3.2226e-08,-9.9778e-06,-3.3724e-06,-8.367e-07,-0.00012583,-1.4321e-05,-4.7032e-10,1.998e-07,1.9866e-08,-2.7814e-10,-1.0628e-19,3.943e-07,-0.00073554,-3.7825e-05,9.2006e-20,1.945e-07,-2.3895e-20,1.054e-20,9.934e-09,3.7677e-07,6.5998e-18,5.4144e-07,-1.6891e-05,0.01967,0.017123,0.0004078,2.8731e-13,-2.0583e-15,-1.6662e-14,5.5358e-15,-7.8602e-08,0.0008219,0.0031369,1.5526e-05,-1.2004e-08,-4.3757e-08,1.4337e-18,0.0024385,0.0101,-1.5578e-07,-5.4597e-07,2.6787e-20,-2.9749e-20,9.1065e-05,-0.00037324,-0.00086968,4.5638e-12,1.6092e-11,-1.5476e-12,-5.8653e-05,0.00023359,-0.0014717,4.3805e-18,-1.5308e-11,-8.6244e-14,-0.00011105,0.0083103,0.017354,0.00012533,0.00014087,0.00019505,0.0063948,0.010228,-3.1772e-07,-4.7896e-07,-4.7863e-07,1.6339e-05,1.5532e-05,-8.0168e-05,-4.2171e-15,-4.7865e-07,1.027e-07,1.1326e-06,1.5551e-05,-5.9148e-14,-3.9868e-07,-4.7868e-07,-2.2316e-15,1.0494e-06,1.1558e-06,1.1558e-06,-3.8445e-07,-4.2775e-06,8.6585e-13,1.4681e-12,3.4155e-09,4.3112e-09,3.3563e-24,-2.4683e-24
-2.4247e-19,-4.1764e-05,-2.4812e-05,0.0016414,-0.0010111,0.0024328,0.00095067,-0.00025067,-0.00021445,-0.00015851,0.0014891,-0.0063478,0.076625,0.06131,0.015325,0.015398,0.00025846,1.4424e-05,0.0002815,1.6172e-07,3.2239e-05,1.1425e-06,0.012127,5.7914e-19,-4.4239e-07,-3.0449e-07,-1.29e-18,0.0064234,0.0049412,8.3939e-07,2.9265e-18,-1.6553e-06,1.8253e-06,6.1625e-06,-0.0012763,-0.00068133,-0.0012523,-0.00086336,4.2267e-17,1.0336e-22,-2.4358e-19,6.0964e-10,3.6386e-06,7.7997e-06,1.0691e-05,0.0032026,0.002041,0.12367,0.060588,0.0076807,5.3072e-05,-5.4231e-05,3.2268e-05,-4.1589e-06,-1.0864e-06,-5.0728e-07,8.9767e-08,2.7794e-05,1.2917e-06,3.1968e-07,0.0003505,3.9893e-05,1.3101e-09,-5.5656e-07,-5.5336e-08,7.7476e-10,4.0362e-20,-1.0983e-06,0.00028181,1.4504e-05,-2.0264e-19,-5.4178e-07,5.1454e-20,1.6992e-20,-2.7671e-08,-1.0495e-06,-2.1187e-17,-1.5082e-06,4.7051e-05,0.027753,0.0056196,-0.00015627,-8.003e-13,5.7336e-15,4.6412e-14,-1.542e-14,2.1895e-07,-0.00027002,-0.0010178,-5.9495e-06,3.3437e-08,1.2189e-07,2.0115e-18,0.0045993,0.016388,4.3394e-07,1.5208e-06,-1.7428e-20,-1.4207e-21,-3.4896e-05,0.00014302,0.00033326,-1.2712e-11,-4.4825e-11,4.311e-12,0.00016338,-0.00065068,0.00056396,-1.1635e-17,4.2641e-11,2.4024e-13,0.00031093,0.0052012,0.005495,1.2832e-05,-5.3982e-05,-7.4743e-05,0.0061832,0.016041,1.2214e-07,1.8433e-07,1.8341e-07,-6.2612e-06,-5.9516e-06,3.072e-05,1.1747e-14,1.8342e-07,-2.8608e-07,-8.7779e-07,-4.054e-05,1.6476e-13,1.5277e-07,1.8343e-07,6.2163e-15,-4.0214e-07,-4.429e-07,-4.4291e-07,1.4717e-07,1.6386e-06,-2.4119e-12,-4.0894e-12,-9.5139e-09,-1.2009e-08,-3.6901e-24,-2.3287e-25
-1.5656e-18,5.1212e-06,3.0727e-06,0.022597,0.0040114,-0.0020071,-0.00085387,0.0002101,0.00017934,0.0001484,-0.0012481,0.0053845,0.063447,0.050943,-0.0012163,-0.0012758,-5.0752e-05,-1.209e-05,-3.4885e-05,-2.0042e-08,-3.9953e-06,-8.6336e-07,0.00090388,1.5615e-19,5.4824e-08,3.7735e-08,1.2782e-18,-0.00045453,-0.00036852,-7.0353e-07,-2.4361e-18,2.3788e-07,-2.3002e-07,-7.637e-07,0.0010833,0.00057765,0.00015521,0.00010699,-3.5453e-17,9.6296e-21,1.5301e-19,-5.1097e-10,-4.5087e-07,-9.666e-07,-1.325e-06,0.011035,0.0046352,0.0099926,0.054204,0.0088497,-4.126e-05,4.5453e-05,-2.7045e-05,3.4857e-06,9.1056e-07,4.2518e-07,-7.5238e-08,-2.3295e-05,-1.5958e-07,-3.8843e-08,-0.00029377,-3.3436e-05,-1.0981e-09,4.6648e-07,4.638e-08,-6.4936e-10,-8.3947e-21,9.2057e-07,-3.4884e-05,-1.8051e-06,1.7491e-19,4.5409e-07,-5.1282e-20,1.6132e-20,2.3193e-08,8.7964e-07,1.6252e-17,1.2641e-06,-3.9436e-05,0.018273,-0.00035474,1.9366e-05,6.7077e-13,-4.8056e-15,-3.89e-14,1.2924e-14,-1.8351e-07,3.2751e-05,0.00012614,7.373e-07,-2.8025e-08,-1.0216e-07,1.4008e-18,0.0034346,0.0095136,-3.637e-07,-1.2747e-06,-9.1057e-22,-4.4765e-21,4.3245e-06,-1.7724e-05,-4.13e-05,1.0655e-11,3.757e-11,-3.6132e-12,-0.00013694,0.00055281,-6.989e-05,9.8246e-18,-3.5739e-11,-2.0135e-13,-0.00026079,-0.00092653,-0.00033917,-1.5903e-06,6.6898e-06,9.2627e-06,-0.00051586,0.00981,-1.5461e-08,-2.3506e-08,-2.2729e-08,7.7593e-07,7.3757e-07,-3.8071e-06,-9.8456e-15,-2.2731e-08,2.3977e-07,4.7631e-07,3.3663e-05,-1.3809e-13,-1.8933e-08,-2.2732e-08,-5.2101e-15,4.9836e-08,5.4884e-08,5.4888e-08,-1.8111e-08,-2.026e-07,2.0215e-12,3.4276e-12,7.9741e-09,1.0065e-08,2.607e-24,1.0262e-24
-2.3543e-19,3.7413e-06,2.3818e-06,0.0050241,0.040063,0.0088443,-0.0033183,0.00096933,0.00082713,0.00069499,-0.0057582,0.073347,0.082736,0.027485,-0.00094676,-0.00099309,-0.00012377,-5.5778e-05,-2.7154e-05,-1.56e-08,-3.1099e-06,-3.9206e-06,-0.00037729,1.8132e-20,4.2679e-08,2.9373e-08,6.9432e-18,-0.00035381,-0.00028824,-3.2459e-06,-1.1154e-17,3.3254e-07,-1.9622e-07,-5.9446e-07,0.013259,0.0062709,0.00012087,8.3283e-05,-1.6354e-16,1.1294e-20,7.8889e-19,-2.3574e-09,-3.5071e-07,-7.5239e-07,-1.0313e-06,0.011987,0.00089637,-0.0032718,0.057615,0.033476,0.0019535,0.00020971,-0.00012478,1.6082e-05,4.201e-06,1.9617e-06,-3.4712e-07,-0.00010748,-1.2201e-07,-2.6748e-08,-0.0013554,-0.00015426,-5.0661e-09,2.1522e-06,2.1398e-07,-2.996e-09,-4.8632e-21,4.2472e-06,-2.6976e-05,-1.4396e-06,8.1019e-19,2.095e-06,-2.232e-19,2.216e-20,1.07e-07,4.0584e-06,7.7469e-17,5.8321e-06,-0.00018194,0.014426,-0.00027612,1.5074e-05,3.0947e-12,-2.2172e-14,-1.7947e-13,5.9629e-14,-8.4666e-07,2.2288e-05,9.8184e-05,5.7391e-07,-1.293e-07,-4.7133e-07,7.9734e-19,0.00024146,-1.0444e-05,-1.678e-06,-5.8809e-06,1.1856e-20,-8.052e-21,3.3662e-06,-1.3797e-05,-3.2148e-05,4.9159e-11,1.7334e-10,-1.667e-11,-0.00063178,0.0075014,-5.4402e-05,4.5321e-17,-1.6489e-10,-9.2899e-13,-0.0012033,-0.0029901,-0.00026403,-1.2379e-06,5.2073e-06,7.21e-06,-0.00040155,0.0013458,-1.3493e-08,-2.1277e-08,-1.7692e-08,6.0398e-07,5.7412e-07,-2.9634e-06,-4.5425e-14,-1.7694e-08,1.1062e-06,2.0249e-06,0.0001551,-6.3711e-13,-1.4737e-08,-1.7694e-08,-2.4038e-14,3.8788e-08,4.271e-08,4.2724e-08,-1.3526e-08,-1.5563e-07,9.3266e-12,1.5814e-11,3.679e-08,4.6439e-08,6.763e-24,5.2824e-24
-2.0093e-19,-1.2949e-06,-1.5305e-06,-0.0032365,0.023516,0.16027,0.033222,-0.0043442,-0.0038717,-0.0032618,0.03839,0.12016,0.083871,0.0071221,0.00062744,0.00065814,0.00048936,0.00026111,1.7996e-05,1.0339e-08,2.061e-06,1.8302e-05,0.00025807,9.1274e-21,-2.8305e-08,-1.9468e-08,-3.2902e-17,0.00023448,0.00019769,1.5194e-05,5.2862e-17,-9.328e-07,2.1305e-07,3.9396e-07,0.015372,0.0037369,-8.0383e-05,-5.5194e-05,7.6552e-16,-1.8773e-20,-3.8416e-18,1.1036e-08,2.3124e-07,4.9863e-07,6.8349e-07,0.004707,-0.0005739,0.0022504,0.025086,0.026486,0.013545,-0.00039574,0.00058411,-7.5283e-05,-1.9666e-05,-9.1828e-06,1.6249e-06,0.00050312,7.0165e-08,8.6851e-10,0.0087427,0.0010291,2.3715e-08,-1.0075e-05,-1.0017e-06,1.4025e-08,3.1662e-21,-1.9882e-05,1.7017e-05,1.121e-06,-3.7976e-18,-9.8072e-06,1.0262e-18,-4.11e-20,-5.009e-07,-1.8998e-05,-3.6559e-16,-2.7301e-05,0.0010188,0.013199,0.00018299,-9.9891e-06,-1.4487e-11,1.0379e-13,8.4014e-13,-2.7913e-13,3.9634e-06,7.2094e-07,-6.5068e-05,-3.8034e-07,6.0528e-07,2.2064e-06,-2.6946e-18,0.0016274,0.007901,7.8551e-06,2.7529e-05,3.5927e-20,-6.039e-21,-2.2309e-06,9.1433e-06,2.1305e-05,-2.3012e-10,-8.1142e-10,7.8037e-11,0.0038769,0.01195,3.6053e-05,-2.1227e-16,7.7188e-10,4.3488e-12,0.0078108,0.017748,0.0001751,8.2036e-07,-3.451e-06,-4.7783e-06,0.00026611,-0.00084513,1.5994e-08,2.8504e-08,1.1725e-08,-4.0027e-07,-3.8048e-07,1.9639e-06,2.1264e-13,1.1728e-08,-5.1785e-06,-9.3382e-06,-0.00072587,2.9824e-12,9.7667e-09,1.1726e-08,1.1253e-13,-2.569e-08,-2.8247e-08,-2.831e-08,6.2031e-09,9.3111e-08,-4.3659e-11,-7.4027e-11,-1.7222e-07,-2.1739e-07,-5.4943e-23,-2.8644e-23
-6.5611e-19,-1.9874e-06,3.2423e-07,0.00088709,-0.0052632,0.21637,0.10053,0.012208,0.008235,0.0069832,0.086096,0.10732,0.046154,-0.0013603,-0.00017185,-0.00018026,-0.00093943,-0.00051469,-4.9288e-06,-2.8316e-09,-5.6448e-07,-3.6062e-05,-7.0682e-05,-3.8634e-21,7.7919e-09,5.3345e-09,6.4844e-17,-6.4219e-05,-6.7333e-05,-2.9951e-05,-1.0386e-16,1.6641e-06,-2.2249e-07,-1.079e-07,0.0073388,-0.00084251,2.2566e-05,1.5117e-05,-1.509e-15,4.4287e-20,7.5541e-18,-2.1753e-08,-6.0983e-08,-1.3657e-07,-1.872e-07,-0.00099279,0.00015718,-0.00061636,-0.0053887,0.0048721,0.019612,0.0096023,-0.0011514,0.0001484,3.8765e-05,1.8101e-05,-3.2031e-06,-0.00099174,1.924e-09,3.3094e-08,0.016603,0.002314,-4.6747e-08,1.9859e-05,1.9745e-06,-2.7645e-08,4.3982e-21,3.9191e-05,-2.9606e-06,-6.372e-07,7.4825e-18,1.9332e-05,-2.0326e-18,9.9925e-20,9.8738e-07,3.7449e-05,7.1974e-16,5.3816e-05,0.00033779,0.0079041,-5.0111e-05,2.7345e-06,2.8557e-11,-2.0459e-13,-1.6561e-12,5.5022e-13,-7.8126e-06,-3.0828e-05,1.782e-05,1.0417e-07,-1.1931e-06,-4.3492e-06,9.702e-18,0.0045098,0.016841,-1.5484e-05,-5.4266e-05,2.9745e-20,-5.5374e-21,6.11e-07,-2.5042e-06,-5.8351e-06,4.5361e-10,1.5995e-09,-1.5383e-10,0.0052652,0.0081145,-9.8745e-06,4.1805e-16,-1.5215e-09,-8.5722e-12,0.015413,0.033165,-4.8189e-05,-2.2468e-07,9.4521e-07,1.3087e-06,-7.2884e-05,0.00023147,-1.8324e-08,-3.6286e-08,-3.2113e-09,1.0963e-07,1.0421e-07,-5.3789e-07,-4.1916e-13,-3.2167e-09,1.0208e-05,1.8368e-05,0.0015229,-5.879e-12,-2.675e-09,-3.2117e-09,-2.2181e-13,7.0044e-09,7.6225e-09,7.7454e-09,3.7604e-09,-5.6749e-09,8.6061e-11,1.4592e-10,3.3948e-07,4.2851e-07,9.4605e-23,4.9582e-23
-1.0901e-19,-6.7015e-07,-1.0233e-08,3.7279e-05,-0.00022008,0.066484,0.12085,0.054409,0.035539,0.032337,0.075863,0.053633,0.00083914,-5.6912e-05,-7.1896e-06,-7.5414e-06,-0.00024117,-0.00013261,-2.0621e-07,-1.1847e-10,-2.3616e-08,-9.2909e-06,-2.9572e-06,-8.185e-21,3.3594e-10,2.2384e-10,1.6708e-17,-2.6868e-06,-6.1225e-06,-7.717e-06,-2.6762e-17,4.2267e-07,-5.0447e-08,-4.5143e-09,0.00012502,-3.6385e-05,1.082e-06,6.3244e-07,-3.888e-16,1.1105e-20,1.9462e-18,-5.6047e-09,-1.9627e-09,-5.7136e-09,-7.8319e-09,-4.1536e-05,6.5761e-06,-2.5787e-05,-0.00022545,2.1792e-05,0.010724,0.034754,-0.00029666,3.8235e-05,9.9878e-06,4.6638e-06,-8.2527e-07,-0.00025552,5.3792e-09,9.7387e-09,0.010669,0.0020428,-1.2044e-08,5.1167e-06,5.0873e-07,-7.1228e-09,-1.8476e-21,1.0098e-05,3.0228e-07,-1.0941e-07,1.9345e-18,4.9808e-06,-5.2228e-19,2.7695e-20,2.544e-07,9.6487e-06,1.8552e-16,1.3866e-05,-0.00013832,0.00014853,-2.0947e-06,1.1405e-07,7.3576e-12,-5.2712e-14,-4.2669e-13,1.4176e-13,-2.0129e-06,-8.967e-06,7.4513e-07,4.3582e-09,-3.0741e-07,-1.1206e-06,3.3896e-18,0.0039045,0.010682,-3.9894e-06,-1.3982e-05,-4.515e-22,-5.4701e-21,2.5563e-08,-1.0477e-07,-2.4412e-07,1.1687e-10,4.121e-10,-3.9633e-11,0.00011676,0.00015733,-4.1312e-07,1.0751e-16,-3.9202e-10,-2.2086e-12,0.014235,0.02933,-2.0743e-06,-9.4002e-09,3.9552e-08,5.4763e-08,-3.0493e-06,9.684e-06,-4.2612e-09,-8.6561e-09,-1.3435e-10,4.5865e-09,4.3598e-09,-2.2504e-08,-1.08e-13,-1.357e-10,2.6301e-06,4.7311e-06,0.0054969,-1.5147e-12,-1.1191e-10,-1.3437e-10,-5.715e-14,2.851e-10,2.9034e-10,3.22e-10,1.5256e-09,4.7319e-09,2.2174e-11,3.7597e-11,8.7467e-08,1.1041e-07,8.0289e-23,8.1059e-24
1.0691e-20,1.9108e-05,7.0231e-07,-0.00016381,0.0009368,0.0024362,0.02492,0.077393,0.032874,0.036521,0.018924,0.009632,-0.0035812,0.00024312,3.0712e-05,3.2215e-05,0.012085,0.0070583,8.8087e-07,5.0606e-10,1.0088e-07,0.00025506,1.2632e-05,9.4314e-21,-1.7104e-09,-9.7442e-10,-4.5873e-16,1.1477e-05,0.00011763,0.00021185,7.3517e-16,-1.1576e-05,1.354e-06,1.9284e-08,-0.0005335,0.00018689,-8.4387e-06,-2.7017e-06,1.0673e-14,-2.9649e-19,-5.3409e-17,1.5386e-07,-7.9077e-09,2.4407e-08,3.3456e-08,0.00017743,-2.8092e-05,0.00011016,0.00096307,-9.2524e-05,0.0019559,0.060948,0.013117,-0.0010496,-0.00027419,-0.00012803,2.2656e-05,0.012502,-1.6962e-07,-2.728e-07,0.0021991,0.00050116,3.3065e-07,-0.00014047,-1.3966e-05,1.9554e-07,2.024e-20,-0.0002772,-1.3085e-05,2.7575e-06,-5.2928e-17,-0.00013674,1.4353e-17,-6.9901e-19,-6.9838e-06,-0.00026488,-5.0913e-15,-0.00038064,0.0094045,-0.00063236,8.8973e-06,-4.774e-07,-2.0199e-10,1.4471e-12,1.1714e-11,-3.8918e-12,5.5259e-05,0.00025077,-3.1723e-06,-1.8617e-08,8.4391e-06,3.0762e-05,-5.2408e-17,0.00095744,0.0021587,0.00010952,0.00038383,-2.451e-20,1.8707e-23,-1.092e-07,4.4755e-07,1.0428e-06,-3.2084e-09,-1.1313e-08,1.088e-09,-0.00049843,-0.00067152,1.7648e-06,-2.9583e-15,1.0762e-08,6.0632e-11,0.015512,0.036217,1.0473e-05,4.0157e-08,-1.6916e-07,-2.3419e-07,1.3026e-05,-4.1368e-05,1.1492e-07,2.3452e-07,5.7393e-10,-1.9593e-08,-1.8624e-08,9.6131e-08,2.9647e-12,6.107e-10,-7.2201e-05,-0.00012987,0.0018559,4.1583e-11,4.7807e-10,5.7399e-10,1.5689e-12,-9.9789e-10,-4.4986e-10,-1.3187e-09,-4.4384e-08,-1.5774e-07,-6.0872e-10,-1.0321e-09,-2.4012e-06,-3.0309e-06,-4.8084e-22,-3.2035e-23
9.4805e-21,-6.1053e-05,-2.4435e-06,8.66e-05,-0.00039979,-0.00018233,0.021501,0.094689,0.012589,0.016998,-0.0073917,-0.0035934,0.0015695,-0.00010655,-1.346e-05,-1.4119e-05,0.01624,0.011996,-3.8606e-07,-2.2179e-10,-4.4214e-08,-0.00081017,-5.5363e-06,-4.2131e-20,1.6423e-09,4.8615e-10,1.4571e-15,-5.0301e-06,-0.00034819,-0.00067293,-2.3351e-15,3.6757e-05,-4.2853e-06,-8.4515e-09,0.00023381,-0.00018393,1.6075e-05,1.184e-06,-3.3904e-14,9.4038e-19,1.6965e-16,-4.8874e-07,5.6296e-08,-1.0697e-08,-1.4663e-08,-7.7762e-05,1.2312e-05,-4.8278e-05,-0.00042208,4.055e-05,-0.00073155,0.077294,0.0081541,0.0045372,0.0011131,0.00040668,-7.1965e-05,0.014896,5.4986e-07,8.6928e-07,-0.00083797,-0.00017107,-1.0503e-06,0.00044618,4.4362e-05,-6.2111e-07,-4.8445e-20,0.00088052,4.3978e-05,-8.6349e-06,1.6815e-16,0.00043433,-4.5561e-17,2.1067e-18,2.2184e-05,0.00084138,1.6179e-14,0.0012763,0.022146,0.00027213,-3.735e-06,1.7747e-07,6.4159e-10,-4.5966e-12,-3.7208e-11,1.2362e-11,-0.00017553,-0.00079887,1.3555e-06,8.1598e-09,-2.6806e-05,-9.7715e-05,1.6729e-16,-0.00037322,-0.00082036,-0.00034788,-0.0012192,5.8287e-20,2.7492e-20,4.7858e-08,-1.9615e-07,-4.5705e-07,1.0191e-08,3.5936e-08,-3.4561e-09,0.00021846,0.00029431,-7.7344e-07,9.396e-15,-3.4185e-08,-1.926e-10,0.0086256,0.023577,-9.8164e-06,-1.7603e-08,7.4782e-08,1.0347e-07,-5.7088e-06,1.813e-05,-3.6398e-07,-7.4336e-07,-2.5153e-10,8.5868e-09,8.1623e-09,-4.2131e-08,-9.4173e-12,-3.6826e-10,0.00022934,0.00041254,-0.00074672,-1.3208e-10,-2.0952e-10,-2.5156e-10,-4.9835e-12,-2.7599e-10,-2.366e-09,3.9383e-10,1.4225e-07,5.1509e-07,1.9336e-09,3.2785e-09,7.6272e-06,9.6275e-06,3.6075e-21,1.1595e-21
4.4976e-20,7.2485e-05,2.9333e-06,-3.2257e-05,5.5723e-05,-0.00012408,0.093606,0.099821,-0.0012974,-0.0018814,0.0012649,0.00061492,-0.00026858,1.8233e-05,2.3034e-06,2.4161e-06,0.0081978,0.0087211,6.6064e-08,3.7954e-11,7.5661e-09,0.00098086,9.4741e-07,1.5709e-19,-1.3324e-09,-1.5279e-10,-1.7286e-15,8.6078e-07,0.00043218,0.00081976,2.7703e-15,-4.3603e-05,5.0811e-06,1.4463e-09,-4.0011e-05,0.00015163,-1.7326e-05,-2.0262e-07,4.022e-14,-1.1161e-18,-2.0126e-16,5.7979e-07,-7.1851e-08,1.8305e-09,2.5092e-09,1.3307e-05,-2.1068e-06,8.2615e-06,7.2229e-05,-6.9392e-06,0.00012519,0.069647,0.018484,0.020058,0.0038347,-0.00048245,8.5372e-05,0.0055973,-6.541e-07,-1.0317e-06,0.00014318,6.8629e-07,1.246e-06,-0.00052931,-5.2627e-05,7.3683e-07,3.2223e-19,-0.0010446,-5.2563e-05,1.0223e-05,-1.9945e-16,-0.00051525,5.4045e-17,-2.4824e-18,-2.6317e-05,-0.00099813,-1.9186e-14,-9.9453e-05,0.024136,-4.0666e-05,4.4559e-07,7.0244e-09,-7.6113e-10,5.4529e-12,4.414e-11,-1.4665e-11,0.00021522,0.00099333,-1.9099e-07,-1.3968e-09,3.18e-05,0.00011592,-1.9857e-16,6.3868e-05,0.00014038,0.00042418,0.0014796,-5.2129e-20,3.6807e-20,-8.1897e-09,3.3566e-08,7.8212e-08,-1.209e-08,-4.2631e-08,4.0999e-09,-3.7397e-05,-5.0374e-05,1.3236e-07,-1.1147e-14,4.0553e-08,2.2848e-10,-0.0009913,0.0037271,7.8349e-06,3.0165e-09,-1.3558e-08,-1.8687e-08,9.7692e-07,-3.1025e-06,4.3162e-07,8.8159e-07,4.3044e-11,-1.4694e-09,-1.3968e-09,7.2097e-09,1.1172e-11,1.815e-10,-0.00027207,-0.00048939,0.00012778,1.5669e-10,3.5854e-11,4.3049e-11,5.9119e-12,8.873e-10,3.4234e-09,1.4944e-10,-1.6895e-07,-6.1334e-07,-2.2938e-09,-3.8892e-09,-9.0482e-06,-1.1421e-05,-1.0579e-21,-3.3604e-22
4.7648e-20,0.00017587,7.1278e-06,-5.4331e-05,-6.8963e-06,-0.00041656,0.076947,0.071372,-0.00048829,-0.00077456,0.00052139,0.00025347,-0.00011071,7.5158e-06,9.4946e-07,9.9591e-07,0.0007834,0.00099908,2.7232e-08,1.5645e-11,3.1188e-09,0.0069644,3.9052e-07,3.0909e-19,-3.0233e-09,-2.2676e-10,-4.193e-15,3.5481e-07,0.0064431,0.00697,6.7207e-15,-0.00010578,1.2326e-05,5.9613e-10,-1.6493e-05,0.00034525,-4.1441e-05,-8.3522e-08,9.7574e-14,-2.7062e-18,-4.8825e-16,1.4066e-06,-1.7603e-07,7.5453e-10,1.0343e-09,5.4852e-06,-8.6843e-07,3.4054e-06,2.9773e-05,-2.8603e-06,5.1602e-05,0.036115,0.072173,0.035953,0.014637,-0.0011704,0.00020711,0.0004997,-1.5874e-06,-2.503e-06,5.8513e-05,-6.6994e-05,3.0227e-06,-0.0012841,-0.00012767,1.7875e-06,-1.7449e-19,-0.0025341,-0.00012765,2.4795e-05,-4.8382e-16,-0.00125,1.3109e-16,-6.2614e-18,-6.3844e-05,-0.0024215,-4.6552e-14,-0.0022502,0.01117,-2.8717e-06,-2.7185e-07,9.0895e-08,-1.8465e-09,1.3229e-11,1.0708e-10,-3.5578e-11,0.002145,0.01291,1.7693e-08,-5.7676e-10,7.7148e-05,0.00028122,-4.8189e-16,2.6326e-05,5.7867e-05,0.0036954,0.011308,1.3741e-20,-4.653e-20,-3.3758e-09,1.3836e-08,3.2239e-08,-2.9331e-08,-1.0342e-07,9.9465e-09,-1.5447e-05,-2.0787e-05,5.4557e-08,-2.7042e-14,9.8382e-08,5.5428e-10,-0.00039863,0.008349,1.7714e-05,1.2532e-09,-7.3779e-09,-1.001e-08,4.0269e-07,-1.2789e-06,1.0471e-06,2.1387e-06,1.7743e-11,-6.057e-10,-5.7575e-10,2.9718e-09,2.7103e-11,3.5363e-10,-0.00066005,-0.0011873,5.2672e-05,3.8014e-10,1.4779e-11,1.7745e-11,1.4342e-11,2.3427e-09,8.5146e-09,5.7186e-10,-4.0995e-07,-1.4887e-06,-5.5647e-09,-9.4353e-09,-2.1951e-05,-2.7708e-05,-2.3716e-22,-1.6932e-21
-3.4868e-20,-0.0010277,-4.1665e-05,0.000293,0.00018573,0.0025525,0.030365,0.026891,0.00013157,0.00064726,-0.00043951,-0.00021366,9.3324e-05,-6.3355e-06,-8.0035e-07,-8.3951e-07,-0.0006375,-0.0008193,-2.2955e-08,-1.3187e-11,-2.629e-09,0.0037454,-3.2919e-07,-1.1049e-18,1.7453e-08,1.1778e-09,2.4509e-14,-2.9909e-07,0.018221,0.009059,-3.9273e-14,0.00061814,-7.2027e-05,-5.0242e-10,1.3903e-05,-0.0019944,0.00024156,7.0411e-08,-5.7019e-13,1.5816e-17,2.8532e-15,-8.2196e-06,1.0304e-06,-6.3604e-10,-8.7186e-10,-4.6238e-06,7.3205e-07,-2.8706e-06,-2.5097e-05,2.4111e-06,-4.3498e-05,0.008008,0.06444,0.030463,0.051083,0.0093005,-0.0012103,-0.0008607,9.2772e-06,1.4627e-05,-4.6271e-05,0.00046177,-1.7664e-05,0.010824,0.0010356,-1.0446e-05,-5.067e-20,0.02145,0.0010357,-0.00014489,2.8286e-15,0.010625,-7.6646e-16,3.675e-17,0.00051788,0.020575,2.7206e-13,0.020054,0.0024058,-8.1261e-05,2.9734e-06,-6.0676e-07,1.079e-08,-7.7305e-11,-6.2576e-10,2.079e-10,0.0041942,0.034225,-5.9578e-07,4.9224e-10,-0.00045082,-0.0016434,2.8151e-15,-2.2192e-05,-4.8779e-05,0.0050563,0.0096841,-1.2969e-19,2.5324e-20,2.8456e-09,-1.1663e-08,-2.7176e-08,1.714e-07,6.0437e-07,-5.8124e-08,1.3215e-05,1.7663e-05,-4.5989e-08,1.5802e-13,-5.7491e-07,-3.2391e-09,0.00027588,0.0068076,-0.00010219,-1.1157e-09,1.7e-08,2.2335e-08,-3.3945e-07,1.078e-06,-6.1186e-06,-1.2498e-05,-1.4956e-11,5.1057e-10,4.8533e-10,-2.5051e-09,-1.5838e-10,-1.9777e-09,0.0058491,0.010125,-4.4401e-05,-2.2214e-09,-1.2458e-11,-1.4958e-11,-8.3812e-11,-1.3884e-08,-4.9971e-08,-3.556e-09,2.3957e-06,8.7004e-06,3.2518e-08,5.5137e-08,0.00012827,0.00016192,5.4356e-20,1.9181e-20
-9.3789e-19,0.002345,9.5071e-05,-0.00066043,-0.00047201,-0.0057313,0.013017,0.012655,0.00066798,-0.00019076,0.00013837,6.7265e-05,-2.938e-05,1.9945e-06,2.5196e-07,2.6429e-07,0.0002007,0.00025793,7.2266e-09,4.1508e-12,8.2764e-10,-0.00076768,1.0364e-07,2.2134e-18,-3.9752e-08,-2.6385e-09,-5.5915e-14,9.4161e-08,0.011795,0.006416,8.961e-14,-0.0014104,0.00016435,1.5794e-10,-4.3768e-06,0.0050166,-0.00055098,-2.2181e-08,1.301e-12,-3.6094e-17,-6.5101e-15,1.8755e-05,-2.3517e-06,2.0024e-10,2.745e-10,1.4556e-06,-2.3046e-07,9.0372e-07,7.901e-06,-7.5907e-07,1.3694e-05,-0.0018423,0.021981,0.012418,0.058909,0.0096723,0.0032352,0.0013957,-2.1168e-05,-3.3374e-05,7.5492e-06,-0.0010769,4.0303e-05,0.016677,0.0012263,2.3834e-05,-1.1141e-18,0.033853,0.0012264,0.00033059,-6.4531e-15,0.017176,1.7463e-15,-7.2875e-17,0.00061324,0.033185,-6.2075e-13,0.032357,-0.0015519,0.00021792,-7.2435e-06,1.4095e-06,-2.462e-08,1.7639e-10,1.4278e-09,-4.7438e-10,0.0056924,0.037984,1.5227e-06,-1.689e-10,0.0011205,0.0041266,-6.4235e-15,6.9864e-06,1.5356e-05,0.0029615,0.0027083,-5.3684e-21,-9.57e-21,-8.9585e-10,3.6717e-09,8.5555e-09,-3.9108e-07,-1.379e-06,1.3262e-07,-4.6054e-06,-5.8823e-06,1.4478e-08,-3.6056e-13,1.3118e-06,7.3906e-09,5.14e-05,-0.00024014,0.00023273,4.8749e-10,-3.0131e-08,-3.8974e-08,1.0686e-07,-3.3938e-07,1.3961e-05,2.8516e-05,4.7085e-12,-1.6074e-10,-1.5279e-10,7.8866e-10,3.6138e-10,4.4832e-09,0.011608,0.016667,1.3981e-05,5.0686e-09,3.9221e-12,4.709e-12,1.9124e-10,3.1744e-08,1.1409e-07,8.1849e-09,-5.4663e-06,-1.9852e-05,-7.4198e-08,-1.2581e-07,-0.00029268,-0.00036944,-6.0455e-20,-3.7995e-20
-7.0197e-19,-0.00054896,-2.2256e-05,0.00015435,0.00011263,0.006493,0.021627,0.023927,0.0023797,3.9659e-06,-5.0402e-06,-2.4502e-06,1.0702e-06,-7.2654e-08,-9.1782e-09,-9.6273e-09,-7.3107e-06,-9.3956e-06,-2.6324e-10,-1.5101e-13,-3.0148e-11,3.0823e-05,-3.7751e-09,-5.5658e-19,9.3036e-09,6.1612e-10,1.309e-14,-3.4303e-09,0.0016803,-0.00031059,-2.0977e-14,0.00033039,-3.8472e-05,-5.7014e-12,1.5943e-07,0.017297,0.00012906,8.1133e-10,-3.0456e-13,8.4832e-18,1.524e-15,-4.3904e-06,5.5054e-07,-7.2952e-12,-1.0004e-11,-5.3024e-08,8.395e-09,-3.2919e-08,-2.8781e-07,2.765e-08,-4.9882e-07,6.7108e-05,-0.00032547,-0.00020397,0.023295,0.015046,0.017718,0.0026767,4.9553e-06,7.8127e-06,1.3342e-06,0.00025303,-9.4348e-06,0.0074405,-2.6444e-05,-5.5795e-06,-4.8612e-19,0.016353,-2.6446e-05,-7.739e-05,1.5102e-15,0.0089129,-4.0952e-16,2.0987e-17,-1.3226e-05,0.017111,1.4531e-13,0.016387,0.00028498,-5.2043e-05,1.7102e-06,-3.3075e-07,5.7635e-09,-4.1291e-11,-3.3424e-10,1.1105e-10,0.0050719,0.018154,-3.6161e-07,9.3464e-12,0.0033187,0.013737,1.5034e-15,-2.5449e-07,-5.5939e-07,-5.5565e-05,-3.4381e-05,-5.9519e-21,1.0667e-21,3.2633e-11,-1.3375e-10,-3.1165e-10,9.1551e-08,3.2281e-07,-3.1046e-08,2.6982e-07,2.8806e-07,-5.2739e-10,8.4406e-14,-3.0708e-07,-1.7301e-09,-3.3574e-05,0.00019427,-5.4468e-05,-4.9e-11,6.7795e-09,8.7443e-09,-3.8927e-09,1.2363e-08,-3.2682e-06,-6.6754e-06,-1.7151e-13,5.8551e-12,5.5657e-12,-2.8728e-11,-8.4596e-11,-1.0486e-09,0.0092251,0.0091165,-5.0984e-07,-1.1865e-09,-1.4287e-13,-1.7153e-13,-4.4767e-11,-7.4332e-09,-2.671e-08,-1.9183e-09,1.2796e-06,4.6473e-06,1.7369e-08,2.9451e-08,6.856e-05,8.6541e-05,-3.8244e-20,9.3106e-21
1.1201e-18,-0.013121,-0.00053196,0.0036882,0.022534,0.097261,0.012615,0.0065623,0.00062322,-5.5332e-05,-1.9562e-05,-9.51e-06,4.1538e-06,-2.8199e-07,-3.5622e-08,-3.7366e-08,-2.8374e-05,-3.6466e-05,-1.0217e-09,-5.8169e-13,-1.1701e-10,0.00011963,-1.4652e-08,-1.2846e-17,2.2237e-07,1.4721e-08,3.1288e-13,-1.3322e-08,0.034179,-0.0053455,-5.014e-13,0.015058,-0.00091957,-2.0897e-11,6.1879e-07,0.012815,0.0058198,3.2282e-09,-7.2796e-12,2.0196e-16,3.6426e-14,-0.00010494,1.3159e-05,-2.834e-11,-3.8952e-11,-2.058e-07,3.2583e-08,-1.2777e-07,-1.117e-06,1.0732e-07,-1.9361e-06,0.00026046,-0.0012632,-0.00079167,0.0026492,0.064804,0.03361,-0.00011755,0.00011844,0.00018674,4.3332e-05,0.012376,-0.00022551,0.0009684,-0.00010264,-0.00013336,-4.6683e-21,0.0023446,-0.00010264,-0.0018498,3.6107e-14,0.0013762,-9.7766e-15,4.3423e-16,-5.1384e-05,0.0026257,3.4733e-12,0.0024625,0.013229,-0.0012477,4.0931e-05,-7.9086e-06,1.3776e-07,-9.8695e-10,-7.989e-09,2.6543e-09,0.0011185,0.0026891,-8.6623e-06,1.1201e-10,0.00091944,0.0087789,3.5942e-14,-9.8774e-07,-2.1711e-06,-0.00021566,-0.00013344,-4.4877e-21,7.6203e-20,1.2666e-10,-5.1911e-10,-1.2096e-09,2.1882e-06,7.7159e-06,-7.4207e-07,3.4671e-06,2.8674e-06,-2.0469e-09,2.0175e-12,-7.3399e-06,-4.1353e-08,-0.00088197,0.0086105,-0.0013018,-9.3095e-10,1.6103e-07,2.0761e-07,-1.5109e-08,4.7982e-08,-7.8116e-05,-0.00015956,-6.6569e-13,2.2725e-11,2.1602e-11,-1.115e-10,-2.022e-09,-2.506e-08,0.0019243,0.0015154,-1.9922e-06,-2.8361e-08,-5.545e-13,-6.6577e-13,-1.07e-09,-1.7768e-07,-6.3843e-07,-4.5859e-08,3.0586e-05,0.00011108,4.1516e-07,7.0393e-07,0.0030918,0.0039026,2.738e-19,4.6648e-19
2.0184e-17,0.062458,0.0019423,-0.013466,0.12556,0.18101,0.0089038,-0.0031255,-0.00012086,0.00029352,9.9246e-06,4.8245e-06,-2.1073e-06,1.4305e-07,1.8068e-08,1.8955e-08,1.4395e-05,1.85e-05,5.1829e-10,2.7849e-13,5.9367e-11,-6.069e-05,7.4331e-09,4.6443e-17,-8.1189e-07,-5.3745e-08,-1.1423e-12,6.7897e-09,0.055258,0.022249,1.8307e-12,0.012016,0.0041015,5.9802e-12,-3.1392e-07,0.0036837,0.0042846,-1.9351e-09,2.6579e-11,-7.3727e-16,-1.33e-13,0.00038315,-4.8046e-05,1.4475e-11,2.0221e-11,1.044e-07,-1.6529e-08,6.4817e-08,5.6668e-07,-5.4443e-08,9.8217e-07,-0.00013213,0.00064085,0.00040162,-0.0011369,0.067415,0.030559,0.016447,8.9481e-05,-0.00068182,-0.00016519,0.01477,0.0010094,-0.00042543,5.2068e-05,0.00048693,-3.8124e-19,-0.0010452,5.2071e-05,0.0084732,-1.3183e-13,-0.00061981,3.5696e-14,-1.5837e-15,2.6253e-05,-0.0011816,-1.2682e-11,-0.0010859,0.015288,0.0062029,-0.00014948,2.8877e-05,-5.0298e-07,3.6035e-09,2.9169e-08,-9.6913e-09,-0.00053129,-0.0012058,3.1639e-05,-3.4108e-10,-0.00043822,0.0018854,-1.3123e-13,5.0109e-07,1.1014e-06,0.00010941,6.7694e-05,2.3075e-21,-2.7432e-19,-6.4254e-11,2.6335e-10,6.1363e-10,-7.9897e-06,-2.8172e-05,2.7094e-06,-1.0841e-05,-8.0207e-06,1.0384e-09,-7.3662e-12,2.6799e-05,1.5099e-07,0.0039946,0.0072741,0.0057646,3.2526e-09,-5.8735e-07,-7.5716e-07,7.6647e-09,-2.4342e-08,0.00028521,0.00058256,3.3771e-13,-1.1529e-11,-1.0959e-11,5.6565e-11,7.3828e-09,9.1495e-08,-0.00097342,-0.00081229,1.0608e-06,1.0355e-07,2.813e-13,3.3775e-13,3.9069e-09,6.4873e-07,2.331e-06,1.6744e-07,-0.00011167,-0.00040557,-1.5158e-06,-2.5702e-06,0.0022766,0.0028737,-2.4661e-18,3.3661e-19
1.6284e-17,0.16248,-0.0028471,0.021125,0.25224,0.20281,0.012678,0.00066764,-0.00023759,-0.00046203,-2.1209e-06,-1.0306e-06,4.5018e-07,-3.0551e-08,-3.855e-09,-4.0482e-09,-3.075e-06,-3.9519e-06,-1.1068e-10,-3.4508e-14,-1.2689e-11,1.2965e-05,-1.5879e-09,-7.0332e-17,1.2251e-06,8.1096e-08,1.7237e-12,-1.4974e-09,0.037047,0.036982,-2.7624e-12,-0.00048942,0.0068886,5.6742e-12,6.7062e-08,-0.00048578,-0.00069746,8.6081e-10,-4.0106e-11,1.1126e-15,2.0068e-13,-0.00057815,7.2498e-05,-3.239e-12,-5.0118e-12,-2.2303e-08,3.531e-09,-1.3846e-08,-1.2105e-07,1.163e-08,-2.0981e-07,2.8227e-05,-0.0001369,-8.5794e-05,0.00024287,0.025954,0.013423,0.029776,0.0092367,0.0010599,0.00025071,0.0070038,0.0017473,9.0882e-05,-1.1123e-05,-0.00073474,-8.4055e-19,0.00022329,-1.1124e-05,0.017491,1.9893e-13,0.0001324,-5.3863e-14,2.3893e-15,-5.8872e-06,0.00025241,1.9136e-11,0.00020322,0.0050384,0.019719,0.00022556,-4.3574e-05,7.5897e-07,-5.4374e-09,-4.4014e-08,1.4624e-08,0.00012503,0.00025986,-4.7744e-05,5.0047e-10,9.3613e-05,-0.00021609,1.9802e-13,-1.0704e-07,-2.3529e-07,-2.3372e-05,-1.4461e-05,1.366e-22,4.1551e-19,1.3726e-11,-5.6257e-11,-1.3108e-10,1.2056e-05,4.251e-05,-4.0883e-06,1.5979e-05,1.1591e-05,-2.2183e-10,1.1115e-11,-4.0438e-05,-2.2783e-07,0.006724,0.00056249,0.0090884,-4.8774e-09,8.8613e-07,1.1423e-06,-1.6373e-09,5.1999e-09,-0.00043037,-0.00087905,-7.2141e-14,2.4628e-12,2.341e-12,-1.2084e-11,-1.114e-08,-1.3806e-07,0.00032403,0.00035929,-3.0212e-07,-1.5625e-07,-6.0092e-14,-7.215e-14,-5.8952e-09,-9.7889e-07,-3.5174e-06,-2.5266e-07,0.00018931,0.00064833,2.2873e-06,3.8782e-06,-0.00037099,-0.00046829,3.4863e-18,-5.8895e-20
1.3075e-17,0.15842,0.0059234,0.11953,0.26715,0.15307,0.0096225,0.00014467,-0.00037919,-0.00059694,-4.607e-07,-2.2333e-07,9.761e-08,-6.6133e-09,-8.2965e-10,-8.7611e-10,-6.6649e-07,-8.5657e-07,-2.394e-11,2.3601e-14,-2.7586e-12,2.8101e-06,-3.4416e-10,-9.0269e-17,1.5739e-06,1.0418e-07,2.2145e-12,-3.8298e-10,0.0027975,0.0034027,-3.5488e-12,-0.00027288,0.00063483,9.8783e-12,1.4538e-08,-0.00010529,-0.00015027,7.4321e-10,-5.1524e-11,1.4293e-15,2.5782e-13,-0.00074274,9.3138e-05,-8.8474e-13,-1.9474e-12,-4.8341e-09,7.6532e-10,-3.0012e-09,-2.6236e-08,2.5208e-09,-4.5476e-08,6.118e-06,-2.9672e-05,-1.8596e-05,5.264e-05,0.0014382,0.00083235,0.014371,0.02867,0.0049226,0.00032235,0.00070239,0.0001903,1.9698e-05,-2.4109e-06,-0.00094391,-3.2408e-19,4.8397e-05,-2.411e-06,0.0095839,2.5556e-13,2.8698e-05,-6.9198e-14,3.0696e-15,-1.623e-06,5.4708e-05,2.4583e-11,8.2706e-06,0.00032638,0.025923,0.00028977,-5.598e-05,9.7504e-07,-6.9855e-09,-5.6545e-08,1.8787e-08,4.1445e-05,5.9157e-05,-6.1336e-05,6.4046e-10,2.029e-05,-4.6836e-05,2.5439e-13,-2.3201e-08,-5.0997e-08,-5.0657e-06,-3.1344e-06,-6.1645e-23,5.3412e-19,2.9751e-12,-1.2193e-11,-2.8412e-11,1.5488e-05,5.4612e-05,-5.2522e-06,2.0461e-05,1.4801e-05,-4.8081e-11,1.4279e-11,-5.1951e-05,-2.9269e-07,0.00061987,3.8839e-05,0.001412,-6.2606e-09,1.1384e-06,1.4675e-06,-3.5489e-10,1.1271e-09,-0.00055289,-0.0011293,-1.5636e-14,5.338e-13,5.0741e-13,-2.6191e-12,-1.4312e-08,-1.7736e-07,0.00021465,0.00030899,-1.5941e-07,-2.0073e-07,-1.3025e-14,-1.5638e-14,-7.5735e-09,-1.2576e-06,-4.5187e-06,-3.2459e-07,0.0026266,0.0049983,2.9385e-06,4.9823e-06,-8.0411e-05,-0.0001015,4.4199e-18,-1.4167e-20
2.0775e-17,0.059941,0.08774,0.095757,0.10306,0.043048,0.0026547,-0.00017226,0.004707,0.0077209,5.5795e-07,2.6611e-07,-1.1674e-07,7.8192e-09,9.4106e-10,1.0344e-09,7.952e-07,1.022e-06,2.8156e-11,-2.8525e-13,3.3608e-12,-3.3527e-06,4.1062e-10,7.2837e-16,-1.27e-05,-8.4069e-07,-1.7869e-11,9.4021e-10,-0.0032944,-0.0040216,2.8636e-11,0.00032696,-0.00075032,-8.3323e-11,-1.7369e-08,0.00012562,0.0001718,-5.491e-09,4.1576e-10,-1.1533e-14,-2.0804e-12,0.0090572,-0.00075156,2.5668e-12,9.4468e-12,5.7683e-09,-9.1294e-10,3.5808e-09,3.1282e-08,-3.0076e-09,5.4258e-08,-7.2994e-06,3.5402e-05,2.2187e-05,-6.2806e-05,-0.0016813,-0.0009759,0.0022382,0.034714,0.0017921,-0.0026015,-0.0027417,-0.00044217,-2.3502e-05,2.8764e-06,0.011786,5.665e-19,-5.7747e-05,2.8766e-06,0.0018223,-2.0622e-12,-3.424e-05,5.5837e-13,-2.4769e-14,4.8069e-06,-6.5273e-05,-1.9837e-10,0.00051635,0.013558,0.014648,-0.0023383,0.00045172,-7.8679e-06,5.6368e-08,4.5628e-07,-1.516e-07,-0.00016811,-9.4007e-05,0.00049494,-5.1645e-09,-2.4208e-05,5.5881e-05,-2.0527e-12,2.7682e-08,6.0845e-08,6.0439e-06,3.7396e-06,2.5796e-22,-4.3098e-18,-3.5496e-12,1.4548e-11,3.3899e-11,-0.00012498,-0.00044068,4.2382e-05,-0.00016501,-0.0001193,5.7365e-11,-1.1522e-10,0.0004192,2.3618e-06,-0.00073264,-0.00091618,0.007396,5.0511e-08,-9.1859e-06,-1.1842e-05,4.2342e-10,-1.3446e-09,0.0066271,0.013536,1.8651e-14,-6.3688e-13,-6.0539e-13,3.1248e-12,1.1548e-07,1.4312e-06,-0.0014507,-0.0022803,9.6716e-07,1.6198e-06,1.554e-14,1.8658e-14,6.1113e-08,1.0148e-05,3.6463e-05,2.6192e-06,0.007928,0.0089669,-2.3711e-05,-4.0204e-05,9.5939e-05,0.0001211,-3.5692e-17,1.0682e-20
1.4128e-17,-0.0044483,0.085884,0.032367,0.0049251,-0.011436,-0.000797,6.0933e-05,0.0048922,0.012536,-2.2218e-07,-9.4621e-08,4.2663e-08,-2.6192e-09,-2.0894e-10,-3.4263e-10,-2.8548e-07,-3.669e-07,-9.0343e-12,7.8142e-13,-1.3901e-12,1.2036e-06,-1.4741e-10,-1.9008e-15,3.3142e-05,2.1939e-06,4.6632e-11,-1.6139e-09,0.0011827,0.0014438,-7.473e-11,-0.00011738,0.00026936,2.1885e-10,6.2979e-09,-4.5098e-05,-4.1896e-05,1.4132e-08,-1.085e-09,3.0101e-14,5.4291e-12,0.01064,0.0021981,-4.9128e-12,-2.2205e-11,-2.0726e-09,3.2731e-10,-1.2857e-09,-1.1178e-08,1.0797e-09,-1.9479e-08,2.6205e-06,-1.2709e-05,-7.9649e-06,2.2547e-05,0.00060359,0.00035035,-0.00058059,0.022,0.014765,0.0076649,0.0068159,0.0008107,8.4382e-06,-1.0327e-06,0.01604,7.5591e-19,2.0742e-05,-1.0328e-06,-0.00050134,5.3815e-12,1.2292e-05,-1.4571e-12,6.4638e-14,-9.307e-06,2.3433e-05,5.1767e-10,0.001122,0.018433,0.0033996,0.0068831,-0.0011788,2.0532e-05,-1.471e-07,-1.1907e-06,3.9561e-07,0.00037376,9.5624e-05,-0.0012916,1.3476e-08,8.6908e-06,-2.0061e-05,5.3569e-12,-9.9376e-09,-2.1843e-08,-2.1698e-06,-1.3425e-06,-3.3572e-23,1.1247e-17,1.2744e-12,-5.2228e-12,-1.217e-11,0.00032614,0.00115,-0.0001106,0.00043059,0.00031129,-2.0594e-11,3.0069e-10,-0.001094,-6.1634e-06,0.00026302,0.0029464,0.0086992,-1.3181e-07,2.3972e-05,3.0902e-05,-1.5201e-10,4.8256e-10,0.0068543,0.014,-6.6849e-15,2.2864e-13,2.1733e-13,-1.1218e-12,-3.0137e-07,-3.7349e-06,0.0041113,0.0065644,-2.3993e-06,-4.227e-06,-5.5789e-15,-6.6983e-15,-1.5948e-07,-2.6482e-05,-9.5155e-05,-6.8353e-06,0.0063224,0.0059945,6.1877e-05,0.00010492,-3.4444e-05,-4.3475e-05,9.3108e-17,-1.3587e-21
2.8413e-19,0.00079903,0.0039686,0.016906,0.032287,0.0052791,8.2241e-05,-5.3634e-06,-0.00030887,0.0077531,3.569e-08,8.6464e-09,-4.6438e-09,1.3517e-10,-6.2189e-11,1.5029e-11,2.7854e-08,3.58e-08,1.9354e-13,-5.1121e-13,2.532e-13,-1.1743e-07,1.4377e-11,1.2356e-15,-2.1544e-05,-1.4261e-06,-3.0312e-11,9.7512e-10,-0.00011538,-0.00014085,4.8577e-11,1.1451e-05,-2.628e-05,-1.4239e-10,-6.5433e-10,4.3998e-06,-8.5829e-06,-9.1688e-09,7.0528e-10,-1.9566e-14,-3.5291e-12,0.0020938,0.00554,3.0362e-12,1.4218e-11,2.0337e-10,-3.1655e-11,1.2558e-10,1.0571e-09,-1.0534e-10,1.9004e-09,-2.5566e-07,1.2399e-06,7.7706e-07,-2.1997e-06,-5.8887e-05,-3.418e-05,5.7002e-05,0.0046585,0.03217,0.020795,0.018651,0.0018383,-8.2374e-07,1.0077e-07,0.0062155,5.4571e-20,-2.0309e-06,1.0084e-07,4.8911e-05,-3.4982e-12,-1.1992e-06,9.472e-13,-4.2017e-14,5.7646e-06,-2.2861e-06,-3.3651e-10,0.00087244,0.0073877,0.001208,0.018514,0.0007726,-1.3347e-05,9.5619e-08,7.7401e-07,-2.5716e-07,-0.00023723,-4.8966e-05,0.00084491,-8.7598e-09,-8.4788e-07,1.9572e-06,-3.4822e-12,9.6952e-10,2.1311e-09,2.1168e-07,1.3098e-07,1.9054e-23,-7.3109e-18,-1.244e-13,5.0954e-13,1.1873e-12,-0.00021201,-0.00074755,7.1894e-05,-0.0002799,-0.00020235,2.0092e-12,-1.9546e-10,0.00071511,4.0064e-06,-2.566e-05,0.0073627,0.00029212,8.5682e-08,-1.5583e-05,-2.0087e-05,1.483e-11,-4.6979e-11,-0.00043307,-0.00088457,6.4554e-16,-2.2311e-14,-2.1203e-14,1.0944e-13,1.959e-07,2.4278e-06,0.010151,0.016243,1.5486e-06,2.7477e-06,5.4425e-16,6.5348e-16,1.0367e-07,1.7214e-05,6.1854e-05,4.4432e-06,-0.00038409,-0.0003524,-4.0222e-05,-6.82e-05,3.3617e-06,4.2414e-06,-6.0524e-17,-1.4474e-21
1.9226e-19,0.00090434,0.0073136,0.023371,0.012139,0.0023532,0.00012282,-2.2147e-06,-0.00034672,0.001182,1.3334e-07,5.907e-09,-8.4501e-09,-6.4524e-10,-6.1802e-10,-1.0501e-10,3.1544e-08,4.0552e-08,-4.3428e-12,-3.4634e-12,1.0664e-12,-1.329e-07,1.6243e-11,8.3629e-15,-0.00014582,-9.6525e-06,-2.0517e-10,6.5264e-09,-0.00013058,-0.00015941,3.2879e-10,1.296e-05,-2.9745e-05,-9.6386e-10,-1.0052e-09,4.9795e-06,-9.3744e-05,-6.2041e-08,4.7736e-09,-1.3243e-13,-2.3887e-11,0.00040329,0.001342,2.0393e-11,9.6021e-11,2.3789e-10,-3.3981e-11,1.4311e-10,9.7473e-10,-1.1922e-10,2.1512e-09,-2.8935e-07,1.4033e-06,8.7947e-07,-2.4896e-06,-6.6647e-05,-3.8685e-05,6.6894e-05,5.5394e-05,0.017394,0.01218,0.011161,0.00040125,-9.3569e-07,1.1418e-07,0.00061094,-3.1294e-20,-2.3467e-06,1.1464e-07,5.5357e-05,-2.3677e-11,-1.3573e-06,6.4111e-12,-2.8439e-13,3.8733e-05,-2.5874e-06,-2.2776e-09,0.00014844,0.00076226,0.00019027,0.010846,0.014409,-9.0336e-05,6.4719e-07,5.2388e-06,-1.7406e-06,-0.0016,-0.00031829,0.013428,-5.9291e-08,-9.5962e-07,2.2151e-06,-2.3569e-11,1.0973e-09,2.4119e-09,2.3958e-07,1.4824e-07,4.9435e-23,-4.9484e-17,-1.4128e-13,5.7668e-13,1.3437e-12,-0.0014349,-0.0050597,0.00048661,-0.0018945,-0.0013696,2.2739e-12,-1.323e-09,0.010621,2.7117e-05,-2.9042e-05,0.0015685,-0.00015096,5.7993e-07,-0.00010547,-0.00013596,1.6784e-11,-5.2506e-11,-0.00049014,-0.0010011,6.8736e-16,-2.5277e-14,-2.3997e-14,1.2387e-13,1.326e-06,1.6432e-05,0.0022372,0.0035761,1.0471e-05,1.8597e-05,6.1598e-16,7.3961e-16,7.0167e-07,0.00011651,0.00041866,3.0073e-05,-0.00043301,-0.00039912,-0.00027224,-0.00046161,3.8132e-06,4.8004e-06,-4.0966e-16,-4.1044e-21
8.2193e-21,-0.00054332,0.003879,0.014555,-0.0011367,-0.0015033,-0.00020503,-1.5681e-05,0.00019574,-0.00066542,-4.902e-07,1.3566e-08,1.9171e-08,3.9096e-09,2.7876e-09,6.0146e-10,-1.9035e-08,-2.4515e-08,2.2737e-11,1.4809e-11,-4.0815e-12,7.9842e-08,-9.6338e-12,-3.5753e-14,0.0006234,4.1267e-05,8.7714e-10,-2.7848e-08,7.8402e-05,9.5764e-05,-1.4057e-09,-7.7855e-06,1.7879e-05,4.1209e-09,1.7717e-09,-2.9912e-06,0.00042708,2.6523e-07,-2.0408e-08,5.6617e-13,1.0212e-10,-0.002126,-0.0012321,-8.7071e-11,-4.1036e-10,-1.7695e-10,1.2276e-11,-9.0286e-11,3.9254e-10,7.163e-11,-1.2938e-09,1.7384e-07,-8.431e-07,-5.2837e-07,1.4957e-06,4.004e-05,2.3241e-05,-5.0692e-05,-0.0001421,0.0028805,0.014158,0.0043227,-0.00023768,5.7708e-07,-6.9174e-08,-0.00032781,9.3781e-21,1.6224e-06,-7.1114e-08,-3.3258e-05,1.0123e-10,8.1542e-07,-2.7409e-11,1.2158e-12,-0.00016538,1.5545e-06,9.7374e-09,-8.385e-05,-0.00041154,-0.00010712,0.014927,0.025658,0.00038621,-2.7669e-06,-2.2397e-05,7.4414e-06,0.0090179,0.0017264,0.014111,2.5348e-07,5.7652e-07,-1.3308e-06,1.0076e-10,-6.5923e-10,-1.449e-09,-1.4394e-07,-8.9059e-08,-7.0994e-22,2.1156e-16,8.6987e-14,-3.4646e-13,-8.0729e-13,0.0083912,0.029231,-0.0020804,0.010632,0.0075359,-1.3661e-12,5.656e-09,0.0075627,-0.00011593,1.7448e-05,-0.00067827,-0.00095749,-2.4794e-06,0.00045091,0.00058127,-1.0084e-11,2.8614e-11,0.00029447,0.00060147,-2.2175e-16,1.5301e-14,1.4417e-14,-7.4417e-14,-5.6688e-06,-7.0253e-05,-0.0012876,-0.0020395,-4.4758e-05,-7.9509e-05,-3.7007e-16,-4.4434e-16,-2.9998e-06,-0.00049812,-0.0017899,-0.00012857,0.00025264,0.00024098,0.0017667,0.002802,-2.3283e-06,-2.884e-06,1.7514e-15,2.5093e-20
1.6167e-18,0.00013798,0.0081612,0.010281,-0.0012714,0.00058511,0.00029091,3.4941e-05,-2.6829e-05,0.00017203,8.7081e-07,-3.4592e-08,-3.0518e-08,-7.4025e-09,-5.1053e-09,-1.1325e-09,4.9861e-09,6.5012e-09,-4.2406e-11,-2.6925e-11,7.2984e-12,-2.0269e-08,2.219e-12,6.5004e-14,-0.0011334,-7.5028e-05,-1.5947e-09,5.0616e-08,-1.9823e-05,-2.4298e-05,2.5557e-09,1.9752e-06,-4.555e-06,-7.4922e-09,-2.5751e-09,7.5876e-07,-0.00078321,-4.8221e-07,3.7105e-08,-1.0294e-12,-1.8567e-10,0.0042357,0.0012146,1.5828e-10,7.4604e-10,1.0687e-10,1.1696e-11,3.0763e-11,-1.8799e-09,-1.8194e-11,3.3107e-10,-4.4137e-08,2.1407e-07,1.3416e-07,-3.7977e-07,-1.0167e-05,-5.9011e-06,3.1986e-05,0.00029248,-0.00036224,0.018291,0.00049177,7.2881e-05,-1.7371e-07,1.8616e-08,8.3233e-05,-7.6848e-21,-7.9882e-07,2.2137e-08,8.4443e-06,-1.8404e-10,-2.0704e-07,4.9833e-11,-2.2105e-12,0.00030063,-3.9469e-07,-1.7704e-08,2.0917e-05,0.00010449,2.7199e-05,0.019651,0.02195,-0.00070217,5.0306e-06,4.0721e-05,-1.3529e-05,0.016534,0.0025111,0.005329,-4.6086e-07,-1.4638e-07,3.3787e-07,-1.832e-10,1.6738e-10,3.6792e-10,3.6546e-08,2.2613e-08,-6.53e-21,-3.8461e-16,-2.5927e-14,8.7969e-14,2.0498e-13,0.018912,0.061821,0.0041136,0.018887,0.011609,3.4687e-13,-1.0283e-08,-0.00039936,0.00021078,-4.4301e-06,-0.00023368,0.0023032,4.5077e-06,-0.00081981,-0.0010568,2.5603e-12,-1.931e-12,-7.4767e-05,-0.00015272,-2.9186e-16,-4.094e-15,-3.6606e-15,1.8894e-14,1.0306e-05,0.00012773,0.00032692,0.00048409,8.1373e-05,0.00014456,9.3971e-17,1.1283e-16,5.454e-06,0.00095331,0.0034453,0.00023376,-5.0496e-05,-6.3371e-05,0.0059573,0.007472,6.5931e-07,7.3226e-07,-3.1843e-15,5.5787e-20
7.531e-18,1.2491e-05,0.057248,0.046954,-0.0010143,0.00016105,0.00015327,1.9617e-05,9.7304e-06,1.7195e-05,4.7548e-07,-1.9685e-08,-1.6395e-08,-4.0766e-09,-2.7993e-09,-6.2325e-10,5.3222e-10,7.3499e-10,-2.3307e-11,-1.4749e-11,3.9887e-12,-1.831e-09,7.9958e-14,3.5606e-14,-0.00062084,-4.1097e-05,-8.7353e-10,2.7725e-08,-1.7482e-06,-2.1885e-06,1.3999e-09,1.7781e-07,-4.2018e-07,-4.1039e-09,-1.3626e-09,6.8232e-08,-0.00042951,-2.6414e-07,2.0325e-08,-5.6384e-13,-1.017e-10,0.018805,0.0054203,8.6695e-11,4.0864e-10,4.2592e-11,8.9319e-12,6.9492e-12,-1.1163e-09,-1.6491e-12,3.1304e-11,-3.9914e-09,1.936e-08,1.2133e-08,-3.4346e-08,-9.1944e-07,-5.3368e-07,1.3053e-05,0.00016274,-1.896e-05,0.0084949,0.0012926,1.3253e-05,-3.016e-08,2.2431e-09,7.5275e-06,-4.0282e-21,-2.7789e-07,4.1712e-09,7.6369e-07,-1.0081e-10,-1.8724e-08,2.7296e-11,-1.2108e-12,0.00016467,-3.5695e-08,-9.6974e-09,1.6934e-06,9.4502e-06,2.4598e-06,0.0085585,0.0069394,-0.00038462,2.7555e-06,2.2305e-05,-7.4108e-06,0.0084449,0.00011283,0.00015464,-2.5244e-07,-1.3239e-08,3.0546e-08,-1.0035e-10,1.5138e-11,3.3274e-11,3.3052e-09,2.0451e-09,-1.5913e-20,-2.1063e-16,-4.3864e-15,7.9566e-15,1.8543e-14,0.017256,0.049971,0.024901,0.0085523,0.0019602,3.137e-14,-5.6328e-09,-8.1737e-05,0.00011546,-4.0065e-07,-0.00023689,0.011166,2.4692e-06,-0.00044906,-0.00057888,2.3155e-13,2.6608e-12,-6.7619e-06,-1.3811e-05,-2.1144e-16,-4.8139e-16,-3.3106e-16,1.7085e-15,5.6455e-06,6.9964e-05,2.9566e-05,2.5838e-05,4.4572e-05,7.9182e-05,8.5539e-18,1.0191e-17,2.9875e-06,0.003781,0.014959,0.00012804,2.69e-06,-6.8923e-06,0.0079681,0.0080381,9.5847e-08,6.6225e-08,-1.7442e-15,4.968e-20
7.962e-18,-2.7969e-05,0.084177,0.11556,0.031221,-0.0019572,-0.0022183,-0.00028698,-0.00020141,-6.2452e-05,-6.9241e-06,2.8862e-07,2.3809e-07,5.9451e-08,4.0792e-08,9.088e-09,-2.3857e-09,-3.8091e-09,3.3978e-10,2.1489e-10,-5.8094e-11,4.0419e-09,1.6073e-12,-5.1879e-13,0.014576,0.00096489,1.2728e-08,-4.0395e-07,3.2296e-06,4.7354e-06,-2.0397e-08,-3.8328e-07,1.0563e-06,5.9795e-08,1.9736e-08,-1.4601e-07,0.01014,3.8485e-06,-2.9613e-07,8.2153e-12,1.4818e-09,0.013215,0.0065808,-1.2632e-09,-5.954e-09,-5.8163e-10,-1.363e-10,-7.7075e-11,1.6476e-08,3.7224e-12,-8.9781e-11,8.8729e-09,-4.306e-08,-2.6985e-08,7.639e-08,2.045e-06,1.187e-06,-0.00017928,-0.0023773,-0.00016192,0.0013076,0.023003,-0.00012798,2.8076e-07,-1.3262e-08,-1.6742e-05,4.5067e-21,3.659e-06,-4.1354e-08,-1.6985e-06,1.4688e-09,4.1646e-08,-3.9771e-10,1.7642e-11,-0.0023993,7.9391e-08,1.4129e-07,-8.3472e-07,-2.1018e-05,-5.471e-06,0.001171,0.00028308,0.010986,-4.0149e-05,-0.00032499,0.00010798,0.0014243,-0.00025031,-0.00034215,3.6781e-06,2.9444e-08,-6.7785e-08,1.4621e-09,-3.3669e-11,-7.4006e-11,-7.3512e-09,-4.5485e-09,-1.3341e-20,3.0698e-15,3.9942e-14,-1.7694e-14,-4.1229e-14,0.009245,0.026786,0.041733,0.0011901,-0.0005836,-6.9769e-14,8.207e-08,0.00018424,-0.0016822,8.9111e-07,0.0060194,0.010305,4.2154e-05,0.012503,0.014201,-5.15e-13,-4.7847e-11,1.5039e-05,3.0719e-05,3.2068e-15,2.7141e-15,7.3635e-16,-3.7956e-15,-8.2255e-05,-0.0010194,-6.5759e-05,0.00020786,-0.00064943,-0.0011537,-1.8842e-17,-2.2949e-17,-4.3528e-05,0.0012625,0.010425,-0.0018656,-0.00011329,3.25e-05,0.002576,0.0023935,-7.4877e-07,-1.4729e-07,2.5413e-14,1.2038e-20
3.599e-18,1.2017e-05,0.047245,0.12588,0.07381,0.006279,0.0065887,0.0008538,0.00062637,9.8812e-05,2.0585e-05,-8.5894e-07,-7.0751e-07,-1.7678e-07,-1.2129e-07,-2.7024e-08,4.6135e-09,8.1383e-09,-1.0103e-09,-6.3891e-10,1.7271e-10,-1.5626e-09,-6.0594e-12,1.5425e-12,0.013173,0.000872,-3.7841e-08,1.201e-06,6.7064e-07,-1.5385e-06,6.0643e-08,1.2e-07,-8.0092e-07,-1.7778e-07,-5.8625e-08,4.2398e-08,0.0095457,-1.1442e-05,8.8046e-07,-2.4426e-11,-4.4057e-09,0.0029496,0.0033558,3.7556e-09,1.7702e-08,1.7113e-09,4.0811e-10,2.1799e-10,-4.9083e-08,-1.689e-12,9.7743e-11,-3.6189e-09,1.7629e-08,1.1048e-08,-3.1275e-08,-8.3724e-07,-4.8597e-07,0.000528,0.0082869,0.00083502,-0.00042483,0.045179,0.00058311,-7.6148e-07,3.046e-08,6.8545e-06,-6.9593e-22,-1.0699e-05,1.1398e-07,6.9541e-07,-4.3671e-09,-1.705e-08,1.1825e-09,-5.2453e-11,0.0083496,-3.2504e-08,-4.2009e-07,-8.5286e-06,8.6053e-06,2.2399e-06,-0.00036885,0.0005032,0.023885,0.00011937,0.00096626,-0.00032103,-0.000473,0.00010244,0.00014011,-1.0936e-05,-1.2054e-08,2.7285e-08,-4.3471e-09,1.3785e-11,3.0299e-11,3.0097e-09,1.8622e-09,-2.0092e-21,-9.1268e-15,-1.0769e-13,7.2446e-15,1.6881e-14,0.0024278,0.014923,0.034014,-0.00037666,0.00025959,2.8556e-14,-2.4401e-07,-8.2072e-05,0.0057758,-3.6483e-07,0.0055028,0.0042928,0.001161,0.025362,0.017162,2.1085e-13,1.4645e-10,-6.1566e-06,-1.2577e-05,-9.5927e-15,-6.0836e-15,-3.0154e-16,1.541e-15,0.00040191,0.0036189,2.6923e-05,-0.00088787,0.0025945,0.0039717,7.8754e-18,9.0051e-18,0.00012942,-0.00012463,0.0082024,0.0064782,0.00037106,-6.5257e-05,-0.0011921,-0.0010354,1.9271e-06,6.0304e-08,-7.5559e-14,-6.9331e-21
-3.1233e-18,-2.3521e-06,-0.004504,0.093663,0.12062,0.0086881,-0.0066785,-0.00086775,-0.00064037,-8.8377e-05,-2.0919e-05,8.7302e-07,7.1896e-07,1.7966e-07,1.2326e-07,2.7463e-08,-4.3448e-09,-7.8289e-09,1.0268e-09,6.4929e-10,-1.7552e-10,1.3893e-10,6.3354e-12,-1.5675e-12,-0.0013625,-9.0192e-05,3.8456e-08,-1.2205e-06,-2.1054e-06,-1.7466e-07,-6.1629e-08,1.9364e-08,4.8964e-07,1.8067e-07,5.957e-08,1.1208e-08,-0.0003199,1.1628e-05,-8.9477e-07,2.4823e-11,4.4773e-09,-0.00018763,-0.00031325,-3.8166e-09,-1.799e-08,-1.7366e-09,-4.1513e-10,-2.1999e-10,4.9894e-08,4.165e-13,-7.588e-11,5.2279e-10,-2.6144e-09,-1.6384e-09,4.638e-09,1.2416e-07,7.2068e-08,-0.00053588,0.019946,0.0026543,6.3001e-05,0.049201,0.0048439,7.637e-07,-2.9712e-08,-1.0165e-06,-4.8169e-21,1.0848e-05,-1.1459e-07,-1.0313e-07,4.4381e-09,2.5285e-09,-1.2017e-09,5.3306e-11,0.019887,4.8202e-09,4.2692e-07,1.0193e-05,-1.2761e-06,-3.3217e-07,5.4699e-05,0.0018492,0.02378,-0.00012131,-0.00098196,0.00032625,7.0604e-05,-1.5149e-05,-2.0806e-05,1.1113e-05,1.7867e-09,-3.5758e-09,4.4178e-09,-2.0442e-12,-4.4932e-12,-4.4633e-10,-2.7616e-10,6.688e-21,9.2752e-15,1.079e-13,-1.0747e-15,-2.5021e-15,-0.00017554,0.010547,0.011783,5.5858e-05,-3.8496e-05,-4.2267e-15,2.4798e-07,1.8857e-05,0.012187,5.4103e-08,-0.00057003,-0.00064056,0.010408,0.025313,0.0057956,-3.1269e-14,-1.4941e-10,9.1241e-07,1.8651e-06,9.7567e-15,5.9072e-15,4.4795e-17,-2.1357e-16,0.0032728,0.01005,-3.9925e-06,0.00095633,0.012878,0.0085942,-8.9053e-19,-1.766e-18,-0.00013152,-0.00032245,0.012069,0.015152,-0.00038184,6.197e-05,0.00042645,0.00032079,-1.9169e-06,-8.9428e-09,7.6787e-14,1.874e-21
-1.9243e-18,-3.1536e-06,-0.0025105,0.089948,0.15808,0.042351,-0.016028,-0.0028713,-0.0021207,-0.00028677,-6.9218e-05,2.8887e-06,2.3789e-06,5.9447e-07,4.0784e-07,9.0872e-08,-1.4215e-08,-2.5697e-08,3.3974e-09,2.1484e-09,-5.8077e-10,-2.2057e-10,2.1046e-11,-5.1867e-12,-0.00076464,-5.0623e-05,1.2725e-07,-4.0386e-06,-7.6349e-06,-1.3939e-06,-2.0392e-07,1.3041e-07,1.4679e-06,5.9781e-07,1.9711e-07,6.2576e-08,-0.00043016,3.8476e-05,-2.9606e-06,8.2135e-11,1.4815e-08,-0.0001053,-0.00017567,-1.2629e-08,-5.9527e-08,-5.745e-09,-1.3738e-09,-7.2719e-10,1.651e-07,7.6789e-13,-2.4007e-10,2.4874e-10,-1.4672e-09,-9.195e-10,2.6029e-09,6.9681e-08,4.0445e-08,-0.0017728,0.010099,0.0027181,3.5357e-05,0.034629,0.0067199,2.5222e-06,-9.7728e-08,-5.7047e-07,-1.0868e-21,3.5882e-05,-3.7858e-07,-5.7877e-08,1.4685e-08,1.419e-09,-3.9762e-09,1.7638e-10,0.0096762,2.7052e-09,1.4126e-06,3.4445e-05,-7.1619e-07,-1.8642e-07,3.0698e-05,0.0018885,0.0084067,-0.0004014,-0.0032492,0.0010795,4.1102e-05,-8.3655e-06,-1.1767e-05,3.6772e-05,9.9997e-10,-4.9328e-10,1.4618e-08,-1.1472e-12,-2.5217e-12,-2.5049e-10,-1.5499e-10,1.468e-21,3.069e-14,3.5631e-13,-6.0301e-16,-1.4047e-15,-9.8515e-05,0.0014553,0.00092731,3.1348e-05,-2.1604e-05,-2.3446e-15,8.2052e-07,3.2093e-05,0.0020947,3.0364e-08,-0.00031991,-0.00058929,0.024356,0.011211,0.0004096,-1.7551e-14,-4.9466e-10,5.1014e-07,1.0467e-06,3.2287e-14,1.9417e-14,2.5764e-17,-7.6435e-17,0.007251,0.0083844,-2.2406e-06,0.0093308,0.023563,0.00167,-6.1098e-19,-1.1034e-18,-0.00043518,-0.0012778,0.008617,0.0082963,-0.0012657,0.00020301,0.0010425,0.00071804,-6.3233e-06,-5.0189e-09,2.5408e-13,1.9855e-21
-1.2986e-18,1.2154e-05,0.0017671,0.051833,0.10217,0.26961,0.18673,0.020997,0.015206,0.0014823,0.00035903,-1.4984e-05,-1.2339e-05,-3.0835e-06,-2.1155e-06,-4.7135e-07,7.3585e-08,1.331e-07,-1.7622e-08,-1.1144e-08,3.0124e-09,1.7619e-09,-1.0924e-10,2.6903e-11,0.00056639,3.7526e-05,-6.6002e-07,2.0948e-05,4.0209e-05,7.9713e-06,1.0577e-06,-7.3669e-07,-7.4756e-06,-3.1008e-06,-1.0224e-06,-3.4772e-07,0.00032072,-0.00019957,1.5357e-05,-4.2603e-10,-7.6843e-08,7.8013e-05,0.00012943,6.5504e-08,3.0876e-07,2.9798e-08,7.126e-09,3.7712e-09,-8.5636e-07,-3.4288e-12,1.2352e-09,5.4871e-11,1.0868e-09,6.811e-10,-1.9281e-09,-5.1615e-08,-2.9959e-08,0.012706,0.0011173,0.00099306,-2.619e-05,0.015767,-0.011657,-1.3078e-05,5.0638e-07,4.2257e-07,1.0923e-20,-0.00018611,1.9632e-06,4.2871e-08,-7.617e-08,-1.0511e-09,2.0624e-08,-9.1488e-10,0.0012752,-2.0038e-09,-7.3271e-06,-0.00017931,5.305e-07,1.3809e-07,-2.2739e-05,0.00068306,0.00038824,0.0028052,0.023089,-0.0055994,-3.8361e-05,5.4666e-06,9.2029e-06,-0.00019074,-7.2593e-10,-7.7384e-09,-7.5821e-08,8.498e-13,1.8679e-12,1.8554e-10,1.148e-10,-8.7062e-22,-1.5919e-13,-1.8475e-12,4.4666e-16,1.0405e-15,7.2974e-05,-0.0010407,-0.00063946,-2.3221e-05,1.6003e-05,1.5904e-15,-4.256e-06,-0.00013894,-0.0014372,-2.2491e-08,0.00023697,0.010134,0.010021,-0.003369,-0.00027968,1.3012e-14,2.566e-09,-3.6762e-07,-7.7533e-07,-1.6748e-13,-1.006e-13,-1.8213e-17,-1.7567e-16,0.0034835,0.0026662,1.6595e-06,0.010272,0.015324,-0.0022986,2.4375e-19,1.8933e-18,0.0030414,0.0095164,0.0025024,0.0092672,0.0091655,-0.0010511,-0.0050729,-0.0034126,3.2781e-05,3.7176e-09,-1.3179e-12,-3.0927e-20
-9.201e-19,-2.4547e-05,-0.00032228,0.0090023,0.023881,0.2805,0.23039,0.03618,0.023425,-0.0031487,-0.00076301,3.1843e-05,2.6223e-05,6.553e-06,4.4958e-06,1.0017e-06,-1.5634e-07,-2.8281e-07,3.7451e-08,2.3683e-08,-6.4019e-09,-3.9328e-09,2.3218e-10,-5.7175e-11,-0.00016658,-1.1097e-05,1.4027e-06,-4.4518e-05,-8.5637e-05,-1.7167e-05,-2.2479e-06,1.584e-06,1.5845e-05,6.5899e-06,2.1727e-06,7.4605e-07,-9.4308e-05,0.00042413,-3.2636e-05,9.0539e-10,1.6331e-07,-2.2968e-05,-3.657e-05,-1.3921e-07,-6.5618e-07,-6.3327e-08,-1.5144e-08,-8.0144e-09,1.8199e-06,7.1178e-12,-2.622e-09,-5.2694e-10,-3.1963e-10,-2.0031e-10,5.6704e-10,1.518e-08,8.811e-09,0.019352,0.00056181,-0.00022996,7.7025e-06,0.0035136,0.029895,2.7792e-05,-1.076e-06,-1.2428e-07,-2.0631e-21,0.00039551,-4.1719e-06,-1.2608e-08,1.6188e-07,3.0914e-10,-4.3831e-08,1.9443e-09,-0.00020138,5.8932e-10,1.5572e-05,0.00038127,-1.5602e-07,-4.0613e-08,6.6875e-06,-0.00015789,2.1131e-05,0.0035562,0.03319,0.013073,2.819e-05,-4.8268e-08,-3.7455e-06,0.00040535,1.8191e-10,1.9587e-08,1.6113e-07,-2.4992e-13,-5.4934e-13,-5.4568e-11,-3.3763e-11,4.2068e-22,3.3831e-13,3.9262e-12,-1.3136e-16,-3.0601e-16,-2.1461e-05,0.00030607,0.00018806,6.8292e-06,-4.7065e-06,-1.5505e-16,9.0448e-06,0.00028689,0.00042421,6.6147e-09,-6.9692e-05,0.01182,0.0010368,0.010539,8.2254e-05,-3.8508e-15,-5.4533e-09,8.6199e-08,2.2802e-07,3.5592e-13,2.1375e-13,5.3579e-18,5.4921e-16,-0.0008413,-0.00060094,-4.8766e-07,0.0046368,0.0045467,0.0032096,-3.64e-19,2.1465e-18,0.0038556,0.015361,-0.00055274,0.012031,0.014867,0.0024805,0.011569,0.0077836,-6.9661e-05,-1.0934e-09,2.8007e-12,3.8888e-20
-1.1274e-20,-6.7731e-19,5.3873e-18,-1.1134e-18,1.6331e-17,8.9706e-16,0.0068005,0.021741,0.018901,-1.1054e-16,-2.6434e-17,1.2162e-18,9.1423e-19,2.3543e-19,1.5744e-19,3.6574e-20,-5.5709e-21,-9.9455e-21,1.3073e-21,8.3996e-22,-2.9729e-23,8.8015e-22,1.2008e-21,1.3437e-21,-1.0012e-18,-7.1474e-20,5.1148e-20,-1.5626e-18,-2.971e-18,-5.8721e-19,-7.9832e-20,5.3222e-20,5.6142e-19,2.3367e-19,7.6139e-20,6.0231e-20,-4.5859e-19,1.5104e-17,-1.3199e-18,-1.4778e-20,1.0056e-22,-1.346e-19,-1.6437e-19,-5.5964e-21,-2.3682e-20,-2.1268e-21,-5.712e-22,2.6523e-22,6.3431e-20,9.1022e-22,-1.4022e-21,4.5424e-21,-1.6117e-20,6.3187e-20,-2.4183e-19,7.7562e-19,2.7009e-19,0.0068044,0.0026462,-4.6038e-18,1.573e-17,4.6473e-18,0.10228,4.293e-18,-2.1666e-18,5.3574e-20,-1.0162e-19,1.3549e-17,-6.3063e-20,-7.9026e-21,3.8377e-21,-4.2667e-22,-3.2026e-23,4.5267e-21,-1.1472e-18,2.3229e-20,5.9329e-19,1.3779e-17,3.6621e-20,2.712e-20,-9.7295e-21,-7.405e-19,-5.3031e-19,1.9135e-17,0.0090753,0.053995,2.5381e-18,-6.855e-19,-2.655e-19,1.4168e-17,-3.633e-20,-1.0829e-21,-1.392e-21,-7.7698e-23,-1.6335e-22,-1.2967e-22,1.9607e-24,1.3e-23,1.667e-23,3.3059e-22,-9.6777e-22,-2.2052e-21,-1.0851e-19,1.8775e-18,1.1413e-18,4.2223e-20,-3.0258e-20,6.2203e-21,3.6783e-19,9.8894e-18,2.5283e-18,-2.9629e-19,4.5366e-19,4.4812e-17,0.01592,0.038283,-6.4306e-19,-1.6239e-19,-9.3232e-20,-5.2015e-20,6.8131e-21,-1.3764e-21,-1.0974e-21,1.0182e-20,-1.1298e-20,-4.9751e-18,-3.6279e-18,1.124e-19,1.2685e-17,0.0039806,0.0094775,-3.0333e-19,1.2589e-18,1.2629e-17,0.0068103,-3.5593e-18,0.0068105,0.0068105,0.011374,0.040948,0.028815,-2.4316e-18,-2.2158e-19,-1.0648e-19,1.395e-19
-2.8253e-19,0.0001531,-0.0013533,0.0042573,0.0044664,-0.012888,-0.0084675,0.0096263,0.04264,0.036512,0.0067285,-0.00020024,-0.0001649,-4.1207e-05,-2.8271e-05,-6.2991e-06,9.8306e-07,1.7783e-06,-2.355e-07,-1.4892e-07,4.0258e-08,2.4916e-08,-1.46e-09,3.5953e-10,2.649e-05,2.1989e-06,-8.8205e-06,0.00027995,0.0005387,0.00010817,1.4135e-05,-9.9787e-06,-9.9597e-05,-4.1439e-05,-1.3663e-05,-4.6983e-06,1.4892e-05,-0.0026671,0.00020523,-5.6934e-09,-1.0269e-06,3.8239e-06,-4.811e-06,8.7539e-07,4.1263e-06,3.9822e-07,9.5232e-08,5.0397e-08,-1.1444e-05,-4.4593e-11,1.6485e-08,3.7175e-09,5.0829e-11,3.1854e-11,-9.0174e-11,-2.414e-09,-1.4012e-09,0.00054508,0.0008515,3.657e-05,-1.2249e-06,-0.00014104,0.047332,-0.00017477,6.766e-06,1.9763e-08,-8.3797e-20,-0.0024871,2.6234e-05,2.005e-09,-1.0179e-06,-4.916e-11,2.7562e-07,-1.2226e-08,3.1038e-05,-9.3716e-11,-9.7919e-05,-0.0023978,2.4819e-08,6.4666e-09,-1.0635e-06,2.5109e-05,-3.3405e-06,-0.00031768,0.0033541,0.058694,-0.00012476,-1.1086e-05,7.9864e-06,-0.002549,1.9573e-10,-1.2626e-07,-1.0133e-06,3.9744e-14,8.7359e-14,8.6776e-12,5.3692e-12,-1.4638e-21,-2.1274e-12,-2.4689e-11,2.0889e-17,4.8664e-17,3.4129e-06,-4.8673e-05,-2.9907e-05,-1.086e-06,7.4845e-07,-2.1995e-15,-5.6877e-05,-0.0017958,-6.7459e-05,-1.0519e-09,1.1083e-05,-0.0010327,0.016715,0.023064,-1.308e-05,7.8265e-16,3.4293e-08,1.4221e-07,-3.6262e-08,-2.2381e-12,-1.3441e-12,-8.5028e-19,-3.6266e-15,0.00013379,9.5562e-05,7.4699e-08,-0.00031933,0.0011103,0.0028593,6.7082e-20,3.1618e-19,-0.00034442,0.00090293,8.7899e-05,0.0012296,0.00094778,0.014782,0.023852,0.020522,0.00043805,1.7387e-10,-1.7612e-11,9.7487e-20
3.5267e-19,-0.00052046,0.0060717,0.013868,0.0043387,0.024984,0.020671,0.0027933,0.05738,0.039254,-0.0044268,0.00068087,0.0005607,0.00014011,9.6127e-05,2.1418e-05,-3.3426e-06,-6.0468e-06,8.0076e-07,5.0637e-07,-1.3688e-07,-8.4736e-08,4.9645e-09,-1.2225e-09,-1.2464e-05,-2.3394e-06,2.9992e-05,-0.00095188,-0.0018317,-0.00036783,-4.8063e-05,3.3931e-05,0.00033865,0.0001409,4.6457e-05,1.5976e-05,-6.69e-06,0.010857,-0.00069252,1.9359e-08,3.4918e-06,-2.3148e-06,3.4204e-05,-2.9765e-06,-1.403e-05,-1.354e-06,-3.2381e-07,-1.7136e-07,3.8914e-05,1.5161e-10,-5.6053e-08,-1.2671e-08,-2.3917e-11,-1.4989e-11,4.2431e-11,1.1359e-09,6.5931e-10,-0.0001869,-0.00037361,-1.7208e-05,5.7636e-07,6.6364e-05,0.021383,0.00059424,-2.3006e-05,-9.2994e-09,2.6977e-19,0.010267,-8.9203e-05,-9.4346e-10,3.4612e-06,2.3132e-11,-9.3718e-07,4.1572e-08,-1.1641e-05,4.4097e-11,0.00039859,0.0098814,-1.1703e-08,-3.0673e-09,5.0041e-07,-1.1818e-05,1.5121e-06,0.00014948,0.0055311,0.045102,0.00042023,3.856e-05,-2.5972e-05,0.010478,-7.6736e-10,4.2955e-07,3.4453e-06,-1.8701e-14,-4.1106e-14,-4.0832e-12,-2.5264e-12,4.7469e-21,7.2336e-12,8.3948e-11,-9.8298e-18,-2.2898e-17,-1.6059e-06,2.2903e-05,1.4072e-05,5.1102e-07,-3.5218e-07,7.7204e-15,0.00023152,0.0073091,3.1743e-05,4.9496e-10,-5.215e-06,0.00045252,0.0062459,0.0037597,6.1549e-06,-8.7965e-16,-1.166e-07,-5.3554e-07,1.7066e-08,7.6102e-12,4.5703e-12,4.0248e-19,1.2344e-14,-6.2953e-05,-4.4962e-05,-2.6577e-08,0.00015026,-0.00048173,-0.0012485,1.0469e-19,-5.0868e-20,0.00016207,-0.00035522,-4.136e-05,-0.00050895,-0.00037632,0.0073827,0.0034176,0.0037119,-0.0014895,-8.1813e-11,5.9885e-11,7.571e-20
1.6823e-18,0.00070261,0.015048,0.019941,-0.0001509,0.0020501,0.0028881,-0.00031746,0.038492,0.053784,0.010461,-0.00091918,-0.00075695,-0.00018916,-0.00012977,-2.8915e-05,4.5126e-06,8.1632e-06,-1.081e-06,-6.8361e-07,1.848e-07,1.144e-07,-6.7021e-09,1.6504e-09,2.4031e-06,2.2034e-06,-4.0489e-05,0.001285,0.0024728,0.00049657,6.4886e-05,-4.5808e-05,-0.00045718,-0.00019022,-6.2717e-05,-2.1568e-05,8.6375e-07,0.019626,0.001063,-2.6135e-08,-4.7139e-06,1.1386e-06,-4.9493e-05,4.0184e-06,1.8941e-05,1.828e-06,4.3715e-07,2.3134e-07,-5.2534e-05,-2.0468e-10,7.5672e-08,1.7112e-08,4.6111e-12,2.8897e-12,-8.1803e-12,-2.1904e-10,-1.2711e-10,3.6033e-05,7.2028e-05,3.3175e-06,-1.1112e-07,-1.2794e-05,0.069486,-0.00078008,3.1058e-05,1.7928e-09,3.4932e-20,0.020877,0.00012371,1.8189e-10,-4.6726e-06,-4.4597e-12,1.2652e-06,-5.6123e-08,-1.7359e-06,-8.5016e-12,0.00072055,0.019824,2.2886e-09,6.2424e-10,-9.6475e-08,2.2831e-06,-2.1126e-07,-2.8819e-05,0.0038611,0.026365,-0.00056658,-5.2218e-05,3.4843e-05,0.020587,1.0549e-09,-5.7994e-07,-4.6512e-06,3.6054e-15,7.925e-15,7.8721e-13,4.8708e-13,-6.453e-21,-9.7654e-12,-1.1333e-10,1.8949e-18,4.4154e-18,3.0961e-07,-4.4155e-06,-2.7131e-06,-9.8527e-08,6.7897e-08,-1.0464e-14,0.00041854,0.013213,-6.1197e-06,-9.5425e-11,1.0055e-06,-4.2377e-05,-0.00039877,-0.00028582,-1.1866e-06,8.5648e-16,1.5741e-07,7.3266e-07,-3.2935e-09,-1.0274e-11,-6.1699e-12,-7.7115e-20,-1.6668e-14,1.2137e-05,8.6623e-06,-6.3898e-09,-2.8969e-05,9.2873e-05,0.0002407,3.0704e-20,3.0151e-20,-3.1245e-05,6.8484e-05,7.9739e-06,9.8121e-05,7.2552e-05,-0.00098055,-0.00021612,0.0013256,0.0020725,1.5773e-11,-8.0845e-11,-4.5458e-20
1.3122e-18,0.0012519,0.0088391,0.019861,0.0053789,-0.0010498,-0.00066482,-9.5943e-05,0.0036142,0.11111,0.065368,-0.0016378,-0.0013488,-0.00033705,-0.00023124,-5.1522e-05,8.0407e-06,1.4546e-05,-1.9262e-06,-1.2181e-06,3.2928e-07,2.0384e-07,-1.1942e-08,2.9407e-09,7.2625e-07,3.6907e-06,-7.2145e-05,0.0022898,0.0044062,0.00088482,0.00011562,-8.1623e-05,-0.00081462,-0.00033894,-0.00011175,-3.8431e-05,-4.7434e-07,0.0022884,0.0060169,-4.6568e-08,-8.3995e-06,1.5392e-06,-8.9006e-05,7.1601e-06,3.375e-05,3.2571e-06,7.7893e-07,4.1221e-07,-9.3607e-05,-3.647e-10,1.3484e-07,3.0492e-08,1.3936e-12,8.7334e-13,-2.4722e-12,-6.6269e-11,-3.8419e-11,1.089e-05,2.1768e-05,1.0026e-06,-3.3577e-08,-3.8667e-06,0.099752,0.0021147,5.5341e-05,5.4183e-10,-6.8476e-19,0.0083297,0.00073967,5.4971e-11,-8.3259e-06,-1.3478e-12,2.2544e-06,-1e-07,-7.395e-06,-2.5694e-12,8.4017e-05,0.007301,7.4757e-10,2.4542e-10,-2.9157e-08,6.9795e-07,7.4693e-08,-8.7098e-06,0.00036602,0.0057767,-0.0010094,-9.3084e-05,6.2031e-05,0.0055984,1.8843e-09,-1.0334e-06,-8.2878e-06,1.0896e-15,2.3951e-15,2.3791e-13,1.4721e-13,-1.1444e-20,-1.74e-11,-2.0194e-10,5.7268e-19,1.3342e-18,9.357e-08,-1.3345e-06,-8.1995e-07,-2.9789e-08,2.052e-08,-1.866e-14,4.8801e-05,0.0015406,-1.8495e-06,-2.8839e-11,3.0401e-07,6.4637e-05,0.00050561,-9.265e-05,-3.5862e-07,1.4445e-15,2.8049e-07,1.3079e-06,-1.0012e-09,-1.8306e-11,-1.0994e-11,-2.3063e-20,-2.97e-14,3.668e-06,2.6076e-06,-2.1805e-08,-8.755e-06,2.8068e-05,7.2745e-05,-1.5766e-20,1.405e-21,-9.4428e-06,2.0697e-05,2.4099e-06,2.9654e-05,2.1927e-05,-0.00029634,-6.5315e-05,0.011998,0.013457,4.7669e-12,-1.4405e-10,-3.5144e-19
-7.1841e-19,-0.0084422,-0.005457,0.026864,0.0128,0.0067596,0.0050031,9.4408e-05,-0.0034856,0.047893,0.03125,0.018048,0.014158,0.0022728,0.0015593,0.00034742,-5.4221e-05,-9.8084e-05,1.2989e-05,8.2139e-06,-2.2204e-06,-1.3745e-06,8.0529e-08,-1.983e-08,-7.1464e-07,-2.461e-05,0.00048649,-0.01544,-0.029712,-0.0059665,-0.00077963,0.0005504,0.0054932,0.0022856,0.00075358,0.00025915,5.5671e-06,-0.0022194,0.0028506,3.1402e-07,5.664e-05,-9.8034e-06,0.00060115,-4.8282e-05,-0.00022758,-2.1964e-05,-5.2525e-06,-2.7796e-06,0.00063122,2.4593e-09,-9.0923e-07,-2.0562e-07,-1.3713e-12,-8.5937e-13,2.4326e-12,6.5709e-11,3.7829e-11,-1.0716e-05,-2.142e-05,-9.8659e-07,3.3012e-08,3.8048e-06,0.056317,0.030527,-0.00037318,-5.3317e-10,1.6265e-19,0.00060686,0.00035112,-5.4092e-11,5.6144e-05,1.3262e-12,-1.5202e-05,6.7434e-07,5.4927e-05,2.5283e-12,-8.1498e-05,0.00026976,-1.1234e-09,-6.3521e-10,2.8689e-08,-7.4192e-07,-1.0344e-06,8.5714e-06,-0.00035312,0.00098619,0.011563,0.00062773,-0.00041823,-0.003657,-1.2712e-08,6.9684e-06,5.5887e-05,-1.0722e-15,-2.3568e-15,-2.3411e-13,-1.4485e-13,7.7019e-20,1.1734e-10,1.3617e-09,-5.6354e-19,-1.313e-18,-9.2073e-08,1.3131e-06,8.0686e-07,2.9393e-08,-2.0192e-08,1.2584e-13,-4.7337e-05,-0.0014944,1.8199e-06,2.8378e-11,-3.0008e-07,-0.00060072,-0.0048401,0.00013465,3.5288e-07,-9.6447e-15,-1.8914e-06,-8.8221e-06,1.0256e-09,1.2344e-10,7.4134e-11,2.2941e-20,2.0027e-13,-3.6093e-06,-2.4941e-06,1.5929e-07,8.615e-06,-2.7619e-05,-7.1582e-05,6.8702e-21,-3.7782e-21,9.2918e-06,-2.0366e-05,-2.3713e-06,-2.918e-05,-2.1576e-05,0.0002916,6.427e-05,0.010514,0.010973,-4.6905e-12,9.7139e-10,-2.6236e-19
7.5984e-18,0.022598,0.040824,0.022205,0.0095038,0.0069121,0.0052893,-3.1753e-05,0.0011719,-0.013805,-0.0091098,0.03952,0.025799,-0.0055513,-0.0038086,-0.00084859,0.00013243,0.00023957,-3.1726e-05,-2.0062e-05,5.4234e-06,3.3573e-06,-1.9669e-07,4.8435e-08,2.4036e-07,6.0012e-05,-0.0011883,0.037713,0.073893,0.015141,0.0023783,-0.001273,-0.013417,-0.0055825,-0.0018406,-0.00063297,-1.445e-05,0.00074581,-0.00083822,-7.67e-07,-0.00013834,2.3738e-05,-0.0014687,0.00011793,0.00055588,5.3647e-05,1.2829e-05,6.7893e-06,-0.0015417,-6.0068e-09,2.2208e-06,5.0222e-07,4.6121e-13,2.8904e-13,-8.1806e-13,-2.3332e-11,-1.2783e-11,3.6041e-06,7.2044e-06,3.3183e-07,-1.1033e-08,-1.2795e-06,0.0084096,0.03359,0.001017,1.7933e-10,4.6988e-20,-7.557e-05,-0.00010228,1.8193e-11,-0.00013713,-4.4606e-13,3.7131e-05,-1.6471e-06,-0.00013598,-8.5036e-13,2.7417e-05,1.8234e-05,1.3342e-09,1.1845e-09,-9.6454e-09,3.855e-07,2.7174e-06,-2.8851e-06,0.00011875,0.0031226,0.028415,-0.0015333,0.0011272,0.0078802,3.105e-08,-1.702e-05,-0.0001365,3.6063e-16,7.9268e-16,7.8739e-14,4.8719e-14,-1.8789e-19,-2.8659e-10,-3.326e-09,1.8954e-19,4.4159e-19,3.0968e-08,-4.4165e-07,-2.7144e-07,-1.0085e-08,6.7912e-09,-3.0738e-13,1.5921e-05,0.00050262,-6.1211e-07,-9.5447e-12,1.0323e-07,0.0016694,0.013685,-0.00015251,-1.1869e-07,2.3523e-14,4.6198e-06,2.1549e-05,-4.4465e-10,-3.0151e-10,-1.8107e-10,-7.6816e-21,-4.8917e-13,1.214e-06,6.6188e-07,-3.9348e-07,-2.8976e-06,9.2894e-06,2.4076e-05,-8.7069e-21,1.6094e-21,-3.1252e-06,6.8499e-06,7.9758e-07,9.8143e-06,7.2568e-06,-9.8077e-05,-2.1616e-05,0.0030387,0.0029122,1.5773e-12,-2.3726e-09,-7.5919e-20
1.4496e-17,0.056361,0.099673,0.0049355,-0.00037931,-0.00029169,-0.00022436,2.1793e-06,-8.0236e-05,0.00094764,0.00062524,0.041212,0.029174,0.0025032,0.0017157,0.00038154,-5.9544e-05,-0.00010771,1.4264e-05,9.0204e-06,-2.4384e-06,-1.5095e-06,8.8436e-08,-2.1777e-08,-1.6497e-08,-2.6976e-05,0.00053559,-0.016956,0.01119,0.012291,0.014878,0.002975,0.006049,0.0025175,0.00082978,0.0002853,6.5487e-06,-5.0889e-05,6.1051e-05,3.4485e-07,6.2201e-05,-1.066e-05,0.00066035,-5.3023e-05,-0.00024993,-2.412e-05,-5.7682e-06,-3.0526e-06,0.00069495,2.7007e-09,-9.9851e-07,-2.258e-07,-3.1655e-14,-1.9838e-14,5.6087e-14,2.1453e-12,9.0384e-13,-2.4736e-07,-4.9447e-07,-2.2774e-08,7.2604e-10,8.7727e-08,-0.00012622,0.011051,0.0030901,-1.2308e-11,5.3761e-20,5.1866e-06,7.0201e-06,-1.2487e-12,6.1656e-05,3.061e-14,-1.6695e-05,7.4055e-07,6.125e-05,5.8363e-14,-1.8843e-06,-1.3298e-06,-5.1412e-10,-5.1026e-10,6.6032e-10,-8.653e-08,-1.2334e-06,1.99e-07,-8.1445e-06,0.0023908,0.023179,0.00069159,0.0030487,0.021884,-1.3961e-08,7.6526e-06,6.1374e-05,-2.4771e-17,-5.4383e-17,-5.4041e-15,-3.3437e-15,8.4616e-20,1.2886e-10,1.4954e-09,-1.3009e-20,-3.0316e-20,-2.1254e-09,3.0312e-08,1.8655e-08,7.8017e-10,-4.661e-10,1.382e-13,-1.0927e-06,-3.4497e-05,4.2011e-08,6.5508e-13,-8.1e-09,0.0040499,0.039162,5.7838e-05,8.1461e-09,-1.0574e-14,-2.0771e-06,-9.6888e-06,7.4569e-11,1.3556e-10,8.1413e-11,5.1484e-22,2.1994e-13,-8.3317e-08,3.2767e-08,1.7718e-07,1.9887e-07,-6.3756e-07,-1.6524e-06,5.1615e-21,2.1016e-24,2.1449e-07,-4.7013e-07,-5.474e-08,-6.7359e-07,-4.9806e-07,6.7314e-06,1.4836e-06,-8.2638e-05,-7.3954e-05,-1.0814e-13,1.0668e-09,1.5549e-21
5.8723e-18,0.0066673,0.051826,-3.6232e-05,-0.00069248,-0.00054016,-0.00041555,3.9786e-06,-0.00014435,0.0017316,0.0011415,0.023277,0.040864,0.060075,0.034009,0.0042187,-0.00065839,-0.001191,0.00015772,9.974e-05,-2.6962e-05,-1.6691e-05,9.7785e-07,-2.4079e-07,-3.012e-08,-0.00029827,0.011883,-0.18359,-0.2879,-0.034871,0.022854,0.023441,0.1407,0.061373,0.019113,0.006353,7.2497e-05,-8.966e-05,0.00014981,3.8131e-06,0.00068777,-0.00011785,0.0073017,-0.00058629,-0.0027635,-0.0002667,-6.378e-05,-3.3753e-05,0.015549,2.9863e-08,-1.1041e-05,-2.4968e-06,-5.7789e-14,-3.6216e-14,1.0175e-13,9.8431e-12,1.9385e-12,-4.5159e-07,-9.0271e-07,-4.1577e-08,9.8599e-10,1.5919e-07,-0.00080006,0.020209,0.0019838,-2.2469e-11,-1.1409e-19,9.4688e-06,1.2816e-05,-2.2796e-12,0.00068175,5.5828e-14,-0.0001846,8.1885e-06,0.00067744,1.0655e-13,-3.4687e-06,-3.2809e-06,-5.5421e-09,-5.6049e-09,1.1872e-09,-8.1244e-07,-1.3657e-05,3.7403e-07,-1.4804e-05,0.0017865,-0.0031705,0.017591,0.00075712,0.010321,-1.5437e-07,8.4616e-05,0.00067863,-4.5274e-17,-9.9309e-17,-9.8659e-15,-6.1042e-15,9.3519e-19,1.4248e-09,1.6535e-08,-2.3758e-20,-5.5337e-20,-3.8802e-09,5.5338e-08,3.434e-08,2.383e-09,-8.509e-10,1.5281e-12,-1.9949e-06,-6.2978e-05,7.6697e-08,1.1959e-12,-2.5848e-08,0.00024948,0.017718,0.00062168,1.4872e-08,-1.1692e-13,-2.2967e-05,-0.00010713,6.1605e-10,1.499e-09,9.002e-10,1.0246e-21,2.4319e-12,-1.521e-07,9.1172e-07,1.9596e-06,3.6306e-07,-1.1639e-06,-3.0167e-06,5.0214e-20,-1.4538e-22,3.9158e-07,-8.5829e-07,-9.9935e-08,-1.2297e-06,-9.0927e-07,1.2289e-05,2.7085e-06,-0.00015086,-0.00013501,-1.9614e-13,1.1795e-08,4.0504e-21
4.3221e-18,0.029203,0.046005,5.9447e-05,0.00038088,0.0003281,0.00025276,-2.1883e-06,7.0746e-05,-0.0009586,-0.00062782,0.0059518,0.035545,0.065646,0.0056103,-0.016615,0.0045619,0.0059213,-0.00062119,-0.00039282,0.00010619,6.5736e-05,-3.8512e-06,9.4836e-07,1.6576e-08,0.0011747,0.0080052,0.75883,1.1662,0.20842,-0.012256,0.033588,0.13039,0.071602,0.016716,0.0043845,-0.00028559,3.6145e-05,-0.00023808,-1.5018e-05,-0.0027088,0.00046413,-0.028757,0.0023091,0.016076,0.0022589,0.0002512,0.00013293,0.011156,-1.1761e-07,4.3483e-05,9.8334e-06,3.1785e-14,1.992e-14,-5.3346e-14,-2.9467e-11,-2.2368e-12,2.4838e-07,4.9651e-07,2.2868e-08,8.355e-10,-8.3614e-08,0.0027519,0.014031,0.0013064,1.2359e-11,5.8541e-19,-5.208e-06,-7.0491e-06,1.2538e-12,-0.002685,-3.0492e-14,0.00072702,-3.225e-05,-0.0026682,-5.8604e-14,2.0241e-06,5.2671e-06,2.1732e-08,2.205e-08,-5.7881e-10,3.103e-06,5.3802e-05,-2.4928e-07,7.8786e-06,0.0059069,0.051551,0.025031,-0.00039525,0.00063426,6.0797e-07,-0.00033326,-0.0026727,2.4736e-17,5.4591e-17,5.4264e-15,3.3567e-15,-3.6818e-18,-5.6115e-09,-6.5123e-08,1.3049e-20,3.0429e-20,2.1342e-09,-3.0437e-08,-2.0035e-08,-5.2016e-09,4.6789e-10,-6.0185e-12,1.0972e-06,3.4639e-05,-4.2185e-08,-6.5779e-13,5.9107e-08,0.0034349,0.011618,-0.0024365,-8.183e-09,4.6047e-13,9.0455e-05,0.00042193,-2.2866e-09,-5.9036e-09,-3.5454e-09,-7.8786e-22,-9.5779e-12,8.3642e-08,-3.9589e-06,-7.7182e-06,-1.9969e-07,6.402e-07,1.6592e-06,-1.9687e-19,1.8102e-22,-2.1538e-07,4.7207e-07,5.4966e-08,6.7637e-07,5.0012e-07,-6.7592e-06,-1.4897e-06,8.2979e-05,7.426e-05,1.0267e-13,-4.6456e-08,-2.2414e-21
1.1568e-17,0.055416,0.047859,-1.3331e-05,-8.9089e-05,-0.0001283,-9.9352e-05,5.1186e-07,-2.1656e-06,0.00023454,0.00014685,-0.00087032,0.015478,0.027507,0.043683,0.028958,0.024877,0.010147,0.001034,0.00065385,-0.00017675,-0.00010942,6.4104e-06,-1.5785e-06,-3.8932e-09,-0.0019553,-0.00092247,-1.2548,-1.9476,-0.3232,0.19182,0.077093,0.027562,0.029396,0.0023685,-0.00082954,0.00047537,1.3444e-05,0.00031455,2.4997e-05,0.0047064,-0.00076497,0.047866,-0.0038434,0.058265,0.016189,-0.00037222,-0.00022127,-0.0012608,1.9577e-07,-7.2378e-05,-1.6368e-05,-7.4347e-15,-4.6593e-15,8.1245e-15,4.6888e-11,2.4696e-12,-5.8098e-08,-1.1614e-07,-5.349e-09,-2.4865e-09,1.3003e-08,-0.0044878,0.006817,0.0015728,-2.8907e-12,-1.0408e-18,1.2182e-06,1.6488e-06,-2.9327e-13,0.0046763,6.775e-15,-0.0012101,5.5446e-05,0.0046483,1.3707e-14,-6.6669e-07,-6.9895e-06,-3.615e-08,-3.6696e-08,1.2032e-11,-5.1425e-06,-8.9556e-05,1.3074e-07,-1.4043e-06,0.0111,0.087254,0.025498,9.245e-05,2.5738e-05,-1.012e-06,0.00058826,0.0046559,-5.6832e-18,-1.2675e-17,-1.2693e-15,-7.8396e-16,6.1348e-18,9.3403e-09,1.084e-07,-3.1171e-21,-7.1281e-21,-4.992e-10,7.1194e-09,6.5931e-09,7.6865e-09,-1.0924e-10,1.0018e-11,-2.5661e-07,-8.1022e-06,9.8672e-09,1.5386e-13,-8.8468e-08,0.0084576,0.020753,0.0042312,1.9188e-09,-7.6645e-13,-0.00015056,-0.0007023,3.7736e-09,9.8266e-09,5.9013e-09,-1.9407e-21,1.5942e-11,-1.9536e-08,6.6751e-06,1.2847e-05,4.6709e-08,-1.4974e-07,-3.881e-07,3.2776e-19,-2.8209e-23,5.0378e-08,-1.1042e-07,-1.2857e-08,-1.5821e-07,-1.1698e-07,1.581e-06,3.4846e-07,-1.9409e-05,-1.737e-05,-1.5346e-14,7.7326e-08,4.4657e-22
1.9289e-18,0.0024444,0.001105,-1.4782e-06,-1.3162e-05,-6.3093e-05,-4.9122e-05,7.5624e-08,1.1993e-05,4.3486e-05,2.1696e-05,-0.00012858,0.00073342,0.0062356,0.16904,0.13876,0.056406,0.0051749,0.00091358,0.00057772,-0.00015617,-9.6677e-05,5.6639e-06,-1.3947e-06,-5.8893e-10,-0.0017276,0.030345,-1.072,-1.6745,0.947,0.40274,0.076305,0.0044005,0.00025807,-6.5276e-05,-0.00014497,0.00042002,2.0734e-05,0.00026809,2.2086e-05,0.02134,-1.7715e-05,0.042293,-0.0033959,0.089423,0.036988,0.00366,-0.0001955,-0.00022176,1.7297e-07,-6.395e-05,-1.4462e-05,-1.0984e-15,-6.8838e-16,-2.5267e-15,4.1169e-11,2.0313e-12,-8.5836e-09,-1.7158e-08,-7.9029e-10,-2.3288e-09,-3.6903e-09,-0.0039541,0.021834,0.0015324,-4.271e-13,-7.3062e-19,1.7998e-07,2.436e-07,-4.3322e-14,0.022132,6.9484e-16,-0.0010692,0.00020246,0.022108,2.026e-15,-2.6394e-07,-5.9618e-06,-3.1938e-08,-3.2423e-08,-1.0383e-10,-4.541e-06,-7.9128e-05,8.1324e-08,1.6799e-07,0.010487,0.026825,0.025669,1.3659e-05,3.8026e-06,-8.9413e-07,0.0034363,0.022118,-7.5576e-19,-1.4562e-18,-1.8751e-16,-1.1481e-16,5.4211e-18,8.2527e-09,9.5775e-08,-6.3956e-22,-1.0615e-21,-7.3754e-11,1.0518e-09,2.6066e-09,6.6746e-09,-1.5968e-11,8.8513e-12,-3.7884e-08,-1.1971e-06,1.4578e-09,2.2732e-14,-7.6974e-08,0.0055937,0.014304,0.019246,2.8762e-10,-6.772e-13,-0.00013303,-0.00062053,3.3303e-09,8.6824e-09,5.2142e-09,6.6654e-22,1.4086e-11,-2.8621e-09,5.9081e-06,1.1351e-05,6.9009e-09,-2.2124e-08,-5.734e-08,2.8957e-19,4.844e-24,7.4431e-09,-1.6314e-08,-1.8995e-09,-2.3374e-08,-1.7283e-08,2.3358e-07,5.1482e-08,-2.8676e-06,-2.5663e-06,5.1542e-15,6.8322e-08,8.4616e-23
7.3377e-18,0.020315,0.032575,-2.8659e-06,2.0249e-05,0.00055877,0.00043587,-1.1634e-07,-0.00014725,-0.00015931,-3.3377e-05,0.00019781,-0.0011171,0.00028508,0.06789,0.085226,0.07112,0.0099388,-0.0093642,-0.0059216,0.0016008,0.00099094,-5.8056e-05,1.4296e-05,1.0496e-09,0.02804,0.12332,18.129,28.331,11.348,0.024124,-0.10014,0.02934,0.020313,0.0024071,0.00045749,-0.0043052,-0.00022802,-0.0027308,-0.00022639,0.008605,0.013548,-0.020249,0.30463,0.13695,0.041021,0.022932,0.0033356,0.00014825,-1.773e-06,0.00065549,0.00014823,1.6893e-15,1.059e-15,4.2875e-14,-4.2153e-10,-2.0557e-11,1.3205e-08,2.6396e-08,1.2158e-09,2.4101e-08,6.4378e-08,0.063622,0.017387,0.0016936,6.5719e-13,9.7409e-18,-2.7688e-07,-3.7475e-07,6.6588e-14,0.012568,2.1307e-15,0.017271,8.6047e-06,0.01293,-3.1152e-15,2.1367e-06,6.0734e-05,3.2736e-07,3.3233e-07,1.2644e-09,4.6541e-05,0.00081107,-7.7376e-07,-4.1861e-06,0.0030496,0.031564,0.0097024,-2.1013e-05,-5.8499e-06,9.1649e-06,0.0043786,0.012873,1.674e-18,3.0191e-18,2.885e-16,1.6602e-16,-5.5507e-17,-8.4591e-08,-9.817e-07,5.1099e-22,1.6275e-21,1.1346e-10,-1.6181e-09,-2.1087e-08,-6.821e-08,2.2768e-11,-9.0726e-11,5.7982e-08,1.8415e-06,-2.2427e-09,-3.497e-14,7.869e-07,0.0012707,0.0034535,0.0079204,-4.8558e-10,6.9413e-12,0.0024539,0.01017,-3.4129e-08,-8.8995e-08,-5.3445e-08,2.6457e-21,-1.4438e-10,4.15e-09,-6.0577e-05,-0.00011635,-1.0616e-08,3.4035e-08,8.821e-08,-2.9682e-18,-1.2271e-23,-1.145e-08,2.5097e-08,2.9222e-09,3.5958e-08,2.6588e-08,-3.5934e-07,-7.9199e-08,4.4114e-06,3.9479e-06,-8.5564e-14,-7.003e-07,-4.5011e-23
8.6024e-18,0.036148,0.056755,1.5627e-05,-7.7592e-06,-0.0015192,-0.0011854,4.458e-08,0.0004205,0.00032226,1.279e-05,-7.5801e-05,0.00042807,-2.5794e-05,-0.023238,0.0081967,0.045389,0.0082917,0.030004,0.01911,-0.004184,-0.0027603,0.00016172,-3.9822e-05,-8.0806e-10,0.032394,0.10435,20.84,34.019,21.668,2.7751,0.60514,0.10778,0.053287,0.016544,-0.00071242,0.013658,0.0008531,0.0086948,0.00071638,-0.0029474,0.012667,4.9474,2.2294,0.69313,0.052108,0.024103,0.0051382,0.00048955,4.9386e-06,-0.0018259,-0.00041291,-6.4605e-16,-4.0571e-16,-1.2663e-13,1.174e-09,5.715e-11,-5.06e-09,-1.0115e-08,-4.6588e-10,-6.7231e-08,-1.9059e-07,0.06947,0.0089437,0.0010057,-2.5224e-13,-2.6954e-17,1.061e-07,1.436e-07,-2.5353e-14,0.00034882,-9.8668e-15,0.019342,0.00073005,0.00047282,1.1939e-15,-5.7107e-06,-0.00016902,-9.1187e-07,-9.2572e-07,-3.6071e-09,-0.00012964,-0.0022592,2.13e-06,1.2706e-05,-0.00091845,0.032233,-0.0011645,8.0519e-06,2.2417e-06,-2.5529e-05,0.0021324,0.00064076,-5.0362e-19,-1.1043e-18,-1.1055e-16,-3.367e-17,1.5462e-16,2.3563e-07,2.7345e-06,-5.3773e-22,-6.7172e-22,-4.3478e-11,6.2007e-10,5.6351e-08,1.8991e-07,-3.6469e-12,2.5272e-10,-2.1374e-08,-7.0567e-07,8.5939e-10,1.34e-14,-2.1911e-06,-0.00041043,-0.0011856,-0.0030892,3.0793e-10,-1.9335e-11,0.0050175,0.012477,9.5064e-08,2.479e-07,1.4887e-07,-1.0417e-20,4.0218e-10,-8.7497e-10,0.00016875,0.00032409,4.0681e-09,-1.3042e-08,-3.3802e-08,8.268e-18,-1.8258e-22,4.3877e-09,-9.6171e-09,-1.1198e-09,-1.3779e-08,-1.0188e-08,1.377e-07,3.0349e-08,-1.6904e-06,-1.5128e-06,2.5223e-13,1.9507e-06,4.8503e-22
2.8748e-18,-0.0076775,0.0099463,-1.3968e-05,9.6157e-07,0.001281,0.0010006,-5.5247e-09,-0.00035361,-0.00025626,-1.5851e-06,9.3939e-06,-5.3049e-05,3.1966e-06,0.0028784,0.00010141,0.0060893,-0.00067904,0.077029,0.052166,0.010733,0.0023453,-0.00013554,3.3377e-05,4.3625e-10,0.0068729,0.0010837,4.3055,9.7277,20.347,5.9375,1.6385,0.18023,0.073865,0.031217,0.0038339,0.031956,0.0048004,0.021267,0.001635,0.00036585,-0.0010521,9.4925,4.0289,1.3533,0.082753,0.033041,0.0049449,-0.00051313,-4.1393e-06,0.0015458,0.00034935,7.8988e-17,5.0207e-17,1.0695e-13,-9.8395e-10,-4.7887e-11,6.2707e-10,1.2535e-09,5.7734e-11,5.636e-08,1.6103e-07,0.0045413,0.0063981,-7.7365e-05,3.1597e-14,2.2584e-17,-1.3148e-08,-1.7796e-08,3.0055e-15,9.5907e-05,8.716e-15,0.0031766,-0.00052057,0.00021222,-1.479e-16,4.7589e-06,0.00014164,7.6428e-07,7.7589e-07,3.0329e-09,0.00011006,0.0019124,-1.7823e-06,-1.0769e-05,4.133e-05,0.0015742,0.00020665,-9.9785e-07,-2.778e-07,2.1397e-05,-5.1885e-05,7.1582e-05,6.5238e-20,1.475e-19,1.3699e-17,-2.0632e-17,-1.2959e-16,-1.9749e-07,-2.2919e-06,-2.0889e-22,2.5656e-22,5.3881e-12,-7.685e-11,-4.6958e-08,-1.5917e-07,-3.7533e-12,-2.1182e-10,1.9499e-09,8.7451e-08,-1.065e-10,-1.6607e-15,1.8363e-06,5.6685e-05,0.00021105,0.00068986,-1.3908e-10,1.6206e-11,0.0043743,0.0037519,-7.9677e-08,-2.0777e-07,-1.2478e-07,1.4108e-20,-3.3709e-10,-4.8393e-10,-0.00014143,-0.00027164,-5.0415e-10,1.6163e-09,4.1889e-09,-6.9305e-18,-5.2426e-22,-5.4375e-10,1.1918e-09,1.3877e-10,1.7076e-09,1.2626e-09,-1.7064e-08,-3.761e-09,2.0949e-07,1.8748e-07,-2.1298e-13,-1.635e-06,1.1418e-21
-8.6605e-18,-0.025422,-0.021741,-6.5024e-05,7.4848e-07,0.013893,0.011459,-4.3004e-09,-0.0016323,-0.0011731,-1.2339e-06,7.3126e-06,-4.1293e-05,2.4882e-06,0.0022345,7.5833e-05,-0.00066238,-0.00052856,0.039554,0.034742,0.066931,0.031981,-0.00062535,0.00015399,1.8523e-09,-5.3022e-05,-0.0045593,-0.058781,1.8864,7.0662,3.599,1.4244,0.17532,0.080482,0.023881,0.015764,0.0084491,0.0091462,0.0082243,0.00031642,0.00028743,-0.0008183,4.3283,2.7837,1.1726,0.11126,0.083834,0.0061459,-0.0024359,-1.9097e-05,0.017381,0.0037909,5.6714e-17,3.8775e-17,4.94e-13,-4.5396e-09,-2.2093e-10,4.8811e-10,9.7572e-10,4.4938e-11,2.6004e-07,7.4378e-07,-0.0069566,0.0007688,-6.0205e-05,2.6113e-14,1.0419e-16,-1.0235e-08,-1.3853e-08,1.7264e-15,7.4654e-05,4.0511e-14,-0.00023019,-0.0023676,0.00070462,-1.1473e-16,2.1938e-05,0.00065349,3.5262e-06,3.5797e-06,1.4e-08,0.001442,0.02136,-8.2212e-06,-4.9762e-05,-0.00029409,-0.00026504,0.00016086,-7.7672e-07,-2.1624e-07,9.872e-05,0.00041009,5.5719e-05,5.8302e-20,1.164e-19,1.0668e-17,-1.277e-16,-5.979e-16,-9.1117e-07,-1.0574e-05,-1.0934e-21,2.2049e-22,4.1941e-12,-5.9847e-11,-2.1647e-07,-7.3434e-07,-2.1848e-11,-9.7725e-10,-1.628e-09,6.8071e-08,-8.29e-11,-1.2926e-15,8.4722e-06,7.0327e-05,0.00045286,0.0019188,-5.6247e-10,7.4769e-11,0.0007006,0.00021615,-3.6761e-07,-9.5861e-07,-5.7569e-07,6.0938e-20,-1.5552e-09,-3.0428e-09,-0.00065254,-0.0012532,-3.9242e-10,1.2581e-09,3.2607e-09,-3.1971e-17,-1.5736e-21,-4.2325e-10,9.277e-10,1.0802e-10,1.3292e-09,9.8281e-10,-1.3283e-08,-2.9276e-09,1.6307e-07,1.4593e-07,-9.837e-13,-7.5433e-06,3.7828e-22
5.1516e-18,0.1477,0.14013,0.00030486,-4.9604e-07,0.0082713,0.0098468,2.85e-09,0.010017,0.0073549,8.1837e-07,-4.8484e-06,2.7364e-05,-1.649e-06,-0.0014516,-3.5241e-05,0.00047912,0.00035029,0.0056828,0.0087636,0.07003,0.051634,0.0044124,-0.00072085,-8.5403e-09,7.5287e-05,0.0030617,0.064297,0.64259,0.64655,1.2244,0.80283,0.18791,0.051924,0.0046052,0.0078878,-0.0025607,0.004482,-9.6692e-05,-0.0002026,-0.00020331,0.00053916,0.43416,1.0082,0.50605,0.10236,0.06002,0.0028228,0.015024,0.00011719,0.013375,0.0022571,-1.4697e-17,-2.4165e-17,-2.313e-12,2.1251e-08,1.0342e-09,-3.2348e-10,-6.4663e-10,-2.9775e-11,-1.2173e-06,-3.4824e-06,0.031791,0.0011278,3.9825e-05,-2.4646e-14,-4.8767e-16,6.7827e-09,9.1804e-09,1.8198e-15,-4.9475e-05,-1.8988e-13,0.00017264,0.014649,-0.0030746,7.5799e-17,-0.00010268,-0.0030591,-1.6507e-05,-1.6757e-05,-6.5539e-08,0.0020924,0.015746,3.8483e-05,0.00023301,0.0017721,-0.0037346,-0.0001066,5.1475e-07,1.4331e-07,-0.00046212,-0.0024494,-3.6926e-05,-1.0706e-19,-7.6877e-20,-7.061e-18,6.243e-16,2.7989e-15,4.2653e-06,4.95e-05,1.8318e-21,1.4216e-21,-2.7795e-12,3.9796e-11,1.0132e-06,3.4376e-06,1.0597e-10,4.5747e-09,1.6286e-08,-4.5113e-08,5.494e-11,8.5664e-16,-3.966e-05,-0.00017328,-0.0016951,-0.0079513,2.5684e-09,-3.5001e-10,-0.00044421,-0.00012315,1.7208e-06,4.4874e-06,2.6949e-06,-3.247e-19,7.2802e-09,1.4905e-08,0.0040043,0.0078571,2.6007e-10,-8.3376e-10,-2.1609e-09,1.4967e-16,-9.7394e-22,2.805e-10,-6.1481e-10,-7.1586e-11,-8.8088e-10,-6.5133e-10,8.8029e-09,1.9402e-09,-1.0807e-07,-9.6713e-08,4.6057e-12,3.5312e-05,-2.0333e-21
2.3183e-17,0.22962,0.22033,-0.00060108,1.3586e-07,-0.0018545,0.0021548,-7.8057e-10,0.013604,0.011836,-2.2537e-07,1.3323e-06,-7.4917e-06,4.5163e-07,0.00033977,-2.0038e-05,-0.00013122,-9.5939e-05,-0.00081417,-0.001658,0.029688,0.036372,0.012387,0.0015124,1.6798e-08,-2.0618e-05,-0.00083855,-0.01761,-0.090341,0.60568,0.41439,0.30469,0.14113,0.015244,0.003999,-0.00021172,0.00076954,-0.00098007,0.00015022,5.5488e-05,8.1039e-05,-0.00014145,-0.042194,0.12912,0.054519,0.072987,0.010295,-0.00061148,0.020418,0.00015916,0.001366,-0.00050605,-4.1468e-17,3.6292e-18,4.5594e-12,-4.1889e-08,-2.0386e-09,8.8597e-11,1.771e-10,8.1407e-12,2.3995e-06,6.8648e-06,0.041536,0.0042291,-1.0761e-05,2.1264e-14,9.6136e-16,-1.8577e-09,-2.5144e-09,-6.3582e-15,1.355e-05,3.7437e-13,-4.7282e-05,0.021649,0.006399,-1.8897e-17,0.00021543,0.0064311,3.2538e-05,3.3032e-05,1.2919e-07,0.0013133,0.00083468,-7.5858e-05,-0.00045933,-0.0036037,0.0094991,2.9197e-05,-1.4098e-07,-3.925e-08,0.00096959,0.0053157,1.0113e-05,4.7795e-20,5.3883e-20,1.9434e-18,-1.238e-15,-5.5171e-15,-8.4078e-06,-9.7575e-05,2.1107e-21,-1.7955e-22,7.6126e-13,-1.1165e-11,-1.9971e-06,-6.7761e-06,-2.0993e-10,-9.0176e-09,-3.4528e-08,1.2356e-08,-1.5047e-11,-2.3455e-16,7.8177e-05,0.00029791,0.0034289,0.016373,-5.0448e-09,6.8993e-10,0.00012166,3.3729e-05,-3.3921e-06,-8.8455e-06,-5.3121e-06,4.0201e-19,-1.4351e-08,-2.9565e-08,0.0054381,0.012522,-7.1229e-11,2.2836e-10,5.9184e-10,-2.9506e-16,-7.1306e-21,-7.6825e-11,1.6839e-10,1.9606e-11,2.4126e-10,1.7839e-10,-2.411e-09,-5.3137e-10,2.9598e-08,2.6488e-08,-9.079e-12,-6.9606e-05,6.7388e-21
7.2446e-18,0.073509,0.073054,-0.00015487,5.6839e-09,-7.7586e-05,1.6528e-05,-3.2657e-11,0.00030168,0.0042892,-9.7363e-09,5.6832e-08,-3.1269e-07,1.8895e-08,-2.7293e-07,-8.2797e-06,-5.4901e-06,-4.0138e-06,-3.4063e-05,-6.9364e-05,0.020867,0.013818,0.014376,0.0054585,4.3267e-09,-8.6213e-07,-3.5083e-05,-0.00073675,-0.0044821,0.057256,0.12031,0.032034,0.018919,0.00019028,0.020467,0.0070392,3.2196e-05,-4.1004e-05,6.2851e-06,2.3216e-06,9.7457e-06,-4.3593e-06,-0.001759,0.021908,0.04337,0.04524,0.0049853,-2.5583e-05,0.00045282,3.5293e-06,-1.6509e-05,-2.1172e-05,-1.3118e-17,-5.9842e-19,1.1747e-12,-1.0793e-08,-5.2524e-10,3.7067e-12,7.4093e-12,3.3705e-13,6.1823e-07,1.7687e-06,0.0085413,0.0035715,-4.1354e-07,4.5273e-15,2.4769e-16,-7.7722e-11,-1.052e-10,-1.7348e-15,5.6691e-07,9.6458e-14,-1.9782e-06,0.004317,0.023867,1.5652e-18,0.00077759,0.023879,8.3833e-06,8.5107e-06,3.3286e-08,2.5243e-05,-3.9094e-05,-1.9545e-05,-0.00011835,-0.00093236,0.04189,1.2215e-06,-5.8983e-09,-1.6421e-09,0.0034997,0.020169,4.2312e-07,2.1367e-20,9.6399e-21,6.6969e-20,-3.1925e-16,-1.4215e-15,-2.1663e-06,-2.514e-05,2.2536e-20,2.7697e-21,3.1849e-14,-5.3354e-13,-5.1456e-07,-1.7459e-06,-5.4123e-11,-2.3234e-09,-8.9805e-09,5.1693e-10,-6.2951e-13,-9.6624e-18,2.0142e-05,7.5238e-05,0.01231,0.058931,-1.2992e-09,1.7776e-10,5.09e-06,1.4111e-06,-8.7397e-07,-2.279e-06,-1.3687e-06,1.6313e-19,-3.6975e-09,-7.6238e-09,0.00012059,0.0043099,-2.98e-12,9.5538e-12,2.4761e-11,-7.602e-17,-1.9212e-21,-3.2141e-12,7.0449e-12,8.2028e-13,1.0094e-11,7.4634e-12,-1.0087e-10,-2.2228e-11,1.2383e-09,1.1082e-09,-2.3392e-12,-1.7934e-05,2.9239e-20
1.4618e-18,0.0042267,0.017636,0.0075113,-2.428e-08,0.00033143,-7.0375e-05,1.395e-10,-0.0012879,0.00035383,5.0103e-08,-2.7304e-07,1.3151e-06,-8.0716e-08,0.00040212,0.00024131,2.3452e-05,1.7146e-05,0.00014551,0.00029631,0.077617,0.04139,0.0043495,0.0018418,-1.1877e-07,3.6698e-06,0.00014986,0.0031472,0.019149,-0.039162,0.019459,-0.010939,-0.0060845,-0.00081144,0.010407,0.0059697,-0.00013753,0.00017516,-2.6857e-05,-9.9193e-06,-0.00021751,-2.4511e-05,0.0073413,0.012288,0.021318,0.013331,0.0048964,0.00010928,-0.0019331,-1.5066e-05,7.0752e-05,9.0441e-05,3.7102e-16,2.3465e-17,-3.2249e-11,2.9629e-07,1.4419e-08,-1.5834e-11,-3.1646e-11,-1.3421e-12,-1.6972e-05,-4.8555e-05,0.020048,0.00072097,7.5147e-07,-1.2001e-13,-6.7993e-15,3.3205e-10,4.4942e-10,4.8057e-14,-2.4217e-06,-2.648e-12,8.4503e-06,-0.0006446,0.010951,5.9269e-18,0.00026253,0.010458,-0.00023014,-0.00023364,-9.1379e-07,-0.00011753,0.00017628,0.00053655,0.0048386,0.043793,0.037665,-5.2181e-06,2.5196e-08,7.0147e-09,0.0011816,0.010036,-1.8075e-06,-2.6028e-20,-1.0923e-20,-3.5474e-19,8.765e-15,3.9023e-14,5.9469e-05,0.00069016,-4.2356e-20,-1.6736e-20,-1.3605e-13,4.1178e-12,1.4126e-05,4.7928e-05,1.486e-09,6.3782e-08,2.4692e-07,-2.2082e-09,2.6886e-12,4.1703e-17,-0.00055295,-0.0020586,0.004156,0.019887,3.5662e-08,-4.8799e-09,-2.1744e-05,-6.0281e-06,2.3993e-05,6.2565e-05,3.7573e-05,-3.4204e-18,1.015e-07,2.0932e-07,-0.0005148,0.0002908,1.273e-11,-4.0812e-11,-1.0577e-10,2.0868e-15,-1.3163e-22,1.373e-11,-3.0094e-11,-3.504e-12,-4.3118e-11,-3.1882e-11,4.3081e-10,9.4873e-11,-5.2898e-09,-4.734e-09,6.4217e-11,0.00049233,-2.523e-20
-7.85e-20,-0.0026579,0.0049788,0.0085312,1.0641e-08,-0.00014525,3.0843e-05,-6.1139e-11,0.00056443,-0.00010598,-4.9561e-08,2.178e-07,-5.0938e-07,3.5375e-08,-0.0014764,-0.00077356,-1.0278e-05,-7.5146e-06,-6.3771e-05,-0.00012986,0.069852,0.041135,-0.0027197,-0.00073799,3.7728e-07,-1.5659e-06,-6.5658e-05,-0.0013793,-0.0083923,0.025889,0.0094004,0.0082809,0.0028632,0.00035563,-0.00021116,0.0015712,6.0276e-05,-7.6766e-05,1.1799e-05,4.354e-06,0.00066565,0.00015061,-0.0026569,-0.00085065,-0.0046962,-0.001206,0.0020162,-4.7896e-05,0.00084722,6.6031e-06,-3.1008e-05,-3.9637e-05,-1.184e-15,-7.8009e-17,1.0244e-10,-9.4114e-07,-4.5802e-08,6.9402e-12,1.3853e-11,2.7121e-13,5.391e-05,0.00015423,0.014701,0.00022643,2.9624e-06,3.7904e-13,2.1598e-14,-1.4566e-10,-1.971e-10,-1.5287e-13,1.0614e-06,8.4113e-12,-3.7035e-06,0.00032932,-0.00082273,-2.1635e-18,-0.00010563,-0.0012044,0.00073104,0.00074214,2.9026e-06,8.325e-05,-0.00010661,-0.0017043,0.0024392,0.040586,0.0090673,2.2869e-06,-1.1043e-08,-3.0743e-09,-0.00047542,-5.0079e-05,7.9216e-07,7.105e-21,4.3221e-21,1.3579e-19,-2.7842e-14,-1.2395e-13,-0.0001889,-0.0021922,-1.0204e-19,5.7463e-20,5.9627e-14,-7.7671e-12,-4.487e-05,-0.00015224,-4.7202e-09,-2.026e-07,-7.8451e-07,9.6778e-10,-1.1767e-12,-1.736e-17,0.0020636,0.0077465,-0.0016822,-0.0080013,-1.1328e-07,1.5501e-08,9.5306e-06,2.6421e-06,-7.6211e-05,-0.00019874,-0.00011935,1.0906e-17,-3.2242e-07,-6.6491e-07,0.00022562,-7.8254e-05,-5.5791e-12,1.7886e-11,4.6352e-11,-6.6287e-15,4.2033e-23,-6.0174e-12,1.3189e-11,1.5357e-12,1.8897e-11,1.3973e-11,-1.8859e-10,-4.1318e-11,2.3183e-09,2.0747e-09,-2.0398e-10,-0.0015639,2.5694e-19
3.8272e-18,0.019233,0.019676,0.0026459,-1.821e-09,2.4857e-05,-5.2781e-06,1.0462e-11,-9.6587e-05,1.818e-05,4.0987e-08,-1.5284e-07,8.2915e-09,-6.0536e-09,0.0018203,0.00093987,1.7589e-06,1.2859e-06,1.0913e-05,2.2223e-05,0.0099812,0.015763,0.0016528,0.00012271,-4.4756e-07,2.18e-07,1.1212e-05,0.00023604,0.0014361,-0.0041719,0.019865,0.0073484,-0.00048997,-6.0857e-05,0.00016529,-0.00013972,-1.0315e-05,1.3137e-05,-2.0519e-06,-7.5302e-07,-0.00078557,-0.00019049,-0.00020547,8.281e-05,0.0009207,0.00033561,-0.00021584,8.1962e-06,-0.00014498,-1.13e-06,5.3063e-06,6.783e-06,1.4055e-15,9.3108e-17,-1.2152e-10,1.1165e-06,5.4335e-08,-1.1883e-12,-2.3515e-12,3.2688e-13,-6.3954e-05,-0.00018297,0.0069984,0.0021144,-4.3835e-06,-4.4931e-13,-2.5622e-14,2.5084e-11,3.3884e-11,1.8139e-13,-1.8163e-07,-9.9784e-12,6.3376e-07,-5.6354e-05,0.00025691,2.5077e-19,1.8076e-05,0.0002726,-0.00086723,-0.0008804,-3.4434e-06,-5.1627e-05,5.2816e-05,0.002057,0.046121,0.0030693,0.0088901,-3.9135e-07,1.8897e-09,5.2609e-10,8.1356e-05,0.00013781,-1.3556e-07,-5.5571e-21,-8.8194e-21,-9.2082e-21,3.3029e-14,1.4705e-13,0.00022866,0.0026537,-1.3016e-19,2.0721e-19,-1.0204e-14,8.3508e-12,5.323e-05,0.0001806,5.5996e-09,2.4035e-07,9.3069e-07,-1.6561e-10,1.9944e-13,5.3394e-18,0.0040227,0.016323,0.00029965,0.0013691,1.3438e-07,-1.8389e-08,-1.6322e-06,-4.5235e-07,9.0409e-05,0.00023576,0.00014159,-1.2951e-17,3.8249e-07,7.8878e-07,-3.861e-05,1.3391e-05,9.5473e-13,-3.0608e-12,-7.9271e-12,7.8636e-15,8.8257e-24,1.0297e-12,-2.257e-12,-2.628e-13,-3.2338e-12,-2.3911e-12,3.2012e-11,6.7619e-12,-3.9672e-10,-3.5503e-10,2.4198e-10,0.001893,1.2629e-18
1.346e-17,0.092784,0.08835,0.00014965,-7.5061e-10,1.0246e-05,-2.1756e-06,4.3126e-12,-3.9813e-05,7.5974e-06,9.3391e-08,-3.3496e-07,-1.822e-07,-2.4953e-09,0.01289,0.0071648,7.2501e-07,5.3006e-07,4.4983e-06,9.1602e-06,-0.00059185,0.018456,0.009637,4.2169e-05,-1.0858e-06,-2.7731e-08,4.5651e-06,9.7295e-05,0.00059198,-0.0017197,0.0060876,0.0040251,-0.00020197,-2.5085e-05,6.8128e-05,-5.7593e-05,-4.2518e-06,5.4149e-06,-9.2322e-07,-3.2907e-07,-0.0019044,-0.00046615,-0.0016382,-0.00041751,0.00035102,0.00013849,-8.8944e-05,3.3785e-06,-5.9761e-05,-4.6577e-07,2.1873e-06,2.7959e-06,3.4101e-15,2.2607e-16,-2.9482e-10,2.7086e-06,1.3182e-07,-4.9147e-13,-9.2426e-13,1.0132e-12,-0.00015515,-0.00044388,0.044718,0.0033864,-1.0929e-05,-1.0899e-12,-6.2158e-14,1.0711e-11,1.4332e-11,4.4006e-13,-7.4865e-08,-2.4208e-11,2.6124e-07,-2.3229e-05,0.0001059,1.6458e-19,7.451e-06,4.1772e-05,-0.0021039,-0.0021359,-8.3537e-06,-0.00010925,0.00010313,0.013141,0.14311,0.0040957,0.047509,-1.6131e-07,7.7893e-10,2.1686e-10,3.3535e-05,5.6804e-05,-5.5877e-08,7.9576e-21,-3.604e-20,1.1983e-19,8.0129e-14,3.5674e-13,0.0016146,0.018738,6.4829e-19,1.9203e-19,-4.206e-15,1.9966e-11,0.00012914,0.00043815,1.3585e-08,5.8308e-07,2.2579e-06,-6.8267e-11,7.7682e-14,2.0628e-18,0.00056969,0.0055303,0.00015124,0.00056394,3.2601e-07,-4.4611e-08,-6.7574e-07,-1.8698e-07,0.00021933,0.00057196,0.00034349,-3.1378e-17,9.2793e-07,1.9136e-06,-1.5915e-05,5.5199e-06,3.9354e-13,-1.2617e-12,-3.256e-12,1.9077e-14,-2.103e-23,4.2446e-13,-9.3034e-13,-1.0832e-13,-1.333e-12,-9.8561e-13,1.2582e-11,2.0609e-12,-1.6351e-10,-1.4633e-10,5.8706e-10,0.013367,1.105e-18
1.9042e-17,0.1754,0.084375,-0.00011785,6.3273e-10,-8.6369e-06,1.8339e-06,-3.6354e-12,3.3561e-05,-7.0277e-06,-5.3956e-07,1.9207e-06,1.2718e-06,2.1034e-09,0.0066155,0.0060537,-6.1115e-07,-4.4682e-07,-3.7919e-06,-7.7217e-06,0.00054037,0.0076069,0.0046191,1.5136e-05,6.345e-06,7.3177e-07,-3.5082e-06,-8.2015e-05,-0.00049901,0.0014496,-0.00065421,0.0010571,0.00017025,2.1146e-05,-5.7412e-05,4.8555e-05,3.584e-06,-4.5646e-06,1.2446e-06,3.8988e-07,0.015446,0.0039234,0.015135,0.004191,-0.00012424,-0.00011767,7.4823e-05,-2.8479e-06,5.0376e-05,3.9263e-07,-1.8438e-06,-2.3569e-06,-1.9928e-14,-1.3213e-15,1.7228e-09,-1.5828e-05,-7.7029e-07,4.2411e-13,5.0791e-13,-6.1462e-12,0.00090666,0.0025939,0.045101,0.0037405,6.417e-05,6.3689e-12,3.6323e-13,-1.1265e-11,-1.4282e-11,-2.5716e-12,6.3104e-08,1.4146e-10,-2.2021e-07,1.9581e-05,-8.9269e-05,-4.8472e-19,-6.2809e-06,0.00058293,0.017222,0.017409,4.8816e-05,0.00062203,-0.00057704,0.0029878,0.10841,0.0035459,0.025102,1.3598e-07,-6.566e-10,-1.828e-10,-2.8268e-05,-4.7883e-05,4.7102e-08,4.8005e-21,-1.8075e-20,8.1405e-20,-4.6825e-13,-2.0847e-12,0.0008283,0.0096126,-3.6452e-19,1.4115e-20,3.5454e-15,-1.1638e-10,-0.00075463,-0.0025604,-7.9384e-08,-3.4073e-06,-1.3194e-05,5.7556e-11,-3.8208e-14,-1.121e-18,-0.00047063,-0.00025553,-0.00029449,-0.00047301,-1.9051e-06,2.6069e-07,5.8737e-07,1.6076e-07,-0.0012817,-0.0033423,-0.0020072,1.8354e-16,-5.4225e-06,-1.1182e-05,1.3416e-05,-4.653e-06,-3.3174e-13,1.0635e-12,2.6748e-12,-1.1148e-13,-1.4991e-23,-3.578e-13,7.8424e-13,9.1303e-14,1.1236e-12,8.3083e-13,-6.915e-12,2.6385e-12,1.3775e-10,1.2327e-10,-3.4306e-09,0.0068572,2.2988e-18
1.1643e-17,0.14889,0.032429,3.7102e-05,-1.992e-10,2.719e-06,-5.7736e-07,1.1445e-12,-1.0566e-05,3.6452e-06,1.2291e-06,-4.3704e-06,-2.9705e-06,-6.6219e-10,-0.0017727,0.0016257,1.924e-07,1.4067e-07,1.1937e-06,2.4309e-06,-0.00017012,0.008599,0.0075541,-0.00012126,-1.4477e-05,-1.8586e-06,3.2319e-07,2.5819e-05,0.0001571,-0.00045636,0.00028453,-0.00025422,-5.3597e-05,-6.6571e-06,1.8034e-05,-1.53e-05,-1.1283e-06,1.437e-06,-1.4638e-06,-3.813e-07,0.018289,0.0059451,0.01965,0.0041704,-0.00035542,3.9187e-05,-2.3204e-05,8.9656e-07,-1.5859e-05,-1.2362e-07,5.8045e-07,7.4198e-07,4.547e-14,3.0149e-15,-3.9309e-09,3.6115e-05,1.7576e-06,-1.5611e-13,4.6344e-13,1.4099e-11,-0.0020687,-0.0059185,0.018872,0.003172,-0.00014652,-1.4532e-11,-8.2879e-13,8.6871e-12,9.5541e-12,5.8676e-12,-1.9856e-08,-3.2277e-10,6.9326e-08,-6.1645e-06,2.8103e-05,-4.1328e-19,1.9773e-06,0.00085049,0.021868,0.021405,-0.00011138,-0.0014139,0.0014169,0.018052,0.029712,0.011639,-0.0058254,-4.2803e-08,2.0671e-10,5.7548e-11,8.8994e-06,1.5075e-05,-1.4829e-08,-9.6794e-22,5.2435e-21,-2.0141e-20,1.0684e-12,4.7566e-12,-0.00022194,-0.0025757,-3.9218e-20,2.9376e-20,-1.1162e-15,2.6544e-10,0.0018958,0.0063635,1.8113e-07,7.7746e-06,3.0106e-05,-1.8142e-11,-5.066e-14,3.7871e-19,0.00014816,0.00031436,0.00047656,0.00014349,4.3469e-06,-5.9483e-07,-2.2572e-07,-5.7825e-08,0.0031855,0.0083272,0.005009,-4.1873e-16,1.2373e-05,2.5515e-05,-4.2234e-06,1.4648e-06,1.0444e-13,-3.3482e-13,-6.8147e-13,2.5437e-13,1.1434e-24,1.1264e-13,-2.4689e-13,-2.8723e-14,-3.5369e-13,-2.6156e-13,-6.3077e-12,-1.0888e-11,-4.3179e-11,-3.8615e-11,7.8276e-09,-0.0018374,3.5186e-19
-1.2455e-18,0.03491,-0.00051466,-1.3515e-06,7.256e-12,-9.9045e-08,2.1031e-08,-4.1689e-14,3.8486e-07,-4.6134e-07,-2.8765e-07,1.0227e-06,6.9756e-07,2.4121e-11,6.4574e-05,-1.9856e-05,-7.0086e-09,-5.124e-09,-4.3484e-08,-8.855e-08,6.1969e-06,0.047625,0.030324,3.1129e-05,3.3891e-06,4.4106e-07,1.6737e-07,-9.4025e-07,-5.7231e-06,1.6624e-05,-1.0365e-05,9.2604e-06,1.9524e-06,2.4249e-07,-6.4765e-07,5.6056e-07,4.1101e-08,-5.2345e-08,2.9913e-07,7.3179e-08,-0.00039443,0.0028764,0.0025611,0.0032294,0.00010348,-1.9185e-06,7.6464e-07,-3.2659e-08,5.777e-07,4.5071e-09,-2.1143e-08,-2.7028e-08,-1.0644e-14,-7.0576e-16,9.2021e-10,-8.4544e-06,-4.1144e-07,1.0867e-14,-1.5982e-13,-3.3028e-12,0.00048457,0.0013864,0.0026729,0.001706,3.4302e-05,3.4019e-12,1.9401e-13,-1.4952e-12,-1.5078e-12,-1.3736e-12,7.2091e-10,7.5559e-11,-2.5253e-09,2.2455e-07,-1.0237e-06,-6.2328e-20,-7.2027e-08,-1.884e-05,0.0025097,0.0011374,2.6074e-05,0.00033081,0.0039088,0.055513,0.0080181,0.025323,0.00022314,1.5581e-09,-7.5298e-12,-2.0963e-12,-3.2418e-07,-5.4912e-07,5.4015e-10,2.3279e-23,-8.1041e-23,1.1715e-21,-2.5011e-13,-1.1135e-12,8.0846e-06,9.3824e-05,1.2578e-19,-4.5704e-20,4.0829e-17,-6.2134e-11,0.0063422,0.018848,-4.2402e-08,-1.82e-06,-7.0476e-06,6.6597e-13,1.622e-14,-1.1559e-20,-5.3971e-06,-4.7052e-05,-0.00010538,-3.9827e-06,-1.0176e-06,1.3925e-07,1.758e-08,3.7611e-09,0.0094351,0.025391,0.015563,9.7245e-17,-2.8964e-06,-5.9729e-06,1.5385e-07,-5.336e-08,-3.8043e-15,1.2196e-14,-1.2001e-14,-5.9546e-14,2.2246e-24,-4.1032e-15,8.9934e-15,1.0416e-15,1.2875e-14,9.5277e-15,2.1754e-12,2.7028e-12,1.5297e-12,1.3627e-12,-1.8324e-09,6.6929e-05,1.0155e-20
-6.199e-20,0.0022145,-0.0019974,-5.2455e-06,2.8162e-11,-3.8442e-07,8.1627e-08,-1.6181e-13,1.4935e-06,-9.5806e-06,-6.8752e-06,2.4443e-05,1.6681e-05,9.3621e-11,0.00025063,-7.7064e-05,-2.7202e-08,-1.9888e-08,-1.6877e-07,-3.4368e-07,2.4051e-05,0.091512,0.047267,0.00075418,8.1006e-05,1.0564e-05,4.8973e-06,-3.6438e-06,-2.2225e-05,6.4521e-05,-4.0227e-05,3.5942e-05,7.5776e-06,9.4118e-07,-2.2942e-06,2.2523e-06,1.5952e-07,-2.0316e-07,6.9891e-06,1.6898e-06,-0.0015317,0.0010457,-0.00059467,0.017565,0.0048203,-1.9089e-05,1.0565e-06,-1.2676e-07,2.2422e-06,1.7586e-08,-8.2046e-08,-1.049e-07,-2.5442e-13,-1.6869e-14,2.1995e-08,-0.00020208,-9.8343e-06,1.6501e-13,-4.0093e-12,-7.8952e-11,0.021165,0.063023,-0.00028663,7.7967e-05,0.0008199,8.1311e-11,4.6374e-12,-3.3752e-11,-3.3352e-11,-3.2831e-11,2.7419e-09,1.806e-09,-9.8013e-09,8.7151e-07,-3.9733e-06,1.1991e-20,-2.7956e-07,-7.3124e-05,-0.00092659,-0.0013051,0.00062323,0.0079063,0.0022132,0.040498,0.0031766,0.0091949,0.00086607,6.0211e-09,-2.9225e-11,-8.1362e-12,-1.2582e-06,-2.1313e-06,2.0965e-09,1.8716e-22,-5.2875e-22,2.7398e-21,-5.9782e-12,-2.6615e-11,3.1378e-05,0.00036415,7.3291e-20,-9.4167e-20,1.582e-16,-1.4851e-09,0.0041451,0.0052215,-1.0135e-06,-4.3501e-05,-0.00016845,2.7062e-12,4.0379e-13,-1.0497e-19,-2.0947e-05,-0.0010267,-0.002496,1.4038e-05,-2.4322e-05,3.3283e-06,2.9011e-07,5.3832e-08,0.002614,0.0094231,0.0067002,2.3434e-15,-6.9229e-05,-0.00014277,5.9711e-07,-2.071e-07,-1.4765e-14,4.7337e-14,-9.1969e-13,-1.4233e-12,4.0786e-24,-1.5925e-14,3.4906e-14,3.9317e-15,4.9765e-14,3.6979e-14,5.4573e-11,6.5172e-11,4.9133e-12,4.2471e-12,-4.3798e-08,0.00025973,3.834e-20
1.0294e-19,0.0021802,0.0010128,2.6611e-06,-1.4287e-11,1.9502e-07,-4.141e-08,8.2086e-14,-7.5682e-07,3.4099e-05,2.5103e-05,-8.9245e-05,-6.091e-05,-4.7495e-11,-0.00012715,3.9095e-05,1.38e-08,1.0089e-08,8.5617e-08,1.7435e-07,-1.2201e-05,0.05998,0.024585,-0.0013206,-0.00029577,-3.8585e-05,-1.8427e-05,1.8276e-06,1.1321e-05,-3.2735e-05,2.0406e-05,-1.8234e-05,-3.8441e-06,-4.7747e-07,3.4009e-07,-1.4301e-06,-8.0927e-08,1.0307e-07,-2.5421e-05,-6.1336e-06,0.00078011,-0.0025482,-0.00015275,0.014024,0.0035673,5.3385e-05,6.6374e-06,6.4305e-08,-1.1375e-06,-9.2695e-09,4.1565e-08,5.3225e-08,9.2893e-13,6.1593e-14,-8.0308e-08,0.00073782,3.5907e-05,-5.4475e-13,1.4754e-11,2.8827e-10,0.012199,0.04965,0.00015349,0.00067138,-0.0029936,-2.9688e-10,-1.6932e-11,1.2202e-10,1.2013e-10,1.1987e-10,-1.1803e-09,-6.5941e-09,4.9723e-09,-4.4202e-07,2.0157e-06,-2.2759e-20,1.4182e-07,3.7096e-05,0.00049499,0.00066982,-0.0022755,-0.028867,0.012911,0.011649,0.0010314,-0.0014618,-0.00043936,-2.9563e-09,1.4826e-11,4.1276e-12,6.3831e-07,1.0813e-06,-1.0636e-09,-1.0819e-22,3.097e-22,-1.4372e-21,2.1827e-11,9.7175e-11,-1.5918e-05,-0.00018474,2.1264e-20,-5.2366e-20,-7.9863e-17,5.4224e-09,0.00093884,-0.0024879,3.7005e-06,0.00015883,0.00061504,-1.8284e-12,-1.4841e-12,2.2457e-19,1.0627e-05,0.0045044,0.011128,-0.00011783,8.8805e-05,-1.2152e-05,-9.7995e-07,-1.7457e-07,-0.0012459,-0.0015762,-0.00027841,-8.557e-15,0.00025277,0.00052126,-3.0292e-07,1.0506e-07,7.4905e-15,-2.4014e-14,3.7437e-12,5.1966e-12,1.3151e-23,8.079e-15,-1.7708e-14,-1.5779e-15,-2.4469e-14,-1.876e-14,-2.0083e-10,-2.383e-10,1.35e-12,1.7554e-12,1.5991e-07,-0.00013162,7.7466e-21
-4.1773e-20,-0.00037542,-0.0002156,-5.6847e-07,3.052e-12,-4.166e-08,8.8461e-09,-1.7535e-14,1.6041e-07,-5.1269e-05,-3.7878e-05,0.00013466,9.191e-05,1.0146e-11,2.7161e-05,-8.3516e-06,-2.9479e-09,-2.1552e-09,-1.8288e-08,-3.7245e-08,2.6065e-06,0.0033951,0.053565,0.027898,0.00050744,5.8225e-05,2.792e-05,-3.5893e-07,-2.4882e-06,6.9976e-06,-4.3572e-06,3.8951e-06,8.2119e-07,1.02e-07,1.1666e-06,7.3807e-07,1.7288e-08,-2.2017e-08,3.8337e-05,9.2475e-06,-0.00017127,0.0037466,0.00077751,0.00034276,-0.0005817,-7.7144e-05,-1.2209e-05,-1.3737e-08,2.4303e-07,2.5036e-09,-8.793e-09,-1.138e-08,-1.4017e-12,-9.2939e-14,1.2118e-07,-0.0011133,-5.4181e-05,8.0991e-13,-2.2287e-11,-4.3498e-10,0.0022235,0.0014633,-7.0915e-06,-0.0011903,0.0046757,4.4797e-10,2.5549e-11,-1.8387e-10,-1.8093e-10,-1.8088e-10,-6.485e-11,9.95e-09,-1.0622e-09,9.4266e-08,-4.3059e-07,1.7605e-20,-3.0296e-08,-7.9239e-06,-0.00010539,-0.00013445,0.0034336,0.045257,0.025793,-0.0011746,-0.00014317,0.00040188,9.3857e-05,4.8368e-10,-3.1671e-12,-8.8174e-13,-1.3638e-07,-2.3113e-07,2.272e-10,1.8697e-23,-9.7265e-23,3.1654e-22,-3.2936e-11,-1.4663e-10,3.4005e-06,3.9464e-05,4.0819e-21,2.8361e-21,1.7059e-17,-8.182e-09,-0.00011095,0.00053028,-5.5837e-06,-0.00023966,-0.00092806,1.0759e-12,2.2414e-12,3.1884e-19,-2.2701e-06,0.0075471,0.018866,0.00019171,-0.000134,1.8337e-05,1.4621e-06,2.5882e-07,0.00026619,0.00042645,0.00014913,1.2912e-14,-0.00038141,-0.00078655,6.471e-08,-2.2444e-08,-1.6002e-15,5.13e-15,-5.7295e-12,-7.8413e-12,-6.0909e-23,-1.7259e-15,3.7828e-15,-2.8974e-16,4.0583e-15,4.0075e-15,3.0336e-10,3.5965e-10,-6.0689e-12,-6.2569e-12,-2.413e-07,2.7898e-05,-1.367e-21
-1.8548e-21,-8.0391e-05,-4.5794e-05,-1.2321e-07,6.6151e-13,-9.0297e-09,1.9174e-09,-3.8007e-15,3.3197e-08,-6.5832e-05,-4.8662e-05,0.000173,0.00011808,2.1991e-12,5.8871e-06,-1.8102e-06,-6.3895e-10,-4.6714e-10,-3.9612e-09,-8.0718e-09,5.6495e-07,-0.00072464,0.14698,0.089337,0.007658,7.4802e-05,3.5888e-05,-3.8637e-08,-6.2605e-07,1.5225e-06,-9.4187e-07,8.443e-07,1.7799e-07,2.2108e-08,1.7946e-06,6.9811e-07,3.747e-09,-4.7721e-09,4.9248e-05,1.1879e-05,-4.2875e-05,0.019575,0.0037754,-0.00016274,-0.00012608,-9.8506e-05,-1.6071e-05,-2.9774e-09,5.2718e-08,1.1939e-09,-1.7985e-09,-2.4796e-09,-1.8007e-12,-1.194e-13,1.5568e-07,-0.0014303,-6.9606e-05,1.0384e-12,-2.8636e-11,-5.5882e-10,0.022879,0.0016369,3.0432e-05,-0.0015604,0.024171,5.7551e-10,3.2822e-11,-2.3618e-10,-2.3238e-10,-2.3237e-10,-4.084e-10,1.2783e-08,-2.3022e-10,2.0235e-08,-9.3328e-08,1.6621e-19,-6.5665e-09,-1.7167e-06,-2.2401e-05,-1.8396e-05,0.0044111,0.25282,0.026422,-0.00029519,-3.1031e-05,8.7107e-05,2.0343e-05,-7.9096e-11,-6.8647e-13,-1.9111e-13,-2.9586e-08,-5.0275e-08,4.9244e-11,-3.8392e-24,-2.9451e-23,5.7957e-23,-4.2312e-11,-1.8838e-10,7.3705e-07,8.5537e-06,2.7665e-21,-7.7689e-21,3.7018e-18,-1.0511e-08,-2.4079e-05,0.00011346,-7.1734e-06,-0.0003079,-0.0011923,1.0858e-12,2.8799e-12,1.2076e-20,-4.9204e-07,0.00069527,0.0018409,0.00024875,-0.00017215,2.3557e-05,1.8754e-06,3.3169e-07,5.7739e-05,9.2529e-05,3.2323e-05,1.6588e-14,-0.00048999,-0.0010105,1.4026e-08,-4.8646e-09,-3.4684e-16,1.1119e-15,-7.3749e-12,-1.0074e-11,-2.002e-22,-3.7407e-16,8.199e-16,-8.4261e-16,-5.745e-16,8.6861e-16,3.8979e-10,4.6205e-10,-8.5067e-12,-8.6737e-12,-3.0999e-07,5.7748e-06,-1.7262e-21
2.8539e-21,8.7807e-05,4.6889e-05,1.4701e-07,-7.8925e-13,1.0773e-08,-2.2876e-09,4.5347e-15,-2.6613e-08,0.00053117,0.00039266,-0.001396,-0.00095279,-2.6237e-12,-7.0239e-06,2.1597e-06,7.6233e-10,5.5735e-10,4.7051e-09,9.6231e-09,-6.7404e-07,0.00087666,0.07426,0.095973,0.026956,-0.0006036,-0.00028962,-2.7783e-07,1.4644e-06,-1.8643e-06,1.1028e-06,-1.0077e-06,-2.1237e-07,-2.6378e-08,-1.4894e-05,-5.2843e-06,-4.4706e-09,5.6937e-09,-0.00039739,-9.5852e-05,9.8736e-05,0.010206,0.00031207,-0.0002595,0.00015043,0.00079404,0.00013022,3.5524e-09,-6.3246e-08,-6.8114e-09,1.258e-09,3.0656e-09,1.4531e-11,9.6346e-13,-1.2562e-06,0.017264,0.00083408,-8.3759e-12,2.3108e-10,4.5093e-09,0.010869,-0.020114,-0.00030075,0.018751,0.010744,-4.6439e-09,-2.6485e-10,1.9057e-09,1.8751e-09,1.8751e-09,3.7492e-09,-1.0315e-07,2.7468e-10,-2.2511e-08,1.1135e-07,2.3063e-19,7.8346e-09,2.042e-06,2.3077e-05,-6.6939e-05,-0.034416,0.18812,0.028682,0.00035253,3.7023e-05,-0.00010393,-2.4271e-05,1.6158e-09,8.1903e-13,2.2802e-13,3.5517e-08,6.1457e-08,-5.8754e-11,-1.1567e-23,1.9934e-23,-7.3172e-23,3.4143e-10,1.5201e-09,-8.7938e-07,-1.0205e-05,-4.4034e-20,8.3252e-20,-4.4143e-18,8.4819e-08,2.8987e-05,-0.00012318,5.7884e-05,0.0036905,0.014413,-8.348e-12,-2.3239e-11,-7.1503e-20,5.8705e-07,-0.00082175,-0.0029345,-0.0020106,0.0013891,-0.00019009,-1.5129e-05,-2.6754e-06,-6.9253e-05,-0.0001112,-3.8565e-05,-1.3385e-13,0.0059955,0.012112,-1.6734e-08,5.804e-09,4.1376e-16,-1.3266e-15,5.953e-11,8.1287e-11,9.6403e-23,4.4631e-16,-9.7823e-16,7.4557e-15,1.2713e-14,-1.0363e-15,-3.1454e-09,-3.7284e-09,6.9634e-11,7.0877e-11,2.5014e-06,-4.6412e-06,-1.2323e-21
-3.7833e-21,-1.0108e-05,3.6285e-06,-5.2775e-08,2.8335e-13,-3.8676e-09,8.2125e-10,-1.6281e-15,-2.4767e-08,-0.0013861,-0.0010247,0.0042646,0.002914,9.4192e-13,2.5216e-06,-7.7534e-07,-2.7368e-10,-2.0009e-10,-1.6334e-09,-3.4353e-09,2.4198e-07,-0.00031472,-0.0064488,0.09664,0.046048,0.0015752,0.00075581,9.5527e-07,-2.4207e-06,7.9559e-07,-3.4064e-07,3.6285e-07,7.6252e-08,9.4715e-09,3.9028e-05,1.3654e-05,1.6049e-09,-2.044e-09,0.001037,0.00025014,-0.00016112,-0.0011495,0.0094183,0.001464,-5.4003e-05,-0.0020718,-0.00034004,-1.2753e-09,2.3625e-08,1.6673e-08,1.8932e-09,-1.3837e-09,-3.792e-11,-2.5143e-12,3.2782e-06,0.018834,0.00086095,2.1857e-11,-6.0304e-10,-1.1768e-08,-0.0034612,0.061939,0.0013126,0.019246,-0.0023349,1.2119e-08,6.9117e-10,-4.9732e-09,-4.8932e-09,-4.8933e-09,-9.9612e-09,2.6918e-07,-9.8611e-11,3.7737e-09,-3.9975e-08,-1.8411e-19,-2.8126e-09,-7.1653e-07,1.3542e-06,0.0002588,0.11479,0.037366,0.019484,-0.00012656,-1.3291e-05,3.731e-05,8.713e-06,-4.5984e-09,-2.9403e-13,-8.1858e-14,-1.3327e-08,-2.5953e-08,2.1092e-11,6.8533e-26,-7.7675e-24,2.94e-23,-8.9101e-10,-3.9668e-09,3.157e-07,3.6637e-06,1.1454e-19,-2.2461e-19,1.5853e-18,-2.2135e-07,-1.1089e-05,1.2015e-05,-0.00015106,0.0038171,0.015904,2.1624e-11,6.0647e-11,-1.9679e-20,-2.1075e-07,0.00029501,0.0033305,0.0060226,-0.0036251,0.00049606,3.948e-05,6.9813e-06,2.5824e-05,4.2039e-05,1.3845e-05,3.4931e-13,0.0071976,0.012527,6.0075e-09,-2.0836e-09,-1.4854e-16,4.7624e-16,-1.5536e-10,-2.1213e-10,-1.0235e-22,-1.6022e-16,3.5118e-16,-1.9713e-14,-3.6332e-14,3.7203e-16,8.2083e-09,9.7298e-09,-1.8211e-10,-1.8531e-10,-6.5278e-06,-4.2731e-06,-5.7249e-22
1.0606e-21,-1.2732e-05,-1.3462e-05,5.1488e-09,-2.7648e-14,3.7733e-10,-8.0122e-11,1.5911e-16,2.4402e-08,0.00090597,0.00066974,0.015523,0.010692,-9.1894e-14,-2.4601e-07,7.5642e-08,2.67e-11,1.9521e-11,1.2363e-10,3.2271e-10,-2.3608e-08,3.0707e-05,0.0010747,0.088206,0.044095,-0.0010239,-0.00049131,-6.4125e-07,1.4501e-06,-1.5853e-07,-2.1741e-09,-3.6085e-08,-7.4473e-09,-9.2533e-10,-2.5384e-05,-8.8634e-06,-1.5658e-10,1.9942e-10,-0.00067412,-0.0001626,9.6222e-05,0.00019309,0.020542,0.003886,5.2686e-06,0.0013541,0.00022227,1.2442e-10,-2.8939e-09,-1.0741e-08,-1.6868e-09,3.1634e-10,2.4649e-11,1.6344e-12,-2.131e-06,0.00068719,-5.367e-05,-1.4208e-11,3.92e-10,7.6493e-09,0.00033769,0.15763,0.014054,-0.0010777,0.0018736,-7.8778e-09,-4.4928e-10,3.2327e-09,3.1807e-09,3.1808e-09,6.4907e-09,-1.7497e-07,9.6205e-12,2.3914e-09,3.9e-09,-6.8105e-19,2.744e-10,5.9316e-08,-6.3068e-06,-0.00017564,0.2757,0.036261,0.00033249,1.2347e-05,1.2967e-06,-3.64e-06,-8.4976e-07,3.0227e-09,2.8686e-14,7.9861e-15,1.6694e-09,5.0242e-09,-2.0578e-12,1.3482e-24,3.6212e-25,-2.7954e-24,5.7919e-10,2.5785e-09,-3.08e-08,-3.5744e-07,-7.462e-20,1.4608e-19,-1.5344e-19,1.4388e-07,1.5191e-06,1.9459e-05,9.8192e-05,-0.00024117,0.00086636,-1.4042e-11,-3.9422e-11,-7.1354e-20,2.0561e-08,-2.8781e-05,0.006367,0.018874,0.00237,-0.00032245,-2.5663e-05,-4.538e-06,-3.136e-06,-5.4584e-06,-1.3507e-06,-2.2706e-13,0.0014168,-0.00079149,-5.861e-10,2.0328e-10,1.4497e-17,-4.6467e-17,1.0099e-10,1.3789e-10,9.7382e-23,1.5632e-17,-3.4262e-17,1.2837e-14,2.3895e-14,-3.6289e-17,-5.3357e-09,-6.3247e-09,1.1841e-10,1.2049e-10,4.2433e-06,4.2216e-06,7.4901e-22
-1.3462e-20,-0.00010539,-0.00010217,5.8273e-09,-3.132e-14,4.2705e-10,-9.068e-11,1.8142e-16,1.7343e-07,0.01327,0.0098097,0.018307,0.012968,-1.04e-13,-2.7843e-07,8.5611e-08,3.0219e-11,2.2093e-11,-9.6963e-11,2.8278e-10,-2.6719e-08,3.4766e-05,0.0012164,0.016399,0.015398,-0.0069304,-0.0033254,-4.3605e-06,9.6919e-06,-7.1601e-07,-2.3728e-07,-4.5387e-08,-8.4827e-09,-1.0558e-09,-0.00017182,-5.9979e-05,-1.7722e-10,2.257e-10,-0.0045627,-0.0011005,0.00064281,0.00038594,0.0044942,0.00086583,5.9629e-06,0.019833,0.0032556,1.4081e-10,-7.1816e-09,-7.2603e-08,-1.1871e-08,1.5608e-09,1.6684e-10,1.1062e-11,-1.4423e-05,-0.00083934,-5.6205e-05,-9.6163e-11,2.6532e-09,5.1774e-08,0.00038231,0.043532,0.035739,0.00010946,0.00069318,-5.332e-08,-3.041e-09,2.1881e-08,2.1529e-08,2.1529e-08,4.3948e-08,-1.1843e-06,1.0888e-11,2.1008e-08,4.4139e-09,-6.7214e-20,3.1056e-10,-3.0973e-09,-4.8088e-05,-0.0011962,0.062202,0.14183,-0.003796,1.3974e-05,1.4676e-06,-4.1197e-06,-9.5984e-07,2.0493e-08,3.2466e-14,9.0386e-15,4.3377e-09,2.2215e-08,-2.329e-12,3.6123e-24,1.4791e-24,-1.4864e-24,3.9202e-09,1.7453e-08,-3.4858e-08,-4.0454e-07,-5.0588e-19,9.9134e-19,-1.737e-19,9.7387e-07,4.619e-06,0.00015885,0.00066461,-0.00027295,-0.00068222,-9.5028e-11,-2.6683e-10,6.8273e-21,2.3271e-08,-3.2574e-05,0.0013389,0.016379,0.035656,-0.0021825,-0.0001737,-3.0716e-05,-7.6381e-06,-1.5178e-05,-1.5287e-06,-1.5368e-12,-5.9566e-05,-0.00089579,-6.6334e-10,2.3007e-10,1.6399e-17,-5.2588e-17,6.8354e-10,9.3331e-10,1.2292e-23,1.7692e-17,-3.8777e-17,8.6907e-14,1.6201e-13,-4.1026e-17,-3.6114e-08,-4.2809e-08,8.0148e-10,8.1555e-10,2.8721e-05,3.0011e-05,3.0445e-21
4.0241e-20,0.00046474,0.00044494,-3.5009e-09,1.8941e-14,-2.5657e-10,5.4479e-11,-1.0692e-16,-7.4756e-07,0.0084901,0.0062769,0.0078297,0.0065795,6.2484e-14,1.6727e-07,-5.1434e-08,-1.8155e-11,-1.3273e-11,1.1035e-09,1.9396e-10,1.6052e-08,-2.0943e-05,-0.00073079,-0.0093426,0.00016601,0.039998,0.019134,1.8657e-05,-4.1345e-05,2.7978e-06,1.1786e-06,4.7325e-08,5.3339e-09,6.7195e-10,0.0007346,0.00025642,1.0648e-10,-1.3559e-10,0.025014,0.0060967,-0.0027419,-0.00097051,-0.0026324,-0.0004986,-3.5824e-06,0.012691,0.0020832,-8.4598e-11,2.1551e-08,3.1032e-07,5.1087e-08,-6.2445e-09,-7.1327e-10,-4.7293e-11,6.1663e-05,0.00031753,1.3745e-05,4.1112e-10,-1.1343e-08,-2.2135e-07,-0.00023021,-0.014256,0.020619,0.0027377,-0.00042392,2.2796e-07,1.3001e-08,-9.3545e-08,-9.2041e-08,-9.2042e-08,-1.879e-07,5.0632e-06,-6.5415e-12,-9.3372e-08,-2.6518e-09,2.071e-19,-1.8658e-10,3.1173e-07,0.00020958,0.0051194,-0.032285,0.10546,0.016949,-8.3954e-06,-8.817e-07,2.475e-06,5.6825e-07,-8.7637e-08,-1.9505e-14,-5.4302e-15,-1.3409e-08,-8.6274e-08,1.3992e-12,5.3417e-24,1.2682e-24,-7.8034e-24,-1.676e-08,-7.4615e-08,2.0942e-08,2.4304e-07,2.163e-18,-4.2389e-18,1.0057e-19,-4.1635e-06,-1.557e-05,-0.00069915,-0.0028414,0.00016399,0.00042002,4.0626e-10,1.1408e-09,3.8023e-20,-1.3981e-08,1.957e-05,-0.00076855,0.007575,0.027785,0.011979,0.00074262,0.00013132,2.263e-05,4.8831e-05,9.1842e-07,6.5704e-12,4.5944e-05,0.00053818,3.9852e-10,-1.3822e-10,-9.855e-18,3.1587e-17,-2.9223e-09,-3.9901e-09,-2.2574e-23,-1.0629e-17,2.3297e-17,-3.7157e-13,-6.9283e-13,2.4446e-17,1.544e-07,1.8302e-07,-3.4266e-09,-3.4867e-09,-0.00012279,-0.00012936,-3.8328e-20
-7.2616e-20,-0.00084858,-0.00081105,8.8891e-10,-5.0358e-15,6.5144e-11,-1.3833e-11,2.7207e-17,1.3607e-06,-0.0017257,-0.0012766,-0.0014995,0.00014263,-1.5865e-14,-4.2472e-08,1.3059e-08,4.6097e-12,3.3702e-12,-2.1824e-09,-7.1144e-10,-4.0758e-09,5.4189e-06,0.00018561,0.0023721,0.00019665,0.084061,0.03957,-3.3924e-05,7.5146e-05,-5.0193e-06,-2.1849e-06,-4.8521e-08,-1.7869e-09,-2.3911e-10,-0.0013356,-0.0004662,-2.705e-11,3.4419e-11,0.037432,0.0098857,0.0052507,0.0016541,0.0007539,0.0001266,9.0961e-07,-0.002581,-0.00042367,2.1479e-11,-3.6841e-08,-5.6419e-07,-9.2967e-08,1.1244e-08,1.2968e-09,8.5984e-11,-0.00011211,0.00027769,3.2949e-05,-7.4747e-10,2.0623e-08,4.0243e-07,5.9401e-05,0.0038691,-0.0026449,0.00080378,0.00013713,-4.1445e-07,-2.3637e-08,1.7008e-07,1.6734e-07,1.6734e-07,3.4163e-07,-9.2055e-06,1.6609e-12,1.7067e-07,6.7331e-10,-1.3099e-19,4.7374e-11,-6.4311e-07,-0.00038205,-0.009306,0.023502,0.021114,0.023859,2.1316e-06,2.2387e-07,-6.2843e-07,-1.2899e-07,1.5934e-07,4.9525e-15,1.3788e-15,2.3065e-08,1.5463e-07,-3.5527e-13,7.2187e-24,2.3542e-24,1.9754e-23,3.0471e-08,1.3566e-07,-5.3174e-09,-6.171e-08,-3.9326e-18,7.7068e-18,-1.906e-20,7.5698e-06,2.7239e-05,0.0013447,0.0054428,-4.1637e-05,-0.00010665,-7.3862e-10,-2.074e-09,1.2894e-20,3.5498e-09,-4.9689e-06,0.00019514,0.0013794,0.0020694,0.018091,-0.0013502,-0.00023875,-3.858e-05,-8.4673e-05,-2.3319e-07,-1.1946e-11,-1.1666e-05,-0.00013665,-1.0119e-10,3.5095e-11,2.505e-18,-8.0118e-18,5.3131e-09,7.2545e-09,4.1807e-25,2.6987e-18,-5.9151e-18,6.7556e-13,1.2597e-12,-5.8399e-18,-2.8071e-07,-3.3275e-07,6.2299e-09,6.3393e-09,0.00022324,0.00023547,-3.1164e-20
-1.0243e-19,-0.00046509,-0.00044441,8.0392e-11,-5.7595e-16,5.8914e-12,-1.251e-12,2.4329e-18,7.4546e-07,-0.00015557,-0.00011545,-0.00013561,-4.3662e-05,-1.4348e-15,-3.8411e-09,1.1811e-09,4.1689e-13,3.0479e-13,-1.2085e-09,-4.1633e-10,-3.6861e-10,5.4403e-07,1.6817e-05,0.00021453,1.7773e-05,0.062188,0.029851,-1.8583e-05,4.116e-05,-2.7444e-06,-1.1999e-06,-2.3792e-08,-3.9156e-10,-5.8036e-11,-0.00073158,-0.00025536,-2.4541e-12,3.1084e-12,0.0039634,0.0027254,0.021141,0.0052265,0.00011364,1.145e-05,8.227e-08,-0.00023342,-3.8316e-05,1.9418e-12,-2.0006e-08,-3.0904e-07,-5.093e-08,6.1507e-09,7.1033e-10,4.7099e-11,-6.141e-05,0.00021558,2.2349e-05,-4.0943e-10,1.1296e-08,2.2044e-07,5.8768e-06,0.00033004,-0.00026738,8.1413e-06,2.8082e-05,-2.2702e-07,-1.2947e-08,9.316e-08,9.1662e-08,9.1663e-08,1.8713e-07,-5.0424e-06,1.5021e-13,9.3554e-08,6.0893e-11,-6.9717e-20,4.2844e-12,-3.5794e-07,-0.00020935,-0.0048922,0.028863,0.026737,0.0010667,1.9278e-07,2.0246e-08,-5.6834e-08,-3.538e-09,8.728e-08,4.4789e-16,1.2469e-16,1.2537e-08,8.4535e-08,-3.213e-14,2.997e-25,-4.7293e-24,8.9444e-24,1.6691e-08,7.4308e-08,-4.809e-10,-5.5809e-09,-2.1531e-18,4.2174e-18,1.7985e-20,4.1464e-06,1.4841e-05,0.0054179,0.021916,-3.7656e-06,-9.6449e-06,-4.0459e-10,-1.1361e-09,-9.2898e-22,3.2104e-10,-4.4938e-07,1.7648e-05,-5.454e-06,-3.0022e-05,0.0019946,-0.00073956,-0.00013078,-2.0942e-05,-4.6076e-05,-2.109e-08,-6.5434e-12,-1.055e-06,-1.2358e-05,-9.1512e-12,3.174e-12,2.2702e-19,-7.2006e-19,2.9103e-09,3.9737e-09,-4.2198e-25,2.4407e-19,-5.3496e-19,3.7004e-13,6.9002e-13,-3.3286e-19,-1.5376e-07,-1.8227e-07,3.4125e-09,3.4724e-09,0.00012228,0.000129,1.7664e-20
8.6299e-19,0.010978,0.010492,-1.788e-10,3.0618e-15,-1.3102e-11,2.7824e-12,-5.4769e-18,-1.0862e-05,0.00033864,0.00025678,0.00030161,9.742e-05,3.1913e-15,8.5431e-09,-2.6269e-09,-9.2722e-13,-6.779e-13,1.764e-08,6.1311e-09,8.1983e-10,-2.0078e-06,-3.7849e-05,-0.00047717,-3.9348e-05,0.014921,0.01084,0.00027075,-0.00059971,3.9974e-05,1.7491e-05,3.3986e-07,4.2713e-09,6.6751e-10,0.017176,0.0059955,5.5736e-12,-6.849e-12,-0.0028221,-7.5611e-05,0.0078167,-0.0011861,-0.00092502,-2.5469e-05,-1.8307e-07,0.00051917,8.522e-05,-4.3076e-12,2.9107e-07,4.5027e-06,7.4207e-07,-8.9597e-08,-1.035e-08,-6.8623e-10,0.00089475,-0.003296,-0.00033613,5.9655e-09,-1.6459e-07,-3.2118e-06,-2.0533e-05,-0.00044007,0.00017483,9.986e-05,-0.00029433,3.3077e-06,1.8865e-07,-1.3574e-06,-1.3355e-06,-1.3356e-06,-2.7265e-06,7.3468e-05,-3.3409e-13,-1.3633e-06,-1.3543e-10,1.1223e-18,-9.5291e-12,5.229e-06,0.0052649,0.12568,0.0048503,0.010282,-0.0023666,-4.2878e-07,-4.5031e-08,1.2641e-07,-1.1232e-07,-1.2717e-06,-9.9618e-16,-2.7734e-16,-1.8242e-07,-1.2313e-06,7.1461e-14,2.3137e-23,1.1156e-24,-1.4634e-22,-2.4319e-07,-1.0827e-06,1.0696e-09,1.2413e-08,3.1388e-17,-6.1519e-17,-1.7913e-20,-6.0414e-05,-0.00021604,0.0020034,0.0081032,8.3752e-06,2.1451e-05,5.8949e-09,1.6553e-08,7.6758e-21,-7.1403e-10,9.9948e-07,-3.9252e-05,0.00026334,-0.0011807,0.00079452,0.016807,0.0019054,0.00030467,0.00067059,4.6917e-08,9.5338e-11,2.3466e-06,2.7486e-05,2.0354e-11,-7.0594e-12,-5.0319e-19,1.5358e-18,-4.2403e-08,-5.7898e-08,-4.6542e-24,-5.4282e-19,1.1898e-18,-5.3916e-12,-1.0054e-11,-2.1444e-18,2.2404e-06,2.6556e-06,-4.972e-08,-5.0593e-08,-0.0017817,-0.0018796,-4.2636e-20
9.8288e-19,0.010328,0.009889,7.3205e-11,-6.6425e-15,5.361e-12,-1.1392e-12,2.2427e-18,3.2294e-05,-0.00011632,-0.00010513,-0.00012348,-3.9885e-05,-1.3066e-15,-3.4977e-09,1.0755e-09,3.7962e-13,2.7754e-13,-5.2463e-08,-1.8259e-08,-3.3565e-10,3.2358e-06,1.6846e-05,0.00019542,1.5564e-05,-0.0052707,-0.013112,-0.000805,0.001783,-0.00011884,-5.2007e-05,-1.0073e-06,-1.2037e-08,-1.9024e-09,0.015523,0.0054183,-2.6307e-12,2.6088e-12,0.0011881,6.3702e-05,-0.0029002,0.0097402,0.0027851,1.044e-05,7.5219e-08,-0.00021255,-3.489e-05,1.7301e-12,-8.652e-07,-1.3387e-05,-2.2063e-06,2.6638e-07,3.0772e-08,2.0403e-09,-0.0026603,0.011448,0.0011596,-1.7737e-08,4.8936e-07,9.5493e-06,3.0985e-05,-0.0007093,0.0011997,-0.00039687,0.00082207,-9.8345e-06,-5.6088e-07,4.0357e-06,3.9708e-06,3.9709e-06,8.1064e-06,-0.00021844,1.3678e-13,4.0533e-06,5.5449e-11,1.2608e-18,3.9014e-12,-1.5553e-05,0.007296,0.14981,0.010217,-0.0038279,0.0009689,1.7555e-07,1.8436e-08,-5.1753e-08,4.0964e-07,3.781e-06,4.0785e-16,1.1355e-16,5.4226e-07,3.6607e-06,-2.9257e-14,5.2048e-23,-3.5939e-23,4.4469e-22,7.2305e-07,3.219e-06,-4.379e-10,-5.082e-09,-9.3323e-17,1.829e-16,8.1815e-20,0.00017962,0.00064224,-0.00074331,-0.0030065,-3.4289e-06,-8.7826e-06,-1.7527e-08,-4.9214e-08,-8.8863e-21,2.9233e-10,-4.092e-07,1.607e-05,-0.000866,0.0052696,0.024889,0.011657,-0.0056652,-0.00090562,-0.0019934,-1.9237e-08,-2.8346e-10,-9.6093e-07,-1.1253e-05,-8.3331e-12,2.8902e-12,2.0617e-19,-4.2931e-19,1.2607e-07,1.7214e-07,1.8758e-23,2.222e-19,-4.8693e-19,1.603e-11,2.9891e-11,9.6075e-18,-6.661e-06,-7.8957e-06,1.4783e-07,1.5042e-07,0.006124,0.0064524,1.3741e-18
-7.7217e-20,-0.00035635,-0.00031093,-1.0856e-11,6.4093e-15,-7.9171e-13,1.6893e-13,-3.3654e-19,-3.2819e-05,-5.2204e-06,1.559e-05,1.8312e-05,5.9148e-06,1.9385e-16,5.1869e-10,-1.5949e-10,-5.6296e-14,-4.1159e-14,5.3317e-08,1.856e-08,4.9776e-11,-2.9095e-06,-3.8578e-06,-2.904e-05,-1.7583e-06,0.00078183,0.011239,0.00088929,-0.001812,0.00012077,5.2853e-05,1.0233e-06,1.2141e-08,1.9219e-09,-0.0016055,-0.00056041,7.4116e-13,-1.9034e-13,-0.00017615,-9.4446e-06,0.00043008,0.022221,0.0059023,-1.5603e-06,-1.1425e-08,3.1521e-05,5.1741e-06,-2.2285e-13,8.7924e-07,1.3605e-05,2.2422e-06,-2.7071e-07,-3.1272e-08,-2.0735e-09,0.0027426,0.025134,0.002445,1.8025e-08,-4.9732e-07,-9.7045e-06,-2.7322e-05,0.0010005,-0.0014576,0.00041718,-0.00082808,9.9943e-06,5.7e-07,-4.1013e-06,-4.0353e-06,-4.0354e-06,-8.2382e-06,0.00022199,-2.0284e-14,-4.1192e-06,-8.2229e-12,1.8888e-19,-5.7856e-13,1.5807e-05,0.0048991,0.043704,0.02623,0.00056767,-0.00014369,-2.6033e-08,-2.734e-09,7.6747e-09,-4.2679e-07,-3.8424e-06,-6.0484e-17,-1.6838e-17,-5.5106e-07,-3.7202e-06,4.3388e-15,-1.3499e-22,-1.0598e-22,-4.4093e-22,-7.348e-07,-3.2713e-06,6.4939e-11,7.5364e-10,9.4839e-17,-1.8588e-16,-8.8107e-20,-0.00018254,-0.00065267,0.00011023,0.00044585,5.085e-07,1.3024e-06,1.7812e-08,5.0014e-08,-1.1494e-20,-4.3352e-11,6.0683e-08,-2.3832e-06,0.00090447,0.018052,0.036574,0.0013106,0.0058495,0.00093479,0.0020552,2.8818e-09,2.8807e-10,1.4272e-07,1.6688e-06,1.2358e-12,-4.2861e-13,-3.0437e-20,-1.371e-19,-1.2812e-07,-1.7494e-07,3.0332e-23,-3.3097e-20,7.2786e-20,-1.6291e-11,-3.0377e-11,-1.0247e-17,6.7693e-06,8.0241e-06,-1.5023e-07,-1.5287e-07,0.013057,0.013592,2.1422e-18
-5.3914e-20,-0.00046732,-0.00044183,-6.0925e-12,2.1047e-14,-4.3367e-13,9.4808e-14,-2.0053e-19,-0.00010859,-7.5219e-05,8.7496e-06,1.0277e-05,3.3195e-06,1.0906e-16,2.911e-10,-8.9508e-11,-3.1594e-14,-2.3099e-14,1.7642e-07,6.1413e-08,2.7935e-11,-9.4492e-06,-6.5388e-06,-1.6489e-05,7.8175e-07,0.00043944,0.093497,0.029282,-0.0059957,0.00039962,0.00017488,3.3856e-06,4.0129e-08,6.3539e-09,-0.00090103,-0.00031451,1.5453e-12,5.2545e-13,-9.8728e-05,-5.2934e-06,0.00024137,0.0041897,0.0014172,-9.1454e-07,-7.2804e-09,1.769e-05,2.9038e-06,-1.6585e-14,2.9092e-06,4.5017e-05,7.4191e-06,-8.9573e-07,-1.0347e-07,-6.8608e-09,0.023558,0.0069481,0.00040939,5.9641e-08,-1.6455e-06,-3.2111e-05,-8.8448e-05,0.0034418,-0.0049348,0.0013869,-0.0027365,3.307e-05,1.886e-06,-1.3571e-05,-1.3352e-05,-1.3352e-05,-2.7259e-05,0.00073452,-1.1384e-14,-1.363e-05,-4.6148e-12,-8.2966e-20,-3.247e-13,5.2303e-05,0.0018179,-0.0017173,0.00452,0.00031858,-8.0638e-05,-1.461e-08,-1.5344e-09,4.3072e-09,-1.4171e-06,-1.2714e-05,-3.3949e-17,-9.4502e-18,-1.8234e-06,-1.2309e-05,2.435e-15,-5.0679e-24,9.9871e-23,-1.4161e-21,-2.4313e-06,-1.0824e-05,3.6445e-11,4.2295e-10,3.1381e-16,-6.1503e-16,-2.9155e-19,-0.000604,-0.0021596,6.1863e-05,0.00025022,2.8538e-07,7.3094e-07,5.8935e-08,1.6549e-07,2.095e-20,-2.433e-11,3.4056e-08,-1.3374e-06,0.0077651,0.021368,0.0058111,0.024592,0.053459,0.0084463,0.017662,1.7105e-09,9.5316e-10,8.0775e-08,9.3657e-07,6.9353e-13,-2.4054e-13,-1.695e-20,-7.2278e-19,-4.2394e-07,-5.7885e-07,6.0317e-23,-1.8548e-20,4.0808e-20,-5.3903e-11,-1.0051e-10,-3.404e-17,2.2398e-05,2.655e-05,-4.9709e-07,-5.0582e-07,0.0026175,0.0022733,7.8733e-19
4.2634e-20,0.00034839,0.00032951,4.513e-12,-1.0903e-13,2.6425e-13,-7.0227e-14,2.5964e-19,0.00056326,0.00044278,-6.4811e-06,-7.6126e-06,-2.4589e-06,-8.2221e-17,-2.1563e-10,6.6301e-11,2.3403e-14,1.7109e-14,-9.1508e-07,-3.1855e-07,-2.0693e-11,4.8851e-05,2.8262e-05,1.3242e-05,-1.0048e-05,-0.00032905,0.052292,0.11879,0.041902,-0.0020728,-0.0009071,-1.7561e-05,-2.0811e-07,-3.2953e-08,0.00066742,0.00023297,-7.1915e-12,-3.7746e-12,7.2422e-05,3.8829e-06,-0.00017879,-0.0024593,-0.00045884,8.8575e-07,1.0044e-08,-1.3104e-05,-2.1509e-06,-5.6856e-13,-1.509e-05,-0.0002335,-3.8482e-05,4.6461e-06,5.3671e-07,3.5586e-08,0.013202,-0.0014438,-0.00029723,-3.0936e-07,8.5353e-06,0.00016656,0.000457,-0.017971,0.035102,-0.006568,0.018963,3.3343e-05,-9.7827e-06,7.039e-05,6.9257e-05,6.9259e-05,0.00014139,-0.0038099,8.4328e-15,7.0697e-05,3.4184e-12,5.2769e-19,2.4051e-13,-0.00027129,-0.0066726,0.032766,-0.003263,-0.00023599,5.9732e-05,1.0822e-08,1.1366e-09,-3.1905e-09,7.3549e-06,6.5947e-05,2.5162e-17,7.0023e-18,9.4577e-06,6.3848e-05,-1.8037e-15,1.7086e-21,6.4848e-22,7.5588e-21,1.2611e-05,5.6145e-05,-2.6996e-11,-3.133e-10,-1.6277e-15,3.1901e-15,2.0017e-18,0.0042212,0.015093,-4.5824e-05,-0.00018534,-2.1139e-07,-5.4143e-07,-3.0569e-07,-8.5838e-07,1.5099e-20,1.8022e-11,-2.5227e-08,9.9055e-07,0.0043097,0.0080174,-0.004163,0.0215,0.044926,0.00622,0.0099401,-1.766e-09,-4.944e-09,-6.3481e-08,-6.9375e-07,-5.1372e-13,1.7818e-13,1.417e-20,3.9935e-18,2.1989e-06,3.0024e-06,-1.6606e-22,1.3867e-20,-3.0944e-20,2.7959e-10,5.2136e-10,1.7672e-16,-0.00011618,-0.00013771,2.5784e-06,2.6236e-06,-0.0013238,-0.0016392,-2.0006e-19
-1.2079e-20,-0.00010246,-9.6908e-05,-1.3273e-12,2.3166e-13,4.4014e-14,2.0653e-14,-2.7839e-19,-0.001197,-0.00095705,1.9061e-06,2.2389e-06,7.2315e-07,2.7249e-17,6.3415e-11,-1.9499e-11,-6.8834e-15,-5.0307e-15,1.9447e-06,6.7698e-07,6.0856e-12,-0.00010377,-5.8338e-05,-6.0886e-06,2.3183e-05,0.00010435,-0.011646,0.11469,0.05312,0.0048489,0.0021123,3.732e-05,4.4226e-07,7.0029e-08,-0.00019628,-6.8517e-05,1.5032e-11,8.3419e-12,-1.9784e-05,-1.0607e-06,5.2582e-05,0.0007351,0.00014678,-7.0549e-07,-1.2889e-08,3.8537e-06,6.3259e-07,1.408e-12,3.2069e-05,0.00049623,8.1783e-05,-9.8738e-06,-1.1406e-06,-7.5628e-08,-0.0030053,0.00049858,9.1716e-05,6.5744e-07,-1.8139e-05,-0.00035397,-0.00097067,0.041152,0.049346,0.024052,0.022609,0.0026254,2.079e-05,-0.00014959,-0.00014719,-0.00014719,-0.00030048,0.0087254,-2.4797e-15,-0.00015025,-1.0053e-12,-1.8856e-19,-7.0734e-14,0.00062052,0.019188,0.053716,0.00095965,6.9403e-05,-1.7567e-05,-3.1828e-09,-3.3426e-10,9.3831e-10,-1.5632e-05,-0.00014015,-7.4353e-18,-2.0586e-18,-2.01e-05,-0.00013569,5.3046e-16,6.0265e-22,1.0668e-21,-1.5965e-20,-2.6801e-05,-0.00011932,7.9395e-12,9.214e-11,3.4592e-15,-6.7796e-15,2.5441e-18,0.0053512,0.019133,1.3477e-05,5.451e-05,6.2169e-08,1.5923e-07,6.4966e-07,1.8242e-06,-1.8488e-21,-5.3002e-12,7.4192e-09,-2.9103e-07,-0.00055257,-0.0011729,0.0011844,0.0040725,0.008146,-0.0041567,-0.002203,1.5852e-09,1.0507e-08,2.6463e-08,2.0403e-07,1.5108e-13,-5.2402e-14,-6.6343e-21,-8.5615e-18,-4.6732e-06,-6.3808e-06,3.7131e-22,-4.6004e-21,1.0121e-20,-5.9419e-10,-1.108e-09,-3.7562e-16,0.0002469,0.00029267,-5.4796e-06,-5.5758e-06,0.00040118,0.0004821,5.4061e-20
-8.6331e-22,-1.217e-18,-1.1591e-18,2.4399e-22,-3.5868e-21,-2.7181e-21,-7.974e-20,-8.2345e-20,-8.7833e-17,-7.0275e-17,-4.7071e-20,4.0487e-20,8.761e-21,5.859e-22,2.498e-22,2.5474e-22,-7.162e-24,-7.9703e-22,1.4174e-19,5.5368e-20,1.439e-20,-7.5258e-18,-4.1942e-18,-1.4934e-19,1.9788e-18,3.7822e-18,-1.4216e-16,7.4546e-16,3.4982e-16,0.020418,0.0084906,2.6913e-18,-8.131e-21,2.2991e-21,-2.3635e-18,-8.2705e-19,-5.0156e-22,1.7188e-21,-1.3442e-19,-1.4026e-21,6.54e-19,8.817e-18,1.7944e-18,-3.7218e-20,-5.0293e-22,4.5026e-20,1.2278e-21,1.5664e-20,2.2859e-18,3.6561e-17,6.0461e-18,-7.2244e-19,-9.8882e-20,1.0983e-19,-3.6021e-17,6.0723e-18,1.1161e-18,1.4829e-18,-6.4699e-18,-6.6864e-18,-7.2563e-17,0.13449,0.010112,0.081908,0.0048538,1.2562e-16,9.2209e-19,-1.0741e-17,-1.1763e-17,-6.3587e-18,-2.0617e-17,0.028923,1.3252e-18,-1.0296e-17,5.0227e-19,-1.9206e-18,7.1221e-18,0.0020228,0.057042,0.027712,1.3246e-17,1.325e-18,-1.9759e-19,-1.5702e-20,-3.3508e-22,3.0335e-22,-1.124e-18,-1.022e-17,-1.3655e-20,-5.9598e-21,-1.4456e-18,-9.6906e-18,1.788e-21,-5.5878e-22,4.471e-22,5.9942e-22,-1.9542e-18,-8.8234e-18,1.2265e-20,1.8034e-20,2.8593e-21,1.2277e-21,5.8107e-23,3.6587e-17,1.2911e-16,6.0429e-19,5.3108e-19,-6.8324e-20,-4.6985e-21,4.5404e-20,1.3177e-19,-2.8167e-22,-1.4176e-21,-7.7224e-21,1.8866e-20,1.0162e-17,3.4054e-17,1.0997e-17,2.1835e-19,-7.9624e-17,-2.32e-16,-2.7265e-17,-2.482e-19,-7.0522e-21,7.2737e-21,9.0769e-21,-3.1875e-22,3.0564e-23,-6.6343e-23,-5.6017e-22,-3.4394e-19,-4.5805e-19,-9.4694e-22,-5.3463e-22,1.4284e-22,1.0167e-21,9.2474e-21,1.0478e-20,1.8068e-17,2.1322e-17,-3.6832e-19,-4.0004e-19,4.8478e-18,5.8554e-18,5.7261e-20
2.5514e-21,1.6294e-05,1.5411e-05,2.1107e-13,-1.4567e-12,-8.7296e-13,-3.2824e-15,1.0614e-18,0.013511,0.010815,-3.0312e-07,-3.5603e-07,-1.15e-07,-2.6157e-17,-1.0084e-11,3.1008e-12,1.0984e-15,7.9175e-16,-1.2229e-05,-4.2571e-06,-9.6778e-13,0.00065248,0.00036515,1.6578e-05,-0.00014758,-7.0502e-05,0.0019216,-0.0098392,-0.0047452,0.015159,0.0057006,-0.00023468,-2.7811e-06,-4.4037e-07,3.1152e-05,1.0907e-05,-9.4279e-11,-5.2772e-11,-7.6324e-06,-4.0926e-07,-8.3619e-06,-0.0001169,-2.3348e-05,3.2777e-06,7.2726e-08,-6.1255e-07,-1.0059e-07,-9.0506e-12,-0.00020166,-0.0031205,-0.00051428,6.209e-05,7.1726e-06,4.7558e-07,0.00049625,-7.2145e-05,-4.5188e-05,-4.1342e-06,0.00011407,0.0022259,0.016217,0.042711,-0.0010294,0.071638,0.025598,-0.0098208,0.00013443,0.00094068,0.00092556,0.00092557,0.0018895,0.0097982,3.9362e-16,0.00094479,1.5987e-13,-4.2492e-19,1.125e-14,0.00062052,0.018371,0.027986,-0.00015261,-1.1037e-05,2.7936e-06,5.0614e-10,5.3155e-11,-1.4922e-10,9.8301e-05,0.00088131,1.5048e-18,4.1486e-19,0.00012639,0.00085326,-8.4417e-17,-1.5028e-20,-6.0136e-21,1.012e-19,0.00016854,0.00075032,-1.2626e-12,-1.4653e-11,-2.1753e-14,4.2633e-14,-2.2593e-19,-0.00047803,-0.0017092,-2.1431e-06,-8.6684e-06,-9.8864e-09,-2.5322e-08,-4.0853e-06,-1.1471e-05,-4.386e-21,8.4287e-13,-1.1798e-09,4.4191e-08,-0.0015744,-0.0045146,9.5894e-05,0.00057684,0.015963,0.033471,0.00036366,-7.8341e-09,-6.6072e-08,-5.9648e-08,-3.2446e-08,-2.4026e-14,8.3332e-15,1.8771e-20,5.3912e-17,2.9387e-05,4.0125e-05,3.0973e-21,3.8516e-21,-1.1987e-20,3.7365e-09,6.9674e-09,2.3623e-15,-0.0014642,-0.001752,3.4457e-05,3.5062e-05,-6.3797e-05,-7.6665e-05,-3.893e-21
-1.2174e-22,-7.667e-06,-7.2517e-06,-9.9316e-14,4.9531e-12,3.0136e-12,1.5443e-15,-1.4301e-18,0.011252,0.0089266,1.4263e-07,1.6753e-07,5.4112e-08,7.7884e-17,4.7449e-12,-1.4588e-12,-5.2824e-16,-3.4775e-16,4.1582e-05,1.4475e-05,4.5541e-13,-0.0022186,-0.0012415,-5.4719e-05,0.00050196,0.0001952,-0.0009042,0.0046298,0.0022328,-0.032985,-0.011666,0.00079796,9.4563e-06,1.4973e-06,-1.4474e-05,-5.1666e-06,3.2055e-10,1.7946e-10,3.5988e-05,1.9297e-06,3.9349e-06,5.5006e-05,1.1003e-05,-1.1057e-05,-2.4665e-07,2.8737e-07,4.7325e-08,3.0789e-11,0.0006857,0.01269,0.0020934,-0.00021112,-2.4388e-05,-1.6171e-06,-0.00024675,1.2482e-05,0.00011325,1.4057e-05,-0.00038785,-0.0075684,0.046273,-0.01469,0.00058779,0.026053,0.02073,0.04457,0.0023929,-0.0031985,-0.0031063,-0.0031063,-0.0063784,-0.0069856,-1.8587e-16,-0.0031893,-7.5227e-14,3.8871e-19,-5.2943e-15,-0.0002713,-0.0067516,0.017019,7.1808e-05,5.1933e-06,-1.3145e-06,-2.3816e-10,-2.5011e-11,7.0212e-11,-0.00033424,-0.0029966,-1.0654e-18,-4.8754e-20,-0.00042976,-0.0029013,3.9357e-17,-1.1514e-19,1.0057e-20,-3.378e-19,-0.00057306,-0.0025105,5.941e-13,6.8946e-12,7.3963e-14,-1.4496e-13,1.0635e-19,0.00022493,0.00080424,1.0084e-06,4.0788e-06,4.652e-09,1.1915e-08,1.3891e-05,3.9005e-05,3.2378e-20,-3.9661e-13,5.5516e-10,-1.4515e-08,0.0089098,0.021465,-0.00089946,-0.0022881,0.013033,0.026217,-0.00016926,2.6476e-08,2.2466e-07,1.947e-07,1.5267e-08,1.1305e-14,-3.9211e-15,-6.198e-20,-1.8331e-16,-9.9921e-05,-0.00013643,-2.2102e-21,-1.7196e-20,4.9075e-20,-1.2705e-08,-2.3691e-08,-8.032e-15,0.0069409,0.0081124,-0.00011716,-0.00011922,3.0019e-05,3.6074e-05,-1.1379e-20
-2.716e-23,1.4781e-06,1.3983e-06,1.9147e-14,-6.6867e-12,-4.0768e-12,-2.9505e-16,3.0722e-18,-0.0021927,-0.0016608,-2.7498e-08,-3.2298e-08,-1.0432e-08,-1.031e-16,-9.1432e-13,2.8098e-13,1.1714e-16,3.3759e-17,-5.6136e-05,-1.9542e-05,-8.7844e-14,0.0030767,0.0017168,7.3565e-05,-0.00067461,-0.00025219,0.00017432,-0.00089258,-0.00043047,0.042474,0.014926,-0.0010619,-1.2766e-05,-2.0214e-06,2.5433e-06,1.042e-06,-4.3274e-10,-2.4228e-10,-5.045e-05,-2.7051e-06,-7.5892e-07,-1.0605e-05,-2.1441e-06,1.4911e-05,3.3287e-07,-5.4252e-08,-9.1124e-09,-4.1568e-11,-0.00092264,0.022741,0.0037843,0.00028501,3.2925e-05,2.1831e-06,6.5353e-05,2.6423e-05,-0.00014537,-1.8978e-05,0.0005236,0.01056,0.050578,0.0066041,-0.00011333,-0.0031883,-0.0027124,0.078941,0.0033938,0.0044401,0.0050991,0.0050992,0.0097467,0.0058472,3.6533e-17,0.0048735,1.4503e-14,-1.9597e-19,1.0207e-15,5.2308e-05,0.0013425,-0.0023501,-1.3844e-05,-1.0012e-06,2.5345e-07,4.5916e-11,4.8201e-12,-1.3536e-11,0.00046353,0.0041558,8.2756e-19,3.2245e-19,0.000596,0.0040235,-7.4412e-18,-8.6315e-21,-3.7708e-20,5.6826e-19,0.00079472,0.0042731,-1.1454e-13,-1.3292e-12,-9.9852e-14,1.957e-13,-2.0152e-20,-4.3365e-05,-0.00015505,-1.9442e-07,-7.8637e-07,-8.9686e-10,-2.2972e-09,-1.8753e-05,-5.2658e-05,4.0138e-20,7.6462e-14,-1.0703e-10,-5.6341e-09,0.015627,0.038478,0.0013573,0.0032358,-0.0018949,-0.0037973,3.0141e-05,-3.5712e-08,-3.0329e-07,-2.6134e-07,-2.9434e-09,-2.1796e-15,7.5595e-16,8.3061e-20,2.4747e-16,0.00013489,0.00018419,1.6597e-20,-2.956e-20,7.5814e-20,1.7152e-08,3.1983e-08,1.0846e-14,0.012237,0.014355,0.00015817,0.00016095,-5.7875e-06,-6.9548e-06,-3.6586e-20
-2.0329e-23,4.4668e-07,4.2308e-07,5.7867e-15,-1.1915e-11,-7.2663e-12,-8.4738e-17,5.5158e-18,-0.0016268,-0.00065232,-8.3104e-09,-9.7612e-09,-3.1528e-09,-1.8319e-16,-2.7556e-13,8.4449e-14,6.1784e-17,-4.7172e-17,-0.00010003,-3.482e-05,-2.6624e-14,0.018396,0.0095183,0.00013101,-0.00071718,3.7553e-05,5.2684e-05,-0.00026976,-0.0001301,0.25096,0.10452,0.00053238,-2.2747e-05,-3.6019e-06,3.4186e-07,3.9422e-07,-7.7108e-10,-4.317e-10,-9.0354e-05,-4.8447e-06,-2.2989e-07,-3.2054e-06,-6.8726e-07,2.6565e-05,5.9309e-07,-1.4408e-08,-2.7341e-09,-7.4069e-11,-0.001159,0.0029976,0.00044121,0.00050785,5.8667e-05,3.8899e-06,5.0446e-05,5.7749e-05,-0.00025718,-3.3815e-05,0.00093298,0.072931,0.01218,0.0013815,-3.4266e-05,-0.00096358,-0.00037209,0.0091898,0.00038237,0.027224,0.027863,0.027864,0.055288,0.02809,8.6731e-18,0.027645,4.381e-15,2.9554e-19,3.0847e-16,1.5815e-05,0.00040587,-0.00071024,-4.184e-06,-3.0259e-07,7.6638e-08,1.3877e-11,1.4538e-12,-4.091e-12,0.0027715,0.024848,9.8868e-19,2.6555e-18,0.0035636,0.024057,3.811e-19,3.5618e-19,-1.9769e-19,3.0125e-18,0.0047518,0.022923,-3.4614e-14,-4.017e-13,-1.7792e-13,3.4871e-13,-1.2822e-21,-1.3106e-05,-4.6859e-05,-5.8757e-08,-2.3766e-07,-2.7105e-10,-6.9425e-10,-3.3415e-05,-9.3828e-05,-9.1717e-21,2.3108e-14,-3.2347e-11,-1.6259e-08,0.0018161,0.0044833,0.0082165,0.019405,-0.00060968,-0.0012311,4.8094e-06,-6.3626e-08,-5.4042e-07,-4.653e-07,-8.8955e-10,-6.5871e-16,2.2846e-16,1.3717e-19,4.4093e-16,0.00024036,0.00032819,-4.7324e-21,-8.3353e-21,8.3857e-21,3.0562e-08,5.6989e-08,1.9323e-14,0.0014226,0.0016695,0.00028184,0.00028678,-1.7491e-06,-2.1019e-06,-1.0813e-20
3.9887e-22,-4.393e-07,-4.1956e-07,-5.694e-15,8.0344e-11,4.9001e-11,5.241e-17,-3.6173e-17,0.011684,0.010079,8.1775e-09,9.6051e-09,3.1024e-09,1.2347e-15,2.6581e-13,-7.984e-14,-2.4405e-16,4.4576e-16,0.0006745,0.0002348,2.6729e-14,0.0087329,0.0024404,-0.00067343,0.01394,0.0066393,-5.1841e-05,0.00026544,0.00012802,0.1189,0.12316,0.030582,0.00015339,2.4288e-05,2.6235e-06,-9.3794e-07,5.1996e-09,2.9111e-09,0.00060982,3.2698e-05,2.2987e-07,3.1564e-06,9.487e-07,-0.00017913,-3.9993e-06,3.8679e-10,2.5524e-09,4.9947e-10,0.018214,0.0011745,-0.00042771,-0.0034246,-0.0003956,-2.623e-05,-0.00026252,-0.00040196,0.0017321,0.00022802,-0.0058713,0.076869,0.00050499,-0.0013902,3.3827e-05,0.00094817,-0.0027387,-0.0089629,-0.00036654,0.014994,0.013152,0.013152,0.02616,0.01293,-1.1895e-17,0.01308,-4.3135e-15,1.2847e-19,-3.036e-16,-1.5607e-05,-0.00040031,0.0006989,4.1171e-06,2.9775e-07,-7.5688e-08,-1.3655e-11,-1.4098e-12,4.0255e-12,0.0013157,0.011796,-1.1072e-17,7.757e-18,0.0016917,0.01142,3.0233e-18,-1.4013e-19,-1.3834e-19,1.4436e-18,0.0022557,0.010806,3.4058e-14,3.9514e-13,1.1998e-12,-2.3514e-12,5.0812e-21,1.2896e-05,4.611e-05,5.7818e-08,2.3386e-07,2.6672e-10,6.8314e-10,0.00022532,0.00063271,2.0865e-20,-2.2739e-14,3.183e-11,1.1695e-07,-0.0017612,-0.0043487,0.0039083,0.0092161,0.00085649,0.0017901,2.509e-05,4.2904e-07,3.6442e-06,3.1372e-06,8.7532e-10,6.4817e-16,-2.2478e-16,-1.0207e-18,-2.9736e-15,-0.0016208,-0.0022131,-1.0657e-19,1.903e-20,-9.2375e-21,-2.0609e-07,-3.8429e-07,-1.303e-13,-0.0013798,-0.0016193,-0.0019005,-0.0019339,1.7211e-06,2.0683e-06,6.6697e-20
6.2745e-22,1.4717e-07,1.4914e-07,1.9148e-15,-1.9624e-10,-1.1969e-10,6.3008e-17,9.458e-17,0.012268,0.010167,-2.7504e-09,-3.2306e-09,-1.0435e-09,-3.0156e-15,-7.6222e-14,1.8819e-14,5.3385e-16,-1.134e-15,-0.0016475,-0.00053245,-1.0297e-14,-0.0025439,0.0065607,0.0044525,0.014967,0.0068876,1.7436e-05,-8.9279e-05,-4.3057e-05,-0.034629,0.084047,0.037948,-0.00025149,-5.9325e-05,-8.1815e-06,1.6718e-06,-1.27e-08,-7.1103e-09,-0.0014486,-3.8818e-05,-8.6348e-08,-1.0673e-06,-9.9091e-07,0.00043752,9.7684e-06,3.3877e-08,-5.1821e-10,-1.2199e-09,0.019695,0.0045664,0.00014321,0.0092325,0.0010664,6.4068e-05,0.00061327,0.00098631,-0.0041477,-0.00055695,0.021102,0.034731,0.0030805,0.00055705,-1.1644e-05,-0.00031891,0.0094966,0.0031444,0.00011325,-0.008517,-0.0038292,-0.0038289,-0.0076178,-0.0037542,3.4526e-18,-0.003809,1.4505e-15,2.6831e-20,1.0212e-16,5.3594e-06,0.00013694,-0.00023511,-1.3847e-06,-1.0015e-07,2.6138e-08,4.5926e-12,4.231e-13,-1.3539e-12,-0.00038326,-0.0034361,2.6225e-17,-1.5086e-17,-0.00049279,-0.0033268,1.0715e-18,3.8025e-19,2.8609e-20,-4.2201e-19,-0.0006571,-0.0031457,-1.145e-14,-1.3258e-13,-2.9304e-12,5.7433e-12,-5.6287e-21,-4.3375e-06,-1.5509e-05,-1.9446e-08,-7.8655e-08,-8.9707e-11,-2.2977e-10,-0.00055036,-0.0015043,-3.3344e-20,7.6479e-15,-1.0705e-11,-2.8829e-07,0.00059177,0.0014626,-0.0011387,-0.0026848,-0.00092074,-0.0020292,-8.1982e-05,-1.0479e-06,-8.9009e-06,-7.6624e-06,-2.944e-10,-2.1798e-16,7.5513e-17,2.5003e-18,7.2632e-15,0.0043685,0.0059648,7.3014e-19,1.7912e-19,5.9294e-20,5.0337e-07,9.3863e-07,3.1825e-13,0.00046408,0.00054464,0.0051223,0.0052123,-5.7888e-07,-6.9564e-07,-9.354e-20
8.9378e-23,-9.8436e-09,-1.3782e-08,-1.3128e-16,8.8232e-11,5.3812e-11,-3.9244e-17,-4.1979e-17,-0.0005185,-0.00042732,1.8877e-10,2.2173e-10,7.1615e-11,1.3558e-15,-5.9139e-16,2.2582e-15,-2.3633e-16,5.1305e-16,0.00074257,0.0016212,1.287e-15,0.0001746,0.019181,0.0099365,-0.00063498,-0.00029087,-1.1967e-06,6.1275e-06,2.9551e-06,0.0023767,0.038981,0.020121,0.0042583,2.6673e-05,3.7864e-06,-7.1401e-07,5.7101e-09,3.1969e-09,0.0020345,0.001399,9.917e-09,7.5746e-08,3.6483e-07,-0.00019657,-4.248e-06,-1.735e-08,-1.1476e-10,5.485e-10,-0.00083637,-0.00021481,-9.5444e-06,0.025043,0.0028893,-2.8806e-05,-0.00027404,-0.00044345,0.004633,0.00025103,0.052853,0.0060937,0.0012649,-7.7758e-05,9.1714e-07,2.1888e-05,0.026521,1.0655e-05,-3.3427e-06,0.0027692,0.00026296,0.00026279,0.00052283,0.00025766,-2.3527e-19,0.00026143,-9.9535e-17,-1.6126e-20,-7.0062e-18,-4.1657e-07,-1.0415e-05,1.6155e-05,9.5038e-08,6.8733e-09,-2.0946e-09,-3.152e-13,-6.477e-15,9.2926e-14,2.6304e-05,0.00023583,-1.1793e-17,6.5711e-18,3.3822e-05,0.00022833,-6.5606e-19,-1.113e-19,-1.7349e-22,4.1935e-20,4.5099e-05,0.0002159,7.8291e-16,8.9581e-15,1.3176e-12,-2.5823e-12,-4.2295e-22,2.977e-07,1.0644e-06,1.3347e-09,5.3983e-09,6.1569e-12,1.577e-11,0.00024807,0.0020608,2.5105e-19,-5.2496e-16,7.3475e-13,1.2978e-07,-4.0351e-05,-0.00010039,7.8155e-05,0.00018427,0.00034354,0.00077165,3.8119e-05,4.7116e-07,4.002e-06,3.4451e-06,2.0206e-11,1.5037e-17,-5.4783e-18,1.3941e-20,-3.2634e-15,0.011815,0.016133,9.1156e-19,2.3128e-19,1.0505e-19,-2.2632e-07,-4.2202e-07,-1.4309e-13,-3.1851e-05,-3.7381e-05,0.013854,0.014097,3.9731e-08,4.7744e-08,-3.2748e-19
-3.3581e-23,-1.5168e-08,-6.3787e-08,-2.3815e-16,9.756e-10,5.9501e-10,-4.5211e-16,-4.6375e-16,-0.00094658,-0.00078013,3.4462e-10,4.0479e-10,1.3073e-10,1.4992e-14,-6.4516e-14,4.2796e-14,-2.6048e-15,5.6736e-15,0.016523,0.010024,8.6395e-15,0.00031875,0.0048751,0.0024207,-0.0011592,-0.00053102,-2.1847e-06,1.1186e-05,5.395e-06,0.004339,0.0056978,0.045282,0.019774,0.00029493,4.2046e-05,-7.8324e-06,6.3138e-08,3.5349e-08,0.019214,0.0050745,6.1581e-08,1.6548e-07,3.8998e-06,-0.0015284,0.00059816,-1.9537e-07,-1.8473e-09,6.0649e-09,-0.0015267,-0.00039413,-1.4323e-05,0.0063303,0.00072532,-0.00031851,-0.0030273,-0.0036133,0.050569,0.0055477,0.013023,0.020326,0.0037153,-0.00057257,2.9594e-06,3.9958e-05,0.0066191,-0.00061039,4.2163e-05,0.049056,0.00048164,0.00047975,0.0009545,0.00047039,-3.6912e-19,0.00047726,-1.8177e-16,-1.2348e-20,-1.2794e-17,-1.2915e-06,-3.0088e-05,2.9693e-05,1.735e-07,1.2548e-08,-7.1e-09,-5.7538e-13,2.3398e-13,1.6965e-13,4.8022e-05,0.00043054,-1.2987e-16,7.2918e-17,6.1746e-05,0.00041684,-8.0195e-18,-1.5678e-18,-5.2756e-21,1.6757e-19,8.2333e-05,0.00039415,1.399e-15,1.4813e-14,1.4569e-11,-2.8553e-11,2.6419e-22,5.4349e-07,1.9432e-06,2.4366e-09,9.8553e-09,1.124e-11,2.879e-11,0.0055197,0.019776,6.1086e-19,-9.5798e-16,1.3414e-12,1.4352e-06,-7.0784e-05,-0.00018327,0.00014268,0.00033641,0.007382,0.016528,0.00042359,5.2097e-06,4.4251e-05,3.8093e-05,3.6889e-11,2.7327e-17,-9.5492e-18,-9.8934e-18,-3.6104e-14,0.0029343,0.0040065,3.9491e-19,4.0225e-20,2.4001e-20,-2.5025e-06,-4.6664e-06,-1.5822e-12,-5.8149e-05,-6.8243e-05,0.0034406,0.003501,7.2533e-08,8.7163e-08,-1.2995e-19
5.615e-23,-3.0331e-09,1.9185e-07,1.2483e-16,-3.8424e-09,-2.3434e-09,1.7929e-15,1.8258e-15,0.00052064,0.00042909,-1.8956e-10,-2.2264e-10,-7.1841e-11,-5.9044e-14,2.9295e-13,-1.805e-13,1.0265e-14,-2.2343e-14,0.011348,0.0065289,-3.0297e-14,-0.00017532,-0.0026367,-0.0012782,0.00063761,0.00029207,1.2016e-06,-6.1528e-06,-2.9673e-06,-0.0023865,-0.0028454,0.10617,0.033763,-0.00018735,-0.00016572,3.0806e-05,-2.4867e-07,-1.3922e-07,0.01284,0.0031294,-2.1032e-07,-2.0138e-07,-1.5269e-05,0.014702,0.0042453,7.7181e-07,7.663e-09,-2.3887e-08,0.00083914,0.00022477,-4.7074e-06,-0.0036928,-0.00040578,0.0012544,0.014741,0.03219,0.03257,0.0036366,-0.006795,0.032615,-0.0035002,0.0026473,-6.8434e-06,-2.1978e-05,-0.0034565,0.0013385,-0.00021908,0.033053,-0.00027135,-0.00026387,-0.00052499,-0.00025872,2.6272e-19,-0.00026251,9.997e-17,-3.1071e-20,7.0447e-18,2.8653e-06,6.1493e-05,-1.7146e-05,-9.5431e-08,-6.9017e-09,1.7201e-08,3.1622e-13,-1.1263e-12,-9.3311e-14,-2.6413e-05,-0.0002368,5.1178e-16,-2.8692e-16,-3.3961e-05,-0.00022927,3.1891e-17,6.1763e-18,2.7191e-21,-4.5503e-19,-4.5285e-05,-0.00021679,-6.4633e-16,-1.8927e-15,-5.7378e-11,1.1245e-10,-2.8409e-22,-2.9893e-07,-1.0688e-06,-1.3402e-09,-5.4206e-09,-6.1823e-12,-1.5835e-11,0.0037908,0.013226,-1.8047e-18,5.263e-16,-7.3779e-13,-5.6529e-06,2.7237e-05,0.0001008,-7.8478e-05,-0.00018503,0.0050408,0.010953,-0.0014746,-2.0518e-05,-0.00017428,-0.00015003,-2.0289e-11,-1.5033e-17,5.2542e-18,4.0038e-17,1.4219e-13,-0.0015318,-0.0020915,1.3196e-19,3.5077e-20,7.696e-21,9.8559e-06,1.8378e-05,6.2314e-12,3.1983e-05,3.7535e-05,-0.0017961,-0.0018276,-3.9895e-08,-4.7942e-08,4.7072e-20
-5.1684e-23,1.9625e-08,-3.0555e-07,-1.8954e-17,6.3956e-09,3.9006e-09,-2.9871e-15,-3.0391e-15,-0.00012178,-0.00010037,4.4352e-11,5.2076e-11,1.6702e-11,9.8279e-14,-4.9663e-13,3.0321e-13,-1.7082e-14,3.7192e-14,-0.0020767,-0.0011871,4.9563e-14,4.1008e-05,0.00076338,0.00032563,-0.00014914,-6.8317e-05,-2.8107e-07,1.4392e-06,6.9407e-07,0.00055822,0.00066556,0.10006,0.075429,0.016479,0.00027587,-5.1266e-05,4.139e-07,2.3173e-07,-0.0023419,-0.00056471,3.426e-07,2.3062e-07,2.5395e-05,0.021444,0.0051,-1.2852e-06,-1.2845e-08,3.9759e-08,-0.00019528,-6.5859e-05,2.2029e-05,0.0015039,0.00013966,-0.0020529,0.021229,0.047879,0.0021304,-0.00043604,0.0015894,0.021508,0.022959,0.0051483,1.0273e-05,5.1407e-06,0.00080848,-0.0019425,0.00039967,-0.0060988,7.4167e-05,6.1721e-05,0.0001228,6.0517e-05,-8.0066e-20,6.1401e-05,-2.3394e-17,5.1095e-20,-1.6597e-18,-4.2536e-06,-8.9116e-05,5.3641e-06,2.2322e-08,1.6143e-09,-2.6132e-08,-7.3547e-14,1.9223e-12,2.1828e-14,6.1781e-06,5.539e-05,-8.5184e-16,4.7755e-16,7.9437e-06,5.3627e-05,-5.3178e-17,-1.0266e-17,-1.0288e-21,7.1645e-19,1.0592e-05,5.0708e-05,-5.3705e-17,-9.9578e-15,9.5505e-11,-1.8718e-10,8.1589e-23,6.9921e-08,2.5e-07,3.1347e-10,1.2679e-09,1.4461e-12,3.7038e-12,-0.00069376,-0.0024127,2.5502e-18,-1.2188e-16,1.7257e-13,9.4092e-06,1.3076e-05,-2.3578e-05,1.8356e-05,4.3279e-05,-0.00092186,0.0016372,0.0057976,3.4153e-05,0.00029009,0.00024972,4.7458e-12,3.5151e-18,-1.2287e-18,-6.6883e-17,-2.3668e-13,0.00035829,0.00048922,8.2674e-20,8.9201e-21,1.2036e-21,-1.6405e-05,-3.0591e-05,-1.0372e-11,-7.4809e-06,-8.7796e-06,0.00042012,0.00042749,9.3315e-09,1.1214e-08,-1.5883e-20
-7.7145e-23,1.9094e-08,-2.6832e-07,5.9692e-18,5.6509e-09,3.4464e-09,-2.6397e-15,-2.6852e-15,-1.7992e-05,-1.4828e-05,6.5646e-12,7.6932e-12,2.3803e-12,8.6835e-14,-4.3989e-13,2.6824e-13,-1.5092e-14,3.2862e-14,-0.00030683,-0.00017538,4.3687e-14,6.0587e-06,0.00023834,7.0926e-05,-2.2034e-05,-1.0093e-05,-4.1527e-08,2.1263e-07,1.0255e-07,8.2474e-05,9.8332e-05,0.0062874,0.11088,0.040298,0.00024375,-4.5295e-05,3.6571e-07,2.0475e-07,-0.00034581,-8.3278e-05,3.0181e-07,1.9118e-07,2.2436e-05,0.0014535,0.00033661,-1.1356e-06,-1.136e-08,3.5129e-08,-2.7997e-05,-2.1104e-05,2.1171e-05,0.0007702,5.8946e-05,0.0012404,0.0037577,0.0050497,0.023475,0.0010608,0.00023482,0.0012218,0.079864,0.003179,8.9426e-06,7.5951e-07,0.00011945,0.0013685,0.0023275,-0.00095498,2.0116e-05,9.1189e-06,1.8143e-05,8.941e-06,-2.4281e-20,9.0717e-06,-3.4554e-18,4.9054e-20,-2.5121e-19,-3.6962e-06,-7.7147e-05,1.9514e-06,3.2979e-09,2.3851e-10,-2.2788e-08,-1.0508e-14,1.7042e-12,3.2265e-15,9.1278e-07,8.1835e-06,-7.5265e-16,4.2194e-16,1.1736e-06,7.9231e-06,-4.699e-17,-9.0719e-18,-4.5123e-22,6.2772e-19,1.565e-06,7.4918e-06,-1.8333e-16,-1.0375e-14,8.4384e-11,-1.6538e-10,4.7311e-24,1.033e-08,3.6936e-08,4.6314e-11,1.8733e-10,2.1365e-13,5.4722e-13,-0.0001025,-0.00035646,2.2048e-18,-1.6981e-17,2.5496e-14,8.3136e-06,1.8581e-05,-3.4835e-06,2.712e-06,6.3943e-06,-0.0001362,0.0095859,0.019468,3.0176e-05,0.00025631,0.00022065,7.0116e-13,5.1598e-19,-1.7872e-19,-5.9109e-17,-2.0912e-13,5.2936e-05,7.2279e-05,4.5321e-20,1.1347e-21,-4.5137e-21,-1.4495e-05,-2.7029e-05,-9.1644e-12,-1.1053e-06,-1.2971e-06,6.207e-05,6.316e-05,1.3787e-09,1.6572e-09,-3.3174e-21
4.4542e-22,-1.9878e-07,2.7474e-06,-1.0092e-16,-5.7922e-08,-3.5326e-08,2.7057e-14,2.7524e-14,2.7679e-05,2.2812e-05,-1.0222e-11,-1.1828e-11,-2.7486e-12,-8.9006e-13,4.5107e-12,-2.7501e-12,1.547e-13,-3.3683e-13,0.00047201,0.0002698,-4.4761e-13,-9.3206e-06,-0.0010836,0.00024858,3.3897e-05,1.5528e-05,6.3884e-08,-3.271e-07,-1.5776e-07,-0.00012688,-0.00015127,-0.0096112,0.019624,0.014581,-0.001902,0.0010607,-3.7485e-06,-2.0987e-06,0.00053003,0.00012649,-3.092e-06,-1.9376e-06,-0.00022996,-0.0022449,-0.00052645,1.164e-05,1.1646e-07,-3.6008e-07,3.4131e-05,0.00015144,-0.00021999,-0.0069176,-0.00049145,0.041937,0.023711,-0.0031028,0.010842,0.0006264,-0.00036124,-0.0018655,0.051501,0.0021065,-9.1427e-05,-1.1684e-06,-0.00018376,0.041751,0.0029283,0.0020331,-0.00012675,-1.4028e-05,-2.791e-05,-1.3755e-05,1.8678e-19,-1.3956e-05,5.3175e-18,-4.9495e-19,4.9915e-19,3.7778e-05,0.00078797,-1.5125e-05,-5.0734e-09,-3.6692e-10,2.3306e-07,1.2423e-14,-1.7478e-11,-4.9804e-15,-1.4042e-06,-1.2589e-05,7.7147e-15,-4.3248e-15,-1.8055e-06,-1.2189e-05,4.8167e-16,9.2993e-17,8.5392e-23,-6.4299e-18,-2.4075e-06,-1.1525e-05,2.1168e-15,1.0911e-13,-8.6494e-10,1.6952e-09,-5.6383e-24,-1.5892e-08,-5.6821e-08,-7.1248e-11,-2.8818e-10,-3.2867e-13,-8.4183e-13,0.00015768,0.00054838,-2.1744e-17,1.5427e-17,-3.9223e-14,-8.5215e-05,-0.00020275,5.3589e-06,-4.1721e-06,-9.8368e-06,0.00020953,0.0042699,0.0077013,0.0002878,-0.0020301,-0.0022616,-1.0787e-12,-8.0263e-19,2.7448e-19,6.0588e-16,2.1435e-12,-8.1436e-05,-0.00011119,-4.3044e-21,1.1377e-20,3.3771e-20,0.00014857,0.00027704,9.3935e-11,1.7003e-06,1.9955e-06,-9.5488e-05,-9.7164e-05,-2.1209e-09,-2.5535e-09,9.6028e-22
-1.2536e-21,5.55e-07,-7.6516e-06,2.9797e-16,1.6134e-07,9.8402e-08,-7.5369e-14,-7.6667e-14,-1.0606e-05,-8.7414e-06,4.2657e-12,4.5128e-12,-1.528e-12,2.4793e-12,-1.2566e-11,7.6606e-12,-4.3091e-13,9.3826e-13,-0.00018087,-0.00010339,1.2468e-12,3.5716e-06,0.010046,0.0060189,-1.2989e-05,-5.9501e-06,-2.448e-08,1.2534e-07,6.0459e-08,4.8618e-05,5.7967e-05,0.0036824,0.044768,-0.0013736,0.013522,0.0036671,1.0442e-05,5.8459e-06,-0.00019757,-4.388e-05,8.612e-06,5.388e-06,0.00064056,0.00092044,0.00023458,-3.2425e-05,-3.2441e-07,1.003e-06,1.2188e-05,-0.00039433,0.00061406,0.021475,0.0014998,0.038544,0.024046,0.0026491,-0.0037572,-0.00022092,0.00013843,0.00071504,0.0081722,0.0025538,0.00025457,4.4773e-07,7.0415e-05,0.052914,0.0015371,-0.0022493,0.00036206,5.3756e-06,1.0695e-05,5.2707e-06,-4.836e-19,5.3477e-06,-2.0421e-18,1.387e-18,-4.5673e-19,-0.00010518,-0.0021338,4.0063e-05,1.9441e-09,1.406e-10,-6.4896e-07,5.8194e-15,4.8689e-11,1.956e-15,5.3808e-07,4.8242e-06,-2.1489e-14,1.2047e-14,6.9186e-07,4.6707e-06,-1.3417e-15,-2.5903e-16,3.3517e-23,1.7907e-17,9.2255e-07,4.4164e-06,-5.9973e-15,-3.0509e-13,2.4093e-09,-4.722e-09,3.6436e-24,6.0897e-09,2.1774e-08,2.7302e-11,1.1043e-10,1.2595e-13,3.2259e-13,-6.0423e-05,-0.00021014,6.0758e-17,2.4317e-17,1.503e-14,0.00023737,0.00056998,-2.0535e-06,1.5988e-06,3.7694e-06,-8.029e-05,-0.0015184,-0.0027571,0.0060897,0.013424,0.0071567,4.1334e-13,2.8866e-19,-6.5091e-20,-1.6877e-15,-5.9708e-12,3.1206e-05,4.2609e-05,3.3065e-21,-1.7846e-20,-8.0588e-20,-0.00028975,-0.00064761,-2.6166e-10,-6.5157e-07,-7.6466e-07,3.6591e-05,3.7233e-05,8.1273e-10,9.8992e-10,-1.2234e-21
8.1744e-22,-4.6532e-07,6.413e-06,-2.5166e-16,-1.3523e-07,-8.2475e-08,6.317e-14,6.4259e-14,1.3144e-06,1.0833e-06,-8.1736e-13,-5.4291e-13,2.327e-12,-2.078e-12,1.0532e-11,-6.4207e-12,3.6117e-13,-7.864e-13,2.2415e-05,1.2813e-05,-1.045e-12,-4.4262e-07,0.018933,0.0098042,1.6097e-06,7.3738e-07,3.0336e-09,-1.5533e-08,-7.4987e-09,-6.0251e-06,-7.1837e-06,-0.00045588,0.13284,0.050759,0.038744,0.0052151,-8.7516e-06,-4.8997e-06,1.9897e-05,1.6365e-06,-7.2181e-06,-4.5149e-06,-0.00053688,-0.00016391,-5.627e-05,2.7177e-05,2.7191e-07,-8.4067e-07,-2.2435e-05,0.00032737,-0.00051054,0.050333,0.0034043,-0.0031945,-0.0020208,-0.00028685,0.00046562,2.7376e-05,-1.7155e-05,-8.8756e-05,-0.00028791,-0.00099984,-0.00020955,-5.5486e-08,-8.7263e-06,0.021996,-0.00011453,0.0047637,0.0008134,-6.6618e-07,-1.3254e-06,-6.5319e-07,4.0391e-19,-6.6273e-07,2.8042e-19,-1.2218e-18,5.1999e-19,8.899e-05,0.0033712,-3.3343e-05,-2.4093e-10,-1.7424e-11,5.439e-07,-9.4828e-15,-4.0809e-11,-2.8172e-16,-6.6675e-08,-5.9785e-07,1.8011e-14,-1.0097e-14,-8.574e-08,-5.7882e-07,1.1246e-15,2.1711e-16,1.0477e-23,-1.5008e-17,-1.1433e-07,-5.4732e-07,5.0382e-15,2.5584e-13,-2.0194e-09,3.9577e-09,7.7252e-25,-7.5468e-10,-2.6983e-09,-3.3835e-12,-1.3685e-11,-1.5608e-14,-3.9977e-14,7.4881e-06,2.6041e-05,-5.0888e-17,-2.8059e-17,-1.8627e-15,-0.00019895,-0.00047832,2.5448e-07,-1.9813e-07,-4.6713e-07,9.9501e-06,0.00022385,0.00044467,0.010023,0.026763,0.016334,-5.1223e-14,-1.3117e-19,7.8969e-20,1.4146e-15,5.0045e-12,-3.8672e-06,-5.2803e-06,-1.0495e-19,3.3422e-19,4.6897e-19,0.0034875,0.0037902,2.1931e-10,8.076e-08,9.4762e-08,-4.5345e-06,-4.6141e-06,-1.0072e-10,-1.3215e-10,3.034e-22
6.1424e-21,-2.147e-06,2.9588e-05,-1.1624e-15,-6.2391e-07,-3.8052e-07,2.9145e-13,2.9647e-13,1.0231e-06,8.4323e-07,-1.9357e-12,-3.4906e-13,1.1432e-11,-9.5873e-12,4.8591e-11,-2.9623e-11,1.6663e-12,-3.6282e-12,1.7448e-05,9.9732e-06,-4.8211e-12,-3.4454e-07,0.0035806,0.0018157,1.253e-06,5.7397e-07,2.361e-09,-1.2088e-08,-5.8646e-09,-4.6898e-06,-5.592e-06,-0.00035274,0.026634,0.12963,0.052504,0.0074906,-4.0377e-05,-2.2606e-05,-5.1562e-06,-1.5835e-05,-3.3302e-05,-2.083e-05,-0.002477,-0.00035191,-0.00016622,0.00012539,1.2545e-06,-3.8786e-06,-0.00011164,0.0015083,0.00048591,0.014349,0.00065798,-0.0024866,-0.001573,-0.00022328,0.00036245,2.1304e-05,-1.3353e-05,-6.9732e-05,0.00099527,-0.0025506,0.0015665,-4.319e-08,-6.7925e-06,0.0022319,-8.9146e-05,0.025847,0.00015703,-5.1855e-07,-1.0317e-06,-5.0844e-07,1.8589e-18,-5.1587e-07,3.7349e-19,-5.8399e-18,3.4586e-18,0.00096562,0.024405,-0.00015368,-1.8754e-10,-1.3563e-11,2.5094e-06,-4.6815e-14,-1.8828e-10,-3.9628e-16,-5.1865e-08,-4.6536e-07,8.3099e-14,-4.6585e-14,-6.674e-08,-4.5055e-07,5.1884e-15,1.0017e-15,3.3219e-24,-6.9242e-17,-8.8992e-08,-4.2603e-07,2.3252e-14,1.1805e-12,-9.3167e-09,1.826e-08,1.8394e-24,-5.8744e-10,-2.1004e-09,-2.6339e-12,-1.0653e-11,-1.2149e-14,-3.1118e-14,5.8287e-06,2.0271e-05,-2.3482e-16,-1.3455e-16,-1.4502e-15,-0.00091789,-0.0022072,1.9809e-07,-1.5422e-07,-3.6361e-07,7.7451e-06,0.00033478,0.00080965,0.0018598,0.0050995,0.0031611,-3.9872e-14,-2.3031e-20,3.7388e-20,6.5264e-15,2.3089e-11,-3.0102e-06,-4.1102e-06,-3.0647e-19,1.2496e-18,1.9292e-18,0.012633,0.015919,1.0118e-09,6.2918e-08,7.3762e-08,-3.5297e-06,-3.5916e-06,-7.84e-11,-1.4549e-10,7.6814e-22
-1.2489e-20,1.005e-05,-0.0001385,5.4424e-15,2.9206e-06,1.7813e-06,-1.3643e-12,-1.3878e-12,-6.7806e-07,-5.5883e-07,7.5644e-12,-1.2418e-13,-5.4085e-11,4.488e-11,-2.2746e-10,1.3867e-10,-7.8004e-12,1.6984e-11,-1.1563e-05,-6.6094e-06,2.2568e-11,2.2835e-07,-0.00229,-0.0011601,-8.3042e-07,-3.8036e-07,-1.5629e-09,7.9986e-09,4.0205e-09,3.1073e-06,3.7068e-06,0.00022357,-0.017085,0.06725,0.079549,0.025398,0.00018901,0.00010582,0.00010321,9.32e-05,0.00015589,9.7506e-05,0.015218,0.002683,0.0011458,-0.00058695,-5.8725e-06,1.8156e-05,0.00052924,-0.0070589,0.030678,-0.0016088,-0.00041993,0.0016479,0.0010424,0.00014797,-0.00024026,-1.4093e-05,8.8471e-06,4.9333e-05,0.011967,0.034351,0.020056,2.8623e-08,4.5015e-06,-0.0013685,5.9079e-05,0.014761,-0.00010053,3.4366e-07,6.8367e-07,3.3697e-07,-8.6369e-18,3.4188e-07,2.1155e-19,2.3369e-17,2.2985e-18,0.00057493,0.014258,0.00071925,1.2429e-10,8.9885e-12,-1.1747e-05,2.2165e-13,8.8138e-10,1.1182e-15,3.4209e-08,3.084e-07,-3.89e-13,2.1807e-13,4.423e-08,2.9859e-07,-2.4288e-14,-4.689e-15,-3.1908e-24,3.2413e-16,5.8977e-08,2.8234e-07,-1.0885e-13,-5.526e-12,4.3613e-08,-8.5477e-08,2.3653e-24,3.8931e-10,1.392e-09,1.7467e-12,7.0605e-12,8.0516e-15,2.0623e-14,-3.8628e-06,-1.3434e-05,1.0993e-15,6.3405e-16,9.6263e-16,0.0056326,0.013545,-1.3128e-07,1.0221e-07,2.4098e-07,-5.1328e-06,-0.00099792,-0.0027772,-0.0011884,-0.0032627,-0.002024,2.6424e-14,5.4388e-20,-5.3166e-21,-3.0551e-14,-1.0808e-10,1.9947e-06,2.7239e-06,-1.7689e-19,6.7238e-19,1.0899e-18,0.0069562,0.0089123,-4.7365e-09,-4.1966e-08,-4.8884e-08,2.3392e-06,2.3802e-06,5.1957e-11,3.0249e-10,2.9962e-22
4.2619e-20,-1.9811e-05,0.00027302,-1.0728e-14,-5.7571e-06,-3.5112e-06,2.6893e-12,2.7357e-12,1.8571e-07,1.5306e-07,-1.4492e-11,7.3693e-13,1.0677e-10,-8.8467e-11,4.4837e-10,-2.7335e-10,1.5376e-11,-3.3479e-11,3.167e-06,1.8101e-06,-4.4487e-11,-6.2578e-08,0.00062721,0.00031774,2.2748e-07,1.0413e-07,4.2456e-10,-2.1661e-09,-1.3658e-09,-8.497e-07,-1.017e-06,-4.1059e-05,0.0046891,-0.014822,0.081624,0.025421,-0.00037258,-0.0002086,-0.00022558,-0.00018905,-0.00030729,-0.0001922,0.020857,0.014371,0.0040908,0.001157,1.1576e-05,-3.579e-05,-0.0010451,0.015179,0.041375,0.0041732,0.00011239,-0.00045134,-0.00028551,-4.0528e-05,6.5921e-05,3.8081e-06,-2.4189e-06,-1.968e-05,0.041198,0.046592,0.023085,-7.8394e-09,-1.2329e-06,0.00037481,-1.6181e-05,-0.0032932,2.754e-05,-9.4123e-08,-1.8714e-07,-9.2314e-08,1.7032e-17,-9.3635e-08,-4.1922e-19,-4.6963e-17,-2.8153e-19,-0.0001289,-0.0031896,-0.0013895,-3.4041e-11,-2.4618e-12,2.3155e-05,-4.3762e-13,-1.7374e-09,-1.9979e-15,-9.0465e-09,-8.4466e-08,7.6679e-13,-4.2986e-13,-1.2114e-08,-8.1779e-08,4.7876e-14,9.2429e-15,6.1205e-25,-6.3893e-16,-1.6153e-08,-7.7328e-08,2.1457e-13,1.0893e-11,-8.597e-08,1.6849e-07,-7.5604e-24,-1.0663e-10,-3.8124e-10,-4.8055e-13,-1.9353e-12,-2.2052e-15,-5.6482e-15,1.058e-06,3.6793e-06,-2.1671e-15,-1.25e-15,-2.6072e-16,0.0076496,0.018395,3.5956e-08,-2.7993e-08,-6.5999e-08,1.4058e-06,0.0019225,0.0055223,0.00032547,0.00089364,0.00055443,-7.2372e-15,-1.5374e-20,1.6495e-21,6.0222e-14,2.1305e-10,-5.4595e-07,-7.4604e-07,4.137e-20,-1.5535e-19,-2.3748e-19,-0.001545,-0.0019836,9.3366e-09,1.2024e-08,1.3389e-08,-6.4067e-07,-6.5191e-07,-1.423e-11,-4.903e-10,-6.2877e-23
1.9136e-20,-5.1043e-06,7.0343e-05,-2.7642e-15,-1.4833e-06,-9.0466e-07,6.9291e-13,7.0485e-13,7.7693e-09,6.4041e-09,-3.7192e-12,2.0701e-13,2.7515e-11,-2.2794e-11,1.1552e-10,-7.0428e-11,3.9616e-12,-8.6259e-12,1.3252e-07,7.5701e-08,-1.1462e-11,-2.6273e-09,2.6241e-05,1.3293e-05,9.5287e-09,4.3454e-09,1.6886e-11,-8.4458e-11,-1.2348e-10,-3.5211e-08,-4.2999e-08,3.3383e-06,0.0001986,-0.0006201,0.039251,0.0089152,-9.5996e-05,-5.3745e-05,-5.8892e-05,-4.8896e-05,-7.9174e-05,-4.9521e-05,0.00048894,0.024064,0.0058614,0.0002981,2.9825e-06,-9.2212e-06,-0.00026933,0.07401,0.017204,0.0031677,4.0441e-06,-1.8882e-05,-1.1945e-05,-1.6956e-06,2.7872e-06,1.4637e-07,-1.0016e-07,-2.3693e-06,0.081349,0.0077977,0.00050035,-3.2798e-10,-5.1582e-08,1.5681e-05,-6.7697e-07,-0.00013778,1.1534e-06,-3.9378e-09,-7.8024e-09,-3.8683e-09,4.3883e-18,-3.9174e-09,-1.082e-19,-1.2088e-17,-4.9179e-20,-5.3929e-06,-0.00013344,0.0012092,-1.4245e-12,-1.03e-13,5.9659e-06,-1.1278e-13,-4.4763e-10,-5.0758e-16,-2.9756e-10,-3.5336e-09,1.9756e-13,-1.1075e-13,-5.0681e-10,-3.4214e-09,1.2335e-14,2.3814e-15,3.5292e-25,-1.6462e-16,-6.758e-10,-3.2352e-09,5.5285e-14,2.8065e-12,-2.215e-08,4.3412e-08,1.1922e-23,-4.461e-12,-1.595e-11,-2.0647e-14,-8.1348e-14,-9.226e-17,-2.3631e-16,4.4262e-08,1.5393e-07,-5.5832e-16,-3.222e-16,-1.0979e-17,0.00016963,0.00040792,1.5044e-09,-1.1713e-09,-2.7612e-09,5.8815e-08,0.0068475,0.019769,1.3617e-05,3.7396e-05,2.3217e-05,-3.0279e-16,1.1988e-20,9.4334e-22,1.5516e-14,5.4893e-11,-2.2748e-08,-3.1212e-08,2.3657e-21,-3.1382e-21,5.7192e-21,-6.4641e-05,-8.2989e-05,2.4056e-09,6.3591e-10,5.6014e-10,-2.6804e-08,-2.7274e-08,-5.9535e-13,-1.2264e-10,-1.5681e-24
-1.5884e-19,0.0012938,-0.0019311,7.5882e-14,4.0721e-05,2.4835e-05,-1.9022e-11,-1.935e-11,-3.3181e-08,-2.7374e-08,1.0204e-10,-5.7599e-12,-7.5538e-10,6.2574e-10,-3.1714e-09,1.9334e-09,-1.0876e-10,2.368e-10,-5.6662e-07,-3.2259e-07,3.1466e-10,1.1477e-08,-0.00011209,-5.6786e-05,-4.102e-08,-1.8254e-08,-4.7876e-11,1.9014e-10,2.3633e-09,1.4106e-07,1.9611e-07,-0.00015419,-0.00091556,0.0026486,0.0064677,0.047218,0.013755,0.0049379,0.0016202,0.0013431,0.0021735,0.0013595,-0.002758,0.0077264,0.0021486,-0.0081836,0.0010724,0.00025314,0.017052,0.094548,0.025891,0.0042676,9.2966e-07,8.0643e-05,5.1026e-05,7.2431e-06,-1.2717e-05,-2.6686e-07,3.9914e-07,5.2904e-05,0.09504,0.0023127,-0.0021359,1.401e-09,2.2035e-07,-6.6986e-05,2.8919e-06,0.00058868,-4.9623e-06,1.6822e-08,3.2583e-08,1.6694e-08,-1.2049e-16,1.6734e-08,2.9718e-18,3.3272e-16,-8.5963e-19,2.3037e-05,0.00057005,0.022758,6.0929e-12,4.3997e-13,-0.00016378,3.0961e-12,1.2289e-08,1.3902e-14,-9.6822e-10,1.5088e-08,-5.4236e-12,3.0405e-12,2.165e-09,1.4615e-08,-3.3863e-13,-6.5376e-14,7.174e-25,4.5192e-15,2.8869e-09,1.382e-08,-1.5177e-12,-7.7046e-11,6.0807e-07,-1.1918e-06,3.3232e-22,1.9056e-11,6.8135e-11,1.0319e-13,3.5805e-13,3.9411e-16,1.0095e-15,-1.8908e-07,-6.5757e-07,1.5327e-14,8.8457e-15,4.6746e-17,-0.00072415,-0.0017414,-6.4305e-09,5.0063e-09,1.1793e-08,-2.5125e-07,0.0023069,0.0066658,-5.8169e-05,-0.00015998,-9.9771e-05,1.2934e-15,7.9253e-22,-5.683e-22,-4.2596e-13,-1.507e-09,9.4582e-08,1.3333e-07,-7.4264e-21,2.7981e-20,4.5708e-20,0.00027613,0.00035449,-6.6039e-08,-6.3933e-09,-2.3928e-09,1.145e-07,1.1651e-07,2.543e-12,3.35e-09,1.0938e-23
1.6594e-18,0.0081116,0.0072069,-2.4104e-13,-0.00012935,-7.8888e-05,6.0422e-11,6.1463e-11,1.4518e-08,1.2052e-08,-3.2408e-10,1.8335e-11,2.3994e-09,-1.9876e-09,1.0074e-08,-6.1414e-09,3.4546e-10,-7.5219e-10,2.5005e-07,1.3884e-07,-9.995e-10,-5.8542e-09,4.9127e-05,2.4887e-05,1.8999e-08,6.9988e-09,-5.7678e-11,4.7003e-10,-6.9888e-09,-3.1502e-08,-1.2623e-07,0.00052132,0.00061906,-0.0011599,-0.0022111,0.12024,0.073374,0.020918,-0.0046262,-0.0034637,-0.0061009,-0.0037828,0.0039189,-0.0039038,-0.0017626,0.030576,0.010174,0.00011478,0.04523,0.052236,0.021153,0.0028793,-5.9443e-05,-3.5286e-05,-2.2363e-05,-3.1744e-06,8.2008e-06,-1.0453e-06,-8.1757e-08,-0.00016192,0.038478,0.011759,0.0009361,-6.1389e-10,-9.6571e-08,2.9358e-05,-1.2674e-06,-0.00025831,2.2885e-06,-7.3723e-09,-1.1858e-08,-7.8674e-09,3.8272e-16,-7.3341e-09,-9.6942e-18,-1.056e-15,-7.9569e-19,-1.0097e-05,-0.00024983,0.018509,-2.6959e-12,-1.9283e-13,0.00052023,-9.8346e-12,-3.9034e-08,-4.4142e-14,7.686e-09,-6.5918e-09,1.7228e-11,-9.6579e-12,-9.4878e-10,-6.4041e-09,1.0756e-12,2.0766e-13,-1.8459e-24,-1.4355e-14,-1.2652e-09,-6.0569e-09,4.8209e-12,2.4473e-10,-1.9315e-06,3.7856e-06,1.4681e-22,-8.3517e-12,-2.9861e-11,-9.385e-14,-1.9114e-13,-1.7273e-16,-4.4241e-16,8.2867e-08,2.8819e-07,-4.8686e-14,-2.8098e-14,-2.0529e-17,0.00031737,0.0007632,2.8308e-09,-2.2034e-09,-5.1629e-09,1.1011e-07,-0.00092803,-0.0026817,2.5493e-05,7.0869e-05,4.5646e-05,-5.6686e-16,1.4219e-21,8.4113e-22,1.353e-12,4.7868e-09,-3.305e-08,-5.8435e-08,2.8042e-21,-1.448e-20,-1.8334e-20,-0.00012102,-0.00015528,2.0977e-07,1.4725e-08,1.0487e-09,-5.0182e-08,-5.1063e-08,-1.1139e-12,-1.0633e-08,-4.7134e-24
2.5592e-18,0.010859,0.014049,2.8594e-13,0.00015344,9.3585e-05,-7.1679e-11,-7.2914e-11,-2.4561e-09,-2.1268e-09,3.8445e-10,-2.1757e-11,-2.8465e-09,2.3579e-09,-1.1951e-08,7.2856e-09,-4.0982e-10,8.9233e-10,-4.4816e-08,-2.076e-08,1.1857e-09,1.9723e-09,-8.4069e-06,-4.2589e-06,-4.4538e-09,-1.858e-11,1.0251e-10,-7.3211e-10,8.2067e-09,-3.0318e-08,6.9045e-08,-0.00062358,-0.00036243,0.00019738,0.00018363,0.12215,0.094962,0.035114,0.016679,0.02124,0.024432,0.015944,0.0075159,0.007367,0.0071057,0.060229,0.037071,0.019365,0.056472,0.010904,0.0015385,-0.00038573,7.9697e-05,5.9711e-06,3.8269e-06,5.4322e-07,-4.4976e-06,1.5476e-06,-9.5738e-08,0.00019109,0.043739,0.017102,-0.00016019,1.049e-10,1.6527e-08,-5.0238e-06,2.1688e-07,4.4572e-05,-5.2555e-07,1.2616e-09,-8.2365e-10,1.9949e-09,-4.5403e-16,1.2551e-09,1.1444e-17,1.2529e-15,1.069e-19,1.7278e-06,4.2753e-05,-0.0022708,4.914e-13,3.2997e-14,-0.00061226,1.1667e-11,4.6306e-08,5.2364e-14,-9.8671e-09,1.1033e-09,-2.0437e-11,1.1457e-11,1.6229e-10,1.0945e-09,-1.276e-12,-2.4635e-13,2.4584e-24,1.7029e-14,2.1651e-10,1.0365e-09,-5.7191e-12,-2.9033e-10,2.2914e-06,-4.4908e-06,-2.1386e-22,1.4292e-12,5.11e-12,7.3323e-14,7.3001e-14,2.9558e-17,7.5707e-17,-1.4181e-08,-4.9316e-08,5.7757e-14,3.3333e-14,3.5062e-18,-5.431e-05,-0.0001306,-4.9921e-10,3.8799e-10,8.7678e-10,-1.8843e-08,0.00015881,0.00045891,-4.3626e-06,-1.3017e-05,-1.0071e-05,9.7004e-17,1.7745e-23,3.8435e-23,-1.6051e-12,-5.6785e-09,-4.2394e-09,9.9997e-09,-6.1861e-22,1.0516e-21,2.9116e-21,2.0709e-05,2.6483e-05,-2.4885e-07,-1.6561e-08,-1.7946e-10,8.5874e-09,8.7381e-09,1.8985e-13,1.2612e-08,1.3713e-24
9.2327e-19,0.0014544,0.0019896,6.937e-13,0.00037226,0.00022704,-1.7389e-10,-1.7689e-10,-9.4581e-10,-1.0283e-09,9.3268e-10,-5.2785e-11,-6.9055e-09,5.7203e-09,-2.8992e-08,1.7675e-08,-9.9422e-10,2.1648e-09,-2.3241e-08,-1.502e-09,2.8765e-09,3.0968e-09,-3.4653e-06,-1.7555e-06,-4.666e-09,2.767e-09,2.6025e-10,-1.8353e-09,1.9881e-08,-9.6529e-08,1.4011e-07,-0.0015145,-0.00075298,7.8774e-05,-0.00038256,0.015271,0.014841,0.02964,0.070481,0.07721,0.099751,0.063991,0.0055309,0.024049,0.025563,0.01019,0.063995,0.053481,0.033136,0.025026,0.0034533,-0.00025389,0.00019646,2.3033e-06,1.5774e-06,2.2392e-07,-9.1355e-06,3.8588e-06,-2.9768e-07,0.00046325,0.17736,0.017773,-6.6031e-05,4.2889e-11,6.8159e-09,-2.0708e-06,8.94e-08,1.924e-05,-5.3178e-07,5.2003e-10,-7.0529e-09,2.3485e-09,-1.1015e-15,5.1733e-10,2.7746e-17,3.0396e-15,5.0784e-20,7.1219e-07,1.7623e-05,-0.00093602,2.7331e-13,1.3602e-14,-0.00034866,2.8304e-11,1.1234e-07,1.2703e-13,-2.4192e-08,3.9673e-10,-4.9581e-11,2.7795e-11,6.6742e-11,4.4775e-10,-3.0957e-12,-5.9765e-13,4.6949e-24,4.1313e-14,8.9241e-11,4.2717e-10,-1.3874e-11,-7.0434e-10,5.5589e-06,-1.0895e-05,-9.1399e-22,5.8911e-13,2.1063e-12,1.6498e-13,1.2491e-13,1.2184e-17,3.1207e-17,-5.8453e-09,-2.0328e-08,1.4012e-13,8.0866e-14,1.4473e-18,-2.2387e-05,-5.3835e-05,-2.4056e-10,1.8566e-10,3.4558e-10,-7.7671e-09,6.5462e-05,0.00018916,-1.7983e-06,-7.4591e-06,-9.47e-06,3.9984e-17,1.0014e-22,-6.2809e-23,-3.894e-12,-1.3776e-08,-2.5033e-08,4.1219e-09,-2.7226e-22,7.7519e-22,1.4937e-21,8.5364e-06,1.0705e-05,-6.0371e-07,-3.987e-08,-7.3972e-11,3.5397e-09,3.6018e-09,7.6467e-14,3.0597e-08,-1.0581e-23
-1.8863e-19,-0.0011794,-0.0016436,-4.0537e-12,-0.0021753,-0.0013267,1.0162e-09,1.0337e-09,3.9602e-10,1.7803e-09,-5.4503e-09,3.0846e-10,4.0354e-08,-3.3428e-08,1.6942e-07,-1.0329e-07,5.8099e-09,-1.265e-08,4.8312e-08,-4.1238e-08,-1.681e-08,-1.6369e-08,2.9211e-06,1.4798e-06,2.0983e-08,-1.9048e-08,-1.5327e-09,1.0786e-08,-1.1615e-07,5.876e-07,-7.907e-07,0.012288,0.0059215,-5.0814e-05,0.0030832,-0.011351,0.004478,0.011935,0.03486,0.037614,0.049177,0.031244,0.0015748,0.010925,0.014619,-0.0061491,0.02752,0.025154,0.0079064,0.012713,0.0063375,0.00078566,-0.0011512,-9.894e-07,-1.3297e-06,-1.8875e-07,5.1567e-05,-2.2657e-05,1.8065e-06,-0.0024278,0.1068,0.0044914,5.5661e-05,-3.4031e-11,-5.7658e-09,1.7456e-06,-7.536e-08,-2.1445e-05,2.3468e-06,-4.3836e-10,4.6389e-08,-1.1174e-08,6.4367e-15,-4.3609e-10,-1.6213e-16,-1.7763e-14,-1.6878e-20,-6.0034e-07,-1.4855e-05,0.00078902,-6.5664e-13,-1.1466e-14,0.017762,-1.654e-10,-6.5647e-07,-7.4234e-13,1.4163e-07,1.5394e-11,2.8974e-10,-1.6243e-10,-5.5325e-11,-3.5699e-10,1.809e-11,3.4925e-12,-3.0592e-23,-2.4142e-13,-7.5201e-11,-3.5973e-10,8.1078e-11,4.1159e-09,-3.2484e-05,6.3665e-05,3.8688e-21,-4.966e-13,-1.7756e-12,-9.5087e-13,-6.7651e-13,-1.027e-17,-2.6306e-17,4.9272e-09,1.7136e-08,-8.1881e-13,-4.7256e-13,-1.2201e-18,1.8871e-05,4.538e-05,4.1233e-10,-3.1152e-10,-1.9593e-10,6.5473e-09,-5.5181e-05,-0.00015945,1.5158e-06,1.8899e-05,4.0024e-05,-3.3711e-17,-7.8515e-22,-2.5569e-22,2.2755e-11,8.0503e-08,1.6138e-07,-3.4746e-09,1.802e-22,-7.4271e-22,-1.18e-21,-7.1958e-06,-7.7488e-06,3.5279e-06,2.3267e-07,6.2355e-11,-2.9838e-09,-3.0362e-09,-5.3678e-14,-1.788e-07,-2.9101e-24
6.7678e-20,0.00032535,0.00051744,9.2495e-12,0.0054053,0.0032952,-2.3186e-09,-2.3586e-09,7.976e-10,-2.6602e-09,1.2436e-08,-7.0382e-10,-9.2075e-08,7.6272e-08,-3.8657e-07,2.3567e-07,-1.3257e-08,2.8864e-08,-8.1223e-08,1.1068e-07,3.8355e-08,3.6776e-08,-9.1962e-07,-4.6587e-07,-4.5794e-08,4.4417e-08,3.501e-09,-2.463e-08,2.6501e-07,-1.3485e-06,1.7948e-06,0.014551,0.0069926,-1.9834e-05,-0.0073159,0.00078294,0.018207,0.00023593,-0.0093034,-0.010021,-0.013119,-0.0078648,-0.00035783,0.0086237,0.0021183,0.0019766,-0.0072204,-0.006674,-0.0018559,0.0087359,0.0014394,-0.0013175,0.0028611,-1.877e-06,4.1861e-07,5.9422e-08,-0.00011706,5.1732e-05,-4.1442e-06,0.0096377,-0.0043995,0.0078481,-1.7523e-05,5.8358e-12,1.8619e-09,-5.4949e-07,2.3725e-08,1.8765e-05,-5.1025e-06,1.38e-10,-1.0756e-07,2.4651e-08,-1.4687e-14,1.3729e-10,3.6993e-16,4.0529e-14,2.0369e-20,1.89e-07,4.6767e-06,-0.0002484,1.1864e-12,3.6095e-15,0.019743,3.7739e-10,1.4979e-06,1.6938e-12,-3.2325e-07,-8.0889e-10,-6.6109e-10,3.7061e-10,1.5266e-11,6.5402e-11,-4.1276e-11,-7.9688e-12,6.4196e-23,5.5085e-13,2.3617e-11,1.1243e-10,-1.85e-10,-9.3913e-09,7.4119e-05,-0.00014527,-1.0084e-20,1.5634e-13,5.5897e-13,2.1652e-12,1.5259e-12,3.2333e-18,8.2815e-18,-1.551e-09,-5.3945e-09,1.8683e-12,1.0782e-12,3.8517e-19,-5.9407e-06,-1.4286e-05,-6.1145e-10,4.5437e-10,-1.5753e-10,-2.0612e-09,1.7372e-05,5.0199e-05,-4.7722e-07,-3.4937e-05,-8.6245e-05,1.0604e-17,-1.9398e-21,-6.3439e-22,-5.1921e-11,-1.8369e-07,-3.7323e-07,1.0939e-09,-6.5399e-23,2.9076e-22,1.3313e-22,2.2654e-06,-4.9047e-07,-8.0496e-06,-5.3079e-07,-1.9631e-11,9.3936e-10,9.5582e-10,-7.8785e-15,4.0797e-07,-2.9686e-23
9.0285e-20,-1.2572e-06,-1.8848e-05,-2.1653e-12,0.015967,0.0096806,5.4278e-10,5.5213e-10,-2.4054e-10,5.7837e-10,-2.9112e-09,1.6476e-10,2.1554e-08,-1.7855e-08,9.0494e-08,-5.5169e-08,3.1033e-09,-6.757e-09,1.8096e-08,-2.6433e-08,-8.9786e-09,-8.5909e-09,3.3499e-08,1.697e-08,1.0654e-08,-1.0428e-08,-8.1969e-10,5.7664e-09,-6.2037e-08,3.1593e-07,-4.1987e-07,-0.00031378,-0.00015259,8.9388e-06,0.0017226,0.00061186,-0.00043396,3.1039e-05,0.00033889,0.00036503,0.0004779,0.00018151,6.741e-06,0.024211,0.0059332,-7.2e-05,0.00026302,0.00024311,6.7606e-05,0.025429,0.01475,0.0098079,0.0084257,5.702e-07,-1.5248e-08,-2.1646e-09,2.7384e-05,-1.2111e-05,9.7083e-07,0.022975,0.00042958,0.023599,6.3831e-07,9.0592e-13,-7.8534e-11,2.0003e-08,-8.6417e-10,-3.4383e-06,1.1865e-06,-5.027e-12,2.5234e-08,-5.7439e-09,3.4381e-15,-5.001e-12,-8.6598e-17,-9.4877e-15,4.8187e-22,-6.8846e-09,-1.7035e-07,9.0483e-06,-2.6787e-13,-1.3168e-16,-0.0004222,-8.8345e-11,-3.5065e-07,-3.9651e-13,7.5673e-08,2.1384e-10,1.5476e-10,-8.6758e-11,-6.2884e-14,8.3914e-12,9.6626e-12,1.8655e-12,-5.0559e-23,-1.2895e-13,-8.4721e-13,-3.9087e-12,4.3307e-11,2.1985e-09,-1.7351e-05,3.4006e-05,3.5299e-20,-5.6948e-15,-2.0362e-14,-5.0673e-13,-3.5664e-13,-1.1779e-19,-3.0166e-19,5.6461e-11,1.9649e-10,-4.3735e-13,-2.5241e-13,-1.4272e-20,2.1636e-07,5.203e-07,1.3272e-10,-9.8253e-11,5.6005e-11,7.5083e-11,-6.3285e-07,-1.8286e-06,1.7383e-08,7.9196e-06,2.0029e-05,-4.0029e-19,-2.5337e-21,6.188e-22,1.2154e-11,4.3e-08,8.753e-08,-3.9845e-11,2.1524e-23,-1.733e-23,-3.2618e-23,-8.252e-08,6.8972e-07,1.8844e-06,1.2425e-07,7.1507e-13,-3.4218e-11,-3.4813e-11,5.9686e-15,-9.5504e-08,2.1686e-22
-2.818e-19,0.0021665,-7.3155e-05,-5.1754e-11,0.0043491,0.0025447,1.2974e-08,1.3197e-08,-5.9479e-09,1.3661e-08,-6.9583e-08,3.9381e-09,5.1519e-07,-4.2677e-07,2.163e-06,-1.3187e-06,7.4175e-08,-1.6151e-07,4.2914e-07,-6.3374e-07,-2.1461e-07,-2.0527e-07,1.3002e-07,6.5865e-08,2.5441e-07,-2.4936e-07,-1.9593e-08,1.3783e-07,-1.4828e-06,7.5524e-06,-1.0035e-05,-0.0012178,-0.00063402,0.00022951,0.077665,0.033628,-0.0016843,0.00012047,0.0013153,0.0014168,0.0018548,-0.0017847,-0.00012306,0.0068325,0.0018119,-0.00027945,0.0010208,0.00094357,0.00026239,0.013326,0.064943,0.047459,0.0022497,1.4111e-05,-5.9168e-08,-8.4012e-09,0.00065446,-0.00028949,2.3208e-05,0.0043136,0.0011371,0.0066345,2.4774e-06,3.0036e-11,-5.5878e-10,7.7335e-08,-3.3533e-09,-7.8661e-05,2.833e-05,-1.9511e-11,6.0334e-07,-1.3719e-07,8.2177e-14,-1.941e-11,-2.0699e-15,-2.2678e-13,2.6078e-20,-2.6721e-08,-6.6119e-07,3.5119e-05,-6.3664e-12,-5.1056e-16,-0.0016387,-2.1116e-09,-8.3812e-06,-9.4775e-12,1.8087e-06,5.2015e-09,3.699e-09,-2.0737e-09,1.145e-11,2.8802e-10,2.3096e-10,4.4588e-11,-4.9625e-22,-3.0822e-12,-2.9776e-12,-1.0738e-11,1.0351e-09,5.2548e-08,-0.00041472,0.00081282,1.1347e-19,-2.2103e-14,-7.9028e-14,-1.2111e-11,-8.5224e-12,-4.572e-19,-1.1709e-18,2.1826e-10,7.6213e-10,-1.0454e-11,-6.0331e-12,-6.0818e-20,8.3871e-07,2.0172e-06,3.1337e-09,-2.3185e-09,1.4092e-09,2.9142e-10,-2.4572e-06,-7.0964e-06,6.7468e-08,0.00018834,0.00047814,-1.5498e-18,-7.8565e-21,3.3814e-21,2.9052e-10,1.0278e-06,2.0927e-06,-1.5465e-10,1.9903e-23,-3.1406e-22,1.1128e-21,-3.2028e-07,1.8607e-05,4.504e-05,2.9699e-06,2.7754e-12,-1.3281e-10,-1.35e-10,1.5788e-13,-2.2827e-06,1.2535e-22
-4.3628e-19,0.01136,3.7112e-05,1.8896e-10,-0.0013385,-0.00027675,-4.7369e-08,-4.8185e-08,2.1838e-08,-4.9777e-08,2.5406e-07,-1.4379e-08,-1.8811e-06,1.5582e-06,-7.8974e-06,4.8146e-06,-2.7083e-07,5.8969e-07,-1.5648e-06,2.3151e-06,7.8357e-07,7.4944e-07,-6.5958e-08,-3.3414e-08,-9.2875e-07,9.1052e-07,7.1537e-08,-5.0325e-07,5.414e-06,-2.7575e-05,3.6638e-05,0.00061782,0.00097376,-0.00035241,0.056774,0.025468,0.00085445,-6.1116e-05,-0.00066727,-0.00071874,-0.00094097,0.012652,0.00076663,-0.0032606,-0.00086912,0.00014177,-0.00051787,-0.00047868,-0.00013311,0.054491,0.043486,0.032306,-0.00080052,-5.1818e-05,2.9966e-08,4.262e-09,-0.0022354,0.0013769,-8.4736e-05,0.02462,0.0019238,-0.0031653,-1.2568e-06,-1.1478e-10,1.2367e-09,-3.8097e-08,1.6984e-09,0.00028506,-0.00010342,9.8981e-12,-2.203e-06,5.0085e-07,-3.0004e-13,9.8471e-12,7.5574e-15,8.28e-13,-1.0303e-19,1.3556e-08,3.3542e-07,-1.7816e-05,2.3222e-11,2.5921e-16,0.00083134,7.7099e-09,3.0601e-05,3.4604e-11,-6.6041e-06,-1.9047e-08,-1.3506e-08,7.5714e-09,-4.9702e-11,-1.1049e-09,-8.4326e-10,-1.628e-10,1.9035e-21,1.1254e-11,3.449e-13,-1.1187e-11,-3.7794e-09,-1.9186e-07,0.0020099,-0.0029677,-3.8873e-20,1.1213e-14,4.0091e-14,4.422e-11,3.1116e-11,2.3204e-19,5.9395e-19,-1.0743e-10,-3.8484e-10,3.8168e-11,2.2028e-11,5.1339e-20,-4.2166e-07,-1.0152e-06,-1.1418e-08,8.4471e-09,-5.1882e-09,-1.4784e-10,1.2501e-06,3.5975e-06,-3.4225e-08,-0.00068707,-0.0017454,8.3331e-19,3.0119e-20,2.9281e-21,-1.0607e-09,-3.7526e-06,-7.6412e-06,7.8455e-11,-3.8091e-22,8.8864e-22,-4.3561e-21,1.6248e-07,-6.9229e-05,-0.00016445,-1.0843e-05,-1.408e-12,6.7374e-11,6.8064e-11,-5.8571e-13,8.3347e-06,-6.5856e-22
-7.3386e-19,0.013484,-7.9279e-06,-2.8513e-10,0.0080938,0.0075543,7.1476e-08,7.2707e-08,-3.2977e-08,7.5089e-08,-3.8336e-07,2.1696e-08,2.8384e-06,-2.3512e-06,1.1917e-05,-7.2649e-06,4.0866e-07,-8.8979e-07,2.3608e-06,-3.4935e-06,-1.1823e-06,-1.1308e-06,1.409e-08,7.1379e-09,1.4014e-06,-1.3739e-06,-1.0794e-07,7.5937e-07,-8.1693e-06,4.161e-05,-5.5283e-05,-0.00013198,0.0077282,0.0094021,-0.008761,-0.0041649,-0.00018253,1.3056e-05,0.00014254,0.00015354,0.00020101,0.02239,0.0013405,0.00069654,0.00018566,-3.0285e-05,0.00011063,0.00010226,2.8436e-05,0.075775,-0.006946,-0.005567,-0.00023383,7.825e-05,-6.3253e-09,-9.1045e-10,0.0062454,0.0035666,0.00012786,0.060624,0.0049119,0.00067618,2.6848e-07,1.7426e-10,-1.6982e-09,6.4308e-09,-3.5869e-10,-0.00040316,0.00016152,-2.1144e-12,3.3242e-06,-7.5574e-07,4.5274e-13,-2.104e-12,-1.1404e-14,-1.2494e-12,1.575e-19,-2.8958e-09,-7.1654e-08,3.8059e-06,-3.5036e-11,-5.5849e-17,-0.00017763,-1.1634e-08,-4.6175e-05,-5.2215e-11,9.965e-06,2.8751e-08,2.0379e-08,-1.1425e-08,7.6646e-11,1.6784e-09,1.2724e-09,2.4565e-10,3.4761e-21,-1.6981e-11,1.6799e-12,2.7414e-11,5.7028e-09,2.895e-07,0.0057181,0.0046352,-4.3764e-19,-2.3952e-15,-8.5643e-15,-6.6725e-11,-4.6951e-11,-5.1491e-20,-1.2708e-19,1.7997e-11,7.9516e-11,-5.7593e-11,-3.3238e-11,-4.1779e-20,8.4331e-08,2.0466e-07,1.7225e-08,-1.2742e-08,7.8377e-09,3.1581e-11,-2.7241e-07,-7.6465e-07,7.3077e-09,0.001073,0.002726,3.634e-20,9.1846e-20,3.3388e-20,1.6006e-09,5.6624e-06,1.153e-05,-1.676e-11,-1.9806e-22,-1.7821e-21,6.0666e-21,-3.4709e-08,0.00010473,0.00024814,1.6362e-05,3.0077e-13,-1.4393e-11,-1.3902e-11,8.8574e-13,-1.2576e-05,-2.1211e-21
-3.5192e-19,0.0011808,-1.7183e-06,-3.6631e-10,0.016329,0.014418,9.1824e-08,9.3407e-08,-4.237e-08,9.6463e-08,-4.925e-07,2.7873e-08,3.6464e-06,-3.0206e-06,1.5309e-05,-9.3332e-06,5.25e-07,-1.1431e-06,3.0328e-06,-4.4882e-06,-1.519e-06,-1.4528e-06,3.054e-09,1.5471e-09,1.8004e-06,-1.7651e-06,-1.3868e-07,9.7555e-07,-1.0495e-05,5.3456e-05,-7.1022e-05,-2.8606e-05,0.016975,0.025312,0.00081491,-0.00090273,-3.9563e-05,2.8298e-06,3.0896e-05,3.3279e-05,4.3568e-05,0.0020794,0.00012428,0.00015097,4.0242e-05,-6.5641e-06,2.3978e-05,2.2164e-05,6.1634e-06,0.0067598,-0.0014394,-0.0011092,-0.00055434,0.00010054,-1.2763e-09,-1.9734e-10,0.025028,0.0033952,0.00016426,0.049386,0.00046578,0.00014656,5.8193e-08,2.2405e-10,-2.152e-09,-7.3055e-10,-7.2605e-11,0.0025215,0.00083459,-4.583e-13,4.2706e-06,-9.7089e-07,5.8163e-13,-4.5655e-13,-1.465e-14,-1.6051e-12,2.027e-19,-6.2765e-10,-1.5531e-08,8.2492e-07,-4.501e-11,-1.2657e-17,-3.8542e-05,-1.4946e-08,-5.9321e-05,-6.708e-11,1.2802e-05,3.6939e-08,2.6181e-08,-1.4677e-08,9.8758e-11,2.1581e-09,1.6347e-09,3.1559e-10,-1.8435e-22,-2.1815e-11,2.5457e-12,3.7074e-11,7.3264e-09,3.7192e-07,0.0062544,0.02395,5.2517e-19,-5.1914e-16,-1.8562e-15,-8.5721e-11,-6.0318e-11,-1.2155e-20,-2.7603e-20,-2.2615e-12,1.3882e-11,-7.3989e-11,-4.2701e-11,-4.7396e-20,1.113e-08,2.9158e-08,2.2127e-08,-1.6369e-08,1.0071e-08,6.845e-12,-6.5704e-08,-1.6095e-07,1.5796e-09,0.005544,0.014085,7.0507e-19,2.5725e-19,2.4678e-20,2.0562e-09,7.2745e-06,1.4813e-05,-3.6326e-12,1.7528e-21,-1.7256e-21,1.9949e-21,-7.5231e-09,0.0001346,0.00031879,2.102e-05,6.5191e-14,-3.1195e-12,-2.2194e-12,1.1382e-12,-1.6157e-05,-1.2234e-20
2.0323e-19,-0.0013944,2.0496e-06,2.9558e-09,0.0063109,0.0055366,-7.4096e-07,-7.5372e-07,3.419e-07,-7.7838e-07,3.9741e-06,-2.2492e-07,-2.9424e-05,2.4374e-05,-0.00012353,7.5312e-05,-4.2364e-06,9.2241e-06,-2.4472e-05,3.6216e-05,1.2257e-05,1.1723e-05,-3.6437e-09,-1.8459e-09,-1.4528e-05,1.4243e-05,1.119e-06,-7.872e-06,8.4687e-05,-0.00043135,0.0005731,3.413e-05,0.0067754,0.010406,0.0036485,0.001077,4.7203e-05,-3.3762e-06,-3.6862e-05,-3.9705e-05,-5.1982e-05,-0.002458,-0.0001469,-0.00018013,-4.8013e-05,7.8316e-06,-2.8609e-05,-2.6444e-05,-7.3536e-06,-0.0074578,0.0011705,0.014219,0.0079901,-0.00081129,7.4003e-10,2.3544e-10,0.010753,0.0010453,-0.00010791,0.012223,-0.00047093,-0.00017486,-6.9435e-08,-1.8082e-09,1.7324e-08,1.8444e-08,4.4114e-11,0.020034,0.00036568,5.468e-13,-3.4461e-05,7.8344e-06,-4.6934e-12,5.49e-13,1.1822e-13,1.2952e-11,-1.6362e-18,7.4885e-10,1.853e-08,-9.8432e-07,3.632e-10,1.9706e-17,4.6332e-05,1.206e-07,0.00047867,5.4129e-10,-0.0001033,-2.9807e-07,-2.1126e-07,1.1843e-07,-7.9731e-10,-1.7417e-08,-1.3191e-08,-2.5466e-09,-4.7158e-22,1.7603e-10,-2.1082e-11,-3.0175e-10,-5.9119e-08,-3.0012e-06,0.0020538,0.010494,-1.4432e-18,6.1959e-16,2.2148e-15,6.9171e-10,4.8672e-10,1.1961e-20,3.2739e-20,5.3671e-11,1.1166e-11,5.9704e-10,3.4457e-10,3.7373e-19,4.5849e-08,9.0947e-08,-1.7855e-07,1.3209e-07,-8.1265e-08,-8.1659e-12,1.335e-07,1.5243e-07,-1.849e-09,0.0024292,0.0061715,1.9761e-19,2.5835e-20,-4.1025e-21,-1.6592e-08,-5.87e-05,-0.00011953,4.3341e-12,-3.001e-21,1.5271e-20,-7.0069e-20,8.9759e-09,-0.0010862,-0.0025724,-0.00016962,-7.778e-14,3.7219e-12,-3.9181e-12,-9.1853e-12,0.00013037,-1.417e-20
1.2657e-20,0.00050062,-7.3459e-07,-7.7136e-09,-0.0019678,-0.0017255,1.9336e-06,1.9669e-06,-8.9224e-07,2.0313e-06,-1.0371e-05,5.8695e-07,7.6786e-05,-6.3607e-05,0.00032238,-0.00019654,1.1055e-05,-2.4071e-05,6.3863e-05,-9.4511e-05,-3.1986e-05,-3.0593e-05,1.3081e-09,6.6267e-10,3.7912e-05,-3.7169e-05,-2.9202e-06,2.0543e-05,-0.000221,0.0011257,-0.0014956,-1.2253e-05,-0.0021204,-0.003267,-0.0012565,-0.00038666,-1.6948e-05,1.2121e-06,1.3233e-05,1.4254e-05,1.8661e-05,0.00088243,5.2739e-05,6.4665e-05,1.7236e-05,-2.8115e-06,1.0271e-05,9.4932e-06,2.6399e-06,0.0013167,0.0012235,0.04864,0.015302,0.0024614,1.8018e-09,-8.4524e-11,-0.0033915,-0.00031647,0.016785,0.00085573,-4.2005e-05,6.2775e-05,2.4938e-08,4.7189e-09,-4.5193e-08,-5.3033e-08,9.6441e-11,0.018328,-0.00011556,-1.963e-13,8.993e-05,-2.0445e-05,1.2248e-11,-2.0842e-13,-3.085e-13,-3.38e-11,4.2701e-18,-2.6884e-10,-6.6522e-09,3.5363e-07,-9.4781e-10,-1.9227e-17,-1.7551e-05,-3.1473e-07,-0.0011158,-1.4126e-09,0.00026958,7.7786e-07,5.5132e-07,-3.0907e-07,2.0808e-09,4.5454e-08,3.4422e-08,6.6456e-09,1.6582e-22,-4.5939e-10,5.5229e-11,7.8846e-10,1.5428e-07,7.8319e-06,-0.0006244,-0.0033164,1.3936e-18,-2.2239e-16,-7.9513e-16,-1.8051e-09,-1.2702e-09,-5.1241e-21,-1.1777e-20,-1.5389e-10,-7.7246e-11,-1.5581e-09,-8.992e-10,-9.7186e-19,-1.7263e-07,-3.6474e-07,4.6595e-07,-3.447e-07,2.1207e-07,2.9292e-12,-1.9346e-07,4.9867e-08,5.6979e-10,-0.00076765,-0.0019503,-1.4844e-19,4.1685e-20,1.3748e-20,4.33e-08,0.00015318,0.00031192,-1.5559e-12,-1.4763e-21,-5.4855e-20,1.6854e-19,-3.2223e-09,0.0031719,0.00767,0.00068488,2.7923e-14,-1.3362e-12,1.8749e-11,2.397e-11,-0.00034023,3.0271e-20
6.0405e-20,-4.8851e-05,7.0884e-08,5.0141e-09,0.00019194,0.00016859,-1.2569e-06,-1.2786e-06,5.7999e-07,-1.3204e-06,6.7415e-06,-3.8154e-07,-4.9914e-05,4.1347e-05,-0.00020956,0.00012978,-7.1863e-06,1.5647e-05,-4.1513e-05,6.1436e-05,2.0792e-05,1.9886e-05,-1.2762e-10,-6.465e-11,-2.4644e-05,2.4161e-05,1.8982e-06,-1.133e-05,0.00014366,-0.00073172,0.00097825,1.1954e-06,0.00020686,0.00031873,0.00012258,3.7723e-05,1.6548e-06,-1.1825e-07,-1.2911e-06,-1.3906e-06,-1.8206e-06,-8.609e-05,-5.1452e-06,-6.3087e-06,-1.6816e-06,2.743e-07,-1.002e-06,-9.2617e-07,-2.5755e-07,0.0017418,0.0047099,0.11482,0.026156,0.008533,-1.5002e-09,8.2462e-12,0.00033087,3.0874e-05,0.077518,0.025107,0.00014018,-6.1243e-06,-2.4399e-09,-3.0675e-09,2.9376e-08,3.4905e-08,-8.1334e-11,-0.0011387,1.1274e-05,1.9151e-14,-5.6578e-05,1.3363e-05,-7.9616e-12,2.7592e-14,2.0054e-13,2.1971e-11,-2.7755e-18,2.6228e-11,6.4899e-10,-3.4666e-08,6.1611e-10,9.4994e-18,2.3e-06,2.0458e-07,0.0046567,9.1821e-10,-0.00017423,-5.0563e-07,-3.5838e-07,2.0091e-07,-1.3526e-09,-2.9547e-08,-2.2376e-08,-4.3199e-09,-1.1425e-23,2.9862e-10,-3.5919e-11,-5.1262e-10,-1.0029e-07,-5.091e-06,5.895e-05,0.00032362,-1.236e-18,2.1666e-17,7.7564e-17,1.1734e-09,8.2565e-10,3.3467e-22,1.1098e-21,1.0126e-10,5.4452e-11,1.0128e-09,5.8451e-10,6.3144e-19,1.1688e-07,2.4832e-07,-3.0289e-07,2.2407e-07,-1.3785e-07,-2.8427e-13,1.121e-07,-7.1865e-08,4.6369e-12,7.4892e-05,0.00019027,-1.5702e-21,2.161e-20,-9.9789e-25,-2.8146e-08,-9.9576e-05,-0.00020276,1.518e-13,7.9441e-21,-8.4731e-20,2.436e-19,3.1437e-10,0.0078667,0.023181,0.0066886,-2.7246e-15,1.3036e-13,-1.2938e-11,-1.5582e-11,0.00022319,5.2001e-21
3.997e-21,-5.5354e-05,7.5026e-08,3.3938e-08,0.000217,0.00019243,-8.5074e-06,-8.654e-06,3.9256e-06,-8.9371e-06,4.563e-05,-2.5824e-06,-0.00033784,0.00027986,-0.0014184,0.0038106,-4.864e-05,0.00010591,-0.00028098,0.00041583,0.00014073,0.0001346,-1.4444e-10,-7.317e-11,-0.0001668,0.00016353,1.2848e-05,0.0028559,0.00097235,-0.0049526,0.015419,1.3529e-06,0.00023412,0.00036074,0.00013873,4.2694e-05,1.8816e-06,-1.3383e-07,-1.4612e-06,-1.5739e-06,-2.0605e-06,-9.7436e-05,-5.8233e-06,-7.1401e-06,-1.9032e-06,3.1044e-07,-1.134e-06,-1.0482e-06,-2.915e-07,0.018033,0.0010946,0.17045,0.049154,0.0091888,-1.0481e-08,9.3329e-12,0.00037447,3.4936e-05,0.15435,0.043234,0.0023205,-6.9314e-06,-2.8073e-09,-2.0762e-08,1.9883e-07,2.3668e-07,-5.6907e-10,-0.0012888,1.276e-05,2.1675e-14,0.0023407,0.00019572,-5.3888e-11,7.9363e-14,1.3573e-12,1.4871e-10,-1.8786e-17,2.9684e-11,7.3452e-10,-4.0332e-08,4.1701e-09,6.1829e-17,6.5012e-06,1.3847e-06,0.023366,6.2149e-09,0.00028134,-3.4224e-06,-2.4257e-06,1.3598e-06,-9.1552e-09,-1.9999e-07,-1.5145e-07,-2.9239e-08,2.0723e-23,2.0212e-09,-2.4314e-10,-3.4697e-09,-6.7878e-07,-3.4458e-05,5.3673e-05,0.0003668,-7.5697e-18,2.4556e-17,8.7794e-17,7.942e-09,5.5884e-09,4.5675e-22,1.292e-21,6.8655e-10,3.7278e-10,6.855e-09,3.9562e-09,4.2736e-18,7.9576e-07,1.6919e-06,-2.0501e-06,1.5166e-06,-9.3306e-07,-3.1176e-13,7.4518e-07,-5.2568e-07,4.0467e-10,8.4763e-05,0.00021535,-4.0086e-21,8.6e-21,-4.8354e-20,-1.9051e-07,-0.00067397,-0.0013724,1.718e-13,-4.1369e-20,8.505e-20,-3.9135e-19,3.558e-10,0.0017349,0.017625,0.01649,-3.0834e-15,1.4754e-13,-8.832e-11,-1.0546e-10,0.0044476,9.7892e-21
-4.6353e-21,3.3545e-05,-2.2137e-08,-1.4509e-07,-0.00012932,-0.00012275,3.6371e-05,3.6998e-05,-1.6783e-05,3.8209e-05,-0.00019508,1.104e-05,0.0014443,-0.0011965,0.0076952,0.0138,0.0027078,0.002047,0.0037011,-0.00094446,0.00023166,-0.00057545,8.6775e-11,4.3959e-11,0.00071311,-0.00069914,-5.4929e-05,0.017423,-0.0037284,0.027357,0.015587,-8.1281e-07,-0.00014066,-0.00021672,-8.335e-05,-2.565e-05,-1.1689e-06,8.0404e-08,8.7786e-07,9.4557e-07,1.2379e-06,5.8538e-05,3.4985e-06,4.2897e-06,1.1434e-06,-1.8651e-07,6.8132e-07,6.2975e-07,1.7513e-07,0.011728,-0.00062432,0.08252,0.039898,0.0037281,4.5052e-08,-5.6071e-12,-0.00022495,-2.096e-05,0.080819,0.021173,0.0015126,4.1643e-06,1.8893e-09,8.8762e-08,-8.5004e-07,-1.0122e-06,2.4466e-09,0.0007743,-7.6661e-06,-1.3022e-14,0.018118,0.00012524,2.3038e-10,-2.6007e-13,-5.8029e-12,-6.3577e-10,8.0323e-17,-1.7833e-11,-4.4129e-10,2.9074e-08,-1.7828e-08,-2.6687e-16,-2.1105e-05,-5.92e-06,0.014119,-2.657e-08,0.015038,1.4631e-05,1.037e-05,-5.8136e-06,3.9141e-08,8.5499e-07,6.4749e-07,1.25e-07,-3.747e-22,-8.641e-09,1.0395e-09,1.4834e-08,2.902e-06,0.00014732,2.5316e-05,-0.00022267,3.2533e-17,-1.475e-17,-5.2742e-17,-3.3954e-08,-2.3892e-08,-8.3216e-23,-7.7797e-22,-2.9361e-09,-1.5968e-09,-2.9307e-08,-1.6914e-08,-1.8271e-17,-3.4055e-06,-7.2416e-06,8.7645e-06,-6.4837e-06,3.9891e-06,1.4331e-13,-3.1758e-06,2.2764e-06,-2.0055e-09,-5.093e-05,-0.00012938,2.8213e-20,-5.3625e-20,2.4535e-19,8.1446e-07,0.0036834,0.0075009,-1.0322e-13,5.0504e-20,6.5278e-20,2.4012e-19,-2.1376e-10,-0.00099853,0.0052962,0.0090374,1.8516e-15,-8.8638e-14,3.7814e-10,4.5088e-10,0.009026,1.7477e-19
-2.8101e-21,-9.0432e-06,-3.6125e-08,2.638e-07,3.0919e-05,4.4164e-05,-6.6127e-05,-6.7267e-05,3.0513e-05,-6.9468e-05,0.00035467,-2.0073e-05,-0.002626,0.0025016,0.010557,0.030651,0.033546,0.034817,0.031649,0.014788,0.012507,0.0011023,-2.2033e-11,-1.1162e-11,-0.0012965,0.0015159,0.00034462,0.016705,0.013794,0.043418,0.005328,2.0638e-07,3.5714e-05,5.5028e-05,2.1163e-05,6.5127e-06,3.6691e-07,-2.0415e-08,-2.2289e-07,-2.4009e-07,-3.1432e-07,-1.4863e-05,-8.883e-07,-1.0892e-06,-2.9032e-07,4.7356e-08,-1.7299e-07,-1.599e-07,-4.4466e-08,-0.0023938,0.00014498,-0.016149,0.012768,-0.00070674,-8.1972e-08,1.4237e-12,5.7066e-05,5.2691e-06,-0.016008,-0.0041505,-0.00030831,-1.0573e-06,-8.4854e-10,-1.6138e-07,1.5455e-06,1.8404e-06,-4.4517e-09,-0.0001966,1.9466e-06,3.3056e-15,0.021004,-2.547e-05,-4.1886e-10,4.5257e-13,1.055e-11,1.1559e-09,-1.4603e-16,4.5272e-12,1.1205e-10,-1.6197e-08,3.2414e-08,4.8358e-16,3.6661e-05,1.0763e-05,-0.002853,4.8308e-08,0.019013,-2.6602e-05,-1.8854e-05,1.057e-05,-7.1163e-08,-1.5545e-06,-1.1772e-06,-2.2727e-07,5.6675e-22,1.571e-08,-1.8899e-09,-2.697e-08,-5.2761e-06,-0.00026784,-0.00011119,6.0741e-05,-5.9142e-17,3.7492e-18,1.3388e-17,6.1732e-08,4.3438e-08,-3.4349e-22,1.9843e-22,5.3384e-09,2.904e-09,5.3283e-08,3.0751e-08,3.3218e-17,6.1924e-06,1.3168e-05,-1.5935e-05,1.1788e-05,-7.2526e-06,4.3685e-14,5.7714e-06,-4.1461e-06,3.7166e-09,1.2942e-05,3.2848e-05,2.7127e-20,-8.5042e-20,3.6589e-19,-1.4808e-06,0.0053722,0.010946,2.6207e-14,-8.9808e-20,-3.5508e-20,-8.532e-19,5.4275e-11,0.00025353,-0.00093403,-0.0018018,-4.7037e-16,2.2505e-14,-6.8765e-10,-8.1975e-10,0.007345,5.8194e-19
3.2922e-22,-1.0974e-06,-2.5457e-08,1.445e-07,1.7781e-06,1.0903e-05,-3.6222e-05,-3.6846e-05,1.6714e-05,-3.8051e-05,0.00019428,-1.0995e-05,-0.0014384,0.02368,0.00029353,0.038081,0.068131,0.073584,0.060826,0.041617,0.0306,0.0044386,-1.9926e-12,-1.0094e-12,-0.00071018,0.017565,0.016923,0.0055123,0.044715,0.010057,0.00014261,1.8669e-08,3.2299e-06,4.9766e-06,1.914e-06,5.89e-07,7.0451e-08,-1.8463e-09,-2.0157e-08,-2.1713e-08,-2.8427e-08,-1.3442e-06,-8.0336e-08,-9.8503e-08,-2.6256e-08,4.2828e-09,-1.5645e-08,-1.4461e-08,-4.0214e-09,-0.00021847,5.9149e-06,-0.0014605,0.00032633,-6.3917e-05,-4.4906e-08,1.2875e-13,5.1344e-06,4.485e-07,-0.0014477,-0.00037536,-2.7883e-05,-9.5624e-08,-2.728e-10,-8.8397e-08,8.4654e-07,1.0081e-06,-2.4387e-09,-1.7781e-05,1.7615e-07,2.9935e-16,0.000914,-2.3035e-06,-2.2944e-10,2.4639e-13,5.779e-12,6.3315e-10,-7.9991e-17,4.0903e-13,1.0136e-11,-6.1507e-09,1.7755e-08,2.6482e-16,1.9954e-05,5.8956e-06,-0.00025874,2.6461e-08,0.00083841,-1.4571e-05,-1.0328e-05,5.7897e-06,-3.898e-08,-8.5147e-07,-6.4482e-07,-1.2449e-07,3.5694e-22,8.6055e-09,-1.0352e-09,-1.4773e-08,-2.89e-06,-0.00014671,-6.5741e-05,7.7271e-06,-3.2397e-17,3.4213e-19,1.2093e-18,3.3814e-08,2.3793e-08,-2.1885e-22,1.8779e-23,2.9242e-09,1.5908e-09,2.9186e-08,1.6844e-08,1.8196e-17,3.392e-06,7.2131e-06,-8.7285e-06,6.4571e-06,-3.9727e-06,4.6513e-14,3.1611e-06,-2.2716e-06,2.041e-09,1.176e-06,2.9702e-06,1.1679e-21,-4.6304e-23,2.0781e-20,-8.1111e-07,0.00024391,0.00049868,2.3699e-15,-9.0678e-20,-3.741e-20,-4.8479e-19,4.9085e-12,2.2929e-05,-8.4473e-05,-0.00016295,-4.2485e-17,2.0354e-15,-3.7668e-10,-4.4903e-10,0.00029777,-2.3431e-19
6.8324e-22,6.5749e-06,3.8475e-07,-2.1053e-06,1.1101e-05,-0.00012641,0.00052776,0.00053685,-0.00024352,0.00055442,-0.0028306,0.002231,0.034833,0.059847,0.0035388,0.011136,0.022455,0.02526,0.020544,0.030792,0.019839,0.0016411,4.4318e-12,2.2451e-12,0.016674,0.04953,0.071532,0.042207,0.018431,-0.0010954,-0.00031531,-4.1574e-08,-7.1838e-06,-1.1069e-05,-4.2569e-06,-1.31e-06,-7.0779e-07,4.1065e-09,4.4822e-08,4.8293e-08,6.3225e-08,2.9897e-06,1.7868e-07,2.1908e-07,5.8397e-08,-9.5255e-09,3.4797e-08,3.2163e-08,8.9442e-09,0.00051516,9.3269e-05,0.0032483,-0.00072125,0.00014216,6.5429e-07,-2.8637e-13,-1.1026e-05,-5.8295e-07,0.0032199,0.00083486,6.2016e-05,2.1268e-07,3.506e-09,1.288e-06,-1.2334e-05,-1.4688e-05,3.5533e-08,3.956e-05,-3.9319e-07,-6.6509e-16,-0.0020274,5.1229e-06,3.3429e-09,-3.5863e-12,-8.4202e-11,-9.2252e-09,1.1655e-15,-9.0369e-13,-2.2583e-11,8.2971e-08,-2.5869e-07,-3.8586e-15,-0.00029043,-8.59e-05,0.00058619,-3.8554e-07,-0.0018601,0.00021231,0.00015048,-8.4357e-05,5.6795e-07,1.2406e-05,9.3952e-06,1.8138e-06,-8.1057e-21,-1.2538e-07,1.5083e-08,2.1524e-07,4.2108e-05,0.0039228,0.0030428,-5.0219e-05,4.7209e-16,-7.6684e-19,-2.6578e-18,-4.9268e-07,-3.4667e-07,3.3623e-21,-3.3882e-23,-4.2605e-08,-2.3178e-08,-4.2525e-07,-2.4542e-07,-2.6511e-16,-4.9423e-05,-0.0001051,0.00012718,-9.4081e-05,5.7882e-05,-7.3284e-13,-4.6058e-05,3.3099e-05,-2.9751e-08,-2.6972e-06,-6.5973e-06,-4.1972e-21,1.1194e-20,-3.9738e-20,1.1818e-05,-0.00057436,-0.0011971,-5.2716e-15,-4.9972e-20,-1.0007e-20,6.9571e-18,-1.0917e-11,-5.0998e-05,0.00018788,0.00036242,9.46e-17,-4.5269e-15,5.4883e-09,6.5424e-09,-0.00066027,-2.3025e-20
-3.4261e-21,-1.52e-05,-1.1503e-06,6.2596e-06,-5.0099e-05,0.00036086,-0.0015691,-0.0015962,0.00072405,-0.0016484,0.0099405,0.016009,0.039011,0.041916,0.0046274,-0.002243,-0.0058304,-0.0093081,-0.0075581,0.0087436,0.0041732,-0.00060889,-1.8145e-12,-9.1918e-13,0.015069,0.035633,0.10473,0.043664,-0.0040307,0.00056483,0.00012909,1.7181e-08,2.9413e-06,4.5317e-06,1.7428e-06,5.3634e-07,1.9572e-06,-1.6812e-09,-1.8317e-08,-1.9772e-08,-2.5886e-08,-1.224e-06,-7.3154e-08,-8.9697e-08,-2.3909e-08,3.8999e-09,-1.4246e-08,-1.3168e-08,-3.6619e-09,-0.00029941,-0.00036019,-0.0013299,0.00029529,-5.8202e-05,-1.9453e-06,1.1724e-13,3.3235e-06,-1.0157e-06,-0.0013183,-0.0003418,-2.539e-05,-8.7075e-08,-1.0208e-08,-3.8294e-06,3.6672e-05,4.367e-05,-1.0565e-07,-1.6233e-05,1.6527e-07,2.7235e-16,0.00083007,-2.0963e-06,-9.9392e-09,1.0661e-11,2.5035e-10,2.7428e-08,-3.4652e-15,3.517e-13,9.3618e-12,-2.4362e-07,7.6915e-07,1.1472e-14,0.00099681,0.00068938,-0.00027243,1.1463e-06,0.00076228,-0.00063123,-0.00044739,0.00025081,-1.6886e-06,-3.6886e-05,-2.7934e-05,-5.3929e-06,-1.04e-20,3.7279e-07,-4.4845e-08,-6.3996e-07,-0.0001252,0.0069376,0.013243,0.00012051,-1.4035e-15,3.4863e-19,9.885e-19,1.4648e-06,1.0307e-06,-1.012e-20,4.5795e-23,1.2667e-07,6.8912e-08,1.2644e-06,7.2969e-07,7.8822e-16,0.00014694,0.00031247,-0.00037812,0.00027972,-0.0001721,2.2043e-12,0.00013694,-9.8411e-05,8.8461e-08,1.3516e-06,2.6745e-06,2.5358e-21,-9.4777e-21,1.7561e-20,-3.5137e-05,0.00033564,0.00076436,2.1582e-15,-1.6855e-20,-4.5671e-21,-2.0722e-17,4.4697e-12,2.0879e-05,-7.692e-05,-0.00014838,-3.8726e-17,1.8534e-15,-1.6318e-08,-1.9452e-08,0.00027032,3.7899e-20
1.291e-21,1.4845e-05,1.1699e-06,-6.3613e-06,5.3282e-05,-0.00036465,0.0016633,0.0016908,-0.00073582,0.0017141,0.025486,0.022824,0.0091404,-0.0041764,-0.0004986,0.0087225,0.0086221,0.0013804,0.0011208,-0.0006558,-0.00025268,9.0296e-05,2.6908e-13,1.3631e-13,-0.0015585,-0.0035663,0.075383,0.0064609,0.00068984,-8.3762e-05,-1.9144e-05,-2.7086e-09,-4.3627e-07,-6.7203e-07,-2.5846e-07,-7.9535e-08,-1.9686e-06,2.4932e-10,2.6826e-09,2.9322e-09,3.8391e-09,1.8152e-07,1.0848e-08,1.3302e-08,3.5456e-09,-5.7834e-10,2.1127e-09,1.9528e-09,5.4304e-10,0.00014493,0.00038502,0.00019722,-4.3791e-05,8.6312e-06,1.977e-06,-1.7387e-14,7.0564e-07,1.4132e-06,0.00019549,5.0688e-05,3.7653e-06,1.2913e-08,1.0343e-08,3.8916e-06,-3.7268e-05,-4.438e-05,1.0736e-07,2.4437e-06,-2.8826e-08,-4.0381e-17,-0.0001231,3.0975e-07,1.0101e-08,-1.0834e-11,-2.5442e-10,-2.7874e-08,3.5216e-15,-3.3756e-14,-1.5051e-12,2.4716e-07,-7.8165e-07,-1.1657e-14,0.0020998,0.0094585,7.3042e-05,-1.1649e-06,-0.00011376,0.00065681,0.00048906,-0.00024921,1.7161e-06,3.7485e-05,2.8388e-05,5.4805e-06,-1.0114e-21,-3.7885e-07,4.5574e-08,6.5037e-07,0.00012723,0.0052183,0.016983,-0.00011847,1.4268e-15,-6.2389e-20,-7.3165e-20,-1.4886e-06,-1.0475e-06,9.9507e-21,2.4977e-23,-1.2873e-07,-7.0032e-08,-1.2849e-06,-7.4155e-07,-8.0103e-16,-0.00014933,-0.00031755,0.00039573,-0.00028427,0.00018636,-2.2437e-12,-0.00013916,0.00010001,-8.99e-08,-4.4933e-07,-3.6995e-07,-1.9612e-21,7.9764e-21,-8.5356e-22,3.5708e-05,-0.00015093,-0.00038942,-3.2005e-16,3.9472e-23,-3.6493e-21,2.1062e-17,-6.6282e-13,-3.0963e-06,1.1407e-05,2.2005e-05,5.7409e-18,-2.7485e-16,1.6583e-08,1.9768e-08,-4.0088e-05,1.0546e-21
2.1335e-20,4.8835e-05,3.8715e-06,-2.1049e-05,0.00017741,-0.0012056,0.030924,0.031014,-0.0024347,0.020084,0.021006,0.0036163,0.00018202,-0.0023438,-0.00027982,0.012391,0.0064145,0.00077468,0.00062903,-0.00036805,-0.00014181,5.0675e-05,1.5102e-13,7.65e-14,-0.00087468,-0.0020014,0.0099745,-0.00048639,0.00039697,-4.7009e-05,-1.0744e-05,-2.0371e-09,-2.4513e-07,-3.7716e-07,-1.4506e-07,-4.4632e-08,-6.5043e-06,1.3992e-10,1.397e-09,1.6458e-09,2.1557e-09,1.0187e-07,6.0883e-09,7.4651e-09,1.9898e-09,-3.2457e-10,1.1857e-09,1.0959e-09,3.0476e-10,0.0046383,0.0040484,0.00011068,-2.4576e-05,4.8439e-06,6.5415e-06,-9.7577e-15,4.2517e-06,4.8549e-06,0.00010971,2.8447e-05,2.1131e-06,7.2469e-09,3.4211e-08,1.2877e-05,-0.00012331,-0.00014685,3.5525e-07,1.4888e-06,-3.0067e-08,-2.268e-17,-6.9083e-05,1.7023e-07,3.3422e-08,-3.5848e-11,-8.4182e-10,-9.2231e-08,1.1652e-14,4.0251e-14,-1.2204e-12,8.176e-07,-2.5863e-06,-3.8574e-14,0.00035118,0.023706,0.000146,-3.8545e-06,-6.615e-05,0.0078402,0.014341,0.0012756,5.6782e-06,0.00012403,9.393e-05,1.8134e-05,4.8515e-21,-1.2536e-06,1.508e-07,2.152e-06,0.00042099,0.00070059,0.0026399,-0.00039013,4.7199e-15,-1.8859e-19,2.6955e-19,-4.9257e-06,-3.4659e-06,3.3632e-20,3.3485e-22,-4.2596e-07,-2.3172e-07,-4.2515e-06,-2.4537e-06,-2.6506e-15,-0.00049411,-0.0010507,0.0055519,-0.00094059,0.0048593,-7.4257e-12,-0.00046047,0.00033092,-2.9747e-07,-1.0529e-06,-1.2182e-07,-5.2605e-21,2.3537e-20,-1.925e-20,0.00011815,-0.00041012,-0.0011067,-1.7977e-16,-8.849e-21,-7.4753e-21,6.9689e-17,-3.7193e-13,-1.7377e-06,6.4018e-06,1.2349e-05,3.222e-18,-1.5425e-16,5.487e-08,6.5409e-08,-2.2498e-05,-1.7279e-21
-1.9709e-20,-0.00025305,-2.0082e-05,0.00010918,-0.00092125,0.0062525,0.094771,0.095388,0.017015,0.036613,0.02603,-0.002602,-9.3551e-05,0.0017362,0.00020728,0.0049431,0.0011734,-0.00057383,-0.00046594,0.00027262,0.00010504,-3.7537e-05,-1.1189e-13,-5.6666e-14,0.0006479,0.0014825,-0.0071188,0.00036131,-0.00034661,3.4821e-05,7.9584e-06,4.2774e-09,1.8315e-07,2.7937e-07,1.075e-07,3.3036e-08,3.3729e-05,-1.0365e-10,-4.5369e-10,-1.22e-09,-1.6027e-09,-7.5459e-08,-4.5098e-09,-5.5297e-09,-1.4739e-09,2.4042e-10,-8.7826e-10,-8.1179e-10,-2.2575e-10,0.019738,0.0057032,-8.1985e-05,1.8204e-05,-3.5881e-06,-3.393e-05,7.2279e-15,-2.3794e-05,-2.5344e-05,-8.1269e-05,-2.1071e-05,-1.5651e-06,-5.368e-09,-1.7744e-07,0.00090793,0.0019539,0.0010257,-1.8427e-06,-1.7311e-06,9.6639e-08,1.6859e-17,5.1172e-05,-1.0679e-07,-1.7336e-07,1.8594e-10,4.3665e-09,4.7839e-07,-6.044e-14,-3.4677e-13,2.9156e-12,-4.2406e-06,1.3415e-05,2.001e-13,-0.00025323,0.011663,0.00019137,1.9993e-05,6.1348e-05,0.013989,0.056849,0.017121,-2.9452e-05,-0.00064335,-0.00048721,-9.4061e-05,-2.3296e-20,6.5021e-06,-7.8217e-07,-1.1162e-05,-0.00185,-0.0005055,-0.0019016,0.0020219,-2.4482e-14,7.0396e-19,-1.8685e-18,2.5549e-05,1.7978e-05,-1.753e-19,1.5227e-21,2.2094e-06,1.2019e-06,2.2052e-05,1.2727e-05,1.3748e-14,0.003878,0.0083845,0.013306,0.0065735,0.018137,3.8518e-11,0.0037037,-0.0017165,1.5429e-06,5.0672e-06,-3.6917e-07,3.3557e-20,-9.9178e-20,1.3543e-19,-0.00061286,0.0028809,0.0075022,1.3254e-16,-1.8326e-19,-2.8829e-20,-3.6152e-16,2.7523e-13,1.2872e-06,-4.742e-06,-9.1475e-06,-2.388e-18,1.1426e-16,-2.8461e-07,-3.3927e-07,1.6665e-05,-9.3767e-22
-8.2705e-20,0.0005377,4.2678e-05,-0.00023202,0.0019581,-0.013288,0.073253,0.086277,0.021571,0.026768,0.021118,0.00076526,2.7513e-05,-0.0005106,-6.0959e-05,-0.0011618,-0.00022289,0.00016876,0.00013703,-8.0178e-05,-3.0893e-05,1.104e-05,3.2959e-14,1.6665e-14,-0.00019055,-0.00043601,0.0020939,-3.5048e-05,0.00021422,-1.0241e-05,-2.3406e-06,-7.1717e-09,-5.7214e-08,-8.216e-08,-3.1723e-08,-9.6646e-09,-7.1677e-05,3.0482e-11,-1.1079e-09,3.6089e-10,4.8408e-10,2.2192e-08,1.3263e-09,1.6263e-09,4.3349e-10,-7.0708e-11,2.583e-10,2.3875e-10,6.6392e-11,0.019263,0.0034627,2.4112e-05,-5.3538e-06,1.0552e-06,7.2109e-05,-2.1257e-15,5.1098e-05,5.3912e-05,2.3901e-05,6.1964e-06,4.6006e-07,1.5787e-09,3.7708e-07,0.011365,0.013653,0.0012953,3.916e-06,1.8513e-06,-1.8728e-07,-5.0953e-18,-1.505e-05,-9.8385e-09,3.6842e-07,-3.9517e-10,-9.2797e-09,-1.0167e-06,1.2845e-13,7.7905e-13,-5.1545e-12,9.0122e-06,-2.851e-05,-4.2524e-13,7.4475e-05,-0.0028339,0.011418,-4.2489e-05,-4.442e-05,0.0021578,0.063389,0.021764,6.2592e-05,0.0018779,0.0015461,0.0001999,9.4829e-20,-1.3818e-05,1.6623e-06,2.3722e-05,0.0088312,0.00015966,0.00056705,-0.0041308,5.2028e-14,-1.714e-18,4.0148e-18,-5.4297e-05,-3.8206e-05,3.7324e-19,5.1986e-21,-4.6955e-06,-2.5544e-06,-4.6866e-05,-2.7048e-05,-2.9212e-14,0.009264,0.021277,0.011199,0.0083333,0.017209,-8.1859e-11,0.0096642,0.0039263,-3.279e-06,-1.0649e-05,1.0899e-06,-3.5722e-20,1.4716e-19,4.2503e-19,0.0014727,0.005058,0.0094677,-3.9057e-17,-1.2285e-19,-2.4065e-20,7.6826e-16,-8.0358e-14,-3.7856e-07,1.3946e-06,2.6903e-06,7.0188e-19,-3.3603e-17,6.0485e-07,7.2102e-07,-4.9012e-06,1.3011e-21
-6.2225e-21,4.1912e-18,1.6069e-19,-2.1601e-18,1.2711e-17,1.0103e-17,-1.0002e-17,-6.8118e-18,-1.1959e-18,-9.3689e-19,7.1204e-19,3.5114e-19,-2.7915e-20,7.6702e-20,7.9801e-20,-1.1325e-19,1.5478e-20,1.1874e-20,1.9787e-20,6.6869e-21,7.5533e-22,-2.4333e-22,1.4136e-22,2.1058e-22,-5.5542e-20,-1.1547e-19,-9.4402e-20,6.7919e-19,8.6672e-19,-2.244e-20,1.6029e-21,2.4323e-21,-1.8661e-22,-3.7072e-22,2.0639e-21,2.9902e-20,-3.4758e-19,-1.3368e-20,3.5551e-21,9.9917e-22,4.7728e-23,3.898e-23,-5.2902e-23,2.7103e-22,1.735e-21,3.2495e-21,1.3442e-20,-6.501e-20,-1.4459e-19,-6.3187e-19,1.6781e-19,2.4449e-20,-2.0585e-20,2.4442e-21,2.4508e-18,-2.798e-20,3.8019e-19,3.8612e-19,-3.7251e-20,1.6753e-19,-5.6587e-19,2.0582e-18,3.263e-18,0.021479,0.023432,-6.6874e-19,-1.1039e-19,-2.0715e-20,1.5658e-20,8.2727e-21,6.8524e-23,-7.1652e-22,2.5018e-21,-2.2665e-22,-2.5687e-22,-9.2636e-21,4.3781e-22,-5.3693e-21,1.895e-20,-1.0273e-20,5.3716e-20,-9.0154e-19,3.0144e-18,-1.1639e-18,0.023438,-6.6279e-19,1.9e-18,8.0691e-18,0.019143,0.023494,3.391e-18,0.023495,0.023495,3.8348e-18,4.4088e-20,-9.893e-19,3.1945e-18,3.6825e-19,0.023442,3.7496e-18,-8.631e-19,0.007615,-2.1182e-18,-1.7352e-19,2.1523e-20,-3.8457e-19,-2.6547e-19,1.0711e-21,3.321e-21,-4.6828e-20,1.6151e-20,-4.0713e-19,2.7437e-19,2.7099e-18,0.0091185,0.021928,2.9277e-18,2.829e-19,1.8657e-18,2.2783e-18,0.010422,0.01281,-3.531e-19,-6.3844e-20,7.8437e-20,-2.2332e-19,8.2286e-19,8.6299e-19,0.0078353,0.0078353,-1.3412e-19,-4.1806e-19,-1.714e-19,-2.2741e-20,6.8881e-21,6.8662e-22,-2.9802e-22,-1.5206e-22,3.2739e-23,-9.5121e-23,1.7946e-23,4.3175e-21,6.1316e-21,4.905e-22,4.804e-24
-5.8898e-19,-0.0033812,-0.00026837,0.001459,-0.012314,0.15777,0.078998,-0.0073152,-0.0019269,-0.0021581,-0.0017468,-0.00012169,-4.3753e-06,8.1198e-05,9.694e-06,0.00018476,3.5444e-05,-2.6837e-05,-2.1792e-05,1.275e-05,4.9127e-06,-1.7556e-06,-5.6178e-15,-2.6502e-15,3.0302e-05,6.9336e-05,-0.0003346,-0.00050102,-0.00083281,1.6285e-06,3.7221e-07,4.3209e-08,3.2934e-08,1.3049e-08,5.8088e-09,1.1719e-09,0.00045073,-4.8474e-12,9.007e-09,-7.2179e-11,-1.6744e-10,-3.5291e-09,-2.1096e-10,-2.5854e-10,-6.8976e-11,1.1244e-11,-4.1075e-11,-3.7967e-11,-1.0558e-11,-0.0016556,-0.00029873,-3.8344e-06,8.5139e-07,-1.6781e-07,0.0011114,3.3777e-16,-0.00032185,-0.00033906,-3.8006e-06,-9.8068e-07,-7.141e-08,-2.5106e-10,-2.3712e-06,0.0062672,0.0065958,-9.6136e-05,-2.4625e-05,-9.8421e-06,1.1599e-06,1.8055e-18,2.3933e-06,2.9497e-07,-2.3167e-06,2.4849e-09,5.8354e-08,6.3932e-06,-8.0771e-13,-4.9404e-12,3.1388e-11,-5.6671e-05,0.00017928,2.6741e-12,-1.1843e-05,0.00050995,0.0068998,0.00026719,0.00019471,0.063478,0.066836,0.064215,-0.0003936,0.066847,0.070569,6.3495e-05,5.3898e-19,8.6894e-05,-1.0453e-05,-0.00014917,0.0070469,-0.0001036,-0.00014556,0.07473,-3.2717e-13,8.6713e-18,-2.564e-17,0.00034144,0.00024025,-2.3258e-18,-6.5373e-21,2.9527e-05,1.6063e-05,0.00029471,0.00017008,1.8371e-13,0.002219,0.0046788,-0.0013732,-0.00074442,-0.0014719,5.1476e-10,0.0026194,0.0039516,2.062e-05,6.6844e-05,-7.1545e-06,-2.9789e-19,1.0753e-18,2.2954e-18,0.012824,0.018227,-0.00084519,5.9789e-18,-1.0444e-19,-2.541e-21,-4.8312e-15,8.6034e-15,6.02e-08,-2.2178e-07,-4.2782e-07,-1.1197e-19,5.3438e-18,-3.8035e-06,-4.534e-06,7.794e-07,-5.188e-22
1.1662e-18,0.015827,0.00091252,-0.0049611,0.053281,0.18265,0.070925,0.0034421,0.00090669,0.00098344,0.00078177,5.7263e-05,2.0588e-06,-3.8207e-05,-4.5615e-06,-8.6936e-05,-1.6678e-05,1.2628e-05,1.0254e-05,-5.9996e-06,-2.3117e-06,8.2607e-07,3.7752e-15,1.2471e-15,-1.4258e-05,-3.2626e-05,0.00016232,0.0024804,0.0035146,-7.663e-07,-1.7514e-07,-1.4678e-07,-8.7141e-08,-6.0903e-09,-5.0297e-09,5.457e-10,-0.0014888,2.2809e-12,-3.0781e-08,7.8411e-11,3.5069e-10,1.6607e-09,9.9399e-11,1.2142e-10,3.2578e-11,-5.2909e-12,1.9328e-11,1.7865e-11,4.968e-12,0.00077905,0.00023602,1.8042e-06,-4.0062e-07,7.8962e-08,0.012827,-1.5961e-16,0.0018167,0.0014356,1.7877e-06,4.4733e-07,2.8339e-08,1.1813e-10,8.0627e-06,-0.0030407,-0.00282,-1.2937e-05,8.3732e-05,3.3329e-05,-3.9425e-06,-3.8256e-18,-1.1261e-06,-1.0207e-06,7.8774e-06,-8.4494e-09,-1.9842e-07,-2.1738e-05,2.7464e-12,1.6801e-11,-1.0665e-10,0.0001927,-0.00060959,-9.0924e-12,5.5728e-06,-0.00041816,-0.0032679,-0.0009085,-0.00065561,0.1065,0.44199,0.047651,0.0013383,0.043782,0.046752,0.014394,-4.7496e-19,-0.00029546,3.5542e-05,0.00050721,-0.0030822,0.00028384,0.00023497,0.056095,1.1125e-12,-3.3227e-17,8.6941e-17,-0.001161,-0.00081691,7.9234e-18,4.2743e-20,-0.0001004,-5.4617e-05,-0.0010021,-0.00057833,-6.2466e-13,-0.0009494,0.00096861,0.0026713,0.00035028,0.0006926,-1.7503e-09,-0.0011259,-0.0017926,-7.0112e-05,-0.00022727,2.435e-05,-1.3133e-19,6.1813e-19,1.6274e-18,0.007169,0.011892,0.0003977,-3.0064e-18,-7.2783e-20,-2.2028e-20,1.6427e-14,8.5019e-15,-2.8327e-08,1.0436e-07,2.0131e-07,5.3875e-20,-2.5119e-18,1.2933e-05,1.5417e-05,-3.6674e-07,9.725e-22
1.1841e-18,0.06207,-0.0012319,0.0069212,0.14752,0.10139,-0.010308,-0.00066361,-0.0001748,-0.00014654,-9.6757e-05,-1.104e-05,-3.9691e-07,7.3661e-06,8.7941e-07,1.6761e-05,3.2154e-06,-2.4346e-06,-1.9769e-06,1.1567e-06,4.4567e-07,-1.5926e-07,-2.2479e-15,-2.4033e-16,2.7489e-06,6.29e-06,-3.7844e-05,0.010578,0.0091478,1.4774e-07,3.3765e-08,1.9813e-07,1.1302e-07,1.1073e-09,4.0539e-09,-1.5787e-09,0.0029136,-4.3974e-13,4.1583e-08,-7.4815e-11,-4.328e-10,-3.2025e-10,-1.9339e-11,-2.3102e-11,-6.4443e-12,1.0201e-12,-3.7262e-12,-3.4442e-12,-9.5779e-13,-0.0001502,-0.00015719,-3.4784e-07,7.7236e-08,-1.5223e-08,0.017693,3.0346e-17,0.011517,0.0034967,-3.437e-07,-6.7277e-08,1.6049e-09,-2.2775e-11,-1.0885e-05,0.0010417,0.00048457,8.0626e-05,-0.00011304,-4.4969e-05,5.3222e-06,4.7379e-18,2.1711e-07,1.3812e-06,-1.0635e-05,1.1407e-08,2.6786e-07,2.9347e-05,-3.7077e-12,-2.2683e-11,1.4396e-10,-0.00026014,0.00094198,1.2275e-11,-1.0744e-06,0.00033036,0.0010178,0.0013384,0.00091035,0.07455,0.57156,-0.01028,-0.0011975,-0.0059986,-0.0064566,0.021556,9.9133e-19,0.00043619,-1.0661e-05,-0.00064367,0.00060243,-0.00037047,-0.00026889,-0.0079854,-1.5018e-12,4.6072e-17,-1.1686e-16,0.0015673,0.0011028,-1.0728e-17,-2.8299e-20,0.00013554,7.3733e-05,0.0013897,0.00081808,8.4331e-13,0.00018101,0.0098912,0.010853,-6.7531e-05,-0.00013353,2.3629e-09,0.00021707,0.00043181,9.4652e-05,0.00030682,-3.2877e-05,1.5372e-20,-7.886e-20,-1.692e-19,-0.00097357,-0.0016579,-7.6673e-05,5.2944e-19,-2.1101e-20,2.1734e-21,-2.2177e-14,-1.8495e-14,5.4611e-09,-2.0119e-08,-3.8811e-08,-1.2375e-20,4.8138e-19,-1.7459e-05,-2.0813e-05,7.0705e-08,-1.5149e-21
-4.9182e-18,0.094911,-0.0021951,0.047715,0.1576,0.091176,-0.0031154,-0.00020056,-5.2829e-05,3.0034e-05,6.3902e-05,-3.3365e-06,-1.1995e-07,2.2262e-06,2.6578e-07,5.0654e-06,9.7176e-07,-7.3579e-07,-5.9745e-07,3.4957e-07,1.3469e-07,-4.8132e-08,-3.3032e-15,-7.2478e-17,8.3077e-07,1.901e-06,-2.2743e-05,0.020418,0.0096761,4.4649e-08,1.0205e-08,3.5302e-07,2.0025e-07,2.1917e-10,6.549e-09,-3.0207e-09,0.014605,-1.329e-13,7.4102e-08,-1.2566e-10,-7.6117e-10,-9.6929e-11,-6.1479e-12,-6.4505e-12,-2.2299e-12,3.0828e-13,-1.1261e-12,-1.0409e-12,-2.8946e-13,-4.5392e-05,0.0023685,-1.0513e-07,2.3342e-08,-4.6008e-09,0.0019882,8.459e-18,0.026412,0.0032995,-1.0224e-07,1.2404e-08,1.2686e-08,-6.8831e-12,-1.9395e-05,0.0069935,4.4422e-05,0.00015923,-0.00020142,-8.0121e-05,9.4833e-06,8.3344e-18,6.5615e-08,2.4619e-06,-1.8949e-05,2.0325e-08,4.7729e-07,5.2292e-05,-6.6065e-12,-4.0417e-11,2.5652e-10,-0.00046353,0.020506,2.1872e-11,-3.2471e-07,0.002173,0.0068709,0.020095,0.0058082,0.013568,0.061579,-0.0090289,0.094246,-0.0016316,-0.0018249,0.0025722,3.5819e-19,0.0066813,0.0058851,0.0053506,0.00019623,-0.00065698,-0.00046722,-0.0024295,-2.676e-12,8.101e-17,-2.0867e-16,0.0027927,0.0019651,-1.927e-17,-2.5524e-19,0.00024151,0.00013138,0.0083092,0.007363,1.5026e-12,5.1217e-05,0.010162,0.021172,-2.0409e-05,-4.037e-05,4.2104e-09,6.5604e-05,0.00027931,0.00016865,0.00054671,-5.8582e-05,-1.239e-20,-2.3285e-20,-8.0319e-20,-0.00029423,-0.00050104,-2.3172e-05,1.3664e-19,-1.1846e-20,-9.7849e-22,-3.9516e-14,-3.4685e-14,1.6505e-09,-6.0804e-09,-1.1729e-08,-6.2628e-21,1.4556e-19,-3.111e-05,-3.7085e-05,2.1369e-08,-7.8768e-22
1.1152e-18,0.049018,0.028598,0.053997,0.097574,0.042857,0.0030656,0.00019735,5.1984e-05,-0.00054502,-0.00070889,3.2831e-06,1.1804e-07,-2.1906e-06,-2.6153e-07,-4.9844e-06,-9.5622e-07,7.2402e-07,5.879e-07,-3.4398e-07,-1.3254e-07,4.7362e-08,2.1448e-14,7.1704e-17,-8.1748e-07,-1.8706e-06,0.00010079,0.024303,0.009787,-4.3935e-08,-1.0041e-08,-2.3805e-06,-1.349e-06,5.8516e-10,-4.3368e-08,2.0613e-08,0.006852,1.3077e-13,-4.997e-07,8.3833e-10,5.121e-09,9.6369e-11,8.1526e-12,2.6623e-12,4.1523e-12,-3.0335e-13,1.1081e-12,1.0243e-12,2.8484e-13,4.4666e-05,0.01479,1.0344e-07,-2.2969e-08,4.5272e-09,-0.0019269,-8.9316e-18,0.028552,0.0035615,8.9305e-08,-2.3925e-07,-9.7103e-08,6.773e-12,0.00013079,0.018989,0.0022481,-0.0010921,0.0033307,0.00078291,-6.3948e-05,-5.6078e-17,-6.4566e-08,-1.6602e-05,0.00012778,-1.3706e-07,-3.2185e-06,-0.00035262,4.4549e-11,2.7254e-10,-1.7297e-09,0.0044817,0.073782,-1.4749e-10,3.1951e-07,0.0028607,0.020365,0.061608,0.0052353,0.038822,-0.03972,0.078606,0.48147,0.00034805,0.00091901,-0.0032468,2.5075e-18,0.020659,0.028353,0.042114,-0.0002913,0.0070482,0.0070833,0.0025024,1.8045e-11,-5.4673e-16,1.4065e-15,-0.018832,-0.013251,1.2912e-16,8.34e-20,-0.0016285,-0.00088594,0.0039444,0.014138,-1.0133e-11,-2.6195e-05,0.0036847,0.018723,2.0083e-05,3.9811e-05,-2.8392e-08,-6.4555e-05,-0.0013069,-0.0011373,-0.0036866,0.00039504,-9.4235e-20,-4.6456e-20,4.5902e-20,0.00028953,0.00049303,2.2801e-05,-1.7798e-19,-3.9507e-21,-6.803e-22,2.6646e-13,2.3593e-13,-1.6241e-09,5.9832e-09,1.1542e-08,2.4878e-20,-1.107e-19,0.00020978,0.00025007,-2.1027e-08,3.3124e-20
1.1488e-17,0.013748,0.096648,0.062322,0.042312,0.0075965,-0.0010311,-6.6383e-05,-1.7484e-05,0.0017717,0.0021488,-1.1042e-06,-3.97e-08,7.3677e-07,8.7961e-08,1.6764e-06,3.2161e-07,-2.4352e-07,-1.9773e-07,1.1569e-07,4.4577e-08,-1.593e-08,-5.209e-14,-2.39e-17,2.7495e-07,6.2917e-07,-0.00022726,0.016751,0.0090627,1.4777e-08,3.3774e-09,5.8144e-06,3.2945e-06,-2.1717e-09,1.0564e-07,-5.0436e-08,-0.0019936,-4.3984e-14,1.2205e-06,-2.0444e-09,-1.2504e-08,-3.4855e-11,-7.9283e-12,8.192e-12,-6.2252e-12,1.0203e-13,-3.7271e-13,-3.445e-13,-9.5799e-14,-1.5023e-05,0.013886,-3.4792e-08,7.7254e-09,-1.5227e-09,0.00064808,2.1963e-18,0.01484,0.0023333,-2.1603e-09,6.4037e-07,2.4133e-07,-2.278e-12,-0.00031944,0.015466,0.013459,0.0033619,0.015868,0.00097192,0.00015619,1.3694e-16,2.1716e-08,4.0552e-05,-0.0003121,3.3476e-07,7.8612e-06,0.001156,-1.0881e-10,-6.6569e-10,4.2249e-09,0.004959,0.063844,3.6024e-10,-1.0746e-07,0.0016284,0.0172,0.05143,0.0096348,0.063253,0.058868,0.1771,0.45143,0.0039366,0.0021568,0.0035803,2.3747e-18,0.016852,0.025332,0.040147,0.00034016,0.013949,0.030549,-0.0011173,-4.4075e-11,1.336e-15,-3.4383e-15,0.047502,0.034272,-3.1345e-16,5.6995e-19,0.00454,0.0027992,-0.001149,0.010062,2.4749e-11,-5.0874e-05,-0.00049982,0.0078711,-6.7547e-06,-1.3605e-05,6.9347e-08,2.1712e-05,0.0033024,0.0034746,0.010346,-0.00096488,-2.5486e-19,-6.2742e-20,-3.7104e-21,-9.7379e-05,-0.00016582,-7.669e-06,5.7198e-20,1.1656e-22,-2.6633e-24,-6.5084e-13,-5.7698e-13,5.4624e-10,-2.0124e-09,-3.8819e-09,-4.9493e-20,-4.2811e-20,-0.00051239,-0.00061081,7.0721e-09,-4.3652e-20
1.6995e-17,0.022858,0.13401,0.076012,0.021285,0.014799,7.0785e-05,4.5587e-06,1.2e-06,0.0098684,0.0096999,7.5787e-08,2.7248e-09,-5.0567e-08,-6.0371e-09,-1.1506e-07,-2.2073e-08,1.6713e-08,1.3571e-08,-7.9404e-09,-3.0595e-09,1.0933e-09,2.3402e-14,1.7113e-18,-1.8871e-08,-4.3192e-08,0.00010103,0.009282,0.0093907,-1.0143e-09,-2.3185e-10,-2.6142e-06,-1.4812e-06,1.0216e-09,-4.7481e-08,2.2682e-08,0.00013683,3.0189e-15,-5.4876e-07,9.1899e-10,5.6216e-09,3.4713e-12,2.8355e-12,-4.5772e-12,2.5606e-12,-7.0025e-15,2.558e-14,2.3644e-14,6.575e-15,1.0311e-06,-0.00057797,2.3879e-09,-5.3022e-10,1.0451e-10,-4.448e-05,7.8382e-21,-0.00054197,-9.0981e-05,-1.2168e-08,-2.9133e-07,-1.0876e-07,1.5635e-13,0.00014458,-0.00057677,0.020331,0.021633,0.024911,0.0011994,-7.0227e-05,-6.162e-17,-1.4904e-09,-1.8233e-05,0.00014128,-1.5051e-07,-3.5345e-06,0.009396,4.8923e-11,2.993e-10,-1.8996e-09,-0.00021122,-0.0026227,-1.6197e-10,7.3757e-09,-6.1027e-05,-0.0007038,-0.0020997,0.011681,0.054073,0.11071,0.94192,0.28503,0.030054,0.0090023,0.020063,4.1736e-19,-0.00056691,-0.00091902,-0.0015886,-0.00012959,0.011398,0.044249,0.00019941,1.9817e-11,-5.9575e-16,1.5529e-15,0.029249,0.048711,1.4444e-16,2.9595e-18,0.016873,0.020115,7.8862e-05,-0.00039827,-1.1128e-11,2.9861e-05,4.517e-05,-0.00026635,4.636e-07,1.0288e-06,-3.1179e-08,-1.4902e-06,0.0092144,0.02188,0.040468,0.00043491,-4.0625e-21,7.4788e-21,-1.0279e-21,6.6835e-06,1.1381e-05,5.2635e-07,-6.0063e-21,1.8632e-22,1.0779e-22,2.9263e-13,2.5946e-13,-3.749e-11,1.3812e-10,2.6643e-10,3.7761e-20,3.8734e-20,0.00023096,0.00027532,-4.8538e-10,-6.8923e-20
7.319e-18,0.013432,0.064585,0.042919,0.0038442,0.0040723,0.0001294,8.3506e-06,2.1908e-06,0.018237,0.014493,1.3836e-07,4.9744e-09,-9.2317e-08,-1.1021e-08,-2.1005e-07,-4.0298e-08,3.0512e-08,2.4776e-08,-1.4496e-08,-5.5854e-09,1.9959e-09,2.5873e-13,3.1216e-18,-3.4451e-08,-7.8959e-08,0.0011152,0.018766,0.01171,-1.8523e-09,-4.2377e-10,-2.8906e-05,-1.6378e-05,1.1371e-08,-5.2497e-07,2.5081e-07,0.00024989,5.5112e-15,-6.0678e-06,1.0161e-08,6.2159e-08,1.8094e-11,3.014e-11,-5.2098e-11,2.7917e-11,-1.2784e-14,4.67e-14,4.3165e-14,1.2004e-14,1.8824e-06,-0.0010551,4.3594e-09,-9.6798e-10,1.9079e-10,-8.1204e-05,-1.9503e-19,-0.00098943,-0.0001661,-1.564e-07,-3.2269e-06,-1.203e-06,2.8544e-13,0.0058716,0.00038286,0.004654,0.044778,0.013969,0.0060743,-0.00077651,-6.8096e-16,-2.721e-09,-0.0002016,0.0058356,-1.6643e-06,-3.9082e-05,0.022038,5.4096e-10,3.3095e-09,-2.1004e-08,-0.00038561,-0.0047881,-1.7909e-09,1.3465e-08,-0.00011141,-0.0012849,-0.0038332,-0.002027,0.087993,0.29823,2.798,1.0266,0.081683,0.0063869,0.046577,1.422e-18,0.0044683,0.0020314,0.0022712,0.0019809,0.0022054,0.014776,0.0059746,2.1912e-10,-6.6265e-15,1.7113e-14,-0.12592,0.0046314,1.5664e-15,5.8005e-18,0.01863,0.044424,0.00014397,-0.00072709,-1.2304e-10,0.00034181,8.2464e-05,-0.00048625,8.4635e-07,2.9132e-06,-3.4475e-07,-2.7205e-06,0.003462,0.044667,0.049296,0.0096772,3.3097e-19,9.2859e-20,3.2586e-21,1.2201e-05,2.0778e-05,9.6092e-07,-7.9162e-21,6.5833e-23,2.4082e-22,3.2356e-12,2.869e-12,-6.8443e-11,2.5215e-10,4.864e-10,4.7659e-19,5.8544e-19,0.005139,0.0061261,-8.8613e-10,4.8115e-19
-1.0463e-18,0.044601,0.0067978,0.013512,-0.0026836,-0.0026565,-7.1871e-05,-4.7072e-06,-1.205e-06,0.009775,0.0072038,-7.61e-08,-2.736e-09,5.0776e-08,6.062e-09,1.1553e-07,2.2165e-08,-1.6782e-08,-1.3627e-08,7.9732e-09,3.0721e-09,-1.0975e-09,-1.019e-12,-1.2966e-18,1.8947e-08,4.3865e-08,-0.0043909,0.024012,0.00013056,1.0215e-09,2.3509e-10,0.00011385,6.4504e-05,-4.4835e-08,2.0676e-06,-9.878e-07,-0.00013779,-3.0313e-15,2.3898e-05,-4.0019e-08,-2.4481e-07,-5.7666e-11,-1.1789e-10,2.0618e-10,-1.0968e-10,7.0315e-15,-2.5686e-14,-2.3742e-14,-6.6022e-15,-1.0353e-06,0.00058035,-2.3978e-09,5.3241e-10,-1.0494e-10,4.4664e-05,1.4989e-19,0.00054421,9.1357e-05,6.306e-07,1.2713e-05,4.7383e-06,-1.57e-13,0.018726,0.0030217,-0.0024167,0.024792,0.017058,0.018624,0.0051252,2.6805e-15,1.4966e-09,0.0019305,0.018873,6.5546e-06,0.00015392,0.012583,-2.1305e-09,-1.3034e-08,8.2723e-08,0.00021209,0.0026335,7.0535e-09,-7.407e-09,6.1279e-05,0.00070671,0.0021084,0.022124,0.09663,0.2277,2.8808,1.3008,0.15051,0.00085231,0.038266,2.9186e-19,0.019941,0.007999,0.023141,0.028816,-0.0011963,0.002245,0.01868,-8.63e-10,2.6121e-14,-6.7298e-14,0.94839,0.89581,-6.1752e-15,1.8545e-17,0.0079259,0.025008,-7.9187e-05,0.00039992,4.8459e-10,-0.0012991,-4.5357e-05,0.00026745,-4.6551e-07,-5.8032e-06,1.3578e-06,1.4963e-06,-0.00036807,0.024644,0.022242,0.006646,-1.7876e-19,-1.9037e-20,-5.9146e-21,-6.711e-06,-1.1428e-05,-5.2852e-07,3.6216e-21,-1.5855e-22,1.3597e-22,-1.2743e-11,-1.13e-11,3.7645e-11,-1.3869e-10,-2.6753e-10,3.7626e-19,4.7958e-19,0.0035293,0.0042072,4.8739e-10,3.9884e-19
-2.9831e-18,0.12174,0.014843,0.0033773,0.0018943,0.0015273,1.7974e-05,1.291e-06,2.8185e-07,-0.0017285,-0.001258,1.78e-08,6.3996e-10,-1.1877e-08,-1.4179e-09,-2.7024e-08,-5.1844e-09,3.9255e-09,3.1874e-09,-1.865e-09,-7.1858e-10,2.5629e-10,1.6961e-12,3.4419e-19,-4.43e-09,-1.0985e-08,0.0076286,0.034907,0.0076456,-2.4342e-10,-5.8335e-11,-0.0001895,-0.00010737,7.4638e-08,-3.4415e-06,1.6442e-06,3.2793e-05,7.0903e-16,-3.9777e-05,6.6611e-08,4.0748e-07,9.2827e-11,1.9605e-10,-3.4342e-10,1.8251e-10,-1.6447e-15,6.008e-15,5.5533e-15,1.5443e-15,2.4216e-07,-0.00013575,5.6085e-10,-1.2453e-10,2.4545e-11,-1.0447e-05,-3.4105e-20,-0.00012729,-2.1369e-05,-1.053e-06,-2.1161e-05,-7.8869e-06,3.6721e-14,0.019082,0.001443,0.00056529,-0.0044025,0.020161,0.019107,0.025373,-4.4591e-15,-3.5006e-10,0.0156,0.018844,-1.091e-05,-0.0002562,-0.0022468,3.5463e-09,2.1695e-08,-1.3769e-07,-4.9609e-05,-0.000616,-1.1741e-08,1.7338e-09,-1.4333e-05,-0.0001653,-0.00049315,0.037156,0.17439,0.052588,1.401,0.90037,0.14115,0.0010075,0.01084,-2.6493e-19,0.018087,0.0030877,0.024674,0.050127,0.00042559,0.0061654,0.019105,1.4365e-09,-4.3157e-14,1.1264e-13,2.2817,3.7707,1.0229e-14,4.1711e-17,-0.0013435,-0.0044559,1.8522e-05,-9.3542e-05,-8.0659e-10,0.0031689,1.0609e-05,-6.2557e-05,1.0889e-07,8.3426e-06,-2.2601e-06,-3.5e-07,0.0001277,-0.0043799,-0.0038153,-0.0012163,-1.2807e-21,3.0258e-20,2.9669e-21,1.5697e-06,2.6731e-06,1.2362e-07,-1.0493e-21,4.4583e-24,-2.585e-23,2.1211e-11,1.8808e-11,-8.8053e-12,3.2439e-11,6.2577e-11,-5.0516e-20,-9.3581e-20,-0.00064591,-0.00076997,-1.14e-10,-8.6846e-20
2.0484e-18,0.16418,0.052261,-5.1017e-05,0.0067627,0.0048175,3.6509e-06,3.5335e-07,4.1641e-08,-0.00025538,-0.00018586,2.6299e-09,9.4551e-11,-1.7547e-09,-2.0949e-10,-3.9926e-09,-7.6596e-10,5.7997e-10,4.7093e-10,-2.7554e-10,-1.0617e-10,3.7502e-11,1.4986e-12,-6.8489e-19,-6.529e-10,-2.2436e-09,0.034584,0.066472,0.038464,-3.9807e-11,-1.1483e-11,-0.00016743,-9.4865e-05,6.5949e-08,-3.0407e-06,1.4527e-06,5.3282e-06,1.0476e-16,-3.5146e-05,5.8855e-08,3.6004e-07,8.1639e-11,1.732e-10,-3.0346e-10,1.6125e-10,-2.4299e-16,8.8765e-16,8.2047e-16,2.2816e-16,3.5774e-08,-2.0056e-05,8.2862e-11,-1.8399e-11,3.6264e-12,-1.5435e-06,-6.0747e-21,-1.8807e-05,-3.1571e-06,-9.3083e-07,-1.8698e-05,-6.9686e-06,5.4255e-15,0.001218,6.8882e-05,8.3518e-05,-0.00064724,0.0088241,0.0012216,0.042557,-3.9333e-15,-5.1719e-11,0.03972,0.0010055,-9.6398e-06,-0.00022637,-0.00033196,3.1333e-09,1.9169e-08,-1.2166e-07,-7.3294e-06,-9.1012e-05,-1.0373e-08,2.5722e-10,-2.1177e-06,-2.4423e-05,-7.2861e-05,0.0025634,0.28779,0.049804,0.26104,0.43743,0.043549,0.0090535,0.00028831,-6.8839e-19,0.00045321,0.0031625,0.0067255,0.045871,0.0034146,0.00046086,0.0012211,1.2692e-09,-3.8215e-14,9.9912e-14,2.1216,6.1375,9.112e-15,5.9921e-18,-0.0001985,-0.00065833,2.7366e-06,-1.382e-05,-7.1267e-10,0.012446,1.5674e-06,-9.2425e-06,1.6087e-08,7.2128e-06,-1.9969e-06,-5.171e-08,1.8867e-05,-0.00064901,-0.00056369,-0.0001797,1.2616e-20,2.9999e-21,-1.6278e-23,2.3186e-07,3.9494e-07,1.8265e-08,-1.5009e-22,5.942e-26,-3.5501e-24,1.8741e-11,1.6618e-11,-1.3009e-12,4.7927e-12,9.2453e-12,-3.5625e-21,-7.6391e-21,-9.5429e-05,-0.00011376,-1.6843e-11,-9.106e-22
5.3284e-18,0.080554,0.058373,0.0030451,0.0027654,0.0018046,-1.603e-05,-2.2446e-06,-6.406e-08,0.00039287,0.00028592,-4.0457e-09,-1.4546e-10,2.6994e-09,3.2228e-10,6.1422e-09,1.1783e-09,-8.9221e-10,-7.2446e-10,4.2388e-10,1.6332e-10,-5.3887e-11,-1.5361e-11,4.1464e-19,9.8762e-10,9.9437e-09,0.01393,0.093118,0.01566,1.0143e-10,4.763e-11,0.0017162,0.00097237,-6.7598e-07,3.1168e-05,-1.4891e-05,-1.3252e-05,-1.6115e-16,0.00036025,-6.0327e-07,-3.6904e-06,-8.3614e-10,-1.7752e-09,3.1105e-09,-1.6528e-09,3.7382e-16,-1.3655e-15,-1.2622e-15,-3.5099e-16,-5.4994e-08,3.0853e-05,-1.2747e-10,2.8304e-11,-5.5788e-12,2.3745e-06,1.9039e-20,2.8932e-05,4.8568e-06,9.5417e-06,0.00019165,7.1428e-05,-8.3467e-15,-0.0018625,-0.00010491,-0.00012848,0.00096221,0.01845,-0.0018678,0.015017,4.042e-14,7.9564e-11,0.04958,0.0031662,0.00016015,0.0051697,0.00051068,-3.2117e-08,-1.9648e-07,1.247e-06,1.1276e-05,0.00014003,1.0633e-07,-4.069e-10,3.2578e-06,3.7571e-05,0.00011209,-0.0039224,0.10269,0.019772,-0.02306,0.089915,0.036127,0.017527,0.0016305,5.4968e-18,0.011414,0.03505,0.0066597,0.059688,0.012413,-0.0006967,-0.0018723,-1.3009e-08,3.9239e-13,-1.0156e-12,0.61297,2.1529,-9.3151e-14,-3.8356e-17,0.00030537,0.0010128,-4.2099e-06,2.1261e-05,7.3049e-09,0.0049616,-2.4113e-06,1.4218e-05,-2.4748e-08,-7.3654e-05,2.0468e-05,7.955e-08,-2.9025e-05,0.0010183,0.00086716,0.00027645,1.4099e-20,1.334e-21,4.3748e-22,-3.5613e-07,-6.0761e-07,-2.8098e-08,2.3711e-22,8.974e-25,6.021e-24,-1.921e-10,-1.7034e-10,2.0013e-12,-7.373e-12,-1.4223e-11,1.5685e-20,1.9555e-20,0.00014681,0.000175,2.5911e-11,2.6152e-20
1.0201e-17,0.035657,0.0627,0.0062662,-0.0013242,-0.00061352,3.5576e-05,5.6683e-06,2.4547e-08,-0.00015054,-0.00010956,1.5503e-09,5.5738e-11,-1.0344e-09,-1.235e-10,-2.3537e-09,-4.5154e-10,3.4189e-10,2.7761e-10,-1.6243e-10,-6.2585e-11,9.8945e-12,4.2788e-11,9.6227e-19,-3.3099e-10,-2.2161e-08,-0.0047341,0.057483,-0.005136,-1.5247e-10,-1.0295e-10,-0.0045529,-0.0027086,1.883e-06,-8.6818e-05,4.1478e-05,1.9367e-05,6.1783e-17,-0.00084736,1.6804e-06,1.028e-05,2.3288e-09,4.9449e-09,-8.6645e-09,4.6039e-09,-1.4324e-16,5.2327e-16,4.8367e-16,1.345e-16,2.096e-08,-1.1823e-05,4.8847e-11,-1.0846e-11,2.1378e-12,-9.0989e-07,-7.3589e-21,-1.1087e-05,-1.8611e-06,-2.6579e-05,-0.00053385,-0.00019896,3.1981e-15,0.00071454,4.0134e-05,4.9234e-05,-0.00027404,0.015971,0.00071572,-0.0050732,-1.1257e-13,-3.0487e-11,0.027418,0.019243,0.00021855,0.017045,-0.00019569,8.9462e-08,5.4731e-07,-3.4736e-06,-4.3209e-06,-5.3718e-05,-2.9618e-07,1.8755e-10,-1.2484e-06,-1.4397e-05,-4.2951e-05,0.0015031,-0.034736,-0.0067609,0.012033,-0.028002,0.032521,0.011633,0.011693,1.0553e-17,0.024985,0.079975,0.027601,0.057375,0.016315,0.0002414,0.00073272,3.6238e-08,-1.093e-12,2.8296e-12,-0.20208,-0.72684,2.5913e-13,5.8022e-18,-0.00011702,-0.00038808,1.6132e-06,-8.1471e-06,-2.0348e-08,-0.0016972,9.24e-07,-5.4484e-06,9.4834e-09,0.00020505,-5.7015e-05,-3.0483e-08,1.1122e-05,-0.00044652,-0.00033229,-0.00010593,-1.0907e-21,1.0173e-21,1.1841e-23,1.349e-07,2.3297e-07,1.0767e-08,-8.0575e-23,2.1142e-24,-1.8369e-24,5.351e-10,4.7447e-10,-7.669e-13,2.8253e-12,5.4501e-12,-6.0148e-21,-4.0338e-21,-5.6255e-05,-6.706e-05,-9.9291e-12,-5.0786e-21
7.9212e-18,0.067489,0.072897,0.011897,0.00047801,7.6032e-05,-2.8784e-05,-4.6843e-06,-3.0421e-09,1.8657e-05,1.3578e-05,-1.9212e-10,-6.9074e-12,1.2819e-10,1.5304e-11,2.9168e-10,5.5958e-11,-4.237e-11,-3.4403e-11,2.0129e-11,7.7559e-12,7.6803e-12,-3.5863e-11,-4.2532e-20,1.714e-12,1.7943e-08,0.00055751,-0.0049686,0.00044535,1.1297e-10,8.2898e-11,0.0097956,0.0022917,-1.5782e-06,7.2766e-05,-3.4765e-05,-1.4233e-05,-7.6169e-18,0.0047956,-1.4084e-06,-8.6159e-06,-1.9518e-09,-4.1446e-09,7.2622e-09,-3.8587e-09,1.7752e-17,-6.4847e-17,-5.994e-17,-1.6668e-17,-2.5034e-09,1.4652e-06,-6.0535e-12,1.3441e-12,-2.6493e-13,1.1276e-07,2.906e-21,1.3739e-06,2.3064e-07,2.2277e-05,0.00045621,0.00016892,-3.964e-16,-8.9251e-05,-4.9191e-06,-6.1014e-06,-4.444e-05,-0.0013421,-8.8697e-05,0.00062871,9.4348e-14,3.7772e-12,-0.0020713,0.047589,0.00024213,0.020364,2.4251e-05,-7.4983e-08,-4.5873e-07,2.9114e-06,5.3561e-07,6.7057e-06,2.4824e-07,-4.9436e-11,1.5471e-07,1.7842e-06,5.3228e-06,-0.00018627,0.0043047,0.00083786,-0.0014912,0.0034702,-0.0027033,-0.00091414,0.016068,9.2533e-18,0.018698,0.080561,0.035644,0.035811,0.023409,-8.7394e-06,-0.00010342,-3.0372e-08,9.161e-13,-2.3717e-12,0.025043,0.090075,-2.1722e-13,1.0898e-17,1.4501e-05,4.8094e-05,-1.9992e-07,1.0096e-06,1.7055e-08,0.00021033,-1.1451e-07,6.7521e-07,-1.1752e-09,-0.00017185,4.7787e-05,3.7777e-09,-1.3784e-06,0.00010195,4.118e-05,1.3128e-05,-6.6889e-22,3.0228e-22,-3.4553e-23,-1.542e-08,-2.8979e-08,-1.3343e-09,8.5953e-24,-3.1404e-25,1.2556e-25,-4.4849e-10,-3.9768e-10,9.504e-14,-3.5013e-13,-6.7542e-13,4.9678e-22,2.4397e-21,6.9716e-06,8.3106e-06,1.2305e-12,1.1781e-21
1.1552e-17,0.057332,0.05913,0.021501,0.0040735,5.9183e-05,-0.00013211,-2.1568e-05,-2.3679e-09,1.4522e-05,1.0569e-05,-1.4955e-10,-5.3767e-12,9.9783e-11,1.1913e-11,2.2704e-10,4.3557e-11,-3.298e-11,-2.6779e-11,1.5669e-11,6.0372e-12,4.6064e-11,-1.6546e-10,-6.6954e-20,-1.7557e-10,8.2364e-08,0.00030264,-0.0052013,-0.00051362,5.1136e-10,3.8021e-10,0.060081,0.024877,-7.2814e-06,0.00033572,-0.0001604,-6.4336e-05,-6.3197e-18,0.020325,-6.4981e-06,-3.9751e-05,-9.0052e-09,-1.9122e-08,3.3505e-08,-1.7803e-08,1.3818e-17,-5.0477e-17,-4.6657e-17,-1.2974e-17,-1.5251e-09,1.1405e-06,-4.712e-12,1.0463e-12,-2.0622e-13,8.7771e-08,7.1181e-20,1.0695e-06,1.7953e-07,0.00010278,0.0079347,0.0022137,-3.0857e-16,-7.2621e-05,-3.5835e-06,-4.7493e-06,-0.00038746,-0.001162,-6.9041e-05,0.00048938,4.353e-13,2.9357e-12,-0.0016123,0.095112,0.00020665,0.0035098,1.8878e-05,-3.4595e-07,-2.1164e-06,1.3432e-05,4.1754e-07,5.4385e-06,1.1453e-06,-1.5637e-10,1.2043e-07,1.3888e-06,4.1433e-06,-0.00014499,0.0033508,0.00065219,-0.0011607,0.0027012,-0.0021042,-0.00071156,0.0028862,1.5718e-18,0.0028122,0.0135,0.0063313,0.028766,0.044787,8.8509e-05,-0.00013731,-1.4013e-07,4.2266e-12,-1.0942e-11,0.019494,0.070114,-1.0022e-12,3.9865e-18,1.1288e-05,3.7436e-05,-1.5562e-07,7.859e-07,7.8685e-08,0.00016372,-8.9133e-08,5.2558e-07,-9.1481e-10,-0.00079284,0.00022047,2.9407e-09,-1.0729e-06,0.00028919,3.2054e-05,1.0219e-05,-1.1899e-21,-3.3609e-22,3.1763e-23,-6.1616e-09,-2.3046e-08,-1.0386e-09,8.7429e-24,-2.3866e-25,1.8472e-25,-2.0692e-09,-1.8348e-09,7.3978e-14,-2.7254e-13,-5.2574e-13,6.5331e-22,1.8315e-21,5.4266e-06,6.4689e-06,9.578e-13,3.4323e-22
2.8692e-18,0.022471,0.030175,0.010629,0.0023056,-3.9222e-05,0.00061787,0.00010093,1.5693e-09,-9.6241e-06,-7.0042e-06,9.9109e-11,3.5633e-12,-6.6129e-11,-7.8949e-12,-1.5047e-10,-2.8866e-11,2.1857e-11,1.7747e-11,-1.0384e-11,-4.001e-12,-2.243e-10,7.7454e-10,2.0998e-19,9.715e-10,-3.8522e-07,0.00043425,0.023968,0.0060048,-2.3857e-09,-1.778e-09,0.034736,0.014852,3.4085e-05,-0.0015716,0.00075084,0.00030008,4.0793e-18,0.01139,3.0419e-05,0.00018608,4.2155e-08,8.9512e-08,-1.5684e-07,8.3339e-08,-9.1575e-18,3.3452e-17,3.092e-17,8.5985e-18,-1.0367e-09,-7.5583e-07,3.1227e-12,-6.9338e-13,1.3667e-13,-5.8168e-08,2.0778e-19,-7.0875e-07,-1.1898e-07,-0.00048113,0.019585,0.003214,2.0438e-16,6.3349e-05,1.1882e-06,3.1475e-06,0.0034327,0.0015428,4.5755e-05,-0.00032432,-2.0377e-12,-1.9241e-12,0.0010685,0.13413,-0.00084069,-0.0020251,-1.2514e-05,1.6194e-06,9.9074e-06,-6.2879e-05,-2.7971e-07,-4.6618e-06,-5.3614e-06,6.7351e-10,-7.9841e-08,-9.2057e-07,-2.7458e-06,9.6089e-05,-0.0022206,-0.00043222,0.00076923,-0.0017901,0.0013945,0.00047157,-0.0018412,-8.064e-19,-0.0017765,-0.0085813,-0.0040368,0.018135,0.041948,-0.00051939,0.00036557,6.5597e-07,-1.9785e-11,5.1223e-11,-0.012919,-0.046466,4.6916e-12,1.0026e-19,-7.4807e-06,-2.481e-05,1.0313e-07,-5.2083e-07,-3.6834e-07,-0.0001085,5.9071e-08,-3.4831e-07,6.0626e-10,0.0052876,-0.00093149,-1.9495e-09,7.1104e-07,-0.0012059,-2.1243e-05,-6.7722e-06,1.2748e-20,5.1213e-21,7.5611e-22,-2.4153e-08,1.7638e-08,6.8833e-10,-3.7861e-24,7.2997e-25,5.2866e-25,9.6863e-09,8.5889e-09,-4.9027e-14,1.8062e-13,3.4842e-13,-3.3449e-22,-5.4546e-22,-3.5963e-06,-4.2871e-06,-6.3475e-13,-4.9289e-22
-4.7509e-19,0.026146,0.01247,-0.0023222,-0.00049588,1.0742e-05,-0.0012178,-0.00019893,-4.2981e-10,2.6359e-06,1.9183e-06,-2.7145e-11,-9.7592e-13,1.8112e-11,2.1623e-12,4.1211e-11,7.906e-12,-5.9862e-12,-4.8607e-12,2.844e-12,1.0958e-12,4.4457e-10,-1.5268e-09,3.2085e-19,-1.9569e-09,7.5925e-07,-0.0013741,0.029426,0.0087159,4.7005e-09,3.5043e-09,-0.0077612,-0.0033918,-6.7189e-05,0.0034814,-0.00148,-0.00059122,-1.1501e-18,-0.0025354,-5.9961e-05,-0.0003668,-8.3095e-08,-1.7645e-07,3.0917e-07,-1.6428e-07,2.5082e-18,-9.1621e-18,-8.4687e-18,-2.355e-18,4.3321e-09,2.0701e-07,-8.5527e-13,1.8991e-13,-3.7431e-14,1.5931e-08,1.4147e-19,1.9412e-07,3.2587e-08,0.0010877,0.017044,0.0020137,-5.5917e-17,-4.7447e-05,2.021e-06,-8.6204e-07,0.014178,0.00099115,-1.2532e-05,8.8828e-05,4.0167e-12,4.8462e-13,-0.00029264,0.1031,0.0018117,0.00014048,3.4333e-06,-3.1922e-06,-1.9529e-05,0.00012395,8.2526e-08,3.368e-06,1.0568e-05,-1.3112e-09,2.1924e-08,2.5244e-07,7.5205e-07,-2.6317e-05,0.0006082,0.00011838,-0.00021068,0.00049029,-0.00038193,-0.00012916,0.00050428,2.3537e-19,0.00048655,0.0023503,0.0011056,0.010836,0.040656,0.0012452,-0.00064303,-1.293e-06,3.9001e-11,-1.0097e-10,0.0035383,0.012726,-9.2481e-12,9.7742e-20,2.0489e-06,6.795e-06,-2.8246e-08,1.4265e-07,7.2607e-07,2.9716e-05,-1.6179e-08,9.5398e-08,-1.6605e-10,0.011876,0.0034202,5.3521e-10,-1.9474e-07,0.0025278,5.8182e-06,1.8548e-06,2.0075e-20,1.1361e-21,-4.8481e-22,6.2445e-08,-9.5055e-09,-1.8852e-10,5.6837e-24,-4.7009e-25,-1.7812e-24,-1.9094e-08,-1.693e-08,1.3428e-14,-4.9469e-14,-9.5427e-14,1.0071e-22,2.0772e-22,9.8498e-07,1.1742e-06,1.7385e-13,2.7004e-23
-1.089e-18,0.076592,0.015466,-9.5896e-05,-1.6306e-05,4.4943e-07,-0.00031376,-5.1255e-05,-1.7982e-11,1.1028e-07,8.0258e-08,-1.1357e-12,-4.083e-14,7.5774e-13,9.0465e-14,1.7241e-12,3.3077e-13,-2.5045e-13,-2.0336e-13,1.1899e-13,4.5846e-14,1.1463e-10,-3.9337e-10,1.1591e-19,-5.0565e-10,1.9562e-07,-0.00037208,0.010875,0.00019475,1.211e-09,9.0286e-10,-0.00032471,-0.00015699,-1.7311e-05,0.022148,-0.00038133,-0.00015232,2.9254e-20,-0.00010607,-1.5449e-05,-9.4507e-05,-2.1409e-08,-4.5461e-08,7.9658e-08,-4.2326e-08,1.0598e-19,-3.8331e-19,-3.5431e-19,-9.8492e-20,1.1959e-09,8.6607e-09,-3.5782e-14,7.9452e-15,-1.566e-15,6.6653e-10,-3.2954e-19,8.1214e-09,1.3633e-09,0.007997,0.00035132,3.8066e-05,-2.1876e-18,-9.5285e-06,6.7266e-07,-3.6066e-08,0.02095,1.8335e-05,-5.2429e-07,3.7163e-06,1.0349e-12,9.6566e-15,-1.2243e-05,0.035066,0.010889,-9.7931e-05,1.4514e-07,-8.2248e-07,-5.0318e-06,3.1935e-05,4.9361e-09,6.6503e-07,2.7229e-06,-3.3727e-10,9.3155e-10,1.064e-08,3.1466e-08,-1.1011e-06,2.5445e-05,4.9526e-06,-8.8143e-06,2.0513e-05,-1.5979e-05,-5.4035e-06,2.1098e-05,7.3142e-21,2.0356e-05,9.833e-05,4.6256e-05,0.011745,0.05313,0.010957,-0.00016297,-3.3315e-07,1.0049e-11,-2.6015e-11,0.00014803,0.00053244,-2.3828e-12,1.0554e-19,8.5719e-08,2.8429e-07,-1.1817e-09,5.968e-09,1.8707e-07,1.2432e-06,-6.7687e-10,3.9912e-09,-6.9469e-12,0.010488,0.010279,2.2711e-11,-8.147e-09,0.011288,2.4342e-07,7.76e-08,7.4525e-20,4.7463e-22,1.4192e-24,1.6606e-08,-1.5694e-09,-7.8873e-12,-1.8454e-23,-2.5548e-24,5.8052e-27,-4.9195e-09,-4.3621e-09,5.6178e-16,-2.0696e-15,-3.9924e-15,5.2497e-24,2.356e-23,4.1209e-08,4.9124e-08,7.2734e-15,2.6845e-23
-8.5396e-19,0.095227,0.017836,0.00037485,-5.3216e-05,-1.9199e-06,0.01455,0.0023768,7.6815e-11,-4.7109e-07,-3.4285e-07,4.8513e-12,1.7442e-13,-3.2369e-12,-3.8645e-13,-7.3652e-12,-1.413e-12,1.0699e-12,8.6871e-13,-5.0828e-13,-1.9584e-13,-3.1472e-09,1.0799e-08,-6.2135e-19,1.3888e-08,-5.3701e-06,0.02226,0.023205,-0.00082153,-3.3244e-08,-2.4786e-08,0.0013871,0.001088,0.00047523,0.041917,0.020091,0.0069292,3.91e-19,0.00045312,0.0018941,0.005037,5.8774e-07,1.248e-06,-2.1868e-06,1.162e-06,-4.4795e-19,1.6377e-18,1.5137e-18,4.2094e-19,-3.3187e-08,-3.6997e-08,1.5285e-13,-3.394e-14,6.6896e-15,-2.8473e-09,-6.7959e-19,-3.4693e-08,-5.8239e-09,0.017317,-0.0014996,-0.00016148,1.0063e-17,0.00024946,-1.9149e-05,1.5406e-07,0.0062119,-7.8253e-05,2.2397e-06,-1.5875e-05,-2.8411e-11,2.5275e-13,5.2303e-05,0.06178,0.01992,0.0072819,-6.6146e-07,2.2579e-05,0.00013813,-0.00087668,-6.2139e-08,-1.7346e-05,-7.4751e-05,9.2564e-09,-4.3752e-09,-4.7624e-08,-1.3446e-07,4.704e-06,-0.0001087,-2.1157e-05,3.7653e-05,-8.7625e-05,6.8259e-05,2.3083e-05,-9.0126e-05,-7.6095e-20,-8.6956e-05,-0.00042004,-0.00019759,0.003422,0.032894,0.026599,0.0084541,9.1458e-06,-2.7586e-10,7.1418e-10,-0.00063236,-0.0022745,6.5413e-11,6.8969e-20,-3.6617e-07,-1.2144e-06,5.0481e-09,-2.5494e-08,-5.1355e-06,-5.3109e-06,2.8914e-09,-1.7049e-08,2.9676e-11,0.002619,0.0034116,-1.0584e-10,3.479e-08,0.011665,-1.0398e-06,-3.3149e-07,4.2599e-20,-9.0199e-21,7.6049e-22,-4.5818e-07,3.913e-08,3.3693e-11,-4.1038e-24,1.692e-23,1.7329e-23,1.3505e-07,1.1975e-07,-2.3998e-15,8.8411e-15,1.7055e-14,-1.9543e-23,-1.9221e-23,-1.7604e-07,-2.0985e-07,-3.107e-14,-1.9118e-23
-8.078e-19,0.050831,0.0091214,-5.144e-05,0.00042177,8.4141e-07,0.012288,0.0020073,-3.3665e-11,2.0646e-07,1.5026e-07,-2.1262e-12,-7.6441e-14,1.4186e-12,1.6937e-13,3.2279e-12,6.1926e-13,-4.6888e-13,-3.8073e-13,2.2276e-13,8.5831e-14,9.9971e-09,-3.4302e-08,-1.5867e-18,-4.4118e-08,1.7058e-05,0.052012,0.032973,0.00032808,1.056e-07,7.873e-08,-0.00060791,-0.0018302,-0.0015095,0.026217,0.03312,0.0053574,9.1219e-19,-0.00019859,0.0094198,0.0085999,-1.8669e-06,-3.9643e-06,6.9462e-06,-3.6909e-06,1.9682e-19,-7.1809e-19,-6.6329e-19,-1.8443e-19,1.056e-07,1.6214e-08,-6.6991e-14,1.4875e-14,-2.9319e-15,1.2479e-09,-4.1156e-19,1.5205e-08,2.5524e-09,0.011126,0.00065724,6.7577e-05,-4.2464e-18,-0.00078629,6.117e-05,-6.7521e-08,-0.0024707,3.4296e-05,-9.8157e-07,6.9576e-06,9.0245e-11,-1.0641e-12,-2.2928e-05,0.06066,0.016224,0.017356,4.2435e-07,-7.1721e-05,-0.00035609,0.0036681,1.6036e-07,5.4638e-05,0.00023744,-2.9401e-08,3.2011e-09,2.7915e-08,5.9087e-08,-2.063e-06,4.7638e-05,9.2722e-06,-1.6502e-05,3.8403e-05,-2.9916e-05,-1.0116e-05,3.9499e-05,-7.0361e-21,3.811e-05,0.00018409,8.6599e-05,-0.0013588,0.0081631,0.016217,0.013512,-2.9051e-05,8.7625e-10,-2.2685e-09,0.00027714,0.00099682,-2.0778e-10,6.7687e-21,1.6048e-07,5.3223e-07,-2.2124e-09,1.1173e-08,1.6313e-05,2.3276e-06,-1.2672e-09,7.4722e-09,-1.3006e-11,-0.0010231,-0.0013707,7.5006e-11,-1.5206e-08,0.0050301,4.5572e-07,1.4528e-07,-1.1184e-20,-1.157e-21,1.5908e-21,1.4566e-06,-1.223e-07,-1.4766e-11,1.6683e-23,-3.4662e-23,-9.2083e-24,-4.2898e-07,-3.8038e-07,1.0518e-15,-3.8748e-15,-7.4745e-15,6.6475e-24,1.0785e-23,7.7151e-08,9.1969e-08,1.3617e-14,6.2611e-24
1.0011e-19,-0.0017401,-0.0010334,-0.00012409,-0.00054142,-1.4399e-07,-0.0015148,-0.00024746,5.761e-12,-3.5331e-08,-2.5713e-08,3.6384e-13,1.3081e-14,-2.4276e-13,-2.8983e-14,-5.5238e-13,-1.0597e-13,8.0238e-14,6.5152e-14,-3.812e-14,-1.4688e-14,-1.186e-08,4.0693e-08,-2.3344e-18,5.2337e-08,-2.0236e-05,0.06697,0.03019,-1.8496e-05,-1.2527e-07,-9.3398e-08,0.00010403,0.001974,0.0018482,0.0018798,0.02624,0.0058089,1.7452e-18,3.3983e-05,0.012056,0.0062852,2.2147e-06,4.7028e-06,-8.2404e-06,4.3785e-06,-3.3821e-20,1.2267e-19,1.1346e-19,3.1538e-20,-1.253e-07,-2.7747e-09,1.1464e-14,-2.5455e-15,5.0172e-16,-2.1354e-10,4.7476e-20,-2.6019e-09,-4.3678e-10,-0.0013177,-0.00011247,-7.802e-06,8.2019e-19,0.00096529,-7.2622e-05,1.1555e-08,0.0004228,-5.8689e-06,1.6797e-07,-1.1906e-06,-1.0706e-10,1.3048e-12,3.9297e-06,0.013373,0.01276,0.019051,-2.3095e-07,8.7539e-05,0.0022005,0.014309,-1.8422e-07,-6.4742e-05,-0.00028168,3.4878e-08,-2.0595e-09,-1.3072e-08,-1.0296e-08,3.5472e-07,-8.1521e-06,-1.5867e-06,2.8239e-06,-6.5717e-06,5.1193e-06,1.7312e-06,-6.7593e-06,-3.4663e-21,-6.5215e-06,-3.1503e-05,-1.4819e-05,0.00023252,-0.00065437,-0.0006949,0.014224,4.9559e-05,-1.0395e-09,2.6912e-09,-4.7426e-05,-0.00017058,2.4649e-10,6.6252e-21,-2.7462e-08,-9.1079e-08,3.786e-10,-1.912e-09,-1.9352e-05,-3.9831e-07,2.1685e-10,-1.2787e-09,2.2256e-12,0.00017507,0.00023456,-4.6539e-11,2.5543e-09,-0.00054566,-7.7985e-08,-2.4861e-08,-2.4296e-22,-6.8928e-22,2.7241e-22,-1.7281e-06,1.4476e-07,2.5269e-12,-1.3053e-23,5.8117e-23,-1.455e-23,5.089e-07,4.5125e-07,-1.7998e-16,6.6307e-16,1.2791e-15,-2.366e-24,-2.0638e-24,-1.3202e-08,-1.5738e-08,-2.3302e-15,-2.6273e-24
-3.4325e-20,-0.0017437,-0.00042595,-0.00036388,-0.0013274,-5.9351e-08,-0.00062441,-0.000102,2.3747e-12,-1.4563e-08,-1.0599e-08,1.4997e-13,5.392e-15,-1.0007e-13,-1.1947e-14,-2.2769e-13,-4.3681e-14,3.3074e-14,2.6856e-14,-1.5713e-14,-6.0543e-15,-2.8772e-08,9.8722e-08,-2.6206e-18,1.2697e-07,-4.9092e-05,0.07883,0.031033,8.0968e-05,-3.0391e-07,-2.2658e-07,4.2881e-05,0.020243,0.017809,0.01035,0.010898,0.019596,1.0453e-18,1.4008e-05,0.0016059,0.00072146,5.373e-06,1.1409e-05,-1.9991e-05,1.0622e-05,-9.6727e-21,5.2437e-20,4.6871e-20,1.3141e-20,-3.0399e-07,-1.1437e-09,4.7254e-15,-1.0492e-15,2.0681e-16,-8.8021e-11,2.0851e-20,-1.0725e-09,-1.8004e-10,-0.00054314,-4.636e-05,5.6372e-06,-2.7936e-19,0.010116,-0.0001762,4.7628e-09,0.00017428,-2.4191e-06,6.9238e-08,-4.9072e-07,-2.5972e-10,3.1797e-12,1.6343e-06,0.00021847,0.028541,0.012354,-4.6781e-07,0.00078228,0.011352,0.021001,-4.4487e-07,-0.00015704,-0.00068336,8.4615e-08,-4.4063e-09,-2.4907e-08,-4.6789e-09,1.5019e-07,-3.3603e-06,-6.5405e-07,1.164e-06,-2.7089e-06,2.1102e-06,7.1359e-07,-2.7862e-06,3.3636e-21,-2.6882e-06,-1.2985e-05,-6.1085e-06,9.5845e-05,-0.00015151,0.010451,0.021721,0.0036236,-2.5218e-09,6.5288e-09,-1.9549e-05,-7.0313e-05,5.9799e-10,3.247e-21,-1.132e-08,-3.7543e-08,1.5606e-10,-7.8814e-10,-4.6948e-05,-1.6418e-07,8.9387e-11,-5.2707e-10,9.1741e-13,7.2166e-05,9.6687e-05,-9.8498e-11,9.4003e-10,-0.00022485,-3.2146e-08,-1.0248e-08,2.5441e-21,-8.9704e-22,-8.7112e-22,-4.1925e-06,3.5108e-07,1.0416e-12,-5.6542e-23,1.5933e-22,2.9167e-22,1.2346e-06,1.0947e-06,-7.4189e-17,2.7332e-16,5.2724e-16,-9.608e-25,-7.6757e-25,-5.4421e-09,-6.4873e-09,-9.6052e-16,-7.9003e-25
-3.3079e-21,0.0014789,0.00035905,0.0030451,0.010788,5.003e-08,0.00052635,8.5983e-05,-2.0018e-12,1.2276e-08,8.9344e-09,-1.2642e-13,-4.5452e-15,8.4352e-14,1.0071e-14,1.9193e-13,3.6821e-14,-2.788e-14,-2.2638e-14,1.3246e-14,5.1037e-15,1.6813e-07,-5.769e-07,-4.8896e-18,-7.4198e-07,0.00028688,0.14398,0.02422,-0.00060196,1.776e-06,1.3241e-06,-3.6147e-05,0.040153,0.030615,0.0063716,0.0017361,0.0097295,-2.1169e-19,-1.1808e-05,-0.001324,-0.00059168,-3.1398e-05,-6.6671e-05,0.00011682,-6.2073e-05,2.1957e-20,-3.637e-20,-3.8371e-20,-1.0798e-20,1.7764e-06,9.6411e-10,-3.9833e-15,8.8446e-16,-1.7433e-16,7.4198e-11,-1.7092e-20,9.0407e-10,1.5177e-10,0.00045785,3.908e-05,-5.8086e-05,-3.312e-19,0.020092,0.0014293,-4.0148e-09,-0.00014691,2.0392e-06,-5.8364e-08,4.1339e-07,1.5177e-09,-1.8596e-11,-1.4649e-06,-0.00013755,0.047917,0.018506,2.6391e-06,0.0011251,0.020536,0.0085725,2.5976e-06,0.0012738,0.0064751,-4.9446e-07,2.5145e-08,1.3859e-07,6.5639e-09,-1.5053e-07,2.8326e-06,5.5133e-07,-9.8122e-07,2.2835e-06,-1.7788e-06,-6.0152e-07,2.3486e-06,5.9702e-21,2.266e-06,1.0946e-05,5.1492e-06,-8.0793e-05,-0.00058446,0.014451,0.038926,0.016671,1.4737e-08,-3.8152e-08,1.6479e-05,5.9269e-05,-3.4944e-09,-3.0805e-21,9.5422e-09,3.1647e-08,-1.3155e-10,6.6436e-10,0.00093099,1.384e-07,-7.5349e-11,4.443e-10,-7.7333e-13,-6.0832e-05,-8.1503e-05,5.6084e-10,-1.1268e-10,0.00018911,2.7097e-08,8.6385e-09,-1.3041e-21,3.3259e-21,-2.8452e-21,2.45e-05,-2.0515e-06,-8.7802e-13,5.906e-22,-6.678e-22,-3.6142e-22,-7.2146e-06,-6.3972e-06,6.2538e-17,-2.3039e-16,-4.4444e-16,-7.4934e-24,-3.8022e-25,4.5874e-09,5.4685e-09,8.0968e-16,6.8497e-25
-8.6869e-20,-0.0004656,-0.00011304,0.003622,0.012778,-1.575e-08,-0.0001657,-2.7069e-05,6.3019e-13,-3.8648e-09,-2.8127e-09,3.98e-14,1.4309e-15,-2.6556e-14,-3.1704e-15,-6.0424e-14,-1.1592e-14,8.7771e-15,7.1269e-15,-4.17e-15,-1.6066e-15,-3.8363e-07,1.3163e-06,-4.9037e-18,1.693e-06,-0.00065458,0.13405,0.026638,0.0016915,-4.0522e-06,-3.0212e-06,1.138e-05,0.02993,0.021131,-0.0017384,-0.00035398,-0.0025978,1.3913e-20,3.7174e-06,0.00041683,0.00018627,7.1641e-05,0.00015212,-0.00026655,0.00014163,1.0314e-20,1.9603e-20,1.3912e-20,4.1366e-21,-4.0533e-06,-3.0352e-10,1.254e-15,-2.7844e-16,5.4882e-17,-2.3359e-11,2.1977e-21,-2.8462e-10,-4.7779e-11,-0.00014414,-1.2303e-05,0.00014087,4.8724e-19,0.014969,0.0016924,1.2639e-09,4.625e-05,-6.4198e-07,1.8374e-08,-1.2953e-07,-3.463e-09,4.2436e-11,6.6181e-07,4.3377e-05,0.063808,0.014896,-5.9902e-06,0.00053185,0.014838,-0.0022201,-5.9263e-06,0.0015088,0.01648,1.1282e-06,-5.7174e-08,-3.139e-07,-8.0877e-09,1.0239e-07,-8.9175e-07,-1.7357e-07,3.089e-07,-7.1887e-07,5.6e-07,1.8937e-07,-7.3939e-07,-1.5665e-21,-7.1338e-07,-3.446e-06,-1.6211e-06,2.5435e-05,0.0019904,0.012193,0.030508,0.016078,-3.3625e-08,8.7052e-08,-5.1879e-06,-1.8655e-05,7.9733e-09,-1.936e-20,-3.0041e-09,-9.963e-09,4.1414e-11,-2.0915e-10,0.0063044,-4.357e-08,2.3721e-11,-1.3987e-10,2.4346e-13,1.9151e-05,2.5658e-05,-1.2748e-09,-1.5269e-09,-5.8563e-05,-8.5307e-09,-2.7195e-09,3.2571e-21,-6.9873e-21,5.1945e-21,-5.5901e-05,4.6808e-06,2.7641e-13,-8.7827e-23,1.6924e-21,2.7498e-21,1.6462e-05,1.4597e-05,-1.9689e-17,7.2532e-17,1.3992e-16,-1.9868e-23,-2.7325e-24,-1.4442e-09,-1.7216e-09,-2.549e-16,-2.6045e-25
7.5869e-22,1.696e-05,4.1176e-06,-7.8157e-05,-0.00027556,5.7374e-10,6.036e-06,9.8604e-07,-2.2956e-14,1.4078e-10,1.0246e-10,-1.4498e-15,-5.2123e-17,9.6733e-16,1.1549e-16,2.201e-15,4.2226e-16,-3.1972e-16,-2.5961e-16,1.5189e-16,5.8552e-17,8.9805e-08,-3.0814e-07,-1.2567e-18,-3.9632e-07,0.0001534,0.042722,0.040427,0.010339,9.4861e-07,7.0724e-07,-4.1452e-07,-0.00059713,-0.00041421,6.3323e-05,1.2877e-05,9.4628e-05,1.012e-19,-1.3541e-07,-1.5184e-05,-6.7853e-06,-1.6771e-05,-3.5611e-05,6.2482e-05,-3.3155e-05,-4.4641e-20,1.0574e-20,3.6062e-21,2.1268e-22,9.4886e-07,1.1056e-11,-4.5679e-17,1.0143e-17,-1.9991e-18,8.5088e-13,6.8236e-23,1.0368e-11,1.7404e-12,5.2505e-06,4.4815e-07,-3.3241e-05,-1.0047e-19,-0.00029859,-3.6496e-05,-4.6041e-11,-1.6847e-06,2.3385e-08,-6.6931e-10,4.5778e-09,8.1068e-10,-9.9342e-12,-7.0111e-08,-1.5973e-06,0.057556,-0.00016377,1.4013e-06,1.1804e-05,-0.00028886,7.7845e-05,1.3873e-06,-3.2603e-05,0.017445,-2.6411e-07,1.3378e-08,7.341e-08,1.6753e-09,-1.6341e-08,3.2483e-08,6.3225e-09,-1.1252e-08,2.6186e-08,-2.0399e-08,-6.8981e-09,2.6933e-08,-7.3467e-21,2.5986e-08,1.2553e-07,5.905e-08,-9.2652e-07,0.0061291,0.012942,-0.00065248,-0.00037967,7.8714e-09,-2.0378e-08,1.8898e-07,6.7861e-07,-1.8665e-09,-2.8504e-20,1.0943e-10,3.6292e-10,-1.5086e-12,7.6187e-12,0.010376,1.5871e-09,-8.6408e-13,5.0951e-12,-8.8684e-15,-6.9761e-07,-9.3465e-07,2.9827e-10,4.1387e-10,1.9101e-06,3.1074e-10,9.9064e-11,-6.6252e-22,-9.6439e-21,-1.0561e-20,1.3086e-05,-1.0958e-06,-1.0069e-14,-3.4902e-22,-4.7871e-24,1.2482e-21,-3.8536e-06,-3.417e-06,7.1459e-19,-2.6425e-18,-5.0967e-18,1.1105e-23,3.8228e-24,5.2607e-11,6.2712e-11,9.2852e-18,7.5552e-26
1.315e-20,6.5826e-05,1.5981e-05,-0.00030335,-0.0010695,2.2268e-09,2.3427e-05,3.827e-06,-8.9096e-14,5.4641e-10,3.9766e-10,-5.6269e-15,-2.023e-16,3.7544e-15,4.4823e-16,8.5427e-15,1.6389e-15,-1.2409e-15,-1.0076e-15,5.8955e-16,2.2715e-16,2.1465e-06,-7.3652e-06,-6.9938e-20,-9.4728e-06,0.0091071,0.046474,0.044158,0.020302,2.2674e-05,1.6904e-05,-1.6089e-06,-0.0023176,-0.0016076,0.00024578,4.9579e-05,0.00036728,4.7664e-20,-5.2557e-07,-5.8931e-05,-2.6335e-05,-0.00040086,-0.00085118,0.0042174,-0.00079248,-1.4617e-19,5.807e-21,-1.9592e-21,4.2275e-21,2.268e-05,4.2912e-11,-1.7729e-16,3.9367e-17,-7.7591e-18,3.3025e-12,8.1383e-22,4.0239e-11,6.755e-12,2.0378e-05,1.7394e-06,-0.00079551,-1.314e-21,-0.0011589,-0.00014165,-1.787e-10,-6.5388e-06,9.0764e-08,-2.5977e-09,1.4436e-08,1.9377e-08,-2.3745e-10,-1.3629e-06,-6.6072e-06,0.012922,0.0079407,3.349e-05,0.00051991,-0.0010044,0.00023041,3.3159e-05,-0.00012799,0.0040048,-6.3128e-06,3.1973e-07,1.7544e-06,3.924e-08,-3.6244e-07,1.2608e-07,2.4539e-08,-4.3673e-08,1.0163e-07,-7.9172e-08,-2.6773e-08,1.0454e-07,3.9972e-21,1.0086e-07,4.872e-07,2.2919e-07,-3.596e-06,0.0017083,0.012895,-0.003357,-0.0024407,1.8814e-07,-4.8709e-07,7.3346e-07,2.6119e-06,-4.4613e-08,-7.8976e-21,4.2472e-10,1.4086e-09,-5.8552e-12,2.957e-11,0.0026584,6.16e-09,-3.3537e-12,1.9775e-11,-3.442e-14,-2.7076e-06,-3.6276e-06,7.1286e-09,1.0101e-08,2.1231e-06,1.2061e-09,3.8449e-10,-1.173e-20,5.0083e-20,1.5163e-20,0.00031279,-2.6191e-05,-3.908e-14,1.267e-21,-1.0518e-20,-1.9046e-20,-9.2109e-05,-8.1673e-05,2.78e-18,-1.0256e-17,-1.9782e-17,-7.5936e-23,-4.9243e-23,2.0418e-10,2.434e-10,3.6038e-17,1.0646e-24
3.4228e-21,-3.3394e-05,-8.1074e-06,0.00015389,0.00054257,-1.1297e-09,-1.1885e-05,-1.9415e-06,4.5199e-14,-2.772e-10,-2.0174e-10,2.8546e-15,1.0263e-16,-1.9046e-15,-2.2739e-16,-4.3338e-15,-8.3141e-16,6.2952e-16,5.1116e-16,-2.9908e-16,-1.1525e-16,-7.8374e-06,2.6892e-05,6.7918e-19,3.4587e-05,0.01948,0.067106,0.056536,0.011605,-8.2785e-05,-6.1721e-05,8.1618e-07,0.0011757,0.00081556,-0.00012473,-2.3646e-05,-0.00018632,1.624e-20,2.6662e-07,2.9896e-05,1.336e-05,0.0021115,0.0037964,0.011309,0.0035346,-6.1933e-20,-2.9387e-20,-3.2467e-20,-8.3353e-21,-8.2808e-05,-2.1769e-11,8.994e-17,-1.9972e-17,3.9355e-18,-1.6754e-12,-1.023e-20,-2.0414e-11,-3.4269e-12,-1.0338e-05,-8.8241e-07,0.0039894,2.3436e-19,0.00058793,7.1861e-05,9.0654e-11,3.3172e-06,-4.6045e-08,1.3179e-09,5.1808e-09,-7.0749e-08,8.6696e-10,4.7854e-06,4.8826e-06,-0.0057511,0.019866,-0.00012227,-0.0020432,7.156e-05,0.00015232,-0.00012107,7.0373e-05,-0.0018447,2.3049e-05,-1.1674e-06,-6.4054e-06,-1.4278e-07,1.3062e-06,-6.3959e-08,-1.2449e-08,2.2156e-08,-5.156e-08,4.0165e-08,1.3582e-08,-5.3031e-08,1.2646e-20,-5.1166e-08,-2.4716e-07,-1.1627e-07,1.8243e-06,-0.00081455,0.015023,0.0061587,0.0062288,-6.8694e-07,1.7784e-06,-3.7209e-07,-1.2427e-06,1.6289e-07,3.1699e-21,-2.1546e-10,-7.1458e-10,2.9704e-12,-1.5001e-11,-0.0012599,-3.125e-09,1.7014e-12,-1.0032e-11,1.7462e-14,1.3736e-06,1.8403e-06,-2.6028e-08,-3.7006e-08,1.878e-05,-6.1185e-10,-1.9505e-10,4.7264e-20,-1.482e-19,9.3841e-20,-0.001142,9.5627e-05,1.9825e-14,-1.2004e-20,3.5768e-20,1.9745e-20,0.00033631,0.0002982,-1.3832e-18,5.1953e-18,1.0034e-17,-2.852e-22,5.6427e-24,-1.0358e-10,-1.2348e-10,-1.8282e-17,-1.2362e-24
9.6108e-23,7.1337e-06,1.7319e-06,-3.2874e-05,-0.00011591,2.4132e-10,2.5389e-06,4.1474e-07,-9.6555e-15,5.9215e-11,4.3095e-11,-6.098e-16,-2.1924e-17,4.0687e-16,4.8576e-17,9.2579e-16,1.7761e-16,-1.3448e-16,-1.092e-16,6.3896e-17,2.4599e-17,1.1826e-05,-4.0578e-05,5.1249e-19,-5.2189e-05,0.016192,0.061149,0.053932,-0.0018245,0.00012492,9.3133e-05,-1.7435e-07,-0.00025116,-0.00017422,2.6703e-05,2.7862e-06,3.9802e-05,6.9067e-20,-5.6957e-08,-6.3865e-06,-2.854e-06,0.0082801,0.0063763,0.01113,0.0059366,-1.532e-19,-8.0047e-20,2.2627e-21,8.1329e-22,0.00012495,4.6504e-12,-1.9218e-17,4.2651e-18,-8.4376e-19,3.579e-13,-3.4483e-20,4.3608e-12,7.3205e-13,2.2084e-06,1.885e-07,0.013146,3.8525e-19,-0.00012559,-1.5351e-05,-1.9366e-11,-7.0862e-07,9.8363e-09,-2.8152e-10,-1.9917e-08,1.0675e-07,-1.3082e-09,-7.1809e-06,-3.3456e-06,0.0015545,0.016457,0.00019334,0.0032854,0.00073257,-0.00043751,0.00018268,-2.322e-05,0.00033897,-3.4779e-05,1.7615e-06,9.6652e-06,2.1534e-07,-1.9673e-06,1.3663e-08,2.6594e-09,-4.7329e-09,1.1014e-08,-8.5801e-09,-2.9015e-09,1.1329e-08,1.4076e-20,1.093e-08,5.2799e-08,2.4837e-08,-3.8971e-07,0.00017401,0.023687,0.016398,0.015486,1.0365e-06,-2.6835e-06,7.9487e-08,1.4164e-07,-2.4579e-07,-6.3345e-22,4.6027e-11,1.5265e-10,-6.3454e-13,3.2046e-12,0.00026914,6.6757e-10,-3.6345e-13,2.1431e-12,-3.7302e-15,-2.9343e-07,-3.9313e-07,3.9274e-08,5.5865e-08,-3.3884e-05,1.307e-10,4.1668e-11,-8.215e-20,3.3539e-19,-9.2634e-21,0.0018058,-0.0001393,-4.2351e-15,3.0138e-20,-4.7726e-20,-6.1369e-20,-0.00050746,-0.00044997,3.5847e-19,-1.0911e-18,-2.1413e-18,6.4786e-22,2.0886e-22,2.2128e-11,2.6378e-11,3.9055e-18,5.7457e-24
-2.518e-23,1.5462e-06,3.7538e-07,-7.1254e-06,-2.5122e-05,5.2306e-11,5.5029e-07,8.9894e-08,-2.0928e-15,1.2835e-11,9.3407e-12,-1.3217e-16,-4.7519e-18,8.8189e-17,1.0529e-17,2.0066e-16,3.8496e-17,-2.9149e-17,-2.3666e-17,1.3843e-17,5.3643e-18,1.5193e-05,-5.213e-05,-1.7106e-18,-6.7047e-05,0.00085657,0.058905,0.022949,-0.00039545,0.00016048,0.00011965,-3.7791e-08,-5.4438e-05,-3.7762e-05,5.8606e-06,-2.2141e-06,8.627e-06,1.1896e-19,-1.2345e-08,-1.3843e-06,-6.1859e-07,0.012339,0.00058762,0.00093904,0.0005471,-1.6903e-19,-2.086e-20,8.5637e-21,-5.7712e-21,0.00016052,1.008e-12,-4.1729e-18,9.1883e-19,-1.8522e-19,7.7572e-14,-4.7473e-20,9.4519e-13,1.5867e-13,4.7867e-07,4.0857e-08,0.016971,1.7047e-19,-2.7222e-05,-3.3273e-06,-4.1974e-12,-1.5359e-07,2.132e-09,-6.1019e-11,-2.7719e-08,1.3715e-07,-1.6806e-09,-9.2183e-06,-3.5898e-06,0.00040928,0.0013266,0.0012612,0.023938,0.011267,-0.00059865,0.00023469,-1.5218e-05,4.916e-06,-4.4681e-05,2.263e-06,1.2417e-05,2.7663e-07,-2.5268e-06,2.9614e-09,5.764e-10,-1.0258e-09,2.3873e-09,-1.8597e-09,-6.2888e-10,2.4554e-09,1.8251e-20,2.3691e-09,1.1444e-08,5.3834e-09,-8.4468e-08,3.7715e-05,0.032098,0.031002,0.019105,1.3316e-06,-3.4475e-06,1.7228e-08,-1.2336e-07,-3.1577e-07,6.1096e-22,9.9762e-12,3.3086e-11,-1.3753e-13,6.9458e-13,5.8336e-05,1.4469e-10,-7.8776e-14,4.6451e-13,-8.0851e-16,-6.3599e-08,-8.5209e-08,5.0455e-08,7.1775e-08,-4.4507e-05,2.833e-11,9.0313e-12,-4.2898e-19,1.5906e-18,-4.4219e-19,0.01178,0.0003932,-9.1804e-16,4.2699e-20,-5.1909e-20,-1.7025e-20,-0.00065193,-0.00057807,1.7113e-19,-1.9747e-19,-4.6622e-19,9.1448e-22,-7.2332e-23,4.7961e-12,5.7172e-12,8.4651e-19,4.8758e-24
4.83e-24,-1.8448e-06,-4.4787e-07,8.5013e-06,2.9973e-05,-6.2406e-11,-6.5655e-07,-1.0725e-07,2.4969e-15,-1.5313e-11,-1.1144e-11,1.5769e-16,5.6696e-18,-1.0522e-16,-1.2562e-17,-2.3941e-16,-4.5929e-17,3.4773e-17,2.8251e-17,-1.6585e-17,-6.2598e-18,-0.0001226,0.00042065,-2.4674e-18,0.0013098,0.0050904,0.089653,0.023077,0.00047182,-0.001295,-0.00096547,4.5088e-08,6.4951e-05,4.5054e-05,-7.595e-06,2.5951e-05,-1.0293e-05,3.4171e-20,1.4729e-08,1.6516e-06,7.3805e-07,0.0045106,-0.00069452,-0.0011082,-0.00064662,-5.5838e-21,5.1195e-20,-1.4453e-19,8.1478e-20,-0.0012953,-1.2026e-12,4.9826e-18,-1.104e-18,2.1733e-19,-9.2552e-14,-1.6721e-20,-1.1277e-12,-1.8931e-13,-5.711e-07,-4.8747e-08,0.0059371,-2.5757e-19,3.2479e-05,3.9698e-06,5.008e-12,1.8325e-07,-2.5437e-09,7.2802e-11,2.2664e-07,-1.1067e-06,1.3561e-08,7.4375e-05,2.7978e-05,-0.0013052,-0.0015643,0.0016305,0.039133,0.035692,0.0083767,-0.0018938,0.00010241,0.0005612,0.00036054,-1.8261e-05,-0.00010019,-2.2322e-06,2.0389e-05,-3.5333e-09,-6.8771e-10,1.2239e-09,-2.8483e-09,2.2188e-09,7.5032e-10,-2.9296e-09,5.6091e-21,-2.8266e-09,-1.3654e-08,-6.4229e-09,1.0078e-07,-4.4998e-05,0.020307,0.051631,0.0166,-1.0745e-05,2.7819e-05,-2.0555e-08,1.4215e-06,2.548e-06,1.1981e-21,-1.1903e-11,-3.9475e-11,1.6409e-13,-8.287e-13,-6.9601e-05,-1.7263e-10,9.3988e-14,-5.5421e-13,9.6463e-16,7.588e-08,1.0166e-07,-4.0713e-07,-5.7918e-07,0.0003605,-3.38e-11,-1.0775e-11,-5.2948e-19,1.9329e-18,-8.6631e-21,0.015229,0.004748,1.0954e-15,-2.2316e-19,9.415e-19,1.0119e-18,0.0087583,0.0081623,-3.8591e-19,2.4791e-19,5.501e-19,-8.8379e-21,-6.4314e-22,-5.7222e-12,-6.8213e-12,-1.0099e-18,-8.051e-23
-8.1685e-25,6.6228e-07,1.6079e-07,-3.052e-06,-1.076e-05,2.2404e-11,2.357e-07,3.8504e-08,-8.9639e-16,5.4974e-12,4.0008e-12,-5.6612e-17,-2.0354e-18,3.7773e-17,4.5095e-18,8.5948e-17,1.6487e-17,-1.248e-17,-1.0166e-17,6.0205e-18,2.2831e-18,0.00043413,-0.0010977,-1.4678e-18,0.0054782,0.013314,0.095624,0.035549,-0.00016938,0.0039911,0.0029292,-1.6187e-08,-2.3317e-05,-1.6174e-05,4.3184e-06,-7.088e-05,3.6951e-06,-1.7517e-20,-5.2877e-09,-5.9291e-07,-2.6496e-07,-0.0013973,0.00024933,0.00039784,0.00023214,1.299e-20,-1.402e-19,6.027e-19,1.8151e-19,0.0039921,4.3173e-13,-1.789e-18,3.6614e-19,-7.6395e-20,3.3226e-14,4.5893e-21,4.0485e-13,6.7962e-14,2.0503e-07,1.75e-08,-0.0018292,-8.559e-21,-1.166e-05,-1.4251e-06,-1.7979e-12,-6.5787e-08,9.1317e-10,-2.6136e-11,-5.9262e-07,2.888e-06,-3.539e-08,-0.00019409,-7.2627e-05,0.0032288,0.00056158,0.00088893,0.025943,0.048997,0.017824,0.0060297,-0.00025929,-0.0016992,-0.00094088,4.7653e-05,0.00026147,5.8252e-06,-5.3206e-05,1.2684e-09,2.4689e-10,-4.3939e-10,1.0225e-09,-7.9655e-10,-2.6936e-10,1.0517e-09,-4.8302e-21,1.0147e-09,4.9017e-09,2.3058e-09,-3.6179e-08,1.6154e-05,0.010307,0.061647,0.011994,2.8042e-05,-7.2597e-05,7.3793e-09,-3.8761e-06,-6.6493e-06,5.299e-24,4.2731e-12,1.4172e-11,-5.8909e-14,2.975e-13,2.4987e-05,6.1975e-11,-3.3742e-14,1.9896e-13,-3.463e-16,-2.7241e-08,-3.6497e-08,1.0625e-06,1.5114e-06,-0.00094131,1.2134e-11,3.8683e-12,-2.4799e-19,9.3091e-19,4.0495e-19,0.0083026,0.0044603,-3.9304e-16,-4.338e-19,1.744e-18,1.9986e-18,0.01675,0.01849,8.8001e-20,-1.822e-19,-2.2916e-19,-8.8662e-21,-4.2736e-22,2.0543e-12,2.4488e-12,3.6266e-19,-2.0523e-22
1.7721e-24,-6.4612e-08,-1.5686e-08,2.9775e-07,1.0498e-06,-2.1857e-12,-2.2995e-08,-3.7564e-09,8.7453e-17,-5.3633e-13,-3.9032e-13,5.5231e-18,1.9853e-19,-3.685e-18,-4.4049e-19,-8.3833e-18,-1.6165e-18,1.2454e-18,8.8199e-19,-1.8771e-19,-4.024e-20,0.0030808,0.00071747,-8.3403e-19,0.0073982,0.010072,0.055142,0.02922,1.6525e-05,0.015412,0.010155,1.5792e-09,2.2748e-06,1.578e-06,-1.441e-06,4.6353e-05,-3.605e-07,-5.5005e-22,5.1587e-10,5.7844e-08,2.5849e-08,0.00013632,-2.4325e-05,-3.8813e-05,-2.2647e-05,1.5411e-19,-5.4843e-19,2.302e-18,1.677e-20,0.015416,-4.2119e-14,2.5951e-19,-3.1311e-20,-9.3796e-21,-3.2416e-15,3.7805e-22,-3.9497e-14,-6.6304e-15,-2.0002e-08,-1.7073e-09,0.00017846,-7.4585e-20,1.1375e-06,1.3904e-07,1.754e-13,6.4182e-09,-8.909e-11,2.5498e-12,3.8532e-07,-1.8773e-06,2.3005e-08,0.00012616,4.7176e-05,0.015709,-5.4788e-05,-4.9748e-05,0.00034813,0.034817,0.016479,0.0281,0.0001691,0.0011345,0.00061661,-3.0976e-05,-0.00016997,-3.7866e-06,3.4586e-05,-1.2375e-10,-2.4087e-11,4.2867e-11,-9.976e-11,7.7712e-11,2.6279e-11,-1.0261e-10,-1.3526e-21,-9.8998e-11,-4.7821e-10,-2.2496e-10,3.5297e-09,-1.576e-06,0.013275,0.059291,0.012238,-1.8228e-05,4.7191e-05,-7.1993e-10,2.5343e-06,4.3223e-06,1.209e-22,-4.1688e-13,-1.3826e-12,5.7472e-15,-2.9025e-14,-2.4377e-06,-6.0464e-12,3.2919e-15,-1.9411e-14,3.3782e-17,2.6576e-09,3.5607e-09,-6.9064e-07,-9.8249e-07,0.00061693,-1.1838e-12,-3.774e-13,2.1877e-20,-2.4874e-20,7.8705e-20,-0.00046464,-0.00027819,3.8425e-17,-2.9082e-19,1.3111e-18,2.2046e-18,0.013386,0.017703,1.1081e-19,-1.7747e-19,-4.8765e-20,-7.7879e-21,-3.7685e-21,-2.0042e-13,-2.3891e-13,-3.5303e-20,-2.0708e-22
6.5568e-24,-7.3127e-08,-1.7754e-08,3.3699e-07,1.1881e-06,-2.4738e-12,-2.6026e-08,-4.2515e-09,9.8978e-17,-6.0701e-13,-4.4176e-13,6.251e-18,2.2469e-19,-4.1706e-18,-4.9869e-19,-9.4872e-18,-1.8311e-18,1.4146e-18,9.5898e-19,-1.2902e-19,1.1378e-18,0.0067095,0.010509,-3.1035e-19,0.0014915,0.0016802,0.014443,0.0053219,1.8703e-05,0.019988,0.010935,1.7873e-09,2.5746e-06,1.7859e-06,-8.3935e-06,0.00031401,-4.0801e-07,-1.0578e-21,5.8386e-10,6.5467e-08,2.9256e-08,0.00015429,-2.7531e-05,-4.3928e-05,-2.5632e-05,1.9904e-19,-7.4891e-19,2.6448e-18,-5.706e-19,0.019994,-4.767e-14,7.6123e-20,-5.624e-20,5.8032e-21,-3.6687e-15,1.9548e-21,-4.4702e-14,-7.5042e-15,-2.2638e-08,-1.9323e-09,0.00020198,9.4599e-21,1.2875e-06,1.5736e-07,1.9852e-13,7.264e-09,-1.0083e-10,2.8859e-12,2.6082e-06,-1.2706e-05,1.5571e-07,0.00085393,0.00031928,0.037772,-6.2008e-05,-5.6304e-05,-0.0012609,0.0057737,0.0042426,0.047951,0.0029588,0.021169,0.011419,-0.00020966,-0.0011504,-2.5629e-05,0.00023409,-1.4006e-10,-2.7261e-11,4.8517e-11,-1.1291e-10,8.7953e-11,2.9743e-11,-1.1613e-10,1.0123e-21,-1.1204e-10,-5.4124e-10,-2.546e-10,3.9949e-09,-1.7837e-06,0.01428,0.054761,0.023839,-0.00012338,0.00031941,-8.1481e-10,1.7168e-05,2.9255e-05,2.1865e-21,-4.7182e-13,-1.5648e-12,6.5046e-15,-3.285e-14,-2.759e-06,-6.8432e-12,3.7257e-15,-2.1969e-14,3.8206e-17,3.0079e-09,4.0299e-09,-4.6746e-06,-6.6499e-06,0.011425,-1.3398e-12,-4.2713e-13,7.6967e-20,-1.0367e-20,8.7041e-20,-0.00052588,-0.00031485,4.3438e-17,-5.7662e-20,1.677e-19,2.6334e-19,0.0023149,0.0032669,2.7595e-19,-3.5759e-20,-1.0233e-21,-1.2379e-20,-1.9122e-21,-2.2683e-13,-2.7039e-13,-3.9988e-20,-3.6882e-23
9.8059e-24,4.3934e-08,1.0666e-08,-2.0246e-07,-7.1381e-07,1.4862e-12,1.5636e-08,2.5542e-09,-5.9464e-17,3.6468e-13,2.654e-13,-3.7555e-18,-1.3505e-19,2.5059e-18,2.9877e-19,5.7028e-18,1.0895e-18,-8.0951e-19,-7.4207e-19,6.067e-19,1.0915e-18,0.0035794,0.0067243,-3.6065e-19,-0.00085404,-0.00093439,0.0060342,-0.003728,-1.1236e-05,0.0089671,0.0044366,-1.0738e-09,-1.5468e-06,-1.073e-06,3.4881e-05,-0.0013427,2.4512e-07,-1.8208e-20,-3.5077e-10,-3.9332e-08,-1.7577e-08,-9.2694e-05,1.654e-05,2.6391e-05,1.5399e-05,9.0912e-20,-3.321e-19,1.254e-18,-3.0435e-19,0.0089696,2.8641e-14,-8.4234e-20,5.976e-20,-1.7877e-20,2.2041e-15,1.1385e-21,2.6856e-14,4.5084e-15,1.3601e-08,1.1609e-09,-0.00012134,-1.9484e-20,-7.7348e-07,-9.454e-08,-1.1926e-13,-4.3641e-09,6.0577e-11,-1.7338e-12,-1.1151e-05,5.4323e-05,-6.6569e-07,-0.0036508,-0.001365,0.07594,3.7253e-05,3.3826e-05,0.00076764,-0.0032633,-0.000881,0.035322,0.0044293,0.037159,0.019824,0.0012369,0.0069313,0.00010957,-0.0010008,8.4145e-11,1.6378e-11,-2.9148e-11,6.7832e-11,-5.2841e-11,-1.7869e-11,6.9768e-11,6.4228e-22,6.7314e-11,3.2517e-10,1.5296e-10,-2.4e-09,1.0716e-06,0.0061103,0.031032,0.045028,0.00052746,-0.0013656,4.8952e-10,-7.3407e-05,-0.00012507,2.0123e-22,2.8346e-13,9.401e-13,-3.9078e-15,1.9736e-14,1.6575e-06,4.1113e-12,-2.2383e-15,1.3198e-14,-2.303e-17,-1.8071e-09,-2.4211e-09,1.9985e-05,2.843e-05,0.019835,8.0495e-13,2.5661e-13,-1.0551e-19,3.1285e-20,3.9728e-20,0.00031594,0.00018916,-2.6089e-17,3.2082e-20,-9.2214e-20,-1.6572e-19,-0.0013123,-0.0018603,4.1552e-20,3.9169e-20,-1.4738e-20,4.6605e-22,1.6235e-22,1.3627e-13,1.6245e-13,2.4054e-20,2.0842e-23
1.8621e-24,-1.1155e-08,-2.7082e-09,5.1405e-08,1.8124e-07,-3.7736e-13,-3.97e-09,-6.4853e-10,1.5098e-17,-9.2595e-14,-6.7388e-14,9.5354e-19,3.4287e-20,-6.3625e-19,-7.5881e-20,-1.4479e-18,-2.7664e-19,2.0646e-19,1.8429e-19,-1.5908e-19,-1.0934e-19,-0.0007109,-0.0013676,-9.7445e-19,0.00021685,0.00020869,0.025321,0.0023536,2.853e-06,-0.0017323,-0.00084104,2.7264e-10,3.9274e-07,2.7243e-07,-6.3161e-05,0.002634,-6.2239e-08,6.438e-20,8.9063e-11,9.9866e-09,4.4628e-09,2.3536e-05,-4.1996e-06,-6.7009e-06,-3.91e-06,-2.0395e-20,4.7763e-20,-2.5056e-19,5.9783e-19,-0.0017327,-7.2717e-15,3.7441e-20,-1.8937e-20,-1.5721e-21,-5.5964e-16,6.14e-22,-6.819e-15,-1.1447e-15,-3.4533e-09,-2.9476e-10,3.081e-05,2.0115e-21,1.9639e-07,2.4004e-08,3.0282e-14,1.1081e-09,-1.5381e-11,4.4022e-13,2.0273e-05,-9.8766e-05,1.2103e-06,0.0072074,0.0026745,0.098453,-9.4589e-06,-8.5887e-06,-0.00019491,0.00082858,0.00025913,0.0098841,0.0028669,0.027514,0.014564,0.0029072,0.017917,-0.00019921,0.0019717,-2.1365e-11,-4.1584e-12,7.4009e-12,-1.7223e-11,1.3417e-11,4.537e-12,-1.7715e-11,4.4936e-23,-1.7092e-11,-8.2561e-11,-3.8838e-11,6.0939e-10,-2.7209e-07,-0.0011705,0.0091101,0.050702,-0.00076602,0.0026757,-1.2429e-10,0.00013346,0.0002274,-1.0089e-20,-7.1973e-14,-2.387e-13,9.9222e-16,-5.011e-15,-4.2086e-07,-1.0439e-12,5.6832e-16,-3.3511e-15,5.7949e-18,4.5883e-10,6.1474e-10,-3.6335e-05,-5.1689e-05,0.014572,-2.0438e-13,-6.5156e-14,-4.1637e-20,-1.3224e-20,-8.8384e-21,-8.0219e-05,-4.8028e-05,6.6249e-18,-8.8178e-21,3.5139e-20,8.68e-20,0.00033321,0.00047233,-4.7613e-20,1.1735e-21,9.3561e-21,1.4521e-21,3.3684e-22,-3.4601e-14,-4.1247e-14,-6.1119e-21,-5.8538e-24
-7.4612e-25,-1.0088e-09,-2.4492e-10,4.649e-09,1.6391e-08,-3.4128e-14,-3.5904e-10,-5.8652e-11,1.3655e-18,-8.3741e-15,-6.0944e-15,8.6236e-20,3.1016e-21,-5.7544e-20,-6.8523e-21,-1.3097e-19,-2.4854e-20,1.8068e-20,1.9564e-20,-1.9405e-20,8.7348e-21,-6.4293e-05,-0.00012368,-1.5266e-18,1.9611e-05,3.6913e-06,0.044293,0.0099109,2.5802e-07,-0.00015666,-7.6063e-05,2.4657e-11,3.5519e-08,2.4638e-08,-3.4578e-05,0.014624,-5.6288e-09,-4.1122e-20,8.0547e-12,9.0317e-10,4.0361e-10,2.1285e-06,-3.798e-07,-6.0602e-07,-3.5361e-07,7.9924e-22,1.0277e-20,-1.0947e-20,6.6629e-20,-0.0001567,-6.5777e-16,-4.8357e-21,3.4571e-21,1.1262e-21,-5.0612e-17,3.1627e-23,-6.167e-16,-1.0353e-16,-3.1231e-10,-2.6658e-11,2.7864e-06,3.5435e-22,1.7761e-08,2.1709e-09,2.7387e-15,1.0021e-10,-1.391e-12,3.9813e-14,1.1105e-05,-5.41e-05,6.6295e-07,0.042913,0.014653,0.07407,-8.5545e-07,-7.7675e-07,-1.7627e-05,7.4936e-05,2.0529e-05,0.00019618,0.00010886,0.0010882,0.00057477,0.0026331,0.018506,-0.00010912,0.011481,-1.9322e-12,-3.7608e-13,6.6932e-13,-1.5576e-12,1.2134e-12,4.1032e-13,-1.6021e-12,3.96e-22,-1.5457e-12,-7.4667e-12,-3.5124e-12,5.5112e-11,-2.4608e-08,-0.00010586,0.0068102,0.037733,0.012774,0.014659,-1.1241e-11,7.3107e-05,0.00012456,-4.6425e-21,-6.5091e-15,-2.1587e-14,8.9736e-17,-4.5319e-16,-3.8062e-08,-9.4407e-14,5.1398e-17,-3.0307e-16,5.257e-19,4.1496e-11,5.5596e-11,-1.9903e-05,-2.8313e-05,0.00057508,-1.8484e-14,-5.8927e-15,-2.6063e-20,-4.271e-21,-3.9442e-21,-7.2548e-06,-4.3436e-06,5.9771e-19,-1.9008e-21,6.7985e-22,4.3367e-21,3.0135e-05,4.2717e-05,-3.5838e-22,2.5873e-21,4.4702e-22,-1.7987e-22,8.2323e-23,-3.1292e-15,-3.7303e-15,-5.5357e-22,-1.3264e-24
6.0977e-25,2.2438e-09,5.4474e-10,-1.034e-08,-3.6456e-08,7.5904e-14,7.9855e-10,1.3045e-10,-3.037e-18,1.8625e-14,1.3555e-14,-1.918e-19,-6.8959e-21,1.2798e-19,1.5275e-20,2.912e-19,5.5797e-20,-4.206e-20,-3.4766e-20,2.3242e-20,7.1751e-20,0.000143,0.00027508,-1.4196e-18,-4.3618e-05,0.0002163,0.040256,0.017765,-5.7386e-07,0.00034843,0.00016917,-5.484e-11,-7.8998e-08,-5.4798e-08,0.00050376,0.020302,1.2519e-08,-1.4121e-19,-1.7915e-11,-2.0088e-09,-8.9767e-10,-4.7341e-06,8.4473e-07,1.3479e-06,7.8648e-07,3.4725e-21,-1.6342e-20,4.133e-20,-4.3151e-20,0.00034853,1.4627e-15,-1.0771e-20,-8.079e-22,-9.758e-22,1.1257e-16,-1.178e-23,1.3716e-15,2.3025e-16,6.9462e-10,5.9289e-11,-6.1973e-06,1.1912e-21,-3.9503e-08,-4.8284e-09,-6.0911e-15,-2.2288e-10,3.0938e-12,-8.8547e-14,-0.0001618,0.00078825,-9.6593e-06,0.069471,0.02,0.01859,1.9026e-06,1.7276e-06,3.9205e-05,-0.00016667,-2.6832e-06,-0.00011907,-0.0002413,-0.0024127,-0.0012743,0.00070847,0.0052751,0.002514,0.018023,4.2974e-12,8.3645e-13,-1.4886e-12,3.4643e-12,-2.6987e-12,-9.126e-13,3.5632e-12,1.1672e-21,3.4379e-12,1.6607e-11,7.8121e-12,-1.2258e-10,5.473e-08,0.00023544,0.002331,0.045807,0.07148,0.020009,2.5001e-11,-0.0010652,-0.0018149,9.4684e-20,1.4477e-14,4.8013e-14,-1.9958e-16,1.0079e-15,8.4654e-08,2.0997e-13,-1.1432e-16,6.7407e-16,-1.1779e-18,-9.2291e-11,-1.2365e-10,0.00028999,0.00041253,-0.001275,4.111e-14,1.3106e-14,-3.4009e-21,2.3257e-21,1.092e-21,1.6136e-05,9.6606e-06,-1.3334e-18,1.0492e-21,-7.0531e-21,-1.317e-20,-6.7024e-05,-9.5008e-05,-1.4678e-21,-1.3579e-22,-1.0469e-21,2.9798e-23,1.4164e-23,6.9598e-15,8.2965e-15,1.2274e-21,5.6816e-25
2.9607e-25,-9.1858e-10,-2.2301e-10,4.2331e-09,1.4925e-08,-3.1074e-14,-3.2692e-10,-5.3404e-11,1.2433e-18,-7.6249e-15,-5.5491e-15,7.852e-20,2.8242e-21,-5.2396e-20,-6.2398e-21,-1.1926e-19,-2.2634e-20,1.6514e-20,1.6841e-20,-2.1126e-20,6.0794e-21,-5.8541e-05,-0.00011262,-1.5085e-18,1.7857e-05,-0.00045846,0.042054,0.023544,2.3493e-07,-0.00014264,-6.9257e-05,2.2451e-11,3.2341e-08,2.2434e-08,-0.0014978,0.0099447,-5.1251e-09,-3.2699e-19,7.334e-12,8.2236e-10,3.675e-10,1.9381e-06,-3.4582e-07,-5.518e-07,-3.2197e-07,-1.5524e-21,4.6743e-21,-2.3451e-20,8.0566e-21,-0.00014268,-5.9882e-16,1.5164e-21,-1.3669e-21,-2.5295e-22,-4.6085e-17,-5.0267e-23,-5.6152e-16,-9.4263e-17,-2.8437e-10,-2.4272e-11,2.5371e-06,3.3903e-22,1.6172e-08,1.9767e-09,2.4936e-15,9.1246e-11,-1.2666e-12,3.625e-14,0.00048106,-0.0023436,2.8719e-05,0.051748,0.010879,-0.0066072,-7.7891e-07,-7.0725e-07,-1.605e-05,6.8231e-05,-0.00012893,-0.00089992,9.8786e-05,0.00098771,0.00052167,-0.00025412,-0.0019055,0.0019675,0.014448,-1.7593e-12,-3.4243e-13,6.0943e-13,-1.4183e-12,1.1048e-12,3.7361e-13,-1.4587e-12,1.7631e-21,-1.4074e-12,-6.7986e-12,-3.1982e-12,5.0181e-11,-2.2406e-08,-9.6386e-05,-0.0012266,0.057337,0.10854,0.010884,-1.0235e-11,0.0036564,0.0063822,-5.663e-19,-5.9267e-15,-1.9656e-14,8.1709e-17,-4.1264e-16,-3.4656e-08,-8.596e-14,4.6801e-17,-2.7596e-16,5.0246e-19,3.7783e-11,5.0621e-11,-0.00086218,-0.0012265,0.00052195,-1.683e-14,-5.3654e-15,1.6518e-21,-6.5812e-22,-1.0204e-22,-6.6057e-06,-3.9549e-06,5.4543e-19,-6.2168e-22,2.0292e-21,3.3528e-21,2.7439e-05,3.8895e-05,-2.6996e-21,4.4823e-23,-1.5145e-22,-7.2275e-24,2.3979e-23,-2.8493e-15,-3.3965e-15,-5.0302e-22,-4.5975e-25
2.8671e-26,1.3616e-10,3.3056e-11,-6.2746e-10,-2.2123e-09,4.6061e-15,4.8458e-11,7.9161e-12,-1.8429e-19,1.1302e-15,8.2254e-16,-1.1639e-20,-4.1826e-22,7.7656e-21,9.2978e-22,1.7663e-20,3.4213e-21,-2.6264e-21,-1.9849e-21,-9.4909e-22,8.958e-21,8.6774e-06,1.6693e-05,-3.9275e-19,-2.6469e-06,0.0077596,0.044083,0.018929,-3.4824e-08,2.1144e-05,1.0266e-05,-3.3279e-12,-4.7939e-09,-3.3253e-09,0.0015477,-7.2284e-05,7.5969e-10,6.5677e-20,-1.0871e-12,-1.219e-10,-5.4473e-11,-2.8728e-07,5.1261e-08,8.1792e-08,4.7726e-08,2.713e-22,-6.8673e-22,3.5664e-21,4.0969e-21,2.115e-05,8.8766e-17,6.5103e-22,-4.1096e-23,-6.204e-23,6.8311e-18,-1.0699e-23,8.3234e-17,1.3973e-17,4.2152e-11,3.5979e-12,-3.7607e-07,3.5014e-22,-2.3972e-09,-2.93e-10,-3.6964e-16,-1.3525e-11,1.8774e-13,-5.3731e-15,-0.00048888,0.0024306,-2.9186e-05,0.012805,-0.0010308,0.00097938,1.1546e-07,1.0484e-07,2.3791e-06,-1.0114e-05,0.00015221,0.0011114,-1.4643e-05,-0.00014641,-7.7327e-05,3.7667e-05,0.00028244,1.4438e-05,0.014074,2.6078e-13,5.0758e-14,-9.0336e-14,2.1023e-13,-1.6377e-13,-5.5379e-14,2.1623e-13,1.3126e-21,2.0862e-13,1.0078e-12,4.7406e-13,-7.4382e-12,3.3212e-09,1.4287e-05,0.00056217,0.047075,0.078301,-0.0010313,1.5171e-12,0.0076988,0.016531,-5.1065e-19,8.7851e-16,2.9136e-15,-1.2116e-17,6.1165e-17,5.1371e-09,1.2742e-14,-6.9393e-18,4.0907e-17,-1.1077e-19,-5.6005e-12,-7.5036e-12,0.00089383,0.0012721,-7.7369e-05,2.4947e-15,7.9529e-16,-6.3669e-22,-8.3363e-22,-3.1948e-22,9.7916e-07,5.8623e-07,-8.0864e-20,9.4176e-23,-2.6849e-22,-7.4133e-22,-4.0673e-06,-5.7654e-06,-1.4046e-21,-2.8223e-23,-5.4568e-23,1.5085e-23,7.9058e-24,4.2234e-16,5.0346e-16,7.446e-23,7.059e-26
-2.7046e-26,7.6215e-11,1.8503e-11,-3.5122e-10,-1.2383e-09,2.5782e-15,2.7125e-11,4.431e-12,-1.0316e-19,6.3264e-16,4.6042e-16,-6.5144e-21,-2.3632e-22,4.3535e-21,4.9327e-22,9.986e-21,1.4778e-21,3.3848e-23,-6.1536e-21,2.0533e-20,-7.5778e-20,4.8572e-06,9.3438e-06,4.0797e-18,-1.4816e-06,0.032998,0.024383,0.002616,-1.9493e-08,1.1835e-05,5.7463e-06,-1.8628e-12,-2.6834e-09,-1.8614e-09,0.014576,0.007614,4.2524e-10,-5.1792e-20,-6.0851e-13,-6.8232e-11,-3.0492e-11,-1.608e-07,2.8693e-08,4.5783e-08,2.6715e-08,1.2017e-22,-4.8132e-22,2.1517e-21,3.379e-21,1.1839e-05,4.9686e-17,-9.3069e-22,-7.2883e-23,-2.2119e-24,3.8237e-18,1.0234e-24,4.659e-17,7.8211e-18,2.3594e-11,2.0139e-12,-2.1051e-07,1.7451e-21,-1.3418e-09,-1.6401e-10,-2.0698e-16,-7.5708e-12,1.0509e-13,-3.0037e-15,-0.0016176,0.026147,-9.6571e-05,0.00047093,-0.000577,0.00054821,6.4627e-08,5.8682e-08,1.3317e-06,-5.6612e-06,0.0013272,0.012269,-8.1964e-06,-8.1952e-05,-4.3284e-05,2.1084e-05,0.0001581,0.0024386,0.028434,1.4597e-13,2.8412e-14,-5.0566e-14,1.1767e-13,-9.1668e-14,-3.0999e-14,1.2103e-13,-3.7968e-22,1.1678e-13,5.6409e-13,2.6536e-13,-4.1636e-12,1.859e-09,7.9973e-06,0.0054627,0.016094,0.01033,-0.00057725,8.4922e-13,0.0012839,0.011278,-1.8263e-19,4.9178e-16,1.6309e-15,-6.7833e-18,3.4233e-17,2.8755e-09,7.1322e-15,-3.8995e-18,2.2952e-17,-2.7588e-19,-3.1349e-12,-4.2001e-12,0.0094788,0.013675,-4.3307e-05,1.3964e-15,4.4518e-16,3.1155e-22,-2.8081e-21,-9.7606e-22,5.4808e-07,3.2814e-07,-4.5224e-20,6.4926e-23,-1.0226e-22,-5.7463e-23,-2.2766e-06,-3.2272e-06,7.1707e-24,2.7355e-23,9.078e-24,1.571e-23,3.4008e-24,2.3641e-16,2.8181e-16,4.1712e-23,4.0406e-26
-1.5895e-26,-5.5387e-11,-1.3447e-11,2.5524e-10,8.999e-10,-1.8737e-15,-1.9712e-11,-3.2201e-12,7.4966e-20,-4.5975e-16,-3.3459e-16,4.7354e-21,1.671e-22,-3.1468e-21,-4.201e-22,-7.0167e-21,-2.0071e-21,3.5339e-21,-7.7472e-21,3.2925e-20,-1.1823e-19,-3.5298e-06,-6.7903e-06,6.651e-18,1.0767e-06,0.051618,0.021924,-0.0018356,1.4166e-08,-8.601e-06,-4.176e-06,1.3537e-12,1.95e-09,1.3527e-09,0.014186,0.004858,-3.0903e-10,-3.0311e-20,4.4222e-13,4.9585e-11,2.2159e-11,1.1686e-07,-2.0852e-08,-3.3272e-08,-1.9414e-08,-9.2873e-23,2.5365e-22,-1.2759e-21,1.484e-21,-8.6033e-06,-3.6107e-17,1.6422e-23,-8.4827e-23,1.2814e-23,-2.7787e-18,-6.9338e-25,-3.3858e-17,-5.6837e-18,-1.7146e-11,-1.4635e-12,1.5298e-07,-2.2362e-22,9.7512e-10,1.1919e-10,1.5037e-16,5.5018e-12,-7.637e-14,2.1913e-15,0.01111,0.039274,0.00066325,-0.00028727,0.00041931,-0.00039839,-4.6965e-08,-4.2645e-08,-9.6776e-07,4.1141e-06,0.00072158,0.018508,5.9565e-06,5.9556e-05,3.1455e-05,-1.5322e-05,-0.00011489,0.0038093,0.026709,-1.0608e-13,-2.0648e-14,3.6747e-14,-8.5516e-14,6.6616e-14,2.2527e-14,-8.7957e-14,-1.8511e-21,-8.4863e-14,-4.0993e-13,-1.9284e-13,3.0257e-12,-1.351e-09,-5.8117e-06,0.010383,0.00089074,-0.0072318,0.0004195,-6.1714e-13,-0.00090817,0.00288,-3.3801e-19,-3.574e-16,-1.1852e-15,4.9239e-18,-2.4882e-17,-2.0897e-09,-5.1831e-15,2.7997e-18,-1.6547e-17,-3.0621e-19,2.2782e-12,3.0523e-12,0.01373,0.020509,3.1472e-05,-1.0149e-15,-3.2348e-16,5.8951e-22,-8.9037e-22,-2.6096e-22,-3.983e-07,-2.3847e-07,3.2901e-20,-4.2153e-23,1.5054e-22,4.194e-22,1.6545e-06,2.3452e-06,8.9644e-23,8.3982e-23,3.3579e-23,2.5717e-24,1.764e-25,-1.718e-16,-2.048e-16,-3.0333e-23,-2.4223e-26
-1.6409e-27,1.4007e-11,3.4006e-12,-6.4549e-11,-2.2758e-10,4.7384e-16,4.985e-12,8.1435e-13,-1.8959e-20,1.1627e-16,8.4617e-17,-1.1967e-21,-4.4845e-23,8.054e-22,6.945e-23,1.9067e-21,-4.5244e-23,1.0763e-21,-6.5626e-21,1.6633e-20,-8.057e-20,8.9267e-07,1.7172e-06,3.7268e-18,-2.7229e-07,0.031238,0.01554,0.00046421,-3.5824e-09,2.1751e-06,1.0561e-06,-3.4235e-13,-4.9316e-10,-3.4208e-10,0.0046278,-0.0010402,7.8152e-11,8.9924e-20,-1.1183e-13,-1.254e-11,-5.6038e-12,-2.9553e-08,5.2733e-09,8.4142e-09,4.9097e-09,1.924e-23,-8.7847e-23,3.6908e-22,1.7108e-22,2.1757e-06,9.1308e-18,-1.451e-22,-4.3067e-25,1.7519e-24,7.0273e-19,-1.5351e-25,8.5624e-18,1.4374e-18,4.3363e-12,3.7012e-13,-3.8687e-08,-1.2344e-21,-2.466e-10,-3.0142e-11,-3.7965e-17,-1.3914e-12,1.9314e-14,-5.4976e-16,0.012177,0.022134,0.00072696,7.2649e-05,-0.00010604,0.00010075,1.1877e-08,1.0785e-08,2.4474e-07,-1.0404e-06,-0.00015192,0.010439,-1.5064e-06,-1.5061e-05,-7.9548e-06,3.8749e-06,2.9056e-05,0.0020113,0.010275,2.6827e-14,5.2215e-15,-9.2931e-15,2.1627e-14,-1.6847e-14,-5.697e-15,2.2244e-14,-1.3894e-21,2.1461e-14,1.0367e-13,4.8768e-14,-7.6519e-13,3.4166e-10,1.4698e-06,0.006907,-2.0179e-08,0.0018289,-0.00010609,1.5607e-13,0.00022967,-0.0005285,-9.4173e-20,9.0357e-17,2.9973e-16,-1.2487e-18,6.2916e-18,5.2846e-10,1.3108e-15,-7.2611e-19,4.2536e-18,-1.7261e-19,-5.7614e-13,-7.7191e-13,0.0075164,0.011544,-7.9591e-06,2.565e-16,8.1796e-17,-6.5835e-21,-4.4279e-21,-8.0642e-22,1.0073e-07,6.0307e-08,-8.2942e-21,8.7673e-24,-2.1106e-23,-5.9676e-23,-4.1841e-07,-5.931e-07,-4.0224e-23,4.153e-23,1.3106e-24,-2.9159e-25,1.8299e-25,4.3447e-17,5.1792e-17,7.6621e-24,2.7971e-27
-7.6007e-28,1.3613e-26,2.9677e-27,-3.2411e-26,-1.3912e-25,1.1688e-26,4.0488e-27,3.9092e-28,8.0443e-28,1.4045e-27,-5.2194e-27,-5.392e-27,7.1705e-26,-2.686e-25,-6.9137e-25,-3.1261e-24,-4.0527e-24,-2.0088e-23,4.2609e-22,7.338e-22,-5.7531e-21,-1.0286e-20,-1.3659e-20,-3.6581e-19,-1.3319e-18,4.7875e-18,3.2719e-18,3.9954e-19,1.2287e-20,4.2072e-21,6.2095e-21,1.3008e-20,6.333e-22,5.5436e-22,2.5843e-19,-7.3824e-19,-6.7554e-20,5.8987e-21,1.1157e-20,1.1987e-21,-8.7951e-23,6.1915e-23,4.3922e-23,6.1642e-24,2.8786e-24,2.4444e-24,1.4449e-23,3.011e-23,1.4586e-22,1.3051e-21,-9.6616e-23,1.7666e-23,9.5267e-24,1.6199e-24,1.0882e-24,4.642e-26,9.5187e-27,2.8934e-25,-8.074e-25,-3.242e-24,-4.6183e-23,1.3755e-23,4.2956e-24,5.473e-22,2.4324e-21,1.8319e-20,1.396e-19,2.4617e-19,4.9642e-18,3.08e-18,7.6382e-20,-8.8748e-20,-5.8009e-21,1.7757e-20,-1.4757e-20,-2.3696e-21,7.016e-21,1.4157e-19,-1.3866e-19,1.9197e-18,-2.791e-19,-8.9778e-20,1.2674e-20,8.1504e-21,1.2095e-20,4.3047e-19,1.9667e-18,2.0757e-19,-1.8112e-20,2.8604e-22,9.8733e-22,1.2768e-22,-5.2453e-23,2.9569e-23,-1.4467e-22,2.3373e-22,1.2599e-21,-1.9089e-21,-5.399e-21,-5.8357e-20,-2.5825e-19,1.8449e-18,-6.9797e-20,4.3913e-19,-1.526e-19,-9.9609e-21,1.7858e-19,-1.9298e-19,5.5056e-20,-3.3034e-22,4.0918e-22,-1.4991e-22,6.6637e-24,-6.0733e-23,5.2283e-23,8.815e-23,-3.1383e-21,3.2135e-21,-2.8219e-20,-1.4374e-20,1.5957e-18,2.2948e-18,1.2547e-19,5.9631e-20,1.7851e-20,-1.089e-21,8.5605e-22,-2.2026e-22,1.0063e-22,7.0712e-23,5.8426e-24,-4.48e-25,4.163e-24,1.2574e-23,-3.0116e-22,-5.032e-22,1.0878e-23,9.5824e-24,-6.4529e-25,-7.1269e-25,1.3363e-25,1.0436e-25,2.7627e-26,-5.106e-28,-3.1842e-28
