-1.5932e-18,6.0269e-17,4.9637e-17,8.5165e-17,5.9546e-17,3.7419e-17,5.5082e-17,6.0879e-17,9.8201e-17,3.1046e-17,5.569e-17,7.472e-17,9.8753e-17,7.7225e-17,5.7671e-17,4.817e-17,9.8329e-17,1.0401e-16,1.0449e-16,5.9072e-17,4.3074e-17,8.7381e-17,1.5262e-16,2.7046e-16,1.8014e-16,8.8524e-17,6.5434e-17,2.028e-17,5.0753e-17,1.21e-17,2.0937e-16,9.8235e-17,2.2922e-17,1.3474e-16,3.0616e-17,5.1769e-17,3.8613e-17,6.8138e-17,4.5399e-17,1.3648e-16,1.9473e-16,1.3529e-16,8.9047e-17,8.5618e-17,6.3361e-17,7.7285e-17,1.1568e-16,-3.1949e-17,4.6143e-17,-1.9088e-17,2.4845e-16,5.5578e-17,-2.1391e-17,8.2062e-17,-1.6351e-17,5.3005e-17,6.0917e-17,4.5493e-17,5.8702e-17,1.4704e-16,5.3115e-17,-7.1055e-17,9.2729e-17,-5.7044e-17,-2.2547e-17,5.6716e-17,1.4376e-16,9.5106e-17,4.2336e-17,-3.4965e-18,3.8804e-17,-3.2513e-17,3.9854e-17,1.2022e-16,1.0547e-16,1.9224e-17,5.6454e-17,7.7029e-17,1.8369e-17,5.8353e-17,1.0434e-16,1.1558e-16,-9.0025e-18,7.2218e-17,7.892e-17,1.3139e-17,3.4255e-17,-1.422e-17,-5.6117e-17,4.1604e-18,1.1995e-18
-3.8626e-18,-0.046932,-0.041314,-0.060847,-0.042172,-0.026983,-0.056966,-0.048375,-0.080157,-0.032722,-0.033104,-0.054254,-0.056043,-0.056569,-0.048475,-0.047298,-0.056296,-0.068168,-0.056543,-0.037163,-0.034464,-0.044388,-0.11856,-0.1774,-0.10499,-0.068359,-0.06519,0.42094,0.45776,0.35408,0.56958,0.36961,0.45566,0.51155,0.46653,0.57616,0.45205,0.58929,0.91343,0.42736,0.35461,0.3901,0.40679,0.37602,0.47617,0.55263,0.49718,0.783,0.53937,0.53727,0.46974,0.48922,0.49919,0.47256,0.62082,0.38529,0.57603,0.44125,0.57293,0.46823,0.5485,0.70754,0.69094,0.73426,0.7868,0.44757,0.56359,0.44412,0.49681,0.51972,0.41163,0.42516,0.44955,0.33164,0.58542,0.55542,0.45649,0.42105,0.51214,0.26415,0.36939,0.48486,0.57724,0.59813,0.47002,0.52722,0.58553,0.41255,0.34923,0.28348,2.5114e-17
1.5083e-17,0.22927,0.20233,0.2957,0.21351,0.1433,0.27826,0.23448,0.38855,0.1725,0.17075,0.26479,0.27705,0.27713,0.24069,0.23102,0.27894,0.33525,0.27679,0.18165,0.17132,0.22083,0.61064,0.88915,0.51933,0.34074,0.31752,0.65943,0.78505,0.59665,0.82747,0.66774,0.85096,0.8466,0.79211,0.83821,0.70999,0.92085,1.094,1.1382,1.2111,1.0806,0.73653,0.81805,0.89976,0.88716,0.73199,0.93926,0.88908,0.7675,0.70912,0.7407,0.68669,0.68791,0.96538,0.75787,0.95607,0.72201,0.80436,0.72692,0.79172,1.0122,1.2999,1.5825,1.3283,0.84124,0.91679,0.81803,0.85107,0.83218,0.6248,0.67904,0.70102,0.63932,0.88484,0.82411,0.77657,0.71908,0.75058,0.49882,0.55704,0.75441,0.95392,0.95207,0.85878,0.80952,0.76517,0.60795,0.54055,0.49186,6.3623e-17
2.8476e-17,0.5633,0.50522,0.70231,0.64299,0.53307,0.68349,0.54714,0.90686,0.62312,0.5618,0.647,0.73264,0.69342,0.65264,0.56722,0.74751,0.85909,0.68906,0.44812,0.46779,0.60565,1.9964,2.5392,1.3776,0.94435,0.76548,0.51311,0.68,0.52039,0.64381,0.67216,0.83562,0.78704,0.74553,0.51345,0.54012,0.69917,0.46203,1.6378,1.6443,1.4384,0.73035,0.89924,0.8574,0.71913,0.57307,0.41256,0.82339,0.51442,0.53165,0.53988,0.44859,0.52255,0.76346,0.82536,0.81496,0.64072,0.51337,0.56971,0.51808,0.66815,1.1514,1.7333,1.2522,0.87066,0.791,0.79792,0.75347,0.72615,0.50761,0.60758,0.54279,0.65609,0.68952,0.63142,0.70117,0.68428,0.63699,0.60338,0.42176,0.56123,0.78251,0.78766,0.75562,0.60238,0.44352,0.45165,0.4266,0.435,6.0123e-17
3.4967e-17,0.48044,0.45368,0.55419,0.84386,0.84607,0.60162,0.407,0.63329,0.94413,0.77781,0.58046,0.78607,0.65785,0.68915,0.51816,0.80465,0.79979,0.60628,0.42858,0.53028,0.66285,2.8343,2.8185,1.3916,1.0377,0.64632,0.50231,0.62043,0.55285,0.80649,0.68436,0.7727,0.88268,0.80579,0.41965,0.48032,0.66175,0.58802,1.6747,1.2475,1.3089,0.81698,0.76987,0.71026,0.69176,0.70556,0.61181,0.92639,0.5485,0.55049,0.51861,0.56749,0.65464,0.79688,0.82392,0.79042,0.70791,0.542,0.56263,0.51408,0.72253,0.77135,1.398,1.4102,0.88253,0.8248,0.76216,0.73529,0.80085,0.61274,0.72402,0.56169,0.63301,0.71969,0.71533,0.72646,0.74364,0.87804,0.81352,0.4651,0.50169,0.68002,0.81267,0.61884,0.59157,0.5565,0.5385,0.52003,0.46573,4.5982e-17
3.3013e-17,0.43923,0.43973,0.53258,0.92567,0.78071,0.60417,0.3738,0.4107,0.80176,0.68343,0.66767,0.91582,0.75972,0.62724,0.59844,0.85022,0.69421,0.54541,0.56445,0.6103,0.63709,2.7651,2.1411,1.277,0.95402,0.6807,0.53708,0.66386,0.75119,0.81848,0.56085,0.73513,0.80821,0.75539,0.52702,0.42766,0.72081,0.60079,1.1027,1.3997,1.3042,1.0625,0.76091,0.65389,0.68515,0.75122,0.88891,0.84388,0.60622,0.57455,0.51984,0.74641,0.77496,0.85188,0.70961,0.80059,0.75656,0.61385,0.50007,0.61945,0.93182,0.66037,0.97468,1.4732,0.82863,0.80121,0.7676,0.82588,0.74882,0.6952,0.76214,0.6956,0.66231,0.57534,0.71609,0.80888,0.70916,0.91358,0.90873,0.56105,0.49684,0.59778,0.80955,0.80084,0.67578,0.63585,0.69095,0.8167,0.73295,7.6027e-17
4.243e-17,0.53971,0.55613,0.66573,0.85205,0.63486,0.54214,0.42817,0.41478,0.65989,0.6088,0.74981,1.0249,0.91173,0.61471,0.59219,0.76543,0.78039,0.60114,0.71752,0.6996,0.57074,1.7757,2.0425,1.4972,0.96982,0.77031,0.63371,0.74199,0.79234,0.67644,0.50256,0.75426,0.59191,0.57709,0.55537,0.35918,0.75483,0.49668,0.93857,1.6766,1.4278,1.0612,0.81672,0.68485,0.72736,0.59829,0.9851,0.59161,0.58885,0.65287,0.52656,0.77244,0.76385,0.85039,0.63422,0.68559,0.7378,0.63828,0.42573,0.66515,0.93866,0.67585,0.89636,1.3653,0.76636,0.72118,0.84537,0.90259,0.63718,0.61545,0.6818,0.75573,0.72647,0.5363,0.75037,0.83534,0.64127,0.74768,0.80453,0.68124,0.55154,0.60839,0.85203,0.8526,0.75378,0.71138,0.68696,0.84055,0.74552,8.0269e-17
8.717e-17,0.69811,0.66677,0.77521,0.70133,0.61496,0.37109,0.43687,0.50897,0.6756,0.66816,0.67997,0.8765,0.84434,0.71879,0.45683,0.55504,0.90643,0.67492,0.77869,0.70585,0.51488,0.71771,2.5092,1.7937,1.0754,0.7537,0.69997,0.7472,0.65602,0.59329,0.59561,0.83345,0.47611,0.4107,0.44716,0.38979,0.76465,0.79675,1.4565,1.5433,1.465,0.77524,0.81707,0.76047,0.782,0.50842,0.92151,0.46602,0.54219,0.78923,0.62748,0.66169,0.7103,0.80388,0.67367,0.48257,0.67689,0.71439,0.47306,0.61595,0.74335,0.64647,1.0848,1.2247,0.73344,0.70208,0.93537,0.85907,0.59971,0.45214,0.58878,0.72342,0.81763,0.7269,0.84788,0.75978,0.68875,0.61829,0.6437,0.77505,0.64748,0.71583,0.9312,0.65849,0.81262,0.85143,0.60295,0.60978,0.52621,6.9187e-17
3.8943e-17,0.81338,0.62834,0.82421,0.70141,0.57375,0.44238,0.46799,0.59885,0.50546,0.6508,0.68803,0.5402,0.59666,0.94651,0.56943,0.5299,0.82683,0.72932,0.88479,0.6383,0.5837,0.69538,2.074,1.6236,1.1018,0.80027,0.55871,0.63575,0.68585,0.62892,0.64034,0.90938,0.61085,0.40427,0.42551,0.58784,0.80307,1.2236,1.5351,1.2162,1.2994,0.57709,0.79648,0.78514,0.71951,0.71953,0.78436,0.66429,0.53314,0.83115,0.81986,0.58629,0.77441,0.71655,0.71124,0.43167,0.6139,0.87015,0.63476,0.55501,0.65475,0.63634,1.0318,1.1369,0.67385,0.76943,0.9303,0.69343,0.5877,0.4037,0.57561,0.74016,0.92985,0.78439,0.76135,0.6352,0.84884,0.60744,0.64266,0.75267,0.68857,0.76537,0.82558,0.67247,0.86711,0.86617,0.69384,0.69573,0.67482,1.1467e-16
2.4873e-17,0.69333,0.51782,0.73328,0.77802,0.52055,0.60334,0.53818,0.53422,0.57581,0.78215,0.73559,0.46143,0.56994,1.0519,0.65208,0.50524,0.74483,0.76808,0.80038,0.61641,0.60815,0.71902,1.7312,1.5166,1.1521,0.82673,0.47177,0.6026,0.72548,0.5888,0.60157,0.82259,0.76533,0.58401,0.54521,0.62769,0.75599,-0.51517,0.49886,0.66329,0.90477,0.23439,0.88061,0.47508,0.74703,0.68227,0.83758,0.78644,0.61765,0.8449,0.80733,0.68417,1.0266,0.65952,0.67706,0.67254,0.67578,0.73779,0.6731,0.61239,0.69456,0.58441,0.82331,0.87442,0.57229,0.76046,0.94327,0.5491,0.51053,0.53898,0.64383,0.7538,0.89757,0.69231,0.66693,0.58437,0.82763,0.56707,0.70264,0.75946,0.6934,0.69732,0.61483,0.67955,0.85924,0.6943,0.74874,0.91187,0.73638,1.4577e-16
3.5394e-17,0.53965,0.51071,0.60319,0.79351,0.50387,0.69193,0.62054,0.52474,0.68424,0.87537,0.76393,0.54132,0.64453,0.93546,0.64617,0.46386,0.70026,0.81864,0.67751,0.60318,0.65016,0.66472,1.6545,1.8237,1.309,0.97417,0.57728,0.63309,0.72352,0.5635,0.59624,0.67688,0.73548,0.82696,0.72781,0.60881,0.69018,2.6554,1.6656,1.3431,0.99692,1.352,1.0333,1.0243,0.91653,0.97983,1.046,0.80504,0.75305,0.86958,0.64969,0.73123,1.1391,0.74823,0.66583,0.89092,0.83147,0.46702,0.59278,0.71393,0.73669,0.61187,0.66213,0.64522,0.63333,0.93382,0.98207,0.52924,0.5568,0.67688,0.64855,0.74604,0.75376,0.62116,0.66489,0.6743,0.64226,0.53436,0.82663,0.73446,0.69016,0.63018,0.52594,0.64852,0.84706,0.60945,0.72092,0.91264,0.61803,1.052e-16
5.0447e-17,0.60151,0.66278,0.57507,0.7486,0.50597,0.6633,0.65211,0.72506,0.53309,0.70389,0.72089,0.56922,0.59323,0.71847,0.66021,0.49457,0.63424,0.86485,0.72534,0.58417,0.71658,0.82702,1.3549,2.2044,1.5156,1.2273,0.78278,0.6815,0.73707,0.65386,0.69914,0.67894,0.56096,0.92098,0.84477,0.73211,0.71047,12.935,5.792,3.3922,1.7831,4.0104,1.1872,2.7148,1.0535,1.8672,1.1818,0.87594,0.83498,0.85102,0.60576,0.55942,0.89986,0.95294,0.76963,0.82046,0.94396,0.43147,0.4963,0.70089,0.69317,0.74489,0.59143,0.63946,0.9049,1.3217,0.98771,0.59616,0.76693,0.67127,0.56781,0.70537,0.64378,0.65716,0.7468,0.80189,0.50191,0.62867,0.96544,0.61747,0.68862,0.6615,0.63679,0.65365,0.84389,0.71032,0.68347,0.66869,0.53534,7.8164e-17
6.4518e-17,0.71566,0.76941,0.61068,0.82067,0.44032,0.57126,0.57837,0.79666,0.5282,0.56348,0.57156,0.8022,0.6735,0.6197,0.65821,0.5353,0.60896,0.81269,0.72014,0.72471,0.48821,0.74667,0.8611,1.8539,1.589,1.1096,0.88291,0.87193,0.74866,0.62012,0.76755,0.82686,0.54188,0.73604,0.80907,0.79349,0.73733,14.701,5.8384,3.3851,1.9272,4.0087,1.389,2.8534,0.92783,1.7682,1.1052,0.88432,0.80375,0.69774,0.73185,0.48545,0.7211,0.99627,0.89685,0.75687,0.92911,0.62396,0.37821,0.56303,0.64826,0.66079,0.46259,0.57065,1.0001,1.1869,0.95805,0.59341,0.69992,0.69298,0.66394,0.57676,0.63256,0.64175,0.87251,0.71047,0.49915,0.77697,0.85919,0.61973,0.67349,0.68543,0.71037,0.59191,0.67616,0.55756,0.63577,0.61218,0.52009,9.1378e-17
5.5977e-17,0.72032,0.73349,0.55331,0.80333,0.50625,0.53982,0.55605,0.72397,0.5682,0.61807,0.5888,1.0466,0.91648,0.5152,0.57831,0.49379,0.5989,0.68741,0.62231,0.76194,0.35681,0.44733,0.54974,1.5914,1.5269,1.066,0.90337,0.85146,0.70068,0.50269,0.64087,0.82337,0.68152,0.67702,0.65589,0.73459,0.7415,8.6096,3.4363,1.9594,1.5344,2.095,1.4352,1.6763,0.75516,1.0263,0.86665,0.72691,0.82686,0.54239,0.75695,0.58562,0.77575,0.89709,0.97791,0.75683,0.88418,0.70069,0.57814,0.54163,0.70742,0.48758,0.54563,1.0288,1.1043,0.90489,0.85456,0.65214,0.65436,0.83797,0.68965,0.51602,0.75521,0.6147,0.78179,0.54925,0.62614,0.59138,0.75486,0.71698,0.57348,0.7162,0.79231,0.56672,0.47387,0.52141,0.74448,0.62825,0.48458,9.1866e-17
6.4114e-17,0.6308,0.66077,0.46859,0.65414,0.67447,0.56585,0.62286,0.75127,0.62267,0.74638,0.67923,0.99866,1.0284,0.42538,0.49654,0.45889,0.60053,0.67062,0.57728,0.60029,0.46947,0.27021,0.53666,1.8128,1.7095,1.3283,0.96432,0.75226,0.70542,0.49199,0.4891,0.66939,0.82049,0.84149,0.54093,0.59339,0.67443,2.3278,1.586,0.91501,1.1269,0.57224,1.2385,0.64142,0.73678,0.60197,0.67305,0.52213,0.92404,0.52659,0.6221,0.76842,0.86521,0.76268,0.93356,0.79981,0.8333,0.60776,0.90979,0.67374,0.77073,0.37765,0.82012,1.8356,1.2573,0.78783,0.76809,0.75058,0.75682,0.97465,0.59427,0.54403,0.81762,0.6432,0.54002,0.49409,0.74282,0.35053,0.76254,0.77913,0.51544,0.70802,0.83446,0.61162,0.38525,0.70478,0.92561,0.59137,0.47532,6.4549e-17
1.0193e-16,0.60447,0.68464,0.54456,0.58238,0.68869,0.55253,0.6507,0.97367,0.7787,0.71294,0.49985,0.65548,0.76436,0.52115,0.57338,0.5852,0.64658,0.85126,0.71632,0.45714,0.53193,0.44719,0.64471,1.875,2.3329,1.5471,1.1814,1.0505,0.874,0.67879,0.64698,0.64801,0.83093,0.91918,0.5975,0.472,0.70282,0.96951,0.8362,0.95604,0.93539,0.49114,0.9191,0.62626,0.811,0.85106,0.71453,0.50055,0.93758,0.61975,0.55067,0.87781,0.72839,0.69907,0.75284,0.84782,0.70662,0.58847,0.82959,0.72045,0.66325,0.36378,0.95811,2.0224,1.2467,0.69415,0.82901,0.71841,0.77209,0.90633,0.63859,0.54989,0.65041,0.68395,0.47888,0.5383,0.70683,0.62392,0.76089,0.74117,0.70302,0.59852,0.71016,0.63214,0.41081,0.7291,0.89226,0.58257,0.61487,6.704e-17
7.8702e-17,0.7106,0.59918,0.57972,0.59182,0.63949,0.56654,0.62354,0.77865,0.68084,0.60578,0.38761,0.59323,0.63389,0.61486,0.76636,0.67491,0.6934,0.77482,0.83059,0.44932,0.51759,0.58261,0.92947,1.312,2.2539,1.4196,1.5848,1.2761,0.83737,0.78006,0.92403,0.67389,0.80687,0.90747,0.67881,0.54918,1.5791,1.1715,0.79997,1.0249,0.84381,0.56903,0.58013,0.74812,0.72205,0.90542,0.85206,0.60058,0.87252,0.56053,0.60385,0.7841,0.66715,0.85167,0.67708,0.74191,0.5661,0.57876,0.69249,0.54919,0.59184,0.5611,1.0562,1.6615,1.2098,0.66245,0.87336,0.7341,0.78754,0.80585,0.7948,0.65263,0.75241,0.57285,0.50071,0.54327,0.67328,0.62964,0.90154,0.74135,0.91356,0.5897,0.66257,0.61859,0.43438,0.58162,0.72298,0.65745,0.74109,8.9934e-17
2.6335e-17,0.79227,0.59226,0.63593,0.57524,0.67584,0.59175,0.63396,0.50695,0.5814,0.58984,0.47482,0.56249,0.58151,0.69577,0.77853,0.65762,0.6349,0.54631,0.75116,0.43478,0.51414,0.55263,1.3574,0.86445,1.6369,1.1414,1.6778,1.3685,0.88572,0.72882,0.91779,0.63118,0.80016,0.86508,0.81492,0.7202,2.3133,1.3371,0.83937,0.89778,0.78474,0.46286,0.44309,0.72904,0.60653,0.73472,0.85632,0.75343,0.70139,0.58757,0.65079,0.6609,0.65645,0.9399,0.73455,0.56944,0.4398,0.65083,0.63833,0.46781,0.59439,0.81907,0.96681,1.1954,1.0614,0.86594,0.9738,0.95549,0.91518,0.81452,0.82312,0.73666,0.95158,0.53004,0.54819,0.5827,0.82269,0.71449,0.96824,0.76589,0.93334,0.67132,0.67714,0.59648,0.50697,0.51914,0.65709,0.75787,0.7207,6.9341e-17
5.2714e-17,0.76261,0.75578,0.75449,0.51352,0.76423,0.59739,0.65491,0.58181,0.69359,0.6828,0.67258,0.38631,0.46004,0.76036,0.55066,0.60774,0.50775,0.44032,0.56368,0.32549,0.53382,0.49178,1.7653,1.1302,1.2611,0.98701,1.2386,1.4111,1.2845,0.7372,0.72018,0.57828,0.74147,0.78972,0.90081,0.8915,1.9545,1.3646,0.71458,0.86183,0.73275,0.50386,0.58098,0.68617,0.66396,0.64773,0.66484,0.84432,0.54235,0.8597,0.60987,0.66038,0.61292,0.76941,0.79795,0.50452,0.39108,0.81772,0.62452,0.67706,0.61049,0.90274,0.68626,0.91281,0.88127,1.244,1.1383,1.1864,0.98911,0.89754,0.71287,0.7309,0.88703,0.69309,0.57602,0.64898,1.001,1.1577,0.84033,0.73397,0.78157,0.74462,0.6611,0.57959,0.62043,0.64503,0.75876,0.78676,0.56018,9.4244e-17
4.6754e-17,0.78608,0.71575,0.70211,0.54652,0.69145,0.64704,0.51543,0.62204,0.6413,0.69723,0.82113,0.61755,0.53475,0.67382,0.49714,0.60888,0.53868,0.40534,0.55136,0.31228,0.46844,0.53777,1.9413,1.4311,1.2915,0.91796,0.8679,1.2358,1.5988,1.059,1.0001,0.71511,0.56379,0.63077,0.6338,1.2414,1.2939,0.76942,0.79488,0.91796,0.65514,0.73852,0.72938,0.5597,0.7735,0.55944,0.51669,0.73038,0.67228,0.98767,0.62274,0.64845,0.69048,0.63371,0.76434,0.56957,0.52875,0.87113,0.66124,0.85516,0.63217,0.76659,0.62897,0.75122,1.0619,1.3385,1.0743,0.98299,0.76081,0.9163,0.85937,0.82385,0.67177,0.75772,0.51199,0.50287,0.75964,1.0946,0.82989,0.64346,0.70259,0.79261,0.67167,0.54448,0.57888,0.69537,0.77932,0.72371,0.42058,8.3779e-17
4.1934e-17,0.77416,0.62679,0.58791,0.59352,0.7259,0.84525,0.62685,0.57852,0.58913,0.65862,0.6536,0.64635,0.61618,0.69947,0.53056,0.54677,0.56576,0.45726,0.47233,0.45195,0.47182,0.5982,1.8317,1.2578,1.1789,0.93172,0.73072,0.99048,1.56,1.2877,0.97642,0.78346,0.73722,0.57239,0.78188,1.8254,0.94892,0.57634,0.9075,0.91908,0.65314,0.78443,0.70065,0.54451,0.70722,0.60858,0.66999,0.6882,0.7373,0.97541,0.80222,0.60544,0.7082,0.58376,0.68877,0.5941,0.64933,0.86695,0.69003,0.85596,0.5897,0.66231,0.66686,0.8617,0.96833,1.0301,0.85158,1.0081,1.4479,1.1082,1.1486,0.87398,0.59304,0.74667,0.61066,0.4693,0.65018,0.84804,0.73774,0.54324,0.6434,0.71411,0.63505,0.46821,0.5685,0.69187,0.71333,0.72889,0.49069,7.7173e-17
3.3764e-17,0.68264,0.57309,0.57165,0.62745,0.81647,0.95937,0.81716,0.56606,0.62817,0.66654,0.48021,0.50505,0.57481,0.89407,0.58349,0.41062,0.53795,0.53912,0.40403,0.66887,0.57506,0.69884,1.4696,0.9002,0.89129,0.90247,0.75463,0.79139,1.2001,1.2824,1.2013,0.83234,1.0451,0.75168,1.3295,2.273,0.96748,0.87741,1.0343,0.85153,0.72677,0.82029,0.61112,0.68545,0.6421,0.7237,0.8362,0.66806,0.64335,0.97264,0.89247,0.56306,0.5854,0.63595,0.70985,0.56001,0.67012,0.87431,0.68893,0.73178,0.56098,0.67864,0.71021,0.93317,0.68572,0.71085,0.76677,1.3037,2.2681,1.2325,1.1706,0.82207,0.65853,0.93089,1.0779,0.95201,0.87858,0.84575,0.6627,0.52418,0.67619,0.6225,0.62381,0.49673,0.65875,0.67793,0.63253,0.74698,0.65898,5.5351e-17
2.8035e-17,0.61034,0.508,0.68051,0.68834,0.71388,0.74174,0.64021,0.66776,0.65739,0.74542,0.73655,0.71623,0.50617,0.98391,0.66544,0.3516,0.54352,0.5448,0.58943,0.79028,0.62647,0.97164,1.0534,0.9143,0.79611,0.74529,0.78926,0.65691,0.79226,1.1804,2.371,1.0728,0.93647,1.0007,1.5147,2.1868,1.0882,0.87414,1.2329,0.81315,0.77184,1.2075,0.67769,0.7856,0.82338,0.78172,0.65177,0.48552,0.64273,1.0099,0.62693,0.56375,0.47042,0.77713,0.85691,0.57278,0.68295,0.83348,0.6727,0.61836,0.68206,0.70621,0.7719,0.62843,0.80095,0.80719,0.93339,1.2259,1.5723,0.90699,0.80396,0.74978,0.6264,1.2957,1.6883,1.7958,1.1573,1.0629,0.85176,0.60753,0.85659,0.686,0.74804,0.74029,0.72266,0.63618,0.60373,0.6688,0.66145,5.5825e-17
3.6846e-17,0.68072,0.59402,0.7712,0.70698,0.70363,0.64074,0.63807,0.79807,0.68083,0.74985,0.84956,0.75448,0.55453,0.71087,0.59592,0.5114,0.50312,0.49409,0.62218,0.64778,0.52662,1.3555,1.0483,0.9424,0.67108,0.76329,0.70358,0.6636,0.65389,0.81226,1.8743,1.1298,0.92622,0.8095,1.3052,1.9214,1.295,0.76624,1.0627,0.8024,0.75248,1.2907,0.77848,0.63185,0.77898,1.0975,0.71008,0.58155,0.77265,0.84485,0.47077,0.63059,0.55726,0.8163,0.85442,0.58595,0.71142,0.60108,0.61512,0.56048,0.84265,0.70882,0.66495,0.66071,0.83312,0.95129,0.84517,0.71794,0.98461,0.70324,0.81127,0.68438,0.44909,0.99378,1.5974,1.8451,1.4569,1.0761,0.89693,0.59671,0.75991,0.68285,0.79492,0.8698,0.70361,0.58199,0.68291,0.79774,0.56241,6.8597e-17
5.3152e-17,0.69998,0.74395,0.84169,0.71111,0.6588,0.61531,0.71747,0.83603,0.68296,0.72901,0.77889,0.58638,0.60961,0.52726,0.61596,0.69461,0.53481,0.5236,0.51112,0.58162,0.49696,1.567,1.3259,0.91443,0.7193,0.9031,0.68886,0.80523,0.73384,0.59225,0.83611,0.98894,1.1838,0.90706,1.0782,1.4522,1.2902,0.85516,0.84111,0.89947,0.67058,1.1672,0.98516,0.49616,0.78224,1.1835,0.81506,0.72272,0.77909,0.59891,0.49297,0.54426,0.63167,0.75822,0.84465,0.64849,0.72112,0.59807,0.51,0.53306,0.8613,0.66364,0.56956,0.79705,0.82111,0.93939,0.67112,0.50127,0.81839,0.72244,0.8686,0.89934,0.83871,0.78662,1.0179,1.3925,1.5949,0.97712,0.76773,0.48875,0.58288,0.61512,0.71823,0.83857,0.66732,0.59216,0.7888,0.87884,0.57501,2.4502e-17
6.3098e-17,0.58464,0.7618,0.85302,0.72613,0.54979,0.55563,0.66349,0.77447,0.70522,0.73067,0.70872,0.48007,0.6334,0.65909,0.75397,0.69397,0.65703,0.62426,0.45447,0.69748,0.61964,1.4042,1.4468,0.88893,0.92002,1.0009,0.81757,0.95995,0.82362,0.69276,0.7309,0.8297,1.3472,1.4267,1.063,0.84911,1.0222,1.0238,0.94591,1.0791,0.59535,1.0767,1.1612,0.57815,1.017,0.83601,0.72981,0.65972,0.65604,0.49695,0.57787,0.37454,0.62791,0.68709,0.90517,0.67784,0.77157,0.89671,0.48597,0.52424,0.75068,0.61164,0.72717,0.73362,0.83325,0.79196,0.64256,0.71357,0.74791,0.74053,0.66287,1.3017,1.6506,1.4929,1.2521,1.067,1.3795,1.0007,0.68802,0.5606,0.61179,0.59456,0.61346,0.79524,0.69334,0.67119,0.82042,0.74029,0.67194,1.259e-17
3.9382e-17,0.57168,0.58905,0.68337,0.70563,0.68269,0.61791,0.62309,0.74004,0.80586,0.67356,0.64531,0.56678,0.77643,0.66521,0.61047,0.56067,0.66214,0.60984,0.53432,0.58797,0.61798,1.0401,1.1678,0.84581,0.80266,1.0124,0.84903,0.96306,0.80905,0.63924,0.67656,0.7367,1.0299,1.1908,1.0913,0.5561,0.87371,0.85954,1.1891,1.1427,0.6418,0.87944,0.93285,0.67094,1.0806,0.71416,0.76532,0.61064,0.77898,0.57062,0.67585,0.56599,0.83226,0.64128,0.81378,0.4838,0.97483,0.87534,0.6703,0.54246,0.72912,0.6278,0.97587,0.71379,0.62168,0.63727,0.60272,0.54022,0.82584,0.62446,0.62252,1.2744,1.5124,2.604,3.2349,0.87232,0.91364,1.0371,0.74003,1.0359,0.74118,0.65314,0.58738,0.83185,0.76934,0.71284,0.78078,0.69272,0.5671,5.3538e-17
2.9595e-17,0.64018,0.52122,0.56849,0.6595,0.74066,0.69491,0.61499,0.72982,0.69921,0.60093,0.60295,0.62322,0.79414,0.71396,0.56024,0.49888,0.64728,0.6747,0.76578,0.55263,0.47936,1.1079,0.97213,0.95768,0.83592,0.82118,0.86691,0.87601,0.77079,0.54519,0.56466,0.62481,1.2198,0.83232,1.0458,0.53894,0.67405,0.91958,1.1712,1.0802,0.78631,0.73345,0.85341,0.72441,1.1709,0.8235,0.94749,0.55176,0.91575,0.65784,0.5897,0.74624,0.92327,0.66299,0.832,0.51476,0.99464,0.75612,0.55139,0.46824,0.66621,0.59553,0.46414,0.43253,0.49586,0.59796,0.68337,0.56935,0.95497,0.6452,0.58271,0.92101,1.0639,2.9395,3.6251,0.97076,0.93666,0.57544,0.48101,1.0426,0.79326,0.70277,0.6154,0.73239,0.75751,0.73557,0.80487,0.71761,0.55883,8.2996e-17
4.3492e-17,0.69733,0.65212,0.60282,0.63585,0.73668,0.75642,0.77421,0.73702,0.55268,0.54886,0.60369,0.60263,0.63338,0.74781,0.69496,0.63844,0.73252,0.79244,0.86227,0.58354,0.62153,1.1966,0.9678,1.0928,0.96609,0.66916,0.89595,0.84598,0.67813,0.53944,0.5583,0.55259,1.6031,0.79763,0.85591,0.62359,0.59216,1.0219,0.83847,0.98872,0.76182,0.76178,0.98077,0.58374,1.1732,0.84741,1.0407,0.61372,0.81949,0.73485,0.46011,0.71608,0.80192,0.70524,0.88138,0.66509,0.74949,0.77093,0.7499,0.5951,0.68459,0.96735,0.93849,0.43476,0.66823,0.59442,0.7148,0.79991,0.96618,0.72,0.45826,0.58667,0.81222,2.1237,2.0931,1.2091,1.1999,1.6183,1.2827,0.9896,0.85462,0.70833,0.67385,0.62444,0.72791,0.77408,0.776,0.66003,0.66145,1.5878e-16
7.307e-17,0.68082,0.80538,0.67122,0.6452,0.81359,0.79954,1.0774,0.76164,0.66933,0.58281,0.65701,0.61081,0.5342,0.60222,0.75319,0.85692,0.87778,0.78508,0.65455,0.49579,1.1891,0.79634,0.92885,0.99064,0.80201,0.78816,0.82975,0.8817,0.54359,0.59342,0.69296,0.63474,1.2604,0.89291,0.65246,0.65109,0.82633,0.68507,0.49849,0.90036,0.60567,0.90831,1.0129,0.4056,0.88798,0.64039,0.8627,0.85028,0.60673,0.77365,0.52856,0.62499,0.63862,0.70536,0.74415,0.57839,0.49975,0.861,1.6713,1.0621,0.95279,1.9018,3.329,1.137,0.95077,0.53082,0.52321,0.76084,0.78375,0.62057,0.38716,0.51539,0.71629,0.90438,0.93248,1.2216,1.1577,4.5938,3.7162,1.5122,1.0575,0.71263,0.74612,0.70846,0.76678,0.79445,0.57044,0.50607,0.67879,1.184e-16
9.2445e-17,0.60954,0.77827,0.65491,0.61182,0.62394,0.66719,0.98537,0.76083,0.72881,0.82336,0.73097,0.62725,0.75408,0.55263,0.62258,0.76247,0.84842,0.72133,0.64196,0.55664,1.3031,0.98504,0.88691,0.76861,0.60269,0.79417,0.60618,0.72054,0.65193,0.61829,0.72498,0.78014,0.81948,0.81143,0.84102,0.53866,0.84345,0.48067,0.50438,0.67194,1.128,0.97185,1.11,1.0308,0.73154,0.59005,0.65683,0.82628,0.78177,0.51646,0.62216,0.66086,0.52493,0.725,0.68704,0.57757,0.53622,0.79329,1.3715,1.0585,1.142,2.0275,2.8433,1.1429,0.83496,0.58258,0.53371,0.65222,0.57747,0.58424,0.51033,0.64368,0.75111,0.5844,0.75409,0.89878,1.4257,3.2533,3.8065,1.2563,1.1617,0.77426,0.78643,0.68462,0.68048,0.69943,0.49964,0.56163,0.72423,8.8418e-17
7.9344e-17,0.64993,0.73925,0.70411,0.6934,0.55948,0.5805,0.72681,0.70446,0.64488,0.80169,0.72323,0.69092,0.85386,0.65452,0.54359,0.6125,0.73137,0.726,0.70049,0.69676,1.4219,1.2773,0.88062,0.78643,0.75965,0.79879,0.61406,0.6191,0.5558,0.61145,0.60277,0.88393,0.59049,0.72061,0.94916,0.47001,0.64248,0.63866,0.74069,0.57379,1.3624,0.98878,1.0394,1.3986,0.77709,0.62,0.69612,0.67602,0.89436,0.44104,0.74766,0.81618,0.66027,0.8196,0.68215,0.68837,0.70486,0.74758,0.73702,0.9778,1.0389,1.4089,1.1732,0.69556,0.63006,0.64451,0.6861,0.53754,0.5052,0.70591,0.673,0.76049,0.86701,0.76084,0.83787,0.65198,1.2349,0.83987,2.0219,0.73605,1.0008,0.88691,0.88263,0.82425,0.98167,0.75644,0.54241,0.7369,0.8481,1.072e-16
6.3112e-17,0.75569,0.72323,0.76595,0.82265,0.71036,0.6182,0.62456,0.6675,0.61697,0.52788,0.60686,0.75695,0.68202,0.73724,0.57489,0.61901,0.66949,0.75018,0.66827,0.69692,1.7239,1.2026,0.89286,0.9481,1.0332,0.86807,0.84593,0.66999,0.28879,0.61618,0.51234,0.84622,0.67661,0.73802,0.69469,0.56595,0.59092,0.92723,0.93967,0.67419,0.89673,1.0454,0.92437,0.97975,0.89544,0.7108,0.8427,0.6869,0.68485,0.68638,0.84041,0.88308,0.90649,0.87197,0.62747,0.79082,0.82183,0.81238,0.77799,1.067,0.74711,0.83078,0.6504,0.44396,0.57483,0.59271,0.74176,0.54227,0.52418,0.82207,0.77794,0.77064,0.91464,0.7628,0.70608,0.66865,0.62465,0.6521,0.62028,0.62768,0.75291,1.0163,1.0243,1.0764,1.4243,0.89426,0.6249,0.86002,0.97473,5.8893e-17
5.9821e-17,0.7078,0.57341,0.56673,0.67684,0.57661,0.5552,0.64205,0.75883,0.82272,0.64045,0.48934,0.69945,0.67561,0.64622,0.48687,0.61394,0.65785,0.6203,0.66024,0.5128,1.5125,1.1642,0.88652,0.76567,0.79513,0.80016,0.77705,0.58691,0.5168,0.64782,0.65856,0.67761,1.0183,0.71892,0.50211,0.72291,0.89921,0.94906,0.9686,0.6495,0.73536,1.0978,1.2303,0.73656,1.0011,0.98029,0.71379,0.85929,0.58923,0.74118,0.70922,0.66892,0.82612,0.72563,0.55968,0.82494,0.87302,0.79258,0.98784,0.87824,0.5919,0.7799,0.56117,0.4599,0.49289,0.54178,0.65562,0.79598,0.46652,0.70012,0.89568,0.80001,0.77934,0.63607,0.66384,0.71,0.86656,0.81458,0.63417,0.66149,0.79721,1.1084,1.0499,0.91125,0.98328,0.66687,0.75817,0.90132,0.96656,6.9688e-17
1.3753e-16,0.8308,0.70869,0.4425,0.48766,0.43299,0.47855,0.67472,0.78745,0.77586,0.77452,0.49485,0.6219,0.74947,0.69839,0.45355,0.60399,0.60669,0.51479,0.56955,0.56483,1.0762,1.152,0.92112,0.68887,0.81452,0.75386,0.6366,0.52872,0.60702,0.61338,0.74026,0.74912,0.93173,0.73357,0.6624,0.81406,0.88712,0.80213,0.9197,0.52227,0.83341,0.94404,1.2457,0.74684,1.1952,0.82007,0.7579,0.78244,0.70361,0.73757,0.49185,0.52286,0.62831,0.75881,0.61463,0.82516,0.73562,0.73419,1.0519,0.70446,0.63635,0.7452,0.62335,0.63363,0.66102,0.86602,0.73036,0.77856,0.50217,0.58578,0.87618,1.0103,0.81898,0.68249,0.64251,0.90827,1.1074,0.93952,0.76086,0.65247,0.95105,1.0463,0.96095,0.72985,0.58885,0.48236,0.74519,0.85023,0.82103,4.2005e-17
1.9953e-16,0.93567,0.86775,0.51976,0.51624,0.4349,0.43491,0.64179,0.63503,0.61046,0.75285,0.66005,0.63353,0.7386,0.76059,0.54465,0.62137,0.60324,0.5038,0.44001,0.69806,0.89415,0.99978,0.80333,0.74033,0.9422,0.763,0.62633,0.63703,0.57096,0.56445,0.7741,0.88465,0.80971,0.68568,0.85763,0.78093,0.68232,0.65069,0.7966,0.44742,0.89209,0.75213,0.95956,0.96332,1.2359,0.61968,0.85699,0.72103,0.68934,0.67536,0.41219,0.70258,0.53073,0.84966,0.67057,0.8279,0.59316,0.78261,1.1132,0.68244,0.69004,0.73649,0.73172,0.83876,0.78061,1.1851,0.929,0.71177,0.68848,0.60877,0.65301,1.0409,0.94277,0.82836,0.70409,0.97961,0.86538,0.85637,0.66678,0.65858,0.93723,0.90478,0.81413,0.69502,0.60685,0.49419,0.64412,0.74853,0.6541,7.8689e-17
8.2686e-17,0.74225,0.67981,0.63534,0.71034,0.56842,0.46851,0.539,0.40152,0.6427,0.6528,0.82858,0.70169,0.65874,0.65866,0.7041,0.69276,0.68207,0.5188,0.42966,0.61941,1.097,0.7394,0.49761,0.69257,0.73352,0.76906,0.71982,0.83852,0.74281,0.61385,0.83224,0.7871,1.1406,0.59408,0.72882,0.64325,0.72746,0.55573,0.61825,0.55674,0.76827,0.74942,0.77408,1.1847,0.91456,0.84902,0.71351,0.93586,0.41901,0.52418,0.52031,0.97989,0.59153,0.69842,0.5685,0.79962,0.64079,0.91822,1.1609,0.70617,0.66649,0.96059,0.80504,0.90506,0.57476,0.99398,0.99408,0.90537,0.88048,0.70004,0.40343,0.6678,0.90223,0.85299,0.84811,0.73004,0.48251,0.57601,0.69333,0.68536,0.71961,0.826,0.68636,0.70851,0.70428,0.55389,0.60345,0.6744,0.63506,7.0844e-17
6.3238e-17,0.6121,0.59254,0.6043,0.66391,0.8501,0.71947,0.46746,0.36601,0.58115,0.49983,0.69893,0.64386,0.72996,0.77014,0.86692,0.81765,0.58681,0.49943,0.59144,0.61392,1.2688,0.81209,0.53985,0.69485,0.74552,0.80408,0.75352,0.86738,0.84288,0.73717,0.63987,0.7399,1.1194,0.83554,0.58699,0.5041,0.74546,0.47503,0.57534,0.82696,0.62237,0.75196,0.61375,0.93441,0.58745,0.75938,0.64874,0.80419,0.49629,0.52986,0.56169,0.70596,0.72543,0.50451,0.45291,0.64325,0.68326,0.84655,0.69041,0.68117,0.82586,1.0544,0.77629,0.65109,0.60975,0.65438,0.85216,0.8016,0.87202,0.7343,0.48294,0.53828,0.85093,0.80539,0.75144,0.69484,0.54064,0.6022,0.56602,0.46605,0.61451,0.7946,0.64887,0.7619,0.64354,0.55939,0.55494,0.69519,0.84518,4.9282e-17
6.9896e-17,0.63946,0.65782,0.59507,0.62279,0.96286,0.98333,0.54948,0.51166,0.60568,0.5209,0.59424,0.61265,0.72616,0.77256,0.752,0.74031,0.48391,0.48894,0.69285,0.56636,1.3172,1.425,0.85412,0.80431,0.91668,0.79998,0.68217,0.76524,0.8658,0.74749,0.6822,0.83943,0.88682,0.85902,0.66308,0.6155,0.65683,0.51673,0.59555,0.94761,0.71156,0.68,0.64431,0.67365,0.50104,0.74378,0.63565,0.60337,0.70041,0.6033,0.52063,0.54147,0.66138,0.48301,0.4737,0.53187,0.73061,0.83283,1.0908,0.6648,0.80463,0.98259,0.65166,0.46651,0.7431,0.63206,0.71815,0.78334,0.86323,0.70702,0.61746,0.7025,0.69635,0.64408,0.70377,0.67145,0.67385,0.68149,0.53867,0.37835,0.59101,0.73274,0.62951,0.68893,0.53168,0.48432,0.53625,0.7904,0.92544,1.2602e-16
6.2607e-17,0.69498,0.72296,0.68987,0.73365,0.80056,0.9197,0.70279,0.64627,0.71105,0.65624,0.58874,0.59533,0.62368,0.62578,0.48913,0.48437,0.51025,0.52201,0.64444,0.60612,1.3188,2.0596,1.0293,0.90834,1.0257,0.73328,0.54373,0.64597,0.81813,0.65512,0.91607,0.88812,0.78325,0.67966,0.78845,0.75772,0.61603,0.58821,0.55962,0.7869,0.85239,0.52436,0.85678,0.6994,0.57161,0.95431,0.66588,0.5507,0.75233,0.64488,0.48305,0.7153,0.48915,0.61668,0.56614,0.61659,0.75501,0.96621,2.2567,0.80342,0.60869,0.83157,0.44838,0.53948,0.7331,0.83831,0.78405,0.90052,0.88357,0.68495,0.61399,0.86278,0.54511,0.62638,0.79746,0.55194,0.63346,0.65663,0.62867,0.54051,0.58969,0.67565,0.58726,0.49279,0.48026,0.44348,0.54844,0.81236,0.79989,8.3037e-17
8.4642e-18,0.63628,0.68555,0.74656,0.79776,0.62788,0.49167,0.68341,0.60677,0.63735,0.61843,0.45662,0.43146,0.6682,0.71846,0.53312,0.39873,0.57247,0.58487,0.59696,0.93481,1.5299,1.8918,0.87034,0.86957,0.96881,0.65809,0.47338,0.59396,0.64689,0.66736,0.76529,0.68827,0.86431,0.91376,0.70237,0.54197,0.76812,0.50732,0.45405,0.53009,0.66553,0.38882,0.97421,0.78008,0.58017,0.94132,0.8041,0.45894,0.7009,0.68371,0.52181,0.68955,0.55471,0.6918,0.55867,0.7943,0.65255,0.97559,2.2913,1.0539,0.70978,0.65361,0.28674,0.61921,0.65141,0.79439,0.96921,0.69851,0.75139,0.69625,0.59295,0.78461,0.66344,0.99688,0.74562,0.5383,0.63152,0.70597,0.55149,0.61493,0.62809,0.721,0.59569,0.41951,0.4868,0.56145,0.55669,0.69169,0.76377,5.0269e-17
4.924e-17,0.57524,0.64439,0.69595,0.78123,0.67818,0.50058,0.47325,0.50138,0.62186,0.61846,0.63347,0.48069,0.68201,0.84291,0.68724,0.54714,0.56618,0.66501,0.61113,0.68565,2.5178,1.2858,1.0073,0.84755,0.64063,0.58186,0.72779,0.74628,0.51679,0.73976,0.74521,0.64582,1.0381,0.95402,0.90909,0.70668,0.82803,0.64615,0.38225,0.39568,0.65182,0.61281,0.88556,0.83495,0.72365,0.84434,0.76905,0.38254,0.63493,0.70912,0.65745,0.71699,0.60305,0.63344,0.62108,0.66373,0.54575,0.84741,1.353,0.79869,0.92526,0.49899,0.57327,0.53785,0.78557,0.67142,0.83255,0.58286,0.70675,0.60266,0.54871,0.68631,0.77793,0.90683,0.59214,0.45111,0.66386,0.69931,0.61858,0.59849,0.57873,0.74174,0.76865,0.64293,0.59469,0.63162,0.67935,0.84046,0.75703,6.5279e-17
4.7263e-17,0.48825,0.63044,0.70867,0.78202,0.75888,0.70862,0.38113,0.45541,0.58289,0.62988,0.86119,0.80433,0.72934,0.81609,0.67868,0.62847,0.55972,0.65453,0.69649,0.33576,2.9619,1.3449,1.0811,0.80719,0.42691,0.56178,0.79071,0.83918,0.55819,0.67798,0.81103,0.63335,1.1193,0.75827,1.0427,0.87515,0.70992,0.86878,0.40738,0.54836,0.62214,0.75926,0.7911,0.71621,0.74008,0.77407,0.61184,0.4245,0.62304,0.69597,0.65183,0.8073,0.69249,0.63589,0.85034,0.44365,0.69636,0.82305,0.65547,0.65655,0.98077,0.46183,0.7856,0.47375,0.9048,0.64474,0.61772,0.64456,0.71566,0.56359,0.58025,0.69616,0.70609,0.58532,0.48318,0.45322,0.73578,0.72118,0.7942,0.59156,0.52267,0.78531,0.93157,0.90572,0.7093,0.66431,0.75111,0.88165,0.66173,7.6051e-17
7.6144e-17,0.42501,0.68384,0.83895,0.848,0.72644,0.66814,0.5365,0.48032,0.42505,0.56467,0.74506,1.02,0.82793,0.6834,0.5178,0.54185,0.61172,0.54691,0.76688,0.64247,2.0988,2.0904,0.79728,0.67558,0.58688,0.5972,0.45243,0.72282,0.68012,0.54171,0.80461,0.72301,0.9635,0.68905,0.75837,0.62012,0.55472,0.8469,0.52341,0.83339,0.43457,0.5684,0.77394,0.54252,0.5567,0.72716,0.55927,0.62723,0.68326,0.66899,0.53498,0.83526,0.90662,0.80653,1.0898,0.52843,0.9615,0.9425,0.76381,1.0425,0.86509,0.53444,0.59432,0.58102,0.76218,0.71647,0.65233,0.68707,0.63568,0.71571,0.69802,0.72648,0.53716,0.5795,0.48883,0.67593,0.78755,0.80003,0.86182,0.61078,0.55632,0.8566,0.91222,0.9064,0.67146,0.70623,0.64907,0.60832,0.59005,4.7343e-17
1.5712e-16,0.63251,0.8804,0.8013,0.85305,0.83219,0.72151,0.58034,0.49871,0.41878,0.55218,0.52671,0.67205,0.68456,0.65123,0.53218,0.68648,0.62429,0.5581,0.6729,1.1708,1.7228,1.7221,0.90753,0.57403,0.7085,0.55338,0.58111,0.75856,0.59864,0.75171,1.0185,1.5474,0.66365,0.86501,0.67048,0.61776,0.53359,0.65115,0.64971,0.76333,0.68782,0.6912,0.55054,0.78236,0.75878,0.67973,0.67176,0.88692,0.75751,0.70633,0.81657,0.84904,0.9819,0.88925,1.0057,0.82115,0.6872,0.81293,0.70033,0.93922,0.87045,0.59538,0.76272,0.65471,0.62533,0.74206,0.67886,0.59589,0.52785,0.83494,0.69758,0.59304,0.53491,0.64939,0.53525,0.80454,0.67514,0.6812,0.78671,0.56478,0.56981,0.7352,0.82247,0.7215,0.45378,0.63289,0.60521,0.77718,0.86811,5.8338e-17
1.4063e-16,0.76489,0.84969,0.74109,0.72356,0.75488,0.73103,0.66071,0.74128,0.60373,0.58232,0.50698,0.58731,0.53963,0.57439,0.5496,0.71332,0.68659,0.66077,0.60035,1.2063,1.6586,1.0494,0.918,0.59851,0.63719,0.43212,0.74165,0.78106,0.53031,0.88661,0.92835,1.5177,0.78802,0.97901,0.72863,0.57813,0.53037,0.75834,0.60308,0.59174,0.81843,0.61384,0.4133,0.87759,0.83179,0.68312,0.76637,0.87133,0.70807,0.70579,0.87348,0.80174,0.95199,0.78243,0.79506,0.78822,0.55172,0.61161,0.46792,0.83232,0.8184,1.0145,0.82087,0.5822,0.59215,0.64692,0.69076,0.55949,0.52703,0.79888,0.72834,0.51938,0.57406,0.6193,0.63216,0.74018,0.67321,0.60739,0.56326,0.68375,0.5275,0.57743,0.66215,0.5595,0.46006,0.61339,0.64159,0.9639,1.0357,1.2462e-16
8.5171e-17,0.71271,0.61533,0.70002,0.61904,0.57706,0.65654,0.72209,0.94819,0.85533,0.70343,0.65885,0.75876,0.47239,0.51787,0.63387,0.68592,0.81928,0.74309,0.65706,0.95588,1.3276,0.85065,0.78341,0.67114,0.57191,0.48179,0.63203,0.68045,0.60999,0.74515,0.61265,0.71697,1.092,1.0132,0.69527,0.48754,0.60486,0.90174,0.51527,0.50526,0.73451,0.40936,0.54421,0.62676,0.7015,0.82665,0.76327,0.69682,0.57471,0.62539,0.66981,0.80386,0.80598,0.58343,0.68791,0.5384,0.68804,0.52265,0.35311,0.86634,0.73083,1.4278,0.6624,0.51392,0.635,0.63962,0.70405,0.67314,0.66382,0.79729,0.77311,0.51103,0.54799,0.54124,0.70782,0.61461,0.79157,0.62192,0.44494,0.85442,0.58743,0.66072,0.57037,0.52891,0.63832,0.64708,0.63328,0.84191,0.90131,1.2561e-16
5.1457e-18,0.66876,0.55824,0.60492,0.70809,0.66265,0.6765,0.59561,0.69961,0.97975,0.89951,0.75411,0.53149,0.39673,0.68198,0.93585,0.90796,0.86538,0.72358,0.74078,1.0766,1.0075,1.0309,0.92582,0.67209,0.68871,0.78753,0.5409,0.60099,0.70235,0.58245,0.64031,0.71501,0.90071,1.1031,0.5321,0.62623,0.84152,0.52354,0.63322,0.44421,0.83607,0.69899,0.78105,0.5066,0.78354,1.0674,0.7311,0.7088,0.56047,0.55662,0.76381,0.93035,0.60148,0.49818,0.74135,0.58785,0.58499,0.48792,0.41859,0.65449,0.79617,1.1596,0.68109,0.63598,0.67255,0.8872,0.71587,0.82326,0.7849,0.99717,0.68815,0.44361,0.53759,0.56471,0.69999,0.64081,0.79203,0.55117,0.6422,0.74597,0.8259,0.95613,0.69167,0.60806,0.62322,0.58366,0.55018,0.63983,0.73254,9.9308e-17
2.3981e-17,0.5508,0.62444,0.69168,0.70678,0.64471,0.8112,0.7194,0.59851,0.83614,0.77397,0.83457,0.61276,0.60358,0.80134,0.87009,0.71497,0.60376,0.60335,0.70089,1.0031,2.0358,1.5017,0.82332,0.74382,0.5627,0.63685,0.73536,0.69689,0.62599,0.55536,0.65823,0.89822,0.77886,0.81813,0.53684,0.55293,0.77223,0.41089,0.6505,0.50495,0.67574,1.029,0.8612,0.87853,0.73964,1.0271,0.67739,0.59982,0.74024,0.60887,0.82242,0.74845,0.84649,0.63272,0.90312,0.61476,0.54152,0.36053,0.41709,0.59819,0.76025,0.92535,0.60108,0.69184,0.64195,0.86467,0.83406,0.84087,0.62805,0.89188,0.69917,0.67278,0.68726,0.63639,0.80638,0.83712,0.78951,0.56517,0.66293,0.59546,0.77164,0.7696,0.74054,0.74755,0.68252,0.55235,0.71526,0.68215,0.64421,9.0756e-17
4.7848e-17,0.58516,0.68651,0.84052,0.83508,0.69035,0.87334,0.85225,0.67076,0.69382,0.60865,0.74622,0.68236,0.78312,0.76611,0.56663,0.44324,0.39722,0.48041,0.62419,0.63534,2.396,1.3628,0.72054,0.76413,0.53293,0.55485,0.84307,0.75861,0.46779,0.66202,0.54889,0.78722,0.76015,0.60923,0.72711,0.7358,0.59369,0.65265,0.44704,0.69668,0.5183,1.0528,0.72543,0.99356,0.58654,0.77641,0.57487,0.56005,0.72546,0.63416,0.60858,0.56043,0.92957,0.69111,0.90694,0.60099,0.65933,0.51327,0.57172,0.6729,0.76271,0.86174,0.58968,0.62927,0.73385,0.65777,0.79634,0.71035,0.57238,0.56234,0.74211,0.84729,0.72176,0.66387,0.73727,0.82883,0.74071,0.59478,0.57093,0.59772,0.69865,0.52172,0.6816,0.77418,0.71664,0.55321,0.85031,0.74094,0.60844,8.906e-17
2.8608e-17,0.74517,0.63575,0.79196,1.0463,0.88196,0.77156,0.76883,0.70432,0.7061,0.65271,0.53909,0.43649,0.68233,0.64401,0.46588,0.51833,0.45931,0.39663,0.55322,0.33698,1.0939,0.91157,0.91379,0.67101,0.78624,0.86913,0.61958,0.63895,0.46871,0.80675,0.43329,0.61372,0.66976,0.84556,0.91666,1.2108,0.62038,0.7524,0.29793,0.81305,0.59853,0.85263,0.54394,0.54715,0.46656,0.58806,0.54797,0.64826,0.41477,0.52463,0.285,0.63181,0.59623,0.54495,0.67106,0.5682,0.80645,0.91879,0.84242,0.71649,0.88017,0.78036,0.77044,0.58387,0.91972,0.64587,0.62016,0.56613,0.77329,0.45957,0.71412,0.71917,0.52439,0.62288,0.47728,0.60601,0.64041,0.6368,0.6483,0.704,0.78878,0.62174,0.6356,0.66975,0.62688,0.53098,0.70348,0.61059,0.51787,2.0963e-17
3.0452e-17,0.56709,0.48864,0.54467,0.73738,0.78729,0.67838,0.78332,0.71319,0.63452,0.62117,0.60416,0.4431,0.60742,0.56913,0.67143,0.62367,0.4333,0.31252,0.39801,0.44149,0.72899,1.8903,1.0432,0.66473,0.74576,0.76581,0.46333,0.54115,0.72682,0.87539,0.43621,0.92037,0.61672,1.0293,0.95932,0.95511,0.7141,0.37118,0.59493,0.61021,0.5593,0.7889,0.56022,0.49827,0.3569,0.57809,0.7875,0.46212,0.36,0.46413,0.27676,0.62001,0.74512,0.54521,0.50717,0.40747,0.80831,0.8194,0.6612,0.77708,0.80563,0.68365,0.80212,0.67614,0.79751,0.89448,0.78397,0.57889,0.72859,0.79551,0.69141,0.68938,0.46637,0.58662,0.6039,0.73253,0.67491,0.90167,0.89008,0.69689,0.61226,0.61777,0.66786,0.65869,0.61651,0.49477,0.56787,0.55086,0.35632,1.3183e-17
5.1927e-17,0.52322,0.66332,0.67136,0.57423,0.55923,0.67486,0.76461,0.64244,0.65064,0.66089,0.67231,0.60218,0.63684,0.622,0.73461,0.65844,0.47375,0.45735,0.57936,0.51297,0.8267,1.9159,0.83394,0.64641,0.49426,0.47643,0.55165,0.53942,0.69913,0.80811,0.5313,0.86376,0.71303,0.81794,1.0214,0.66431,0.63731,0.37178,0.69333,0.64088,0.60715,0.69241,0.61326,0.6975,0.37794,0.61958,0.7402,0.50713,0.57452,0.72224,0.44759,0.59436,0.89595,0.71444,0.56017,0.68198,0.6498,0.6778,0.6209,0.76475,0.59556,0.66855,0.55694,0.71975,0.61134,0.75836,0.67281,0.66264,0.76,0.8109,0.57057,0.61072,0.53703,0.60121,0.69601,0.7139,0.84698,1.078,0.97238,0.69938,0.54261,0.60073,0.71175,0.62177,0.56556,0.48056,0.64683,0.73525,0.59095,5.658e-17
6.2473e-17,0.64208,0.84414,0.88795,0.65561,0.43124,0.6731,0.69539,0.61767,0.76846,0.74916,0.62782,0.73044,0.71681,0.61527,0.57004,0.62247,0.59195,0.61944,0.77243,0.40954,0.7142,0.95869,1.2921,0.73662,0.52533,0.56319,0.56749,0.62726,0.48974,0.70311,0.71424,0.63096,0.93184,0.63039,0.94771,0.64443,0.50276,0.59145,0.58899,0.80314,0.7004,0.47628,0.60156,0.72132,0.49151,0.66585,0.39076,0.60622,0.67737,0.90801,0.64776,0.56964,0.84698,0.75711,0.61557,0.90807,0.55178,0.722,0.66038,0.67821,0.45137,0.69113,0.36966,0.61764,0.59596,0.39896,0.46501,0.6686,0.83482,0.51797,0.42533,0.48056,0.53885,0.67828,0.67562,0.58365,0.92624,0.98748,0.82898,0.69727,0.67768,0.67121,0.70735,0.61553,0.58543,0.57082,0.73706,0.85379,0.97292,5.0852e-17
4.041e-17,0.57223,0.57838,0.64432,0.55775,0.46938,0.5746,0.67911,0.74362,0.78927,0.71002,0.61154,0.73419,0.74351,0.47562,0.48543,0.56032,0.63739,0.48764,0.49654,0.39696,0.56411,0.81305,2.718,1.1116,0.86658,0.83227,0.38628,0.74862,0.63572,0.72594,0.92611,0.85567,1.0183,0.87187,0.56934,0.59954,0.5878,0.43602,0.70821,0.64739,0.63023,0.3672,0.59006,0.49705,0.54235,0.73976,0.29124,0.34394,0.49086,0.5562,0.79347,0.51769,0.78996,0.53527,0.49956,0.45309,0.65236,0.77688,0.43152,0.63558,0.53873,0.69464,0.57909,0.52497,0.71367,0.45825,0.68547,0.5663,0.66124,0.49882,0.47015,0.46727,0.41481,0.73996,0.8009,0.77215,0.80948,0.7939,0.67065,0.5995,0.7591,0.73305,0.6771,0.74868,0.78277,0.75507,0.59083,0.59864,0.92189,3.5797e-17
4.7037e-17,0.48259,0.61577,0.63818,0.47025,0.54713,0.51235,0.62163,0.7217,0.62246,0.61567,0.65599,0.52668,0.64335,0.74548,0.64795,0.57139,0.66469,0.4787,0.52518,0.62228,0.86681,0.68345,2.0023,1.4674,0.52635,0.023174,0.92317,0.80922,1.0044,0.88234,0.9038,0.64894,0.6151,0.7297,0.41382,0.58533,0.80094,0.7692,0.71151,0.58988,0.60581,0.72411,0.64395,0.52635,0.53203,0.7693,0.70187,0.48239,0.62532,0.31319,0.70347,0.62735,0.55146,0.58109,0.62915,0.53181,0.59366,0.86191,0.67382,0.74416,0.80735,0.85496,0.79621,0.74734,0.72942,0.71277,0.61945,0.55037,0.51475,0.61986,0.74534,0.51589,0.49439,0.60552,0.86564,0.99147,0.92418,0.81486,0.64777,0.56717,0.72391,0.61491,0.71483,0.74327,0.70178,0.77806,0.5329,0.47787,0.73769,2.9697e-17
6.7178e-17,0.53424,0.78048,0.76027,0.52356,0.56525,0.54731,0.54635,0.59171,0.54907,0.60962,0.62417,0.38654,0.6527,0.94311,0.80498,0.69182,0.66795,0.62126,0.70371,0.72855,0.958,0.5838,0.85164,1.4735,1.8804,2.0142,1.4815,0.77742,0.96884,0.88051,0.76012,0.80288,0.60816,0.64308,0.49571,0.56639,0.78855,1.0012,0.71771,0.71208,0.70067,0.94261,0.52091,0.57557,0.70508,0.88482,0.79295,0.86177,0.78597,0.55676,0.55841,0.73806,0.56801,0.61041,0.73818,0.70244,0.49734,0.72035,0.73356,0.89109,0.69021,0.9347,0.79554,0.9026,0.71134,0.69962,0.501,0.61006,0.60105,0.66819,0.92577,0.53855,0.59677,0.52475,0.70611,0.9687,0.90194,0.76347,0.62415,0.51605,0.60308,0.58664,0.64783,0.5959,0.57611,0.75615,0.58785,0.55186,0.67309,4.0869e-17
6.7103e-17,0.69949,0.75174,0.69561,0.62233,0.55219,0.58435,0.50543,0.55765,0.67101,0.65821,0.54023,0.45854,0.73997,0.7893,0.76829,0.75046,0.63802,0.76635,0.64423,0.52997,0.65613,0.66072,0.82495,1.1416,3.847,6.0926,1.6776,0.77503,0.62994,0.66119,0.68104,0.84573,0.83973,0.78749,0.65725,0.51845,0.60184,0.86981,0.78161,0.75501,0.70712,0.68511,0.36241,0.55351,0.90022,0.97041,0.4782,0.95278,0.65001,0.89341,0.51676,0.68976,0.85691,0.47358,0.60801,0.51073,0.52757,0.50355,0.43102,1.0636,0.50377,0.79259,0.64217,0.76423,0.73433,0.43489,0.58562,0.59921,0.77411,0.5728,0.82535,0.61935,0.58768,0.59577,0.49835,0.73187,0.5803,0.55639,0.62256,0.50342,0.54617,0.75177,0.5122,0.43999,0.58324,0.76562,0.62353,0.66164,0.75476,5.1206e-17
5.0496e-17,0.78228,0.65047,0.52191,0.60214,0.61635,0.51389,0.5237,0.69649,0.72226,0.59451,0.63379,0.53702,0.54597,0.78098,0.68937,0.54062,0.6293,0.83378,0.43109,0.34836,0.7745,0.63194,0.56601,0.85808,1.53,5.1246,2.1555,0.96552,0.8399,0.56437,0.7186,-0.1746,0.2633,0.541,0.85476,0.50649,0.70598,1.1351,0.65959,0.49337,0.37516,0.45493,0.65137,0.81893,0.61987,0.64584,0.76004,0.62808,0.51931,0.60904,0.52265,0.5856,0.78007,0.60634,0.50373,0.50178,0.61108,0.74864,0.70944,1.2992,1.2379,0.66083,0.57838,0.66596,0.73803,0.47187,0.58426,0.46342,0.66595,0.46397,0.63789,0.88422,0.65435,0.57386,0.60267,0.56932,0.46569,0.59832,0.84615,0.73891,0.69807,0.82842,0.61469,0.35639,0.47678,0.67911,0.59173,0.69968,0.82048,5.5087e-17
2.5874e-17,0.69428,0.46901,0.51792,0.763,0.67583,0.65953,0.69457,0.72551,0.73207,0.66847,0.76468,0.58138,0.46129,0.81042,0.75959,0.54074,0.72461,0.74698,0.49073,0.45625,0.80918,0.66621,0.53184,0.82334,0.28967,2.2998,1.9515,1.0787,0.86981,0.66702,0.95838,4.6477,2.0809,0.75288,0.91587,0.54361,0.70554,1.0512,0.6023,0.40677,0.20284,0.37763,0.6377,0.89679,0.54452,0.2548,0.79194,0.53923,0.79774,0.51664,0.66425,0.62918,0.76803,0.89034,0.51546,0.63856,0.80628,0.80182,0.91412,0.92178,1.1329,0.67514,0.6942,0.65777,0.85358,0.76806,0.62123,0.57957,0.4527,0.57523,0.53208,0.82274,0.68846,0.658,0.68273,0.55144,0.57136,0.7117,0.81143,0.70752,0.76291,0.90807,0.64789,0.32288,0.44373,0.70618,0.65045,0.57357,0.71849,5.1608e-17
2.307e-17,0.58476,0.38266,0.6009,0.90722,0.75092,0.83798,0.7762,0.60857,0.69864,0.75529,0.68729,0.56478,0.53283,0.77905,0.86846,0.72678,0.73861,0.52483,0.64588,0.78929,0.63358,0.70277,0.59376,0.8321,0.89898,0.74597,1.2259,0.93863,0.69606,0.92637,1.0702,9.4079,3.9299,1.1254,0.73622,0.59627,0.67213,0.63161,0.82735,0.51247,0.39724,0.46465,0.43918,0.82054,0.72965,0.40246,0.69737,0.6592,0.95009,0.66234,0.81247,0.72618,0.83226,0.96233,0.56944,0.72514,0.82558,0.76623,0.88594,0.49773,0.5481,0.7484,0.81831,0.514,0.90297,0.88168,0.64366,0.80614,0.47643,0.73351,0.57935,0.61285,0.76022,0.73294,0.63183,0.63084,0.67169,0.73969,0.6679,0.48221,0.6451,0.85646,0.57709,0.42358,0.59486,0.75012,0.94992,0.80666,0.64697,4.0748e-17
5.584e-17,0.59105,0.53039,0.60414,0.75217,0.81823,0.71931,0.58274,0.53474,0.58816,0.63196,0.4742,0.53555,0.59108,0.72535,0.84214,0.74014,0.56054,0.32669,0.54867,0.9858,0.55015,0.62947,0.38858,0.70601,0.69894,0.61965,0.7919,0.69491,0.77932,1.1638,0.84586,6.5388,2.7944,1.1672,0.50177,0.62533,0.8347,0.48,1.0574,0.5843,0.73766,0.66083,0.56973,0.83315,0.73299,1.007,0.95229,0.57628,0.51131,0.6183,0.77933,0.71568,0.667,0.72362,0.56451,0.67233,0.5552,0.92448,0.8578,0.69367,0.70961,0.71031,0.71956,0.24965,0.70334,0.61053,0.54203,0.79325,0.73209,0.67771,0.66198,0.64575,0.89152,0.62275,0.55997,0.69274,0.67016,0.6659,0.72215,0.47676,0.54355,0.61004,0.57387,0.62395,0.75762,0.64426,1.235,1.4361,0.74995,1.3226e-16
7.6148e-17,0.55955,0.67025,0.72397,0.68937,0.63638,0.57438,0.51458,0.62369,0.4828,0.54936,0.6809,0.68796,0.77036,0.71665,0.81771,0.59832,0.57874,0.39324,0.48354,0.70072,0.62339,0.67259,0.53875,0.76499,0.64102,0.40749,0.54257,0.76027,0.91086,1.0653,0.81884,5.3043,3.1361,1.8673,0.69126,0.62763,0.79569,0.62837,0.53882,0.75401,0.88867,0.79884,0.66092,0.61266,0.54341,0.79913,0.79065,0.41428,0.44801,0.64724,0.65673,0.74638,0.39372,0.65623,0.54122,0.59851,0.64583,0.58961,0.61528,0.54478,0.64912,0.58771,0.44171,0.4771,0.5654,0.51597,0.49374,0.69317,0.64837,0.60946,0.51215,0.56536,0.72242,0.61383,0.45208,0.61991,0.81268,0.55396,0.54109,0.62543,0.70405,0.62242,0.59293,0.55991,0.58553,0.61873,0.78478,1.0081,0.64932,1.176e-16
1.0225e-16,0.60695,0.70953,0.72091,0.68402,0.56095,0.56334,0.63027,0.79969,0.5632,0.496,0.74396,0.863,0.87057,0.85069,0.82048,0.64434,0.79022,0.57504,0.51263,0.52673,0.68687,0.58815,0.71419,0.80618,0.83049,0.5143,0.64419,0.93923,0.88121,0.75979,0.65208,3.7393,2.6974,1.7481,0.87034,0.59657,0.64732,0.7375,0.33545,0.56871,0.79321,0.79717,0.77679,0.3855,0.56814,0.54974,0.68044,0.4667,0.87197,0.6312,0.64413,0.77716,0.35949,0.59816,0.71553,0.57905,0.75222,0.5908,0.63544,0.83523,0.85797,0.88027,0.44338,0.65314,0.5969,0.61607,0.50286,0.6312,0.77495,0.73834,0.5336,0.52407,0.52223,0.64792,0.52869,0.58075,0.85971,0.78365,0.57953,0.71125,0.80628,0.65428,0.61292,0.53875,0.47008,0.61016,0.58111,0.64114,0.59954,5.6103e-17
1.3637e-16,0.68185,0.64669,0.57096,0.69011,0.69476,0.59933,0.6807,0.81969,0.67462,0.50893,0.56624,0.88521,0.8344,0.92677,0.67858,0.74397,0.90398,0.70054,0.64819,0.74523,0.69069,0.46759,0.66596,0.71621,0.87932,0.97631,0.84151,0.88541,0.70434,0.57373,0.62709,1.241,1.2699,1.1274,0.83264,0.57052,0.54769,0.70317,0.75931,0.34439,0.58829,0.77183,0.86119,0.51442,0.69637,0.71078,0.92715,0.6678,1.1145,0.50661,0.77378,0.69153,0.55452,0.49446,0.87419,0.6146,0.68766,1.0221,0.77598,1.3449,1.193,1.15,0.6294,0.50519,0.60288,0.63342,0.56029,0.59251,1.0662,0.88838,0.75826,0.58032,0.57804,0.63993,0.71813,0.6394,0.70092,1.0894,0.90375,0.74419,0.74122,0.54244,0.64302,0.71396,0.56858,0.56637,0.83719,0.83148,0.71862,6.1198e-17
7.6799e-17,0.56523,0.54198,0.58556,0.76261,0.68472,0.53117,0.52034,0.58966,0.52287,0.6829,0.76826,0.78551,0.86984,0.66775,0.32214,0.48035,0.70135,0.74323,0.87794,0.92373,0.72952,0.69449,0.64067,0.66769,0.59938,0.8506,0.61145,0.54999,0.60761,0.68878,1.4061,2.1896,2.3028,2.0172,0.90294,0.60412,0.51644,0.71288,0.77318,0.8814,0.50432,0.84008,0.66763,0.93678,0.39358,0.66482,1.0611,0.62708,0.63258,0.45078,0.85762,0.51251,0.63211,0.60177,0.58833,0.65714,0.76914,0.87689,0.37408,0.76336,0.70256,0.51073,0.46312,0.51536,0.40907,0.41731,0.67639,0.5131,0.71898,0.70358,0.69766,0.56926,0.77315,0.63054,0.68859,0.65455,0.57718,0.78244,0.90011,0.85982,0.79451,0.52158,0.66833,0.81249,0.63071,0.58513,0.59201,0.58689,0.71692,3.3679e-17
2.7219e-17,0.5517,0.58933,0.64625,0.60544,0.58117,0.60277,0.76848,0.7552,0.66577,0.67555,0.83713,0.75043,0.94548,0.64469,0.43543,0.62286,0.56128,0.64768,0.87142,0.89341,0.66043,0.64583,0.58198,0.57598,0.32364,0.56103,0.64455,0.41298,0.76756,0.78662,1.3094,2.3377,2.29,1.5823,0.87543,0.63377,0.69643,0.61275,0.57526,0.86813,0.74481,0.61457,0.5639,0.74604,0.19993,0.75351,0.83322,0.4215,0.54123,0.52761,0.75447,0.5965,0.72719,0.72158,0.50545,0.67413,0.74475,0.72298,0.40464,0.73631,0.65931,0.60163,0.54256,0.73655,0.56353,0.34339,0.68332,0.54339,0.43231,0.57909,0.58841,0.80196,0.69045,0.58102,0.7082,0.6392,0.58199,0.60238,0.68937,0.68871,0.88162,0.66702,0.57837,0.82225,1.0126,0.68843,0.52045,0.48468,0.55742,3.1035e-17
1.3415e-18,0.61028,0.6735,0.67206,0.50143,0.5456,0.67838,0.97396,0.92414,0.87813,0.63036,0.70357,0.74264,0.897,0.79433,0.70037,0.93036,0.56463,0.57885,0.68733,0.7854,0.64057,0.42815,0.50103,0.64771,0.43813,0.43274,0.82482,0.50718,0.84825,0.72576,0.68481,1.1573,1.152,0.60166,0.73702,0.68758,0.78756,0.60141,0.50682,0.3955,0.92039,0.58212,0.53004,0.41812,0.43486,0.88766,0.55949,0.56092,0.81795,0.8998,0.73193,0.63119,0.92535,0.74183,0.6282,0.64263,0.64475,0.67018,0.69891,0.92209,0.93117,0.99341,0.78236,0.8718,0.77525,0.50986,0.71273,0.71371,0.4464,0.67411,0.65595,0.9578,0.64277,0.66202,0.83096,0.67149,0.61501,0.65911,0.71318,0.62452,0.80406,0.69384,0.48351,0.80697,1.1493,0.83564,0.74913,0.51809,0.466,9.838e-18
8.5688e-17,0.60096,0.6557,0.6589,0.72026,0.65194,0.56199,0.67163,0.64325,0.73571,0.7171,0.64885,0.69067,0.72055,0.7847,0.669,0.81516,0.54383,0.64357,0.57404,0.73476,0.74037,0.42232,0.48761,0.8749,0.86303,0.54139,0.76151,0.55838,0.60589,0.60859,0.81241,0.69068,0.83894,0.88586,0.60466,0.74714,0.66307,0.79507,0.64492,0.36459,0.72116,0.96469,0.52706,0.58499,0.7598,0.82552,0.55264,1.0135,0.89197,1.3266,0.84618,0.39187,1.0238,0.70231,0.61015,0.6002,0.59671,0.53559,0.67255,0.53611,0.87891,0.71362,0.79493,0.68053,0.64551,0.74015,0.81828,0.85474,0.55014,0.79431,0.799,0.73537,0.90789,0.83578,0.85109,0.72749,0.59651,0.62307,0.94661,0.91424,0.59265,0.49278,0.51531,0.7727,0.70741,0.91937,0.92014,0.49329,0.58514,-3.4057e-17
7.3486e-17,0.63781,0.68764,0.60457,0.82313,0.78784,0.48424,0.61353,0.5741,0.54327,0.58818,0.73286,0.71178,0.69275,0.73044,0.83297,0.55167,0.43486,0.6316,0.58928,0.65818,0.6014,0.46413,0.58123,0.68851,0.91856,0.85636,0.72778,0.4454,0.4531,0.6019,1.5269,0.93808,1.1076,0.97874,0.47807,0.6422,0.85774,0.77918,0.77658,0.8217,0.5676,0.71597,0.90739,0.54538,0.47019,0.76769,0.57957,0.74587,0.89362,0.97944,0.5413,0.51583,0.68329,0.68599,0.53052,0.64918,0.49726,0.5119,0.65879,0.68676,0.9469,0.64862,0.71188,0.36511,0.60265,0.82557,0.66747,0.72753,0.62008,0.66292,0.65783,0.6216,0.91478,0.63833,0.61031,0.62961,0.62676,0.49326,0.62472,0.76688,0.61324,0.52589,0.57676,0.63474,0.6916,0.80727,0.88449,0.78469,0.697,1.0743e-16
4.9862e-17,0.56803,0.64336,0.59964,0.72442,0.80312,0.67494,0.65199,0.61307,0.48207,0.43327,0.74419,0.69991,0.59172,0.69989,0.84127,0.56131,0.48336,0.58699,0.75336,0.70222,0.54798,0.65135,0.64625,0.68323,0.80784,0.7211,0.63481,0.38091,0.38644,0.62051,1.5758,0.9133,1.0006,0.71419,0.40466,0.55111,0.91536,0.70524,0.81937,0.92171,0.44838,0.52665,1.1125,0.5127,0.37451,0.76402,0.63148,0.53111,0.80703,0.49931,0.41563,0.883,0.60858,0.70628,0.68684,0.69882,0.57791,0.64241,0.68213,0.73543,0.66915,0.79734,0.62563,0.42001,0.46033,0.64148,0.66455,0.60509,0.48903,0.49327,0.54579,0.63192,0.72358,0.68811,0.55554,0.53238,0.60746,0.4568,0.41692,0.57271,0.65736,0.66693,0.62172,0.47033,0.61591,0.59918,0.65984,0.87006,0.70364,1.135e-16
6.085e-17,0.57165,0.61736,0.69897,0.65673,0.70907,0.91884,0.59518,0.57662,0.5417,0.50909,0.68435,0.61658,0.52341,0.7999,0.66301,0.78436,0.6109,0.56602,0.87058,0.78089,0.62925,0.79888,0.61921,0.82767,0.75145,0.46301,0.68027,0.51384,0.46293,0.56058,0.89705,0.59952,0.5711,0.55798,0.4668,0.59573,0.61078,0.63767,0.73733,0.64131,0.40258,0.65099,0.95321,0.61099,0.75061,0.68531,0.64646,0.65982,0.68367,0.39354,0.58118,0.99191,0.74312,0.72933,0.91046,0.71856,0.77542,0.76567,0.76682,0.59467,0.35732,0.85025,0.60452,0.74275,0.36997,0.55764,0.85772,0.6888,0.43675,0.52443,0.61743,0.64931,0.57206,0.95129,0.67293,0.52984,0.58728,0.55984,0.5813,0.60538,0.64688,0.73391,0.6512,0.42528,0.40013,0.45786,0.51935,0.72486,0.6525,7.1337e-17
8.9569e-17,0.89782,0.78602,0.82383,0.80662,0.66676,0.82102,0.5431,0.51689,0.59163,0.76947,0.73271,0.58261,0.7658,0.97972,0.66582,0.76928,0.52682,0.58559,0.76128,0.65231,0.55739,0.62379,0.5476,0.54437,0.70233,0.86454,1.0664,0.74255,0.72419,0.51957,0.57389,0.8087,0.63542,0.72942,0.66813,0.69174,0.3589,0.46656,0.56681,0.67702,0.55716,0.56471,0.80062,0.6099,0.90954,0.43978,0.49482,0.57147,0.62181,0.47263,0.5457,0.6172,0.42507,0.71707,0.77859,0.78066,0.73941,0.68026,0.90412,0.8893,0.70752,0.70319,0.69414,0.80192,0.69596,0.9182,0.82232,0.83851,0.80519,0.70924,0.67648,0.66596,0.55558,0.74408,0.55511,0.55357,0.68199,0.65046,0.63061,0.6473,0.71519,0.7152,0.65656,0.54888,0.56714,0.48298,0.69309,0.81829,0.63276,6.7485e-17
9.5722e-17,0.84811,0.69632,0.75099,0.79896,0.75085,0.67962,0.53134,0.50553,0.52837,0.77031,0.7387,0.70037,0.71037,0.67076,0.55858,0.44869,0.53417,0.76422,0.82092,0.5408,0.57318,0.62073,0.43621,0.60673,0.73247,0.75664,0.90472,0.79086,0.60029,0.85016,0.60237,1.1347,0.8347,0.67182,0.76731,0.71357,0.56276,0.44104,0.54801,0.66047,0.65539,0.59759,0.64281,0.58472,0.57644,0.33875,0.31047,0.55464,0.48792,0.50798,0.64205,0.47769,0.41418,0.69075,0.64475,0.86125,0.53635,0.4901,0.66335,0.8659,0.51581,0.5981,0.83174,0.77745,0.812,0.81615,0.61461,0.73309,0.87605,0.67934,0.69068,0.78323,0.59846,0.51019,0.54882,0.5965,0.61651,0.59685,0.64143,0.71126,0.66485,0.61399,0.56341,0.60979,0.62033,0.6356,0.74605,0.70678,0.60185,4.8728e-17
4.3028e-17,0.62309,0.57626,0.64044,0.67624,0.71199,0.66008,0.68911,0.67411,0.4802,0.63282,0.71283,0.74152,0.53843,0.55376,0.62292,0.46285,0.72363,0.84311,0.82102,0.62686,0.69006,0.65121,0.4523,0.84884,0.74247,0.52712,0.64738,0.74045,0.36471,0.86401,0.74543,0.71654,0.87772,0.58703,0.69048,0.71332,0.57544,0.66183,0.63215,0.46579,0.62071,0.64302,0.73452,0.62884,0.42642,0.55951,0.44816,0.73376,0.59083,0.51674,0.64522,0.59849,0.71799,0.77474,0.87373,0.77572,0.57082,0.55582,0.3508,0.83434,0.84792,0.51758,0.78566,0.74417,0.71329,0.64104,0.6185,0.67091,0.73718,0.68353,0.70946,0.89419,0.77399,0.62868,0.65232,0.67177,0.61759,0.54415,0.68402,0.83092,0.75156,0.63845,0.4925,0.53455,0.56096,0.72308,0.60741,0.47472,0.558,3.6097e-17
5.1823e-17,0.62323,0.7063,0.6707,0.63963,0.56123,0.72702,0.84088,0.82317,0.60731,0.61805,0.70905,0.66972,0.61417,0.95031,0.87468,0.895,0.8564,0.66122,0.57044,0.81047,0.80559,0.61111,0.65725,0.80342,0.64194,0.7139,0.7922,0.72828,0.46528,0.41436,0.85306,0.88444,0.87811,0.69182,0.55853,0.73673,0.24141,0.89096,0.62301,0.33423,0.58791,0.50591,1.0152,0.70584,0.69534,0.91029,0.85222,0.8638,0.82891,0.6407,0.45084,0.66751,0.86151,0.86329,1.2192,0.54896,0.86144,0.954,0.76716,1.3257,1.9306,0.63319,0.54065,0.70161,0.68035,0.80605,0.80156,0.76308,0.71243,0.86193,0.74801,0.85168,1.0111,0.90622,0.70578,0.69777,0.73952,0.58013,0.7122,0.8857,0.93226,0.74685,0.54945,0.51041,0.58405,0.62087,0.51593,0.42305,0.49304,2.0937e-17
7.1954e-17,0.65244,0.78859,0.69626,0.67489,0.76908,0.76651,0.65003,0.69393,0.87601,0.66551,0.67919,0.83698,0.74927,0.79452,0.60848,0.77998,0.6498,0.52293,0.50281,0.78528,0.8923,0.90486,0.80958,0.6119,0.55139,0.62342,0.74548,0.66358,0.70998,0.67782,0.91389,4.2374,1.121,0.58477,0.55863,0.6885,0.63329,0.72465,0.48566,0.54154,0.69574,0.43294,0.88246,0.65471,0.53525,0.931,0.85029,0.64341,0.46071,0.90052,0.59357,0.63006,0.64858,0.64679,0.91718,0.54959,0.77975,1.1794,2.224,1.9315,1.3155,1.311,0.45427,0.7113,0.71102,0.65775,0.56335,0.51739,0.63869,0.72683,0.72441,0.68293,0.97207,0.74679,0.72612,0.55541,0.505,0.53362,0.64378,0.68781,0.58533,0.53245,0.63252,0.78847,0.61847,0.46769,0.64701,0.53578,0.41148,3.7129e-17
7.7151e-17,0.67216,0.71708,0.60977,0.73795,0.82682,0.69686,1.4398,2.0374,1.0299,0.78107,0.68413,0.71449,0.76068,0.62869,0.50403,0.85652,0.6554,0.5611,0.69327,0.76954,0.78614,0.91001,0.74572,0.55657,0.68941,0.56666,0.77795,0.58293,0.6032,0.68397,0.83714,3.0716,1.0059,0.54951,0.64219,0.62043,0.76371,0.55431,0.64773,0.6874,0.61647,0.8701,0.86244,0.51887,0.72447,0.7426,0.58097,0.79907,0.64939,0.88435,0.79403,0.54209,0.50549,0.85563,0.65315,0.64557,0.54786,0.92974,2.5802,1.7142,0.81378,1.218,0.44925,0.69686,0.70983,0.61664,0.60278,0.60373,0.47438,0.42178,0.56575,0.58088,0.84806,0.67298,0.70042,0.64374,0.52344,0.5474,0.59724,0.72176,0.61151,0.5091,0.64126,0.89927,0.75054,0.5834,0.63996,0.61509,0.65946,3.6401e-17
8.8437e-17,0.67375,0.61962,0.55499,0.76543,0.69024,0.62969,-0.048992,-0.11922,0.65249,0.57761,0.57358,0.45005,0.65764,0.64254,0.68607,1.075,0.79105,0.62972,0.8159,0.71748,0.53156,0.56608,0.76126,0.62114,0.81741,0.72424,0.91543,0.58177,0.44289,0.46687,0.73489,1.6273,1.2955,0.85774,0.76686,0.71352,0.50462,0.62711,0.99253,0.67182,0.43547,1.1821,0.96738,0.53931,1.0711,0.57371,0.35623,0.95536,1.0944,0.68204,0.75644,0.48622,0.51256,1.1023,0.62161,0.64052,0.54114,0.66912,1.5749,0.93203,0.92566,0.63714,0.5476,0.63607,0.64111,0.72661,0.90018,0.87508,0.38362,0.3768,0.45161,0.54533,0.68802,0.72369,0.65325,0.82985,0.74396,0.64972,0.6037,0.83681,0.83324,0.73303,0.72421,0.7824,0.77195,0.72509,0.50517,0.66088,0.96501,3.4936e-17
8.3441e-17,0.64844,0.63424,0.6563,0.70069,0.73789,0.68415,-1.517,-2.4856,0.27845,0.30184,0.39539,0.63778,0.59842,0.53109,0.68153,0.79375,0.60305,0.55043,0.59979,0.50989,0.39843,0.45028,1.0704,0.63864,0.63306,0.84964,0.85365,0.63569,0.74787,0.83659,0.74268,7.1957,2.5317,1.2979,0.82941,0.93115,0.56774,0.77892,0.99179,0.6967,0.48458,0.60492,0.78844,0.81771,0.77442,0.54034,0.36336,0.41734,0.68362,0.66956,0.60299,0.5016,0.49321,0.65273,0.43869,0.51686,0.77395,0.86978,0.77676,0.58819,0.61909,0.80297,0.73501,0.56486,0.55623,0.65693,0.90421,0.72241,0.47546,0.699,0.57887,0.48537,0.47433,0.56911,0.64889,0.69692,0.67409,0.70562,0.58445,0.59738,0.47024,0.7812,1.0041,0.78886,0.51197,0.51354,0.52158,0.75045,0.81909,6.3061e-17
9.2277e-17,0.64816,0.59665,0.56047,0.5582,0.7371,0.64918,13.012,18.474,1.7994,1.6321,0.8438,0.81047,0.64199,0.6247,0.67766,0.70927,0.58594,0.52454,0.47054,0.66536,0.59568,0.69377,0.90083,0.73446,0.63711,0.72036,0.65526,0.46612,0.80204,0.94279,0.61531,4.5329,1.7642,1.1334,0.51979,0.67395,0.52247,0.73978,0.65108,0.63752,0.53031,0.35026,0.71084,0.88429,0.66297,0.62321,0.62515,0.5399,0.583,0.60664,0.81501,0.53322,0.69329,0.79987,0.3578,0.48373,0.7244,0.68986,0.53094,0.60422,0.73086,0.77578,0.50861,0.46433,0.54409,0.70254,1.0803,0.83562,0.45284,0.66376,0.6829,0.56485,0.59747,0.68852,0.72402,0.60052,0.81123,0.6719,0.52324,0.60828,0.50206,0.69193,1.067,0.90159,0.55844,0.48826,0.52458,0.68641,0.65828,8.1685e-17
1.4745e-16,0.62417,0.49543,0.47021,0.51033,0.66628,0.66245,-22.202,-35.414,-1.5114,-1.6115,-0.15379,-0.14498,0.21435,0.85805,0.66479,0.75795,0.73966,0.71514,0.57672,0.82192,0.77394,0.69946,0.58568,0.7143,0.67936,0.58441,0.50909,0.35788,0.7032,0.71016,0.58987,-0.2545,0.77295,0.83336,0.44831,0.51174,0.57781,0.71737,0.55185,0.597,0.57671,0.40041,0.66472,0.72758,0.6998,0.61686,0.74489,0.83999,0.49636,0.59981,0.8333,0.62489,0.66029,0.94204,0.71645,0.72306,0.55442,0.53627,0.64763,0.62363,0.80291,0.52956,0.35225,0.42443,0.67106,0.85505,0.94699,0.84415,0.54227,0.58443,0.7449,0.63519,0.6529,0.83223,0.80204,0.69924,0.85945,0.68999,0.47815,0.82564,0.87676,0.67819,0.92205,0.97514,0.77211,0.64238,0.72918,0.77812,0.65138,8.2682e-17
9.6455e-17,0.60296,0.49989,0.581,0.63088,0.65652,0.74965,124.62,22.991,25.703,6.2328,6.3559,1.0196,1.0468,1.739,0.7253,0.62364,0.88528,0.98665,0.74087,0.75019,0.74078,0.46326,0.58491,0.59325,0.65161,0.59001,0.47268,0.48265,0.69349,0.51564,0.69456,0.40029,1.0517,0.95086,0.85155,0.75556,0.7903,0.80535,0.80405,0.65645,0.57716,0.45412,0.67452,0.6107,0.66182,0.56464,0.60013,0.65119,0.54583,0.67683,0.47196,0.79496,0.35153,0.5722,1.155,1.0329,0.5834,0.72707,0.8365,0.50228,0.60742,0.50784,0.58363,0.52358,0.78171,0.89942,0.53378,0.56387,0.77545,0.72152,0.81367,0.66018,0.48439,0.73957,0.79283,0.85784,0.69287,0.77325,0.55076,0.88792,1.0249,0.7338,0.7537,0.93352,0.8427,0.74088,1.0033,0.98862,0.69689,1.0547e-16
-2.8687e-17,0.69072,0.72675,0.6584,0.76709,0.7803,0.65135,738.27,516.5,131.15,53.566,32.415,9.189,5.769,3.7927,1.0474,0.45387,1.0001,0.9833,0.71044,0.86126,0.77829,0.82335,0.69819,0.73433,0.83694,0.52653,0.46561,0.53904,0.59349,0.57697,0.54683,0.74133,0.87618,1.2744,0.93071,0.7949,0.67708,0.7272,0.75903,0.69883,0.37687,0.74469,0.96947,0.69015,0.738,0.75629,0.58522,0.53088,1.2973,0.58258,0.50753,0.94709,0.47674,0.53712,0.79822,0.89449,0.7557,0.71566,0.9897,0.45064,0.90506,0.78684,0.69269,0.69159,0.62828,0.72238,0.83543,0.68323,0.71468,0.6536,0.84725,0.83066,0.61181,0.64953,0.70513,0.84857,0.81287,0.71116,0.76182,0.67752,0.73376,0.62099,0.64642,0.82801,0.82189,0.75288,0.7563,0.75183,0.67815,8.3727e-17
-2.9928e-17,0.62667,0.67366,0.51617,0.80372,0.87734,0.63945,558.82,479.58,164.45,79.993,36.631,11.307,6.7397,3.3982,0.98086,0.92675,0.94195,0.84359,0.67086,0.7864,0.74646,1.0161,0.78617,0.78218,0.79654,0.53142,0.72063,0.57293,0.47332,0.78537,0.67158,0.77146,1.3093,1.5269,0.49924,1.0783,0.62415,0.65871,0.62994,0.68785,0.49847,1.0414,0.66818,0.70894,0.77685,0.70985,0.61082,1.063,-0.86513,0.54695,0.59192,0.97165,0.49148,0.61918,0.44556,0.48566,0.73911,0.86853,1.3311,0.63002,0.90281,0.827,0.63523,0.6703,0.69562,0.64289,0.96789,0.94619,0.67724,0.64343,0.91806,0.72546,0.61656,0.55579,0.70447,0.81038,0.77545,0.57018,0.76851,0.57927,0.50863,0.63189,0.68221,0.66516,0.85384,0.83249,0.63985,0.71683,0.7531,9.6649e-17
6.8983e-17,0.5183,0.51232,0.46526,0.80674,0.87439,0.6731,-56.097,53.79,91.939,54.354,16.658,5.7277,3.378,1.3456,0.83423,1.3466,0.82206,0.79648,0.72866,0.54375,0.68027,0.86146,0.78551,0.72209,0.67188,0.54371,0.95288,0.61752,0.52541,0.79683,0.77714,0.77214,1.6447,1.3598,1.6489,1.2527,0.6498,0.5367,0.63536,0.6554,0.66278,1.0516,1.2892,1.0406,0.94182,0.72013,0.71878,1.913,9.5375,0.60323,0.58722,0.79431,0.47372,0.56627,0.45713,0.4526,0.57523,1.068,1.36,0.77579,0.59042,0.61082,0.50026,0.64235,0.88575,0.65852,0.67467,0.99812,0.76117,0.65457,0.93939,0.6282,0.5395,0.51172,0.63575,0.73967,0.69971,0.66805,0.67097,0.62252,0.63907,0.8661,0.75575,0.60567,0.86213,0.85051,0.72637,0.83002,0.78305,7.4979e-17
5.2944e-17,0.56227,0.63369,0.74572,0.85481,0.80198,0.58536,-23.392,-5.181,9.4379,6.1584,1.855,1.0473,0.92647,0.77444,1.0627,0.86943,0.80594,0.82543,0.78912,0.47143,0.70436,0.74015,0.69931,0.74177,0.80914,0.49269,0.78345,0.63896,0.7317,0.50532,0.40737,0.42688,0.7471,0.86067,4.4278,0.89743,0.59611,0.34283,0.78409,0.67205,0.48703,0.77727,3.3518,1.7205,1.2877,1.1013,0.87918,2.1132,32.784,0.62341,0.69664,0.55223,0.72827,0.47069,0.54201,0.94608,0.51041,0.92724,0.72046,0.61941,0.5313,0.52006,0.45193,0.84225,0.83137,0.58664,0.46686,0.79854,0.7791,0.49752,0.74992,0.91416,0.65911,0.58986,0.40574,0.61863,0.90959,1.0344,0.74305,0.61192,0.87827,1.056,0.73097,0.69597,0.70032,0.66099,0.65684,0.65806,0.62317,8.7684e-17
7.822e-17,0.46168,0.60862,0.7675,0.80943,0.68493,0.64123,22.145,6.1429,-6.8547,-4.4623,-0.73382,0.2429,0.52384,0.78712,0.71962,0.65559,0.72832,0.56583,0.6896,0.5807,0.6794,0.58645,0.60113,0.64058,0.78272,0.68148,0.6055,0.64991,0.64195,0.47564,0.39501,0.46019,0.51041,0.93448,2.5848,1.0309,0.81468,0.59796,0.98012,0.78731,0.77001,0.65565,1.9634,1.2181,1.111,0.81585,0.61613,1.1381,16.338,0.67858,0.92698,0.662,0.58001,0.61641,0.52575,0.827,0.50044,0.69773,0.524,0.51575,0.53953,0.62634,0.71225,0.87758,0.81844,0.5566,0.54292,0.66208,0.66678,0.43999,0.42145,0.86186,0.65108,0.68947,0.53142,0.72051,0.89139,0.94938,0.76037,0.6402,0.6561,0.82642,0.70851,0.56357,0.49101,0.57824,0.62789,0.60833,0.65073,6.2115e-17
8.5335e-17,0.50509,0.64156,0.68991,0.75092,0.65181,0.72678,-6.3325,-1.0089,3.2605,2.1531,1.0222,0.85053,0.69455,0.77176,0.4764,0.71545,0.62747,0.36777,0.53736,0.79595,0.68059,0.60524,0.6056,0.65615,0.68811,0.76436,0.64297,0.68388,0.48091,0.64702,0.75815,0.64764,0.81247,0.94024,0.36092,1.0925,0.87391,0.74385,0.83483,0.83236,0.81647,0.59881,0.29287,0.57092,0.77019,0.42809,0.47449,0.5021,-3.1233,0.82778,0.89262,0.77511,0.26742,0.63286,0.4974,0.546,0.5032,0.55113,0.65538,0.54006,0.59876,0.7012,0.76205,0.82574,0.75339,0.5698,0.63302,0.6122,0.55328,0.54643,0.52966,0.74606,0.71588,0.75783,0.72565,0.79976,0.72349,0.74766,0.63056,0.59643,0.5271,0.62872,0.72194,0.53929,0.51739,0.59647,0.60353,0.71282,0.73047,7.6447e-17
4.9551e-17,0.71807,0.75054,0.72452,0.75769,0.72678,0.73576,0.94166,0.65428,0.60319,0.72288,0.99214,0.82293,0.54819,0.7257,0.64009,0.68812,0.63613,0.44944,0.46339,0.91123,0.67688,0.71119,0.68848,0.81002,0.6301,0.65072,0.79609,0.72663,0.54211,0.69328,1.0134,0.68371,0.93068,0.62804,0.89176,0.78514,0.67696,0.70831,0.51128,0.75158,0.5075,0.58946,0.6643,0.61762,0.62309,0.45505,0.64885,0.82836,0.74178,0.89814,0.72524,0.59956,0.23123,0.48348,0.48255,0.62287,0.84765,0.64668,0.76268,0.65924,0.69021,0.62885,0.54017,0.86345,0.67919,0.65381,0.68194,0.58193,0.57713,0.71421,0.96165,0.76437,0.79583,0.78546,0.7084,0.73827,0.64096,0.71132,0.47786,0.44737,0.65052,0.72442,0.78621,0.72522,0.69243,0.62881,0.55466,0.76741,0.70412,1.1906e-16
3.5882e-17,0.68817,0.59514,0.71015,0.76841,0.79546,0.77,1.568,0.68423,0.23081,0.57061,0.83558,0.81649,0.68201,0.81433,0.51348,0.565,0.75888,0.57213,0.48261,0.73575,0.51183,0.53703,0.71649,0.7637,0.50662,0.73031,0.81582,0.73755,0.74868,0.51792,0.8435,0.69546,0.8197,0.75262,1.0288,0.82014,0.73041,1.1094,0.67199,0.72002,0.76263,0.79624,0.66212,0.69062,0.50873,0.52468,0.5809,0.93479,0.93393,0.66631,1.0042,0.37355,0.47661,0.62578,0.43599,0.76337,1.6895,0.99109,0.8568,0.85409,0.67392,0.54346,0.63968,0.9346,0.83527,0.81945,0.89207,0.60422,0.72815,0.7889,0.87378,0.59525,0.51348,0.78722,0.63388,0.76737,0.6779,0.59108,0.47073,0.3508,0.46467,0.7709,0.85957,0.70872,0.61472,0.65804,0.60049,0.6717,0.67166,1.3914e-16
4.1238e-17,0.70948,0.64457,0.53706,0.70356,0.8751,0.82844,0.039543,0.38444,0.86364,0.87683,0.82174,0.80965,0.77873,0.76392,0.60646,0.55179,0.65546,0.79648,0.60191,0.58253,0.4675,0.51305,0.79672,0.69815,0.55129,0.76496,0.78723,0.78994,0.79052,0.59796,0.77612,0.70022,0.89857,0.9688,0.70763,1.1477,0.75609,0.99706,0.92101,0.83124,0.81173,0.75056,0.60759,0.6908,0.52655,0.56123,0.49017,0.66545,0.18231,0.61089,1.1024,0.46159,0.5611,0.66124,0.71251,0.74139,1.3151,0.89799,0.69138,0.963,0.54811,0.54161,0.72009,0.80063,0.78293,0.67034,0.76667,0.80052,0.77895,0.67949,0.59805,0.46519,0.48636,0.803,0.56025,0.80393,0.77134,0.56063,0.41204,0.37102,0.56872,0.64088,0.65184,0.60667,0.5496,0.58729,0.77613,0.7602,0.68553,1.4605e-16
6.6011e-17,0.68607,0.73442,0.41885,0.67916,0.87354,0.7606,0.61523,0.62055,0.79794,0.76546,0.83668,0.82157,0.76505,0.62966,0.79717,0.62758,0.61556,0.91061,0.77686,0.56828,0.62753,0.7614,0.84147,0.71676,0.69847,0.70244,0.71253,0.72238,0.74358,0.766,0.67317,0.7026,0.89378,0.88116,0.56198,1.7034,0.90765,0.85305,0.88356,0.84658,0.58765,0.6497,0.60238,0.6451,0.52201,0.49065,0.64673,0.47365,0.81765,0.97695,0.94538,0.64977,0.52625,0.59123,0.9407,0.77061,0.5536,0.69514,0.53369,0.92076,1.0898,0.99658,0.91813,0.83766,0.63337,0.61193,0.53207,0.90267,0.80454,0.56507,0.51027,0.42864,0.67971,0.7899,0.64735,0.75595,0.77048,0.60349,0.43239,0.57022,0.74676,0.49019,0.46715,0.64406,0.7048,0.61035,0.87211,0.94007,0.80302,1.7516e-16
3.3511e-17,0.50929,0.55846,0.51436,0.75528,0.74785,0.62174,0.63387,0.55112,0.71579,0.78155,0.78647,0.86566,0.76331,0.59229,0.71772,0.6705,0.8282,0.73444,0.8644,0.65174,0.81768,0.94877,0.74016,0.74753,0.71072,0.65011,0.63207,0.49779,0.77836,0.66838,0.40334,0.6594,0.53028,0.62818,0.77497,2.115,1.2505,1.2581,0.66071,0.58524,0.55818,0.87359,0.51453,0.88319,0.91674,0.63333,1.0162,0.70642,0.96853,1.3994,0.99593,1.0217,1.0168,0.73455,0.86591,1.0132,0.77022,0.84816,0.67424,0.78515,2.1041,1.6396,1.357,1.2523,0.69998,0.90047,0.61072,0.72494,0.88665,0.59792,0.64601,0.47233,0.70788,0.76497,0.85216,0.65049,0.60938,0.57545,0.65102,0.83375,0.60644,0.50014,0.58426,0.79815,0.93833,0.8271,0.779,0.89155,0.919,2.1724e-16
-4.9714e-18,0.61562,0.51177,0.54619,0.6994,0.69452,0.83429,0.70134,0.61272,0.68549,0.72784,0.61387,0.72795,0.71134,0.56217,0.67497,0.70952,0.61514,0.55604,0.70015,0.83981,0.81205,0.6863,0.63778,0.66551,0.5689,0.60497,0.75631,0.53541,0.72326,0.54999,0.68534,0.48978,0.42556,0.86999,0.88804,1.5286,1.1078,1.0334,0.77844,0.39622,0.74321,1.107,0.76967,1.8999,2.7958,1.665,1.2044,1.0467,0.83802,1.1332,1.4357,2.3797,2.5079,1.1275,1.2305,1.0773,0.78925,0.76904,0.75857,0.66616,1.3396,1.0866,1.3639,1.2623,0.80135,0.65555,0.70699,0.67388,0.75525,0.59113,0.73774,0.73492,0.65451,0.87691,0.72421,0.62628,0.4803,0.50335,0.7271,0.78874,0.66123,0.59762,0.53143,0.72304,0.84219,0.83689,0.79532,0.62521,0.71715,6.5618e-17
-1.7454e-18,0.66042,0.54592,0.56017,0.64371,0.72487,0.82892,0.66605,0.64556,0.72241,0.55613,0.50935,0.62648,0.80652,0.67798,0.78703,0.75399,0.54596,0.48293,0.67729,0.85928,0.68157,0.55984,0.56556,0.47546,0.58761,0.64974,0.69992,0.63252,0.59849,0.47094,0.81946,0.53081,0.57474,1.0718,0.99809,0.8924,0.99383,0.92666,1.0355,0.75287,0.8628,1.019,0.93781,1.7741,2.616,1.5528,1.0491,1.0928,0.62109,0.93267,1.1634,2.1474,2.3155,1.16,1.2927,0.96438,0.70755,0.85595,0.69334,0.59405,0.62174,0.54949,0.94698,1.0013,0.88653,0.58172,0.74803,0.68831,0.60157,0.56168,0.7451,0.75716,0.63588,0.75729,0.59717,0.67423,0.62948,0.62309,0.79696,0.64125,0.59853,0.6305,0.54137,0.73924,0.69,0.64288,0.85361,0.64854,0.55437,5.0116e-17
7.4003e-17,0.56294,0.57364,0.63485,0.69197,0.76629,0.554,0.45922,0.55708,0.70442,0.40231,0.54555,0.65901,0.88504,0.79121,0.85769,0.85003,0.82856,0.52102,0.81054,0.75103,0.60253,0.65777,0.53682,0.34558,0.71622,0.73393,0.43811,0.5818,0.57977,0.50324,0.58098,0.73317,0.66693,0.99553,1.0316,1.0165,1.2854,1.2681,1.2825,1.1587,0.89306,0.7328,0.90945,0.70355,0.53592,0.42454,0.79201,0.81246,0.49114,0.98558,0.42478,0.50133,0.65236,0.77257,0.85974,0.74598,0.82576,1.1201,0.64004,0.63095,0.89553,0.64319,0.61773,0.76835,0.82958,0.82035,0.72115,0.58999,0.59566,0.57305,0.70565,0.55573,0.65929,0.54008,0.73006,0.82722,0.78499,0.82072,0.91715,0.60302,0.40654,0.58908,0.78752,0.91458,0.6826,0.51542,0.82206,0.9109,0.66775,8.8272e-17
5.3974e-17,0.63579,0.61803,0.6799,0.7343,0.76236,0.63116,0.45867,0.5644,0.5414,0.44484,0.63191,0.6712,0.62044,0.62517,0.68094,0.97101,0.90094,0.62894,0.72312,0.80897,0.65891,0.48432,0.55029,0.43905,0.63056,0.70291,0.41457,0.49166,0.79722,0.67162,0.54224,0.68364,0.5316,1.0087,0.71932,1.7059,1.6464,1.3449,1.5018,0.73162,0.9741,0.63859,0.98812,0.7179,0.51748,0.51651,0.78967,0.54157,0.56937,0.7014,0.56869,0.46744,0.55478,0.5517,0.67469,0.51231,0.97705,1.0224,0.74038,0.77096,0.93782,0.62878,0.76078,0.64037,0.57355,0.66636,0.62875,0.41255,0.66269,0.61782,0.62762,0.62329,0.64807,0.73193,0.92415,1.06,0.52554,0.73389,0.91826,0.62653,0.51817,0.61276,1.033,0.88363,0.66807,0.61462,0.70629,0.8497,0.8409,6.0737e-17
9.8665e-17,0.58602,0.56064,0.48601,0.61573,0.72286,0.8398,0.73315,0.69887,0.63288,0.65483,0.82317,0.67251,0.60412,0.66608,0.64978,0.77049,0.66257,0.67932,0.6946,0.78783,0.69718,0.47438,0.47849,0.56269,0.66574,0.62676,0.59268,0.59316,1.0164,0.59643,0.42534,0.58925,0.49931,0.90592,0.47313,2.371,1.5991,1.1641,1.0986,0.49077,0.72806,0.59768,0.70217,0.16773,0.78929,0.47492,0.8081,0.49852,0.61234,0.68623,0.61642,0.86993,0.7423,0.5469,0.66355,0.66104,0.84629,0.87436,0.70632,0.66153,0.8782,0.74974,0.75941,0.69918,0.64473,0.61995,0.656,0.50782,0.67046,0.63289,0.50647,0.6729,0.5991,0.79059,0.86947,0.91459,0.55884,0.57843,0.83174,0.60607,0.66585,0.75006,0.96926,0.64101,0.53428,0.52954,0.63843,0.67944,0.75537,9.1359e-17
5.6792e-17,0.55684,0.50368,0.37402,0.56224,0.68436,0.88215,0.91239,0.73666,0.7022,0.68614,0.92164,0.67453,0.73827,0.72146,0.61972,0.50395,0.43643,0.65123,0.73955,0.76472,0.72872,0.59779,0.49366,0.682,0.75967,0.57707,0.71779,0.65391,0.92582,0.652,0.42508,0.58515,0.54963,0.73682,0.59573,2.368,1.2898,0.97605,0.57197,0.60368,0.71671,0.77481,0.42973,1.84,0.60325,0.5764,0.8086,0.48557,0.58441,0.75105,0.56026,0.88698,0.65025,0.69341,0.68369,0.91091,0.71273,0.71729,0.671,0.55803,0.80283,0.70824,0.62075,0.86664,0.73302,0.61167,0.66501,0.63835,0.69057,0.74336,0.47925,0.64757,0.56879,0.67442,0.74488,0.58985,0.66542,0.5075,0.71807,0.64583,0.70206,0.75573,0.71908,0.51989,0.47001,0.48127,0.71432,0.69017,0.68813,5.7208e-17
3.6276e-17,0.69498,0.54113,0.57158,0.67109,0.60893,0.69505,0.77356,0.6389,0.50539,0.4967,0.81611,0.68419,0.72388,0.58842,0.50431,0.49963,0.51529,0.62734,0.73551,0.81731,0.78014,0.68169,0.72608,0.77477,0.74588,0.62059,0.68372,0.53708,0.59255,0.97176,0.73559,0.65859,0.59863,0.69389,1.0119,1.7379,1.0819,0.91237,0.49955,0.72795,1.121,1.0695,0.57625,37.594,0.40928,3.1926,1.0612,0.66244,1.4501,0.6845,0.85623,0.73981,0.65256,0.87372,0.64088,0.87253,0.81108,0.58976,0.77454,0.71711,0.65929,0.43002,0.61584,0.88174,0.51307,0.53287,0.5494,0.54648,0.72546,0.90146,0.60831,0.65807,0.60484,0.58736,0.74658,0.49519,0.51822,0.521,0.6549,0.76809,0.65901,0.61001,0.5995,0.62929,0.53611,0.68908,0.8815,0.86305,0.80907,1.0966e-16
8.0272e-18,0.70229,0.54784,0.68043,0.56817,0.40359,0.50624,0.65728,0.75436,0.49975,0.62062,0.75798,0.71726,0.72161,0.70066,0.74371,0.58563,0.77214,0.69508,0.71942,0.68825,0.72611,0.84247,0.90686,0.71703,0.78063,0.79724,0.69702,0.61496,0.5521,0.75155,0.9539,0.75615,0.82237,0.79403,1.306,1.4984,1.0352,0.84428,0.49611,0.86296,0.85365,0.81208,0.68952,135.78,0.44612,9.2533,1.722,1.6429,4.206,0.99172,1.2404,0.93956,0.96961,0.91721,0.50112,0.70095,0.79304,0.79068,0.75605,0.81036,0.53338,0.65013,0.66517,0.52269,0.46109,0.7901,0.55077,0.52272,0.56262,0.74111,0.71784,0.70516,0.68589,0.50175,0.67652,0.62298,0.60836,0.5503,0.70799,0.72133,0.60962,0.76934,0.72862,0.57721,0.43001,0.73809,0.93338,0.83399,0.67438,1.3438e-16
-1.773e-17,0.73577,0.58076,0.63072,0.4629,0.36562,0.51786,0.6819,0.81288,0.62173,0.66103,0.73244,0.7177,0.61428,0.73927,0.77838,0.72171,0.83865,0.72154,0.71623,0.53097,0.58853,0.67108,0.72369,0.85736,0.90975,0.85285,0.72597,0.67369,0.56934,0.5111,0.86075,0.8759,1.0368,0.83034,1.2758,1.9682,1.058,0.77115,0.58979,0.92546,0.64836,0.62227,0.69855,106.21,0.65872,7.4533,1.4461,1.5841,3.502,0.94545,1.0796,0.78623,1.0909,0.8068,0.59311,0.56184,0.76869,0.82853,0.74298,0.86108,0.72451,0.72933,0.7547,0.43365,0.55757,0.772,0.64442,0.5965,0.50385,0.66534,0.75569,0.74717,0.73806,0.65551,0.68222,0.7662,0.80192,0.57744,0.6967,0.6191,0.62027,0.90004,0.80501,0.58094,0.47305,0.67304,0.82027,0.65706,0.60992,1.0212e-16
8.8191e-17,0.84918,0.64987,0.55139,0.58023,0.53766,0.6483,0.77651,0.69636,0.68054,0.61592,0.74513,0.65396,0.48709,0.60931,0.55285,0.80632,0.72802,0.6702,0.74508,0.50066,0.54583,0.41457,0.51523,0.98733,1.0189,0.74592,0.69862,0.66423,0.65321,0.59048,0.71059,0.99485,1.0208,0.78411,0.98867,2.4621,1.1392,0.77629,0.7114,0.91885,0.7921,0.73123,0.62012,-8.6124,0.65339,0.15256,0.43449,0.55862,0.37187,0.6185,0.63055,0.47036,0.86241,0.70569,0.80317,0.6344,0.76399,0.70731,0.75053,0.94799,1.0527,0.63131,0.78425,0.63974,0.64492,0.60192,0.73979,0.65098,0.61449,0.72698,0.75419,0.77457,0.77137,0.97654,0.77002,0.77352,0.83298,0.64625,0.68288,0.54997,0.59797,0.86619,0.77384,0.73724,0.66094,0.60687,0.6315,0.58409,0.68474,1.2579e-16
5.9786e-17,0.88835,0.67992,0.57292,0.82497,0.66758,0.70589,0.82378,0.58106,0.61566,0.79427,0.80869,0.57638,0.54033,0.5798,0.55865,0.73591,0.68599,0.63479,0.77272,0.59601,0.69691,0.64604,0.74325,0.71102,0.95923,0.65319,0.61224,0.70101,0.99538,0.73121,0.82479,1.0225,0.79396,0.73405,0.71689,2.1576,1.311,0.90347,0.70101,0.88036,0.78062,0.78411,0.52603,-6.259,0.5208,-0.029038,0.34655,0.42889,0.39561,0.74543,0.64697,0.72134,0.61565,0.74528,0.72074,0.86077,0.63884,0.83096,0.70229,1.003,1.0369,0.88972,0.83767,0.64172,0.70956,0.87247,0.77574,0.65194,0.74337,0.62336,0.74652,0.79686,0.80555,1.0847,0.75245,0.65005,0.66372,0.75371,0.81297,0.52132,0.45689,0.82339,0.80441,0.8409,0.65005,0.57885,0.50045,0.69437,0.64705,7.7763e-17
4.3807e-17,0.80491,0.65354,0.64469,0.78683,0.67768,0.81488,0.82713,0.53121,0.55604,0.67911,0.70846,0.603,0.56072,0.68338,0.67883,0.66753,0.5283,0.63405,0.6572,0.73162,0.72138,0.81986,0.71355,0.75047,0.77853,0.58857,0.54234,0.51083,1.0818,0.69033,0.79611,0.82584,0.73128,0.46808,0.74891,1.6495,1.4223,1.013,0.75435,0.67836,0.6559,0.86624,0.70999,12.892,2.5261,5.1671,2.1314,1.3427,0.99465,0.9841,0.84146,0.70042,0.52453,0.7042,0.5353,0.63123,0.45536,0.85516,0.82892,0.83625,0.75893,0.99107,1.5373,0.71305,0.93817,0.8853,0.71054,0.84471,1.0789,0.57815,0.68818,0.77639,0.6938,0.84709,0.6166,0.54563,0.59371,0.7105,0.73633,0.65114,0.46791,0.60679,0.7648,0.74917,0.52479,0.65462,0.47169,0.57141,0.6593,4.1075e-17
4.2345e-17,0.64565,0.62756,0.65079,0.6244,0.65964,0.75694,0.78816,0.59537,0.63636,0.47194,0.55608,0.59634,0.54961,0.85502,0.79443,0.57795,0.42638,0.60381,0.55351,0.67822,0.63648,0.77718,0.56422,0.86961,0.61982,0.63981,0.64359,0.48465,0.76232,0.57187,0.66172,0.61027,0.68555,0.37572,0.86554,1.296,1.2598,0.98826,0.76343,0.53761,0.6178,0.90948,0.86985,46.8,11.359,24.563,9.8154,4.9689,2.4445,2.172,1.3024,0.75567,0.70597,0.70768,0.67297,0.44194,0.5442,0.77866,0.87292,0.9081,0.60402,0.87283,1.5933,0.89787,0.98668,0.70673,0.64935,1.0916,1.1021,0.6842,0.62058,0.72526,0.68062,0.78968,0.69069,0.57824,0.68478,0.67108,0.60037,0.69453,0.57517,0.46003,0.71183,0.71571,0.48672,0.7117,0.57225,0.4754,0.75987,1.2173e-17
6.3029e-17,0.51812,0.6258,0.57715,0.55232,0.6471,0.55885,0.73649,0.69164,0.77611,0.51861,0.56257,0.52459,0.61229,0.94431,0.75688,0.49526,0.52912,0.58318,0.56868,0.46999,0.61836,0.71632,0.62001,0.74461,0.58524,0.72152,0.83999,0.72263,0.42878,0.51224,0.59492,0.54208,0.54208,0.66548,0.83956,1.3005,1.066,0.81838,0.62322,0.58641,1.0453,0.86604,0.79688,82.012,18.699,40.917,16.394,8.0845,3.8708,3.3215,1.6192,1.0495,0.94203,0.81682,0.99231,0.65561,0.84797,0.70083,0.66388,1.1556,0.74021,0.76148,0.6595,0.92466,0.71972,0.66895,0.63316,1.1015,0.71371,0.76216,0.56676,0.61847,0.79852,1.0034,0.87627,0.65837,0.78752,0.75313,0.59792,0.55304,0.59577,0.54895,0.71594,0.85307,0.59991,0.65566,0.72097,0.63269,0.89951,2.9682e-17
8.0487e-17,0.53999,0.61785,0.5418,0.46048,0.54683,0.67193,0.73851,0.63885,0.72191,0.69749,0.74245,0.62765,0.73928,0.80249,0.46137,0.60896,0.66787,0.7179,0.55587,0.48663,0.70163,0.82235,0.72314,0.69932,0.64103,0.57033,0.80814,0.6181,0.61946,0.46992,0.55377,0.51495,0.58503,0.88132,0.8215,1.787,2.2194,0.64358,0.53087,0.58536,2.1537,0.86243,0.84402,25.843,6.2717,12.937,5.6335,3.2426,1.5621,1.422,0.84882,0.74692,0.78645,0.7703,0.76757,0.70458,0.77928,0.56928,0.51679,0.71104,0.89703,0.7767,0.61276,0.55886,0.58309,0.71156,0.53242,0.81084,0.71663,0.55652,0.49405,0.43896,0.63706,0.78988,0.5548,0.54711,0.73893,0.77414,0.58014,0.54432,0.52496,0.61874,0.69384,0.86328,0.71872,0.58717,0.74209,0.70936,1.0064,4.7414e-17
1.305e-16,0.73036,0.737,0.50044,0.48298,0.51856,0.62654,0.77059,0.63531,0.70928,0.75982,0.83591,0.80438,0.71977,0.63313,0.46418,0.76704,0.81669,0.76719,0.58015,0.55469,0.65868,0.87698,0.78634,0.69776,0.63179,0.53481,0.78138,0.63038,0.7385,0.52924,0.54972,0.59091,0.74061,0.92255,0.97613,2.0242,7.4584,0.74875,0.74625,0.55451,2.6038,0.90474,1.1402,-9.2275,-1.3307,-4.2592,-1.1208,0.33315,0.10158,0.21889,0.5208,0.50798,0.75293,0.62478,0.66126,0.68526,0.61089,0.55239,0.55033,0.56453,0.93649,0.81797,0.67453,0.47036,0.44222,0.62505,0.35975,0.67367,0.75781,0.43773,0.54947,0.5872,0.52451,0.69841,0.46558,0.4579,0.67355,0.69913,0.52363,0.63725,0.64023,0.58644,0.59839,0.78778,0.78472,0.63733,0.70918,0.62233,0.85661,3.7493e-17
4.8862e-17,0.89845,0.9134,0.5779,0.68253,0.63858,0.53016,0.73152,0.66223,0.7475,0.71697,0.78079,0.91377,0.66506,0.63052,0.69557,0.80756,0.81561,0.74396,0.6561,0.58793,0.56282,0.7881,0.73494,0.62537,0.58134,0.66128,0.75408,0.70007,0.59851,0.69594,0.5744,0.68659,0.80204,0.79598,1.0913,2.1054,9.6308,0.9853,0.72118,0.66697,1.9366,0.92013,1.3109,2.7058,1.2109,1.4808,1.1237,1.2423,0.60009,0.59619,0.76451,0.62749,0.8261,0.54761,0.8377,0.65252,0.54915,0.54488,0.68595,0.74639,0.89133,0.79069,0.6021,0.68341,0.43237,0.53962,0.40564,0.75532,0.72106,0.52296,0.68658,0.95913,0.62843,0.92973,0.78574,0.48329,0.62602,0.62105,0.50758,0.66606,0.80096,0.55948,0.52685,0.66362,0.75008,0.69337,0.66102,0.53557,0.72387,4.3181e-17
2.4927e-17,0.84439,0.92555,0.78749,0.87458,0.76228,0.73191,0.59848,0.59332,0.68535,0.70304,0.72876,0.90672,0.75565,0.77213,0.70817,0.75865,0.62511,0.79638,0.7259,0.67364,0.63741,0.69366,0.60569,0.51951,0.60802,0.70727,0.58321,0.49962,0.5417,0.85996,0.61002,0.68904,0.71161,0.58331,1.0476,2.3066,2.7712,1.0584,0.58148,0.89143,0.93772,0.88739,1.0383,1.7203,0.89146,1.0407,1.1626,0.68772,0.69728,0.63864,0.68794,0.8119,0.6559,0.57345,0.90618,0.57566,0.55109,0.43198,0.76218,0.6221,0.87201,0.74292,0.78328,0.75638,0.72269,0.62193,0.73857,0.81816,0.76757,0.60448,0.7228,1.0724,0.75312,1.0992,1.008,0.61394,0.6016,0.60699,0.55026,0.59216,0.74837,0.65449,0.58612,0.53674,0.65328,0.63144,0.5902,0.61483,0.90462,1.2351e-16
3.4348e-17,0.69326,0.72159,0.62668,0.69705,0.61713,0.6815,0.58929,0.62257,0.65892,0.62745,0.77879,0.84048,0.69763,0.78773,0.67262,0.84715,0.70589,0.76539,0.78123,0.80868,0.75436,0.77403,0.66813,0.64495,0.65199,0.66036,0.52461,0.53315,0.7067,0.88837,0.68284,0.74727,0.74916,0.53399,1.4715,1.667,0.45406,1.1672,3.17,0.74263,0.61812,0.93267,0.85088,0.35773,0.7603,0.7594,0.79252,0.67782,0.86896,0.80924,0.84116,0.91937,0.56561,0.47549,0.86994,0.64155,0.59748,0.60656,0.71311,0.7184,0.92149,0.90409,0.72895,0.84267,0.82339,0.53376,0.6587,0.89496,0.69245,0.56972,0.63847,0.81463,0.65055,0.89842,0.89915,0.93616,0.7733,0.55366,0.48664,0.65376,0.79355,0.76949,0.67918,0.62554,0.71862,0.71295,0.58471,0.73032,0.85284,1.023e-16
1.8654e-17,0.63981,0.62525,0.57806,0.59203,0.52984,0.60512,0.68729,0.68591,0.62956,0.56946,0.74676,0.84619,0.63771,0.73146,0.62441,0.81421,0.76176,0.89248,0.82164,0.8161,0.73326,0.9229,0.81528,0.89823,0.61942,0.54997,0.63862,0.63353,0.79402,0.81273,0.76415,0.75023,0.86707,0.79573,1.9102,1.428,1.5878,1.2099,8.8672,0.77884,0.69619,0.8554,0.75727,0.951,0.94368,1.1913,0.69926,0.98136,1.0132,0.77666,0.92467,0.82742,0.54304,0.50268,0.70469,0.72305,0.68638,0.77609,0.75598,0.90933,0.97776,1.3334,0.92198,1.0628,0.84381,0.64566,0.66181,0.89076,0.80584,0.58869,0.55679,0.6636,0.61889,0.647,0.72167,0.61022,0.59949,0.61459,0.61959,0.63773,0.74175,0.84584,0.81793,0.80893,0.85569,0.85606,0.75561,0.78772,0.75252,9.8303e-17
5.0826e-17,0.70046,0.77477,0.84119,0.72818,0.64426,0.72744,0.75103,0.64459,0.5749,0.57552,0.58723,0.81789,0.60584,0.66416,0.55636,0.62518,0.68642,1.0397,0.79755,0.70846,0.59709,0.92693,0.82013,0.99845,0.52861,0.50994,0.76141,0.65938,0.72491,0.73465,0.7419,0.68817,0.87602,1.087,2.3787,2.0512,1.683,1.1607,11.35,1.8793,0.76611,0.72407,0.67026,0.54755,0.60858,0.70861,0.57736,0.84657,0.92584,0.44795,0.73908,0.7154,0.5243,0.65219,0.56376,0.75387,0.74921,0.70262,0.81978,0.89042,0.93519,1.5339,1.2348,1.2045,0.88254,0.92884,0.96752,0.80105,1.1126,0.79443,0.55821,0.7422,0.73484,0.62839,0.72048,0.90183,0.81871,0.77345,0.95211,0.60772,0.62165,0.81198,0.85791,0.89151,0.88801,0.84142,0.94977,0.91671,0.85041,1.5243e-16
6.4593e-17,0.70042,0.86809,0.84566,0.65235,0.62181,0.78522,0.69727,0.527,0.59664,0.59894,0.55083,0.53312,0.38179,0.53369,0.53698,0.65686,0.86267,0.6963,0.66118,0.71563,0.55977,0.73605,0.64664,0.80595,0.50389,0.68892,0.70955,0.79861,0.78762,0.70386,0.55331,0.76677,0.71448,0.92041,3.8605,2.3564,1.7629,1.2542,3.6639,3.7562,0.93229,0.94603,0.69244,0.78479,0.52817,0.72355,0.56026,0.69923,0.81586,0.46922,0.67388,0.89181,0.57677,0.53953,0.69283,0.85956,0.69452,0.60907,0.55496,0.66544,0.75762,0.92053,0.71845,0.9198,0.73825,0.7301,0.92695,0.7743,1.0756,1.0215,0.61267,0.63484,0.64586,0.71251,0.82829,4.3665,3.6807,0.87863,1.0042,0.97506,0.86307,0.7103,0.70129,0.85502,0.79003,0.63798,0.91485,1.3058,1.0207,1.4859e-16
4.3691e-17,0.6411,0.62939,0.73575,0.62565,0.50852,0.66123,0.66667,0.6484,0.71139,0.79208,0.7239,0.52494,0.39935,0.58289,0.62864,0.69039,0.87429,0.62279,0.59347,0.66477,0.59032,0.74383,0.62992,0.66007,0.51824,0.83638,0.71682,0.70186,0.75908,0.62375,0.5485,0.88488,0.63912,0.7555,6.0946,3.6846,2.2188,1.6541,0.69322,3.0728,1.0168,1.2178,0.72849,0.835,0.68825,0.81012,0.6236,0.73328,0.78359,0.68007,0.59645,0.78079,0.58801,0.59023,0.70252,0.87177,0.67329,0.55646,0.4594,0.46615,0.65751,0.67287,0.47861,0.63442,0.60873,0.57696,0.73547,0.75683,0.79416,0.80013,0.72622,0.69218,0.59725,0.722,0.87934,6.6428,8.9419,1.5406,0.96149,1.1587,1.1105,1.181,1.326,0.90277,0.76504,0.6727,1.2207,1.541,1.2531,1.1833e-16
8.1112e-18,0.56185,0.40467,0.68345,0.70498,0.48846,0.57821,0.73678,0.85424,0.80201,0.80433,0.78842,0.74599,0.54211,0.83955,0.7663,0.69285,0.70531,0.77021,0.66356,0.5938,0.66102,0.81173,0.74471,0.60169,0.49343,0.90373,0.76678,0.54463,0.71376,0.62641,0.71262,0.92209,0.63694,0.70349,7.0443,6.2968,4.7752,3.9406,3.638,2.0231,1.4866,1.5765,0.78601,0.74596,0.75811,0.66367,0.72035,0.95194,0.81202,0.80837,0.49326,0.51386,0.57801,0.73819,0.62533,0.77394,0.68781,0.51946,0.55437,0.44675,0.71855,0.86613,0.56424,0.50881,0.55438,0.67406,0.68198,0.79643,0.57897,0.45919,0.81049,0.85769,0.60735,0.63525,0.8527,4.8907,9.0395,1.7283,1.1238,1.2401,1.2203,2.3035,2.1504,1.1226,0.90536,0.8979,1.6213,1.9888,1.3411,1.5676e-16
8.8387e-17,0.50758,0.54699,0.69307,0.70697,0.63801,0.73553,0.86406,0.82751,0.7653,0.47643,0.60102,0.79837,0.50625,0.99715,0.8116,0.75096,0.65259,0.72419,0.75673,0.65242,0.7431,0.64666,0.74417,0.52443,0.47869,0.94267,0.73277,0.65333,0.74595,0.77541,0.80139,0.8113,0.51899,0.59013,6.1574,8.2976,10.114,9.2486,6.0859,4.1404,2.6733,2.1789,0.90182,1.0569,0.63529,0.54719,0.81334,1.1312,0.82134,0.7768,0.53144,0.55553,0.59409,0.70994,0.66694,0.68319,0.69942,0.51826,0.55916,0.56106,0.91004,1.1668,0.46839,0.43189,0.53494,0.83387,0.80102,0.88208,0.58061,0.51676,0.7695,0.7998,0.5327,0.57566,0.78522,0.93701,1.3581,0.73219,1.3569,1.3936,1.174,3.0186,2.0058,1.3253,1.0536,0.94335,1.4802,2.5694,1.1692,2.7715e-16
6.1768e-17,0.53176,0.63334,0.69383,0.57227,0.77064,0.89506,0.9286,0.69029,0.68356,0.60335,0.72503,0.69209,0.56621,0.66938,0.70245,0.74594,0.74594,0.82888,0.70168,0.78051,0.73813,0.52079,0.61744,0.56855,0.71627,0.82468,0.73109,0.75744,0.54025,0.72325,0.78012,0.59067,0.35105,0.52319,7.2471,7.0338,14.328,15.182,11.718,6.8614,3.7158,2.7227,0.98013,1.2031,0.72256,0.87493,0.84738,0.88942,0.75928,0.74684,0.79564,0.72559,0.5341,0.74739,0.61145,0.65247,0.82107,0.6661,0.54991,0.58886,1.1681,2.1698,0.65973,0.41354,0.61255,0.95374,0.84059,0.76271,0.59788,0.66533,0.64495,0.54547,0.45412,0.66985,0.62812,0.13256,-0.26611,0.63062,0.98365,0.92617,0.75624,1.6541,1.2157,1.1241,0.88837,0.69662,0.90899,1.5543,1.0258,1.3627e-16
4.0018e-17,0.60758,0.66933,0.82901,0.57031,0.73118,0.99149,0.81191,0.58333,0.64392,0.73355,0.82442,0.57165,0.65187,0.52872,0.64986,0.75308,0.79034,0.81131,0.75742,0.96496,0.69686,0.53124,0.61096,0.60821,0.96901,0.68489,0.66719,0.80542,0.68316,0.69774,0.67946,0.80743,0.8967,0.78225,10.123,6.4456,11.831,15.68,14.316,8.1097,4.3283,3.1052,1.084,1.227,0.86359,1.3808,0.73636,0.61701,0.76215,0.78897,0.87757,0.84205,0.58246,0.7699,0.54755,0.67277,0.80154,0.74924,0.52419,0.56524,1.0051,1.9153,0.79104,0.56289,0.63776,0.87267,0.81093,0.74173,0.64675,0.75141,0.50945,0.45613,0.51823,0.70346,0.52404,0.64817,0.93413,0.86951,0.78686,0.55129,0.54604,0.46498,0.62067,0.84527,0.68689,0.49169,0.53395,0.5449,0.62288,4.0089e-17
3.6353e-17,0.63374,0.68441,0.97754,0.74085,0.64401,0.92867,0.62662,0.6364,0.70403,0.58091,0.75138,0.5985,0.65939,0.75763,0.71964,0.78912,0.84863,0.69873,0.96741,1.0797,0.68146,0.60258,0.72731,0.60131,0.95883,0.64895,0.51575,0.79892,0.59746,0.55365,0.93437,2.0535,2.2355,1.4276,10.582,7.3566,5.6085,11.311,10.282,6.8028,4.4285,3.0088,1.1929,1.3969,0.83454,1.5224,0.63734,0.63663,0.79125,0.83086,0.7071,0.84725,0.73552,0.67998,0.57094,0.71356,0.61601,0.76548,0.59463,0.5933,0.61481,0.56066,0.73723,0.82291,0.56937,0.68827,0.73972,0.88455,0.75128,0.72447,0.45044,0.63666,0.70908,0.63644,0.54296,0.51475,0.59292,0.76604,0.98285,0.68639,0.72178,0.62663,0.60793,0.82858,0.62076,0.49509,0.57789,0.81163,0.7638,1.663e-16
3.3292e-17,0.57453,0.58356,0.83666,0.80859,0.72971,0.65349,0.64016,0.84129,0.81415,0.54157,0.80335,0.75893,0.62708,0.76058,0.75613,0.76361,1.0936,0.86789,1.0026,0.96001,0.68734,0.62635,0.71099,0.64595,0.715,0.6817,0.41476,0.70096,-0.081959,0.60638,2.4088,3.8959,3.2088,1.9886,5.3627,6.252,4.5116,8.515,4.3523,3.4304,3.8008,2.152,1.1542,1.653,0.69518,1.0656,0.78275,0.82997,0.67951,0.78262,0.65751,0.76179,0.76232,0.56457,0.6219,0.73459,0.54141,0.83472,0.83014,0.73665,0.76944,0.63405,0.86389,0.96438,0.57204,0.68102,0.60969,0.86896,0.85638,0.60371,0.53357,0.80894,0.85299,0.68261,0.60106,0.58633,0.68532,0.67858,0.82321,0.858,0.81422,0.75176,0.83255,0.9845,0.56365,0.56214,0.70805,1.6915,2.567,4.7037e-16
5.1433e-18,0.7047,0.51256,0.74166,0.75574,0.65785,0.6231,0.79637,0.78849,0.70069,0.67835,0.70099,0.60807,0.58501,0.68246,0.77406,0.7491,0.94179,0.81597,0.75866,0.8051,0.68232,0.64894,0.66097,0.59827,0.64698,0.67651,0.42974,0.57462,3.823,4.1995,5.5163,3.5109,2.3208,1.4379,1.5671,5.7637,4.4234,4.8467,2.4003,1.4032,2.2232,1.426,0.94751,1.2435,0.74277,0.71439,0.78358,1.0149,0.6934,0.80966,0.64783,0.55004,0.78903,0.59612,0.62962,0.67719,0.49796,0.43772,0.81538,1.1477,1.1247,1.0945,1.028,0.94067,0.75349,0.71534,0.59554,0.7849,0.97481,0.60258,0.70902,0.80356,0.90097,0.76702,0.66187,0.62971,0.82936,0.60639,0.61152,0.92291,0.8538,0.70199,0.75839,0.89342,0.65013,0.7122,0.83416,2.4489,3.5685,3.5706e-16
-2.5884e-17,0.77094,0.53665,0.73191,0.71173,0.55514,0.7379,0.8717,0.60024,0.51606,0.79912,0.63015,0.45451,0.54795,0.65541,0.73705,0.72748,0.60365,0.66614,0.5829,0.67909,0.69458,0.61751,0.64515,0.53728,0.69749,0.6238,0.48438,0.53068,11.156,7.7533,5.8071,1.8396,0.9632,0.61867,0.88327,4.6528,3.1507,1.6199,3.5635,0.95466,0.93418,1.0996,0.70274,0.66712,0.83769,0.66688,0.66319,0.98405,0.72975,0.78806,0.6011,0.46431,0.85993,0.68393,0.65677,0.61568,0.56748,1.1334,2.6692,2.7447,1.6986,1.7268,1.2776,1.0058,1.0211,0.77726,0.69031,0.64294,0.97895,0.72154,0.77644,0.64735,0.80449,0.74789,0.68153,0.68863,0.83708,0.66601,0.63549,0.897,0.92825,0.59223,0.62556,0.76947,0.73044,0.8049,0.83507,2.2925,2.8444,1.7627e-16
3.6192e-17,0.596,0.58262,0.71054,0.71062,0.64056,0.75474,0.82834,0.57793,0.50123,0.78796,0.77305,0.63337,0.56681,0.68912,0.66962,0.69271,0.58008,0.72302,0.66714,0.59059,0.71263,0.55444,0.68067,0.61961,0.66342,0.59349,0.52847,0.62853,14.197,6.85,1.9391,1.0781,0.75853,0.55133,0.92149,1.9421,1.7924,1.0246,3.8162,0.7789,0.88043,0.96893,0.59621,0.59897,0.78823,0.67949,0.69793,0.77539,0.62267,0.61479,0.56629,0.64117,0.86829,0.70582,0.74688,0.62313,0.75252,2.9997,7.2569,6.4236,2.3944,2.6081,1.8325,1.3134,1.2261,0.87998,0.75927,0.48057,0.77816,0.82405,0.67956,0.51324,0.5988,0.67728,0.61418,0.85049,0.87041,0.83484,0.82655,0.81287,0.99098,0.58577,0.74858,0.82054,0.63118,0.73578,0.70717,1.3354,1.4323,1.1912e-16
3.0605e-17,0.64781,0.54816,0.75766,0.59167,0.70479,0.84808,0.94871,0.64882,0.54757,0.80906,0.76058,0.70416,0.70397,0.75066,0.73472,0.75232,0.79611,0.76254,0.61667,0.62482,0.63805,0.68203,0.77629,0.81228,0.65426,0.63363,0.64019,0.76596,6.1435,3.9268,1.2862,0.97187,0.71516,0.54549,0.69359,1.7241,1.6286,0.95076,1.9151,0.92177,1.0165,0.93955,0.71477,0.59588,0.79065,0.57502,0.92487,0.74979,0.57852,0.54472,0.6514,0.75098,0.74228,0.76314,0.77937,0.6273,0.75744,2.289,10.215,10.818,2.39,2.7108,2.5843,1.542,1.3063,0.8945,0.7174,0.51081,0.54926,0.83113,0.68344,0.56844,0.4797,0.83071,0.48034,0.78175,0.87845,0.74154,0.84385,0.67135,0.88139,0.84737,0.76136,0.62397,0.52924,0.66924,0.69782,0.98025,0.90349,1.2725e-16
4.0201e-17,0.72985,0.67143,0.68208,0.54903,0.70915,0.91816,0.95465,0.64584,0.58798,0.79144,0.7126,0.69884,0.6979,0.71216,0.76898,0.78794,0.93267,0.75561,0.63954,0.58,0.64065,0.84047,0.75688,0.94427,0.65802,0.58933,0.62944,0.64839,1.6639,2.0211,1.6745,1.1756,0.76966,0.58719,0.60794,2.7646,1.587,0.94473,0.67038,1.0579,0.82142,0.86665,0.93586,0.65541,0.80609,0.56318,0.92302,0.65735,0.69632,0.57261,0.71764,0.77559,0.99836,0.82396,0.71546,0.58712,0.79459,1.172,6.4427,7.574,1.5533,1.6569,1.9354,1.2913,1.1162,0.88835,0.63669,0.65878,0.63596,0.77448,0.71085,0.59842,0.56118,0.88094,0.54619,0.57564,0.78378,0.60154,0.76875,0.61483,0.7581,0.94222,0.65424,0.46911,0.69473,0.72824,0.80942,0.85832,0.84075,1.05e-16
7.4204e-17,0.75709,0.81802,0.56315,0.65792,0.65466,0.81422,0.7622,0.57761,0.56762,0.75436,0.70027,0.68677,0.64878,0.6645,0.72547,0.72925,0.78001,0.6784,0.74066,0.48684,0.6992,0.86287,0.69067,0.90391,0.66956,0.49189,0.4981,0.93528,4.1499,1.624,1.1085,1.2141,0.81496,0.71985,0.77208,2.7424,1.2621,1.0545,0.89903,0.98237,0.51915,0.75749,0.98765,0.75486,0.86156,0.74742,0.64571,0.49117,0.84544,0.63254,0.70782,0.7415,0.58498,0.7554,0.68095,0.5787,0.98312,1.0844,0.36445,0.43159,0.72935,0.55643,0.54584,0.81326,0.82146,0.84093,0.56831,0.73373,0.8484,0.71765,0.67578,0.58274,0.67023,0.75716,0.69646,0.48326,0.66914,0.65253,0.80614,0.66304,0.72568,0.79113,0.57263,0.51314,0.93399,0.82845,0.93568,0.74609,0.797,1.0724e-16
4.1423e-17,0.86578,0.70068,0.68156,0.76491,0.57117,0.59076,0.62742,0.54698,0.51021,0.795,0.61866,0.63958,0.83809,0.76932,0.73342,0.64531,0.46324,0.53314,0.68109,0.5566,0.67188,0.77332,0.79034,0.74653,0.7115,0.54182,0.47667,2.4876,3.4989,1.2624,0.81476,0.79449,0.57278,0.76772,0.76156,1.2658,1.4148,1.1377,0.89685,0.83026,0.56911,0.68939,0.74132,0.74702,0.98916,0.9124,0.46937,0.53483,0.8156,0.72244,0.72187,0.66792,-0.033923,0.68134,0.84899,0.68135,1.1233,0.97393,0.46484,0.4822,0.79085,0.74072,0.54339,0.73915,0.73908,0.71283,0.56936,0.64247,0.71477,0.70898,0.62088,0.68029,0.58121,0.70872,0.60676,0.63213,0.71824,0.82576,0.94051,0.71427,0.72148,0.72904,0.60911,0.58471,0.84393,0.84598,0.96839,0.92307,0.86025,8.4146e-17
6.2148e-17,0.85616,0.83504,0.86737,0.76021,0.63313,0.64312,0.65538,0.43293,0.64098,0.75747,0.51428,0.65505,0.8339,0.7473,0.77806,0.6351,0.48913,0.56632,0.67313,0.61707,0.79826,0.75029,0.85689,0.68967,0.73282,0.70919,0.63025,3.9261,2.4179,0.92685,0.79426,0.56715,0.47341,0.62285,0.64678,0.56078,1.999,1.1268,0.82915,0.84581,0.76415,0.52417,0.63905,0.71859,0.86825,0.68413,0.50832,0.63027,0.67014,0.87368,0.77736,0.73062,7.1377,1.4163,1.1519,0.72426,0.9485,0.75067,1.1016,0.95113,0.84205,0.95243,0.77393,0.94051,0.70723,0.78556,0.83761,0.57812,0.54259,0.75248,0.61874,0.6959,0.57582,0.62684,0.58632,0.81744,0.9271,0.77689,0.72087,0.77805,0.68282,0.72282,0.68684,0.67265,0.72649,0.9911,0.85207,0.96158,0.82299,7.6653e-17
6.6349e-17,0.7598,0.8898,0.83927,0.6244,0.77928,0.72489,0.76117,0.47805,0.70044,0.64078,0.47607,0.72764,0.73392,0.64358,0.80968,0.73299,0.65683,0.63342,0.64188,0.63181,0.81947,0.78436,0.80765,0.68127,0.76908,0.85142,0.83004,3.249,4.007,1.7184,0.7908,0.69554,0.62019,0.57825,0.53478,0.61515,2.4799,1.1274,0.81933,0.94475,1.0583,0.64629,0.75638,0.86742,0.75337,0.47092,0.65777,0.64545,0.56245,0.82344,0.331,0.80145,17.185,2.4347,1.34,0.66456,0.79975,0.71865,0.83321,0.36165,0.69143,0.80419,0.80066,1.0549,0.78703,0.80829,0.91855,0.61774,0.58565,0.73299,0.70961,0.65544,0.67683,0.61651,0.62574,0.83623,1.0009,0.67632,0.52469,0.71217,0.64851,0.71789,0.73886,0.73243,0.72896,1.0137,0.66954,0.85566,0.7304,8.1235e-17
4.5681e-17,0.65392,0.60358,0.59062,0.46873,0.83936,0.59972,0.79067,0.69067,0.55386,0.54325,0.4889,0.77874,0.75279,0.61153,0.76043,0.81045,0.64624,0.59337,0.55614,0.63351,0.58941,0.79021,0.69402,0.61107,0.78927,0.82789,0.89282,0.98607,7.647,3.6355,0.90774,0.86646,0.82066,0.81105,0.58531,0.5979,2.4021,1.2399,0.88265,0.94179,1.3659,1.1663,0.89937,1.1439,0.86102,0.63764,0.74969,0.62841,0.56544,0.58407,0.24191,1.0131,18.357,2.553,1.3086,0.58131,0.90708,0.86513,0.80423,0.39754,0.58894,0.62043,0.77537,0.94734,1.0726,0.63338,0.599,0.76162,0.81124,0.6554,0.81154,0.63697,0.73402,0.7093,0.60373,0.67267,0.79885,0.71116,0.64509,0.52178,0.66318,0.71466,0.74164,0.75408,0.79488,0.80283,0.58932,0.78006,0.67257,7.3371e-17
3.6853e-17,0.51231,0.52158,0.48455,0.47365,0.74123,0.55689,0.67569,0.59547,0.58505,0.52553,0.43071,0.75295,0.74468,0.64102,0.60509,0.67206,0.59599,0.60868,0.65597,0.60148,0.50295,0.76303,0.64916,0.56045,0.65896,0.67732,0.82538,0.64323,9.1094,4.7974,1.5725,0.74611,0.88517,1.0189,0.89931,0.69405,1.8948,1.3797,1.1118,0.8348,1.3783,1.3904,0.89883,1.148,0.86554,0.84873,0.7081,0.72603,0.59582,0.72502,2.8127,1.8681,5.912,1.3466,1.3034,0.59107,0.90574,0.7246,0.61409,0.51744,0.59784,0.62533,0.67567,0.8497,1.3774,0.6579,0.46585,0.97189,0.95107,0.73279,0.75479,0.59641,0.67867,0.66368,0.58399,0.52949,0.59794,0.69759,0.64972,0.49833,0.67626,0.71782,0.69929,0.79755,0.81726,0.77736,0.71826,0.73877,0.5996,8.2664e-17
4.5421e-17,0.60705,0.62236,0.55034,0.53977,0.61959,0.55572,0.5965,0.63055,0.70697,0.54972,0.45167,0.71722,0.62072,0.74938,0.58816,0.66034,0.62095,0.56523,0.72823,0.5735,0.49609,0.7703,0.94955,0.74029,0.60131,0.95033,1.2047,1.0241,6.2003,5.5249,2.1517,0.70701,0.95432,0.99482,0.81466,1.1663,1.8602,1.2896,1.2295,0.83174,1.1284,1.0176,0.7936,0.87231,0.66667,0.94013,0.66546,0.70739,0.57242,1.2889,5.2075,2.5106,-0.68813,0.75422,1.5943,0.77771,0.83051,0.7155,0.49675,0.53303,0.73401,0.71711,0.58457,0.74008,1.2216,0.81319,0.51693,0.95389,0.9133,0.87622,0.67124,0.64709,0.67001,0.56044,0.60195,0.53303,0.53506,0.75864,0.78146,0.56886,0.56559,0.57764,0.60625,0.76505,0.79781,0.84096,0.79807,0.79615,0.67472,8.0412e-17
4.6588e-17,0.78546,0.69123,0.57802,0.52722,0.56609,0.51789,0.54439,0.77836,0.72964,0.55972,0.51242,0.61007,0.56927,0.805,0.60744,0.78541,0.68495,0.48927,0.71829,0.60268,0.48468,0.74884,1.3943,1.0128,0.70682,1.7429,1.6513,1.2279,2.957,6.1533,2.0889,0.92022,1.149,0.81044,1.0305,2.1039,2.0847,1.2391,1.1938,0.91679,0.94621,0.5757,0.75231,0.77075,0.50057,0.82244,0.68492,0.52078,0.4896,1.6771,4.7832,2.2909,1.5057,0.93779,1.6345,0.92935,0.85116,1.0016,0.53501,0.5198,0.83777,0.71337,0.50369,0.71819,0.8982,0.93567,0.58751,0.73097,0.80308,0.96641,0.68339,0.78289,0.6454,0.52734,0.60631,0.61756,0.60688,0.76558,0.86621,0.62886,0.61976,0.63281,0.70629,0.63767,0.73968,0.84407,0.88229,0.96204,0.87827,9.2355e-17
5.2706e-17,0.73496,0.6462,0.48103,0.48291,0.59651,0.52163,0.49809,0.72587,0.6485,0.5707,0.52094,0.44519,0.76837,0.7296,0.49567,0.82991,0.70213,0.56005,0.78309,0.71196,0.54589,0.67979,1.4911,1.0939,0.9044,2.4604,1.5044,1.5102,3.6272,5.8757,1.4888,1.2007,1.4232,0.76977,2.5913,3.133,2.2939,1.8553,1.3799,1.0488,1.166,0.73184,0.90371,1.1728,0.65107,0.62059,0.70448,0.41066,0.68436,1.5944,2.2532,1.4898,1.1986,0.70211,0.94792,0.84128,0.97485,1.242,0.62591,0.63573,0.78555,0.61332,0.45324,0.90229,0.99075,1.0164,0.69003,0.67265,0.79435,0.98982,0.79143,0.93398,0.5461,0.65462,0.60825,0.65385,0.7195,0.59764,0.6418,0.69559,1.1389,1.2355,1.2308,0.56176,0.71182,0.8244,1.2048,1.2263,1.0998,1.9342e-16
9.6852e-17,0.73347,0.66304,0.61651,0.68631,0.69569,0.75291,0.7863,0.8403,0.70682,0.67463,0.70862,0.61326,0.85302,0.79773,0.66369,0.94732,0.6969,0.7695,0.90145,0.81165,0.77709,0.83364,1.1395,1.0708,1.1407,2.2014,1.5211,1.3331,2.4673,3.1039,1.0817,1.3117,1.5217,1.0816,3.9554,3.1694,4.0242,3.0776,2.137,1.4991,1.6005,1.0189,1.0759,1.4112,0.91939,0.79451,0.62105,0.60873,1.7769,2.0739,1.9121,1.135,0.88841,0.55292,0.68991,0.81804,0.84768,1.0294,0.88537,0.91806,0.79715,0.71172,0.63173,1.0057,1.0261,1.1857,1.0431,1.005,0.87184,0.99027,0.86809,1.1287,0.76108,0.94969,0.80517,0.65801,0.72797,0.72609,0.76046,0.82824,1.5273,1.6466,1.7568,0.71253,0.88965,0.93538,1.4915,1.5572,1.3946,1.722e-16
4.5106e-17,0.41865,0.38092,0.42059,0.47509,0.41312,0.51176,0.56759,0.52926,0.42932,0.4114,0.47238,0.44219,0.45231,0.4839,0.46472,0.56484,0.37471,0.49289,0.52678,0.4622,0.51305,0.53753,0.4568,0.56577,0.68797,0.95132,0.89072,0.58364,0.4611,0.49414,0.52937,0.70967,0.81713,0.72861,2.4238,1.5473,2.9468,2.0869,1.4619,0.995,1.0073,0.62368,0.62524,0.77642,0.57822,0.55019,0.29453,0.43583,1.4184,1.3849,1.4262,0.61936,0.58846,0.30057,0.41489,0.46087,0.37292,0.42036,0.58167,0.60008,0.45473,0.45355,0.43227,0.54893,0.5315,0.70819,0.70863,0.69831,0.50355,0.53558,0.4817,0.67426,0.53358,0.62003,0.52702,0.35494,0.37665,0.49202,0.52362,0.49764,0.88991,0.9458,1.0795,0.46585,0.56729,0.56233,0.86993,0.94487,0.85213,6.9791e-17
-2.0984e-17,1.1425e-16,1.1456e-16,3.1619e-17,1.7924e-16,5.9982e-17,1.0453e-16,5.1794e-17,1.4653e-16,7.2236e-17,8.0848e-17,1.1369e-17,-5.2759e-17,1.3949e-16,4.7461e-17,1.5532e-17,9.839e-17,1.209e-16,5.6128e-17,1.6888e-16,8.5235e-17,3.6876e-17,2.9791e-17,8.8324e-17,9.192e-17,6.9804e-17,2.5929e-16,1.7984e-16,2.3724e-16,4.4534e-16,5.5319e-16,1.112e-16,1.5545e-16,2.7217e-16,1.0584e-16,1.0539e-16,4.0716e-16,5.8512e-16,1.2528e-16,7.3928e-17,2.5714e-16,1.6141e-16,-3.8825e-17,-2.5807e-18,1.2324e-16,1.6265e-16,1.0428e-16,3.2495e-17,-1.4853e-17,-1.268e-16,1.077e-16,5.2935e-17,-5.283e-17,1.5568e-16,6.8797e-17,8.3013e-18,1.0587e-16,1.3779e-16,1.0385e-16,4.014e-17,7.6909e-18,3.4742e-17,1.1091e-16,1.3553e-16,7.5488e-17,1.1754e-16,2.5861e-16,9.037e-17,2.4402e-17,3.8078e-17,1.343e-16,9.3972e-17,4.9728e-17,4.7043e-17,1.8473e-16,-1.0092e-17,5.1907e-17,7.0232e-17,3.6862e-17,5.3347e-17,1.4987e-16,5.7502e-17,2.3722e-16,1.6618e-16,1.2712e-16,9.091e-17,1.8262e-16,2.2081e-16,1.5625e-16,3.6349e-16,1.8193e-18
