2.849617000133415503e-17,6.269959177703333529e-14,3.932633231292971006e-14,-6.043799836226216578e-15,-6.282502180752975061e-15,5.327642934444925314e-15,1.476245008328084005e-14,5.058273136411303990e-15,1.003699314854972424e-14,3.234859699334260960e-14,6.633278757763804915e-14,1.213255177871523310e-16,2.835950202506487184e-14,8.081526993245353516e-14,3.813841643436415117e-13,5.135835088571596173e-13,7.166579023431797972e-14,1.303160495911038688e-13,1.763959110072914436e-13,6.694320243008174727e-14,1.133100432217654207e-13,5.370995492032169837e-14,3.293693509269162766e-13,4.100859192994931822e-13,2.139050892571537248e-13,8.032475113582122560e-14,9.395924763525415059e-14,7.370547848088462449e-14,1.239044114945305168e-13,3.461914339436917840e-14,4.091871632600833058e-15,8.254035308120062154e-14,7.964904117432316050e-14,3.596528696513013293e-14,3.524998786167034068e-14,1.806066368488749624e-14,4.176788704837308777e-13,4.553194544296299891e-14,5.108945069305420693e-14,1.230546476301160284e-15,-7.161542611384636599e-15,-6.117904827682005785e-15,1.978309307697722977e-15,5.047238772953092686e-14,7.905444030648273302e-14,5.384017426685854387e-14,2.289428451316661795e-15,1.695309851815718343e-14,7.377228635634107911e-16,9.301071366529161623e-14,6.892642431607852624e-15,4.115526229807142056e-14,1.665327465648328861e-13,1.568710951911855805e-13,2.292250052807061017e-13,7.175109878943170119e-14,9.546743645566226854e-14,3.000471802043711506e-14,6.500505876624231815e-15,-1.372027692946098192e-14,-2.101344689989084499e-13,-1.511250149881729715e-13,1.067120731762333395e-12,1.679214481545568670e-12,5.716428481066193278e-13,2.799751434089408301e-13,-9.938220587202858472e-16,1.906075891751798043e-14,-4.268588922925660671e-16,5.530839710726911669e-16,9.559319057527290827e-14,3.032915854654102124e-13,4.028983963677229200e-13,7.635773797689727371e-14,-7.290124354269989918e-15,2.650887554661655128e-14,6.340037414904135458e-14,2.466623756306535205e-14,5.396694454493231222e-14,8.192153528669200885e-14,1.258286417124098899e-14,9.620850841014483148e-14,9.042111992487493850e-13,4.376292743062819902e-13,5.710742720164738617e-14,2.268943248953585507e-14,1.228739450794797187e-14,8.579126527639693057e-14,5.947041295302668357e-14,6.849909303756000667e-14,7.722298785665702182e-14,-2.291963435082203501e-13,-7.430769089634769721e-13,-3.049141199358423472e-14,1.559200713863160598e-12,5.152487555911830948e-13,7.006574250651781297e-14,-8.590103459519400558e-15,1.075865472314244846e-14,-1.903952008582791404e-15,8.236182562583510774e-14,2.153744033541474952e-13,2.256554723201767574e-13,2.712767511577772530e-14,5.326852633830805753e-14,8.904890700426069238e-14,4.040036439021434535e-14,5.835137816771469669e-14,5.947082316993526262e-14,6.985113707140128107e-14,-3.699560448778806662e-15,4.539460229546740213e-16,2.564161124698314694e-14,-1.354576949312172387e-14,4.193694021445903626e-16,-9.973260840978730770e-15,7.754429995679207727e-15,-7.431062065062468438e-14,1.045296674984851950e-13,2.494198005415084032e-13,1.478838098293667913e-13,1.330258967214704456e-13,3.479145378280641000e-14,1.351894739200987617e-14,-6.844527526388237878e-14,-1.407263324166711974e-14,-8.636435504767734495e-15,1.164894099431111315e-14,1.412555720393191668e-14,1.084578506053933195e-15,5.028086115152605075e-15,9.363339397744670853e-15,-3.282881822885741739e-14,-4.912158442181423981e-14,4.122211141533086655e-14,3.758827926712926221e-13,3.489915085183320679e-13,1.319452054039751969e-12,1.340301032052415725e-12,-1.582520566048041723e-12,1.228388350692845306e-11,1.328989688098784854e-11,2.465147489982030973e-12,4.195577042072242338e-13,1.553179470575928145e-13,6.436453403170829006e-14,6.254091770612563729e-14,3.814020171034040184e-14,3.676814275505619355e-14,6.565467640904826022e-15
2.168274610786337989e-13,4.166336451603290525e-02,5.991673099223582710e+00,1.128275781117491938e+01,7.700545670066228254e+00,4.514407603612838216e+00,-5.856027939969420393e-01,4.478351899744534848e+00,7.562614700809839441e+00,3.487316583876549636e+00,9.539710492008493858e+00,5.481029449863655145e+01,6.970245183182947812e+01,1.064199728360857300e+01,6.841678793857306928e+00,8.745995784810547846e+00,5.353762800131449673e+00,-3.031671618716595407e-01,2.656602200157534899e+00,-7.738450664647974486e-01,5.724867118693443224e+00,1.007176490602193297e+01,1.250949594385493668e+01,9.205423491343109887e+00,3.795626652865701800e+01,5.667726223963610011e+01,5.527287747657561567e+01,1.972329654489002237e+01,1.283985699279772597e+01,5.896816398804581638e+00,4.441623634259925524e+01,1.025218139930590979e+02,2.663422687868464678e+01,2.414759410266621842e+01,1.227373953301901821e+01,1.461183738962317591e+01,2.406771565366560139e+01,4.456122351112885127e+00,-6.800125908762701121e-02,1.092773008275494817e+01,1.861099864572994811e+00,1.008624381353246252e-01,5.033050779557952659e+00,2.151956942006549856e+00,6.966699296310134848e+00,-8.863469853175398594e-01,-3.591704081723209319e-01,8.164716612788534889e+00,2.285828214503137090e+01,3.992455926021600021e+01,1.279531180913796362e+01,-2.541423402295545086e-01,8.999323632709061993e-01,9.094904437984785428e-01,7.649081038515351594e+00,-3.205582994863266644e-02,4.002949422136714910e-03,-2.879623615315813484e-02,1.529319745703385663e-02,8.610606719496340933e-01,3.784553706886212510e+00,8.482925278844867023e+00,1.026748772073791116e+01,1.413433390170184225e+02,1.365445712907809650e+02,5.957299167935241968e+01,9.925206064645859527e+00,4.856426166870929428e+00,2.498525014232598096e+00,6.897794784316067407e+00,7.404285532901784261e-01,1.076918353461106363e-02,8.141125960998121247e-01,1.737689623778897186e-01,1.444252312077501088e+01,2.038592801906144913e+01,5.881822210673553997e+01,1.713384339301362402e+01,4.394324182074174701e+01,4.451345001973098903e+00,8.504556242986752168e-02,2.167544312095901760e-01,5.003096368874730082e+00,4.678935213645061708e+00,2.986356850040030042e-01,4.019766634553903484e-01,3.891375035787781211e+00,3.944908327432476991e+00,2.549615477311214726e-02,2.856887762508934170e+00,5.782774905388865960e+00,-1.059711666696209684e-02,3.590195539725503426e+00,6.187344436969702599e+00,1.579977093544834510e+00,5.782442409689346974e+00,6.669240499909310671e+00,1.865711503137132687e-01,2.510921835543570957e+00,-3.530549527495118745e-01,2.777537101661192720e-01,-7.292396991826284591e-02,4.256754664600762794e+00,2.212664156466833898e+00,5.755777265962868761e+00,1.546929872466404845e+02,5.048080674780850785e+01,9.864172502081188787e-01,1.530752413863414318e-01,9.294243247110044182e-02,3.262936102483422925e-03,4.449956729200766681e+00,1.138776318450158254e+00,3.149810314333954531e-01,-2.200664862447600061e-03,3.526739664383934936e-02,1.036848378732509701e+01,7.044959546726009592e+01,4.340748274802111268e+02,7.488420811495234375e+01,8.906293258159434956e+00,4.675940866444054222e+01,1.623746647277659747e+02,9.782585125967364093e+01,3.363633469349711191e+00,1.318796937044286910e+00,-2.557090083710556461e-01,3.519798657195920555e+00,2.992867955539989744e+00,2.193371912290633219e+00,-9.990785239488423342e-01,4.994042387769518143e+00,4.759879244891740200e+02,4.551732310457726953e+02,7.946991465384355706e+02,7.520491776127563526e+02,1.220561068832811458e+02,3.405058093202557643e+02,1.383084680234779569e+02,1.334542110234178836e+01,-2.642115559590817175e-02,7.260342942149565992e+00,2.394962981289417669e+01,4.374755627396321245e+01,1.160037299923198191e+02,7.405347730594114353e+01,1.354129380108859770e+01,4.427983402342567132e+01,4.893183279506394001e+01,3.312635689405174927e-15
4.203525212058932924e-13,-7.098216744531155031e-02,9.283001018352667444e+00,1.829854964299555320e+01,1.541318768004212814e+01,8.474166225553016574e+00,1.535900564014006875e+00,9.052943656244256232e+00,1.086053547002740061e+01,5.535462297698479972e+00,1.557861767069669767e+01,9.269181274923785452e+01,1.362067926278601817e+02,4.427696417093579129e+01,2.111800552390918995e+01,2.049739466930269671e+01,1.203525108856102577e+01,5.467765429799054111e-01,6.647774493497315973e+00,1.393302426787077941e+00,9.018552758529322588e+00,1.590853781084704544e+01,2.507846358803251263e+01,2.096579976223163655e+01,7.507498269976082383e+01,1.105523913776151517e+02,1.107877766157895962e+02,4.373196204287254574e+01,2.940804416572130719e+01,1.755102713445305085e+01,7.538165433548438443e+01,2.223217462832632236e+02,8.103405633774364958e+01,5.198887855875120323e+01,3.097871263367185080e+01,2.738532397675380636e+01,4.227819482220070313e+01,8.200403295956869343e+00,3.561768221389119304e+00,1.892619566982468982e+01,2.810640548326143406e+00,-1.718400459452559814e-01,7.877813158788187664e+00,5.564172614791292659e+00,1.349417482186884953e+01,1.568890510892432033e+00,1.051533577449325518e+00,1.248416523053309035e+01,4.355701309364774687e+01,8.382261731280641470e+01,3.381535109916023885e+01,4.873490200270346739e-01,3.554642579755039833e+00,2.240873814029083366e+00,1.470365237563307481e+01,5.461374316374031923e-02,-6.819853112086321847e-03,4.906035026609357336e-02,-2.605512817507059375e-02,5.521896561621136179e+00,9.278366255882511737e+00,1.920328760959244008e+01,1.629168605497784483e+01,2.245775505340149891e+02,2.897172177782999256e+02,1.621704958311385099e+02,2.230014741591587324e+01,1.134205587264492365e+01,6.017918250136955471e+00,1.079161137022294170e+01,1.206899771910500352e+00,-1.834753380516475005e-02,2.874643671779173904e+00,-2.960514045754714663e-01,2.696705337301949612e+01,7.581644151139519749e+01,1.507994194415318532e+02,3.541493973192406486e+01,7.315851041551532319e+01,1.254529481301511495e+01,-1.448927234515142159e-01,-3.692860504513315600e-01,9.187582000478640154e+00,6.300643531558153931e+00,-4.880364251142433885e-01,2.979838117801079989e+00,5.310416021624516425e+00,5.816883197555759999e+00,-4.259108290863210938e-02,6.232136170597090796e+00,1.379519449755037108e+01,2.837748565805021883e+00,8.957145719455887445e+00,1.063293802976439828e+01,1.785753686178806587e+00,1.071578869649522403e+01,1.141727585098057318e+01,1.633812804847267541e+00,6.508804382489305596e+00,6.524174904228795535e-01,-4.732109514581339105e-01,1.242410809509411213e-01,7.155938622614036682e+00,4.765468557306687281e+00,9.063779709422684405e+00,2.778463472105538017e+02,1.178687767057016487e+02,5.799420517211391513e+00,3.913948063244617193e-01,-1.583466765364524576e-01,-5.559087209601465407e-03,6.924185287717327775e+00,5.163125878063789642e+00,3.969401805697106322e+00,3.749288219335661539e-03,-4.756264038309106906e-02,2.013924287741154373e+01,1.397821473953329985e+02,9.088368229987653422e+02,1.647863457827654372e+02,1.678575902868496073e+01,7.798029224376132618e+01,2.822944633412816984e+02,2.698588977613945303e+02,1.145712505299876227e+01,7.347870143618424166e+00,4.654542959566773108e-01,5.188991509859773643e+00,5.946903214732598641e+00,7.364874889134283009e+00,1.773681198500865364e+00,1.755970940435935645e+01,7.586480336423614972e+02,7.490998757859332500e+02,1.660200777432527047e+03,1.442052626141474093e+03,3.169140209511483022e+02,5.866237736862544807e+02,2.159132983220974609e+02,2.060585449511293632e+01,8.837751010958622144e-02,1.442502176778985934e+01,3.840311907487207321e+01,9.725639414623967127e+01,2.514187510629461713e+02,1.602836638372463085e+02,2.653808687680992406e+01,7.825378731065910642e+01,8.802272382595033662e+01,1.539724788488015493e-14
3.418308928727114269e-13,-1.631542981404553450e-01,2.203714704802542279e+00,8.089492092247015265e+00,1.193439619445799238e+01,5.936099775844102311e+00,7.027698814689228080e+00,7.736113731374097746e+00,1.653796727678427114e+00,1.457111618977973144e+00,5.448122561928730789e+00,4.055529903197587771e+01,1.011545856153161225e+02,8.643803974863483575e+01,3.343470340493560400e+01,2.193145527052438837e+01,1.290063392611339843e+01,3.279709655676674718e+00,8.711059106325919288e+00,8.208127209686603365e+00,2.729880018743034764e+00,4.154092516695749637e+00,1.972329808338679769e+01,2.318729788874550835e+01,6.017244805244535399e+01,9.211189729401688453e+01,1.025521261391755274e+02,5.546453533129674440e+01,4.196979989636452757e+01,2.938249521633603578e+01,3.668727005989749301e+01,2.320435609012883731e+02,1.274376702835473054e+02,5.103789742866136692e+01,3.860049508148928510e+01,1.822270284105782778e+01,2.171040153198804390e+01,7.072403611772135612e+00,1.295092640861043876e+01,9.240794460224224238e+00,5.886464177958522503e-01,-3.949786699627623743e-01,1.956515612768596535e+00,7.110050145297011959e+00,9.610112198413395035e+00,7.536900357217779955e+00,5.206009329953629639e+00,2.784918971498256290e+00,3.137195885760428382e+01,7.862773702740180681e+01,5.235146222568895524e+01,4.753544928101709033e+00,7.427371517144531587e+00,3.282333179043756211e+00,1.074090064763516494e+01,1.255310630176174336e-01,-1.567560399982857039e-02,1.127664496911453124e-01,-5.988836778812871298e-02,1.156651620046090478e+01,1.263512481862040104e+01,1.914898518201655975e+01,4.668973178154306680e+00,6.569532286859273995e+01,2.735486605295984646e+02,2.290882973475034419e+02,2.245811443341325031e+01,1.276901300512238890e+01,7.339476733452693580e+00,2.674912608182010487e+00,9.098009381648423100e-01,-4.217226816710313575e-02,4.889467476953309522e+00,-6.804816035551866094e-01,1.925098026098042681e+01,1.262752478127578399e+02,1.905193567772312235e+02,3.196958258046042545e+01,2.928479842411070422e+01,1.659059085615477258e+01,-3.330395710810835630e-01,-8.488132800519211374e-01,7.037461092619503589e+00,4.718298546873880839e-01,2.651033487374770403e-01,7.082305031760455449e+00,4.849862266473841110e-01,1.062405743052321272e+00,-4.129626845236576693e-02,7.272659323206437598e+00,1.824928849013419807e+01,9.017515651557912904e+00,1.061359240456423869e+01,6.403580315374052923e+00,-6.762495818825703386e-02,7.023679530029304452e+00,5.327287679742936710e+00,4.264671107149784035e+00,9.925508314607261795e+00,4.902409552601991294e+00,-1.087687280287907177e+00,2.855712510946257776e-01,4.297238477900266140e+00,5.193982989275402140e+00,2.309553399843064625e+00,1.655481846603074132e+02,1.357873405677687231e+02,1.442092430579434215e+01,1.978143584906549624e+00,-3.639638208157523480e-01,-1.277770184579027184e-02,2.110356923501422788e+00,9.720383517250162697e+00,9.582647788631053487e+00,8.617833323034508955e-03,7.276014470457907723e-01,1.792584811854166205e+01,1.304854833908636351e+02,8.232497792136214230e+02,1.618293017945903500e+02,1.351955387436475320e+01,3.127899880744135785e+01,1.439353076630966655e+02,3.960639798570718995e+02,3.329506632275612787e+01,1.677558901092382371e+01,3.061546972100064767e+00,9.465299021040106675e-01,5.398007629283780417e+00,1.244525391815726501e+01,8.858343256273188970e+00,1.975385736403294601e+01,2.286762452055002655e+02,3.371103462050920143e+02,1.443192565747289791e+03,1.007931084015254555e+03,3.824408690350643951e+02,2.754032547412033978e+02,5.301535141441792121e+01,5.552268450997377869e+00,1.605698271506365016e-01,1.097739585965436149e+01,1.418308497116519185e+01,1.076054180502015498e+02,2.541058691101092109e+02,1.592843238314329710e+02,2.367397917273867947e+01,4.278037078694790551e+01,5.046054807048870572e+01,7.630783572936936118e-15
3.268796381652606734e-13,7.961351331335981829e-01,-9.299152104652048667e-01,8.849033158543736732e+00,4.898098351452426336e+00,3.957686158798424003e+00,8.915211579247532825e+00,6.251872557829074140e+00,2.927481858571638007e+00,-1.176070016174066257e+00,-9.373094864154620787e-01,5.062484294200505275e+00,4.749635556060173514e+01,9.858009441100087145e+01,3.600184026222738254e+01,1.396132633807567913e+01,1.189260640227464627e+01,5.638831243257024006e+00,9.743424118659728350e+00,1.350690214229409492e+01,4.888388032855544574e-01,-2.837003316742587877e+00,9.315444954199692873e+00,2.200096910344088030e+01,4.200273401133457440e+01,9.210667966397255668e+01,1.208118163485210630e+02,9.151911801599243290e+01,7.887423514989403373e+01,4.067288193133290974e+01,2.090310709627835450e+01,2.433146325673826027e+02,1.374153479140221066e+02,4.272607419090119407e+01,3.366328979507075303e+01,8.200940081730127673e+00,3.983896992073819199e+00,1.221724777963511599e+01,2.399951395538873555e+01,1.883300739506236443e+00,4.445485255504515870e-02,1.566761105153598788e+00,-1.227875863483148366e+00,6.092054823084249726e+00,3.573890948008893176e+00,6.249674440507014594e+00,8.747624431654482891e+00,-5.237254731632718929e-01,1.940700970551058546e+01,6.608564434317004554e+01,8.092836920179028937e+01,1.476356001079992453e+01,1.109004351319711645e+01,5.367435583322427206e+00,6.195066772292586954e+00,-4.345384182408960072e-01,5.426268210680248311e-02,-3.903524235475772097e-01,2.192097497714708410e-01,8.835976712210543482e+00,1.722989856719681612e+01,1.027119391611380905e+01,-1.641673551845239443e+00,-1.810381782455049304e+01,2.138423089338417640e+02,2.410447363270234860e+02,1.439107542195291245e+01,1.113795629568816459e+01,7.518719501922132231e+00,-1.661993788571433761e+00,2.532151059482213640e+00,1.459835538904452612e-01,4.756343561628836092e+00,2.860894553626966985e+00,1.602751996982538074e+01,9.200514933242901350e+01,1.624685758843417602e+02,2.572048963477464056e+01,9.473893042277915510e-01,1.024712827154828609e+01,1.432688908058249222e+00,3.536159958229764033e+00,9.468973479790790293e+00,4.296671484787276007e+00,1.249591495215476122e+01,8.734770792648363980e+00,3.115189616025842323e+00,8.074900994484347505e-01,7.276284412364983911e-01,1.042383275474151638e+01,2.556606170329557415e+01,1.305332307818366644e+01,7.641292732188887271e+00,8.223892605268122935e+00,4.336019192101665531e+00,3.881281688879742564e+00,1.016256503626667751e+00,6.001026251140594070e+00,1.521536155075847496e+01,1.185058833492795394e+01,4.362253222301138322e+00,-9.885336486660488697e-01,6.933008187832268909e+00,6.479106755553234898e+00,-1.635290713698011711e+00,8.988245846080764068e+01,1.316781824335379270e+02,2.224065193888064229e+01,8.091316313589761222e+00,1.428762535789701582e+00,4.423130192122429194e-02,1.321017740933114304e+00,7.937779569319639350e+00,8.005526088921920191e+00,-2.983149804385000839e-02,4.809850461939669586e+00,2.351133594465283849e+01,1.737269825823684641e+02,5.836538954787823741e+02,1.088317304783555528e+02,1.638874926435374846e+01,1.002937433923338229e-01,4.730258476806702106e+01,4.554699943617022768e+02,9.481699804292041733e+01,2.158893235234664942e+01,6.083905415121181548e+00,5.677181083680236107e-01,6.103861042484004074e+00,1.288516944641025397e+01,8.674509283273621918e+00,-1.870640216646094700e+01,-4.772059183780248759e+01,2.875701779690897979e+02,7.803466593915138674e+02,4.044835361697596454e+02,2.244080453691418313e+02,2.635123352376883332e+01,-3.097333562374474525e+01,1.931784986421133832e+00,-5.412144249757774306e-01,4.449165825292327625e+00,8.583905747914947426e+00,1.197166613481479374e+02,2.315246001264874849e+02,1.352201248339663664e+02,2.908034744560492868e+01,1.619002857864152745e+01,1.642419403748413487e+01,2.190413325868027261e-15
3.890591175923383734e-13,3.929781730108215410e+00,2.164021122533072550e+00,1.772132187090301514e+01,8.354590166983172361e-02,3.615223803415738235e+00,7.782726574439013945e+00,1.084539846297772137e+01,1.134324996674974706e+01,-7.721038945537445075e-02,-4.281537620388499443e-02,7.129314912762165335e+00,1.607820840364378157e+01,8.174702698158196768e+01,4.170745778715039620e+01,7.612001400807766771e+00,1.319192928964942979e+01,6.180193343696146258e+00,8.571793316179794786e+00,1.316776537961929705e+01,2.494852365888434953e+00,-1.500091562169774961e-01,3.754202451016281472e+00,1.778262761465351005e+01,4.102396566804591771e+01,1.118924198965175947e+02,1.560821090316338200e+02,1.297087111295787452e+02,1.157872497340897269e+02,4.199375688711548094e+01,3.762370696235309708e+01,2.721142698923080729e+02,1.248099103549033373e+02,3.484697373826222133e+01,2.228801833668324406e+01,3.689558306537019661e+00,2.029766199005854421e+00,2.070425913519769168e+01,2.924478930236092467e+01,3.420967504712707719e+00,1.149596015144305206e+00,3.519746794267945234e+00,-4.247011260658194176e-02,3.449686310152106916e+00,6.105976152843498733e-02,1.457502702543967410e-01,9.297755957316063302e+00,3.791300594835138593e+00,1.761285591370652526e+01,5.938297326043305446e+01,1.159080033567687593e+02,2.331384598146170717e+01,1.132679409528264003e+01,7.734771124988440327e+00,4.150975180213464455e+00,-6.470884474648817830e-02,8.080471885987710809e-03,-5.812893247508517380e-02,2.286758861570960255e-01,1.030848067900779874e+00,1.787550158456488347e+01,2.318622185743232089e-01,-3.238588528225187085e-02,1.720100711054507059e+01,1.633300702321730569e+02,2.131921154553569124e+02,6.968784966717937124e+00,8.438889703438459122e+00,6.181739548535674977e+00,-5.514847341096129618e-02,5.585094746575111735e+00,2.173899183063723178e-02,4.658528022161407378e+00,8.750543767282840335e+00,2.309639440983718828e+01,2.549563823557499376e+01,1.008564899162582407e+02,2.244375466545866260e+01,4.555653657801607359e+00,2.178859286613301360e-01,4.823171157800880238e+00,1.037599116959565215e+01,1.855722090125106760e+01,1.921173550096404981e+01,3.458756980040790552e+01,1.666023395246913452e+01,1.324997395880213524e+01,4.504714731897573543e+00,2.057540499811883361e+00,1.261073243985764769e+01,3.055218529632895397e+01,1.200528092913582334e+01,3.982623952269862766e+00,1.693059745076508094e+01,1.355867687834521362e+01,5.688069134446395836e+00,1.068564498580629296e+00,7.913919466410707315e+00,1.668112851084063308e+01,1.467515196080656281e+01,1.048594238093003028e+01,-1.472064786749171794e-01,1.398638617191001821e+01,6.442181357299112676e+00,-8.251509646465303438e-02,1.290938703357263933e+02,1.128938401411588615e+02,2.313623938931897683e+01,1.391535588669465540e+01,2.994500464488421443e+00,6.586659150972374276e-03,3.812930876927189683e+00,1.739344481698830380e+00,1.857145449997949616e+00,-4.442327063486480217e-03,7.845377106940967238e+00,3.427898880780043100e+01,3.013211509409102860e+02,3.993976550043560110e+02,4.968212282857235351e+01,2.262330229333000275e+01,3.484534307361199623e+00,4.654716502288133029e+01,4.242864277560516939e+02,1.933309154901811837e+02,1.835535991068269368e+01,5.378207829807216456e+00,1.406795112108483403e+00,4.193894668918496826e+00,4.743129102540463826e+00,3.369650861007990605e-01,4.950160800019746787e+00,1.101771458188576673e+02,5.933109021547068096e+02,2.185037839175106456e+02,8.175497287669602997e+01,4.569129531481761042e+00,-3.732547049378114878e-01,5.255861049746566316e+00,9.991137074356391423e+00,-8.022440534997807293e-02,7.904268396411577580e-02,2.234573274547403088e+01,1.290575719711293061e+02,2.043085724145224162e+02,1.092823329441592648e+02,3.786768198977706845e+01,1.367382312788309306e+01,1.039300294141014014e+01,8.416948965450038855e-16
3.350544161047557136e-13,9.138379744359445667e+00,5.449515114079249045e+00,1.487054499580228395e+01,-4.243329141067474497e-01,2.055210277796080565e+00,8.386824806536392174e+00,2.304240424692294908e+01,9.679321756648233688e+00,2.665559791782684318e+00,2.339906201820938225e-01,6.589283078256597648e+00,5.446252119322098295e+00,6.040748896727408379e+01,6.645938409950879588e+01,1.475597185761207086e+01,1.799073324697389609e+01,4.540314701293611144e+00,3.631824059155646989e+00,6.632343353949860187e+00,1.082385389263996300e+00,3.837732432675808880e+00,6.253478966824094876e+00,8.558492873946878632e+00,5.124261632332979843e+01,9.778374437678100151e+01,1.404717258346665005e+02,1.195781228539966037e+02,1.060629838995135827e+02,2.565978149560026367e+01,4.116791118990153109e+01,2.635112833571793658e+02,1.257677604727733467e+02,2.436004885843637879e+01,1.298358263133088109e+01,1.898264617473404692e-01,5.329906224420324357e+00,2.212131014004392782e+01,2.234035592468716303e+01,8.511049397311527542e+00,8.695812064268237940e-01,1.776875898428068590e+00,3.717299383385743727e-01,1.128544785613950108e+00,-4.160492833673233304e-01,-1.172837816590590387e+00,6.869943954420206111e+00,5.275750710801915488e+00,1.742749892695742631e+01,4.935419235763716728e+01,1.396871615408218759e+02,2.247329815770893191e+01,5.810138200342878534e+00,8.939380698935595504e+00,2.306287974781584538e+00,3.105652085515174576e+00,2.834019988576969365e-02,2.608268749013528787e+00,-5.036638222972987800e-01,-1.061822992091486118e+00,7.499622820965235803e+00,-2.401123364283216155e+00,-6.746954420369456473e-01,2.973018650221788306e+01,1.123741274372074770e+02,1.734666495155288715e+02,8.719166452860896754e+00,5.799924662788467522e+00,2.526234072312786072e+00,4.102426873184419898e-01,7.329477941577803968e+00,-7.077249717395482920e-01,8.051285675993558044e+00,1.351649006929756425e+01,3.663373973729917310e+01,3.930947921750352236e+01,5.934980145743069357e+01,1.795875389194269189e+01,5.451461446792855270e+00,-1.593117166866589773e+00,7.626477329223068757e+00,1.356320552264683954e+01,2.894430584181311161e+01,3.446312073771499485e+01,5.565206798086577322e+01,4.052201037771745007e+01,2.224631781187385826e+01,5.098273757651297977e+00,3.368195356511262339e+00,7.721245342337220485e+00,2.341581922765839963e+01,6.273323064271010274e+00,4.810907921161811984e+00,2.353672482992703507e+01,1.951010528395170240e+01,1.093772454134679784e+01,9.806573695894950093e-01,1.199126903840433300e+01,7.126988201891768071e+00,6.518878158189660432e+00,7.466159685817795655e+00,6.972210626610496398e+00,1.685735882879883363e+01,1.716419115785806859e+00,1.918904369941810240e+00,2.032425493047683176e+02,7.680973928401478190e+01,1.387137302415452744e+01,1.170888945284052696e+01,1.006558927485994515e+00,-2.144323526038786343e-01,2.053889079645180082e+00,-1.335478334504671238e+00,-1.340677675806833946e-01,1.446224286735598163e-01,3.691218335136090101e+00,3.550486437149038466e+01,4.524018986007126841e+02,2.822470705249232310e+02,1.368913312978811980e+01,1.832381260971526515e+01,6.599965200403648424e+00,2.618207170720238608e+01,2.933080514965927250e+02,2.973721506584256531e+02,1.344934863089628507e+01,4.447034639539459433e-01,-3.047915597924754305e+00,-3.998806808667330071e+00,-6.879423340920663321e+00,-5.413584807192131088e+00,2.040777977334306001e+02,2.789108114237935183e+02,5.829514315732711793e+02,2.891400256026912174e+01,-3.432966620592293516e+00,-2.801170530098588785e+01,6.962493614180877977e+00,1.564804004918680569e+01,9.887700890628101646e+00,4.169498805109979500e+00,-5.223046482920883360e-01,2.095670089331238728e+01,1.047597030871970958e+02,1.470184253465437223e+02,8.125974986664294875e+01,3.027184227722190712e+01,6.239694847850716819e+00,1.189069086495944561e+01,-4.007035728840452277e-16
2.357611621732675069e-13,1.092396782349064033e+01,8.602812804502528721e+00,1.072551275128539672e+01,-8.587466987355887871e-02,7.249466019219387158e-01,8.921947775035985018e+00,2.528554979536987801e+01,7.631266067236935235e+00,5.012036008224133532e+00,2.171714761723401305e-02,2.364630608856991945e+00,4.300282526914689818e+00,3.595566003775263653e+01,7.745832762143139405e+01,2.430593805583768585e+01,1.674705254733211746e+01,1.874704682774044340e+00,-9.724453885589381397e-01,7.104530647122836440e-01,1.890926782141465756e-01,4.667598499145849011e+00,7.946768941498964622e+00,4.306238321039089989e+00,6.284200374984435200e+01,6.760358346887720415e+01,9.253533408878237765e+01,7.862170486966157057e+01,7.408472810170832190e+01,1.920077045458968357e+01,3.378946966626761395e+01,2.047358797506805956e+02,1.485807937839981321e+02,1.638196113489873440e+01,6.126049049594231022e+00,9.629846957798356977e-01,7.108786462736527589e+00,1.984043257855564235e+01,1.039534232620647458e+01,9.505893529386336027e+00,-3.720588032621967023e-01,-3.641799920001589363e-01,-1.916878994645666301e-01,1.189941183744791076e+00,9.726669163586498801e-02,5.153416107097957832e-01,7.830876882048476872e+00,8.262130533598224247e+00,1.609457760795710612e+01,4.042002741327613791e+01,1.286056972051734704e+02,2.947150113440275732e+01,1.258040355535964272e+00,1.138076598555325170e+01,2.488380169234149175e+00,5.604836114083518339e+00,2.758550045631279701e+00,3.525419117609933206e+00,7.621892047009182214e-01,5.200177394882177229e-01,-1.452257990587191738e+00,1.652004369397208405e+00,1.353100855174368844e+00,2.114752305580939762e+01,8.192341764888490729e+01,1.182588499057302300e+02,1.691088969631190864e+01,2.946050850369496210e+00,-6.553370172343160327e-01,-1.392344154487871744e-01,5.602022512776094310e+00,9.076688700134204479e-01,1.080998960722759605e+01,2.245771888867762556e+01,7.892659440848950680e+01,9.943641844985141631e+01,4.558482747351864361e+01,1.528830076621330036e+01,2.369916590547519242e+00,5.102379661004436961e-01,6.574027286892994759e+00,1.344182483057728028e+01,3.375863495042523255e+01,3.891125550303561198e+01,6.100803934955578711e+01,5.488376212289423961e+01,2.918336596006504280e+01,6.397514599275356595e+00,5.299700137461081262e+00,1.012449826066555536e+00,1.256160641522969712e+01,1.664483083163951882e+00,7.239640684552143490e+00,2.370345526532260294e+01,1.682416092743443059e+01,1.120711193560459407e+01,1.217328169082367628e+00,1.419857299588512589e+01,-1.392288147650035723e+00,-1.326470551515002150e+00,1.534809168440829596e+00,1.197805052486004662e+01,1.538076502589664507e+01,7.402325832602278943e-01,1.630917458637410666e+00,2.513463759904726658e+02,6.278954521348876483e+01,7.211288430878259881e+00,5.565952867751149391e+00,3.289468941649402733e-01,2.834343859118732545e-01,-4.181282511606652652e-01,3.074091156032983108e+00,-4.138175096618645216e-02,-1.748582722813166734e-01,-7.118940852543229614e-01,3.532324892169022945e+01,5.159076598640622251e+02,2.419705248082691753e+02,3.368614961146968678e+00,8.683688065103666531e+00,4.685786095332210799e+00,6.952163712363231163e+00,1.526907670227600136e+02,3.400818391858204564e+02,4.037141236114912601e+01,1.394339382169583530e+01,4.658517793188134526e+00,6.603157319648241597e+00,1.981588962286779321e+01,1.720218724451704517e+01,3.340003740735327256e+02,5.078470124837060098e+02,3.516673882325370073e+02,2.486821367413814698e+01,6.419675652347779149e+00,1.486364782817523533e+01,8.452406452491679545e+00,5.591318320590654700e+00,8.166449311821672552e+00,9.641605125788901276e+00,1.052114239416988978e-01,9.235279234453564356e+00,7.603064934822504028e+01,1.632992394925180122e+02,1.300833555701496209e+02,1.953847376293051497e+01,-1.423420736369312323e+00,1.081878022210020696e+01,-6.294529650394954663e-16
1.832388907088935529e-13,6.963890274293214055e+00,1.067511401901548140e+01,1.343280181154402442e+01,-5.156565704197716427e-01,6.622009086014539747e-01,7.301251317274191521e+00,1.105782816924811129e+01,1.247890931378240964e+01,6.196182994184630033e+00,3.946901187132818567e-01,5.224523716384508187e-01,4.367188989704374968e+00,1.184056865522575208e+01,5.447910270411345834e+01,3.011825083916787094e+01,1.343467265259105936e+01,1.509806152657288347e+00,-1.272215305639392335e+00,-2.510593956353553979e-01,2.548742275614511499e+00,1.751928073795403051e+00,2.839765048451854845e+00,1.035133856376249106e+01,6.998910407100396469e+01,4.754733991301004181e+01,4.938537113861136874e+01,4.161751854275305362e+01,5.464478603638709586e+01,3.648424813576139769e+01,2.717804395177502030e+01,1.214071441152239146e+02,1.841492395009154848e+02,1.769431018637363096e+01,1.110216714241747615e+00,8.410599109775088067e+00,6.659184145392698539e+00,1.782356408788297486e+01,2.419299088648417584e+00,5.564459670850160578e+00,-6.991861648757560221e-01,3.461683712217166753e-01,-3.779932562015988484e-01,3.737221941385829194e+00,5.850336582380458172e-02,1.972941870294673716e+00,1.345711832042883138e+01,1.457885127915665002e+01,1.344648276614542581e+01,3.466335172537282006e+01,8.345354894735827145e+01,5.509971789004597298e+01,7.287469144606212312e-01,1.415020023667160665e+01,4.610193428005067595e+00,4.874385998227277028e+00,7.221783245989128019e+00,9.235636283051473772e-01,4.341249032575944966e+00,2.746998172795375392e+00,-9.092381036687219309e-01,7.412134516101945181e+00,8.269474499147989377e+00,1.694026869488461529e+01,7.867581946367108969e+01,6.301954696173363857e+01,2.514190495185269469e+01,3.822101562530436647e-01,-8.286269860139362509e-01,-1.727506620589068509e-01,1.217375442502111937e+00,4.806613783851960697e+00,9.305895202443284830e+00,3.043029460986822343e+01,1.337667294115772449e+02,1.468115470271559388e+02,4.554522405191137580e+01,1.498441373057847770e+01,4.649424340971125003e-01,6.523421051421779415e-01,1.657081292731002353e+00,1.141888861708206804e+01,2.942121057759748837e+01,3.020042037883487041e+01,4.632377391672999067e+01,4.274500043226991153e+01,3.152108130592718283e+01,9.600717086199523465e+00,7.039790330396291651e+00,-1.082529149879346342e+00,6.305007009642718430e+00,1.385006841378549458e+00,7.500827778197081130e+00,1.696791326178073689e+01,7.304141943332228770e+00,3.963809296165043961e+00,2.965761729416154235e+00,1.150260729546237570e+01,-8.891593636686616620e-01,-5.692929595082740768e-01,-4.068781767873814736e-01,9.273235855095311564e+00,1.240711161607886481e+01,7.389755880075745686e+00,-1.382652222556666755e-01,2.573970961015243120e+02,8.635983043922431079e+01,1.103087151475769900e+01,9.359655988927255699e-01,3.602141186000666018e+00,2.206037363059719425e+00,-2.673240176566002990e-01,1.246710780372616512e+01,-2.832778913888323591e-01,-3.659758869010643761e-02,-3.989328576934438875e-01,3.972425109085459383e+01,4.735861322170178482e+02,2.598937375508296554e+02,1.050652621453141577e+01,1.485655713709245651e+00,1.196615938225452425e+00,1.136601355496359211e+01,6.263804991733549343e+01,2.719787799532057875e+02,9.578664805397711746e+01,2.510719550218152207e+01,1.263604191017655864e+01,1.800539426439473445e+01,4.698565146352017763e+01,4.647993760569188026e+01,2.769398674757706544e+02,7.594093160564093523e+02,1.382056351277135491e+02,1.256175397535019123e+01,6.758518835526029278e+00,1.300934930115914234e+01,6.115615807745259147e+00,2.728936519427658691e+00,1.078912902731565104e+01,1.336487327654628743e+01,3.596063520104834099e-01,5.827055432191071693e-01,6.717527062066976384e+01,2.694495026353260414e+02,2.542636359884486126e+02,2.214685291487886332e+01,1.055180920705803160e+00,6.782923827376004411e+00,6.812316683658242690e-16
1.749027899655820436e-13,2.929023531372515254e+00,7.447324996541713205e+00,1.308133999604003961e+01,2.167573459372654110e+00,2.265498624875139644e-01,4.275694888121584825e+00,1.189304573624442751e+00,1.466628917285965272e+01,7.490022945955207234e+00,2.022554510088483970e-01,2.198482618475195993e-01,6.817542313337131787e+00,4.875285891327083121e+00,2.240425649307055522e+01,4.397055494087343419e+01,3.756758909678103464e+01,9.253204235010830558e+00,3.311891782617716107e+00,3.443319571426995407e-01,3.373699749797502090e+00,-8.530523183619003191e-01,-3.860309618210632898e+00,1.896807168005990718e+01,7.508325684892039931e+01,4.260075987158819544e+01,3.585474234635609747e+01,3.748828909907978613e+01,6.374214062615180154e+01,5.186168605600520465e+01,2.568862390479462832e+01,8.102050258413859751e+01,2.085418840803359899e+02,3.283139682273407089e+01,-5.978522918469905134e-01,1.926897772938861308e+01,1.107054675433976065e+01,1.455879284294721110e+01,3.732447747672021698e+00,7.888000606008687576e+00,2.229614379062211604e+00,3.471383314359744787e+00,1.300542511603679507e+00,5.550677498197347681e+00,-2.598769280771068974e-02,2.961615554378974835e+00,1.376537932361641836e+01,1.510962842167625553e+01,1.075221450880400020e+01,2.412516852017817115e+01,4.806394547024245867e+01,8.515202573134682495e+01,-2.024482737119003950e+00,9.675642460654716004e+00,3.620005390442289084e+00,2.529053349872334877e+00,5.645827074535564094e+00,-5.119659016380114780e-01,5.095563231091956524e+00,6.832704301106032219e+00,5.278651080881380242e-01,7.567421067235103216e+00,1.078090529839066569e+01,1.328817143423482783e+01,7.186543628475460821e+01,6.598880389139868896e+01,2.647612180412627225e+01,3.099199649635099307e-01,1.874995120763882639e+00,6.556093217400720263e-01,-5.198184529166968160e-01,4.571380124313352056e+00,4.622760177853196595e+00,1.426007626667890982e+01,1.149668058078139410e+02,1.524005911614245576e+02,3.206533663169425097e+01,1.029056179759932910e+01,-4.922482327857459206e-01,-1.487952948023286703e+00,-1.050974434157215809e+00,7.942549123597165917e+00,1.894692822968943702e+01,2.071970053687165958e+01,2.729643012358219067e+01,1.921974374934342222e+01,2.124978337561935859e+01,6.864651233956107212e+00,5.044870466986921542e+00,3.922185749489143003e+00,3.926876296360745311e+00,1.655236655612841723e+00,4.433088171051972282e+00,7.367960507391646097e+00,3.023919324845848688e+00,-3.789147294696089685e-01,6.109587281537435466e+00,5.660719565740333969e+00,5.744123208902621736e-01,3.132511931796519100e+00,1.672934166602731976e+00,4.140514023771616259e+00,1.161567647158131500e+01,1.227145541126181882e+01,1.614334410804417530e+00,2.695339772058286485e+02,1.029506429788081761e+02,1.704706413936060372e+01,-3.384862392661039943e-01,5.812958101657403454e+00,5.292742941798964651e+00,1.736565233175924594e-01,1.497470347265325685e+01,1.247569401133993283e+00,3.987137396983613691e+00,1.340007832534844956e-01,4.079567711351092640e+01,4.803964448004639394e+02,2.695446042157868760e+02,2.118818967307882417e+01,-5.864460726091793585e-01,-1.185244581397938202e+00,1.604655221046558999e+00,-9.360636985520910613e+00,1.087556504843518184e+02,1.140430000006597169e+02,-5.315798183696490753e+01,-3.972229249149384600e+01,-5.602252202631603950e+01,-8.240534424379387701e+01,-7.135711283939929928e+00,2.969486025822955639e+02,6.452324474924234892e+02,4.506633034629942358e+01,4.252386386789892114e+00,2.629211866568240019e+00,5.334757542068148339e+00,8.538955353859050135e-01,-4.340840372806624714e-01,1.061445735794458933e+01,1.435073527977393404e+01,2.281405077907679324e+00,3.377070121458487062e+00,6.495478620303295259e+01,2.808373760140027002e+02,2.868494376643104715e+02,4.254785240212896724e+01,1.618763748835496941e+01,9.761019860019962024e+00,2.434653437115411378e-15
1.936188220659955323e-13,2.546615963102507596e+00,4.150640577300963585e+00,9.968930304214612903e+00,6.603844861352757611e+00,-4.579826838573940878e-02,2.248737243963740084e+00,1.250448791805833126e+00,1.207216659953361138e+01,8.492612531911213125e+00,-3.079385233079407619e-02,2.388007464675826697e+00,1.007824973937940527e+01,9.020753893960318237e+00,7.769899551746317634e-01,5.183660277665548932e+01,7.331920312967058351e+01,2.265966979895273425e+01,7.489440196229649516e+00,7.619225357710701640e-02,1.608080163001518237e+00,-2.036783812658682913e-01,-9.110969655991384419e-01,3.465658556585401584e+01,7.614670390631559371e+01,4.779474587060212087e+01,4.454047820614061237e+01,5.453155434997838569e+01,8.346164301207488734e+01,5.818915305755289324e+01,3.270037069727446521e+01,9.476692191736589166e+01,2.233308949227883318e+02,5.054292297363612363e+01,-4.253731798676312070e-02,2.577974372707376816e+01,1.680078344056116535e+01,1.190119480969661225e+01,1.244014713182813026e+01,1.599693871059388783e+01,5.533383960054791828e+00,5.551689440764110195e+00,4.382516545175044520e+00,5.323400516781839009e+00,5.965037349776819778e-04,2.796718824036810158e+00,8.161607553084987643e+00,1.044499977006637614e+01,7.986943673459943938e+00,1.246393260306576067e+01,3.276771033986575077e+01,8.231564210821345284e+01,7.326414233101745666e+00,4.208245096719632983e+00,4.497294281012032546e-01,1.327362449168957292e-01,2.480772957269770651e-01,-3.455461079373253058e-02,2.513969070539590511e+00,9.704489130251436890e+00,3.475093956358951686e-02,3.189945806811572471e+00,8.411309885345231052e+00,1.160275507159804320e+01,6.993207496730886419e+01,1.024918668613790800e+02,1.996524864646129771e+01,1.662162760281618301e-01,5.266372995736290363e-01,1.887466613663659754e+00,6.104153349675332275e-03,2.975194813347928902e-01,3.054383819574161274e-01,1.411818536874985774e+01,7.662595473404842039e+01,1.190463463740330354e+02,8.368101038999565588e+00,2.648808651002246162e+00,2.302830030251138416e-01,-4.188067090239002144e-01,3.256252711204369099e+00,8.399978255734419363e+00,8.185742006243613034e+00,1.389900078618701151e+01,2.331298254677573567e+01,5.751232587767401760e+00,7.089123872496837286e+00,2.124187467631057036e+00,1.390148833983042564e+00,1.178330872283124897e+01,4.179215495576716677e+00,5.138451164118595926e-01,2.140695758057977738e-01,2.423177504502780355e-01,4.071388371002864659e+00,-5.009693765380086872e-02,9.206782280389706585e+00,2.367761876183745451e-01,5.465109035408267923e-02,4.866468865164129021e+00,4.468794023553687822e+00,9.490763115408585859e-01,1.276092974373771405e+01,1.166602423886615192e+01,5.457101387413463289e-01,2.853905180140893663e+02,9.402964660280946418e+01,1.797352219249099647e+01,4.778136329209767830e-01,4.671444189684180515e+00,7.190261216219774099e+00,1.677183554049117148e-02,1.296169561954989824e+01,4.452468705741652322e+00,8.754261198563813906e+00,1.028555172730840628e+00,4.495956290957397528e+01,5.217162126365944914e+02,2.421924443038951722e+02,2.390089001243971012e+01,1.263516588883954128e+00,-2.315154038967090211e-01,-1.704699562774897759e+00,9.760930140533329080e+00,1.252435622005434368e+02,2.426338744782913750e+02,-1.432818493749356925e+01,-1.198294198315026371e+01,-5.149707593371916303e+00,7.792803915341528054e+00,8.248949493174905001e+01,4.802000850750254131e+02,2.783878183155176202e+02,4.056475085431516447e+01,5.924844518077679645e+00,9.488460115905242853e-01,7.414620693994685929e+00,6.325714666938099917e+00,4.372991920902062901e+00,1.286430514451448381e+01,1.405596655458882793e+01,8.429558917917541194e+00,1.710196388197551798e+01,6.033645552131673639e+01,2.142792702082674623e+02,2.483375328436467271e+02,6.284816981575691841e+01,3.141095052843544622e+01,1.414442866539199350e+01,3.617580811272779500e-15
2.177172693640220088e-13,6.067075387371549056e+00,1.002055297298188918e+01,1.170189717199009927e+01,8.927613497168362500e+00,1.800018484502463378e+00,3.510266456298595017e+00,3.987214489830659847e+00,8.693681906492253475e+00,7.949796472186848817e+00,1.210065219464537378e+00,7.981490440979310819e+00,1.033545091573979136e+01,5.191356625355730614e+00,-2.453051748134847720e+00,2.998769170448892396e+01,7.899493216624655645e+01,3.378423828186675593e+01,5.742097981044330446e+00,-1.166297800470355694e+00,-3.052928319754938391e-01,4.667071283316339247e+00,2.042293389731346309e+01,6.458604309558313616e+01,7.170500808169578022e+01,5.336041246820240502e+01,4.905676138699317335e+01,5.889210777141175157e+01,8.188745232634691718e+01,6.322404035896344254e+01,4.807642793028508521e+01,1.271018570440551656e+02,2.434380418418383556e+02,5.281705256468398346e+01,1.863241164252235349e-01,2.080238695681128291e+01,1.456481146562976470e+01,1.362171277416890014e+01,2.187820577680064105e+01,2.165487373680017669e+01,3.987180892483411565e+00,2.790540512198878886e+00,7.031247485640255590e+00,3.584013644798157650e+00,-4.200011741897508033e-02,9.161733732242705042e-01,3.164839937009153559e+00,7.546303095780534598e+00,4.501196388241863744e+00,9.748418773667083315e+00,2.107753973325243280e+01,2.688545422088322212e+01,5.420163130751326719e+01,1.411287648928557559e+01,5.046306211763560423e-01,-1.009258610476403639e+00,-8.530487301879676743e-01,1.212098533287902374e-01,-4.980305172481912929e-02,7.127255974830295493e+00,-1.070124569132557546e-01,5.731185057038425956e-01,6.809381416994656711e+00,1.811564554805081428e+01,9.960235628653360607e+01,9.998985063149058305e+01,1.048948352958709407e+01,-3.049968493957335713e+00,-8.640104183407288474e+00,2.406032709942675041e+00,-6.489124870208441420e-01,-2.467669308336374989e+00,-1.070201126331756514e-01,9.012075914742234772e+01,1.407076128622764486e+02,7.313484213430817249e+01,-2.544690331625406809e+00,-9.326712231951602705e-01,2.588587880333014901e+00,8.727480273837015190e+00,1.516409419824161553e+01,1.787658575318920029e+01,3.150069733982249431e+00,6.475950094113213318e+00,4.439969571669833215e+01,1.726437787608378827e+01,5.396508869167025324e+00,5.340396101946411456e+00,1.580158356835679179e+00,1.519665605258335184e+01,5.752519289528677859e+00,-1.238104877983884133e+00,-1.273731198238209794e+00,-4.278420067551992334e-01,2.907195449421026368e+00,1.723749069598707606e-01,1.044826590197575733e+01,-8.239481692320568262e-01,-4.613480978433354696e-01,2.482165977326789896e+00,3.912897073947138260e+00,1.237939719443651665e+00,1.337754410945261441e+01,8.646799536462706826e+00,-6.606460755331108992e+00,2.751260287821717156e+02,6.857843148610498929e+01,1.125989773963612173e+01,5.822485981330904892e-01,1.257589021259981399e+00,5.339985822384188729e+00,-1.091202942769342876e-01,1.669533044843520742e+01,7.518638561703551382e+00,7.822613830598362128e+00,5.137441084838968663e+00,6.450706634594408229e+01,4.907430888388922767e+02,1.828889523212158110e+02,1.304857867471424093e+01,3.683968383651488931e+00,3.384628042168307704e+00,4.686976943297712239e+01,2.398471325581963640e+02,6.323517905248107809e+02,6.744948708670716542e+02,4.234050096647952159e+02,2.878943912268470626e+02,4.537665469348340253e+02,8.211431882418088435e+02,6.062580179186645637e+02,7.078775112985687201e+02,8.225846410137464204e+01,2.468698974340775365e+01,5.811094375023177605e+00,1.368664390797902364e+00,7.516587874358491739e+00,3.635162951369746054e+01,3.128445076663954083e+01,2.899604555691574959e+01,1.507667873569591066e+01,1.916611321083470187e+01,3.347637998126096903e+01,5.089359258538601694e+01,2.073004237814978410e+02,2.643924473244192086e+02,5.888567428968792683e+01,2.960032015140193451e+01,6.819734851685456789e+00,3.959975997624292568e-15
2.325386528471301370e-13,6.863916213200848659e+00,1.802741289295096649e+01,1.748456995848044571e+01,1.421020420280349761e+01,5.679073019379142551e+00,4.808448624322030795e+00,5.514822264976377397e+00,4.965491628388210010e+00,7.311356022029593227e+00,3.308369243807364857e+00,9.065935007463332695e+00,6.397803080541749843e+00,-7.812043939177687468e-01,2.863379389173540956e-01,8.351511921583437470e+00,6.211950183086763388e+01,3.898236691589988112e+01,1.162009798175034625e+01,1.301163366169010516e+00,6.949825419554089834e-01,1.085730786805391723e+01,3.872515734309509838e+01,7.953612870302706028e+01,8.164542972141083510e+01,5.478122576132963673e+01,4.397210020734407721e+01,5.520251044763150361e+01,7.593792052485900967e+01,6.511677278316413719e+01,5.545059158523225307e+01,1.361075719773296839e+02,2.501290229191816081e+02,4.569313350068169655e+01,-8.381759041641582975e-02,1.454606430263963368e+01,8.861077074439080548e+00,1.847285460382611788e+01,2.716555160668693958e+01,2.595756569189215313e+01,2.307108516516228613e-01,-5.485154781902328303e-01,7.887384315254475808e+00,1.590662637513396982e+00,6.675924501729738059e-02,8.917661751433145212e-02,1.468052516029498378e+00,4.902661028818754652e+00,1.858190128418365061e+00,1.109755800012617932e+01,4.321411214954008706e+00,5.969454007537655826e+01,1.391399107244446611e+02,5.182773482453888647e+01,7.235264997803239062e+00,8.475415561884934723e-01,1.813160499278598237e-01,-2.815876662966750738e-02,6.438664954168348276e-01,6.418189725762346143e+00,8.603000955555282006e-03,-6.681418551310812359e-02,4.995641100515767263e+00,3.253882314792694075e+01,1.196255286413588266e+02,7.179714191918097299e+01,9.215053666263075982e+00,3.545306525448786772e+00,9.730202623467349099e+00,4.706288464033652752e-01,1.584575921567215717e+00,2.179113858075053312e+00,-3.506898776352256886e-01,1.612795978130849051e+02,2.210295255372231509e+02,5.016038105514282108e+01,2.633967204097191317e+00,9.790880410960879354e-01,-2.604381724644786011e+00,8.704037576593480097e+00,2.164973609049806669e+01,2.166301216006754871e+01,2.668974250795286718e+00,7.649036972901481768e-01,4.896541420388965804e+01,2.563088016299103700e+01,6.560680523707125289e+00,9.440400808914281683e+00,6.243782720374676742e+00,1.510198340710555698e+01,5.663067592434275710e+00,1.413102721462250688e+00,8.996404172090941564e-01,-3.583895334381660414e-01,2.423848179414006321e+00,-3.603156396941686879e-02,1.059897847321379771e+01,3.406292375116537041e+00,4.182515956497925846e-01,-5.628699679558825109e-01,1.916702757593362394e+00,1.335802158617192537e-01,1.481700168965791775e+01,1.361419783383165338e+01,3.421335001513960350e+01,2.830017392699928109e+02,5.224328298837131257e+01,7.817036760670769802e+00,-2.759131622040905674e-01,2.854479346519969707e-01,3.478354439769566042e+00,4.410712805915500412e-01,1.945367446686962509e+01,1.000638610961011032e+01,3.629845214894678485e+00,8.086373612522820054e+00,8.276993626776150847e+01,5.147941952694903875e+02,1.059790107540544568e+02,1.009201106736145936e+00,5.199174851939512898e+00,-3.595824200733203302e+00,7.806257905830226207e+01,6.078265376177844246e+02,1.192256049957802816e+03,1.021568139793601517e+03,8.104772893184020859e+02,5.502681771589694790e+02,8.490315728252321605e+02,1.488668497775194965e+03,9.917651191187641189e+02,6.548166165543226498e+02,2.922500109368576204e+01,4.932304633793905602e+00,4.487122981148343293e+00,1.672653736005284220e+00,4.754736664021471881e+00,5.850246796130164739e+01,5.250246471697376194e+01,5.081007561121299432e+01,1.734251125277222272e+01,2.362427610409484302e+01,3.711793481035238784e+01,3.721922749781738560e+01,1.753449136061307172e+02,2.272769606188446119e+02,5.319324337104028899e+01,2.364170666441356872e+01,-1.094131545064640276e+00,3.387705723267569905e-15
2.393524649253572129e-13,1.938488307967560775e+00,1.995501750679011366e+01,2.140577190539282171e+01,2.214424123731552285e+01,1.049376265127593655e+01,4.642775975838742575e+00,4.484502389581751736e+00,1.144606424082239116e+00,7.180088791834301709e+00,4.719154820658951976e+00,2.469257621742872555e+00,8.544602357987225449e-01,-9.908529985509628712e-01,-2.327117550233692017e-02,1.046963628873987950e+01,4.074258040053191365e+01,3.701922089882701528e+01,3.212232791156192491e+01,9.689031574265731805e+00,4.827812246344234559e+00,1.480073176045809369e+01,3.791831974935794136e+01,6.798902124017030246e+01,1.077981770745213481e+02,5.517123089423990479e+01,4.042088148484651811e+01,5.609608232273134831e+01,7.809379370697416789e+01,5.871016808154178079e+01,4.640349094196559321e+01,1.034293827576630775e+02,2.259303213824518650e+02,4.710978358259190912e+01,-1.952616801285417536e-01,1.368103346646476304e+01,6.738897675427390155e+00,2.227540617552917013e+01,2.521174176125368049e+01,2.930907140938082378e+01,-1.098212862567453874e+00,-6.004236205433062246e-01,6.345628439734588788e+00,3.141839838056619816e-01,1.770947501268004265e+00,2.227256521136235179e+00,3.088722973891426804e+00,1.080963387359056060e+00,1.101721940713555226e+00,1.065771992484926933e+01,-2.478604399430606176e+00,2.310507243305865188e+02,2.309185232863202373e+02,1.026084796692658614e+02,1.770487585730599633e+01,4.637563979454453644e+00,1.422455564810513884e-01,-2.910765168393002200e-02,4.197556847545727443e+00,1.146608942056521840e+01,-3.467491758074632557e-02,-5.036604210875184756e-02,1.891486285508382492e+00,4.496689803022177045e+01,1.003130314931094063e+02,5.274038819432320224e+01,2.158213239136251005e+01,2.772691668776249330e+01,6.589961326966452759e+01,3.912255989634827014e+00,6.984965487267178474e+00,1.224357528466078193e+01,-1.377259240953375263e+00,1.557890269099476086e+02,2.252550298063645187e+02,6.175866457138133825e+01,9.885199532348991625e+00,5.548237198381948510e+00,-7.512179885168488447e+00,1.086783852225943647e+00,2.301181487273224846e+01,1.809205280015059358e+01,2.045990796422835878e+00,2.114479227640062367e-02,1.813631523163257597e+01,1.296094093037632611e+01,1.844214291904499703e+00,7.540131450441117877e+00,1.147875390464103340e+01,1.340443425698292224e+01,3.631158000134520059e+00,9.053413068623337168e+00,6.138671088616188598e+00,-1.597260747700784522e+00,5.256953166198416127e+00,-2.648994633159443626e-02,9.717053628627414952e+00,9.983387549560619689e+00,3.181159306805443787e+00,-8.081679718446573846e-01,2.480170794345756491e+00,-2.057329688599459416e+00,1.605611023014171934e+01,1.804290626751091153e+01,8.434012686786172708e+01,3.143010582114168301e+02,5.248524234411872413e+01,1.300359462686842527e+01,-6.907807793742193336e-01,3.721745093231009882e+00,4.538383202643464287e+00,1.285187922774095215e+00,1.417625292046199270e+01,1.090475386824403436e+01,4.361116484854722364e-01,6.338515155667881373e+00,8.240266794919317306e+01,6.516489961262818724e+02,4.627283371059589001e+01,-1.363768090823243906e+00,5.421453360318837511e+00,-1.124612949535630868e+01,7.272515654838910848e+01,9.755518972410649212e+02,1.340035699147065770e+03,9.485106393782172063e+02,7.519394973499817070e+02,5.049839282379928136e+02,7.734094010183747514e+02,1.297324406300318060e+03,8.095161671478609833e+02,2.599023412022633011e+02,5.579005779873385862e+00,2.599482626894949799e+00,4.034132451296132515e+00,1.406617112119537660e+00,1.323662100535467401e+00,4.867581555229972423e+01,5.460206290291792897e+01,6.978994258623767166e+01,1.987200574286085342e+01,1.667730119520668097e+01,2.363618485494040655e+01,2.229324918435406033e+01,6.361808908026615939e+01,8.286409363569106290e+01,6.106014072399788972e+01,2.550045260334030672e+01,-5.826903947165678055e-01,2.037591591817291524e-15
2.719068054048768017e-13,-1.139705613971368603e+00,1.516134364463090378e+01,1.393755016445413197e+01,1.813768612233585387e+01,1.433979544220492919e+01,7.628796515132927780e+00,2.315450484610373838e+00,-7.647261295008355164e-01,5.119859818541093510e+00,3.543250637674243197e+00,-1.222819550399405708e+00,1.313585693471876592e+00,1.606092055996376722e+00,5.179871622100749917e+00,1.677138521787296099e+01,2.344112849140373100e+01,2.875540117868438372e+01,5.086518874287355629e+01,1.928975685566257781e+01,7.054500149090014105e+00,1.422405393665755113e+01,2.981082827716529593e+01,7.111671020061693582e+01,1.076708599408873823e+02,6.777297431315443532e+01,6.589896887965372230e+01,6.581411292657128342e+01,6.521655570396544022e+01,3.931381540872722269e+01,3.654739065815622467e+01,5.843617718124492910e+01,1.763729490536430831e+02,8.065322142730818200e+01,8.888210758798686939e-01,8.638927116518692273e+00,1.142238416963558478e+01,1.887539665844586523e+01,1.554798904742568411e+01,2.597497645590355830e+01,3.324157695546370750e+00,1.049556731263134202e+00,3.034874653437268588e+00,-2.265316579800967234e-01,8.062145044453011167e+00,5.584328972159283033e+00,5.301472382888623436e+00,-3.958785404093607685e-01,1.044440701444447450e+00,9.481311039013267106e+00,4.964041400344044064e+01,3.322919702673633537e+02,2.557046563805863570e+02,1.061773166725039772e+02,1.880420403831048759e+01,4.116226208441782219e+00,-9.750743659931805640e-02,5.512696993780523413e-02,3.850187990205482524e+00,1.329023156264610961e+01,1.431037021011010157e-01,2.861721283978714211e-02,6.731525958367222395e-02,3.302404253166155712e+01,7.303425321688654037e+01,6.513060281370590587e+01,3.866135803658443137e+01,5.808435790559754963e+01,1.019926385331908563e+02,3.610832035034239595e+01,5.316140766852956112e+00,1.169002228164701229e+01,4.580537616594661188e+00,1.027020878703121980e+02,1.735815424024226559e+02,7.128496331832103294e+01,-1.095838365813109938e+01,7.596664662936240653e+00,2.912889495353581282e+01,3.231780435484882474e+01,5.037723586901251593e+01,4.028391277730463571e+01,-4.392102311639310308e+00,5.662329654645318122e+00,3.718447590721321916e+00,4.828956031181559361e+00,-8.945770775358576898e-01,3.205448739034162831e+00,8.398879565130357605e+00,9.177928140900057485e+00,5.143420818115503224e+00,1.198561827217944042e+01,1.258398012801728605e+01,5.452766303701922723e+00,7.483568120798262058e+00,1.303807609972521160e-02,5.324382207604327455e+00,1.085025774168740043e+01,6.875035033922873851e+00,1.888538477577113683e+00,9.388445984076149387e+00,6.464976360968083036e+00,9.959056773951022734e+00,-1.908636439194489753e+01,-6.701149488823840272e+01,2.700744312136450844e+02,3.687221908426445083e+01,1.454725316972251647e+01,2.307005780617008561e+00,6.587708204733107920e+00,6.510168464702905666e+00,3.520221215824467231e-01,3.730004860127438704e+00,7.638350084733983358e+00,4.517027709579282124e-01,2.336713325224993643e+00,6.256002199747778292e+01,6.975496879327537272e+02,6.656220574066948359e+01,3.291562804207138537e+00,4.784643515538177461e+00,3.470962801968740763e+01,1.705508383370225260e+02,1.197729014437758451e+03,1.018181704351744315e+03,5.709069226446014227e+02,3.954014725908273817e+02,2.577652790441716206e+02,3.943232610700185319e+02,6.446302064126945197e+02,4.064649957996604712e+02,5.552418364966687392e+01,1.979311945853100996e+00,2.127169631161452745e+00,2.207439217609037385e+00,4.156908276750511888e+00,-1.355990909941924061e+00,2.586700528345079420e+01,7.301405777795547181e+01,8.728088918841768873e+01,2.150312816524244752e+01,1.028528929287501370e+01,1.282324372532607981e+01,1.168450350776532254e+01,-3.603371212540130153e-01,8.047887286480364111e+00,5.819957684194194059e+01,2.850951510623740859e+01,-2.459486787801968000e-01,1.557628879388823342e-15
3.108733002135798656e-13,-1.947462966676226093e-01,7.234303949185275862e+00,3.892746172215333811e+00,7.979443782382653616e+00,1.384620621522848971e+01,1.071469785604139879e+01,1.813618420893354122e+00,-1.706982818549748759e-01,1.512165725278957762e+00,4.269388927266301592e-01,-1.255880993472042184e-01,5.133933548040426231e+00,3.297147029286223496e+00,1.314212777723987990e+01,1.786739068483890591e+01,1.279635889179591857e+01,1.660421899493827524e+01,5.607672545797245789e+01,3.483554156119853218e+01,1.015986573122197001e+01,1.215289932367817194e+01,2.757419733571067866e+01,9.040852521013032117e+01,8.173699646790829831e+01,8.478120449381036394e+01,1.036160421059442314e+02,7.537933530671288906e+01,4.097854492846049368e+01,1.766550839386956540e+01,3.200419495850508866e+01,2.570643871923437018e+01,1.185697894562296426e+02,1.227986880485836991e+02,8.021068270035105030e+00,6.896423314655930614e-01,1.728444908439269412e+01,1.281301650010772519e+01,2.914534421146108834e+00,2.259359132604956955e+01,8.824430296240386440e+00,3.367222862441178410e+00,1.391582641705878254e-01,-5.734060828703568119e-02,1.296161860781084130e+01,7.216663557790691463e+00,5.706362749334786599e+00,1.493672876231114631e-02,1.547417641556287471e+00,7.270118140483529778e+00,1.063174720804190088e+02,2.768349757329340264e+02,1.929349210464589532e+02,6.578310211579062639e+01,1.059675621456021410e+01,2.836310347213508165e-01,-1.979253294914956954e-02,3.202393249998894964e-01,2.591626458037918357e-01,1.028972406968475539e+01,6.939863367364836055e-02,3.811167065661800503e-03,-2.450669442437741763e-02,6.953398103291771548e+00,5.187286525683848737e+01,8.852445155533165178e+01,5.399069463032452632e+01,8.101363332070819467e+01,1.025565740338063137e+02,7.013266579697238967e+01,5.350366947691964192e+00,3.411325081274214188e+00,1.132417574341551081e+01,3.841736526823560638e+01,1.099657977588679785e+02,7.863815291743266300e+01,-6.593144894791236332e+00,4.225455335746261909e+01,7.664323038893121520e+01,8.362844987349890857e+01,9.404688435097494903e+01,9.389102964728024858e+01,2.939754215965255213e+00,1.463191438692348889e+01,1.256800155962762311e+01,7.457953274116845499e+00,-8.228605602900995741e-02,5.201977203836112285e-01,5.150268810614750947e-01,4.733230165972186931e+00,9.606104584073420938e+00,1.018766941003817728e+01,1.662207698225273944e+01,1.383156691629422852e+01,7.590039999741434507e+00,9.151537053631029258e-04,2.601966073541947533e-01,6.153419172553758365e+00,8.354979937993668671e+00,6.366073268285523667e+00,1.515922850541670819e+01,3.018150655857556153e+00,5.915674635489769351e-01,-1.086157413252653470e+01,-3.184361533137729072e+00,2.791687969244360943e+02,4.124097147376851069e+01,1.286767680661574786e+01,1.036522061704105369e+01,1.005376382252430645e+01,1.194536625465442015e+01,-1.907416434545323169e-01,-5.761810265433305878e-01,3.427614728457341720e+00,1.285409518713062083e+00,3.733864921798671355e-01,3.476301264863720064e+01,6.041491821641211573e+02,1.297395641934790547e+02,9.977381661693966564e+00,1.668483023720506608e+00,7.038854392333715282e+01,4.414356211760323845e+02,1.184323799912534923e+03,5.007573614445464614e+02,1.613990411745237452e+02,3.799142959389822494e+01,1.447104555657336888e+01,2.250330647625256475e+01,5.499607766928829733e+01,8.844765829803587565e+01,1.137575339743817153e+02,1.131831081816631190e+01,-5.617986002049756705e-02,1.371924265998580417e+00,8.415173043736897895e+00,-4.476687954470242037e-01,1.127705063722225098e+01,9.080135200624869185e+01,8.607773845706176985e+01,2.074549998842907783e+01,9.764630035627797966e+00,1.083027919495977542e+01,6.220692281270133073e+00,9.519107815893409708e+00,2.596062337858650082e+01,4.768911772954454875e+01,3.845024276541655439e+01,2.687154937228698692e+00,2.815728174439071022e-15
2.962868016357531078e-13,1.970777619264086900e+00,1.729728599686815027e+00,9.803904416697063695e+00,1.052364206404418034e+01,6.665064406463579338e+00,7.157654613479128791e+00,5.841974129055045317e+00,1.997255090552521706e+00,-7.425168547260818652e-01,-1.665193163271814436e+00,2.679287457663272476e-01,3.214006354959370260e+00,1.723606444517792546e+00,1.295458977180231130e+01,1.642205262556098333e+01,7.148842314066421899e+00,4.801341909028688626e+00,4.454709258739360678e+01,6.432041676179630940e+01,2.133379207667507771e+01,1.421390627140264407e+01,3.956900682219570342e+01,9.645816627220260386e+01,6.357366527488908048e+01,8.352176996608048398e+01,1.079192127214010952e+02,6.850301412867787576e+01,2.900648779837805691e+01,1.218963514017419492e+01,2.878018453374417263e+01,1.635392217668172776e+01,7.372563290078991827e+01,1.261192741413127862e+02,2.453497697095169627e+01,-9.268852032394342411e-01,1.473532330068946017e+01,1.571997815238101204e+01,-3.984919859777738438e+00,3.158699797640663931e+01,6.808554616742004129e+00,6.318732759126953091e+00,4.789986406511375083e-01,8.495422127885535746e-01,6.649617003419667327e+00,4.655674533389553282e+00,3.122692233728731726e+00,-6.928297336220766711e-01,3.275769599413496103e+00,2.840349932271014843e+00,6.060831476923128491e+01,1.185841397105279214e+02,7.954999544538362954e+01,3.235399994169268467e+01,3.377112256803814549e+00,-7.362745589232473353e-01,1.584770268671700510e-01,8.532801035516646149e-01,-5.870362807438723740e-01,7.558695458963772040e+00,-7.983947975730650848e-01,-1.849872938054581209e-02,1.428944600776120011e-01,-1.804181718708782522e+00,3.413875887875126836e+01,8.110168403455085695e+01,6.584824614622333172e+01,8.731943955980160865e+01,8.865286880704550754e+01,5.479119296895816404e+01,2.759826479205722549e+01,2.952795040527586679e+00,5.363434568704025018e+00,3.034946629109465110e+00,8.902373528348675791e+01,1.065992179525331238e+02,1.079958011451087856e+02,1.513754702508088315e+02,6.477878264609351788e+01,9.187792408877298556e+01,1.123808565149388556e+02,1.542351822538896613e+02,4.912230271739549892e+01,2.072542593622517870e+01,1.412933202939732702e+01,8.919907240174076435e+00,5.818473045655701004e-01,2.306436204900673026e+00,-6.640095548026407890e-01,4.146617315905505308e+00,1.176778144199994358e+01,1.050145206275738907e+01,1.456520351445496608e+01,7.366272735576331776e+00,6.690028724523688908e+00,3.087392500186375392e-03,3.747718475843281882e-01,2.248608557740875202e+00,4.521761971537451963e+00,1.069231517080736182e+01,9.866724026309524831e+00,-3.442749313564787883e+01,6.998434922718008711e-01,1.764428975942367117e+02,9.213303800155143790e+02,5.716413333982440008e+02,1.266574607089805085e+02,1.443189866364887131e+01,1.940578356427058893e+01,1.495906325227930722e+01,2.119799976234119754e+01,2.703308437764982308e+00,1.248696742271011750e+01,4.589396736755939621e+00,-5.700130094135231751e-01,4.225971660290028353e+00,1.856193778851494969e+01,4.825924378912918087e+02,1.505237144994460436e+02,1.529878561044342078e+01,-3.857171756583973377e+00,8.268438327806817867e+00,8.417958095324748911e+02,9.174095258996215989e+02,2.093557957437882351e+02,7.928845863437096853e+00,-3.338058272007955907e+01,-2.875810753346673465e+01,-5.099991927540822445e+01,-6.676123802145123420e+01,6.828867391476509674e+00,1.283315760382311055e+02,1.975654294360414553e+01,3.337564756191050197e+00,5.946537540390784748e+00,9.025332299623443078e+00,6.017714802472147184e+00,1.781559509131944452e+01,5.993254394486577041e+01,4.540514944020930699e+01,1.682892878498332934e+01,1.241659744770659124e+01,1.103220166283265691e+01,4.110014135423503134e+00,2.798552857341324795e+01,3.190381528736119066e+01,5.467198731172954496e+01,6.536774625177763198e+01,1.433454635030255986e+01,6.318630170553160167e-15
2.011117180990031993e-13,4.788115977377215948e+00,-1.060701932732516228e-01,1.974752958262230962e+01,1.789063131339072044e+01,2.047445952149267168e+00,7.226552698165336963e+00,1.280366230866992794e+01,3.717975849817243272e+00,8.664804434436594871e-01,1.292556420369307180e+00,-2.883464671902194118e-02,-5.920047874894631690e-01,-2.398252871281273124e-01,8.500860121914453060e+00,1.364923211673943548e+01,3.724259760952672860e+00,1.581244385803167951e+00,2.726571835587786197e+01,8.812948994747637244e+01,3.431558335938477455e+01,1.730135033360432217e+01,5.602242977961964954e+01,9.481589695111804872e+01,5.337079895268185226e+01,5.924490898604161515e+01,8.141464290053431796e+01,4.374868603564529934e+01,2.431565934249297456e+01,1.479258607277316528e+01,2.223231214067828887e+01,1.376792152096362010e+01,4.536610869720595218e+01,1.252563711043884638e+02,2.894944567077527964e+01,2.942967247394077251e-02,1.002289261120361630e+01,2.919803851172366294e+01,3.178762213180316376e+00,3.882640130584890414e+01,2.231300815168872020e+00,1.010626064624755927e+01,4.035737076420078395e+00,2.532035039930501608e+00,-9.850304247422240200e-01,1.474998283135121158e+00,1.573924417086367822e-01,7.727206524050247438e-01,5.480445246193813347e+00,-3.551246689093511821e-01,-4.413056537099024013e+00,8.985961889553752968e-01,6.094699141872793824e+00,1.062956645245715137e+01,-6.415474296220954331e-01,2.199725420664609410e-01,-1.375071750717841712e-01,7.376764119397422048e-01,1.008628208642748381e-01,7.273127518065677144e+00,7.783544769247123796e-01,1.273343807494523548e-02,-1.088687292772126669e-01,2.149988705787066579e+00,3.344675408089044311e+01,6.846012419489224499e+01,7.997876002633695691e+01,9.173034091624751341e+01,5.702541869683408038e+01,3.805958179774537342e+01,6.649076995576078275e+01,3.495795503924368219e+00,-4.690563465092214418e-02,7.412600659014016458e+01,1.736588103189033916e+02,1.158883993567236104e+02,2.117526003591624431e+02,2.336357507510520577e+02,4.439184749386725315e+01,6.520720629653979472e+01,8.734243558422691933e+01,1.717913622068351458e+02,7.686754457510912175e+01,1.963112382000241851e+01,9.911393251547851335e+00,6.557280162952113578e+00,4.993593473138264294e+00,7.489234089709184694e+00,2.237850471922431250e+00,5.292004535410701926e+00,1.099623075084141455e+01,8.921948517425766667e+00,9.461956618634721039e+00,-8.171839147837679507e-01,6.150919474351177030e+00,-5.554121442743861076e-03,2.987252661113747543e+00,1.894468149447321448e-01,1.506518537925484624e+00,1.287785507214628389e+01,2.005199280249393112e+01,3.351631176379551391e+01,1.726777824890334045e+01,3.471777533254278296e+02,1.726412391234354345e+03,8.641808252558547565e+02,1.689633734376438099e+02,-6.277023407112069187e+00,1.324766457583558044e+00,-9.955562382903618612e+00,4.260493606369181174e-01,-2.628832774876991074e+00,2.138171339055653775e+01,7.743257607743409210e+00,4.614786538868769661e+00,9.667479544218654297e+00,3.038569887773763867e+01,4.869528053127047542e+02,2.388851762399233394e+02,2.817789542105818512e+01,6.834934354802336465e+00,1.767352048577766652e+02,1.102986158777284118e+03,5.211170842108616625e+02,9.877527342178514402e+01,1.105477188019019330e+01,2.217166307883916332e+01,1.621260016376982094e+01,1.120900302369662249e+01,3.077295939922612433e+01,4.774020426576053211e+01,8.197461408168913977e+01,1.942427270494658487e+01,6.812889587425852156e+00,8.901875573534836050e+00,5.696911610598919928e+00,8.687600119375769481e+00,2.537037731838031007e+01,2.048401776654619155e+01,1.215402326488471019e+01,1.422797709056107252e+01,1.021056985038420351e+01,1.024295600292447972e+01,1.163599404412032001e+01,3.581095071937794216e+01,2.622235982651725195e+01,8.254129633226345675e+01,7.808782001623067970e+01,8.840143512705647688e-02,8.062765781371174195e-15
5.406187660958119710e-14,6.980325735858921909e+00,4.868495583652345249e-01,1.892413970059474337e+01,1.872060355830738843e+01,5.260701069903672256e+00,1.627910049610502696e+01,1.898530300470174126e+01,4.413563803752139414e+00,5.653729935866958378e+00,8.205831301173361680e+00,4.742133148995392872e-02,-8.838599247783839319e-01,-1.149455573305393635e-01,5.450882560397660725e+00,1.015514535251262096e+01,2.423598168143338061e+00,1.004369084691093406e+01,1.569031075589963642e+01,8.700363342327662508e+01,4.133913419072395357e+01,2.038572410087669695e+01,6.280083179587359865e+01,9.393509313584935683e+01,4.475958143457137339e+01,2.266493765994468035e+01,4.565331139059087207e+01,1.179389590095387774e+01,1.859570554070111470e+01,1.400605019738918777e+01,1.186191921809972705e+01,5.084762108107269363e+00,3.012612894198242230e+01,1.463677399866327562e+02,1.719115763277093123e+01,-1.869849756124734586e-01,8.950316142954266141e+00,4.637016671864046202e+01,2.276029643896338328e+01,3.268556258179857821e+01,1.045610534661038260e+00,1.354550497142825094e+01,8.512192692719333209e+00,4.711434569336794276e+00,-8.815530281828622972e-01,1.171068870947835183e+00,3.595925848684383697e-01,5.187399674941505445e+00,6.555371329326815655e+00,-1.753927742500522857e-01,-5.651382757491172804e+00,4.809318384045572436e+00,1.967495571855431535e+01,-1.785248086807409651e+00,-8.903905643149996330e-01,8.810157874920299115e-01,-5.130484474593193234e-01,-6.820520786310736716e-02,6.539179983586322631e-02,8.492675742719141496e+00,6.005047423421556729e+00,4.498411854750383743e-02,-3.946893275921034561e-01,7.313647434746343379e+00,5.637185474852144296e+01,7.870505824953083618e+01,9.228808495267753642e+01,1.030834411398298585e+02,1.924877558624352503e+01,5.830696522661132519e+01,9.138254779662624117e+01,2.972194290165909969e+00,6.890976552914364284e+00,2.504331669609655364e+02,3.497557781888223190e+02,8.633395607139553363e+01,1.906324413480713531e+02,2.020431471253656071e+02,5.755347288140338691e+01,3.239501384462275269e+01,3.216208525514787908e+01,1.286606242395158120e+02,6.520925927621145490e+01,1.187830355925708226e+01,9.853478702668816425e+00,2.231383824713348396e+00,1.474739839220008086e+01,1.391308452880661406e+01,4.536285066632056662e+00,5.312945974391882764e+00,7.815677861936315196e+00,2.564555944568412738e+00,5.027367164649247933e+00,2.060310241906415207e+00,5.860220934339195331e+00,-2.291134994155521326e-02,4.326542369044691583e+00,-3.832397747156516266e-01,4.858215608521400775e+00,1.120821053188715410e+01,5.685578529765994205e+01,2.603001989173579886e+02,4.713449088221870653e+01,3.174573976952679004e+02,1.525171163870952796e+03,8.545157791178139632e+02,1.294336921486873280e+02,-2.263190864251417267e+01,-2.111824841440104095e+01,-3.173156343737948504e+01,-2.551245705982372414e+01,-3.349031028730323101e+00,1.648320912094513346e+01,9.143787583185419621e+00,1.448337526288603527e+01,8.934603307529151550e+00,7.778608065096278779e+01,6.342271669511644632e+02,4.271137924761736713e+02,4.920315968993882905e+01,3.779917940352203942e+01,6.510785503464152271e+02,9.967337946862772924e+02,1.641382914735748102e+02,3.064011994982543996e+01,1.261727678813482356e+01,1.340119085976946955e+01,1.480048767563486400e+01,1.207461298190280985e+01,4.891276878684880103e+01,6.710567993756318117e+01,4.437963592341432673e+01,1.043212079850833973e+01,5.432345820094742983e+00,5.515259178005543994e+00,1.093362288975337382e+00,2.546910570170219490e+00,1.881288339364361661e+01,1.240166337271662655e+01,1.911993397589823829e+01,1.512552635961247560e+01,4.716272519929081142e+00,1.397300004143175300e+01,2.820292941357765315e+01,3.286642779958135208e+01,2.996385896229159584e+01,1.103481401838675566e+02,7.051857245335618529e+01,-2.112031731934661849e+01,7.342869989077795709e-15
-2.499925514127826308e-14,4.543496533282587180e+00,4.901130793964015853e-01,8.801806621305576783e+00,1.374756822324646599e+01,5.528392438699338385e+00,1.798563799990526135e+01,1.962804308699443467e+01,6.991133385441520076e+00,6.931671243768541046e+00,7.294466472273429147e+00,-1.788927635307171471e-01,1.635991596625439026e+00,1.789414007004639651e-01,2.625946421366612160e+00,6.554801757672449547e+00,8.857496182183167477e+00,1.985980724212230442e+01,1.200849627869781600e+01,6.278438093183830659e+01,4.168614660748535528e+01,3.231488626091331895e+01,5.044249432333185723e+01,8.331384953847936004e+01,4.152156124836557183e+01,2.544945284640515837e+00,2.561901833455086219e+01,-3.257406366159660838e+00,1.688015546225916097e+01,1.048546446288533396e+01,5.749143745924592430e+00,3.888061080258597535e+00,2.283816162358870372e+01,1.417402727912209741e+02,3.618445540567710594e+01,3.735051591161084428e+00,5.446895588431531543e+00,5.065321238868799014e+01,3.338895139061092010e+01,2.542938064795579933e+01,1.729081675717364375e+00,1.272541494239462523e+01,9.115604736293997590e+00,6.444669525981040259e+00,4.305234669347681176e-01,2.765331230691304931e+00,6.257585134392487980e+00,4.123817557014671564e+00,4.321480719268318893e+00,-2.557782843179560173e-01,5.659855207634463703e+00,2.381430773050682959e+01,4.222750392856377744e+01,1.031896441676683196e+01,5.390524550787513469e+00,1.021816119896238773e+00,1.459807582821655236e+00,7.630663325047782886e-01,3.691150838820270869e-02,6.311166624247550594e+00,9.297672569541010290e+00,-1.149302658084370848e-01,1.119201195901623036e+00,1.352842820456907269e+01,8.244958011956370569e+01,9.614250001392176159e+01,7.501929826366692566e+01,1.025463376441334162e+02,3.175440195982750069e+01,6.565313478000020098e+01,4.513796866365191818e+01,2.297597681031576755e+01,1.593464715563290923e+01,3.455325986715299678e+02,4.414959049378468308e+02,7.864309200107385323e+01,9.385957549132989186e+01,1.027576514606603411e+02,4.454344088808703361e+01,1.302830743244067513e+01,5.320228133287624672e+00,8.841947331063894921e+01,1.195225862273979232e+02,6.526043116375195297e+00,1.751345148146863551e+01,1.663466855387535637e-01,2.130294471610870488e+01,1.982788901560657280e+01,7.353714497656946847e+00,4.382733616766914864e+00,2.113779047560135904e+00,-1.502964146491137631e+00,1.615609911206855154e+00,7.307736375675436769e+00,2.800200646193195197e+00,6.084310409201082459e-02,4.454343986994389937e+00,1.023541412212543911e+00,1.215532659838833673e+01,4.921961001231720090e+00,7.551863487814459575e+01,4.118257774206611543e+02,7.023427356511179198e+01,1.650157942205617871e+02,7.894923574584429389e+02,5.765335375055880149e+02,2.631821926709359332e+02,1.115404931372147388e+02,8.759063124147620272e+01,1.253029463306542794e+02,1.025850789745050378e+02,6.915104762390427595e+01,3.384033873352888122e+01,1.121341219668324385e+01,-3.948282395431973235e+00,-5.116278955719552712e+00,1.501029257396413357e+02,6.392583312541636360e+02,4.571068266103466158e+02,5.391507562138347254e+01,5.099353322079029027e+01,7.176179108601510279e+02,5.507136971670831826e+02,-3.217371937541592120e-01,4.964273360643812083e+00,7.249029038140915482e+00,-3.646548432026400999e+00,2.307519322866728118e+00,2.300805508620872075e+00,4.346924383538843273e+01,4.662503434864810004e+01,5.207505340051379505e+01,4.781696944834074259e+00,4.479335622760293845e+00,3.742896135713137618e+00,3.386945376894619497e-01,-6.427830377963161812e-01,1.593355049695900405e+01,1.282282708055641152e+01,2.319071478562992539e+01,1.351884942563969361e+01,1.948194258630929099e+01,4.106784983097319497e+01,3.419331191286886451e+01,2.473022363033286553e+01,3.105179092226457982e+01,8.915825331469390846e+01,1.193447112430805532e+02,9.550920058793239775e+01,7.381658218248674014e-15
-1.108141032418323342e-14,1.812626782890518928e+00,3.052118275117343682e+00,1.260784059349067676e-01,6.542176593384565031e+00,1.330267661683435909e+00,9.643231496548400727e+00,1.410733056037736510e+01,9.142007624326961235e+00,4.706051642295776993e+00,5.243356991839600578e-01,9.218201554801165321e-01,5.924890121915334262e+00,8.691517329283691140e-01,1.843682851450123006e-01,3.481143675940567839e+00,1.752087991485842622e+01,2.274415559334283188e+01,1.157239619254914054e+01,3.086055816860481116e+01,4.540840176331674627e+01,4.852763755038564852e+01,2.910785954368401107e+01,5.991445998279417751e+01,3.823580942200614174e+01,3.445196482010673300e+00,2.017408331615626338e+01,-5.616819679295934620e-01,1.669614320968386068e+01,9.123247311106686297e+00,5.553733250915485087e+00,9.328019403027079548e+00,1.819814001765304923e+01,1.118062414090379519e+02,7.669244828534350233e+01,1.041073629487127938e+01,3.552521040837237631e-01,4.002917954162347769e+01,2.861120467691232960e+01,2.393391643045486106e+01,5.082936810623600365e+00,9.776811838392550413e+00,5.670270453018787293e+00,6.863444322131970310e+00,6.418478972234060997e-02,4.521448716042035798e+00,1.410875965760792816e+01,6.071396197965427122e-02,3.857649744055036689e-01,9.302263330913256301e-01,5.156455890010437138e+00,1.430146135506733884e+01,4.280169026709619118e+01,3.935972076524673469e+01,1.508492864487380558e+01,5.441199500400590860e-01,3.806158881441696451e+00,2.303966506828603933e+00,4.594176730697295541e-02,2.333145385846076891e+00,7.817721038642976517e+00,-7.173746582793068260e-02,3.009622697464001018e+00,1.662247638962126217e+01,8.351270942453948010e+01,8.982037129083839488e+01,4.030417586477791758e+01,1.000264093110700685e+02,7.235628231456048809e+01,6.027077184883250993e+01,7.199199280141376001e+00,3.992833589007882722e+01,1.907189529929253879e+01,2.901498227558643066e+02,3.683831266896471561e+02,8.629634714138973095e+01,5.869594985265420561e+00,1.102254473553292158e+01,7.228799069019256507e+00,9.593316878717727647e+00,1.326939581838149529e+01,8.331715303852331544e+01,1.914708930090158674e+02,9.067437644593416834e+00,2.687545830109271350e+01,1.942434590697180274e+00,1.937736332907921977e+01,2.214710106783070387e+01,1.051931869808041498e+01,5.015459446351806072e+00,-2.531912026237642110e-01,-4.278582361395157907e-01,-1.678376758970825510e-03,1.032370856739646925e+01,-8.803384112097857594e-02,3.823619333960934230e-02,3.488239039129674701e+00,3.382425619294596508e+00,1.700056466655524545e+01,-6.450639506719677008e-02,7.310307428025357979e+01,3.789905772545703826e+02,6.742868173225130590e+01,1.576869416607729768e+01,1.163765243426723544e+02,2.491100525732444737e+02,5.100718455645696849e+02,3.096472614444253395e+02,2.636983593037811602e+02,3.656077725478446609e+02,3.052817545491700457e+02,1.715698928665998437e+02,6.282724018191183291e+01,1.623357126123057625e+01,-6.991431683062855562e+00,4.826053328170186951e+00,1.984364878532895773e+02,4.375100223204382814e+02,2.880607124072011516e+02,3.828230421005829243e+01,3.680831697445755424e+01,3.379571312307884909e+02,6.313081328269969816e+01,1.685633160740415804e+00,8.578699615634441500e+00,2.394357389979676398e+00,-6.381739230940621788e-01,6.457358890583933531e-02,6.798280373113962050e+00,4.349637393179879297e+01,4.637599970902208213e+01,9.756506963785336950e+01,6.365042164139412151e+00,4.809235553504120020e+00,5.791885060371440908e+00,4.910774123905778055e+00,5.144163826495148584e+00,2.050613318340784375e+01,9.646456008118599712e+00,1.180240162394486525e+01,9.276604116081976770e+00,4.565079891512392862e+01,6.972322769873704829e+01,3.164285794650189487e+01,2.260718330406707466e+01,3.053567182508345113e+01,1.032837065834349204e+02,3.202372942215814646e+02,2.103508393452141263e+02,2.512754702035417881e-14
3.034306998033797270e-14,7.020329762120169903e+00,1.234622379332478381e+01,5.753935672094040221e+00,1.412403838839511261e+00,-1.587003020250164209e-01,2.134386784329226572e+00,5.880067974931535879e+00,5.650459041700564455e+00,5.037952163220802859e+00,6.649790061467073521e-01,6.019635917365720346e+00,1.075034953203660315e+01,3.828374378521796295e+00,-2.458948336548864577e-01,1.396472933061172039e+00,1.528583655638465366e+01,1.557027381586153503e+01,6.833143801074762713e+00,1.291027043147056297e+01,6.717730557722994433e+01,5.509217136144494731e+01,2.104363771998193755e+01,3.087938382293112127e+01,2.382586100759092318e+01,8.187079766804325587e+00,8.998926619855811992e+00,1.170830516526158105e+00,9.698339372473864017e+00,1.471072537152789117e+01,6.809947720942299831e+00,7.635879820854666100e+00,1.261909129347186997e+01,1.025069681078354620e+02,8.349490037321757541e+01,1.244068611157995541e+01,5.938269234499828908e-01,2.573440410174845994e+01,1.773765964905103942e+01,2.630840345170674865e+01,1.348257096298174673e+01,1.063636563058976670e+01,2.019837954955012727e+00,5.631688771665106508e+00,-1.316161072298867030e-01,4.767361346052950921e+00,1.632717915864237312e+01,3.433904722411821986e+00,-9.240914865753028229e-01,7.828869517745303597e+00,5.786214922307155284e+00,6.973294395782266619e+00,4.329061993854642054e+01,5.853969776234129796e+01,2.037654379708282448e+01,-3.487786971947023362e-01,1.881579851197616948e+00,1.328913874777928328e+00,-4.463415864650355780e-01,2.695401537280707860e+00,2.740410009167371097e+00,8.915053255425018364e-01,1.765082266658882570e+00,1.001130989334416377e+01,3.888965620781749521e+01,3.632616537647001564e+01,3.513359782873149584e+01,1.228242790157600552e+02,6.409082801818955488e+01,8.828410629557622258e+01,1.308798417184690379e+02,9.757458003201826102e+00,2.195680936465571875e+01,1.520663911801113670e+02,1.725353871401292736e+02,4.975913050350729350e+01,2.452000323303242357e+00,-5.147441275127825122e+00,1.810163782266922095e+00,1.144344270427095545e+01,1.734497042505567777e+01,1.056919842677967694e+02,1.276536727797127355e+02,1.908937211615909035e+01,2.667474494257757911e+01,6.099759885334189669e+00,9.211693325413767397e+00,1.760490389874925654e+01,1.195543022666166166e+01,9.983366909925633692e+00,8.771051891546823853e+00,3.715236029259529005e+00,1.301349473077220154e+00,1.216000605171661064e+01,3.913083895375927934e+00,-3.323735714111493156e-01,1.425405427308368056e+00,4.345414390668345561e+00,1.266550092078832890e+01,6.306158855310877165e+00,8.191535171379294411e+01,2.127657006818064644e+02,3.011225088033887687e+01,-1.899353558656731522e+01,-5.203197506221594892e+01,1.580738654474882878e+02,5.494555113623823672e+02,3.156408470862962190e+02,2.888285303405100422e+02,3.906056595551146415e+02,3.243301077765216860e+02,1.781866137137675707e+02,5.608647337784068299e+01,2.440367439875354094e+01,8.913226926403447692e+01,9.191565712064716820e+01,1.602647239351961161e+02,1.904085469077381276e+02,9.541518608571929860e+01,1.862300732072505483e+01,1.501510915712931293e+01,8.103971711810771694e+01,-5.402174147120773284e+01,9.023490573198206022e+00,6.854867660077623270e+00,-3.300786767781719311e-01,1.252576879901182272e+00,-6.872748957396661584e-01,4.047602894246463912e+00,2.434857106395236670e+01,1.514209655769917617e+02,1.376464354460864286e+02,1.056523971892877078e+01,2.964615870968313693e+00,7.557107254500944116e+00,1.216657810152005936e+01,1.536237901074706969e+01,2.123057427902858763e+01,7.096936427658176783e+00,5.019932593241860808e+00,7.608911854115898876e+00,4.995688284824581871e+01,5.465529178074135785e+01,3.889828516255724367e+01,3.671389254035879190e+01,4.091475621381425043e+01,2.985564979887149661e+02,6.856371993232770592e+02,6.899855734006864338e+01,7.029608481734183744e-14
5.787116370868112944e-14,5.307358468876375746e+00,4.567464682375873330e+00,1.250774971362617372e+01,6.132685653702514561e-02,-5.121497293413450336e-02,1.419513106910337552e-01,2.507413815358759679e-02,4.152470375413511938e+00,1.037315707489445415e+01,4.414021761824868051e+00,1.050208235886096375e+01,1.145087950368856156e+01,6.328174982630177858e+00,-1.781872702569190295e-02,-3.456305927374549447e-01,6.731931723256392885e+00,6.133567579725038854e+00,3.192947489529794236e+00,9.993807617283836819e+00,9.641125691781273588e+01,6.038522804681408473e+01,1.902568076056433810e+01,1.157646686747908404e+01,9.463790458983691423e+00,1.107957010889852612e+01,-1.018461859421866622e+00,-3.430852033733857720e-01,1.566933899409247433e+00,1.694755649801069453e+01,8.509150135295577400e+00,2.779890881330164820e+00,1.231473318171158127e+01,1.247305333065589394e+02,6.102106180444594230e+01,8.369214301913952880e+00,4.447077869802097183e+00,1.390081965981992340e+01,1.135924558338905044e+01,2.312442876709862105e+01,2.123819053929194567e+01,9.860449588153217704e+00,-3.085986697533286693e-01,4.755971911084376558e+00,3.723295088791731683e-02,3.253813233140630867e+00,1.518201213097424862e+01,7.749917540568724839e+00,3.597649403580316374e-01,1.084996684877620154e+01,9.469605529387211007e+00,1.447774658621841226e+01,4.548384628042594358e+01,5.987503980928416070e+01,1.823770670113217562e+01,1.052070399953109137e+00,-8.619136341136679133e-03,-1.311254121413914786e-01,3.726291428730257871e-01,3.161697090293758894e+00,9.312996296475192087e-03,2.172669106552262086e+00,-2.221290762359350024e-01,1.819470171947384474e+00,-4.166794251545733019e+00,9.507066715716470995e+00,8.570398332801244123e+01,1.299521961212912231e+02,5.298316062610022925e+01,1.435082195468640407e+02,2.629722457830451390e+02,2.335090008253262539e+01,8.513926708887591133e+01,6.808615200836878500e+01,1.135094775140497347e+01,6.397767088195347007e+00,2.928520014308641350e+01,1.309228640821705092e+01,1.154697161002229500e+01,1.455088664631300510e+01,1.761095463433418118e+01,1.314247570808307444e+02,5.345030978168810520e+01,2.564513452916326486e+01,2.114416231793019918e+01,8.710928257357743121e+00,-1.297316574751774532e-01,9.302891552418760313e+00,9.016593335311652524e+00,1.311821571704601652e+01,1.802944812713245426e+01,8.607372059891904570e+00,4.260830725595539548e+00,1.134788507171573180e+01,1.027778400552181814e+01,2.745362268760055402e-01,-1.668085427786304975e-01,2.378713704487216418e+00,6.346160130614323158e+00,2.378928781656507141e+01,8.381954709012991600e+01,6.002561814550534791e+01,-3.562884443686551439e+00,3.024683417496095039e+00,4.586082090622983998e+01,2.267988148210163786e+02,3.862938029025257833e+02,1.852693962135474521e+02,1.614802536763417606e+02,2.339075738746296054e+02,1.986766259118936944e+02,1.063923243723006777e+02,2.694740622480167502e+01,2.836730450958516769e+01,1.771716196855973067e+02,1.665963103682813085e+02,8.398747756500051764e+01,2.819621561286086120e+01,-9.177363186474940093e+00,6.906918604839892950e+00,7.960931172029939162e-01,6.772341015831099931e+00,1.716632714394450332e+01,2.990764997743151077e-01,7.719945322537442589e-01,4.828201525165199959e-01,-3.144018034051075383e-01,5.916531760666546846e-01,-1.528332756162871786e-01,2.241278990889983191e+01,2.618550472658495778e+02,1.284520035353265826e+02,1.321688295298957350e+01,2.615118115931375220e-01,6.459496144324305078e+00,1.595208269142506730e+01,4.283771491043528279e+00,1.379786538369723203e+01,7.180330666857249966e+00,3.609317808034128827e+00,8.777238351284553985e+00,4.122357519586076080e+01,3.652726175962548183e+01,4.327312557271056903e+01,4.506203741099468374e+01,5.061359167474499543e+01,4.572260398819430520e+02,6.848066579987594196e+02,3.361740201702262425e+02,1.844936390644101389e-13
5.613383429879226389e-14,-5.414529602396769725e+00,-1.486379909744484706e+01,7.496831818695484095e+00,8.794149345114159466e-01,-4.651964295525533588e-01,3.843214474033655126e+00,2.357816037929509889e-01,9.206762941802796973e+00,1.817239428758099251e+01,7.058623790739232184e+00,1.075547115502960516e+01,7.524911350768204166e+00,6.840326295969374470e+00,-2.709350271160577694e-01,-1.186322120349236231e+00,8.149736652851268248e-01,3.032257476599149015e+00,6.360888738371015094e+00,1.413952908658045615e+01,1.154397188593991217e+02,7.174029084376442711e+01,1.478399021310590911e+01,1.035458843605612067e+01,5.883838728539038776e+00,1.137195792834416253e+01,-6.000643015642874722e-01,-1.080613769956189962e+00,-6.046902731025206590e-01,8.791609922254544074e+00,1.020185034948170077e+01,2.057053493749250617e+00,1.938582782758390977e+01,1.569646723584564825e+02,3.892827880221403092e+01,2.019758562807050684e+00,8.064937930541695721e+00,6.604096599786343447e+00,1.402094975342113869e+01,1.000716443318576587e+01,2.253975872443874096e+01,3.214487748923666288e+00,-7.020332086655514114e-01,6.142965721023922576e+00,1.140835857135521353e-01,8.463594067660148434e-01,1.367170331915488291e+01,5.555071238266418909e+00,2.087181011507033723e+00,3.554403551680691109e+00,1.315610514012171706e+01,3.230057169582007504e+01,4.401406925453252938e+01,4.831094142141061809e+01,9.716390644907553664e+00,5.125875894024119361e+00,2.076727659626672828e+00,1.818811860969174465e-02,3.103064427027962147e+00,4.468196023922644811e-01,3.577612005493274516e+00,2.996075433559364232e+00,-2.365255181516459082e-01,1.139908547028775296e-02,-5.225099006187946316e+00,5.964726298654486669e+01,1.708834801910230397e+02,9.909335691882493791e+01,9.205148008155323680e+01,1.968136708114549265e+02,2.555896763282420920e+02,1.345917740274988148e+02,2.113333427533521842e+02,1.057958572727411450e+02,-8.325134973360970747e+00,1.455047279697532669e+00,2.444152429538777938e+01,1.234747148861437438e+01,8.574522861387016803e+00,1.685754871390141574e+01,2.096304981585279137e+01,1.405320892357206333e+02,9.757720566503705584e+01,2.380108567296425548e+01,1.739116762385234694e+01,8.053751702200576901e+00,-1.290727166639154877e+00,2.093081489329033484e+00,2.249262640699273064e+00,9.021376619072016823e+00,1.649962555210200321e+01,1.169052119220036090e+01,6.709590334157565117e+00,7.242934962351503358e+00,1.297770797290839084e+01,2.961469229072404730e+00,-1.847276083213067188e-01,-6.989530422843196478e-01,5.343163245449805920e+00,4.997484670193200884e+01,6.620873386976893471e+01,2.334764186906131300e+01,-3.745048819142224428e+00,3.375937871390596978e+00,7.478243202936049272e+01,2.874502365729872508e+02,1.649182050576175413e+02,6.104258932422304440e+01,1.483732692028157629e+01,6.470893204935418908e+01,6.610243819602945337e+01,2.792605874657852638e+01,4.596389975956986618e+00,2.236999138832377554e+01,1.509829496004896612e+02,1.445697526807174995e+02,3.483985687804605647e+01,6.796818260371565446e-01,8.137159561283917597e-01,7.251379104760785843e+00,-7.908095851114685382e-02,4.798837681506851194e-01,1.298017887260845349e+01,-1.335668767688177327e+00,-4.087793755591324629e-01,4.535530854316625948e+00,-8.644572994469714722e-01,5.816651803146910993e+00,4.014045717577486627e+00,6.239473075400785973e+01,2.763462865737949414e+02,6.374192031814051518e+01,1.166124845866337623e+01,-4.170981386156394910e-01,3.235001466815954352e+00,1.303243955104612084e+01,-1.550486417228895242e+01,6.397115304799175561e+00,1.124446331023574785e+01,3.991972643043916413e+00,1.381787714018020097e+01,3.587506032847769433e+01,5.130771972942017811e+01,3.209806595842180599e+01,3.094462084627694054e+01,4.514637471204081720e+01,4.170253935015770139e+02,2.583474475180238414e+02,1.322193428744990115e+03,3.076152811289097331e-13
5.349583765977174861e-14,2.117917408432378679e+01,4.623625822887831305e+01,1.349278321093565269e+00,-2.446068789738903515e+00,1.410862614635115087e+00,8.934100672384564845e+00,5.730902342872454369e+00,7.834837385922925002e+00,1.827310652374991662e+01,1.396403619997429857e+01,1.116931401226627685e+01,1.000551244448696231e+01,9.861391315343855268e+00,7.565671664475074332e-01,2.751328225513702375e+00,7.924099254915023538e-01,7.284261204181520455e+00,1.166882707489533999e+01,1.492075450064698572e+01,1.127391775873401656e+02,7.562590983425805291e+01,2.242000149736799841e+01,1.299892033410602821e+01,3.835082322169264923e+00,9.246528594261306466e+00,1.301021703107264837e+00,2.497414796383229607e+00,1.253973791639957591e+00,3.225146205943052902e+00,9.670846891210816310e+00,4.657900087095398156e+00,1.876406609606634746e+01,1.377085440133290035e+02,5.028098715624913950e+01,3.666003632765043818e+00,1.027251765092170110e+01,1.532989239513848911e+00,1.609193798433052081e+01,7.404757576052804768e-02,1.834389312349277645e+01,-1.122383959756640071e+00,1.386526661751062539e+00,9.419580071655321518e+00,-2.364823258959468377e-01,-3.343749847847203305e-01,8.159976120007208067e+00,1.883355001085759151e+00,1.287684794687629308e+00,-1.513299908116229942e+00,1.311409585401838385e+01,3.524432723813715995e+01,3.620883722586370368e+01,4.131683422168852360e+01,1.008240449675723793e+00,5.184453295719937849e+00,3.690080015263471847e+00,-4.161455610414976913e-01,3.703016471834392309e+00,2.144981766805348578e+00,8.875510122332084251e+00,3.311505022968364020e+00,9.010604664707029532e-02,-3.386618137223460501e-01,3.069465295832901397e+00,1.014551063464659535e+02,1.840060825963687137e+02,1.057381413802862369e+02,1.427580179410134065e+02,2.140318851018138844e+02,2.344779463882280481e+02,2.003730243732807423e+02,2.325636599776295554e+02,1.250510638731687152e+02,1.142710117566509354e+01,1.338576411877741101e+01,1.892400201334344345e+01,4.531586940665277119e+00,3.495698510835297590e+00,1.491950753714916189e+01,1.598651293187079148e+01,1.354915514410693334e+02,1.558177856590468195e+02,3.059440366206390038e+01,1.584048694311263894e+01,9.313833131079441330e+00,1.705356643432311303e+00,-8.035635721275887766e-01,-3.761278441843644571e-01,1.896130174062220730e+00,1.000018940525518119e+01,1.017752041318270173e+01,6.569613230168168450e+00,3.340928820143332256e+00,1.231565172742006098e+01,6.854697930039009179e+00,8.880481137713783224e-02,3.389090958157506162e+00,5.392962264714354248e+00,8.613695983300576131e+01,7.137029780928405387e+01,2.738895735762948291e+01,1.300289806135352721e+00,2.558034501371841407e-01,5.716947252440706961e+01,2.791043286717674619e+02,5.538239960261356742e+01,8.524899730692581556e+00,8.641173846930153957e+01,6.231986396876565237e+01,2.617374919272735667e+01,1.055154381160216737e+01,6.665623183269585583e-01,1.097024708980090324e+01,7.228895010870913040e+01,7.671781360057846655e+01,1.999465439155718727e+01,8.726236607076959473e+00,2.057030929576956524e+01,1.026699178623615971e+01,1.605074732545736405e+00,3.595180898508075096e+00,-5.561693297985891071e+00,5.225814542645133010e+00,4.366533855152889276e-01,7.683746557042423930e+00,1.849702138308570776e+00,1.116909765175053870e+01,1.074548737888830807e+01,9.053993377257621944e+01,2.516896436948732685e+02,2.100845853458697121e+01,6.209024688891569888e+00,2.880342317455705903e+00,4.310342780557185449e+00,9.573927000390337838e+00,6.129234649879482077e+01,2.625219345015552364e+01,2.076392903165945114e+01,1.026574216645861171e+01,2.929760711260416883e+01,3.105278097481019728e+01,5.138195146054852813e+01,1.962186799143682592e+01,1.727343986599711911e+01,2.531114677634660026e+01,4.446941875308518206e+02,8.189252137916190577e+02,1.774738421697729336e+03,2.432441991798356124e-13
7.316031673692792690e-14,1.126299584992522824e+02,1.833620406857454839e+02,1.462460205790239343e+01,-2.015332335429554256e+00,5.396361572830217668e+00,1.412536377071041649e+01,1.521031827041444551e+01,1.281413846714849258e+00,1.239819506084624479e+01,1.291459737111466488e+01,3.572598623471090473e+00,8.916350944571846071e+00,3.859815518656626310e+00,6.236987223970689165e-01,6.639076484248036536e+00,2.825910728466190402e+00,1.538277974183058205e+01,1.708866114636891709e+01,1.081593540650585084e+01,9.033387179399629474e+01,7.956565025363326527e+01,3.665215306289852037e+01,1.210901728756315876e+01,3.245921012189436072e-01,7.069286669299859049e+00,2.824892522159643815e-01,7.770845446646014842e+00,4.010420653213866871e+00,4.269322316657998329e+00,6.882143797867453117e+00,6.686167520472832138e+00,9.368427779502406239e+00,7.077655584849983939e+01,8.511823912074390819e+01,1.495775382850195001e+01,9.564592403272456522e+00,-3.359234594692321885e-01,1.529088680867841177e+01,-5.822162017415208890e-01,1.122374161991002595e+01,-3.440911148184365720e-01,4.843237851705903374e+00,1.298753209057516500e+01,-1.850909621611789568e-01,-6.247629330506643958e-02,8.030973755364945177e-01,1.071247877260636944e-01,-1.640098936694295018e-01,-3.309536532519114505e-01,8.879807560795795141e+00,2.012029655893502422e+01,2.572088908650757233e+01,4.655325100766622626e+01,-8.610072335448908376e-01,3.867931328092340415e+00,4.970913951837359512e+00,-3.869480776830876434e-01,2.028991929381426029e+00,8.303356606443848875e+00,1.177465206003827625e+01,2.680772077735112280e+00,5.769039881342848640e-03,-3.399742528131612929e-01,2.545208349487933841e+00,8.889969326817215745e+01,1.122456933030743897e+02,1.330189500672725273e+02,1.574363421504011740e+02,1.913682295866994991e+02,2.402506938638934741e+02,1.751823394965069838e+02,1.751447078745665920e+02,1.252840086544489395e+02,2.191060112822558636e+01,1.802580326019272050e+01,2.170052119400816437e+01,3.130971292037123543e-01,2.118571291688614799e+00,8.936865426823370484e+00,4.324040513426319343e+00,1.196411953922031728e+02,1.639745773932801569e+02,4.764003088672579622e+01,2.072035533640713467e+01,1.365229466932536084e+01,3.734971752511840215e+00,-1.479153191415520374e-01,1.709444268226224528e+00,-6.857151486430135279e-01,3.821273517389647711e+00,6.959639622612639798e+00,4.009217039473513822e+00,1.236515622286614935e+00,9.017792942896369013e+00,8.491118275024181372e+00,2.191420729722889926e-02,1.186363733743906046e+01,5.654304047022296054e+00,1.267782600287679173e+02,9.424391031522880269e+01,2.555949228478186797e+01,-2.805192822950117182e-02,5.073504673027854572e+00,3.285178748567737728e+01,2.136545658864301629e+02,7.190157959982934699e+01,1.584529126024181345e+01,3.012433859204064674e+02,1.845005012429429314e+02,7.359271281779012952e+01,4.522863010708787357e+01,9.562720769967397061e+00,3.371427094153433668e+00,6.503756992007668991e+00,1.717476729339609065e+01,2.195943838518069668e+01,2.392490766912353184e+00,9.067737208334449406e+00,1.060798638809266237e+01,3.626726852709812321e-01,3.177229865525359187e-02,-9.636472956491439756e-01,1.325035111652846176e+01,1.452919468436175920e+00,7.190695260207738748e+00,5.129854781387835239e+00,1.267691308341380996e+01,1.408710306085989039e+01,1.050450407259480130e+02,2.865584500487918831e+02,2.975422589271865803e+01,5.188857862697021650e-01,5.436512846125493681e+00,6.816685502587469081e+00,7.508675850444342714e+00,5.122812307414678656e+01,2.996546481597122025e+01,2.060209364191551629e+01,2.893777142704407623e+01,4.736069296543211493e+01,2.646032260145654291e+01,2.576467236719831888e+01,1.469159162352538850e+01,2.430465852246408076e+01,1.302146343983341659e+01,5.365558247966040426e+02,2.150723275104574441e+03,1.399738296317970253e+03,2.888860178239365871e-13
9.245336417744747017e-14,2.564416449395789641e+02,2.964636223165801994e+02,7.859226704596041202e+01,1.761317723210613195e+01,8.611752418409636789e+00,2.080741716838642930e+01,2.726410651934614293e+01,5.023387793676545421e+00,1.104248874500177635e+01,-1.288660186462296053e+01,-2.086369783783808884e+01,-1.352580832492902196e+01,-2.345312202634647392e+01,-2.848757525382557887e+00,1.146791656299457118e+00,-2.003588067671427109e-01,2.153680914847470618e+01,2.376332715155313124e+01,8.391536214763858581e+00,6.155717125675331403e+01,1.075469193347710188e+02,3.569558983593645252e+01,9.664741267690247994e+00,1.359321269709246605e-01,7.929637541817082358e+00,-8.343330013651329979e-01,8.070036286954415772e+00,5.011725897043257660e+00,5.167780106780710980e+00,3.951194764101956025e+00,3.640331876643262188e+00,4.092918915480571407e+00,2.108623515139643345e+01,9.719055667736749626e+01,2.934863977163078275e+01,4.732024640630657863e+00,4.715389539546338327e+00,1.717621240990413867e+01,4.438718932965670660e+00,4.579680396639443707e+00,1.588200079394713971e+00,7.234472171974725363e+00,1.467539770939616162e+01,1.768450816929779235e+00,8.728265073666081897e-02,-1.117266421610073834e+00,1.564250387027104894e-01,2.879340162038714457e+00,9.271128246555406793e-01,3.323484023301232160e+00,6.091640287873598680e+00,2.042504778029507406e+01,5.872603129501636943e+01,9.836663123875185377e+00,1.107782110574794743e+01,9.970601585211760209e+00,3.605484456185366948e+00,1.600504189701209556e+00,1.160708214292190910e+01,1.055245796726567065e+01,6.824732041163099616e-01,3.636684594538135973e-01,3.129909383557460956e+00,-3.736328780404883920e-01,3.782114411318855218e+01,3.962770223169794548e+01,8.494417771206701673e+01,1.053520435477153256e+02,1.538122366668341670e+02,2.046964826376743929e+02,1.286009331292962088e+02,2.337325788062857725e+02,2.342606592657330680e+02,5.668164287277148361e+01,5.641916187557547424e+00,1.266026228499632644e+01,1.216758052155309383e-01,8.696927221043814216e-01,2.784303552058776443e+00,4.980936612135529185e-01,9.483892938208811074e+01,1.319448732594906346e+02,5.966296936021645081e+01,3.727503039762846981e+01,1.798803832992548735e+01,1.463496598188676057e+00,1.902230264158368822e-01,1.884359085275874923e+00,7.930409987182778231e+00,2.388094609405068958e-01,8.617466152299176230e+00,1.390505737994412128e+00,1.907744689079766687e-01,3.768617544459037738e+00,3.821946813357635087e+00,-6.986561774837345140e-02,1.268007714735630032e+01,9.158537719303938118e+00,1.595643509050900946e+02,8.575544913692223759e+01,2.293027487076719240e+01,2.783041410050538289e+00,9.806801613868310952e+00,9.988699075315006226e+00,1.533840165255893169e+02,8.921274484753195111e+01,1.590018218221001156e+01,3.220414560901796790e+02,2.064836026736295764e+02,1.145433717229873167e+02,5.923147505929848933e+01,1.329947714456319119e+01,9.536367328303589019e+00,-8.850965474001815991e+00,-2.562425661626083873e+00,1.258289762433795822e+01,-1.752050105874339625e+00,8.499984979743631097e-01,9.067733323437215276e+00,-1.488021220246011467e+00,4.390455815974344311e+00,7.891886752679913020e-01,1.321336325798942823e+01,3.737814316117750391e+00,4.682412484530308561e+00,4.643634412732771111e+00,8.071164600717835924e+00,1.106935278113262733e+01,1.545261906921814727e+02,4.514989166292627942e+02,6.638507598465753290e+01,-2.768566401079307071e-01,-2.822362747554341134e-01,1.948842147780490253e+00,4.569068610367938099e+00,-3.021877573503487611e+02,-4.708057137431824657e+01,-3.762852298023704023e+00,6.347751352908591116e+01,4.952194510764200430e+01,2.640087412060174898e+01,7.115788356949210858e+00,1.598688616538234264e+01,5.639211269952601668e+01,3.943619728303246319e+01,4.215723080717197604e+02,2.506167762197272623e+03,9.632574895251927956e+02,3.101751745744478751e-13
8.142017106955479616e-14,3.395239666943576253e+02,3.558368464877148654e+02,2.526925672238995162e+02,2.569015966717891075e+01,1.413839264664207462e+01,2.456173510539252902e+01,3.901379769213586712e+01,2.097609047983643649e+01,-9.101867748019959459e-01,1.253089088299632969e+01,1.341533555303568015e+01,1.972180410776143589e+01,2.004005978628886453e+01,1.980842527897504723e+01,6.481900306108307142e+00,3.604276918160775889e+00,2.718172602631126011e+01,2.734317823613226039e+01,8.059044857608846257e+00,3.277280935357684655e+01,1.374928725910052947e+02,3.408437292036273192e+01,5.310524655863018140e+00,9.822093525763179178e-01,6.411798018115184128e+00,2.693624728381390110e+00,9.276488227079230597e+00,4.368524057449635123e+00,3.822834979003517653e+00,1.525974750468964247e+00,-3.830992661803488963e-01,2.458439213678814905e+00,1.352190318128711766e-01,8.089359226133232994e+01,4.754637521012579526e+01,1.129178298718572560e+00,1.331745337024932851e+01,1.888697642119008435e+01,8.535590281275341695e+00,3.003758046093725653e+00,1.848552692596336922e+00,8.057294132653520791e+00,1.436581028181973885e+01,4.142158386371042056e+00,-1.175839298689303723e-02,1.581444166189943656e-01,1.221055941296371072e+00,5.169096241313308582e+00,8.158688922121263287e-01,-3.020878323858710024e-01,-5.101144234895099716e-01,1.773384948339518274e+01,6.133957385002935325e+01,2.947660718304523897e+01,1.808379689184035399e+01,1.136678170027134271e+01,6.450116188779267290e+00,7.991821612105859396e-01,1.461861108023110489e+01,8.866465081582926899e+00,1.894981627109972588e-01,3.027512811678960691e+00,4.843561240781171229e+00,3.893909251566404883e+00,-2.413949478456740572e+00,8.152752787894673503e+00,2.726196810132004344e+01,4.421014272835567027e+01,1.163728682438061242e+02,1.372206701264204867e+02,8.357249913776141170e+01,3.073693676443154459e+02,3.389752924438784021e+02,1.598488382761995297e+02,1.860272195096407088e+01,5.910159673907307898e+00,3.929024778417745889e+00,-4.408046728186328089e-02,-1.099607331382066039e-01,3.330711011645111963e+00,6.802976436999689724e+01,9.073604248665164107e+01,5.904800125807443578e+01,4.671921515207056075e+01,2.340325054194347487e+01,2.231250544312635420e-01,-1.481681289585923440e-02,4.472112603492280902e-01,1.518915816284396492e+01,2.561968621797471313e-01,9.240561641236066492e+00,1.187443335647268894e+00,3.813493943199073449e-02,1.054469857924783885e-02,-9.824566790389488435e-02,3.524681459550527141e-02,9.729244136820771161e+00,1.196182968949126035e+01,1.739477085936373442e+02,6.111937623747581938e+01,1.965446876281278321e+01,6.326764799297301956e+00,9.352780877300366669e+00,-2.552636470902615029e-01,1.213790017408847461e+02,8.774449659316871930e+01,5.885474531918494456e+00,1.875427090708335527e+02,1.348201319331331831e+02,1.111947451822641995e+02,5.044842418988700672e+01,7.159923005793142003e+00,2.374162753360479883e+01,7.249641318730039252e+00,5.164769759541421035e-01,-2.363390425091316804e-01,7.514015891151742954e-01,-4.893937923615491320e-02,8.765625843766647662e+00,8.576495046773763287e-01,1.148736730755354252e+01,2.656948462020056190e-01,7.688513479192352840e+00,1.033532071878585512e+01,1.817943473174732105e+01,1.521921396521013214e+01,2.188990419569212253e+00,5.324063364059919756e+00,2.145427296686702903e+02,5.023876814839995291e+02,1.415615225394445815e+02,-2.160400292112664988e-01,1.833928766324013360e+00,6.842351204014149424e+00,6.561979832198261420e+00,2.155580637029980267e+02,6.469572738843017135e+01,4.506708341263049533e+01,8.849522287562545841e+01,4.516002953960265387e+01,3.155596758303961380e+01,4.719658294964069967e+00,1.411396146904159110e+01,6.543209532224378222e+01,7.416421303243384955e+01,1.950922946837576717e+02,1.849434664454208360e+03,6.466948101169759866e+02,2.312929561247978607e-13
1.154997366641901990e-14,2.749104772690928371e+02,3.528294791906856744e+02,5.078629960352782859e+02,4.298714412699393961e+01,3.078844737975951062e+01,1.945872999148764393e+01,3.991836259288773192e+01,3.505500459470312791e+01,-1.335753490507637231e+01,1.359685762187093871e+02,1.394433575737467947e+02,1.450186363802710332e+02,1.736372694798087650e+02,8.250582644081235628e+01,3.696781360965409391e+01,2.174500012927656201e+01,3.303358129977434743e+01,2.324500566861112105e+01,7.567601246984369645e+00,9.797317825250788204e+00,1.433331229866365675e+02,4.814224826346512032e+01,2.695080479177490163e-01,5.356395358619522179e-02,4.171376957381172090e-01,1.210348750517798955e+01,1.615823037235490744e+01,3.623093068820552709e+00,1.057950869864022980e+00,-3.528924952296669162e-03,-6.142050332536005408e-01,1.374068896297353737e+00,-2.769500087090053686e+00,5.079176655358294568e+01,6.855508052827796917e+01,2.930565639556218294e+00,1.918958962509733723e+01,1.690976062329983520e+01,7.038027646299793716e+00,7.381685870738670552e+00,1.492992195107143705e-01,7.392605196269470547e+00,1.259844489724528849e+01,4.846626112325438385e+00,-1.786016380116199273e-02,2.822977803040938038e-01,2.164484324179024810e+00,1.918595986839952028e+00,1.597429849946515323e-01,-4.123400032919927183e-01,-7.066858032620605412e-01,1.348734063140784301e+01,4.672413390127524480e+01,4.966402925520569056e+01,1.582728618661946030e+01,3.794759616292028959e+00,3.569212590701487553e+00,-6.690113487625120037e-01,1.897360350373307369e+01,9.633194132336820203e+00,4.077475461421832037e+00,9.099643334703744202e+00,2.836741610088275412e+00,1.761234964447737639e+01,1.329289634683296084e+00,2.018055894930069982e+01,3.521769471772993398e+01,2.948300798268702039e+01,8.413726614965266037e+01,7.721332040141439279e+01,4.797680859340246684e+01,2.557313658799974405e+02,3.079900287463838708e+02,3.060107819270835989e+02,8.430169852757366300e+01,1.709172954755923968e+01,1.041312711475090147e+01,1.493156425222263439e-01,1.361659306958007187e+00,6.688894176103786116e+00,5.425791821038804130e+01,7.601470295194486937e+01,4.546739636017463226e+01,3.349203518626600129e+01,2.902440433824236976e+01,3.953030458981734885e+00,3.711579458192613978e-02,-1.565299797848982988e-01,9.663864945803432249e+00,2.809193664530758472e+00,3.461674955897719563e+00,3.377800342214176688e+00,3.146281199580361343e-01,-1.055314832124551183e-01,3.270168444395259666e+00,1.960354860340419170e-01,7.584582700881805195e+00,1.213755344871973563e+01,1.655368312642521005e+02,4.849327214648597817e+01,1.468668029470744152e+01,5.954494040403038646e+00,3.178565319100490338e+00,5.254068840811350505e+00,1.206491515393501572e+02,8.305671911046681544e+01,3.595053643310646141e+00,5.885045076652891538e+01,5.774758150951566193e+01,6.699489528855325204e+01,4.618223021514854310e+01,4.210746826003150645e+00,3.624425482727087910e+01,2.225908136295180029e+01,7.062379247586139108e-01,-1.802735353937543028e+00,6.758039548455154311e+00,-3.585296758931050265e-01,1.181729989132613490e+01,9.127525518512360492e+00,1.216541178900628495e+01,4.651303090691984998e+00,3.687449905520475912e+00,2.203019574499280253e+01,5.306948479263026996e+01,4.539428851828725442e+01,9.419177734763049814e-02,1.999270874349202254e+00,2.297673911940449045e+02,2.845541098172499801e+02,2.910601732240204456e+02,1.181799712207453723e+01,1.303830820909343657e+01,1.826381777964549258e+01,1.287650513389180240e+01,2.093795034341057999e+03,5.024415816813431093e+02,1.993607327598597294e+02,8.239369519895525684e+01,4.540333033846081179e+01,3.967037016447417130e+01,1.126808819655196814e+01,6.434655421146202592e+00,3.938175145281365985e+01,7.438703235905371969e+01,1.326428234866184539e+02,9.031801020390134909e+02,3.921153375101139318e+02,7.806030964798588369e-14
2.586711576700566832e-14,1.446027851819791010e+02,2.576291010290035501e+02,5.710705453236471385e+02,2.560307537228410411e+02,7.572448752341271927e+01,3.834230304881787177e+00,5.495157794145310248e+00,1.106535269826379242e+01,6.860592266175017073e+01,2.361217894399100885e+02,1.992487896500222462e+02,2.013743697719398256e+02,2.401025222621757109e+02,1.288502593740076634e+02,6.214655502379890351e+01,3.164410681351900578e+01,3.086836912892310281e+01,1.235870215581314469e+01,4.801078320496151797e+00,4.269135310128344685e+00,1.373246169953117999e+02,6.051690465928781748e+01,2.252904742272150873e+00,7.657941778069606853e-01,4.487912609105098483e+00,1.832192430983641174e+01,1.775582564896473770e+01,4.879525709647826837e+00,-3.260701406429811211e-01,6.127947188120791422e-01,4.573357077468934162e-01,5.392586382744561924e+00,3.764636848457843854e+00,2.814335313508442127e+01,7.966294341141582436e+01,4.649964284127614533e+00,1.646681821064231244e+01,1.501006042351363767e+01,2.893828911918756130e+00,8.320435942613437774e+00,1.002374026523240147e+00,4.799338662524306187e+00,9.427122898733095724e+00,3.443253563461018629e+00,1.134560662031317696e-02,-2.283121343626594579e-01,1.795753268223181598e+00,2.453901059430134979e-01,1.573937916657634495e-01,1.652388221456214390e-01,3.072463131703949135e-01,1.057170734428467362e+01,4.007461682381573098e+01,5.978820439396685771e+01,1.378858084425242403e+01,-1.462752297182861483e+00,6.550863855167703420e-01,5.296799709424370839e+00,1.389606914073401001e+01,8.543650527361123181e+00,1.169328324788275530e+01,1.665820004338327465e+01,1.149972722246166690e+01,2.298514861220545669e+01,9.934572678700380521e+00,2.728796848040762413e+01,3.844778233002460865e+01,2.080717873079655433e+01,4.926613189627040867e+01,5.313075609692679535e+01,4.382394292776012890e+01,1.535958189157837239e+02,2.186427607901928525e+02,2.946807918061623468e+02,1.398912335443195332e+02,2.987780061097109296e+01,1.483963860936850487e+01,-5.369895036099051611e-01,3.230948806867504519e+00,8.903012354646721249e+00,8.192847523782404551e+01,1.140218299893428195e+02,2.829983262261146493e+01,1.500645098463201421e+01,2.494408366891408591e+01,4.423861219465222483e+00,-1.475365326281184164e-01,3.664167800951182441e-01,2.512231528182418572e+00,2.979855366051002541e+00,1.851828126178501066e-01,1.974306002681262218e+00,-7.335786791219627290e-01,-3.833660248122138237e-01,7.678647785110324087e+00,-3.624692240648013652e-01,-2.972944171123790280e+00,2.139101020165113454e+01,1.433507707091623899e+02,4.005766323603426571e+01,1.115199744653851255e+01,9.007988767543105624e+00,-1.679048147502655519e+00,5.758926703367309941e+00,1.456060526056515414e+02,6.412122287979082103e+01,9.383590362821175646e+00,1.379483514079894002e+00,1.992429287303286856e+01,2.677378916014058419e+01,7.023656081926712602e+01,4.563576839513579841e+01,4.361523710359532657e+01,2.719747253805793008e+01,-2.859376701266781451e-01,1.841928480773904253e+00,9.539017695365403782e+00,8.553722948094364398e-01,1.565213378728791760e+01,1.515616441261478009e+01,9.136470833489008569e+00,7.642334365840495636e+00,6.456855616651544949e+00,3.196181160925985765e+01,6.716530884756565456e+01,6.820856038707863434e+01,2.028982021776648825e-01,3.208369417270581447e+00,1.489788774703831677e+02,1.821592422330664078e+02,5.680651979284814388e+02,9.296644216139651462e+01,-2.116795887494653172e+01,-3.791817129870017311e+01,1.117057476218409340e+00,2.549196759648591978e+03,7.325024424667975609e+02,2.193574599833293348e+02,6.297090879069903480e+01,3.715098890162189349e+01,4.511812427441005013e+01,5.433238460621385713e+00,1.531730908272010616e+01,1.055082685161320057e+02,3.884471501244472336e+01,5.486695355144412360e+02,4.328689572220018817e+02,1.910123884462717001e+02,1.485636028053481439e-14
7.366714530432695533e-14,3.552599203900098956e+01,1.141826131198413776e+02,3.853783677519244293e+02,5.243139098557145417e+02,1.708454253067587842e+02,2.576508239134688338e+01,1.150131323535485173e+01,5.566129053101358970e+00,1.883585117434807898e+02,2.471137038478320278e+02,1.404865099912387052e+02,1.377942886681389894e+02,1.610745288152563148e+02,1.505262374710698055e+02,7.637447178279195725e+01,3.345820384092922950e+01,2.490528506088808314e+01,1.237664702919513804e+00,6.472646669843649114e-01,1.433131142934723989e+01,1.277842765408288699e+02,6.023838559989417263e+01,1.047215332369491847e+01,3.079971010496782569e+00,1.756583378754417879e+01,1.822318115780190695e+01,1.082592115153736145e+01,4.991382287147941632e+00,-2.821805167152574914e-02,1.910293236742776513e+00,3.018996310964233709e-01,1.250337383234634991e+01,1.128221701630549667e+01,2.235104164006490990e+01,8.044015741743849901e+01,4.045524496524515179e+00,6.690396426541080466e+00,1.288651695364620764e+01,7.192159989284213628e-02,3.787169709588540378e+00,5.286480676338907614e+00,1.536633420957204121e+00,5.246697411360987218e+00,9.839142867675870763e-01,6.494928381948015389e-03,9.410253105321162437e-01,2.761927620827477892e+00,1.999620951101702460e+00,1.861154192794299833e+00,3.687049065870259823e-02,9.131762348348770875e-02,1.101007451655760683e+01,5.347575710148574757e+01,5.367215791709632811e+01,1.366027012992274869e+01,-4.081445614912115882e-01,8.126859158434290853e-02,1.530981415866845197e+01,1.706126713155048158e+00,4.697796258838360828e+00,1.945456051249909635e+01,2.068435692936006731e+01,2.602281813562797197e+01,1.871012402798858076e+01,7.917953850169610064e+00,2.008699606227498791e+01,1.422394974356150499e+01,2.527872300685881424e+00,1.748417923516906569e+01,5.874724138968121423e+01,6.145683369008796859e+01,7.978538435074580093e+01,1.394149120937911164e+02,1.292127299788147070e+02,1.507432884155633701e+02,5.261412773796404707e+01,7.857040441912793938e+00,-3.566700342093720444e-01,5.751033889759308515e+00,1.120966529056191519e+01,1.344233513355583511e+02,1.678271746788228143e+02,1.651246955986389864e+01,4.029047465031000641e+00,1.192481886354316956e+01,5.552891045975840711e-01,-1.584539198849742037e-01,3.617056654372252100e-01,1.160277048653258064e-01,4.028408886749810791e-01,2.212722575626193677e+00,3.115210804150905233e-01,-7.385352204333258674e-01,-1.235124412665977722e-01,8.776869817949295438e+00,1.317569355551016397e+00,5.881201706403889951e+00,8.034052012049242819e+01,1.167063162705952095e+02,2.844978361700651348e+01,8.665913716047246140e+00,1.542780566828021982e+01,-8.664963184224910853e-01,3.128644381103382610e+00,1.706059733940595038e+02,3.246066692784523156e+01,1.624354654698085199e+01,8.242192218380127500e+00,2.156534537625384118e+01,1.194229365811409238e+01,1.028703839699190468e+02,1.086372118359295342e+02,4.595330443249032015e+01,2.211760330263323482e+01,-6.656928376440841844e-02,4.845272199566181826e+00,6.882716999866744345e+00,1.914668761648628648e+00,1.773703411099876348e+01,1.401814510587638907e+01,5.838696480032523617e+00,6.027010081830301402e+00,1.389455733991469444e+01,3.214110226969972928e+01,4.867672072275647110e+01,6.620244606703094803e+01,3.232176623864916998e+00,7.600436376232591051e+00,2.525052038616962591e+01,2.487115814644730563e+02,8.156615398522450278e+02,2.528314923862321564e+02,1.108674536425616886e+01,-3.600440079425136730e+01,2.604561874473195360e+01,1.131286473139703730e+03,5.265363409275947788e+02,9.031421096751265054e+01,4.706260588485006480e+01,2.682607849473577843e+01,4.450359154827195596e+01,1.035235697741608973e+01,6.292143245537022267e+01,2.470064590204079309e+02,1.878215207119071692e+02,1.138797213977504725e+03,4.653436002181688309e+02,5.749964291193180088e+01,1.802243823037901273e-14
9.420139358343570722e-14,2.792676847976662269e-01,3.302353085405361810e+01,1.543101278856460681e+02,4.173437326907988449e+02,3.177154350930554756e+02,1.591179867091828442e+02,1.968988448016989707e+02,1.420965753653110539e+02,1.523373015255959899e+02,1.920970396170608865e+02,5.194433379197154466e+01,4.892573050511557398e+01,5.805465734123398391e+01,1.888257894117656974e+02,1.015070553411242003e+02,5.080441029830267041e+01,3.109945107355831340e+01,-3.208441257413583436e-01,-1.191242058023070483e+00,2.381498203500830613e+01,1.135754433032561934e+02,5.074587575074851031e+01,1.566006542401566826e+01,3.749318052913420907e+00,2.222791897411983442e+01,1.628181668970570684e+01,3.591624829309760791e+00,-1.759817956086122237e+00,-2.670982496802576933e-01,9.344920478910214712e-01,-1.573187678630390662e+00,1.358637273203665963e+01,1.253600105786735419e+01,2.794562759617785730e+01,8.379429112406538138e+01,4.333532395456141550e+00,-1.005236154203984045e+00,6.012188268464515595e+00,1.432996367841773422e+00,5.565617554887813956e-01,9.142442474619288717e+00,2.587222203344221594e-01,1.155059795938588207e+00,-3.608498404697624840e-01,-3.164244918633772607e-02,6.221909934040829704e+00,9.859826107348251156e+00,2.314503233221842926e+00,5.603982708267803758e+00,-3.223965893107955116e-02,-2.289484866977922473e-01,1.505015684312880886e+01,7.748026037906143415e+01,3.333342311618709886e+01,8.100333704203025675e+00,8.924423640307638239e-01,-5.090410233171768217e-01,1.484281100067010328e+01,-1.838725842124796284e+00,1.828720579102943722e+00,2.197759614604512990e+01,1.519292399992494502e+01,2.297395158015806516e+01,2.127395118995388756e+01,1.445139101279056248e+01,3.286541660002843201e+01,7.604014528290362840e+00,-2.594525395501412035e+00,7.200997126225729517e+00,5.760245147924850073e+01,6.172511750387172214e+01,7.087490340726391480e+01,9.086323197808266627e+01,3.091108462070646823e+01,1.274709603111991782e+02,1.123006669362950021e+02,-1.434359330494628537e+01,5.623008945122135671e+00,1.355103977127154380e+01,1.709358485294124819e+01,1.554288267345585552e+02,1.528295012351831588e+02,1.528431651891731313e+01,2.182168950840276178e+00,2.397497167548241936e+00,-9.704648775344619505e-02,1.208980189383083159e+00,-2.131897361121433132e+00,3.601725810300890340e-02,-4.578598467855511944e-01,3.941156191091298222e+00,9.672998933294731927e+00,5.780615517498185696e+00,5.766423742588270507e+00,6.990517321980585841e+00,1.012961739639337644e+01,8.857557725802269033e+01,2.327358143047843555e+02,9.669461473131336504e+01,1.411956874460154943e+01,3.583677109654587856e+00,1.628645859511203753e+01,4.848124472434418131e+00,2.336025082592692570e+01,1.573222795849504791e+02,6.721455029516880231e+00,1.426097197525709603e+01,1.805166917596768172e+01,2.640544129333929746e+01,1.185238131637314396e+01,8.846521432549180020e+01,1.106224964176288381e+02,4.551887303960346287e+01,1.282867240472270076e+01,7.633271839263067182e-02,5.251464154864068590e+00,2.152284361631360277e+00,-1.127331126467573608e+00,1.655392569313039175e+01,6.623681874697861183e+00,4.249077951913694307e+00,2.271677100123092430e+00,1.714615095195041050e+01,1.726312197996396591e+01,2.423331152439508784e+01,4.079476267872455963e+01,1.188374645712704414e+01,1.108958292642859433e+01,-2.380303870003759759e+00,1.548081863819115256e+02,7.109463549764741401e+02,4.330300676776344062e+02,3.334023264516327458e+02,2.930744409648729629e+02,1.882500401470294094e+02,1.598202996844517543e+02,1.269837254886738549e+02,4.578647018767314592e+01,4.318290135048471257e+01,3.926329581226681853e+01,3.779285883985117778e+01,8.023794172719421169e+01,1.530618035276424393e+02,3.024808387440677961e+02,8.391483962258923839e+02,1.076074675756229681e+03,3.332629392864868692e+02,1.263229145408634579e+01,1.002489906122823536e-14
1.030011988780753325e-13,6.385489668104137984e+00,1.091485653299038994e+01,9.117494196077714719e+00,1.361572659505550860e+02,3.400764238609147583e+02,2.821823950470877662e+02,3.620695732789047838e+02,2.825745565104003845e+02,5.031211587691080211e+01,1.103766411982220035e+02,1.072025365815941989e+00,-7.543839215962881983e-01,2.444577891911841050e-01,1.873388128450795875e+02,1.125395665753037235e+02,6.500058299774195802e+01,4.332922972386372606e+01,3.644703461909766240e+00,3.612527188260918898e-01,2.396927709688362640e+01,1.018025154927228328e+02,5.048497810799747043e+01,2.066263645423156703e+01,1.064791105996759413e+01,2.316968867125455844e+01,1.375556476433168207e+01,9.091883463158975331e+00,1.900341673712161006e+00,1.858216196780618223e-01,6.137501206021428679e+00,8.008967105877592418e-01,7.973800912718774114e+00,1.070034672672054654e+01,3.078861380598887365e+01,9.028495006531218792e+01,1.171985823553185035e+01,9.689084932631222280e-01,-4.400229576697248235e-01,2.959852789530882600e+00,4.230885771135160789e-02,8.127195389499059175e+00,-8.022099415590502880e-02,1.733063265471015413e-01,1.657035571554312525e-01,1.574870851740308580e-02,1.074534644062988065e+01,1.351204737223960350e+01,2.709587807474373555e+00,7.990468177132213690e+00,-2.050661292924597402e-03,8.931611638884819071e-02,2.527066184492910850e+01,8.680192033638564908e+01,2.389913568877583572e+01,7.015625563893173933e+00,-3.095259170218747080e-01,2.734027711352908785e-01,7.653607778965494823e+00,1.390622458832160291e-01,2.249884455356613966e+00,1.925909072199634053e+01,7.717614877414003871e+00,1.231746611829683502e+01,2.435866788109806436e+01,3.038015015253532525e+01,5.364227507731818889e+01,1.123913048250503977e+01,1.258671119515706038e-01,8.072941614996276272e+00,4.877810069979886975e+01,5.384771329152154351e+01,8.369967604005249484e+01,6.552252431325452164e+01,1.501241787030642172e+01,8.253577098727718919e+01,1.403805332737744891e+02,1.769123465363859538e+01,1.313183655659299731e+01,2.418093092587679749e+01,2.931489026722877966e+01,1.655585457048642297e+02,1.171808343986319727e+02,1.688613949710753204e+01,5.720784933824837992e+00,8.707838819871037417e-02,2.711758337802612218e+00,2.325628374834538103e+00,1.333680495745164007e+00,-8.627704636878061328e-02,4.672447245299318069e-02,3.142032570444567074e+00,1.946568334267186984e+01,1.331062337951830798e+01,1.212013033403535189e+01,7.427154385945574866e+00,1.512925509914160216e+01,1.878036314061348264e+02,3.344439142054886247e+02,1.217047992857510081e+02,7.433016868121024245e+00,8.942943756641371644e-01,1.002708776519990508e+01,7.184413175798169071e+00,6.358358192448935853e+01,1.209368761270499846e+02,6.784316555717038177e-01,8.410847863792426438e+00,1.663195906535638002e+01,2.386940941050874798e+01,1.357681246319448221e+01,4.414500829798518566e+01,6.450370910382640943e+01,4.060317440644119813e+01,5.759341603347960969e+00,-7.543529598514569709e-03,2.906350748737525080e+00,5.721061592988923444e-02,1.039623839924925353e+00,1.204172669791095451e+01,-5.657198719197553682e-01,4.438352670890147955e+00,-8.168172365852462147e-02,1.301555990259804219e+01,1.405475718397406926e+00,7.164709290902301575e+00,1.476704035137492532e+01,1.724026021097005668e+01,1.286373293386955829e+01,2.573628130880996423e+01,1.910792603505274467e+00,3.775901563704431965e+02,5.024149643899035595e+02,6.178267326897039311e+02,6.190713362661758765e+02,2.931483634753062120e+02,7.692865096457863672e+01,3.420699701740524290e+01,5.189289976382289638e+01,5.428549642297898004e+01,5.205885930243315585e+01,2.817118451224768094e+01,1.320407851519611029e+02,1.860239765071218585e+02,3.455556252084594462e+02,1.339039296958540945e+03,5.832389349650196664e+02,9.292431255344617114e+01,1.250082683147090101e+01,1.864021458318166692e-15
1.446263373143557520e-13,3.954293252651807755e+00,3.823744062229621044e+00,-6.321916609258232178e+00,2.502341684868986604e+01,1.292215611092628365e+02,2.549334364906109727e+02,2.876121452264032428e+02,2.560980748390954318e+02,2.969675451648847542e+01,4.251395601171076777e+01,1.235567925470961548e+01,8.659387969902008209e+00,4.029147669981419710e+00,1.010537261267961355e+02,8.897370951130061201e+01,5.477369300183932666e+01,4.670098563298900984e+01,4.989121020347336177e+00,4.459792958836306553e+00,1.379467266207414511e+01,9.967084354922388911e+01,7.161259555293865731e+01,2.922703904643150352e+01,2.986877444820155603e+01,3.010117853829565959e+01,1.168688055394255620e+01,3.040558738078610546e+01,2.675158527418498622e+01,4.061087858655141325e+00,2.122033195418774554e+01,1.046287722460857772e+01,8.427451179981751972e-01,1.036156789385639776e+01,2.076326690141861775e+01,9.133090210007384258e+01,2.708751242863018049e+01,1.238078936581449341e+01,-7.240377265565718368e-01,8.717436735313306428e-01,1.125619682266436605e+00,3.457517680540269200e+00,5.873142283694574028e-02,4.013505180521209859e+00,2.239570931486523087e+00,1.223248945907322305e-01,9.342514270370834595e+00,5.540723588134210509e+00,5.366097396668705777e+00,6.614309372025678258e+00,-4.462448635940929192e-02,2.138407532571726222e+00,4.191891137677664148e+01,6.908069481578696980e+01,4.310881888667238826e+01,1.856278883939966562e+01,-2.124965787490585178e+00,5.673319880149197303e+00,5.124329182397774574e+00,-1.505289613732863352e-01,7.073460110360556996e+00,1.501044826561255796e+01,6.757391270896181190e+00,1.106296006726131154e+01,1.739275440571204712e+01,4.678344266311186317e+01,5.942674087011910444e+01,4.335378580339328991e+00,-8.704450824008090892e-01,4.901838561091628854e+00,4.261886867943925949e+01,5.967680085958103575e+01,6.798964866139623098e+01,4.802767534648305059e+01,1.516944386907207587e+01,3.272980684551971109e+01,8.929282654466676661e+01,1.345596175394207705e+02,1.544035329022499781e+01,2.921719786678641029e+01,3.769804624762517165e+01,1.850129076710442746e+02,1.257750053201007745e+02,1.281279752821980722e+01,9.086011777307193782e+00,2.762395841841681854e+00,5.543771905229286645e+00,1.495595847779954246e+00,1.534049824727367195e+01,-7.785258274483102259e-01,7.565749227923228293e-02,5.922843517652393031e-01,1.630025468894914198e+01,1.516543230280167620e+01,1.184113212348842836e+01,1.110171934578156261e+01,1.474576973404960256e+01,2.206462130565940924e+02,2.525817729109133438e+02,1.960843693177316425e+02,1.980254177300573559e+01,5.840409424293023122e+00,1.531541746488655820e+00,1.475228062392279105e+00,1.061138849312333292e+02,9.309316961543106572e+01,1.520112279565188373e+01,6.936603768598058828e+00,1.134723360937359971e+01,1.632302834545183146e+01,9.070362502334695876e+00,1.015618246857988538e+01,1.893688277938348463e+01,2.962402769030007121e+01,4.476769834494135125e+00,-1.031059162218416446e-02,5.445201672070008186e-02,3.265738575359093065e+00,1.431157407047778207e+01,5.740777807667976518e+00,-9.246646691763288350e-01,5.131366856468184245e+00,1.148077289435352144e+00,4.033344399506982647e+00,-1.134587670219418420e+00,8.090065306174325510e-01,7.864169563021057741e+00,1.172107452068638267e+01,1.330193233624291160e+01,2.422184301798902695e+01,-1.283992441041631594e+01,9.114982353793190839e+01,3.753929390078282040e+02,5.026641681761096834e+02,5.485201023651487731e+02,1.616771684870298316e+02,3.991378809522294659e+02,5.280947783683042189e+02,6.742190805030720924e+01,7.416145579166963842e+01,4.440373940916641970e+01,2.854683961820094495e+01,8.034064143694226345e+01,1.258616981619102262e+02,4.933364842912085919e+02,1.033270088279720085e+03,2.096849821434458363e+02,1.740656387807661076e+01,7.780417051099870918e+00,3.268428250721773868e-15
1.809436038694124371e-13,-4.375865171468398263e-01,1.576167090826154693e+00,1.660796642670817747e+01,1.419493661815051588e+01,-1.936978214139826449e+01,1.351457927362320959e+02,1.281582209465024107e+02,1.346480968325433594e+02,3.419845045051889088e+01,1.652876945300526046e+01,2.717910693272966682e+01,2.088196397306810326e+01,1.651579522703586278e+01,4.054180112176859296e+01,8.206244756192189982e+01,4.561232735334966293e+01,3.100586373272308194e+01,1.972288121864989474e+00,8.430373187172342853e+00,3.556316742006680798e+00,1.036113828852071350e+02,9.110359776295943846e+01,3.206026778224229190e+01,4.847020213617486206e+01,3.788369740175317446e+01,1.487089856088315010e+01,3.823756022437665081e+01,3.728166837801814637e+01,1.361984387435627042e+01,2.298858856396215700e+01,1.462709037754710550e+01,2.162183059650416794e+00,7.144507277179880766e+00,8.885616765686274121e+00,7.028514279478478954e+01,3.363565507553484224e+01,1.416729762877557874e+01,1.342440219727428774e-01,4.828640914627610470e-01,2.922534423233159373e+00,1.192562861680404396e+01,6.418771622082925177e+00,8.391160799630441147e+00,4.357171204119858920e+00,-2.431847214680755431e-01,5.200654469141132275e+00,-3.849491715566672467e-01,5.970930718209925381e+00,6.318039607357030185e+00,1.026183102458476798e-01,8.469458107556055992e+00,5.585019726119926275e+01,6.548673405170829653e+01,6.002250159274903751e+01,2.419901281572982654e+01,5.035952158164272774e+00,1.886294117969291051e+01,1.568188227963037562e+01,9.899057726950648561e-01,1.601576739184987730e+01,1.615045058018511170e+01,6.500032222491520351e+00,1.266410234119225109e+01,7.786626024968865245e+00,5.301998582582935882e+01,5.735089449303146125e+01,-1.458327332017208322e+00,2.861723410034320292e+00,5.618093591338147341e+00,3.448577504674907601e+01,7.343842120780962546e+01,5.134697847366839341e+01,3.345200807013563349e+01,1.113302912332517813e+01,6.469168533178181413e+00,8.714500119602922723e+01,1.717200773332794768e+02,1.194414338179931256e+01,1.414944962461183131e+01,8.034564307269229655e-01,1.379412404126155138e+02,1.213811820875969687e+02,8.305637663468596443e+00,7.919638670634101096e+00,3.457702070933934557e+00,4.587591291651146541e+00,4.247716784054058059e-01,2.115249998649700203e+01,1.700152181937939266e+00,-1.122480580441578835e-02,5.333038372686230710e-01,7.066162978767678737e+00,1.530858939732412161e+01,5.805146934172641160e+00,3.172268078476506048e+00,5.220133729266763112e+01,1.767446291045419002e+02,1.210522047508793548e+02,1.985265748422874026e+02,5.351759593286132599e+01,1.330898086712437767e+01,3.155241137690515174e+00,2.373904761252732420e+00,1.303548011152313393e+02,8.260759292319956160e+01,2.299876382241214756e+01,8.239104327259157756e+00,6.684522244665289215e+00,7.618290350433321478e+00,4.706526235572474626e+00,-3.112037905700015816e+00,-2.542574460378403955e+00,1.649581255401176705e+01,4.248483801409721927e+00,-2.895719628368010994e-03,3.311751075010426426e+00,7.449917361622223844e+00,1.875984053312363287e+01,1.824840704645751099e+00,5.863645081923054114e+00,3.714523172434364806e+00,3.365317747928411762e+00,8.133792763250761171e-01,4.400307810224889371e-01,-1.895152677522816964e-01,5.870656265770371363e+00,6.001641676521026980e+00,1.182974190898386269e+01,1.320330201464282283e+01,9.782228500701892315e+00,-2.687042035376718019e+01,1.801434856337188535e+02,2.323216120820059132e+02,2.759559672975273088e+02,2.818180390501511567e+01,6.083755228367366499e+02,9.880445063026386379e+02,3.710258302083605599e+02,8.185906843998130000e+01,5.816279331363843852e+01,7.250618699928692479e+01,1.096471694965994637e+01,2.355499249653721279e+02,6.773524010870696657e+02,4.903618326594549330e+02,5.611997971576447952e+01,3.015746260856778349e+01,1.551563612114499158e+01,4.767686547128641562e-15
1.860042206876075537e-13,-2.157704899799739173e-01,4.425297492274524180e-01,1.922981750940858348e+01,1.733650325115875290e+01,8.412354641721104809e-01,1.705479679511302749e+01,1.905010843287828237e+01,2.252093054106167003e+01,2.651549192546618983e+01,2.543195905895157338e+01,1.747021439939008047e+01,1.021413932503045707e+01,1.336833581299588936e+01,5.402774274564535517e+01,1.002206086175300328e+02,4.277926620955785353e+01,4.636248922385583171e+00,-7.560058656504478614e-02,1.079805947182413739e+01,4.693688016667764695e-01,1.065681739537309198e+02,9.546352799972646608e+01,2.612262175740734449e+01,5.667500577746688606e+01,4.187824623314052985e+01,2.329303061125787622e+01,2.457752489075105018e+01,2.409939530013769726e+01,2.625576533928754230e+01,1.151264939105589313e+01,1.062464885186604313e+01,9.488683216643231333e+00,1.090181401272242168e+00,4.491197962446713099e+00,4.177894828868641497e+01,3.148446568511199928e+01,3.247419814867684273e+00,-1.135942372567125963e-01,2.637071011773946427e+00,4.595975411875120820e+00,3.144496785927336902e+01,1.980671314442665221e+01,9.683179678829585413e+00,4.433382642416209940e+00,-2.931308689558201341e-01,1.527276931466837739e+00,1.540709858253942910e+00,3.464039901060304683e+00,7.396962734876802337e+00,1.266283516536600706e-01,1.515703827821608307e+01,6.203195786382937627e+01,8.527435974075980596e+01,5.722045210504063562e+01,1.808471373314100106e+01,1.802889373398974726e+01,3.582710669215845911e+01,3.273956297200779630e+01,4.467728978114287486e+00,2.508443863051150302e+01,2.192841372687025725e+01,3.144059211640600981e+00,1.001175474759677009e+01,4.476672985900469470e+00,4.730032649447498727e+01,5.147544064052545565e+01,-4.207148479075977221e-01,1.150657626904379427e+01,8.907023092142653198e+00,2.662097869872598466e+01,8.503815255756771307e+01,5.894745501855587833e+01,1.968770751296283805e+01,1.744568148667418273e+00,6.013127426303234380e+00,1.375355885175798960e+02,1.106422672738835757e+02,3.866187622760251230e+01,6.115347210467047212e+00,-1.037279590982707411e+01,7.913279294865418478e+01,8.259480891207267916e+01,5.561682987312133619e+00,3.219365024756997595e+00,5.927487329327929544e-01,6.756031518738323527e-01,5.255267303194630785e-02,1.682825883179509319e+01,5.393753816856714955e+00,1.583988302908673901e-02,2.902482340714713338e+00,4.498324959329810246e-01,1.449356005277020998e+01,1.379660194391671424e-01,3.270229656956320508e+00,1.301944607186734970e+02,9.660778482788047938e+01,4.262003124891669614e+01,1.081551396061103389e+02,1.097018496620237897e+02,1.808016299320824416e+01,7.997206631032248048e+00,2.852672063481427145e+01,1.318695336357168344e+02,8.138152434249936107e+01,1.437195868759157236e+01,9.729338357278782823e+00,3.847773233196855713e+00,2.076983039908097073e+00,4.465056206527247440e+00,-9.058356564120676468e-01,-1.001074143893925017e+00,5.755301755063209512e+00,3.103989027827963820e+00,-8.426841010514600494e-03,1.093202231478119479e+01,9.410781864259474716e+00,9.340477010567816762e+00,2.895281515334697353e+00,1.590366523872815563e+01,5.567976770183594715e-01,4.478134778041729547e+00,4.139344102767117839e+00,1.070115150901873452e-01,-6.141432625678196894e-02,9.241753390656286538e-01,4.705032665023971994e+00,8.385913076072302630e+00,1.041587225612720324e+01,3.660921518534774766e+00,-3.052182380924555183e+00,3.414027914884614034e+01,3.456236987362113666e+01,3.745159145179660953e+01,1.037717117394087296e+01,5.020113237440193075e+02,1.058088165607496649e+03,8.977622891384989998e+02,1.867518881062050013e+02,6.489811810828614114e+01,1.163034655167027438e+02,1.108524753214394991e+02,5.458051819291320044e+02,7.635424655006801231e+02,1.550597046393760365e+02,5.692891203939930733e+01,4.482616303462957319e+01,3.143855986095646315e+01,2.705397310546999537e-15
1.673161799781705845e-13,2.219815150618996424e-01,-1.752146628575126597e+00,9.071928527653847496e+00,1.501608832017119433e+01,1.445966638736169330e+01,-1.663958832395773868e+01,-1.034672177282673644e+01,-2.079235583532397236e+00,2.901768275660701235e+01,2.852878115798702297e+01,6.174824259662364589e+00,9.626763015902790876e-02,1.481368840486192084e+01,8.754841775008432592e+01,9.491807670180716627e+01,2.493292479484377111e+01,-5.754813570564709657e+00,8.611234299844982232e+00,1.176464904025183955e+01,5.064027648076949717e+00,1.009141031407078373e+02,9.167191812670432682e+01,1.929471862532042081e+01,5.252635805518395529e+01,4.095801317784103901e+01,3.081274159907541588e+01,1.099251863771515225e+01,1.470107134787014047e+01,3.414977656952668639e+01,1.454058269983976537e+01,9.470848464238446951e+00,8.007431457235625771e+00,-1.490472582593177275e+00,9.368814317116646251e+00,4.971502228049753569e+01,4.152334578174724555e+01,-2.743638803854592467e+00,1.150293147565510488e+00,1.977358889581114276e+00,5.382862109678708151e+00,3.799293182635847188e+01,3.383422679384470655e+01,6.673516216473965201e+00,9.337201067485805250e-01,1.850005334312890826e+00,-2.655681598810009092e-01,4.125952215915777543e+00,1.646011020958948246e+00,4.429675638370794033e+00,-6.565449910000766831e-01,1.267111471908479281e+01,6.203446872217914176e+01,9.333717621713807944e+01,4.347504940614428648e+01,1.311716019749860962e+01,2.015289556921363712e+01,4.503574717844794861e+01,3.566762259807370583e+01,6.113697841471594785e+00,2.682955010776050031e+01,2.277180331676324698e+01,-1.191974463990183475e+00,2.110573952710973256e+00,1.302570501756046006e+01,3.792387218615829880e+01,3.751933521767470836e+01,5.167192724532514436e-01,1.355401047211372045e+01,1.704068331097803313e+00,3.139408184327153606e+01,9.022022400757415994e+01,9.213557046904806214e+01,6.527065138239776410e+00,-2.436469396413333044e+00,4.131072314778062804e+00,8.970551959545802845e+01,1.150168301829288993e+02,1.515274592233911619e+02,6.676229340355902764e+01,1.693547967070152822e+02,1.970166025937070629e+02,5.337114381793671924e+01,1.517928319805920578e+00,1.145770574308333511e+00,-7.507973356664989772e-01,-6.446801702567434011e-01,-1.589520057600146696e-01,2.117796014997489351e+01,2.626466262104348193e+00,-1.194262512604321869e-01,2.586439182737664932e+00,1.476129753625496921e+00,8.673027596195282740e+00,3.379302852438595295e+00,6.229520384980622794e+01,1.957463983379523143e+02,5.553808398478995656e+01,2.473380673126940366e+01,3.549148227970385960e+01,1.822795580256318431e+02,2.259587156328123569e+01,-3.967901901332461456e+00,9.216908216019152178e+01,1.237861208340707435e+02,6.921940341566994448e+01,4.580414567008149973e+00,9.684136529799015847e+00,1.192317798310456478e+00,3.328194258276612416e+00,6.538779366668569182e+00,1.146826546734283525e+00,1.242203646761607549e+00,9.822652467503882878e-01,3.757631954519406126e+00,4.978897317513000798e-02,1.232747466779090395e+01,8.741339679583308708e+00,1.951215893108394273e+00,8.813732266336442578e+00,2.234430197610935664e+01,-3.674135223922188609e-01,4.180827737810999700e+00,3.266733635568313865e+00,-7.141315790912498331e-03,1.017909922903448283e-01,-1.175654759761679546e+00,2.576698643666798905e+00,3.797143002433894132e+00,9.830677451973917513e+00,-1.946487009388595257e-01,1.202371238151581245e+01,-1.171082459556903466e+01,-2.059658126233109243e+01,-2.709895850717069621e+01,1.535786302339186093e+01,2.527428148480410073e+02,8.719769792339620835e+02,1.170022046653230291e+03,5.922867836815822784e+02,-8.116342177433439886e+00,6.123955937251465542e+01,5.812011072898654902e+02,7.730652214099928869e+02,6.108379112779261959e+02,6.233692342823434984e+01,5.965167518683840342e+01,3.848716264426799682e+01,2.000691066416793262e+01,1.609951748598020958e-15
1.253439187482086566e-13,-1.912721408611015028e-02,6.276087196080376573e-01,2.946489871319087683e+00,9.238908329075218973e+00,-9.562488898825149963e-01,1.367188807565529185e+00,1.103785044879679544e+00,1.824185594245661690e+01,3.560105976201492695e+01,2.117149961110199285e+01,7.181450718316535031e+00,5.018908027203485833e-01,2.079643024528241924e+01,9.896095538040641770e+01,7.697814374585216513e+01,2.260314871732859032e+01,7.008170991244415227e+00,1.737958969465386261e+01,1.086992575292033436e+01,1.052967279627782560e+01,8.978834381068143955e+01,1.060922849579242353e+02,2.808133508019345825e+01,3.670779441117844755e+01,3.347422253883958376e+01,3.300082834253044695e+01,5.705413498249476412e+00,1.410123182455300750e+01,3.225317831382081124e+01,2.084950349995066077e+01,1.199956103112741879e+01,7.558806987104868647e+00,2.767664398044189511e-01,1.417611723788286326e+01,6.675005091295491866e+01,6.472619901579810175e+01,5.920292031452185633e-01,2.202650699448561955e+00,-1.163245941920520027e-01,5.094700863996992624e+00,3.307213539995797902e+01,4.027052267536209484e+01,1.734614524598332208e+00,5.019263465632166632e-01,3.587452473527132035e+00,1.139099440869779933e-01,4.477092878445186663e+00,2.497130559044082432e+00,3.923569010168038718e-01,2.489532252598839757e-01,9.671591158393704646e+00,5.697860432497510175e+01,8.282123194512675468e+01,3.349591133963254208e+01,1.087045735516103662e+01,1.750037600729701737e+01,4.159511101146640044e+01,2.668696983768196773e+01,5.705508864372001554e+00,1.845688438351476179e+01,1.500769939938153286e+01,1.439916929676955837e+00,4.627156101720715675e+00,2.644583321797696129e+01,2.896240264271517617e+01,2.194746640973594864e+01,7.825074104690028509e-01,1.337959996796498174e+01,1.009148480939655146e+00,5.388981842569889125e+01,1.283360758918518627e+02,1.082008696169604320e+02,-9.254202348236312270e-02,4.646484275563238509e-01,-1.435399857158078663e-01,2.832646861585082831e+00,1.305691169054291265e+02,2.301193511303760033e+02,1.336140562916419015e+02,3.538091127615165306e+02,3.723539743341736994e+02,7.106790854629758769e+01,1.714365311908346845e+00,1.213515615079143073e+00,1.221592539152069473e-01,4.561673328538540934e-02,5.273718415709822971e-02,2.476011480269379206e+01,1.496084474834315781e-01,4.774590982519674731e-02,-2.779918221568606351e-01,1.458577132751233130e+00,2.634863433912925323e+00,6.979214533354741512e+00,1.327365092244878895e+02,1.985355421768469171e+02,4.988373363362772039e+01,2.947516871671085070e+01,5.637793085215795585e+00,2.015648793419896947e+02,7.645096859567718184e+01,3.578049660789047692e+01,1.463454152130637453e+02,1.048134937509555584e+02,4.992447091316674346e+01,-1.916255531805808043e-01,6.608637405286704514e+00,2.983628251663929601e-02,7.133358138736375587e+00,8.196345538645017470e+00,1.556029424453810206e+00,-1.327801500234159215e-01,1.026289292278163900e+00,7.378542691193712422e+00,-1.923221007196115884e-02,1.124334085800713723e+01,5.661081452945108339e+00,-4.639297321516618750e-02,1.623124850179858925e+01,2.377480897841387275e+01,3.914798959194109695e+00,4.163783257347915878e+00,-2.031904738004531030e-01,-3.630462228712347250e-02,-2.300545964825516029e-02,8.808967529642862671e-01,1.114930705986258985e+00,-2.835149289752469937e-01,7.961933360599144471e+00,3.028615395774638230e+00,4.390446373738146058e+00,1.332662999052539377e+00,1.821640377127811572e+00,8.492893974155981240e+00,1.533062143235373398e+01,6.255154874831509204e+01,5.776626420662457804e+02,1.125180137686217904e+03,1.005437302121944072e+03,1.788545537849205402e+02,1.302827170421537062e+02,1.056507590800333219e+03,7.592354419596703110e+02,3.398006882195635967e+02,8.211725500470841155e+01,3.827389557305237133e+01,2.248531782206333673e+01,2.049064578602977971e+00,1.726225760587054333e-15
7.532243070422629605e-14,-7.085892925528049224e-02,1.163048653229779639e+01,1.069701691715857450e+01,7.554463975190751412e+00,-9.211715819105213976e-01,5.312776276663232267e+00,2.269867025020879669e+00,1.219757688618561353e+01,3.101273802885786068e+01,1.524948294117127645e+01,2.138387488965613414e+01,9.270936234719110658e+00,2.306502736567098921e+01,7.819353288962176407e+01,7.611099658062921947e+01,6.279113484575826476e+01,3.673398703027280732e+01,1.587086494905245182e+01,8.441077102524896958e+00,1.246873337183661157e+01,7.753052042322485704e+01,1.499494968297625235e+02,5.900913154538034888e+01,1.648313910693386930e+01,2.253233522447857951e+01,3.074631496143693354e+01,8.864617837082196417e+00,1.607620589926967014e+01,2.152004570470159095e+01,1.148894670840321730e+01,1.418351079907382761e+01,2.127530000645590036e+01,4.478407505476325490e+00,1.095926290371800071e+01,5.113234964741674560e+01,9.205446217774330364e+01,8.228702378806067586e+00,7.851063664811317455e-01,-2.900377239943697227e-01,3.904151655365650342e+00,2.733826252834087356e+01,3.399491805422885449e+01,-1.042083096082879079e+00,7.501490483019214395e+00,1.820799094108577210e+00,1.794192244335473863e+00,3.571689406031576919e+00,5.436878286123945969e+00,-6.915568437474405028e-02,4.857451977353045791e+00,1.769214297963688054e+01,5.015292715667984424e+01,6.242594043878274590e+01,3.679660843789717006e+01,7.971691165836612747e+00,2.095438583491230844e+01,2.694105108884273392e+01,1.691745526987061155e+01,4.665464729249239717e+00,4.107146651158632089e+00,2.568387557505227292e+00,1.069463037843684106e+01,2.002959218562518018e+01,3.158766256996632293e+01,2.309923863338398320e+01,1.396282803769356207e+01,1.951957637745714180e+00,1.750207928216484987e+01,2.233660551302130770e+01,9.129832803135239772e+01,2.202092693503406622e+02,7.493678520701186585e+01,3.899615371050778823e+00,6.288455257199433213e+00,1.920282226816549143e+00,-7.822256634359920469e+00,5.683223576439217339e+01,1.511270629327873678e+02,1.218286762412429312e+02,3.021760910241677038e+02,3.999125965838392744e+02,1.323258410783246859e+02,1.070791104517814318e+01,1.315297060225686376e+00,1.409796508952613214e+00,7.218703878628808523e-02,5.758708547338513561e-01,1.372506509956596332e+01,5.830794219449537685e+00,5.419274939782219302e-01,-1.999489178775843756e+00,-4.481765238373958127e+00,2.453343835545333196e+00,2.869156096379942067e+00,1.509897473654924056e+02,1.238662060020888731e+02,4.397418229185302607e+01,1.752603644382583070e+01,-9.067188667190120288e-01,1.173097574539112884e+02,1.977965703263354555e+02,1.695201900446075172e+02,1.398254506928248304e+02,7.207914575229989396e+01,3.653054375862291892e+01,2.609991224860103154e-02,1.269512996325028009e+00,1.678906204235926181e+00,7.142061375218454522e+00,7.256155758347568430e+00,3.698649844249289220e+00,-7.543190635342781336e-01,2.558907315611627542e+00,1.236809193802610096e+01,-2.168762467407838179e-01,1.491704540608469287e+01,1.586853295273374931e+00,4.898055158714342827e-01,1.999913326052847040e+01,2.428407481818224767e+01,1.275085001054730860e+01,5.680939268127138675e+00,-6.069568473337860759e-01,-4.943229481361799404e-01,-2.239588117397184608e-01,4.795140334908846391e+00,3.991560300008728301e+00,-5.396426236315721159e-01,4.253521387652281938e+00,4.724305826812248199e+00,1.230784075083979090e+01,8.669961022206639001e+00,7.037390044909742848e+00,1.410484894727381899e+01,1.812149257020968918e+01,5.310923435894301292e+01,3.047062587207001911e+02,9.022466327901533987e+02,1.064414706858522777e+03,8.456365010446515953e+02,6.492895980723864113e+02,1.100509233536905867e+03,5.101895210886540326e+02,1.458432593116960732e+02,6.789970520346436444e+01,2.287345890768553502e+01,1.562550101439095407e+01,8.879535495736332606e+00,2.314752979516166610e-15
8.893661692495768877e-14,1.185356590911097047e-01,1.886194136520064291e+01,1.266466569594714464e+01,7.575312760963838876e+00,7.351869388154415930e+00,2.749527597225245756e+00,-7.324564457158082575e-01,2.045788943694109463e+00,2.043181947026790013e+01,1.545187268145078896e+01,2.826644539446614246e+01,1.199032079431234976e+01,2.290329643943647397e+01,8.536556010974155129e+01,8.478429279163603383e+01,8.149668549532600537e+01,6.735194959503240852e+01,2.554211469134732937e+01,8.297119874176720700e+00,2.404266534350301754e+01,5.603793590280007919e+01,1.614710482250946484e+02,7.655526240168397578e+01,1.537041665880857266e+01,2.632693582252478492e+01,3.762541434734598056e+01,1.853912059943345980e+01,1.739916224241077458e+01,1.633373500556482938e+01,5.173080433542518897e+00,1.385540303849492361e+01,3.391395094983557357e+01,9.435106823535134524e+00,1.203351496910974028e+01,2.770641534512786563e+01,1.158178009096304208e+02,8.478085036065253988e+00,5.182531120411709886e-03,9.044296580207424052e-02,2.223320544083678296e+00,1.886254089198488870e+01,2.162965797374395294e+01,2.291470862933106645e+00,7.298531729751495334e+00,-1.124028123861653850e+00,1.954864396158414230e+00,6.438611418125772978e+00,5.332222202630250152e+00,-3.382481549223095296e-01,8.856664650601425492e+00,2.884183820259771380e+01,5.236249029027293034e+01,4.175783246602652099e+01,4.038670492906086196e+01,4.777811519326659706e+00,2.047635779795139754e+01,1.113760118690206546e+01,8.758996501051340644e+00,3.017809491265997401e+00,1.180575519341664714e+00,2.366184031813954647e+00,-5.622131789920422840e+00,-1.115153169926358956e+01,1.624347828383310599e+01,2.592513037041453572e+01,1.391804714675819987e+01,1.506218470253160469e+00,1.412597034720107203e+01,3.050665303515060245e+01,1.281930626237936508e+02,2.653976212838910556e+02,5.638008964719956140e+01,7.845708047755165282e+00,6.785301901998767704e+00,6.288703056440485106e+00,1.232635348560924093e+01,-2.433204828490139970e+00,5.126844101173652746e+01,7.011406391430784879e+01,1.491258719771750805e+02,2.924415999278208460e+02,1.277577178754544605e+02,1.697969208924941498e+01,4.820905419994675256e+00,9.794728827802877680e-01,7.488334213315436805e-02,-1.032868398107062990e+00,5.253582175929641274e+00,8.739095578733515168e+00,-9.865560312365246887e-01,3.149122562673230430e+00,9.527319196898512033e+00,4.266915270101227620e+00,1.130195675500443642e+01,1.560122447250916764e+02,5.638030374676491618e+01,2.749683338795249199e+01,6.037173416488342603e+00,9.152529518892061899e-01,3.395446485299091677e+01,2.399846640742229624e+02,2.262059307549497760e+02,9.800598749199653525e+01,4.117372244771194545e+01,3.260911428016296298e+01,2.123379695257186839e+00,9.401820314963811320e-01,2.829958204896521945e+00,2.616310530000212520e+00,4.171832947305401440e+00,3.566869486325939587e+00,1.129940773717863278e+00,2.741906856370903256e+00,1.157171752928771724e+01,4.083417785902959118e-01,1.870897003888428145e+01,7.256276532996659423e-01,2.516438893365283924e+00,1.454141042824067931e+01,3.583010187584581985e+01,1.646757020745991440e+01,5.823999823380652252e+00,3.832434017056111641e-01,9.348285136336150769e-01,4.028304928403138585e-01,5.316219358625353664e+00,1.030893341666167906e+01,9.877818543935388718e+00,1.206820345278017292e+00,3.364209989151221603e+00,1.600603102736663175e+01,8.910341599269584023e+00,1.344875142516409161e+00,4.195526078059449659e+00,2.364225275599300957e+01,8.844491180246868112e+01,1.448169966868913150e+02,5.930183254148810192e+02,9.563987731178702916e+02,1.232608258256442014e+03,1.750232728688801899e+03,9.242714534028737035e+02,3.121289572958132226e+02,5.360574556222216103e+01,3.932650554857264780e+01,1.559396925273038903e+01,1.286413553937833676e+01,1.581928961745573581e+01,2.599620143843527744e-15
1.522447786542381452e-13,2.188067107960350199e+00,1.684952398024109144e+01,2.901866226684863825e+00,6.153195029940533800e+00,1.167883380066774990e+01,3.748224928808966183e+00,4.839889738447599073e-03,3.919899180687072882e+00,1.122174516665442390e+01,1.953855127620572318e+01,1.938178300107754382e+01,4.804649663773675528e+00,2.166269510559902400e+01,1.245924830943210253e+02,9.663789227854823594e+01,5.482400119747120470e+01,8.014190420835772954e+01,4.719973873663040820e+01,1.145278750162751180e+01,4.165798834311598142e+01,2.886379047359810812e+01,1.244426077503901951e+02,7.379387946389873321e+01,3.518974840442167817e+01,4.105417728812843592e+01,4.855022112256987299e+01,2.758527452194702079e+01,1.875872642805800439e+01,1.888151325417625870e+01,8.674728799279375124e+00,1.282226683504908138e+01,3.468192207669851967e+01,1.259434011280564469e+01,1.871447759160585278e+01,1.499142981025693722e+01,1.275691830663279802e+02,1.993590961161665343e+00,2.319795828503115054e+00,2.039945107602929297e-02,4.501285068553538271e-01,8.077223483082306643e+00,1.000136137531078262e+01,9.777693332970457618e+00,2.814260764292430550e-01,-1.140732918722307421e+00,3.150185801640675853e-01,1.162409595893565140e+01,1.485941243326476036e+00,6.866916819569139907e-01,8.861441140586594045e+00,3.275959968308811909e+01,6.025100214124172027e+01,2.963193168683064016e+01,4.046204179256834976e+01,4.276780295511135144e+00,1.490941731931973457e+01,2.331737864481979283e+00,3.216315047266902205e+00,7.085094724679550371e-01,3.485586728642244836e+00,8.285569533509997697e+00,-6.965760115400938091e+00,-2.239242701499332711e+01,6.077218937735375803e+00,3.824690218100820971e+01,1.559592715161411292e+01,-6.210301545998340306e-02,2.373499903875563977e+00,1.428365397426762584e+01,1.365027978949580927e+02,2.189750375692139528e+02,7.797403932863768716e+01,8.310948048784082332e+00,1.259735683516276072e+00,8.287297121573185876e+00,1.993910908096258439e+01,2.591128157137961185e+00,1.728860914693069617e+01,2.587987948486187051e+01,3.257343812024270591e+01,1.362767764772208920e+02,7.012153263191476071e+01,2.708718771448277707e+01,1.121045234659214529e+01,-1.932718659976734588e-01,8.269834870052225062e-01,-1.256358609390511916e+00,7.970537154447339567e+00,6.519605494157812764e+00,-1.421729578230609858e+00,4.414881117083070627e+00,1.406951291622031164e+01,3.470341700379869110e+00,7.511501537310263643e+01,1.658013189123363986e+02,3.617728462107221077e+01,6.048166855149771592e+00,5.426849429510513190e+00,2.266538675539325975e+00,1.093541502308094593e+01,1.616836968479308041e+02,1.518915499804381852e+02,5.213274375678781070e+01,2.254754191760150306e+01,3.378521907977761174e+01,4.516838714151857559e+00,6.974630517260375306e+00,3.697771541060019374e+00,-8.285267561549021220e-01,6.675914551304117373e-01,5.815629654112449698e-01,4.556527280938546198e+00,7.231695112911770140e-01,4.687864688069184993e+00,1.144395790660960754e+00,1.744027740239129187e+01,1.055490078956253575e+00,5.947935088805015980e+00,1.053133803102104693e+01,5.292190465492154061e+01,1.548834357665823092e+01,4.059007256976735256e+00,3.709646326421430773e-01,1.355962297920178194e+00,1.005744448948704628e+00,1.601329693788379860e+00,1.496045590341826959e+01,2.345929911970044657e+01,9.578636574339013943e-02,5.303898889059611710e-01,6.414595728082864490e+00,7.815690745784207749e+00,-3.754023686354966971e-01,4.728789664107214685e-01,2.778819256155085426e+01,8.438088927877844014e+01,1.313577571504345940e+02,3.286316642010395412e+02,7.200251955910830475e+02,1.333360441851968062e+03,3.007328581463998944e+03,7.508546034168359711e+02,2.653258067834377698e+02,3.239428035047707510e+01,2.336852335335823838e+01,1.362984523930602698e+01,1.014914042054267540e+01,1.040382587121669644e+01,1.297613705412936657e-15
1.402065560775152693e-13,8.793884562869445531e+00,1.263349281284584791e+01,-1.582750629142352761e+00,2.195997168084371509e+00,7.373632131969846348e+00,4.071136244248035219e+00,8.629291110205621340e-01,4.746081354109222161e+00,8.014281971622716938e+00,1.954056230919258752e+01,6.562784099977811536e+00,-6.021703982202929462e-01,1.864540887045570727e+01,1.217567041595017656e+02,1.137236390176656755e+02,2.868027562281434584e+01,5.977878343668462691e+01,5.092346441379464039e+01,1.447132975764676566e+01,3.954592153237802421e+01,1.489816706271531821e+01,9.295788726443305450e+01,8.645417270841922175e+01,4.850292886998329323e+01,3.579649086553799719e+01,3.604008267075852245e+01,2.442405421385880260e+01,2.406819040562320566e+01,1.462291550879076141e+01,6.329391453957081914e+00,1.619439025027782364e+01,2.601103311856100575e+01,1.077485421800597187e+01,1.551460529928969834e+01,7.615744233970382915e+00,1.194474633386629705e+02,5.118270345060869531e+00,7.365517612666595326e+00,1.176779642916171292e-01,-9.232333481716391566e-01,1.070908302798211142e+00,2.888534435934592803e+00,1.282086904722913800e+01,7.588214905329031090e+00,5.821139192921134686e+00,-1.186663452693604293e-01,9.889787261036964594e+00,-5.060629418214501740e-01,1.039208679029406390e+01,4.624396707496122971e+00,2.269060361571327888e+01,5.359372330995969946e+01,3.206909178983893582e+01,4.978819413724506404e+01,9.981914004734441903e+00,1.610747327380904537e+01,2.800372600452453398e+00,1.244089731826358847e+00,-1.576242129855065732e+00,-1.701510037667377873e+01,-7.799591435325358368e+00,1.191346557255784688e+02,1.797900441208863072e+02,6.138612748095307126e+01,5.443905711408732628e+01,9.514308563667976060e+00,1.637341426126318833e+00,-2.104285545532271762e+00,2.486958775305814662e+00,8.391473655262116438e+01,1.363645016475044542e+02,9.621131984588754449e+01,1.297140272352207369e+01,-1.300967217460226921e+00,6.153114152399975723e+00,1.457560929722959564e+01,9.001955348125230572e+00,1.094443103652582217e+01,1.308633953666062055e+01,-4.150251111555273376e+00,4.561390510931613562e+01,1.276692771235128703e+02,6.692664115794966051e+01,1.402031619671161344e+01,1.699123844765578983e+00,2.050417081133253827e+00,9.075386476957740811e+00,1.250047673323654074e+01,9.619197884133987131e+00,6.458215438685289911e+00,-1.990921800827628729e+01,-6.387267759309242621e+01,-1.264605359387862338e+00,2.410646482700959439e+02,1.505325573133772252e+02,2.564429842457473541e+01,-2.836250524836779974e+00,4.786552832460318818e+00,1.271386246559392141e+00,1.454371638091690322e+01,8.593460561887600591e+01,8.226808734468902173e+01,2.086848792860237367e+01,1.516113822154552260e+01,2.934466060515523367e+01,7.761388617501419951e+00,1.100485005745868428e+01,8.641885394539066567e+00,6.858236185147145392e+00,-7.182857895211777199e-01,-3.193639062369169057e-01,6.187195799875073732e+00,-1.651715489665525061e+00,5.646868132150719699e-01,-3.440883693838108770e-01,9.183863384439973743e+00,-4.194265920900629219e+00,1.215702212587294895e+01,3.373943711303288495e+01,4.928184534257094640e+01,2.289490887992115731e+01,4.067311912860655632e+00,-8.881147249779453023e-01,-6.168070109703767123e+00,-8.174707661162631256e-01,-1.132143873727940564e+00,1.028989647347153635e+01,1.756685676485068015e+01,-6.868207400829480502e-02,-4.232501892209697414e-01,5.600170496969365530e-01,5.018882571377178969e+00,2.401330382577372191e+00,-1.033910190059558865e+00,2.428528653661088654e+01,8.220913648536054552e+01,2.267821830602841544e+02,2.810659630181378361e+02,2.458705974859709045e+02,2.179569581372217726e+03,3.419525637726616424e+03,6.437613703251545303e+02,1.870522528453976747e+02,2.718410817665764156e+01,1.586482474250576757e+01,1.474431754673199713e+01,1.010726345064589715e+01,7.835640480580225997e+00,8.104743048396822117e-16
9.060166157332818760e-14,1.154433475193303416e+01,1.094093714303865639e+01,1.687100919190746673e+00,4.945287973098132228e-02,-3.294595404832221797e-01,3.474085058308415075e+00,-1.090758549715283576e-01,4.323824903540161024e+00,1.081478332488356031e+01,1.910455129238505378e+01,-5.834697961822127993e-02,1.998422088798916529e-01,1.503661526220969513e+01,9.231804450342569623e+01,1.178998955897449292e+02,2.018232603757049759e+01,3.133438808604908843e+01,3.599684240686887904e+01,1.341681026022214418e+01,2.247735703351846226e+01,1.039572725745825643e+01,7.392264346183671364e+01,1.154812389125515750e+02,4.771951300299875953e+01,2.026429070623688489e+01,1.246586824611452649e+01,1.290985757868740613e+01,2.817296817990596480e+01,7.214067482293699207e+00,-2.691609644608040086e-01,1.738464761172190620e+01,1.656519789774700513e+01,5.776467550713082488e+00,5.939002527183490088e+00,3.614810459257326247e+00,1.010857106392592044e+02,2.000644697868085231e+01,8.403821241961715316e+00,1.111532295012161109e+00,1.691280957294484799e-01,1.008174294549861738e-01,-9.729193991450306445e-02,1.019232524256233319e+01,2.366695738995833409e+01,1.468693957473195333e+01,-2.771093125741637755e-02,4.940716291379142255e+00,1.025194061181896377e+00,2.366950295924271330e+01,-1.784914984402950766e-01,1.032787084234651154e+01,3.880067918789570314e+01,4.028649718574298078e+01,7.623727309356399928e+01,7.946632146015824461e+00,5.058186506855856024e+00,2.294542898449191792e+00,-1.436432072876515087e-01,1.439510949583951316e+00,1.555316612719616387e+01,2.112013813870300538e+01,2.272641662853804121e+02,3.488692873039152573e+02,1.217089115035930575e+02,7.194178876308995996e+01,1.290799238474214050e+01,2.533159472753681918e+00,1.267072465622297861e-01,-5.952983252052835433e-02,1.863229095437839433e+01,7.843918111904523016e+01,9.828754014507605063e+01,1.455768098027008506e+01,1.171075826626537669e-01,3.624312559570625591e+00,5.202168168920173308e+00,3.713564183035610533e+00,8.960252980781264753e+00,1.580522833776813663e+01,1.672965050077379701e+01,2.387245656378426162e+01,2.388912895556695730e+02,9.343655380572295144e+01,9.706595645685546003e+00,-4.308900841973004048e-01,-3.177544842592893160e-01,1.639246776124681304e+01,1.312420494216513411e+01,4.114015571975324193e+00,-1.486739599347146390e+00,4.644872338120518585e+00,1.600686435951124764e+01,5.348447906181044154e+00,3.915106294948624850e+02,1.148398620948959916e+02,1.301308041546595540e+01,2.961900154128145890e-01,2.064362452174846485e+00,-1.118477098045443652e-02,2.459017046778056681e+01,5.260627625932553286e+01,5.616960917251969931e+01,1.084389543245836229e+01,1.349506414503583152e+01,2.146494909150838737e+01,7.472022074958507787e+00,-1.363191062987898716e+00,8.667874613533760098e+00,1.506594955951067227e+01,1.143860628930702283e+00,-2.334775769037428922e-02,6.459796432237666863e+00,3.170440627974734360e-01,-4.362251140223950656e-03,2.115418536771951907e-01,1.580304339300117267e+00,1.348387295906938022e+01,2.899313236536010407e+01,5.843302268147997580e+01,2.824342634017704867e+01,3.039860505607162011e+01,1.136054428443640063e+01,8.154151744134429336e+00,1.441494062988967428e+00,2.920808966404258578e-01,2.032351052860204565e-01,3.993729130342459133e+00,5.638507273423857491e+00,1.829055231343486038e-03,1.562919839632861616e-02,-2.558964308529847881e-02,2.636618207863690611e+00,5.266149153512560410e+00,1.990801515640032437e-01,1.539643442933931183e+01,9.809637811735227331e+01,3.353287663555528866e+02,4.298305571573142174e+02,1.033725020994083934e+03,3.382727288539819710e+03,2.753980266808238866e+03,5.105673173168798371e+02,8.229946565120178548e+01,1.928878130273088232e+01,1.375253667829963433e+01,1.600749010117528215e+01,1.165181150828682988e+01,9.874510680194477530e+00,1.387018105810864554e-15
9.252948241536190146e-14,3.275500429892892917e+00,1.251665635537258403e+01,6.443093040546717276e+00,3.980709452208246457e+00,-2.699775705614936072e+00,3.763236906141027571e+00,-1.759916125071626647e+00,8.297809762151283408e+00,1.703570958835528160e+01,2.441033685841075140e+01,4.472572398447232089e+00,5.739455061805360359e+00,1.274400594204580450e+01,8.346007302726322052e+01,9.494734465734380535e+01,2.445377085056122723e+01,2.640894338078240011e+01,1.748528477172741802e+01,7.021163866616271676e+00,7.674728202446783776e+00,3.584713436116977459e+00,5.158676696790410432e+01,1.416906034985502174e+02,4.206135537387527279e+01,1.902281328469139865e+01,3.592080001250849808e+00,3.380439778469201961e+00,2.370719992915724816e+01,6.078367526985947400e+00,-1.891466918405802167e+00,8.591885144902516203e+00,1.373122451018590873e+01,1.807886455984519802e+00,9.605683439300017890e-01,3.295720148278326267e+00,8.479185392645089792e+01,4.170952089534625173e+01,3.147577348442832879e+00,3.354176362350777207e+00,4.738057237272014000e+00,3.990068710625542359e+00,-8.325695490386919584e-01,5.940174586788794286e+00,3.351373315317454171e+01,1.782930522440740617e+01,-7.346270596301884837e-01,4.193787990749800798e+00,4.372776666597554929e+00,3.153905763923154382e+01,-6.835363601361492680e-01,1.039758398656662663e+01,3.359984827862518841e+01,4.133494720784031529e+01,1.113000579556169782e+02,6.398314363822460438e-01,-2.172965779294254673e+01,-5.111391925688209881e+00,-2.429420360146238522e+00,1.188291128195296409e+01,1.622926117434646756e+02,1.473803373158006025e+02,1.355919963462428939e+02,1.799901565312562468e+02,1.005366952190619401e+02,8.606644451043706567e+01,4.458870632841051673e+01,7.331577025879158771e-02,1.752061340658493949e+00,-6.877909535846943312e-01,4.843771440309917686e+00,8.014640873889057104e+01,9.479533623269290388e+01,7.487181816584476124e+00,2.164978859228910313e+00,4.969799408707946675e+00,1.143038376389651889e+00,6.646206932371467868e-01,3.895126843864088251e+00,7.913773288887216317e+00,4.619923159741247787e+01,2.226302873988570852e+01,2.564244789686102877e+02,9.751265544139580754e+01,1.378870874576682404e+01,-6.975593077903766925e+00,-5.329261700891520626e+00,8.310118589161634262e+00,7.278018530684667198e+00,-1.427648977573335465e+01,-2.833198115991692134e+01,1.321673997464653212e+02,4.339932266155645948e+02,4.804399206483660123e+01,3.735926885767195813e+02,7.817172222958646444e+01,6.794634231102489430e+00,7.050484403621049445e+00,2.150811001145535861e-01,1.299201879122353409e+00,3.261595725777371513e+01,4.839109674300730290e+01,5.331796661414229277e+01,1.714094974269129779e+01,1.171359512336341346e+01,1.658380695430611595e+01,1.188650176012228332e+00,-2.244992117662362574e+01,-1.732558077692680554e+00,9.553475726267912194e+00,5.858630564415037156e+00,-8.154751534508697386e-01,6.836675630129585457e+00,9.137684140685697898e+00,-8.107851942803148693e-02,6.091978550962223515e+00,5.739440659006628032e+00,7.617213669726555736e+01,5.657384313467478165e+01,4.901844940723773192e+01,8.114352202445244799e+00,2.370387151261720504e+01,2.685496467582312263e+01,3.392974079371058593e+01,4.196641989676228235e+01,8.916634661941312601e+00,5.764773720748531893e+00,6.518185452902295118e+00,9.556187933540481794e+00,-2.005115708582917017e-02,-2.475554095799599105e-02,-7.109228510346892183e-01,3.016834031650933667e+00,3.856407439534961235e+00,5.335956690383726553e+00,1.063685422128119917e+01,1.319166416254448677e+02,3.539816336334700395e+02,6.592554627771642117e+02,3.428570320928067304e+03,4.010404819811646576e+03,1.559945237500626263e+03,3.070712387464145081e+02,3.946297675563390328e+01,1.232448593846479312e+01,1.580075501943784211e+01,1.552762760008181964e+01,1.213010666329842202e+01,1.183469920130511710e+01,1.596721304834056997e-15
1.387955220437728796e-13,1.182707444470579183e+00,1.047472349616367993e+01,6.422369350077595129e+00,8.233486637766004534e+00,3.258904207306531298e+00,4.646750968678386329e+00,2.927279855405335862e+00,1.485878749352861661e+01,2.346066403444132220e+01,2.818440646433805341e+01,1.306484161127582055e+01,9.798975007262018977e+00,1.236319954013004185e+01,7.568148366838084939e+01,8.157583636896475809e+01,2.375567052832397152e+01,2.481243862932637612e+01,6.274538264223567197e+00,3.375725310235791810e+00,-4.134982375065575866e+00,-1.003691545212722414e+00,2.882143393916058116e+01,1.473985434609352581e+02,5.696964230131923301e+01,2.871917121050888255e+01,4.383079151310657728e+00,-9.099222356338355633e-01,1.299211861177517591e+01,4.745036937867356031e+00,2.034788894053836561e+00,-1.906901179286083770e-01,1.072958973737958921e+01,1.913535257459254790e+00,-1.797033185162218993e-01,5.518376465787524943e+00,6.006275350816872560e+01,6.921838016100447533e+01,1.521595615544764080e+01,5.907543405183712792e+00,7.384691564146438125e+00,7.681193765410090357e+00,1.044591657481366509e+00,7.459953895624189535e+00,4.157116002167027347e+01,1.583300585978046371e+01,1.374201135717434186e+00,2.942712240622033626e+00,4.471741200375152658e+00,3.561218457071076671e+01,5.035861169653130354e+00,1.444537288293934552e+01,4.274505088915829987e+01,3.517073750165758383e+01,1.031888881608185358e+02,7.587413495001582930e+01,4.060177913648073655e+01,1.099695027626008326e+01,4.944342195344948898e+00,1.314412157838094508e+01,2.421805948891943956e+02,1.979884393214260001e+02,2.146689905230874729e+01,-5.856684456608346245e+00,4.971407508883552140e+01,7.894438945048261758e+01,7.917516952667369878e+01,1.236331861066897098e+01,4.363240928660231610e+00,1.029321390890234555e+00,1.204176384020978219e+01,9.085840709807251869e+01,1.101133929049287445e+02,2.006306136499735260e+01,2.587520498744401820e+00,6.482457109624022884e+00,6.485617749858837433e-01,1.415571990458206753e-01,-4.423900091667105627e-01,-5.454460932802910333e-01,5.460696545849464911e+01,2.280840560581814813e+01,1.850473198068933982e+02,3.080219711677825671e+02,9.805192470897944190e+01,2.381101467592618803e+01,1.125262656441931952e+01,1.903945656240388473e+01,-5.216522927542251331e+00,2.730946026667314186e+01,4.937847423966448446e+01,1.723034593414984386e+02,5.927620343882915677e+02,1.512737125940255964e+02,2.203076944471638399e+02,4.110577820653116277e+01,2.669852373130256495e+01,1.712258272688283256e+01,2.504920799721562230e-01,4.397070090971249456e+00,3.405764067123385530e+01,5.274523345539118679e+01,5.428201253509058688e+01,1.678406268443345084e+01,9.855049654354674615e+00,1.118770581955251409e+01,2.114828364438545716e+00,3.780395460351815018e+01,8.175301007566213585e+00,2.286413402845082654e+00,1.056701591106745042e+01,1.587981493300630653e+00,5.066274184464711894e+00,1.503951950876858845e+01,1.332258307375391304e-01,5.164922691746869354e+00,2.689680853410685657e+01,1.191738318845424658e+02,5.772669895017482844e+01,3.300968691301967084e+01,6.593664972034654070e-01,9.200439796938077563e+00,3.325358725913876157e+01,4.448005804104709426e+01,6.015683346723942293e+01,1.273141232073065865e+01,1.046713442303865627e+01,9.094829600051031804e+00,1.171991548524973581e+01,5.382796814397101254e-02,1.773277537823757799e-01,1.343784223127761912e+00,3.994373645923474214e+00,1.343430926213565080e+00,6.502155127039043414e+00,2.745744952432516328e+01,1.888770532274316736e+02,2.599556666346880434e+02,8.860362222431374448e+02,1.121652906277213106e+03,4.051116947265743875e+03,1.517805090185138624e+03,4.120963278813935062e+02,4.946401656202566244e+01,1.539693825059245214e+01,2.120862752205305313e+01,1.620135876992346624e+01,1.124062022624967661e+01,1.518313090022058276e+01,2.127536805786723525e-15
1.874128060422573408e-13,9.197355216659055088e+00,3.425044317612377043e+00,1.518723628301872131e+00,8.191774501460482583e+00,1.204808724810270526e+01,6.349507576471303594e+00,1.153259959662144496e+01,1.900343603889154309e+01,2.493564444140377034e+01,2.559517928170731693e+01,1.725645618752570343e+01,8.133909750424782814e+00,1.237987597765437897e+01,5.835879915905170634e+01,8.738791275621996135e+01,1.574535217906871765e+01,1.331546038634873064e+01,4.298525276962544162e+00,7.026241840435325514e+00,-2.049547239617544925e+00,-5.150868715534905329e-01,1.259924800731348959e+01,1.400169215965310627e+02,8.550584882098776518e+01,3.884887088931177601e+01,6.278930574927752417e+00,-5.006776055523519675e-01,2.080391034760372015e+00,6.589252257892564968e-01,9.208709017837390931e+00,-1.177071018237715538e+00,4.614253814455379299e+00,5.828548232274273211e+00,-4.840479874186368742e-02,7.699379554505637380e+00,3.016128899062214330e+01,1.015317436838013521e+02,4.088386191768171329e+01,7.878146059168819271e+00,5.327631966195936819e+00,7.373300456507519307e+00,4.202274557496960661e+00,1.433011648069789246e+01,4.425340167864054308e+01,1.151094198518380374e+01,6.264404912117844226e+00,7.874643168663453263e-02,8.276578842775109690e-01,3.454298473527197189e+01,1.427341319294508182e+01,1.946634649848890675e+01,6.022421961395252765e+01,2.486856974077982585e+01,5.765593547473525149e+01,2.055855327020003358e+02,1.737005123328878824e+02,4.869535115822032623e+01,1.823273549296003893e+01,2.787104967525659394e+00,1.710927109442982044e+02,1.103760267162057147e+02,4.286096493815252928e-01,-1.103573819058407324e+01,1.695471118072437022e+01,5.317951021719451177e+01,9.616952121464650816e+01,3.233956144359631679e+01,6.198971899446134692e+00,4.591350785885374819e+00,1.256449661230585590e+01,8.116633884092019002e+01,1.346906420625797125e+02,4.864511759289486292e+01,7.836150724038285498e-01,5.434505772665860768e+00,3.807973594867551381e-01,9.741214496747437057e-02,-6.734672306201318071e-01,-9.139268422680938420e-01,3.707747125696577228e+01,2.024998273776006030e+01,8.165761874757073713e+01,6.560712114265538730e+02,2.313730497073720471e+02,8.914998329308684788e+01,4.856856461307236827e+01,8.182703373950138825e+01,8.624242669994507393e-01,1.111744800739599270e+02,2.106665177319098916e+02,8.242099888164405286e+01,2.909539742816198782e+02,2.460514692606768108e+02,4.120704649354532023e+01,9.050419513789220716e+00,6.148487406199849659e+01,2.757946303271467769e+01,5.527207781627010430e-01,6.576338057626196054e+00,2.904086025324482989e+01,5.452421691927659708e+01,4.806768052700380878e+01,5.257305489292793510e+00,1.021088631749370101e+01,7.425810432421198648e+00,1.330361283275644801e+01,1.602888808452545959e+02,3.796673520706263361e+01,4.946173736642303642e-01,1.302366111681114447e+01,7.517614954071086153e+00,1.444503737246718211e+00,1.250786081005826311e+01,2.272750731972134342e-01,-9.089320365255547651e-01,5.304453417605105869e+01,1.056035408274575076e+02,2.660843141064674100e+01,2.845168875876197845e+01,6.279453081983548124e+00,-6.039166412943381551e-02,2.419892424072833492e+01,2.787683006002538733e+01,3.465720277168741603e+01,9.347459862205958814e+00,1.130425490074551398e+01,6.181906613124297678e+00,3.520599521494887085e+00,9.810142057397859550e-02,1.042618413297887070e+00,6.330763486444636712e+00,3.854895461724164196e+00,1.871541144642541177e-01,1.496846995957745285e+00,5.370118262257727793e+01,2.453043782572660234e+02,2.966395983507457572e+02,8.182156225641449510e+02,-1.086574935398318758e+03,4.551310323546104883e+03,2.683776200623982731e+03,7.967735405585434592e+02,7.755402135307529932e+01,2.660643892764062102e+01,2.638410927537365680e+01,1.744383980822106750e+01,9.646511392378169347e+00,1.859826577770337863e+01,7.740079521468538952e-16
1.899316307535169846e-13,7.879449989208620941e+00,-7.497924734512398937e-01,-6.289978818773493963e-01,4.121080806020295029e+00,9.900450739092791608e+00,1.000477807912389494e+01,9.194499814770765056e+00,1.476851909448272160e+01,1.526248750136072019e+01,1.941740466762281514e+01,1.242729924582813439e+01,1.712969129322475803e+00,9.326714496257167752e+00,5.292190060901651805e+01,7.500074316573990529e+01,2.039614910888524690e+01,3.080452466349433926e+00,3.213794964804733478e+00,1.468256488778390079e+01,3.830600209874310025e+01,1.834475797495685789e+00,9.639934358753864174e+00,1.547664630404504464e+02,7.898579338947099870e+01,3.897034165446601151e+01,5.457167804077368345e+00,1.078892555602523506e+00,-1.359209196493508243e+00,6.530447215762328339e-01,1.587383148511575648e+01,4.545708730783966089e+00,1.546701329389275736e+00,9.347368649267902896e+00,-6.861963812551774566e-02,6.233791000920533953e+00,2.064489482236766094e+01,1.342878982083912831e+02,3.718427917700835650e+01,8.658651382940837138e+00,1.429007171226605255e+00,2.759557206753865621e+00,4.703571343433389451e+00,1.553752117801296961e+01,2.454236422517362470e+01,8.039425232682781086e+00,8.083708832466404814e+00,2.057692166823627211e+00,-4.217399652354017481e-01,2.132425100284559960e+01,1.916148180064578455e+01,3.425643237728436930e+01,6.924089709150500482e+01,1.394952424893828180e+01,6.105206527970462815e+01,1.984481299581065628e+02,1.788601300974727337e+02,5.574706511348847471e+01,1.354827508866428332e+01,1.296659303620283143e+00,6.583621335925558071e+01,3.089235800492016182e+01,1.238065257143494691e+00,1.627651736608083155e+01,2.703399548273806907e+00,4.070953041751774037e+01,9.648923898039427627e+01,2.000367028102830602e+01,2.254292159826354058e-01,6.205510878580287937e+00,1.057152410354918715e+01,7.374216691825844805e+01,1.191822110456311208e+02,4.655255482478381168e+01,-1.604698379904532457e+00,3.160718451751852065e+00,-1.282393201710073205e+00,-3.356869767403161120e-01,2.492985573524704179e+00,2.884335078876794078e+00,1.623080258656686325e+01,1.725083473192187355e+01,2.275970863777947173e+01,6.465136734599606143e+02,2.426210362075685509e+02,1.173779642191983612e+02,6.697815927797860525e+01,2.041312665184696300e+02,7.525555260807347224e+01,9.077533056281973245e+01,2.230058730646710217e+02,7.234887347676163927e+01,6.222007356385551446e+01,1.612921378600167088e+02,-2.018623948051591555e+01,-2.438291531103182752e+00,5.999091799282683724e+01,3.044940102409318072e+01,-2.366962745899555021e+00,4.200681037276918772e+00,2.265049981734743767e+01,5.713482932073076626e+01,3.535925940718029636e+01,6.202389791836012023e+00,1.603012364380919408e+01,1.632995721419887403e+01,2.081639678901688484e+01,1.698070289898256817e+02,3.888041081843418567e+01,-1.825201028796894276e+00,1.270217458113748954e+01,1.062720992231566441e+01,7.700763667653166555e-01,6.790318668658662737e+00,-9.204203043353244018e-01,9.812875224249294703e+00,5.393543629165667141e+01,6.284049015475400068e+01,7.755524269745740717e+00,2.289339030782927509e+01,1.231752956553568090e+01,9.543507775923128378e+00,1.442877893378569176e+01,9.833708561710805540e+00,9.620849351749276579e+00,1.329293604034834253e+01,9.617426966750043604e+00,2.209132621535151664e+00,-8.145039178546862324e-01,-4.037238640454159921e-01,2.124038128739524467e+00,8.836608210584426359e+00,2.765782327376903993e+00,-2.827644816669860339e-01,-1.800970387105783388e+00,4.072644922385390487e+01,2.429696139790100915e+02,9.343920318757088808e+02,4.183584479896455832e+02,1.530724486390701895e+04,7.230487696974877508e+03,2.769485757942054988e+03,8.154500517493356710e+02,8.671649530194105182e+01,2.948210560809432224e+01,2.494097281685633760e+01,1.356787119458097735e+01,8.651079729184864675e+00,1.600349837575384981e+01,2.824144389885553019e-15
1.772836646742872518e-13,-1.176910729757992824e-01,5.403990538844878622e-02,8.938663185470948833e-03,-4.649953793959100273e-02,1.392508411944035407e+00,1.227938694357988325e+01,5.095832623065402522e+00,9.063575936881141715e+00,3.363604490748152820e+00,1.514057004363292869e+01,1.684260317112430982e+01,3.003238555378968222e+00,5.689389570842663169e+00,8.127394681571088597e+01,6.374656464071605910e+01,2.984762615116199314e+01,2.045316015128285578e-02,3.095971990267985863e+00,2.110106176813964751e+01,8.433769910072535936e+01,1.399140610645347138e+01,2.287629954528973286e+01,1.608083893645707008e+02,6.888793746031240062e+01,3.600544924937381097e+01,3.181922256938717553e+00,1.795094760576094961e+00,3.307553019754328361e+00,4.060716859447783378e+00,1.764491562248745993e+01,9.896822189268984715e+00,3.957540488586172689e+00,1.117731054624461606e+01,1.034297648176907281e-02,3.119766965271472792e+00,2.119780141170182830e+01,1.403608441042031245e+02,2.508657025326920120e+01,6.034503778187720435e+00,2.879607576375596209e-02,2.791554872172410245e-02,2.755626980965919515e+00,1.230642681600435751e+01,9.326008465939745751e-01,5.615516900137874856e+00,8.023857543446204943e+00,5.060510953468223327e+00,-8.442971371913951528e-03,5.128140145261343541e+00,1.566694662298755958e+01,4.092531968189090463e+01,5.538530842990491010e+01,5.462702650301956453e+00,7.927166653292090359e+01,9.080662085232700065e+01,8.316451337269842270e+01,3.244908644801913056e+01,-1.748734067766863076e-01,6.598685470153057508e+00,-7.103575375052402219e-01,2.210413422550336016e+00,3.660298731002535610e-02,2.344712831846476675e+01,-1.057754813841588681e-03,4.413045863737237084e+01,9.811361412731206144e+01,1.763657279203652095e+01,2.306810393818466975e-01,5.312052859983971587e+00,9.556890180495830833e+00,6.658503233661289755e+01,1.293032498772493852e+02,8.212537706244680180e+01,1.169315269334974122e-01,4.713970514357574082e+00,7.420066327016077157e-01,1.094481020974602092e+00,6.011435459256719405e+00,7.106077464021512746e+00,4.886140271473062846e+00,1.217411996584929135e+01,9.003873111676249152e+00,3.567106232555510132e+02,1.546940201263417407e+02,8.897670524624517441e+01,5.524588624519950741e+01,2.818891495937423883e+02,1.650704852232722430e+02,1.655440559103152509e+01,1.156852770563179291e+02,1.069128220769147219e+02,1.477663756856046007e+01,5.083594731625714402e+00,4.022233204322171574e+00,5.697040075867952635e-02,3.413927337709529297e+01,2.815643454630106390e+01,2.105281134093985596e-01,-6.248692424489173808e-02,1.577513748618647504e+01,5.972194156207785909e+01,2.147615134552472682e+01,1.593569860751114575e+01,2.616895665047996999e+01,2.934318644856629277e+01,2.776050018291303445e+01,8.783304628626267174e+01,1.802611573848226101e+01,1.594343776460528661e-01,1.063269185195505706e+01,1.209246587637083437e+01,6.662241311200726379e+00,1.635091565523724455e+01,8.104755021463888598e-02,2.486473757716859367e+01,3.921440588397728533e+01,2.131566609200291751e+01,5.557333558935154016e+00,1.647011178132526155e+01,1.304538976680510487e+01,2.546808592443922592e+01,2.523696104781134864e+01,2.292574610718157047e+00,-7.886267244707544088e-02,2.051341468661405187e+01,6.111155071018458784e+00,-1.848572754524594949e-02,1.991474852177433849e-02,3.565657307501143153e-02,6.262964961618988191e+00,8.547497673164560439e+00,1.487825607916349047e-01,1.801431835768768294e-02,9.215239392929647222e-02,9.855163876826845026e+00,1.959483154434682604e+02,1.426966191098027366e+03,5.393558033580913616e+03,3.138470340765878791e+04,8.451529521317228500e+03,1.876773435583382707e+03,5.593618954864028865e+02,8.380165363316048399e+01,3.025153242725840741e+01,2.278809632668944474e+01,1.047493561285665287e+01,9.610877873533311799e+00,1.097588350293984583e+01,1.199202493488951910e-15
2.023659762160580892e-13,-1.762842930940282882e+00,3.912036169416535092e+00,-1.038665343961603232e-01,3.323828038676676644e-01,-1.185002275559575491e+00,9.128542681805594583e+00,1.415115049152416304e+01,1.116486965276231658e+01,2.196300849682218725e+00,1.820670399429880604e+01,4.792984400408242607e+01,2.191414898902997521e+01,6.663295362779451558e+00,1.415609515846915372e+02,8.764718050312097830e+01,2.572427530536866058e+01,4.027914053673110395e+00,6.985790465808301875e+00,2.213965078558464228e+01,8.686465311852511206e+01,4.125901811129179464e+01,4.613594188248021766e+01,1.147747515081416623e+02,1.067953176836726072e+02,4.092652588358799903e+01,2.483739036331702454e+00,1.022028547896702833e+00,1.139614918604043758e+01,6.576742359745963107e+00,1.202369404972453104e+01,7.732002880850004090e+00,9.725236000470832920e+00,1.114988766768788508e+01,1.644415329012309801e+00,2.624662832404560664e+00,9.076652811801915632e+00,9.793192909401527402e+01,4.657849718467370792e+01,5.088098641171504011e-02,3.579196569664977456e+00,4.896742141365366230e+00,7.823832091404315792e-01,1.087096320647474990e+01,1.147532594952320073e+00,3.808637756232885696e+00,9.683444629842181683e+00,2.255356349775972546e+00,-9.334698549736106798e-01,-1.389726770950717449e-01,5.116334557302508301e+00,1.998007795081789695e+01,1.967732157485663791e+01,4.911521413736836372e+00,3.906104216552438402e+01,2.543060634339356341e+01,2.182520989023600677e+01,8.597889504470391131e+00,-1.676084129253263111e+00,6.220626579485480256e+00,-7.305583166346157675e+00,-1.797090747994243509e+00,4.823532573010359314e+00,2.588801936508698986e+01,9.133968657846399664e-01,4.794242621842395380e+01,1.160156776691084417e+02,8.201753385254635020e+01,2.095631978021437192e+01,3.564185395901660058e+00,8.884420269912201462e+00,5.112100798784203448e+01,2.477666108374593534e+02,2.353296448104601097e+02,1.388680162127414874e+01,1.178917838741938162e+01,9.932681088458716445e+00,6.870747534968995929e+00,7.210084355384846155e+00,9.794351753588392384e+00,5.608769933161084964e+00,3.403303790154552200e+00,3.715968253310151681e+00,1.444104546528197659e+02,8.619362410693447885e+01,2.850445758739587276e+01,2.485944863009439487e+01,2.049627184312714689e+02,1.819111357218960165e+02,1.481119651174032548e+01,4.356371707687407735e+01,5.265751362036147043e+01,3.012731047348208957e+00,-1.966996853412023682e+01,6.851244316486294395e+00,6.623959007895419138e-01,2.225294086921399384e+01,2.659780408655820594e+01,1.880228608873850860e+01,-1.115717797714719905e+00,1.267834930122040582e+01,6.001232804806394228e+01,1.378426427594590464e+01,1.829411920788915324e+01,3.542035853296607684e+01,3.237506367274156815e+01,4.434947819553202919e+01,3.638610743721390861e+01,9.420572790454006196e+00,1.111655134162838898e+01,9.456434452113374078e+00,1.511319015129001642e+01,1.863044888940246580e+01,5.219111881888111526e+01,6.261243290985166965e+00,2.125273682097568084e+01,3.604134453432421026e+01,2.764662753936446560e+00,2.973341803458391386e+00,1.459769124713203148e+01,7.479426918518987222e+00,3.532803671985983840e+01,6.557473595062619154e+01,4.589436532927739343e+00,-3.625135551776351162e-01,1.889214439828981540e+01,1.672796921528619807e+00,2.488343211372389188e-02,2.222876466748053559e-01,3.057445409176843043e+00,1.505550424804529897e+01,7.575716818707333822e+00,-2.735762182723151970e+00,2.302893169217070213e+00,6.219948700241279660e+00,7.311632748078038979e+00,1.487279279981086688e+02,8.213400697147186520e+02,1.862591757403398879e+04,1.925970329802158813e+04,4.098053494913949180e+03,1.281728846536008177e+03,4.496915007566407212e+02,9.012136096022516085e+01,4.072940057773260492e+01,2.793508939095279686e+01,1.583567103966172596e+01,1.221829756203576167e+01,1.037962327420022568e+01,1.045599437049031662e-15
2.036721611172817183e-13,1.685907292129255941e+00,8.205488127215872396e+00,3.614918049497422015e-01,5.113878491312339847e+00,1.040273347250768143e+00,3.963660409145044916e+00,1.724437293253552994e+01,1.043915303354254576e+01,5.923500879397606944e+00,2.902945126620429406e+01,6.972963420361135434e+01,3.411329004042191571e+01,1.388468266632350101e+01,1.482924372853252635e+02,1.017605666920659502e+02,1.601018717830069704e+01,8.169933206211632992e+00,8.644005310838696943e+00,2.088837711961937771e+01,6.400534452358137116e+01,5.348451342065879288e+01,4.806851560716481231e+01,7.806879780697833837e+01,1.343117079722678966e+02,4.126480660149265134e+01,2.447887070554329636e+00,-3.671679238446598492e-01,1.436991181047663346e+01,8.516734272602583644e+00,4.736600302480630909e+00,2.609347602814430456e+00,9.615286770722963894e+00,6.278048569641647703e+00,7.198416656229055022e+00,4.827056188902205669e+00,-1.417317835702670559e+00,5.508698032817534340e+01,7.339748817780088075e+01,2.637890618745160509e+00,5.144564309401288504e+00,7.505740316584905258e+00,-1.750371799758395630e-01,7.265709840151326482e+00,6.136682922645687377e+00,6.439401017961290385e+00,9.083778301705599745e+00,-3.519657474549367504e-01,1.635976445752657105e+00,1.291123596616466362e-01,-5.968514944112287557e-01,7.099444800689116875e+00,1.316674029795771084e+01,2.766208985809240417e+01,2.044973948541635167e+00,8.572998400099818284e+00,1.430849958328554994e+00,-1.172596665043664554e+00,1.841421657916175389e-02,2.834739641298413826e+00,4.848251564011761161e+00,5.893560568494938812e-01,6.811004658261739841e+00,2.420412109077639329e+01,2.697478996932006101e+00,3.934648366702408140e+01,1.197285694553066975e+02,1.357682571274554846e+02,3.361923154421435811e+01,3.111522593730601915e+00,-4.284330189296409186e-01,5.757279874441742606e+01,3.578768626219322186e+02,3.664031184001560177e+02,5.321668142002900481e+01,6.409406095207200060e+00,9.439204142861242985e+00,1.346504882515854185e+01,9.262016765519019756e+00,1.315895148376424473e+01,8.949058542472061006e+00,1.847488271128422399e-01,3.088315536254720772e+00,6.909893081638702483e+01,5.788623220876271347e+01,-2.681146164448040548e+00,2.496241389786345799e+00,8.490750701177219639e+01,1.378990322376890845e+02,3.551095305829331039e+01,1.276540708029306437e+01,-4.569666809898364157e+00,6.691273857963840610e-02,5.620794392291849739e+00,-1.656558946467245885e+00,-2.181765743403034641e-01,1.432683452124083168e+01,2.073554274826313915e+01,4.303857983990228320e+01,1.523503039610388798e+00,4.006961379343653817e+01,6.222958474358391356e+01,1.865916669961722363e+01,1.599363499481622064e+01,3.385406612629494560e+01,3.570001226276654904e+01,6.653488997687350093e+01,4.881890080316140512e+01,1.530762864658402833e+01,9.457506517661961709e+00,1.447138877025910020e+01,1.273457558322448691e+01,2.426099972974533614e+01,6.999530562451617755e+01,9.193898730758098381e+00,1.641482594233729486e+01,4.499608058645170416e+01,-5.189253632081128331e-02,5.045280010139496785e-01,9.531156237336222858e+00,-4.764178453287192916e+00,8.480610679119151030e+01,8.735603361804626843e+01,5.812800118465877297e+00,1.040598370733289535e+00,1.044054020400478500e+01,-5.517104610805260295e-02,-3.562142717193371166e-01,-5.937849267554718563e-02,6.339561169237112992e+00,1.808612666786744683e+01,4.856881594806715441e+00,4.037721535378663518e+00,9.688370549380485031e+00,1.049273709113237452e+01,1.068322838986385648e+01,9.322227153392927335e+01,1.366535961827754022e+02,1.989856085935440569e+04,3.082802331223429519e+03,2.776627623512200103e+02,9.416467838142235678e+02,3.987425874740450809e+02,8.323120697806680823e+01,4.091329115595268462e+01,2.851198285525110876e+01,1.740713297960685679e+01,1.007781777585648975e+01,1.109588337350823295e+01,5.034971820266630564e-16
1.544359799242063331e-13,5.773443845260668006e+00,9.874434472182999301e+00,1.776418618112086900e+00,1.023468474247391669e+01,4.552732046744236705e+00,5.053542398222070631e-01,5.890668160061367509e+00,2.354339121500641063e+00,8.678642017075844706e+00,4.593564108950004510e+01,5.818432519894349753e+01,2.440520768932760021e+01,2.270713393591971041e+01,8.658878465599146068e+01,7.555624113583951384e+01,8.696274761351936888e+00,7.509449508639161941e+00,6.293171237700543763e+00,2.184432278537225969e+01,4.066990738394059690e+01,4.123344125004183525e+01,2.851494359993685990e+01,9.710461056814428105e+01,1.165357183685528213e+02,3.128589498575875538e+01,2.666916493131273214e+00,1.232497618418459062e+00,1.072710285692611443e+01,9.346067775820653623e+00,5.893424497766127645e-01,-8.176270012834832568e-02,2.060698126814973108e+00,-7.257445047329820140e-03,1.555845375827372123e+01,8.508615497062740118e+00,-8.150391000393412133e-01,4.509927671428904006e+01,8.221092374057319319e+01,1.313664384441071142e+01,1.459919266648606495e+00,4.059497690421542515e+00,-9.024605116692184514e-02,1.298501500374447115e+00,2.146458727354655149e+00,1.140079207369278436e+01,6.466815349101495691e+00,9.559366151575248161e-01,8.049174243539731322e+00,6.171371051031170063e-02,3.344773028555560579e+00,1.972865642220645199e+01,4.552730345812666712e+01,6.275289944791821739e+01,6.130318450859405743e+00,1.156076257169897481e+01,-1.035226178773867439e-02,2.712461512256982399e+00,-8.434660456557538932e-01,4.573779094342743656e-01,5.692410250241429992e+00,4.946270637462207853e-01,4.366081570726381145e+00,1.832389313340483028e+01,3.676386371261661790e+00,1.976334354196084320e+01,1.018737651749330979e+02,1.320742795338042015e+02,2.317645520158626127e+01,3.548372898618083138e+00,-2.560429939848355207e+00,1.067337357040860297e+02,3.552936964928883867e+02,3.630217171736318278e+02,1.234454697268425178e+02,1.805189519118508557e+00,3.445133316686164626e+00,1.149245915658655370e+01,9.563208416951264113e+00,1.568919383596809425e+01,8.367134916949195755e+00,5.558503755440335148e+00,1.962870292094904912e+01,8.690511742734108225e+01,5.436077974139914204e+01,1.218620723233509118e+01,3.600886093832114665e-01,1.944841638522207816e+01,7.500299181513581459e+01,3.150116222761025853e+01,1.368066424811397397e+00,-3.882813668743929192e+00,3.126154894136895290e+00,2.689980920927485641e+00,-1.172355873839552975e+00,-1.667472203950320364e-01,2.592061400672603266e+00,9.618657634238417131e+00,5.853045138521763846e+01,3.630959860411436324e+01,1.026850742691716363e+02,6.585936011909883803e+01,2.942207109652660080e+01,1.533092747257524557e+01,4.254433299864017215e+01,4.573700489123154256e+01,8.611732362624904624e+01,9.704389252779782282e+01,3.625245598310532102e+01,1.398564533167770918e+01,2.017358388758535170e+01,5.910093838276421430e+00,1.775088175728070183e+01,4.829055735563525076e+01,5.435766216851714461e+00,1.539019175873205292e+01,5.423771464665352937e+01,6.405024759495211439e-01,7.384207881749707547e-02,9.712405999570964399e-01,-6.859887490845084645e-01,1.615359159002713909e+02,6.634628853134253745e+01,1.339770280579102746e+00,2.970004576047812206e-01,3.202498057642212181e+00,9.328479744346466207e-01,-2.353572980105798629e-01,-2.314551833256465324e-02,7.376472172900447433e+00,1.288014696679898208e+01,9.065207847196253832e-01,1.900702013903950416e+01,1.779623839585963907e+01,9.694525738497510758e+00,5.359784745141704221e+00,4.676072009183556588e+01,8.548909562546042196e+01,4.545997390490635553e+03,4.302380930891231401e+02,4.749664888937180081e+02,6.868331677964557684e+02,3.118470473655539195e+02,5.802201689023625875e+01,2.708525579130997940e+01,2.091809082859509772e+01,1.182173607447068342e+01,6.170798694570563292e+00,1.109725177476957647e+01,2.515613682557121217e-16
1.166474744018558179e-13,6.742125717824469788e+00,5.975550755168385741e+00,1.562425698500972793e+00,8.261486890399526217e+00,7.084714101015135768e+00,1.541750815576823086e-01,-1.389697351581707041e+00,-2.026374624572335303e+00,1.118805080910949279e+01,6.488035750596129958e+01,3.195890672285181111e+01,7.018225476429275744e+00,2.881005629690713477e+01,6.761500666150895711e+01,2.974526390103483209e+01,2.626073281786903468e+00,3.097575591456219080e+00,7.382199908359851293e+00,2.832777201623578378e+01,2.737992604555896037e+01,3.621070002909156216e+01,3.798955353120977207e+01,1.546977718393878263e+02,9.186948569916775398e+01,2.369157283557585458e+01,4.852593646165258789e+00,1.168105941220581023e+01,1.006985335604273857e+01,6.215686502319289097e+00,-1.581758438995551908e-01,1.653889038041685300e+00,-1.356862784323065174e+00,4.950266100053198670e+00,2.028285301603491675e+01,1.184337502522522279e+01,4.784262883427510826e-01,5.327181627403759734e+01,8.264278488843797277e+01,1.047042398477138470e+01,-1.918723564287732497e+00,4.427227826648495679e+00,8.617715564375340309e-02,1.327240869652974720e+00,-5.737964973693145954e-01,7.523343030811198595e+00,1.002804908163614606e+01,2.160340473545284024e+00,9.766129413946664783e+00,-4.137728980085645519e-02,7.799521203555589643e+00,2.975248494281710521e+01,5.172131822433076564e+01,6.104407611805383027e+01,8.436188304719241415e+00,5.489029883776034957e+00,6.850540569911771349e-02,3.855865410867933107e+00,4.692492521007233464e+00,-2.211904204359888548e-01,3.665731445794124799e+00,1.236703807072574504e-02,1.089777377994189322e+01,1.247736281073079212e+01,2.227346486992745955e+00,9.397268123877463353e+00,1.010952373413322363e+02,1.164567019871330160e+02,1.051324626239057736e+01,1.370078578063955943e+00,5.185612288069593490e+01,1.879627939897473823e+02,2.340646324294077374e+02,2.393469878572064715e+02,2.094972885507058038e+02,5.641486550763893604e+01,2.938243020432121355e+01,-9.834359781065233008e+00,-1.524683428530350326e+00,9.817794966754348707e+00,5.916564441094793736e+00,9.835928929029600809e+00,7.332213106224546095e+01,1.110275992036815040e+02,4.377815248173182283e+01,1.436925396525264986e+01,4.159698314123962071e+00,4.471947806318373075e+00,4.011822783017457539e+01,2.236920683139004495e+01,-9.096343524741804520e-01,2.526259527346272904e+00,2.978933893909513131e+00,-1.816537573626589852e+00,2.200112625692727253e+00,3.554387733524142501e-01,-1.162645022859017940e+00,1.858602516764717771e+00,5.381371979028314456e+01,1.616149973662911634e+02,1.633700181810509093e+02,6.180749292666841654e+01,2.266857646917083002e+01,2.027219234199475295e+01,1.198571570286271708e+02,5.366535386613469427e+01,9.403805505683500598e+01,1.002675114193505834e+02,7.802584615751761987e+01,1.003297386746463360e+02,9.443535047888191869e+00,9.415883652361189959e+00,7.383989297732074242e+00,1.869824706978538131e+01,3.101735594531758178e+00,5.462029920970857155e+00,5.561428195678103492e+01,-2.690700399382571550e+00,-3.611154746336280308e-01,3.362983287009665645e+00,6.902620830308360667e+01,1.559558780172592378e+02,3.372895202200389519e+01,-9.526372321617153638e-01,-1.750498195936274204e-01,7.563149890520509011e+00,-8.905911770721459675e-01,6.709492721847657215e+00,-4.906966766472320093e-03,5.038665152909163503e+00,1.191960341432295323e+01,-5.815491979005887879e-01,2.216346058887104320e+01,1.213391764610928725e+01,6.707216578655201822e+00,1.081326512523522076e+01,7.389216480458709668e+01,2.302327036590766340e+02,-2.416706948008262316e+03,9.081822661083714365e+02,8.188851923821398486e+02,6.115801626013129635e+02,2.619943536459369966e+02,5.002290587150066159e+01,2.714533579548411879e+01,1.946785637930929980e+01,1.484067487849349476e+01,1.702384381086622511e+01,1.296919453916802389e+01,1.427516493489759532e-15
1.444048012903511824e-13,5.297708272563188103e+00,5.778202771292283851e-02,1.914519604557295487e-02,1.548372036482943637e+00,6.758367803690672915e+00,2.833012179333457059e+00,-4.938154650728111134e-02,-5.306275813377354239e-02,1.324716911619597504e+01,6.992885557344921210e+01,7.699887501566561809e+01,3.655431212262229934e+01,1.277892224897787656e+02,8.295571946673966579e+01,9.293237938046847169e-02,-1.012625198981868466e-02,2.691482853555732024e+00,9.660249603073264524e+00,3.512910719848030539e+01,2.791205199149056781e+01,3.791065144612670679e+01,6.459924879295515154e+01,1.916747036553394992e+02,8.185104913227864643e+01,3.002387960156252689e+01,1.000691241304098611e+01,2.113708573805318736e+01,1.192284853099731023e+01,3.687999123505139476e+00,9.857194466455004508e-03,4.211650512620237485e+00,-1.748602014248617012e-02,1.658752634989451380e+01,1.774166679744932296e+01,1.120054962733828674e+01,1.283688755795980548e-03,5.634861390202038223e+01,8.880682199700369495e+01,6.426285877197198459e+00,-7.854551546577336063e-02,6.323693566514937636e+00,2.485496738060529159e-03,6.308297765715763283e+00,-8.847547690263036710e-03,5.003844115024576322e-02,1.475308915180525560e+01,2.832419595533340662e+00,6.202888973433788422e+00,-4.730523381443851698e-04,9.012711771745671285e+00,2.808494099914726050e+01,3.097134426292697640e+01,3.262502431860074381e+01,4.219013823922422191e+00,3.862311382663823900e-01,-3.502382862284122989e-02,4.893152530045116050e-02,1.285592433431419934e+01,2.563194549538957645e+00,3.338531365816093555e+00,-5.677057713878090432e-04,1.770379506413196680e+01,7.694055009512723586e+00,1.750444582957071463e-02,9.386020005330678373e+00,9.746245359582782442e+01,1.149288673728768799e+02,1.274549843953537120e+01,3.896165069228920252e+00,1.320490170619206083e+02,2.513781588394384130e+02,8.901966976292779066e+01,8.829903010418382792e+01,2.246793080243147074e+02,1.246086034799181022e+02,5.753365122884534344e+01,7.240181982686532125e-01,1.048142340249282256e+01,9.848606283581279319e-02,3.284128391882403353e+00,9.281373968620371784e+00,1.225609254732176510e+02,1.182924610852676892e+02,2.769805330441259983e+01,1.383101888467445084e-01,7.252311660352472877e+00,1.321678172989801148e+01,3.179549699424534026e+01,1.825162315740733021e+01,-1.635625929069557324e-02,2.205342347270700804e-02,2.684695817038073098e-02,-2.152656750869139449e-02,3.538996943650732252e+00,1.830307107868901079e-02,1.215000179730644669e+00,-6.322987610393468808e-03,3.544706964857743969e+01,2.723427417645418700e+02,1.761875505860211035e+02,5.143148260385861192e+01,5.595768575436857795e+00,2.368170692789682974e+01,1.933793440040338680e+02,4.231158095657212215e+01,8.462090875569222703e+01,7.073487032796298024e+01,1.029132196025024655e+02,1.860969428994159216e+02,3.107513699180532996e+01,1.764247871461736494e+01,5.385403957298266070e-02,4.801931122305344579e-01,9.811689738981792530e+00,1.545437177314677228e+02,1.918955878451665171e+02,5.061466426350723857e+00,-2.267474341873815247e-02,1.701341160814991582e+01,1.507682576007315163e+02,8.853918089142608494e+01,1.080336061840501927e+01,-1.603351644361408063e-02,-8.566706140763372199e-04,1.411115573962764280e+01,-8.229529106357613699e-02,1.265244213973285703e+01,-1.249856867440557028e-03,1.005830315165081368e+00,1.243913465210913394e+01,-7.019983184678894178e-03,1.362573308720575405e+01,1.037197009269710812e-01,3.859526989038145395e+00,1.992041471845479705e+01,1.218328052105523653e+02,3.232344339426970805e+02,5.216690682950477367e+02,4.214249338735607466e+02,3.484270204486219882e+02,5.772602138223727479e+02,2.668539173464413352e+02,8.090607632207343158e+01,1.835656275350965672e+01,1.904609741949496993e+01,2.617680200665848389e+01,2.674149606290922421e+01,1.218054492572068348e+01,2.449922177190167959e-15
2.474283696594691339e-13,4.599288883411476014e+00,-1.575745618950884497e+00,-7.068193692580349019e-01,-1.881566667824228212e+00,2.905753121131552597e+00,6.903505826206397522e+00,3.914365179084156043e+00,4.228670449273274734e+00,1.374483779227466229e+01,4.831112930409331341e+01,2.526727216628157180e+02,1.521848559696782672e+02,3.794201158553964888e+02,8.367967148428529356e+01,1.576838601326285172e+01,3.779310545160885493e+00,1.267161374954918607e+01,6.796404960434411890e+00,3.494175771083659043e+01,3.901860422441851739e+01,2.961162811013280916e+01,6.546207694254050580e+01,1.540224829290716002e+02,8.887782104731564914e+01,5.276488923929701969e+01,1.720928788948286581e+01,1.631829243280949626e+01,1.103836624077168693e+01,8.216088181096779408e+00,-1.123153380139190638e+00,2.432135554363280328e+00,3.077338736070091563e-01,2.114630024938028896e+01,8.637179872075787301e+00,4.308781863798303746e+00,1.117810602207882420e+00,3.725457546169342038e+01,1.063553173279167794e+02,2.938565818463817436e+01,6.777177062608890523e+00,2.732809019531656336e+00,3.673745065378480890e-01,9.453955032360710220e+00,1.280169267547206224e-01,8.761536436280511486e-01,1.055421047278955626e+01,4.177375267893183697e+00,1.953165363687719092e+00,3.520693209805577945e-03,7.694791598596784965e+00,2.016852067457769593e+01,1.903327933248226245e+01,1.791955268526320566e+01,1.156355189296302122e+01,1.877578483602588832e+01,4.850290942338944866e+00,-1.652897552082874366e+00,1.365249057269841515e+01,9.056580159835618815e+00,4.351709960584829062e+00,9.507602994612830011e-03,8.419381265859861685e+00,3.008228109560969976e+00,-2.056513330424891983e-01,9.388297872420091394e+00,5.153820203617186735e+01,1.283757999858126482e+02,3.613118730640648835e+01,1.809852002424367612e+01,1.696651287330263074e+02,2.430211639204358107e+02,3.645819061004338124e+01,1.633937416528095099e+01,9.458593329359007384e+01,1.186462786137010283e+02,3.544961942855839965e+01,9.358098174528504387e+01,8.276491642470261922e+01,-1.309201698115792567e+00,1.214525597562144510e+00,6.267585597010266518e+00,1.108737834708190491e+02,1.212774973583569533e+02,2.424497307550223368e+01,-2.469110288477302628e+00,9.206464742359708353e+00,1.631344974466341569e+01,2.342640728811351636e+01,1.971921990947689451e+01,1.292543784776433169e+00,4.503622099115590083e-01,-4.052847372339279386e-01,2.284889816675051144e-01,1.433817841217678080e+00,-1.417638394773909516e+00,7.476456628396047632e-01,1.926528340039815435e+00,1.882465040159538816e+01,2.170252940636695769e+02,1.149347925524960061e+02,4.258669134078016327e+01,-2.193907818692256151e-01,1.582963054199569619e+01,1.521354512094169138e+02,1.171163313138676898e+01,6.503643843197367858e+01,6.433789888121503964e+01,6.766550562208101383e+01,1.485950432773673526e+02,1.342151247424162364e+02,1.547310066266120998e+01,-8.846522165834735940e-01,-1.868045142245962076e+00,2.904253907969472692e+01,6.037323976597514275e+02,5.758797807407211167e+02,5.089910410837016030e+01,1.837743636423734062e+00,2.859846403989351060e+01,1.609229999474545991e+02,4.743734908349942003e+01,5.518195276837970731e+00,1.105782914362647196e+00,-9.662871545044555976e-02,7.055801728512780535e+00,1.056576388308866399e+01,5.978184403157456472e+00,1.167289931236640405e-01,-1.276701621017976906e+00,5.231412594734548449e+00,8.566254385199020827e-02,5.485312320686358767e+00,-1.669868978166771489e+00,2.393084779362592229e+00,1.367477929352866362e+01,9.687965916408953149e+01,3.322521370723224550e+02,1.122589086026230461e+03,1.899954020528013245e+02,1.270910164220176028e+02,3.696867777981340737e+02,2.886272957028258475e+02,1.646152012036787369e+02,-9.007900037042476882e+00,1.023567640673841694e+01,2.913402701156956809e+01,1.180681387780242453e+01,5.785889780544749783e+00,5.537497212234092995e-16
3.004409420720185070e-13,6.061363954138753840e+00,1.262149679840743222e+00,7.300530420554967037e-01,2.217131076064950079e+00,-8.836337338062014712e-01,7.774240766893496968e+00,4.639196722994638478e+00,5.279619277271011768e+00,1.181996988391384029e+01,3.173002880452092356e+01,3.375607567417440009e+02,2.273013863853393559e+02,4.283087779372528416e+02,2.018567516967062829e+02,4.950658112154216894e+01,9.255180963285939200e+00,1.707181337098030482e+01,3.813538802571964759e+00,3.448999021610524096e+01,4.343556039427505766e+01,2.347488308032526305e+01,4.919757796506751646e+01,1.079023641313033863e+02,9.811138341231145432e+01,6.428226567151244808e+01,2.002892942728699666e+01,1.250801550621939917e+01,1.203545097881669435e+01,1.356254802964580186e+01,1.659225111863151136e+00,-9.078252297699248574e-01,-9.167351342473616105e-02,1.541187394236721886e+01,2.768662970368152454e+00,-7.818210875471218735e-01,5.387189551937874299e+00,1.680785805543955291e+01,1.014147223620249036e+02,8.278508123465107360e+01,1.367128550471138348e+00,2.838555794754346717e+00,4.435809766452665670e+00,7.542951257993787628e+00,-1.368828953926920847e-03,3.160698017860404718e+00,3.761936821953483889e+00,2.803439281351070900e+00,-3.791974268538133575e-01,5.329406393778935748e-03,5.388309275634791007e+00,1.007850173367668845e+01,1.284020403238280039e+01,1.455036263287925813e+01,2.207153816150598757e+01,3.001763242214048688e+01,7.025505382490001338e+00,2.240302038493844350e+00,8.976493955266416691e+00,9.658535003172039168e+00,5.007438968285309322e+00,-2.187517679084444427e-03,-2.043868247832885121e+00,-1.176784716291421784e+00,-6.399013363842162572e-02,7.227194975497213569e+00,1.128898789558280136e+01,1.271231021161472370e+02,6.054184676691228617e+01,2.040990258158189263e+01,1.649144514747545713e+02,1.910950394738094076e+02,3.153900440255155146e+01,1.568054858078257841e+00,-1.625031476309817080e+01,6.760099931326702460e+01,5.129757837410025445e+00,1.486184655393721812e+02,1.432059895088010819e+02,1.505443579383401875e+01,-4.555342772789705008e-01,9.415824870311482186e+00,8.800275025908010207e+01,9.975381836813070890e+01,2.635443946368581791e+01,7.953163925768022002e-01,8.756268761842134651e+00,1.194182381977662999e+01,1.573753508707731186e+01,2.809385634590429603e+01,4.486775680921025966e+00,-1.239532881804195075e+00,3.157928606706719016e-02,1.404002582846163028e-01,-1.110638087439962673e-01,1.999722654983948633e+00,1.217349410341570098e-01,4.881885081035420626e+00,7.930213006512230933e+00,1.001265021713202117e+02,4.930029430153195591e+01,3.988445962835138658e+01,2.429618676071904071e-02,5.699569343751878847e+00,8.651691817330437573e+01,5.114703516363059776e+01,8.568401369596126926e+01,5.504644937309000596e+01,2.458843638421637223e+01,1.365471745820627518e+02,1.898116187658557976e+02,6.620456175527904108e+00,1.799161096751564770e-01,2.636887668960206654e-01,5.089626315069195073e+01,8.943340739166185358e+02,7.918542558936851492e+02,1.506959738279882117e+02,-2.248383511952370739e+00,1.071321486692773206e+01,1.746462524067096354e+02,2.833502237151424197e+01,9.558469891626304005e+00,3.646574677450882707e+00,1.770802428228265002e-01,-1.874485264475851398e+00,1.482695697365994825e+01,-1.272083040916766050e+00,-1.605365824456680690e-01,1.607285885732980812e+00,-1.126738128312717580e+00,2.477047200191741586e-02,9.273776077895872216e-01,2.912589857499743862e-01,1.910713453174161414e+00,3.275457605404430428e+00,6.288811645926659821e+01,3.461037933036088816e+02,2.801941301535524644e+02,1.813225647304853396e+02,1.014338225461943921e+02,1.494385866083315761e+02,2.474275244707508534e+02,3.281836888353822701e+02,1.303833214594656340e+02,2.209326231066169299e+01,-1.204397443017919223e+01,7.269364042089344835e+00,1.714152438321342586e+01,8.526396620767296290e-16
2.407837662644598513e-13,9.326862423186573992e+00,6.372118701181626932e+00,3.734151100459559114e+00,1.056121760616051475e+01,-3.434818814822099275e-01,4.851908679949118230e+00,1.348795127530183047e+00,1.520891700760458098e+00,7.664559800959656499e+00,3.436974259087442363e+01,2.273251588297217154e+02,1.850137249834289435e+02,1.563203992222443617e+02,4.073472577095059250e+02,7.956650504078363895e+01,1.469268808665647974e+01,9.590753603140738548e+00,6.244503562891132731e+00,3.726230506353904559e+01,3.446958259437819549e+01,2.504035281431848858e+01,3.245504257330950537e+01,9.357644034543578471e+01,1.052105178721956378e+02,5.134997435773660612e+01,1.733189358135384950e+01,1.938174361851699956e+01,1.594534186886448346e+01,1.385938713539355049e+01,8.707340158062256918e+00,-1.291319472572672433e+00,-8.335068012808231896e-02,4.026951395550603330e+00,3.754798790666804553e+00,-1.997732292178912294e-01,1.053260342691235429e+01,9.704765197520051956e+00,6.175310380562302726e+01,1.386003024736039606e+02,-2.610794760555391836e+00,1.039247460473821150e+01,1.426638443885592444e+01,3.272030223465734355e+00,6.845065194652165397e-02,2.457132001606142424e+00,5.239038624164004121e-01,-3.568919142127685573e-01,3.003838169116086476e+00,1.693597294016033553e-02,3.325723030785527889e+00,1.751354907918725612e+00,7.339834352475107515e+00,1.361462027163513255e+01,2.600852512896183910e+01,1.868600888506976787e+01,4.242751152765385392e+00,8.942454270763725788e+00,3.211074374783559726e+00,2.102302627091747311e+00,4.128732987490687734e+00,-7.666777086766029745e-04,-1.676808815161992428e+00,-1.903286074812138073e+00,4.862189407357235815e-01,5.595206458125492333e+00,8.038205981019357793e+00,9.921152845036520773e+01,9.506038852512718051e+01,4.782567066316010340e+01,1.524966416506848930e+02,1.345508513032981170e+02,2.117123807101940258e+01,4.003137987050036983e+00,-8.952582884059582469e+00,1.954630105418245378e+01,1.805199792261280800e+00,1.006401905979651445e+02,1.382372335745459395e+02,4.745548775122220064e+01,3.711770771535599867e+00,1.621340698055392693e+01,9.137811774961764399e+01,6.056538176142070284e+01,2.629735553374237966e+01,1.797234460553506885e+00,5.502909317013410018e+00,5.341711933584844196e+00,1.171056471661743714e+01,3.775138695192839577e+01,1.539705596806432553e+01,-2.653401353172089028e+00,-1.402871070091563643e-01,1.173186734171856260e+00,1.623557524953081810e+00,1.383614892841475097e+01,2.984962729720586516e+00,6.185473400597146565e+00,3.458685262147564110e+00,2.902356279812038764e+01,2.777769008933450934e+01,4.476711477962230390e+01,-2.699410057924457873e-01,3.178671776860474640e+00,6.685676377914964519e+01,1.562077227653583691e+02,1.430774702142016963e+02,2.732223857368832043e+01,1.761870738573938056e+01,2.262763157122294615e+02,1.408326137027591187e+02,2.269598771748153165e+00,5.072465625171183878e-03,-3.291481824667687461e-01,5.675453746775932018e+01,8.129676329729649069e+02,6.189451627195378478e+02,2.924546342607729343e+02,1.006823587324473124e+01,6.197771489977593973e+00,2.229038530317706659e+02,1.437485296509333210e+01,1.244595472526467717e+01,8.875445030257438361e+00,4.421077672648934809e-01,-1.830490356496100146e+00,5.220223203404708912e+00,-6.915303973394607562e-01,-3.843558229780722479e-01,7.550958293030950230e+00,-6.956219022097553939e-01,1.178488148279143721e-01,-1.585640348472007743e-01,-1.260384110975022731e-01,2.463564997896778408e+00,4.950028698686102513e-01,6.804134787235911119e+01,3.868271034925033973e+02,3.733408648998250783e+02,1.582879600134199620e+02,6.465787785053591108e+01,5.853787137829991138e+01,1.303656417407797790e+02,4.967064010193528816e+02,4.183625093137054023e+02,7.002472110235142111e+01,-3.395327728077318596e+01,1.674914949254239360e+01,3.067345622771575719e+01,1.733615803678566004e-15
1.674706910156506220e-13,1.188037871215695596e+01,1.030177841622194457e+01,5.042112641141882179e+00,1.024043864424407246e+01,7.259840084915952119e+00,4.777164815946125742e+00,9.647612582721316610e-01,-1.612336358168765971e+00,3.102374418014365531e+00,2.489741410571992475e+01,1.219251067451080530e+02,1.010830012347375515e+02,-1.104691665403674783e+01,3.555739077845161660e+02,1.154837239120303565e+02,2.615834967327560179e+01,8.161990851461961682e+00,1.493675171182695216e+01,3.590818490704187127e+01,2.798047069696582057e+01,1.800971488566202794e+01,2.192902604589245286e+01,6.193635467733395927e+01,1.279160406220537141e+02,3.636992458233379466e+01,1.808403777210839891e+01,2.554381395306480229e+01,1.436743149159140920e+01,9.590237251417534026e+00,9.973772734713785226e+00,4.489980134352347996e+00,1.622411423972892341e-01,-9.320861193634323305e-01,2.150498745717867255e+00,-7.333361897132536500e-01,9.726484144249253561e+00,4.906484321932990333e+00,2.602853381726140114e+01,1.336404123674893469e+02,5.948685606992344788e+01,1.463444356548716030e+01,2.762786949462959996e+01,6.562051425352118272e+00,-2.862736761010112874e-01,5.660610737686247340e+00,-4.114052818115546684e-01,3.915749525304559331e+00,1.748942997122027876e+01,-5.951354738682619605e-02,1.946967532460502470e+00,-8.737160319615598914e-01,1.011585699372970382e+01,1.394883242196904405e+01,2.325302356234423584e+01,1.580235626951549932e+01,7.569594743818295335e+00,7.826456377822117894e+00,-3.726241624947155273e-01,-3.367294544039543536e-01,2.019798319247812390e+00,-1.191439738011912082e-03,3.222045384353638298e+00,6.312914679254554962e+00,5.618967327808714884e+00,1.063891094092501177e+01,9.440322891145777717e+00,7.309273356369577357e+01,1.963210370624329073e+02,2.287932097535017135e+02,1.857710271100506532e+02,9.273269047248511754e+01,8.543472803136038962e+00,9.731012550498620683e+00,9.505535550653711141e+00,6.621814110141414078e-01,8.950354425916202672e+00,4.442402506478304502e+01,9.271557053813529592e+01,7.711822802289822221e+01,2.775292143605247475e+01,8.673723632616500367e+00,9.557325838713184396e+01,6.402172222213060593e+01,2.599382602277160004e+01,3.137489055823548867e+00,1.088290184629332469e+00,1.191161861513683196e+00,6.512319271353592676e+00,3.271360895996723173e+01,4.316560067445601589e+01,1.564684045708911242e+01,6.441525184733937204e-01,1.301837548224989760e+00,4.838567388582101891e+00,3.029930816145966332e+01,9.150869502213154760e+00,3.914000532207436933e+00,5.287248456415781561e+00,3.607218159946891767e+00,2.374224802638653742e+01,5.430244545425847491e+01,1.404956488424088157e+00,1.070302061764933121e+01,4.637825599030080781e+01,1.471361588412092942e+02,1.350859507329237488e+02,1.629634160459588088e+01,3.572639839976092446e+01,2.695546969550591712e+02,1.168651627893844420e+02,1.578808287633325769e+01,4.641873505633777874e-01,2.378056343776718595e+00,2.666250683874464400e+01,7.786021240394052256e+02,3.728958388866248583e+02,4.215853251950444474e+02,1.067560085169835560e+02,1.589943293306391752e+02,2.029745408365614878e+02,7.950472217875630854e+00,7.861612532739981951e+00,1.586735945619591703e+01,-1.437537320767717564e+00,4.306832391462868337e+00,-1.936454231067523013e+00,3.248803063194697360e-01,1.496786620681025415e+00,6.307618096824989529e+00,6.770848615453881614e-01,-4.387088176094547931e-01,6.216664626871082344e-01,1.103562705494663732e+00,5.032212763251109777e+00,4.464906462144150545e+00,6.835490845186369313e+01,3.315220141751530605e+02,5.122600257815558962e+02,1.257958454506668176e+02,5.052176519772410757e+01,4.561174635426552726e+01,4.671634952773523963e+01,4.429799631076733704e+02,4.486369977893029386e+02,1.281081394242908402e+02,1.682403104503159739e+02,-1.769808691451186533e+01,-2.681863279993684301e+01,-8.301067045914374542e-15
1.244546397837491057e-13,1.113344947442284116e+01,9.962487664110042829e+00,3.728600524202662747e+00,3.275827426775065554e+00,1.374098452408597204e+01,5.898441729290994751e+00,2.993037167092963635e+00,-2.164616780677406649e-01,7.256331250252963383e-02,5.710616649253567267e+00,9.175368100005810845e+01,4.130759614173825867e+01,-1.238691926960058254e+00,1.206838658402018893e+02,1.386067290482938859e+02,4.279443626463494610e+01,1.296885263938380106e+01,2.275299006839115989e+01,3.057831901537522512e+01,2.814163597274673023e+01,8.107444339057462201e+00,1.408634784654858052e+01,3.213041162410104334e+01,1.503831761818953510e+02,2.766603986766204315e+01,1.795428228585947394e+01,2.655117233392681086e+01,9.217676335102281016e+00,4.641938038258031973e+00,6.484072977108876756e+00,9.736830147926013979e+00,2.968462450158624449e-02,4.334165454589068989e-01,2.114627198873285430e+00,-2.057459842332198807e-01,8.853682339400307910e+00,1.295528829664620574e-01,9.020109135211409779e+00,8.257577765720067475e+01,1.528026719470402384e+02,2.433767752120695960e+01,2.601703319328016306e+01,1.458214092528808692e+01,-6.213853731965437305e-02,9.889960974884093758e+00,-4.377929516738054971e-02,1.366235905371147297e+01,3.151102426239506826e+01,-1.258210994762384675e-02,2.293260564554704395e+00,-1.562089519285573755e-02,1.421634595338886342e+01,1.212464672358640172e+01,1.676071996552199295e+01,3.021578982181874551e+01,1.110483395311301891e+01,3.327079944322663962e-01,8.754147819369811900e-01,5.094404786854865641e+00,5.467639399578213405e-02,-3.891564410463710139e-04,6.660956694738394468e+00,1.457607214800668061e+01,1.274049493620286810e+01,1.554808835919373600e+01,4.669608075702103456e+00,5.317013854680774187e+01,2.623920138039816834e+02,4.044928509800084271e+02,2.064668222371770128e+02,5.997910575272781131e+01,1.997466708270210223e-01,1.089358111631237236e+01,4.036647982234455867e+00,3.042375068092169510e+00,1.404173614991621832e+01,1.940713789585048943e+01,4.031540031821066350e+01,8.802025675315121589e+01,7.206341672174291091e+01,4.243932320366035071e+01,1.198079496898132419e+02,9.595505827243798080e+01,2.422713452030483339e+01,5.626121781848503645e+00,-1.249697728967655991e-01,2.134810916429498093e-02,1.077868895148923478e+00,1.691831001905671883e+01,6.924863263417881853e+01,3.700482954839182526e+01,1.415248514212154307e-01,7.588737124236541454e-02,6.556991049826379481e+00,3.752076539102664299e+01,1.393459742041993188e+01,4.705121686277773940e-01,8.303021144734955783e+00,2.516238570964059118e+00,2.457525165745448703e+01,5.769825232908785750e+01,4.370860505727420353e+00,1.937187441511339969e+01,1.937518808455448394e+01,7.775350054408266942e+01,7.653000348947513487e+01,2.677798943202866866e+01,6.899822396808130520e+01,2.805209669632388341e+02,1.273620791980014815e+02,3.454896564721592966e+01,2.260966564177293581e+00,8.859448288276094985e+00,3.777290516405879828e+01,8.009352331375473568e+02,2.031871034095815105e+02,4.636971560006668369e+02,2.612391422999783686e+02,3.373028824938500065e+02,1.170657523214562161e+02,5.879712064468276544e+00,2.831386225129589040e-01,1.867718834366579728e+01,3.858199759751194668e-01,8.783336440761981834e+00,-2.587315157054809744e-01,-5.685695223939854666e-03,4.156216979385809474e+00,2.084228271863532433e-01,8.484712384818613451e-01,-9.361851887112139503e-02,1.856886684763636941e+00,2.566501004374115436e-01,3.840078442090500754e+00,7.993997798248073217e+00,4.541887560594531692e+01,2.680071346688110339e+02,4.006019869613926971e+02,9.667145260524195294e+01,5.546736861010120379e+01,5.088704227889611076e+01,2.447483354676790768e+01,2.264971903827427013e+02,2.350786139653930036e+02,1.414287426727844661e+02,3.974146657560888798e+02,5.310479556132521850e+01,9.576948547743668883e+00,-2.165887809271137269e-14
1.080374430168977406e-13,6.189182553011911558e+00,4.196292324401990292e+00,1.080536148438044464e+00,7.008779157097351220e-01,8.038620335534641725e+00,2.527604198049542283e+00,2.679296101471458691e+00,5.927116299357889417e+00,-2.506059187793720500e-01,-2.952019683676760375e-01,9.518308946384217961e+01,3.825222034054401377e+01,6.840763233928186970e+00,1.900617306731267320e+01,1.227031518402307171e+02,5.779023634928304176e+01,1.290242085423765594e+01,2.126895069576113784e+01,2.684130888109134716e+01,2.982106005494810930e+01,1.177603204294831407e+01,3.971476724021116400e+00,5.519865593755891098e+01,1.424296204846858416e+02,2.217020325246191348e+01,8.281481872574175895e+00,2.458061539191541200e+01,9.010018610658031335e+00,4.040974099158641586e+00,6.494573343920111874e+00,4.881054244706137801e+00,-6.748482527110035711e-01,5.803375472503680133e-01,1.255018533108333401e+01,7.223769106189688927e+00,1.802833748634709110e+01,2.630484020953063329e-01,4.508945388362145756e+00,4.579811811066979743e+01,1.862837253025699056e+02,5.647796072614067953e+01,-1.166522634033927863e+00,1.448359464170398425e+01,3.047788765503772979e+00,7.426322925730705293e+00,1.166207867221752847e+00,2.006440460470290077e+01,2.744845432771292693e+01,1.085414198475350256e+00,5.745502605798939122e+00,1.655148320973017645e-02,6.731285504855592627e+00,4.840763795967728100e+00,1.043650868267335419e+01,4.853884365970431247e+01,2.918849910206946063e+00,-2.780708813115289502e+00,6.969208250995956533e+00,1.206682564843803895e+01,-2.700545532801774673e-01,9.877633561913687701e-03,5.670460954850292445e+00,9.670689322271488919e+00,1.560918553726159885e+01,8.852387155792074580e+00,1.100546277999185474e+00,2.860408660116416257e+01,1.458878801305874049e+02,3.078355292291532805e+02,1.201000336945910476e+02,2.144747531636976134e+01,-6.982245655217993452e-01,4.630118602910798131e+00,-2.027319519242996027e-01,1.940635565680779662e+00,1.257350514847656342e+01,1.370494928191744322e+01,9.634320137926943417e+00,7.305995966974255396e+01,1.195360797897262586e+02,1.769792793804090536e+02,1.921016790882938778e+02,9.817122597510446269e+01,1.801954817148646271e+01,7.769096448893208162e+00,5.616490149544264732e+00,-1.932771951190472570e-01,-3.837671449916889577e-01,5.844947249820112489e+00,6.427655366800584602e+01,3.363619606213821100e+01,-3.359914551399972193e+00,-1.127937490749913563e+00,4.504298217874102228e+00,2.253024156795077459e+01,1.167158728725524064e+01,-1.114180140080207881e-01,6.255292957379235297e+00,1.527505324583130264e+00,3.082675792550309879e+01,4.507777171087278134e+01,6.406763821246975965e+00,1.671898792264136802e+01,1.025706957364953631e+01,1.174562887468932786e+02,5.210820786397911775e+01,3.798200943227817561e+01,1.187678856940228087e+02,3.617716212623168417e+02,1.050151043302288798e+02,3.478148171816722822e+01,4.394021702728148071e+00,1.487603512814780338e+01,1.798242794695609916e+02,6.453036308589562395e+02,1.056153708033869236e+02,3.662786846499184890e+02,3.958444545439315903e+02,2.920531404463234253e+02,4.055754448532280776e+01,1.940220186213304387e+00,-1.129081397485843796e+00,1.132181257278655906e+01,1.214981220132237105e+01,4.495583474477706787e+00,6.650533530544816330e+00,5.213934484329938446e-01,3.871365842803073498e+00,-1.265394881269843008e+00,7.216379852122809524e-01,2.208695773885040570e+00,3.151728978658447922e+00,-4.076659406875016600e+00,-3.766875123916818335e+00,6.281223168888004693e+00,2.457452194359909825e+01,3.796791712367776768e+02,3.257124025505340796e+02,7.263891060477821782e+01,4.394183656104981139e+01,3.429788888527847490e+01,2.760750982586159452e+01,7.617350017669177475e+01,6.635320981936938267e+01,6.671951763447647465e+01,2.907655456539812349e+02,3.911698985660927974e+02,3.397490595985289019e+02,-2.444682002813983356e-14
1.051975903132285323e-13,3.456426431861617576e+00,-8.792675381344257080e-01,7.189085028704299274e-02,3.170646632028576661e+00,1.062936310283018271e+00,-2.506920417761439590e-01,2.309416736528799863e+00,7.340492775187390073e+00,-6.905586775794235466e-02,-2.439853160852214209e-01,9.298505462051598158e+01,5.135287926200920339e+01,-3.192559514612294258e-01,1.414567288231569364e+01,1.081821046740181060e+02,6.219735865763412619e+01,1.044898637785168205e+01,2.073040034599111436e+01,2.726321038087053239e+01,3.027084179450519485e+01,1.608415809875985047e+01,1.022345389614331701e+01,7.849586466950329111e+01,1.245415437099990754e+02,2.141761528101150347e+01,6.929370548777622041e+00,2.299193489877106700e+01,1.590687339331848804e+01,8.819580150238991223e+00,1.203791733982914458e+01,-8.799470320201688844e-01,8.148392173746606959e-01,-1.353795403058074276e-01,1.580019779832294802e+01,1.171621369205680985e+01,2.390500016872910649e+01,6.573392484477484921e+00,3.516012199100809976e+00,2.835939403474202081e+01,1.518951245321419492e+02,9.730555393419273003e+01,2.297530419578332683e+01,-8.200074793077030577e+00,1.159408565790150014e+01,3.737113163256327919e+00,2.165431093086776837e+00,2.187318290007483057e+01,1.576210466685114397e+01,6.357802999072630357e+00,1.302177242384296285e+01,5.375786398902098639e+00,-1.273236458578984154e+00,-8.742674980781520722e-01,5.433931330088922707e+00,4.222430899578127850e+01,2.791761687278311310e+00,1.003358498619035366e+01,7.593665344873144818e+00,1.176619397796589794e+01,6.441843845640755906e-02,-1.187418656841945919e-02,4.531067778981595850e+00,6.228293500698552698e+00,1.462191464060033042e+01,1.039952483797007998e+00,-1.678840995874588404e-01,9.482896572286058756e+00,2.276706361678788682e+01,1.408477125980823814e+02,3.602032693179519640e+01,-4.259236052521874427e+00,-1.780633171720869545e-01,-7.862376190029544132e-01,5.382623499021020885e-01,-7.112632347450045800e-02,7.909039615261047373e+00,9.732448368546403827e+00,1.128082726212302767e+00,5.184059604738905591e+01,1.203000369020264060e+02,2.448877710770199485e+02,2.162513157595253404e+02,7.020101498361064785e+01,9.526374897652802431e+00,6.661561768068178679e+00,1.102047297079556465e+01,1.544429924011471722e-01,1.384486221285771701e-01,-2.667585428262843616e-01,4.070311166755728038e+01,4.944984899815375456e+01,4.129440247669544206e+00,1.203034640183233472e+00,2.082298114869885364e+00,7.071083171613190110e+00,5.731655378337612738e+00,-1.976547667344231152e-01,3.704829942702802192e+00,-2.483372848629629981e-01,3.473177523678938172e+01,3.507346661298941370e+01,1.137921558086482143e+01,8.693945943765667650e+00,1.159672022512643785e+01,1.498511094031372579e+02,5.491332784898889230e+01,2.665263960479154193e+01,2.169165689579268417e+02,4.228446235506518747e+02,7.963988331712872082e+01,2.714449553481510691e+01,3.474124339073689782e+00,1.674930764963302465e+01,2.833309858192040451e+02,4.854285853396250445e+02,7.773342830431251116e+01,2.287742142989190199e+02,5.206749799959443408e+02,1.676422845387563143e+02,7.816808964746956301e-01,5.031667408651040174e-02,2.875466791451202764e-01,3.343024136683167225e+00,1.538535089733750105e+01,-9.756582977126665446e-01,9.139779682659636251e+00,-7.147205327291007437e-01,-2.420796280108749698e+00,6.010420054391395484e-01,-5.067621984373840149e-01,-2.594070196651502069e+00,7.606103475596734498e+00,2.491517560101119599e+01,1.564721245052444765e+01,2.195583588808890596e+01,1.196629895931500300e+02,5.560464854630564560e+02,3.131109342831140907e+02,5.284497392534616722e+01,2.920878505687849369e+01,1.437662203533914251e+01,2.920107448756726143e+01,1.505389922479764309e+01,5.099409244483098513e-01,-4.055642452120412855e+00,8.111698265322220891e+01,5.245078503733587922e+02,5.305303869876496492e+02,-3.060824876678328374e-14
1.131428367675601890e-13,5.627390260650900977e+00,-8.854972378527868893e-01,2.120397450310414822e+00,7.765811239070999683e+00,1.901633387204845427e+00,2.886763966628463685e+00,5.916094577102455787e+00,1.314995117668112945e+00,-3.807294828689598010e-01,-1.235791645516759241e+00,6.631984864272288860e+01,4.993140193277790928e+01,3.510063848734111591e+00,1.296973072968023111e+01,1.144667122094288487e+02,6.527192427855047185e+01,1.120518003758134640e+01,2.514761404950357360e+01,2.929145207564125641e+01,2.882724008677556071e+01,1.263408174665721972e+01,2.959767520630511228e+01,7.345890177464481496e+01,1.193927651131159990e+02,2.681988607392834112e+01,1.975695084875055585e+01,2.133145337407975717e+01,2.663266881802057995e+01,1.428285193798798325e+01,1.867016720807621510e+01,-4.739093033123314980e-01,4.419471366479225338e+00,-1.269451668080870677e-01,3.901428097983902887e+00,8.261392812025016852e+00,1.710286689898524770e+01,1.425599414410051935e+01,1.778508156849447852e+00,1.890098387107957478e+01,8.174239746450200528e+01,1.203747866338285917e+02,1.148916093137601990e+02,-1.869877522640686962e+01,1.923834399130421247e+01,2.991705009837300366e+00,4.200405879033619172e+00,1.903026308798268929e+01,8.004903324747923321e+00,1.419232095539615557e+01,2.337061953642507817e+01,1.683651968991464898e+01,-8.867790023882667905e-01,-5.833308729402170156e-01,2.108924557148797341e+00,9.115962957643603204e+00,1.877885330589449353e+01,3.366053193723410430e+01,8.986246481764398331e-01,2.944778975043962355e+00,5.257727960553764540e-02,-3.365489994682183822e-02,6.644842950562059869e+00,1.270536061839990438e+01,1.165105456997613054e+01,1.368851995836422586e-01,-1.136608720642752202e-01,3.188223136399404467e+00,2.233932756462972691e+01,9.246427211995184337e+01,4.019133143418083165e+01,-4.141602512371238554e+00,-1.012972016211043380e+00,-3.608722044269728202e-01,3.216149904238682744e+00,1.885074541773349432e+00,3.924843037097987875e+00,1.151755216226358902e+00,6.671033475650025579e+00,4.025022079396250518e+01,6.422820033536577000e+01,1.572534410311073998e+02,1.437379205026160491e+02,3.181165918068715825e+01,2.078414292555379905e+00,1.891822229643253417e+00,1.011102079188486691e+01,6.833783879248158666e-01,1.405569953006627681e+00,-1.881926336456165139e+00,1.889071138325900989e+01,9.577266550426752190e+01,2.565417561701694638e+01,6.515531951736655891e+00,1.674096545890441101e+00,6.372939927440264718e+00,9.570024709739517466e-01,-7.438229051562652572e-01,3.965340733541390605e+00,-3.510527406469843986e-02,2.981867614512333020e+01,4.362067934912228395e+01,2.071117186813329170e+01,5.353414864982357635e+00,1.229689269350746095e+01,8.477919803051132419e+01,5.885727616803286821e+01,1.428510342261581023e+01,3.392063181430054328e+02,3.745379627898953458e+02,7.477734152698955938e+01,2.434614479362275929e+01,1.058746477093058136e+00,1.212543479194523144e+01,2.365099581917647242e+02,4.552315373765341633e+02,9.204805714427462249e+01,1.376439313047995654e+02,6.068740644381255152e+02,1.310776710903901972e+02,-2.989533156996163399e+00,2.268631411157143951e+00,2.780306363946978276e-01,1.777952530095127104e+00,3.253025973038417451e+00,-9.779474974029574996e-01,3.598174102961621212e+00,-2.069658851353868734e+00,-4.873663896738904100e+00,2.919897641261979704e+00,-1.297157452519232645e+00,-5.206416542151621307e+00,1.115263848930277035e+01,4.506634697487130836e+01,3.739745849145241863e+01,4.700783242174532717e+01,3.876721160615754798e+02,6.869601865783166659e+02,3.094898794556248163e+02,3.719767256438396430e+01,2.715315508155038060e+01,9.812467448551812410e+00,1.797807459449492740e+01,4.187061188700241132e+00,6.100143473346470557e+00,-6.374254587746455591e+00,6.005244782589628905e+00,2.239284264546186307e+02,3.234634711034872794e+02,-2.338086930277657124e-14
1.585901229221074381e-13,5.339857499930031004e+00,1.602882340170326492e+00,5.068228879545714882e+00,1.083635752733111346e+01,4.957701746848997892e+00,1.167448334315134417e+01,1.621788864579124834e+01,1.604631653990871820e+00,1.650466192847668268e+00,4.663945566003827814e+00,3.134087480894790900e+01,5.786310072023619711e+01,2.551402594096274612e+01,7.468167289875840886e+00,9.236331307645501454e+01,1.056992550355040095e+02,1.881558912762939073e+01,1.896923058419136510e+01,2.368862062078863673e+01,2.688500368757481951e+01,1.550949199665128653e+01,1.277695424043175798e+01,1.031248906555839540e+02,1.255099858060237636e+02,3.629580954997289410e+01,1.902264227354083204e+01,1.246844264019979320e+01,3.175693945281031461e+01,8.778782252072971914e+00,1.472676963519824866e+01,8.385516363113344057e-03,3.865624737787710430e+00,1.871916783896074576e-01,-9.895322838758080497e-01,8.007074231171825929e+00,7.458909304419513830e+00,1.072986995523151066e+01,4.249608471702146062e+00,6.986513227481269794e+00,3.336678499406513509e+01,9.569713945798915233e+01,1.441255927367276115e+02,9.333852363751546477e+01,8.766786199350780961e+00,1.150777602886867923e+00,1.185123531549144538e+01,1.006051833495506997e+01,3.010821448081189899e+00,1.410190117246955310e+01,3.340381147343217094e+01,2.071306545479820116e+01,6.028912895291282936e-01,3.175759647830869170e-01,7.269829897023536436e-01,-1.008781551519350783e+00,2.307818035774896259e+01,3.531066246140868969e+01,4.322772447234551230e+00,-1.532765304127476025e+00,-5.956827317887192219e-02,1.013022177825713827e-01,9.996805993098581311e+00,1.289010543859307667e+01,7.798413523463298525e+00,-1.152715315991093892e+00,6.718324346616946774e-02,1.402267984446945004e+00,2.705265647876202451e+01,8.535878437050133982e+01,7.069865240167091258e+01,7.149562435509809077e+00,3.915175620912128895e+00,-3.315011078371250530e-01,4.601451154519768494e+00,2.623944653968178109e+00,1.349252440469397740e+00,3.009935866144222150e+00,1.714949279452616437e+01,3.353200406242702059e+01,2.576573479443357328e+01,7.759490301241952181e+01,7.295465993769005308e+01,7.533179998792381760e+00,-1.657318069221911605e+00,-1.613475929374067919e+00,5.695286506696835005e+00,7.050792011376896262e-01,6.367764232043378492e+00,6.453883703342867761e+00,1.058963812195049314e+01,9.390618255191745334e+01,3.749866068635432015e+01,6.417935657118195358e+00,1.013312972105091747e+00,6.554380303209547343e+00,-1.873917515807694834e-01,2.684994966811057093e+00,2.944976103916741472e+00,-4.020113529123657270e-01,1.742711557604487282e+01,6.586129508742121175e+01,2.830485147191188489e+01,1.332387452758499435e+01,1.165128166472820048e+01,2.545533717166768639e+01,5.477159623019816337e+01,1.009103082229068633e+02,3.544140844052515149e+02,2.357786107471699211e+02,5.371137935884461001e+01,2.445608366528053779e+01,7.763816090359400235e+00,1.584723765821013153e+00,1.677357007141169731e+02,4.069383445558304402e+02,7.842877188153818224e+01,7.739598764095929084e+01,5.266107508655998117e+02,1.780391805027030045e+02,4.546816756297586082e+00,2.366005376681089345e+00,-4.292516146360434437e-01,1.273627567491862678e+00,1.256392529845431261e+00,1.678434081646600795e+00,2.816756859181190342e-01,6.768444965555107551e+00,2.276370987044391114e+01,5.210254352745653961e+00,3.798843709807100844e+00,3.289914968439786236e+01,-1.809214416334138598e+00,-1.101484326526915538e+02,-6.132476418444308308e+01,2.206420772770634997e+01,7.311655005208820057e+02,8.079565348143546544e+02,2.651168091941002558e+02,2.768359976995762750e+01,3.213650053949252339e+01,9.625147482678128696e+00,5.264351257789762428e+00,3.749992134085511353e+00,1.647778984020418136e+01,6.101472943014011108e+00,-6.209415004111829006e-01,4.521853060659369206e+00,9.258945351678087832e+01,-7.445530499988387202e-15
1.728099987601681389e-13,2.068315213322526880e+00,3.452373600660880726e+00,8.131453016830397118e+00,1.185479283614856527e+01,6.259916149404967101e+00,2.053458299176758217e+01,2.464653652054919419e+01,1.013454607078511138e+01,7.438337397443588017e+00,1.168512634558174135e+01,1.434347245238562607e+01,8.234016920069149137e+01,4.747260337339201186e+01,1.284511027049185294e+00,5.546499094507313998e+01,1.541849655562223234e+02,3.168064946610778776e+01,8.704792577806788501e+00,1.529876537183824148e+01,2.043429672725406476e+01,2.128687465226539643e+01,-2.173934903083861059e+00,1.342560879451778817e+02,1.188938645247744290e+02,3.656934813447235655e+01,6.810093783829397118e+00,6.677482504541973896e-01,2.603086319150791539e+01,1.272249816453185634e-01,5.874787254664369129e+00,2.069772934773574047e+00,2.113367007791197849e-01,5.550876069308941646e-02,3.585399321038106102e+00,1.018971946266607986e+01,1.261708382545626339e+00,1.807603680221636422e+00,8.192203232156749948e+00,-2.439647903920364735e-01,1.754528158449506847e+01,4.249765604293402532e+01,9.881751088291642304e+01,2.255426429282181857e+02,4.295901193870737700e+01,1.039193478525639591e+01,1.254078762910099698e+01,4.676252251216895806e-01,1.184423530590811846e-01,7.926438756753785952e+00,3.469996765709428388e+01,1.446713599253972937e+01,8.572470513008259574e-02,2.252839865965433619e-02,8.906581559390085168e-02,1.034641818841667593e+01,1.715742435950542344e+01,2.338855653267357937e+01,1.473687250550875127e+01,-1.187242016105024972e-01,-1.529242299671764241e-02,3.686271432413933818e-02,1.136565724018570300e+01,6.707812176494555523e+00,5.235253855257457900e+00,-4.737911360510413949e-01,6.662848768084988701e-03,7.175815339765885537e-02,2.020909302309789624e+01,9.454388722389926158e+01,8.312373401839803932e+01,1.540837265136147494e+01,1.045858415494944538e+01,-2.123353261479225262e-01,5.109854480914061803e+00,2.775918619674196952e-01,6.307530694444486719e-02,1.021669246277944332e+01,2.155793616889228304e+01,2.549465563020754644e+01,1.724458017425724776e+01,5.161952476247153498e+01,3.968379688274057315e+01,4.355382339476728148e+00,-3.375955025572991430e-01,2.966120757283936982e+00,1.036751524631952925e+01,7.881879277436899756e+00,1.136645635711487401e+01,1.672200314879028582e+01,1.330584155060704887e+01,6.133803691233070765e+01,3.401920689242868434e+01,1.574216079917565958e+00,3.234673708855911878e-02,5.261141696919945154e+00,8.611269850762966194e-02,6.739152788707689190e+00,4.153822117979871997e+00,-1.791263949975553382e-01,1.385407591963418739e+01,8.103986657887189438e+01,2.937583047335411024e+01,2.117079515911697740e+01,9.942926215827872838e+00,7.527822311996708038e+00,7.830082948482967709e+01,3.369087886015392428e+02,2.852434651786966242e+02,8.742095854225689777e+01,1.942419699051147219e+01,2.186702140628701230e+01,1.753901965936086427e+01,-8.802204825753014994e-01,2.129556288435720148e+02,2.845177133618832386e+02,4.560616968932300352e+01,4.121146564146790325e+01,4.207514534520656753e+02,2.215497095526568785e+02,1.091394863813219374e+01,1.279140026013746156e-01,-1.298324027314118612e-01,6.690647308840158569e-02,1.131187489522597112e+01,2.242028225666906405e+00,8.109642205727579878e+00,1.194534708392092526e+01,7.873693862948134559e+00,9.682914550108222551e-01,1.375522489497384537e+00,1.118707479141267669e+01,1.863061256651500797e+00,-2.974347913231990859e+01,-1.560785175884777942e+01,1.638832266240578406e+02,9.612906181818531195e+02,8.123400827332563949e+02,1.721875693966816527e+02,1.845021438933702029e+01,3.217352940833648489e+01,9.137407623212590480e+00,-4.995934785635649383e-02,2.135149955304948000e-01,1.020091156132221499e+01,7.408845147425005884e+00,5.180775449486206163e+00,-7.625276808551179064e-01,2.580603466293711623e+00,-9.121213667934594606e-17
6.493736739419023468e-14,4.139949711135171295e-01,2.422783318946565956e+00,1.131621556935750128e+01,1.205604752178224537e+01,4.786982566200721934e+00,2.161824551758155266e+01,1.883140161500741883e+01,1.816466768292133693e+01,1.567337777671469468e+01,7.100744137438954162e+00,3.496847851318754152e+01,1.089557583177394378e+02,4.653632892997745074e+01,2.867255158743996724e+00,5.582384840471782894e+01,1.456810273735336523e+02,4.427658078517013251e+01,1.285022826250047245e+01,1.635624231186158184e+01,6.304622596408433921e+00,1.782536005864901085e+01,6.194881045618089388e+01,8.352159213985078168e+01,7.320823802227431543e+01,1.492125846155144764e+01,6.123873815479310423e+00,-2.060747064745368728e+00,1.154472321193096285e+01,6.071334343533957068e+00,7.600739791254540023e+00,1.076723271639420609e+01,-5.853665245392833949e-01,-7.380098533425875074e-01,4.838460944034764566e+00,6.157435446257701450e+00,-2.997801255067112369e-01,3.319564348905838624e+00,6.200976476033067009e+00,1.078302872589927830e+01,1.048680341877226851e+01,9.427690259607626189e+00,5.751486598912245540e+01,1.700772597937049397e+02,1.952577199761153111e+02,5.230369153861859388e+01,-3.048823448119526880e+00,-1.256314425835580728e+00,-3.070394958282472997e-01,5.429867469956174197e+00,2.000784756889337501e+01,5.404325775971335233e+00,-4.177401696297726175e-01,-1.545530158613394808e-02,-1.096336893730071038e+00,6.827669115222481544e+00,2.186352761044875237e+01,2.976445842652511331e+01,1.498432772870999052e+01,2.470592865395842275e-01,1.939150391370736415e-01,-5.171574172798608648e-01,8.324328686019194734e+00,5.580859730984475853e+00,5.897724657855508923e+00,9.375108496100812872e+00,5.891096855561051004e-02,-3.392080437462000053e-01,6.170626516040620402e+01,1.421151232951361294e+02,6.618464722712222681e+01,1.403655081355903000e+01,9.192607963528919512e+00,4.461263580425243624e+00,7.258742015866046948e+00,-2.522753848256229059e+00,-3.461584939594710697e-01,5.629695763627520222e+00,1.160143301960108886e+01,1.290679616881599934e+01,4.924533892112605393e+00,2.554444734023557473e+01,2.183367681785474446e+01,1.397694950228298261e+01,5.836310222760279665e+00,1.982651486810211594e+01,3.575476430377859316e+01,3.032732154120009938e+01,1.082801841819722988e+01,1.541437348002455110e+01,1.599356604762848733e+01,7.385138247434719005e+01,2.922997892133105680e+01,-2.234392440544444025e-01,1.480618618165274736e-01,9.318747147742493908e+00,-1.706666315530340983e+00,3.968351171742589223e+00,1.343577260647331251e+01,3.512071819575401488e+00,3.633706577331542320e+01,6.701415369804610123e+01,2.273770208526696734e+01,1.059892017477875825e+01,7.414150383427853264e+00,2.087456935565275451e+00,1.660779899133065101e+02,6.658057735415811749e+02,2.511122805038294814e+02,2.423881888114731353e+01,3.293132937309681818e+00,1.252176019536800133e+01,1.357609611644404346e+01,2.046798854511956378e+01,4.412280880145160609e+02,1.427882548228751602e+02,4.997808230616423231e+01,3.233380609539448614e+01,5.419429142135227266e+02,1.682975947268664072e+02,1.433691362527554780e+01,-3.190824047906494210e-01,2.259722816286077851e+00,-1.258653372292525829e-01,1.721180887442011453e+01,-1.725699046635255751e+00,2.240699883503474510e+01,-5.207800472038952577e+00,-1.041526133741722191e+02,-1.084290921785861705e+01,-1.915421313749578047e+01,-1.420284019854663313e+02,7.603383461575492674e+01,8.220397838859536250e+02,5.353150156711036516e+02,7.281757286270697023e+02,9.483005494996642710e+02,5.454619480084356837e+02,6.241933609049983289e+01,3.254052254684218326e+00,1.825298244242781820e+01,1.099478990230620035e+01,5.118529933012485600e+00,-1.933356419102044699e-02,2.327780859457461382e+00,3.025339179483247598e+00,4.373108380600092993e+00,1.394226292013760826e+01,1.274244272298124259e-01,2.240250322750639655e-15
3.058585494224956280e-15,-1.477028903747167610e-01,1.392227643699704698e-01,1.174034798637176813e+01,9.021832419205422227e+00,1.987488075968254275e+00,1.423037098548283197e+01,1.107726464248575304e+01,1.636954057183597300e+01,1.844375999724796955e+01,3.180914445509106514e+00,5.362235376885952576e+01,1.022976400024503647e+02,6.845969964796721285e+01,3.441116560571255434e+01,6.446907948631918828e+01,1.142083799362727490e+02,5.110830716403258123e+01,1.563707136131523967e+01,1.829131039604596154e+01,7.677298720754131445e+00,2.712735809195456227e+01,1.171726058872904446e+02,3.116949382402036406e+01,2.907885331843087684e+01,4.097100186234166053e+00,1.448291835360324953e+01,7.809197632829319780e+00,8.523122511421169278e+00,1.501485839716234594e+01,1.384250048297657187e+01,1.379641471954506393e+01,8.035271837902530079e-01,7.725592621965818863e-01,2.835721198573937674e+00,9.287607435065295958e-01,5.939840507683679521e-02,6.152837772619402124e+00,1.366404830955304073e+00,1.738119005411904894e+01,7.950267974788349790e+00,-1.184310148623583192e+00,2.873024491562616589e+01,5.456655164321259832e+01,2.734154424880984493e+02,1.285470233867324055e+02,4.096651170980951662e+01,5.464983071807234527e-01,2.851682895054867203e-02,4.277334771561730697e+00,6.746653807489608745e+00,7.820722110951704442e-01,3.904733127257208558e+00,-4.869349058098311478e-02,1.127451126944988724e+00,-9.285001709780916768e-01,2.603833118712373107e+01,3.145618011454740426e+01,5.932588483542719615e+00,5.178085892707601223e-02,-1.964434308288385833e-01,5.454287331738034705e-01,4.982765240945751906e+00,5.374045339025964374e+00,5.990771934502366669e+00,1.576848335381637156e+01,8.820305905952957604e-01,2.124191794929419508e-01,9.976990239792738180e+01,1.720265866407107751e+02,4.631442103005360877e+01,2.173584694260891936e+01,1.242279894313399069e+01,7.166642307591547301e+00,9.775224000929945589e+00,2.386332553524285860e+00,2.554028476908509759e-01,-7.262074482786922136e-01,-1.741189323472938089e-01,4.619178451921147399e+00,1.328647643389626820e+00,1.020707960725421515e+01,1.159413694497953351e+01,2.165103387699259585e+01,1.375134941741333883e+01,3.457942219843420162e+01,5.365418405036268723e+01,4.540742302839368705e+01,1.722242734399796404e+01,1.674941498558811759e+01,1.682536976701209852e+01,8.626229089187202703e+01,5.434212496422337324e+01,5.994068038253725916e+00,-2.824856911228895151e-01,1.455620335692653278e+01,1.918404867000033986e+00,-9.235937059301218000e-01,1.545537730761254558e+01,5.260161476375526668e+00,5.117363826999519461e+01,4.868253898771183685e+01,1.714242171553823724e+01,-1.685684268791818763e+00,4.532705514670567482e+00,-5.202748527703309200e-01,1.902847095265358917e+02,7.183056670433504678e+02,2.106813994058074968e+02,1.215561249734406246e+01,-8.489913712799461720e-01,8.582670590291579416e+00,-5.813672324926307589e+00,3.879500249745590423e+01,6.520111803124418657e+02,1.196434137743989510e+02,6.109264057333713538e+01,2.848090202108713243e+01,6.093718706434908654e+02,1.474127180533150465e+02,9.275395942325449283e+00,1.401139484124177062e-02,2.905367589468774714e+00,7.581195799748663422e-01,1.726464034181486085e+01,2.700313753193873456e+00,-1.863384029197800018e+01,1.138290605708303538e+01,1.180737553938889022e+02,2.152884230986049729e+01,2.251499601231452630e+01,2.055504905539432059e+02,1.823443197232855368e+02,1.285938389382742571e+03,8.692400444383450804e+02,1.058549390962268262e+03,1.156871458451549870e+03,2.315063088287475921e+02,4.046732998967446093e+00,5.545524568967450385e+00,1.249448698251088707e+01,1.776774324774341451e+01,1.336206905605870432e+01,6.533581578758576036e+00,2.694940783690904507e-01,-3.771691381764307738e-01,1.741636460815057241e-01,1.120820208047531352e+01,1.427527108427723768e+01,6.096911391305341205e-16
7.827299266142423293e-14,-4.353922930000271863e-01,8.233938475616509045e-02,7.975684677995316996e+00,3.237776271113009585e+00,8.353888474837006806e-01,4.149691765878743333e+00,1.088874048687312346e+01,4.249509270467688005e+00,1.190411326476961840e+01,9.144392286222803534e+00,4.108850164769693691e+01,5.296685462939807110e+01,1.247092140245498229e+02,9.862636748602653824e+01,5.230267253152383944e+01,1.088412782817155176e+02,5.793585105972783111e+01,1.073548865566627519e+01,1.507077097968240409e+01,3.164011967904062317e+01,6.485019217442005868e+01,9.355049024706369210e+01,3.991232383221409208e+01,1.891276037430179713e+01,1.987084991830634451e+01,2.078755668287121949e+01,2.374125463521940560e+01,2.323433672954362095e+01,1.632463839810112560e+01,1.620515879395909309e+01,4.841934584959060039e+00,2.610452697484509255e+00,4.793240975085250710e+00,7.235295097276177589e-01,-1.564182351309643393e-01,-1.077000340227259566e-02,1.898876788105595015e+00,-8.058173123477556654e-01,5.120715089356732364e+00,9.687003005720651316e+00,-1.005728704378140215e+00,5.858383767860396496e+00,1.810712505233531999e+01,1.616149932863765173e+02,1.999902386180233123e+02,1.504617334110756701e+02,1.788510243616658357e+01,-8.167394234927333185e-02,1.239932769592070549e+00,4.246573293660612869e+00,1.248208393579219866e+00,1.186592616292891478e+01,-2.046287286422150131e-01,6.947109367260138058e+00,1.222281055212930340e-03,1.871150279541036099e+01,1.353574100114275858e+01,-1.242303100931660520e+00,6.867723431854445559e-01,-6.519375045971633753e-01,3.100559163529628570e+00,4.324023456572996693e+00,1.592781065511815530e+00,3.033606835382828493e+00,1.061354289886661029e+01,2.232154620490179653e+00,1.130944931598135250e+00,9.268748079166688569e+01,1.485207496318410278e+02,4.387642847226424436e+01,4.351048629591383587e+01,2.495608446299340244e+01,3.736683175502064636e+00,1.096797257124371505e+01,1.667103421491379223e+01,2.346915740230462788e+00,1.538350530439515307e+00,-1.864097326407936794e+00,5.555550380355724904e+00,1.464760808094623101e+01,1.692611850604432178e+01,7.553375724828688575e+00,1.933508493893059921e+01,1.907409006911385774e+01,3.518535208594387598e+01,4.705243022278033749e+01,3.977999233080332431e+01,3.412696497145311270e+01,2.938282664322671422e+01,1.861757376698159305e+01,5.660741613587989463e+01,1.095853635727047930e+02,2.025214971958083865e+01,-1.035561419175534237e+00,1.504304942551747182e+01,1.216976304201347681e+01,-1.564691087534124003e+00,3.582266210875762358e+00,2.126185255659458928e+00,3.785591173604817072e+01,4.689024087275811326e+01,1.653752513101882116e+01,-1.224497319273852858e+00,2.846269972173067764e+00,-1.157270554003202001e+00,8.542432805903033000e+01,3.541857288556388994e+02,1.218211770574910844e+02,2.572771806807041539e+00,-2.312112753044393010e+00,1.113320361099904687e+01,-1.292122348424978817e+01,6.795689259306021768e+01,6.918709461515397834e+02,2.419456324410297725e+02,4.911127579592785253e+01,1.556359996736869711e+01,4.296319933745019739e+02,2.350020790133461901e+02,-4.781019753411497319e-01,-1.473737444438317779e-01,4.279425961584293336e-01,2.280171712888400926e+00,1.460534765841184957e+01,1.247467550764765676e+01,-5.278179058055213346e+01,1.389893969161872462e+02,7.183602290661565348e+02,1.753820127454777662e+02,2.669340053144860008e+02,1.133033096501272212e+03,2.472588717884569576e+02,6.486458000991284507e+02,5.156075492198923484e+02,7.488921369454221804e+02,1.674427968572132841e+03,1.166293157688974276e+02,1.919082353253027406e+01,2.925247298621682646e+01,2.520085355194985510e+01,2.545385485943078407e+01,1.670883975699963386e+01,1.443636134964411788e+01,5.073324955754475951e+00,1.868079509551015427e+00,-7.164556748619028692e-01,5.494633466022563084e+00,5.687349140357971677e+00,1.389100691828604531e-15
8.114961409350531775e-14,1.274391802192429424e+00,6.380485114947756387e+00,3.270002939000879127e+00,2.719396804841713422e+00,5.275538373774731227e+00,4.430160686722437902e+00,7.227334817807503420e+00,-1.872347327958965968e+00,4.218487924956233037e+00,1.273857660684323179e+01,2.501985333938230127e+01,1.389016122203527814e+01,1.209925716990865254e+02,1.517921983905992818e+02,4.218858078468261397e+01,1.422952922820602168e+02,9.030867524584741091e+01,2.945369701548333907e+01,1.760806184534709828e+01,3.982316194287185596e+01,1.116106268060322435e+02,5.942881402534464996e+01,3.700991989535343407e+01,1.739580067006175668e+01,1.832560529120296877e+01,1.430337023661929763e+01,2.593072562337940212e+01,2.455373976651043577e+01,1.927970417824201732e+01,1.554616584187177608e+01,-3.049530311516865377e-01,5.065684075352074878e+00,4.490425689193076941e+00,-5.929027701130733519e-01,1.598612104031377767e-01,1.760570718650684985e-01,-8.961835879772934721e-01,2.807100090589687902e+00,-2.169379392514426463e+00,1.058862114426483814e+01,6.860836651532211672e-01,-2.567845317517641224e+00,9.989934738611351506e+00,5.603850248662650557e+01,1.670979223901434807e+02,1.501053943196721434e+02,9.782663783547550906e+01,1.937329828792573538e+00,-5.354201811747129058e-01,-6.939141823972632572e+00,-3.864947369872056893e+00,9.909811798588044951e+00,8.874828339164961832e-01,7.000388755931122198e+00,-2.177421444913039128e+00,9.623941331706372893e+00,9.986402691497678674e+00,1.163769800653515851e+01,7.795235737068655357e-01,2.069313509566104159e+00,1.623760292575239239e+00,3.151353980504582708e+00,-1.079890367867094358e+00,6.283749888208752798e-01,6.782475896716125163e+00,2.020986108499883027e+00,9.950505278814116839e-01,8.806698061444652126e+01,1.241999817321134145e+02,4.441177256933011108e+01,4.357383757529983370e+01,2.422338974099256603e+01,1.417108267627603890e+00,1.082617256184182253e+01,2.621715697098710507e+01,6.665060960060760209e+00,6.275254102344113960e+00,3.755136753622262624e+00,5.703782357956368010e+00,1.606319251494987199e+01,1.691674733833687583e+01,1.061132455898736460e+01,1.582271194751008814e+01,1.733564877217992617e+01,2.629966540291741239e+01,4.464091078632545617e+01,3.669063288515882704e+01,3.747172936364913198e+01,3.437849944652313638e+01,2.676233175934505581e+01,2.563676625725055658e+01,1.264878389053951366e+02,3.551836813587055985e+01,3.523795885739325229e+00,8.848861649037338850e+00,1.191972993404588976e+01,3.510343696194978769e+00,5.383841529200807940e-01,9.504389695073487410e-01,3.226560142565683265e+01,4.560454004635496261e+01,9.954561065352573124e+00,2.647851108645214446e-01,5.489577265829483466e+00,3.060640138980548652e+00,6.896427074106375343e+00,6.341126964767101981e+01,4.245867530103802068e+01,-7.094151122702398171e-02,5.972200389537667853e+00,-7.014621565708687001e+00,6.546223831363420231e+01,2.168462193755728720e+02,6.681795148467623449e+02,2.797526349423448551e+02,4.010485645070384919e+01,1.120376725067543866e+01,3.062929185670498100e+02,2.746365759372959019e+02,8.409038927444255407e+00,5.395165844872019667e-01,9.973644493477099582e-01,4.170983757076500709e+00,1.209386044402595850e+01,-1.067893184166375065e+01,2.366406138851925505e+02,4.327791521634619016e+02,7.279612686561014243e+02,5.267181388766490500e+02,8.832220740080636006e+02,1.259699476462363691e+03,1.940567166379347270e+02,1.058569208392170111e+02,1.629311473598352791e+02,4.415183182981817822e+02,1.529491950244201462e+03,2.404941053812377447e+02,2.170660630688320936e+01,2.466772514743301414e+01,2.538200062179675953e+01,1.861808517863702761e+01,1.348354753200897349e+01,5.009425367308262267e+00,1.082866831182916201e+01,9.953632912826479995e+00,1.871264205073494447e+00,8.688434826850242487e+00,3.739428511107980135e+00,1.164113846143955987e-15
1.033449343696890511e-14,3.227120097464630355e+00,1.283218448019056090e+01,1.817496552001111321e-01,5.869059903063248207e+00,9.973461567937137673e+00,1.120146768116040192e+01,4.377458269928263812e-01,-1.559287339447905374e-01,6.888695044815883461e-01,1.004606917192417903e+01,1.585763204959749828e+01,2.139237338295631563e+00,5.884089864374598733e+01,1.629047494448182363e+02,6.338334568316263073e+01,1.763146458902027689e+02,1.321797573523219000e+02,5.292781395163212466e+01,1.351519183776121302e+01,4.638321243274976524e+01,1.348236586898261464e+02,4.119311112646000339e+01,9.756818027353217460e+00,1.487033441989906990e+01,9.465478110270345580e-01,1.044617296942151885e+00,1.456805174077670628e+01,8.472325418428784616e+00,2.099992226293225528e+01,1.422368463071377676e+01,6.931031519642926186e-01,6.567119776242438256e+00,3.797276950363867587e-01,4.805162363259024016e-01,5.082836927935689003e-02,1.060529274144999257e-01,-9.800517551740306477e-02,7.504402256107481684e+00,2.177077386541145798e-01,8.454534291613063246e+00,1.677895958485758343e-01,-2.525350001601206484e-01,1.358855809531564596e+00,2.557292314369777841e+01,6.151328481593760955e+01,5.743457446557986401e+01,1.927853714680454971e+02,3.412225032524984414e+01,8.464777195849398694e+00,2.345033410776421690e+00,2.005147870089253104e+00,4.984219138621490686e+00,6.669276345781407933e+00,1.324761439305039268e+01,-1.345248934913342298e+00,4.891012810101131869e+00,1.867536778283839283e+01,3.201245310663613708e+01,3.838937440226743103e+00,5.186803806633125014e+00,-2.840323014786370059e-01,1.191263624423410050e+00,-2.876326716452721199e-01,1.629708862890914822e-02,6.471535516540929400e+00,2.505692973973897009e-01,7.524183619835128622e-02,9.127939772514007188e+01,1.178149433613811681e+02,4.175338390033847702e+01,2.391184609680774642e+01,9.912794219061522583e+00,2.973955951032061229e+00,1.069470639757025943e+01,2.555199863081073985e+01,1.263539237154832051e+01,9.262362501874534360e+00,8.972271847027098346e+00,2.373439653522253501e+00,3.897478705610552652e+00,6.194807020220262750e+00,1.531011889998098674e+01,1.555049508900608757e+01,1.212287639507143489e+01,1.855290725303953536e+01,4.745697540347881471e+01,3.788990195986928455e+01,2.720815647866571751e+01,3.066882637230928665e+01,3.545923004723594119e+01,1.539849427215216338e+01,9.116007674397326355e+01,5.902259188369887255e+01,1.485277291493505736e+01,6.280348914277457117e-01,1.995539884926570195e+00,7.824708146552717736e+00,6.542455341786263645e+00,1.966976556042619340e+00,3.680030260027622546e+01,4.434440171185224244e+01,5.201981122971424121e-01,-1.482817926554758636e-01,8.544485400659921126e+00,7.798838795560941506e+00,-5.265863157617665102e-01,5.749013780016955621e+00,3.094563563845185605e+00,1.046791885868843330e+01,3.298082356170539242e+00,-5.817993452644898866e+00,2.516079870328813399e+02,3.790471857651692744e+02,6.587866216030441819e+02,2.385141704085824870e+02,4.307914849151627834e+01,1.914657637728065964e+01,2.828756451812441810e+02,3.367135918791602762e+02,3.353713890108538465e+01,2.958603088197425679e-01,3.737147778042496871e+00,7.186907003401916683e+00,6.495981796774051631e+00,-2.434831102307924711e-01,7.001513460584333188e+02,6.577915407396354794e+02,2.402687874931967542e+02,8.294669632621842084e+02,1.464038061553173065e+03,5.793832374487693642e+02,8.110940846584666986e+01,4.133716492767088369e+01,6.734493633869715268e+01,3.634791080885241286e+02,8.311068757040983428e+02,4.738563437145076023e+02,1.924912503872259961e+01,7.453652389380382992e+00,1.181528977350001597e+01,6.190771062233326738e+00,1.723271418213713702e+01,-1.797575102331127272e+00,1.506421039031142861e+01,1.937271340348766557e+01,8.735878505755954038e+00,1.883590218712786069e+01,1.347213119004570281e+01,2.074974395652577166e-15
3.180853740349759196e-14,1.798557436049911695e+00,8.302220877521389042e+00,-2.917287776964404555e-01,4.028877795773357917e+00,5.019172242560729025e+00,9.314600876017141928e+00,-1.603077772376386712e-01,-3.957672178198772261e-01,2.089772495903329474e+00,6.043664664048681523e+00,5.897487916966202448e+00,-1.790769926979244100e-02,1.829889986883790343e+01,1.235299760720648266e+02,1.307275818940729550e+02,1.513355733938945775e+02,1.414393068902022890e+02,4.172866847077543184e+01,-1.144529155424631384e+01,9.555811641723724392e+01,1.056898138678134984e+02,2.140818046447014211e+01,1.390971732615004397e+00,1.806337589952963896e+01,5.048846590102499476e+00,-1.793395919707104991e+00,5.908141405388990464e+00,-2.955960239570413872e+00,1.184802162585913266e+01,1.434061473815990873e+01,-8.212994675938216638e-01,4.768902121812410577e+00,-1.126174111240750175e+00,5.027931051720804234e+00,-4.348116775783610333e-01,-1.104351222693325418e+00,1.024989354693799370e-01,4.987451914074163106e+00,1.034326015394327336e-01,4.935261739206014298e+00,-1.237143169863954784e+00,-5.955914219922815028e-02,-8.832587915962363256e-01,9.282855557733611818e+00,8.634089298746866703e+00,3.522543140205731049e+01,1.949241108933491375e+02,1.240257445735090869e+02,4.236436366057056802e+01,8.119816246975297247e+01,4.565530350356865341e+01,1.654502666318986215e+01,2.093528624095051072e+01,4.631690177397398145e+01,1.984491294263772332e+01,4.640805727810423775e+00,1.016214128715066956e+01,2.851265613926126719e+01,1.567292627586282272e+01,2.895584328921351425e+00,5.850074305072595848e+00,5.844175275203244979e-01,2.829656166377473969e+00,-3.561451705528328321e-02,2.728793970265828150e+00,-1.027965758961072451e+00,-1.529800014464811619e-01,7.222272189536658971e+01,1.145637659918709517e+02,4.111767735052873718e+01,1.603520958560616805e+01,1.077623430274456284e+00,6.077979573348110343e+00,1.215411203507583693e+01,1.890424563293284521e+01,1.832279989073679971e+01,9.779182919558406795e+00,5.666331146625627646e+00,5.299920174258613420e-02,-8.326948406739955733e-01,2.102984442923709008e+00,1.272179661063695910e+01,1.690104944367952911e+01,1.140523584531840307e+01,2.227606194529856154e+01,3.487348905481862005e+01,2.839407088204831453e+01,2.272823741776610973e+01,3.103001373529649598e+01,3.256527404045559138e+01,2.117147663060765694e+01,4.240521886329882051e+01,1.008097543673379022e+02,3.170539751705920750e+01,-8.109867490166351445e-01,-1.826455597462030678e+00,2.570762615336203094e+00,4.797646838213290188e+00,4.194285966712832381e-01,2.586172071612164203e+01,5.705267891292145777e+01,1.661391408981612861e+00,2.874520258383562954e+00,4.420969621287121676e+00,4.679806787907145882e+00,9.965599725842302359e-01,1.480673133902655891e+01,-2.549482704047451698e+00,2.654450178644349023e+01,-2.919044648280315002e+01,9.123867459240918265e+01,4.876795109133416304e+02,3.190015826058805715e+02,6.645009978350451547e+02,3.069059135673485912e+02,5.600516565862090346e+01,2.889665658816688776e+01,1.775685072673770435e+02,6.103236682023851927e+02,5.644139057201485343e+01,-3.020323008439136370e+00,2.510191664689414015e+00,1.011031838288559292e+01,-4.683915620239957889e+00,1.778864622567751894e+02,8.527402733888551438e+02,4.558487014424885615e+02,1.492198958598411878e+02,6.849168092578775031e+02,1.310936910159951822e+03,2.039651981646183856e+02,4.866272557361423878e+01,2.501302596821271251e+01,2.996704108140205136e+01,3.079375930426982109e+02,5.115466381505429467e+02,5.886403602482683937e+02,9.501271961300366797e+01,4.040753027995577185e+01,7.832753908507389617e+00,1.192443475138816034e+01,4.397364025180672797e+01,3.248578991461963028e+01,1.822856365550375912e+01,2.334143134609291792e+01,2.033491481651256905e+01,2.406154086273056691e+01,1.571619918907341784e+01,2.660189142385238191e-15
8.965680200531177419e-14,8.741963868852501429e-01,3.555783251137489387e+00,-4.873751445868990118e-03,-1.049112419226091664e+00,-4.097874702256484869e-01,5.023821990403074977e+00,-6.232273640441866602e-01,7.330588236680831704e-01,4.139230352005439428e+00,3.881190891633702567e+00,-5.090811101598038402e-01,3.014276917166066119e-02,4.317162899410042165e+00,6.550402704606719340e+01,1.767247368819330688e+02,1.107383718344638339e+02,1.390188571483965063e+02,1.010490563438137173e+02,3.858529183431230081e+01,1.245932415596416973e+02,6.005438208095469577e+01,1.415556437772929854e+01,7.110305718372875283e+00,1.867942789410396998e+01,1.924031388019731281e+01,6.155006261257820022e+00,3.699140946598001189e+00,8.452692936009540858e+00,1.336904121070776874e+01,1.461461407712707405e+01,1.276243542037275525e+00,3.011832895181667968e+00,5.247225823398292688e-01,6.716384930290614896e+00,3.793337012821111354e-01,1.009820764273637650e+00,7.110112801806545146e-02,2.701405828027799938e+00,3.083828056770782755e+00,6.721834904034055924e+00,1.036167976970943094e+00,5.362340734693282762e-01,1.457781889067228942e-01,-1.130261430889452079e+00,1.302894472900481437e+00,4.101542672010501889e+01,1.290147898935428827e+02,1.771153930266270038e+02,1.143324967547028308e+02,1.427391186017566440e+02,7.514296640853268627e+01,2.959685415118510576e+01,4.038395904436742256e+01,6.848517194643160622e+01,4.249489833382862969e+01,4.278550357733339027e+00,1.250303672484134765e+00,1.462396443588971628e+01,3.014743752894827722e+01,2.628929444822102557e+00,9.328527776807883143e+00,-3.666329067527734908e-01,3.738233562158638446e+00,9.358485921656467879e-03,-1.203206979564544477e-01,7.414310913087996946e-01,3.516689881882982538e-02,5.310464199489433668e+01,1.221164342789294324e+02,5.254452150200562244e+01,1.436354626746180152e+01,4.073806865773351049e+00,7.540376372780889902e+00,1.259184174436915171e+01,1.496226404156713485e+01,2.054244853956961592e+01,8.319417269085983335e+00,-1.282076558536400679e+00,2.651887833783494464e-01,2.213075086295477611e-01,1.055410726752747497e+00,6.052808588438199244e+00,1.448333773260970680e+01,9.303764793729055071e+00,2.698524381419736784e+01,2.206627166264961915e+01,2.222416400126931180e+01,2.260722793440303136e+01,2.534208960161301505e+01,2.511840298473526545e+01,2.344553594795784690e+01,1.633959869985159941e+01,1.148191446915750475e+02,6.054613217035789319e+01,7.509445974397853441e+00,4.317146632986773369e+00,9.581018397438312295e-01,6.668659491545129825e+00,5.040529911430452481e-01,7.908560082690001991e+00,8.375526872102220466e+01,9.073351496546790074e+00,4.522914878039780540e+00,-5.758529405941104073e-01,-8.494043614433794964e-01,-8.269216043515693892e-02,1.943826216208886493e+01,-4.588806180037223736e-01,-1.585384559994842313e+01,4.153471565979681657e+01,2.288477642414084983e+02,5.340654220736336129e+02,1.558325901394622122e+02,5.407596529186513408e+02,4.365632884214111868e+02,1.274425783526743459e+02,3.391634019823232649e+01,6.160694539696015681e+01,7.392865658500674044e+02,1.020130385269640669e+02,2.728374700174874157e+00,-5.336595505780159510e-01,-4.014164766291149711e+00,9.287030106074690039e+00,5.173082826642408918e+02,6.899792544403053398e+02,1.480179364762428804e+02,2.141871673816008581e+02,3.724273985782913883e+02,8.555113215569859904e+02,1.542701747570068562e+02,5.111543571587763068e+01,-2.987154813579338875e+00,7.593595359076817708e+00,1.988240879222100261e+02,3.823014256929503176e+02,4.910050239419609284e+02,2.484155732832574017e+02,1.091394909270741067e+02,9.614985805756768755e+00,2.025729489208269030e+01,5.456425677961419751e+01,5.873503581366701809e+01,1.689225646125317581e+01,2.218253590091198646e+01,2.852773563013061420e+01,2.126347287249966911e+01,9.932314536792176796e+00,2.612448546683855498e-15
9.259182818770173932e-14,3.531828878622111478e+00,7.443396648090660150e+00,1.967943990309024338e+00,-2.812969453601446013e+00,1.822456711423556142e+00,6.355530621755987042e+00,-3.144512596880450594e+00,7.727856441297070944e+00,4.369765548328701676e+00,3.975343623481378597e+00,1.054135349558271567e-01,1.588147655757115792e-02,6.542904788679045069e-02,2.436363279191973064e+01,1.584287244913341510e+02,1.065182336519966668e+02,1.524497496454466727e+02,2.546236778044668654e+02,1.866418429941892043e+02,8.600545695992749984e+01,3.595350973404547545e+01,2.604716514335308020e+01,9.728867598242919357e+00,1.122042838467795889e+01,2.329479736503915532e+01,1.789010305274432966e+01,5.244528326479544589e+00,3.882285321040414772e+01,3.417367636921333229e+01,1.367378799672136402e+01,1.206154005363604753e+01,3.828609189797370860e+00,3.416078824199957786e+00,2.065890643953535832e+00,2.690810248272825334e+00,7.862649670452733552e+00,7.378430393030174228e-01,6.098223035571157524e+00,1.269841289875476598e+01,1.489760532037149332e+01,7.307979184714563203e+00,4.516454851119697800e+00,6.196961488266553020e-02,-9.198172544381058024e-01,1.728073757541740696e-01,1.168125619453784303e+01,5.729028984755807130e+01,1.302956312757277999e+02,2.139811202945749926e+02,1.131219426311475047e+02,5.090755707521142881e+01,2.767473511216069326e+01,5.471310298798442773e+01,5.340537569528314776e+01,4.978021001540595591e+01,1.110569714281235854e+00,8.149228542400861031e+00,1.557775561259399666e+01,3.785308042705628395e+01,8.612739951021804785e+00,2.681830580989384316e+00,-1.465098770298490116e+00,7.732707669806426765e-01,2.151048019705361497e-02,1.986038149163069866e+00,4.932074463975067324e+00,1.603630144397105495e+00,6.157594440106390010e+01,1.432593091062762767e+02,7.352509596149927518e+01,1.096248969730955913e+01,1.444140810258546281e+01,6.959459953378217989e+00,1.076337293422359132e+01,1.702737176138757391e+01,1.806644038356575166e+01,8.363109464037812302e+00,-3.059837490321666742e+00,1.269606495295209525e+00,8.123600863048189291e-01,-1.314095812352938708e+00,1.110341856471751765e+00,8.535497877636387898e+00,2.615057598043155629e+00,2.172299017600122895e+01,2.200285962160977959e+01,2.848621486226717181e+01,2.192039865880307659e+01,7.588577198293769754e+00,2.049304482766785185e+01,1.180566106928728765e+01,2.430969315965637634e+01,8.470539181259240991e+01,9.471223775231335651e+01,2.030790427421518629e+01,1.684919875667397449e+01,1.223889038959097419e+01,2.056969583879390839e+01,5.912202900593459098e+00,-3.078590852213460294e-01,1.061657901187518576e+02,1.350951764791290444e+01,1.256552929496158377e+00,-4.184088987258426928e-01,-1.534713180844118563e+00,2.709708618028774385e-01,6.903533192118647577e+00,-2.536291401398195422e+00,-6.723586726225775578e+01,2.534029260418960234e+02,3.082794402007633607e+02,2.883105691447977392e+02,5.565751763138578667e+01,2.569679249324857437e+02,5.438734103136375779e+02,2.457968722078111341e+02,3.227508624931831349e+01,2.967954120231694404e+01,5.071095368812152628e+02,1.823851761930506257e+02,1.699328830641033861e+01,-1.176224858164882203e+00,-1.495642971805187749e+01,9.913011104297549991e+01,8.385280699772413300e+02,3.906555450086497672e+02,6.630597085789267453e+01,7.754048277917446796e+01,2.419836187356649191e+02,6.259758917377206444e+02,1.473260538552342496e+02,2.413843429173209287e+01,1.810772351901732691e+00,5.859628184500418335e+00,5.650728333255238311e+01,1.224303248635922046e+02,2.563509576454910075e+02,4.242143212617917811e+02,1.484182884798518955e+02,9.175586819464314203e+00,1.687710821565993768e+01,2.664904320314314390e+01,3.778092629537642466e+01,1.197446348017212436e+01,1.903476504823943571e+01,2.799444610421824464e+01,1.411674747191028167e+01,2.388038124171085297e+00,1.302231093369206646e-15
5.007247346706218050e-14,5.468251145903992416e+00,8.278469990240850507e+00,1.396979604682165466e+01,6.788070920266480179e+00,3.253728879409100383e+00,8.678738738329492719e+00,9.092890774883501948e+00,1.720133461180733292e+01,7.675799861908665811e+00,2.631257480455969411e+00,2.567037027018595485e-02,2.791654904687393413e-02,9.350957491285110112e-01,1.236634973597450582e+01,1.457779684562329976e+02,1.290656759467230188e+02,1.748517935364116624e+02,2.516730015619194774e+02,2.226695967624213495e+02,4.594773797718033137e+01,2.658872852696109135e+01,2.402322410758445415e+01,4.106413401887630599e+00,7.805359265239575350e+00,1.654892267699438690e+01,2.389659055635348395e+01,4.135407867768766899e+00,4.220322130023008356e+01,3.277486438975490302e+01,1.247707986266896718e+01,2.283361480680502709e+01,3.954438330456925055e+00,5.019078863261891676e+00,-8.526195321115654924e-01,2.505265217917056031e+00,1.053574554905350347e+01,6.935628280741320539e-01,4.758909417558825794e+00,1.469281964890842751e+01,1.525140673759872811e+01,6.899345000288837682e+00,4.263842276384077756e+00,1.816038735804604287e-01,-2.838075898397192723e-02,-5.472859087975942560e-02,-2.258637658051657837e+00,1.848317908293181233e+01,7.939849345189749386e+01,2.816291285287489927e+02,5.223768505355270975e+01,1.994715426962375204e+01,1.805297410206247477e+01,4.520972005472034994e+01,4.275820782309686052e+01,5.646779338538227222e+01,1.312718390341718888e-01,1.079329878331345860e+01,4.509795163492918135e+01,3.284869590317974541e+01,8.584881572628098922e+00,-3.336848548904722822e-01,4.002273302911755870e+00,7.498767533234855787e-01,6.492355674374021557e-02,3.852534419925937037e+00,4.131964226883585667e+00,9.080863136982999961e+00,9.481241902907052577e+01,1.535025415909966284e+02,7.345087299109707146e+01,2.112540423574073500e+01,1.540328306986800477e+01,1.003743194156239760e+01,1.125796994899029535e+01,1.407019423106805256e+01,1.468665325524901633e+01,1.810722024117977824e+01,6.905467611325697419e+00,-2.568337920377482764e+00,2.651597964402672147e+00,4.880397236840966713e+00,-8.462511620217118280e-02,1.338403708989600105e+01,4.002062561729235135e+00,1.058249220496806231e+01,1.582057262653220597e+01,2.408043466642952524e+01,2.411092079580724246e+01,-2.169757167093777639e+00,1.245892089796040381e+01,5.549370684590818392e+00,2.858413051781353431e+01,9.438516216305453099e+01,9.503526250441287004e+01,1.996949222325180884e+01,2.558569786404786939e+01,2.077447230378874821e+01,2.747643904773719825e+01,1.234567343687215590e+01,7.910909118611733071e+00,8.132797801506734459e+01,9.606297746747761934e+00,-4.821546971212452987e-02,-1.721786112142535130e-01,2.905121411948468513e+00,-9.520617231165032779e-01,8.430709615050242078e+00,2.169970675033110652e+01,1.882334510404194816e+02,3.332267182489010793e+02,2.452455659486332706e+02,7.295187129759335676e+01,1.130323642700279052e+01,1.248355237303302658e+02,6.498541208708860495e+02,2.397104919711026980e+02,2.842575024784128246e+01,2.908083150206026701e+01,3.986363067416299373e+02,2.492851288148469280e+02,4.622260080258629777e+00,2.658032759402217948e+00,8.074552444353123803e+01,3.272572469962981359e+02,7.227409474505475373e+02,1.495500809506555697e+02,4.774322745875515750e+01,5.143254923426117564e+00,2.692682475794927655e+02,4.925631727396643100e+02,1.078451950270763291e+02,5.677605350626406810e+00,8.575247244395304946e+00,6.904235180922342785e+00,-5.480769336337088404e+00,-9.898995535155078684e+00,2.041550680614215878e+02,5.197177546151685874e+02,5.712731389094590639e+01,1.101468355670021637e+01,1.962836943630380304e+01,1.428627797625910922e+01,1.791545059543495455e+01,1.593178079518854950e+01,1.744871805753113847e+01,2.578141691127181900e+01,1.334796665414274308e+01,-1.003212683385251935e+00,1.250888182567005087e-15
2.252984280312284115e-14,5.674958409256534608e+00,4.349792826902150189e+00,2.905756250902837579e+01,2.006447164618211687e+01,3.044409548626012540e+00,1.029029196277578073e+01,2.567121927953031602e+01,2.357236369841298895e+01,1.218860406546008335e+01,3.492323346714866772e-01,-4.438927923327135039e-01,2.770893019131526192e-02,5.288442240429444219e+00,2.088310354204028840e+01,1.470947733722007058e+02,1.483876047677874794e+02,2.019645338586229002e+02,1.119783988111869775e+02,1.231441107418547745e+02,2.809430355935224810e+01,2.087020499888944158e+01,9.516619190140874096e+00,1.511071526215288285e+00,1.358455576994367675e+01,1.044167393569168212e+01,2.120047031588021369e+01,3.906166724842624061e-01,1.722654631182484408e+01,7.929881377185123981e+00,1.079960619189788318e+01,2.643117052894724850e+01,6.667971047288881792e+00,5.193767150436763735e+00,-1.105705524158400177e-01,2.173138789252430647e-01,7.985906401203320293e+00,4.059783349721622636e-02,1.066461076064117025e-01,8.447364097216471635e+00,6.481219366106509838e+00,6.468368611712688176e-01,3.281215909559782595e-01,1.675627124769100695e-01,-3.055571968926220072e-01,-3.347248200533128881e-03,8.315804259624671957e+00,1.329563501156213157e+01,6.544351820618241788e+01,2.778131461852515258e+02,3.798840191322911153e+01,1.273999706699599344e+01,1.330588278556026971e+01,2.019852351460697903e+01,4.752827305213195075e+01,5.893039766129700041e+01,8.163177999262355655e+00,1.040013637423874648e+01,7.223654019895327849e+01,3.695235714352200773e+01,3.883985887115891433e+00,2.616659059812275423e+00,1.089799625579244768e+01,5.247651058176815653e+00,2.575055619617719671e+00,3.606526029901856667e+00,1.763331865764228845e-01,1.708398519640284974e+01,1.218064792185424636e+02,1.550666465709811348e+02,7.301923785403971578e+01,4.495525364304707239e+01,9.829035639140945690e+00,1.282183667482699363e+01,1.163823505366592315e+01,5.947819458092365785e+00,1.114297228519908067e+01,2.727242785987061424e+01,1.876982833221043379e+01,-1.906616172470832149e+00,8.278256510234042409e+00,1.782035469053841581e+01,3.225055275786159914e+00,2.583380186059931916e+01,1.319170436749954867e+01,8.193358404520335592e-01,2.389603536766823133e+00,7.237132080377933541e+00,2.395244694484333436e+01,2.362808017405596317e+00,4.721889424689513781e+00,9.864291737783492664e+00,1.888795005761175361e+01,8.242339976269691704e+01,6.161671814247671364e+01,9.623019444722721971e+00,2.173988566561423497e+01,2.306141435216656532e+01,2.696587372865739596e+01,1.706904978259305850e+01,1.283390831615578520e+01,4.822437475077369129e+01,7.913571981589535120e+00,1.352231377736888840e+00,-2.692646302800135727e-01,8.356173082334416691e+00,1.910904879151516189e+00,1.372929210774042907e+01,5.498545263434751007e+01,6.079317908517621163e+02,2.388577408446159609e+02,9.487292109976326060e+01,1.120787131119032765e+01,-1.144214864048544306e-01,1.653184579350301533e+02,6.821472273693357238e+02,1.344767682051896145e+02,2.188315520974263961e+01,2.253687349640687998e+01,4.566861364064433246e+02,2.716395718647785884e+02,8.104130191222358448e+00,9.746008160136067744e+00,1.962797367062509863e+02,6.299225099255153282e+02,2.987135723658432767e+02,4.290745979934573029e+01,1.013164588591063087e+01,6.189775240957790459e+01,3.284968703995505166e+02,4.060697323124559830e+02,6.731630468559582425e+01,8.437952588015221522e+00,8.515538721308699266e+00,4.715726278049834796e+00,1.290928640174540654e+01,2.465624258796272983e+01,2.882132082708241683e+02,5.382906785097159172e+02,2.049661139751719219e+01,2.290016285131293472e+01,2.634313053556937945e+01,2.544209492662085736e+01,1.476737114936051221e+01,2.234658510257916575e+01,1.679569673557557152e+01,2.234063065842234508e+01,1.549581478517057143e+01,-1.649487303616470057e-01,1.453657088465119223e-15
8.169655018586677216e-14,6.655976809175139230e+00,4.455142272878098275e+00,2.876998655898686152e+01,1.852887755382058899e+01,7.690750180360257815e+00,1.322129422653576647e+01,1.635865078476457057e+01,2.141644226728245570e+01,1.060567287993600516e+01,1.448901418661001195e+00,5.442613261908002542e+00,-2.360783466485123216e-01,1.136847844521500939e+01,2.723146778069726892e+01,1.119098568090667385e+02,1.319350234297166935e+02,2.301857099129898927e+02,8.909798268131160626e+01,4.493189865236656999e+01,9.310032799017919913e+00,1.209603766831524752e+01,1.377553021442246717e+01,2.045963161744413128e+01,2.378915348288460052e+01,1.998759600116278179e+01,1.335868862696953485e+01,-6.049949433881879335e-01,2.790072070192958886e+00,-3.591685106405340555e+00,7.456334855756288960e+00,2.090462093079219486e+01,1.895367539333714646e+01,5.521583301178456971e+00,-4.362585948894591448e-02,-1.193811588793909084e-01,6.535384350553978372e+00,1.512843813518854053e-01,3.716813185015600762e+00,5.837084437841175699e+00,3.122463363382867174e-02,-7.663900697622576530e-01,1.202542365302611271e+00,-1.410621367557077122e+00,3.804428193843619521e+00,-3.977556065901675236e-02,7.022072090684334356e+00,1.323255896011550625e+01,6.052166002524019461e+01,1.969666329697047900e+02,1.205270886283206409e+02,3.475706728647208621e+01,2.348107001047529252e+01,9.400843084783359060e+00,4.512874598391625369e+01,3.874138118445269896e+01,2.872050552868027751e+01,2.812715832706166452e+01,4.752732604111298542e+01,8.149486440994415659e+01,7.074347756468762682e+00,2.314669909006131565e+00,6.057296203918186350e+00,9.779185943469721920e+00,1.011021615373720195e+01,3.039704637988671188e+00,1.547536575749542287e+00,1.380728399198734380e+01,1.042790626645929706e+02,1.807218953437893560e+02,1.272811802773736645e+02,5.983490544520674348e+01,1.456179091152767491e+01,5.314647499296276223e+00,4.838877407026379807e+00,2.655203245147060187e+00,5.904423882361853337e+00,1.475022425702337081e+01,1.312599973854435831e+01,1.967672041359572077e+01,1.822224291870872648e+01,2.464308122292631609e+01,9.851807663094747980e+00,2.785232158570001459e+01,1.758935279994988221e+01,-1.010463382156567169e+00,-2.045330532345605246e+00,-2.309551187786198057e+00,1.170696911411493168e+01,1.143913306476738079e+01,8.457911189172573785e+00,1.429899567412553552e+01,1.365917236139617863e+01,-6.390213261545881807e+01,4.034151332671865475e+01,8.302454978912079397e+00,3.830386259050353903e+00,2.768069953743485812e+01,3.464750675982149630e+01,1.871821158104757288e+01,-6.900272387142304176e+00,9.921828727024001182e+01,2.723995219589077621e+01,1.198938128673624925e+00,3.206853293485507184e+00,9.868956392471172734e+00,1.676385225765396925e+01,-1.228252792816738648e+01,5.410744158448267171e+01,6.842394166409477521e+02,1.538199921830654375e+02,1.392578987632913723e+01,2.274990599267612545e-01,5.161319244502366566e+00,1.323805573410201646e+02,5.211657956771322233e+02,1.184968604011800437e+02,8.938897786107665056e+00,8.209888653749263909e+00,3.108572399112853759e+02,2.462729358283447425e+02,1.245264491330176639e+02,1.684290143773781168e+01,1.396922121373856385e+02,8.305337770799219470e+02,1.278986272166699365e+02,3.015242493804265678e+01,-2.009817154828711594e+00,7.834665386481418636e+01,2.817933168144049887e+02,4.505938330147494639e+02,1.060288612765713907e+02,1.235096547801167866e+01,1.821697100916394163e+01,5.703574101133688679e+00,1.232937724127394574e+01,2.594381862434588015e+01,1.719043461687339516e+02,5.638582933311822671e+02,3.817085685906568528e+02,5.708437662141533053e+01,2.056453084747465354e+01,2.241020209522068996e+01,7.144572259886203369e+00,1.154457781008616379e+01,1.337176140304936034e+01,1.267549676647625745e+01,7.108176395049926377e+00,2.922673080976944116e-01,7.609119109489449656e-16
1.323835123633502025e-13,8.192082827271164547e+00,9.736463945448559087e+00,1.670617416541317368e+01,8.363343028407197011e+00,1.281249536788606846e+01,1.625937619424579950e+01,-9.497678412752900146e-01,1.297792479299254431e+01,6.378278685827433847e+00,6.726021817968583782e+00,9.804598449192338805e+00,1.824182192537280034e-01,8.868971731783620527e+00,2.392182860990486404e+01,6.457943685869838646e+01,1.020955053324542376e+02,2.186996191021061122e+02,1.242164502532968697e+02,1.630336816378265397e+01,6.059477972303094262e+00,1.160818954137459080e+01,2.473243732934679429e+01,3.908724223321661384e+01,2.537881732309974225e+01,2.749518625670822658e+01,5.027907514746599027e+00,8.498389409097989455e-02,-3.688630587084858470e-01,1.692619244488878127e+00,3.885477753164715331e+00,1.747298751394021465e+01,2.870168828353981283e+01,4.072755016846691944e+00,1.742514316805115482e-01,-1.474640322684647453e-01,5.140101048256479288e+00,-1.830302567385937162e-01,1.004705146355477829e+01,4.442453305841897127e+00,7.134284609900530816e-01,-6.997356907801481618e-02,9.712043313741379080e+00,1.079525714319367502e+00,6.149303059080813760e+00,3.964240253362908556e-02,-9.160878847292283078e-01,9.228543812480459962e+00,4.392654317342914538e+01,9.103823582914955637e+01,1.743679510182107606e+02,9.657962438623967216e+01,3.029836015229222212e+01,1.351127900304536311e+01,3.247403775287836680e+01,1.541101985241197525e+01,3.993477650325003481e+01,5.901912773635017828e+01,5.519760786062817459e+01,9.943847911245526916e+01,9.684190432432869144e+00,-4.480883043643428265e-01,-3.695968481416669338e-01,8.677546643588984310e+00,1.244029615132502009e+01,5.912568587428843614e-01,-3.344606792762217506e-01,7.348876237981823323e+00,9.820971221886419755e+01,2.788442654684678246e+02,1.881607616924726187e+02,7.025639988153623783e+00,1.086497172931864519e+01,1.864524246204096458e-01,-6.857753550379502849e-02,3.683720856898617502e+00,4.707666147707618265e+00,2.165652329485900029e+00,4.005839700364127509e+00,3.330483403921249419e+01,2.174560149369912665e+01,2.200451238040528779e+01,1.087992572547699943e+01,2.072287849706259877e+01,1.448209226560259921e+01,4.638880460987993004e-01,5.642453500320894211e-01,1.676892113864962175e+00,5.915352535769386577e+00,1.449838773430608896e+01,1.371008232456510001e+01,1.486640317132222400e+01,1.466549104600835918e+01,1.382383750222185199e+02,1.113838336055795963e+02,5.171771829706013790e+00,2.872165979747193898e+00,2.960992315791530061e+01,3.789247841972976971e+01,9.468045363742588094e+00,6.213597603406968517e+01,1.677567231864189523e+02,4.895196889461868039e+01,7.338152865223067423e+00,6.104277154961486040e+00,1.734986127504417652e+01,1.011249835153364884e+01,1.382480852679402084e+01,1.218338294642370840e+02,4.821606585738200010e+02,9.931703233553960786e+01,-6.443430810820770516e-01,2.894054905086143048e-01,1.106855912219264582e+01,5.312139856678139438e+01,3.719008833798076239e+02,1.408796612381684952e+02,-8.531580868888281044e-01,4.142368669029256267e+00,9.820868415632135395e+01,1.989569479271858370e+02,3.168993377952342030e+02,2.564507536147525357e+01,2.250473160128827885e+02,7.857291160662524589e+02,1.278390623604288550e+02,3.778785366911136379e+01,3.516926194888408741e+00,5.755487134406617855e+01,2.170030219170549515e+02,5.757003207834711702e+02,1.505546691758471525e+02,1.641027328085665715e+01,2.794479332437234476e+01,7.459875665396840994e+00,-7.755833930702074053e-01,3.683440313999321702e+00,3.633001149260005391e+00,5.346563962754755721e+02,7.880311657504388450e+02,1.444504984822563074e+02,3.662892911455845990e+01,6.767707666907027075e+00,-7.763880416543004204e-01,-1.083312255607852048e+00,8.730375530384913318e+00,5.282295870134719351e+00,-3.141886726765130144e-01,-6.706121884725523008e-02,-6.547211182982314023e-17
8.532065065924668435e-14,8.569639006935016567e+00,1.562318490638141810e+01,4.002326414935459375e+00,1.456495116988815619e+00,1.231757786121153231e+01,1.636688310552298375e+01,-2.679805328113048724e+00,5.014973102517967796e+00,4.259779877073011534e+00,1.334002108430513900e+01,6.257942511975002731e+00,1.957469478952933661e+00,-5.955605935137220364e-01,1.663974401360513511e+01,4.008021727238144649e+01,8.762659990502388041e+01,1.538344788244307608e+02,1.006073702088001625e+02,1.223781595253777610e+01,2.936831679033177167e+01,2.552161630680515003e+01,2.342547479176023018e+01,3.394811065286857144e+01,1.305220522110636594e+01,1.656834320400253446e+01,5.732331332759762477e-01,8.197909618828165546e-02,-1.420056538199113705e+00,1.292815550944303737e+01,2.246762778412223049e+00,2.262256142201033526e+01,2.412521382316655760e+01,5.086302214879568906e-01,2.314833566537065401e+00,-9.806463375304956820e-01,2.128006929906586908e+00,-1.002426189625127639e+00,1.057071410880249829e+01,6.386251081370863947e-01,6.574100193933626990e+00,-7.241951517575038189e-01,2.081477686959670592e+01,9.211021133940318961e+00,1.852158663148409490e+00,2.120887758336259810e-01,-1.325234359432149844e+00,3.129957072964143716e+00,1.263619226334720658e+01,1.788281507949694671e+01,1.068298991888828624e+02,1.904282089314982613e+02,2.262924114098693096e+01,1.791402896339062778e+01,1.689306737438159800e+01,8.518919862745191196e+00,2.732749516334505557e+01,8.458884344430308033e+01,1.482687816533963598e+02,4.311674934984991836e+01,3.231193015191789808e+00,-1.308290731254500239e+00,2.610555065965999511e+00,1.662854861007718954e+00,3.656473276895282343e+00,-2.209997173068562581e+00,-6.143067000194878169e+00,1.372105039077553279e+01,1.481212776447109718e+02,4.450061673383028165e+02,2.702063289066015841e+02,-4.981022471779122185e+01,-3.703276011971143866e+00,3.884881801585561067e+00,2.105405479514381284e+00,4.519345033841466019e+00,9.817631926134907872e+00,9.277820807334981268e+00,7.426697274735379217e+00,1.664820655427154605e+01,1.299971099288068999e+01,1.276587152850109952e+01,2.771180159865129333e+00,1.294785692360425777e+01,7.529351131585128698e+00,7.904936389472867475e-01,4.281101479303220714e+00,9.721323560224913507e+00,1.304649040154935236e+01,6.708801958432268897e+00,1.041535569799211558e+01,9.333663025442834993e+00,1.650508094017818195e+01,8.774285479354084600e+02,3.101811629079388695e+02,1.519884442073057729e+00,2.380208351681286771e+01,2.188505618844738621e+01,2.773577680001054446e+01,1.096008672206136936e+01,2.633777802457657913e+02,1.818474792585962518e+02,5.066028229105886282e+01,1.970438464741965134e+01,3.384737319395021427e+00,3.428086444561264301e+01,-9.245477105365740300e+00,1.468175069785667404e+02,2.929105310477887087e+02,2.444979094639666357e+02,4.830395572369097579e+01,-4.373975426156765378e-01,1.989175504841187658e+00,8.740925632254016975e+00,2.195114547535711935e+01,4.280428098000022601e+02,1.062773260367507930e+02,-5.052330752769387257e-01,1.839906691008001971e+01,3.112475593927967310e+01,1.581268927857503570e+02,5.249886185746870524e+02,8.063549757117094430e+01,6.214906227209721692e+02,4.825742169848033996e+02,7.604657944001090186e+01,1.732840917614399245e+01,7.011567089563885524e+00,5.126142464985396430e+01,2.374903301713415260e+02,6.759854684680561832e+02,1.197999674927527707e+02,2.078744292589489717e+01,2.584178414596917506e+01,6.753921978767791323e+00,4.013316804689576855e+00,1.296921464936514212e+01,-1.077414526943454653e+01,4.040785909166841066e+02,8.466923981811959266e+02,3.004904306187467000e+02,6.945892354346439390e+01,-3.295996415411476477e+00,8.578615555628671396e-01,1.606644095893672297e+00,6.167428293955778074e+00,6.919599035043713542e+00,4.395714969604995304e+00,-1.974497723600486532e-01,3.761715578219314952e-16
1.867568966129259161e-14,5.345838256721348714e+00,1.192821885997550702e+01,-1.430214882811579269e+00,-1.240830233605883237e-01,6.558080618535387707e+00,9.653394526448430213e+00,3.044091205003247591e+00,7.323664283966425437e+00,2.089018173117528576e+00,1.357758984657925261e+01,5.337065411643263424e+00,4.067313932565670420e+00,1.898888711394375051e+01,2.676807158586313307e+01,2.756050143598977442e+01,8.110923674396012473e+01,1.182881565354535951e+02,6.104903362162382763e+01,7.116426865315405692e+00,4.020029014254807009e+01,3.166534710556867793e+01,1.566939479357834131e+01,1.577153146059726474e+01,6.627663843967358304e+00,4.039374288956117276e+00,2.681596683661513936e+00,4.926748347993135241e-02,3.254681785983306153e+00,1.762507811594779383e+01,3.809390585900559678e+00,2.010173291377034843e+01,1.222724540018384864e+01,1.352435834775492784e+00,5.351749433382629206e+00,2.712965040800154437e+00,1.324158791162914683e+00,2.544728736191906204e+00,6.004019265927183824e+00,1.292406877053647207e+00,6.666104261047198776e+00,4.368933155264308255e+00,1.711794015084742426e+01,8.923183358487287720e+00,-1.333281473992315447e-01,-4.931494087672201321e-01,1.275014643014513727e+00,3.344168734720606384e+00,-4.256632890374635991e+00,-4.209980859695596322e+00,6.059774449198652491e+01,2.592282958493311753e+02,3.177764099282331500e+01,1.311055091824786745e+00,1.089358500460587287e+01,3.047479458870563374e+00,1.663448071456113198e+01,8.031139652161692766e+01,1.854144023964116741e+02,8.910790806201625003e-01,-1.183625413885759370e+00,2.710560376280922501e+00,6.289619759341221972e+00,1.613641995792194361e+00,-3.333182317680188356e-01,6.363849287950419154e+00,1.673059386293048334e+01,4.769343802255331610e+01,1.850995487278139535e+02,5.382227251688752858e+02,6.139703486250651849e+02,2.515419844818542572e+02,3.756270697964112060e+01,-1.039815332130571690e+01,-6.060638103105771890e+00,1.534649620609043197e+00,8.913035341077630846e+00,1.217776431891870459e+01,1.299057995768392360e+01,4.205471455184691898e+00,7.646650888857277728e+00,5.197085045044168794e+00,1.311273716717538784e+00,1.134873489126313650e+01,5.546914139134522692e+00,5.852557544265031275e+00,1.075431629761223284e+01,-8.501164806654292860e+00,-1.113464915711132441e+01,-2.494939006184599517e+00,7.866767408779864468e+00,-5.550877174658592317e+00,1.533975926463619999e+01,1.123630188727700897e+03,5.324840926239913870e+02,5.220606453805796576e+01,-1.257210204529330788e+01,6.751906348112516554e+00,2.881601608215277821e+01,1.157382320302532861e+02,3.564397893582416259e+02,2.023989619993875806e+02,3.703640784932414221e+01,1.100654146049975246e+01,-3.806448255845948925e+00,3.617372212671337905e+01,1.006795838457437071e+02,2.648475206989826916e+02,3.136562304685090794e+02,9.053203196625311477e+01,1.634647917407223261e+01,-6.159505182245579302e-01,2.028704724785128199e+00,6.286936454831446142e+00,3.052351610690238815e+01,5.523944494949175805e+02,4.472562030036346670e+01,-1.027530196685864317e+00,1.942058039306303741e+01,1.856939950117705607e+01,1.317201435592552627e+02,7.519926179875922116e+02,3.109535743931587035e+02,7.051894895454466905e+02,1.812995909215722747e+02,2.670334008844978158e+01,5.219644281461014224e+00,1.295962694386970071e+01,5.877837314047682327e+01,2.743225036678136917e+02,6.483871934749946604e+02,5.974168720983093550e+01,1.089219058990802047e+01,1.997671806126726324e+01,6.833822394722362858e+00,1.294091875016763638e+01,1.560471937238956741e+01,1.405891550992191696e+01,2.949674955442587816e+02,7.176935727791855015e+02,4.892712177970217908e+02,-9.367140871008240666e+00,1.293283565097499554e+01,1.141730782808396327e+01,8.171897108190480097e+00,8.012373037687490651e+00,7.870320815948842252e+00,8.461607939824903113e+00,3.880027195087477621e-01,1.031974984694435688e-15
-1.252423902516576446e-14,5.317737047323214394e-01,1.369813600340479498e+00,-2.441641881764149979e-01,9.202546106194650077e-01,4.712266739432035001e-01,7.955146582912718811e-01,8.764694467480914852e+00,1.496728359541319087e+01,7.635325897230765824e-01,9.167732704210164840e+00,7.634662205930475842e+00,7.087081204129823675e+00,5.800546923080054995e+01,4.840575126304965892e+01,2.088381478048536621e+01,6.602958779147623147e+01,1.274949030528716065e+02,5.132014031145949673e+01,1.383639397592647757e+00,2.818067587642383032e+01,2.530339753996492647e+01,8.615029363042992827e+00,1.927419813498802981e+00,1.052733029986037572e+01,7.400035821145173331e-02,9.573162388493303254e+00,1.072239566349246775e+00,9.519951671585245023e+00,1.275657049067011606e+01,6.382896831262122816e+00,6.976803747909177567e+00,4.707764316151326511e+00,7.370329843658314672e+00,6.989355174580524910e+00,1.111117150661018727e+01,4.557243070652980066e+00,7.573264601966156917e+00,5.783282348748046697e-01,6.014708334124192923e+00,3.087426849358239522e+00,1.139081478873952413e+01,1.961620343629228547e+00,9.033153323822484815e-01,1.765832046636606201e+00,-4.340552647889295845e-01,4.367262997042802297e+00,7.701490693206111793e+00,-1.010337662422356564e+00,6.804162311353274539e+00,7.003228264627892941e+01,2.484280052137624466e+02,7.075859803756270594e+01,-6.077002033531677228e+00,1.693266204167585443e+01,4.950510544330075646e+00,1.457672406944188026e+01,5.337671813525901143e+01,1.325972887444852404e+02,2.275661084837784642e+01,1.228418287711973145e+00,9.165237704974261490e+00,5.843855461506471727e+00,8.001722632137330038e+00,8.363096087537458700e+00,2.859156092617348222e+01,6.311990239881754405e+01,8.994521436711917772e+01,1.745177881602703849e+02,4.828715388086009739e+02,9.899587440664166706e+02,6.633802451558884741e+02,1.272880700619382708e+02,-4.053193206305060414e+00,-8.716694643269087273e-01,-5.347784910126139879e-01,1.524912052237550553e+00,4.448707541300705337e+00,1.402484280309857212e+01,7.068269151193963040e+00,9.167561293603672112e+00,3.099207124413209780e+00,8.370750224569384557e+00,1.127100791318293282e+01,6.571895326256798064e+00,1.158827497802975159e+01,1.303997383316410108e+01,-4.407200212032915232e+00,-6.929294667410208497e+00,5.773845299201791903e+00,1.002190428764402341e+01,-1.975111229410776881e+00,5.928643145279434634e+01,7.066394332259318389e+02,6.086886931118114035e+02,1.284746614717044224e+02,-1.541815396428911078e-01,5.585804161134708679e+00,2.243899035556331256e+01,2.896495853171232966e+02,2.894975713224451965e+02,2.154662354997302032e+02,3.719874876170982247e+01,2.489240491056126814e+01,1.378465250528031927e+00,2.533221926260562995e+01,3.388001069612419087e+02,3.024613818468428690e+02,1.635470121706911470e+02,3.521330785370949457e+01,6.787865015532191570e+00,-7.903523237672567259e-01,3.221738795201136152e-01,5.907944225958964957e+00,4.721039529572470173e+01,5.704971153933722690e+02,8.147114195138057369e+01,-1.239146589322318581e+00,7.458755525859219304e+00,1.999436956844848234e+00,1.041800500116902555e+02,8.321743880178478321e+02,5.475572689831791422e+02,4.401486402149947708e+02,6.613832100132960079e+01,1.361254880793020128e+01,1.062641429751082178e+01,1.857591610859738651e+01,6.644289442269807466e+01,2.635809202695674571e+02,4.878639577129539475e+02,4.563327461844921373e+01,8.290305762177000437e-01,1.194245520714739506e+01,7.228978227211301011e+00,1.467108259921900348e+01,2.186765542665066064e+00,1.046322176419031003e+01,2.254715768230974504e+02,5.163825995940317171e+02,7.307990521284295937e+02,9.765140315697190943e+01,9.669216693876285262e+01,4.798179231469380568e+01,1.134193702724273223e+01,1.319739432457258310e+01,6.807886920249642593e+00,6.517485190821717289e+00,7.631425109791544203e-01,7.304467172736165099e-16
-8.064854653293649724e-15,-2.767866656932736480e-01,-1.826558377412080825e+00,-2.155489462096508296e-02,-2.028803280469604620e-01,1.397247788483525044e+00,1.212782089272109953e+00,1.241575293028976468e+01,1.101884346565804051e+01,4.227435604910512623e+00,1.007067172217034035e+01,3.576419890610477381e+00,1.282487157358062824e+01,6.419696141708942605e+01,5.078148573858966586e+01,2.372653149956713747e+01,3.008044021374882249e+01,1.241333827561939955e+02,8.784631941864147109e+01,1.710200645737350911e+01,1.670950358467866081e+01,2.133147307483088895e+01,6.226305154011008369e+00,7.035283840619855233e+00,1.220669854881591299e+01,2.371548659214858912e+00,1.542562262566687004e+01,4.024062933011577137e+00,6.075022574131618391e+00,4.917703835631747289e+00,5.230916283009086953e+00,-2.170617556567496553e+00,1.129480315328517115e+01,1.245072956397859265e+01,4.797690022824823153e+00,1.828059983548456202e+01,9.997297250752039233e+00,4.780509258357014346e+00,-4.748116073089995726e-01,6.755665675219757027e+00,9.020346391598192071e+00,7.024410630001520772e+00,-2.094649812141030409e+00,2.664655139245524218e-01,9.610515504490523275e-01,3.657176243578202701e+00,9.219384101257045216e+00,4.764770972936849702e+00,2.140667431733886961e+00,8.648846948814933100e+00,4.225424434272824925e+01,1.329756471644067233e+02,1.261642170070371805e+02,6.631082805134057878e+01,2.672922104910989205e+01,3.760567305911386171e+01,6.310498241693107246e+00,3.751750158608851393e+01,8.392797528815619046e+01,9.202924298415976523e+01,6.355570693404991367e+00,1.165086041287665708e+01,3.710540437143363235e+00,8.462399339864042247e+00,2.579356757060153527e+01,5.470883220571095507e+01,8.968629577326592539e+01,9.448296788863447659e+01,1.357528125399451255e+02,3.076560388722727453e+02,7.917969267277162544e+02,4.453099982362290916e+02,1.810458926344495865e+02,1.071317322366966209e+02,7.097917476512947133e+01,8.254953461494254796e+00,-3.445740237876977474e-01,1.673820886650193573e+00,1.177323935565663859e+01,6.884161895441724965e+00,7.131353749994597813e+00,4.671861810255988345e+00,1.129621923592102561e+01,1.645327774217258288e+00,4.957596426886744512e-01,5.787299373445129902e+00,6.522262838382155703e-01,1.177507841428306534e+02,1.513310417794502030e+02,4.771156636576399279e+01,1.294965320541412801e+01,6.107708455245930423e+01,2.132243924426767876e+02,4.013787534257699576e+02,3.811582239416459288e+02,1.271487199282620395e+02,2.829872755706265366e+02,5.226163915917363312e+01,-2.653241446142859061e+01,3.779210108777385244e+02,2.221650943832668474e+02,1.350368315507579950e+02,8.586894158043644154e+01,1.456459991208551230e+02,4.368378875090682101e+01,3.209703370637222974e+01,5.373187272220723116e+02,2.770572775541303372e+02,6.927743866264181349e+01,1.294598515842567288e+01,5.242886251387604446e+00,7.102424656532281055e+00,-8.983199951414667650e-01,2.579932350354532833e+00,3.842779330319665121e+01,3.651584596075202285e+02,3.512411155848583917e+02,1.145708811682307449e+01,1.414697398636873338e+01,-2.423157574176422635e+00,4.802278285143684400e+01,5.052964174356592935e+02,4.048967404914189956e+02,4.005134917096478375e+02,1.764290861024733204e+02,1.207271847082031080e+01,7.097337506071266233e+00,1.279065882955646671e+01,5.805911867312110530e+01,1.822012951015859699e+02,2.885467335849473329e+02,1.456220112551623629e+02,2.487650024513454383e+01,-1.999361085857535025e+00,3.793680662516232260e+00,7.934945374236368920e+00,1.101063396491384738e+00,3.162755955741364033e+00,1.055201565034422799e+02,2.490317399158836338e+02,1.063437601697902664e+03,9.365668841892993441e+02,2.772621605194336212e+02,1.318836374523695838e+02,1.203905896361808381e+01,1.736967496770428099e+01,1.068221736288620072e+01,3.490467721846304716e+00,-5.438385372856590072e-01,2.696126252964596746e-16
-3.531439146230329759e-15,1.447872939283246563e+00,2.753557997212537911e-01,2.085644853526311404e-01,4.934473453929116848e-01,7.857773217435267021e+00,8.233040002006813296e+00,1.206889389862322837e+01,1.651341395665944622e+00,9.026129341386928573e+00,1.223553045203659906e+01,5.636040611608005707e-02,1.870912504255883135e+01,4.433553963199837966e+01,3.773728508387434744e+01,2.768508490348898832e+01,1.669599134590229284e+01,1.160524276297373234e+02,1.263487322636316037e+02,4.331155511909798861e+01,1.141727579522338765e+01,1.972038777994654524e+01,6.476499051917842920e+00,1.522001751268605219e+01,1.500189546212972402e+01,2.947111183404707901e+00,1.591875901773867596e+01,8.476930068482108283e+00,-6.137775047866308453e-01,-4.248839020465940974e-01,1.269322525362075016e+00,1.216582385549429901e+01,1.442546096325907357e+01,1.011860043069329151e+01,1.433046709515731987e+00,1.859319626297505934e+01,1.005004439790478798e+01,-4.489736058471821556e-01,-9.691023520389066559e-02,3.909967313072018946e+00,1.396569300864059393e+01,-6.349992600278666632e-01,2.998087226918824566e+00,2.897302132841619748e+00,1.324470887964378230e-01,7.049242658785394688e+00,1.009989480298893127e+01,-4.114810387956158722e-01,1.192752714369569311e+00,3.421468727469369142e+00,1.913670353149245384e+00,2.450862355965959694e+01,1.728410296577150973e+02,2.012151460105810656e+02,3.319051984419000689e+01,6.280696650486397203e+01,1.835818790311828597e+00,2.239702305162748885e+01,7.179322248056089961e+01,1.376105490377775880e+02,1.265262039608474254e+01,1.280887026694915676e+01,5.268777262094589631e+00,1.590659340867988547e+01,4.433626397698866128e+01,6.799967850248268064e+01,8.694149637517563178e+01,6.771583403847104421e+01,1.063317657679845070e+02,1.676069666400867106e+02,3.227100789239472078e+02,1.693841099172712816e+01,1.695359263868426467e+02,2.312905347551234456e+02,1.569792430148923472e+02,1.633041515273833966e+01,3.855629662183399642e+00,4.714602860584389710e+00,9.170214641437519631e+00,3.290445110441663434e+00,1.970157798732668164e+00,6.071391026306447891e+00,1.394567376964638505e+01,5.528748446237626624e+00,1.467767351425416811e+00,-1.295854927739259303e-02,6.583440867484547709e+00,2.067433060340081568e+02,2.667777028147090164e+02,6.920624468135375196e+01,1.523145632089281953e+01,9.750051617300147200e+01,2.958149535617270089e+02,2.682099976534566963e+02,9.018456270429342680e+01,6.932005999643412508e+01,4.779289527269387463e+02,1.427966196745277045e+02,7.080978906505997372e+01,3.488774045758223110e+02,1.693210558346920607e+02,3.601137686666507420e+01,1.131466067907956585e+02,2.145063633140677268e+02,9.895406567864117164e+01,6.498016398296694263e+01,5.101987465190873650e+02,2.046944372866703077e+02,4.397329317044354013e+01,2.239574539470860159e+00,3.802197603160793804e+00,1.304028153781049681e+01,4.069498789096743230e-01,-5.392639035382593843e-02,1.431762396829735096e+01,1.379702624412693694e+02,5.162077347401741463e+02,2.498338114578377045e+01,2.537707536619898008e+01,2.260072234770746091e-01,-3.479975167248683832e+00,1.045514082465764290e+02,1.707660393292873948e+02,4.627901956875362544e+02,3.581252147019016547e+02,1.887722757925408956e+01,-6.578252056613788090e-01,2.880544909676665544e+00,3.672564637174879465e+01,7.856906447886204603e+01,1.493371413359386963e+02,3.038899630044334117e+02,4.111424107217027313e+01,3.281231483680235872e+00,-4.082813605789672451e-01,-1.059806118523591856e+00,5.302676795529738030e+00,-3.166750741544917536e-01,1.483211001413896390e+00,4.623131661629367528e+01,1.207940064092908415e+03,1.666976983057214966e+03,3.595035075979920975e+02,1.790019082522020994e+02,9.440647665725840909e+00,1.617643148443670853e+01,8.183055632996271811e+00,-7.599764088456388844e-01,5.295586249053946259e-01,-1.272782939277386509e-16
-1.644322470289296488e-14,1.960633157052223519e+00,1.797054291252331293e+00,3.362123002584744835e+00,6.219689475631203557e+00,1.400205439649927541e+01,1.352097293457136473e+01,7.305934837897479106e+00,-9.121412666003888559e-01,1.139423775439760611e+01,1.065852464121525145e+01,4.400073430813381314e+00,1.974382554543641533e+01,2.624054961608006664e+01,2.572982987953621858e+01,2.533785521687861575e+01,5.560892068420389478e+01,1.302495890451178013e+02,1.204717595699094375e+02,5.483198525264326406e+01,9.690159806930267905e+00,1.630551921283676009e+01,7.328015119819542456e+00,1.124624200241483507e+01,2.227264038618308106e+01,-1.198095738340461791e+00,1.134116858127519123e+01,1.340967390881663945e+01,-1.178916229108885272e+00,-7.454596722626245509e-01,-1.193162206097424294e+00,4.916336606583709568e+01,3.747367573080550684e+00,1.108651146365126294e+00,2.423719261977414219e-01,1.060244834247274426e+01,2.035028275654272356e+00,-6.700643556944202439e-01,-1.120174789577867758e+00,9.743718894537758413e-01,7.487431833751810650e+00,-8.113879666020709092e-01,6.640197051692791064e+00,1.096995476766203570e+00,3.206704824501149353e+00,4.890647078337702069e+00,3.384210038756932715e+00,-2.230505762384045743e-01,-3.103812882909673942e-01,6.036349532872161028e+00,-2.526592156039778381e+00,2.144559322119608780e+01,1.884370665824076241e+02,3.298537931203850917e+02,5.339400841413453236e+01,4.961731770784903262e+01,1.114847556058750300e+01,7.289334312064116972e+00,8.840002551753622129e+01,1.083666043988172731e+02,2.012883859453158664e+01,2.250951821741163528e+01,1.454585805812702937e+01,3.999548931503511540e+01,5.565346014050616930e+01,5.807265161785815621e+01,6.407405589466171136e+01,3.786102348503360560e+01,1.125512741479815872e+02,1.723042452735983829e+02,7.646318106615794363e+01,-2.999348632166326212e+01,1.044930980165419072e+02,2.546085160372089433e+02,1.944849941833033427e+02,1.645691781655179398e+01,8.199828647684180183e+00,6.160987843537794717e+00,5.793141478575843273e+00,1.274844976036156430e+00,-1.045927207027801620e+00,4.717249039538782718e+00,2.002027446774694397e+01,3.471863782666547849e+01,1.939326166904529458e+01,5.879590795224465261e+00,6.436123357451467086e+01,1.311258948259975341e+02,1.570880987683912622e+02,2.882283245928303472e+01,1.537257405892401962e+01,3.662995836563491991e+01,1.612818981469292510e+02,1.306673049177753967e+02,1.331093891228682935e+00,1.678599054252815392e+01,2.586604182593604833e+02,2.304707675350299496e+02,3.877893695731401067e+02,2.489952106346555638e+02,1.021074359761280732e+02,9.905031410175322293e+00,6.084632191284552505e+01,9.813221987238605948e+01,1.260372415737319045e+02,1.052173138062588862e+02,2.182257711798740161e+02,1.085125667602211337e+02,2.618801829995116748e+01,1.710111639125121707e-01,5.582595286043661176e-01,6.731925210222475364e+00,4.938506891110166386e+00,1.745169589647133090e+00,1.750045284748282359e+00,1.141017069925978404e+02,3.223806085843157234e+02,2.448797876483328295e+01,2.054555745469826178e+01,-7.452599476227353414e-02,-1.039152147761122436e+01,4.419486381869642599e+00,1.735901634208071300e+02,3.725937178648733834e+02,4.395711558886620196e+02,3.226813978104927827e+01,-8.837556038000726755e-01,-1.121657070366817444e-01,1.523266272632680618e+01,4.023639792066570919e+01,2.605899260208111627e+02,4.047981644171769062e+02,1.693972753369353512e+01,4.030419893086126137e+01,-1.018021665577139467e+00,-3.691956835884170562e+00,1.467884697500290825e+00,-9.723745612153139595e-01,-8.863386952932200913e+00,8.742240406625988669e+00,9.467359790814607550e+02,1.446587003151676072e+03,2.370674922933730215e+02,1.214760021928666305e+02,5.902466194342322225e+00,1.199561508493708928e+01,-3.552885905850689419e+00,-3.902313944563397197e+00,5.310494767788418891e+00,4.558495009454939644e-16
1.672220057022591412e-14,-1.501961740750220597e-01,5.551913136710793673e+00,7.437309497212051923e+00,8.416169410381952432e+00,1.295160243787745991e+01,1.044092587831904773e+01,1.848087139312562854e+00,4.773462245334819443e+00,1.504806673088496716e+01,1.358194718064334694e+01,6.359095328272573511e+00,1.011606772241828445e+01,2.395682583571072399e+01,2.399950759164803671e+01,2.562749711127641916e+01,7.965339575653482029e+01,1.658992366052802083e+02,8.700241415603200323e+01,2.998016323975780750e+01,8.806309437890201153e+00,1.346328704683044108e+01,1.263299946612742986e+01,1.438604118221203976e+01,1.942042415543946632e+01,5.137740919222903102e+00,1.173438158908606965e+01,1.759492723927707658e+01,1.044012716302186394e+00,6.347821294647331136e-01,4.121227396647572760e+00,5.186343968771476654e+01,1.668168976386848357e+01,4.344814250224323438e+00,6.435243351401112033e-01,3.033479907802886011e+00,1.945045930182677463e+00,2.411223973537522380e-01,2.854939815792033375e+00,-3.271742880873655945e-01,5.978475822452635313e+00,-1.551073700329743711e-02,4.282336650550996993e+00,-9.449963890938289923e-02,6.618829179957610442e+00,1.073665907185195723e+00,-1.214943632928613182e+00,7.526969411072093052e-01,1.277649318380111421e+00,1.397105117349087244e+01,2.367151054903170238e+00,3.719041894949223348e+01,1.701015006601497248e+02,3.517530410151362616e+02,1.604695637246962860e+02,5.449964435972776045e+01,1.683801494169579271e+01,6.353811795928019990e+01,9.738743292962560361e+01,6.272448996652250486e+01,2.977816313145122962e+01,5.774848520130682772e+01,2.884410915772045314e+01,5.354548628859929238e+01,5.342166114747179506e+01,3.841422373063592488e+01,3.921064525678554702e+01,2.928184476361075994e+01,1.333751197739748022e+02,1.787758023341091302e+02,6.049737554773167325e+00,2.643012895452047673e+01,3.892527885247883290e+01,2.058444268061390687e+02,2.133850425434369811e+02,3.646563455685259214e+01,3.939769808045085586e+00,-4.350471360983692470e+00,-7.878080034826473899e+00,-1.543940632076299391e+00,2.646658138655132664e+00,3.251749315889893133e+00,1.428240602444957652e+01,3.478270544252088570e+01,2.617669914859555647e+01,9.114613647000043173e+00,1.590343601795881625e+02,8.604907395132630654e+01,3.907789339206569679e+01,-4.352746855063313269e+00,8.814552624896325739e+00,-1.092851351474570443e+01,2.990683306823483889e+01,3.777293328676621798e+01,1.627623423831434657e+00,-5.863481191353865363e+00,3.496372937978241424e+01,2.042140482418317902e+02,4.567237869330637068e+02,1.828405438596062709e+02,4.916310971887038761e+01,8.455586931392250705e+00,1.718105103010715951e+01,1.090053384133422010e-01,9.624767921505261370e+01,9.080118425444049990e+01,1.132875035296623523e+01,3.485492030003442210e+01,1.078846142871627301e+01,-6.485510268343509521e-01,9.801499774110242758e-01,-2.078278273808506604e+00,1.013222423342006451e+01,2.168160064999379077e+00,2.049881306281429971e+01,2.287536752127045361e+02,2.519842689204788257e+02,1.626426237738885305e+01,1.449657915767374128e+01,1.032453959281685263e+00,1.436516609524906229e+01,1.929454081737363680e+01,9.786175089300451191e+01,3.377200000744724093e+02,4.155468309702372949e+02,2.906312586137459775e+01,1.761679775657598590e-01,3.561314480365336266e+00,9.345290102215491501e+00,1.713976171551674099e+02,1.018057495188867051e+03,3.285656967668249990e+02,2.819557247988932147e+01,5.723841246055248178e+01,1.404356248128736828e+00,6.511745468657724523e+00,1.056377537064112859e+00,1.590238244951645452e+00,2.676853179406879502e+00,1.617356284072672068e+01,5.776245758580447500e+02,9.846938690753178207e+02,2.746611707566745508e+02,5.193866897371169244e+01,1.328545101168556108e+01,2.300382569198398031e+01,1.336489841272371493e+01,7.899252465407525570e+00,2.366456719125288544e+00,5.529950275277050126e-16
8.546873443111287755e-14,-9.163899161898375612e-01,1.070490655885417119e+01,8.008150844118739897e+00,4.517878119888499633e+00,9.968298513679494377e+00,4.140726087275083955e+00,1.142984949050688259e+00,1.576631733269914903e+01,1.954518138763855717e+01,1.896097923191591050e+01,3.004074422415204282e+00,-1.653094402640728766e-01,3.195295830884734301e+01,3.408277455703071013e+01,3.069506025795291748e+01,5.949144696088227136e+01,1.836907555358172885e+02,9.693529784442044672e+01,2.199267169692894086e+01,4.179656765860589651e+00,4.927178237079303358e+00,8.555535039784023965e+00,9.899967434331719218e+00,9.202379384613200486e+00,1.938137849367396726e+01,1.445768031198459269e+01,1.713053947272491939e+01,1.663793688552387184e+00,3.999925833408995768e+00,1.048585157881797869e+01,1.519637839785131384e+01,4.484760079756395612e+01,1.662382362022410476e+01,1.194479834832708809e+00,2.071283359815484504e-01,1.175332357160256080e+01,3.994178589272245200e-02,1.077250953437550685e+01,-8.511450060445391319e-02,1.359418617344651281e+01,-3.406686727832187733e-01,-1.360202721556845462e-02,6.234180040944532486e-01,7.769910160904452745e+00,-2.942758148455366651e-01,-3.347450530344227015e-01,1.326285248548119688e-01,3.546333806100907982e+00,2.161732649239800352e+01,5.786682185839360670e+00,2.699104414788242678e+01,1.227853510344376673e+02,2.509602922467874464e+02,2.752510050083179181e+02,8.958468792169817618e+01,4.376605374481017208e+01,1.551673179323382783e+02,9.915835807824957726e+01,4.344204186776052978e+01,4.874400782704243795e+01,9.397274940082400008e+01,3.894407192133520113e+01,4.640788267517601184e+01,4.135814118501444625e+01,2.460515875245208761e+01,2.399049713617137058e+01,3.851277756931174423e+01,1.430361596200617100e+02,1.339777049786062264e+02,4.785021155619789468e+00,8.797202025770198830e+00,3.671721642397398622e+00,1.264280505150734939e+02,2.155756129600616475e+02,8.455377260313765930e+01,2.127970485517215238e+00,-5.245815540345946992e+00,-7.797458335404193086e+00,-1.497102970622700591e+00,2.899873009335379948e+00,1.372676253442410177e+00,1.038286395781333304e+00,4.096171807661585618e+00,1.431954754448405076e+01,1.153657104248122778e+01,2.495480653871510981e+02,1.383233424645717093e+02,1.840706988184398796e+01,-1.811922283657785515e+00,4.944554785322622936e-01,-2.830335634330272576e+00,4.745594510236357699e+00,1.045340354804480576e+01,3.914451423931630814e-01,-1.789012956442519897e+00,2.731860055511452057e+00,8.404069714122616119e+01,2.088285514101456783e+02,1.714697077234226015e+02,2.576040335561972938e+01,1.067169944628577616e+00,1.627486183989984880e+01,3.217403678738416595e+00,3.187589011216210011e+01,2.825794169794975730e+01,6.250623110125787640e+00,2.846407666379862977e+00,1.098085900029299733e+00,-7.930003901546903711e-01,3.995835168317851238e+00,-1.446469408722401706e+00,1.122792299882721245e+01,3.094196496242203498e+00,3.874861986398830993e+01,4.947246830567455049e+02,3.935141289108304932e+02,1.179903960760062454e+01,1.229645316988018422e+01,3.596200021089745125e+00,1.303925018690594939e+01,1.153199142488568185e+01,4.897371286635059562e+01,3.774832193928132824e+02,3.622315210373454875e+02,3.501295652569842076e+01,2.271821481095095407e+00,8.350784993711496185e+00,1.550524142864652788e+01,3.541569632923707331e+02,1.874841859742639599e+03,3.468838352164177650e+02,8.269890902225495211e+01,4.053702990822899466e+01,4.888180913197547994e+00,1.957622974202362798e+01,6.122008521448591090e+00,5.046673831055572990e+00,-2.523997356298810502e-01,2.548859063689341120e+00,2.981654187522061648e+02,6.972739988585789206e+02,4.758349609498440032e+02,4.467342573397231575e+01,1.038133501590558083e+01,2.037145250448489975e+01,3.325980126425648820e+01,1.603694753443004117e+01,-1.714762928098490402e+00,1.728879690563977624e-15
9.504654172471572898e-14,6.965921359387287737e+00,1.153897498706370861e+01,1.178050709772886728e+00,9.650939345384915713e-01,2.008922214172044463e+01,9.449873821909271498e+00,9.903988998623598050e+00,2.653355707025120225e+01,1.933359346361288900e+01,1.353236559802707895e+01,1.567101686460403265e+00,1.098784230845712884e+01,2.870334658364915725e+01,4.884163523649748129e+01,3.275119371665718404e+01,2.460275204710097086e+01,1.225624041607891428e+02,2.360162683990091352e+02,1.349721542361426145e+02,-2.627560864044605982e+00,-1.701217497097040976e+01,-2.420483377234431899e+01,-3.732749480080831006e+01,1.115070672972702859e+01,1.954159606220720491e+01,5.899150485187801607e+00,7.483897881387412632e+00,-1.239605868272829037e+00,1.348275384399175358e+01,1.696607217361596254e+00,-4.752831378120347061e+00,3.164544694838207306e+01,1.202270881961666227e+01,5.542521947545203664e-01,-1.739281901527312824e-01,1.671302106932489195e+01,8.132973773682515561e-02,1.290188247070842209e+01,1.059985519283353772e-01,1.729002034947393440e+01,2.916172328091733768e+00,3.884815827970633517e+00,-7.337599223690889350e-01,6.896830303693228359e+00,2.692214901932564519e+00,5.243141250544022247e-01,-1.167696167965782961e-01,3.321092149631616475e-01,2.452241871061389844e+01,2.344792750558317707e+01,2.166650563093541848e+01,5.897984988690845398e+01,1.106271107881907767e+02,1.861491753173051791e+02,1.109487183330270739e+02,1.572987601544137988e+02,1.438213506489461224e+02,1.279439849423181812e+02,5.153309018669739316e+01,8.412665230040930453e+01,7.222654361883436991e+01,3.317783319264355413e+01,3.422621302237563157e+01,3.271114100255151413e+01,2.645392429525657008e+01,1.900015184739170238e+01,3.780378934817678527e+01,1.262917552833709323e+02,1.169710644377402247e+02,5.306359033461352404e+00,-2.292892768339124032e+00,-3.905908791071095454e+00,4.632694534307265855e+01,1.658584514524081612e+02,1.413813069671607821e+02,2.995530117202639531e+01,4.778861185647013343e+01,5.462875662785933173e+01,1.214440819006518879e+01,-1.622291237229907068e+01,-3.145825477140813398e+00,4.636213084665500972e+00,1.803311175829447555e+00,4.031758584797313638e+00,3.454730127833093434e+01,2.810977694631662303e+02,1.665476059506293609e+02,1.441905574447186034e+01,4.120433163271599142e+00,3.925037592689337274e+00,2.499048486886577436e+00,2.116849156001928911e+00,2.336355056740078151e+00,-5.793938246295250449e-01,4.270614878582259522e+00,5.119723422234104149e+00,2.481483194293827665e+01,6.367671071648291559e+01,1.431512756095712291e+02,2.142533724446266064e+01,-3.954756281357911796e-01,1.213044682924045325e+01,7.799506427695972022e+00,2.562787794188238211e-01,-2.644043075094087758e+00,1.341542707989016847e+01,-2.809770413094163199e+00,-1.150072287877609067e+00,5.582700686449569183e+00,1.951135123040033559e+00,1.656033325750819785e+01,3.820617874459080632e+00,1.411990723539744508e+01,9.270322338091691039e-01,9.881915460159492568e+02,3.407840211856405972e+02,2.000661813213225315e+01,4.361114493960529970e+00,1.714934474422720401e+00,-7.018045947361822812e+01,5.804250288030235794e+00,5.703816541744486130e+02,3.081418413141117298e+02,3.917366503672183171e+02,1.123233447641825364e+02,1.227461924319379705e+01,6.421250106168803207e+00,1.206658917923403607e+01,2.868772178368545269e+02,1.489237743366317318e+03,1.016628714382073326e+03,1.059704145435521951e+02,2.477347089848169404e+01,7.241723275755031608e+00,1.255224632467022161e+01,5.804715511806168848e+00,4.640971806998221538e+00,7.304360952681540731e+00,-2.481566973173847668e+00,1.044619114854510116e+02,4.266190256385970088e+02,4.357565601906375150e+02,1.171392660415546771e+02,-3.521192772246283909e+01,-4.562845988278535714e+01,-1.707482800140099499e+01,-1.752948379898943898e+01,1.347751472990164423e+01,-2.811581809229618056e-15
3.958921955744510681e-14,1.403697019177523764e+01,7.733996998175137527e+00,9.626451771906087140e-01,6.481947943948442870e+00,2.917753066624910829e+01,1.814190577080701772e+01,1.818879810999372992e+01,3.383731371717115621e+01,1.514323474178690709e+01,3.258339446433550446e+00,1.152197739804695642e+00,2.323954700809514407e+01,1.638839612388762745e+01,4.951061568837942417e+01,2.782663573495965181e+01,2.894101660822342659e+00,4.222467648013046926e+01,3.300275264321853115e+02,2.333334457223031393e+02,5.332732945807261160e+01,1.153864434091194546e+01,1.166614896467345375e+01,1.763762516943852177e+01,1.841288487517195538e+00,1.003781290145022531e+01,9.108301328679466735e+00,1.754815331195367589e+00,8.635492951130984141e-01,2.417522551696258404e+01,1.704695059177263827e+00,1.511422343702665261e+00,3.822427181236148996e+00,2.514721804796924420e+00,2.498845024294160319e-02,-1.006527253080170218e-03,1.801790809828964868e+01,-6.476270393119244739e-02,8.713111307135179118e+00,-1.610541516730620501e-02,1.243089093525698097e+01,5.383899911055024745e+00,8.192171377712561764e+00,5.254276390743588543e-01,7.537758010769857187e+00,5.212227451383131260e+00,-1.226190503520650232e-01,-1.015249186363386281e-03,8.128396541416156751e+00,2.916176065271381290e+01,3.769322486779628889e+01,2.340465472472449449e+01,1.020387562948099358e+01,1.730434899693423745e+01,3.189429501296768166e+01,1.398938571101840864e+02,3.380272442915926945e+02,1.131211793402551820e+02,1.271138993350574538e+02,5.055308419235404926e+01,9.163860818779566841e+01,3.111795129973920737e+01,2.715545597114599374e+01,3.597808798932322105e+01,3.177211870133082883e+01,2.439506470043936659e+01,6.858463524773972253e+00,4.303265407743317894e+01,1.239533008549643398e+02,1.124348626787741381e+02,1.856529898211133345e-01,3.158453073379216214e+00,3.963881397037887222e-01,-2.817512334363247106e+00,1.091027028542776094e+02,1.904115978098224389e+02,6.694688901102226453e+01,9.890687436602271987e+01,1.193710180254774542e+02,4.293738044376360108e+01,8.881535800699035477e+00,4.934969684828918624e+00,1.173666236496544713e+01,1.555088221716313868e+01,1.740544713638919161e+00,7.674963492713632718e+01,2.474581735209620774e+02,1.396739001623770946e+02,5.942819241147425657e+00,9.471707355152961583e+00,1.384071942894397900e+01,3.354591359972419751e-02,1.713293169166366647e-01,1.672978911032931559e-01,1.259295290560680791e-01,4.998194040839232244e+00,-3.819427933616097448e-01,1.928094406406786732e+01,7.138838692009127840e+01,9.966605585253370236e+01,2.040202032942001509e+01,-3.004788558601733106e-01,2.792411110092065663e+00,-6.346471595696674406e-01,5.394490369698664578e-01,9.960866317956127425e-01,-1.229886404837802205e+00,1.991866211424784816e-01,1.059424100177066008e-01,9.647905512102306957e+00,2.195726891608591913e+00,3.792623519773109564e+01,4.423544889245521472e-01,2.579934451188053046e+01,9.716088376940160742e+01,1.211268818313824113e+03,2.357317014568882030e+02,1.505442591482266756e+01,3.171560499219054363e-01,1.574135204642981567e-01,3.240405422895317855e+01,9.579341228256691920e+01,1.114802194999044559e+03,6.231814144517952627e+02,4.322824516162217492e+02,1.586791243932555062e+02,1.606025710648822979e+01,1.678098961581321769e+00,6.077574923832606224e+00,1.607290713242251456e+02,6.836285489037080652e+02,1.761163475430693779e+03,1.167771731396374690e+02,1.490798696873251394e+00,9.734093835056693678e+00,-7.997057781012378852e-01,3.900389266163399871e+00,1.941616177187715175e+00,1.491749514482015115e+01,1.172179405003550973e-01,3.214227643536258228e+00,2.301135581911794645e+02,3.196583909937346561e+02,2.262041726215245205e+02,5.242967821511195581e+01,3.597048297101158454e+01,1.945246823930587610e+01,1.115516663432857669e+01,4.118766016095665172e+00,3.371300406896949069e-15
1.763527752019653299e-14,9.912237832848589392e+00,2.405780946860205383e+00,1.828941611496054875e+01,2.331450527017263141e+01,2.096181901465445563e+01,1.742573309042152729e+01,1.516207078845412681e+01,3.450182402358640132e+01,1.000640382501289061e+01,-6.202727478604828093e-01,-2.647866584609437357e-01,1.354037631336318981e+01,7.210171011068162272e+00,2.778837394485049472e+01,1.821014156023101549e+01,7.607965529473952770e+00,1.923951601028406344e+01,2.109223993911720356e+02,1.682383326560361354e+02,1.912203568023676041e+02,1.249246979213251336e+02,1.679460178585807739e+02,2.541067886133688205e+02,-1.267188007837495078e+01,1.410698852243731594e+01,4.173903354378333574e+01,1.018532945143003232e+01,1.262000410911452519e+01,2.899310515253478471e+01,2.921905446705022413e+01,2.015572292491513551e+01,5.678623055788990293e+00,8.503210335669065145e+00,1.815129005321169275e+00,-1.514406147083827980e-01,1.999678929288446483e+01,-6.261986481910920554e-01,2.494707830820475536e+00,-8.634558024223118466e-02,2.509096320537619995e+00,2.130534806241734191e+00,3.302967460729866911e+00,8.101329056367418957e+00,1.107178096603089834e+01,2.902001709373029037e+00,-8.860704702648456443e-01,-1.052997360477758576e-01,3.618386544782150338e+01,4.059302982535187709e+01,2.866415205045823100e+01,2.588600705295341697e+01,3.392066008892037132e+00,1.604360335828363304e+01,1.300234308674003358e+01,1.875618172513965760e+02,4.838775677588548660e+02,1.645985900977670440e+02,5.924252318984028420e+01,2.385890498756169720e+01,3.931739318340716949e+01,2.593879438927436354e+01,3.567023100516937717e+01,5.371911042549063353e+01,3.481629784062393895e+01,6.780893854710023483e+00,-1.149302572027196589e+01,7.572695131222471332e+01,1.661291104377787917e+02,8.166780975057913849e+01,2.849795846668634169e+00,4.493862553084362332e+00,1.806371034823750943e+00,-5.524160856213839565e+00,9.386368985031354839e+01,2.108759591067499457e+02,9.259644577053556702e+01,9.477357207933265215e+01,1.160381881993126143e+02,8.058892684936716932e+01,1.139168685641825078e+02,4.466863422648496140e+01,1.078492108777096092e+01,1.451917729025536197e+01,6.336403948839524958e+00,1.161837456206042418e+02,1.826688954457041802e+02,8.619268649447842279e+01,1.340193667222657092e+00,1.850946941835082171e+01,1.850460365852091726e+01,3.829865517680993037e+00,5.155585504164906574e+00,4.648217626031926564e+00,1.562432179610210525e+00,2.787801184554315803e+00,-5.089672508644598192e-01,7.280435372752976697e+00,1.099926806978561729e+02,7.595123941823518976e+01,1.359488150871843182e+01,-1.197329109836303473e+00,1.936808755856586517e+00,-1.280910031267107341e+00,5.138443713060036444e+00,1.038498665534028653e+01,-3.710448838197756505e+00,-1.444570482832880642e-01,2.017225699077975498e-01,3.208859123242506328e+00,1.346635362465955765e+01,4.334703815053345011e+01,1.255598198497840556e+01,2.401517664216851600e+01,4.187664900383413737e+02,7.687741740683275111e+02,2.970055060066817987e+02,-6.484869757810458601e+00,6.856985787206915539e+00,2.172905943147148378e+01,4.771899891477594338e+02,2.938373554242676278e+02,9.770815294194725311e+02,1.539498478227162423e+03,3.725957299833464162e+02,1.004057642869655780e+02,5.705701432997431155e+00,6.783653660028535759e-01,1.075363323527429316e+01,2.284671654460912862e+02,6.651081355937893704e+02,1.801816498071034175e+03,2.004296849565975549e+02,-2.163616647116586833e+01,1.359731444470578943e+01,-5.072914230387444157e-01,6.460514517729626149e+00,3.639722086582798943e-01,5.983885403391044910e+00,-2.980231735381966840e-01,-8.867951408106629074e+00,1.980355306069938308e+02,3.981531095054884872e+02,3.095385382605447262e+02,3.543819744296010867e+02,3.712907756622665261e+02,2.450779775904861992e+02,1.671680400015160046e+02,-3.035107231558099627e+01,3.087548614157172511e-14
2.818101653296056773e-13,4.420406605038572856e+00,7.858899753148267386e-01,3.123083293518811843e+01,3.286112082728567430e+01,1.300756621534360136e+01,1.323969761974516501e+01,7.301460742925232061e+00,2.260341426173470225e+01,4.743737393491805676e+00,1.443308127909031846e+00,3.540500399002979304e+00,8.810673823416259154e+00,8.682550648540621197e+00,1.986936092543143673e+01,1.806063276634708714e+01,1.615414025976854262e+01,1.397713239992076595e+01,8.013780071678137062e+01,7.970149953456763114e+01,2.169762358388949508e+02,1.776798410219871869e+02,2.115907277985050996e+02,3.239763713238448304e+02,1.116050669880810915e+02,7.073821382136064528e+01,5.661770143016791224e+01,1.135957506568339959e+01,1.395709507692272133e+01,2.715769262332621281e+01,3.389011954197946608e+01,3.742256966534130669e+01,1.585933947115662868e+01,2.162212235457161924e+01,7.014368043436975952e+00,3.795467979289695037e-01,1.362435286100543230e+01,1.300619616414688151e+00,-7.493289012292946305e-01,1.858270037990040480e-01,1.469229570115052175e+00,-7.032932172919597047e-01,-1.059507173750158904e+00,1.096638909875232670e+01,8.640293637570987784e+00,1.590777914422576877e+00,1.720750036958230256e+00,2.464446348273430787e-01,4.288438535585429179e+01,4.523765259747512602e+01,1.702416234488015689e+01,4.129582956867551502e+01,2.638466238152724230e+01,3.511516898193764291e+01,2.518434009767069881e+01,1.467896825970277064e+02,3.798893968737357341e+02,1.469616156013962609e+02,6.430121994647021211e+01,5.762921041385747145e+01,-4.667872400617200657e-01,2.581050584595014996e+01,3.484028111287683060e+01,4.003541028239870769e+01,2.847890749415639178e+01,2.320033542764097589e+01,3.897091738948680018e+01,1.131050730560651090e+02,1.785894934637506424e+02,5.526943691031739547e+01,8.443283965149792181e+00,6.142821014955907266e+00,3.942101999363399667e+00,4.253379202287762340e+00,6.924295710049226216e+01,1.658051592045641200e+02,1.504075124864140207e+02,1.246938669956095112e+02,9.292364696138785973e+01,8.636654449549631352e+01,1.494194591708138375e+02,1.209445883402184307e+02,4.622884728767178331e+01,1.542871168101889268e+01,1.536374514450965556e+01,1.053661648500173413e+02,1.676323828057311687e+02,6.917071780832939965e+01,5.846429213580545126e-01,1.705490374993448555e+01,1.383794498276162166e+01,3.910227486234170602e+00,7.786129229441880462e+00,7.354661695868333737e+00,2.930605686134259980e+00,2.812803123275800399e+00,-3.577275977696646736e-01,4.774386242050433715e+00,9.773957200474640672e+01,9.549688473047302750e+01,1.623890600582642563e+01,2.344796508431243964e+01,3.174943869638546801e+00,4.413630128343778436e-01,5.149927295523844428e+00,1.476208398707137448e+01,3.985183923807930739e+00,1.252119082111546655e+00,-4.288371551625471539e-02,-3.631174270404020910e-02,2.752269494599052635e+01,2.823124878411735494e+01,2.526977726288759385e+01,8.130187034190281992e+00,4.520973517051738213e+02,3.428097692182164451e+02,2.012972107251014222e+02,6.052779599183653403e+01,-2.743666008636546305e+00,1.233158982614065309e+02,6.717866641505326015e+02,3.027382494642837401e+02,5.084174681061491583e+02,1.579217152058726697e+03,2.409604585194621507e+02,1.667348656666009106e+02,1.916193724647266450e+01,1.621797614927908526e+00,1.700936008697310342e+01,2.440833473047387656e+02,7.678087870914464474e+02,1.339421628103943021e+03,4.926732067438757667e+02,6.816737971819455311e+01,1.551692722292620807e+01,8.852328347924942609e-01,5.491370093332132996e+00,-1.066980143072790155e-01,-1.923061937867551086e+00,5.510428976684815794e+00,8.174177720229479860e+00,1.855443845254759481e+02,4.480672887137822045e+02,3.303855303821144389e+02,4.060043166600304403e+02,4.217881239918853566e+02,2.961651176858626400e+02,2.143371539749813337e+02,1.142468784902638390e+02,3.530778579708670290e-14
7.901053097104632097e-13,3.954924318091127322e+00,2.953170239146440501e+00,2.977525484516181109e+01,2.858073703788771525e+01,1.368501649118705821e+01,1.009042914557428716e+01,2.714727150382579168e+00,4.352089703654928421e+00,5.982753527244053515e-01,6.360548785153460116e+00,1.115743811495073068e+01,1.549619436411233764e+01,1.582017667200227251e+01,3.038088431048282345e+01,2.984269574070098940e+01,1.756852447523121086e+01,4.794901377316355351e+00,6.156457948641693179e+01,4.911858752999407329e+01,9.376376940521736003e+01,1.227855282840324094e+02,9.481769013663269163e+01,1.526861703858325541e+02,2.938885588889459655e+02,1.703765372115901755e+02,5.010967889665382557e+01,3.389460350421809931e+00,2.230005928829363882e+00,1.980092549049482287e+01,7.752730007395182810e+00,4.112826305300346519e+01,1.592158685092115533e+01,2.952691805060813479e+01,1.147951645628929640e+01,1.333813774251549455e+00,2.542798454283358822e+00,4.405174210136456381e+00,-2.159084693382514464e-01,1.888303075126578134e+00,8.672975242156807596e+00,-2.370856659915959452e-01,-3.171644833580747891e-01,7.558019466141422171e+00,1.023216541314829309e+00,3.544412675608820784e+00,6.321314616566183098e+00,3.295053756081915419e-01,2.347510470142993100e+01,3.682734526654595442e+01,1.442697343844038116e+01,4.799875744972072056e+01,4.982851743096746588e+01,3.510078341723615836e+01,7.402843991119293143e+00,2.748123298832765826e+01,8.557020108461640007e+01,3.659252683340604761e+01,1.543433296583786785e+02,1.587544308426272437e+02,8.720657789615914979e+00,1.386062006027652238e+01,3.019049899614943300e+01,2.033846502442806425e+01,2.327178829619390399e+01,8.545052619422257578e+01,1.494309672423389088e+02,1.413966958175018362e+02,1.528205232328629677e+02,5.003979476606312460e+01,1.245837484716047605e+01,9.841619643807071327e+00,7.141642420510161848e+00,5.456818042428010607e+00,2.311268493876443841e+01,7.645078289616903078e+01,2.266163025708883652e+02,2.056999722301352165e+02,8.086324108017447543e+01,6.753084768696486151e+01,9.570446346971867513e+01,1.941257643696816331e+02,1.056728904124573063e+02,2.357414304057669341e+01,2.019507486515772854e+01,5.098809575271824457e+01,1.940422528589811861e+02,9.020923849267730077e+01,1.513090066640302656e+00,5.823122365249946419e+00,5.181484381122168692e+00,-1.905640735229903737e-01,4.243643404798710606e+00,5.001912009199428688e+00,2.823166711922778127e+00,5.062670061626588947e+00,-7.661179055169198282e-01,1.634335313359616393e+01,3.229400527949856325e+01,1.459688840681392321e+02,3.326098803535663251e+01,6.134976647243961168e+01,3.364082255516868791e+00,1.150660916338238221e-01,2.257955715887579817e+00,1.170871495663982387e+01,1.176386447143215186e+01,5.025331491542818441e+00,9.283170002855971326e-02,2.952982296310329602e+00,3.087830745664975041e+01,4.161140950436418962e+00,1.415777592410978336e+01,-2.703947477179239556e+00,2.147692459978134139e+02,4.939429607918080478e+02,1.126581673719136205e+02,2.143074721652269261e+02,1.635903888964195119e+01,2.566393648022998946e+02,4.289707675828836386e+02,9.404168759784522535e+01,1.127616298330538172e+02,5.498739254020182443e+02,1.194864270479570791e+02,3.938156295617685601e+02,5.918609540646700395e+01,5.030546075079652013e+00,1.830267772982098862e+01,1.253603224019039857e+02,5.790362167982234496e+02,7.433624976457574576e+02,8.090959089644946971e+02,2.734515802950115813e+02,2.122009129179626186e+01,-6.684614315618307989e-01,5.225838261834026000e-01,-4.185906729392627201e-02,-5.817047388089692239e-01,1.497959590369857708e+01,1.402651252114969260e+01,1.065691499735709584e+02,3.717761623208309629e+02,3.444933696553200093e+02,1.478275557812800969e+02,1.114973772572948860e+02,9.935123314077610246e+01,9.329196847342906551e+01,3.590664556079628369e+02,-1.006038319411916404e-15
1.147095088761244670e-12,6.345707394784658284e+00,3.907252474732605840e+00,2.550014272610419042e+01,2.270954502616998738e+01,1.417498287423554970e+01,7.044660000596756788e+00,6.552936111929065888e+00,-1.371951742169165156e+00,-5.559220015697043937e-01,1.041564896989126510e+01,1.165696376225132802e+01,8.770800546813989129e+00,1.219161201289009000e+01,2.187457489333525018e+01,4.005526063118524149e+01,2.183392599481184604e+01,1.443906385681880700e+01,1.036961682378499461e+02,3.273557196455506357e+01,6.371802301295235615e+00,6.361802043259604034e+01,3.144972518003379136e+01,5.348739855547407984e+01,2.095662103778122116e+02,2.476473592902809457e+02,7.575144387986262018e+01,1.040234444638984002e+01,-1.439655590329182999e+00,9.266078860817057006e+00,2.542193227016701140e+00,2.425474495683609533e+01,6.550984040251819351e+00,2.315444705492379285e+01,6.786735177896947135e+00,9.515059577264146640e-01,5.201135583807286800e+00,2.743399854285538897e+00,1.310865120844871279e-01,6.547241190438237268e+00,6.365021719728814809e+00,3.336755720934302949e-01,2.580212810518698330e-01,9.208229363488792174e+00,8.288809627830185933e-01,4.814770045049953318e+00,6.180863879154211205e+00,-1.273393726314660857e+00,2.270777257350235345e+01,2.340113956136010032e+01,1.661851483085924741e+01,8.876651859988395898e-01,3.946469417885182907e+01,3.754949692579835840e+01,9.778982211361258337e+00,-1.388181655008153825e+01,-3.120197000751331373e+01,-2.375303160474953046e+00,1.697706684765737180e+02,2.272681742068690482e+02,3.722289177766734980e+01,6.645382983730947046e+00,6.191099439471952337e+01,9.594420834557035960e+01,5.403175372011101274e+01,1.467012949535894961e+02,2.064547731316755517e+02,1.664498163571639964e+02,1.667642809156523924e+02,5.086237648074789064e+01,1.448868025460379982e+01,9.426993617674730430e+00,5.149516855216212718e+00,3.114026405495351923e+00,5.082054023347333249e+00,2.804953379144642156e+01,2.383522018981400663e+02,2.461612106341559354e+02,6.521926932777334684e+01,8.199243107178523360e+01,1.060138091214188876e+02,1.859458626603254459e+02,1.073725555104418277e+02,2.269533066782731012e+01,9.141229417750583508e+00,2.549411453772476932e+01,1.540383520926223468e+02,7.868466530617799037e+01,1.572058897702596658e+00,4.673009143645509234e+00,5.660562934234538268e+00,5.136851824977195946e+00,4.353359616480254046e-01,2.095592977505845944e+00,-7.250405967390591289e-02,3.809752289822497584e+00,5.093681048308896564e+00,1.893363206358503348e+01,-5.757219493755098227e+00,1.762079950217768101e+02,5.119749431119069527e+01,5.570001177075221221e+01,6.882425388279834522e+00,1.053339867604217994e-02,5.201694613403544665e+00,5.013696983468667767e+00,9.339298351366529971e+00,3.835823712439301314e+00,8.529156460535408657e-02,1.146182085646599569e-01,1.213212800353601573e+01,-4.224096203374578806e+00,-3.423763298498181484e+01,2.605975451127565634e+01,3.763726860495794426e+02,1.279697738956963121e+03,7.405889387898521363e+02,3.150670035644607765e+02,1.705765574071880621e+02,2.611643746665272943e+02,1.769708029436821732e+02,-6.664598332350279541e+00,-9.112909066487491216e+00,7.634063221140777733e-01,1.084699570050016320e+02,5.426209092809142476e+02,7.804754448506440667e+01,1.436840957174958966e+01,1.610917490458014711e+01,7.157028974846697622e+01,3.751805980915942769e+02,3.391325331059505288e+02,6.606595917288327655e+02,4.462954878131797045e+02,4.233451801260977021e+01,5.564719752682234954e+00,1.832786820268106798e+00,8.664730460958242064e-02,5.052276769423234004e-01,1.011716492279989055e+01,6.674028472185995930e+00,6.823719408633374783e+00,3.171105752000684106e+02,4.741290300072802211e+02,6.465719570058607246e+01,-5.844014280330448230e+00,-4.585980370572055875e+00,5.306154241434222207e+00,3.036104984233523396e+02,-1.307103446678071199e-14
1.310968021378598318e-12,9.046703597078153081e+00,1.216784066772086526e+01,3.122656817433102461e+01,2.551996057921756389e+01,1.612317725671982060e+01,6.256574702309160685e+00,1.402959763678975591e+01,2.726588636343446392e+00,4.141879076174350555e-02,9.784349001009307045e+00,6.592653266625740471e+00,-4.943826020076628330e-02,3.241864586409311855e+00,4.353557468307237777e+00,4.079575791183699351e+01,3.215122076123965655e+01,4.411384639304364441e+01,1.379519360647474855e+02,5.640925812079077417e+01,2.304577431646660557e+01,4.423987829119759141e+01,3.905446226145729582e+01,5.027991835283450683e+01,1.845670881821353504e+01,2.878905022001392240e+02,1.075782860395817551e+02,1.924754508741124326e+01,2.208999267485051821e+00,4.169305541276913663e-01,1.640847702593654844e+01,8.526694366892108690e+00,-3.293938166487647614e-03,8.951016155820424203e+00,-2.812205797781560657e-01,1.128470713363239897e+00,1.141918229560517162e+01,-5.573803043391414858e-02,1.389367782985522458e-02,1.105070389543815246e+01,-2.529816612321075797e-01,-5.685749383376872274e-02,-4.470150121998242229e-03,1.280254211928521357e+01,3.650612553174274133e+00,3.873705706272948301e+00,2.637206872102103805e+00,4.957466933934442821e+00,3.519320381937884434e+01,2.581044818976009125e+01,5.154782353326930888e+01,3.799501534464255315e+01,2.369543027586225747e+01,3.663476750615558331e+01,2.086291132722645969e+01,8.923211632436997220e+00,3.014549637844014196e+00,1.662858858482024615e+01,1.280856718105516165e+02,2.554765495704387774e+02,5.296219800622448304e+01,2.184548956029690459e+00,9.190707684836905855e+01,1.755389667474026112e+02,9.998495000454882131e+01,1.605379773187422927e+02,2.015833024677557148e+02,1.868346130468591753e+02,1.676069643908030002e+02,4.043079045709019681e+01,1.138668079535438515e+01,5.883837898583452741e+00,3.319080550371594551e+00,1.183601277745701674e+00,9.056936877793113183e+00,2.424813166355527372e+01,2.201023924543258659e+02,2.333193615309061499e+02,4.263044599588922523e+01,9.478731431036231925e+01,1.336684202064080864e+02,1.197544029474424860e+02,6.536230296343104840e+01,1.835252336088208480e+01,5.685777926552506578e+00,5.970527253862493211e+01,9.279044218490585649e+01,4.195275741481786014e+01,9.292679492587002654e-01,9.598894128842664131e+00,1.238408119033804056e+01,1.104744564199630119e+01,1.518850731483410432e-01,-1.599559385081308349e-01,3.626751034466352275e-01,2.833421177739531061e+00,1.100529385990074616e+01,1.237301320848878738e+01,3.420966863321184093e+01,1.493687732943370747e+02,5.024047217650938535e+01,2.241032164592079212e+01,1.155021827431264114e+01,1.405600425340987336e-01,9.220019334881861539e+00,-2.134375112002775965e-01,5.631840355545534305e-01,-2.427197374308621425e-01,4.873836896250202623e-04,5.945396691256138455e-01,4.697215260278835847e-01,4.130995085505715370e-01,1.100457278675158967e+01,8.201514544408806273e+01,5.919883832050070396e+02,1.692941046773121116e+03,1.430999751573855974e+03,3.436597737225936271e+02,2.927464249755438459e+02,1.614220938957342639e+02,5.296176912402957271e+01,1.645262207664099918e+01,2.650075550732193364e+01,1.377675117279427930e+01,1.693829532753799754e+02,5.683967027349931413e+02,4.300270782778693501e+01,1.867553074151397752e+01,1.283862568484884825e+01,7.717978131149438070e+01,2.373733503382056540e+02,1.664623383770401404e+02,3.424961867192179170e+02,4.793678398248125063e+02,3.907351425125288102e+01,8.683969010812790046e+00,8.107523110047104353e+00,-2.058006472580265964e-02,-2.035986936203167813e-02,-4.818353222887072906e-01,3.913031093563865692e+00,1.913567171158822333e+01,3.214609946384570662e+02,5.044964691636433258e+02,1.161664674042234537e+02,5.514984561791270323e+01,1.732974691440552562e+01,3.988951228959089601e+00,8.904282120308579351e+01,-3.596548797779399008e-15
1.319978217787191229e-12,9.568981107867434943e+00,3.252637969158610076e+01,4.820447201699717255e+01,3.686950728704098879e+01,2.235991369633148906e+01,9.475875952984539552e+00,1.706993494299912228e+01,5.605889002917788133e+00,1.893128636906082352e-01,3.409243561722300253e+00,2.565464593307722030e+00,7.358356369333383995e+00,6.391771471043503627e-01,2.754936553926200737e+00,2.958360714583711371e+01,4.255862934427933908e+01,8.424467226851234614e+01,1.243492237694830322e+02,1.455693721651638839e+02,1.158583744577724843e+02,6.025310531250402590e+01,4.338778715139564923e+01,3.985201855554177541e+01,5.450335274002255481e+00,2.910101055963444310e+02,1.122893098977774855e+02,1.438142928528952602e+01,3.291801215916092982e+00,-1.960520372478242956e+00,2.397321591587889955e+01,1.541234016736258639e+01,6.073137752465123107e+00,-2.643647338621942788e-01,-1.409153431032632020e-01,4.536952223329308254e+00,5.138724889527208184e+00,1.454814127576896210e+00,3.370767100952421491e-01,1.123392587723129665e+01,8.405140312206481612e-01,-6.298469214340236544e-01,1.501581495739108818e-01,1.108455619393188485e+01,1.060223150664408864e+00,1.279884401217723955e+00,2.891827427776827442e-01,2.365111989290879890e+01,3.746520606585495017e+01,5.512087737469610715e+01,1.344677861291899319e+02,2.687031163733909125e+02,4.289867286298665761e+01,2.631639503649555323e+01,1.200321018502704362e+01,1.668805022885360856e+01,9.723077936266887988e+00,1.354536134797692881e+01,1.082608238136140955e+02,2.668766787334516835e+02,4.742007712399481534e+01,3.321683242873310626e-01,7.193029027181619028e+01,1.333181218107459927e+02,1.167273244333291160e+02,1.080965446164102701e+02,1.730065108770492088e+02,1.960456471865744277e+02,9.054877005178420291e+01,1.270939587271583981e+01,2.675313881386842230e+00,3.523177360582649076e+00,8.110821261018386963e+00,1.062128733716102058e+00,7.744457180781195937e+00,3.100910846972866963e+01,2.260053833618633519e+02,2.008230795257979082e+02,2.642054358540045911e+01,5.767780132757091849e+01,7.995149349676624695e+01,5.816905636517278566e+01,3.123137087783964816e+01,2.096572770273908759e+01,3.632624132785122129e+01,1.401822891455232707e+02,9.396717866099760386e+01,1.816377341479789109e+01,1.344636355718683118e+00,9.068755011418256018e+00,1.561302894086754733e+01,4.703970909866165506e+00,3.891167931251628964e+00,-1.382270190417650202e+00,9.132272714925106172e+00,6.832575108002036046e+00,8.385546910692051270e+00,7.493195731834968676e+00,1.424126279225816347e+02,6.915405164124803150e+01,2.278538766518985526e+01,3.468982540786332169e+00,1.241131560433388792e+01,-1.785142958548476266e-01,7.817839471189777178e+00,-6.039923994640177263e-01,-3.733042400879632350e+00,5.119048916850614805e-01,1.895422376768863382e+00,9.403092897615216827e+00,1.594216040923626387e+01,3.025731315090439910e+00,2.432388965971057928e+02,1.269124079898614355e+02,3.049364435517588845e+02,8.669242202121786249e+02,1.247547283065592183e+03,3.277255697251196693e+02,1.988093554514316565e+02,6.299592709689706282e+01,1.904548515448601620e+01,3.998815791005395681e+01,1.921217222694599869e+01,2.738988354166130179e+01,2.028987054849631875e+02,5.161513563681889991e+02,-1.670278774148165724e+01,7.669890718509158489e+00,1.019922969082834996e+01,5.747010332322916781e+01,1.360745393789804609e+02,1.184037626862177035e+02,3.220880310432341389e+02,3.638030729829872030e+02,3.240895908606080678e+00,9.951854672999747020e-01,1.234770845074826617e+01,-2.573799124800615346e-01,1.067647923912205948e-01,-1.300924623965072913e+00,1.843102117384044192e+01,1.968443876065945801e+02,3.433482591982568692e+02,2.402815681064003286e+02,7.312932901366944805e+01,5.254033470968427366e+01,4.982600906678010233e+01,4.723267500723580525e+01,2.306594029844475457e+01,4.336513722729710433e-15
8.784329345065441353e-13,5.532321770331546595e+00,3.574582073463341203e+01,4.165142951363078794e+01,2.915554333054492631e+01,2.091566840058547072e+01,1.161508410029480665e+01,1.326382499683673544e+01,6.373495843702539077e+00,-1.709258764508359840e-01,-9.352137301835364847e-01,7.918157032995860600e-01,9.624351906314894123e+00,-1.013836676785872637e+00,7.663937906963210089e+00,1.074656122746625897e+01,3.193244575788887829e+01,1.305586113667110908e+02,1.238767315247261109e+02,1.991164567658878468e+02,1.649085202198695299e+02,6.560558044125860988e+01,2.596613773104831679e+01,2.660594423292245381e+01,3.571588814508321974e+01,2.162389274551918277e+02,1.672899945778735855e+02,3.545800980424970561e+01,1.085960562241622407e+00,2.534790613068758081e+00,1.896414357755578806e+01,1.921600092652056802e+01,9.913165854352488537e+00,3.214024862542408822e+00,4.391634664509470043e-01,1.006893870267296798e+01,-1.245834683129758841e-01,2.405010648618164826e+00,-6.507512992455898315e-01,7.390502948406727057e+00,4.091772766071458456e+00,1.102203471773865795e+00,-3.486083801599536569e-01,8.497526844880802344e+00,7.588619366607100014e-01,-3.697027518578444583e-01,2.777352775887254599e-01,2.642797784406480233e+01,3.557430400887117372e+01,7.213935371068293989e+01,1.867295047653285280e+02,4.113128012184448039e+02,7.200517009001815438e+01,4.939647741883899101e+01,1.112565095422007211e+01,1.551659477792411224e+01,3.932167903872877623e+00,5.851397689284600467e+00,7.825173031866742690e+01,2.236495841740814399e+02,8.343303677985272770e+01,3.935754785691781166e+01,5.243740126738922669e+01,5.710667863309605252e+01,7.971901358741530430e+01,5.163857468054077771e+01,1.256677105506484367e+02,1.855964210418640619e+02,5.366062488124059371e+01,-2.331495770437409298e+00,1.031424192273510343e+00,4.674822050005199792e+00,9.982525495810444127e+00,3.825401270952508148e-01,3.880132068260784273e+00,3.455114562497626451e+01,1.751959989739905836e+02,1.893692960489813686e+02,5.903529358380716729e+01,3.656451748278789182e+01,2.466614372349860673e+01,1.806928364104827267e+01,1.207871191241745379e+01,1.891962595052890350e+01,7.916680562922567788e+01,1.881064423651740753e+02,1.032719351654601638e+02,8.371181663183204336e+00,5.019411899329145221e+00,8.517447174300045276e+00,1.101703641132263556e+01,-1.344428129256367788e+00,6.152432204908598656e+00,2.213265044437422446e+00,1.555943743670505164e+01,7.432600131500803897e+00,3.253259163840124479e+00,9.657626678859752900e+00,1.768201497812987668e+02,3.940249355732693459e+01,8.146661690666787692e+00,3.430808530926288125e-02,7.331082003602416464e+00,4.412893081192718059e-01,1.155187561828031484e+01,2.519376582225710814e-01,5.649578337204986589e+00,1.478416679767021513e+01,1.267870589135811166e+01,-1.568483771558206641e+01,-1.382764799280523960e+01,-3.960494399211253125e+00,4.024878615836486802e+02,1.197930094961451459e+02,8.379920923950836098e+00,6.976360608829051557e+01,6.488403929946842936e+02,2.340647727272505563e+02,1.037229658151768916e+02,1.393218887898967573e+01,1.724148477566916426e+01,4.032729127468764574e+01,1.478970405023130263e+00,9.173006005105627025e+00,1.478385055985776262e+02,3.737557693262059502e+02,9.056944072562815506e+01,-2.888727462305950233e+00,7.042243740983958666e+00,3.872877454729626834e+01,7.635199747393193093e+01,8.679083616733379358e+01,3.025495686310925407e+02,3.199132082853964221e+02,1.072864978256849042e+02,2.094671057746626985e+01,9.685709513522585468e+00,4.821449675302505455e-01,-3.425101200581551208e-01,1.527233002917038063e-01,1.849740858842367786e+01,2.164765010865278612e+02,2.985631216609070293e+02,1.016993173312610423e+02,1.897813770942478939e+01,1.492280865315131599e+01,5.164088801516370353e+01,5.696701420146064265e+01,2.347577811765994937e+01,5.604435052748272388e-15
1.150829982842796747e-13,2.512546280260500309e-01,1.641301636004331499e+01,1.104694503079153733e+01,4.309009278174912083e+00,1.159426258556682576e+01,9.984548177453438811e+00,4.903059418175595319e+00,6.384011040149508709e+00,1.737258468617347840e-01,-3.078336574374314627e-01,2.637893943252738183e-01,1.000411628118241358e+00,-1.617899982230468270e+00,1.211615540979501304e+01,-1.334489995946889884e+00,1.533991452949275569e+01,1.781820656519318788e+02,1.446601956934350710e+02,1.743170091359678224e+02,1.288415406739589457e+02,5.176974414228750732e+01,1.986039338172578050e+00,1.853265674362240034e+01,1.298271495248357077e+01,8.755826361682048287e+01,2.652476768000091170e+02,8.323922964352308895e+01,-6.096919246668877079e-01,9.875087232703714690e+00,8.561606060232479720e+00,1.020881301201344549e+01,6.146768891300885329e+00,1.558034672305934798e+01,-5.721526594253792952e-01,1.248289015830684612e+01,2.753675951708653535e+00,5.243196678666064425e-01,-1.020553647322582025e+00,5.923779709090437606e+00,6.015515678383795972e+00,4.070978973521107491e+00,-5.610699178932181397e-01,6.376096070995552978e+00,4.422390777705582643e+00,-1.545486644239316421e-01,5.763085117154276293e-01,1.105288364209674334e+01,3.538200949998019951e+01,6.395578158754533149e+01,1.747824555665413300e+02,3.338772637220112642e+02,7.770819911503605226e+01,9.211622524706740478e+01,2.467869338685801850e+01,1.534821301772446311e+01,1.117235695514565919e+01,1.604725108650100651e+01,2.748220882858778324e+01,1.347459574079097990e+02,1.673122633572723430e+02,1.108258782965374110e+02,4.654480318942944450e+01,2.358279796258328531e+01,2.574886156289662509e+01,3.507799845798346894e+01,8.593302750684625835e+01,1.610146973841454212e+02,8.640339207406371713e+01,6.307208572404261915e+00,7.974479249110443924e+00,8.377528051065775472e+00,6.870404783251050418e+00,1.461266933495928066e+00,5.786018404313400865e+00,3.071226629141713005e+01,6.233622080732036608e+01,2.035965292278806373e+02,1.354241941109398795e+02,5.422864380617795632e+01,1.588346140139446128e+01,3.042112880007351805e+00,6.455538678071548020e+00,1.716030402755843554e+01,1.162731794112578712e+02,1.698422408405346289e+02,8.046591366065452178e+01,5.192442733748872108e+00,8.895561404629173552e+00,9.644977275493904045e+00,1.828300093576612495e+00,-4.598215016516586928e-01,5.004627844616676313e+00,8.062432928525739229e+00,1.253472319492975018e+01,3.250371771847989866e+00,4.408433685163151150e-01,1.221674255318464830e+01,1.276326662734225152e+02,8.262738898320482406e+01,1.817000272643332792e+01,4.303646605431868721e+00,1.121074810740470218e+00,7.123386376987372870e-01,1.938413176770551871e+01,5.399593672506121322e+00,1.152302175010293084e+01,1.840064241032442638e+01,2.268238732124121171e+01,-2.502122698221165464e+01,-3.143923625001231414e+01,6.528103911413193572e+00,3.446417846772513371e+02,6.503371528721967820e+01,-1.039032071375443422e+01,-1.122998080819898625e+01,1.572293623637293933e+02,8.984642272860705248e+01,1.131376325084213192e+02,1.397395339567593453e+01,1.239695561617741149e+01,2.355798363673872231e+01,6.003210804906844444e+00,7.634843891620703982e-01,3.574771083373754976e+01,2.241112035352082614e+02,3.169739639689025239e+02,-2.032887013583031699e+00,7.701357611195807529e+00,3.823889017673841551e+01,5.887565455982169027e+01,3.228799355338701815e+01,1.460557148443397750e+02,4.132983432691057146e+02,3.112779582909456053e+02,6.308978031476303272e+01,2.429298522624507406e+00,2.440269030654978799e+00,-5.705000241407075512e-01,-3.372804859785699660e-01,1.491751128370423896e+00,4.899120837120263161e+01,2.489047283015154335e+02,2.198430643006715570e+02,2.163228220404039703e+01,3.718106761781748482e+00,2.503048258881380406e+01,1.743326841236595470e+01,8.898119294751664299e+00,1.298497666203655333e-15
-2.609786723558772944e-13,2.322362420985667253e+00,5.654463303299714028e+00,4.627517746596414128e+00,4.929280776313180290e+00,1.128639975499782366e+01,7.016140140155878058e+00,-1.193526941121627605e+00,6.961202339798583161e+00,3.195903013029746109e+00,9.373125378294015764e-02,-9.879812415048305763e-01,3.864649914201384817e+00,7.439568771729881291e+00,1.889463128107541579e+01,1.212194676429336582e+01,4.873380459560286937e+01,2.178713624292619215e+02,1.159891011307425970e+02,1.359747781040503298e+02,8.787279894577142159e+01,6.301240992129674368e+01,1.028215828125144604e+01,5.747879945804124091e+00,3.200294428584832818e-01,1.471192314994708283e+01,2.756391418493368519e+02,9.969323603925097643e+01,4.163233836924860043e+00,1.222324699043456242e+01,9.797002667217231675e+00,9.395684541999949957e+00,6.726746893940477534e+00,2.059103241525624739e+01,4.307800569737573859e+00,4.376208207932524630e+00,5.162062042349814917e+00,-5.995679143108920695e-01,5.228397848980990581e+00,1.748523676728790832e+01,9.718380659309865166e+00,2.899892258381051136e+00,2.983551316399884357e+00,3.645193196279464809e-01,2.912893434883296884e+00,2.153024418273039864e-01,-2.658295777467832632e+00,1.409629077243518935e+01,3.465396451438423497e+01,6.106805641798787576e+01,1.446295379189249672e+02,1.974418420451135603e+02,4.232328928076083940e+01,7.111198420914556095e+01,2.167332720460118978e+01,1.016317582500028749e+01,2.064053129607862758e+01,4.564869602975980456e+01,-3.284804782023143521e-01,7.821097274458291793e+01,2.174060982526619057e+02,1.461105539496612664e+02,8.252439806085778429e+00,3.327733093740162218e+01,4.644487371071922155e+01,5.378743725324130054e+01,1.084882032260912155e+02,1.429518239013250991e+02,6.817804697608985975e+01,1.641928627241192373e+01,8.518852488278522372e+00,1.026111579937498952e+01,9.194009842554564216e+00,1.196779529116795793e+01,1.952570961892409329e+01,2.381127248326924928e+01,7.005469445985218258e+00,2.042117162409903415e+02,1.860629022862797228e+02,5.298054561559332853e+01,1.566478645204368902e+01,9.874527197638398590e+00,1.283168999706581204e+01,4.429566955064687761e+01,1.457869961526450879e+02,1.259164859499613272e+02,4.104553840532402376e+01,1.175816492950640502e+00,4.592465911788118582e+00,5.771247961346245070e+00,-1.449080599027232630e+00,2.285480182043495845e-01,4.331567826082446615e+00,5.878113211100205682e+00,2.869008322167133418e+00,4.119009850965169584e+00,-5.783847174359281196e-01,3.258261502504298801e-01,1.681489913493229835e+02,9.783491684105651132e+01,1.962841956556099632e+01,7.947298245069728928e+00,4.830507029509607086e+00,-3.120584088236724174e+00,1.333158208734146477e+01,2.364826347455724331e+01,-2.154304940841620919e+01,-3.543174924557569483e+01,7.007460052139202311e+00,1.297871582734561855e+02,1.695067290016392860e+02,8.963619679988457278e+01,1.735500596179645925e+02,2.228824447261688846e+01,7.914057344815598860e+00,3.112117315502943882e+01,-2.154948838635795028e+01,8.753467576376213088e+00,9.675143792239710194e+01,1.810890514376994886e+01,4.739852309249803497e+00,7.223916206248312655e+00,6.780474880486497824e+00,-1.438562874642210915e-02,-4.079878222411194244e+00,2.597879064090256520e+02,3.039622527724426959e+02,7.040593471206567422e+00,2.199270634829816018e+01,3.488337444416423949e+01,6.794730882877081513e+01,1.534370123196430180e+00,9.702909375120532331e+01,4.617085816619803609e+02,2.981638059591733736e+02,6.092018490313040502e+01,3.418093156358686380e-01,4.081323729497714936e+00,3.062909156993121940e+00,2.802400784009467571e+00,8.761773703326808160e+00,9.825549153730796093e+01,4.136766683235430264e+02,2.226527995525234758e+02,4.564319127867320702e+01,4.344361194307821705e+01,6.791800463257045450e+00,-2.857228151967996066e+00,1.004981224961495889e-01,-2.409879842048213692e-16
-2.191549024664093969e-13,-5.133265133486811793e-01,-4.727098816346758103e-01,1.646343020398506951e+01,2.292777347296723889e+01,1.522265288617457202e+01,6.911105058675934387e+00,4.633720437771096656e-01,6.634314096114736437e+00,7.559646075087085748e+00,2.404456922802651261e-02,1.692134511741172354e-01,1.348832170591895618e+01,3.844469777135141264e+00,6.265955307734405011e+00,2.103234677481591763e+00,8.624551713602706116e+01,2.193878781628587546e+02,1.312053516999024509e+02,1.274429309341028613e+02,7.054379382935029241e+01,7.356286948598734909e+01,3.508287878461689502e+01,3.648043399464928171e+01,4.304954917993828190e+01,1.239720777873000301e+01,2.324639155982010266e+02,9.161852757112595214e+01,8.408209380704544600e+00,9.893321204576192684e+00,1.351598017566021603e+01,1.267269690680886463e+01,8.030085162230626850e+00,1.448439931708138850e+01,1.287049614463713532e+01,2.497444303848886937e-01,2.642113526120229317e+00,5.238120208232273367e-02,1.002274658798614837e+01,2.768724630076514615e+01,1.098884056263644915e+01,-6.789164751214050997e-02,6.790155974596980393e+00,3.428645900251026113e-01,-1.561608354277395697e-04,-2.292599602920359497e-02,4.718539396488491966e-01,3.217313439041029000e+01,3.069706695545528419e+01,5.300054040051786330e+01,1.015026779645114630e+02,1.047723747892209332e+02,3.715422321327461930e+01,7.123689937395315042e+01,2.559925271956401005e+01,9.360442755934991865e+00,3.211914594205240547e+01,7.895426557502442222e+01,7.897313515541858564e+00,5.085795898537037374e+01,1.987557633738867082e+02,1.842221585652052340e+02,4.463320528979753732e+01,3.545526877759439088e+01,3.716738018132483035e+01,7.187219668662562810e+01,1.647062478450539231e+02,1.157104089462880978e+02,1.568090031881273028e+01,1.643544159769055213e+01,2.878563429242333438e+00,9.592729310406497234e+00,1.257567979111444600e+01,2.243126758073483273e+01,3.529860561374444217e+01,3.061624405370882940e+01,3.580736966315492253e+01,2.010719854997813343e+02,1.936132699755879969e+02,3.400227072442657317e+01,1.153428794276708302e+01,2.085773167414394180e+01,2.326275095505754109e+01,9.166973852838876269e+01,1.479378264034488950e+02,7.611363046798220466e+01,9.729927800913765523e+00,1.442244301552560171e-01,2.910282565679101624e-02,-1.699842095058571589e-01,5.251749850026225103e-02,1.743450614494064174e-02,3.819671146180667609e+00,-1.585089231622133499e-01,2.775496321804965527e-01,6.447646889480232346e+00,6.147387891914545682e-02,1.812124479795578580e+01,2.311048481010031423e+02,7.418963637382422860e+01,1.062729829392130476e+01,6.720057040050578578e+00,8.994824041049268359e+00,5.486273527939089512e-01,1.930627958215217488e+00,1.769585062893825267e+01,2.505150399772167447e+01,6.929803565719602432e+00,1.599279688569423818e+01,2.670386887072093032e+02,3.558966671751191484e+02,1.518249666435950189e+02,2.506106646829128337e+01,4.844067349228136088e+00,-1.207812536489827199e-01,1.130056639919089179e+01,1.320324845248332490e+00,2.025734040617347276e+01,4.293428271545250396e+01,1.265488212270518886e+01,-4.381832440769835302e-02,-8.033597683744447826e-02,9.475766964275509352e-01,1.299401561242970571e+00,2.594390763814063305e+01,3.818651323626867224e+02,1.356907359612266930e+02,1.107246253583437223e+01,3.597063737357927238e+01,3.429969686803303830e+01,7.557619205907685966e+01,2.588249017513808981e-01,1.328171721660107210e+02,4.275967328387683892e+02,2.220799981120346729e+02,3.121447625487355637e+01,-1.304390834392887000e-01,1.442177770863088682e-01,7.024150435486999022e+00,9.408857257719118294e+00,2.499208172405100470e+01,2.658643132100389153e+02,5.771015888379799890e+02,1.017132939417051887e+02,5.153483158949185139e+01,7.830437806207466167e+01,7.542635004823991629e+00,3.391603797932027375e-01,2.723329017373449235e-02,4.464680156668527171e-16
-6.005583055810917435e-14,-1.360868550358353524e+01,-1.129180600933789336e+01,1.621692850156203036e+01,2.813134437224663387e+01,1.167797924027480860e+01,1.205682258269689200e+01,1.039865036246863639e+01,3.270234546357019489e+00,1.005533469312737971e+01,1.963538278296311335e+00,6.823029920632595058e+00,1.454302317009744527e+01,-2.028254836886183199e+01,-2.459229995306776573e+01,-3.547926166291206584e+01,9.692106477678923682e+01,1.867133862893101934e+02,2.892985765114866012e+02,1.560972172695146014e+02,7.115690251960087664e+01,4.633637056282691447e+01,4.912584905591317153e+01,1.448733274778370514e+02,1.328570140184366153e+02,4.096144847927398303e+01,2.230805082216614039e+02,1.024271780326661627e+02,7.155948263714328128e+00,9.639281801737288546e+00,6.277526342508760848e+00,7.837535380437979704e+00,2.348588720905791405e+00,3.324064919046168853e+00,1.869433362602075377e+01,1.649430669719834341e+01,-2.188938773504680135e+00,1.948509483687224320e+00,5.486416075648429924e+00,1.803248645897087954e+01,4.734402993925874270e+00,-1.537625004645272464e-01,5.675101018120321861e+00,1.474290280651345775e+01,4.423125771347369728e+00,1.085962833746319071e-02,1.763448315262261090e+01,4.163586458505312038e+01,2.272959205766065693e+01,2.103470553671365195e+01,3.848108128763387015e+01,8.658649641195565039e+01,1.231855414380761999e+02,1.867430155812160422e+02,6.628202547398325351e+01,2.270935688701703015e+01,4.648480465406046136e+01,9.411842964785208210e+01,3.871205159356396308e+01,1.805006697041338626e+01,1.204564443007718921e+02,2.694359922800455251e+02,2.452525163963946682e+02,2.053804947079787979e+01,-6.544574573698180586e+01,7.769001525789164475e+01,1.899301438013038705e+02,5.946091938265934829e+01,1.710927930473213676e+00,6.125793430155233033e+00,-2.817017010968146384e-01,8.137350002197065280e+00,8.498367633134147781e+00,1.983878356544439470e+01,3.933082880619454613e+01,6.165954538052129408e+01,1.080091859851841747e+02,2.146203364665925619e+02,1.803740855275425190e+02,3.176275999740306233e+01,9.270565156140037288e+00,2.035581413904619907e+01,2.930627312099723625e+01,1.329287593938237819e+02,1.103504917639874066e+02,2.874778755983384215e+01,3.923513964435563661e+00,7.843320378613514166e+00,6.264082777042219163e+00,-1.423873508176235703e+00,2.777450561457653899e-01,1.313083636502643925e+00,1.584054778218582316e+00,-8.844659167480761752e-01,1.407486407082886082e+01,2.682179879274664280e+00,2.118971595256717855e+00,9.988459514800580052e+01,1.781048800321150907e+02,4.778255052279833848e+01,4.108641832282065920e+00,1.283507019712411212e+00,1.613958285636944767e+00,1.663448952490917065e+01,5.900145513539233555e+00,-2.021828778537970095e+01,2.394196710323986395e+02,2.649029509002642726e+02,9.466026798420551813e+01,1.497307593243330643e+02,2.130943817974306853e+02,8.272801893534391127e+01,-5.017017520613312520e+00,-2.963568273152360488e-01,7.139699618096153166e+00,1.371548577353729925e+00,9.772086373493182876e+00,8.598452968821730735e+01,5.902202629058503014e+00,3.801387854830502899e+00,2.168228206651809931e+00,2.213850642026584659e+00,-1.368674301728261877e+00,6.405470948006968257e-01,5.656711211456197219e+01,3.800588821448860699e+02,8.699992601004930748e+01,1.530557188736881402e+00,3.031749408159091530e+01,4.660903121475102751e+01,6.284550851718528719e+01,9.503545534392308980e+00,1.121782570916000594e+02,3.553586392960377793e+02,3.626782066255512973e+02,2.907084717340113045e+01,-3.870141846096266214e+00,-7.740761905392235853e+00,6.112973399378568651e+00,1.484746647720737123e+01,1.716142516858329259e+01,2.745760815986869829e+02,4.542581920049072437e+02,3.295899363737586896e+01,2.098926835562320647e+01,4.560937901569769082e+01,1.930414939304942479e+01,4.596706288196356072e-01,1.025128022054181853e+00,-1.052071802903502674e-16
1.687383702380347761e-13,2.335233445870385083e+01,1.959170976355679628e+01,2.935712378406179379e+00,1.960567679355943582e+01,9.970601684029199774e+00,1.568512361142360056e+01,1.507498988908850635e+01,-1.939859943545201304e+00,7.635122646402923152e+00,6.950991281517053366e+00,1.168214739708606231e+01,1.219984832519431883e+01,3.867301581087499329e+01,5.532444594655053294e+01,1.818555320814569143e+02,3.063203838975057351e+02,2.832640914598451332e+02,3.747170592394646178e+02,1.603981083509220014e+02,8.233266567786715484e+01,4.966001963118506524e+01,9.528414529832588187e+01,1.988544443256583349e+02,1.320302730243088547e+02,6.974835356983273016e+01,1.801713280883044490e+02,1.661831945552499121e+02,2.856166721048374768e+01,2.376146378419469940e+01,1.243615860386303673e+01,7.929414086376107562e+00,7.205510823360112838e-01,1.066809634500075266e+00,2.105601101709454781e+01,3.239574497600758463e+01,7.458364550621475075e+00,4.982812547614189569e+00,1.256510304845128623e+01,5.871560629276426191e+00,-1.798139034536260006e+00,-3.267850583034979661e-01,2.694547344473084749e+00,1.817248195149633361e+01,1.515736823861582394e+01,4.615892564463179859e+00,2.143747575334353428e+01,3.246615146847791777e+01,1.650085164638464263e+01,4.252494263980259426e+00,-2.813683953159931139e+00,7.557839409422007293e+01,1.519529890980496134e+02,2.039431776755284602e+02,8.314175244556732025e+01,2.868485699681349033e+01,4.289244273925179840e+01,7.943312237244217044e+01,5.388594756117266371e+01,4.826983217172699625e+00,4.189552379222755718e+01,2.449217215623798154e+02,3.288105451679402336e+02,2.099070988919814624e+02,2.075540546874551069e+02,1.973692311927040919e+02,1.627468297323702586e+02,1.382213969985990509e+01,3.574594351963558125e+00,-5.177421670992687908e-01,4.808352555582454890e+00,8.662038781845556201e+00,4.902103425626404665e+00,1.346042566828334408e+01,3.513696387174996971e+01,8.218093179988353825e+01,1.481115674994377969e+02,1.996755096650439043e+02,1.949274168266535412e+02,6.965208510446625212e+01,1.669262220864317570e+01,2.751919519827703198e+01,3.388309581716559649e+01,1.568853439683777253e+02,8.391641899325402676e+01,2.644761572256688176e+00,4.562788553388081425e+00,1.445329411892026883e+01,1.235650948056876430e+01,1.917784458145976423e+00,-5.454610897374362333e-02,2.887570908670404002e+00,-6.564335566439319924e-01,5.924028685201786493e-01,1.804209830332444398e+01,-5.495056126425565957e-01,3.481302531464014027e+00,1.282306054863317968e+02,1.224992994779105402e+02,2.437157339088289376e+01,-2.890709752012869505e+00,1.212860468353938792e+00,2.941815390844032763e+00,-2.670029549283565729e+00,3.369349152281078830e+01,9.436603195400923028e+01,2.977780524373792446e+02,3.406902394397746434e+02,1.191235931652763753e+02,1.424384476082129147e+01,3.173576460311385006e+01,1.119767881240291452e+01,7.913282131278701392e+00,8.954095360777922785e-01,1.782452184076502988e+01,-1.146845930825626692e+00,5.995851421963245720e+00,1.090722144307118811e+02,3.623906805941483622e+00,-6.543225273334621894e-01,3.993693812106817731e+00,5.776682748532648404e+00,1.702089625398032435e+00,-9.024656111873850806e-02,5.860088683315036207e+01,2.482016532933837709e+02,1.807308314591683427e+02,4.232461691369096002e+00,1.490046021747064842e+01,4.029705809852148235e+01,6.448267611867028393e+01,1.638291818599925165e+01,5.895380897103255080e+01,2.573815955194355638e+02,4.695832577877598624e+02,7.072719275640338310e+01,6.682177455246794295e+00,1.274052649344021404e+01,3.898548560443066524e+00,1.163461721990856290e+01,8.209629311510211025e+00,2.725296145105994583e+02,3.988272527125176339e+02,4.932586423681360799e+01,3.556628478232166213e+00,1.240015519424374801e+01,2.532794109398628990e+01,1.415598810396926144e+00,7.079111404354450521e+00,-4.195897122384264273e-16
3.273310058499424119e-13,1.248825899297613233e+02,1.370383997485085956e+02,3.151696896906948453e+01,3.597930278319245190e+01,2.791648706518059697e+01,1.478305765598319255e+01,1.090834393134005431e+01,-2.687277814215914606e+00,1.533925723159987875e+00,1.080225836536735429e+01,1.065585661532354678e+01,1.941512025413713616e+01,1.780329888445496351e+02,2.199250329880153458e+02,5.666112717626735957e+02,7.277198003185700372e+02,5.471133891382314687e+02,3.049578521287211856e+02,1.203412828195300079e+02,9.130305303263359917e+01,9.336880568193079455e+01,1.580426220083603539e+02,1.443551771704842963e+02,5.327291322974339494e+01,7.128512717710590607e+01,9.032099826742134496e+01,2.383901174782245107e+02,9.545579083266623854e+01,4.266011860637796360e+01,3.054304405487633289e+01,1.106436065257603829e+01,5.474361904488970865e+00,8.777735133970747228e+00,1.894199423012183914e+01,3.277547116218150336e+01,2.822679983247173396e+01,8.790817546640766977e+00,3.069248387670680245e+01,5.707910617469544867e+00,-1.761767548418135876e+00,-7.791959286566482179e-01,5.574575055674313440e-01,4.504351845083672146e+00,2.346327806963891049e+01,1.127494337292822202e+01,4.531291611181575973e+00,1.321139086910856975e+01,1.606653035824562892e+01,1.595218180517194106e+01,-3.573533942563043020e+00,3.823015012655000788e+01,7.254478734708365550e+01,6.198135235311223568e+01,5.120946223064543545e+01,1.777303709561638811e+01,1.997134759563043005e+01,4.241184504698050972e+01,4.058174456223719773e+01,1.975390524427026762e+01,3.801660552422347461e+00,8.586761966788776590e+01,1.907115535518235561e+02,5.273215013259086845e+02,7.626409382179522254e+02,3.847336031207677820e+02,9.940891802147321243e+01,7.840849302875703142e-01,2.752270617648540085e-01,3.444097707902827210e+00,1.218926745232551312e+01,8.327444499184334603e+00,6.210782107239169569e+00,9.903669314616687203e+00,2.830408139438739923e+01,7.463813169545240100e+01,1.282505872487955969e+02,1.492060139273509662e+02,2.348313337465845052e+02,1.456073158908939149e+02,3.735384489315905654e+01,3.872063435145784638e+01,5.785917882139769830e+01,1.654437200881120589e+02,8.703693259984763131e+01,1.395654067271286047e+00,1.172179005922024064e+00,1.498095201128846021e+01,1.132141035519864403e+01,6.520764914322863426e+00,1.110497917390843026e-01,5.536230717427434556e+00,-7.115593487403834017e-01,4.952184452834778039e-01,3.805978632659304139e+00,2.408895767569484703e-01,2.686231823560216281e+00,6.541009441970734883e+01,1.410581204206881409e+02,1.823424880738776466e+01,-4.420287563105444129e+00,6.015446188179852882e+00,1.014395906772847056e+01,-1.642620529908774074e+01,8.434205059756639855e+01,3.193854246504840262e+02,1.102769897673134523e+02,1.113121540729462140e+02,4.759397954170731992e+01,9.218911173954881022e+00,8.160550387082123436e+00,1.116998896774423322e+01,3.082820888405354953e+00,4.727759010282499119e+00,1.801849670041644913e+01,6.528248847222005713e-01,1.476258725847281994e+01,7.503719228605487501e+01,2.599463136658868123e+01,9.326409019830086411e-01,2.803711193336783758e+00,5.733792180258726390e+00,6.490554245295849789e+00,9.615128426174798792e-02,3.390612726803612986e+01,8.780433594238346018e+01,3.459741592619732273e+02,2.291793908295639426e+01,4.995827904871624092e+00,3.201332939371489061e+01,8.381405569373271192e+01,1.594940455336464957e+01,1.767243158132031766e+01,1.593020196281700578e+02,4.025825612348679670e+02,1.669654896089016631e+02,3.038931475834450069e+01,5.383914037337530090e+01,3.443864340259422008e+00,1.834372413743546204e+00,7.964765955490863192e+00,3.288855342233310921e+02,5.379775837466560233e+02,9.043569688201885981e+01,6.555179622541190909e+00,6.807998059652007328e+00,1.357448884638174746e+01,2.410916723307852561e+00,1.059050112296627155e+01,-1.505249916604442867e-15
1.885466683337736208e-13,2.180158363334861633e+02,3.474088049075473918e+02,2.061511421844977008e+02,1.508042049711909272e+02,8.332176293387760779e+01,1.415496799601173983e+01,1.125901723127773657e+01,1.106044179207911604e+01,-1.284438240560024092e+00,4.320842661653189865e+00,7.627697646444850932e+00,5.121089417519905140e+01,2.237641349029061359e+02,2.101011913914301772e+02,4.853833252520746555e+02,1.000694508478835473e+03,7.883282147799008044e+02,2.723316218947619518e+02,9.333387401849714138e+01,8.007958659686532599e+01,8.056186093362381939e+01,1.292954288840402626e+02,8.483437448826359173e+01,1.329160463178161820e+02,3.540745377439066743e+01,5.807291786910293041e+01,1.840744443104332788e+02,2.047527579947873733e+02,3.023341748636111959e+01,1.779897345188019742e+01,-7.402499504238537753e+00,2.638599450079706532e+00,8.295995525356488542e+00,1.001282782121391790e+01,2.264884263076741888e+01,2.705197620205062492e+01,1.266152694298054371e+01,2.368379517853540150e+01,1.574700305587212590e+01,6.157096056028628972e+00,3.857094437149738653e+00,-9.079798254259977552e-01,2.958858851389913003e+00,1.495221223660719723e+01,8.153532654396594026e+00,-3.195009676407647881e+00,1.124600890912413753e+01,2.047595079665857654e+01,1.789553434056912451e+01,7.803703423009864970e+00,1.668423870580427248e+01,2.802753319357503159e+01,-3.774078693437483256e+00,2.192423497608698568e+01,6.608378521124192773e+00,8.410460428564455526e+00,1.327337617333938269e+01,2.776577164888714933e+01,3.068229537186547518e+01,3.046495859898409986e+00,3.821454746861975060e+00,8.074271538168889606e+01,4.591681222896814916e+02,6.461488933725692050e+02,3.401772608614283513e+02,5.329058322247697532e+01,-7.243601249546781640e-01,2.399550168537974759e+00,1.041828201629940942e+01,4.673707044587987802e+00,-2.435817124383337362e-01,7.304709007740150639e+00,5.843766347021864149e+00,2.177630949825039153e+01,5.994123372892518375e+01,9.881699773975137191e+01,1.274345371147698103e+02,2.246003931326763166e+02,2.228597309562252349e+02,6.890822294592575759e+01,1.761944807003232327e+01,1.348034331968826223e+02,1.703989042319173564e+02,7.507188795162976191e+01,4.699623859283165395e+00,5.598754254732837943e+00,1.544386297024639099e+01,8.453219741413521504e+00,7.143224976254772152e+00,1.813730917735098813e-01,1.299908734712965774e+01,2.777678329232888821e+00,-1.472642710378088138e+00,-2.503416687586040634e+00,7.832962035288318359e-02,1.423064313609497811e-01,2.635201101389879952e+01,1.789680882761197722e+02,5.803777834523722134e+01,1.769740829784834091e+01,1.846991617534953001e+00,-1.250278867161732066e+01,1.302182990357290464e+02,1.434203967685807584e+02,2.722830322097517524e+02,2.230789234862647774e+01,-2.052743444834849385e+01,4.520569915499865754e-01,1.507949203191560628e+01,1.793778361536978494e+01,8.418992065890138932e+00,-4.899220412906248434e+00,8.714483233484468627e+00,8.994454554661066581e+00,2.225176029312186898e+01,2.429481838118369552e+01,9.351590305647570744e+01,3.699607704484462545e+01,1.509916521427979053e+00,5.497686822993045119e+00,4.782730588737040378e+00,5.041893789901881640e+00,-6.294153489732102758e-01,1.381285883729055541e+01,6.730766204256306651e+01,4.621717684108266440e+02,2.629839379636013064e+01,1.261948641643400393e+01,1.049213976913546844e+02,7.129267015743286606e+01,1.266867211239401492e+01,6.531858944498808661e+00,1.094311578304785257e+02,3.344803996002372628e+02,3.247346152408674129e+02,3.710935156282148029e+01,4.865779666348128529e+01,4.414724321392529127e+00,1.180215988497701207e-01,-5.409653110141760202e+00,2.906159712767062047e+02,5.173560721235068058e+02,3.765821232062168633e+01,-2.753557395594534896e+01,-2.561712824695588964e+01,-1.356845370949415575e+01,-9.517156873950947116e+00,-9.452200471193490827e+00,-4.018752849680312100e-15
5.606079226386788326e-13,2.179756143302908811e+02,4.546369954886018263e+02,4.000233429992219385e+02,3.034257266122301644e+02,1.345447345612078038e+02,1.358177418017984195e+01,1.039368228064523869e+01,2.165306116744440246e+01,2.424617986351075061e+00,3.642334392802645121e-02,7.510870858727376032e+00,9.515702137150421436e+01,1.777635566215563756e+02,8.802115973805837257e+01,1.163563876247486917e+02,8.908843119642342572e+02,8.379036476785765899e+02,2.990926175634273818e+02,9.528365042146874941e+01,5.330565700490517145e+01,2.899489052710215020e+01,4.589970818401735642e+01,4.865317993523763107e+01,2.523944878032671113e+02,1.242528861731474308e+02,9.486873649917242801e+01,7.355505333092213505e+01,2.686513938076689669e+02,2.205759588323610743e+01,1.430139509888594418e+01,3.463303919142690090e-01,1.552722655170927002e+00,-5.436187589633765388e-02,1.916258792036992897e+00,1.213397111197503975e+01,1.013358644680680776e+01,1.767322127873192272e+01,2.519945405620271472e+00,2.535588344333676858e+01,1.199238765186771971e+01,9.651410302539408903e+00,7.649155013576361961e-01,1.039865893632563854e+01,-6.542124097330233312e-02,-3.793775609917711400e-02,1.973012732823432522e-02,1.761001833955396378e+01,2.318587060358764873e+01,1.288847453824313050e+01,1.290225406279260589e+01,1.383110345978449196e+01,2.879128372645340050e+01,1.956092540059598761e+01,1.057630181426316973e+01,1.029772451914386489e+00,9.283657382873963471e+00,5.302580850148580716e+00,1.915030363182044226e+01,2.667755129995972396e+01,2.208518099517499422e+01,3.036483295768197621e+01,7.074012945049373968e+01,1.653617072923389060e+02,1.450848116122744784e+02,1.656951296580695043e+02,4.619686873507006908e+01,1.244538786476134980e-02,5.197256419745622580e+00,1.326268197608325394e+01,1.528358759834389424e+01,1.693243266837036032e+01,1.107808753751506003e+01,8.591020407987709717e+00,1.743919126010669629e+01,5.284727549879221442e+01,1.023177447545156014e+02,1.523852647423037752e+02,1.779573584177665850e+02,2.436466802216441465e+02,1.176058254765050606e+02,4.705310901928130818e+01,1.962558795119231547e+02,1.404123296716878713e+02,4.196208083028857061e+01,6.319460882946119185e+00,1.294813993158954979e+01,1.257422760364117664e+01,4.822917688336696429e+00,4.444901530531089051e+00,1.318187890663041588e-02,1.684050383208727908e+01,7.308101031025030281e+00,4.093940178631425009e-02,1.027894823004596274e-02,1.128151406460028115e-02,2.143088519516601204e-02,2.282442458571720678e+01,1.929560833081040983e+02,8.947179911878021130e+01,2.018815218915188581e+01,1.706551374633054508e+01,1.279117026564555282e+01,2.671326921173675828e+02,1.537900697327484068e+02,5.726656764004324884e+01,4.834732512754313660e+01,2.414046247751616137e-01,5.209562236088854936e-02,-3.260980990234253057e-02,1.191096851431464820e+01,3.114024315062846604e-02,1.067824588336894337e-01,1.331211280898012106e+01,-3.094876091574584251e-02,2.283885489047388262e+01,3.274993959686107559e+01,1.420817009625466483e+02,2.784222266093637188e+01,-1.057095434370706154e-02,8.880788920000952658e+00,3.729456485067488281e+00,-2.542499132641496545e-02,1.990516931650359797e-02,8.019070342378572747e+00,1.169797412163105435e+02,4.490364238716334739e+02,6.449625088963898634e+01,3.124221612342373788e+01,1.714967055247776386e+02,7.639111854900254173e+01,1.179910479666889778e+01,1.079989736711519477e+01,8.249308636814804174e+01,2.899201987244739485e+02,4.581248211828605577e+02,4.999402026127162202e+01,1.652352978538792883e+01,7.800783521638932960e+00,-4.050854238755712683e-02,2.495034620310688511e-01,2.958830531350736237e+02,4.829058212809782162e+02,9.011969755940737059e+01,3.012744619323851936e+01,1.733261481648518298e+01,4.284444339982681482e-01,2.810069750435952862e-01,1.158031871321778983e+00,3.103638884115697855e-15
2.113888629049163004e-12,8.724390701499598322e+01,2.634588680142450698e+02,4.144313442365114497e+02,3.845013557298148612e+02,1.327146024245511171e+02,1.102065054215320039e+01,-3.411049602424262583e-01,7.797082775940034516e+00,1.071194512612667182e+01,1.352341033792257186e+01,1.235915337406902736e+01,1.269890734317914820e+02,1.372349976531359630e+02,5.722708842634358462e+01,-2.560699560038444123e+00,3.923085667513403791e+02,6.177429848999473734e+02,2.980591889887341495e+02,1.068315740147857440e+02,2.887550855874344791e+01,1.054106294897035667e+01,8.573626924039247754e+00,1.776070858221291360e+01,1.671994225781880914e+02,4.545074217773417331e+02,1.483415089418868433e+02,5.341086423200568589e+01,2.002857604757093384e+02,7.291758291004778414e+01,7.373742822155577414e+01,8.256504838359475684e+01,1.715606200955713945e+01,-4.268695756986033985e+00,3.655708284300406952e+00,9.499462213818542722e+00,3.858604755092509553e+00,2.331850257883081312e+01,-1.748113577649349271e+00,2.246180370228704604e+01,5.300585072214304638e+00,9.973673780669290778e+00,6.824967052840059445e+00,8.280384899028062407e+00,-2.430852228764990297e+00,-1.504803017069491045e+00,6.142530345814628534e-01,9.103729891853461709e+00,1.796249465664875800e+01,2.110444233475234554e+01,6.057213260909952268e+00,1.060753750596606082e+01,1.437484132175860729e+01,2.271180863222020463e+01,7.690968122673630170e+00,-5.178365530222045487e-01,8.489552301029565484e+00,1.575266551242436464e+01,5.999673414358501766e+00,1.301159765320133666e+01,3.854715077942250900e+01,8.020316546182831985e+01,1.017889159051162267e+02,9.370873696675930375e+01,7.347601863723971860e+01,1.293585619519167551e+02,7.027221139508532133e+01,3.247390453046401948e+00,-2.341973177595056965e-01,9.129717850001915380e+00,8.072352672692895226e+01,9.573892753157066693e+01,2.865684887833963401e+01,2.839739248852131936e+01,1.634036527926568994e+01,5.617885048802261139e+01,1.460653876215980915e+02,1.960165641340132652e+02,1.520792909937624984e+02,1.725853310665378331e+02,1.787423202937709732e+02,2.045923928243969385e+02,1.514318862558423859e+02,5.088700194145414457e+01,1.005273004065837661e+01,7.984719715580541610e+00,1.215796540238581436e+01,2.394111809478375541e+00,1.972053462265841162e-01,1.841524672912190130e+00,-1.333588456887858653e-01,7.185187359063949231e+00,9.045628324418657940e+00,9.107739095735956525e+00,-5.069711198296552590e-01,3.313511251408160607e+00,5.391961949431632206e+00,1.097867326309760294e+01,1.632648674978989050e+02,6.036407594365893203e+01,-2.191996298575598345e+01,8.281909381136870252e+01,1.613995566628822758e+02,1.437144746118879084e+02,7.060085295133843886e+01,-5.955608397004389154e+00,2.865858532434648254e+01,1.887634454008448870e+01,6.938650479715588126e+00,-6.173049919061226021e+00,2.942883410630475982e+00,1.148801115572152653e+01,1.554120357320380386e+01,1.653642587692867849e+01,2.182850395760629059e-01,-2.070065519492617767e+01,5.122321930047608163e+01,1.355309928073014589e+02,9.333604964963113204e+00,-8.335997710387943460e-01,6.371606202577626554e+00,2.215647940701377827e+00,-1.299765082603854038e+00,4.497522168149023614e+00,1.022208169848342330e+01,7.967506175380641764e+01,3.117498316998888868e+02,1.875069433170670550e+02,4.612493743675129565e+01,1.059643409444298925e+02,1.630678433518669692e+02,1.547025283255466910e+01,5.317290503852228234e+00,2.991232248031072061e+01,2.142282020433983689e+02,4.706448854512816524e+02,1.076524692714972105e+02,1.313614597076308854e+01,1.291586176389750840e+01,-5.825320472668749971e+00,7.342844635543126230e+01,6.064456002470751628e+02,8.135708115478930722e+02,4.347731865865630994e+02,2.957638802995599576e+02,2.280481083935826803e+02,9.580893691213755403e+01,4.613596024702043508e+01,7.832039432459025363e+01,1.312741918544584208e-14
2.596638950847911756e-12,-1.619802871830062685e+01,6.066612794179861368e+01,3.357386077056998488e+02,4.239646019315736112e+02,1.436839868754852887e+02,1.109122610968852207e+01,7.638345605742754785e+00,1.055762575245217549e+00,1.153138776668996179e+01,1.919984699718576593e+01,1.233213270011104612e+01,1.428992381672220517e+02,1.153448557357902899e+02,5.586393634140470965e+01,1.338832507077183465e+01,1.326768141462433448e+01,3.116909133779242325e+02,2.168535466834940166e+02,8.593880582370351817e+01,2.065463932453792495e+01,1.213876058974725680e+01,7.723605918753631006e-01,3.044111749831776681e+00,3.744125896483033955e+01,5.583563835412379603e+02,1.639444745701965473e+02,5.674381938082535015e+01,1.151420333257799911e+02,1.353879165653879966e+02,9.647720875992050082e+01,1.116896050002449243e+02,2.722957929981497571e+01,4.925767319710430137e+00,5.288275179009350069e+00,7.311405777783756221e+00,1.304701451598250195e+01,1.869837838322198564e+01,5.901723716390120528e-02,7.866226461269306469e+00,-1.229608759083868075e-01,1.101566727053050165e+01,7.023944648840666716e+00,2.474629049786216672e+00,9.693051840838520228e-01,1.569923742549877321e+00,-8.512033426779255785e-02,-2.010428819959066526e+00,1.227689430107451152e+01,2.225261280467064751e+01,-1.491609887062253836e+00,1.083957489705904997e+01,3.369570683363572350e+00,1.084356258928929684e+01,8.453061796885382506e+00,2.360186889920506292e+00,9.929726559267473718e+00,2.444853028214200563e+01,-4.967515974987954386e-01,-4.316023070169588416e-01,3.814063353519666322e+01,9.012451518057255839e+01,1.000785016120228903e+02,1.118334478702364265e+02,1.538980316878421490e+02,1.332010849754867934e+02,8.525373827230421853e+01,9.879021389389567531e+00,3.416745929299088047e+00,8.012873642996936496e+00,1.293837487891014746e+02,1.788282981554636422e+02,8.146438800062473717e+01,5.932445929765133741e+01,1.824160900261561480e+01,4.846778446638849402e+01,1.348108487805604057e+02,1.762863665056944456e+02,1.451851619108840339e+02,1.052350009469320611e+02,1.838910545588276477e+02,2.563674170681235296e+02,7.053497511158481359e+01,8.152955458581278236e+00,7.415551679329775325e+00,4.341716861604489885e+00,1.247784946321417721e+01,2.334386366041947714e+00,1.595056613318742267e+00,-1.019764588977830844e+00,1.977366748609103997e-01,-1.667759272851436991e+00,8.125594125820038371e+00,1.197977850063981897e+01,1.457041566733441096e+00,5.880856973886253947e+00,6.416443827379965548e+00,6.631034068806401116e+00,1.097555769258570848e+02,1.269544213762485043e+02,8.479613767104372357e+01,1.371985747168160117e+02,2.216321589537305101e+02,-1.767589696574435321e+00,-3.262809533538222340e+00,7.279273130318425267e+00,1.590673468921014244e+00,-1.868278194237176226e+00,6.922052687744834287e+00,6.301627537358168496e+00,4.677133562612184825e+00,-1.822521718167093852e+01,-2.175855365613530878e+01,8.261319402201917628e-01,3.118233880519088785e+00,7.347724959393933375e+01,1.095431827152633133e+02,8.525244935725413598e+01,-1.872149293496484956e+00,9.630341961648745119e-01,4.195319428258313721e+00,1.282774276970463534e+00,1.035418870000413882e+00,5.548845344209454744e+00,9.371312583520856165e+00,4.277679881018977426e+01,2.800742758105884036e+02,2.435701155240087701e+02,5.467478823799275744e+01,5.604163253815308110e+01,2.044720312922125629e+02,1.355408855228013287e+01,-1.354170509575733927e+00,-6.632367694093368904e+00,1.579101011318205678e+02,4.472067767354155308e+02,1.752101623964042290e+02,1.754451900451604374e+01,8.970337834854921866e+00,2.584559434565233005e+01,1.900323588240000277e+02,1.217201763060552594e+03,1.496640438092407749e+03,4.455621637265787172e+02,3.791306358324702046e+02,2.724959736030935460e+02,1.246042183630413405e+02,-4.770579929708844702e+01,9.925763009649129387e+00,-1.130296759450317814e-14
1.193926466280035585e-12,-9.102350214144555807e+00,3.140953773962268514e+01,2.505132850952971637e+02,4.225645787589343740e+02,2.158365151810611167e+02,3.235830574465695264e+01,3.072449118559491055e+01,1.379499821684768612e+01,2.487746499917101950e+00,6.068631142042909765e+00,1.418031993845780825e+01,1.476469494369426627e+02,1.005193087376114249e+02,2.443155545464005840e+01,5.061723359097291208e+00,2.906507471082229621e+00,9.329448408624442379e+01,7.939627790609927160e+01,2.956513558567085553e+01,2.585182040414695237e+01,1.293489210815931933e+01,-1.015898724544535892e+00,9.203678722393670242e+00,3.133114595944973768e+00,2.719363562082768908e+02,1.304166851026751885e+02,3.053723876818392924e+01,9.204687111957379386e+01,1.880981928135372243e+02,4.792123679764186051e+01,4.111648107112187489e+01,2.043012019539146706e+01,2.285427260255423576e+01,1.229672334228308017e+00,1.542104257890598795e+00,2.641404800946958176e+01,3.807600128623186198e+00,-8.913749814334609445e-01,-3.085351113095852860e+00,6.779743298562948439e+00,1.417610050097137808e+01,5.292239651617489660e-01,5.585980612120050592e-01,1.136327995163412430e+00,4.397447199141483409e+00,1.180115726476117649e-01,-2.528796166974506043e+00,1.072532399107572054e+01,8.807515831759172187e+00,-1.360173257576473560e+00,1.550979217203128258e+01,9.844935973887885439e+00,3.942164575823279282e+00,1.049634590680501312e+01,6.503532221074137532e+00,1.351951675936741637e+01,2.014508645653814511e+01,4.767583199188353937e+00,-2.433184847558745645e+00,2.831237593645866468e+01,4.922894124898774493e+01,4.934643613494124992e+01,8.106693753268645253e+01,1.137657896640609891e+02,9.629089380648855467e+01,7.796147361685979149e+01,9.654289917219639250e+00,8.353433850808061223e+00,1.144197873600284687e+01,1.126525410925549409e+02,1.995617372048214406e+02,1.438115621414353029e+02,8.281348767474423767e+01,1.840343185061739817e+01,2.852893635317327536e+01,5.399197357095905403e+01,9.174238207004415813e+01,1.493207240590882918e+02,1.019018977086001030e+02,1.180492572937248212e+02,1.151048959277854777e+02,2.160923756978969124e+01,4.629266666232247474e+01,3.155502485057733253e+01,-1.215142341921357838e+00,1.720470343581795092e+01,1.492839985226799726e+01,8.799491592600469758e+00,-1.739777503227964317e+00,2.177357282978098496e+00,-9.098238441663069054e-01,5.637076312362419905e+00,3.715374006737140355e+00,7.204827427814104901e+00,4.937396725712801526e+00,8.546178919287290565e-01,1.666941292615795334e+01,5.809801918763494655e+01,2.878174094021098881e+02,3.223513766152702260e+02,1.317389492221714988e+02,1.052914091132136605e+02,-1.257907739421685323e+00,-5.640972818559216506e+00,1.770452244591437463e+00,6.334625479257915970e+00,-1.797242380487169555e+01,8.996516282576908496e-01,2.558669632887015766e+01,1.153282798132103615e+01,-2.432791734824796848e+01,-4.671547645779958202e+01,-5.913272816884137528e-01,1.327197129593373859e+01,2.869519050332370398e+02,1.727491457420705103e+02,2.871559738761354197e+01,-6.461064415901310864e-01,4.394470871554839952e+00,4.573062216246757572e+00,6.622693300827903196e-01,4.440027189938517971e+00,1.093063750593159522e+00,2.138354940639061841e+00,6.520825049331648415e+01,4.049945458543991208e+02,1.685968403257026580e+02,6.221617649169521513e+01,1.204321148032610154e+02,1.388067142885157352e+02,3.206448400379637853e+00,-9.188689519906556580e-01,-3.436949164878555063e+00,1.494010162446894299e+02,4.540673463734718212e+02,2.156215873129598890e+02,1.395755285759207354e+01,1.440104189264970636e+00,1.018104118526467374e+02,3.063514489507845724e+02,1.719166596010828243e+03,2.122258291909760828e+03,1.768999809747000427e+02,1.334452888510793116e+02,1.102396351808979205e+02,1.336733122653243413e+02,-7.019528866607365103e+01,3.073212982707969232e+01,1.605617169425054313e-14
3.630178491511854367e-13,5.981896747670250036e+00,2.532876595163778077e+01,1.399319517755497202e+02,2.947951214242306719e+02,3.200449164932948634e+02,1.088164188310186660e+02,1.229850244119733027e+01,1.197361654505423090e+01,-7.722874426696660910e-01,-3.166428616089395770e-02,5.125979915410065502e+01,1.505658333926503758e+02,7.707972825700858266e+01,6.775460899497273815e+00,-3.192864274081530063e+00,2.841086637781319268e+01,1.180103547850266388e+01,5.669556533902168738e+00,-5.017446943369034962e-01,1.926791828353343661e+01,1.229365881814969086e+01,1.079434144638742588e+01,1.880357222081195800e+01,1.485113355603495577e+01,9.823285497927257381e+01,1.035800635428891354e+02,2.299787592478955744e+01,7.729716031361671469e+01,2.788358904530729205e+02,4.517922818177387256e+01,8.060208986639951334e+00,1.556651405543014199e+01,2.601983832710063993e+01,-6.164986792133742011e-01,-1.008677642485034998e+00,1.879648704213068200e+01,-1.683665974500610396e+00,4.598331388147706811e+00,1.812145535256690820e+01,2.237211784442098406e+01,9.486211366146585888e+00,4.290731356455498080e+00,3.075644042844274395e+00,-3.134351309998022916e+00,3.934218443705748136e+00,-6.812818157333082603e-01,7.484900468996079859e+00,8.457038616838779888e+00,6.531071701926810746e+00,3.894136175792078269e+00,1.373030783005007471e+01,1.169910857277042915e+01,5.390736311654755752e-01,1.305574644483711388e+01,3.663009610361987356e+00,7.537204665972481621e+00,1.200550199220518266e+01,1.015571829241099877e+01,1.624806033279353912e+01,4.309096361971499789e+01,1.679597868451645581e+01,2.273228045580779266e+01,6.935729348528927574e+01,9.587595557361318299e+01,9.771648788742260194e+01,8.678137020997621676e+01,-1.684946062762438501e+01,-2.999379528452638510e+01,4.905512273145827606e+00,6.039000496350836755e+01,1.217461832598690989e+02,1.227448066087908956e+02,7.093452012731719947e+01,8.127230914774679960e+00,3.226131218481113905e+01,4.265929777509013121e+01,7.724076878151258541e+01,1.687904811683138746e+02,1.188558223877900133e+02,6.963203716715619862e+01,2.641701558122430171e+01,5.792864080448205222e+00,4.570920314115077332e+01,3.407274048030263458e+01,8.794231852357899726e+00,1.398131111787984793e+01,1.397211099742069962e+01,8.951082596569216676e+00,6.664979536146312888e+00,7.490609764973980234e+00,8.020972654992150064e-01,2.621255607582575919e+00,-1.023283354130719136e+00,5.819710490934367542e+00,2.739318624642721911e+00,2.021308582789369979e+00,1.331673158368842813e+01,2.627254758637692689e+01,2.441666922150216976e+02,2.979733239770736759e+02,7.773271921950413343e+01,1.516087085604207196e+01,2.138981641488888741e+01,7.842210056115875183e+00,2.648092365734479703e+00,9.058202874805765248e+00,7.790157555528818989e+01,2.168153859117227800e+00,1.843798677686167764e+01,-5.137490351132415256e+00,2.450415308565664532e+02,1.881966079612671479e+02,1.126181536197397293e+02,5.354044793240558420e+01,2.466274067437573194e+02,1.134738748548984546e+02,3.303271429651757352e+00,-7.474875244470416957e-01,4.852998233922507509e+00,-8.833405476435902959e-02,-1.840769987229243343e+00,5.910066228758164009e+00,1.388643645470459820e-01,-1.639659840687915926e+00,7.232224512992355869e+01,3.987818910932456902e+02,1.058623838577151730e+02,7.961749296011402066e+01,2.161378957522852602e+02,7.481866921963295169e+01,-2.966416940934866631e+00,1.635756340779845663e+00,2.473956311655081119e+00,1.429444170544047097e+02,4.559445518349742201e+02,2.229685076466449516e+02,2.448504859042008164e+01,2.545393372642336516e+01,1.639756829394516444e+02,3.755650878619820787e+02,1.279951675099771364e+03,1.897296691129796727e+03,9.003276050911549646e+02,-1.023141122874586095e+01,2.687349152220647284e+02,4.868840720086772649e+02,7.371276208581741685e+02,1.025251824460430271e+03,1.352474843464733923e-13
5.240966539900768795e-13,1.519002099018791629e-01,4.564216547576267491e-01,3.833971307274085660e+01,1.178436298463063139e+02,3.528826992088047518e+02,2.276262700967381534e+02,3.932995759372499123e+01,1.029695270655192907e+01,6.277747736706041692e+00,4.388702827500122083e+00,1.089626574676562996e+02,1.500428178667737313e+02,5.063248241671008287e+01,7.429271368555318666e+00,-1.590817854910802354e-01,4.774167676535261973e-01,1.829500964780404004e+01,1.794160175623385811e+00,-7.515842036677086724e-02,5.078020860273404491e-01,2.611949376002955070e+00,1.163849453765334330e+00,1.203188812765902727e+00,2.235106547509407626e+00,1.343527442653914648e+02,1.259130187146438971e+02,4.530936425701838743e+01,4.929587480605761129e+01,3.199725875926795879e+02,9.435613781344738982e+01,2.173130255700952063e+01,1.696851759563829987e+01,1.396675686620408641e+01,2.272469464724998552e-03,-3.125647493803213051e-02,7.031371034644319229e-01,5.315954002420219204e+00,9.804641464435547960e+00,4.318764210992847552e+01,2.959838845104502880e+01,1.938057989122425606e-01,1.857286466751877896e+01,7.771465437392667930e+00,-3.539171973613979838e-01,2.120648876312164699e+00,-8.662723963359914015e-02,1.538804103223708175e+01,4.525079644858612582e+00,1.246727030453857132e+01,1.114270269765965438e+01,1.309931267635534624e+01,7.738621117634470359e+00,-3.412280028597758363e-02,1.170503465824105049e+01,1.117928684116671123e+00,1.831089982796664170e-02,7.123592938306750000e+00,1.019405093767149495e+01,3.552313208108672171e+01,6.384909332164310314e+01,2.165658928775912528e+01,2.466283132505681763e+01,4.275118672722955182e+01,5.983386283653851478e+01,1.141957031333654840e+02,1.121774970013238004e+02,1.513668061462557013e+01,-1.153067638250227844e+00,-1.616948181147376817e-01,1.273206581548658711e+01,2.134826581070920781e+01,5.236221297942547181e+01,4.648661829738301066e+01,1.059806441185059356e+01,4.746197648778878886e+01,9.455607172011622197e+01,1.418280358175400409e+02,1.955219823278316085e+02,1.286141837220461639e+02,7.084458674009654544e+01,3.783121401115571558e+01,5.841334374717399136e+00,5.084878886522010255e+00,1.505572743802261471e+01,2.276439443521126549e+01,8.919075024105630689e+00,7.673524533404004977e+00,7.273361354359983544e+00,1.660323711907301103e+01,1.128967444974678713e+01,4.401545013308178628e-02,5.403005983718831701e-02,-3.721370609969961579e-02,9.508198882358712134e-02,2.839555590590269851e+00,7.451875224441127266e+00,2.356318161743057027e-01,1.171678940253768886e+01,5.816601815464635905e+01,1.073900583961583806e+02,2.257337031660582838e+01,3.947734983971665917e-02,2.036665608681089878e+01,1.409155770159405208e+01,1.363059491797537781e+01,1.058538825972896191e+01,1.789273317428104519e+02,1.012332428504339887e+01,1.849025623748796476e-01,1.154840256275264032e+01,5.117426055343475468e+02,4.222715285472203846e+02,2.156262240414436633e+02,8.014537895927283273e+01,3.741585130646028290e+01,1.783453717544986494e+00,4.895296865361318694e+00,-1.533729644614186538e-01,4.692124146243557448e+00,-2.585092572749052020e-01,-2.092173162034594580e-01,5.808666924384414898e+00,2.644697088361174231e+00,-7.625281789762196338e-02,5.670181015701478344e+01,3.027844608869132230e+02,1.085652564908713913e+02,9.165646533199499402e+01,2.642580942459131847e+02,6.410583605871873658e+01,-1.852023307235605432e-01,3.288219925487985584e+00,1.384918269802363877e+00,1.077304357525339213e+02,3.862042566253541054e+02,2.673664659109555828e+02,7.309021266748658263e+01,1.203542924409164243e+02,2.906290332729835200e+02,3.454042852956167735e+02,3.578150275368697066e+02,1.085252688854818643e+03,1.923484980177754096e+03,4.092361032069309204e+02,5.965649471380262412e+02,8.102270710518498618e+02,1.527045373079157571e+03,2.101590183075634741e+03,3.447698894276854888e-13
7.411926030711392365e-13,-1.172315777388267755e+00,-3.933141683895228002e+00,1.975109944199220591e+00,3.998311632880377431e+01,2.218157533059675757e+02,3.428518597080536097e+02,2.324229413120129379e+02,4.650906467670132827e+01,1.363568376668648341e+01,7.093194754624049025e+00,1.422814448812285093e+02,1.365582989154313509e+02,3.581936035551083819e+01,4.009578863381520364e+00,6.227812104557127526e+00,3.955004293995513898e+00,2.299364865370677791e+01,3.930857148988586847e+00,-1.071323065296484051e-01,-1.051083791306322013e+01,-1.286601589050907712e+01,-4.620368161687878938e+01,-4.274348015892942954e+01,-5.237001958126289480e+01,1.948258696463583703e+02,1.980002733761855609e+02,7.328558291517695977e+01,1.846721816810677907e+01,2.072197047600643884e+02,1.266641729453491223e+02,1.363114963153915760e+01,1.848375572774492070e+01,2.173991561372987658e+00,-2.664159636838414058e-01,4.762919395216109186e-01,-1.126238020292204434e+00,1.477321888536441108e+01,2.975205369244938947e+00,2.474678219813823077e+01,1.282281569615089190e+01,-2.873483816112973876e+00,3.185379553423150867e+01,1.186566366690702168e+01,2.021485976894307512e+01,2.488582880939111508e+00,5.143777139148199673e+00,7.454981216589484205e+00,1.265275997992887813e+00,8.298494102980104259e+00,1.675816012184424508e+01,2.611823169280541990e+01,8.832611189594530288e+00,2.709539212782816620e+00,3.261101175236132743e+00,1.042112405949773191e+01,6.090404191578280724e+00,8.165338234835122222e+00,6.501756519547231328e+00,2.658817039221518996e+01,4.987620913123403454e+01,5.594414415783407435e+01,1.789592262699193270e+01,-3.563110488412073096e+01,-5.312668622720025979e+01,9.434516204424440389e+01,1.324453281203392692e+02,1.837832725071475579e+02,2.129755056163470499e+02,1.547198371465779942e+01,1.355971650926697691e+00,8.890214142335084446e+00,2.836947248586360359e+01,5.031376411274963090e+01,5.162155094794369603e+01,4.150824625153862257e+01,1.155017777379279948e+02,2.020086005133512685e+02,2.072965946668343804e+02,1.243864351515429405e+02,1.028314615562930925e+02,5.655756225152671135e+01,2.038977426528915782e+00,-6.020025556180724990e+00,3.526234737254405172e+00,1.787472480744903081e+01,1.556693338660386416e+01,1.821856934508361903e+01,1.530768760557597652e+01,1.553063442746976897e+01,7.890461930568421600e+00,-1.324792958029707091e+00,-1.007534732493380325e+00,6.143917178312580107e-01,-2.166686008920976070e-01,7.150731181199705411e+00,6.983110559858912936e+00,-1.929636916225172749e+00,2.121191730619408133e+00,-9.706899709835415280e+00,8.906906242530652662e+01,1.571153185297134414e+01,-8.347946075818832856e-01,1.612194210485862200e+01,1.700043087000072717e+01,1.878236516790183686e+01,2.812243031387918180e+01,1.059680247254909631e+02,1.798478004794173657e+01,1.129407129647834473e+01,1.228419260347757387e+02,3.219183122278907945e+02,2.274861027619322158e+02,1.149252105699808340e+02,3.482589567115284979e+01,-1.782382680284508325e+01,-6.101624301535732542e+00,6.628759211601210843e+00,9.450120295603730014e+00,8.428098407497463640e+00,1.733248138923789483e+01,1.137429806851363168e+01,6.017607954333280773e+00,3.008194447627334345e+00,4.220465866408739330e+00,5.913274190653931583e+01,3.202419044522760601e+02,1.443500118782313280e+02,7.721407406603907475e+01,2.268091985629240241e+02,9.498901060825050990e+01,8.316461063066652670e+00,3.733088604429973145e+00,3.860981634517174577e+00,4.799758724972407009e+01,2.317585185370805334e+02,4.180475354287668779e+02,1.429301380581898968e+02,2.829386502408065667e+02,5.473940714863385892e+02,1.950163449614190938e+02,1.064682360877950984e+01,5.050371930080224843e+02,1.674126690624945240e+03,1.478824276368699884e+03,5.898839981892333526e+02,4.840334539026528091e+02,9.243716256480926177e+02,1.721270573473697596e+03,1.639718947719183508e-13
9.020317270917559261e-13,1.218101645742507844e-01,1.003423427736593654e+00,-1.738398699633215694e-01,2.028146082590323118e+01,7.768991155167252316e+01,4.060569049280501304e+02,4.254548194183742567e+02,1.037935861154998349e+02,-1.344658181330231805e+01,3.166455392973592353e+00,1.222433979987271755e+02,9.976854898529013838e+01,2.330518164582678864e+01,-1.202484067013866564e+00,1.035283324078823064e+01,1.804854385904120662e+01,1.424945374410041765e+01,2.476628714258700459e+00,1.048979672204873204e+00,1.541036135639358129e+01,4.047809340649597232e+01,6.329495342580622719e+01,5.459302312861665740e+01,7.098316221113644531e+01,2.268195787974348150e+02,1.966098716026357920e+02,6.410786447886856365e+01,6.040179090937022544e+00,1.746294259899930239e+02,1.125977343911884674e+02,-4.932888889858433323e-01,1.856158076498364551e+01,2.861514836777994564e+00,5.286231194406796341e+00,-3.836941509817169416e-01,2.664807587480221063e+00,1.345147021913762941e+01,1.490569850893797010e+00,1.895376410147558977e+00,-2.202148678027298523e+00,2.366942535901090938e+00,3.492892138092037868e+01,1.663209717849326452e+01,3.121047533049400258e+01,1.412025775498938485e+00,8.382779050172381119e+00,-1.488381059058597966e+00,1.371339759853123841e+00,1.521712365225128316e+00,1.392635880870849618e+01,2.972598627941225402e+01,7.859863102819136138e+00,6.431657088070354078e+00,8.455677059072863599e-01,1.511097180543200480e+01,1.102094680117052050e+01,9.894195469923008801e+00,9.000849952811767807e+00,8.026981651642016047e+00,2.528932570537605073e+01,6.051585714002653305e+01,9.004046540256478437e+00,1.307102023116968894e+02,2.518752396654496408e+02,2.023576731763662622e+02,1.537948896877693699e+02,2.348257498350264711e+02,3.042253742492333117e+02,2.517731595693219759e+01,1.136286460635460749e+01,2.511599435836403060e+01,2.514969561163262668e+01,5.111017849433060434e+01,7.470057433166215333e+01,4.290540476594546959e+01,9.445943762009638078e+01,1.769202074025428146e+02,1.606192603592333796e+02,1.149303574348095935e+02,1.166715037727413886e+02,4.631543499595051117e+01,5.654325300760022488e-01,4.113703413697870737e+00,4.335809441422149857e-01,1.114635073541588639e+01,2.183318342986585492e+01,2.073873658553765154e+01,1.609802572389312658e+01,1.309615834052306660e+01,7.086579022911990045e+00,1.609088021067045515e+00,9.878166914335785309e-01,5.235024836422087491e-01,1.622884613215162197e+00,8.054036568863578438e+00,7.100003046321305078e+00,3.618352185645936081e-01,9.242096758054716421e-01,2.913745975042264291e+01,1.113553911117016497e+02,2.552023673195036935e+01,1.457774279706306242e+00,1.346532064938120676e+01,1.232855303877242292e+01,1.052920711663028364e+01,3.029749810181646197e+01,7.459892074836648845e+00,3.582371704846404725e+01,5.348851238043701528e+01,1.549982397339819329e+02,5.409365174473918358e+01,-2.025714957617435985e+01,-6.885561799073284028e+00,-4.733482245930818344e+00,6.184778179577106627e+00,1.931839093890991066e+01,4.402750673006729620e+00,1.285658402487367979e+01,8.758595104589531388e+00,2.982344753893370282e+01,1.361768061118235984e+01,5.068181070888353901e+00,8.542247439024361899e-01,1.563758307404633818e+01,9.824404479893431130e+01,3.095438262895050343e+02,1.274595254838504843e+02,6.696200797482953249e+01,1.838745011336237383e+02,9.301489731575263420e+01,1.151614483305997005e+01,5.251044621544016522e+00,1.290808079179775092e+01,5.589533632916967321e+01,2.731493565300559112e+02,5.286095324233191377e+02,5.077441833200631294e+01,3.232137645596038169e+02,5.347094417819780574e+02,5.384542375566234540e+01,1.581472499071215587e+01,1.960226580601819535e+02,8.150045472210754269e+02,1.740137648615992703e+03,3.471217492069501986e+02,5.749157462816131670e+01,8.967233750947220017e+01,8.942139486640822952e+02,1.139756345765166751e-14
1.052041007554284096e-12,-3.129099655791894863e-01,7.362444056888289845e-01,-9.418563336694495414e-01,3.733087061781713789e+00,3.128754354785294467e+01,3.744282833982016996e+02,4.500282579612357381e+02,1.491579896205248303e+02,-2.754152484198468542e+01,4.771493093442172295e+01,8.486399564741192592e+01,5.083746304751697664e+01,9.174999642870174554e+00,-1.608870601191509930e+00,1.001069146221231243e+01,1.510848977774653434e+01,2.672004820341933762e+00,2.077586894087273262e+00,6.711152829889157623e+00,6.859399750346611313e+01,1.603101473216991906e+02,3.430711678451696116e+02,2.871282270263677106e+02,3.600614907397558682e+02,2.329161147597108652e+02,9.650030682557684258e+01,1.458726115776941512e+01,1.668309467361398291e+01,2.956502433605425608e+02,7.760899888773312227e+01,2.002071041761310788e+00,1.635104704893798200e+01,1.564033144119203733e+01,1.532605493562074805e+01,-4.390569069911367528e-01,9.743407686290265213e-01,1.884142739748377648e+00,1.162970345888032675e+01,5.742640355535158392e+00,8.784848386691924693e-01,1.174493598973577413e+01,2.502305468938131128e+01,2.056772825985154540e+01,1.819999821002734919e+01,-8.883172817315607706e-01,7.851386259988195171e+00,-8.134135536071013250e-01,4.227716237334197658e+00,-3.811718905064406110e-02,3.187823648545022870e+00,1.354881845119798811e+01,1.485360107990436607e+00,7.312085965837429313e+00,5.827989947308156893e+00,5.006633294052409866e+00,3.935155186199583266e+00,6.914116260327930696e+00,1.846558865004940131e+01,3.107842664259830023e+00,1.395198796798655394e+01,2.936082436926665196e+01,6.919488801976883963e+01,5.452971598020278634e+02,9.249179083058896822e+02,4.287201182222200941e+02,1.850098787061151029e+02,8.329522993791223939e+01,1.293514237921499728e+02,1.551610851270298319e+01,2.213151631959413734e+01,1.609095736938014909e+01,1.188834742126551092e+01,2.790768522748549785e+01,4.871835689329414265e+01,5.657133215753440680e+01,5.123518394432777256e+01,7.169204912390500795e+01,6.423105492212555134e+01,1.095404567094590220e+02,9.369132550184995978e+01,2.116128382601820235e+01,1.092947340994392391e+01,1.199620209328608311e+01,1.371287784690947142e-01,1.446096101434106629e+01,1.902170845017818479e+01,4.230923438603428011e+00,3.316170815241851422e+00,1.458035314469493926e+01,1.210491759826430425e+01,8.000009913916093396e+00,4.808614891907670774e+00,2.504359246901537994e-01,1.657895487763768383e+00,2.251307706108241824e+00,1.080599322063371126e+01,-3.055222006663985135e-02,7.395520164037209909e+00,8.699097245682787616e+01,7.171416704519560881e+01,2.288265180793602127e+01,5.410716992217227350e+00,1.116852651179537403e+01,2.018743473961480905e+00,-1.567626893689834766e+00,6.360676892806443661e+00,4.241847741641584513e+00,6.255922994180275509e+01,1.028872944787836019e+02,3.880908702933450627e+01,1.893312820020931397e+01,-2.228511654201526326e+01,-9.217486405310351572e+00,9.827799356565206423e+00,3.172659742297630814e+00,9.331074803983131716e+00,9.212047830986792585e-01,3.753276475491405861e+00,2.371337299503483820e+00,2.415194043906691590e+01,1.748186698790810345e+00,3.097352354911237171e+00,-1.336114671023524159e-01,2.949808989810788518e+01,1.569033446873174000e+02,2.180034233777984412e+02,4.325396038959268452e+01,7.629758188497244475e+01,1.758498126599560578e+02,3.304604932202141754e+01,5.176976707379927767e+00,7.321411798940942184e+00,2.216778128354777166e+01,1.382182316178964641e+02,5.294270035151911316e+02,6.030635784923196070e+02,7.005054468766157072e+01,1.936606925276640538e+02,1.424190115825605858e+02,7.829542542065070165e+00,1.173902319614599854e+01,3.526752041144690253e+01,2.136931653187021425e+02,6.822192182765900270e+02,1.004791331257174818e+02,-1.333958531612207210e+01,-2.057809441715451726e+01,5.436626954294506504e+02,-2.231943940607175171e-14
1.110619378902398023e-12,1.796188414437237535e+00,-8.033739817780933823e-01,3.949958655205174196e+00,-9.024029107119097004e-01,1.460479374998456237e+01,2.243916221508904130e+02,2.798294269685774225e+02,1.498335061527693028e+02,1.455071953445882968e+02,2.715361182146860983e+02,1.553718713510486964e+02,3.458898798350853809e+01,8.432746814118543099e+00,4.380565088390905970e+00,7.597265969355539106e+00,6.263092648498878035e+00,-6.114944443971370713e-01,5.494206931253812876e+00,8.207156313285366878e+00,7.576215410018038199e+01,1.927014088505022187e+02,4.266649132729594385e+02,3.038182996954521968e+02,3.363924659308199807e+02,2.433724575272150616e+02,8.463562996856123277e+01,-5.769111744222347404e+00,2.352162845498483179e+01,2.381195975548038177e+02,1.132517686680016027e+02,1.545181881636164078e+01,1.016178416053383060e+01,2.128264910368037377e+01,1.175881221727981973e+01,5.446040815969958260e+00,-7.586494630513681559e-01,3.555374742967625235e+00,9.226639911122415327e+00,1.402103253821292128e+01,3.921816431178380746e+00,1.523636104749327380e+01,9.490470577213129033e+00,1.625006435284451456e+01,5.503074314964011116e+00,4.680777557330423555e+00,1.357107999070332660e+01,1.842609271812750971e-01,3.847933410545460564e+00,-1.353752590198678942e-03,-1.775979951556589276e+00,3.894905667278808270e+00,6.206160771258870668e-01,1.382491311713704762e+00,-4.472360355482519090e+00,-6.040193809133270975e+00,-5.122382374934766780e+00,-1.670963753017475018e+00,1.764428202250871180e+01,1.844067051875928698e+01,1.078742442653765821e+01,6.638442455195260550e+01,3.323014280640180687e+02,5.994416629727244299e+02,8.229311601469440802e+02,3.977808527846851803e+02,2.253609415139468126e+02,6.504181095316150163e+01,8.240588692085248468e+00,1.479619876493049446e+01,2.524342245345798830e+01,1.386695492100849947e+01,4.751881690355092225e+00,9.906853299194649409e+00,2.280206165053650835e+01,2.686840134112239298e+01,1.999605056763807553e+01,2.753993061166055867e+01,1.894437091559381159e+01,1.105981372576113699e+02,7.915215788443900635e+01,4.809510937119157603e+01,3.604272529223211308e+01,7.174855919920668512e+00,-4.433976642820766645e-01,1.343978918243310439e+01,1.568027630928004079e+01,9.687297542696646779e-01,5.051154947025553454e-01,8.595388383037690261e+00,8.930716248539857460e+00,6.744489781715833132e+00,4.698682718363787814e+00,-5.426522371662481081e-01,8.528911567410577543e-01,-2.015943497435547460e+00,8.251892427237454086e+00,1.007065105507613634e+00,7.329880478367528873e+00,8.105099229757915680e+01,1.225645670326094745e+02,2.220380374337993956e+01,2.841038306634704025e+00,5.938771522832956506e+00,1.209682228856300279e+00,1.358726607287754717e+01,4.827459839357906568e-01,1.890026633928706445e+01,6.984143232119421896e+01,1.144242151632990243e+02,-1.964399065399858912e+01,3.020425490955283365e+01,2.043050411976858527e+01,5.660978320924647811e+00,1.704486674569138671e+01,-1.183467441814481491e+00,2.414754133067203767e+00,-5.103000493208676991e-01,9.867346518543710365e-01,-2.022082468018916668e+00,1.965414817929225677e+01,5.166398894094188954e+00,4.116236635437513947e+00,7.064284914560438722e+00,2.455869372217428648e+01,1.720752173151859381e+02,2.853715509749618491e+02,1.660710123755787748e+01,7.234033045652088845e+01,1.272140127209419944e+02,-1.059607454478218358e+00,-2.065824685079528100e-01,4.167873388617595154e+00,1.484152592685405736e+01,1.282245896748043492e+02,4.784929778276689376e+02,9.531892346414019812e+02,1.180439547616949540e+03,1.612040739512009964e+02,-6.280658566746372173e+01,5.535705156849968223e-01,1.478226781134045709e+00,-1.116222598200818439e+01,1.747312153664898915e+01,2.885152176217459186e+01,1.348082128622886344e+01,2.941605781907604111e+01,3.843785824816892926e+01,2.761217243918817417e+02,-7.192986731888215052e-15
1.020535147045200223e-12,5.789775808922724920e+00,1.091483629332441696e+00,1.085850796169213694e+01,3.399129187236294758e+00,4.330171193270879182e-01,5.457340372663392003e+01,5.951541628759440528e+01,1.051714609990583398e+02,3.274416987389618612e+02,4.780209114949745981e+02,2.603062482775484341e+02,4.774621493144120166e+01,1.386655966497492720e+01,8.866088995864231492e+00,5.717500335207005513e+00,1.884047129124294395e-01,3.911838547745563055e+00,9.773949826175027056e+00,5.636080557888023534e+00,6.197372391278609882e+01,1.675091851599335087e+02,3.394233675994377677e+02,1.660429148280741458e+02,9.468212876332142969e+01,2.475301186441521679e+02,1.710183912373369139e+02,2.429497017370285405e+01,2.112372092699252946e+01,4.305620831577520136e+01,1.857603801989797319e+02,3.106593564429761400e+01,1.047124864006004019e+00,1.555415635664217433e+01,3.963295021414313668e-01,1.113403185365679171e+01,-9.580154591196859970e-02,1.429130335874668667e+01,1.063219616193318423e-01,1.413066176322909762e+01,3.333607876986398044e-01,1.266925061871874725e+01,6.159695196207377876e-02,6.342337969976353129e+00,2.261082130675871049e+00,1.250870133573543619e+01,2.029623267953420651e+01,-6.640957898941973747e-02,2.187893292444754167e-01,-1.172144852746707933e-02,-1.048937021752507914e-01,4.535316028035790481e+00,6.296546849072861107e+00,-4.945488710502998764e-01,-2.027587388643113719e+00,-1.183346225556983988e+00,-1.047290435630654715e+00,-9.209193707542950857e-01,9.177263959098937107e+00,2.513884693794290115e+01,3.666833889322407458e+01,2.124892687386610817e+02,5.523837395467104443e+02,3.006151905938040727e+02,1.518260951630848012e+02,1.747691063610602384e+02,2.639023348324114977e+02,1.887306186207524092e+02,1.745288899328006949e+01,2.018452002654503019e+01,1.767289402609447180e+01,1.648834707539614186e+01,4.130279668429550632e+00,8.849781165641521952e+00,2.518495193665311049e+01,1.577445359216775955e+01,4.979460265958309151e+01,6.036701887925070054e+01,2.699300928607314631e+01,1.096715780707575760e+02,9.941410624425435572e+01,1.153307388523677162e+02,7.577561328149332098e+01,1.005651177129153417e+01,2.815907721173166678e+00,1.006230030993758362e+01,1.250081027240366538e+01,8.845161090800461423e+00,8.500813781911297440e+00,1.836959978716256325e-01,3.341535107335916188e-01,2.704544851379483972e-01,1.389046298661825274e+00,-1.354628387891113894e-01,4.087664613492633658e-02,-3.120732877189036358e-01,2.409154930933936622e+00,2.816323433645505414e+00,1.465864400443766202e+00,2.836696785216555838e+01,1.960525540656727514e+02,5.850627373502911155e+01,-1.772477444072385333e-01,2.125868361353402125e-01,5.488098997107460519e+00,3.520313062658359371e+01,1.347706909930783858e+01,2.483165781636917480e+00,2.515845999464870175e+01,1.039381939296086586e+02,5.146122238544015737e+00,1.493261196528916912e+01,1.961437630816604383e+01,3.582959100199173963e-01,7.554592812094539589e+00,1.969846404690601460e+00,7.217352419821976284e+00,-3.066362808786298605e-02,8.675171824617958549e+00,-1.836382338029666772e-01,1.875792728140740806e+01,2.049381057732684397e+01,5.920274698477195230e+00,1.374429476201843414e+01,1.076460352251758223e+01,1.440848432573877176e+02,4.500715677597274293e+02,8.519544916653204325e+01,5.020663715711068420e+01,5.414761979858024432e+01,1.832801974452619831e+01,-1.553631716178152933e-01,1.980982076509199205e-02,4.460014709524611765e-01,4.179948768875480170e+01,1.895099507183711864e+02,1.194038886298440730e+03,2.238669192498829943e+03,2.717661905476639959e+02,2.545211450833367639e+00,-8.546893280249673319e-02,3.687205688083311728e+00,8.888196401742213482e+00,5.521448964356389411e+01,8.143752807014239181e+01,5.240043982963705815e+01,4.492002915298868260e+01,2.171039037068016597e+01,2.236231146362747779e+01,-8.070769445794248920e-15
7.569656832680305813e-13,7.462301723315406754e+00,8.067590137028922470e+00,1.045249077351916256e+01,3.885500103290108864e+00,5.782109877356866878e-02,9.064262095308274425e+00,-6.949421789769076874e+00,4.146172061779881801e+01,1.933432395697896879e+02,3.460902764570745944e+02,2.274048005623186839e+02,5.490778280810830125e+01,7.291178477844935557e+00,2.588096704904178313e+00,5.855544133485767411e+00,-5.085033735177387770e-01,7.970511776975765628e+00,9.312153379958397537e+00,4.900412475905025822e+00,9.982617815793140892e+01,2.186785848080027108e+02,3.480910915330520652e+02,1.773362433691039541e+02,7.577150846181775989e+01,2.075797971796022523e+02,2.319589134617618242e+02,7.867548218251549486e+01,1.934764106044885068e+01,-1.362501041434839877e+01,1.954801752644064550e+02,4.209362040568504426e+01,-5.669170804019374899e+00,6.143630571266757379e+00,2.795093221316803378e-01,6.093720639290834740e+00,1.760046265883332461e+00,1.334864627476699361e+01,6.135556548240072239e+00,6.201421686493424623e+00,-3.961935184663514686e+00,9.931071615829607069e+00,5.977389229205319232e+00,4.874631511494114111e-01,3.701778614094685782e+00,1.004455013576746047e+01,1.498235179149299690e+01,2.356741666211176867e+00,-1.942989233106202862e+00,3.625599322753835230e-01,3.651735033252552221e-01,2.961175917182807371e+00,1.119658794155158255e+01,1.109360458123049931e+01,4.023494260201381678e+01,2.238452573721891170e+01,2.461868243222996000e+01,2.719568637566257507e+01,8.432402262281792460e+00,-2.350733123764398691e+00,1.217315117428316569e+02,4.129158745790377338e+02,3.494671424628668888e+02,7.934967761720567125e+01,-5.726841000433589102e+01,9.427018034142578529e+01,2.815527780454137883e+02,2.401363316667329002e+02,3.903658694846333788e+01,1.013547526819673905e+01,3.121793672538429210e+00,2.909678875059420466e+00,7.696539133342854555e-01,1.901043792841058533e+01,5.450531267805247637e+01,1.226184767623659155e+02,1.629048472220935651e+02,9.103688800921749191e+01,2.573677327925323866e+01,9.800321259243307281e+01,1.491699118339282393e+02,1.548402222306203839e+02,1.200932103717024262e+02,4.684435428484051300e+01,1.521200832590272078e+01,1.543539339369628927e+01,5.149477082912584436e+00,4.594977629223103932e+00,1.252723063740824472e+01,3.150831603508030376e+00,-1.000213317541874813e+00,-1.014926384609338594e+00,-2.187102674643183475e-01,3.350067654347260060e+00,-3.528233725083957384e-01,6.413246060299853113e+00,3.632377219479232533e+00,1.636259652268403419e+00,-2.508061767119001279e-02,2.828503617092018807e+00,1.104100312093483183e+02,1.530074166779172913e+02,9.749258331683307688e+00,-8.297908010969591297e-01,9.814854569055747602e-01,1.876893305942600421e+01,1.429581362924134069e+01,-3.227177757276656678e+01,-5.003525401533619998e+01,1.140228522406974321e+02,1.149053894128425313e+01,9.899488528944747401e+00,5.119960304518015093e+00,-1.705927821744404271e+00,9.913660927665761236e+00,2.027651368268209353e+00,6.523833876808342147e+00,1.167877566304514336e-01,1.795219717319158548e+01,6.345654944410187071e+00,1.234103424775394942e+01,2.309611425475558733e+01,4.229667251262980265e+00,5.832158964892689923e+00,1.382516956850682632e+01,1.171800579336362915e+02,4.791523606340997503e+02,2.035016488670387389e+02,2.832652969167962809e+01,3.112095673047378952e+01,6.409137166686495846e+01,3.850706034200481298e+00,3.375582474641593222e+00,8.709089913561236518e-01,1.764898115312939098e+01,1.137833899309578953e+02,6.838502569788920482e+02,1.269974879730290013e+03,3.958879670526300174e+02,6.652344559276065183e+01,2.243703994780465116e+00,1.764233963287126628e+01,3.654053280846908081e+01,4.461988307525888331e+01,9.209854793652431226e+01,7.042880376280116650e+01,2.564950326425869420e+01,8.161296613160166302e+00,-1.950007245241196330e+01,1.519807560173217865e-15
3.192292491604072002e-13,6.071366312102624008e+00,1.088319132559183267e+01,7.008153105617568102e+00,4.524973428745836301e+00,3.080368133382794138e+00,2.525171898542483362e+01,1.450531842409531436e+01,4.921807425981699624e-01,2.581854040740814593e+00,1.393024149321323648e+02,1.431866105807956160e+02,4.834662668870862490e+01,2.849579775283527017e+00,1.405570552104822291e+00,5.008842849791453666e+00,-1.291587657191456684e-01,7.231494210537153577e+00,5.318314362315581079e+00,4.584206258676767121e+00,1.208463691445033277e+02,2.777074416076891907e+02,3.617242553699333598e+02,2.264678826314378455e+02,1.934646400771950141e+02,1.108560173785178762e+02,2.027455318313986652e+02,1.004127853182624222e+02,1.470226031136901135e+01,1.111025225356198121e+01,1.918836397830102669e+02,5.248550923160321702e+01,5.574111436515546636e+00,-1.614716897333853929e+00,3.643926581321549119e+00,-4.722607175029577276e-01,2.515612114879567152e+00,6.201466359841099951e+00,9.717659456195816503e+00,-1.358256853698250222e+00,4.018169120050971266e+00,5.175967770558721703e+00,1.270827437291525186e+01,4.025874942522358779e+00,5.456455178208334367e+00,6.415177938128719504e+00,5.201154581809162458e+00,3.525639105209302127e+00,1.729095778275288042e+00,5.442875474871659014e-01,-3.846866785406598266e-02,9.635158046225454909e-01,7.941323892676803275e+00,-1.289358460078552504e+01,-3.970198955325348322e+01,-9.865198087447052400e-01,3.808122692117612473e+01,6.095149626603273418e+01,1.531322467262549125e+01,4.497764474501881438e+01,2.384631147643313511e+02,4.171726589849463949e+02,6.237965823938488796e+01,4.504129902674954167e+00,3.843125079630070928e+01,9.785142539526196970e+01,2.533416236384800300e+02,2.384347447540046403e+02,4.324337059296706798e+01,-2.151809518568181812e+00,2.463893020352823982e+00,1.000852312487450391e+01,1.089775173108572659e+01,3.003305931815562957e+01,6.962937642259738880e+01,1.905087941876883804e+02,2.068339899894961036e+02,7.526173117377457800e+01,2.180401150292940926e+01,1.008074266167553503e+02,1.607763327404208837e+02,1.261272297008090248e+02,1.203377256710921017e+02,6.741884031806624478e+01,2.319952477722986472e+01,1.760306194717633943e+01,-1.076895330449769039e+00,-6.720549895416985664e-02,1.354458088070780875e+01,9.514111403210444351e+00,-9.135260215986371057e-02,2.008714997424940196e-01,2.745261794139778888e-01,5.002288159862350092e+00,3.084490178403604399e-01,8.915331163450067820e+00,7.923917601967107593e+00,-4.038307976283278533e-01,7.893928004139978416e-01,-1.551475257024884646e-01,3.682477559550763058e+00,2.038421260505611485e+02,2.838062456101150488e+01,2.020204417733204028e-01,1.978902537663428829e+00,-3.375108181805471119e+00,-8.231206711110001351e+00,5.212279734325902325e+01,1.273395909336580729e+02,9.373635941117646553e+01,2.101451125055724489e+01,5.306054293956093737e+00,1.056290908786767790e+00,7.700413567977896223e-01,1.232057322911526498e+01,4.090474921898534788e-01,1.791173115669764337e+00,-2.490688486829692461e-02,1.855835644348927360e+01,8.373997555207074228e+00,6.854559091020425043e+00,1.413143901309388895e+01,8.014520125114003690e+00,9.807704359575557251e-02,1.926243034128896880e+01,1.064581134183614779e+02,4.832915577640651463e+02,2.842488683002712264e+02,2.110275904312315021e+01,4.785614941985753035e+01,8.351964833034162439e+01,8.152736551062750081e+00,6.083736699193839748e+00,9.176295386807270527e-01,7.749797997588581211e+01,2.570144289018384143e+02,1.136627727233385627e+02,4.721653656723551507e+01,4.539218012446352759e+02,9.519321166326571415e+01,4.787380084918994250e+00,2.166183958593400050e+01,4.040146239422153940e+01,4.396143347069788376e+01,8.342691129836053676e+01,5.162402124060590580e+01,2.417137709614583407e+00,8.157487113245188937e+00,2.750858431524078185e+01,-3.940177307037520141e-17
2.134801647180944385e-13,6.434325491610006331e+00,8.451575857030878325e+00,6.402501368244387869e+00,8.464595061217512040e+00,8.325846021686386100e-01,2.378904190637108940e+01,2.495059685440190833e+01,-4.547500057588416134e-01,-1.178204782407535589e+01,1.008088418316790751e+02,1.093702238217968841e+02,3.354112681393959861e+01,9.548222496199143094e+00,1.195829861885651724e+01,1.722483718646134809e+00,-7.753214693306803573e-01,3.760793612920403373e+00,1.068033301934292911e+00,3.037698355404323092e+00,7.777000060111748780e+01,2.794661464325334350e+02,3.314256490545634506e+02,2.277458730739913619e+02,2.820944426091602395e+02,7.470952565940856971e+01,1.398008138105905687e+02,7.492290970970074682e+01,7.192704710520396283e+00,1.497649823409305903e+01,1.885092146982336772e+02,4.022563681473649666e+01,2.576380508781956635e+01,-2.789822808282269584e+00,1.554023626562120786e+00,-5.976893198415624830e-01,9.819325315619902295e-01,1.410145324594608285e+00,9.983274460831415009e-01,-1.610219984419871686e+00,2.085609914930593334e+01,6.701990365355120494e-01,1.061215902164619962e+01,1.291023787336545148e+01,4.412883587464726531e+00,7.805344424914157031e+00,3.149587637356912606e-01,1.010513163965227834e+00,9.326283181914256204e+00,1.717573347246463544e-01,8.689846927897165729e-02,1.351640990492956051e+00,-3.549734807353763788e-01,-3.463899795599388653e+01,-1.289763943326195204e+02,-3.901898390856588605e+01,1.744318703914522573e+01,4.694405534119492529e+01,3.201215249906045557e+01,1.994421325556335773e+02,3.094641346433789977e+02,1.523447541885689134e+02,-2.471559734319849433e+00,1.750966974716582314e+01,9.116432195516996728e+01,7.510157390920186060e+01,1.887490867596892201e+02,2.403263209625063723e+02,3.019936270976466375e+01,-2.522143281792640579e+00,1.113097127635575490e+01,2.447516081023237433e+01,1.862265412512897811e+01,2.961129707437959269e+01,6.177402241030777930e+01,1.343217853441741454e+02,1.154587946938102050e+02,2.905905226663224994e+01,4.208866500507572539e+01,1.237170672250767183e+02,1.024104456375888503e+02,4.238862780465345281e+01,6.320953462976387982e+01,4.215990146601554756e+01,1.849934600304260002e+01,9.548042596981815677e+00,-1.085091202951391054e+00,5.821372650887703948e+00,1.418917122409848908e+01,9.992437879924802147e+00,-3.387444922922003832e-01,9.492396422090609853e-02,1.420382028397043195e+00,2.195089907771944571e+00,1.605957740004914536e+00,2.891454161746422447e+00,8.977211663384796481e+00,-5.883400368911932965e-01,3.768334291007006676e-01,-1.603975333476282961e-01,-2.201969859569624099e-01,1.644376544942415990e+02,4.300696416213840934e+01,2.129306563011212350e-01,1.390561672542552785e+01,-2.393879717041654587e+00,-2.141897089596255910e+01,2.623403570918987384e+02,6.554898347086216290e+02,4.610287283367979683e+01,2.926585740308538774e+01,-3.151520963985810830e+00,1.104561337131890575e+01,3.274591210906818706e+00,3.718411494408428108e+00,5.240912856626106509e-02,-6.956457645911663379e-01,-1.734182824462304068e-02,8.289110271303382405e+00,2.320633827721492182e+00,7.001926852729106976e+00,2.955733259416392311e+00,1.814149333885449522e+01,9.007732782469879851e+00,2.130891807225809131e+01,1.269154351328650137e+02,5.569892364161748901e+02,2.871825944919833660e+02,3.066179451714665305e+01,7.942129417393124413e+01,5.399156108991484615e+01,1.035892322851670677e+01,2.059211487330356416e+00,-3.967621865846616025e+00,1.806105111699633881e+02,4.296161465155505539e+02,4.714760339289280466e+01,7.454057259689179205e+01,4.377809391439376441e+02,1.111960829058744480e+02,4.485912130488969751e+00,1.089514006401192425e+01,2.565350971912856792e+01,1.181867546011324066e+02,1.607979271422269676e+02,2.331677927090166946e+01,-1.265907969662653176e+00,1.115248819462273921e+01,3.130977046550184184e+01,4.025878893903922398e-16
1.706341688689128012e-12,2.010150713954149282e+01,1.927687002445303222e+01,9.575094300644682477e+00,8.337900243899971642e+00,2.234558655431752305e-01,1.141896119510606411e+01,1.766426774243183218e+01,3.180137990178400820e+00,7.962062713595760677e+00,1.075818048348956353e+02,1.086503594251230140e+02,2.494256536175437589e+01,9.892985868084460677e+00,1.106762713998111813e+01,-2.323191683858455980e-01,2.907765961879502203e+00,8.207924258755365798e+00,-3.059938482675641502e-01,2.222977346746995764e+00,3.995467549366097160e+01,2.745081825519806671e+02,4.634132807688424691e+02,3.596752258482842990e+02,3.315237033667415290e+02,4.056751529741189870e+02,2.671919781169688690e+02,7.805121562518466760e+01,9.951945631887088695e+00,4.853220845390427307e+00,7.080929729387750626e+01,-5.361156726518611038e+01,1.574051172916935082e+00,6.899188652015296519e+00,-1.749122110008260789e+00,4.157080572545487906e-01,-1.200800826058255222e+00,-1.513067698512063686e+00,5.096543159596533812e+00,4.727278342659989363e+00,1.209700585226068092e+01,9.436232102330373905e+00,1.170565466476688421e+01,9.527876391391059130e+00,-9.088134569551935271e-02,3.676206590142529151e+00,1.047254005737783711e+00,-5.413031207551842749e-01,8.342290754117982488e+00,-1.348350642825971724e-01,-4.011397204883418999e-01,8.770570564955508797e-01,7.115166745129206660e+00,1.557811517130807317e+02,4.322161484234384261e+02,1.370580788563901251e+02,-9.987837527510844637e+00,-7.993638586398785151e+01,7.733996939793553338e+01,2.823847355352855288e+02,2.109781347942297884e+02,-2.780733623564256263e+01,-7.574944815619401028e-01,3.419430186894626189e+01,8.029397339221596042e+01,4.335955218083453389e+01,1.594976678268839976e+02,2.381247563035931876e+02,6.101201489643588438e+00,4.672506630461827015e+00,-2.317489165709732646e+01,-7.070113759119081465e+01,-5.011718429431707733e+01,8.388603326398563098e+00,9.634127122689798739e+01,1.331851076150537097e+02,6.985763979504409349e+01,5.149242250173981716e+01,1.072232983780457829e+02,1.191760377967344198e+02,4.178711889705795812e+01,-3.907018040788909463e+00,2.001474766545194228e+01,2.077512506087421329e+01,1.280767131353020716e+01,5.707500678217950707e+00,4.134555117746217867e+00,1.223740434507629793e+01,1.141572929730366681e+01,5.494483318115122472e+00,7.026060724284084458e+00,1.016136271028923732e-01,1.083454507538951450e+00,1.546451778787983344e-01,1.220081253819147671e+00,-2.306462244604123413e+00,4.772527354148544454e+00,1.425631331783078215e+00,-4.686840299881978034e-01,2.378269048104511285e-01,1.725187110215564346e+01,1.528536742787268565e+02,3.810429308344909316e+01,-8.743151048125447078e-02,1.152020469497879773e+01,1.301824308416128950e+00,6.775765371550913585e+01,3.100280290325995907e+02,1.139172897657226486e+03,1.176229575916510157e+02,-6.447339754513313892e+01,1.333358301246820155e+01,7.432623449128485049e+00,4.044328854035521559e+00,-2.738752419194163235e+00,-1.994837913342585034e-01,2.966529321604891134e+00,7.639420396642076887e-03,1.703766997562505547e-01,-1.188848551319993341e+00,5.810632363621903274e+00,-1.130946555902045958e+00,1.449364689942495588e+01,1.964229689288806924e+01,4.924021373219072473e+01,2.022022103719530719e+02,5.752938497849397663e+02,2.801782356284067532e+02,4.093702905843418449e+01,1.212509061611556263e+02,2.175180104742130283e+01,1.146554144092335115e+01,-1.631393900565020427e+00,1.906434957078882064e+01,2.405960281184611347e+02,3.582752570033071606e+02,7.095990719509416067e+01,2.698520509086164907e+02,4.358267685312505364e+02,1.085023997225218864e+02,-8.344972234471500494e-01,2.045842329809891780e+01,4.521373610668148046e+01,1.576371924781525422e+02,1.504962259736812200e+02,1.627230493355193985e+01,4.518867818141282022e+00,1.074584629799996449e+01,2.628628756431085378e+01,2.704069455340839756e-16
3.359528198826550693e-12,3.178064836858079900e+01,3.348326926038126317e+01,1.438103424555463761e+01,5.941923350353824240e+00,2.003752339663357862e+00,5.988812766339113303e-01,4.253746181477501054e+00,7.514655063471020746e-01,7.400096618917417768e-01,8.624291520157831314e+01,1.177245306049959623e+02,4.107138393803963794e+01,1.000615767916618815e+01,1.409667039627392038e+00,-5.358806953060658157e-02,8.658584565408396827e+00,1.398523956253220391e+01,2.127081358293043234e+00,1.708990963549791076e+00,2.546967095489373278e+01,2.164800957396828096e+02,5.115707609968351903e+02,4.733374474620194974e+02,3.772931059021144620e+02,7.751696905719427377e+02,4.220679755932363832e+02,9.461677613496900108e+01,1.788562931574767845e+01,4.183590380293923516e+01,1.089942521522291656e+02,-5.040113688283342164e+00,-1.822611755645980658e+00,9.747368760906944374e+00,-5.496919907704668207e-01,8.594862784083371343e-01,7.034233203590134487e-01,-4.781485044733647105e-01,1.562163627861647974e+01,1.049059645755029280e+01,-1.003138423646121158e+00,2.243952549250352746e+01,1.432410781143619616e+01,2.218978013300944852e-01,-6.410930874208954355e-01,9.275105672013231883e-01,3.761022160562705885e+00,-6.262432070872468726e-02,5.712911747245228433e-01,-3.199114612543499381e-02,-1.827782966717190205e-01,1.168810629925113975e+00,2.105206493229178477e+01,3.934734077199375974e+02,1.116146652026659012e+03,3.521760992718504326e+02,3.417549540605877922e+01,1.693870766266974925e+01,2.251936886733886638e+02,2.496778753309584431e+02,5.007394786550181465e+01,-8.073785835077371686e+00,-1.312864431456916448e+00,2.983797315803769834e+01,4.226803607087175152e+01,2.180807828553171390e+01,1.496659652939069929e+02,2.204138017432100298e+02,1.482821109104476953e+01,7.503634613360523176e+00,-9.994137541339916941e-01,-2.254725785012848149e+01,-6.505404689561486542e+00,2.439292699771844752e+01,1.042112573124671258e+02,1.263614288288402889e+02,4.859997493769083832e+01,9.767635619186542328e+01,1.686348012041214020e+02,8.163453200711175839e+01,1.052296072319526132e+01,-7.190735554463842938e-01,1.019484789666930702e+01,1.867789660681163255e+01,9.510252226408335119e+00,5.990578864153230931e+00,1.024462449911903228e+01,1.569270155246194243e+01,6.177353182283457755e+00,5.892301139062194881e-01,1.528136880895319827e+01,7.200286261544415478e-02,2.421398624420058321e-02,1.654097550669936939e-02,2.498697156169943021e-02,-5.968659371501759958e-01,1.079966772698407185e-01,4.207764947765733510e+00,-1.552786819655465889e-01,8.443375598059683906e-02,1.961106292507034610e+01,1.578805900699867379e+02,4.629848999606470983e+01,4.615133536556848881e+00,3.285205167333821730e-01,2.213543514248747623e+00,1.898939132257757478e+02,2.174267963703929922e+02,1.175336575954501996e+03,2.848124262114866951e+02,1.767896770520798455e+01,5.991655761346144082e+00,-5.190856516359574346e-01,7.363468127647610828e+00,-6.044874656099771260e-01,-9.127674698377397089e-02,7.667107482658658490e+00,3.286687498777127723e-05,-2.852727706272665809e-01,-1.179865229095386214e-01,4.663944915663541302e+00,1.633597341071540310e+00,3.869444899503059254e+00,2.113092195943417195e+01,6.654460595794112976e+01,2.257779581965637021e+02,5.204991418661015814e+02,2.930928150255443256e+02,7.137344955637937005e+01,1.575180359787833311e+02,1.397615646218989482e+01,1.031257131498290214e+01,-4.170240192847498584e-01,4.549899472873388362e+01,2.317581698421005854e+02,1.835479106960575280e+02,2.583344303556207677e+01,1.843684839616489626e+02,4.212309882301056518e+02,1.470102284797662264e+02,1.224663491425625850e+01,3.578570476025385716e+01,7.005330733237784102e+01,1.524959591458451769e+02,9.783747998286089853e+01,2.313816750249951681e+01,8.818465218641623693e+00,7.832545403937732686e+00,3.025808807954404500e+01,-1.426960802210250179e-16
2.379334599455414607e-12,1.471883886689646204e+01,2.540217328325854496e+01,1.728865260524711900e+01,9.091933058929646094e+00,2.409688175400120702e+00,-1.468252506898379606e+00,-5.113761315237624894e-01,3.178088905872155312e+00,-1.806165214601063829e+00,4.135165007043163143e+01,1.240153363942207676e+02,9.202826992818454244e+01,2.840387796693950762e+01,3.167369193734536292e+00,1.102008876446152197e+00,9.439512127848724177e+00,5.863705935921860402e+00,6.959753626655396097e+00,-1.216767402848804858e-01,8.089427493079847764e+00,4.685362672017418362e+01,1.029404993252886698e+02,2.834971498745380245e+02,4.517819053326534231e+02,5.334619321490004040e+02,2.377552334375627936e+02,5.171442492165986948e+01,1.443057993818363549e+01,1.752006160494088078e+02,6.653595858408559707e+02,4.610986491369575333e+02,1.336158020671331030e+02,-1.014149985460804260e+01,6.840381324535911745e+00,1.944803037111479060e+00,1.041480699570632851e+01,7.514208182962012650e+00,6.789516399996376350e+00,8.996722313489851075e+00,2.991183258646020349e+01,1.800797844122270774e+01,7.393482017793871819e+00,5.383167643978935324e+00,1.124500737229849534e+01,1.452723172541881880e+01,3.371251473846846203e+00,2.834480931650714686e-01,-1.968528942384919045e+00,7.349619762506770515e-01,3.361311205490675302e+00,6.156049098282514898e+00,1.584862688560463262e+01,3.113648020841034736e+02,7.557458107339570006e+02,2.161586412770013226e+02,2.095647604052606994e+02,7.316086471926950026e+02,5.167176429678735303e+02,1.770009298500282284e+02,5.545712511076919782e+01,9.198623957993575573e+01,2.436340343264921771e+01,2.435448581289229253e+01,2.147292567881536485e+01,1.623714498506387471e+01,8.938468573693822350e+01,1.857628466039023181e+02,1.123018063198624361e+02,5.100402506065363717e+00,2.234745296775729173e+02,5.179956935381617313e+02,3.976238977388953799e+02,1.511441268024913143e+02,-9.498872757163734803e+00,-3.916964659689271855e+01,-5.933935471723628297e+01,6.138862179020193111e+01,1.512447672893167123e+02,4.435139034129111479e+01,1.933770193278040672e+00,1.543450657435315732e+00,7.738421870014748016e+00,1.879509724119849068e+01,4.895471327829523212e+00,7.503172124773914708e-01,1.211235415809331606e+01,1.832003577854849041e+01,2.317516334141439760e+00,1.052611019912644275e-01,9.477248441226301168e+00,-9.538583073567165060e-01,4.325888796527297409e-01,-3.843437078432030418e-01,5.189573099346150853e-01,7.903565861850784025e+00,2.366528496218623712e+00,5.155646046652062608e+00,2.320977005532552706e+00,-9.754359028809946874e-01,2.129518000040052073e+01,8.358174493196963795e+01,1.233066552154946862e+02,2.242029192955062200e+01,4.910993900166356063e+00,8.162622662780147920e+00,1.826331277814247187e+02,2.273814935687867091e+02,5.657041221376168778e+02,3.864458871333436036e+02,6.441440192849515824e+02,-4.992102512670725645e+01,1.261405740855700586e+01,1.695436402162992096e+01,6.858868858226879972e+00,1.123970452057521108e+00,4.243311427905650746e+00,8.720801153604434974e-03,4.306887332722821427e+00,3.302184727226060712e-01,9.748076733722337295e+00,4.371064880581695178e+00,9.487078992773462005e+00,1.075041519110188304e+01,1.580742536914181251e+01,9.131075725007845278e+01,5.050826144566880771e+02,3.132481101546923696e+02,1.532102058279966172e+02,1.734451131180335608e+02,2.946949904126036301e+01,5.439487692841828981e+00,5.383058277233993216e+00,2.376421544929182872e+01,1.882396990017591918e+02,2.665002203157226859e+02,1.875774783175543448e+01,7.437250484834895303e+01,3.037637146170897040e+02,3.029620266437016198e+02,7.572536474601866985e+01,1.489514128197405540e+01,2.999072608531478323e+01,1.714973302000919375e+02,1.825938271881956325e+02,1.356338772253773861e+01,5.373294572364803123e+00,7.277447194984151935e+00,3.302689292791451692e+01,1.234894018991806675e-15
6.388483055543295744e-13,-1.037088936060117206e+00,1.583356825286307412e+01,1.824289517107335712e+01,1.347929067753701737e+01,7.295307020187276947e+00,7.456409704369637570e-01,1.687263296690730829e-01,5.141007326073278705e+00,3.240476926682276937e-01,6.332591442152482486e+00,1.411423415565712389e+02,1.303328580346028502e+02,3.627365279999881409e+01,5.076855354647156204e+00,6.781204497077541582e+00,8.871807812281675254e+00,2.967071908929116431e-01,9.721098454441502668e+00,7.093269879080069673e-01,3.703969240510866512e-01,1.083091509107686790e+02,2.360993741712102860e+02,3.007079721383030915e+02,4.495812570378475925e+02,1.254140615937708958e+02,-4.413268308144144392e+00,1.121937932231858559e+00,6.147524523258457663e+00,2.125775930085088987e+02,8.923316058906818853e+02,6.698215104521391368e+02,2.800725743846338105e+02,3.385466733577842291e+01,9.148687357101051854e-01,-1.152937415095659057e+00,1.445953993407813876e+01,1.504120409383457435e+01,7.745478132813932159e-01,1.992044093462224907e+01,4.509238391295965442e+01,6.598821100613072588e+00,-1.495349365454391011e+00,1.136811089421059329e+01,1.650467547835972582e+01,2.007205579544326923e+01,1.639970047677768550e+00,-1.814306376621693528e-01,9.534127215613948936e-01,3.575732010311514220e+00,8.028733424179774758e+00,8.332198670859213507e+00,1.610667620169098058e+01,1.497061174158538392e+02,1.154765282821303742e+02,1.269573669514708136e+01,2.825794875790807055e+02,1.047392457494321889e+03,5.938032827877790396e+02,1.021315545570899417e+02,9.474470497416555759e+01,1.270722985507700002e+02,3.304475453641294536e+01,8.869995228429200296e+00,1.504038819525817949e+01,1.379862933560331939e+01,2.579060502736014371e+01,1.710013632431302995e+02,2.600752466012259561e+02,7.820937830171938288e+01,3.730753543374293031e+02,7.854007092845650959e+02,5.787225471448241478e+02,2.585328132000801133e+02,1.300580577701032041e+02,1.386684958353207264e+02,1.374897894138881611e+02,1.629147749998680581e+02,1.314268321756599960e+02,4.192385608358490856e+01,7.102755408404799020e+00,1.736142433446249189e+00,6.717154488540005630e+00,1.547400424623399040e+01,2.469429035049441445e+00,1.683799093332273289e+00,1.179464405713833308e+01,1.433704183396215015e+01,-7.115952166018364444e-01,-5.319768956146316841e-01,2.802626170763030000e+00,9.698907523995647928e-01,-5.687111974502125911e-01,4.211937411443806845e-01,-6.723863089951089833e-01,1.065184352357791298e+01,5.588736329459721652e+00,1.934966493191462078e+00,3.494277968549597269e+00,9.600106541239856739e-01,1.826521210109495641e+01,1.346285958670209837e+01,2.402998207342751869e+02,5.827965086747838797e+01,5.559516514478706206e+00,1.081773305178205646e+01,1.119435544662328539e+02,2.886418344031224024e+02,-3.168206686732577104e+00,3.243062445847777440e+02,1.005949761534679851e+03,2.913478676021379670e+02,-1.310376757146002724e+01,9.289432893729093976e+00,5.040574352526003388e+00,-1.102893875828380166e+00,-6.446930816290906696e-01,-1.036669857329254943e-02,7.476005357697047771e+00,-1.014240760810324188e-01,1.160874655092665897e+01,5.639166830324013446e+00,1.696950420985644925e+01,8.175487425834647937e+00,2.524641414154502428e+01,2.505439096316401617e+02,7.686441158093953163e+02,3.156263236233461384e+02,2.202271654212627823e+02,2.170478020148964333e+02,3.063028886407207807e+01,4.546695472800516669e+00,6.412065957109732039e+00,2.079263086380780123e+01,1.807084436139501236e+02,3.337559449475617726e+02,2.456907407113983410e+01,1.464859842357133779e+01,1.933840256666458686e+02,4.446754149501585403e+02,1.582161559429346198e+02,9.741079396890240938e-01,8.290555823356809739e+00,1.918081339665580742e+02,2.324107244174130642e+02,-5.593043456318936846e-01,6.841838588471558236e-01,5.848100119292960919e+00,2.497607901220600368e+01,4.438464635402783600e-15
2.235383643301556982e-13,7.258823652731863696e+00,2.090856427837057296e+01,1.768705522301205590e+01,1.371183649699100116e+01,1.619002041978159312e+01,1.031989667878777661e+00,1.834276008984863926e-01,1.593820631580902480e+00,2.205729944048379354e-01,1.518482748720598074e+00,1.597615486073461000e+02,1.313840323467068458e+02,2.477251721793678030e+01,-5.528124003511392104e-01,1.538006092184687645e+01,9.707090937920019869e+00,8.233061165191724484e+00,7.402133898531347178e+00,5.397560109562496322e+00,1.243946995545590717e+01,4.755275801509981193e+02,1.249249615487770598e+03,7.631338672971958204e+02,3.274911407131902479e+02,3.827244120891548107e+01,-2.230360607557548036e+01,-3.594988768914667787e+00,3.646074141817641667e+00,6.000162220830112147e+01,2.995927048388484195e+02,2.287630255081463417e+02,2.962017436921230455e+02,1.580711223685808591e+02,-3.134942341492803930e+00,-4.784372628761232704e+00,7.072324758645404330e+00,1.570310985666215764e+01,1.307129481073820187e+01,5.466777554135544648e+01,3.848851218373651761e+01,1.592032902328796018e+00,-2.529853207763430145e+00,7.320431883800549322e+00,4.480054572377245137e+00,4.627711903253090675e+00,6.701448129532635578e-01,-5.985548001399063622e-01,6.143928020070767992e+00,7.488682638937614655e+00,9.344842886416097727e+00,2.824668025067087473e+00,4.165160578427034466e+01,1.620616204022469162e+02,1.378957513790484057e+01,1.914697949997821524e+01,1.232731315755799670e+02,3.732259484199304325e+02,2.869303580642234692e+02,6.108686429297542730e+01,3.743657718405648183e+01,4.607242260538237133e+01,8.870276171469955173e+00,-3.402470289909707013e+00,1.198216476941072450e+01,6.365208916253078719e+00,7.782792940553339811e+00,1.781960294780435845e+02,3.550276272540423861e+02,2.240709475515407121e+02,2.606500088531720962e+02,3.161888560353261823e+02,1.945317487957201195e+02,2.300643390735925209e+02,5.909005958913514860e+02,7.597506167581202590e+02,6.850162202900137345e+02,4.552489869026023825e+02,1.683581921580400547e+02,7.558036709718571444e+01,1.627394634936759132e+01,7.125435454759169396e+00,7.238736289820508318e+00,9.580871066595824104e+00,5.757965290296866101e+00,1.417729157574079402e+01,1.176686671587501287e+01,3.291858756128491770e+00,-1.924300925514263350e+00,-2.250666687127563570e+00,6.758392562894413480e+00,6.687729956327475023e+00,-2.173808470909464940e+00,2.753319906763088465e+00,-2.565189347167971423e+00,2.482670971769030288e+00,4.024495203161094992e+00,-1.984380098644785262e+00,1.219582770412507511e+00,5.875979803775329913e+00,7.676461186412047333e+00,1.897366327697025312e+01,3.141966178083590080e+02,1.059570092880855299e+02,1.763238429956211606e+00,3.886855595622694892e+00,6.713388193527806891e+01,2.994718353304776315e+02,-2.017405855569600703e+01,1.239793404659246079e+02,5.669684238930964284e+02,1.015929590295349385e+03,2.777302712878015356e+01,-7.628550923880897727e+00,-4.393442691018272228e+00,-4.029572310626885923e+00,-5.055875530755254976e-01,-3.907977630371443217e-02,5.525708462587805236e+00,-2.224909886362741174e-01,3.864128914838247386e+00,3.636934782543292055e+00,1.136174000744071755e+01,1.891247165711651235e+01,1.478062049550739232e+02,8.550604598852419258e+02,1.207025948124746265e+03,2.897835184166211775e+02,2.006680736924421922e+02,2.826783407380892186e+02,1.418453928219279092e+01,1.047546981622100581e+01,3.340511178192943631e-01,6.968457339667369865e+01,2.240861723396556897e+02,1.863123162603417597e+02,9.410653564327507326e+00,1.666973509357941308e-01,1.672279093922135189e+02,4.345470443164138032e+02,2.049364109105331124e+02,1.785950362574286032e+01,5.344876652273673301e+01,1.844949607844425259e+02,1.306240133241400088e+02,-2.505324240353402399e+00,2.016392443532713241e-01,1.444134455259416194e+00,7.681179008759571047e+00,1.069829217399152036e-15
4.435371371126244224e-13,9.717110851333314869e+00,1.646404560082119062e+01,1.477163356424563467e+01,1.071441090339600066e+01,1.052231366367484000e+01,-2.041350483696434015e+00,-1.983136936425841101e-01,-7.284018532083940123e-01,5.582480415311117522e-02,2.918182896363092471e+00,1.111167381150999915e+02,1.539678345951759297e+02,5.481682903548346530e+01,6.271184945109504305e+00,1.243040174197355086e+01,6.008716896381581130e+00,8.633969332877711622e+00,2.221779457043095540e+00,6.154135095519902343e+00,2.278981992532518319e+01,4.403514253895663728e+02,1.286858594847389895e+03,8.438134492265879771e+02,2.558432989796471304e+02,9.390673472885410433e+01,2.498903135748628657e+01,8.888375194971034787e+00,9.533937106695619335e+00,-2.131529775226666246e+01,-8.451532694786037325e+01,-5.799221439408179890e+01,1.863950266048542233e+02,1.747620887583473461e+02,9.028134951054749990e+01,1.439474683317760473e+01,8.662124465675518081e+00,1.231241343485065975e+01,1.387901205668275395e+01,8.820416080363330025e+01,1.728760384351056700e+02,6.188668530277660063e-01,5.225546779452014512e+00,1.043643112945498785e+01,-7.392328127349616640e-01,3.627056300962756996e+00,-1.169479569203483615e+00,1.713252754895695951e+00,1.152378948068189324e+01,6.260508200616397900e+00,2.389978810325767089e+00,-1.200770574589007822e+00,6.896123375175677950e+01,2.126070250888900546e+02,5.937541464225594723e+01,4.257485767135135291e+01,3.932475264428588524e+00,-9.154882249799968008e+01,6.764702641623745194e+01,1.080920270907908076e+02,8.792337063486612703e-01,-1.943478635480463623e+00,3.707564582212055626e+01,5.943342988205908739e+01,1.642445696720156079e+01,7.020189807900146128e+00,7.747775366420810883e+00,1.188724678736282812e+02,2.405463567184153817e+02,2.262812054457727413e+02,1.631320430203666092e+02,-6.295365230333250572e+00,-6.111004049074607991e+01,1.184415563683634076e+02,5.398966192002787921e+02,7.148225895017102403e+02,6.324821041410683620e+02,4.522761650196185315e+02,1.850003251390317871e+02,8.091793454868268043e+01,1.928639923293223646e+01,7.895788507964113023e+00,7.262539384954975752e+00,6.607246577465245352e+00,1.302577157025059940e+01,1.706126833253783559e+01,1.051809295259809396e+01,3.465532540332516565e-01,5.470209150038220614e+00,6.982891603332390673e+00,1.033746523901058545e+01,7.750790273000374597e+00,6.443919088612600099e+00,2.317476236826284008e+00,7.637906549148702595e+00,8.065788886777891520e-01,1.426604769612240586e+00,7.271800086458092949e+00,-9.466869751796309629e-01,3.663505279709179163e+00,2.115389388425261696e+00,2.565540979528850940e+01,2.198540500824018977e+02,1.400596248654537987e+02,5.752014855497014167e+01,-2.905143213518522227e+00,2.958922444757875425e+01,2.623745175993357748e+02,7.765839583617636777e+01,9.351877946912086514e+00,1.301781496846610935e+02,9.190672682463005003e+02,5.913743741848617219e+02,5.976395610512361856e+01,1.687579548847558542e+01,1.068140229481690717e+01,1.102781996750115678e-01,1.043910947237797482e-01,2.761561467409491488e+00,5.800709578232946528e-01,-2.946053646065401654e+00,-6.493184323195250407e+00,3.052946121939784874e+00,8.038467063845331495e+00,1.696092059443299149e+02,1.092860044456669584e+03,9.816063860689857847e+02,2.640162701889447590e+02,8.873885109502337798e+01,2.249884643667124919e+02,6.501991597706229697e+01,1.071150920573792398e+01,4.080303227545079459e+00,6.029747141521239229e+01,2.037478984616919888e+02,1.932160372329527434e+02,1.431885880973087133e+01,2.901452073711697777e-01,1.040508442260037327e+02,2.750081017901707128e+02,1.714958768103096247e+02,3.621751183427695420e+00,4.633856164400352640e+01,1.705632478438331248e+02,1.054268303956294091e+02,4.925144819895619364e+00,-1.003468984373985462e+00,-3.877345568548556387e-01,3.479692538831729021e+00,-6.754157298284559028e-16
5.856176182822685632e-13,8.524320319161231563e-01,2.223083641997795734e+00,1.016667023184697172e+01,8.233250472798061992e+00,-1.223615148596172014e-01,-1.138042922142834534e+00,-8.742002702329663977e-02,-9.483770570477104145e-02,9.985333584418823460e-02,2.928392836157224788e-01,2.564543616174491802e+01,2.070641605090294775e+02,1.180697310506239006e+02,1.901038220095966835e+01,1.047938685051027496e+00,3.160240687777681190e-01,6.058286976468850726e-01,-2.759160991761768766e-01,5.652834213272224240e+00,2.218804468866269985e+01,5.444367436417394401e+01,3.358862408487229914e+02,4.450887963044582420e+02,2.554403393943370872e+02,1.255452924757651090e+02,3.678513078574084005e+01,1.485738219091082080e+01,2.060220609524795066e+01,1.852293062295853687e+01,-4.728844141860254702e+00,6.424730321524894983e+00,4.223669095998445755e+01,8.239119319651229034e+01,2.808462184522970233e+02,4.525197956615343742e+01,1.458915891615477278e+01,7.373663729959020863e+00,1.204601639712258532e+00,6.816775851719148704e+01,3.226271128530711394e+02,8.934182692751372556e+00,1.311934907249992222e+01,1.657756086266011408e+01,6.315580464546802775e-01,1.213388347590896466e+01,-6.396665573677838834e-01,4.696926816625820678e+00,1.325332096295083950e+01,3.389720154873305802e+00,-1.133972584258308380e+00,1.980299845009512438e+01,9.343228809259069578e+01,1.938417131113243386e+02,3.671462534361146623e+01,1.152075590809983296e+01,7.829325959943829183e+00,-1.212185542075138223e+01,7.862215752094265042e+01,1.808974674051000306e+02,1.559139777028963891e+01,1.744298850445302307e+01,9.450720083715816600e+01,1.377188982772384804e+02,2.133393606046103486e+01,1.157885287374068461e+01,1.166775804662119143e+01,2.838645230334117642e+01,2.946040880216669322e+01,1.122836811682534375e+02,1.695976734815454563e+02,4.662840966558233902e+01,-7.095377155854544426e+00,1.327722584275683992e+01,5.838515322782011907e+01,9.541469082851550354e+01,8.089187136711404946e+01,1.878765052279634062e+02,1.582272128987298174e+02,4.946239899159684938e+01,1.575587687829942141e+01,2.763488741387944092e+00,5.422365235930932670e+00,5.774904917479870115e+00,1.812550257989755664e+01,1.024852963072836509e+01,7.918842607170679671e+00,5.255604025621787301e+00,2.100733150705350738e+01,2.184639994441534228e+01,8.320780605979084754e+00,3.735801802538146976e+00,1.727064846008322263e+01,1.006903502217417062e-01,2.120320115097993963e+01,5.944610577115532202e+00,8.194064110424190139e-02,1.957955233915377136e+01,-3.413239393357617724e-01,-3.660198136512806122e-01,2.996020691183810314e+00,1.244963302946071693e+01,3.770590490640935855e+01,1.647974516837763872e+02,1.360149353058147028e+02,1.030535706974154664e+01,1.242775862240388740e+01,2.346941503367037285e+02,7.114987602137900069e+01,1.620607894179399366e+01,1.823581444625862602e+01,1.425620953132977604e+02,1.263243550513279388e+03,3.461681671878450288e+02,2.783128433855937089e+01,6.325639728418590124e+00,-6.294893369937384908e-02,6.190496444794427872e-02,3.931556199023079068e-01,2.264824557337233202e+00,-1.048669979186916734e+00,-1.767655837422107634e+00,1.277629010162793222e+01,1.013003030285780248e+01,1.481997027739522821e+02,7.663402070829739614e+02,2.737164511449912538e+02,2.889739774668273640e+02,7.333086703440450549e+01,1.428429175084558551e+02,1.466384371944575093e+02,8.846007824892707205e+00,1.218861522141313714e+01,2.194906136539347941e+01,1.643790396996438972e+02,3.237788773526329464e+02,3.343316167141887263e+01,-6.266891702110543878e-04,7.804969737788791662e+00,1.522564574754354965e+02,2.892343218877758773e+02,1.276591965410850520e+02,3.765952338697497481e+01,1.430231330386787647e+02,1.586923574744269558e+02,1.562902505876027170e+01,-6.502399333652931768e-01,7.868452613045855415e-01,1.119283132074378528e+01,-9.515849620369615915e-16
3.592881203411148777e-13,-1.308736112593704703e+00,-1.286091093827867349e+00,5.737143782677176951e+00,1.017557864038176341e+01,1.166239594632202348e+01,1.312281707519895413e+01,8.934499096705877941e-01,1.352091180597977393e-01,-1.054402550501446489e+00,1.146856821783252822e-01,4.718295335996070428e+00,2.436041667959815413e+02,1.504518490703526652e+02,1.666642997727503683e+01,-9.767649401605373871e-01,1.560695373419335619e+00,6.666483270931720106e-01,5.619367716221939979e+00,1.359916034012065822e+01,1.597993340176362942e+01,-1.679622568756779089e+01,-4.675748678823178039e+01,1.421022194761238211e+02,2.127656228368077791e+02,7.613948951187177272e+01,1.764396776870698602e+01,8.182735882417912165e+00,2.935252944840481248e+01,3.051965946103903704e+01,3.315539966118517867e+01,2.435754358147297438e+01,-9.100632865295999352e+00,3.748470773618520013e+01,4.606114675453334826e+02,6.098035451901290571e+01,4.883419949678058813e+00,3.524600525883035740e+00,1.241388543473367578e+00,-2.772750561293517890e+01,1.890693560202927301e+02,3.626999319816425782e+01,8.837728603531026295e+00,6.573422508119056928e+00,-8.069929462010541954e+00,-1.327500876425630638e+00,7.237132981446265489e+00,3.179045451088946983e+00,7.566130486924051546e+00,8.141987569959802329e+00,1.719479813247195565e+01,8.540897211689141955e+01,1.259924165959783551e+02,8.653957412422727202e+01,9.024818962085083385e+00,-4.493659456402142038e-01,2.299604577844451825e+01,6.910027405775379350e+01,1.232865994022070595e+02,1.497173997581092522e+02,1.926427758059813655e+01,2.867237495953083481e+01,7.814423862011526012e+01,9.070349767719531542e+01,1.411784243894834745e+01,5.135624185891883187e+00,2.324637219100007002e+01,2.846239964080915286e+01,8.380368647531513560e+00,9.872592650852379847e+01,1.694205603771765141e+02,5.401610817008303655e+01,2.667150809293637437e+01,-3.886303284453963780e+00,-4.018886777940258526e+01,-3.742712596324441421e+01,-2.995542554244986633e+01,1.222500828180939862e+02,1.282753926638282849e+02,2.423278594329298130e+01,1.274002499672990218e+01,-8.380066465803467368e-01,1.789952019591884547e+00,2.172973890774458461e+00,1.420093333013541326e+01,1.092110220412850374e+01,5.311202690165293561e+00,5.473536019663788998e+00,3.626323060244228458e+01,2.423782793051808326e+01,3.678046541421172932e+00,1.127069135497489549e+00,1.028694045743293373e+01,8.456535429681062421e-01,1.511360220455884296e+01,3.940959696613763441e+00,-1.422131910135925326e-01,1.025705846836812540e+01,3.517257523503898753e+00,8.531178035051102171e+00,1.861648953762343295e+00,1.303750880377543453e+01,-1.358615657000395949e+01,1.941564948435753877e+02,1.235400944858732970e+02,4.733411120839743091e+01,4.204549723838859165e+01,2.718432218877779292e+02,3.380776602989984525e+01,1.636516745487965707e+01,9.555885127275965729e+00,-9.793677513795857692e+01,1.068163749818040287e+03,8.894934586122924429e+02,-1.725898154927465455e+01,-5.763171007509523491e+01,8.512882710652674989e-01,-5.641851851571102472e-01,-2.476589282126147928e+00,4.316177938232904410e+00,9.722832574658292870e+00,4.006423524631111377e+01,4.642110604485303327e+01,9.061747296333449242e+01,3.373978270934710508e+02,3.047343820235436169e+02,4.197067399960771894e+01,3.818968762257447906e+02,3.618473710392622138e+02,2.600328481088382659e+02,1.277778011937796236e+02,1.548898845326626095e+01,4.771092604343268206e+00,8.266975428125158487e+01,2.566478917455178248e+02,2.232196712103379923e+02,2.256123771352539009e+01,5.695551330841335247e-01,-1.138760446740007204e+01,3.021845122251392013e+02,8.492466866318324037e+02,6.354399615297843411e+02,2.286532763617516935e+02,1.180443878549943690e+02,1.020588942554375933e+02,2.261859178328667141e+01,7.740053425784404695e+00,8.120747475513553360e-01,1.056551410254895096e+01,-6.619217542479675545e-16
2.446649083729813518e-13,1.802060151249776712e-02,-1.477393682699773558e-01,1.712999716656604221e+00,1.087394435279112059e+01,2.126871243383915555e+01,1.999082622944795773e+01,9.878579159646649899e-01,9.800365774595162435e-03,9.192060582417036496e-01,7.853921932901543279e+00,1.700480788947191257e+01,1.974405070967402764e+02,1.619961046462175887e+02,4.759956547019402961e+01,1.143901484572102589e+01,6.976816880644007846e+00,3.363599943619872690e+00,1.277692292464467272e+01,2.132756440793699326e+01,1.171864618892987941e+01,8.045527065886241758e+01,1.943304744180681709e+01,2.284680362205178383e+01,1.324484071661887583e+02,5.071563078883314546e+01,8.063749003851480524e+00,8.044818711430796299e+00,2.801256733282394507e+01,1.322583894799082493e+01,6.294573057302695673e+00,-1.160247232251524707e+00,1.160987232283783044e+01,3.485909795994760429e+01,4.356995758077390519e+02,1.328599378858125419e+02,1.530251662170035942e+01,1.153709406760518341e+01,3.325348375898898468e+01,7.096897875867590244e+01,5.119360261832228787e+01,6.917751806000882198e+01,2.337875498435009636e+00,8.026391323650293730e-01,7.245940810234832163e+00,1.468859289012250535e+01,1.018166267627328914e+01,-7.137239872932330531e-01,9.153494010707390327e-01,1.027813728378529134e+01,2.932549704256608081e+01,1.267479914946567590e+02,1.436475313276041561e+02,-4.114690645519488932e+00,-7.135074474063098082e-02,6.183295286502848320e+00,2.143285676470199519e+01,5.509667271071198513e+01,1.166068395148849248e+02,1.002208803634547820e+02,9.906925273588774061e+00,2.881831198612688638e+01,3.911692397610865868e+01,1.702552421166582874e+01,1.664605247538703736e+01,1.228849605639309139e+01,3.145725562913627016e+01,5.198408834729665529e+01,6.122137262449822970e+01,1.202168362971194142e+02,1.431730141112822707e+02,1.241109710423012480e+01,1.228060349104678473e+01,1.843937300157636372e+01,6.851845583258507588e+01,1.102007619299645569e+02,1.084646612481389809e+02,1.949424053119134328e+02,1.426989763834716030e+02,2.049436479821541113e+01,1.034228370426489896e+01,8.360682686203372294e-01,3.215627010886695086e-02,1.875560803788194564e+00,9.627531086129224036e+00,1.208454913982189360e+01,3.018029289617720767e+00,5.588371112373733851e+00,3.720699523692856303e+01,1.874672647457671815e+01,3.283577325490130594e+00,-3.138095342111996700e-01,-1.510091072492379061e+00,1.191662768982900023e+00,1.018585358311966171e+00,-5.250807697265008622e-01,1.895979330137775171e-02,-5.334634725716005388e-01,6.536560620655464504e+00,1.458148869381205870e+01,-2.854641681227352845e-01,1.439438400491567194e+01,9.659702190845580461e+00,1.351928686225858769e+02,1.629296216065482739e+01,-2.346365399420197662e+01,-8.785236053971326342e+00,2.023015402275497649e+02,3.129464044208075890e+01,1.471513821326954208e+01,1.507088868240721879e+01,1.870854183439151797e+01,4.501626454147959748e+02,1.002806902652916506e+03,2.393386720442004219e+02,4.890950577532819921e+01,-7.363747688938192537e-01,4.838132571734769516e-01,1.914688470333147707e+00,6.425372036960310673e+00,9.964470037434580263e+00,-7.795830749181408947e+00,-1.370750216381791731e+01,1.125765971487780774e+02,5.742883594508870146e+02,3.713071040550222079e+01,8.350514562532698903e+01,2.745477311855298126e+02,3.115563581081045754e+02,1.877072899280887839e+02,3.395321103740180479e+00,-1.004002000160504338e+01,4.852643760530021666e+00,1.401246321591057438e+02,3.498448379242971669e+02,5.602458709596182729e+01,1.882763420640737095e+00,2.192086806786290865e+00,8.304990177218318337e+00,3.945562920809401817e+02,1.079684585523393935e+03,9.723180363797559949e+02,7.212791441121606795e+02,4.228722936756487343e+02,1.639488932573831548e+01,1.834099837894749996e+01,1.153788558815271159e+01,-1.950191785172643022e-01,3.783929076493901533e+00,-5.308040030068382369e-16
5.538609808440063720e-13,1.141323303624372162e-02,-1.747791784296845563e+00,-7.387832186311074079e-01,5.852140550490392279e+00,7.135642653812179326e+00,6.083716245496060715e+00,-2.162968498530911110e-01,1.851266423525379512e-01,7.622035057590383467e+00,2.029019879924945968e+01,1.144223343805970217e+01,6.555865562785126599e+01,1.759072334304998719e+02,1.284841929482389560e+02,3.040212102768849434e+01,1.135270701207462807e+01,1.107772986022786954e+00,1.417573320761780131e+01,1.848146354228848409e+01,1.493480735841694518e+01,6.184946618570230470e+01,2.365879539707025359e+01,-1.851120299689638538e+00,6.882487361628237466e+01,1.170692628043628929e+02,3.104263764773162038e+01,2.382409985763593951e+01,1.593605142976086597e+01,4.479690395193861363e+00,1.479875254815833863e+01,1.763815952024023304e+01,3.106140807942214721e+01,3.538509685056014575e+01,1.623839904981534517e+02,2.961145211394275520e+02,7.079308267747812522e+01,1.841758686112559928e+01,5.199548563591933004e+01,2.484372881201886969e+02,8.617844061045410342e+01,6.296958056030545947e+01,4.357271549047585957e+00,1.401755802604180978e+01,6.119996594851567551e+01,8.052342457794412667e+01,1.875405386733899782e+00,-1.526419063612124871e+00,-4.704217294264596005e-01,2.619827862063418777e+00,1.758226442557928593e+01,1.053032959140682863e+02,1.240490841901733603e+02,-3.900256804348162909e+00,6.510044016501837838e+00,1.024561467125560910e+01,1.213947979148677270e+01,1.831542701395639838e+01,6.658921302476383630e+01,1.177924898425132625e+02,2.516347493989956163e+00,3.082081866425644634e+01,4.082406543650989761e+01,2.304402068226360001e+01,3.830830487118424799e+01,4.224037910774869431e+01,2.546014455588468550e+01,2.235960243861436325e+01,3.072404317303815446e+01,8.400597109529465456e+01,1.122794999826238183e+02,1.669400000606560042e+01,8.570084194799196808e+00,1.747456201818877020e+01,4.398953135013948668e+01,1.051503709331171166e+02,1.015259013163131385e+02,2.268693305445793555e+02,2.082086255761974201e+02,3.474514984935775885e+01,8.033135744170655457e+00,6.299597627794363497e+00,2.762785617169590591e+00,8.486132757726963405e+00,1.160071224753028041e+01,5.372473950455129099e+00,9.530270716207339676e-01,1.031312032614380847e+01,1.985450189625456474e+01,1.408993757497182919e+01,8.823054463412191240e+00,-1.132030336903684820e+00,-2.226376134380186222e+00,-7.018562948473251462e-01,-2.934435168039381203e+00,-5.325046715529274666e-01,2.085242403125709635e-03,5.983439619711937496e+00,6.111749804278915121e+00,5.358874171835981137e+00,-4.593878524792773810e-01,2.920133674097109999e+00,5.588779642949458726e+00,7.100295197011162962e+00,-2.963403147493222178e+01,-1.254652467911201228e+02,-9.185441466119610254e+01,4.065152881942914576e+01,8.773366380446117319e+01,3.388315151543175574e+01,1.131178461832586990e+01,2.772009225398749876e+01,8.473613690909236595e+01,3.486817096883773957e+02,8.552144545869887224e+02,4.084829912028574768e+02,1.286950009960222463e+00,5.151434043028668697e+00,1.561105179929953657e+01,5.079118357454088795e+00,-2.148561842030032754e+00,-9.386044307997445912e+01,-9.578169686959915907e+01,5.875934726084849302e+01,6.314047534926572780e+02,6.866725891355658007e+01,2.121090029669871058e+01,2.330029073523395056e+01,-1.684064391830018792e+01,-6.652406794505789378e+01,-3.309305633695548465e+01,-3.853437694962335058e+01,1.637478539763274199e+01,1.110677518818559832e+02,3.110450829941056554e+02,3.410966152227825177e+01,-1.462799651856917516e+00,3.450133611196084082e+00,7.615781941769602881e+00,1.869940793948526618e+02,5.055559437348537699e+02,7.075113882446852358e+02,1.337189958193303255e+03,1.113337599530287207e+03,1.962877781171298608e+01,4.117109884120633723e+00,3.013474143164684538e+00,-5.412426286317769675e-01,-3.521114774875094278e-01,4.212777286559413324e-16
6.240764749084957571e-13,7.725056800118832889e+00,5.404713577657474843e+00,2.726216150086572476e+00,1.150999615351447902e+00,-2.881862226876735544e+00,-1.454225692111901003e+00,1.381487144432589131e+00,-1.871601409812227723e-01,1.007022806231491252e+01,1.715227845530290196e+01,3.824591496101890975e+00,-4.391704931043305393e+00,1.831557411663986557e+02,1.526245554307596990e+02,3.142398932563205349e+01,1.377228071261379760e+01,-1.230516502832698367e-01,1.329545034755112454e+01,7.161899353545583935e+00,2.506736901717811605e+01,1.772815693060544717e+01,2.244145490538847820e+00,2.235901751052483899e+00,8.316021380515519468e+01,1.343721011498779205e+02,4.460297413297234925e+01,2.381841268743810858e+01,8.040408636438874268e+00,3.066498848376515873e+00,1.726952822556995315e+01,1.527739579428934569e+01,-1.154924411874915258e+01,6.070999166664338986e+01,-8.600924961044524863e+00,4.241884445643901813e+02,1.284863523671944563e+02,-3.920615698580876796e+01,-1.022688189438506328e+02,-5.794685831820513613e+02,-1.883223564291132561e+02,-6.190901806470088076e+01,9.037905983778502517e+00,1.685835686311158810e+01,8.450769274320111890e+01,8.246182664431333365e+01,2.649508686706766536e+00,6.879298638341089678e+00,7.754346348243681408e-01,6.213028601114805038e-01,2.370338737612958724e+01,1.189872778288520720e+02,7.596876589015373327e+01,-4.427242443512435344e+00,7.446017235146954683e+00,9.214394066067882250e+00,1.125939745639765555e+01,1.834731366019188670e+01,8.503345369553051114e+01,1.108836428410114365e+02,-1.855631160150157832e+00,2.122045685384056313e+01,4.561008186880751225e+01,3.450090786396005882e+01,3.394517641015217890e+01,3.935329123549144725e+01,8.257342990055494880e+00,-1.411700001761919010e+00,1.845929766084559942e+00,7.099716708041604818e+01,1.078990324910555074e+02,2.165802168110926829e+01,6.343999239804927193e+00,5.679693142935763106e+00,8.716458709761468526e+00,7.326905648511197455e+01,5.374234538561834285e+01,2.158035498297101924e+02,2.389292486914528979e+02,4.648062373458757435e+01,9.627872248581711645e+00,6.138674699021553494e+00,7.187547024373222015e+00,1.120373487886828023e+01,1.238627474356651526e+01,-3.834915100858282688e-01,-9.120807974534190787e-01,1.062666410342655787e+01,6.546901876105937212e+00,9.299981808769473446e+00,7.949923450566211081e+00,2.799577315374947251e+00,2.888467683912532724e+00,3.030907655750485041e+00,6.316831781864055806e+00,1.964424222151957833e-01,4.482275807210880231e-02,8.700659887916007307e+00,6.538097832204975646e+00,7.771255659240930980e-01,8.340335093377582165e-01,2.337943899135058512e+00,1.625470622515741370e+00,1.498948453386487358e+02,3.741289085938199719e+02,3.506900724987959279e+02,3.218550548656533010e+02,3.661852093160125037e+02,1.528476143684757176e+02,2.568988248116730233e+01,-1.151775452669508093e+00,1.282924541353645420e+00,-2.495073497983980815e+01,-6.292197044220897340e+01,9.189280999301411157e+02,5.644945104805829033e+02,3.715367473074806526e+01,1.251073844392034218e+01,2.085246863890493429e+01,-8.851790233448573630e+00,2.500181883961693075e+01,3.162197091035532708e+02,3.579085127497841654e+02,3.211438395988918160e+02,4.909754988914754676e+02,1.087287788185843596e+02,5.598980506597970930e+01,5.839353748554460708e+02,1.558093952796537451e+03,8.096260427608430064e+02,5.069302602979459493e+02,1.463719433361004860e+02,-2.432821128685084133e+01,1.430871720862862162e+02,2.359490725311204358e+02,4.102494355901432499e+01,1.286004664764330618e+00,1.019712852855601870e+00,4.536344329279282661e+00,8.870601221296973904e+01,1.645174426562896883e+02,3.420385600979014384e+02,1.384703874081626964e+03,1.407531810874401344e+03,8.765038164271190624e+01,8.565342132667178587e-01,5.997307541376811768e-01,1.199116521848451855e+00,2.222783583689043496e+00,2.465475777845960424e-16
4.206340562820395818e-13,1.708217291441195940e+01,1.673976420847443336e+01,9.669509331325713219e+00,1.074678480241809675e+00,-4.394012002499723124e-01,2.638946604939549800e+00,4.224584758444193788e+00,-2.130125509882464518e-01,6.501020110307027977e+00,4.604260898927147849e+00,4.215203749072539807e+00,1.120914533940442581e+01,1.929500069423201296e+02,1.356527041932673967e+02,2.713872337111710920e+01,1.261059639109520170e+01,2.249281616410614137e-01,5.986463351222443663e+00,8.564484162715110926e+00,3.905112336434936537e+01,7.647972699389438134e+00,-1.243108624272324797e-01,1.129629569773639597e+00,1.567649175201092930e+02,9.169181562332141766e+01,3.252223654596602387e+01,6.567079464590732663e+00,6.373186700850550501e+00,4.410736209765942384e+00,6.401590852228834727e+00,-1.365636355508828448e+00,-1.295613253477489302e+01,1.172880832148190962e+02,1.920889019439982803e+01,4.108275422753511634e+02,2.096841061574795049e+02,-1.390930672220730457e+01,-6.992971873311971365e+01,-4.469352665390820221e+02,-1.483562058626997953e+02,-3.872691292888806913e+01,1.360858298619181106e+01,1.528308145972828669e+01,5.813751125091866356e+01,1.942868141519291214e+01,9.650299049500958404e+00,1.571788510268402739e+01,3.803143526698329779e+00,8.248513874167736404e+00,3.521009206610484910e+01,1.607694622658123080e+02,3.392558717473334440e+01,-6.664028007735750769e+00,5.906045736456339013e-01,1.918047228436957630e+00,4.577974071410802814e+00,6.423113979969183163e+01,1.924736232036084118e+02,6.399858374075479617e+01,1.839223062087277150e+00,6.022275559675635215e+00,3.418619669708259323e+01,1.960794864612906352e+01,5.311368020784306587e+00,7.398134483390509608e+00,-9.849402501767722251e-01,8.626223084700173516e+00,6.677928201823655208e+00,9.930299226749693275e+01,1.309346620327900155e+02,9.952570302957209236e+00,6.890685025961201804e-01,-3.049796888927497340e-01,2.290247979159628855e+01,7.475386802785314444e+01,5.004129402718062636e+01,2.069956734756171954e+02,2.287148345268559808e+02,5.502180963960984883e+01,1.508291158135480536e+01,3.104189652902705099e+00,8.275654934552029829e+00,6.764557117573276379e+00,1.131752421797077268e+01,1.624394938276727818e-01,-5.384157021435337365e-01,7.755143068569498865e+00,4.109677365994401477e+00,5.851325839818478869e+00,2.344631596607133162e+00,7.462089854430717928e+00,7.216342841483560200e+00,9.212432679281217673e+00,1.702979586746414142e+01,3.458502832595079270e-03,4.109624512721869044e-02,1.276946419362586793e+00,8.484565519325833804e+00,6.314251179058104846e+00,5.789295633137177433e+00,4.595188598875982855e+00,4.443409336002154220e+01,4.664717079440893599e+02,8.670257149967120540e+02,9.896890982347462113e+02,8.695562494306790313e+02,8.607176783901663839e+02,2.733172685136503901e+02,2.092761993201767012e+01,-2.988066098078940858e+00,-5.477474148327292625e-01,-3.578187406775058310e+00,2.416309897146280417e+00,3.896102840929832496e+02,4.253463704738066440e+02,8.702827423925414507e+01,2.215857570900482187e+01,6.199017147148633278e+00,-6.372034059880445689e+00,9.762180759164476740e+01,8.608708381531771465e+02,9.904650231697189611e+02,6.842552030978961284e+02,2.514038936637032009e+02,5.307443640109355698e+01,1.667394219840334131e+02,1.483102545006547189e+03,3.651324524569862660e+03,2.031791480132035304e+03,1.149872904514204038e+03,4.858334838043138575e+02,5.870110143487033838e+01,2.720919936538219304e+02,1.824064507421423400e+02,1.856047573855537891e+01,2.757371890512117396e+00,-6.249080076461592803e-01,3.206489518705729846e+00,1.793685448754015397e+02,3.243572587692427192e+02,1.546164618656704022e+02,8.585301201023542035e+02,1.169312194197347708e+03,2.420913759267431828e+02,1.127949285442132954e+01,6.063804901289224780e+00,3.001085048237121189e+00,3.440929668245642059e+00,3.618490079997343452e-16
5.093168514196359974e-13,1.021778739308563644e+01,1.378132973616144064e+01,1.215443071580653189e+01,5.807774485876972648e+00,7.646653627021231248e-02,1.048135184210998938e+00,2.317342750464928436e+00,2.067523962027099316e+00,3.052984924875207451e+00,1.028226241139453734e+01,8.178763709656804437e+00,1.254647785704511165e+01,2.253276063498107362e+02,1.983717755340764768e+02,5.664486611474642075e+01,6.054899507240892653e+00,-2.215813645242807439e+00,-1.213731291051451322e+01,4.952601513380139409e+01,5.069437434795739250e+01,1.238679436942536150e+01,-4.775877699042870295e-01,-7.241521407021324741e+00,2.023668247645496479e+02,1.042471278977559166e+02,1.231890932156936991e+01,8.860149455225884221e-03,1.310116500114001381e+00,6.026091848895005043e+00,1.652515070879195136e+01,4.082655025790568004e+01,2.099844904213690313e+02,1.792654477906415309e+02,6.245884004548232582e+01,2.219144455432814027e+02,3.670313511637354509e+02,3.413915491582091022e+02,7.540362342022776829e+02,4.147596209240542521e+03,1.442959154622377355e+03,5.456693150281371345e+02,1.966850197470332162e+01,4.354843443138550185e+01,2.113402748497747652e+01,-1.419224751707553800e+00,1.393598438922524441e+00,7.360265278673702838e+00,8.040232858415699013e+00,1.430952574873107785e+01,2.869059311608652685e+00,1.298830285531369952e+02,4.043573636696746831e+01,6.923644794784408418e+01,1.343520121089372354e+00,-7.784876382901553704e+00,-2.984789667224896093e+01,1.183153201640881349e+02,3.093193066858108295e+02,5.034557192363702427e+01,1.826238456403014965e+01,7.092012230456632871e+00,1.839950616176314924e+01,7.606085159603990675e+00,-2.062372273135511858e+00,4.087076483545314609e+00,2.111370439583216907e+01,3.138183893074242192e+01,5.777118022062664338e+00,1.146786348507594226e+02,1.504595617685840523e+02,5.285972376992152277e+00,-1.300514277360112381e+00,6.906446302777113466e+00,3.228148233484865415e+01,4.632590897193583146e+01,8.888072096980857850e+01,2.539462057281898524e+02,2.430426625858644343e+02,7.416172185950553342e+01,1.965742371162995639e+01,8.994576711111712086e+00,2.069097950797831764e+00,1.086572216212292608e+00,1.464342836588502905e+01,5.676608206656333699e+00,4.605776610943482119e+00,1.188071656363936945e+01,2.570688584559956968e+00,7.372506926550204120e+00,5.697213795678647941e+00,3.718195600599657702e+00,6.744637143049903472e+00,5.716989718002820631e+00,1.020033841698578492e+01,3.222939421013223393e-01,-3.131849243441185426e-01,-3.828546335396271427e+00,8.636184064380282521e+00,1.044205392196251481e+01,1.705611527015796369e+01,-1.658118098087461334e+01,1.600358607287316488e+02,4.823226845960569449e+02,5.622068205442612907e+02,6.159096801675515280e+02,5.276197148811168063e+02,5.192202215796809242e+02,5.465790627699135484e+02,1.190059195998756536e+02,2.494486013218096332e+01,2.945158095245308250e+00,1.042468925526323531e+01,-2.561673048813553422e+01,9.927179021761256195e+01,2.831371556059907562e+02,8.949744855014937173e+01,3.361988615280914416e+01,-1.988615391652887965e+01,5.592444435755867715e+01,1.696893636465126463e+02,5.231426117819033834e+02,7.528829122617165694e+02,4.625029814867595519e+02,7.720062121315037018e+01,2.621117615931557765e+01,1.144109456815724712e+02,1.121129140309720015e+03,2.202274453045845348e+03,1.226036149352278471e+03,7.494494747947466067e+02,6.633020540990614791e+02,5.490271473354780483e+02,3.906607676633273059e+02,1.400831324156984863e+02,2.943838196105760030e+00,4.291635003288358341e+00,7.572948664678020414e+00,-6.899978969861477296e+00,1.876030645687814058e+02,3.922477613114282917e+02,8.532215569120548082e+01,4.056119601485069666e+02,9.223100897342342250e+02,5.206321065395063670e+02,2.139630636372180206e+01,4.548316182525878659e+00,9.722497754381124180e-01,-8.065653386014769666e+00,-3.979055369322939381e-16
5.928398103915433960e-13,-1.170585229957264994e+00,3.919965538476477995e+00,1.148468124268617174e+01,8.561805869041281269e+00,3.807661548638444637e-01,7.222287568569273342e-01,-7.450278452815618790e-02,3.389892644081697437e+00,3.190213354900976572e+00,2.208999785395787185e+01,1.004900636287392324e+01,-1.062890796700270091e+00,2.293083149670872274e+02,2.773772978458117677e+02,8.555790552796685233e+01,-7.948111063142352384e-01,1.613728178628453414e+00,9.615179497129547670e+00,8.512507247322352555e+01,4.384654960549031699e+01,1.367006289156639376e+01,5.373983319526854929e-01,4.911803487502252707e+00,1.907470602157432324e+02,1.193236848788333191e+02,4.820855430853199231e+00,-3.746723430708197022e-01,8.531990545793914915e-01,6.402558382749607979e+00,1.878007201091257272e+01,6.331718284304600530e+01,3.476001336168253033e+02,1.574412769912937335e+02,4.013174856055086082e+01,2.798705032555645289e+01,3.986907507849807075e+02,5.639782359017682438e+02,1.233491860705762065e+03,6.842059350485289542e+03,2.344025633664408360e+03,8.669172365163578888e+02,2.375422174720571178e+01,6.194751035746100598e+01,5.267426756815167366e+00,1.411738206458365674e+01,2.560846072440253973e+00,2.806951914439253515e-01,-3.965717755354436935e+00,8.058844452200315811e-02,2.740228778564577183e+01,8.696397135378411747e+01,5.610354938962934312e+01,1.215057557301845037e+02,3.984351464341195914e+00,2.438032782105348417e+01,3.116152841174328003e+01,1.429005293654039690e+02,3.621383653426275941e+02,9.438041628244251058e+01,1.267788402560605299e+01,5.477970343720496516e+00,1.149732095486381667e+01,5.140910117479537966e+00,2.937101836778488906e+00,1.212757358045284839e+01,3.637460446062854658e+01,3.641873916158824187e+01,3.167463458569174506e+01,1.325078621742988503e+02,1.253078978159211943e+02,4.554171209076099736e+00,4.018784257370896507e-01,1.298033602933518793e+01,2.354559464903142185e+01,1.055515983048818995e+01,1.565968751802427050e+02,3.196211125342265404e+02,2.369895795253633253e+02,7.367857162999149523e+01,1.583292011150989076e+01,1.183449707004260532e+01,9.186851470285136712e-01,5.033142513792000505e-01,1.673544005518272115e+01,7.831960922275021275e+00,7.408755185004840094e+00,1.577982930723342392e+01,1.934835278511000567e+00,7.954525958087490523e+00,1.035009452329149404e+01,3.936258797770647799e+00,4.812564916296048878e+00,-6.169276478130971686e-01,-1.044928654840681537e+00,7.049050278180665208e-01,2.205915192052540774e-01,1.916818523463268642e+00,6.281528159693937852e+00,8.697358574924766828e+00,2.039049824615247175e+01,2.419226341257313706e+01,2.309506403586788394e+02,2.677475161239382828e+02,1.787872044582708142e+01,-4.678507719123292219e+01,-5.394456396500977746e+01,-5.170502744853597932e+01,7.315524511146836630e+02,3.125220951609358622e+02,4.211480934746077764e+00,1.300184537079315739e+01,8.844494845107391257e+00,3.612089033133450755e+01,3.016574989941158265e+02,1.892256259059583101e+02,4.551779891828466873e+01,4.021323107811595321e+01,2.435391546188581913e+01,7.271323516568138245e+01,1.841523486375218397e+02,2.264434499460391592e+01,2.127061614030652947e+02,5.030882248015539204e+01,1.873407754683958970e+01,1.401656138829118845e+02,1.223522301638207068e+02,2.523329611758974806e+02,-1.996422080185795949e+02,-1.311177163146915348e+02,3.591559872996009517e+01,5.616158219951618094e+02,8.773913580985918088e+02,3.527996968430817901e+02,8.702341163979589567e+01,7.107599140334852628e-02,6.875600161899439122e+00,1.421242815769949708e+01,2.096960773490008734e+01,1.709243706059902195e+02,2.716340000029483690e+02,5.524670368176480650e+01,1.983634944734993724e+02,7.397069451944756793e+02,6.578058366020577523e+02,3.861308879000338834e+01,-6.372651140907221734e-01,3.569025607291926305e-01,6.460628273532290855e+00,-6.816569772846100779e-16
3.218098288132403924e-13,-1.907173654199427526e+00,-1.255433879701493838e-01,1.113947585175274035e+01,5.584676392128668176e+00,4.311370313755017669e+00,8.954596314855164607e+00,1.624676000914388574e+00,1.164186741383383072e+00,6.436857942701651680e+00,2.148579189837744607e+01,8.122750244002727271e+00,-1.682925055398359904e+00,1.620330471536772450e+02,2.849595014236422230e+02,9.051215659955747128e+01,7.661283586807614565e-01,1.096938943948052980e+01,9.154210292809169403e+01,7.298496694534904350e+01,1.591162512684610775e+01,4.164664789349578733e+00,6.382514095984465285e+00,4.538496341365642905e+01,1.412682562071582311e+02,6.779778433359462042e+01,1.223238107457957469e+01,-2.899857797717661168e+00,1.094897587251299065e+01,5.473454577832751689e+00,9.885729871912461775e+00,3.784793185511689018e+01,1.647057309491990793e+02,3.766059817454980418e+01,-1.293420101223323293e+01,-1.238992968636726033e+01,2.011502132761351334e+02,2.791508046755677128e+02,4.745852908515218473e+02,2.584210250503966563e+03,8.146081584317939814e+02,2.962731284243380969e+02,1.801134210080489595e+01,2.869867863224116888e+01,1.167554221138138537e+01,1.678028413087589854e+01,2.064151823281381937e+01,7.244878552878994959e+00,-1.990424797567297333e+01,-6.128449201484878373e+00,1.849519025406056301e+02,1.013489596035432498e+02,3.660870331724307647e+01,5.854257295045447052e+01,7.071337835259398297e+00,1.287329757412475431e+02,2.298447989857320977e+02,1.215371900286498459e+02,3.065953420900301580e+02,1.691573513284463104e+02,-6.283694924348275812e+00,-4.253158247892434574e+00,1.382270648569850025e+01,5.719297331906122217e+00,7.774823789603035884e-01,3.651955191882819474e+00,1.321450082040864871e+01,1.159592644291949526e+01,9.782823781414806774e+01,1.651822242994454086e+02,5.110158138004061357e+01,6.391995314516026871e-01,4.439867408167047280e+00,8.327763936184780391e+00,6.207414180255103275e+00,4.355249151214507286e+00,2.122349986225399050e+02,3.350662533504872158e+02,1.646859720649076451e+02,3.304388689703188930e+01,4.859201284796370146e+00,2.525092266062255675e+00,1.294133109150829952e+01,6.150130037574037978e+00,1.165907753666006741e+01,2.185806841895561625e+00,2.610969119552301265e+00,1.087202204938223637e+01,3.779509816748049644e+00,2.705922573990548141e+00,6.445020644446612046e+00,1.607644396404658949e+01,4.847296548239172331e+00,-7.929180817828823669e-01,-1.083752804285079030e+00,4.088802021245184770e-01,2.166346111620219173e+00,1.636295969328533317e+01,3.268929727332186452e+00,2.429906509178792362e+00,6.867285747803271612e+00,1.754643788784165963e+02,1.737532669376304000e+02,6.504451408660169420e+01,-4.729679473784685939e+01,-7.317622530040853235e+01,-5.947686647392311698e+01,-7.248805303643030129e+01,6.007950581065090319e+02,5.193982683471758719e+02,-4.130835437835094837e+01,2.135761376115758381e+01,1.104971860623264135e+01,3.780993893052083195e+02,7.634698063748668346e+02,1.038895184642675247e+02,-7.703057011758646100e-01,4.046515594583717501e+01,2.002778894515990658e+02,3.417353950367677129e+01,1.125399445839660899e+02,1.534487321452375568e+02,1.368257842426148443e+02,-1.971214321732247043e+01,4.594177907811813810e+01,3.645212846720746711e+02,3.644893880010818066e+02,3.760858704885980064e+00,-2.932793038573128115e+02,-1.671650666832319985e+02,-5.450108248344449180e+01,2.549677906939287766e+02,5.789609507821671741e+02,1.298843878554771720e+02,2.112573162469540478e+01,1.270665834659173710e+00,8.833664557043205079e+00,8.652996247893403492e+00,1.043367374713005518e+02,2.350558538439487393e+02,9.655006242867334265e+01,1.526467968638490902e+01,1.613132814494712477e+02,5.401784581589262189e+02,4.615824952734306521e+02,4.877680490960246829e+01,-1.518338194591817514e+00,4.654064396156631034e+00,6.318145263947490520e+01,-9.167784146369976168e-15
8.309619795936747592e-14,1.812810072194505961e+00,1.132009721353312459e+00,1.055742517604464759e+01,6.995326324733851742e+00,4.263219326636747297e+00,9.345409819819582964e+00,2.457197499567662202e+00,-3.813886624267138203e-01,5.807238920386096126e+00,1.455127978753755258e+01,1.072691060511808203e+01,5.287449050881244617e+00,7.216841847026759638e+01,2.601842006295969441e+02,1.461457288612850505e+02,2.204861443362762685e+01,-8.837674753031480535e+00,1.277995093376998454e+02,4.915555372513397003e+01,6.170875889640731415e+00,-9.829837568356792898e-01,1.191819673880818797e+01,4.659496599254277527e+01,1.301983340392916375e+02,1.441033999153060030e+01,-7.363576041404447103e+00,7.301630532603482493e+00,1.496337180647014975e+01,5.838554204963766203e+00,1.072004366588164999e+02,2.006176164435973988e+02,9.252199014960316958e+01,4.398669498984416748e+01,9.982638502760418930e+01,2.848874065511812859e+01,1.561070173648312505e+02,3.091219849625230864e+01,-1.020521543637000974e+02,-7.091507158535740700e+02,-2.193178862620600285e+02,-9.551296932101280390e+01,-8.295949119078505518e+00,-2.542453025464357808e+01,-1.936982439635576014e+01,-2.789599974786873915e+01,-1.967315971960666232e+01,-6.288172228035816325e+00,5.702593619708159167e+01,1.371307779778249198e+02,3.396171707392695112e+02,1.023201267438464441e+02,8.162864745952802537e+00,-3.450435680227061486e+00,4.064966647668130406e+01,2.593888328960017589e+02,2.726961886993689177e+02,8.792779723214025012e+01,1.629515029726059367e+02,1.760868029373475565e+02,1.073371114915290576e+02,4.379342574457182735e+01,-3.313716320696586504e+00,-3.412753669031015846e+00,1.222765068812301292e+00,9.915617671184537851e-01,-3.158181476085456296e+00,-3.722331537452489680e+00,1.003303519683674381e+02,1.488964714690815185e+02,2.047006310434517573e+01,4.391162378116749032e+00,1.319238265533333987e+01,1.537687030837906477e+01,2.589321980250174418e-02,9.485906582406398613e+00,1.610217682196040698e+02,2.483124197983150054e+02,9.275985017970081969e+01,5.732225573119758000e-01,1.086121791419897775e+01,2.333345447610158718e+00,1.993837608852497567e+01,6.645764130735286379e+00,4.828761181909460909e+00,2.451057708870849339e-01,-1.016780953452933955e+00,3.037457406203416088e+00,3.136995998557337018e+00,-1.265906825453308127e+00,5.093731567761276002e-01,1.632369277129506813e+01,3.383881789672934737e+00,3.005987103200189470e-01,-2.076444530633948515e-01,-3.131203833587493934e-02,2.780805386700490711e+00,1.648756226559849836e+01,4.725855180920565779e+00,-6.129373441066089390e-01,-2.850059998795149152e+00,2.859539452927151615e+02,1.283383792604700204e+02,-2.189159496436811025e+01,2.197553766796298191e+01,3.959378911060299799e+01,4.557490057224459434e+01,3.290586600439614529e+01,3.032734528561280172e+02,5.858824954409376460e+02,2.403519493989859370e+02,-2.057860604008977745e+01,-2.134901944017817144e+01,4.409240903946180765e+02,6.953118020671103068e+02,2.157034321921928921e+01,3.297045454570530865e+01,5.087161954562484567e+01,4.409819923070929804e+02,2.942433164299224018e+02,9.564910604642822278e+00,1.609767778967662650e+02,1.533269898353343024e+02,3.048421936430951007e+01,4.969933349604517758e+01,3.519669959357652260e+02,4.346459965691024081e+02,2.899499327306704188e+01,1.211904471814972339e+02,7.590333396356061257e+01,2.831057586913364332e+01,7.152959004278314126e+01,2.899475330412200833e+02,1.082165846538874732e+01,-3.877122068399374122e+00,-3.263445969399257240e+00,3.396372222597346280e+00,2.565741875822511897e+00,1.344605112346824285e+02,2.659331426283913515e+02,3.492233113576799752e+01,-5.482291774467406675e+00,1.113483690270329447e+02,3.383060819251583098e+02,2.259339078582644333e+02,-2.694942838818428754e+01,2.290900573846661903e+00,4.289910911795281834e+00,7.680304435869598478e+01,-3.345044548048940682e-15
3.132595070713719586e-13,4.919805898119445686e+00,6.912796656447218524e+00,9.907486523316581639e+00,1.142195310096686534e+01,3.627897383707161527e-01,1.023371061569914753e+00,9.112314655679720765e-01,-3.407877707060612965e-02,8.464362986572483427e-01,7.403459402819090762e+00,1.522757471332719348e+01,1.019699938992969557e+01,7.097490551000711356e+00,2.066798529428481856e+02,2.312387523094829760e+02,8.916217135827309903e+01,6.490443155617931836e+00,1.187108385542916977e+02,5.307311206280675719e+01,1.539708130885257020e+01,2.847211386126901611e-01,1.393684764197694115e+01,9.457355906362552744e+00,1.670721115433530315e+02,6.209573419604544142e+01,3.407849588974943167e+00,1.916264520351206357e+01,1.140396991346165656e+01,9.655064034088209013e+00,2.384426621317267632e+02,4.277649427749828988e+02,2.083791188172371278e+02,1.562379087099652111e+02,2.808143650334934023e+02,9.256701502665953285e+01,2.916964861095357264e+02,3.398345579342760203e+01,4.003244737226120620e+00,-1.562107705636529715e+02,1.925500809886944467e+02,4.821670467546361039e+01,2.914826048462926256e+00,-4.928392744493436339e+00,-1.208035237000201079e+01,-2.522403396005598708e+01,-2.628604987243775071e+01,7.317145176726342015e+00,1.702503585632831289e+02,3.136962479127974461e+02,3.629312554753751670e+02,1.075960928739008722e+02,9.509449615839807635e+00,-4.326981694492885389e+00,1.113375534574264805e+02,3.354107401069023808e+02,1.220621277955886796e+02,5.881680482714368452e+01,1.797967385225304682e+01,1.018315501915723615e+02,2.623027020032334349e+02,1.251704170984394864e+02,8.547675846429118707e+00,-3.775032891474447094e+00,1.633281303169984877e+00,7.430391270609373322e+00,5.571255140515100068e-01,-2.935113148159219643e-01,5.350661061462876233e+01,1.133022429201507748e+02,4.836884369881492063e+01,1.307365601625512674e+01,1.939676677655035775e+01,2.942278202510107121e+01,6.005066005874554413e+00,1.033373624477692232e+01,3.674104888612782815e+01,1.374635837001915490e+02,1.269197601972926606e+02,3.025472754409385701e+01,2.201799464005648588e+01,1.012027471012247481e+01,1.472833080701916764e+01,8.758082419966916055e-01,4.625407032932708495e-01,3.513024357675453402e+00,-2.555353223817729003e-01,-3.980511392649802027e-01,2.541900729877231147e-01,-5.082895509424911751e-01,-6.920296804250199996e-01,2.286262151773525098e+00,3.758341130490229776e-01,4.354087806994254295e-02,-6.349603988853497194e-01,-6.955216283401116639e-02,6.792277212052612034e-01,2.178820011347256447e+00,8.286010150951462094e+00,8.433147345729109512e-01,-6.535522925493632007e-01,2.999830145797401997e+02,1.413035770638796578e+02,-5.697851076699441464e+00,1.029164604203451105e+01,1.016723674129709565e+01,9.028457495697836066e+00,1.570708991062062054e+01,3.925289528546628759e+01,4.531916069616476648e+02,6.273111585182354020e+02,1.140214336779597559e+01,-1.063360639580888289e+01,1.068784706214695035e+02,2.431335562628386526e+02,2.970867140178894061e+01,1.100296854987069679e+02,5.952419725408628892e+01,5.495179865889845132e+02,6.532760145705038894e+02,1.522757173037523692e+01,3.029517700558797344e+01,1.773536180002812159e+02,2.510576764850499032e+01,7.027088469654376723e+00,1.147819169365224212e+02,2.633334096772675821e+02,3.327989296438605038e+01,2.695638412885010737e+01,1.648595898211797106e+01,9.015170594079902955e+00,7.817868689267392313e+01,2.759624991711490907e+02,1.315179561220634810e+02,9.650529721377845149e+00,-2.313082136434396308e+00,3.745705683648619999e+00,2.290683757737268067e+00,1.033273599752206593e+02,2.424115024795360966e+02,8.731853415847929512e+01,-1.154150331903214477e+00,1.324974346276273884e+01,1.949309592233028354e+02,2.505345844559693660e+02,1.914602341236468330e+00,3.317817385058315249e+00,1.245970053270878841e+00,8.156797442173632362e+01,-7.521147924188202105e-15
1.199348737945068418e-12,6.751219917913806157e+00,1.673288969096978818e+01,1.029651155679164809e+01,6.260083966684698353e+00,1.448196431795551131e+00,4.836152983099432090e-01,1.782449488179973784e-01,-2.899458091149224592e-01,-1.661523175476160574e+00,2.129030714323549400e+00,8.782275539636419381e+00,6.126872475825918762e+00,-8.519648450427959929e+00,8.839427122339616005e+01,2.269476296634857988e+02,2.212564306681404673e+02,1.835071887094890144e+02,1.685116450881670289e+02,1.023417347780440281e+02,1.011780318049076755e+01,-1.573905521096502280e+00,1.293918954589586434e+01,5.144589898918800586e+00,1.885859993414729843e+02,2.827551081561215369e+02,1.663823549412818750e+02,5.389867270251140319e+00,1.670352725136365635e+01,1.712134166140302938e+01,1.653948552845283189e+02,2.743877018197287612e+02,1.698953515880547229e+02,1.112467669160301824e+02,1.759043909681842592e+02,1.655809623705121396e+02,2.553292083434162407e+02,4.176529634330024265e+01,5.544166352240981865e+01,2.670923852848931688e+02,3.943865860994761761e+02,1.362645128867761173e+02,1.438141163104187967e+02,1.916237921437380010e+02,1.987923810600222509e+02,1.892904004238946527e+02,2.079717823748450485e+02,1.490000200133535202e+02,1.282694687054541305e+02,1.939617936969871437e+02,1.994015209796050954e+02,2.137140375018186944e+02,6.797420335991047580e+01,2.793995121884312738e+01,1.959327633214657283e+02,2.736660816670484451e+02,2.927195553418844298e+01,2.857911368405478569e+01,-6.845911809127654735e+00,2.833400531164608438e+01,1.628753284752267518e+02,1.276879916895874061e+02,1.449009317856919665e+02,4.599822245016162725e+01,-9.241651197698063314e+00,3.138326974191942398e+00,-2.348783659473347551e+00,-3.129313716345003105e+00,8.952830443673215655e+01,1.730902508310060171e+02,6.277670455873683153e+01,1.031560265936629150e+01,9.465450752698371772e+00,1.920746444316288759e+01,6.566641767261318208e+00,4.366821672581225222e+00,-6.920189950150843039e+00,1.718643819392129615e+02,3.418583688797253330e+02,1.533505566267682809e+02,5.295839082226176053e+00,4.131372481309948164e+00,5.696028561876526730e+00,-1.046802666153539674e+00,-6.095172787979407092e-01,2.293656842805945839e+00,4.884098200651720290e-01,5.081594950122607202e+00,6.392527065464952418e-01,2.431527685748607670e+00,5.577611414599465078e+00,-3.692085806661134395e+00,-2.858656305135258147e-01,1.007550893404388637e-01,5.663262780455521117e+00,5.395586891045516253e-01,-2.627649139148851454e+00,-2.822458044367969876e+00,5.068586703778479752e+00,1.057273678902076686e+00,3.712773827916453495e+00,2.893046988904034720e+02,1.423703689222291757e+02,1.320688104781591576e+01,-1.621907169329495524e+00,-8.413213939412518272e+00,-1.223398363385737042e+01,-7.587438019249815646e+00,-3.162314679501892911e+01,1.898534630812502826e+02,4.015897838243966476e+02,3.381436394543788992e+02,2.016686267938457604e+02,-1.549416929469832382e+02,4.208856605752653763e+02,2.503463924560718397e+02,8.964726767106384386e+01,3.118865056204401398e+01,2.896429288676890792e+02,4.242975419450283425e+02,2.749180852414610285e+02,5.509665735873217045e+02,5.120548489843168909e+02,-2.342466647159026039e+01,-9.901483036726192566e+00,3.355827004918130285e+01,1.838707804477705281e+02,1.575432028693528252e+01,-3.112800695874188150e+01,-1.936273343344403486e+01,1.686798006918422965e+00,5.787655857949867055e+01,2.657406231961836056e+02,3.950140627034035106e+02,2.032920174998486473e+01,2.561113579248600658e+01,3.024680027366342472e+01,4.179316964206165608e+00,1.112650703249542374e+02,2.606005295948690446e+02,1.016510195216154813e+02,9.203445095033913059e-01,-1.581909524085791929e+01,1.821411019806904505e+02,6.762395913613675020e+02,4.980999685721858441e+02,-4.760640394046568247e+00,8.121172612870866558e+00,2.084743762437933583e+02,-1.691730489465343694e-15
1.610740837717515321e-12,5.262867054194277472e+00,1.889629108244343669e+01,9.401255754616148153e+00,5.935466100290655023e-01,7.669044410128150524e+00,5.016761492490614316e+00,3.871106576510146002e-01,2.140176081965265431e-01,5.446928177565154572e-01,-8.284587274485770425e-02,-8.082069923042645154e-01,-5.848648341705964260e-01,1.060046571334121834e+00,-2.733020693155018055e+00,1.464388411678247905e+02,2.778235233015924450e+02,3.107982479043489548e+02,1.843596664579857247e+02,1.215420657811862100e+02,4.879488648969369535e+01,2.500419618171122238e+01,1.169658770653093072e+01,7.987664572629321391e+00,1.746384389088563580e+02,3.890978894092287987e+02,2.673385171155160265e+02,4.443129309717416930e+01,3.639316177287568621e+01,2.066947609611079884e+01,2.325996670139044298e+01,2.245795710971201231e+00,4.521729704308359743e+01,1.040633283254980590e+01,-1.326358173407091634e+01,1.750656462524232495e+02,1.748078425988256868e+02,2.260691098799995657e+01,-4.556864163973704862e+00,4.292756528559346663e+01,2.117074799679175783e+02,8.507132361828631417e+01,2.289491076119014394e+02,3.024710442203921730e+02,3.298574599499326041e+02,3.250295275481642534e+02,3.602426552568139186e+02,2.286791248568665651e+02,2.114783787995541431e+01,-1.654504653306624462e+01,2.063193513956703740e+01,2.561407635202986057e+02,1.149561001875267294e+02,9.211266290053875139e+01,2.689273606947233475e+02,1.523978779403362296e+02,1.368803033645238010e+01,1.596859084033196474e+01,3.248028055272747139e+01,-3.006217625998170995e-01,-1.329191839945194076e+01,7.006264905464205128e+01,2.240814069883455772e+02,1.093384044159701176e+02,2.292660090850081644e+01,3.259369084229791991e+00,2.077546841630651731e+00,2.241180057462011099e+00,1.632349242796178999e+02,2.631142442819997314e+02,6.181383939276437900e+01,4.672541278433376633e+00,1.340567481720411847e+00,3.628572323568902469e+00,3.275397445260729512e+00,-2.959524486567395932e-02,1.691678606170081878e+01,2.168303072812107644e+02,4.216781358530247985e+02,2.731208519462555273e+02,7.268716829301421001e+01,1.809341378673729395e+01,1.294537661537385198e-01,1.226259568955211932e-01,1.053124880720699708e-01,-3.657618949062983044e-02,-1.528185967545267476e-01,9.441991036288023054e+00,8.489705594538583533e-01,3.102662348258701908e+00,1.006084077140749855e+01,9.473694813554313088e-01,-5.381073526020629938e-02,-9.443888069236440475e-02,9.778473785241232008e+00,1.254267104591973991e+00,1.287548886706530338e+00,4.455361157067607714e-01,-4.757384499559911273e-01,-1.485053488972412905e-01,4.874610045846450856e-01,2.937850629734197696e+02,1.795149578803290069e+02,1.937207631099466809e+01,2.610463126282054902e-01,9.546814431037257132e-01,2.135781168388022788e+00,3.796436678240483253e+00,3.690066809291622008e+00,-1.455114295536033175e+01,-2.415101186916794518e+01,5.250903263931754736e+02,4.127076841059766821e+02,1.636977119011819752e+02,8.069564508908772495e+02,3.916205514862159589e+02,2.264001183684629481e+01,-2.469087890524533702e+00,-2.305751701464781078e+01,2.469828596443713220e+00,4.231428744762428096e+02,9.450820324678272755e+02,7.769481642472849217e+02,3.638094733649495538e+01,1.702990928969638773e+01,6.833874398035659681e+01,2.269225312232436806e+02,4.122285781031670204e+00,5.973535375217388754e+00,5.028057891752622410e+00,1.258161095516344474e+01,8.218022591876719574e+00,1.796089556746088078e+02,5.425837182920184887e+02,1.935221638452568698e+02,1.603275866746610490e+01,-1.623735641770461591e+00,-1.561907303389421964e+00,1.347279592845225125e+02,3.076914332263807523e+02,1.251890098881848132e+02,1.566774122730948404e-01,1.852661304683893562e+00,2.148234737723007868e+02,1.012230337398431743e+03,9.576732904149829437e+02,3.078489093834843260e+01,1.179815708364480464e+01,2.668308557215614769e+02,-2.961709131776507184e-15
7.041868006666114684e-13,7.432255677633046176e-01,6.379199409232438001e+00,5.309273419073353928e+00,4.575283196177492684e+00,1.369587978486990920e+01,6.026143824274501348e+00,3.714664267834320022e-01,2.927118453411874377e+00,5.269237176541357925e+00,2.541698169332770041e-01,-1.903143044268702067e+00,-1.479951159723404297e+00,4.077647306340849376e+00,1.369889766553290933e+01,5.733565176408903596e+01,1.597798786797821720e+02,1.918424136822451374e+02,7.667369328076092927e+01,5.477009009615034074e+01,1.552682845668802258e+02,1.008267901490195300e+02,1.650369882458000603e+01,-5.301568429540908234e+00,1.324274732625356705e+02,1.599070273512013216e+02,1.152447277348650516e+02,1.729123337658643607e+02,7.890880564458196034e+01,1.627793252035923999e+01,1.106780344603298971e+01,-1.346034343068133055e+01,1.334551863436617047e+01,2.517311408561584329e+01,-5.776935017783669579e+00,8.762908507747877707e+01,2.458989720868659106e+02,2.350604878889830118e+01,5.365215864189844197e+00,-7.017406866006955291e+00,5.590325765303446559e+01,2.413985171178359224e+01,9.709380495998692595e+01,1.117934198000753980e+02,1.280229072905340502e+02,1.227965033120571832e+02,1.354395920856363205e+02,8.330946656415051166e+01,-4.679756419343106266e+00,-2.908867657057018263e+01,-4.442959689795690892e+00,9.544311882460198149e+01,8.829577853926313935e+01,1.862961212059531135e+02,2.931039919199728274e+02,7.644624554352589030e+01,8.443062008591212475e+00,3.189037793225980977e+01,3.981553605926631434e+01,1.873728641185971000e+01,-1.678842862174014172e+01,1.706790372777298614e+01,8.966294768911225788e+01,1.355440018268916162e+02,1.322862945403155948e+02,1.825110098301020756e+01,1.633496315091155182e+01,1.726479460832472768e+01,1.732544142637116806e+02,2.746046978042122078e+02,6.368370605280222918e+01,7.855420210811749904e+00,1.153601409388616972e+01,8.156181911563155751e+00,3.797401739077083338e+00,4.712507969140682818e+00,3.808491032779387098e+01,1.294451379348825810e+02,1.704137179585925423e+02,3.137078012462345669e+02,2.831312787825169721e+02,7.425195349762809371e+01,1.335421522142067774e+00,1.327737086484466200e+00,6.786586109044326909e-01,2.246000758110528128e+00,-9.372021917601438545e-01,3.650586599523948372e+00,-1.564962569122220204e+00,9.818366596842796612e-02,4.826624895512734881e+00,8.210237845614894781e+00,-6.959918527410737799e-01,-7.517583973708588108e-01,3.267649446736091701e+00,1.342611415479004311e+00,1.454694925033283859e+01,2.484375446661326592e+00,-1.142952102570514716e+00,-6.023193900224088626e-01,-5.189042690154319182e+00,3.233683635033920041e+02,2.775062164526644892e+02,2.665031405235714601e+01,3.759988329382135674e-01,1.604012863217314067e+00,1.356498076285566334e+01,3.550437439038119436e+01,7.222773388180679710e+00,-2.469571732176492773e+01,-5.316192210909384386e+01,1.988666134674747070e+02,3.979442040573183021e+02,1.051772748951655103e+03,6.875549387407437507e+02,1.983563870495976573e+02,3.644370335499630187e+00,-3.668051771224285051e+00,-3.938509164904775162e+01,-3.935386279038185364e+01,1.560080558490133171e+02,3.991455607634123908e+02,5.722377832214981481e+02,3.008217864505766670e+02,6.020958564961708248e+01,6.910177882436009611e+01,2.809830524480748863e+02,1.529287214029686837e+01,6.891424931876383830e+00,1.062345036561533540e+01,9.358288128696552022e+00,-3.203590891714985123e+00,5.566320468750659245e+01,3.942595374273563493e+02,5.760580803569247337e+02,7.885794668219567427e+00,-7.298888295830383299e+01,-7.531749348312940739e+00,1.150344774627288587e+02,3.133405386937355956e+02,2.036674661047689483e+02,5.598950825212678950e+00,4.908868855804852771e+00,1.901537117366478640e+02,8.155178119888072388e+02,8.387317659203868061e+02,1.315554438418659799e+02,1.666177600766364675e+00,1.031382477850798836e+02,-1.258825055790530223e-15
-3.330606647613414641e-14,1.447136362569894752e+00,-1.927630097794320818e+00,1.398374387192385937e+00,4.854599654461298819e+00,1.068765310809267000e+01,3.216482574906961656e+00,-5.142227965104900766e-01,4.722093989113191448e+00,4.406063354933821508e+00,-9.401231275785917330e-01,1.967816241607027949e+00,1.613132528952486933e+00,6.063887706976205827e+00,3.189021434526541654e+01,9.065068526131106807e+00,6.939894932883245815e+01,7.857857072676547716e+01,5.623128362138220204e+00,8.353384448806064455e+00,1.514232896815996412e+02,1.670492875204866721e+02,4.158833782150549752e+01,6.520421298698575185e+01,8.677991852881757495e+01,-2.045425668610261027e+01,-1.262435132886206191e+01,1.902685896827962893e+02,1.715761579608454497e+02,1.909566800713353274e+01,4.136768738522758326e+01,4.039443265546426431e+01,3.412421675533633447e+01,6.343762699484062040e+01,1.342909484923580088e+01,4.876276441017557062e+01,2.524123580891523773e+02,2.013934666382639804e+01,2.307300126119811168e+01,1.721969324934287826e+01,-7.580605066999140718e+00,-5.457140173877945699e+00,-1.350591255020226633e+01,-3.783765707001617074e+01,-3.629986501514714092e+01,-4.320856936622947586e+01,-4.588434158200777091e+01,-2.637114392961301590e+01,2.749176910771502946e+00,1.365333733660379423e+01,1.631793192013383376e+01,-2.387528571699251145e+01,5.745552101375169229e+01,2.687813307857059613e+02,2.047883348232090555e+02,2.823554032003916348e+01,8.744504460876546759e+00,3.603096538870515531e+01,2.658400132001570526e+01,2.818451972317815191e+01,1.487767584637783713e+01,-5.282303138361094774e+00,-1.285179992183413411e+01,1.310231203712402532e+02,2.195495423462874953e+02,6.025254022498173434e+00,-3.308650144615154431e+01,-3.469959581632344481e+01,9.227486127782768222e+01,2.050460051939905668e+02,5.209709885223065129e+01,9.501354774636553202e+00,1.479481250291764205e+01,1.423683860074682528e+01,8.112410980488400369e+00,1.151918896981103124e+01,4.020657811458954001e+01,1.113134033450183011e+02,1.720849235748294745e+02,4.047657425208900577e+02,3.802058825295667361e+02,9.695747646500494454e+01,4.037208501695908502e+00,6.791020588603963404e+00,6.909073443785708202e-01,4.849373802554238111e+00,2.171905912327449339e+00,-1.336339261287103897e+00,4.303808148641761200e+00,1.959338556120351793e+00,-3.081403297665522012e-01,7.138739231017519060e+00,1.683867998113660391e+00,1.665562335615515810e+00,-2.420208756598887234e-01,5.340720995965798634e-01,1.462640211723600103e+01,2.137407390755107883e+00,1.197953430691724552e+00,1.020331264344218614e+00,3.098305767027899904e+01,3.521937821932521615e+02,2.539532770656016112e+02,2.149080434218877045e+01,-3.016786844481512096e-03,-5.831212604789173248e-01,1.177485031020609618e+01,3.684106228764298407e+01,-1.864743312870382530e+00,9.599397084439837968e+00,2.018377064509616758e+01,-5.979280218220267784e+01,3.146031607209524736e+02,1.113032554803028916e+03,3.397344527826495550e+02,1.243786213309808808e+01,8.919392517932022812e+00,3.099626116990615854e-01,1.439834037418818902e+01,2.203498417046265345e+01,-5.312828467649902109e+01,-7.335972611703013513e+01,2.894557646338006975e+02,5.585352317532414190e+02,4.466915200531138908e+01,1.158109907207810778e+02,2.406730859012085944e+02,1.955669290239524472e+01,-2.494202521153558116e+00,4.804912976225708121e+00,6.709643659108631475e+00,6.064006134047251528e+00,-1.170221838995914965e+01,1.658692716464239254e+02,6.532390310543499936e+02,4.036117640505021882e+02,2.236770840255169617e+02,4.484679304508073017e+01,5.865043559080870494e+01,2.002399116635816938e+02,1.387576863199730894e+02,1.762587053541738413e+01,2.917934099002058357e+00,1.481994971305671527e+02,5.236182684170811399e+02,5.506346739301040998e+02,1.668172502063122238e+02,4.520002496510573842e+00,5.055218571657464821e+01,-2.440897659023948624e-15
1.714741458618161805e-14,6.130894706849207232e+00,3.431219753947977735e-01,-2.997936728263908904e-02,2.058638020538744229e+00,2.349695353974776246e+00,1.054259646828844266e-01,-5.540986805602710064e-01,4.556656227745691012e+00,6.220634365966903889e-01,-1.178567719955544435e+00,4.999613317580922534e+00,1.592563386110477763e+00,7.645592250852025984e+00,1.943204276596949143e+01,8.926756081324212388e+00,7.437862304445445716e+01,7.951302930971134231e+01,2.399611910859586317e+01,1.806150359920977166e+01,2.910377905044525093e+01,1.682556619032806111e+02,1.264708115166395714e+02,1.862728537527093522e+02,5.013303815014567277e+01,2.727957797653158156e+00,-2.849505927717709275e-01,6.893377300439850330e+01,2.457195047538588994e+02,5.026795524087027900e+01,5.195688445455798643e+01,3.960003155134631925e+01,4.423215325794078012e+01,4.516165023147131308e+01,1.403077241537113196e+01,1.838257142860877593e+02,1.494849368438906936e+02,3.726732899879076299e+00,9.895111489911988301e+00,3.214608833333353566e+00,-3.943383109928748631e+00,-2.485548930378072008e+00,-2.196221517379803423e+00,-1.009175384247367191e+01,-1.048417161756100668e+01,-1.320437080034817789e+01,-8.942409358663267582e+00,3.105577033720485325e+00,2.655812553885236404e+00,1.353656381727537550e+01,1.228718315618934653e+01,-7.389473728687270260e+00,4.956941720116638095e+01,2.788924990382361671e+02,7.010786196666109049e+01,4.790036722876767961e+00,1.312489048563717375e+01,1.709045134309886649e+01,1.311883383767917088e+01,1.163080677656782846e+01,3.039971118975217657e+00,4.327664493012914892e-01,1.035685483154275310e+01,1.029245202411096614e+02,2.299589211908439665e+02,3.945182412664092197e+01,-2.056373376516465257e+01,-1.795389035222917684e+01,7.189722218371187523e+01,1.328051116637701341e+02,2.748009411575426242e+01,7.143820289501394249e+00,5.208397362740011971e+00,1.131179945967435607e+01,1.315108154288204290e+01,1.509192672875455798e+01,2.731869715191578862e+01,1.792371785271887461e+02,4.691870823978345584e+02,5.244609443663932780e+02,2.897582303230909133e+02,6.282498091809512886e+01,4.921940578704995239e+00,1.371383987781439906e+01,3.396797389926319299e-01,4.711273434302926333e+00,6.869904247553212606e+00,-4.593330376894838585e-01,1.473091540965062940e+01,7.754548070430542062e+00,-3.217975624966563086e-01,7.624549704944508788e-01,6.025816015019185734e+00,5.597299982621737335e+00,4.397745127705591450e+00,-1.246747751077790095e-01,1.640004401665699385e+00,4.016780906996362255e-01,2.423328168269406557e+00,2.428353337244826715e+00,1.382915363369833983e+02,3.541498350881030888e+02,1.026639316322952027e+02,4.891433875726052705e+00,1.506687774094656040e-01,1.693841570759093557e-02,1.721118889370844895e+00,5.552498786176071732e+00,-1.128397944022662136e+00,3.433704429639972577e+00,5.525697458623795910e+00,-1.681702262370920664e+01,2.886117680494305091e+02,2.985653813487298862e+02,6.571589247323832694e+01,-3.949735168011257791e+00,1.157208406302892811e+01,-1.086940575944036036e+00,3.431664683495557089e+00,5.429431752059430849e+00,-1.454920375710397984e+01,-2.680375662756741306e+01,1.536645166738199180e+02,6.151777857479523846e+02,8.919874974584458016e+01,2.958334546472398756e+02,1.410365313978993811e+02,7.931045036404486659e+00,-6.028456598366277452e-01,5.050130994753936342e-01,9.936737789611923333e+00,1.369994054123207050e+01,-4.124506897170207687e+00,2.303806860268056411e+01,3.357375361309522646e+02,9.175634725635926543e+02,6.797064041098998359e+02,1.370138591318508645e+02,1.165949886085345497e+02,2.305441529371506704e+02,3.149985181308889537e+01,1.667662785085599353e+01,6.561302012028066066e+00,1.371155014563022121e+02,4.066516276180872751e+02,3.815311119890682221e+02,1.246694949506575227e+02,1.262845544184386881e+01,1.539699196779516512e+02,-6.226617943088797271e-15
1.059693137301264425e-13,3.424759824871192571e+00,1.500147789244205665e+00,8.694128120658443093e-01,1.362130460185203340e+01,4.964188891960545469e+00,1.766536407897564720e+00,3.451061565569252920e+00,4.275789500701939083e+00,6.915377386123921610e+00,8.006845150155962543e+00,4.077235503008123985e+00,-7.807248728541974714e+00,4.667405953772787441e-01,4.905416037560242870e+01,2.169009592464804115e+01,4.863274622106570177e+01,6.913083585066901549e+01,2.883339745718972225e+01,1.719174368651578177e+01,-1.244867414546101791e+01,8.209888386456171361e+01,3.066970845976969713e+02,1.767842653185064137e+02,1.868812322718544650e+01,2.575298270770086262e+01,9.372635515043402421e+00,1.936609273728649105e+00,1.530430724275041996e+02,1.220257131004549080e+02,6.346279376482903700e+01,3.523663284510570293e+01,1.447566349788698048e+01,-2.176324881599205341e+01,1.868224689091231312e+02,5.092712644114502609e+02,1.479128375917732683e+02,-2.534338622144867159e+00,-1.103551680282521819e+00,-1.499008595214374351e+00,1.045452266008453712e+01,8.137259160140942527e+00,1.001670066170352413e+01,8.804568415892843447e+00,1.006148446430783316e+01,2.262084603530653837e+01,2.456016013125972108e+01,2.825852593916927447e+01,2.299819605288922209e-01,4.380120624550237096e+00,6.598860336798475501e+00,8.096144409184761415e+00,2.484356339620064347e+01,1.628862342958310876e+02,7.629287827972947866e+01,3.520068467606249385e+01,1.285799019462843340e+01,3.757420495616198508e+00,7.587872315961323721e+00,5.936146090112751850e+00,3.893643881165719023e+00,8.675443318312522578e+00,1.826299127686325718e+01,5.169244913557013632e+01,1.878063262253554626e+02,2.803677927815823523e+02,3.318657196693470723e+02,3.631446053462382224e+02,3.717397437460818992e+02,1.817869437805650250e+02,1.425357794437690906e+01,9.611950342294184324e+00,3.777718605445307354e+00,5.872270896249838223e+00,1.406692940519586266e+01,1.498822575612451935e+01,1.491685167389920252e+01,1.114878471703952698e+02,4.318635771209428640e+02,4.752570350628754454e+02,1.922785257096759040e+02,2.363617552079280770e+01,4.688888750784964365e+00,1.170856351984914490e+01,1.495894073408442215e-01,2.321157340075866937e+00,4.653791054348702438e+00,1.116650151036576277e+00,1.020476749377904291e+01,5.734776991876366026e+00,1.039831417762867805e+00,5.375183075831071022e+00,5.492207141806673576e+00,4.234327438262429411e+00,8.931419898491041565e+00,1.299841878691954111e+00,2.045775270490849174e+00,-8.804218471263199897e-01,-8.294124251295184047e-01,-4.562445270728549551e-01,3.045441616610904134e+02,3.146737340269476704e+02,3.234035347025960760e+01,-2.539104559049747856e+00,-1.001534737932504138e+00,6.147348018345889509e-01,-1.783732302430246719e+00,-5.388215285570388424e+00,4.821324995153552173e+00,-2.727265106322641408e+00,-5.639130042839546775e+00,1.572522393943392238e+01,3.236402123884730599e+02,1.450984837989545895e+02,-2.004517276412585858e+01,4.205846615646536613e+00,5.826590203901599985e+00,9.421164408925395861e+00,1.180837107453984181e-01,-5.514846825889887505e+00,1.487210920759186195e+01,3.350001594120394799e+01,5.887589726097299803e+01,3.923989805999135001e+02,4.538041423793110312e+02,6.172729088276634002e+02,1.452391591109595481e+02,1.825143191107078122e+00,1.675894987119080637e-01,-1.899957372827595359e-01,6.446434960005062997e+00,1.044647454173875900e+01,6.562265009413750683e+00,-1.221604050953465759e+01,8.329538236289118913e+01,5.943625305840145074e+02,4.626232808321062748e+02,1.641691161630765237e+02,5.026416342817026930e+02,8.836744480696139590e+02,2.821950399035766850e+02,-1.625773417385497055e+01,1.181451564411796973e+01,1.704571971364816534e+02,3.729636480979189628e+02,3.007375855701131400e+02,1.423174070607022657e+02,-1.179435171582169239e+01,9.195880319372169254e+01,-8.433636578955786532e-15
6.054414450887622041e-14,8.392344066454024420e-02,-1.815187693461943197e-01,2.286504245620364362e+00,2.720531700232338324e+01,1.542820347971006356e+01,3.772300822512789864e+00,5.756412438588726310e+00,2.683738058157735473e+00,1.131013722128758126e+01,1.734022317998092788e+01,1.500398357503686952e+01,6.384760924076670285e+00,7.265190368456202030e+00,7.549740878677256717e+01,2.744820022753218680e+01,1.134468656818724597e+01,5.423411241007505623e+01,3.879021561540677965e+01,1.480875906192063063e+01,2.055811638770128624e+01,-2.640610467796184135e+00,3.648123640540423480e+02,8.003463127133392163e+01,-1.033338607988042668e+00,1.174149540833977134e+01,4.014712878023030118e-01,4.037536365160095952e-01,1.581575255155710913e+01,1.492035620067642583e+02,8.404514725889102067e+01,3.634609263205196328e+01,6.078451408038122139e+01,5.676428417435062812e+01,3.547517320194002082e+02,6.261897762089755588e+02,3.007081706689957059e+02,2.755392661852555847e+01,3.590545723572340364e+00,3.643208038756043710e+00,1.595927425978447545e+01,1.695358454313414498e+01,3.686983419192269906e+00,-1.164036221883417432e-01,-2.776649142686499205e-01,1.269905874970167403e+01,1.317740000298391756e+01,2.208047994674865322e+01,1.841945803023540829e-01,-2.337740938847483740e-01,3.544998609214709884e+00,6.502442087916326940e-01,-1.341502385974522538e+00,3.559396525461798433e+01,1.522420696219335241e+02,8.113844642796554751e+01,7.829218205862672697e+00,4.882943562621133160e-01,6.633275082000043454e+00,8.382745313771071238e+00,1.480386737081445325e+01,1.062153318847808414e+01,-1.519483750002744493e+00,6.409703677021929558e+00,1.372734433074718936e+02,4.680639814244175909e+02,5.794826090771530289e+02,6.180708010650903361e+02,5.923048532599489135e+02,2.655944264207556671e+02,2.262541438035916386e+01,9.675418177605417114e+00,5.327108892287840014e+00,-4.523739529764462253e-01,7.646637601276712104e+00,1.072435109558113986e+01,7.795443726606683832e+00,7.454349445239050187e-01,2.056687740873160521e+02,3.569667026893538377e+02,1.538412996843480300e+02,4.019362818768163592e+00,4.956488590163317554e+00,5.154114545111161405e+00,-2.927179413315925474e-02,-1.594265862446503090e-01,-2.995106387474868459e-01,1.216443858774082010e+00,-6.841684572507295004e-01,-4.507683789553248443e-01,1.134736587830967647e+00,1.105824159294674480e+01,1.082208054397954200e+00,1.167169955491518918e+00,9.441726235001766554e+00,2.496549449818299404e+00,8.115466547930997976e+00,2.645490806969927888e-01,7.677074417565514786e-01,5.815726735195504205e+00,3.816209512798047854e+02,2.590117485644145745e+02,4.111896877169336051e+01,1.152455710762580354e+00,4.236310010643776214e-01,-1.391573096563162304e-01,1.716745967177173149e-01,6.088164559279896082e-01,9.076566118388813109e+00,4.495959659501475580e-01,4.610980783455008725e-01,-6.994865603166612322e-01,3.217399414564349058e+02,4.275468442391417625e+02,2.099276121792851502e+00,-3.418788736622503932e-01,-1.927104400927076022e-01,1.794176470221938047e+01,8.154995140245326013e+00,4.463897383017295661e-01,-1.224208276715514465e+00,9.724654531200410901e+00,-3.144813007948977557e+00,1.113421336406108964e+02,6.805547155586391455e+02,7.401127165155148759e+02,1.690439245846539507e+02,4.402893744067293724e+00,1.666962966829980131e-01,2.250754420433107139e+00,-4.898616350257066210e-01,2.691092711847582919e+00,7.186288011414064592e+00,3.346302381536420789e+00,-3.497057522687321729e+00,-2.650280143103724484e+01,-1.709323927095759288e+01,1.150710765339565285e+02,7.078397483648542448e+02,1.256392604156465268e+03,5.694013579985436309e+02,7.448198151035519743e+01,-3.013515012422352424e+00,1.315798399322193575e+02,3.280146804045020872e+02,3.079256262572210971e+02,2.290273168796463779e+02,2.727073708972161015e+01,-9.377009445905211404e-02,1.431154662728833898e-15
3.533103872716374345e-16,5.381692650336741046e+00,-1.139873022109302525e+00,2.764837235803812465e+00,2.454985649411489490e+01,2.198854500799641798e+01,1.062587560970016831e+00,2.400782883800782308e+00,-2.569103509680647490e-01,1.929841605855358910e+00,1.571335924762743197e+01,4.426504042087156421e+01,6.193219698721323851e+01,4.357293423034906255e+01,3.788529465226443449e+01,1.998873152585283819e+01,2.103586717353672242e+01,7.506290924520476437e+01,9.742922486784166836e+01,4.073119590446555804e+01,4.116340695213501988e+01,2.030377026438162424e+00,1.345600729939160090e+02,1.741410828825294743e+01,-2.865887331384352699e+00,1.985301773508683310e+00,7.306417961783048476e+00,8.881427022779896374e-01,2.799401671233771705e+00,6.159824347077546491e+01,1.229286934388764081e+02,3.870856722926622240e+01,2.444165218425175681e+02,3.632446060912395183e+02,2.835624371122870002e+02,2.386747303493404502e+02,4.991612224038410091e+02,1.030375020004143494e+02,2.542199168428479439e+01,1.209103695579748283e+00,1.400354038813221536e+01,2.268707522218168648e+01,3.883799333753520600e+00,1.181522694689641639e+01,4.235746282681247976e+00,-8.066512396149285280e+00,3.837362558523046197e+00,1.279280942284515454e+01,3.775627977607933339e+00,-6.029647007889235022e-01,-1.265339431687178828e-01,5.140018534941365180e-01,-1.191557117697604529e+00,2.074015840243684750e+01,1.526854208106763053e+02,9.473044380436718370e+01,6.220826556732316881e+00,1.169515873179778565e+00,5.157129687136775331e+00,4.266703765847850605e+00,1.233610005192915970e+01,8.411233731871421426e+00,-5.945711514265747510e+00,-4.242870206469734562e+00,1.112370399529298908e+02,3.267326761943527345e+02,2.683052350885533883e+02,2.557771220434852637e+02,3.133215879264902810e+02,2.487822836306596059e+02,5.250363165750403738e+01,1.332451438073439132e+00,-1.226165259407844231e-02,-4.648023589849757720e+00,-2.023276616699420494e+00,3.426800086298060766e+00,5.182611071899476229e+00,8.571243322377744889e+00,1.685450050875677164e+02,3.391475095122532935e+02,1.627354446228861207e+02,5.989489080150495859e+00,5.546030307615302135e+00,1.880752326133004138e+00,-2.742677762659038732e-01,-6.157589124823316107e-01,-7.843673505196907536e-01,3.559358886163248581e-01,-1.709425361748646344e+00,-1.628799392041513805e+00,-2.806351186615363980e-01,4.544364232301878914e+00,-1.767956094532936229e+00,2.556345681831342809e+00,5.730082996516954630e+00,9.553789664651266555e-01,3.624647932054299027e+00,4.266130960107632042e+00,8.563873423921576133e+00,2.002153507935514654e+01,2.933681911710743861e+02,2.165614514165113178e+02,4.447359137446844102e+01,7.665376888606055594e+00,6.778394384640804127e+00,-1.247556235211446651e+00,6.490586053940082811e-01,6.961717712499886357e-01,7.607712137858111845e+00,4.626903749040537583e+00,1.039876533862703401e+00,8.539750439386670777e+00,2.060732951537415545e+02,3.769584049617265578e+02,1.116932539812690450e+01,-7.504935097372890107e-01,2.381316107700558682e+00,7.258300501834812124e+00,3.929815469882824708e+00,9.606009949427548600e-01,-2.859458975501009359e+00,-2.077697048366045074e+00,-7.323805060771937825e+00,1.852546307498327849e+01,3.209308302215501953e+02,4.267411082695345499e+02,8.895844031081148273e+01,8.831776202625805539e+00,3.386085302675553965e+00,5.567298165514127817e+00,-1.996420515635154658e+00,5.621840858044014483e-02,9.583679197095559488e+00,3.664459407815250369e+00,-8.189180228004740769e+00,-8.128110114662949570e+01,-6.180400074431196344e+01,3.442228627963343257e+01,2.697930113383337130e+02,4.869265318189798109e+02,4.486930667966694273e+02,3.754036590357140426e+02,1.415772937199381509e+01,-3.160456270472277174e-01,2.345849929823797879e+02,3.612032979469402676e+02,2.949253515769352703e+02,1.670236727805093153e+02,6.025923370076646535e+01,2.884144605693375606e-14
-1.907026904660207151e-14,8.980583982969770673e+00,1.899312993007039374e+00,4.071794106876265751e+00,1.454434951213132443e+01,1.660529090544288877e+01,6.209253258549463084e-01,7.639509778461234468e+00,3.459792104355623010e+00,4.045789419802342302e+00,1.283722573823339630e+01,4.402267526148166610e+01,7.524751551559505458e+01,5.791754193416874585e+01,8.425127747923086829e+00,8.426908613612546617e+00,2.703006490246539784e+01,6.190236326730291694e+01,1.338798651563343185e+02,6.807017579973219767e+01,3.777198640438082577e+01,2.237762064240586923e+01,-3.173596794994759662e+01,3.526198451466229233e+00,1.923280381913976544e+00,-3.278667628888948804e-01,1.005399516132605342e+01,-7.770760855547095836e-02,2.069394769832311809e+01,-2.464855938971018645e+01,2.148690240637861564e+02,7.232314376488032792e+01,2.595292878495432660e+02,3.908801270682018298e+02,1.233801532958488849e+02,-4.919235937461383656e+01,4.099846571509344813e+02,1.804424412739531931e+02,6.313526186216179070e+01,1.043574272736081276e+00,1.303000991098442896e+01,2.395100342071798494e+01,3.237316423993712888e+00,2.594524190844988354e+01,7.632413125810778354e+00,2.200176867905576827e+01,1.279500496620695671e+01,4.378029061527956678e+00,6.316877515476769567e+00,1.405092348969233962e+00,4.436569238722461783e+00,7.923437616126630445e+00,4.648004158309868572e+00,2.382555391676475054e+01,9.849740025126740761e+01,1.006575741885265387e+02,2.692868653182658534e+01,6.379568463071810136e+00,8.516161452174936031e+00,4.786701599708766963e+00,7.267877123874458611e+00,1.041722383907913674e+01,6.700448086661430658e+00,4.751428310792489285e+00,8.678994324874597055e+01,1.575881616577553359e+02,-2.050936769365500112e+01,-6.120400933558193657e+01,2.092860770744858101e+01,1.617522754125897109e+02,9.498976320087786007e+01,6.059370446543802302e+00,3.827812533960802899e+00,8.297416499083501762e+00,7.714043966829325250e+00,-5.963590337574984357e-01,5.986366240826478169e+00,2.584835767774175963e+01,2.081889977972352028e+02,3.520168891575538055e+02,1.622954103163091020e+02,9.544699992843789005e+00,2.466180571851688541e-01,-1.927107320910042221e+00,4.947951530541966347e-01,6.845342242361757146e-01,4.332642505102261010e-01,1.827679398981736592e+00,3.760466617469314432e+00,4.253418811203331096e+00,1.244004886980706992e+00,1.632278607492503308e+00,3.491443807292629042e+00,6.554700509274940856e+00,1.377061955904453683e+00,-2.000109971085053950e-01,-1.136917447159262018e+00,6.831115665533014969e+00,-1.611528134139442159e+01,-2.421503423865850380e+01,3.661730110627603381e+02,1.719538632517466965e+02,3.529672435373037587e+01,7.068049344813704060e+00,7.455716026835770727e+00,2.396419361311893148e+00,-7.050549170269149180e-01,5.137062262893892228e-01,6.140931222272842938e+00,4.130764054491697479e+00,-2.831331568025987067e-01,1.450819581210277676e+01,1.019179778594330230e+02,2.924155512232619003e+02,3.360801310577419088e+01,1.629498114690951238e-01,6.028547517645939990e+00,-2.237342052490010058e+00,-1.229453969601781438e+00,-1.257672218125026331e-01,9.726732757805014451e-01,3.844381448325686623e+00,2.461244858198097685e+00,7.846119324004352968e+00,9.458025971132023813e+00,2.406579606929760189e+02,3.395753283082306950e+01,7.592342527543038955e+00,3.547411067136976293e+00,5.121359928888663759e+00,2.812101230012588271e+00,1.052542168024127832e-02,7.816011196883146717e+00,-1.283820734829389743e+00,2.840070858772640428e+00,2.823445197682552177e+01,2.105298954098079633e+01,-1.020983805567867719e+01,-8.099848640971511315e+01,-1.378013027020878098e+02,1.865394213627219528e+02,5.155002246573975526e+02,3.477605577526736056e+02,2.147710991196549344e+02,2.054537386715286686e+02,2.408569079168234168e+02,1.666020429592294079e+02,8.718295381660642818e+01,-8.156059421415474731e+01,2.677380586051612827e-14
-3.959181671494962679e-15,7.089324559893348088e+00,6.946387169089071278e+00,5.492285008284786940e+00,6.067272637685993786e+00,2.864207760375051315e+00,5.814941105066698590e+00,2.232803924795010886e+01,1.724978731094712359e+01,2.241404217734828208e+01,1.308297525896751345e+01,1.002344055560845426e+01,2.835496866074144151e+01,3.317760188811440969e+01,1.524171856269175152e+01,8.877592817360777655e-01,7.357495047051897608e+00,1.719351577869725389e+01,1.230899369482045387e+02,7.236182350337099933e+01,2.344812119081110069e+01,1.565820362801857613e+01,6.393581358907040268e+00,1.512595613561925667e+01,4.223395836051092367e+00,1.073493246362747094e-01,1.468284039936296637e+00,1.931291854043678813e-01,9.435641250442483141e+00,-1.879408300199146709e+01,3.039235747291807570e+02,1.146790088691345488e+02,6.227129066165321092e+01,7.334036549043780440e+01,1.488034888159233304e+01,1.049459862988083891e+01,6.884019517414385803e+01,2.495401484062065833e+02,8.839270846839994533e+01,6.651317318002038625e+00,1.588819114192540205e+01,1.993515096808767595e+01,-1.811314657721100618e-01,2.481319252478796145e+01,1.831174298658076349e+00,8.211083286655994584e+01,2.941480154559385696e+01,5.050387325676052308e-01,6.076179138758475595e+00,4.004824725353944181e+00,1.562490804151853574e+01,1.674224047083565026e+01,1.021372788759951789e+01,4.635722207766004743e+00,4.756148587140734207e+01,1.200349036551242108e+02,5.157094481047306544e+01,9.301741434918048057e+00,1.391159438551161642e+01,1.092193266511999106e+01,3.708952494985114257e+00,9.673361252344982120e+00,8.276178635327514854e+00,2.035115180031441895e+01,7.910825541959951579e+01,1.219312806354375738e+02,-1.515720577209833886e+00,-1.971496575347521940e+01,-1.847218266945547027e+00,9.090895655014809051e+01,1.213983360103985234e+02,2.201440200244671175e+01,1.682515688968094736e+01,3.015691980913700121e+01,2.901234885009532505e+01,9.882963002401798924e-01,3.134980666831507889e+00,1.067721468466649881e+01,2.335971052349018748e+02,3.476548778174067138e+02,1.347458600144528589e+02,2.962319886392607238e+00,-2.889606082205042004e+00,-2.410584421146077627e+00,6.853070295642278431e-01,8.417662990785194088e-01,3.552092960166847724e-01,4.565055847184131821e+00,7.913253045029968291e+00,8.203937044351835794e+00,2.866267401526108038e+00,6.270226702929025286e+00,1.308784349781026712e+01,8.477295101170328806e+00,5.718627070680384339e-01,5.534963740951487354e-02,-3.785308040386828332e-01,5.360761933987968852e+00,-2.248617909166921436e+01,-2.222313529825355261e+01,5.745482700272646071e+02,1.156658790441728542e+02,2.060541280348904536e+01,6.925147984915380750e-01,1.163533628080296589e+00,9.895238958118831363e+00,-8.603225844415279822e-01,3.284232890213266920e+00,6.414878033472072083e+00,3.564387109038451573e-01,5.143650618699532190e-03,2.655343648405926515e+00,1.137010858388580914e+02,3.267832111048736010e+02,6.596911634784403589e+01,-7.136443160444434775e-02,5.507779269879104156e+00,-7.326377735495578358e-01,-3.902945362048902411e-01,1.842651086268967564e+00,3.030981386263274513e-01,1.291350323872453743e+01,7.273081949875720431e-01,-1.641429891360315141e+00,6.923415525864167819e+01,3.577086108083656768e+02,5.373253558039431255e+01,1.209027760899399118e+00,2.736008943192775322e-01,9.326670892144874880e-01,8.633990834832236061e+00,-1.902562739509177508e-02,1.257658085045032736e+00,-4.907167353633394291e-01,9.570898860052932111e-01,9.532261791056949818e+00,6.383288017509450185e+00,-3.510932642649790214e+00,-2.021467435571277349e+01,-3.669950973117530424e+01,2.354604692641468233e+01,3.553205719170978796e+02,7.734502923923745357e+02,6.612203374801273412e+02,4.300732047848252364e+02,3.363687237681577926e+02,2.155208980691361376e+02,1.061021666370701269e+02,-6.659585090284038245e+01,8.356466563456299897e-15
-6.384895190530159645e-15,7.511911271700919102e+00,6.629849194782098110e+00,3.192500495190159437e+00,1.324354396397502187e+00,-3.495674107236133921e+00,1.283172255998942113e+01,2.864933769113040540e+01,3.579816198232256852e+01,3.018197021182679407e+01,1.009657635218900396e+01,-1.700004269744305185e+00,6.963547669001355356e-01,8.306881534384006116e+00,7.650279348360859544e+00,1.276076429478671670e-01,-2.269129420131283492e+00,4.159162555190182076e+01,1.186989193616857534e+02,5.046397109219731192e+01,2.110059721729665227e+01,1.234005087873238438e+01,2.594835720622721453e+01,1.208737501683726734e+01,2.304875750976094650e+00,-1.157813380362327171e+00,7.557928252007323211e-01,-1.232389551072594180e+00,7.394320117038068574e+00,8.612024387059163644e+01,2.408454282016456318e+02,8.372866223161841503e+01,-1.627450461950350658e+01,-3.412935338908490479e+01,-1.089963262873588157e+01,4.758923196259685540e+01,-3.680416133739424822e+01,3.435650831417162863e+02,5.701949984031303131e+01,8.646733640168836388e+00,1.714435075715206835e+01,1.121181378307554688e+01,4.124885954113259423e+00,1.014641668574691558e+01,1.291651796404508223e+00,5.986371422242684304e+01,2.204095607242411248e+01,8.033962854237771012e+00,5.974164621052770130e+00,5.835734506378601694e+00,1.786526916594208103e+01,2.077373847544438235e+01,3.414093968394978162e+01,3.009985872968312037e+01,5.544549873433780363e+01,1.499270781611880352e+02,2.887550067280720612e+01,-1.143148777507499547e+00,8.698997157739432495e+00,7.227300550155146830e+00,-6.770259047073273528e+00,-9.532935613845516798e+00,-3.610810689759354375e+01,4.517823564700928074e+01,1.482894789005317762e+02,8.653224070835841530e+01,2.630416685623620765e+01,2.116169352913814450e+01,7.175010002543132259e+01,1.359660635239252429e+02,9.034920399339809194e+01,1.727091242038859420e+01,1.621109665846343262e+01,2.654190027483202741e+01,1.927551914409020739e+01,3.870674527363301642e+00,-1.182533848479496186e+01,5.748810560096318056e+01,2.837380534923101436e+02,3.516108424914576176e+02,1.210841220869774020e+02,-5.370111341330172650e+00,1.672092358569978643e+01,1.213291246495382580e+01,-3.184714938529670469e+00,-3.787002947757637905e+00,-1.363310165734015422e+00,2.561407808976406741e+00,3.764469119676640219e+00,-3.628344915514913005e+00,-3.760745643837118735e+00,3.737381906224227279e+00,1.245122647548276973e+01,3.477125184098940558e+00,6.298730031609601987e+00,-6.473015613814330216e-01,3.552506623920922424e-01,1.150802279919883597e+00,1.325544962268972711e+02,2.901477973775411101e+02,4.341674691244702444e+02,5.692896581686048307e+01,6.691066818445746911e+00,2.159060067235780700e+00,-2.250125859986083499e-01,1.270905751852919785e+01,4.601281650810420842e+00,3.129133070565244701e+00,3.874347799087740629e+00,1.555558942704371450e+00,-4.901812394005011786e-01,-1.974664376602812910e+00,2.562865570921263156e+02,2.351001388369077461e+02,4.362268887097868486e+01,8.816294062010058274e-01,2.427181021588293852e+00,6.276558269583376592e-01,2.733039004589292720e-01,5.989825008335090573e+00,-1.831576833404234272e-01,9.259916603066313812e+00,-1.283713831646371706e-01,1.833085475428217137e+01,2.020482194609365649e+02,3.343034996680825657e+02,5.045803519436236684e+01,-7.459877220614133941e-01,1.695088306800608846e+00,-1.141825343983169816e+00,5.959056096897809240e+00,1.278532999070132459e-01,-1.012817070521685014e+00,8.485766377978054553e-01,-9.543881082363409041e-01,-8.106169950483822717e+00,-2.181789401348856128e+00,4.018993497176149177e+00,3.043906749459415906e+01,5.618849965016142534e+01,-1.003755665980028589e+01,1.388842648913129381e+02,5.120222750482722631e+02,5.411947662228885747e+02,1.056525878044646333e+03,1.560905729900366396e+03,1.268304597875135187e+03,1.165909346258879623e+03,1.184408587267296753e+03,9.862159085262969887e-14
-2.119302499207147988e-16,7.657712335299183160e+00,3.414643136791308820e+00,-1.128164808453391565e-01,-1.062955944872174749e-02,4.517951566113552198e-01,1.914023652814897147e+01,2.922573450709335319e+01,4.347922282971332208e+01,2.414305676103711917e+01,4.775677295961667568e+00,4.866652565729761015e+00,1.194599903897393400e-01,1.069018305370166066e+00,5.432349046220029676e-01,3.810270403822787699e+00,4.789229083687835398e-01,7.876743584917957719e+01,1.276472981187273632e+02,4.421891343935809715e+01,2.643946910525002991e+01,1.335150166394054061e+01,-1.378113512027234533e+00,-4.853431373113747949e-01,-3.448784443302736757e-02,3.365115076947725048e-01,4.703264546064092499e+00,1.014801395131537776e+00,1.269043657576157891e+01,2.200235247880019642e+02,1.067025415885443920e+02,2.229366789081820599e+01,2.161082717151042587e+01,4.331172687648928843e+01,8.157376923951817460e+00,1.563040933310454506e+01,4.352364187121976613e+01,4.037387162315599767e+02,8.069003180229285022e+01,1.049951553436050133e+01,1.392199857044736611e+01,4.031426697268528869e+00,8.371149201144513441e+00,-8.379668372892981956e-03,3.686016745482636470e+00,-2.577523800107533347e+00,4.976859548624521068e+00,1.398735124718093026e+01,5.205999266342333343e+00,5.324163458665484683e+00,1.273088924192662752e+01,2.052950533829262980e+01,4.945309713973823307e+01,6.250016450096900655e+01,9.417481027938208626e+01,1.640507412178452000e+02,5.199417227943260400e+01,2.296381544421099008e+01,5.119795197423740341e+00,-2.258431562321879249e-01,1.884150919803671664e+00,4.360988070950542550e+01,2.505008801959293407e+01,1.090501214455151313e+02,2.141574110026615472e+02,5.234249000553458586e+01,2.045302995204464069e-01,-9.622935302866501006e-01,1.494475929469202242e+02,2.397916173012652621e+02,4.966935051177687654e+01,8.331010977899598657e+00,9.544502701441320625e+00,1.323777914565298275e+01,3.962488229120571859e+00,-6.830046951740290639e-01,6.833576169666809363e+00,1.624683762867323935e+02,2.899129908782473422e+02,2.991387068511851908e+02,1.622667642544877822e+02,3.535515161542340934e+01,1.980231801003522563e+01,1.326116242801221290e+01,8.355780015489235879e-01,9.873728773316625684e-01,3.436018389959623609e-01,9.405578211551725298e-03,1.070496415247409461e-01,2.001094548934029405e+01,1.519228254924792409e+01,5.461000407040376814e+00,7.739910165385833096e+00,1.325026338360074663e-01,1.175931396327134060e+01,1.891189390351417643e-01,-2.402280691844445315e-02,1.671096532087780862e+00,3.361556466945915531e+02,5.575655931742718394e+02,1.211224840875319586e+02,1.381683974143605198e+01,-9.014140554611572986e-02,6.243476468934381352e+00,2.004366432734094428e+00,9.387343682735629358e+00,8.645806561670102752e+00,-2.395380948265979915e-01,2.546153845010710182e+00,4.393742351174294569e+00,1.516646005709730571e-01,6.530787733465931444e-01,3.974225250155390086e+02,9.276837300914790774e+01,-1.849475508729866657e+00,2.432109220336202249e+00,-6.556040783651216619e-02,-2.783902808462047559e-02,4.181056438995254046e-03,8.379754646383695160e+00,-1.230283045810365468e-02,-4.112735359181206585e-01,1.267132796703873687e+00,5.223610407942096145e+01,2.904181241287346893e+02,1.822960585293760403e+02,1.997734792329243092e+01,1.357371574792874291e+00,4.678006909957968418e+00,1.475704398523227656e-01,-2.396659900873203686e-01,-3.545396166034650576e-02,3.596952627180627360e-02,9.050093107302248363e-01,7.825533986665828001e-02,4.463947537947254851e-01,9.261754527900224687e+00,1.943664929993098367e+00,1.576629562482838309e-01,8.379796494238927806e+00,1.452469192605399506e+01,4.805215117695378346e+00,-2.022525555688159216e+01,1.115994225360425247e+02,1.313325295331985217e+03,2.335210453126212997e+03,1.963788340005234204e+03,1.909689470300028233e+03,2.099663064725016284e+03,1.380632968478039930e-13
5.013105649075429695e-14,2.647210765044625269e+00,2.701862859369517089e+00,-2.612009181258546642e-01,2.717403597754631805e-01,9.464082640204086516e+00,2.377505193871889233e+01,3.306857085126802787e+01,2.903697076849042702e+01,1.377251836090650627e+01,2.466247022803416566e+00,2.503696104364491415e+00,3.921468929669379433e-01,1.056291392963100684e+01,2.419026820766098851e+01,7.159531929971944209e+00,1.812273603009527667e+00,3.681833121830963051e+01,1.268633168965527460e+02,8.792649958109448960e+01,2.572436502396066160e+01,8.440817012555294596e+00,-7.792769876701540532e+00,-1.410035657365945827e+00,1.128825319201253841e+00,8.908728921594628147e+00,3.480135759277097396e+00,1.095102430832710105e+01,7.091649357428601697e+00,2.875198350741507625e+02,5.804733221265051668e+01,9.662693595498748067e+00,2.970252268899673709e+01,4.254860425076274311e+01,1.724496499810654981e+01,1.949775836414914565e+01,5.511218150725186149e+01,3.544684531328688308e+02,2.572563774741922202e+02,3.315936100510980822e+01,5.976188264836597597e+00,4.067529702432578276e+00,2.351506656026074893e+00,8.916423440272687628e+00,1.252633414365892817e+00,-1.138413921357567382e+01,5.166433622873162435e+00,4.820389325048808793e+00,2.077517465437847655e+00,1.980937056426198328e+00,9.193311697469301436e+00,1.829229602890967143e+01,2.505549564217547953e+01,3.864640296602952674e+01,1.039521764614219137e+02,1.352984048525178480e+02,1.942144636978577523e+02,1.104887708030838098e+02,1.993140532014479049e+01,2.155571014776141769e+00,4.844461097747360867e+01,2.200559768308986861e+02,2.884507206245900761e+02,2.097030601771343186e+02,1.710131410087493578e+02,7.001086295554569006e+01,-7.544583534117437651e+00,2.002282780960608743e+00,1.922884360565243185e+02,2.786949624399583172e+02,5.860708275630964437e+01,1.883319968554567581e+01,1.209577419135104748e+01,1.534468714992520688e+01,1.821107589297606211e+01,-8.444505316065971101e+00,9.897271993282423352e+01,2.540608661919430062e+02,1.786615107469285135e+02,1.372646729941138233e+02,2.485849629228526680e+02,1.504194727070415922e+02,-8.329893805977325982e+00,-1.066957209256509920e+01,1.822893063118912593e+01,2.108952673400994726e+01,7.810526508201191653e+00,3.548261868458077561e+00,8.053945614844264966e+00,1.119588732446528070e+02,7.857052034515882610e+01,2.345676772286547518e+01,1.102070318757521150e+01,7.157377969884878510e+00,9.076596414962898152e+00,4.554472671188698030e+00,-1.666015262235630290e-01,7.546936011896312024e+00,4.106802033873948972e+02,3.555286286675796532e+02,2.664619954276761504e+01,-1.692771211261017913e-02,2.708898587116918666e+00,2.718049997232379944e+00,1.388492464956775141e+00,3.116187143791475656e+00,3.501324135711425534e+00,-2.601713822006677113e+00,7.551848921898443479e+00,2.258205992082984448e+00,3.834895265628755823e+00,2.129615348533990538e-01,4.009282217334297229e+02,9.947007968854731530e+01,-8.816163235178072100e+00,2.912568825546007378e+00,8.088327505045220245e-02,-2.130751847390805268e-03,3.252833899727137767e-01,5.780974949287473130e+00,-4.080954263225237688e-01,-2.142873146768621950e+00,8.828996324802999007e-01,6.595550442281408721e+01,3.363634505440595035e+02,1.152684699360807912e+02,3.403569069423134419e+00,2.659715436139645561e+00,2.797903115075774938e+00,2.822706992721379482e+00,-9.170423163624586982e-01,-5.963672496026541925e-01,-1.757015239633465953e-01,2.939935095995140357e-01,8.856667025789810577e-01,1.725541875971088768e+00,8.114529926544758354e+00,4.327406913212256123e-01,-5.144662254091971754e+00,-4.605369141526205468e+00,1.106895564436596224e+01,-1.265549700138851108e+01,-7.367020479738110339e+01,-1.414771184203303456e+01,5.137417048829587429e+02,9.531999877325008583e+02,8.083750190005555396e+02,7.937763243276571075e+02,8.833022782166140132e+02,5.263390375202884111e-14
6.393813012245549588e-14,-3.620302964526854739e-01,1.653827062760521827e+00,-1.921430945823286718e-01,-6.320867382932185974e-01,1.537067668173676971e+01,2.781516400854109961e+01,3.221911923354674201e+01,1.296538551138491790e+01,5.201525811932571131e+00,8.865613322257456019e+00,-7.647598536580554884e-02,-3.596986653306383230e-02,1.791865675656564605e+01,3.543145815091123296e+01,5.854324560391208188e+00,1.498103909409132239e-01,-5.642671837462700957e+00,8.618967191978411790e+01,1.141333811760400181e+02,2.342957155943389225e+01,1.063793168126393063e+01,7.459013534980542204e+00,1.777472552082706603e+00,1.240047873148290236e+00,1.279153845993644900e+01,7.735812227721271306e+00,1.300468279144545036e+01,3.293123637162865269e-01,2.385511077720295248e+02,8.222846899398220444e+01,1.816720630836609729e+01,1.699730557041605650e+01,8.982606707944897906e+00,1.560857132546601278e+01,2.420648399590764654e+01,6.367503118965663589e+01,2.329953839614360049e+02,3.627568880817939885e+02,1.301974750646594146e+02,-2.882912711565798869e+00,5.170996227509078835e+00,1.365317234681550529e+00,1.340525010743819756e+01,4.309362525681125766e-01,1.408997213515515590e+01,7.831450638449394042e+00,3.456703812069696902e-01,-9.234508844635277436e-01,-6.825455628131686936e-01,8.740648076982568071e+00,1.049090415009002264e+01,-4.595588725921297968e-01,7.953512492127591038e+00,6.816104408916405077e+01,7.312872151815420807e+01,2.074669053747188912e+02,1.243852846143770989e+02,3.961547759337989305e+01,1.295101439487593353e+01,6.605311825352808341e+01,2.530484805568102615e+02,3.443600571154244676e+02,1.949879678946975901e+02,8.236337624223828868e+01,8.496595042393003894e+01,3.827723182571163107e+01,1.702533834397713619e+01,1.459275487568695837e+02,1.909351428341265944e+02,5.679036413815162376e+01,8.498031683200933273e+00,8.788851830906811102e+00,-1.683153437973481825e+00,6.609084518460139002e+00,3.375092540962594967e+01,1.890100196499663809e+02,2.278079555794000726e+02,6.519909185328761225e+01,1.856261254133987748e+01,2.122274131426357826e+02,2.089041913779537936e+02,1.018346940803006646e+02,5.337799704789027544e+01,7.235884572994155661e+00,5.358358809518448673e+00,5.593341488565973130e+00,9.169330075666882962e+00,1.826524278766862608e+01,1.301583233482398327e+02,8.209546379167471741e+01,2.391306500838707194e+01,1.599829722455625536e+01,1.006387089062465279e+01,3.981858222383673596e+00,3.963375572215448450e+00,1.890198702881559223e-01,-1.211119249598737824e+01,4.278035659158796875e+02,1.418434978172550132e+02,3.394194108491226558e+01,7.963884957202195247e-01,4.493042757541211074e+00,-5.509052166309338361e-01,-8.697962947584092497e-01,-1.003449266156724251e+00,-7.094910796514434237e-01,4.015074605246816475e+00,1.177276681020375371e+01,-1.022324021320631715e+00,4.222214050896360149e+00,6.685482235651049043e-01,3.670804458174578144e+02,2.522147088704848272e+02,6.937848798871901757e+00,2.769406628099943646e+00,-5.937148749485414712e-01,-1.765379974134596297e-01,-6.467494698928971664e-01,2.096112240831020213e+00,8.019109297096356226e-01,1.836135366804221292e+00,4.901366324835195742e-01,5.399329308770450098e+01,3.493071166218979897e+02,1.388175105139589789e+02,9.160765240093860839e+00,2.073333442881557520e+00,-3.591453292162436473e-01,3.082487559928635878e+00,3.421207555126379862e-01,1.054758955839381063e+00,6.256779890744184058e-01,-3.857590377448750357e-02,1.567450625082919269e-01,-6.734518721629080273e-01,2.992306265529794285e+00,-2.837561901724753310e-01,1.968568632678623809e+00,2.365971758097483502e+00,6.170819278086705495e-01,4.291664924888499932e+00,2.721572445154722786e+01,1.405301813018228962e+01,-1.343664672652678860e+02,-2.574510031393832605e+02,-2.204305148805595707e+02,-2.183081506054373051e+02,-2.445176653681622838e+02,-5.836098073189222511e-15
1.623498114658713053e-14,1.846474142251165684e+00,-1.073835860245205553e-01,-4.998507541511142960e-01,-1.094040108055788663e+00,1.570167512223454231e+01,2.863624880780090010e+01,2.492088154894652163e+01,1.145685653800650528e+01,3.892480838908508378e+00,1.362112792627149283e+01,3.242429095828099683e+00,1.210211607481455759e-01,1.400417247218138250e+01,1.698912702928394225e+01,9.500306338651676175e-01,-8.698846203328460813e-01,-2.803334709429643912e+00,2.039722336460475560e+01,8.878064614880999272e+01,3.535407967314166910e+01,2.771323606762086911e+01,2.296971392321230709e+01,1.052078304592684699e+00,-2.793404732469959018e-01,7.403578939823054483e+00,1.746766438105918695e+01,3.083612913486727614e+00,-3.704487888755055858e-01,1.148971758172206137e+02,1.238740741106164478e+02,2.251316443854202731e+01,7.584584626237754534e+00,-4.592033878375844508e-02,1.037798930072202808e+01,6.797320843954605785e+00,9.923264859489616185e+01,1.023726332843774998e+02,2.793144024794282245e+02,3.021448102621139924e+02,2.434140708821209387e+01,1.942241648441814794e+00,9.160560201796272395e+00,3.186695447506279422e+00,6.077556412974499445e+00,3.575523473053585377e+01,5.226279453325028079e+00,6.747876744528940485e+00,-9.097959171502500997e-01,-4.197256502329133609e-01,8.914354355071846925e+00,9.247063681134615187e-01,-1.624687650972871156e+00,4.488391206862498706e+00,1.112040956844825956e+01,1.058667701090236335e+01,4.300993724493987713e+01,3.914360743412677834e+01,4.945358313095672997e+01,3.060478827455467155e+01,3.789191392987120821e+01,8.173711302789797628e+01,9.519136233915841672e+01,5.347008314914715044e+01,1.635515915456008784e+01,6.310267905541316225e+01,1.048175686910597335e+02,3.191722210475150945e+01,3.530142553395386074e+01,5.915606851098542762e+01,7.624274316163126741e+01,8.351955194687379347e+00,6.298729809160549253e-01,-1.433766700374984282e+01,-3.486888812252087355e+00,1.248583166924461665e+02,2.169775476747823859e+02,9.811304713603503558e+01,2.083293373867695308e+01,9.871166791014786668e+00,4.431000295690284929e+01,1.524929473883660194e+02,2.970866926190595905e+02,1.775031594336143712e+02,6.103816883508419444e+00,-6.249687615984988120e+00,4.414207403460149060e+00,7.244172391118968157e+00,1.029599294192413517e+01,3.591610588321115927e+01,1.370097503563272312e+01,3.046043021346136914e+00,1.576212454058359924e+01,2.568523187860398238e+00,7.851875027001999907e-01,-4.453362243843307922e-01,2.856397870276974893e-01,-1.228787325570036870e+01,4.657003168041514982e+02,1.639913396289799152e+02,2.337627011614548067e+01,2.137041703548468341e+00,9.419540585324984727e-01,6.609636852958888920e-01,-1.058557297713403678e+00,-6.660563118218038037e-01,5.355193924771400882e-01,1.475233979579854271e+01,1.028393279438171426e+01,-9.901448390891047779e-01,5.474235233358226704e-01,3.351275275465977810e+00,3.271302175544404349e+02,4.195232529218974378e+02,4.057965316262994548e+01,1.191706797705712972e+00,-1.112461644231585334e+00,-3.435232533836666824e-01,-1.096434104808066579e+00,2.490414295069638129e-01,3.003928232407550247e+00,5.677320390792947258e+00,1.279931532306769260e+00,3.473753451036859730e+01,3.402530662045353438e+02,2.007246688754424326e+02,2.325925086601868230e+01,3.841656191317101565e-01,-7.139208078317204054e-01,5.740190824834973116e-01,2.175229249676076393e-01,4.003299112083122502e+00,2.389248479308706319e+00,4.568791261058560704e-02,-5.262549324306956544e-01,-4.669264206711541965e-01,2.149029356338048480e+00,-3.908989671241031583e-01,2.151465007407313834e+00,1.647571803883866481e+00,1.990540333355274916e+00,1.942853739366251942e+00,1.501694563923409653e+01,2.006156056113108477e+01,-4.384834118085112209e+01,-9.263340404251405857e+01,-8.699507110894121809e+01,-8.609486581311315945e+01,-9.515649074164167587e+01,-4.347394771349362903e-15
-1.054620353353115147e-14,3.993516893663582756e+00,1.946642189421600611e+00,2.675311224580171565e+00,5.358608119898500277e+00,1.567416743901785559e+01,1.938017983140141709e+01,2.149421664460399484e+01,2.363701576968585272e+01,1.328831673615674269e+01,-7.562492519417233439e+00,6.579395741167443745e+00,-6.847805442342743687e-01,7.560636057415015543e+00,4.540627725567256689e+00,-1.889123233720671202e-01,4.687000446846510293e+00,1.737033413964931716e+00,-8.503726487501828135e-01,5.025095324827229604e+01,8.114255453699274767e+01,5.323406162722692159e+01,1.210713970906559389e+01,-3.063096750272242819e+00,2.774304611340619342e+00,1.931267845342475642e+00,1.481990518941885426e+01,-2.851897208020965024e+00,1.060565882114179681e+00,5.562412419270111030e+01,1.253663146736008827e+02,2.985470888720394456e+01,1.724528422548684548e+00,1.551479389222935268e+00,4.074530373515866444e+00,-2.065540610080585981e+00,6.512081434331039986e+01,2.316915579872971165e+01,1.236604582821856866e+02,4.611500262142122324e+02,1.551972859117456096e+02,-5.709274860278185093e-01,8.357076960490550377e+00,-4.111131704528768971e+00,1.595237451370802439e+01,2.675206833061535860e+01,9.082504412657366188e+00,4.719138693453208688e+00,3.774383251490066815e+00,2.041007646596790792e+00,4.853013112229523252e+00,3.004609099944024475e+00,9.044044736177532684e+00,9.964648067029072465e+00,-6.507972044943670653e+00,-4.308324495875420546e+00,-1.507767808678880783e+01,1.140123361913304478e+01,4.340235206757092357e+01,5.526888878434861141e+01,3.192076078556447172e+01,-1.069390570131873730e+01,-2.896081769692496621e+01,-1.229103942449060227e+01,-4.443578930707068331e+00,2.803762683506829134e+01,9.086826733237508336e+01,6.156738167011565110e+01,-1.191350473871635351e+01,1.113694223183471479e+02,2.716103791275224921e+02,1.371742830378254894e+02,1.447431471022025029e+01,7.579738347779748153e+01,1.242562459303107403e+02,1.804235261557264209e+02,1.803204918233093395e+02,3.341868010563479885e+01,5.702189316080015224e+00,1.104811967745592938e+01,-2.618271261750254553e+01,6.376790049199900778e+01,2.187000081171308636e+02,1.372353425284797481e+02,1.454515892707270837e+02,1.344915084379756820e+02,4.636248671630530538e+01,-7.078325748792591909e+00,-3.022123970611580290e+01,-2.674573275330930855e+01,4.992053465460316808e+00,4.949431788687453704e+00,9.272705407565311475e+00,-4.019559015053433271e+00,-1.569136659135395018e+00,6.355474003795666071e+00,-1.155147061971744771e+00,1.394046299273943816e+02,5.302663756434080824e+02,1.560518823237736683e+02,1.474642924816515688e+01,-3.014991409677372780e-01,-7.197525099052113351e-01,9.767877044161693556e-01,4.683525158467196192e+00,2.112430160289471281e+00,1.945559429851354341e-02,9.440809757162874405e+00,4.869990543832098950e+00,4.021377125254202767e+00,9.434036212345621175e-01,2.634219649717445932e+00,1.721920676624469024e+02,3.867921381818158011e+02,1.214836668877571952e+02,-3.270396400279669269e+00,5.504496097885608563e+00,1.991235737319572818e+00,5.376836366142438095e+00,-2.119089233336141909e-01,1.664079026550188578e+00,4.049276961380689599e+00,2.282610777598448770e+00,4.466578785888626157e+01,3.200374291087268830e+02,2.372967932134463354e+02,1.598522640171097109e+01,-8.375653498615100168e-02,2.979716765622749897e+00,-3.332163160338358909e-01,-5.373745626251278384e-01,2.637804596453865447e+00,7.967899673313217912e-01,-2.604439699434698552e-01,2.919780164195022287e+00,1.607939030107643719e+00,1.830363188481974879e+00,1.808757920604778580e+00,6.615234644854595114e-01,2.003720015506816665e+00,1.862698344400087747e+00,-2.664888618946885668e+00,-2.362980050092824413e+00,1.043640081635818362e+01,5.036660752648916883e+01,8.780591235743504797e+01,6.887103614213498304e+01,6.903952686148299733e+01,7.678830196498496719e+01,7.305867702731271682e-15
-7.821618502037609331e-15,3.585542580333585860e+00,4.450563982663299889e+00,5.597219702594534496e+00,1.043935639979135921e+01,1.178240731513736250e+01,7.083171648062699610e+00,2.035418807204941771e+01,2.596650375150017709e+01,1.556634818494548256e+01,1.529751536655595157e+00,2.215254855075819762e+01,1.571240317865863489e-01,3.350052503076834221e+00,2.829171253676974196e+00,1.148658949145397790e+00,9.730028630122166788e+00,7.223990809665363777e-01,1.073101658751822107e+01,1.934951315175849729e+01,1.161466330865417405e+02,7.640197075616268307e+01,4.900294305368382730e+00,3.316297908793874871e-01,6.244649793449151609e+00,-7.648008956920291680e-03,6.630587084058575442e+00,1.791013807691714255e-01,2.917202713970092454e+00,5.333797605841466805e+01,1.055119079546856682e+02,3.498123377992734362e+01,7.675398284734238352e-01,7.039037422422748769e+00,-4.898388418514131037e-02,6.116848963334610423e-02,-1.160750249683142332e+00,5.424179450896473575e-01,6.054099189054652719e+00,4.463575337262018934e+02,3.217133450525752778e+02,6.439661791811434455e+01,-2.262456854122481820e-01,2.920957415807373114e-01,1.862396107521213295e+01,4.984544832017140159e+00,1.144720295837429092e+01,2.311799540522570598e-02,8.852185206999491740e+00,4.690456200353728455e+00,-7.251989983415497998e-02,9.250265463119291098e+00,1.509494108269073642e+01,1.110419845492973323e+01,6.090262768185081832e+00,8.839928482276794952e+00,2.453623951205237930e+01,3.276477459486871879e+01,3.269964374229003568e+01,6.283879659344119517e+01,4.082670903467918322e+01,4.469735009044277230e-01,8.639219191155291799e-01,3.041920055966560898e+00,3.939484323284581535e+00,2.987407993275167151e+00,2.889668178741441196e+01,8.889795823135854391e+01,3.686533443259912701e+01,2.421491644885565506e+02,4.243926450460277806e+02,2.377681085553877836e+02,3.038802285743506104e+01,1.556174484388937458e+02,2.309363106071123752e+02,1.567438820868206051e+02,1.118529042300356480e+02,3.530394353895175641e+01,-6.322653589503927918e-02,-2.066346024958745087e-01,7.651222578887222348e-01,6.156460778651540622e+00,5.028352812049161180e+00,1.314754593123643112e+01,2.553178672715782795e+02,2.552316385638305007e+02,8.028120826480908079e+01,5.657609770758915602e+01,3.812770114073943972e+01,1.367800385069292624e+01,2.132398013006393711e+01,1.401173809024133909e+01,1.052699055768521319e+01,3.330616245351584181e-01,1.988813126068267323e-01,1.761818384366769052e+01,1.349717025252142044e-01,3.258678937443677341e+02,5.239063468145510569e+02,8.126569333061800648e+01,1.333069136562007806e+01,3.986834498667560234e-01,1.777446313274783779e-02,-1.917376718471605276e-02,9.380050970154881540e+00,5.352100838313432973e+00,8.129707380665249228e-02,-4.119472141866230980e-02,-7.842544824512090451e-02,8.839358964928441864e+00,3.386230826556148710e+00,-4.749644555848437505e-02,3.028187484522917750e+00,2.788454297201282088e+02,2.515984426771904907e+02,4.893597612663859842e+00,1.019284103250801721e+01,7.105572501294196819e+00,1.088211543583344287e+01,8.716139146077880179e-03,6.709303087771608665e-01,-7.649163722325655335e-02,5.443184008232644366e+00,5.775395569388064843e+01,2.941459255992135695e+02,2.604721266135310884e+02,1.145896076556544152e+01,3.777642239426004078e+00,5.332461118595391625e+00,-3.494591477097036374e-03,5.514518757877177879e-02,-1.725542162941350738e-02,7.241600842202297605e-02,6.492296022510460896e-01,5.615737691740837256e+00,4.809928469462329659e+00,1.319065013822923849e+00,3.661264315138361702e+00,-8.522530304194305545e-03,1.286900862282296609e+00,2.615759206864985264e-03,1.960313655214982187e-01,4.303934733499126253e+00,-1.981150667747758609e-01,-1.166696889846623009e+00,-2.107947673697264879e+00,1.436922882145267533e+00,3.947936533350849153e+00,-6.501823673143173332e-01,-2.971864941667279941e-16
-5.101762129501977818e-15,1.038172160383181275e+00,2.022523252445920239e+00,2.746516944816120187e+00,3.852879432294857409e+00,1.259509224708746711e+00,4.877757085963135175e+00,1.781391126624137300e+01,7.313517041547918929e+00,-1.885674908279818096e+00,8.997531316323879480e+01,5.628003597548939041e+01,6.218638906755451501e+00,3.402106158921535339e+00,4.083931128166096158e-01,3.755938534247628691e-01,4.612895703245293966e+00,5.847399302366730112e+00,8.550836550884884701e+00,2.524287999915304503e+00,8.613465479509625311e+01,8.960580670823667049e+01,4.056171308720558955e+01,1.940193644072249768e+01,4.409977884182088026e+00,4.667287359561954063e-01,7.867871900174479016e+00,8.550393014910353529e+00,4.976982277126036358e+00,3.446199116644879723e+01,1.102719809620569720e+02,2.887088339194147224e+01,6.419873495833998689e+00,1.448775180265512574e+01,6.063406091183778379e-01,4.974595283580265925e-01,-1.079205247205096896e+01,6.460856271482096069e+00,-1.181801012512875459e+01,1.714838090741548342e+02,3.899482904128508380e+02,2.425178328816092233e+02,-2.976135885478764509e-01,1.346077223474586049e+01,5.995198789276342310e+00,1.894288232818753581e+00,1.651765914761528009e+00,4.139618596140619111e+00,8.262668319119319094e+00,5.315976603862013761e+00,-3.212133860080492731e-01,7.029432046150956737e+00,6.408634119705968857e+00,4.118476281096200786e+00,8.902423624068013908e+00,5.682645860316983821e+00,1.676261723769733791e+01,2.051629290683619544e+01,3.064022980666097595e+01,3.298889636206662601e+01,2.639216154298801698e+01,4.035294273484677063e+00,7.278504703393032571e+00,6.598405696835320633e+00,1.089424438309368348e+01,3.768745967264121588e-01,5.781029980631616105e+00,8.741959081034528367e+01,1.336733808522800757e+02,2.265368400365848913e+02,2.493551069770697382e+02,1.068110491515465981e+02,1.638861214745064743e+01,7.160161879127264228e+01,1.029067798453956755e+02,6.204821970774075623e+01,5.411171911492128572e+01,2.459757033784652336e+01,-3.410984090660954537e-01,-1.589903768763889946e+00,1.179926880969042635e+01,5.557239753730654819e+00,-2.217387033154296461e+01,-1.194384020127670532e+00,1.149007736818468572e+02,1.225478187444065270e+02,3.817378138693707967e+01,2.485135783215498577e+02,3.070688908133962514e+02,1.470779847739242143e+02,-2.908243601563631486e+00,7.978254394929242821e-01,2.153406915028951119e+01,1.174622181367359808e+01,5.659280562172228635e+00,1.677523913319512872e+01,1.362408425220084141e+01,3.566172690416286173e+02,3.573059808508278934e+02,3.318311294094383612e+01,1.136537074468310671e+01,1.138282874107241405e+01,1.492348857062182066e-01,-1.633374201726806862e-01,4.440088225228300267e+00,7.204140848036520772e+00,5.369744770809302459e+00,6.823492530172329928e+00,-7.097666498348385034e-01,7.542069011034762127e+00,2.042643864424745992e+00,-4.020110522017389387e-01,-2.062618204703177582e+01,3.060233234797707951e+02,3.999976290099726839e+02,4.517153285032429721e+01,2.750744897677536382e+00,1.244196093991746643e+01,4.924151626893290334e+00,2.065108616721503809e-01,5.205804597019072943e+00,-4.829743760057027546e-01,1.104677379380941282e+01,3.568517092091908438e+01,2.656072563784931617e+02,3.055198351539416421e+02,4.220702150305978506e+01,1.263396521895696978e+01,1.340038988987374502e+00,-4.781170163640854898e-01,3.088452887288799520e+00,1.649427693533739969e+00,5.329676069151705775e+00,4.347316532650537191e+00,1.648130126579975041e+00,7.879435924846730721e+00,1.768026516290319039e+00,1.745077898678969452e+00,-7.391048254367070525e-02,-3.674996451051105506e+00,9.191936984305364433e+00,1.554974310317285990e+01,9.338380736050183373e+00,-9.404871141299370185e-01,-6.399834823494187752e+00,-1.652864648563037164e+01,-6.521262963551385461e+00,-4.468320008806139221e+00,-1.528407157520729420e+01,-9.745241517367600631e-17
-1.125365504848330214e-14,1.139840160504586031e-01,-4.529935895542119284e-01,-9.510962288165197842e-01,2.352965899442344411e-01,3.650340530205168577e+00,1.751410164137233494e+01,2.947351409108134845e+01,4.652069482909429610e+01,1.191151780315122721e+01,1.079007820301669369e+02,5.393708512939011968e+01,1.518242043855599732e+01,1.085914660399749643e+01,9.096570766610168057e-01,3.113597564884580393e-01,-1.404931843363816713e+00,6.769981092708984072e+00,1.229401400273778533e+00,2.188478543029549250e+00,4.022664371688109242e+01,1.037467747816794628e+02,7.006832058712916478e+01,3.171007838446731952e+01,8.884334056412901859e+00,-9.716744028521701049e-01,7.688679877904380788e+00,1.378816552562211584e+01,6.021330450886157593e+00,1.274837475472432402e+01,1.208976949919715764e+02,2.002299096670133238e+01,1.561164303414246390e+01,1.343742034104774952e+01,3.945891177182795584e+00,-1.138961798344513138e-01,5.800318383104914766e+00,9.996804311842977242e+00,3.505380702245155522e+00,-3.556791510521296829e+01,2.821071339404527407e+02,3.727856035868350659e+02,3.895471297136405298e+01,1.313251392753441493e+01,6.165702768128988875e-01,4.261310223642198913e+00,3.968366472009068335e+00,-7.239725561145794686e+00,2.088248049005764884e+00,3.343201633069271317e+00,-3.655658753798227134e-01,1.089446344972189173e+01,-1.377500743954547469e+00,1.140344014455050736e+00,4.393814466357429893e+00,-1.475847965792507432e+00,-4.610706761967063194e+00,1.340531728640076414e+00,2.248498076538969315e+01,1.118211358132920452e+01,1.144018609394821873e+01,-1.578297977783986505e+00,-2.079405666870989489e+00,1.434071589460165441e+00,8.376841437245319710e+00,2.839244591839575449e+00,1.036430600560232662e+01,6.891927977634942692e+01,1.563993827429529233e+02,1.394436618958259828e+02,3.521045135693854888e+01,-2.375313849989371207e+01,5.397301943160326410e-01,-1.351008794349810493e+01,-2.528650192826816578e+01,-5.988476083434891351e+00,1.797245812042396551e+01,7.747555844951648396e+00,-1.861933353613460795e-01,2.159240833274287674e-01,5.813490181894573894e+00,1.318154808407742173e+01,1.796896987307869153e+01,1.759657017902883780e+01,-2.523636696581435857e+01,-1.768693858735811020e+01,-5.196270462934015733e+00,2.721542447273128573e+02,3.576651786139237288e+02,2.480750232932453514e+02,1.277309220569334371e+02,2.021704803245632576e+01,-2.781334627092453715e+01,-1.719589234471502692e+01,-8.163920419831674380e+00,8.452307921671224911e-01,5.650079179376903937e+01,3.211824351586020612e+02,1.819499272748724650e+02,1.263113402199085478e+01,5.903786227917060536e+00,1.814787334070469527e+01,-4.182355827776641083e-02,4.950386022807810871e-02,-1.385424497865655802e+00,5.610499468632086817e+00,6.799725505613241516e+00,1.124956010791335537e+01,2.801671117126524613e-01,5.691360988082328376e+00,2.525983008607892155e-01,1.177796972038802903e-01,5.980008686707524390e+00,2.535536534790905421e+02,4.795097403144534383e+02,1.154137985636530175e+02,4.078342012780022507e+00,1.032646637676357848e+01,-1.230914342956270335e+00,-2.690349216000402222e-01,6.601231623094289347e+00,3.146823799839288061e+00,6.999936280654845078e+00,3.148457801391342770e+01,2.404734423861885091e+02,3.293369203938674445e+02,5.414187814874287596e+01,1.682295047158342172e+01,1.090072708462999307e+00,8.791364215126662440e-01,4.445750855940445057e+00,3.500679103205082576e+00,6.100843974558206817e+00,6.978993794081049806e+00,8.145555549836043241e-01,6.662160303467102196e+00,2.817356449227525594e+00,-5.549871012471362386e-01,2.444348227446421426e-02,8.736488295639579960e+00,5.603036819626567677e+01,5.724407033790448196e+01,1.233662258297644598e+01,1.586396600005247670e+01,1.993365367064384230e+01,1.023432827469915551e+01,1.413392680538503754e+01,1.218716516152122686e+01,4.413137190361202222e+00,9.614410645073708649e-16
-7.395834610409732061e-15,1.738299846893306189e+00,-1.183945759351132804e-01,-9.176450015380400727e-01,6.567487452321700836e+00,2.092427750688916532e+01,3.458615450655944557e+01,4.811101286881583405e+01,1.312547789357928991e+02,5.757908312210758339e+01,3.472039637704809678e+01,1.766379952437729273e+01,2.193368396655020547e+01,2.114667572098035109e+01,6.233874418470346512e+00,1.922759695369848032e+00,-1.109958679389543290e+00,1.373168100003135050e+00,1.887263804305781001e+00,1.128157967008245954e+01,1.893468428448795748e+01,1.083672078432964838e+02,7.448483954962165399e+01,3.763820845328213238e+01,1.980874109106061098e+01,-1.984742427138628917e+00,1.295540270039556185e+00,1.335271714891830541e+01,7.770678462151153099e+00,5.080207770649701615e+01,1.212643270644625773e+02,1.544266001897541329e+01,2.107962108160599257e+01,2.885452740542673311e+00,7.328195412947486886e+00,-1.435148308400753959e-03,1.241578244279779319e+01,1.579274120809185833e+00,1.627392921731105835e+00,-1.504517708865856385e+01,6.607388885750646068e+01,3.925899603114929164e+02,1.487883913908661100e+02,1.138935516304094564e-01,1.090224554215475905e+01,1.045204029429381842e+00,2.292588046943226132e+01,-5.064761633657306916e+00,-1.967691198375767669e+00,3.108797120072475995e+00,-1.006142795858029793e+00,2.213920889159670580e+01,3.468908551772911242e-01,6.638320611284542316e+00,7.038942976442095212e-01,-6.805518184450848329e-01,-2.548407379892525082e+00,-4.409194801044729051e-01,4.432664001687010469e+00,1.717600658672093772e+01,1.075761024270673261e+01,-1.512453397625161067e+00,-9.680742039628390527e-01,6.825801086933602768e-01,1.090311581476618885e+00,2.163379990589918145e-01,1.695239554311975638e+01,4.602873539143373449e+01,7.684680244655228876e+01,7.609782784681570433e+01,-4.425806935183178581e+00,-1.191061518277362907e+01,1.085644284694549322e+00,-1.301112129872520118e+00,-1.130711890080467619e+01,-4.405077248393917344e+00,2.160455526878854560e+00,3.843850697185393628e-01,4.337419031181228291e-01,-3.350559150819381604e-01,4.774714267821997815e-01,2.377300146510700873e+00,1.277116785055685177e+01,4.190031163307072148e+00,-1.236155984864443447e+01,-1.070496332975914022e+01,-3.269579061106555606e+00,5.809356637549872460e+01,7.799413256463736843e+01,2.321383675050134059e+02,3.683776694644925556e+02,1.004965582406805282e+02,-2.795021211477353518e+01,-1.831831666810912651e+01,1.781517907780916010e+00,7.367489647089279892e+00,1.787098854110965647e+02,3.215102332526104192e+02,1.019640171675575431e+02,4.057931327805632371e+00,1.633938801253414785e-01,1.287021605284906300e+01,-1.798767040409343654e-02,2.823746315662955045e-02,-1.144894842256539258e+00,1.242079591817942141e+00,1.436750195394191687e+00,3.101670533937803231e+00,2.718979249647831553e-01,7.204681647376618869e+00,3.606451545320286112e-01,6.018591345548297139e-02,2.766928067335241437e+00,5.113299076091221451e+01,4.235171730472694662e+02,2.287892221169779532e+02,2.901354147998208433e+01,3.270518658310111348e+00,-5.836920225697833642e-01,-5.091722628538883910e-01,1.530346572285334661e+00,7.524372261710404963e+00,-1.803977924490325568e+00,6.842087495974112699e+01,2.561200535529296758e+02,2.970065935228232661e+02,2.421157000978155693e+01,1.185176380705610377e+01,6.913573214590637228e+00,3.674317983038915880e+00,2.368280898797139766e+00,2.585661028036190245e+00,5.199017141812141141e-01,6.132112044071093671e+00,6.023135405762046091e+00,1.359619968105824306e+00,3.361939690706759354e+00,-4.732100005126899100e-01,1.746275173729627470e-02,3.398471466197291591e+01,1.175107261761498449e+02,1.137698468661161826e+02,2.985467152226702225e+01,4.051819668600140290e+01,3.422798986399698862e+01,1.237611603603944488e+01,9.813020770689060868e+00,3.535399187609550964e+00,2.102275014610717641e+00,1.191373686060411971e-16
4.906411042403986670e-14,1.821404159287268509e+00,-2.812622271286586151e-01,2.982745960547608544e+00,1.100670268429188070e+01,2.422716078894815794e+01,2.942159195646155112e+01,3.153715742876661920e+01,1.015272932841986631e+02,4.858430936427868119e+01,8.354023175234191001e+01,4.357736856452224572e+01,2.082611046586431414e+01,1.987612327092110576e+01,1.079387364952874684e+01,1.501663427151016306e+00,3.079596886529084809e+00,5.494442022579593576e+00,1.032229366429575990e+01,1.169785399061770192e+01,1.410088294456554969e+01,6.315592078324271341e+01,1.026023253520950078e+02,7.675121131571825117e+01,1.882784476623596959e+01,8.147051267784638284e+00,3.150507365054568965e-01,1.364256413492375941e+01,1.505050093713911785e+01,2.302112801118835250e+02,1.201973129548046444e+02,1.371343534196390657e+01,1.273008574370099133e+01,-2.314529080587048870e+00,8.945251912455743692e+00,-2.028923583093772132e-01,6.642763401292874015e+00,2.122683837549474095e+00,-1.141438937140262677e+00,1.598597828613264937e+01,-1.658803807863772306e+01,4.361399592876644533e+02,3.475332423863877125e+02,1.315709289664323123e+01,1.502645629763027912e+01,-7.109942661786993190e-01,2.480739289347673093e+01,1.114929724574932379e+02,1.055794405758319954e+01,1.425244549357351431e+01,4.788844502161270889e+00,1.591306913370387477e+01,1.622818768430759784e+00,9.179295144529897144e+00,-5.264952209769101499e-01,4.590247861896204484e-01,3.728503037019562427e+00,-5.705331399510449319e-01,-3.213886288838504246e+00,1.337687872656738364e+01,7.539753587214305774e+00,4.754712359024551027e+00,6.896938507319471112e-01,-3.558640219664526150e-01,3.190002125636280716e+00,2.217000925477846440e+00,1.357341423043420647e+01,2.014176262636981463e+01,2.217692057292591201e+01,5.482054809063304646e+01,3.573544978282590279e+01,9.799545624195642901e+00,2.130964824434722793e+00,9.570493071231265247e+00,6.217278683304380493e+00,2.681067647841135493e+00,-1.474890822858449191e+00,1.665908207644041683e+00,8.270955309948373468e+00,2.293883144815224817e+00,1.494135290537697225e+00,2.002742488403742360e+00,7.886964379987703389e+00,-2.371330193983680057e-01,8.764063777484945916e+00,7.253232121977684521e+00,2.290886906745729590e+00,-3.699867199300153686e+01,-5.267086762666249911e+01,1.209147492017529402e+02,2.797493984380514007e+02,1.971089187935139648e+02,3.543771003509712045e+02,2.202816134138099358e+02,1.580893334204474456e+02,1.121190329571379038e+02,4.482889771379305444e+02,3.723891164757170600e+02,7.013041497693488679e+01,4.520966141914209424e-01,3.389580509453291590e+00,4.784392253889280688e+00,6.951678419349454664e-03,-4.063471441185686345e-02,3.187920246042813321e+00,-1.329861294786750081e+00,-7.176020089243279054e-01,-2.315258817810552205e+00,-5.774918560160455794e-01,9.520520501635328259e+00,2.604743367945989152e-01,-6.403797684816797675e-02,-1.903737559882727970e+00,-3.428204989708561357e+01,2.276537486427440626e+02,4.141018990240556832e+02,7.851752908153275712e+01,7.668098680484822793e+00,6.151957703930437393e-01,2.278270251297103588e+00,-1.268107952081523937e+00,6.751216548290631891e+00,1.489880194188160978e+01,9.705595094107395937e+01,3.796395972223708100e+02,2.152574501512583822e+02,1.911121734072336542e+00,4.343942545938043409e+00,5.802239161752249963e+00,2.213235479645773385e+00,2.473118293286762637e-01,9.960995926445657123e-01,3.101365942278110133e+00,3.373492522217219403e+00,5.652973121343976004e+00,-9.682302866779763928e-01,1.965190028321972981e+00,1.369453689645583783e+00,-3.648505098954415299e-02,2.571572520302995457e+01,1.034185438896369362e+02,1.374244112170403298e+02,8.801634119731083672e+01,4.162988826621379701e+01,2.477219138281213517e+01,9.355970049441291181e+00,2.021658106910129149e+00,-2.499941423492820558e+00,-1.686379732917074659e+00,-3.165132380004040038e-16
6.231874714664349754e-14,1.334540058576907592e-02,-1.218419401913094051e-02,7.048581087393992917e+00,1.414441969996323500e+01,1.768199637158658533e+01,1.309858931809314875e+01,3.773285418690076054e-01,6.957918990405011606e+00,4.712615717674033533e+00,1.678056487944650996e+02,8.160159913065552928e+01,2.441123401658434133e+01,1.575561950945797207e+01,1.265396764325673828e+01,2.508564703045489175e+00,7.584526564117150649e+00,1.346547083575647363e+01,1.599881595941386436e+01,4.504178127519579355e+00,1.287738820787901339e+01,2.099878249680427800e+01,1.209831969654705830e+02,1.298819480919793250e+02,3.867186155918143697e+01,1.065908093759697550e+01,3.558929065122752589e-02,4.067405791388322811e+00,1.438521358870255362e+01,3.672467042915381512e+02,1.121475531345770378e+02,1.137199804452369811e+01,4.387089645548330474e-01,-2.533728304065152592e-02,7.408860327071635332e+00,-7.108496931145771337e-03,5.318897465635961594e-03,9.356004564922592692e+00,-7.255985799457285480e-03,3.344220567553722656e+00,1.558171381144760126e+01,4.103762032013522116e+02,5.543107112106814611e+02,5.859942895847760269e+01,5.083938310632742485e+00,-4.519281386102551833e-03,1.046273526923477704e+01,2.187713778809973633e+02,2.641574298768113138e+01,3.023479048330294816e+01,1.197388930340702551e+01,7.093014077506069881e-02,1.306297145492416045e-02,7.422402549266258198e+00,-5.196085827624542276e-03,2.395495820210672908e-03,5.076606413243293758e+00,-2.960707248707364694e-02,-2.752203462519618379e-02,5.970216182234245467e-02,9.469383149340911965e-01,9.428948127156420611e+00,4.689511064752111165e-03,-2.186514792586864361e-02,1.007068233784542244e+01,7.176204302058954099e+00,4.344463481233503899e+00,4.524297542408978190e-01,1.704393482330801390e+01,5.234251440092119623e+01,6.324879725521415708e+01,3.702508532550011111e+00,1.159957609900830015e-02,3.839404559880828932e-02,-9.374392826441913656e-03,2.607104449090852150e+00,1.572776833496071891e+00,6.560411149832670930e+00,1.528387207557789651e+01,5.210161135256927700e+00,5.332924739204584874e+00,9.231565636016457077e+00,1.184858593674226945e+01,6.664650324814694216e+00,1.722333412276115139e+00,3.708869630206489132e-02,1.391243344791341999e-02,5.618640519143628609e+00,-3.362797697886367176e-01,9.513259065293247829e+00,1.170377999261414637e+01,2.174497201328883875e+02,6.819489620863179198e+02,4.242885578264126138e+02,2.852486202938359838e+02,1.949434432123903207e+02,6.148304650619495533e+02,3.835443466124751239e+02,5.573000312212820262e+01,-9.868042780482321613e-03,8.792689914607633384e+00,1.345735646808749603e-02,-1.174649463088751450e-04,-8.527201987317764315e-04,6.192785855380073201e+00,-2.254782796611580487e-02,2.598461899866259459e-03,-3.467905535463635530e-02,2.686716862356294477e+00,8.954376947796411912e+00,-1.419826857537063395e-03,-1.029883735319833118e-03,-1.104704890563307923e-02,-2.177497420070913237e-01,3.195753979459710692e+01,5.341397926796704496e+02,2.197294689715193385e+02,6.054757540799871052e+00,2.432908317107559615e+00,6.200028381508292163e+00,-1.469450551790131738e-02,2.902367073173589773e+00,4.102853350167638524e+01,9.993584469292034100e+01,4.988725998659309653e+02,1.196652249927033438e+02,-2.321279461766778685e-02,8.100522841952242925e-03,2.561905045877308287e-02,-4.322201034029788010e-03,-6.192948743927403389e-03,3.541285589601131725e-03,8.678896011561572976e+00,2.233328931900272277e-02,4.247204748897893123e-01,-7.752101838651302874e-03,7.817063123270167474e-03,2.859600191034119110e+00,-9.235858359946088128e-04,9.911272569481363592e-02,4.956835852551652977e+01,1.313433637480518144e+02,1.366700514198706173e+02,2.132031910813157793e+01,6.120352623550441962e+00,7.293979609239448436e+00,-3.659557718188559535e-04,-1.791539381302961406e-02,-1.676610671377068082e-02,4.423437405824537211e-17
-3.521415849983807027e-14,-1.189520378708279980e+00,2.984916619923848824e+00,6.847199987311654468e+00,2.125335444610167812e+01,2.063697070003913936e+01,1.225363411774526945e+01,3.005361443989701398e-01,-8.357317874044706940e+00,-6.690232439780644524e-01,8.672418315828961966e+01,3.646763181746697313e+01,4.817487865741106390e+01,2.409928754816825247e+01,1.245888292626131744e+01,1.002457238431970765e+01,9.165887564312813041e+00,1.074015380683874810e+01,9.164160452071451246e+00,7.414771398798283286e-01,5.870846941052488610e+00,5.489069172438317423e+01,7.077185250983944798e+01,1.458278435205894255e+02,1.103551187254250863e+02,-7.459435468276434555e+00,-1.038266509726149867e+00,-1.546032399260827539e+01,8.778955369430376798e-01,2.484820577797024441e+02,8.848956741121315872e+01,5.500027155644634291e+00,5.615912089218569880e-01,3.358176748480774521e+00,2.705311766181197619e+00,1.678387001963922209e+00,4.886749729645696760e+00,8.963439821903497418e+00,2.462809321288965403e-01,2.181068749363384462e+00,1.206631568548718647e+01,1.683500777522773433e+02,6.303505176350323609e+02,1.369656048827239658e+02,-5.683222522943005117e+00,1.298616438799595985e+00,6.037668259834265250e+00,1.264095415400929454e+02,2.403483675081165671e+01,3.539860688678322020e+01,1.059951168488680651e+01,-2.318740316111535638e+00,-1.122110336335069958e+00,6.230281986018185947e+00,4.714533542537984734e-01,2.065350090413976738e-03,2.378003217160834737e+00,7.305009090523269855e+00,2.718077360672249476e+00,-2.026767992452850997e+00,-6.636794245531983938e-01,4.426677561970603136e+00,-2.078745253825397821e-01,5.861565672386846337e+00,9.130039289478203202e+00,6.781021430635287395e+00,1.371470503633865357e-01,-2.901281549475405619e+00,2.080548554391794980e+01,3.563868818262361060e+01,2.953033235665481371e+01,-8.821016158638075866e-03,-5.361586537233602456e-01,1.879561797878653628e+00,1.210493616691744023e+01,1.255590135335828528e+01,7.063490901341837436e+00,9.474838747668936634e+00,9.813017628648005086e+00,2.424505171968952322e+00,5.218992371951518550e+00,5.389842255653196190e+00,7.169110485522902643e+00,3.914638950533587902e+00,3.679815984859548195e+00,9.282189190224012787e-01,-3.684169685903173064e-01,1.280206466205061666e+01,1.167954759791912345e+01,-5.321330755578388860e+00,-2.519717934488340916e+01,9.648868612784083609e+01,3.279112793484106305e+02,1.994112534903340759e+02,1.383058206493825821e+02,9.283224151495136311e+01,3.993017136546167194e+02,2.693056594628470748e+02,4.621778958802531889e+01,1.805764714383204517e+00,4.282986252012842776e+00,4.329519894582960909e-02,2.942967617798435409e-01,1.237957336727791707e-01,3.122907801000485151e+00,3.923933458535714625e+00,-1.230778831185989741e+00,5.898034750926484548e+00,1.314112938518762341e+01,3.475081447277748037e+00,6.496805777168296325e-01,5.613074168546042797e-01,2.066408314121755962e-01,7.362565067549398101e+00,-8.604624734549777276e-01,4.196318522403321367e+02,4.772554170338891026e+02,9.265867676490834981e+00,5.471334349164166611e+00,5.953315238417836497e+00,1.557264931216423953e+00,1.654561679138998764e+00,4.376278771371934795e+01,1.002641871366575828e+02,4.525687263406781540e+02,5.363234958128175123e+01,4.725802727050509411e+00,1.637854224748411802e+00,-7.741391921311360225e-01,3.355077038317695326e+00,1.799137754514593013e+00,-1.202875205117214241e-01,4.322256315369676472e+00,-2.072370447359118906e+00,-1.673514042028761750e+00,5.179899614837716326e-01,-2.087248688523947737e-01,1.822896378085506530e+00,1.417188142715366805e-01,4.405050370449620223e-01,4.691364464293299363e+01,1.279156442259703113e+02,1.141298256853985436e+02,7.242017606729985069e+00,2.083272487039451004e+00,3.087469865232092658e+00,6.860105806492955427e-01,1.589674829638819897e+00,2.907927774837811619e+00,3.581144227118444376e-17
1.517519543698558564e-13,1.431693115398993577e+00,4.280338905983433584e+00,4.023849941785663020e+00,2.045341241015603373e+01,2.212851350768620406e+01,1.519301021189663814e+01,8.125986588025520874e+00,7.541022725386252290e+00,2.838138546191262890e+01,2.811576667712363253e+00,2.795778094023095761e+01,7.209121666184076105e+01,2.510573287703219236e+01,1.029007313052253991e+01,1.612869969989403529e+01,7.022158217091882371e+00,6.361397770140272634e+00,7.134012462264294641e+00,-2.011381806535150474e-01,-3.699986965615346679e-01,7.159709629730578229e+01,1.760562361903498640e+01,1.047688543950514486e+02,1.222718684457214096e+02,4.118979759249644701e+01,5.354267810717460208e+01,4.222727073966123612e+01,5.141835850240664030e+01,2.299147480246340365e+02,7.074150818292068266e+01,-9.983644699436757808e-01,3.310172290791459027e+00,3.240392901919450619e+00,-5.427029007403465499e-01,2.372547105002040357e+00,8.158469335940720768e+00,4.407309546370569819e+00,-6.307423873149191340e-02,8.934435717934301024e+00,-1.158592751632696816e+00,-2.506051783553955659e+01,4.595631426449065202e+02,3.152609929693861091e+02,3.874712054828867736e+01,9.646441278233984562e+00,4.191664104872634766e+01,-2.703300880189815558e+01,2.177589839135368521e+01,2.076708765961162229e+01,3.984354535951287080e+00,3.044214028715974685e+00,1.600474891136808742e+00,6.071780026168454469e+00,-5.363160427532788210e-01,-1.179426285397228297e-01,-8.089217473886265442e-01,9.700038043679279909e+00,2.988770591681748634e+00,5.196488614488189439e-01,2.599342594986520094e-01,-9.648219246705110885e-01,1.218282571965209476e-01,1.141415321860823440e+01,6.063852909437023264e+00,-3.472460528103475941e-01,3.104931825256876388e-01,1.383560028976670742e+00,2.680357289842789825e+01,2.391179728593528964e+01,-6.906265385524068101e+00,7.492525780854707163e-02,3.464275343184300415e-01,5.041640547405336292e+00,1.810737510969625674e+01,1.481604223905207895e+01,7.582299177899922249e+00,9.960957686767251573e+00,5.282754888614943134e+00,-4.128116345552688138e-01,2.685850301544566054e+00,1.428777935179537106e+00,5.466433142148613422e-01,-8.759718992262069959e-01,6.445820709756269196e+00,3.778862630484459029e+00,-5.182099686912566144e-02,1.848094165977348102e-01,-3.051894473229336491e+00,1.134339642229659617e+01,2.431309487069328767e+01,-9.946229901641196136e+00,-5.789238094868232309e+01,-4.363357170688507836e+01,-1.930295584416224131e+01,-1.474211989577558235e+01,2.347910128414834219e+02,2.158106989358150258e+02,2.878076408738976966e+01,-2.453895229434136738e+00,-8.534494263578307205e-01,-7.152935741449916174e-01,2.066576175439339025e+00,-1.652861884551575788e-01,-9.549578088106702722e-01,3.178115723625611899e+00,1.995030412374911410e+00,7.142715343050667798e+00,1.453625282462170709e+01,-7.167902450534613390e-01,9.406712161009797013e-01,3.211211212444729846e+00,1.915375386441223182e-01,-1.845826765475967912e+00,2.200249181157182576e+01,2.062035241556559413e+02,5.309502189107688537e+02,2.297866300032110871e+02,-5.618156522730832769e+00,-4.544956704644561363e+00,-1.871715003400359789e+00,2.065404750041508475e+00,4.789921078071894556e+01,1.859945405635906468e+02,3.528136049988406739e+02,2.612612022932817979e+01,6.093949189524797028e+00,4.925125434553451420e+00,6.391120246236524360e-02,5.165939022866566255e+00,3.800593774144775949e+00,3.093950168764064007e-02,1.141446569131163713e-01,2.483577055704424108e+00,1.664381896439840913e+00,-4.915939056750266434e-01,-2.624424147387536405e-02,-9.533454506898538794e-01,-1.893324068266461768e-01,8.994140709624934615e+00,6.846939199308275192e+01,1.382131519276159111e+02,1.113029630011612312e+02,3.840979966573101478e+01,1.249643269786004041e+01,8.776738228794231489e+00,-1.062964156366428936e+00,4.543226762383652861e+00,9.115324131188376811e+00,2.837083082451020396e-16
5.924799726626385113e-13,6.493621677968357986e+00,1.971698776979177614e+00,9.607415835909508539e-01,8.181750820153695258e+00,1.406831755261875294e+01,1.066716391997036695e+01,3.612002668141697459e+00,2.765109573724955361e+00,5.859697962588619902e+01,2.670718436126617590e+01,1.002399729441516314e+02,7.542774977123883673e+01,9.614244758436090166e+00,7.667025838052113684e+00,1.539402214301946614e+01,5.096498599947733688e+00,7.527267934773380631e+00,1.542905445436164769e+01,-3.008929300759657921e-01,-6.747153459675314657e-01,2.257871753303631834e+01,7.979890053182352894e+00,3.111005547357584788e+01,3.838933285090413250e+01,1.463127413824971086e+02,1.457656987536109625e+02,1.605057479530517526e+02,1.510711395059486222e+02,4.109167815930148322e+02,8.072214454457682109e+01,-9.283518281498878144e-01,9.283807740194920388e-01,2.298950308313625623e-01,-2.427372256406722661e-01,7.624564427950216716e-01,3.187677443341128569e+00,8.912917815101549790e-01,-3.369888451497213278e-02,1.072767478560336230e+01,8.505326548511799700e+00,-1.422895184547346936e+01,1.200669283018404769e+02,5.105505413051724304e+02,1.516704882659693396e+02,6.251459748261721927e+01,1.035484266696057887e+02,-1.945479859373329390e+01,5.709145463266884235e+01,1.603006269340546908e+01,5.674372039150285651e+00,6.199434691810133735e+00,6.805323388133001750e+00,6.287576484122141096e+00,-1.191318549772510726e+00,-3.186444992692257783e-01,-1.059380799041894194e+00,2.390581420221442599e+00,1.669846185231888880e+00,2.788965478356277283e-01,3.000468381532919726e-01,-5.047975492100883477e-01,2.144228296840604842e-01,1.133395076933481604e+01,8.995562064489671883e+00,-2.316198313657092278e+00,1.539243030502414733e+00,3.491575752767218432e+00,3.695263174171752496e+01,3.574806143156714455e+01,-3.772580154938218300e+00,5.996866591145755959e-02,1.233556152970351594e+00,1.042423754908735178e+00,4.095073166969534384e+00,2.853945107181653285e+00,1.787270949465796122e+00,8.415668589053266757e+00,8.722315029590980373e+00,3.916029446069932418e-01,4.761720731828265052e-01,4.829932462557958495e+00,-6.244503113347471546e-01,-2.793073185601897546e-01,1.625911267102236879e+00,1.049541988469375520e+00,-3.459363412182273056e-01,3.444313600776708117e+00,-2.191646614556098438e+00,3.808469536958306367e+00,8.822708892761111699e+00,-8.502872320861170508e+00,-2.751632424592553861e+01,-1.976983707561106485e+01,-7.402492220896618846e+00,-6.070520955187549639e+00,3.235875696369179195e+02,2.924174123880206935e+02,3.863744615075251687e+01,-6.684383498383733579e-02,-2.590844206324579013e-01,-1.915345259425461855e+00,5.171181158476191086e+00,-3.791386420193705864e-01,-1.082522300265824633e+00,-1.009751582334948328e+00,9.660351141767968386e+00,1.710001641476107670e+00,4.299325665666277274e+00,-3.441124074666712107e-01,2.379262631850004583e-01,6.579982757469451826e+00,1.152650340695305031e+00,-8.995748745616097830e-01,1.047507746100226633e+01,4.695492527075196421e+01,2.806707326775713796e+02,5.788071087538902475e+02,2.933259993819466516e+01,3.013798801062987476e+00,-2.963672335569889071e+00,4.599097512817127864e+00,6.670173522515996467e+01,3.049853588728533396e+02,3.498573047131121143e+02,4.311045606291468602e+01,3.254468447220957739e+00,7.215072820120154162e+00,-2.583608248710254074e-01,1.445448302512787331e+00,4.205689512791519924e+00,1.681980608136043540e-02,2.418485531918002085e+00,1.268744506072149747e+01,7.820253053722782788e+00,-1.044108090493240937e+00,-1.875432190862445503e-01,-1.676902063360330430e+00,-2.669603011078344745e-01,9.601596660806517747e+00,7.144859048021616843e+01,1.441726738185686827e+02,1.596311831362900762e+02,1.042782978159312393e+02,3.353590576244797461e+01,3.291359531231357494e+01,1.781379612737890916e+00,1.038235933609198192e+01,1.648825138568327020e+01,1.154035999865697263e-15
4.587865834598836404e-13,5.754480057481772270e+00,8.039411045705739944e-01,-1.167425312616271915e+00,4.722956740531741304e-01,5.346117112945172778e+00,4.193903197860048948e+00,-5.333857989068900851e-01,-1.626869443294951756e+00,4.662818350241192888e+01,4.050532143314766387e+01,9.827099472127289914e+01,5.283293415494780731e+01,-8.601153814796319574e-01,8.179272047832997217e+00,1.170293427317069401e+01,1.253212719239006212e+01,8.784080149144788408e+00,1.143576397417390922e+01,1.347898304244394607e+00,1.419734085141221014e+00,-4.895069993610416503e+00,7.218408621396489977e+00,1.391053056233690022e+00,-5.113799081415209891e+00,1.164285761382941473e+02,1.270280629507106056e+02,1.376656894711803147e+02,1.199019313561789204e+02,2.888291414691406089e+02,1.235742382458466295e+02,1.556518341683990236e+01,-5.362865571902296624e-01,1.678540702176023691e+00,7.417330962700982577e-02,-1.028763011189791410e+00,3.392204415277364049e+00,-8.335705691911693416e-01,1.815491669792652571e-02,5.402556561915272226e+00,1.213899962591845494e+01,1.761265175637251090e+01,-3.239315982460701804e+01,4.044174221757259602e+02,2.719724456388993303e+02,2.305692458357391104e+02,1.117568687806097785e+02,3.304363590898741450e+02,1.751419318080523055e+02,9.706563758403852660e+01,3.497386325712166411e+01,3.151213387438425162e+00,6.225324579072147202e+00,6.243314914115694059e+00,4.545090942893673436e+00,1.440175922182223678e+00,3.299360001952833077e+00,-1.502604474844432048e+00,4.009585349912189733e-01,-1.549022078069815234e-01,-7.554512486242364044e-01,2.326018437427267715e-01,-6.657085909400940471e-01,5.833000125483730258e+00,2.105315052724092340e+01,2.680860827421514259e+01,1.262353230337796006e+00,6.117410692546317863e-01,5.172262852972906444e+01,6.478063233332967741e+01,1.128576336009721359e+01,-1.057656985422514712e-01,8.575577944064334268e-01,7.573652621136279794e-01,-8.376081916645047309e-01,9.017367441707631048e-01,-1.121684278204613472e+00,4.725554776303516391e+00,7.296824328121775949e+00,7.688063259381088255e-01,-2.940739686055101054e-01,5.775130610316741908e+00,1.868057982335123324e+00,9.648334001188594300e-01,-8.724237786787534255e-01,-6.390998884577092642e-01,1.554645711922419071e+00,1.119291502701230812e+01,3.536558084511936872e+00,-2.624777176312810489e+00,-5.405466999333023992e+00,6.256496310396691740e+00,2.994008860732984445e+01,2.973390074113487458e+01,1.630798002164820204e+01,1.038084000673946861e+01,2.346899408605141844e+02,2.861421291688881752e+02,1.753759319298737580e+02,5.215421002101341941e+01,-5.858287929361154500e-01,7.385621845454427792e+00,7.072257415110842160e+00,1.438117174878309257e+00,3.018086013050812699e+00,6.999077724869336770e+00,7.950907434862004131e+00,-1.021390311779428961e+00,7.525847634088719040e+00,4.225309502457390981e-02,-1.568888525500628794e-01,4.650112904969589955e+00,2.125124603236807352e-01,1.655705246636444972e-01,1.073359912479722666e+01,-9.953733070479971801e+00,1.019731667024887543e+02,4.565308714445937426e+02,2.732945819059419819e+02,1.089693148458819252e+02,2.180740730770171965e+01,1.260962868484234356e+01,7.338271461605842205e+01,1.884275760163991436e+02,5.175128100795793671e+02,1.130296795517076021e+02,7.342112708798805620e+00,1.126232621016503366e+01,1.369457091652171332e+00,-1.351199981305082787e+00,2.364340211348892495e+00,-1.012867225942740319e-02,2.593225914575729707e+00,1.647097107181220466e+01,9.283941374992760842e+00,3.931790157314854817e+00,8.577891063985098041e-01,5.932015369739318977e+00,2.558710424696572616e+00,1.308365162509591251e+01,4.025413637329610594e+01,9.688802939823403904e+01,1.422196717532475816e+02,1.178766470953489147e+02,6.524611442117043225e+01,7.115151213046907230e+01,3.326171509915949542e+01,1.479895880636508210e+01,1.453565926191658164e+01,1.094629029794560088e-15
-2.085870053091484930e-14,2.374478067368298362e+00,2.297822760873140524e+00,4.397078091499371233e-01,-8.469316252640380141e-03,1.386875556663808018e-01,1.743013637124425363e+00,1.196352186935036865e+00,-4.865307952247754225e-02,1.074704643041484609e+01,1.791701810950935325e+01,3.382312321315858128e+01,2.183797094245628401e+01,-1.691845473144511225e-01,8.795463887651399304e+00,7.128123347073554328e+00,1.931678356935087848e+01,7.108865891482570198e+00,1.147752762263833493e+00,8.168516516806231920e+00,3.926289730404386891e+00,2.000556916923851514e+00,2.514371493071990482e+00,1.062956337451242206e+01,5.691140867303100315e+00,3.012454069320206873e+00,3.138877450867062180e+01,2.138118009814379050e+01,7.105869836616642843e+00,1.324589148468620792e+01,1.444885760072739913e+02,3.399785193224636259e+01,-1.588394033637493402e-02,3.458649399949304204e+00,1.952931047118651398e+00,-1.371105631634115252e-01,8.331172187831828779e+00,2.371831255241094727e+00,1.769255687094373219e-04,3.455605605854158990e-02,5.212193173449684913e+00,9.941292337476653529e+00,4.439802523719304617e+00,1.333539550376931970e+02,4.996513208176228318e+02,4.081397620789219900e+02,1.140649616577308052e+02,6.960522747070514242e+02,3.356092782281094742e+02,1.631769720096092442e+02,4.288914988327363886e+01,6.153312834492498107e-01,1.832727636381948244e+00,5.151559656710659851e+00,1.036392474328917501e+01,5.735576207314941222e+00,7.572931700204856398e+00,-6.921268725466368787e-02,-4.476576093853721142e-03,-2.445568462306236222e-03,-1.268976502890149238e-01,-5.655056306900487113e-03,-1.172434531726725265e-01,1.161490781247397075e-01,2.877319973756398142e+01,5.416070572979325703e+01,6.861565408004298705e-01,2.787817964709512264e+00,6.129143986334918281e+01,7.600972410614843966e+01,1.731129726740425312e+01,-1.581819983158350498e-02,1.228417288890223426e-02,3.566569612080034535e+00,4.141912303622582670e+00,6.895498803244742625e+00,-5.208567870907476749e-02,2.130632597925905092e+00,2.726616216693888428e-01,2.300299796815694076e-02,-1.428129856294048372e-02,3.828746625217706701e+00,4.960082816070015888e+00,8.854104451725881841e-02,-1.502826167841583502e-02,-2.499785495251475795e-02,3.565834642916469566e+00,1.314144419196686542e+01,8.030297182379346310e+00,-1.505137528923249923e-01,-2.012913733991920362e-01,2.091850170652061802e+00,1.093008211848675026e+00,2.129616380076434368e+01,4.478170168809388230e+00,2.077033350485411933e+00,9.476257161046195421e+00,2.389051106031252516e+02,3.612031321548506639e+02,1.093451838022765088e+02,-1.517370340673795392e-01,1.314764052104281156e+01,6.520507920973880545e+00,2.978861976907380527e+00,5.979388258339991324e+00,1.663129823551367537e+01,2.081105393873745879e-01,-3.860768992673390548e-02,1.688763321977548060e+01,-2.840172918694400944e-02,-8.392876428467440850e-03,1.088470419819565910e-01,-9.432789827339969901e-02,-6.261590334788007250e-02,2.131398921452213457e+01,-5.185830301551620503e-01,6.442157164072997944e+01,5.014721084154443531e+01,5.500562113550565755e+02,3.418119697335041565e+02,3.194568833210174219e+01,1.479432561158138038e+00,7.567174449569652950e+01,4.609708612170096131e+01,6.122982307920351559e+02,1.537701283586584395e+02,1.227431673948731294e+01,1.726198857826239674e+01,2.814027032338664469e+00,-1.342636385609950744e-01,5.449047303327211184e-02,-3.135354948661304812e-04,7.240616161671853401e-02,1.172353456760594881e+01,7.365978537457733566e+00,8.917633776097115827e+00,2.125802989556031530e+00,1.323383183582245337e+01,5.185768180042643394e+00,1.584802598520605699e+01,4.344677355643380423e+00,4.233895534660076976e+01,9.029562583869245884e+01,1.014467198779965003e+02,1.049049690742245531e+02,1.075187222117948522e+02,7.218380470524969894e+01,1.578167663194035519e+01,5.760094663507491219e+00,3.619544180513239293e-16
-5.866058577381471647e-14,4.963732828015965381e+00,4.761743044046801820e+00,7.301193211397055904e+00,2.809078758634373507e-01,-1.535371826192778899e+00,6.117230123687280141e+00,6.349379635681253298e+00,8.125617156992687162e-01,5.337817929823810426e-01,2.818771841348399310e+00,1.726505853361629050e+01,7.960689199066499633e+00,5.189802359899772455e+00,4.599804919617839438e+00,2.289642714526187284e+00,9.060024190601112082e+00,2.755803570168129379e+00,4.873572984717397638e+00,2.091288823299906596e+01,6.440974233005298366e+00,4.103336077451214869e+00,1.524178991500634017e-01,6.912526937701997554e+00,4.697836107936071315e+00,-1.314927922171481356e+01,-4.708588876920405397e+00,-5.348099570987361773e+00,-1.591349357333400327e+01,6.252963405197998270e+01,8.790003048835380639e+01,3.117461070097855824e+01,-5.334974975934188290e-02,-1.527272763172384362e+00,7.728076660540749820e+00,4.566710352754170366e+00,8.823678601739651128e+00,1.189636826918022905e+01,1.383527076106007628e-02,3.380598404495340770e+00,1.280958958568565675e+00,2.217387610612841176e+00,1.648377218419223311e+01,6.079057730632500522e+01,9.095429740363088058e+02,4.234235617856908220e+02,1.974526263413100367e+02,5.739510790880009381e+02,4.420889278504771482e+02,8.814456393818743152e+01,-8.046951301264048340e+00,1.531783737453742056e+01,1.837387138371794792e+00,2.446278334324837100e+00,5.447905948992032954e+00,1.085594740273323922e+01,5.138034898432924713e+00,6.743094284233761559e-01,2.934560986318722753e-01,-8.683888773139425421e-02,4.669851364518286196e+00,9.756461307939202632e-01,5.216752214911095642e+00,8.869091390606830272e-01,1.549524354760223943e+01,2.749060585964179992e+01,2.254095416554390052e+00,2.085321513380167957e+01,5.308512756792489284e+01,3.692377336137248278e+01,7.664552507061682007e+00,4.124286612313504685e-01,1.918973832508773514e-01,2.011945643561060759e+00,2.391166314967870576e+00,3.871878797007841211e+00,7.030972576736292945e-01,5.240655771357038972e+00,-3.223571024848945754e+00,-1.299295388690540343e-01,1.564983382748795226e-01,4.369914000717407099e+00,5.812544126572172232e+00,-1.995988897908874238e+00,-4.472554743319949733e-01,1.387605532686320697e-01,1.682814138033152718e+00,5.882265388800460570e+00,1.171096878640540595e+01,3.463119379043082979e+00,1.032068045866584072e+00,-1.073436092400337882e+00,-6.334072735941838950e+00,6.648034823828458784e+00,-8.253696508407369903e-01,-1.710825373629097701e+00,-3.295258609824033869e+01,3.070722824560078266e+02,4.217728980340291400e+02,1.109539998132901104e+02,8.002912642036157820e+00,-1.184308339992461656e+00,3.454593112166117308e+00,8.444376806864705154e-01,2.096823030041774061e+00,7.302014311207647879e+00,-1.048448491734244703e+00,1.769815516966084523e-01,8.974720064392293750e+00,1.293747340929699341e+00,1.092908228065328502e-01,-3.060715748912913314e-01,4.719652316918444335e+00,3.250339598989238965e+00,1.037992916302571089e+01,2.957667898165218912e+00,2.624828660643614953e+01,-4.005558689581398824e+01,5.315508744264401457e+02,6.370266928404397504e+02,1.878807331253743484e+01,-3.479818494486254110e+01,1.005962422899172282e+02,2.893683802044392905e+02,3.335565242528319345e+02,6.948427167090459022e+01,5.144233886993575311e+00,2.210978134265254980e+01,3.330928646377964153e-01,4.052142393135381937e+00,-2.274269742584678622e-01,-5.561423226185362991e-04,-4.005861246583293789e-01,4.052891355360825010e+00,7.657724485035627637e+00,4.624753046576256743e+00,1.383396845176567025e+00,6.725804109463229707e+00,2.564973648595327393e+00,7.297321399400686026e+00,6.449800641648351096e+00,6.037492372693015596e+01,1.090900731755802013e+02,1.277400776454208398e+02,1.396551272396064576e+02,1.201862263851379282e+02,7.712992019726128490e+01,1.677309952713113361e+01,9.092061230800144722e-01,4.340398217858241863e-16
7.447215551190665355e-14,8.814203687302320844e+00,4.152249024063994653e+00,9.770931202553960304e+00,1.506411853370636766e+00,1.318881880603081092e+00,9.318214963963546538e+00,8.853253412654431997e+00,8.643815537764437451e+00,9.602194323597831982e+00,6.257473370797626000e-01,2.047404600733019109e+01,5.083148691670063890e+00,9.036459969125113290e+00,3.542688137563092532e+00,-3.716540330677594040e-01,-1.634197453868294403e+00,-5.830826438140920276e-01,9.289585757895721940e+00,2.137708994835406529e+01,8.287795069373318668e+00,1.678705231801841835e+00,1.113545843236242311e-01,-1.386491929973067583e+00,-1.494274557724911134e-01,1.409557069612771762e+01,3.478268842263785743e+00,1.155757527290396069e+01,3.809846805908069012e+00,1.698816820760105770e+02,7.773599820807405081e+01,2.198236982239279058e+01,1.975841045814349661e-01,4.148303833588792955e+00,5.847839317226934064e+00,5.153196277591245433e+00,5.746902825818343885e+00,1.259493822710976474e+01,-2.162929358919262260e-02,5.857565418913027067e+00,8.014818059721752208e-01,5.762516927390762961e-02,8.243810737529011945e+00,7.260334730533978131e+01,9.396634471595643845e+02,3.712387047387946950e+02,2.102830194206104011e+02,2.507890411583812806e+02,4.180621778515363189e+02,1.971795996404330253e+02,1.109921552044773563e+02,7.668314606346523021e+01,8.309207378205121231e+00,-9.285765593282798713e-01,-1.268652668354084190e+00,1.003446420117328408e+01,2.288516871330561475e-01,-4.991558876882090656e-01,-4.003922479537087575e-01,1.502559726276452012e-01,6.350150406371765754e+00,3.862894574176370721e+00,1.310509176007651000e+01,7.430345371652447461e+00,8.674607765117784419e-01,-3.828387149394117728e+00,2.378271520280048179e+00,3.096654662841152827e+01,3.425109092228106533e+01,8.778225888368144325e+00,-1.126540075341131875e+00,-4.954165656315399624e-01,-3.694825142407721641e-01,-4.012038538970785218e-01,-8.760535313035294758e-02,-6.093785424186367594e-01,1.166605382039024752e+00,1.406807609053151431e+01,6.352943000870355128e+00,3.124496659601029916e-02,-1.293663208135186482e-01,4.454270334638722240e+00,3.984095462879137628e+00,2.379341309466187937e+00,7.911990323513775625e-01,-2.335371131958590557e-02,-1.934489467612397484e-01,-1.017649252865042708e-01,1.449656839444017287e+01,8.721234702845634956e+00,1.874478823978992015e+00,1.132057099133178424e+00,1.609328600567513368e+00,-1.459727822427126842e+00,2.456259948345723976e-01,1.126235756520707287e+00,7.670913681850704435e+00,2.802495529709160564e+02,3.257599076671177727e+02,2.101689431073041021e+02,2.518761016689666832e+01,1.773034056230723365e+01,-1.450235272385309360e+00,5.069542558978941127e-01,5.089730334964284175e-01,-1.329034086010300042e-01,7.730483661972550880e-02,1.892170116030166341e-02,-2.039768248583248678e+00,1.239535423112757995e+00,-1.015343204464321109e-01,-3.192924400431729759e-01,9.736219707064556417e+00,5.295650010383698536e+00,-1.496666796620437667e+00,-6.827042929383605463e-01,-5.545868085175405859e+00,2.209567454979735857e+01,3.039437497310594267e+02,6.918775979144792245e+02,3.185502420331940243e+02,6.831582491409527336e+01,1.416466118630035851e+02,6.681832348006031452e+02,9.745596795672264534e+01,-1.239514070662967704e+01,-1.207877599521346851e-01,1.755971546476349232e+01,1.079447402337967432e+00,5.201335286817394987e+00,-5.051388170937605449e-02,3.039177988230002282e-03,7.758947753541467485e-02,-7.492210180345613146e-01,5.896754851587044932e+00,-1.018824369403653396e+00,-5.715665142070087690e-01,-1.365918163728774726e+00,-4.849533470295219195e-01,-1.596505151365813058e+00,1.523716447234632554e+01,7.621765790022783449e+01,1.283774503466590602e+02,1.316564379279975299e+02,1.214516378527086715e+02,9.422059610664913976e+01,6.294760503264438967e+01,3.655933296505916985e+01,4.478590179298620022e+00,3.296932842500465026e-15
5.514531889808974876e-14,8.685391761070480499e+00,5.924385879374545194e-01,3.751633076927404442e+00,3.317792718370387917e+00,6.839097070885182816e+00,6.482315581491230105e+00,6.078778306832366418e+00,2.236343696242196089e+01,1.805819334591281233e+01,3.590763423825185541e+00,7.672885262554327568e+00,2.695937611944721368e+00,9.144038583957000199e+00,6.998079883697713832e+00,-1.600471754703166882e-01,-3.186325776453799996e-01,-5.660347203914753988e-01,4.123726206468762534e+00,4.966520993888162039e+00,7.929640064508805430e+00,1.158574256657277868e+00,3.395193072072041351e-01,-8.680043344288195239e-01,4.601512276425142822e+00,1.385579471830113008e+01,1.338827240067718805e+01,8.053366770536246833e+00,2.724844755268342134e+00,9.890812476272630249e+01,1.624395058095574882e+02,1.832943775080864413e+01,1.198270770316576694e+00,2.366031607247836632e+01,-2.092831673236573931e+00,1.444451282811459514e+00,1.721587602261143601e+00,1.648236029284940063e+00,-6.140957875523511689e-02,1.519090017928764302e+00,6.141517752922893703e-01,-9.267288588647853986e-02,1.409214939334856354e+01,3.722237125624898368e+01,4.388534037993607058e+02,3.532808060654082851e+02,8.447744178289033812e+01,5.609640873697022556e+01,2.977222902192038418e+02,6.035237450824511143e+02,4.462769643051400976e+02,1.797444041395374938e+02,2.159415092069222553e+01,-1.773361656320428859e+00,-1.334088925918897273e+00,2.351603859685117204e+00,-1.193747121640883924e+00,-8.541826636186717892e-01,-1.114631077946808047e+00,8.902023823687915671e-01,1.689230789616968265e+00,6.830284863062696665e+00,1.810999138333047753e+01,1.441517456049069423e+01,7.649823402764642788e-01,-1.953857546423602543e+00,1.041375756313140666e-01,2.533182421140629970e+01,2.576438967305904981e+01,2.769653382585329027e+01,2.561285173797001491e+00,-1.349897247637506403e+00,-1.075398997623449704e+00,-2.652828839709779341e-01,2.468449412462108583e+00,6.715104254979984422e-01,2.430194155955243129e+00,2.253265763444412784e+01,2.370697921155644039e+01,2.678815917540559033e-01,-3.235380824533983235e-01,1.874959302229725733e+00,8.614109622781709330e-01,1.252063500945477337e+01,4.649285365106842427e+00,3.710510117857132584e-01,4.753069242712074094e-01,1.728344341883788493e+00,1.461261537339114724e+01,1.310025791087056746e+01,7.537956238162692557e+00,6.094114668514260202e+00,3.150665334351088642e+00,-1.874693897395588893e+00,1.156096707722092526e-01,4.723320550709694032e+00,4.980878664534583500e+00,6.846080038121110078e+01,1.401613829270287113e+02,4.371727842790296563e+02,1.033295239858556585e+02,8.623470525035999401e+01,3.870387523879974090e+00,2.840954114288833487e+00,6.408839147123949864e+00,6.850532454387699310e+00,1.454894328779181012e-01,7.294477312674810809e-01,-2.028626726569300764e+00,-3.811596913388393126e-01,-2.619643919762961182e-01,-1.209309308995377696e+00,1.049271028994223087e+01,4.414813044440974110e+00,1.964557406545247575e+00,-4.425672696431341424e-01,-5.225733534517040368e+00,1.451711655822395919e+01,6.359538481564519685e+01,4.045537886502113452e+02,8.729302329879089939e+02,2.948442778980000867e+02,1.680836084513701394e+02,8.411795059503978109e+02,1.672904807065189630e+02,-3.090216561962583874e+00,5.524643819998386718e+00,3.958957508108117196e+00,6.758306909508489113e+00,1.309296229869936878e+00,-2.975276231573845687e-01,9.452255120417378878e-03,1.206007419152950108e-02,-5.386528580009821709e-01,8.869760463720922639e-01,-9.508329280713316844e-01,-1.118466281537398466e+00,-1.022193956228856893e+00,-2.802340451281849498e-01,-1.540541553720924606e+00,5.760324873091706266e+00,3.884581943141212435e+01,9.146096674582705077e+01,8.111890589582256439e+01,5.668974451829143391e+01,5.195803612272231220e+01,5.318784726578841315e+01,6.790019261410796503e+01,1.416244416991591493e+01,6.898699906732019729e-15
4.605940349089286110e-15,5.225528702606223597e+00,2.030597203140643181e+00,9.893158518259508039e-02,1.556667311922337982e+00,8.230991119331022787e+00,3.653555598523567038e+00,3.115599424845669763e+00,1.977235030826141582e+01,1.203424036517701445e+01,1.675105031895217644e+00,-8.504737821011345567e-01,-1.020350682376033324e+00,9.862458335420505762e+00,2.472273025209126840e-01,2.216934092581495930e-01,2.072439880055960693e+00,1.062852417727125021e+00,9.249648391702608441e-01,-9.765780018925784844e-01,3.081668027183527059e+00,-1.178055989268553122e-01,-1.067886720525666355e+00,3.961715427741874240e-01,5.032559026087493059e+00,4.041208275155030449e+00,1.256166940980497948e+01,3.388373733287376233e+00,-1.600379175505785678e+00,3.648978472134898965e+01,1.770269601905573040e+02,8.835638831967944640e+00,1.119277654112601494e+00,2.505063362201093469e+01,1.281069174310687764e+01,1.002587242041689386e+01,-2.293610573189227786e+00,4.415493618514593877e+00,1.899981655774487521e-01,-4.517808541646568532e-01,-1.528357934421366027e+00,5.587916952129961395e-02,1.099587230128168613e+01,2.931028606611292275e+01,2.515312511834870861e+02,3.488560771669204428e+02,9.725752764865699618e+00,-7.617439832049178960e+00,2.837837156093381168e+02,8.407750782810252304e+02,6.148076275740530718e+02,2.532564186328354765e+02,4.123155152693716019e+01,5.448063571142231609e+00,2.694055526725808392e+00,-9.874614933636847169e-01,3.821079204222778802e+00,5.966427513128771842e+00,3.868398603706715733e+00,1.017816789241345665e+00,-9.098630838519866648e-01,4.880325930717529737e+00,1.284399841083927107e+01,1.282336989568174701e+01,6.140300227855673754e+00,1.057506262307638778e+00,1.696888139321419908e+00,3.924746182824515728e+01,5.920947147461068027e+01,4.080047183860436633e+01,1.031816279102383938e+01,4.687060071254748550e+00,3.769430569555693111e+00,1.688285567083998850e-01,4.117004869435206160e+00,2.095450240560962296e+00,4.994420846867539510e+00,1.735922781129758263e+01,1.957837456189969316e+01,1.399157233180067905e+00,1.123183420315979841e+00,-1.418907588873914438e-01,-3.666543574541384354e-01,1.093621428536395790e+01,4.961308447008299538e+00,1.937832266346371179e+00,1.346425918103605346e-01,4.272722906651111430e+00,8.289486462689946933e+00,5.950324725581089602e+00,1.229342470664266784e+01,7.538631912545579183e+00,7.349010329913645556e+00,6.280290848875674570e+00,2.693215286300875144e-01,3.828613491941206259e+00,-2.877510852961928656e+00,-3.684450353126848654e+01,2.433282875874363427e+01,5.111607055202907759e+02,3.659687707977361129e+02,1.303345559131284119e+02,4.769891392120248241e+01,-2.079393495899211075e+00,1.066850600268908167e+01,6.614749226933509085e+00,4.647901716874081934e+00,2.590592264603658990e+00,3.880075744667182303e+00,2.604845286520576675e+00,1.012495494617078995e+00,4.477624755278293733e+00,8.194899755182465384e+00,8.630149183439412397e+00,3.710494712243535886e+00,2.533065376960419446e-01,9.137930353508721737e+00,-2.249571570054196279e+00,-2.113897846782528234e+01,1.361464747556311750e+02,8.207671417818411328e+02,2.549961915196480788e+02,1.289701580150754125e+02,6.640510719425634534e+02,1.935506874432659004e+02,9.570690274153417221e+00,9.501556736053082375e+00,-1.565794124952875732e+00,5.039391047124192724e+00,-5.363230924668033195e-01,1.178577778082884553e+00,-2.985918630964315770e-02,1.180464113752588834e-01,4.813771390626453983e-01,9.269032934717070793e-01,1.493066329662976033e+00,3.957901646101176674e+00,1.054323748244003545e+00,7.116833527164848072e-02,2.787969652853641289e+00,4.962891214882632074e-01,1.388808564866601714e+01,5.240782209534458502e+01,6.561967768183087912e+01,5.633642017939151003e+01,7.021617317562738947e+01,5.656508483800279663e+01,5.459327102347976535e+01,1.933750102776727786e+01,4.569148381375259870e-15
-7.498793547390462985e-15,3.498782344489638207e-01,5.923527679198705265e+00,2.546705561868112255e+00,-1.461293504971197810e-01,8.540315870113287744e+00,6.206074229243713880e+00,3.213021844906414515e+00,4.886781041253724034e+00,3.816131319420388857e-01,-2.979921102724573667e-01,1.218706294686395797e+00,-4.945774350742564995e-01,1.339030510278843167e+01,-1.192316504975472480e+00,7.288810972779044661e+00,3.910281938570584703e+00,2.594402642757287047e+00,1.903009853359573400e+00,5.944453132331852352e+00,6.854807832488672981e-01,-2.086363510837875579e-01,-3.566458647944347193e-01,-2.399137247464388362e-03,2.541944405080979741e-01,-9.250390899715359161e-02,7.045705247175199304e+00,2.664407609474256589e+00,-2.200912965834015411e-01,4.602664013824748679e+01,1.129468832792474444e+02,2.293311319999874129e-02,6.803933637070105900e-02,1.309182879750975204e+01,3.544325610764680334e+01,2.514655959678614394e+01,3.830644494664106614e-01,1.726376156726848166e+01,6.327238195301761181e-02,1.008232383641161523e+00,3.431955344580795431e-01,4.202568970363751433e-03,4.070212490865035559e-01,4.872620330181731418e+01,4.466590708258630116e+02,3.379178487550798309e+02,1.816053116091356401e+01,-1.002593957317751139e+00,3.249544560338256360e+02,7.859997190178349911e+02,6.480120280665595374e+02,2.405182751978128408e+02,5.353571576254346098e+01,1.290995698342818265e+01,5.552341697029769207e+00,1.316714130912947228e-02,9.425840208625968941e+00,1.280048714493189266e+01,9.312834719591656096e+00,6.315812983851804008e-01,-6.579199812125170743e-02,2.324721407033583098e-01,3.461150317412580169e+00,4.789779351334813917e+00,8.578884804302518319e+00,-2.805199736905796826e-01,6.160765754755127332e+00,6.693603708150688192e+01,1.076193903241575356e+02,3.425187972560401306e+01,1.605839721950264476e+01,1.172718808517671540e+01,9.028327945327008663e+00,1.796964159616915024e-02,2.966282527504874977e+00,1.534789613126764207e+00,5.477598576953878862e+00,4.210156781595998154e+00,9.535083193074154195e-01,3.653402598014195757e+00,3.219856421966930782e+00,-8.114709911888705329e-02,-4.902927966900776958e-03,5.717339940983945379e-01,4.434500274378586071e-01,3.469279094324047907e+00,-1.237199299516000828e-01,4.311354749400337028e+00,1.869228782978088921e+00,-3.962555324413720159e-01,1.256610240703820303e+01,4.806408400098440836e+00,1.283934034230677845e+01,1.393927436924654195e+01,3.664418491801435973e+00,1.859868643229196650e-01,-2.228752247281720611e-01,-2.753436500666386344e+00,2.712582174569829530e+00,3.677121822293784703e+02,6.267363022748720596e+02,2.294163812299330516e+02,1.049898885495197334e+02,2.634302679285922544e+00,6.176044778970329219e+00,1.530554220440114854e-01,8.890563836360058758e+00,6.475801610013149912e+00,8.685415404662602867e+00,8.202238689999678201e+00,4.412494742288702199e+00,1.088858972708701245e+01,5.742240279741431586e+00,1.396772729346011133e+01,2.105764212599238738e-01,1.887501390735615500e-02,1.764137681149260217e+01,1.070349510301448342e-01,1.553451283329083843e+01,6.886699186390816863e+01,3.275606293482951514e+02,2.733333164746485267e+01,5.765981514505445205e+01,3.547468430275599189e+02,1.069259351340964344e+02,5.309890643981408642e-01,7.842960315020389928e+00,3.255028280554806752e+00,1.795763006800390679e-02,1.429816930746841824e-02,3.030703136323031899e+00,-9.979628360715104424e-03,4.842707855938147704e-02,9.076500461493136607e-02,5.074344973615476651e-01,4.122080989233743997e-01,1.736654080039199499e+01,6.395041551953831727e-01,3.864839978151361488e-01,5.471271149963848224e+00,3.565551751512278766e+00,1.523565598468862348e+01,3.382957872504668728e+01,7.496940520603426705e+01,9.077552035850058587e+01,1.067136133167612968e+02,5.534709069846326912e+01,1.178887199314444878e+01,1.701660345352723525e+01,-1.752460331188313465e-15
1.207646463322528282e-14,-2.797452200006563583e+00,4.610400641072545547e+00,7.994655396965005600e+00,5.489674818671139711e+00,1.545517342704658148e+01,1.528308427034000871e+01,6.363871421996710964e+00,-1.082215425762891314e+00,2.510255672193506093e+00,8.690987249729992925e+00,5.476751638803284195e+00,1.063129276353688013e+01,1.879316419533347826e+01,2.805157305366261156e+01,2.774114995268712747e+01,9.899471704158434804e+00,3.249615406162540410e+00,1.675900990586205230e+00,9.342349601490100852e+00,9.582233445713654874e+00,4.540848808493906041e+00,7.409936807469497566e+00,6.073215711668740191e-01,-7.310237841626177069e-01,4.880467760067908500e+00,9.947825062171858690e+00,-1.991094232846148504e+00,2.802757292607807038e+00,7.200145482456575508e+01,7.670800376620459815e+01,7.586899581016942840e+00,-3.924123943332571418e-01,1.490887138707071813e+01,2.667575181104351145e+01,2.713380312051533494e+01,1.541752072051191647e+01,1.799401902710264523e+01,-9.643941312738026905e-01,7.906115322608793239e-01,1.327645008696794626e+01,-1.383917735045208861e-02,1.351618616088040348e+00,3.807749177181796085e+01,5.161795487845644175e+02,3.160195692483879952e+02,2.021818392068610137e+01,5.552218417119600957e+00,2.247630869492053591e+02,6.360027039131310858e+02,8.261470148041161110e+02,1.304011599797719896e+02,4.150235505791321344e+01,7.168052615164491215e+00,2.752843052005983893e+00,-1.392849088003468294e+00,6.457466924584579715e+00,6.717185174562720462e+00,4.973927389126899357e+00,5.028869293069115898e-01,1.759517742797805095e-01,-7.564830165139190266e-01,2.734255373887651608e+00,-1.209793305092691090e-01,4.166166834880652203e+00,8.470931200684949758e+00,7.852381036495435396e+00,7.551774939857227764e+01,1.146302019137161352e+02,2.772713184785165197e+01,1.715932516417221976e+01,7.778790435130090053e+00,4.659209942433282237e+00,-1.405516851525954736e-01,1.036660172901656907e+00,9.203561729409829306e-01,5.544112181180260723e-01,-3.189804962076869255e-01,-2.951423496857625395e+00,6.305619194826482143e+00,3.415775144931449958e+00,1.469752223409129366e+00,-3.382930250322676580e-01,-2.262146291685368293e+00,-4.210007998368777038e+00,3.615283920090210490e+00,3.171661573611795237e+00,2.982373238687575423e+00,5.862540771923142380e+00,1.487763901007645195e+01,8.315964910741582727e+00,1.516742436940277772e+00,1.046651495828707112e+01,8.900794937819098251e+00,1.160608659943906851e+01,-5.804839245297735983e-01,8.336880130991317639e-01,8.795949253098187981e+00,7.278400143236695152e-01,1.388986587329335407e+02,5.525308953714376230e+02,5.007341848070446417e+02,1.408924986403056039e+02,4.334076023201650685e+01,-3.559542164745091775e+00,2.942040045292656281e+00,3.739773127597636027e+00,1.201134644073683511e+01,7.207409979746610240e+00,9.768188105436740543e+00,8.992252151916465763e+00,5.778227512770135910e+00,5.764101311148250417e+00,1.044175344319568133e+01,-7.721620349411878470e-01,-5.944404250752093055e-02,8.383965334665319347e+00,5.121960740862291139e+00,1.971879112795199873e+01,1.728666604615913798e+02,2.169556169970432791e+02,-1.579815325423982486e+01,3.287590297122240202e+01,2.887294514405557493e+02,7.318436884361938155e+01,-2.815526585322092878e-01,4.704810753011207325e+00,8.702666556590674674e+00,4.656744403950422218e+00,-8.903430561240032182e-01,2.071683429251735653e+00,5.684851986872192509e-01,-7.698982243166275774e-01,-1.141031218237694933e+00,-8.427122283060214158e+00,-4.229581754276726002e+00,3.693013187960244181e+01,-1.622757213090356698e+00,1.796538372995531319e+00,3.790101410931882686e+00,4.003288514275390675e+00,1.459146579346727890e+01,2.559872041309867186e+01,3.697635320647420798e+01,4.976171246104718904e+01,5.912444932236303430e+01,2.461355361050812007e+01,-1.441143499142909512e+00,1.076175675146180311e+01,-2.948407118666217890e-15
3.142105535878173319e-14,2.443001035965343348e+00,7.818086209498390282e+00,1.223948976360707164e+01,1.281045323221792209e+01,2.044610329831141016e+01,1.782933262972008848e+01,6.395262728949735909e+00,7.412678254057529781e-01,6.425341896400079911e+00,1.317157683308430549e+01,5.362599043560928536e+00,1.797922527487358835e+01,2.031098780818046023e+01,4.132603453645131708e+01,3.293967086416671464e+01,1.178039373846191928e+01,5.132469904734564992e+00,1.121589916194005943e+00,6.672368455973670898e+00,1.277416788091703026e+01,5.305607670594170600e+00,1.163981240833668984e+01,2.642567661812256774e-01,8.266480836427904377e-02,8.401895422418183657e+00,1.101028759495106435e+01,3.283960874301883326e+00,3.230323985888425398e+00,1.020465623457985203e+02,6.933437676411476502e+01,1.574896161574515396e+01,2.772943724731297688e-01,1.557453990212184358e+01,5.880264701060379018e+00,1.850923473172381506e+01,2.108602068575608257e+01,1.321486684532548672e+01,1.058602629290656738e+00,-1.479765769501813488e-01,1.887383443118664772e+01,3.583297769204360408e-03,4.793820058648243787e+00,2.006049773462695640e+01,4.174504111326350539e+02,3.058693788945192296e+02,2.030520818646532177e+01,5.155822169661922416e+00,9.538150689956887618e+01,6.451233150660418687e+02,9.254691839009656178e+02,5.734057215111251793e+01,2.158086634556379835e+01,-1.483271192132801231e+00,-3.662982371387026315e-01,1.790479798556772639e+00,1.506525079454613447e+00,-1.137379615109384012e+00,-8.430141349061748279e-01,-3.527503250051116646e-01,-3.674685875084650159e-03,1.885268579674290734e-01,4.156975024824359544e+00,7.809752252130488515e-01,-7.810639358840647528e-01,1.262147607405639427e+01,8.412898517943480314e+00,7.022782837957605295e+01,1.042413207900347629e+02,2.450708202363471599e+01,1.159724686961012630e+01,9.720129187353941935e-01,-6.419609857503189021e-01,1.201292714114976651e-01,-1.610948285748955433e-01,4.055918883859314761e+00,1.651615588813654112e+00,-6.343385345633666648e-03,5.776803014908749034e-01,6.561469785351613737e+00,1.459968603545017229e+00,2.095258988637040964e+00,4.824709759563542977e-01,1.004688808610926465e+00,4.015517526998531039e+00,7.113609950444045538e+00,5.318214910809244245e+00,3.021822671765066470e+00,1.231045639131910718e+01,2.436014311580382596e+01,4.618176631599394177e+00,-1.840656196863835470e-01,4.015413912674339336e+00,1.038667102003626441e+00,1.514953124317248978e+01,1.188681042836700480e-01,-3.167174314101033339e-01,-1.998425275946534407e+00,-1.098844517160888767e-01,-9.763082299996193925e+00,2.864245030064759021e+02,6.324725760578203335e+02,2.798533127960272964e+02,8.790310746726950697e+01,2.430945379520252914e+01,3.231978625927006910e+00,1.548525373364945112e-01,1.005856532241770296e+01,2.916419153470387826e+00,1.105052332793390768e+01,8.725432716777167030e+00,-9.343655327537638833e-01,5.335941795796415477e+00,7.498946856500031899e+00,2.866048696853372713e-01,1.260094975995948267e-02,-9.157368329342021607e-01,6.689441609051235638e+00,6.720122161796961979e-01,2.243516096838737610e+02,3.713661829486017609e+02,3.384010799264361680e+01,3.093204828720731570e+01,3.258506417220023081e+02,1.230139678069629383e+02,3.033957350197757474e+00,3.468832177505454695e+00,8.452751052895953521e+00,8.158067687326205686e+00,1.122885628463214047e+00,4.205275209508204104e-01,3.546181511893179650e+00,8.274737718105595885e-01,1.162001636450780584e+00,9.167785215093585904e+00,2.184663152311651046e+01,4.252269184543533953e+01,3.122856334796716649e+00,-1.671574053920785952e+00,1.001822954332265603e+01,4.065502746881724860e+00,1.586640464840882281e+01,1.756862889151235052e+01,-2.780338567491536850e+00,-3.092276730494628811e+00,1.873628812026570389e-01,-1.697132750493047348e+00,2.210648543407927935e+00,4.456834096438505810e+00,9.358349868939240364e-17
2.864657105499179209e-14,1.054102965134744707e+01,1.570209650520684797e+01,1.135891363261834464e+01,1.563621796325644553e+01,1.548043755788500242e+01,7.753612867298553368e+00,1.336269928823500042e+00,4.385593433473769842e+00,1.757266995735533577e+00,3.781560518663181991e+00,7.202314064267130167e-01,1.184194856534689677e+01,1.518739698677505068e+01,1.204694989532377924e+01,9.836381529377549171e+00,5.736699235219626658e+00,8.343339731622219091e+00,2.737151154707060385e+00,1.432131363694356896e+00,2.407014401801786274e+00,-1.557974229057318138e-01,6.773270862902911027e+00,-9.308621663312430794e-01,-4.623548313070572485e-02,4.234637626682643763e+00,3.042845356861344719e+00,2.157157055304239890e+01,1.233117771660084072e+00,1.344684419119358552e+02,6.564664922755801513e+01,1.208998551918786468e+01,1.073995236611326787e+00,3.738365904414723051e+00,-1.455398476133746621e+00,7.805675747044505286e+00,6.300603991457196962e+00,1.140785166912560911e+01,7.282241977377929665e+00,-1.332508805843040378e-01,7.120048797269052265e+00,5.087936175895505994e-03,1.560686378156374454e+00,1.826588384509980401e+01,2.528402949623052507e+02,3.169475994853899579e+02,3.409607259956526804e+01,5.378520744789719643e+00,5.122181161479485212e+01,8.037587522974590684e+02,7.813807567003769918e+02,1.315144744187857384e+02,1.211692027583691278e+01,-1.934129932326791534e+00,3.923180545675019060e-01,1.109828593967682764e+01,8.691695178462401916e-01,-8.767817610746175827e-01,-6.443376239646854131e-01,-1.077102258036043647e+00,9.669265676644706042e-02,2.498183996942883733e-01,1.268335203009311352e+00,5.549428300616171761e+00,-8.650677554549600634e-01,3.260241667137498300e+00,9.378452738353615814e+00,6.308311969314555512e+01,1.035607521177895762e+02,2.547141344078008274e+01,2.237048409369429613e+00,-3.244799207980594846e-01,5.586205860567043935e-01,3.743198319970060806e-01,-1.277943454849174987e-01,1.030327022280698834e+01,1.287333297523863074e+01,-4.229571762084866626e-01,3.664251383834396525e-01,3.960015248161506740e+00,-4.915230975710089267e-01,7.041833281802400979e-01,5.360816862499712343e+00,5.463896724267655713e+00,2.444880716974731172e+01,1.471753944116582069e+01,4.840159794969431495e+00,5.495030803573999201e+00,1.241751835928392467e+01,9.840480474288947121e+00,4.901246817831396818e+00,1.355708546202482712e+00,4.986303415586291164e-03,-2.675595847966865115e-01,9.103683980285028454e+00,9.229829027567421074e-02,-4.744826834389577197e-01,-2.158568404927510453e+00,-1.075124564730884913e-01,-8.405849324345419760e+00,5.977506913825700963e+01,4.276726079989971936e+02,5.241225710133714983e+02,1.679706262487376875e+02,9.607393884930991135e+01,-2.619406440625146271e+00,6.421864681348206538e+00,6.657917289879048406e-01,2.949237574609084866e-01,1.451657751006577790e+01,2.524177790201475258e+00,-5.792874492237526374e-01,2.621725575488157212e+00,1.121894168017469617e+01,1.181956468292273188e+00,1.110219752674629357e-02,2.037923325664030116e+00,4.105647903244704189e+00,-2.597038812980628553e+00,1.073631288859733530e+02,4.808406656741814231e+02,4.593674249936412934e+01,2.577411363457749260e+01,3.008510955610760220e+02,2.229801450999343047e+02,3.739668952181506967e+00,5.386181453597702173e+00,2.242365907862197805e+00,2.447196171028433564e+00,6.801114219500155045e+00,8.567096628229581290e-02,8.049508417289475304e+00,2.703286877788802833e+00,3.758435105384354546e+00,3.417256128020081007e+01,4.154864663207359854e+01,1.950065297532587394e+01,1.635085196456982359e+01,1.051190638465098415e+00,1.413280137751007892e+01,3.581360593861901087e+00,1.326700471542311277e+01,5.215932299544277839e+00,-2.840866394180240562e+00,-4.586246268680417515e+00,4.159007839579598187e-01,1.333548298314734204e+00,9.617752906094179099e-01,7.476123746842141538e-01,5.399340410169085054e-17
2.114882955199530161e-14,-2.031879054612106827e+00,3.591508517687252322e+00,4.030855641137947920e+00,1.459828493711719588e+01,4.007410818130728636e+00,4.029888637256134887e-01,5.429186786335068460e-01,8.365715435688132473e+00,2.885719596523865227e-01,-1.434166577060473680e+00,1.889240122434370672e+00,3.880911744987154410e+00,9.218542868691086412e+00,-5.908376022204137712e+00,-4.435559944644026587e+00,3.909106689243896593e+00,7.695438497331971384e+00,7.842460896433181894e+00,-2.134451613548632443e-01,2.563684828241003633e+00,5.025580617328923694e+00,5.754076103340379333e+00,3.327190675368948636e+00,1.299970538204545667e+00,2.324592706633213268e+00,-1.390744626885931590e+00,2.333957904686434404e+01,4.627901230997629511e+00,1.596090110446513393e+02,5.604194634683140919e+01,9.387024429763224376e+00,-8.910110354207722017e-01,-3.172909891124554016e-01,5.872098253001913903e+00,1.298256482740446138e+00,-3.723217607236630311e+00,7.252221067769872853e+00,1.098140885274982992e+01,1.347048236904558050e-01,-1.123802592994710858e+00,-9.576710682931494772e-03,-7.717082275559837834e-01,1.019532932992154173e+01,1.149703166514111246e+02,3.177187806528278315e+02,4.087565353110884558e+01,3.346317745042459268e+00,2.449573400351217956e+01,5.983051699483290804e+02,6.440311086581912150e+02,3.190862128508409228e+02,1.404767572259807729e+01,3.684013935005121532e+00,1.167873517742556100e+00,1.008565933339533416e+01,7.864913398264228306e-01,4.548970213502872562e-01,3.325441277757711367e-01,3.300643192809340931e+00,-3.470316255375478498e-01,-4.121699108376094545e-01,-6.907482919345400152e-01,7.788512399702481659e+00,1.346962548960185302e+00,-2.615013655491836841e-01,7.733860688441346554e+00,5.542699640893950885e+01,9.720141053027796829e+01,3.629019877393595550e+01,3.395201376934264270e-01,4.350525253520987623e-01,2.163917025119652671e+00,-1.034507287026385391e+00,7.707024433355451343e-02,1.002201385775054376e+01,1.616250197148108825e+01,1.630589910857525693e+00,4.522162818252015853e-02,3.478918175794873058e+00,2.490576946181943363e+00,-2.423677737947304844e-01,1.601442889119821089e+01,1.021263676195348857e+01,2.676162157121263263e+01,1.629976611258702945e+01,1.068877502091658727e+01,7.374270476047947831e+00,7.228136729019845497e+00,-6.123737666394010182e-01,6.335131366988043133e+00,7.368602059831006912e+00,1.833924726337371691e+00,8.858993589615171693e-02,1.694569778997748744e+00,-2.009845549570554377e-02,3.151063742078057395e+00,3.212689565469623698e+00,1.238027476828155310e-01,1.431309021788070446e+01,-2.458408025100364469e+01,1.672823926916364599e+02,5.582564488111127048e+02,4.581158863323598780e+02,1.339363109525546349e+02,1.408155013746504380e+01,1.292129787368282479e+01,4.683442682732099627e+00,3.335251924869255258e-01,1.412166880204292774e+01,1.343771370614598615e+00,-1.200117094690321129e-01,1.119166183663679703e+00,9.933358816698197202e+00,1.557051777808249549e+00,-9.901415141759748254e-03,2.046669141259777724e+00,2.832432692585001299e-01,5.215926829582337554e+00,2.198625630096167072e+01,4.536820787291908346e+02,9.719409308731481190e+01,4.793995281950509479e+01,3.121338942091762192e+02,3.009290075042517856e+02,1.062417137856427729e+01,8.115268917104565105e+00,-1.101410248341807785e+00,-1.185743972271209312e+00,5.571021002193369043e+00,-2.831358282738732912e-01,7.555653477497131121e+00,-7.563238041409869439e+00,-1.048877168514927938e+01,-5.844871506351836388e+01,-1.008842678611278529e+02,-1.313738328088846785e+01,2.548781553340593220e+01,5.613205881715639123e+01,-2.898066073566421252e+01,5.520823169522635965e+00,-2.979095168389562787e+01,-5.175226466886425847e+00,-4.471720878911428776e-01,2.289850119378989746e+00,1.914286713623799230e+01,6.296604480738070109e+00,-4.627477214310321552e-01,-3.032168435013611885e-01,-9.877511409996564645e-17
1.179713250060712432e-14,7.277011415678938988e+01,2.140808413669302723e+01,1.402261748880490444e+01,8.813244939950891421e+00,-7.358330370328104442e-01,-6.151881358171087943e-02,4.312869584421954450e+00,1.211258722789033904e+01,9.238654229619902125e+00,4.297746963763678707e+00,9.062340520812819378e+00,1.702583298435023929e-01,5.327876508351695684e+00,-6.664927368172003375e-01,1.457367319629521429e-01,7.342356730139934839e+00,3.816579275937003857e+00,1.103454775988243952e+01,1.769749496999275973e+00,1.079763931456389336e+01,1.583901134084786300e+01,9.091866711786046551e+00,7.600050269429660332e+00,2.663634022073672725e+00,3.552786859607606651e+00,1.393638538637688606e+00,8.535893683552503219e+00,7.310725283254404516e+00,1.570901933661579051e+02,4.028696859081122028e+01,1.001787078801768516e+01,-6.446478334791713172e-01,2.806692199983224612e+00,2.550411689120219449e+01,1.523584173184281187e+00,-7.136283634953952681e-01,1.616157082706444426e+00,1.027502058118424166e+01,2.152609689845443597e-01,-2.260433279905756654e-01,-4.309678988999870661e-03,-8.614217523355809092e-02,3.164505828191014114e+00,1.044954992080195382e+02,2.928745737183164692e+02,3.246158887792449121e+01,1.807905460399468200e-01,5.074291588452583213e+00,1.706997201667774675e+02,5.856694040743526557e+02,4.338334593781156627e+02,1.665410225424413326e+01,8.195241644577263784e+00,1.810380418083389897e-01,7.140673784226122534e-01,4.214786996420303439e-02,5.011547397851668501e-02,3.344445480379351632e-01,8.549421752029671140e+00,-1.775126973864454838e-01,4.124392636452267613e-01,-1.088400029224755733e-01,5.509534553200417406e+00,2.877683587242591212e+00,4.712715803505572509e+00,3.078831112348427990e+00,4.442142189200726676e+01,8.329258658585266062e+01,4.525380127326646829e+01,3.848335574899768741e+00,5.964453400677491857e-01,4.734562007441386555e+00,-5.082156188394610918e-01,1.354242133297700254e-02,5.453410406855866199e+00,1.095961834510178079e+01,4.171086729631580781e+00,1.153933267093381065e-01,4.383451446050432132e+00,7.239996440981592229e+00,2.221750434696861953e-02,2.255190173005557597e+01,1.041886801249363437e+01,1.267391152521089026e+01,1.127102576353031971e+01,1.747468904200961504e+01,6.611557336043237143e+00,5.825341437156889013e-01,3.137562756310500411e+00,6.057081715340288497e+00,1.200787049582661403e+01,5.463095643830491177e+00,-2.350032080818861835e-02,-2.897732512897651103e-01,6.147493137472767044e-01,6.839634107283655062e+00,6.393097441468922781e+00,4.555343608248525744e-02,7.937329994319373583e+00,-9.367085231934454415e-01,1.734442316055920230e+01,3.492763214153629292e+02,8.509066546728992080e+02,2.405155502309928579e+02,7.869066043685873524e+01,2.926535495239430684e+00,3.192433887737899489e+00,2.490195095420777716e-01,1.001753790278709566e+01,5.744367245800167332e+00,-2.105368429015174181e-01,1.706922783159019907e+00,3.883387980738496559e+00,1.445915090985906204e+00,-3.033811771224290132e-03,-2.899251889539132265e-01,-4.441016814594316020e-02,1.229883946724742927e+01,3.022596993750055816e+01,3.556981514086542688e+02,1.815204615783767679e+02,9.762898486114495711e+01,3.971136688367965348e+02,2.861933830992302887e+02,1.752606671216615908e+01,8.491889435435979294e+00,-1.302577815884308765e-01,-1.253307183373452705e-01,2.012266662880471957e-01,-1.460241595281442928e-01,2.854463689980125896e+00,-3.723660227534566047e+00,-5.161697814218110025e+00,3.740253724237675215e+01,1.263021034297706109e+02,1.684610037071364559e+02,1.058462400088082518e+02,1.700987033049782440e+02,1.272318251535045590e+02,2.848372426817869041e+02,-9.937572093885201241e+00,-1.050518347829730859e+00,-9.625711600855066941e-01,1.598866924947142110e+00,2.505076913471125621e+01,4.502641847609656800e+00,-4.049912502277261406e-02,-1.744724374856919391e-02,6.939772043531652900e-17
-3.626184208098419350e-14,3.691356467029652890e+02,1.576514079469790488e+02,7.518104485073195065e+01,5.891467380510679863e-01,1.138831002257050606e+01,4.143004494558725215e-01,6.173346960844993347e+00,1.828341178327697847e+01,2.830878167381630917e+01,1.474183983084910210e+01,1.366263842089950487e+01,-2.447735318872224231e-01,3.130430037765127960e+00,1.499670068195567030e+00,7.593354314941534788e+00,7.727267354285818790e+00,1.851809800876190071e+00,4.764261016836796259e+00,2.858575367758392716e+00,5.674026776941727412e+00,1.264590227387973265e+01,7.283668461619582146e+00,1.667421145677346006e+00,7.381655936588837896e-01,1.538596002520047801e+00,6.164088542820339356e+00,6.426768980343362525e-01,5.526594592824773944e-01,1.090838142590328061e+02,2.426615406731827207e+01,8.481618137861470785e+00,9.897532456136204360e+00,-1.048665055270475710e+00,6.079304628124873489e+01,1.341004865976216642e+01,6.053009329390103055e+00,2.045481221629806001e-01,8.851822515887352694e+00,1.266131467992723802e-01,8.946634515339223492e-01,4.508967132234139447e-02,1.838529081400037679e-01,2.395709481344480807e+01,2.873622666731081381e+02,2.444614372446198161e+02,1.520871742092435674e+01,8.359648035947164421e-03,3.163678785578257191e+01,1.177063396699489033e+02,5.057087655260858128e+02,2.605583213764984976e+02,6.580223224307909291e+00,4.236250065398020404e+00,-1.285367987592009653e+00,-1.438415129368319167e+00,6.379044112354534390e-02,-9.962330224927398725e-02,1.175287308849169099e+00,5.159428617906930192e+00,2.305712030706664972e+00,5.059234845405592651e+00,1.141663467925336573e+00,1.300195807894439781e+00,1.861551765370791811e+00,6.493832931561997590e+00,1.263411153438084300e-01,3.055641926320214807e+01,7.188654798226841081e+01,3.233168167455015407e+01,2.080457768800128004e+00,-9.872261360618408976e-02,1.293292701321536420e+01,7.096345121372877429e+00,-8.360934643647154052e-02,6.766700520020219045e+00,9.984493286455879968e+00,1.935682220546377508e+00,-1.468395380248639803e+00,2.077384322855774901e+00,5.750782839059752405e+00,4.495355609565050425e-01,1.147472777757608497e+01,1.678728152463516254e+00,8.062030355333041243e+00,6.838515543578544964e+00,1.118216574946669262e+01,2.963134058278460881e+00,-2.280935221554786008e+00,1.174971092091176139e+01,2.663492453398062842e+00,6.673101053205756195e+00,3.178813597705108407e+00,4.199529357806721097e-01,5.275051591441480170e+00,2.256737516999234305e+00,3.742529238801425961e+00,3.093684875415430469e+00,-4.486879888702722252e-01,1.922509511840067464e+00,1.368501666248350546e+01,-1.277930143761972737e+01,1.146423475119283779e+02,1.029287136076769002e+03,6.363995147322767707e+02,2.316515759711554381e+02,1.045058775737619250e+01,-1.352273045841989818e+00,1.701455283129393337e+01,1.250585638393902776e+01,6.704507936510840871e+00,2.632743319503231039e+00,2.229267397059512490e+00,2.907342183939448432e+00,9.385738587718427395e-01,2.783451919566989896e-02,6.993382039231557101e+00,8.604352638540538223e+00,1.008618234721211770e+01,5.637256851976665928e+01,3.305567705672771126e+02,2.336293312138233205e+02,1.680145645630633737e+02,4.961327541070567122e+02,1.449489745329391326e+02,9.334577246288942476e+00,4.181949808867204688e+00,3.589971526048352235e-01,2.648675596439191149e-01,2.834018194540172342e+00,2.491471091524508630e+00,6.484034424778981620e-01,5.874757174271329774e+01,1.058507243346858218e+02,7.802711517417623099e+02,1.395253132015674282e+03,7.679052453428183753e+02,3.351833069455236114e+02,2.943167393940682928e+02,7.713012584883952059e+02,1.144289106899946091e+03,2.422730948979093171e+02,2.214101297746531216e+01,1.216236868177078279e+01,4.990988142076226097e+00,1.080808584199687772e+01,5.726297162626676318e+00,2.359229041876229893e-01,-1.443914823462902342e-01,-9.203127039539673983e-17
-3.195250314828778477e-14,5.514128270460494150e+02,3.570834743488405820e+02,1.628769561524952110e+02,2.055246753980587471e+01,-5.111115714775510632e+00,2.946017757467103593e+00,9.943779469088102729e+00,4.537480772377133320e+01,4.843105697849207303e+01,1.827921849408464539e+01,1.097287589308102618e+01,-6.651759591636396962e-02,1.739161925321277558e+00,-3.232798103478057850e-01,9.713636206792067185e+00,4.638992779975299463e+00,2.328667365634562447e+00,-8.988410692180483219e-02,2.986102444467038541e+00,-1.032254028781965927e-01,5.829681644618457170e+00,2.579401853642570686e+00,6.139454028369088157e+00,2.548196916157060343e+00,1.019779883645608870e-01,9.805219769756321924e+00,1.283967700396211886e-01,2.902164559545532185e+01,5.688685272589366804e+01,1.281802595365680375e+01,1.692602798735429914e+01,1.884962884302336050e+01,1.185610594895688408e+01,1.498460738072747915e+02,7.093483947542623014e+01,7.684906221788001979e+00,-3.621190873702444524e-01,1.464658467915117868e+01,-3.454886528215706659e-02,-5.213548783000618858e-01,-4.130968250696748917e-02,-3.072948426667195324e-02,4.524108177739648085e+01,4.956846974380939628e+02,1.741415316823898820e+02,-1.235906703581449051e+00,-3.697482209607566572e-01,5.040779609837412067e+01,2.638179853159342088e+02,3.881208474952849201e+02,4.834716176764788997e+01,2.561271563181557465e-01,-4.325490216803085652e-01,1.080012273492767516e+00,1.665490612164937656e-01,-1.548086189855555350e-01,9.746314533203731881e-03,1.575077674603381439e+00,-1.005067714752466701e+00,1.906352478737373790e+00,8.726779986034960857e+00,4.851836714352632640e+00,3.634464459900421107e-01,2.251934221318880880e-01,5.986977709071831910e+00,1.726927679355970469e+01,4.615060532803619253e+01,5.416638134741467780e+01,1.403463228206240743e+01,2.414891257883557074e+00,1.342537111001231853e+00,1.628138585380188630e+01,1.065557776897220243e+01,6.545182788338382851e-02,8.473904138795926855e+00,7.054915525025848844e+00,5.213353794016343384e-02,1.419130883082517558e+00,-1.961783003638758183e-01,2.005403549963041154e+00,-3.354434747363381764e-01,2.105507274979113941e+00,2.090682471293138445e+00,8.996744894613247112e+00,3.599620937543717591e+00,1.667809393023032882e+00,-5.345397350442606665e-01,3.922058519177091807e+00,1.544864569014085376e+01,-3.726744298980151915e-01,-1.020706098052589356e-01,-4.691600886571140605e-01,-4.113773458030204888e-01,8.534855438100811043e+00,2.625803884860637094e+00,-5.353181012894665525e-01,-2.217038954392191452e-01,4.126252952126314710e-01,1.741938421818211680e+00,7.845993594427106643e+00,3.683251471140292388e+00,-1.393497138319593631e+01,8.927082044397559457e+02,1.316931802915117260e+03,6.276131106220757374e+02,3.705642825291536155e+02,3.034797719047042506e+02,1.911635086238150905e+02,5.466764237823247896e+01,-3.044146463896547417e+00,-2.376349095282059398e+00,-1.297403068499967116e+00,5.617144379980745228e+00,-3.713824441030105228e-01,-2.475119719591956438e-02,1.136541863800679941e+01,2.931163386054871012e+01,1.737244849219480258e+01,6.751029997212725675e+01,3.431895184117817053e+02,3.516636260607151030e+02,3.822947277322145965e+02,4.349327652086086005e+02,1.917428590221106788e+01,-1.460337505053051377e+00,-6.876791073093393436e-01,-1.362121458417215047e-01,7.701870528382568359e-01,9.970201129746840252e+00,7.140897019170194149e+00,3.604228995365620580e+00,1.419106379589888718e+02,4.282834371577705497e+02,1.431844384513054138e+03,1.932285593445865288e+03,9.549437583831060010e+02,3.939579266249931493e+02,2.771829148250507728e+02,1.065265781844916773e+03,1.791550229251511155e+03,6.006900701249415988e+02,2.753684117911901374e+00,-1.152575036631618666e+01,-4.270490876679087222e+00,-6.249823120293636070e-01,7.786116498117236162e+00,2.705656632259395344e+00,1.950436472630703577e-01,8.623103183670595240e-17
3.143715188098593543e-14,3.756767164663950780e+02,4.794584379961952436e+02,2.313166549077235175e+02,1.188491826880577804e+02,-2.494885582656981882e+01,1.316477019079806965e+01,1.836791305637495597e+01,8.594764857308095429e+01,5.729774615474205746e+01,1.006221876723107478e+01,2.568239132440789163e+00,-4.746163514628518043e-01,1.680334123253544032e+00,-5.095474949942825349e-01,5.530753027512266051e+00,9.079402208833002863e-01,4.575487728892880135e+00,4.456244560948626976e+00,3.006688994473008414e+00,5.128181165629351668e+00,6.393328441995175027e+00,8.974850542339232740e-02,2.833147174131158508e+01,1.057098024561165062e+01,3.718858422827606258e+00,1.062171776071313012e+01,5.430639981418887707e-01,1.025082896255819520e+02,3.774553815862341821e+01,8.165431399684440095e+00,3.532253737882728473e+01,1.616937296284852721e+01,4.761838379635638319e+01,2.860079920895728378e+02,1.814143661807571277e+02,5.043026884686676148e+00,-1.640746658983947004e+00,2.787073614126698828e+01,-9.152260620370482325e-02,8.081990542646092512e-01,-1.630389372271358328e-01,-2.083564179312243428e-02,4.141489485186911423e+01,5.552607526844623180e+02,1.227005920546501443e+02,-5.591746372475683735e+00,-1.723410912528792860e+00,2.130805584576026490e+01,2.985483904772631263e+02,2.591979037269549622e+02,3.739260611776394683e+01,1.212668023894334368e+01,1.118522246521602259e+00,7.495744072277631176e+00,-1.824149242590756281e-01,-6.812799020205503320e-01,-2.099820542845919069e-02,5.001660158958353142e-01,-1.726324585882194951e+00,-1.573641860668683723e+00,8.688554813646327091e+00,1.053646768653802823e+01,4.485916831574829899e+00,-9.259014713902000149e-02,3.949216460646391091e+00,5.391772487936132308e+01,1.050331614433953575e+02,3.007066172303314744e+01,7.744935670056174892e+00,9.392172676400866393e+00,5.599043527233772188e+00,8.513758892539772916e+00,3.291756416303283750e+00,2.501903459054165557e-01,4.935349997218498430e+00,1.175757589835204842e+00,3.869949370174731840e+00,9.835355020081124167e+00,3.957846439122688631e-01,6.211153667658262378e-01,-1.273795207410141517e+00,9.334776835268254302e+00,1.868186438778703362e+01,6.794711993781803905e+00,7.883407863453860687e-01,-3.119989867939956252e-01,-9.456596062611375419e-01,1.652825147144866946e+01,9.897714579552536307e+00,-3.621214978162325959e-01,5.140209895980297761e-01,-4.428255523520611692e-01,-4.467181158751666326e-01,4.512464964285354263e+00,7.069104185859017564e-01,-4.722326253585503730e-01,1.767211985721026446e+00,2.847752588727351153e+00,3.468416673563862851e+00,1.322500830809811179e+00,3.656028266991132814e+00,-7.760564042500245563e+00,5.130396724533857196e+02,1.898921622953615952e+03,1.131494983988228341e+03,1.016820260146361306e+03,8.756189821200009646e+02,4.820714691118064934e+02,1.270554330948546351e+02,4.849898960501083423e+01,1.148925684474519038e+01,-4.701755147665529044e+00,8.971550200812520970e+00,-1.206196881097232554e+00,-9.713979524800255005e-02,3.516767970180681768e+00,5.125145191872814365e+01,4.190910749680100622e+01,5.961723554960276772e+01,3.115721197322722560e+02,5.366693824144825840e+02,7.234187549719874823e+02,1.707462969281078529e+02,1.233610719470349437e+01,-1.785012671344222257e+00,-1.416096050094914016e+00,-3.970477515049308792e-01,4.992270865742995944e+00,1.475799963364968903e+01,6.900254073270988719e+00,6.025145489114059671e+00,1.957993420981092356e+02,8.806583872137643993e+02,1.358393408055024565e+03,6.908817576966551997e+02,2.887493026352879610e+02,1.176671281676434830e+02,8.076564118969919548e+01,4.952488081067015173e+02,1.546898202888701917e+03,8.706550635126773159e+02,7.177103305755045426e+01,-4.250713234908202054e+01,-1.619563362920309402e+01,4.095537684458218308e+00,8.676916304144365100e+00,6.327120286224580781e+00,8.155630749272764213e-01,6.005685845510449341e-16
7.185794833043312050e-14,1.343820268980319383e+02,3.272884196790249121e+02,2.365870984692915897e+02,3.562137538785058837e+02,1.514618081098707592e+02,3.925018288942502664e+01,2.445956209430042705e+01,7.020616037538255227e+01,4.315105606160543061e+01,2.914162998645212443e+00,-1.356694185281140941e-01,1.600768353276007749e+00,6.380433409377089582e+00,9.244502691523884819e-01,2.792562976112334727e+00,6.469281843657125053e-02,8.666846865990191162e+00,7.004626734095234397e+00,2.439124719131423813e+00,5.939813129287133897e+00,4.691978469562336329e+00,1.882526613846386310e+00,2.663080120027257180e+01,1.066930032191492295e+01,1.039027509650340342e+01,8.334211009571063755e+00,-1.411994376277284635e+00,1.215920757705706592e+02,3.678847459128907360e+01,7.880908758765613698e+00,2.692143362869354206e+01,1.054192386963926786e+01,4.957856684419673599e+01,3.455344180178777265e+02,2.738107079231671150e+02,1.753887302063083453e+01,4.770315733100076727e+00,3.010348385152301276e+01,2.053351752969799771e-01,2.075431880254449268e+01,4.169282651437341558e-01,-1.103994365259944668e-02,3.069625757490957696e+01,4.574482769108808498e+02,2.034047675018768473e+02,1.335789625384435908e+01,5.454722931640197281e+00,5.686312690644631518e-01,2.084929149566974900e+02,1.694199969503812895e+02,1.066344706451715183e+02,3.027568532236714915e+01,3.202007068787789734e+00,7.835396396249340256e+00,1.118898483303634617e+00,1.951667605400716266e+00,9.349196434320680704e-02,-2.586758808347242589e-01,4.357362780287396653e+00,6.323548685313480355e+00,1.142726920611374908e+01,1.051689267678021977e+01,6.604798672202750964e+00,1.064606948643745388e-01,-7.202892137898781577e+00,6.247948604705501197e+01,1.585989663013938298e+02,3.016940780284965129e+01,5.752933423363941756e+00,8.756248325617676187e+00,6.373671862192747284e+00,3.150032364206129643e+00,-1.350228308308684344e+00,-6.345874404233319277e-01,1.815929681153781949e+00,1.489371574365685724e+01,1.130451582707678959e+01,8.848754365517450537e+00,1.736357640814153447e-01,-1.034036566644704225e+00,3.732564478574875722e+00,1.489037472514116445e+01,1.991352626335011422e+01,5.021892560258217841e+00,-3.074250170671045668e-01,2.320000053290664499e-01,1.927674814778673973e+00,1.700184532054942466e+01,2.234975941516718745e+00,2.160420376513169094e-01,5.181510292772189885e+00,2.893463083492842647e-01,1.170471236806082338e+01,6.537648236358055698e+00,-1.350250753035537321e-01,1.570767986107499958e-01,4.187023822665999262e+00,2.632016563512509233e+00,2.837623732538738341e+00,3.402996419451218002e-01,2.570241582879604803e+00,1.480188054834646572e+01,1.603321422315262623e+02,1.433286026002672997e+03,9.558215428034407068e+02,8.704858156505207489e+02,7.471900905724918402e+02,4.020037262015032411e+02,1.192113588066402485e+02,3.780381853741936311e+02,1.555339357346524309e+02,1.271179777765669350e+01,1.422877358884351651e+01,3.065485084208658062e+00,2.480586682681205635e-01,-1.212689318558296092e+00,3.826669346465656218e+01,4.922384244935268782e+01,5.471064677232049434e+01,1.943508892798394641e+02,4.832487938568492041e+02,7.981193366418784763e+02,1.073234218754730485e+01,2.041525736656035050e+01,2.064364568885721507e+00,2.930971367385061033e+00,9.253420725003738134e-01,1.657745151200835210e+01,1.471678592990230783e+01,-6.405169574163024571e+00,-3.953740745697353898e-01,2.177893247994008448e+02,9.911778878230353484e+02,1.022969012852983724e+03,-1.072659868436141295e+02,-1.237457004797610978e+02,-5.229877322409700469e+01,-2.725654352016792359e+01,3.508214645910764773e+01,7.875218853444118849e+02,9.377409866752741436e+02,7.732595423098214269e+02,1.632199005810011556e+02,5.133854201021682684e+01,-1.584125960543947276e+00,1.464443275141203138e+01,7.365595752822668985e-01,-2.114895715288437561e+00,-5.875138601896141084e-16
5.924177183742629860e-14,8.742045932135290798e+00,3.715266693248414498e+01,2.064748009036189842e+02,5.945474000000202750e+02,3.848235480062239731e+02,5.735096581086471446e+01,2.696128945349517636e+01,1.597970681933936987e+01,1.686968523162558498e+01,1.265525437933530117e+00,3.985628791386699898e+00,6.800635146381187823e+00,1.134687834719512622e+01,3.110537954040953679e+00,2.748223983882630783e+00,1.362986429952856016e+00,1.077621494420630022e+01,4.057335033709069450e+00,2.465493532508406638e+00,4.931027388737057593e-01,2.589833112203204224e-01,5.002459136575339471e+00,2.550710760451510684e+00,2.835064739941211887e+00,1.428531704161568783e+01,5.554138582883104469e+00,-9.357168905978271445e-01,7.433036359261576820e+01,3.922603219978161349e+01,9.848596758273666651e+00,1.680640792699788388e+00,1.104945028400940288e+01,2.048885841150810094e+01,2.779362926420384383e+02,2.731760641175256978e+02,3.432752004029137538e+01,1.317629545044680661e+01,1.903314741279533351e+01,1.323464823848016780e-01,4.239285722051811689e+01,2.754973375297611327e-01,-1.476602197992140340e-02,2.815070957974091570e+01,3.409452930881195130e+02,3.046103613413368407e+02,3.870454725335044799e+01,2.364738888514913739e+01,4.262661422423662749e+00,9.152738021611823171e+01,1.723675521274411722e+02,1.409569729064666319e+02,4.019097551138189317e+01,5.894742477241008416e+00,2.446174105681863775e+00,3.415951422407803140e+00,5.043755079117580920e+00,1.053168198792192034e-01,-6.266007130106794609e-02,1.025402632906392775e+01,1.891303434636732206e+01,1.424955631633814335e+01,5.546918331064619956e+00,4.600289405292246059e+00,5.226508441193358084e-02,-4.460804831487211075e+00,6.169241354472725192e+01,1.647223202989299011e+02,4.241480203607467558e+01,3.288556220241410699e+00,8.117649442359381462e-01,3.135814768492283910e+00,5.325497049714008391e+00,-1.402225805809578785e-01,-4.187170772138744668e-01,3.188781456399652825e+00,3.708213197265202155e+01,1.676530146675739630e+01,7.507139463615923880e-01,-2.308861756425802103e-01,9.516918117213870598e-01,1.402547412765362189e+01,1.092929191563995595e+01,5.182357557123725478e+00,5.025181777806586148e+00,-3.141560725864769865e-02,6.823875095907873389e-02,5.406179991170395382e+00,7.538708970080207905e+00,-3.745053061257108684e-01,6.028974746412622127e-02,8.124196447876890659e+00,7.850867240919555401e-02,2.475467963721727216e+01,1.230676769467970644e+01,8.755364140940266604e-02,-1.822814883642480746e-02,3.835916070657888532e+00,2.191992649185930397e-01,2.543064451849869623e-01,2.763763615248732375e+00,7.224132650412343537e+00,7.149757191539766410e+00,6.034667989125538590e+00,3.753910008436492376e+02,2.619163662874502165e+02,9.628421567313176865e+01,6.759474649167677285e+01,3.683031139554231004e+01,4.060139291223791247e+01,7.605412075246387076e+02,4.250529770588082670e+02,3.017092695829691706e+01,9.779533083969603524e+00,5.360937746652824742e+00,1.638712141483071316e-01,2.537718750782357979e+00,3.259365455427479130e+00,3.181900564509268747e+01,5.679688141356930942e+01,9.298373421727343668e+01,3.170833734801830701e+02,5.743153372625346265e+02,1.885869484076189195e+01,2.361832034714900441e+00,2.148416045049339029e+00,8.428378116324276803e+00,6.009926113667606318e-01,1.487333568815387785e+01,3.178749678935158141e+00,1.639634224515447443e+02,2.115852955114399379e+02,4.352446208525568068e+02,7.151725421631284689e+02,6.743788203614145687e+02,8.878806772252731605e+01,-1.374751044022723079e+01,-8.289993842467836771e+00,2.564722734792992842e+00,6.457148551257241742e+00,8.091069229249744410e+01,8.240704635402184977e+02,1.756952966674166419e+03,7.373164004835448395e+02,1.570122455763507219e+02,1.825661993850861586e+00,5.777667243573345601e+00,-1.817902038192889869e+00,-1.400882827578254330e+00,-8.242810753687947006e-16
3.319541078596363325e-14,1.513797944355104175e+00,-2.228676264190012191e+01,2.105713177844804420e+02,5.673436208092649622e+02,3.108216976231623221e+02,3.758635058351566016e+01,3.210227435823339448e+01,9.271088259632499273e+00,5.053296922559351145e+00,5.039788355722103486e-01,7.456460126173651837e+00,1.322256503078122769e+01,7.567094939220376126e+00,4.927554541931975507e+00,9.213522857095253205e-01,9.164939661109446911e-01,5.431912209635576083e+00,1.095847964908336136e+00,4.864376180338019218e+00,1.187590104135544944e-01,1.344413342250098564e+00,3.681509848241356408e+00,-4.573079407593307444e+00,-3.642343290504774234e-01,9.260264994416065321e+00,5.235045984098591454e+00,9.733838244876759305e+00,3.917492662697267036e+01,3.783132951396585497e+01,1.227734311033306547e+01,5.254809763180254834e+00,2.149632351809777475e+01,1.419360987435601729e+01,1.269096236859469116e+02,1.387801388244895122e+02,2.324181393031662424e+01,8.013993115504684184e+00,7.831901685229176735e+00,-1.091822250398567506e+00,2.830346488817547268e+01,-2.286580724125916841e+00,1.374115758674237520e-01,3.788237260622479852e+01,4.038612902694744662e+02,1.849527272293863120e+02,3.621995987508451265e+01,4.499661710881710519e+01,5.118568020403254870e+00,7.799173902821712545e+01,2.904894784004891903e+02,9.709788401030216676e+01,3.257307813171931343e+01,1.365261293614173610e+01,5.122568679411341197e-01,2.189853841634287868e+00,2.104713376691618620e+00,-4.240423732924551992e-01,3.047792530981384695e-01,5.468179410748362557e+00,1.404967646267092540e+01,7.986215175428007740e+00,3.418923965306692292e+00,1.679119234729548271e+00,-3.978356356654056403e-01,4.759498371050475640e+01,1.141327168159415777e+02,1.068436223607440638e+02,2.358998439809152003e+01,1.148858455502347553e+00,-1.249870322280858259e+00,7.420341918512819435e-01,1.012569058234930708e+01,-3.314795170815050818e-01,4.443201718785121379e+00,8.990536316137260897e+00,3.153102498478150295e+01,1.431361159484623258e+01,1.603071027386604896e+00,3.012052903159994077e+00,1.396789253685838084e+01,2.228375313624100684e+01,4.012480493151143968e+00,1.474166137112678188e+00,4.977679278061684975e+00,-8.072769188267620022e-02,-2.775066034685886307e-01,5.834254035845902742e+00,6.989406471088503991e+00,5.588227611728983746e+00,-3.364113931847875216e-01,4.438298406503029092e+00,-3.932822888433499253e-01,1.334466796695981650e+01,6.986162486210762523e+00,-1.078196000685319289e+00,3.939282107369216357e-01,9.641058757572703586e-01,-5.937907410834383087e-02,-3.795524226816029412e-01,1.883062428003761113e+00,8.656494024575341228e+00,7.311554078199855589e-01,7.119823572882927465e+01,2.112563990934060314e+02,-1.166873933637774030e+00,-1.158305663626469766e+02,-9.769703942610455272e+01,-6.032446785828209812e+01,6.473389109955709486e+00,6.727651042159104691e+02,6.911937433537414108e+02,6.224206450632283349e+01,2.148076009714722545e+01,1.760125770803380973e+01,5.734231899545433997e+00,7.688326437372557720e+00,-4.109501873097732627e+00,1.052254845954109364e+01,5.175235021738457419e+01,1.942752365206747243e+02,4.762594873900878270e+02,3.625373488189332534e+02,2.279519954352120692e+01,-5.981042314973116447e+00,-4.388928437707809493e+00,9.321344987144064120e+00,-2.932906804946270984e+00,-1.981621283668568623e+01,3.830179834014757478e-01,7.471397860230329115e+02,8.985397351060646542e+02,1.113328016918733056e+03,4.450120189874382390e+02,2.740483791863143210e+02,1.185019125071098074e+02,3.499387829616406975e+01,1.757299613817351158e+01,1.196659229689399240e+01,1.744937615906634321e+01,-8.186693951705181860e+01,6.461867371739170949e+02,1.970742938274387143e+03,1.552405142322615575e+03,2.086507498127837437e+02,1.600398799543863504e+02,-2.147050808409242251e+01,3.026277440778619621e+01,1.190069004804997022e+01,6.649912520827466532e-15
1.972003050878598033e-14,2.696140221422644245e+01,3.812026098057313561e+01,1.768406990281023070e+02,3.364924033764886531e+02,1.986047866185938915e+02,9.311812581080079099e+01,5.304408597635247702e+01,2.105972084998930072e+01,4.954965048667541616e+00,4.726141024563251802e-02,1.446284226352097591e+01,1.995099643012322588e+01,4.503461270954132623e+00,4.398086660206559806e+00,2.030204536127714898e-01,-8.349961653774275183e-02,-6.599478376961024351e-01,6.924078663385131449e-01,4.858744804668191364e+00,1.690849414478338586e+00,3.656803104858351361e+00,7.018939256737719568e-01,1.007458497203892467e+00,6.936015260670963523e-02,3.934918885108254383e+00,-2.148208621194445556e+00,1.414977371634709336e+01,8.266865355592440778e+01,3.383312723973868685e+01,1.031163713834790130e+01,1.554119309416409145e+01,2.462789367618382741e+01,2.162582956866128114e+01,2.098362036063231173e+01,4.931779971044920607e+00,3.287343899363979194e+00,-1.088640437724464283e+00,1.439721730572358194e+00,8.607812846374065519e-01,5.704350287450234092e+00,1.798214526309602768e+00,-1.090536743061420316e-01,4.589266850322847091e+01,5.068422272048591140e+02,1.123720283931385637e+02,2.213630644806794479e+01,4.484659816516516173e+01,3.124734159244989762e+00,9.108180868000874852e+01,3.558193306268840388e+02,7.915561509453304723e+01,2.554845062339383333e+01,1.661197288866045696e+01,-3.860066296030904009e-01,-3.309061099524455152e-01,2.983432611860722394e-01,3.540931080247814999e-01,-2.033697277758773070e-01,-3.775186929964011728e-01,3.131298526180240405e+00,1.497833710991055334e+00,2.926068525951569299e+00,-2.022287615210324463e-01,3.034826055402864986e-01,8.415254528198489936e+01,1.479279964179912383e+02,4.406368432525896850e+01,-1.171613470981280658e+00,-1.619274258546722911e-01,1.278777514375268876e-01,-7.036592377456027392e-02,1.197723171726627278e+01,4.960999546836535323e-01,7.050315457073978997e+00,1.081570840136552292e+01,1.278933906500788176e+01,1.005678834515233255e+01,4.449349281787462473e+00,4.647396909348695537e+00,2.505549528137223092e+01,2.163129116944218211e+01,7.013959417133208696e+00,4.830547226062122057e+00,4.774556290106406031e+00,1.205854111193538081e-01,1.497306817439528759e+00,7.619493698317112873e+00,9.397589384663703527e+00,9.407656772891431984e+00,2.380845727634174069e-01,-6.148507275808327011e-01,7.332443689183339997e-01,-1.120233942530660665e+00,-8.219616777094567173e-01,9.068643722750222569e-01,-3.436677778306808650e-01,3.290019075745920230e-01,6.399595124083662379e-01,2.908562304834573162e-02,-2.348268618713819089e-01,5.845368579729461445e+00,-2.364319112355045549e-02,1.469545347681318219e+02,5.139580896710697289e+02,1.890156499986096321e+02,5.361185923572875822e+01,4.239464937702438618e+01,1.094182708872409648e+01,3.965056037109739862e+01,3.284209120488932854e+02,7.715683910997063322e+02,5.808618159735444806e+02,3.781080664462918435e+02,2.349570596651216476e+02,7.279008699369870783e+01,4.380390598845302463e+00,-3.040626476392632727e-01,-7.817628240000729090e-01,3.350666291097375904e+01,4.415011168230137173e+02,6.923179756079532581e+02,2.906281848927868054e+02,8.211681170312481015e+00,2.549711733838364136e+00,5.852869684660462646e+00,1.296312271608417532e+01,2.447927535143833211e+01,3.380919699782545251e+01,2.170836391838420809e+02,1.029780241825056692e+03,1.184624699565714764e+03,1.503164789383845573e+03,5.903790746022385747e+02,3.494293350520493391e+00,-1.260046950600570170e+01,-5.260429994378478469e+00,5.298362524517979288e+00,4.861796337814935143e+00,4.404133830777481329e+00,2.163371168343138251e+01,3.966425130127544207e+02,1.340870379681342001e+03,1.675563698788237161e+03,5.404129751799249561e+02,1.104013398315785480e+03,1.807199073052273377e+02,1.153717361343670404e+02,-5.672303766875626430e+00,1.647585324983499544e-14
-9.189791576163092392e-14,1.439579116499693079e+01,2.759024627516655670e+01,5.783713457830081950e+01,8.476731441548643886e+01,3.219978461405167991e+02,2.879325747116421894e+02,9.038002998535685606e+01,1.656054995556045029e+01,7.182045092753655879e+00,1.253857048088042880e+00,2.505688161324301788e+01,2.419195954382410463e+01,9.614231092537028900e+00,2.283662193247686822e+00,2.850527374757676480e+00,4.623079257649957002e-02,-8.387059048133840289e-01,2.913454554321132761e+00,6.323302491904422284e-01,3.856479701095264501e-01,1.681069752669807738e+00,-6.936199183027261239e-02,3.888373261524926683e+00,4.086046099841997292e-01,6.538655790540117252e+00,1.113418727827095722e+02,1.265108842942081253e+02,2.186192422701172404e+02,3.605466032522979702e+01,4.858017324685060423e+00,5.599638782892183642e+00,1.087453063606675130e+01,1.980322353622581488e+01,3.335021218896121553e+01,-1.182824020617476002e+01,-1.067517495599771049e+00,-1.732920971176035607e+00,-5.081814249216043411e-02,7.908594638667831411e+00,4.870485277802053758e+00,1.473163785143063187e+01,-5.345887415202369430e-01,4.166196309456733360e+01,4.881480896930389690e+02,2.876994479140064982e+02,1.928374464556541668e+01,1.438793243931784716e+01,3.872117968787351483e+00,4.483444062379118122e+01,2.575438244095063851e+02,1.502495625564786508e+02,3.181058586623115758e+01,8.234074687148261518e+00,-2.026779930623340498e+00,2.198488324437818608e+00,5.353361162558360142e+00,2.628678244255854501e+00,-9.625432062474162942e-01,2.419657802714420658e+00,1.618612659209540006e+00,3.061391603752780632e+00,1.948524765447877227e+00,-3.261537680099520498e-01,1.476753378015182472e+00,5.431073589835004611e+01,1.035254164683743028e+02,2.567252848163873225e+01,-2.120355546595094509e+00,-3.670706403973579279e-01,-1.447023067284956555e-01,-1.018906520588611642e-01,8.217604392709834116e+00,4.432147564077853374e+00,2.393884341976941332e+00,3.930917318035753727e+00,4.660607813980346847e+00,1.060567400777478575e+01,1.261506903340742003e+00,1.108851490225553960e+00,1.770669056649591866e+01,1.310253525228721649e+01,2.278500163529148281e+01,5.441106928964156708e+00,5.807055193894720801e+00,1.969326548109364028e+00,6.225689472069665165e+00,1.322500291504045933e+01,5.437097931928744465e+00,3.284589044749393061e+00,1.732963256463337709e+00,-1.078601219473046324e+00,4.848029396547236303e+00,2.892512735762593934e+00,-8.301687473100710646e-01,8.485291235410461042e+00,-1.712396863802577052e+00,4.021445076057236001e+00,2.900080101672670163e-01,-1.004290577491367131e-01,-2.664149185637638695e-01,1.515437158310213750e+00,-8.484355192223608233e-02,7.490050308732497797e+01,5.183262082984424524e+02,4.925518036156194057e+02,1.146716088642155142e+02,3.136630833929615392e+01,1.729313630323140316e+01,1.001812043866693642e+02,8.992417070446927596e+01,5.885151445929731153e+02,1.549936069321465993e+03,1.043981639881710862e+03,6.349136983130680392e+02,2.211636003207082126e+02,2.724831046969017834e+01,1.738345821277998304e+00,2.372778880194405815e+01,3.754238593242410360e+01,6.337376949615885451e+02,6.379309027251545103e+02,3.687579314257936289e+02,3.477247563446787382e+01,1.070626055964492096e+01,2.516123505884884182e+01,1.819832338761921164e+01,9.526186930372674055e+01,2.493116466041618651e+02,6.521381925776851176e+02,5.253845584099694861e+02,5.195094359676659224e+02,1.083575966727134301e+03,1.104900913447413814e+03,-1.158972170922572609e+01,-8.048981066053526590e+00,-5.910925078312494918e+00,1.801196374159170499e-01,1.873239697360156697e+01,1.012332135853881532e+01,1.818453972244399353e+01,1.000857354118694076e+02,3.518258661298946208e+02,6.757312652420121140e+02,1.158003712367910111e+03,2.638690037731862958e+03,7.410061389773420615e+02,4.999499402274745421e+02,1.491477242385996931e+02,3.482094493950799106e-14
-7.362054296718154635e-13,5.888720263667371890e-01,2.501708366430697605e+00,-1.312784532978288610e+01,-2.644177633541719530e+01,4.001853510607441535e+02,4.449828967155127657e+02,1.116348778183137682e+02,4.992516880468735252e+01,1.321747194895693767e+01,5.878189711588279742e+00,1.993162013285876100e+01,1.835272527701763323e+01,9.655443356673991673e+00,6.041660938229861166e+00,3.110163569556608554e+00,-3.712725615328880679e-01,6.322613484751199442e-01,4.886608866500006698e+00,2.711646917298306203e+00,6.865075475547034456e-01,-1.424317643387953414e+00,6.849467696233874081e-02,2.818285928330144685e+00,2.815889395771069115e+00,1.098392018775554213e+01,7.637420800120103195e+02,7.478106149104655742e+02,3.501541325099841515e+02,6.179074841128709750e+01,1.201087119308138007e+01,-1.950673790507374772e+00,6.332162184816369610e+00,1.107994042183898031e+01,3.909332961961643349e+01,9.610155226114381222e+00,1.183845606127713612e+00,2.116390320151638083e+00,2.203479150518115881e-02,1.198633467119131701e+01,5.531273975466783455e+00,1.409120117911571057e+01,1.368140485365096248e+00,3.811637368058235609e+01,4.361915483208346132e+02,3.129986327853492298e+02,2.054764637014885764e+01,-4.717595816517508922e+00,1.318537797386696075e+00,1.526747287812616527e+01,1.824026377091340976e+02,1.556499009137814937e+02,2.824368161657290344e+01,2.263567056722991300e+00,5.243851123778142664e+00,1.858705411506754857e+01,7.673324850412233111e+00,1.057092872801701500e+00,2.503849343164968655e+00,5.840214922008853726e+00,4.073082683012636096e+00,3.587479050120124580e+00,4.232582309033922741e+00,5.099441579709528272e-01,-3.376215571718728103e+00,2.877658250795136752e+01,7.024134097333816840e+01,1.348145827844913214e+01,1.210238215602253481e-03,6.665111562402967760e-01,7.844200856985058534e-01,9.847125399505193832e-02,3.211278462474774553e+00,4.179370232014527176e+00,-9.957983463189890028e-01,-8.313123139381104476e-01,6.220302412400052994e+00,1.293275694931105413e+01,2.094455142225368327e+00,7.921251090241482329e-01,-1.175374819690715356e+01,1.626809620713207849e+01,2.734941386175330891e+01,8.103956658460548468e+00,1.108632335565894955e+01,6.486464156504682776e+00,9.858812485332315134e+00,1.371487965019125177e+01,5.303335552377606010e-01,-1.414399061655259082e+00,8.652443943544653182e-01,1.534867920877793779e+00,1.110932264622886656e+01,5.648344376842256764e+00,1.857762136997072322e-01,1.314739566192712772e+01,4.381571264132661625e+00,4.296970576203276160e+00,-1.684167315465371351e-01,3.755951680400152481e-01,1.136250461397246697e-01,-5.796714594001149967e-01,1.808851658991198486e-01,1.062255772853445279e+01,4.038679877613436702e+02,5.872427008080303494e+02,1.108611265879870729e+02,-2.854025295831955411e+00,8.583196564674967277e+00,9.172958694240539046e+01,-3.064910314434857508e+00,3.511254990910977654e+02,1.413584267347363948e+03,9.159685327158709924e+02,5.549156531855539924e+02,3.432971839027082410e+02,2.049309771213851832e+02,5.506084228621242005e+01,1.447685239683703173e+02,1.809192470890836546e+02,4.715431027790298231e+02,4.852592587272423543e+02,5.042313655431867687e+02,1.795222983967256027e+02,-2.060375475363922959e+01,-3.485875416832488582e+01,-3.254470915058295111e-01,1.418802515182043749e+02,4.644934606689026850e+02,6.682038041874928922e+02,9.586300232966310375e+01,8.742896908400923905e+01,7.439211825018354602e+02,9.263434499095609453e+02,2.342991099193616478e+01,1.697436566417696469e+01,4.542300861665911071e+00,5.433606104911632706e-02,1.958116662542925468e+01,1.151427227102482931e+01,-7.804475629286836913e+00,-3.862303764675018414e+01,-1.343570242784635695e+02,-3.641556341488516324e+01,9.705074665425920557e+02,2.326485835248044168e+03,1.282464252270686302e+03,1.894038462816662104e+03,1.230724034946687425e+03,2.222855740204003284e-13
-1.404276740043018043e-12,2.245318192639354393e+00,6.423362315556389035e-01,-3.231647617205481993e+00,-2.215888863978592749e+00,3.003952415815866743e+02,4.282445402903809395e+02,1.361480314972948804e+02,1.223038794334628676e+02,1.898502545588214474e+01,9.778960810370209700e+00,2.282562499453290705e+00,7.525809079543780200e+00,5.163890579576267292e+00,1.247930756259071927e+01,3.715705025197950651e-01,-3.508823128121225654e-01,1.621952589480427642e+00,4.680958022512781369e+00,1.138718211854092566e+01,6.263475262411433597e+00,-8.597690952323364666e-01,3.397282397697701239e-02,2.837327481619374425e-01,4.057522494285218606e+00,6.002872866705684096e+00,1.404210845261629174e+03,1.357877031486754504e+03,3.624936232273016117e+02,8.283210062109576199e+01,2.427078977465231802e+01,-1.347922085091935174e-01,1.605758979836639710e+01,1.364752432399455762e+00,4.114019680167224635e+00,1.587861276212955630e+01,2.661512081077420433e+00,4.975365389911607927e+00,-1.515685143247421686e-02,9.869253922605835783e+00,9.878879616066985614e-01,1.352850353429806640e+00,4.129396325379114607e+00,3.722484258319136785e+01,4.330760340268110440e+02,1.671608252434260180e+02,2.257983940516571053e+01,5.923168893940063962e-01,1.123711247147274861e+01,2.550694288932324483e+01,2.038723081398906061e+02,1.022622667945177852e+02,1.875400288955298578e+01,3.181826881749336700e+00,1.517767137967801538e+01,3.434168167290965812e+01,5.167683769015718021e+00,-6.722781402009471163e-01,9.022522801951858185e+00,5.091763951372378472e+00,5.072398582427977587e+00,4.603913332133107161e-01,7.883944162494533892e+00,3.716664576363326589e+00,-8.285199430769387696e-01,6.178965634728306355e+01,1.086422760576312925e+02,1.732798574048042539e+01,-6.533837200025337522e-01,1.882965546418182257e+00,7.251385500878279045e-01,6.218477499364039041e-02,2.250475490608418450e-01,3.249307750763554270e-01,-2.236149285767166650e-01,-1.940546773226543842e-01,9.353475630166386168e+00,1.254936725975936795e+01,8.411271776851068083e+00,7.676027977821863857e+00,-1.745605215069870431e+00,6.502720052375808280e+01,3.737558918705256872e+01,1.355755254154273004e+01,1.810794152025331627e+01,9.563363563415933299e+00,8.811053292315106589e+00,8.614453977776628690e+00,-4.138314761169846201e-01,1.362791382612193347e+00,1.306482873101161291e+00,4.339746390167082524e+00,1.507673329229411863e+01,7.215598470531732200e-01,2.129269551697990259e+00,1.246704486735154482e+01,1.279397997994363223e+01,5.061761328453563413e-01,-7.171520852076851416e-02,3.364808999900059105e-01,2.047550178136009133e-02,-1.093019129179950005e-01,1.494809460371117893e-01,1.293055186646941657e+01,2.892030757290842189e+02,4.708078016891002449e+02,1.414444588759892554e+02,2.111444231288240303e+01,1.394496708616669700e+01,2.467694863467364641e+01,-2.523917671985196343e+00,2.211580792666844104e+02,3.371173947422352057e+02,1.249697470407411970e+02,6.302382689569039087e+01,3.543783069701407271e+02,3.895222643270618050e+02,1.577637619551903185e+02,4.195213538315358051e+02,4.014581751679612012e+02,8.777318243125725417e+01,3.421766739531061035e+02,5.721047959238215981e+02,3.546616007187902824e+02,3.323039547609725730e+01,8.586267680942628999e+01,1.010834931754697408e+02,1.579695936322014518e+02,5.549812768612699756e+02,2.796084650732086061e+02,6.020052079265872180e+01,2.113926641102452209e+02,7.434720006240120256e+02,1.901163766532671673e+02,1.992864470825595546e+01,4.002640595208186269e+00,5.492612916491881769e+00,4.910521795904505826e-02,2.368119396049325864e+00,2.278133273541899317e+00,-1.519385814397586021e+00,-7.693923625720147541e+00,-2.637959876538849358e+01,-2.019773053202458257e+01,1.090687643747763644e+02,4.347890096450448141e+02,1.358991612701336180e+03,3.137840742037841665e+03,2.336068517908287049e+03,7.098024940035914325e-14
-8.812087118105741433e-13,3.326009445410152754e+00,5.568647119770518295e+00,5.603935093348145102e+00,1.024471912273270036e+01,1.204586584679371555e+02,2.107282221714612547e+02,2.222254228735851598e+02,1.811218886440302924e+02,1.960265236510036857e+01,5.292675770191349827e+00,-3.486790728738855094e+00,6.768482610269910715e+00,9.751568191971905719e+00,9.385111937943859672e+00,-5.069985479530435546e-01,3.037767154378836487e+00,3.559790089709176986e+00,2.124488282006992801e+00,1.603289445944206904e+01,1.678321912521915493e+01,6.595751970894050409e+00,-1.920335455844602579e-01,1.838200767253427015e-01,-1.118338140416075710e+00,-1.361452890003297611e+01,8.030316899645689546e+02,7.875320836283073049e+02,1.798882235718917570e+02,4.173662176151422898e+01,1.516866299118446015e+01,-1.579369346952023356e+00,2.211459497293034460e+01,-3.582468134853181052e+00,-1.208104330742596905e-01,8.343341270826410749e+00,2.921256443975470685e+00,3.156912274809683172e+00,1.590181690243435142e-01,4.583333992837466120e+00,2.878435157334853223e+00,7.251124231303505141e-01,2.958514824412202593e+00,2.867473852409179003e+01,4.913282203073144956e+02,2.174573994529301046e+02,2.969890204264121181e+01,9.447293196165368556e+00,5.975294861914350264e+01,2.980011388680033235e+01,2.439298681626538041e+02,1.536713208516651719e+02,3.357260963573927626e+01,4.802256405671785799e+00,8.964915612156730162e+00,1.948417814279817506e+01,4.273772488060476604e+00,7.597664254860019284e+00,1.199253400182023732e+01,1.600255930307516117e+00,2.803652738039037917e+00,-7.950161071302396243e-01,6.517829850894019117e+00,1.102877509932115530e+01,3.330750282382322780e+01,1.620489407461095368e+02,2.103591231470363709e+02,8.757156544241159679e+01,1.195092210772033958e+01,2.219796939602104668e+00,-5.030944573427111877e+00,-3.890207702688030511e-01,-4.257640557927236391e-02,6.185955161654030920e-01,5.575227255560744055e-01,1.943395054779406550e-01,4.777687005602367698e+00,6.178691094469314748e+00,1.191084772846919471e+01,2.179046282284095071e+01,1.350864068233607611e+02,1.808040944103331071e+02,9.931616251379416838e+01,1.949411600783156118e+01,1.989134941832183401e+01,4.388459418398184653e+00,2.287999387328649714e+00,6.192805946065276679e+00,3.777080231554824863e+00,8.748990644584866416e+00,1.093981046970800364e+01,4.750288080448867412e+00,1.074325857253952954e+01,-9.318637174284196689e-01,1.129689953063970798e+01,1.085884725327980149e+01,7.886436142148489203e+00,-6.562092741249478944e-01,3.721468480960693492e-01,-2.324249375157743991e+00,-1.485443286416770169e-02,1.167798661155668022e-01,-1.012980830537214327e+00,1.004232260866013071e+01,1.196792293740627002e+02,4.056881171657043410e+02,2.637200517595584870e+02,6.056589236545794819e+01,7.153492548796666739e+00,5.221014882124573653e+00,4.627703701137998671e+00,2.489440470468782394e+02,1.001329552388567379e+02,-4.828544522366892977e+01,-8.365449615256220284e+01,2.303491163534274904e+02,2.337382220042821075e+02,2.428672884349290939e+02,8.314382894247055447e+02,4.753182350869158768e+02,-2.882362985976651260e+01,1.854227249753541003e+02,4.671106908152496544e+02,3.485773689307504242e+02,3.683653530101471461e+02,8.017790485519761887e+02,5.263087823034356916e+02,2.159546701219393015e+02,5.053732714850364687e+02,1.312267595148725263e+02,5.096532168799582507e+01,2.134534555823454127e+02,5.976473569480469905e+02,1.343239855776224090e+02,4.083198014993772063e+01,1.871027841532931779e+00,5.400307688771181169e+00,-3.398611440054536414e-01,-3.529063220473706242e+00,-6.078453760981692433e-01,1.976752254730963720e+00,1.153636374076655535e+01,3.526344198635340632e+01,2.730457104980520100e+01,-1.440349653782255359e+02,-2.262387865741862640e+02,6.781356334217520043e+02,1.801742927295222216e+03,1.374977441800534962e+03,-5.531864451560628684e-14
1.205861170663903371e-13,4.585293515010311793e+00,-2.838550228302254563e+00,3.910189896817873212e+00,-1.152676161576921210e+00,-9.369753173162512994e+00,-2.960440158335480465e+00,3.116726360430273530e+02,2.520624295813251763e+02,5.274063879340121019e+01,9.577964598444445032e-01,7.422819021095008463e-01,8.705335228180492990e+00,1.295263689807332774e+01,1.531121353138778396e+00,7.439354932747056781e-02,4.743275844350284487e+00,7.117342479161180790e+00,-1.827161488551062585e-01,1.277218930362266747e+01,1.919406485890313618e+01,1.076479696130700603e+01,1.180634920387714920e-01,4.546084216290790181e+00,1.036670074103882477e+01,9.073344283956760847e+00,-7.058927211107624089e+01,-5.531625699992004996e+01,5.785278793546221543e+00,-2.639703993336140808e+00,3.060997338244707322e+00,1.323900551687378080e+00,2.662824180396004436e+01,1.594057845345329127e+00,1.143624697137954804e+01,-8.654316433444937395e-01,5.364643584690249156e+00,-4.212503047156663794e-01,-1.077768560195119657e-01,-6.429031214428088115e-01,7.019095596288578598e+00,5.990244483166637046e+00,-4.777444982436680476e-01,1.525242090687125618e+01,4.354214361270058475e+02,3.508811360782900124e+02,4.391034666628676320e+01,1.195211040667884106e+01,8.496515580614378393e+01,2.767341262726306539e+01,2.463233867768809660e+02,2.378346214035197477e+02,6.499865268407786800e+01,1.050143105069729721e+01,6.975939650803296699e-01,-1.724529101148251753e+00,3.956097043616963127e+00,1.374721242326100601e+01,9.735516776222988611e+00,1.422794781753085602e-01,-3.691875149711407733e-01,2.175675928774961077e-01,6.942438140409743497e+00,1.006079439823623645e+01,5.640555642983095908e+01,2.573177002510014404e+02,2.363048676816456464e+02,1.414449587110825348e+02,5.322106687291083915e+01,8.480123143539445962e+00,3.387380723460727161e+00,2.487011174405543423e-01,-1.482752673098776675e-01,-7.361666775025389464e-01,3.841721816078517149e-01,1.804069036807585263e-02,-2.238405748010294516e-01,-6.964653526261936900e-01,1.337733688190231440e+01,5.765650077122776196e+01,2.336549839291953674e+02,2.214622571927831984e+02,1.620488777723612372e+02,4.442970025161321956e+01,1.778549883721431613e+01,-3.840247014184066873e-03,6.256934020881059766e-01,6.079209215659584054e+00,6.626639107643085502e+00,1.162380218641588847e+01,1.625440706051288231e+01,4.245545812115061324e+00,3.562405907638156677e+00,1.021963173048726081e-01,1.587534922893659584e+01,7.626303881329097756e+00,-7.236102118735374678e-01,7.454180020738758461e-02,-2.215901710702808391e-01,1.490725553177235208e+00,-6.043686829837557548e-03,3.836637817579246004e-03,6.472279571357308914e-01,-1.084600941035476218e+00,-1.071391089098093907e+01,3.151923709361566353e+02,3.912262654583330459e+02,1.097813655838997988e+02,3.984550990896641720e-02,1.696604128517763854e+01,-1.306683489430721767e+00,3.237527011304949269e+02,3.807896524716321665e+02,1.403872765807871588e+02,1.082365320915994644e+01,8.370008101801145983e+01,-9.360464887383013632e+00,2.353079260154028702e+02,9.201758147372286203e+02,3.672516062115184923e+02,2.052558453265569227e+01,1.801195000774283983e+01,3.359923212596616509e+02,2.361485026886398657e+02,5.422399725076994628e+02,1.148823430133952115e+03,7.249820368986017911e+02,4.339378566919599507e+02,5.578318103339734080e+02,1.451296110327690769e+02,2.583570742147340282e-01,9.676059220474660094e+01,3.789497279241075489e+02,4.355183353186995419e+02,7.171773360330088565e+01,7.111559163362131564e+00,4.594814774747853825e+00,2.179702458608465954e-01,7.007429066899590886e-01,8.031098916173864399e-01,-2.146763551688047611e-01,9.221423204832018827e-01,-4.441031532060759623e+00,-3.444142474650712327e+00,1.819474602509258077e+01,3.214522079336602189e+01,-3.010461258514294514e+01,-1.187246914785423257e+02,-1.045332159029173056e+02,-6.773823381734310656e-14
3.532960180326583534e-13,1.746924851738374329e+01,-1.642081636693214364e+01,9.114858926869237266e+00,-1.817106022093487816e+00,-1.504458643549011043e+01,-2.786067136890436657e+01,3.393708481625291142e+02,3.565323134321594694e+02,1.341473202114117385e+02,9.759263362172944767e+00,4.431804639894481035e+00,3.468224049152704325e+00,4.329805029259086169e+00,-1.092578159832241935e+00,4.326313052477714360e-01,1.318426007534576394e+00,1.073447366377998691e+01,-1.887111302201134599e-01,3.769123839204541859e+00,6.368075279722548387e+00,3.890575321281080523e+00,1.264956205345524554e+00,8.292731470005477945e+00,2.927155834288370428e+01,5.672942224726258331e+01,-7.258577642602897129e+01,-7.346728060575075858e+01,1.117896090508653906e+01,6.654786238381284136e+00,9.271142922325477542e+00,1.429688565695127522e+01,3.459859707640493554e+01,1.643574159243988220e+01,8.894170157203314275e+00,-1.657017165847782580e+00,1.291857057287723975e+01,-1.244856591239278609e+00,-6.795199026551836941e-01,-2.215544890486702112e+00,6.190823693111012105e+00,4.642390749000500527e+00,-1.738971991714977738e+00,6.751181832937947824e+00,2.061800348935658462e+02,3.657490944422808639e+02,5.932350090864523651e+01,7.096049155644330142e+00,3.936437663348110760e+01,3.140339917049402629e+01,2.058677834966547664e+02,2.483091951564300075e+02,8.839637197214597109e+01,2.119163719367687904e+01,5.834192710099951107e+00,-6.855511348707089558e-01,1.569133263423238445e+00,5.792164995266766425e+00,4.058843280795852770e+00,2.864904541486841705e+00,-1.113543595953061738e+00,1.015287989872432295e+00,1.643029867182429626e+01,8.339769103185160404e+00,4.723482469467295175e+01,2.656284129549709974e+02,1.021538955754816556e+02,9.939698546005064372e+01,1.127971980454496475e+02,3.936655843817334244e+01,3.769545688693849428e+01,4.444000199930706607e+00,8.877031613256761711e-01,-3.782762717151516796e+00,6.377755993060845174e-01,6.455928904574639304e-01,1.026760918106818909e+00,-1.687330891535648192e+00,2.414725221719952941e+01,1.112456080090402253e+02,1.462935355350084308e+02,9.206208372267843743e+01,1.670236439857424386e+02,9.587403396391984245e+01,1.719865075237445140e+01,2.397680795088307004e+00,8.950602581434573324e+00,6.364144611889592795e+00,3.584411034085716707e+00,4.490146907120256436e+00,5.961688114708070252e+00,4.467980771512857885e+00,4.761010254612664805e-01,5.697228997299604719e-02,6.465006717937055392e+00,2.105769851320244523e+00,1.724895882689400639e-01,5.921996833966226143e-02,-1.363105970328602368e+00,1.512702364303892821e+01,-5.598062986285566589e-02,1.162635040409380899e-01,6.536069588365380767e+00,-1.647043361850991428e+00,-1.542986404007128165e+01,9.841218439110939187e+01,4.247747327733422367e+02,1.707695325296747626e+02,1.688250157499462745e+01,1.193808421349760884e+01,1.407222057212027622e+01,3.370488048055669879e+02,3.409234690631831199e+02,8.677330165982758103e+01,1.891797859688514549e+01,2.404309009038627920e+01,-2.361838670074361346e+01,1.277731495566957278e+02,4.317441431549862614e+02,2.275967618165180397e+02,1.661767541122813441e+02,-2.621361246404209755e+00,3.311779214595163126e+02,1.541462591767682966e+02,2.060225922592610175e+02,3.958768202761128236e+02,2.976843634365316689e+02,7.775486184894026565e+02,7.976206368277551064e+02,6.610741746143204978e+01,-2.251357487698810189e+01,7.506589154656822416e+01,3.040622824906007509e+02,4.420564550381125173e+02,8.258146609559997842e+01,2.867643800616697547e+00,1.457892073119910314e+00,2.169737377014500535e+00,4.601119849819395924e+00,5.273176856116642414e-02,-1.051986948000381283e-01,-1.518425141545400647e+00,-6.409827826270909412e+00,-5.003485049749372138e+00,2.705235582108556258e+01,5.331939487117730181e+01,-7.710267644566559397e+01,-2.272040631496651599e+02,-1.797995348945632657e+02,-2.443555470059564992e-14
-5.885948730363545163e-13,6.162471570135016918e+01,4.448375361534932892e+01,2.371785112668311157e+01,1.015948510561432983e+01,1.004997996296513740e+01,2.877957368093102986e+01,3.499658370492323911e+02,4.213647745273214014e+02,1.813693484325275165e+02,3.779672899790535467e+01,4.402430594465029046e+00,-7.276204923020461734e-01,-3.144727022631977897e-01,5.780815846225747734e+00,1.479899449374008302e+00,1.887296188792760399e+00,8.397162912145587299e+00,-9.239787472831900716e-02,-1.327777511606645922e+00,-6.257518512581995429e-01,-1.450344317455691145e+00,1.713745479569871666e+00,-7.800514654149830029e+00,-5.533578075419532638e+01,-1.173106033315109897e+02,1.869367516896122083e+01,6.034690494119508486e+01,-6.938625400007374822e+00,-1.549837439847455478e+00,1.419747495307644947e+01,1.721526080478500020e+01,3.609968853859000149e+01,2.631429222366352505e+01,2.079386161366488395e+01,1.682373839863592124e+00,2.322005950419076470e+01,2.170297596162975573e+00,1.649302566538827231e+00,4.099037025089264041e+00,3.263672004759567979e+00,1.794606680559942102e+00,3.354335449453277107e+00,1.554976749231707878e+01,2.276979489805452772e+02,3.655633107035667422e+02,5.358407142399715894e+01,3.140345424445631028e+00,5.843501470035193712e+00,3.417692842174884760e+01,2.149298926521128124e+02,2.501478458939043605e+02,7.900269755520568538e+01,2.121705543476320699e+01,7.734752910829580941e+00,3.462952396265787769e+00,-1.156375874897704881e+00,-3.580009055841147703e+00,6.510463985024693423e-02,2.168229425279184053e+00,1.893928636415823874e+00,-1.996622325083536653e+00,2.923654605458475331e+01,7.604672950162694178e+01,1.069057200010660011e+02,1.684944555017296466e+02,-1.913040543559948459e+00,3.499540397289327132e+01,1.182277170888786060e+02,1.319350616378888787e+02,6.352544910536278167e+01,1.655056707096477453e+01,1.780880955209495653e+01,2.154991358342271113e+01,4.932313460628226842e+00,1.787462763943753474e+00,-3.465211360626629489e+00,3.060609809281892524e+00,7.063020304505995739e+01,1.172230658809470896e+02,4.105916359112960379e+01,-9.344499272517566624e+00,1.431375801877916842e+02,1.311894218787892612e+02,2.443051638295864691e+01,-5.820576313290858117e+00,8.230271753710937332e+00,1.064202370057926750e+01,2.869404709110640272e+00,-2.559680868141080534e+00,-2.557934982854183747e+00,3.192205906738137422e+00,-1.846061252886130599e-01,1.811220084194549163e-01,-6.807074049815653449e-01,-6.203638190041679268e-01,5.265336679627546701e+00,1.381115956710306514e-01,3.134677943127877953e+00,1.578882681491722728e+01,1.294811162600909282e-01,-2.973055248695327668e-01,6.716123216574771071e+00,3.097333477028404225e+00,6.211852561264588957e+00,-3.479331280611647514e+01,3.864213631305103149e+02,2.218772764922393037e+02,6.893642179973704742e+01,3.733755245803717648e-01,1.447460773376312488e+02,3.512511735661944954e+02,1.567270820747230289e+02,-1.757541964975513071e+00,-1.063034910542851819e+00,9.294238987940575569e+00,1.515986806978957091e+01,8.756318712336496901e+01,1.012202812872971549e+02,4.504955301879457465e+02,1.025457495900504227e+03,6.068210077911080589e+02,3.488234161046067925e+02,8.469576471794655959e+01,-6.695286498733278790e+01,-1.230693373407098221e+02,3.295975781060528931e+01,7.899301978656543497e+02,6.551785469014075716e+02,-9.110510656713060484e+00,4.729595405234903183e+01,1.250393963802585802e+02,3.256046625213326706e+02,3.897434352458866442e+02,9.270355715154903464e+01,-9.875356044458655225e-01,-6.014217435289818114e-01,2.050359697227546629e+00,8.364219306298343426e+00,8.223534819426522313e-01,-4.190512176556370760e-01,1.647339262094161594e+00,2.612139693394860629e+00,2.112352996550748152e+00,-8.687937526689189838e+00,-9.297643584866884581e+00,3.091167648677927815e+01,9.092129691346001152e+01,7.122253234134895195e+01,2.380075194788876417e-14
-3.025204951352015204e-13,1.649585237918904852e+02,1.857316555566735303e+02,3.223644070292132824e+01,2.376109131988192402e+01,1.651809795471374898e+01,1.483849895021265297e+02,3.891601520405533847e+02,4.637613922543073954e+02,2.241910739455742032e+02,7.298615468672659290e+01,5.372675919456115778e+00,-2.719713101506358033e-01,3.420261793754492352e+00,1.549867864429183939e+01,3.341476906618021658e+00,8.517473114561701308e+00,2.346968399343701162e+00,-1.855583589494810282e-01,-3.236351892916960460e-01,3.306316861761795511e+00,-3.911884644270591793e-01,4.772213670934711272e-01,-8.013346206289011064e+00,-2.949211270223252512e+01,5.555335552677628463e+00,2.845217550855787181e+02,6.510457101537944880e+01,-8.369616848921570096e+00,-7.513118757845941298e-01,1.682913521985793892e+01,3.678750065015623960e+01,3.153660773257681882e+01,2.652249915726156360e+01,4.203750591925913938e+01,3.944529795091725077e+00,2.760345494184575088e+01,8.789623704244270641e+00,7.322348446370987141e+00,1.265031573201770065e+01,5.425601483191807572e-01,3.519901170122428646e-01,1.155117210596758071e+01,3.405701933965949024e+01,4.953043082525446152e+02,3.779002532803027066e+02,3.142966328536312304e+01,3.271675400878033990e+00,1.000715459799203799e+01,3.283670774659024261e+01,2.742080703554730690e+02,2.682761934489135456e+02,4.714147763076291398e+01,1.070788561759181867e+01,2.501764902643927702e+00,1.060277842306077911e+00,-8.495989199641209577e-01,-2.280490075244514525e+00,-2.317788289052505890e-01,-1.384082058042117591e-01,5.679157487705879248e+00,-2.036131481097794627e+00,4.588346471786621095e+01,1.801593486811723324e+02,1.935797740968196479e+02,3.464186407382616295e+01,-3.343926861291087071e+00,2.212554132029289189e+00,6.541302153571615463e+01,2.221709230333590597e+02,8.820549498087592610e+01,7.295024599837597634e+01,9.896767933526214733e+01,1.145783390690316423e+02,1.589703138342902378e+01,7.764707016681687612e+00,-3.818713152742215122e+00,2.757583550952494988e+01,1.302344006298216925e+02,7.102629726393816156e+01,1.092753766084127776e+01,-4.909711404473037000e+00,1.158701527360495902e+02,1.293552700288284427e+02,3.611464408644029334e+01,2.394645823371949755e-01,9.811753518765025106e+00,1.548391388069096131e+01,5.411546151388837878e+00,-1.520564637882398706e+00,-1.005395353145921211e+00,4.614980377931641731e-01,-9.403932267128421729e-02,2.424719854816431985e-01,-1.160922954468838059e-01,-4.059027184709344122e-02,8.758075770378324520e+00,1.751605385846291885e+00,9.882955165499904382e+00,2.196928852177863156e+00,1.358643791791339650e-01,-3.167190171934338716e-01,1.756135015924672471e+00,5.782529072007123183e+00,1.579712232856849363e+00,-1.235561553996618045e+01,3.188168478277758027e+02,2.972856022569761762e+02,1.291603323328450585e+02,6.609359152690774408e+01,3.373488298393424429e+02,3.380555819002095745e+02,2.875698846547975762e+01,1.545753204428560901e+00,6.585029150389772212e+00,5.491450037568028186e+00,6.222674759190475413e+00,1.339142911467678800e+02,1.864496024375098102e+02,8.170139496524701599e+02,1.947541807942458718e+03,1.335602113909205400e+03,2.906763192531339541e+02,3.532217548727574297e+01,-2.131263948302935063e+01,1.306233559334143024e+02,2.488868568464824875e+02,4.345777141662917984e+02,1.511777273011554996e+02,-8.371021765150214122e+00,1.870385160538636740e+02,2.784279428220048658e+02,4.062764585326714268e+02,4.077631825829830632e+02,9.248791701000992305e+01,-1.750429555239596258e-01,-2.267525869737889999e-01,1.560569169949302393e-01,1.024817316488635832e+01,3.196046824714768420e+00,-5.506798094282685518e-01,4.438982759617080553e+00,6.947283968014935640e-01,6.315295099341559082e-01,-2.548299711227084985e-01,-3.179556673631958930e+00,7.345364962499217221e+00,2.194019459422679219e+01,1.664866151296242691e+01,5.330101970299805023e-15
6.878258492073852133e-12,3.447134212124029204e+02,3.274079233328050123e+02,1.531421040032982894e+01,2.413980520001545216e+01,3.862270764900665654e+01,4.165171162002204710e+02,4.674674229000855235e+02,5.741718859120138632e+02,3.916516690706989721e+02,9.625418633550424374e+01,2.020641010831616668e+01,6.130082197643980102e-01,4.656014580899419109e+00,1.343193749602895970e+01,4.952561172010164547e+00,1.409866955332470617e+01,2.497587331997650040e+00,1.482488843512765220e+00,3.680409957308837243e-01,3.180458324045171370e+00,6.734899557809383985e-01,-1.816426704290492244e+00,1.644492732220646758e+02,8.327482006568769748e+02,1.841541692112005421e+03,1.899801412890986512e+03,4.606033434756118936e+02,3.674242895332022840e+02,1.595147191120491641e+02,6.266311632703626344e+01,1.331900261687390241e+02,3.278441370378259023e+01,2.538285014881630985e+01,3.217478011616672262e+01,2.232219725376096697e+00,1.482307948722247382e+01,1.527409824391438242e+01,1.315725182431999407e+01,9.692678302198784124e+00,-1.401625747818564749e+00,-1.431340739205256396e+00,1.336000192029399969e+01,3.665077844564119403e+01,5.266886049660166691e+02,3.194522069285637826e+02,2.437753235994149037e+01,3.681110685064949095e+00,2.581563058074982209e+00,3.165863546716450116e+01,2.833240127152456580e+02,2.587754816831198923e+02,3.492733543075878089e+01,7.491590533080142222e+00,3.467736899211987911e+00,-9.070174587524403031e-02,5.654036393487027468e+00,1.378428078068944984e+01,1.310424512538127306e+00,6.881896691250607212e+00,4.409405871771151730e+00,1.565371546933397617e+01,7.387053368611320536e+01,1.870237984755515583e+02,1.271745856155808667e+02,-5.777029443923896501e+00,5.264229499283866076e+00,3.609949226217026297e+00,2.658808202427681167e+01,1.643923556344355177e+02,1.551188987327661835e+02,2.207113645072839176e+02,2.935457223533844058e+02,2.903231268486261456e+02,3.469670697558493089e+01,3.211149358046338875e+01,3.400192355888044915e+01,9.240393558727164702e+01,1.348592646506606343e+02,3.669552341778232574e+01,1.408791591469332793e+01,1.130323605096176287e+01,9.020984103593804093e+01,1.030357822927775118e+02,4.071718246115095496e+01,7.524912204459387510e+01,4.998815181104244232e+01,1.138417983675529754e+01,3.442577674632631091e+00,8.660803294755728743e+00,4.414273103617142979e+00,-8.230378197976404575e-01,4.045265727070195272e-01,-1.479140508946018562e+00,-8.638290991881117931e-01,-6.250527679024737715e-01,8.340453839193573415e+00,5.740090152320946437e+00,6.951620624258151970e+00,-2.427758146023286656e+00,-7.874060093002628324e-01,2.150574136944958692e+00,3.283878431018447674e+00,2.411843941708053940e+00,-2.194649879416587179e+00,4.236536441942924114e+01,2.578377073442551364e+02,4.586564737518083348e+02,1.541208279423729266e+02,3.268627547264725308e+02,3.926632029512178406e+02,1.758142036608890919e+02,-3.114542766793663375e+00,6.094606292481551613e+00,2.651721963709604779e+01,1.205580121126514825e+01,7.167494024503182182e+00,1.195323659989118994e+02,2.953126048833597110e+02,5.582234981583311537e+02,1.180363316789204646e+03,8.315056438016023321e+02,1.306410808068542053e+02,6.444065829592099703e+01,1.258255589485420387e+02,5.090776173640459774e+02,5.528516590060702356e+02,1.548920920035500615e+02,-4.059210931290603241e+01,4.981966574542491344e+01,2.929456300881911375e+02,6.135051504878631476e+02,5.473806950834248255e+02,3.825996701889564520e+02,4.591287513598777537e+01,-1.756981638362906453e-02,7.442662789855477579e-01,6.471445638955922730e-01,5.845258985517625128e+00,2.408572377580166179e+00,4.167735314413794079e+00,4.619112164229763451e+00,-1.142228655774093937e+00,-1.426054450020124653e+00,7.086532788894404966e+00,3.758762478939416951e+00,-6.888967678091409752e+00,-2.326012046811120015e+01,-1.382148428841263232e+01,-1.734612899416224460e-15
2.972521726357291633e-11,4.802795417717968007e+02,4.380168862460984087e+02,5.198165336715045726e+01,3.036723793294870788e+01,1.649936944962896064e+02,5.984568048458637577e+02,4.638693869529151357e+02,5.336705280587950710e+02,5.165199287023189072e+02,1.755377828781200265e+02,6.844334258117844172e+01,-2.048817638936262231e-01,4.547395304212124678e+00,6.480745747976747850e+00,6.084593093266639663e+00,1.626010557416389091e+01,3.420256546497536743e+00,2.660250125265440690e+00,-3.887368835192187011e-02,-3.028503940715713272e-01,-1.809896192335226361e-01,8.106130380084266562e-01,1.114597844734518958e+03,4.340131605366334043e+03,7.034805727594010023e+03,4.761887530789059383e+03,2.304940529166111446e+03,1.425081509278914154e+03,6.005922657285675541e+02,3.434998935480966793e+02,2.025297310768703198e+02,3.440464356933814116e+01,3.011313261422576559e+01,3.513863485387953034e+01,-1.045314315563107554e-01,-1.183637463571021176e+00,1.748879031820879248e+01,1.514463098075035319e+01,1.981388884279988938e+00,2.719132667546432458e+00,6.525339580989272248e-01,1.254157401998214816e+01,2.809380172345048976e+01,3.664645270479801411e+02,2.890263170980971381e+02,2.332400303260082453e+01,1.243750982997983145e+00,7.095976326895911512e+00,3.625195455487109797e+01,2.547953115179337829e+02,2.096834282907605029e+02,3.773424655334761724e+01,1.243846577709614110e+01,8.052022215248223702e+00,-6.626543483495182796e-02,1.225092349639194822e+01,2.533516964228662971e+01,3.106007525845440487e+00,1.346356443007701742e+01,3.174906242399092360e+00,3.976690480783231152e+01,1.051460717863382683e+02,1.282116840574317678e+02,1.173109922307728148e+01,1.128851867448059032e+01,3.132884284553100418e+00,1.327967391973050404e+01,1.106070473260282405e+01,4.641177972355360026e+01,1.788352302101171176e+02,3.278321899822774981e+02,3.995408219457197561e+02,3.433319257868359387e+02,6.237093923392300354e+01,1.181760016697579516e+02,1.233028487217037821e+02,1.427345503957736810e+02,9.284813857273391591e+01,1.987062818617685878e+01,1.609255838685372808e+01,1.116122423432789468e+01,5.845078563272319627e+01,7.737574392594473238e+01,4.518056395655755608e+01,1.220512015775045143e+02,7.349197345896102718e+01,7.565061094997351354e+00,-2.645756796413650802e-01,1.386356809958785163e+01,9.547559895707058431e+00,2.370302363067061102e-01,-1.849084535881889702e-01,7.381024360678982710e-01,5.744974542629741610e-01,3.904246300460191277e-01,7.847483409714881120e+00,8.044207994771522152e+00,3.619881137703062635e+00,2.417579817822710364e-01,3.881843534430319820e-01,2.657673270074059069e+00,5.782157109748363943e+00,1.892699543266026518e-01,4.252708414075685450e-01,6.145325097803127079e+01,1.781218060621249037e+02,4.872906518191611553e+02,2.728600300484355330e+02,6.308483452337069366e+02,2.916618966411801352e+02,3.011833567352439012e+00,1.456004759456354947e+01,-3.819987823782023395e-01,3.271775783656586611e+01,1.613678709283906798e+01,1.580247533067167431e+01,7.704024519649820490e+01,3.159112984476275869e+02,8.050243150009026749e+01,-7.992933299728224483e+01,-6.124294069523140394e+01,7.935459963931667637e+00,2.050285173912299967e+02,3.899132768888410396e+02,5.950824735667769119e+02,5.776065800081383941e+02,3.332825627425535231e+01,8.659913648870617209e+00,1.231120957157930320e+02,3.550951624164988516e+02,7.982069414946699908e+02,6.136178053030857882e+02,3.992502859604345531e+02,1.799602211503948723e+01,2.315688936748028226e+00,-3.122072437800416655e-01,1.020873024397186191e+00,3.879957079918802676e-01,-2.693730002158275516e-01,7.816735892408360975e+00,2.879730851475540643e+00,2.905939864279137308e-01,4.928206901758399039e-01,5.350663823338315694e+00,1.472740271106115495e-01,3.872902874277421414e+00,5.879390473163484288e+00,8.669369278295892656e+00,2.382609298487266133e-15
6.366811143220296864e-11,4.571052683684068256e+02,5.161286484236834440e+02,2.333014190698595769e+02,1.087268014858240264e+02,4.052439650965645797e+02,4.685952700050449948e+02,2.875177941129380770e+02,1.860872652201175583e+02,4.082758818389042972e+02,3.518617206237562982e+02,1.610707012359153509e+02,3.306445355282848997e+00,6.266915935396522919e+00,6.630491107255658711e+00,7.283462984425272069e+00,1.491028602249337887e+01,-6.155265846912687522e-01,1.029353077766230529e+00,-9.390259507738600575e-02,-9.451194408598379004e-01,-1.268155286880639387e+00,1.122005308828010683e+01,2.779616371133714892e+03,1.045770689727799072e+04,1.431756054173819575e+04,7.457817058433926832e+03,5.377552563347478099e+03,2.833281365431940685e+03,1.172101383177401885e+03,8.400181355956630114e+02,1.399940567061611887e+02,2.798553221820975878e+01,3.987334477558145807e+01,8.648313752629229612e+01,2.775869036822631863e-01,-3.077819552684754267e+00,1.402052668814983072e+01,1.092916144373851139e+01,2.314105580175630505e-01,1.440045919216921888e+01,8.075204739188414749e+00,1.432023588853565599e+01,2.273059921878493128e+01,2.368812909474959554e+02,3.845522936863455925e+02,1.664527575368948575e+01,-1.652118562508708033e+00,4.586866173742540553e+01,7.374182656252114043e+01,2.606094382054528182e+02,1.371994696264626441e+02,3.566642278504685493e+01,1.842074784050771896e+01,8.698784359232075047e+00,-7.967578533508663519e-01,1.189057151428776926e+01,1.540102324092402775e+01,3.584618612907307433e+00,7.945035320584814542e+00,9.009220509829237500e+00,5.070265807588356211e+01,1.242070318036645489e+02,8.400575742066561702e+01,1.759750694754234068e+00,6.421267973811637830e+00,2.075945092115662582e+00,7.123263388758660497e+00,2.526882510205082699e+00,4.420057246523064087e+00,9.383537976871603803e+01,2.733906350137203276e+02,2.486944768071836052e+02,1.326861712565415132e+02,8.970200497021566832e+01,2.594791834436905447e+02,2.349051118817143617e+02,1.241493186113156355e+02,4.447128724210812578e+01,5.230220766036913993e+00,3.558021258405259957e+00,4.080616990362904595e+00,1.910709223170197291e+01,7.302340069793622490e+01,5.753412298147073756e+01,5.104137073158702975e+01,2.995596572302058291e+01,1.322555370220558935e+01,-5.383295187937168214e-01,4.198467659233388716e+00,1.149031069468223976e+01,4.021584419064804905e+00,-7.798577350577194922e-01,9.543225447607389000e+00,8.189812966191208687e+00,5.139701675677624593e+00,1.023150208171661113e+01,5.126832651396668439e+00,1.076305773369028529e+01,4.730205740633985911e-01,4.085327676080094506e+00,-9.347408270533891228e-01,1.691296502010931624e+00,5.199906303831743237e+00,4.461178796786617440e+00,3.612208252007780374e+01,6.763723606012383982e+01,2.255632095863716984e+02,5.381255807999178842e+02,7.449712423277262587e+02,1.204681127527431812e+02,-1.682392900339552710e+01,2.079403529833060560e+01,1.199090227754894933e+01,1.257706642906441097e+01,7.589655663790066953e+00,1.244104470002518070e+01,9.458006953816854434e+01,2.808624479060267163e+02,1.556795290473635163e+01,-1.577606462150375819e+02,-1.184957201513317671e+02,3.931782817495312088e+01,4.059606853003899118e+02,7.276627216825949063e+02,2.919744819714635469e+02,2.076468079392184620e+02,-5.162547379265019387e+00,5.675581024435255806e+00,1.866632926605254852e+02,3.859844529070009003e+02,5.427442521290488457e+02,5.046415583295249689e+02,5.522272577442975035e+02,6.969156928498506431e+01,7.335288477024775489e+00,-2.413714388148493928e+00,-7.399759364878478740e-01,-1.085098280178378900e-02,-1.161809365628314383e+00,3.757245804651687227e+00,8.933526404648659547e-01,2.659609723864154507e+00,5.684160791992093564e+00,4.067850196732162082e+00,-2.202919437603769737e-01,4.156463542138772560e+00,7.518592124498097107e+00,1.767507020520967531e-01,2.431550432109121551e-15
6.411474073479096968e-11,3.585404534920057245e+02,5.759594653245854943e+02,5.488046765564506586e+02,4.034401827547980020e+02,4.853122897011554073e+02,2.505364361000661972e+02,1.009424278724176958e+02,-4.622525027114339480e+01,2.041068028426484773e+02,4.776500151901195181e+02,2.758839637674590790e+02,3.643177953461818674e+01,2.565361456850224098e+00,1.146700160714397931e+01,9.987752863515529711e+00,9.720970532081542714e+00,3.862132923227274084e+00,-3.355353320008006013e-01,7.519676266244801344e-02,1.190726721177108205e+00,2.558498109823222233e+00,1.829039277072813263e+01,2.702215062550352286e+03,1.267965916016450501e+04,1.420972467854296156e+04,6.716968848716692264e+03,5.312873688650587610e+03,2.615003925328478090e+03,1.028035132468418169e+03,7.706659641220668391e+02,5.387534777941068143e+01,2.001864835771856832e+01,3.392985383160663559e+01,8.809061203003045648e+01,-1.083798369760181624e+00,2.987837378458218840e+00,1.186437543859912935e+01,3.777610350372757608e+00,-7.209845831949449613e-01,1.850503991190213071e+01,6.982205226916693874e+00,1.060838962032901200e+01,2.104843869974408577e+01,1.441290469365528111e+02,4.593480861857584046e+02,3.962451101659880948e+01,1.221729637503885080e+01,4.199506362945842142e+01,2.251476661857239208e+02,3.814177336089065307e+02,9.007665902841004879e+01,2.880022963891925158e+01,1.909355667628751263e+01,5.747517163747373203e+00,1.826462829673693777e+00,7.030050830063148126e+00,3.318578775815732129e+00,8.062178478062570486e-01,8.364312765785143489e-01,1.989451828374088294e+01,4.071611662972183154e+01,1.159054935176962289e+02,5.033250255195986966e+01,1.564510309967609025e+01,-2.188765082443081766e+00,1.729927310112947758e+00,-1.733032382365446711e-01,-7.604943516665290115e-01,1.409377635672094398e+00,5.822901322166452331e+01,2.008901513772994747e+02,9.302361824049596351e+01,-1.913605862371844069e+01,7.985107641615483942e+01,2.753197258842423594e+02,2.513306757939043337e+02,8.182003830064552119e+01,1.690037116210982759e+01,-1.396722642148604310e+00,3.667616576963088626e+00,7.979759597773996127e+00,2.681657484795779922e+00,8.337949186967985327e+01,6.437652639643600594e+01,-7.922728918667959697e+00,2.395937663449716926e+00,1.302705107312919530e+01,2.673118074954158874e-01,6.367012048441217376e-01,7.451018594562846431e+00,1.200307346829658961e+01,8.248986534086697020e+00,9.590013691636860571e+00,1.036494304535780664e+01,4.520848511782797452e+00,8.350093765653681999e+00,1.275154221723290071e+00,1.570373458307371628e+01,-1.984503550870337640e-01,-8.872413413464518284e-01,4.139661809977576823e+00,5.591800903146756374e-01,6.218219820895811267e+00,8.519649384164738493e+00,3.797683076518512024e+01,2.860884885987509918e+01,4.994284503763834238e+01,5.705906809060129490e+02,5.679058387231316374e+02,1.531383196296145499e+01,6.117193152089123842e+00,1.668283254139698357e+01,7.380456414933661335e+01,9.941183477753993969e-02,1.915453633922141741e+00,1.631460484511036313e+01,1.708601112325366103e+02,2.235762890886016407e+02,6.573908612244021299e+01,6.764432340022405299e+01,4.310562725961685970e+01,6.977583106140791358e+01,4.211995271644579475e+02,6.127335810039916169e+02,2.664321887044572890e+01,-4.812232152411002772e+01,2.001079015019979224e+01,4.209657581810275673e+01,2.879015919028367421e+02,3.356535526614571836e+02,2.129004567279935429e+02,3.966236589480375301e+02,6.898599204462507259e+02,1.190405479876414603e+02,-1.235413347292577013e+00,5.626487329586423058e+00,3.155856001179538683e+00,6.347253011212929952e-01,1.816766965240732556e+00,-2.489438979269510632e+00,-4.319558454913968171e-01,6.500074744944056571e-01,5.043558127387687051e+00,4.792479350873490418e+00,-3.429430726878487379e-01,4.586426331525436773e+00,-5.407305242355802122e-01,1.144405314703725374e+01,5.735822611782118541e-15
2.863447569528078367e-11,3.080025331556777815e+02,6.068048963989975846e+02,7.711527084143913271e+02,6.965239391640694748e+02,3.242989016442228944e+02,1.056209130124120463e+02,9.403872088184206390e+00,-1.301158730633292393e+01,4.576553660010451807e+01,4.659096253209510223e+02,3.673985471958595213e+02,1.032789616848254468e+02,4.371592329360047380e+00,1.310824046386651531e+01,1.138687078936040464e+01,3.175346441029873734e+00,1.476000112914898033e+01,-9.661349480088249342e-02,7.034609805151449680e-02,4.315502822448679332e+00,9.802915121509295560e+00,6.612873073760607667e+01,8.981691472887451937e+02,8.984007649733810467e+03,6.373855217300090771e+03,3.040878879695543219e+03,1.988626560697806553e+03,8.415670064926471241e+02,2.458679517983580070e+02,1.428600552308353713e+02,2.478809794245573883e+01,1.591154584626476165e+01,1.290147387528944911e+01,2.665697410493066855e+01,-1.473524977440818562e+00,8.815488783254075145e+00,1.156786137724696140e+01,-3.474479441885736097e-01,4.709988164884773010e-01,1.269257203327977024e+01,2.330953347871467934e-02,1.575397395383697052e+00,1.849198738649998930e+01,8.480417966701813270e+01,4.647838662224495465e+02,1.030652475099111882e+02,7.731614887071201281e+01,5.273233903818061208e+01,3.848252342057992337e+02,5.097874566244818766e+02,8.239367813682090969e+01,2.167129119719490760e+01,1.320381037438837701e+01,2.443918027016985128e+00,7.600950856798667665e+00,3.163682630699547360e+00,1.251130293623008150e-01,-9.983135979609155664e-01,-4.654072297155264493e-01,3.050579286719992211e+01,2.773291159385754057e+01,8.785493926312902602e+01,2.065988388876940007e+01,3.192173671248287103e+00,-6.342923177422890024e-01,9.593296699191935506e-01,-2.669597930903136462e-01,-2.374120514279893790e-01,3.788946144123541138e-01,1.177822202749075160e+02,1.995711055137251719e+02,6.549847096523967593e+01,1.325128153587002977e+01,4.071761585273659989e+01,1.593558742289440033e+02,1.682633392026314709e+02,4.756566041743783302e+01,1.149027492656318650e+01,4.014923183870465206e-01,1.878189498253581746e+01,1.978423431674187682e+01,1.082686257984484790e+01,8.988414540791328022e+01,5.746861131676995882e+01,1.634445004347909736e+00,1.689651113722664277e+01,4.242693768153565692e+00,1.626873579864964170e-01,7.636858151297615471e+00,8.117004753984442544e-01,1.805906502903620847e+01,2.506728010695059794e+01,2.793069445189993338e+00,5.005891275307308597e+00,-7.729958909746104112e-02,1.800426198612783413e+00,1.069745521589851589e-01,1.184935434649023911e+01,-8.943142885699845168e-02,-2.291016921698662667e+00,2.230266456184693169e+01,4.843188523543838109e+00,9.233115090836351291e-01,1.103954814935370443e+01,6.982923095597615770e+01,6.354983762571536232e+01,1.041296070957217523e+02,3.343869795235494280e+02,2.435478074442223715e+02,1.000279603789283023e+01,1.554016886676894194e+00,2.148202817104474249e+01,1.415463074736815940e+02,6.085660903796963339e+00,6.882199712627518728e+00,4.963685497008763292e+01,2.737068301265231867e+02,1.573636859667977319e+02,2.956763708759985221e+01,1.895509080791639889e+01,1.267553398922316532e+01,4.801724827166709986e+01,2.307619669050329492e+02,9.953652346975113119e+01,2.037195056389048187e+00,-7.699401198997062323e+00,7.417768821633060838e+01,1.692777485061027676e+02,3.905233309126359131e+02,2.131979448598465297e+02,5.957429110326052779e+01,3.492350503802173876e+02,7.258998645078791014e+02,1.593529319129451949e+02,-5.558325918346724848e+00,8.179163020348882540e+00,3.761690580251038973e+00,2.984693023078155871e+00,4.079240765846264161e+00,-2.178126464183915090e+00,1.008350093653280988e+00,-1.346901360035619222e+00,9.179677437383115812e-02,2.341820875881836628e+00,-6.055533914471818990e-01,4.178390322724233386e+00,4.017146979245362104e+01,5.754610902109121895e+01,1.703836760051539088e-14
7.411900281598270415e-12,4.074581772350900337e+02,5.778339940593605206e+02,5.249775111303321182e+02,4.365820632655501754e+02,1.198495256215844478e+02,2.681467572339072447e+01,-5.995134101102102875e+00,1.999865197042612408e+01,-1.652472722223432999e+00,3.449412220710128167e+02,3.764351860792622801e+02,1.822296592701374323e+02,4.312480158413175246e+01,3.590776946937206837e+00,5.217370229486304467e+00,3.649055274307298480e-01,1.106203971135366793e+01,7.987603853310562552e-02,-2.398344761298522587e-01,6.150105978782822724e+00,1.146942712053706792e+01,2.322041950305569742e+02,3.915714938633936981e+02,3.839706725743703373e+03,1.746223181872985606e+03,1.209154274082316988e+03,5.599904480672728369e+02,5.161290405901144140e+01,-7.364855830433194583e+00,-6.286741582461713307e+01,5.002458651631715014e+01,1.677892035635100498e+01,4.136178420510210785e+00,4.136509033644093059e+00,9.228285542688245968e+00,9.524890619337396558e+00,5.868390632116537553e+00,4.647983072592145604e+00,1.361377964705722121e+01,1.148217825732626274e+01,8.266899989442228147e+00,-1.541432788606595272e+00,9.006500658494950073e+00,8.105045666745446908e+01,5.054328869023577795e+02,1.984329817569497436e+02,2.338887133741881996e+02,2.617839350706626078e+02,2.687855510153427758e+02,3.667479637577833387e+02,8.438017805606949651e+01,1.995509074159090446e+01,6.164809494602295104e+00,3.189716348829225279e+00,1.056930450541452515e+01,5.830139176816447666e+00,-1.274816744365208643e-01,7.476123500000706912e+00,3.247286807775732864e+00,3.442903083404077336e+01,4.976259835522996156e+01,7.131177143803022034e+01,2.781900293633391197e+00,-2.816312384436009619e+00,5.465398197937019198e-01,2.780011302992628219e-01,2.181114347239136164e-01,2.967185277776568930e-01,5.046482335244274475e-01,1.491195727074133970e+02,2.354283782418186490e+02,7.811887566345795619e+01,4.295122421492170872e+01,3.021676289954329775e+01,1.218049507050035203e+02,1.204399810714032384e+02,1.894419924186043147e+01,4.979998477904250542e+00,1.186346622790539262e+00,1.777629908059609676e+01,1.404612520616823979e+01,8.880164710415929363e+00,6.948897020232614352e+01,4.039857270433961389e+01,1.042775922277085421e+01,1.278142937403268675e+01,2.029982240584658371e+00,-6.014659059608050695e-01,6.305295974422536531e+00,6.388739905839566635e-01,9.811561107850186758e+00,3.352995854460705516e+01,1.090635568449579473e+01,3.546338225426183932e+00,4.830948077353290238e+00,-8.210886891184655534e-01,2.281661955886028714e+00,4.715938573945159362e+00,2.498429287512160535e-01,3.282671998729180984e+01,4.452060617880666626e+01,7.465477704279881443e+00,2.435027587818278105e-01,9.859239981974239342e+00,4.988463351490194242e+01,5.067940089826608840e+01,1.621617306792236946e+02,2.388393314860309999e+02,1.329285719112584729e+02,1.989533403628525932e+01,4.014927070056274472e-01,5.513066040720978123e+01,1.084056409214055492e+02,7.228310042809667380e+00,1.546099939922604172e+01,1.201435260761311525e+02,3.563778143706398396e+02,8.462315383583958806e+01,4.423030793184899778e+00,-1.819305037796001656e+01,-1.161505410468773469e+01,8.211715625719209299e+01,9.815622414598335865e+01,-6.738973529160978160e+01,5.438010426497513095e+01,2.528776793062497319e+01,9.830613635718569299e+01,3.055265619920610334e+02,3.676818180230311555e+02,1.048190502231142318e+02,5.155832541212704712e+01,2.449131943234252731e+02,6.980384697292051897e+02,3.042342146073364120e+02,7.683454108549031503e+01,-2.077401332149127811e+01,-1.887677383319064717e+01,1.139599530746037992e+01,-2.991650868866099433e+00,9.978919176822760306e+00,7.458438312103046641e+00,9.862718616217783563e+00,3.970540901453773586e+00,-9.818374710030342456e+00,3.261558470483227890e+00,-1.137377019618473106e+01,2.111493398776092363e+02,1.310640158794139154e+02,3.008398328044573678e-14
3.120067063178456096e-12,5.277686761548601453e+02,5.641246500288593779e+02,1.674715258961477673e+02,4.516067778955586753e+00,-3.380533537322957915e+00,-6.364519380490374356e-01,5.410120283476754999e+00,7.426469660010898366e+00,1.327588949225580528e+01,1.800946412507987873e+02,3.016498010323472840e+02,2.794003207222867786e+02,1.238622628256395473e+02,3.299092052537305086e+00,-7.446872611839861975e-03,-5.520520075996480924e-02,1.030409925949044014e+00,-1.112507870425745145e-03,1.152544804574547221e+00,6.363385539104655209e+00,7.510303897582541133e+00,3.002088015050532590e+02,7.390308810311076968e+02,4.357978507106991515e+02,8.704563523057711336e+02,1.265975559915294070e+03,1.148767951166201783e+03,3.043669815054149126e+02,2.063595088138483220e+02,1.440005353700506134e+02,7.553953637233620100e+01,2.465242173618784349e+01,1.283728095793952484e+01,1.442054433493791343e+01,1.832075926316230863e+01,7.091171714236939927e+00,6.479641251593812878e-01,8.998367054316849689e+00,2.694402497536906083e+01,1.487950502011347353e+01,1.675569205835910225e+01,1.304701686966495688e-01,-4.392367003065036357e-01,8.267240058978642026e+01,5.701710322790262353e+02,4.809861358358033954e+02,4.251710116452736656e+02,4.077486275351561744e+02,4.267864971678689301e+01,1.142910071281703210e+02,9.876982653915271726e+01,2.996540122498776171e+01,1.042643818045499948e+01,7.183706383006126295e+00,9.827759389201078832e+00,7.469006030247212102e+00,1.876557912291679925e-02,1.621100686011461534e+01,1.224965074867320780e+01,3.300405100908817246e+01,7.956014988154394985e+01,7.106095936641450805e+01,4.108164505965237190e-01,2.252702767630244407e-01,-1.647653151644733541e-02,-4.265321447551888648e-03,-9.725948679214961123e-05,-4.435742228120680142e-02,-1.672578204729597839e-01,1.150215380213810050e+02,2.414788802848325133e+02,1.055072689207916454e+02,2.824451960473732015e+01,3.403688029184431940e+01,1.566272953575091265e+02,1.335468784461273799e+02,1.327266038919977120e+01,4.920368302906576868e-02,-9.836837051836647139e-02,5.639870891710238254e+00,2.809151193507863908e-01,-4.989159133973796179e-01,3.236032984918554689e+01,2.733826830863143442e+01,6.184535955001714491e+00,-2.566833747679254651e-01,3.520521318605773775e+00,1.962430951352513442e-01,-3.917575617297651691e-01,2.657221647996445668e+00,-2.893597448863407529e-01,2.595481781029731039e+01,1.940324667420607696e+01,9.170338093341952046e+00,1.046924340691246513e+01,8.001126995084320570e-02,3.959072847674082851e+00,-1.918018531861517273e-01,-7.392981441333686121e-02,5.825121455129701786e+01,5.758167525222922478e+01,2.176126128803940318e+01,7.675608481314942999e+00,5.856866955274645292e+00,9.021944156105799806e+00,1.412120077852025624e+01,1.391232530105153273e+02,2.671323375936089519e+02,2.204343987863081509e+02,6.841250112217824153e+01,6.484230733490244702e+00,7.213886468259356377e+01,7.262366386653789618e+01,5.670987514558551545e+00,1.800674963502733661e+01,1.523722800232523866e+02,3.982637137001866563e+02,1.161404315624810692e+02,7.471234082350506789e+00,1.272007648134185542e+00,4.497354212824706821e+00,1.121479591447977953e+02,8.460830003960944623e+01,4.357517526473041158e+01,7.658475807906900457e+01,4.900684127134637968e+00,7.958713919178816809e+01,3.292360215882195575e+02,2.901123151656618688e+02,4.879584563605700964e+01,7.801649134057541346e+01,1.188086125720762283e+02,6.035503717820222391e+02,6.806676447780803301e+02,5.049362096655579535e+02,9.058514860142391001e+01,6.645437730382902863e+00,-3.058074913555211882e+00,1.676490382449937533e+00,-6.162438462769610492e-01,9.037505958385937177e+00,1.983102658074274416e+01,7.256489784738224813e+00,3.319863302861279397e+00,-1.145456957995914848e+00,2.893451298378890257e+01,5.959795207109524426e+02,6.298080037304481493e+02,4.913562102542159695e-14
2.522760896389234913e-13,5.015453762742574781e+02,6.325557459162657779e+02,1.797844075126885741e+02,-2.148405623796428188e+01,-5.815268676475031207e+00,5.784586243773362391e+00,1.934636571348164802e+00,5.978321866904561688e+00,1.334770234385816856e+01,4.500414608103167780e+01,1.803031789877825588e+02,3.917934779533343317e+02,2.255657490949128601e+02,2.865318972787104812e+01,5.353683646366336646e+00,-7.857996368663825448e-01,5.548891101866961773e-01,5.160377630476725014e-02,5.043865288389037360e+00,5.283462795942081236e+00,2.300850339135319889e+00,9.267167285383609965e+01,3.802954161317510966e+02,1.561137405884051255e+01,2.890365398298444575e+02,1.342166375591563565e+03,1.630016517075821639e+03,5.706028442108391801e+02,3.464822988703663214e+02,3.185967126802843268e+02,5.443342541728065953e+01,4.004603079005844535e+01,3.061107973123876036e+01,1.244007070120176195e+01,1.206918500256014681e+01,5.301304590460155453e+00,3.839381398144335211e+00,2.825283788715423405e+00,2.721750364170484104e+01,1.885981688706163695e+01,6.273130138606383355e+00,6.043170157958485111e-01,-1.152861255420839948e+00,4.001542225319084878e+01,5.811999607947767572e+02,9.681932638911439426e+02,5.312614616228984232e+02,2.051850277882529383e+02,-1.184744433531679242e+01,3.041835286549231299e+01,1.381030837372901203e+02,5.057458698025241262e+01,2.940305208037727525e+01,1.062840191938470547e+01,8.532090222684789893e+00,1.188867308025988168e+00,3.386770700310058335e-01,1.234398376618488236e+01,2.377002854012055266e+01,3.078138174077505340e+01,7.575712818633137147e+01,7.582619986738639284e+01,1.002803319165362517e+01,8.861420039124353609e-01,2.229606768132055272e-01,6.642438074653862767e-02,1.840787705794582618e-01,-3.988119496014581045e-01,-2.067810902777367676e+00,4.128778488094322086e+01,1.775213054699752604e+02,1.467331589026202607e+02,1.210729488970770795e+01,1.711643531053546141e+01,1.666674876557030416e+02,1.705585101267517700e+02,4.058551684981510022e+01,5.852094576001666937e+00,-5.675245380664855066e-01,3.442063546297727816e-01,-1.915814618336828090e+00,-1.473407308009751171e+00,4.763633849915079210e+00,2.907992269058597046e+01,1.038217882151115745e+01,7.012590885618753767e+00,1.011805682906690596e+00,4.402179872297275587e+00,-1.489035253230372557e+00,5.280091073501113064e-01,3.919720746475589657e+00,6.517162471049922523e+00,8.860681592242714899e+00,1.751526832511986242e+01,4.384004853510456101e+00,3.942161383518320017e-01,1.616147457220073358e+00,-2.323573576955731967e-01,-8.728082163366128743e-01,2.377130321004091584e+01,5.104985483504562893e+01,5.411991783319133020e+01,1.874258166257701674e+01,1.555302730111257192e+00,7.499079857923101500e+00,2.081206348678050944e+01,5.481070272961765966e+01,2.326892017254765790e+02,3.216299657918185062e+02,1.942224253236556706e+02,1.015131660807239555e+01,3.055793142093699544e+01,1.444929602594324081e+02,1.164272696252588091e+01,8.875595718888556362e+00,8.308995666982765727e+01,4.370814461811915521e+02,3.571857921051903872e+02,2.785453149037843801e+01,3.306355543214062997e+00,1.068912045643365083e+01,5.923879268600156678e+01,1.404988468762184368e+02,6.840385852827886026e+01,3.264997296883326783e+01,2.274665509920644979e+00,3.763127433957469492e+01,1.789581288374991743e+02,2.599105515717316734e+02,4.185600169169223506e+01,4.226532369255566834e+01,5.835773251365591818e+01,4.576566340370134185e+02,1.210324322098367702e+03,1.278136072928302383e+03,4.974242208164760086e+02,2.436698338382765883e+02,2.233662302117505760e+01,8.030810769847846586e+01,-3.274409122951869477e+01,-2.715498443402669659e-02,1.006296137950031522e+01,2.788453060464889610e+00,9.326219772183834777e+01,-3.163520169345698796e-01,2.528703120850744881e+02,1.169617257183343099e+03,1.674114812587886945e+03,6.754685044434300646e-14
5.776453579268831687e-12,4.050733286594240212e+02,6.569766114282028866e+02,2.615106991461529446e+02,5.180761436793439145e+01,2.731763540454898020e+01,1.741004377615240983e+01,2.689141352801967422e+00,5.490160126937126961e+00,4.769322563778562341e+00,-1.045414182729917840e+01,7.691898594875486594e+01,4.430969516797763390e+02,2.906403609874998324e+02,3.992332729254931678e+01,1.099769147958087423e+01,1.561710518931655356e+00,1.467292168866026092e+00,-1.193023637730000336e-01,5.219711337815064134e+00,2.256721726263055672e+00,-8.031144097283126060e-01,1.397790388864815725e+01,1.284165416760811596e+01,3.777226466869185515e+02,1.438529874608739874e+03,1.457820271674876494e+03,1.315274868505324775e+03,5.698689732609270777e+02,4.191291757653835930e+02,3.135048478345916578e+02,3.631200301421224452e+01,5.790602195988442702e+01,4.419248053966354206e+01,1.242620169468275648e+01,9.975715317563276230e+00,3.098129537711217907e+00,8.501002918300693878e+00,1.063161381105613756e+00,3.113905888318306125e+01,3.095604081533626939e+01,2.465867849063729800e+00,-6.601030881717174781e-01,2.817050357523997461e-01,2.064021033735115296e+01,4.534027594784029134e+02,1.001198791447467102e+03,3.947531299811389545e+02,4.895508272962620921e+00,2.203419839502843658e+01,4.297145765470812506e+01,1.915333255728037329e+02,5.716824565685958959e+01,2.859654838182555991e+01,8.996329173056759387e+00,1.385813237408024889e+01,2.476912257265853068e+00,9.335882861148692147e-01,5.075509849893042436e+00,2.350200247652992047e+01,3.002910089622389833e+01,5.806891435512319788e+01,6.841410508791429379e+01,1.355685563758273204e+01,-7.935502407843147976e-01,-5.619439889274433497e-01,-1.681179312822271565e-01,-4.056874905629984651e-01,6.925427906115723120e-01,3.951579930300804566e+00,-1.880604089653574729e+00,1.277625751961880098e+02,1.600769853485145120e+02,4.285844287007596876e+01,-9.670546060897918794e-01,1.335783561100908514e+02,1.841460030674144832e+02,5.443770169919956459e+01,8.774847750620949682e+00,8.051517067886024837e-01,2.404622960259731601e-01,1.271535443770824836e+00,7.901591917082032568e-01,1.010408068215749289e+01,3.129729575721069423e+01,4.738210561676677202e+01,6.537531638489194385e+00,1.651529082107611401e+00,9.768989197136594527e+00,2.217534946322289979e+00,2.851700399629049976e+00,1.044966962843730229e+01,1.203552019730768974e+00,3.308764667268734083e+00,1.523519531017395323e+01,-1.225855697021150714e+00,-4.567947101089612216e-01,-4.833368448766501291e-01,-4.736434798886516306e-01,1.631100636551611194e+00,-7.023849983855583012e+00,2.881069979935353942e+01,5.705564971482824888e+01,1.738621071828263709e+01,-3.140779955705489401e-01,1.191965806316314769e+01,3.002815078871175558e+01,-1.480498168555929306e+00,1.339019500611939293e+02,3.411830716426944718e+02,3.029938253139696371e+02,1.191987546809838960e+01,2.023011081027928260e+00,1.453856608000185986e+02,1.731231052633924250e+01,-2.190786984370678425e+00,1.722921590544719450e+01,6.420544666909576108e+02,7.193616928909806347e+02,1.187875253114842451e+02,2.343600092679843094e-01,6.924512309935997756e+00,6.233916791425652804e+01,2.170681140356959986e+02,6.721476782142835305e+01,-1.423410668071731422e+01,3.205799856049530661e+00,1.790212210549897165e+01,3.179039661251802329e+01,1.628785741859485086e+02,3.468616248297344384e+01,-7.377978601979161333e+00,5.573060005351567270e+01,4.076118207480663500e+02,1.182991979829162801e+03,1.334615137862921756e+03,9.848599199968856510e+02,9.771613940041817159e+02,4.729630771686008188e+02,3.710579023754026480e+02,8.477929108264184777e+01,6.838497812011456567e+00,-1.820644785440107327e+00,2.776424520502512650e+01,2.947743444721309061e+02,1.263641672029611556e+02,8.217037458610242311e+02,1.571740859324901976e+03,1.900721877722988211e+03,1.126072203402733541e-13
1.731881564900970428e-11,3.043736998910372904e+02,5.893730440522356275e+02,2.237078557409481618e+02,2.690497694080102065e+01,3.604240829141818381e+01,2.490672001211778763e+01,2.731905340385961267e+01,1.287020221848593771e-01,4.036513095562213604e-01,2.562400516753138735e+00,2.373572363381226324e+01,4.123659549510917941e+02,3.132396277471922872e+02,4.026620456903856393e+01,1.499209577172981156e+01,7.052744566573302620e+00,-1.263547366290143359e-01,-1.850075207556862722e-01,9.176353307836104811e-01,-2.724979144622761140e-01,5.830051695164246706e-01,1.783342589077486480e+02,9.253967360140356391e+01,4.493449775492851472e+02,3.805935003393289207e+03,1.513992223824641542e+03,4.827080030950852461e+02,3.448669828495944785e+02,4.715512703005977073e+02,1.864702181702518828e+02,9.032389231090355963e+01,1.124446750341164432e+02,4.880468070592444008e+01,2.035533953627832204e+01,1.973853696359029897e+01,4.650919154752080620e-01,1.590583594526161626e+01,2.100748424884727683e+01,4.341426861417949823e+01,4.625203267810917396e+01,1.255532652673877791e+01,-8.754881860147395445e-01,-4.232478965470642257e-02,4.380507191170313064e+01,2.696263678327952107e+02,5.323351697734726713e+02,9.357372829511815837e+01,-5.443540079024448808e+00,4.965366689732553596e+01,7.878714940841629755e+01,2.994175626407131290e+02,5.253660517611121605e+01,7.957345359592180145e+00,9.742172442479185790e+00,2.653520229162853639e+01,9.794126692405056289e+00,2.354542183535738964e+00,9.185920260516601266e-01,1.396930568642832604e+01,3.427656546093497525e+01,5.477681526872035533e+01,4.414100396869292098e+01,4.964098952877066928e+00,-9.782755361850044018e-01,-3.357253340852912604e-01,-2.636334141664299358e-01,-6.251206921987464415e-01,2.750166778603865048e+00,1.645533408860654134e+01,1.173693268427992109e+01,1.622149383246689354e+02,1.770561619621321086e+02,1.065258771689273800e+02,2.855143658156582376e+01,1.213936711732438596e+02,1.578491136685509275e+02,3.547997367178636807e+01,4.786693867650364531e+00,3.624457636131420468e+00,9.150628405066164595e-01,4.478390276698222650e+00,5.131320622142500731e+00,6.027247416960570803e+01,6.284282717520116535e+01,9.941896767279091307e+01,9.493644397410382352e-01,6.185001575584712086e+00,1.381594396997821228e+01,6.589918525008789274e+00,9.483205119639029235e+00,1.018446532529834769e+01,1.242740228352062815e+01,1.033418464012911819e+01,2.635263743052791874e+00,-3.293930054956069053e-01,-6.169847175237440640e-01,-1.791160582581334537e-01,-9.377092293681377200e-01,6.082128433755413788e+00,-2.485054336749813242e+00,4.252905066195978634e+00,2.277736258311679052e+01,3.470896794490355930e+00,5.420607170518258744e-02,2.522637424168385323e+00,1.976836559904838708e+01,4.351317641670835457e+00,3.039287238266557267e+01,2.568076376886355092e+02,3.403192943859899628e+02,2.233135876339109416e+01,1.665483117017280534e+01,3.259966631257798042e+01,1.509948151131688476e+01,-2.795306149259412454e+00,4.313480052131975384e+01,8.601720251702199675e+02,9.643783414755612284e+02,2.434969892229302957e+02,2.181079513185128160e+00,1.194239341117393938e+00,1.370708292427465267e+02,3.411774054322075926e+02,1.229339738241765900e+02,-8.894611496174773535e+00,-7.595508967701081193e-01,5.482693183348003174e+01,3.386576804843490862e+01,1.295321864193963393e+02,2.344937308658690611e+01,-5.599893753032806565e+00,5.829988451806995187e+01,6.234010595816869227e+02,6.952656943251505481e+02,5.668091519167405750e+02,1.186389756840402470e+03,1.701736680837554559e+03,1.074820166972871903e+03,7.991804838577405690e+02,3.332969817069013629e+02,6.726110176060512913e+01,1.644125162428306055e+02,1.390875484409211822e+02,5.454511845523471720e+02,4.677461392827220266e+02,1.590077415081936579e+03,1.672723945370831871e+03,1.028947246746363589e+03,1.419236658230327242e-13
1.701734105376618692e-11,1.932098472059538494e+02,5.205720226800256114e+02,2.098185349818274972e+02,5.497342213334362526e+01,2.562292328880912251e+01,4.310780575085118471e+01,7.560328926245978209e+01,5.227103616431974409e+00,7.427024022769461720e-01,7.816670578444492534e+00,4.588497819983096804e+00,3.604957675847467158e+02,3.566049318616342134e+02,9.445891866286706318e+01,2.912533254094154955e+01,1.038011454848044401e+01,2.154740346658142958e+00,9.907661869092652118e-01,-6.337137022142852461e-01,3.718979468902764651e+00,6.837769177313244739e+00,2.194319597496516110e+02,2.205679968624859839e+02,1.264373248933922923e+03,3.599625531891953869e+03,8.946214679606847540e+02,1.647225454263176800e+02,1.443031097595454071e+02,4.642997097386344194e+02,1.590223354051836679e+02,2.621265323597399401e+02,2.708249190079850450e+02,5.218206600000997497e+01,1.902041080344270796e+01,2.616798744301306456e+01,-3.498945485334360450e-01,4.267168207223036092e+01,7.566162738685794409e+01,4.757785041995924047e+01,4.342165279785564991e+01,1.160456273756116374e+01,4.426227447686750693e+00,9.574546468081700512e-01,4.387813662727590724e+01,2.877347120143988377e+02,3.814274334630349585e+02,-2.150184221454189526e+01,4.820398221515452164e+00,5.559400100363529162e+01,1.491706510071449543e+02,5.375914521580210703e+02,7.306283204338302539e+01,1.703254880509753022e+01,3.805284590547934442e+01,4.665674224056618868e+01,1.376565896696462898e+00,5.294251868070888101e+00,-1.884019717469018751e+00,1.830790357069942687e+01,4.843513735384440366e+01,8.798856007784665678e+01,1.834644384177878962e+01,-2.731531855958230004e+00,4.751598917729095817e+00,7.167339198167005598e+00,1.183553806435997391e+00,3.136184695531485822e+00,2.837143495160258322e+00,1.933360915891659459e+01,4.323082554720686232e+01,2.844887641262126294e+02,3.042302155914227910e+02,1.195112279593823956e+02,1.649130303659220260e+02,2.542185574750071737e+02,1.165834595419471356e+02,1.214887938521065536e+01,6.219056573920721753e+00,6.084141592101475204e+00,-6.072156600090668210e-02,8.839401150563309884e+00,1.894241946348728334e+01,1.459679326168350144e+02,1.940853974796908403e+02,1.058874751390009123e+02,3.822793022509914351e+01,4.726451626935032735e+00,1.483681545463907092e+01,6.881621299222977939e+00,7.075389924751655180e+00,5.115598846241659281e+00,1.038283106438291803e+01,8.014409913552482223e+00,-2.143781578135984134e+00,-2.126320024480783388e-01,3.099144816957105864e+00,1.895110851519051232e-01,5.235565411988506668e+00,4.682593190133490957e+00,2.099709406741015805e+00,-3.205731421276333037e+00,3.173485308282116613e+00,-2.023849397373054693e+00,-7.047144712802324573e-01,-1.248604947618672689e+00,1.644492211266249981e+01,2.087573280016331978e+01,2.201848925061282269e+00,1.208847243975147450e+02,3.365784415175926370e+02,6.016037720232441899e+01,2.684247691154784832e+01,-8.173504227712790282e+00,5.113702807111952353e+00,2.133635910582379225e+01,1.799986774488207004e+02,5.788500784886663268e+02,7.669397305964579346e+02,2.583519614064642269e+02,2.309973959384292730e+00,-1.329657329322602166e+00,1.082480455771711405e+02,5.960520296150141348e+02,2.329261617247048548e+02,6.908722085784579292e+01,9.814530110245389238e+00,1.560251938702145083e+02,2.239993343090537223e+02,6.264298904425785395e+02,7.938807420770601198e+01,9.881830484922350877e+01,8.075606282589259166e+00,1.188317236877578353e+03,8.666230797058906319e+02,2.382344074248374284e+02,7.324610855494561292e+02,1.093765738669068242e+03,7.860552600088989266e+02,1.019199424051223559e+03,4.658711366885714824e+02,2.428090080276214451e+02,7.938338219531185587e+02,3.770047678363040404e+02,6.700750386996311363e+02,9.936197359584892865e+02,2.027141314347133402e+03,1.683700129486023343e+03,4.314716349270180444e+02,1.560243123939733997e-13
7.843720932931809603e-12,9.113562189616816056e+01,4.408345203901051264e+02,2.758223147468434604e+02,1.309821585810109639e+02,1.358609037798984254e+01,5.317929683276906161e+01,9.826400846849848847e+01,2.156988653767271913e+01,8.464089760934061957e+00,-1.459748216628208861e-01,3.236929739506261061e+00,2.726850282668329442e+02,4.200342283254806830e+02,1.933332949746471741e+02,4.521552538815495126e+01,1.050305684706416542e+01,2.054572946485154095e+00,2.018362783006751204e+00,2.052860824011817631e-01,1.400492707705679507e+01,8.656634154670507897e+00,1.530510582828412680e+02,2.834907916127246494e+02,1.821310040033777113e+03,1.558817744523727470e+03,1.029561328196036243e+02,2.349428568436176477e+02,4.257961103593540741e+01,3.548618064634002280e+02,2.232125233106142161e+02,3.677717072757347410e+02,4.200829127127527727e+02,6.561361345128655387e+01,1.520976992641235626e+01,2.095844283102415062e+01,9.398853865231657570e-03,1.148749278007274626e+02,1.680790243574844567e+02,4.482004885385408954e+01,2.531988457867902298e+01,2.443441207814545990e+00,8.199919932416376511e+00,3.251023771112079075e+00,2.130730838995663845e+01,3.585379044354359621e+02,5.119751919871364407e+02,2.583568071887978590e+01,1.994309644806157855e-01,3.836406170427638784e+01,2.359391520565777967e+02,6.371494391087094300e+02,8.290863076391602249e+01,6.427425435650482655e+01,1.392534104462941968e+02,1.564929692199091562e+02,2.520011175951196236e+01,7.043852598610482296e+00,2.310207867123386105e+00,2.202926923423350303e+01,6.959092616891838645e+01,1.636049111240685647e+02,2.957937244305809443e+01,2.293872511816195559e+00,7.822636356253283019e+00,1.061793370533199443e+01,-2.423613682756074472e-01,4.029187366435317053e+00,-2.148784696591129750e-01,9.508655045218588953e+00,7.846984455885655052e+01,3.401525809662753659e+02,3.674773020714411587e+02,1.096736845554549831e+02,3.420052554635512934e+02,4.110696675185249092e+02,7.715625877756380646e+01,-2.457987810141187557e-01,8.796556365904764974e+00,5.818391074212724057e+00,1.157530964848415417e-01,5.044716396821721460e+00,3.116070255595208849e+01,1.904142060662646827e+02,3.018347857185134444e+02,1.204820791287659034e+02,8.396336022265990096e+01,4.746412344869203603e-01,1.149759608393819654e+01,4.993107201861731959e+00,-2.464891434238712375e-01,-1.715932920812855145e-01,-3.374502869228093171e-01,-2.529438322688815077e-01,8.822336962141688610e-02,1.073463522548345067e-01,5.315267973883327279e+00,-1.569362798238734674e-02,1.011899490029086301e+01,-1.864431493158919817e-01,-8.932357426744672035e-02,1.352839010666384567e+00,2.245582678564931101e+00,6.959849508531273932e-02,1.684672305793752933e-01,-2.145111752029871602e-02,1.774838022221291922e+01,2.436997965314357373e+01,2.266784655861927789e+01,1.897910164060135685e+01,3.191533448352091114e+02,1.245383826876508522e+02,2.730880509995407124e+01,2.132884017306470170e+01,1.379402271326872054e+01,1.067011984102344400e+02,3.973190657958459724e+02,1.239005388476583249e+02,3.414391104340363654e+02,2.592166894883057466e+02,6.924759436919649147e+01,2.074118159584259491e+00,2.012679297986051097e+01,6.805567956621553094e+02,3.284610670082225283e+02,2.452789776208998944e+02,4.162389099743091236e+01,2.711729078230729897e+02,5.730315343330536280e+02,1.799379765117517763e+03,3.206467812757730940e+02,3.637657933131901018e+02,1.132470758359721970e+02,1.403394042185404260e+03,1.154023400495853821e+03,4.214149897003555338e+02,1.868312323595386886e+02,8.318411457899596684e+00,1.056535425718844863e+02,8.990593665118888111e+02,7.955189731737696093e+02,7.645535429996152743e+02,1.267890805219711865e+03,4.899243376138189205e+02,5.694807066575320960e+02,1.189678171428846781e+03,1.769453814027506041e+03,1.427956917789637600e+03,3.862201186792993326e+02,1.310275259027885335e-13
1.747207629379616832e-12,2.789241734325451461e+01,3.121196261092028408e+02,3.912147724736035457e+02,1.822474915628417307e+02,1.906019102716333791e+01,3.326020696411016075e+01,5.294628799818287490e+01,3.892410042150530813e+01,2.318713885418206289e+01,3.831473211734066631e+00,6.773355269650400245e+00,1.454504823647642695e+02,4.782266114762811640e+02,2.766947250557338975e+02,5.607140596653032816e+01,9.794045448992573455e+00,-4.678323251239856262e+00,1.037033269297654936e+00,1.381180595716740601e-02,3.246478834795123447e+01,1.440864181936229116e+01,1.640007840101716567e+02,3.217577920163421936e+02,7.895143103022246578e+02,3.157569536970136141e+02,-6.023954088720032019e+01,1.164947319915375772e+02,9.057366008146264136e+00,1.696031465781326801e+02,2.630786704447234570e+02,2.235271361135399104e+02,4.026777850503207787e+02,8.903680527130453015e+01,2.191644872106494546e+01,5.798033773182109663e+00,3.679461478827298904e-01,2.255628788031614533e+02,2.659096004391880683e+02,4.331281760510237433e+01,7.741959842097625000e+00,-4.561754345376573538e-01,2.861730415971491137e+00,4.796862787399588157e+00,1.243021171490317478e+01,2.694493193261220085e+02,5.041213283714850490e+02,4.668072986750636488e+01,2.560297747356013787e+01,1.709062865128995057e+01,2.891246799180951825e+02,3.342766956734355404e+02,3.726824119998617135e+01,1.199676951422192843e+02,3.012419559913058151e+02,3.784258922584947982e+02,1.283635632425925053e+02,1.503685489111923879e+01,1.981994961640357289e+01,1.198061935738429185e+01,9.478082588364382843e+01,2.667584326672767361e+02,1.137969459272858757e+02,2.384651805857185991e+01,6.729302233770461106e-01,3.430621129200360220e-01,-4.248467745805364792e+00,-1.322033667516293809e+00,-3.341766136512606344e+00,4.141506736627215801e+00,1.099468196944310705e+02,1.892192962072352884e+02,1.720640462138279929e+02,1.338485687197239429e+02,4.352041824850518310e+02,3.995955918437648506e+02,4.605334758855372712e+01,3.083829663148340838e-01,3.568782545885950341e+00,1.970435061586990333e+00,4.274847755259285620e+00,-7.705620140810529151e+00,3.138079794937629430e+01,1.278452920635010628e+02,2.398516426364315066e+02,2.026025494536266649e+02,8.141316180717164741e+01,4.547739178096170676e-01,4.173415932863693278e+00,4.918573494393834622e+00,-1.686474669410528593e+00,-1.353582850183184139e+00,-1.718023287243997999e+00,-1.200744213537904503e+00,3.568100814616062544e-01,4.161197915096638056e+00,8.899618047384151298e-01,-2.376075967059573801e-01,4.296926713193570890e+00,-1.337694117255208148e+00,-4.255334430911181798e-01,3.584595602191247288e+00,9.622752739951455636e-01,-1.023056298887179416e-01,5.441738932011975116e+00,-8.823704415765341869e-02,1.054651493882867364e+01,1.476064698819567056e+01,2.649968634932987754e+01,1.179055279706782855e+01,3.138098863350375041e+02,1.939913920391618660e+02,3.299752924689317979e+01,4.158846462347177919e+01,9.758606216899303831e+01,2.545297732934924113e+02,5.887539905986425310e+02,5.694342101069499762e+01,8.984054819610088316e+01,3.801329940083554106e+02,2.507453952849523375e+02,1.444413725679482141e+01,5.520397220224227963e-01,3.064850037463594958e+02,3.378633398661804108e+02,4.804842880365673068e+02,8.833191730698247568e+01,3.209493025802796637e+02,9.214499559297045153e+02,3.160225625745241359e+03,7.195302116457703505e+02,7.186193404826967708e+02,5.053059698572155298e+02,6.370157273058538294e+02,5.989775089480319821e+02,6.060543860699380048e+02,2.617902627506189219e+02,-9.102636609382282984e+01,1.615757850206132318e+01,5.188562348003392799e+02,1.550407893506809387e+03,1.612717843082574518e+03,8.514971511582457424e+02,2.432062520024465755e+02,2.740750334354182201e+02,6.406143905758966639e+02,8.461780402544380877e+02,7.567860273138038565e+02,5.049391558095383061e+02,6.296202676042883608e-14
-2.989212452863683976e-13,9.433925559184896059e+00,2.077142747942513950e+02,4.374034171434122413e+02,2.446464427611550150e+02,5.134842867437885872e+01,1.818607409196002322e+01,1.199791970274233321e+01,3.984078133726696791e+01,2.841760991946947712e+01,7.102118201011092147e+00,8.004483226106868798e+00,1.651740269479613232e+02,5.502054830571679531e+02,2.598894475424317534e+02,9.814685701041651100e+01,1.372746130334833126e+01,9.401733132346349109e+00,-4.648511526424344287e-01,4.791018293222225055e-01,8.007991642035273117e+01,1.098519273529792883e+02,2.284240915550240345e+02,2.553678300644199055e+02,-1.501658054733779295e+02,-5.492902145657732405e+01,2.622513320293075978e+01,-1.121410379065578233e+01,9.947884238847755967e+00,1.624315677124425292e+02,2.507895152201277256e+02,8.113763376496649471e+01,2.579290552852739324e+02,7.882533944967227058e+01,2.486781684658399882e+01,5.789694314412081599e-01,3.465028597070868521e+00,2.395756222177613495e+02,2.357253970250868633e+02,3.890643875808145680e+01,2.566571374774611058e+00,3.461255852038178649e-01,1.059726654078666952e+00,3.509590104623308893e+00,3.944562799379498585e+01,3.834703884318892051e+02,3.656066657742284178e+02,3.366484326685674944e+01,1.013208571958425779e+02,6.412661853108421894e+01,2.186509753223476480e+02,4.393255368516086179e+01,2.180197499170935416e+00,1.089693680828438147e+02,2.816271433333155301e+02,3.762129409793651007e+02,2.190209948738189212e+02,7.658066545327126562e+01,4.442607772484961970e+01,5.317597451216200000e+01,1.353361054675347646e+02,3.408924674478552106e+02,2.542099974618130886e+02,4.279881300869085692e+01,4.317170805699202418e+00,6.700498743505014509e+00,1.679503836882102519e+01,1.579245876301130913e+01,7.590703620788686656e+00,6.174657985460041942e+01,9.822588048647538983e+01,3.435567638405988333e+01,-3.488950416311556335e+00,1.276584633970017393e+02,3.618024320899299369e+02,2.597979052159034836e+02,1.534898347874400670e+01,1.218634252439979138e+00,-7.964239639998632603e-01,-2.875432116745976763e-01,5.657687438933700186e+00,1.895402708285753945e+01,4.738518253385623069e+01,5.635427000047767621e+01,1.568147598535082921e+02,2.095087880480266733e+02,6.040785081589064731e+01,-1.307114204191330842e+00,-1.493909795962796716e+00,5.085515618246062353e+00,1.417353235484636986e+00,1.359686833416138718e+00,7.037079326415504044e-01,3.490510017290113787e-01,1.473055710240814102e-03,6.833204338591253979e+00,1.853757877345100447e+00,3.547056010700951889e-01,2.187356242706396614e+00,4.550096677742210716e+00,1.262586342360813574e-01,4.795798407820801579e+00,-6.788316268997780789e-02,8.076513118794722557e-01,5.952161190747558450e+00,1.559336120644364776e+01,5.304890248397951424e+00,9.589329222282756859e+00,2.197503889851632763e+01,2.075361368748404090e+01,3.551767313397709813e+02,2.157217774131936778e+02,3.839834018482779499e+01,9.207428741411885653e+01,3.622240951073496262e+02,3.044545800852054072e+02,4.788325643460202627e+02,1.049436253652106075e+02,1.602909034808813971e+01,4.171699652232301787e+02,3.768482176815451226e+02,4.446682960014170050e+01,2.223021790126315622e+01,-2.955472803624383360e+01,2.957209609111548616e+02,5.022344558305789519e+02,1.263681647686765501e+02,2.358257321182893236e+02,7.863358870690396998e+02,2.727599032620888465e+03,6.750883496709276415e+02,6.442930930970521786e+02,5.503817696204934009e+02,-3.252525655449512954e+01,1.111866145701545321e+02,7.210482326742984469e+02,4.002168304991129730e+02,9.070655004324636650e+01,1.248466651510844940e+02,2.443202961471088770e+02,1.583754825069651588e+03,1.600550873114469141e+03,1.537554046392707789e+02,1.406054242362902684e+01,9.785245288023585886e+01,1.768571346918560607e+02,2.614124657931498632e+02,3.944515976575184482e+02,4.101138403075485144e+02,1.769777028897446385e-14
-9.884074321540788316e-14,1.956359871334894152e+01,1.536389716910422578e+02,3.636101113602277337e+02,3.170316191526993634e+02,1.133245895831709760e+02,2.448225851664662756e+01,1.444956572438277398e+01,2.315971786935653398e+01,1.802940380079311211e+01,3.530200168134706384e+00,7.815863849351736725e+00,2.986863991780953143e+02,5.691596183246149394e+02,1.806161889865789192e+02,2.183790720726315442e+02,3.472490214360665561e+01,3.659435035401844516e+01,7.704035056439522133e-01,1.010525974445161168e+01,1.492433687432838383e+02,2.844443683361946000e+02,2.952746420612699580e+02,1.063348767737716258e+02,-6.557725252060365051e+01,-1.497398540055755234e+01,2.825486212329977675e+01,4.576200057575378205e-02,2.212703504636066754e+01,3.226812424413202507e+02,2.262077181112544224e+02,9.121327325955971332e+01,1.111818872228305253e+02,3.513215387692517311e+01,1.799135168324408340e+01,1.193961556054004447e+01,8.545889586602495314e+00,1.266959385789954666e+02,7.961124398649410239e+01,2.885910898718422857e+01,8.495158298216317405e+00,4.157398897188198661e-01,7.301226095813917460e+00,4.551598149507580238e-01,7.963035527242548994e+01,7.316849491198370288e+02,2.664389443810549665e+02,3.412047074103732314e+01,1.963812296412972387e+02,1.830649620031864515e+02,5.957721901915738272e+01,4.578734034280245169e+00,8.724368728489867664e+00,3.135394084248003566e+01,5.947902463202397172e+01,9.873596253668110023e+01,2.171906260965961621e+02,1.567991346767972232e+02,8.620551609667748494e+01,1.568995067724092110e+02,1.696082273379569472e+02,3.243594248528597177e+02,3.468310390737228772e+02,4.476655050609603848e+01,4.505565303643042796e+01,6.277885250426242436e+01,8.004783600075910499e+01,7.096945570906910916e+01,5.270441814298995098e+01,1.544320951235685015e+02,4.496513411243693525e+01,-1.099102572469093791e-01,-5.254821315217300892e+00,6.834431796732137343e+01,1.739228414521387833e+02,1.314449112301798550e+02,1.585725446912414238e+00,-8.822672064144001514e-01,-1.006192314628375356e-01,2.324812196451763735e-01,1.512697680920377596e+00,8.138323758738934544e+01,8.230311340439725143e+01,3.599999140514010065e+01,1.353183258871212331e+02,1.166824313404322879e+02,6.267866083537136035e+01,-2.499690487382913773e+00,-1.322539888963321308e+00,3.958771250483472226e+00,4.586364529073889251e+00,4.666652550076725525e+00,9.540344020114253087e-01,1.227784092094213186e-01,1.817805006541338697e-01,6.186024024876408234e+00,1.031416522741495179e+01,1.050419654986522788e+00,8.006095256752416844e+00,1.245216390624279335e+01,4.881895775517432201e-02,6.012015524053837545e+00,9.201225607594855083e-01,3.762330079891381018e+00,6.605148183584588217e-01,4.133070448009879527e+01,7.029785897906482894e+00,1.301033072363789067e+01,2.745920806761657218e+01,8.025035536240194389e+00,3.824799110808678506e+02,1.974362937622176162e+02,6.331349725322583311e+01,2.159017759853121845e+02,6.758516371256099546e+02,2.249094265722102932e+02,1.117878967740153229e+02,5.332976825155806466e+01,2.671938835866912143e+01,2.741545357161307948e+02,3.351320163836710435e+02,1.108174701927231212e+02,6.935897213276078332e+01,1.052894312381389419e+01,2.682114167287058422e+02,2.751635493412197206e+02,1.280408310626800699e+02,6.377010727903649467e+01,1.982498415214405725e+02,5.389863768803639914e+02,1.324360888623927224e+02,1.241651357259152064e+02,1.116739077429916023e+02,-2.933755809003426762e+01,1.748706075168048528e+02,7.031931915662545407e+02,2.837688708644553799e+02,2.144637763429290445e+01,8.345280051159475931e+01,1.990840875138195827e+02,6.991339811067726941e+02,5.998356855133923773e+02,-7.622655187676809874e+01,2.963336305691001815e+00,1.348613263177154806e+02,2.030503750358724346e+02,3.736889757393915943e+02,5.916462018308998267e+02,1.329501482542892745e+02,7.264181091506015535e-14
1.632999594898712973e-13,2.136813406866014375e+01,8.329734178556445556e+01,2.396524723203487497e+02,3.236236001259518957e+02,2.024010548156725235e+02,3.025306121472458187e+01,2.137417020475528417e+01,1.118991251593392278e+01,5.520965755696579436e+00,6.338888536126288997e+00,1.499794451220677161e+01,1.940501693204980711e+02,3.721881429538059933e+02,2.294361008073168762e+02,4.453845426491760691e+02,9.719832583539806592e+01,2.493333154928721029e+01,1.085922594874809910e+01,4.407606667223645758e+01,1.962974107436473901e+02,3.830369935823426317e+02,3.385375189904635818e+02,5.737483874297303288e+01,6.901124347439092332e+01,3.806277983575289880e+01,3.300629453959280823e+01,3.086058874671631713e+01,3.806493556190535088e+01,2.471782646468836049e+02,2.841570667088911932e+02,1.513103132078622934e+02,1.359576591554970832e+02,2.613259503139565609e+01,1.413657105191878571e+01,2.313156885274618801e+01,9.476414806326298290e+00,3.339163004624530373e+01,2.259158153701853244e+00,1.630068681898139715e+01,8.611977297103981854e+00,-1.452013192058161817e+00,9.912554841143743189e+00,6.114598943339588644e-01,6.118273653415214852e+01,7.584662580342430829e+02,4.357449116300521723e+02,1.053622109712410690e+02,2.386594804290742502e+02,2.826576920143064626e+02,1.605611988999447348e+01,1.425619725188542830e+01,9.152529005221648362e+00,-3.156711211291599373e+00,-3.521193012730653038e+01,-3.257619810507041080e+01,1.124758619905993129e+02,1.126565523401983171e+02,1.719789679226105363e+02,2.372861261887105968e+02,1.342447465311527708e+02,1.760768619382623683e+02,2.124810964290003881e+02,3.039808012027012651e+01,1.372553857859914785e+02,1.803683049088750465e+02,1.721263531042062027e+02,1.460820184347116708e+02,1.464238063145244553e+02,1.373773321175766284e+02,1.381152632831121885e+01,-1.580221014365653515e-02,1.129908817064189464e+01,2.383105117207537305e+01,8.067094024513023953e+01,1.949981832974708595e+02,5.303973849447746858e+01,6.619070876566672368e+00,-8.172046759420785733e-01,-1.663928465628050191e+00,-2.303489912849222776e+00,9.730780356511668572e+01,9.642397563662414939e+01,2.604648953890722396e+01,8.389776283487326225e+01,1.090093704627147417e+02,1.137711013154138726e+02,1.258126969402432316e+01,4.565593943507149532e+00,1.851639098902912339e+00,3.310157807544958253e+00,3.123547079804147142e+00,-1.114305060173885753e-01,8.293431190637860079e-03,-9.002866895943922865e-01,6.812824089896287738e+00,1.076977958399839075e+01,-4.847157011427376538e-01,6.221310247657972248e+00,8.712540912864122689e+00,-1.889237053173936295e-02,3.608259336350675195e+00,1.418324109705954017e+00,2.985609215433118191e+00,2.224956475311633319e+00,3.708970367998445994e+01,6.558447235335068903e+00,7.439882779892496245e+00,5.070359142199794178e+01,3.362143512395785194e+01,2.281908628710392577e+02,2.266774596694981767e+02,1.591094954557733558e+02,4.078522265642849902e+02,6.097755116349143236e+02,1.970132079410854544e+02,-1.696340040091424939e+01,1.714518105248519930e+01,2.326645483762012745e+01,1.049119758657717938e+02,1.693892464170949381e+02,2.319897422223021977e+02,1.794531579360861713e+02,3.092134161020539409e+02,3.211264860671651604e+02,1.386567782404999605e+02,7.159698241417655140e+01,-4.522475442293131920e+00,-6.399514735823542821e+01,-3.623533828159335712e+02,-9.589935128250429841e+01,-8.646437319856488557e+01,-8.068947405560523123e+01,3.523129492046892608e+01,1.572835223693965077e+02,4.006076237503617108e+02,2.790810824219306596e+02,4.812441027700164398e+01,2.208843715483191517e+01,1.099788769692483044e+02,3.332413100261888417e+02,2.123344587593177266e+02,6.054851699257537803e+02,-3.491732869846849940e+00,1.084913815683388520e+02,1.837240067727761925e+02,3.980035937837195661e+02,7.130382012552047399e+02,2.130152253406005514e+02,1.095457896730234514e-13
-1.784773981823801687e-14,1.102087136876537521e+01,1.528149679673057904e+01,1.201400824202694793e+02,3.043326430734193764e+02,3.219989227206186229e+02,6.348381097379812843e+01,3.612312420102437471e+01,9.168394193672995129e+00,5.728977476473855468e+00,1.315191200019173223e+01,2.009573992891851546e+01,9.972234779760313472e+00,2.033185416336163769e+02,3.151488804759603681e+02,5.980639785608123020e+02,2.592228457240877333e+02,8.043042008373186036e+01,5.080099309957149956e+01,1.034153072535823128e+02,2.838257309591799640e+02,4.038683206113836377e+02,3.198035745660593534e+02,7.744673446726017119e+01,1.449884401323474847e+01,1.741412440641331472e+01,8.870312465628178700e+01,5.919638168834656256e+01,4.995993231071489760e+01,5.301236971059191205e+01,3.823515251329595230e+02,3.977948707353218083e+02,3.742573710641818820e+02,4.736611713014946901e+01,1.580072046645976158e+01,2.577987421266609758e+01,7.921499620285129772e+00,-1.962553762354943832e-01,8.978075710826994182e+00,5.404641045686365608e+00,3.751144841140793940e+00,8.323354428708740205e-02,1.274845281134799535e+01,3.364530783669834157e+00,1.482482245210652572e+01,5.076593512069171652e+02,7.101170672058808577e+02,1.895684520174182808e+02,4.021254816875429015e+02,4.638197223586876135e+02,8.995978951977991755e+01,3.577047626872734298e+01,1.264193330314164143e+00,9.969970276496336936e+00,4.175073415876586758e-01,4.490599651341736220e-01,4.919006185524842145e+00,9.234954587412953941e+00,2.220526682686666220e+02,2.330652495617409272e+02,6.208404942175075547e+01,1.492125011845693017e+01,4.704867442909558051e+00,1.491755181210859504e+01,1.822415233420124139e+02,2.340612103547859988e+02,2.001223278803258836e+02,1.646929667956096921e+02,1.888473420206514959e+02,4.819818652783807522e+01,9.035848220029558675e+00,2.603245031180757493e-02,4.651769040046573878e+00,8.568362040356001685e+00,8.307349825993263437e+01,3.306794990627951165e+02,1.430099260774254901e+02,2.124783748416123075e+01,1.435459652807342890e+00,1.058256228781659647e-01,4.811844235354583721e-01,8.559792993926312477e+01,8.736455844750379640e+01,1.557287456660724523e+01,9.028022398289675010e+00,1.723779130819477245e+02,1.717142309262108313e+02,3.572621865705024646e+01,9.187722544646453215e+00,-1.610630816030994561e-02,-2.980099856368493422e-02,-1.496438042765143098e-02,3.812345766876353292e-01,-5.831438199424146887e-03,5.485801620703698728e-02,6.996555188967572114e+00,4.721399467271371719e+00,5.783747040107769383e-02,1.481402616731767763e+00,-6.691266242977898793e-02,-7.751551856707437817e-04,-2.970172513385282292e-02,9.124335772591196658e-01,-2.811758523654178318e-02,8.660424682124480356e+00,1.373628814670639109e+01,2.864528632084649473e+00,8.296143916051892386e-01,7.656770585996100920e+01,1.368919031593625562e+02,4.502521709817899165e+01,2.340140254588691846e+02,2.670056719090662227e+02,4.840139444711417127e+02,2.906397502823156742e+02,2.129980182814912268e+02,5.788855479387132874e+01,1.734242933606637038e+01,5.235772706684665989e-01,9.242889738035199088e+00,1.665259574575170376e+01,2.934538939521200973e+02,2.772226083263603300e+02,8.282186110749805721e+02,3.897909738711727528e+02,1.151053664931165343e+02,4.464527493816865977e+00,1.552415415010960942e+01,9.858170337649822201e+00,6.628160959393190943e+00,1.212155825880175675e+00,8.374236137793623413e+00,1.712643896796949949e+00,-8.220614264355442791e-02,4.970034071377886775e+00,5.026252597401968103e+01,3.293279705604458627e+02,1.988143512055914641e+02,-6.142618294665216916e-02,2.645961716172443090e+01,6.075183749204724108e+02,8.201169759545807665e+02,1.683316628660985543e+03,1.360024633018197626e+01,7.690042745244928035e+00,3.892364959045444994e+00,2.009999786996771718e+02,6.224046430558862539e+02,5.425500338318142894e+02,8.255091801426963344e-14
-1.865776482573665070e-13,2.748501987516222655e+00,1.644609985511220174e+00,3.936166458607075924e+01,3.225448081444619675e+02,4.548502691621367831e+02,1.657863567897945245e+02,9.076172544221250860e+01,1.629107805965625388e+01,2.458630817383540901e+01,1.391800819593220417e+01,1.229609125266343206e+01,1.205298230990109971e+02,3.903417682936633923e+02,2.521878080519009302e+02,4.804898428216675939e+02,5.285432374623386522e+02,3.358153748903893074e+02,1.450396144535954761e+02,1.735568159199747527e+02,4.527826508931177614e+02,4.036560365547776996e+02,2.162666224396435837e+02,4.717964117169797333e+01,1.947872215096587922e+00,2.593071804953068327e+00,1.746387486029365164e+02,1.096215210356371585e+02,5.117005821563279255e+01,9.015133682750261812e+01,4.531356755309053028e+02,9.301317655773466413e+02,7.094060618932412581e+02,5.767253137842443067e+01,1.854933605950587605e+01,1.976656320854163695e+01,8.308795400088499150e+00,-3.930694842936123923e+00,3.942382185502377290e+00,4.191049744366823759e-01,2.841850115925639741e+00,9.821270519081553019e+00,2.354695706219388640e+01,5.464863336763819746e+00,1.595644299035188851e+01,3.496506532664931797e+02,7.581771915031047229e+02,1.918675267380978937e+02,8.237377903533084691e+02,7.968880099838413571e+02,1.600743796146531395e+02,1.094365949763272567e+02,4.464300892049902103e+00,1.798572074791234598e+01,6.222072420788701486e+00,6.890139267424808089e+00,6.078463875808013839e+00,3.043073094031114145e+00,1.498006786071498198e+02,1.318387521830590856e+02,2.452666918901412529e+01,-8.018671324160845160e+00,-1.791029336906973057e+01,1.368175103088524658e+01,8.007102002533709140e+01,1.009537765340672593e+02,8.603588355692893686e+01,6.688899857635102819e+01,7.987588710901412981e+01,6.116453011751673330e+00,3.583304914253086171e+00,3.507591148902305722e+00,6.182380073024961398e+00,3.591855335279814376e+00,8.424574601060218981e+01,3.244178129372576791e+02,2.037469815175829524e+02,3.066343375632121848e+01,1.058313698115782664e+01,1.380945850025403487e+01,1.532991519750875220e+01,1.027494109486003424e+02,7.153417866159004745e+01,1.230661215394427543e+01,-2.261917019107456639e+01,1.936842174816327713e+02,1.737782356064134603e+02,4.694054105639339269e+01,5.537677935722324030e+00,-3.936013595701242096e-01,-5.489052286548831150e-01,1.218488361125445785e+00,4.227833815389560712e+00,-2.394156677531638910e-01,5.762735523178503350e+00,3.044571205212501130e+00,1.638332691314410727e+00,7.239704745342187664e+00,5.232997283110011999e+00,-1.509443890306435554e-01,-9.177220389722932914e-02,-4.418502097266158724e-01,2.359600005835909564e-01,-5.713038329715430796e-01,1.065165716231046211e+01,4.340120402819540146e+00,8.117786445818384045e-02,9.226285314503705592e+00,8.157126349060847303e+01,2.906995469482345698e+02,7.229683849737887158e+01,1.241489847197423728e+02,2.849685599000143839e+02,2.721529336220841060e+02,9.604771303798851534e+01,1.722129149910913384e+02,4.876903894116529870e+01,1.347220501735526632e+01,-2.894337673175634063e+00,1.420456009684997589e+01,1.265067852517421443e+01,1.816161559852222638e+02,2.662371438843322835e+02,1.418961350224418766e+03,3.581382745136915560e+02,6.289812308652948758e+01,-8.579597567539487102e+00,1.076549000037120685e+01,3.257978051581275736e+01,7.875513109930435007e+01,2.249195234523713793e+01,2.143327376519568261e+01,1.825994889985137704e+01,-6.700380679975232567e+00,-2.092565921155271624e+01,-9.279874306609546153e+00,2.109558634509565138e+02,2.960731427478323212e+02,7.450156136594469736e+00,1.237692130408479727e+02,8.696186029123358594e+02,1.841300968895410051e+03,2.264680325083887055e+03,1.597532247983917557e+02,-2.713099933306636657e+01,-1.169866371475496436e+02,1.143089135087520702e+02,5.129549675723427526e+02,6.823894710043186933e+02,7.268778477570375179e-14
-1.882917974170451604e-13,-5.655889021732096733e-01,8.797452245625699163e+00,9.721499762391609067e+00,2.519445603348161171e+02,4.905498140512987675e+02,3.073265765138395409e+02,2.138132120504308205e+02,5.172463532918094842e+01,3.453928358123440745e+01,8.839879944115285326e+00,1.890256903707294001e+01,4.795552076155230452e+02,6.215497485372047777e+02,1.737135054891867867e+02,3.221580278074337116e+02,6.473809104499132445e+02,6.505844764881409219e+02,2.955157657134949432e+02,2.143988945790906939e+02,4.127402230069884581e+02,2.838538320463327409e+02,9.776129651535659093e+01,3.239876408082270842e+01,2.285666430811698291e+01,-4.309470918757738467e-01,1.719137409117952302e+02,1.132720368270074260e+02,4.300759124613387741e+01,3.213466818491519916e+02,6.547432438340014187e+02,1.115285183398777463e+03,7.364975487748853311e+02,5.591003014396549275e+01,1.879122431588716324e+01,1.301570263113100445e+01,6.654207297848168778e+00,2.058661891929781440e+00,2.147593765674833843e+00,4.365955380885723436e+00,1.957435069781260806e+00,1.602829940440413026e+01,2.625908148566518818e+01,7.224981101128463479e+00,6.420329986036584557e+01,4.081379108185131486e+02,5.298917575428077953e+02,1.445934873767440365e+02,9.271738450017880950e+02,7.801198783057875517e+02,1.349512784425974985e+02,1.148121110559125526e+02,1.834382589761696547e+00,1.235291269065479192e+01,1.820311703488171773e+01,1.411541590785043532e+01,2.866315274193832252e+01,9.733065489018686378e+01,9.076187886839579733e+01,3.358870537688866875e+01,1.006025116179017509e+01,1.449122325008264944e+01,2.063499420146968433e+01,1.152279557199240223e+01,-1.499434925748018443e+01,-1.919739656791709237e+01,-1.313439812002260254e+01,-1.564211367714760570e+01,-1.831778297430116709e+01,-1.168102748223444731e+00,-8.989980872668436040e-01,4.284226231155362719e+00,7.936816241905900071e+00,2.002416033704564224e+00,1.217063032391730388e+02,3.037146009332622612e+02,1.913559689406964708e+02,2.310054541933903849e+01,2.453486448242172990e+00,2.879327104728680098e+01,4.492383548050407427e+01,1.013592158579219955e+02,4.341058395883478482e+01,8.670964483003814394e+00,2.695219563167913890e+01,1.794169817217158709e+02,1.319409041955047144e+02,3.915505759933746077e+01,1.626929460881235023e+00,2.988550854253745337e-01,2.214514038890260106e-01,2.647250343355195490e+00,5.695906414486847424e+00,3.218307937610500602e+00,4.592929474618200558e+00,-5.102179186612169071e-01,-8.762582189548013822e-01,1.099220183081933833e+01,4.873819109315995490e+00,1.059786509524056841e+00,1.438706090119662995e-01,2.995090437591817548e-02,-2.501080225593087323e-03,3.176897934037847815e-01,7.254192318641340620e+00,2.844597680240436688e+00,6.874672202876497273e-01,1.673163358022599567e+01,6.194677012402735272e+01,2.816709728557538028e+02,1.208205767211963035e+02,7.886368646645384217e+01,2.074371282967751995e+02,4.915575947128537848e+01,2.305821143072966706e+01,9.426318237323128812e+01,8.974119452197896862e+00,6.061023505486254237e+00,1.292824313374381084e+00,3.794333921623312023e+01,9.837036170406635449e+01,9.327906832516261204e+01,2.394856304795106610e+02,1.260762671091189986e+03,2.173856153442490609e+02,1.354359336260646529e+01,4.176013167760905809e+00,-2.784921034633467851e+00,9.979800849710365185e+00,-2.019902890114979499e+01,-6.359804158470561131e-01,-4.533935586860041944e+00,-4.361938917624009981e+00,1.627302648007577623e+00,5.811054881099884994e+00,3.240740072562633145e+01,1.617737532508356537e+02,2.717637170442413321e+02,2.032738556094399485e+01,2.420915286959310890e+02,8.475062991923276741e+02,2.149395687637057108e+03,2.191013184507226924e+03,2.622976741958930234e+02,4.342775113931718067e+01,1.770044628988848388e+02,5.323624673214492304e+02,5.237718109115845664e+02,5.193692983873822868e+02,3.025274666057363262e-14
-5.899103118252776614e-14,-2.843739584278163202e-01,7.006539950632798330e+00,1.625214378916760083e+01,7.316028055512485651e+01,3.729791409235896253e+02,3.878322696483479035e+02,3.306789465209307650e+02,9.886981819775063229e+01,2.336026103451290226e+01,1.821540421494641127e+00,4.468162638255863328e+01,7.810394020973374154e+02,6.151379046925568446e+02,1.929379954236886476e+02,2.931952959690131593e+02,5.376997780173984438e+02,8.040815751245371530e+02,4.057469923122986302e+02,1.925370220110648063e+02,1.138808827908729882e+02,6.161960981306331320e+01,2.338065724703750448e+01,6.220164449154265895e+01,3.164666393074592321e+01,-2.569365767812364920e-01,6.132315176567173864e+01,5.085437194763102298e+01,3.635860357410548005e+01,5.218792435073614797e+02,8.726932386114926885e+02,7.191055525043250327e+02,3.760775372038490900e+02,4.752489947847351459e+01,1.608151613524789880e+01,1.058717898379623357e+01,1.546397872592495393e+00,6.431017276387693826e+00,1.949010357520437609e+01,1.333630775271836022e+01,8.046363581115587582e-01,1.582109467639173772e+01,1.625673550179918081e+01,8.669725468920209011e+00,1.361685386383843195e+02,6.043383976308002730e+02,1.761422103939215447e+02,9.264898491017547144e+01,5.064784373675960296e+02,3.344226181666572302e+02,4.666662547566333785e+01,3.233245227692857782e+01,4.985274083840199322e-01,1.621025438060352819e+00,6.832264461592225757e+01,8.602714356197695622e+01,4.774029184607881859e+01,2.039599043206562499e+02,1.060159131797973231e+02,1.603326583108900083e+00,1.126689769061795188e+00,5.394183072935949674e+00,1.089226563777254952e+01,1.876474429436774338e+00,-9.095069886161027739e+00,-8.562144119390383779e+00,-8.056759329164481898e+00,-8.441822108042719819e+00,-9.689788626293687201e+00,-1.222033845922700923e+00,-5.844671413284829864e-01,6.735284976513558064e-01,3.366709886812805141e+00,7.122082915915417534e-01,1.779421070770509630e+02,3.350362066399667924e+02,1.503264140254979111e+02,1.885540181359237266e+01,-6.649513233558438152e+00,3.355882370597210240e+01,7.852576564028925077e+01,5.971908276253431325e+01,9.944268673920060309e+00,2.532816277241116687e+00,1.087209486273072088e+02,1.535017231773738331e+02,8.099831167589937309e+01,1.836495018130463208e+01,2.363991886897107708e+00,1.005991202416774088e+00,4.381048124154938161e-01,1.466507587454909833e+00,4.070836618329154888e+00,1.011447711139767591e+01,-1.623224766011994058e+00,1.445680375527790051e+00,3.609476401087031050e+00,6.603058909880617833e+00,-1.039353673678972356e+00,-4.455342722229869712e-01,3.035092418316211460e-01,-1.635588257144169888e-01,8.971801847894204929e-02,1.470122039648655843e+00,1.471909622773580395e+00,6.099751445248986492e-01,4.094171154651246702e+00,1.320726317947183404e+01,3.689509613561338597e+01,8.226220540166183071e+01,8.911417198769262882e+01,1.651653094836989339e+02,8.877623036543646151e+01,7.716738876641436873e-01,5.956636042821692456e+00,2.579102968057263112e+01,9.940485549393111242e+00,3.693295278291888195e+00,5.405243647061376278e-01,2.680306009468930384e+01,1.675517962909548544e+02,1.272374912053044795e+02,2.534590629062145126e+02,3.214773917172208257e+02,4.289029770786005002e+01,1.255790801754202324e+00,1.170469042659365577e+01,-1.563713694647765440e+00,9.984673510555012177e-01,-8.110841861346829162e+00,3.307943640726699552e+00,3.729534691357118348e+00,-2.936283331674531816e+00,3.848550910756947108e-01,2.810834206392923473e+00,1.148817867768707934e+01,2.784236753961543513e+02,2.157804688040124290e+02,2.735938122715547038e+01,2.896520406038035844e+02,6.010979005731455800e+02,1.390103959139349399e+03,1.582132490613206983e+03,2.359577221884169660e+02,2.607776983460137785e+02,1.012291320950821955e+03,1.529130876701594161e+03,6.520889751965061123e+02,1.800576002153887600e+02,3.727763085475631583e-14
4.636002247201239034e-15,2.054173308170051393e-01,4.068136534639235968e+00,1.358654634103615066e+01,-1.432589094438351474e+01,1.686100089121670464e+02,2.498343270272887366e+02,2.360721679852077557e+02,8.629658910915836145e+01,1.336932603076891191e+01,-1.698847918230007137e+00,4.888707649357772311e+01,5.413344541335208078e+02,3.863863333096193742e+02,2.702997721791927574e+02,3.180530707650051454e+02,4.751574432059846345e+02,5.900027892216410237e+02,2.662545791695690127e+02,1.005563748527238488e+02,-3.329220262160384891e+01,-3.043557592785795407e+01,-8.569484693486110194e-01,4.863276097932232744e+01,1.895103446585137519e+01,3.368802991247617507e-01,8.738578964918577441e-01,8.565446296371733936e+00,5.091919132978166829e+01,3.673057943919291120e+02,5.611820922193380738e+02,3.555220180060524058e+02,1.214639275640571867e+02,3.381411243139839939e+01,1.390077922561832757e+01,1.025837160526175040e+01,-1.533535944853747779e+00,7.458754258396260717e+00,3.279436904291397781e+01,1.434314879339454762e+01,8.315482226464752102e+00,2.449712304745959202e+01,1.364659452209364332e+01,9.487831373995552653e+00,2.054466671090613943e+02,6.608539050197889537e+02,2.258843766235082029e+01,5.184302770651527226e+01,1.536547107472296148e+02,1.798294306821090345e+02,8.763737930671916843e+01,4.557817195663024989e+01,5.533331295260340710e+01,5.192217883326383898e+00,1.106670086369860542e+02,2.450536616779594965e+02,1.850874593648815107e+02,1.691347534384816811e+02,7.161209509669362205e+01,2.031285198153232940e+00,1.061314909254139405e+00,-2.011238163187231975e-01,4.367402128644324755e+00,1.182272369216156749e+00,9.535274917971870323e+00,1.237224341651702453e+01,5.445850958154502486e+00,8.540851725236844771e+00,8.636260158644626372e+00,3.747113817611792630e+00,1.188689073040317457e+00,8.036916293991483995e-01,2.431691148335315411e+00,-1.630142307385165301e+00,1.171364277916479182e+02,2.769653691166611793e+02,2.324836771526929056e+02,8.239326472790068578e+01,6.109122229192085030e+01,2.548134678036441869e+01,8.970169849790079297e+01,3.097112407447319526e+01,1.464054454355457002e+00,3.984350929391235585e+00,7.236544461249728499e+01,1.239101268302731000e+02,5.943497460395334286e+01,4.449462776096002159e+00,2.709580203211814808e+00,5.142743432227951939e-01,1.998153652882773412e-01,5.265700016305904230e-01,7.781421716961264501e+00,1.234483946707802460e+01,1.236231684175023382e+01,1.383194897887948649e+01,3.931744885755270502e+01,3.753757150313846935e+00,9.161394258217921305e+00,2.869624220687801763e+00,-1.087910055431269285e+00,9.805110794404297003e-01,-4.066644875046371843e-01,3.580273427510638484e+00,-1.170301352363208869e+00,-4.919729735824919237e-01,5.928327820210798293e+00,8.914058222644214879e+00,4.785107532760333982e+01,-4.383763670171695104e+00,1.522335103545035224e+02,1.858643438782923454e+02,3.085719588746454534e+01,1.126845489803398870e+01,2.511912544390041546e+01,5.406478066274218897e+00,2.387122549332462640e+01,1.061980145640307605e+01,-3.798849264217163402e-01,9.249902589072156900e+00,1.265218339342925304e+02,1.303780615177079198e+02,2.461114100691005433e+02,-7.539518589871910592e+01,-1.547484310144254316e+01,6.829211202970112415e-01,1.342025701613281186e+01,1.858093869266951748e+00,-1.103556852388871468e+00,8.909151064354185579e+00,6.872235276042563790e+00,7.796586613157868939e+00,4.543299613073220833e+00,1.651873327920795109e+00,-1.474653910466806384e+00,-4.488182830340027962e+00,2.895052215077919868e+02,3.845219500323908619e+02,4.883637775592099928e+01,3.879936433170091163e+02,5.160417101629166154e+02,5.475310531567678254e+02,7.238217440595664129e+02,2.206605594463028126e+02,6.703512636896658705e+02,2.058393626261852205e+03,2.619523195202381885e+03,7.104938475502360689e+02,1.428950693441892739e+01,2.193989650600828537e-14
-9.146024801926098748e-15,5.192128421288681739e-03,4.542143545710754182e+00,1.791839157532842119e-01,-4.409218732482346748e-01,1.892619537542752584e+00,2.992786758861437946e+01,4.008663137405453369e+01,3.305379713117155660e+01,1.072578034642558364e+01,-7.885136363286056327e-02,2.949833332612579895e+01,5.535696684603574624e+01,1.184632362786402808e+02,3.223518938492038615e+02,3.582824894452372178e+02,4.898386183417798065e+02,2.366645407372800207e+02,2.599103304127987357e+01,7.057483113512074802e+00,-7.696550556011306776e-01,-6.117422051727476884e-01,2.732469154801384192e+00,4.346679491964220432e+00,2.326143624710313162e-01,2.057081782860819760e-02,5.337362880708183432e+00,6.759816744003172673e+00,7.086353955313123265e+01,5.813252365862591375e+01,3.133707315657947134e+01,2.105207863985216648e+02,6.912133684970599745e+01,2.488804179058346833e+01,9.005000001860929970e+00,1.043061311258149892e+01,6.403997110231931522e-01,4.315207497151615890e+00,3.196347993325223413e+01,7.777332622951039554e+00,1.952923191905495059e+01,3.894651205853108422e+01,1.890181025321415476e+01,2.663931949526844178e+01,2.945813065871096796e+02,5.334685233420598252e+02,4.861517656173374746e+01,2.454911634174408874e+01,4.240658727562111352e+01,2.949405701247383149e+02,2.370376638700831222e+02,1.973325472740331179e+02,1.883436717106110052e+02,5.767257969872784429e+01,1.206857042582416568e+02,3.249338094526173677e+02,2.892262740394928073e+02,4.944139607212093779e+01,3.247802574663296138e+00,7.964393784957564115e+00,4.649625128522149708e+00,3.923328855761318401e+00,9.665472188412191912e+00,7.704386125454528056e+00,1.035634504072077711e+01,6.774998415629321258e+00,1.047817359018915206e-01,7.576858626746830971e+00,5.675946192163406678e+00,7.946703814634744845e+00,4.366089743851111926e+00,3.113475704846291769e+00,8.048102044007725553e+00,-1.312818501434927509e-01,1.511128707229871582e+00,1.418915864114901240e+02,3.567701582072809856e+02,2.203245992100055162e+02,1.506312383732168314e+02,3.983441017052325606e+01,9.872969372867517279e+01,2.891638737011933458e+01,2.986461986997445694e-01,3.228364393294884671e-01,2.509337436103102092e+01,1.231453441147051819e+02,6.250432541776284268e+01,1.210551480720603035e+00,2.167758722006450256e+00,-8.171252947629081484e-03,-7.955045852043964895e-04,1.879487327859333951e-02,9.091201295848104991e+00,3.151254514088623448e+00,4.093397736360048356e+01,6.522463276775411600e+01,1.280033360788428638e+02,2.111423600404601686e+01,2.149632588048991266e+01,2.749750705844379306e-01,-9.672316904595507081e-02,3.134316076554617858e+00,-3.752173510385878319e-02,6.377775266450829150e+00,-4.246811804848958649e-02,-1.817580069818865857e-02,5.307943453331715133e+00,1.031787638086031933e+01,6.770241985126743600e+01,4.420829330745129226e+01,2.779759549031101642e+02,1.217002744898149018e+02,3.214654334818315107e+01,2.158480175265039236e+01,6.514820148553377521e+01,1.685196613863940485e+01,2.763017527413102670e+01,1.635246515448602977e+01,-8.971062534500542918e-03,9.012625171237095834e-02,3.865292410618830132e+01,1.122676715195501629e+02,2.485811959702610636e+02,1.461971215093814749e+02,1.498717564207247044e+01,9.869369159020249249e-01,9.992973788365285159e+00,1.922376256386115312e+00,-6.650410038357561227e-02,1.580098848390097677e-01,4.722647489401044396e+00,6.050838531640281293e-01,6.615105520677531104e+00,4.991442340663420296e+00,2.217009090172152863e+00,1.759317472973515040e+00,1.692938590915648831e+02,6.172797722655697044e+02,1.806716626768146909e+02,4.678707982798996454e+02,5.045486273388830796e+02,7.216181834621372104e+01,4.620413375069718853e+01,2.065662992757738152e+02,8.702871117019824396e+02,2.317231956588650064e+03,2.766697750572902805e+03,6.499282550298750039e+02,1.004703165389282873e+02,9.984556774801826768e-15
-4.690018365949704844e-15,-1.252422928064330643e-01,7.808642868857300634e+00,-1.622057614990364494e+00,9.394291599877007570e+00,-1.963974236626819092e+01,-1.922677947139379029e+01,-8.052269280724614120e+00,5.048553449912905222e+00,9.897326615248887904e+00,4.564958415860680851e+00,9.432847266148684184e+00,-5.198398653733146801e+01,2.068500907576853010e+01,2.789219524057406261e+02,4.112506142675510432e+02,4.615141623421383770e+02,1.368670747957516198e+02,-1.919740637899509395e+01,-3.383835591596425996e+00,9.847499606237336778e+00,7.225431423191950309e+00,3.260011720361911447e+00,-4.922414287643610109e+00,-2.405686861885802053e+00,-9.938232946216019048e-01,3.071251504313077252e+00,2.367580430516994383e+01,6.570319094286421091e+01,1.207905542130455778e+01,-3.768901299477378330e+01,1.557586791089461542e+02,5.458868643040953827e+01,3.764320856000881577e+01,1.257013803522703643e+00,1.166431215995217485e+01,8.175680767244928759e+00,-1.231272916706023457e+00,1.985133377890685935e+01,2.040102124353261548e+00,2.260962364120288726e+01,4.456806962692904506e+01,1.971955148157071491e+01,7.381712720548718210e+01,4.414767598576409000e+02,3.406023401908605024e+02,4.501341960751367566e+01,7.804448709297411746e+00,3.599283954532132412e+01,2.519552060124921411e+02,3.428400999550672168e+02,3.922376931363141921e+02,3.540514519941532967e+02,1.649952499639856569e+02,9.676776349232483199e+01,1.438054465815038157e+02,1.338253863866271161e+02,1.625110792819771666e+00,-9.167507237645615703e+00,6.624425388885545551e+00,2.851947580067593524e+00,2.874041891217705924e+00,5.018916929526313631e+00,9.092788010662584242e+00,8.273882331460049144e+00,1.330787694622975970e+00,-1.170839983536109408e+00,2.670364084748917843e+00,1.409828956678601530e+00,4.792107964098688555e+00,9.568910298295737249e+00,1.932987465293012352e+00,1.590311743747589546e+01,9.590026088615870137e+00,-1.753724151772956574e+01,3.770581352725459823e+01,3.335745465504204503e+02,3.736311192192015369e+02,1.633097170825415105e+02,1.283919183713538814e+02,1.524173538168315645e+02,3.617992272387081698e+01,-1.731448679485821884e+01,-1.741641387454093959e+01,1.592145992722114727e+02,1.736254884563283554e+02,6.093484348973957054e+01,1.289857724520904636e+00,2.241412884351767332e+00,8.367249601029277395e-01,1.688323265182107846e-01,-7.187803173030906656e-01,-1.032284515295697869e+00,-1.156438887630092971e+01,6.102721399026983562e+01,1.669328968803039572e+02,2.576282627591941150e+02,7.128377836353460850e+01,1.507260939914959685e+01,-1.349385510792596321e+01,6.651446659062812294e+00,3.690643966749973526e+00,2.029574819419611487e+00,7.172614631338608326e+00,1.556352313948495381e+00,6.753846884813572427e-01,3.225369397733298449e+00,1.562673312467176423e+01,4.376698265681282152e+01,8.602004480521539165e+01,3.138722287003348015e+02,6.832157770480850445e+01,3.270855795623234741e+01,2.761632233568013817e+01,1.052709468954131751e+02,1.958132274314983690e+01,1.370002860728535410e+01,7.483644043286694192e+00,1.903543945274200899e-01,-9.390039324964081224e-01,2.772659114851395046e+01,1.567884496480331791e+02,3.181043662857030085e+02,3.016070298696296277e+02,1.689324466687266479e+01,3.089513505092043477e+00,2.897537737949496428e+00,3.280814247189529076e-01,4.804164775097127915e+00,-1.643010659989317945e+00,7.473769991520916811e+00,-1.447495081921307047e+00,2.668146973716090553e+00,2.608273511873250960e+00,5.372926193130405537e+00,6.013715488268299936e+00,5.483369492697546121e+01,5.720980879570340676e+02,4.744048963876374501e+02,3.927178788605969544e+02,2.705360246999426863e+02,-4.653351894630601038e+01,-8.665048557685371122e+01,1.129085736384808456e+02,4.262155019983322859e+02,9.841399236373184749e+02,1.227609867048076467e+03,5.277982177596130668e+02,2.965837173180165678e+02,2.684236011811447114e-14
2.893424112210667787e-14,1.454025374423130179e-01,9.407531957647343290e+00,1.439438177964262211e+00,4.923922560737666210e+00,6.811949364765199633e+00,7.508777325638685163e+00,1.355461305237739111e+01,-5.752020684959269214e-01,9.494976088011245707e+00,5.306220072912669394e+00,-2.431853222572467388e+00,1.384095266292528770e+01,1.295108503920892673e+01,2.122705889497413807e+02,4.626163326886478444e+02,4.075893688245669182e+02,1.635466736390502263e+02,1.568715498442225886e+01,1.444102979875761328e+01,8.508069149383924668e+00,2.984867176774459008e+00,4.161021645617291598e-01,9.673250396013142183e-01,2.778831073705317900e-01,1.305198471442297725e+00,9.306935715534376818e-01,6.878109028560101024e+01,4.474499652137747319e+01,6.958588317240747756e+01,8.338411447016210332e+01,1.362676458382355236e+02,5.954915169369105854e+01,9.181754918342181782e+01,2.339950776144459255e+01,2.007934164653543618e+01,1.595421268040365170e+01,3.315430895994643468e+00,8.060539015563122689e+00,-2.738832193032234019e-01,1.789650505326914853e+01,3.433566506730317514e+01,1.105944636731074660e+01,1.029789155523491786e+02,6.106794844100636510e+02,1.872297274184266769e+02,1.800432527450471909e+01,6.698876061580314456e+00,4.857397095874555504e+01,1.739310280462331946e+02,3.355213475146583164e+02,3.963183028429660339e+02,3.274734118182290104e+02,1.731093436988814460e+02,5.589028857156712604e+01,-2.794728227358929828e+01,-2.357764550619906174e+01,2.166861584203073621e-01,2.302587957479446334e+00,2.335503872832357164e+00,-5.622590937997712368e-01,2.967134730679695243e-01,-1.038193435957219801e+00,4.641965719040483940e+00,5.119296255745632962e+00,-2.105674827569308516e-01,2.631804716177772452e-01,9.530199036500024423e-01,-2.781227231455474791e-01,4.596558133503629850e-01,9.423566616552601971e+00,3.663899413296542562e+00,1.491417412013484167e+01,1.275627874057624567e+01,4.854824376929401275e+00,-5.240853883493111098e+00,1.937377118614985250e+02,3.799738049256115460e+02,2.021336899203989788e+02,3.068758110102303363e+02,2.736951716714025906e+02,3.221698337899894682e+01,3.893891196440758762e+01,2.481081056631488835e+01,2.814629148215000214e+02,1.833424168563397245e+02,4.410738324042441860e+01,-1.364765989252032075e+00,-2.089190094038451573e+00,-1.203351992882297994e+00,-2.418055928399671095e-01,2.801576547583115140e+00,1.016565437757625112e+01,2.151185826584516647e+01,6.833784438309551490e+01,1.921469874043920356e+02,2.857980090610064394e+02,1.199631304272625556e+02,4.537761670059167329e+01,3.298001963064794495e+01,5.086384854681170076e+00,-2.022452914287664605e+00,-2.626424624325707224e+00,-3.493840243644156462e+00,-1.823318352482109939e+00,-7.638772479468188825e-01,-1.939426664939536415e+00,4.073312072451689581e+00,1.276942236635314742e+01,1.489929123108683200e+02,2.468703855866257300e+02,4.499678884690738556e+01,2.698098564373391639e+01,2.681783870044506557e+01,1.016460023504397157e+02,2.218633335158929754e+01,3.711592419608584770e+00,-1.497818091725873213e+00,-1.655236601157137610e-01,1.238798307100222457e-01,3.576323030024520477e+01,1.466323675096375609e+02,3.333468803673019352e+02,3.124406110900507088e+02,6.758970176687943088e+00,2.773142534871296139e+00,7.035992356392917202e-01,1.140227594715963688e+00,8.866374679434834150e+00,2.023876856360675991e-01,7.590451400081559719e+00,2.582078070945116099e+00,2.245105457345413225e-01,-5.662027754586843598e-01,4.648669063135328905e+00,4.877906276516597472e+00,-5.685062355657309219e+00,3.509726394887314882e+02,5.917428543680507573e+02,3.262050120700564548e+02,4.183981130563650908e+01,4.616010720015481894e+01,4.434681519688011520e+01,3.257373143400380400e+01,1.888476054718515229e+01,-1.717460034895778733e+02,-9.235403417822584515e+01,4.190292635805845975e+02,3.451958853603588864e+02,4.879458072820207875e-14
6.131949844851534924e-14,2.333929019787128745e+00,6.858621379770343474e+00,9.906413425597075939e-01,2.338814957879266909e-01,1.838369123965322149e+00,4.809260963378003240e+00,1.136357452062448736e+01,8.962242033683305298e-01,1.043730744896697438e+01,1.979802499181223530e+00,-2.858906367332719078e+00,1.072348987503308493e+01,2.177073617557049534e+00,1.687417334935674944e+02,4.644380119282378132e+02,3.719332437204906796e+02,1.722756806461318320e+02,1.355325721716946141e+01,1.071761439520601478e+01,2.791523687202854020e+01,1.321180549518676095e+01,1.767445302287870557e-02,1.399213782336978795e+00,-5.692028748145381289e-01,6.404662462861928418e+00,9.767845249260300733e+00,1.173938198375082749e+02,2.471161612830794496e+01,6.043804615625811039e+01,9.460880179911912080e+01,1.337027515154388482e+02,8.664794771736279699e+01,1.942620131189478911e+02,1.017440841805603924e+02,3.507433673963063114e+01,1.894388100688006205e+01,2.787622734106510691e+01,5.492932340961543147e+00,2.431888336507774362e+00,1.313100308809060657e+01,1.864187383715271551e+01,1.421976211795148792e+01,1.149724335200969279e+02,7.417751927663125571e+02,1.606886693237049712e+02,1.166764023259258742e+01,1.975597470274694700e+01,4.157694301694388628e+01,1.755706892592594954e+02,2.446010308652089122e+02,1.733850410097064696e+02,7.906048314228715412e+01,4.135713528920030058e+01,1.849200094698792540e+01,-1.340249028641465578e+01,-6.428797135070758451e+00,-3.988019880190482036e-01,1.343487306851328444e+00,3.174580535065732456e-01,-8.456708923191834648e-01,5.641647767433988214e-01,-5.419600783105444908e-01,-2.031723175395569458e-01,1.049527735037385723e+00,-1.221752706297544455e-01,9.422765843105376793e-02,3.060175168315989680e+00,-2.298286137596140255e-01,-1.526548523145475345e-01,2.233384785925387472e+00,9.483923388732755200e+00,3.501337029909803888e+00,3.472563110813030818e+00,5.642709362133117246e+00,2.194157910933477174e-01,3.905882903508010884e+01,2.030044876807450294e+02,2.799133081056681362e+02,4.615187425666008494e+02,3.805382629663787952e+02,3.657369913307852016e+01,2.276443167498042897e+02,2.232274870504308808e+02,2.714590937324715583e+02,1.312202621107454661e+02,2.490126910858801068e+01,-3.272368297227549849e+00,-4.870250604354198209e+00,-3.013563769447307195e+00,4.748374286158162372e-01,1.110269981425437358e+01,5.457586458627606874e+01,1.147962962054164819e+02,9.164450608891951333e+01,1.221785175690319107e+02,1.889605122635463772e+02,1.771464575021491896e+02,1.748726446615600878e+02,1.742362875188567273e+02,8.331457103245869078e+00,-3.735911611312288105e+00,-4.677172337775102662e+00,-1.041484111517421063e+01,-4.401156640985131041e+00,5.799995547664219542e-01,-1.854031712178453306e-01,-1.025093163062306090e+01,1.223485888813099720e+01,2.417378277687981551e+02,1.312653273048511835e+02,3.940677785374975883e+01,1.987590138330323697e+01,2.086889600984146398e+01,4.977637004276456167e+01,2.927504408355944676e+01,7.881336532096267611e+00,-7.390253142878585590e-01,-3.714872573811735523e-01,2.090887452757050347e-01,1.282565362137211196e+01,3.533646216070206947e+01,2.325198812730662894e+02,2.806853691701547859e+02,2.607190507332584062e+01,-9.539408410837688090e-02,6.360637912201406508e+00,5.914915661955468806e+00,9.449218103034139560e+00,-3.521783757728753628e-01,2.522743805720464749e+00,1.063630808672030525e+01,3.765345151656129374e+00,4.831271195246439887e-01,9.878448245033847330e-01,1.240748474166613935e+00,-8.220345165273789334e+00,1.426339520733413622e+02,4.010276986845918259e+02,3.454752204475948361e+02,3.768621794212033915e+00,1.694673512460185805e+02,1.574991219301280694e+02,4.407052093798417047e+01,7.773365121673452904e+01,-7.062486024491744274e+01,-4.551037810023053964e+01,3.338348607512942863e+02,2.039255877361852924e+02,4.043098917063599981e-14
4.147522412512782814e-14,9.424578462196313566e+00,2.722372508715104278e+00,-7.536272135573085507e-01,5.521271294874234847e+00,5.040074021246389258e+00,4.702085315920490949e+00,1.182065751764221417e+01,4.551091689700373699e+00,1.546870652442365568e+01,7.011568155888920906e+00,7.828439889295068177e+00,6.303587633378742616e+00,2.146225446980401852e+00,9.409958439302577915e+01,3.331908879467272868e+02,3.765010801349256440e+02,2.164425773478658925e+02,3.367574104101064592e+01,5.650858614237812994e+00,4.333425098978048595e+01,2.293294853729405958e+01,3.919502964059824901e+00,1.142667503489534653e+01,3.293609742065228829e+00,5.318024045942009614e+00,1.240188651521219221e+01,8.248016136473607673e+01,1.592609710650637211e+01,5.288408955543139456e+01,7.288986939502549944e+01,1.549950333526782629e+02,1.073899559332158020e+02,3.268027612922870730e+02,2.296934997828701910e+02,4.291939308080637261e+01,1.501479177025689893e+01,7.063021796445674738e+01,1.221985073787422316e+01,1.216649487664507134e+01,2.141644421832413059e+01,3.042082967056315468e+01,8.406348462790775500e+01,2.093270402342699299e+02,7.742912991722865854e+02,3.084594952985278837e+02,3.332529329017536668e+01,3.157595092021371030e+01,3.045897383842553197e+01,1.207420803130378602e+02,2.159267750802716535e+02,5.771046521537979856e+01,-3.666108967117204998e+01,-2.273126098701944642e+01,1.172370018109621048e+00,1.356847786865005645e+01,1.731811575995696018e+01,2.364036750002397991e+00,-7.940263244283989330e-01,-2.181591767899637158e-01,2.414511880951197398e+00,9.085370099706968627e-01,1.053062122125084654e-01,3.905372295698891438e+00,-6.257153406976202481e-01,7.001106760887158831e-02,1.501187526958484009e-01,2.624565086717214335e+00,3.706584062901299714e-01,1.027235956604599654e-01,-1.284089300877688355e+00,7.434069012820022415e+00,-2.052885617964116616e+00,-1.681874429417836270e+00,1.160556732156862836e+00,6.792020364141229116e+00,-1.868608057915686516e+01,5.349085551055775767e+01,1.883488247114041201e+02,3.098693702684963114e+02,2.511002550077259059e+02,1.245652188871190447e+02,4.910492956808427607e+02,6.477385917704694975e+02,2.966706171522040449e+02,1.570421508593470890e+02,4.356893862994960642e+01,1.338760113350043746e+01,1.968913914012493294e+01,1.319636723320857286e+01,8.693407854068498253e+00,1.634976944256291631e+01,9.112569769553653032e+01,1.916451350435699510e+02,1.936874466675608062e+02,1.608979551393678662e+02,1.818557248875017649e+02,3.304739529277549082e+02,4.243555885834708192e+02,3.422607779969267199e+02,7.380129374031673706e+01,3.350701183265604755e+01,3.875955689130778836e+01,4.317436051794349794e+01,1.836936754513869730e+01,2.002500431386572899e+01,3.689424638665024503e+01,4.933799912013189726e+01,4.117046933619101168e+01,2.682055651133683227e+02,6.397243241907561639e+01,2.367213564459053288e+01,9.533132505708856286e+00,1.763987054772935181e+01,1.758538060538123915e+01,1.925733269377302292e+01,5.958514806648941509e+00,-3.042556875287388829e-02,1.460095825839917039e+00,3.188390989200314163e+00,1.719787272062999861e+00,-2.310800303535984312e+01,1.312262805270930528e+02,3.229721326208234018e+02,9.209969776417209175e+01,2.789946852383502929e+00,1.057982295946020201e+01,1.121204711241199270e+01,9.481592266970451988e+00,2.144409185531477302e+00,5.068526329460850022e+00,2.204107845328463000e+01,9.014270316420997631e+00,4.854633844656271791e+00,-3.331039409799512740e-01,-1.208713930483616750e+00,1.823268602665814342e+01,7.165033575632881480e+01,2.701858644618745302e+02,2.628521806750610494e+02,3.692114583007082018e+01,1.568375083132979171e+02,2.541309191973393524e+02,1.192158625038748028e+02,1.356595339428832574e+02,1.176250479516623813e+02,1.220179201123018089e+02,1.788781180732278528e+02,2.162496923014668653e+02,1.060234543274046732e-14
-4.831584536373643773e-15,1.446977521197436900e+01,4.364050343031223439e-02,-1.724999914942117740e-01,1.423838087075502301e+01,2.253133214859891353e+01,1.641927770662884001e+01,1.673855338731057429e+01,6.551918673535641169e+00,2.595123056978666654e+01,2.068225725803622694e+01,2.151044541982309255e+01,2.302147431633076735e+01,1.056522863343858631e+01,2.478182547888764375e+01,1.941588192872595471e+02,3.953500715721813776e+02,2.512575143614731132e+02,6.257788907835505654e+01,7.173337090777121006e+00,4.273930740461950961e+01,2.398616992474448040e+01,7.344097237496062469e+00,2.130110934593357186e+01,8.093923820601904850e+00,1.824358613754506475e-01,6.700769068821237795e+00,4.210180877658700638e+00,1.627265522281738797e+01,6.109499182216856639e+01,6.116421220226585831e+01,1.951553217420167812e+02,1.094982305048450968e+02,4.418821383553839723e+02,2.998530446687444737e+02,3.854084777191657452e+01,8.052552796000771451e+00,9.392751371417345752e+01,2.181059698378361844e+01,2.309953907544912965e+01,3.458633390208953529e+01,5.855083905447618520e+01,1.756802122886359996e+02,3.347062645256908695e+02,7.688051792777647506e+02,4.390242372961047863e+02,5.832209404476158454e+01,3.706821320083157900e+01,2.933249528218291502e+01,5.314425319041328066e+01,2.312605725550027955e+02,7.316980491166386003e+01,6.533286752006613796e+00,1.264571635026085827e+00,-3.280961653118400628e-02,7.110330061910908883e-01,7.848489660898259057e-01,5.892866454871151127e+00,-3.351524381302095189e-03,4.311098540517201982e-01,6.789672367255583652e+00,7.204276261841836837e-02,5.217720991970280220e-02,1.095359754893441284e+01,-4.052308521605443858e-02,2.773134765975822282e-03,5.555105532762937004e-02,8.328710740895171882e-02,7.275434321297452600e-02,5.657190455947356568e-03,-6.840723945582953547e-02,2.549236951084313807e-01,-1.189626097465314863e-01,-1.009226139697642910e-01,1.468326706942255609e-02,2.378005029475382504e+00,1.483926001641158399e+00,1.986262084774252479e+00,6.485460602443116507e+00,1.292325100869011401e+01,1.195736391694774881e+01,1.978516595997699881e+02,6.095196764899909567e+02,1.008426666028690761e+03,4.156253598541028396e+02,2.715098935561424014e+02,9.200845764434806995e+01,5.280493685164261564e+01,7.647586882140420528e+01,6.203707445268204879e+01,2.572774248154676613e+01,1.910539052457967557e+01,8.984059983265973415e+01,1.860542341478443404e+02,2.591952814267983740e+02,2.287911578543278779e+02,2.139941199470091817e+02,4.262172240931522538e+02,5.543886300347821816e+02,3.832717720587421582e+02,1.336011372896116427e+02,1.267115269661864687e+02,1.650753756432622481e+02,1.746845267850588641e+02,7.700035370747352204e+01,4.237685464564263071e+01,1.063634491902978425e+02,1.995928669066740895e+02,1.039317443959450031e+02,2.039677004445067610e+02,4.519004994298452260e+01,2.225671207279535491e+00,2.861394904760920510e-01,1.621809659126191505e+01,1.900397673341797500e+01,7.312352633576090888e+00,3.799977325275721157e-02,-1.115175794511397978e-01,5.314622314455855978e+00,5.939299825419317003e+00,8.861936839818614686e+00,-1.035192460640657286e+00,1.064091148216409977e+02,4.097055495325662946e+02,1.476137351743025761e+02,8.600016370592364012e+00,9.176793104275713375e+00,1.659673930572324707e+01,1.002050402959694253e+01,5.816406015283415165e+00,1.053607950274634852e+01,2.678555999455142711e+01,1.044083406961001081e+01,7.594210517495213253e+00,3.271679282970048619e-01,-1.776705732540041494e-01,4.504262616395813268e+01,1.325940908790097694e+02,2.699940030371587909e+02,1.026905813236063238e+02,6.396716278472480610e+01,7.522608634921365933e+01,2.801709862027178133e+02,1.728519683708567527e+02,7.187339418168249949e+01,3.717532182116261907e+01,2.383484363792979366e+01,2.641876799793929464e+01,3.803555926753609242e+02,-1.164123998791030175e-14
-8.267491227224913099e-15,8.629036859429049855e+00,1.548791768953564851e+00,4.959724596464107016e+00,1.222900688543222891e+01,3.175320195667823953e+01,2.515269329243668750e+01,8.183145636919910260e+00,4.308218042863442676e+00,3.860609035233648001e+01,3.312818072378252054e+01,2.685150909558540633e+01,3.329057807981337902e+01,1.059476886370777393e+01,3.252681100421477112e+01,2.551812983598158269e+02,3.941519174638843310e+02,1.923846521259868609e+02,4.393933005157040839e+01,1.033374850139938061e+01,2.902842637006226312e+01,1.712001928823442398e+01,3.734486774614068416e+00,1.059054201252329719e+01,4.040227784029118752e+00,-6.308569508275733151e-01,1.829341647845330376e+00,-1.081344947418364910e+01,1.567718093995726747e+01,5.325693333576489863e+01,5.517875598213699817e+01,2.449160178671983203e+02,9.854515537771649747e+01,4.712296977942480680e+02,1.932631602686328165e+02,2.715746336079232748e+01,5.555377843625992185e+00,5.444384081859045921e+01,2.561028689542121128e+01,2.479324699195006687e+01,3.802583582072271895e+01,7.014319140598644253e+01,2.263995438863807408e+02,4.080732409220870522e+02,8.430904687998544205e+02,3.190062043363647035e+02,5.357574826229655685e+01,3.961305219850983406e+01,4.497757124832666875e+01,1.212382032452577079e+02,1.861830204338552619e+02,4.092782130125031870e+01,1.414978528525087142e+01,5.808037745211469094e+00,-3.561530130354338963e-01,-2.776585906611625187e+00,-3.362664444155472943e+00,3.113670248474504465e+00,1.611239292683905033e-01,2.213246199020628247e+00,8.800581608400182887e+00,-1.040338116019783765e+00,3.001605144076271436e+00,7.911671939603352577e+00,3.272249764368201363e-01,7.961724181778281548e-03,-1.118874166850800655e+00,4.226750134908595635e-01,-1.427811725869320147e+00,-2.852240818067162953e-02,2.980683741175014223e-01,-8.728879551469255205e-01,1.103252764922035611e+00,5.995847288209283921e-01,-4.466058162353582495e-02,3.475908476738193142e-02,5.955039377544943058e+00,1.682622426860934661e+00,-2.919884111668185867e+01,-4.456782351135792908e+01,-3.463180663324617115e+01,9.721949516244053768e+01,3.676415904358310058e+02,8.928437501922741149e+02,5.571919787572389851e+02,3.719180464345448058e+02,1.256409450287990808e+02,9.898444678976981947e+01,1.412015536026887617e+02,1.356890769238293615e+02,4.528212695566296020e+01,2.355440614366284180e+01,4.428240627963656806e+01,7.675276285083897676e+01,1.204065275625699911e+02,1.096143461375342838e+02,9.799746162846315656e+01,2.386484441876894778e+02,2.859133467601709526e+02,1.734467956362338157e+02,7.297873789630041585e+01,2.495550347208086635e+02,3.547839453774618619e+02,3.358464566094922930e+02,1.531564629914858529e+02,3.833169155741705225e+01,1.731781902785007219e+02,3.784660454303462984e+02,1.896477847671259553e+02,9.217445640484231717e+01,1.769175135658010589e+01,-2.594665502062939222e+00,-1.122134193596002527e+00,1.095528154361295847e+01,2.634647540216447226e+01,2.313987050728607997e+01,5.341234772767420758e+00,4.037201462701252908e+00,9.108586025731051805e+00,2.544620571326478675e+00,1.229920426877002804e+01,3.099105095872385718e+01,1.645196249242505075e+02,4.283509321765956201e+02,1.237063171580911103e+02,8.485532653562732008e+00,3.497735059550864722e+00,2.233806030076298654e+01,1.016817629000449585e+01,4.913048817626917142e+00,5.488794120519519204e+00,1.394989031558734460e+01,4.597870325630990074e+00,3.650257231244628198e+00,-3.740286094035820685e-01,3.409281949083455832e+00,5.225793622049300780e+01,2.270974795152920649e+02,2.571357086850173346e+02,2.572011963069884644e+01,6.535460123873914995e+01,1.021435107224712056e+02,1.665818865853022999e+02,1.220763059456717201e+02,4.301919406295150594e+01,8.617088625752353792e+00,-1.014526105535289702e+01,2.080757618473350945e+01,4.538595686366672339e+02,3.910454166151938228e-14
2.298120378785915347e-15,8.264444641830690941e+00,8.417331900128663946e+00,9.028359135665482427e+00,5.243950245192147364e+00,2.831550617271809145e+01,2.566045447234941079e+01,-1.594282322682759823e+00,8.193862889171761310e-01,3.385061201191961544e+01,3.236355724381309784e+01,2.278415620028183142e+01,2.963099271691396908e+01,6.692348052900579880e+00,1.515229229158430613e+01,3.909398138987917832e+02,4.540851339157791813e+02,1.671916650432829954e+02,2.483048710240015211e+01,1.423421386045970571e+01,1.314499393818628548e+01,8.179722645186148000e+00,-6.006182824077433979e-01,4.472956550324767022e+00,-5.419168495207755676e-01,-3.788132290732525165e-02,-3.283191051584424813e-01,3.298235240069395058e+00,7.035935042224080505e+00,4.336452426969071183e+01,6.762999726035261006e+01,3.233311045831710544e+02,9.845247534568221681e+01,3.421963474856969469e+02,6.769365538752396105e+01,2.841286118703764174e+01,1.272330455601560928e+01,1.613671790906557324e-01,2.377526222474149620e+01,1.217195300729738427e+01,6.089066425520789494e+01,8.707915969580099613e+01,4.388324592898323999e+02,7.450852871904834274e+02,9.724950150721226692e+02,3.152216447212918524e+02,4.303070795208180499e+01,4.273036559822429581e+01,7.211023444075365774e+01,2.723237543066054513e+02,1.667877847041623625e+02,6.285761242958104233e+00,-3.126103254729041492e+00,-3.205125892644752339e-01,6.920977549860501954e-01,5.658144188139639930e-01,7.406454895232279512e-01,-5.832987095588243465e-01,1.613382220765856995e-02,2.615895565065263995e+00,8.279914086832745213e+00,1.123378078200400587e+00,1.042081504653543789e+01,2.275714722496483766e+00,-2.529138991602036812e-01,-2.513249867252150688e-02,2.522881566974285672e+00,4.536735068580816765e+00,1.671588083046627204e+00,1.131641112496063924e-02,-7.136834406391998065e-02,6.133558514814612117e-01,2.888966293829197340e+00,-3.287206335751433062e-01,-1.110947202692238144e-02,2.598981670067149544e-02,-1.286587889266359808e+00,1.231582826464746461e+01,8.182144379513252019e+00,1.073827897566016532e+01,8.814016073403346141e+00,-1.475052328773577059e+01,8.053706387303726899e+01,5.275281251682295078e+02,5.080178943270825584e+02,3.159327127712770675e+02,1.024148652927696617e+02,9.273863218312989432e+01,1.309314289976375392e+02,1.374883979524188362e+02,4.426929822629385569e+01,1.971141399132804750e+01,3.210718308402455534e+00,-1.350885360769466459e+01,-2.183163468042426913e+01,-1.981276984001140917e+01,-1.762865710237826988e+01,4.825208564845512171e+01,2.245315618147867553e+01,-1.397488668082668539e+01,-2.952031672819449781e+00,2.428290657074289811e+02,3.532530418029001567e+02,3.192975943510141974e+02,1.478113484492687917e+02,1.944705294495765102e+01,1.647915326032446330e+02,3.800524695902216195e+02,1.861908503429735617e+02,1.508838151931894167e+01,-2.800607852734720904e+00,7.258503369986341047e-01,1.269598100917912753e-01,5.822810099958242169e+00,2.386380637249554226e+01,3.132200195343887472e+01,1.283764852189257688e+01,7.324491954278189887e+00,7.957866333935339043e+00,-2.939477753837711760e-02,1.090917685739187881e+01,3.642377406824382291e+01,1.715053396916759141e+02,3.790639941158341912e+02,1.410060367073867837e+02,6.031745989653676254e+00,-5.278726042290534659e-01,2.024829648557690120e+01,8.060069173928534170e+00,4.125710657601731945e+00,-1.536939635535142235e-01,4.458696228505136805e-01,-8.249046483836932619e-01,-6.802278077931546152e-01,7.426114614904127942e-01,-1.273348936348955629e+00,4.863958734086681801e+01,2.425658732772929227e+02,2.561476522546681167e+02,2.547295033257495334e+01,5.016340596493232340e+01,1.455609147307519322e+02,5.411122097530186181e+01,5.292557926206604435e+01,3.810106290215288283e+01,2.580524397395411640e+01,8.190887244621032792e+00,4.877130102569915238e+01,3.656639329821461502e+02,2.321111867560544544e-14
1.679892186254073056e-15,1.914340420949475785e+01,1.617800419041761018e+01,7.813677518965490343e+00,9.193389630367992948e-01,1.696726177068628871e+01,1.903243614403901773e+01,-1.372531232255624012e+00,-4.425278497487737384e-01,8.377455907568004179e+00,1.690717404904388843e+01,1.308177159653296862e+01,1.587488861506573912e+01,7.680242465353976478e+00,-1.549323629288043058e+01,4.807018582103775657e+02,5.991481975602206376e+02,2.377552143172931096e+02,2.952113568452289627e+01,1.226310462854859473e+01,2.949660649603984552e+00,2.582586673581439118e+00,1.270256753094345936e-01,1.626332856081751999e+01,1.400915601249409059e+00,-5.143266938354149609e-01,5.315249982571234044e-01,2.059710264407363489e+00,-1.375133543740382658e+00,4.652712466108717138e+01,9.791471292216871802e+01,4.167726953822448195e+02,1.216733537260669777e+02,1.000772316650518405e+02,4.596439591737391339e+01,4.601330445762635435e+01,5.854840677069405785e+01,-4.523012254919215991e+00,2.208147187996332761e+01,2.587958709953369851e+00,1.396171245311097664e+02,1.255715182156967984e+02,9.164317440291538333e+02,1.981843101417197886e+03,1.159033252959251286e+03,6.359647866068372650e+02,5.241853485076208585e+01,4.617472432389569548e+01,1.160482169607413425e+02,4.429459166659419225e+02,2.287410248031186768e+02,2.229430371917081288e+01,-1.732611268354246059e+00,5.730840482382753009e+00,4.929359645763454978e+00,2.643959463383849795e-01,5.145195778055884350e-01,9.721937655653982713e-01,1.060987025080492918e+00,7.042008710633977930e-01,6.004464944495409462e+00,6.557327425017199118e+00,1.792535051285429759e+01,2.437514676130974500e+00,-6.747736912162664025e-01,-8.197937151739125017e-02,1.108313991327236536e+01,9.238399484685285046e+00,9.256294584493648614e+00,2.175455787073778818e-02,-6.535682785465611599e-02,2.804216113933394872e-01,5.935774693853550055e+00,-7.710897451241937040e-01,-6.552411922090942142e-02,3.455917171703015711e-03,-9.539268867115674455e-01,1.161356718904045060e+01,1.628522182130179985e+01,1.271305498698333558e+01,1.006333414356184619e+01,-9.522827357718929520e+00,6.948952392442516945e+00,2.337243992560080414e+02,2.449026831083652098e+02,1.032167411128208414e+02,2.910469679682250899e+01,2.352614652077422619e+01,3.249691401900869892e+01,4.196797639364098842e+01,1.762054081356453494e+01,5.115942442466930196e+00,-1.780260834626661293e+00,-9.201206774922514597e+00,-1.517049376715625364e+01,-1.366861619269605477e+01,-1.200155058603634828e+01,6.729250686335224430e+01,5.246266427691937650e+01,3.158074437248442834e+00,-5.969861038240410700e+00,7.036845925750040465e+01,9.320342120879352876e+01,8.385807142618435250e+01,3.957747205078267427e+01,3.728617201438510165e+00,7.184781300426413964e+01,1.689501082922515991e+02,6.503799195184039661e+01,1.049154064160779498e+01,-1.570768680753050761e-01,1.324377599270386119e+00,-2.435153198578630107e-01,4.001201865820757320e+00,1.068483203337921061e+01,1.062274030800200997e+01,1.261214147804029828e+01,6.678612436103118277e+00,2.603095924216498602e+00,3.551178705839631355e+00,8.464964358084930751e+00,1.316093298171521830e+01,7.478204863182102713e+01,3.095241820288875942e+02,2.597375249395217907e+02,1.622495377112829473e+01,7.048440094591776894e-01,9.401108016837250503e+00,3.429084516483424050e+00,7.154766853801192816e+00,2.358609227990380752e+00,-8.534820160643982190e-01,-5.735013818413102760e-01,-5.113965362887956667e-01,4.107207694732541547e+00,-6.823516568374878410e+00,4.786993743749356156e+01,1.893638743896980259e+02,2.864336509874300418e+02,4.637647675513878909e+01,3.135374794289963418e+01,1.118194626364081756e+02,4.254853489003224354e+01,3.816238397791239123e+01,2.340198551886554057e+01,2.373594375954450797e+01,8.218695756801746910e+00,1.568645217095289013e+01,1.717544666309942158e+02,-6.114309155096768093e-16
3.569224274491421437e-15,1.569611863929832829e+01,1.194998334753499236e+01,3.915665606138379218e+00,-5.922100438800022015e-01,8.522295825597501207e+00,1.226046565899966367e+01,1.712152293702852601e+00,1.612654933787038614e+00,-4.313431373144328340e+00,4.749331920348005553e+00,4.564114404450559270e+00,4.616568488219350286e+00,1.825652706541625392e+01,2.232237344856017671e+02,5.842885562897995442e+02,6.902871106424820482e+02,2.422837355079747397e+02,-5.069298265614681220e+00,-1.062455016796694807e+01,-3.169476624704055556e+00,2.084604433124723766e+00,3.670797715944376538e+00,1.468854148253944558e+01,4.945250800457585250e+00,2.027671722421618750e+00,5.558062431230481160e+00,-1.363517391129111189e+00,2.158442729391882153e+01,5.419490051518084073e+01,1.124892340786152829e+02,4.418390469123048661e+02,1.509415281327976004e+02,-6.083484567299960233e+00,4.058268029991501180e+01,4.948973004130876774e+01,2.086503115327142837e+02,8.191450320427901488e+01,3.073685903728678426e+01,4.880008113450900709e+01,2.906813336460252799e+02,1.610579024644409856e+02,1.422388152899156694e+03,4.896737915120335856e+03,1.499836450811883878e+03,8.829980667550523776e+02,7.832449084185302013e+01,4.331263783287977276e+01,2.047676194571762096e+02,6.525760047953708636e+02,2.715266788237826177e+02,3.495005251775604194e+01,8.224879189083743825e+00,8.787300021356363899e+00,8.057611628295113348e+00,3.183607653432635742e-01,-2.844479162582458365e-01,8.092339173164832644e+00,4.546586078669327513e+00,-3.817560700179472022e-01,2.735408254854907462e+00,7.750624490156837076e+00,1.281581838423901765e+01,6.950194422033005637e+00,2.191792912937525983e+00,2.817058843292987724e-01,1.121705402821610775e+01,6.807254091491302006e+00,8.042036158951685110e+00,-5.575042978202756488e-02,8.578713651085165259e-02,-1.701824996465560458e-01,5.114600122682402272e+00,2.405008068588799119e+00,2.181491475535198843e-01,4.403432536233079647e-02,7.629041338423687701e-01,5.461652540079337648e+00,8.916180789713205712e+00,1.572440379198726257e+00,2.759363410357420943e+00,7.942506828434742872e+00,1.703290988067423228e+01,1.457526632576362431e+02,1.454825722621500859e+02,-8.687823471673964404e-01,-4.938637927010367079e+00,-1.196248801772891568e+01,-1.539944060473962573e+01,-5.766933899132983932e+00,5.840426942689771472e-01,-2.164091878072712749e+00,9.795829664300637063e-01,4.510039485987139329e+00,8.400285968776071144e+00,7.113902153527139838e+00,5.864179573819630065e+00,1.141006645609116106e+02,9.512789246976117852e+01,3.325616817116186041e+01,3.537136161755209951e+00,-1.996248535695257331e+01,-4.250904407559526987e+01,-3.891562349108674113e+01,-1.551899382173794173e+01,-1.911173449641441202e+00,1.467392717192575269e+01,7.947156225269853280e+01,-3.116874230003426671e+00,1.644316841762388393e+01,3.232882675419517238e+00,9.029264794038526221e-01,1.360380521800581555e+00,2.146821500044725717e+00,5.208816575723912656e+00,-7.093796545302445411e-01,6.652449895120616574e+00,7.920609874252761529e+00,4.628246729597224274e+00,8.580208731431149261e+00,6.040143976646851876e+00,7.207423609411217624e-01,3.680103443196772162e+01,2.880698956425894153e+02,3.360729530001933654e+02,6.501867339731715845e+01,3.908813977854677546e+00,5.868326586510587362e+00,-5.335953868483108709e-01,1.018450091208350550e+01,6.950214416547497720e+00,6.790455686463433560e-01,3.184646345398175482e-01,5.236257149772620689e-01,2.360893073016979926e+00,2.933961774225896235e+01,6.023957198486802156e+01,2.952480472244002954e+02,2.693314120001659262e+02,3.856949155102899596e+01,1.413718950274843600e+01,5.140664419783465888e+01,4.577660929281946522e+01,3.589167754084263606e+01,1.658134575171249381e+01,1.432696891026658292e+01,4.774675906423354377e+00,-2.189273439477453564e+00,5.587276374048810368e+01,1.167916479103210396e-15
7.486858741394648265e-15,9.030605076292267386e-01,6.704696181054750070e-01,2.277874647568748911e-01,-1.061096995139324539e-01,5.359693597761378214e+00,8.229568205476871512e+00,2.789028337610672814e+00,4.434368867737246589e+00,-3.859314799702981968e-01,2.860779093802144346e-01,1.950440299891676166e-01,1.629296794680004656e-01,3.651094209730601392e+01,4.909210124969620210e+02,6.129449552330680717e+02,6.637580828961819179e+02,1.975727076354013150e+02,3.150112539028241443e+01,-6.929636958126464963e-01,-9.152369732121343748e-01,5.064402165842944115e+00,6.564401768161326700e+00,9.943633594015641730e-01,9.220923970319164553e+00,4.794325504089544054e+00,1.072624935568470406e+01,1.799616636783013535e-01,4.939490539392144086e+01,5.298466521945251628e+01,9.766856981850740738e+01,4.042907761008771104e+02,1.862065097524337318e+02,3.547517971592341013e+01,2.907397781134817905e+01,5.237956461410163200e+01,3.979168833563247176e+02,2.470843853797497047e+02,4.291128769066239812e+01,1.589111905064705752e+02,3.824832373216798374e+02,1.630122740037350866e+02,1.505210048929704499e+03,6.689289820175250497e+03,1.597161897537319646e+03,8.291420584390990598e+02,9.554756310326028768e+01,3.543450604822282912e+01,3.150930923392765521e+02,8.017244099753539786e+02,2.588975336480278315e+02,3.214440932099434889e+01,1.370534771079630332e+01,4.880338707437383405e+00,7.422260834434007748e+00,1.339379800933744535e+00,-2.574674726945941697e-02,1.365422286093148152e+01,8.129160247665989658e+00,-4.019991772289767396e-02,1.198548079365686220e-01,4.142664989119523966e+00,7.056586481752944451e-01,1.018903969329084980e+01,5.611542046978931886e+00,7.497728498491400551e-01,3.807917772487217523e+00,3.572219020588724980e-01,4.426553621042321196e-01,-2.145315166748716293e-02,2.639768252305127461e-02,-2.223941053327366593e-02,2.950556563765343920e+00,6.121496241303310271e+00,8.801142719339805076e-02,2.122619460675055289e-02,1.039268417727876814e+00,2.625342511146546709e-01,1.391246315849725468e+00,-1.514008644164419742e-02,2.953527572919750543e+00,6.225079605613993428e-01,2.417348499350435276e+01,1.951363109107061291e+02,2.079627071522751578e+02,2.732158014160140524e+01,5.683238194384649944e+00,-1.087317977956236970e+00,3.467325892295895162e+00,1.086411417415932412e+01,-8.905018604410322447e-02,-1.982188793876863142e-01,3.300873411532270207e+00,1.917965152254759442e-01,7.653797018178157829e-01,4.774539197161569715e-01,2.415667672865722260e-01,1.147747895880840758e+02,7.192357785766330380e+01,2.077438955863995318e+01,3.796498840791079354e-01,5.387539976517604856e+00,-1.189945812515803336e+00,-2.783869414875943082e+00,2.165502923870140872e+00,-1.909637026556516293e-01,1.294849596219914289e+01,1.210691646950203904e+02,8.484450311290183677e+00,9.461797011999918183e+00,2.868973990014666575e-01,1.232528800372087785e+00,4.049926744626905162e+00,9.349100311535291086e-02,8.512413366699432160e+00,3.144442875389211522e+00,3.360387062193526120e-01,1.106159177959405682e+01,1.016751841652939525e+01,1.008514584122995394e+01,3.724962253252907640e+00,6.125386038392856669e+00,6.251804908152118401e+01,3.112722250095825984e+02,3.810123051690846410e+02,1.289243275424167621e+02,2.724156898566730600e+00,1.095646453726454084e+01,-3.292260161037485755e-01,9.653301649310456867e+00,9.070669071264354955e+00,1.308363053826451794e-01,2.935452164033217418e-02,2.400132923308873956e+00,1.192204564863499794e+00,9.274603432304471085e+01,1.430426532730960218e+02,5.498927123208587773e+02,2.036417420355033130e+02,9.546268362140935437e+00,2.932804707783020604e+00,9.006949492535255786e+00,3.008043334909100963e+01,2.521471130722974152e+01,1.821330929382009245e+01,6.580328400718115311e+00,4.599041179160823667e+00,9.147013653791166377e+00,4.400241683165516804e+01,3.768340222045086372e-15
-4.670202359970896957e-15,-2.415192958929341049e+00,-1.787728624034762070e+00,-1.031881596863925443e+00,1.409571357049091311e+00,3.249232206570503934e+00,5.670761029364676631e+00,1.124581261425502188e+00,3.920495239697622480e+00,1.045087773087614025e+00,-2.343521027876827922e+00,-6.192642340082658015e-01,-4.359886352393783637e-01,5.315358292201396750e+01,2.824012033542421136e+02,4.140185663953582207e+02,5.496055216280597051e+02,3.524555904219220110e+02,3.328808128400394821e+02,1.183330617550039534e+02,1.456614192979276190e+01,7.643820768473395866e+00,6.060994372353752269e+00,-1.851880666016577914e-01,1.571786666833897605e+01,1.682074080540291838e+00,9.607014948146739286e+00,3.799333460006336427e+00,2.676199727784631577e+01,3.323721525953715172e+01,6.116989931935542302e+01,3.643233178558852501e+02,2.418644324802228311e+02,6.554729095296852392e+01,4.688553471646501691e+01,8.990487428851066909e+01,4.780510997707687579e+02,4.201741441590467048e+02,4.252485352890975889e+01,2.971990375283990602e+02,2.443208087402801709e+02,1.129868225025605000e+02,7.975058539774227029e+02,3.396025301869683062e+03,9.036140200510515115e+02,4.903444317880325229e+02,7.575185569523033280e+01,3.001669402440378320e+01,3.771935587482311121e+02,7.275202957988569779e+02,2.256321951420005121e+02,4.163639500481496469e+01,7.730903257736643219e+00,1.193308032087299297e+00,3.064838418916811413e+00,7.684724221190181170e-01,7.366882556203802057e-02,8.538409017564786652e+00,7.840645632709220436e+00,1.892914605579912590e-01,-1.843875935524461329e-01,8.030626953747352914e-01,-1.784976069092225837e+00,6.304089908887141824e+00,3.847129598972107267e+00,5.439812859442323401e-01,4.136979481537469971e-02,-6.421394853432813576e-01,-7.657704954513218087e-01,1.099451045351932832e+00,-3.206557394267411931e-01,1.535569209794591106e-01,5.934711448761298414e+00,4.752767300578700116e+00,-1.149903486422182874e+00,-2.875428449279249232e-01,1.475628683093265225e+00,-6.884752613447051584e-01,-9.696824981979181857e-01,1.846582384593117299e-01,1.082020652790878446e+00,-9.698789571286623445e-01,1.497371786525620685e+01,2.049364390376653660e+02,1.664057730526185424e+02,3.055110652769021229e+01,5.019269191104809735e+00,3.433823430494786333e+00,1.078449658741517503e+01,9.667282323467702554e+00,-3.605454579183706709e-01,4.796826626692980988e-01,1.367518239159831062e+01,3.459826013263323397e+00,-2.256136519582967459e+00,1.744386528409951120e+00,4.963459033755163397e+00,1.050849492655249264e+02,8.953251417382986688e+01,3.500724185484123296e+01,-1.868871532308941985e+00,1.217774761309359022e+01,1.130394037591814005e+01,1.414860207382574053e+01,6.306591463935494524e+00,8.956075861653916004e-01,7.335420825675321943e+00,7.136686378907158712e+01,1.220503440370661252e+01,3.016131308550903167e+00,-1.506116410076310919e+00,2.540393329770454844e+00,3.743475910124907546e+00,-4.117852898898253372e-02,8.573772244878664850e+00,2.000545966213568061e+00,-8.870338088339708715e-01,1.141869146735798957e+01,6.164131138494249207e+00,5.559045071903332413e+00,1.303162360777726958e+00,1.003551278076721687e+01,4.160539375313231858e+01,3.155018880642923591e+02,4.892755439399688271e+02,1.739839050657827215e+02,3.865655998912869151e-01,1.484780078846289264e+01,5.488014454409728238e+00,4.178475186119058549e+00,7.962240512664595649e+00,-1.287000079525496776e+00,-9.094783867450945136e-02,7.207048077797376884e+00,1.010005944201901151e+01,1.231241027279907598e+02,3.382867011493388532e+02,7.486582515949929757e+02,1.564245164702954014e+02,1.685090529739612153e+00,5.713764718760431238e-01,3.961987725410284433e+00,1.595977230277336645e+01,1.183419820059219774e+01,1.421852647552535487e+01,1.051934186685095751e+00,2.192758333547241367e+00,8.289043791959917584e+00,4.081467386021979138e+01,8.864452279022561589e-16
-1.305399268160414239e-15,4.975300925104344518e-01,3.632216866661327481e-01,6.514689671901271462e-01,2.851366525354705583e+00,9.624369156937320202e-01,1.258051971719734485e+00,2.432986266199960168e-02,1.801824341884032954e+00,-2.249834327991085958e-01,2.119216571135141614e+00,2.306278709871117105e-01,9.257253263771393625e-02,4.602703328342654032e+01,-1.632581584102461747e+01,1.927774742674132824e+02,4.854591481159725390e+02,1.322538144383260487e+03,7.728911126536592064e+02,2.536316283355799044e+02,2.264091556583221632e+01,6.489076974579170987e+00,4.589555877269805961e+00,3.988187823167531398e+00,1.627912843098362572e+01,5.325454576503155790e-01,4.908426886323753457e+00,4.717903548883701781e+00,-4.280616984822233739e+00,1.394139595242284280e+01,2.569947899092116472e+01,2.682997365681277984e+02,3.232404669385243210e+02,1.014016861346248248e+02,7.018368941849104203e+01,1.142531726644075576e+02,4.222787536533240882e+02,4.391369763197002953e+02,3.739125822922907361e+01,3.995991802497345589e+02,1.008589455533577848e+02,6.153011075330353208e+01,9.721983431160154510e+01,-2.418328032322638705e+02,1.667969603415988047e+02,1.734271920856155589e+02,5.078425337564777209e+01,3.125786133848917814e+01,2.996847887329544164e+02,4.637363499502220634e+02,2.418942353865992629e+02,7.859747362370136159e+01,3.026495530759067965e+00,-4.647705095841134920e-02,-4.430215655543028874e-01,-9.956507250046778279e-02,-1.980761920882392196e-02,1.170204779423894559e+00,5.920873024334739831e+00,-1.211979696408588825e-01,-9.870714806725806867e-02,1.730833587545422825e-01,2.654236281206197035e-01,1.056152495175256334e+00,5.429655086877165360e-01,-1.963194328653052600e-01,2.287320078663475087e-01,-1.834494125379051155e-01,7.378384966590274541e-01,7.226118194230169323e+00,3.248874089749761440e-01,-1.259636046651557151e-01,7.174733529872383109e+00,5.353275862952576958e+00,1.188321869913722129e+00,3.029259049253203995e-01,1.548859488640397686e+00,1.292865012711662542e-01,5.154211172404620234e-01,-1.301721850839197558e-01,2.860944239955127699e-01,2.013863374409432083e+00,6.500955739901677966e+00,1.846251895383082910e+02,1.181571967815073378e+02,2.224495689459536507e+01,-2.494773439428779882e-01,2.052991000483577189e+00,7.421553168378241416e+00,-1.271906273029011825e+00,7.092026188903264305e-01,-4.180000033032778978e-02,1.803700815612183916e+01,7.227886921895586347e+00,6.738653698204757347e-01,6.055785187066592634e+00,1.235683226038864824e+01,7.348698019477154730e+01,1.335800292234920050e+02,6.935206520129308672e+01,1.281169067843993092e+00,5.343518623564985637e-01,1.338458632180891561e+00,5.291058674702417974e+00,-1.189736776439858978e+00,5.878522693009095024e-01,-1.171327376029818845e+00,1.436705154555794284e+00,5.550349172128060893e+00,3.676315918603682564e-01,1.076553040715624743e+00,2.338459502248035449e+00,1.672634236256895335e+00,-2.018674407427235862e-01,5.015411866397929685e+00,1.236438295377897678e-01,1.720626541428914025e-01,7.742884820882289354e+00,4.889834736974649210e-02,1.927411765997813387e+00,-1.974775374180754717e-01,8.089301482275866206e+00,6.864765222527633881e+00,2.288204454854835603e+02,4.652875077460305420e+02,3.187749873671046998e+02,5.924144245113242846e+01,1.806539129230990426e+01,8.007049419048431815e+00,-6.943998193771084848e-01,9.695260557090673359e+00,1.235531058970276819e+00,3.103820865628743181e-02,9.438699915438702348e+00,1.645144878134891409e+00,7.278719357009771329e+01,4.153343033112046214e+02,7.523627507631659910e+02,1.871568563536797001e+02,5.599559630323757808e+00,1.461352155190269952e+00,1.174564950503849303e+01,7.920660162226833556e+00,2.562283702328329582e+00,7.337161670172142713e+00,4.843918988372035161e-01,-3.842495255970981849e-01,-2.530809172119482309e+00,2.534344698070466606e+01,-8.438437087201538858e-16
3.348421752188714862e-14,5.092519619313101709e-01,3.559631620411299324e-01,3.704000464349633148e+00,3.258123995889759428e+00,-4.955015670628424851e-01,-2.507534105873693964e+00,1.669612435854680443e+00,4.265148891026063760e-01,-2.606444412994672333e-01,1.315323497086386872e+01,9.448795823242985836e-01,1.033927273992524543e-01,1.457740736262018366e+01,-2.588203094760693546e+01,1.557214613801409087e+02,8.885212316991986654e+02,2.906447849310879974e+03,1.071817024076244934e+03,2.902531066901210011e+02,1.180809212862309643e+01,1.658517189564350458e+00,4.145730771371020751e+00,3.129410494488102490e+00,8.275252937312536972e+00,6.740519959502025316e+00,1.011085214666152421e+00,1.356177504257700672e+00,-3.557330942754259873e+00,9.726118294930410357e+00,9.271048825681770467e+00,1.113282609466035922e+02,3.990772991246952301e+02,1.760757028701718525e+02,7.532645000018767689e+01,9.181989925567393129e+01,3.042755998273401588e+02,2.777615323440456336e+02,4.072022571561151949e+01,4.359735479550148511e+02,1.254187542947702809e+02,4.470311773105536446e+01,2.037169204887717200e+01,-2.293543460145733945e+02,2.813559668778743728e+01,1.011546875069872726e+02,4.988854982041161179e+01,3.675541697853867618e+01,9.280825159742003905e+01,1.591870146890234423e+02,3.198352559350665274e+02,1.285156599159545863e+02,7.400988684845399845e+00,1.128676362880270734e+00,-3.016650911279492031e-01,8.367173320562375227e-02,-3.477879183796741408e-02,-2.877133271050500984e-01,4.716483479683983404e+00,-3.814735950538849507e-01,-5.290784097025256205e-01,2.951109808805846058e+00,-5.222726456173808381e-03,-1.055835909662062866e-01,-2.030308484010344972e-01,-5.115458687246895453e-01,2.229487946790745578e+00,-1.176475625508494938e+00,1.175548102082610402e+00,1.676809941293440787e+01,2.079592307074050073e+00,-3.613821648161120170e-01,2.062818517376677541e+00,1.093672242332714184e+01,8.291328456924546231e+00,2.613709140193049674e+00,1.249780788778520169e+00,9.306526487395164193e-02,2.523292830309654455e+00,-4.227001426808923434e-01,3.299586203476254642e+00,2.812509359703594392e+00,5.841427214588224004e+00,1.696108505535715381e+02,1.658313949934231175e+02,3.491595795645411471e+01,3.819132949353466255e+00,5.080809852415234751e+00,9.756579453188251705e+00,4.661683576383685024e-01,6.501777267660492576e+00,7.323096251657946754e-01,7.846575863215954350e+00,4.163255024442569230e+00,1.996101739917870876e+00,3.159814004680600696e+00,1.080408478956429974e+01,2.147900233940616488e+01,1.543581567146642044e+02,9.577041915351550472e+01,9.464090042113411982e+00,-1.129023972429925582e+00,1.217478814785815722e+01,3.068749981800854787e+00,-1.106248203610958436e+00,1.306045572882388872e-01,-9.366301468539971475e-01,4.097952761076077088e+00,4.268578059018360626e+00,1.601990809081811351e-01,6.615658785188496260e+00,1.886590162263686865e-01,1.877740499816739350e-01,-8.653317782342320186e-01,1.114915059924984408e+00,3.371689409790901149e+00,1.427146983276575132e-01,1.857157774800420436e+00,-3.075192401748622628e-01,4.576279770516602063e+00,-1.947667108494887944e-01,2.767410530207824237e+00,2.909556858988463279e+00,6.035231000199041773e+01,2.237615112916636519e+02,5.638690992129181723e+02,2.058493676354840431e+02,1.729803792392389639e+01,2.445903140301961542e+00,-7.615765790420775394e-01,1.558727138583263816e+01,7.913909178485806883e+00,7.029593289724389571e-02,5.475421002133693094e+00,-1.400911702037389794e+01,-1.097866012011435366e+01,2.933851072483456619e+02,5.577291526312682208e+02,2.664438018171287581e+02,4.935077547695376765e+00,5.758423155294453144e-01,8.931160594560953569e+00,4.106444382949017147e+00,2.133674939335618859e-01,3.096801417586655170e+00,4.983325816190701474e+00,-4.580542830421185929e-01,-3.954621272099281271e+00,5.958714802204392313e+00,-1.656930121098001358e-15
5.974269110217129023e-14,-4.990686034211588296e-01,-2.808854975597762649e-01,3.687712712658317127e+00,2.114174676448861145e+00,1.965910193969680586e+00,8.526138106330273914e+00,3.569377213430577900e+00,-4.261929252628256504e-01,3.618836930088707993e-01,1.226301591348329367e+01,7.590506356832161794e-01,-1.284201619294072505e-01,7.290906788958501750e+00,3.610651202578840469e+01,2.682913018699234158e+02,2.541255550568390390e+03,3.126645984999108350e+03,8.820683957450710295e+02,1.873233588929379891e+02,4.700315636260554264e+00,-6.366510998318543058e-01,2.599781244830404958e+00,1.606302912200836319e+00,5.798251371960494005e+00,1.184448099234505491e+01,-4.926913457254774031e-01,-6.163399251033427895e-01,1.806857136018178656e+00,8.189489356763827388e+00,1.065006357250000235e+01,5.400652223015669762e+01,3.791334262236448467e+02,2.365266528820633880e+02,7.889463420266960725e+01,7.135647157933516382e+01,3.047650693619384583e+02,2.254904961583587806e+02,6.135458402424077917e+01,4.580423960510485699e+02,1.348352221073411954e+02,2.619847397836769431e+01,6.845659340502238877e+01,2.918885831326997504e+02,7.235172940755273885e+01,1.401331751098886684e+02,5.741326614785076998e+01,3.379763101427198535e+01,-2.444141885830305583e+01,5.127745189742000775e+01,3.398704411290974576e+02,1.295646013255552305e+02,6.823217981294400936e+00,3.577115862071951202e+00,-3.752807608471422224e-02,2.304039641803835858e-01,7.020906350810116048e-02,2.993819347841032985e-01,2.774099826143479497e+00,1.106153522717386650e+00,1.725919693285092871e+00,7.982022317684988266e+00,1.150173381984507470e+00,7.602994090073754430e-02,3.877723538676709492e-01,1.412967397900405597e+00,6.090259494620115177e+00,4.026452147594077324e+00,6.954540173038761708e+00,1.605239175039150723e+01,1.999133921518982726e+00,1.618461636365422285e+00,-9.250198660471280476e-01,8.806257385667130677e+00,1.116381391669304612e+01,5.678639385615308122e+00,2.877415241774324617e+00,-6.033572879810938580e-03,2.087745938981819815e+00,1.237832700856926982e+00,3.562868912602887850e+00,5.183635500933468698e+00,-1.457289544546928894e+01,1.269577322259289929e+02,1.843648248288322122e+02,2.680643772116281909e+01,4.256878295109985721e+00,6.804819776345675031e+00,1.194950018310674622e+01,5.350893841892092162e+00,1.370661657992476989e+01,2.854350664223321399e+00,1.373180007658196533e-01,7.897574707131667537e+00,6.038388202862272625e-01,-4.183697275507767821e-01,8.902141682860879257e+00,6.884113286768385187e+00,1.179857942038417349e+02,9.646875459873410819e+01,1.902209427166890876e+01,1.400913412806192859e+00,1.843524980996358664e+01,2.088541101245601883e+00,9.714020140278826210e-01,-5.798923533689612220e-02,3.823480471102923550e-01,2.075658749421065608e+01,3.117211235583662976e+00,-6.436484517869062172e-01,7.784904401853784961e+00,1.212609345452176246e+00,4.087386391682960030e-01,2.760066210391552310e+00,-5.200698304369514302e-01,4.611763978299265432e+00,-7.169975579178898550e-02,-8.494039454551426394e-01,3.819117466710859055e-01,9.748480769434406668e+00,1.868630433304748761e-01,-2.351818986486206298e-01,3.167147787846911644e+00,-2.149281867886467978e+01,7.899693099379571493e+01,5.905034134021110503e+02,3.560827264023514545e+02,-2.041166963545829383e+00,-1.281143088933214047e+00,9.160726379671949582e-01,1.359922587515504233e+01,8.015245753787507255e+00,-1.633566565609431420e-01,5.168383790622926854e-01,6.566446655416383749e+01,8.834552307139573202e+01,3.486421421951781099e+02,3.797373615065305330e+02,2.047985723199123811e+02,3.751750391191159384e+00,-4.759929514936090400e-01,2.701398526278127044e+00,1.474258148101299071e+00,-4.607410687472761612e-01,1.318616720310975987e+00,7.911253383459000865e+00,6.305966437841297179e-01,2.604256670944732122e+01,6.331686872191290005e-01,2.306165464468930742e-15
6.353964170739626960e-14,5.351509488658219293e-01,1.078014339313181802e+00,4.318801389621179099e-01,1.962067149214200279e-01,5.591828878843765338e+00,2.406524420895840066e+01,6.301524369644099899e+00,-1.777089596609656985e-01,5.531884757288978438e-01,1.649302356479341425e+00,5.894470992113771263e-02,-5.689881179289995455e-02,2.231717870815349869e+01,6.498050397197651762e+01,3.646408767359350236e+02,3.920236181372355077e+03,1.918464446964474291e+03,3.926153217326867662e+02,3.293568278963592633e+01,5.730031000156844634e+00,7.042574793766830377e-01,2.141121722332792465e-01,2.942832202373651285e+00,8.727572491135212829e+00,1.259538382625740560e+01,-8.455361831917752868e-02,-6.906412292039706968e-02,2.418555395885624015e-01,5.908410774172499380e+00,2.273419358347075914e+01,1.055904350474765607e+02,3.254407969260336699e+02,2.489211097673913855e+02,9.521971394087216822e+01,8.028171588605813724e+01,3.524050515840519324e+02,2.684584527434934671e+02,1.190666714011345988e+02,4.398768526906810052e+02,7.672543554901841389e+01,4.066165572736920808e+00,2.693929983000922235e+01,4.843923522210297250e+01,6.950049759823949103e+01,1.559260142217762564e+02,5.643404516901715340e+01,2.275543102615200652e+01,-7.977713389514838882e-01,1.451406241290848129e+02,3.101522310822503528e+02,8.302143040773258065e+01,3.301404822172173681e+00,6.006174425374568138e+00,-1.048144087496376275e-01,2.114977065348920202e-02,3.688608333262048677e-02,1.086044258278305308e-01,2.516458723182681267e-01,2.893289211860796240e+00,4.697097409833726367e+00,1.113059617897568288e+01,3.170764299690443710e+00,1.248798495171067093e-02,7.564120875195196048e-01,4.049808783657828037e+00,8.363877462418477293e+00,1.274464504069769966e+01,1.367160127485409760e+01,8.213160522821979725e+00,1.903145112465043642e-01,3.912077392219529770e+00,-9.680641739035755755e-02,6.465726061314944761e-01,7.796322714474512416e+00,6.263383895847831617e+00,5.141792922630684437e+00,2.076521370135413561e-02,1.362921123364336518e-01,3.262765476177326374e+00,3.682508268854148281e-01,9.797251073501840324e+00,-8.057029051495451455e+00,9.024871497166982692e+01,1.375042980109364237e+02,1.754763342464493725e+00,2.053352347712133763e-01,4.874219282645112727e+00,1.186963127239969573e+01,7.528844152710409077e+00,1.705452205259191700e+01,4.684696776812176999e+00,-9.711237978991545117e-02,1.492956220601450390e+01,-2.387102867979396248e-01,-3.024952259128447229e-01,9.316703411042261962e+00,3.417984503838407306e+01,6.625537927086489276e+01,7.830683866997064513e+01,2.339197021848698554e+01,2.612464872848689446e+00,1.210393863091609568e+01,1.002007530523759404e-01,1.876965751420659689e+00,-6.818811317051494576e-03,2.589052194375313642e-01,2.125176252290946621e+01,2.953247666311697439e-01,-3.836023914088488307e-01,4.172337525044738982e+00,4.684972801183957536e+00,4.536969871299937118e+00,8.353124363844786515e+00,-7.472250722941853329e-02,2.361584737727553840e+00,-9.184764011474787909e-03,-1.084090682861206939e-01,4.025578381690135543e-02,1.564718262322246289e+01,7.101602683375535241e-02,-6.267888178597941229e-02,-1.156705545818677711e-01,3.245144164430329714e-01,8.063902788956860945e+01,4.165505809954801748e+02,4.273163966261367932e+02,6.856540553548704509e+00,-2.325064473022841749e-01,3.994956034241811671e-01,3.095512546472846793e+00,9.087706033488172075e-01,-8.864663300308223137e-02,-3.637070225799660106e-01,2.049011268475033773e+02,3.534100393666960827e+02,5.332010583985430685e+02,2.689441243654387108e+02,4.177062474938449554e+01,3.326359778382882215e+00,-1.664916922333732618e-01,9.300721352242785622e-01,-2.240884109399199006e-02,-2.656757530083913021e-01,1.501934010393722652e+00,5.460312925706523046e+00,2.925891802841594225e-01,7.014814424640871948e+01,5.358651728015074411e+01,6.552841510249418810e-15
5.720023373802884240e-14,5.239704677625849349e+00,6.043205994232550005e+00,-2.048127076289178117e+00,-7.484509302510123918e-01,4.018740398131393832e+00,1.875300941324520565e+01,1.194930883954346612e+01,2.123204405568626996e+00,9.689790513355853174e-02,-5.867410137990066721e-01,-1.088865932727185598e-01,7.070938371286344948e-01,1.831824785443037840e+01,1.012930554105261365e+02,2.582392950007393324e+02,2.372795707738912824e+03,8.564997377239883463e+02,1.556928114516111918e+02,-1.531658223747404790e+01,2.814722270307782992e+00,1.979479354280360814e+00,-6.287131317966830890e-01,7.387323921918399705e+00,5.642671873752768796e+00,1.124382008321810211e+01,3.777608866221491279e-01,3.752873817703340775e-02,-5.767945233428124485e-01,8.023811291192536999e+00,3.456981359465090264e+01,1.413732755211054268e+02,3.810179177623602982e+02,2.097309166046384803e+02,1.380402945902925467e+02,1.151421332690387089e+02,2.102258198217365646e+02,1.639581105799980492e+02,2.345942569415537946e+02,3.154330378939242223e+02,3.646085892206527035e+01,5.206938668934391501e+00,1.629689645748817384e+01,-3.961953217642768266e+01,5.514245761034210602e+01,7.912760009372792069e+01,3.777261256922865584e+01,1.470209956356102765e+01,5.538167540838627190e+01,2.476086102751952183e+02,3.352382061966818014e+02,4.703691656091035611e+01,1.095138090200271819e+01,7.690655873310799251e+00,1.561787152397834832e+00,-4.082721997854381335e-02,-3.481706073742679153e-01,-9.077153619737192702e-01,-9.718924329018372443e-01,1.676846912960280545e+00,3.376761406530728316e+00,7.830098729401976598e+00,1.850115606665728052e+00,-5.165848499966504276e-02,8.106663210596481983e-02,3.748935409135656815e+00,4.211819771397116163e+00,1.446101975848472421e+01,1.019332866089126632e+01,8.417006723421652126e+00,-4.293690375081114508e-01,2.223704068325980998e+00,-2.481717054699007774e-02,-8.260602466346069761e-01,2.946929017625413927e+00,1.503967807036123538e+00,4.350543184730849333e+00,-2.537290628023031736e-01,3.559755801472282155e-03,1.944423658513499742e+00,-1.384463765692510506e+00,1.156505670647231199e+01,1.087058801389884053e+02,1.334640254076574877e+02,8.423404063989637791e+01,7.505387500696741876e-01,1.984214617406019343e+00,1.612032205818413333e+00,1.217631282439654328e+01,7.535949488061513435e+00,1.203556419264919519e+01,3.923423595495791893e+00,5.075181997445589177e-01,9.367669499045415904e+00,2.966041355558012071e+00,2.602639426146762691e+00,7.395478234778563476e+00,6.292896359178290311e+01,8.243352631587723067e+01,6.356609807103512821e+01,1.659256113663667165e+01,1.368120174533426825e+00,5.600417311135251985e+00,7.580136324958463012e-01,2.745860563472485971e+00,7.332835750471192356e-03,1.691467881793070838e+00,1.502511519032947085e+01,-1.087509758300323037e+00,4.846474228820539132e+00,1.183086638730103557e+00,5.236943231371331997e+00,1.358150782700141512e+01,8.492279381465118959e+00,2.265644381911075811e-01,8.482666697848950665e-01,1.799928153515147067e-02,2.084928430012213119e-01,-6.010796143264868913e-02,2.198166560597356778e+01,-6.048305791549283272e-01,1.219529700997864369e-01,5.181055221440138858e+00,1.347522367479979621e+01,4.473452420315815914e+01,3.236572017838810780e+02,3.776469395847934720e+02,1.238867558993483868e+02,3.131870599874926331e+00,-3.573625653302407557e+00,-4.819140188460801610e+00,-4.093562127989102351e+00,8.435510560348112863e-01,3.933390007515075837e+00,2.613699860546553850e+02,5.722931071754692312e+02,4.722789986840136294e+02,1.368329833378129479e+02,-1.157600989937573033e+01,1.255493121274398494e+00,1.820160788373439864e+00,6.722869733672774295e+00,1.464743052466957351e+00,3.345356126330287783e+00,3.199483474424911211e+00,-9.330898919978298789e-01,-2.668413393550169044e+00,8.996402208284584390e+01,2.139430852919811343e+02,5.419146495918522374e-15
3.888398098866505036e-14,7.735518237817529119e+00,9.920554468233202527e+00,1.435738490817285440e+00,4.643290429543592279e-01,3.884671707409539931e-01,8.879517296017873207e+00,1.323535543589318664e+01,4.069935710068116386e+00,3.619626597588156969e+00,1.635790330881240040e+00,1.848153955168233692e-02,1.460259463881155018e+00,6.016563434119944098e+00,1.025562297048249860e+02,1.504962346238729936e+02,4.123426992929433936e+02,3.861061133435165402e+02,1.093858329559581932e+02,4.196774362495390598e+00,-1.388469251713616015e-01,9.243580040052770119e-01,3.005031248067688288e-01,9.385054430099049938e+00,6.776476952655273722e-01,7.510669976584182450e+00,-2.505001540964704176e-01,7.806474897178027061e-02,1.956995859849126052e-01,8.192081964352205148e+00,3.068597704167964935e+01,1.164872330302240897e+02,3.640340789925772924e+02,1.428808361783513305e+02,2.526673229164242969e+02,1.502051518520939339e+02,4.003347771438410696e+00,4.721644576584369446e+01,3.772325477616715830e+02,2.221115654584135939e+02,2.904818285172499870e+01,8.641916348598611464e+00,7.050767637478897676e+00,1.742454039010423728e+01,3.907076863169080383e+01,6.125724104463271757e+00,1.621864182049107939e+01,1.116007224410094345e+01,7.512282496126604769e+01,2.309751413552217230e+02,3.614120386864537409e+02,6.521592169848716480e+01,2.084288807497071971e+01,1.124449073384717757e+01,2.486440445916548558e+00,7.130381636967812568e-03,3.043397753640020853e-01,7.750957072942796788e-01,5.978004103540665026e-01,-2.378973737634033359e-01,3.388973072520395480e+00,4.704338094533455639e+00,-2.491867622695949913e-01,3.497267570274896487e-02,2.673872016723944367e-01,1.751862602961754556e+00,-5.583890661523525090e-01,1.117338224882256448e+01,6.414587534170392402e+00,1.039563418610171475e+01,2.235846855581058890e+00,-3.017478085825865408e-01,1.921057778669856830e-01,-2.168074971125605044e-01,-4.697318877848885021e-01,8.308945207695570545e-01,2.188494811999862399e+00,2.317810090341194118e-01,-2.298226143916474729e-01,-3.041538869237697673e-01,8.328641843698570968e-01,-5.929017190771974199e+00,2.404087904501135995e+02,1.918757550583460727e+02,5.409181413103083713e+01,7.684122041854823060e+00,7.972982659014604678e+00,-7.032109020402708965e-02,1.135201069456756962e+01,5.262533029677411101e+00,4.222758901826678901e+00,1.411369442822945741e+00,3.481741892215179490e+00,1.630736790704199857e+00,-2.676570679792702023e+00,-2.193274350692261176e+00,-1.936608784143871276e+00,9.281833485170002973e+01,1.222386236981712955e+02,4.705008733615952821e+01,8.433642699374694018e+00,-1.835967119207861098e-01,1.574722734615798370e+00,3.392216627716989841e+00,2.580624652951524656e+00,3.792965773114022592e-03,2.436376958683544647e+00,7.459460791126451440e+00,6.541866895653879466e-01,7.562075438068537991e+00,-1.712659854639058954e-01,3.143984467850057030e+00,1.561105429443227521e+01,4.880527122436101095e+00,-1.098583740011686710e-01,1.304676346774249485e+00,-3.316093641604571981e-03,-3.503755791388906554e-02,-4.835461825563759815e-03,2.193276395879901841e+01,5.208646961789431540e-01,-2.117914103649171098e-02,9.434616288181731036e+00,8.158428294136246706e+00,-3.515543835981287391e+00,2.488561001025963435e+02,3.255439620762695085e+02,3.076643822291504193e+02,1.863502592087346343e+01,3.039076903149464659e+00,3.786816438695175258e+00,2.744290558149354187e+00,-7.268232773371949840e-01,-2.327020887091618473e+00,2.218284734608019164e+02,6.760196968078197415e+02,2.895490966432498681e+02,4.153677214856298150e+01,9.726417452260037066e+00,1.559484256952089684e-02,3.213385680485575602e+00,1.069073413077547308e+01,3.103986956524813490e+00,5.341062514843772924e+00,4.442823271814677177e+00,2.172480345037727467e+00,2.447430196704379224e+00,1.227529797248255932e+02,4.342774490146753124e+02,9.029339258935531451e-16
1.221732371514842459e-14,4.091214554414358773e+00,8.638533020327207268e+00,1.222134270915823606e+01,4.775264665627128480e+00,-6.103219048472333652e-01,1.076810177208015595e+01,5.373037010310851791e+00,4.579240935543656299e+00,1.127632027986862973e+01,1.574054804876070079e+00,7.350939189527569972e-01,2.172464962221278828e+00,4.109422992666659447e+00,4.303279192761292649e+01,2.148515716143927534e+02,4.791689828720298578e+02,3.725393963982490959e+02,6.147194081412416011e+01,1.456054066162008276e+01,1.710561435452911283e+00,-1.066289940570548822e+00,1.918030671045390489e+00,5.469136971669948721e+00,-2.396714566767639831e-01,1.966939867228058914e+00,-1.014055727978580457e+00,7.406118191275286033e-01,9.541728381903911149e-01,2.218717124398150720e+00,8.562811801759671937e+00,4.881824350846919458e+01,1.573375190619786963e+02,7.925978794111459536e+01,4.209468846142060556e+02,1.819717280187707615e+02,-3.116664849402447501e+01,6.222722195234550213e+01,4.901210866012530118e+02,2.512646795876618171e+02,3.738806072512030454e+01,-1.326053125236786590e-01,-1.926423516281267823e+01,4.455445540650937453e+00,2.559265011912464516e+01,2.309024876474973809e+01,5.933036664254289327e+00,9.431978514495623855e+00,4.197113679751707593e+01,9.148027328159986382e+01,3.321693170112912981e+02,1.307182750345878333e+02,2.202489414864827921e+01,1.687085870800096288e+01,8.145349613037061731e-01,8.290068186532280337e-03,2.312474519414911445e+00,6.442826142051933935e+00,3.994602797395545579e+00,-2.771765729768564390e-01,8.009145748960188271e+00,6.738764108386433804e+00,-2.375205276569778701e-01,6.117190083183897675e-01,3.206233307392027942e+00,3.149602235307369380e-01,-5.610207113294493064e-01,7.463429212058924733e+00,1.013092332217564184e+01,6.440326964512015806e+00,6.915547918751584255e+00,-3.025553402150606974e-01,1.897476351047433063e+00,-1.666465614846257770e+00,-8.372034018707402714e-01,8.695191148118343705e+00,1.027300822583682383e+00,1.688305221081806362e+00,-1.165017599766078771e+00,1.103104967133994307e+00,5.318219995587512905e+00,-2.286311781425965250e+01,2.762733077149801488e+02,1.998597695733240300e+02,4.899283491580604988e+01,2.637293369142049926e+00,1.321475052131986949e+01,8.225473416930989545e-01,7.905830939078957620e+00,1.437348381826372590e+00,3.268239353638414113e-01,-3.974674603388591021e-01,8.817049988397467786e+00,1.310142067060919846e+00,-1.156730626787640404e+01,-9.360869241520449080e+00,2.237190659059214770e+00,1.290201415349668537e+02,1.210486524215850181e+02,2.292855856058951503e+01,7.104426248874409211e+00,-1.875001495454707845e-01,-2.836489342905001432e-01,5.399248344788959209e+00,8.039191580032601925e-01,2.428406976314085794e-02,7.051276590777517672e-01,1.588026824943367554e+00,6.155390143037436701e+00,2.570215488038296581e+00,-3.339752915576053027e-01,6.863901408077580646e-01,4.731588915150382491e+00,1.332240814230724713e+00,-3.532214137727736070e-01,2.794781910388102641e+00,-4.531368125634878397e-03,-3.534901584207977843e-02,-6.568442374555312491e-02,1.243345165919850359e+01,4.760204365109818703e+00,-2.415495621278904159e-02,3.848104472184256775e+00,4.043512373030341500e+00,-5.096041672791806754e+00,1.071581338405940045e+02,3.598569420457876049e+02,4.812013643591743062e+02,4.440055759326135387e+01,1.299310291936486195e+01,1.718215705929303994e+01,1.351291163283950425e+01,-3.115024103272681089e+00,-1.031594088999321812e+01,1.809682355410390926e+02,6.634602984199985940e+02,1.820932905362465419e+02,3.450121910501338363e+01,1.838598849572706939e+01,1.471685477892972882e+00,2.429375621997979184e+00,6.781474957467797715e+00,1.753438313740671939e+00,3.941834982397848020e+00,2.673202776726065544e+00,1.033627058500071705e+01,4.556700340659634918e+01,2.360039463183126429e+02,6.172998328510748252e+02,8.746818510350740848e-15
-8.294523282472457249e-15,4.637965215335459468e-01,4.581064267597048989e+00,2.233130090834293213e+01,1.279154045765523939e+01,1.440155931927271427e+00,8.170350520793455473e+00,-3.293574287621389374e+00,7.913052544841455038e+00,1.022986104991416667e+01,3.970532989577039373e+00,4.419195766608608800e+00,5.050565286371787366e+00,6.597301123394235134e+00,1.149596453183786782e+00,2.611121385281588232e+02,7.669488272057220684e+02,3.549335125359131098e+02,2.896307265315716961e+01,1.178279018748387941e+01,2.349313402747879476e+00,3.657723180896404802e+00,2.085015311341749999e+00,1.210582995709653442e+00,1.682684029454399877e-01,-9.488983569990578903e-01,2.693562929142478080e+00,7.147724656311196245e-01,6.845791391164148809e-01,-3.838932041434847675e-01,-3.305523782714265391e+00,2.402904746985969808e+01,3.685897525234663163e+01,4.303929641344721801e+01,4.655418500334293412e+02,2.679526935638820078e+02,2.803818498347362151e+02,7.366924660404298209e+01,5.067948289940475775e+02,2.365440440667918836e+02,3.406735841283468602e+01,1.583614547172082787e+01,6.560924711271121623e+01,4.600004166444072951e+01,3.283228070114385844e+01,6.429233922361032683e+01,1.049124998869792380e+00,5.600246660576217117e+00,1.797742521908112323e+01,3.383553897634099883e+01,3.119898783182529769e+02,1.429419922002979320e+02,1.780982755682441621e+01,1.710244873905572049e+01,-3.611648512196884986e-01,-6.761541624351024259e-03,2.484241310780449297e+00,9.816424379946647960e+00,3.507770414464475017e+00,2.274032814349208620e-01,7.254634292998696665e+00,6.667665882780529074e+00,7.533800912392106530e-02,2.443072043415595473e+00,8.409594962596667500e+00,-5.812440216938257603e-02,2.575553431091347489e-01,3.512776774241018973e+00,8.266235680070197489e+00,2.820905182825149460e+00,6.035616810821125888e+00,1.372850196631708597e-01,2.958438788078874282e+00,5.075505433912411490e+00,2.056472934399628638e+00,9.436522258660820839e+00,4.248909329884995589e-01,1.409013685506044444e+00,3.302746971462925174e+00,1.019910900492806682e+01,4.042416195558756087e+00,6.322552115929430983e+01,2.182333277739616619e+02,1.987602387869208940e+02,3.698378566120928923e+01,2.902477092563113370e+00,1.520827359847607951e+01,8.640314106889727119e-01,3.878655503601303955e+00,-7.756092616756420366e-01,1.241957996204762660e+00,1.783289477632535203e+00,7.166737227786775577e+00,-3.937158624748459346e+00,3.231481630303535724e+01,2.714899975458191150e+01,9.192183816084046555e+01,1.551698914824732753e+02,7.363842279839560945e+01,5.742947450680541799e+00,4.966200596350200058e+00,9.405270216982462850e-02,1.310786151570925817e+00,3.790273429929726490e+00,-4.744342068614500474e-01,-6.488598506746112715e-02,-1.036859944411576834e-01,-6.345878215843677728e-01,1.467290615084851879e+01,-1.375868591951347586e+00,6.885718778550492525e-01,-1.525517156945531971e-01,-1.963932454265032490e+00,-1.027273302999791804e+00,1.342645046742206860e+00,2.282255545390917018e+00,5.229074287150657641e-03,1.661222864139788244e-02,2.312085187176027568e-01,3.673667561792679059e+00,9.158503299700203826e+00,1.863798638780580705e-02,-1.024347391305592492e+00,1.130102571639274522e+00,2.369257629742495652e+00,3.934050549652847195e+01,3.796852484343316974e+02,5.869963734391122898e+02,4.806086742299079617e+01,-3.190834394673672492e+01,-2.668453024466779056e+01,-1.345438595613111055e+01,1.082771597420232901e+01,5.510245845834894141e+01,3.520895041264238330e+02,5.640406939886017881e+02,1.057408108756998502e+02,3.479064714436688632e+01,1.226428241446365064e+01,2.236179220208125429e+00,1.351262722233227187e+00,5.420335240652262243e+00,-2.292042721085705725e+00,9.351583523348534044e+00,-4.038387382504962986e+00,-2.359746592322931491e+01,1.850462849736591693e+02,4.929130754794452400e+02,6.370223419688392141e+02,3.913455580116484444e-14
-1.175535446131201333e-14,-1.104109183875689876e-01,2.031954450439001025e+00,2.430609440979146640e+01,1.958403989589649541e+01,6.101426390521828225e+00,2.556883191225332030e+00,-1.537733193638446849e+00,1.293209450964837082e+01,2.661213521433801521e+00,9.659185911320639306e+00,1.079742976572823210e+01,9.894427879053074193e+00,9.139502654202708243e+00,-1.867275382640213033e-01,2.479841997714434569e+02,5.393579958535939340e+02,2.161585339475341243e+02,2.371781664007790269e+01,3.822533922040334264e+00,2.944999936548388653e-01,1.093263907767651233e+01,3.551506014862159666e-01,-7.235387243669923196e-02,5.882944678040964021e-02,-2.544627981214403478e-01,7.393371238032941939e+00,5.672273488338569480e-02,8.149573921022732273e-03,1.623263187423143128e+00,3.251627778467900964e-01,4.357798059981774230e+01,6.436409154138003430e+01,3.600498792672866699e+01,3.396677293444905672e+02,3.607145711083553010e+02,9.379579450922749402e+02,1.057057950737976455e+02,5.121145450576321991e+02,1.552113064468169910e+02,1.603939599877175226e+01,5.871884410311857749e+01,2.747768683896246671e+02,1.837259397044426805e+02,4.918335823164429144e+01,8.109923832291424617e+01,1.961813277552841850e-01,7.538870356786945282e-01,1.960623216736952301e+01,8.718166736261710525e+01,3.407285988613199379e+02,1.000257506667103513e+02,1.348571641282874367e+01,1.071384905181243852e+01,-7.101068989599169934e-02,-3.186534713686880842e-03,3.678105683539482640e-01,7.833092293674821072e+00,6.005598516509508267e-01,1.076865062231484871e-01,8.310128507332938952e-01,3.034722468639032389e+00,-1.045828600060046479e-02,3.973308917354517522e+00,1.132531334507934950e+01,3.420247258559590275e-02,4.372164943082267746e-02,2.887615018110472054e-01,1.494739907869947704e+00,1.882197482375634223e+00,6.134442976748154530e-01,2.219232625396173192e-02,2.475478510249681907e+00,1.592246372835911217e+01,4.820157631854486091e+00,1.203524821230564257e+00,3.504257668065424020e-02,4.264913623371489881e-02,9.989016320208474298e+00,2.195970530136624532e+01,9.599273803222184043e+00,2.231381736858747615e+02,1.501348094990794380e+02,1.807606009790034989e+02,1.389915941616457218e+01,1.074046445755647028e+01,1.252550410411797976e+01,-1.403681520730526260e-02,1.877300753444946180e+00,-2.544425532113663291e-01,9.157667176309484125e-01,6.660570820706699813e+00,6.971081199534153505e+00,-2.986809716715584262e+00,1.121655703575767546e+02,1.170833356688435174e+02,2.038063207208596168e+02,1.424846432500839057e+02,1.410415213805021573e+01,2.494649531346208871e-01,5.012553758136123472e-01,2.146649433793899539e-02,4.464952504941902767e+00,1.791325851932984659e+00,-1.733856588549916589e-01,-4.808066761571221093e-02,6.995317742135499506e-01,-1.073151622629640450e-01,1.897285064994223092e+01,-4.249658248899481072e-01,3.109860925536835463e+00,5.964833783653147176e-02,-2.918598893041384756e-01,-5.022208111775785522e-01,3.437140804056856958e+00,2.071503531174904433e-01,3.059573701627626117e-03,3.084952280025591003e-03,1.162775546831959605e+00,2.128183293830727685e-01,9.950499938046847959e+00,8.370784224263870532e-03,-3.943434790929752909e-01,-1.571575968829322933e-01,4.055952078942473560e-01,5.469347553717051369e+01,3.299327047412402862e+02,5.873126878382390714e+02,1.065813506698708437e+02,-1.983722134278069049e+01,-1.662787374266093110e+01,-9.266100322072400530e+00,8.297456060135080236e+01,2.419736791064474346e+02,6.440305499990000726e+02,3.904184958180713352e+02,4.037656684071126278e+01,1.562414738219507981e+01,2.309965724909958329e+00,4.781714988478555362e-01,2.710346222743998945e-01,2.290004624850659365e+00,-1.455583015651739087e+00,4.484297629756705206e+00,-2.656117079574646489e+00,-1.773227201049395418e+01,3.825952569305364932e+02,7.408585926152379670e+02,4.648158060823129745e+02,7.254672527256029722e-14
4.295591778972035085e-15,1.091019032551120871e+00,4.760362008148011803e+00,1.509962951098781936e+01,1.740053175379840056e+01,1.246628397200004557e+01,1.216263026144408421e+01,1.825782668988125579e+01,1.394326035182313461e+01,3.412815564007814384e+00,1.427494978355655775e+01,1.655935244523189454e+01,1.402493418991129737e+01,1.152317840981410946e+01,1.404528533248461830e+00,2.933549439797663467e+02,4.919270648562273891e+02,1.699428156486574153e+02,2.798892861362093498e+01,-4.287589141851686492e-01,-7.219538024793322739e-01,7.699925218742221134e+00,-1.544461837095378209e+00,1.255353553095245100e+00,-3.304947051025753924e-01,1.909732204944097900e+00,4.058358345116046095e+00,8.783512291800120442e-02,1.351934878485924862e+00,1.499160906373547597e+00,1.595807937078797201e+00,3.497834247597979385e+01,7.371584380699910355e+01,4.051553937402746186e+01,1.441350282966712939e+02,3.310407186796992391e+02,1.702050512215996832e+03,3.222144286872143084e+02,6.875384831467770255e+02,1.318926511979947520e+02,3.243923743530757076e+00,9.672162280023958658e+01,4.845322836841005483e+02,3.337944153983502815e+02,4.467804593491151621e+01,6.643670274607165993e+01,6.880189016959545434e+00,-3.024560571384078411e-01,1.564676084327711258e+01,1.100465814735455012e+02,4.104221373605578833e+02,9.143599127914319524e+01,1.427785128376643797e+01,4.213563418978820252e+00,1.862193280388451666e-01,2.106785351282250071e-02,-1.347166708235763455e+00,2.265594683537585308e+00,2.653505372173840637e+00,-7.134494871949002004e-01,-1.932513983645532507e+00,6.892179282299160104e-01,2.003990387352072300e-01,2.251512105751912962e+00,5.931272801607811118e+00,-4.020232465536931477e-01,-6.730573354647649553e-02,-4.267639733836581795e-01,2.981729343559820222e+00,9.162229013011679024e-01,-9.497995898822031435e-01,-2.534218296927876618e-02,1.161846674421619818e+00,1.488616778324582235e+01,2.430336314961450306e+00,-3.364214421508226582e+00,-6.779351133612002145e-02,6.692523822757855401e-01,8.299147409129080444e+00,2.452860549828944414e+01,4.515247536994062472e+01,3.105184018901378522e+02,1.836431446379449710e+02,9.696801211074632931e+01,2.446729350299711392e+00,1.184977650925535819e+01,5.585963479964405565e+00,8.040198859034405343e-01,3.007318139800030377e+00,1.365045102180228120e+00,-7.043740531602116661e+00,1.099726467697574783e+01,3.278485931314492063e+01,3.610998731438856169e+01,1.461151155219462225e+02,2.192503843621479689e+02,1.763505451569796776e+02,6.752536253963056367e+01,-4.780169709689175761e+00,-2.283681083176748727e-01,-9.373110308523981971e-01,-7.665202308206933712e-02,4.832975138509438828e+00,6.320245684560140020e+00,1.309056673625456746e+00,3.678648027811146082e-01,9.343631125152572769e-01,1.619510407890383807e-01,9.439156136153716403e+00,2.549081202224793063e+00,6.322579425016916943e+00,-6.824915514113522041e-01,4.241048275278018198e-01,4.552246003208254344e+00,2.063925884680855916e+00,-1.618722287903679169e-01,-2.192826490468791079e-02,-6.849248833968382688e-03,2.509545704998692450e+00,-3.171641605964177768e-01,4.579240079796181639e+00,-5.416483318148333781e-02,2.759662731387494183e+00,2.423764508048686039e+00,-6.513233536825265846e-01,3.263219297684133835e+01,2.260885432260831749e+02,4.707364992358325253e+02,3.597536327547311430e+02,2.726314498072648007e+02,2.777661150641066570e+02,1.733741829342868073e+02,2.609962338232425623e+02,5.341753600179808927e+02,7.139755400199979931e+02,1.550931579257689634e+02,1.264510032991321786e+01,1.122679706046409365e+01,-9.953891785368598200e-01,-2.440704749821208441e+00,-1.538700023909403969e+00,-1.139389359495501530e+01,1.090731757616775610e+01,-3.217037637557708507e+01,2.208178553416411560e+01,1.926778465524586750e+02,5.116527035742420253e+02,6.839322571062104998e+02,1.845082613581478483e+02,6.158583177692370317e-14
3.724353060376555756e-14,2.166701072622185364e+00,7.060255368311650237e+00,9.189354465516711201e+00,1.346287478849823316e+01,1.831643543480456060e+01,2.938411977576507894e+01,3.396751534479307821e+01,1.296185346521005677e+01,7.399439914391559903e+00,1.305713676892327868e+01,1.663053923027509740e+01,1.521195949292633998e+01,9.920357123122936827e+00,-1.826430152248603445e-01,3.422517644716103860e+02,5.935511118400760324e+02,2.134153687391037124e+02,3.556505791169567487e+01,1.153499085850577144e+00,3.089190924900046542e-01,1.770331286529097936e-01,9.587329137981712712e-01,2.165506913913292752e+00,2.245881630663730810e-01,7.356342945712248671e+00,-2.187090577056813034e-01,3.763358186950725992e-01,9.320772581513999455e+00,2.364605362011429790e+00,-4.709082434353702856e-02,1.444959670165213339e+01,4.890288546882676712e+01,4.395876127882627316e+01,8.745002125704901985e+00,2.077170920389773130e+02,1.820527951696850550e+03,5.942661211580929148e+02,9.139395017972956339e+02,1.604074909730015861e+02,7.628888982794933327e+00,1.318556280940762235e+02,5.086928722325292256e+02,3.843144366962669665e+02,6.199967690763781292e+01,5.289153418717743449e+01,1.251781579877891559e+01,-1.075412490352613548e-01,7.942547530707144254e+00,9.537761937804592094e+01,4.537505567251558887e+02,1.204901376429087918e+02,2.467725660445703184e+01,9.753345289063039658e+00,-8.335259231227669374e-02,-1.470138803161934876e-02,7.713714879949499226e-01,3.092602710307389424e-01,7.870119474161989537e+00,5.032667307475475749e-01,7.762775827615970847e-01,-8.913071652097864783e-02,-1.609540409158717877e-01,-2.919617135985339007e-01,-6.796631213062616084e-01,3.128433638819128060e-01,1.049052084837774797e-02,5.872782583740904921e-02,6.116858231103192267e+00,-1.380087566608402816e-01,1.583088650136935671e-01,-2.281510551501268313e-03,-1.971186000653913084e-01,7.806718300516636511e+00,-4.013245315482152215e-02,1.619068548518604267e+00,2.095454840748584707e-02,-6.218561318243664982e-01,1.594113277429523912e+00,1.642133542885041564e+01,7.233304097431278024e+01,2.892033330099980049e+02,2.071030160105685241e+02,1.827998110437670931e+01,2.524988559397656651e+00,6.657944832443698502e+00,2.136081947608652776e+00,-6.754740141423080102e-01,-1.720298252741970124e+00,-8.855143703705855573e-01,5.855604252081326955e+00,2.732026871412699265e+01,9.749187960540342601e+01,1.193429310514205213e+02,1.153819871106986739e+02,2.184591582987005438e+02,7.545041778998677273e+01,-1.833533099447276049e+00,8.111696435650742609e-01,-6.337383519278333432e-02,2.715325672166340465e-01,4.318351662912107980e-02,2.809029136152024098e+00,1.021453841446227351e+01,2.490614147645532128e+00,-2.640781285750274376e-01,5.751626760385001313e-01,-2.294535563293798389e-02,-8.628826179787997264e-01,2.490516595646806053e+00,3.537072063230085384e+00,1.516025898017338447e+00,8.003804734841615254e-01,9.842489730089543087e+00,-2.371107894651922621e-01,-8.319238759897235047e-02,1.629524412984608220e-02,2.551218068649298114e-03,2.671407957830710611e+00,4.843100839508228395e-02,-3.755446481066748721e-01,3.760294081937724797e-02,6.181986964442972798e+00,4.203386527018766472e+00,1.205519676295659093e-01,-3.647380009870786033e+00,1.055257906113594117e+02,2.911500598924683345e+02,6.665285231260277214e+02,7.179123194909498125e+02,7.657363722340897993e+02,4.902300909227448074e+02,4.932592140036682622e+02,7.223553531208416416e+02,5.381826571969676252e+02,-5.090102614481658350e+00,7.707852737440962443e+00,1.272332586068062454e+01,2.210691079029978856e-01,1.594261569567894332e+00,1.042506323977915761e+00,2.872207252285192425e+01,-5.348515074408536130e+00,2.340182684544463143e+01,1.050565404968247307e+01,4.909323710275339749e+02,4.859891680637189779e+02,4.051277687071355444e+02,-1.034030810744533468e+01,4.710949675463848142e-14
7.567011772236941498e-14,2.115137404088613948e+00,4.486118135083043690e+00,1.605406558495188207e+01,1.414577876879322638e+01,2.097526122443354168e+01,3.856774164162828100e+01,2.659771561192448175e+01,1.230618135983255890e+01,6.086519348674539032e+00,5.432957550423888726e+00,9.343693694132074512e+00,1.270974254915190471e+01,2.983949191456617633e+00,-1.909664778450963496e-01,3.278894071558505061e+02,6.182290775954747915e+02,2.625121637193690844e+02,4.280572360606205962e+01,6.186438682069333339e+00,2.929435054809148120e+00,-4.672599164423429929e-01,8.697614443279034546e+00,7.036926844113291502e-01,2.374264145839392270e+00,1.601012170191838280e+01,1.813129833452408857e+00,1.926093659619515785e-01,2.519657036908884606e+01,7.870377589404309759e+00,-1.978850757862862797e-01,1.477665994212234502e+01,2.863026067520598872e+01,3.935056228304874537e+01,2.151363020631325007e+00,7.983685030145119299e+01,9.501681975760980094e+02,7.030367096110661578e+02,9.935328945969426968e+02,1.833188858007368083e+02,2.861598561723707590e+01,1.673983463100753966e+02,3.072854933435631892e+02,2.920470017664383704e+02,1.517995517622908039e+02,7.773797879303540981e+01,1.264868098400451757e+01,-8.650556740198852568e-01,6.306352006576390501e+00,7.920587860606441666e+01,4.235542553617572139e+02,1.608402699594669230e+02,4.330302304467093677e+01,2.977664737694364305e+01,-3.954782889891625963e-01,-7.829823812131032901e-02,6.358105640266248137e+00,6.623056603744327475e+00,1.092649970301666329e+01,4.396331389304399373e+00,5.548850510051424934e+00,-2.893794976498241800e-01,-7.217693348766643924e-01,-5.737985201643360789e-01,-1.001756558509127926e+00,2.816306376607182749e+00,1.794192842852418077e-02,6.417993855453439644e-02,3.203090737509094232e+00,-3.712756814718428666e-01,3.185650949432540235e-01,-3.291223905646559200e-02,-6.160517713539016560e-01,4.409887156435518207e+00,2.858853653131079753e+00,1.374254134194611865e+01,8.419941347539057486e-02,-3.472962595969358635e+00,-1.379636499514395355e-02,3.720057951513688455e+00,6.700039958449646349e+01,2.037607403434863329e+02,1.179427554106715377e+02,1.199045660650848610e+01,5.408822410423590021e+00,1.236066141751583913e+00,3.713318523884011846e+00,-3.188019165525409093e+00,-8.938926561676044713e+00,2.670252214837420257e-01,7.040393900785277026e+01,6.167612190929778393e+01,1.717663920176429428e+02,2.034479585013849317e+02,4.491984061952633311e+01,7.239335267600243640e+01,1.395460002628177776e+01,-6.752925809352573694e+00,9.971272852651162921e-01,-5.691298918522988970e-01,1.959262173378211402e+00,3.619917006882376054e-01,5.881240973647259285e-01,8.324014452756562932e+00,2.974665876511130236e+00,-1.135354622070056108e+00,2.119982359967207131e-01,-2.855015222162802721e-02,-2.748147886714060739e-01,-9.712925730904904409e-01,-2.713452837887537328e+00,8.990323247196581491e+00,3.585825012915599963e+00,1.042973401464010053e+01,-3.204672811100601759e-01,-6.470394172686818601e-01,3.239555607747879873e-01,1.127049898992628363e-02,8.748567753017117976e-01,7.816035704741368384e-02,1.861307111415366755e+00,2.000681757650442094e-01,7.832971029712076039e+00,1.473403891909913277e+00,2.947932371340827307e-01,-3.910747503651919477e+00,1.605943861865024047e+01,1.405121238743662957e+02,8.050924996616329281e+02,1.000929020541919499e+03,1.125734753474280296e+03,7.441730317847300284e+02,6.507484525850692307e+02,6.507990317631298467e+02,2.549354587234330438e+02,-1.285414467492865587e+00,3.440330490114120288e+00,5.206560696009958633e+00,9.201673490919669574e-01,1.097293000538710572e+01,8.458830809619119151e+00,8.631818496710211264e+01,-3.706385124004950171e+01,3.021234748917791535e+02,3.697611650599669009e+00,6.514175380094487764e+02,3.027290628302738469e+02,1.191766028090852956e+02,-5.262603364734265377e+00,1.252277776651096598e-14
9.152441381585551556e-14,2.419380110240773263e+00,4.543632459370656740e+00,1.685364494928901991e+01,9.695370997359624710e+00,1.811751832838595533e+01,3.068679074164079523e+01,1.304760784043459232e+01,7.690219539155534356e+00,2.259312733427659481e+00,9.740642973046780284e-01,2.711656710415869309e+00,8.836827875227424300e+00,-1.206265097785146567e+00,-6.783978656209872435e-03,3.250883417085171345e+02,6.189582966578628884e+02,2.598501728322544295e+02,4.047119131972224437e+01,8.191331972168395481e+00,5.944440950560413661e+00,9.574573654128844424e+00,1.111081011816905750e+01,-1.521157660413131052e-01,4.491078712747710533e+00,1.953579613092168543e+01,2.338641893869561450e+00,-1.699169202792062128e-01,4.005398219014473682e+01,1.316649672262933102e+01,9.590483262253499119e-02,2.094876649160930882e+01,3.077531840130900065e+01,2.811070896177585965e+01,2.395818891080217838e+01,2.457601625507042442e+01,1.992315117339614687e+02,5.098312100051570610e+02,8.391873915266365884e+02,1.532330663465865825e+02,4.423530125593615736e+01,1.764346939962508429e+02,2.377819377764167541e+02,1.993344146210865517e+02,3.099977593997251688e+02,1.519045710410202332e+02,2.389767816769164455e+01,2.983528066311031957e+00,6.409450956519513021e+00,6.653303651669764918e+01,3.767393024819030529e+02,2.003202888473311702e+02,5.546399568583992590e+01,3.920870051095430853e+01,9.198692048066418048e-01,2.715854112578844348e-01,5.755672851271242507e+00,1.458305942360672525e+01,7.313343616848239748e+00,4.135737207664252679e+00,4.330711637170176154e+00,5.859785584504262346e-01,3.109672567657854270e+00,7.452990101178356142e-01,7.945033436843684793e-01,2.804199457407206886e+00,-1.924617827499114364e-02,-5.634738955059203844e-03,3.063776802060806492e+00,6.849935052240435640e-01,-4.250619757375549423e-01,8.587392876063644487e-02,1.308747816093317695e+00,2.442167100601056795e+00,7.793534389918791661e+00,1.803422281544125383e+01,-1.746205578122175528e-01,8.960904152502624953e+00,1.561446082533782054e+01,1.449927074549201833e-01,9.810141244179564524e+01,1.797420314370307892e+02,4.798991157787197182e+01,2.089827154864275016e+01,4.656744358796163219e+00,3.064890577363627022e-01,-8.355428381741909050e+00,1.385199379191806734e+01,2.317039481483095997e+01,4.243573876264809996e+01,1.856750809005956171e+02,8.919758421429517625e+01,1.412683388398409932e+02,1.581380053391628167e+02,7.834461573600480788e-01,-2.067076186401047266e+01,-4.702163243339273713e+00,2.916283647829168046e+00,-3.894056463305899940e-01,1.583712731551410346e+00,3.384609567655956219e+00,3.622989974227792676e-01,-1.972429130958751678e-02,1.356710892731649487e+01,5.814252597359642394e+00,5.260524327328918837e+00,-2.232999748889195613e-01,1.198552748957874836e-02,-1.798688517296922695e+00,5.208151320997189693e+00,1.736829995539280347e+01,1.469858108749154546e+01,6.613813301595862448e+00,5.734741756916273303e+00,1.954848788170189255e-01,1.774658804983116234e+00,1.260086462958070141e+00,-2.413001627751377998e-02,-3.951219532276873392e-01,-7.569951544961783796e-02,9.544838701771737988e+00,-4.512551649174591506e-01,5.383973168846286406e+00,-5.592946802175574605e-01,-4.706892664788758229e-01,4.995917517998027080e+00,9.232488373823111161e+00,1.356944977442513505e+02,6.420820910795620193e+02,7.190460699710331482e+02,8.211011248156394231e+02,5.744975828934544779e+02,5.254173109154478425e+02,4.774604727604824461e+02,7.329440481556672182e+01,2.244719255922407086e+01,1.656236621019367528e+00,2.384038549019064313e+00,1.086887750309462275e+00,-3.236834738998871419e+00,5.882696393794247136e+00,-1.537097383658318677e+02,1.009436675971766277e+02,7.995446887128259732e+02,3.359408421128053988e+02,4.724341493391316931e+02,1.167776441435142658e+02,-1.571148732409571203e+01,2.463107844075129549e+01,-5.678002183935277560e-15
7.621643939760718265e-14,1.125263078617200430e+00,9.573858486823359826e+00,5.667579295857207988e+00,1.193664926655532144e+00,1.275627143713357192e+01,1.366650480664821643e+01,5.042893956997387406e+00,8.244372962066954802e-01,-3.377816760658300388e-02,3.851890242178931612e+00,2.176757417953311680e-01,5.435647251748583209e+00,-3.273055490323594774e-01,-7.646961504606950011e-02,3.603586229469345881e+02,6.470862223479490467e+02,2.261494990102613372e+02,2.801265556164669945e+01,8.286486312892291650e+00,8.461603577868121562e+00,2.172144219774127194e+01,6.209669717104618236e+00,6.853377614032860055e-02,4.711121934835736269e+00,1.566797998908383605e+01,1.017881570891696064e-01,-1.169024645856804878e-01,4.256105870715539652e+01,1.342814438859517701e+01,3.007215768351252302e-02,1.972416904524641623e+01,5.289970096085084350e+01,1.858855954037430180e+01,2.207078865416104563e+01,3.698161639673176637e+01,2.098114872360766370e+01,1.567100041253559937e+02,5.800516957852755695e+02,1.011670957358743124e+02,4.485751053386069742e+01,1.449698332035474380e+02,3.429073234003383277e+02,1.607496956511918427e+02,4.483154094556887230e+02,2.592610789451759388e+02,4.462911610203165225e+01,1.073997023569880582e+01,5.858219399523856730e+00,6.186157098222187756e+01,3.631525810042880948e+02,2.261233248307414954e+02,5.277776907762868319e+01,4.259136871203089925e+01,2.328786057460915604e+00,2.832055869110257973e+00,2.273544805508010302e+00,1.568646401337664464e+01,6.405811457375529816e-01,3.462730671780368530e-01,-2.344793361542765395e-02,1.523252182458599391e+00,7.303709061920440782e+00,5.949522260894358761e-01,4.929564046582423642e-01,3.189979164495762021e-01,-1.423211120022352047e-02,1.717491721580792496e-02,6.354092079347661404e+00,1.982389695381854944e+00,-3.424614102219599165e-01,8.057539944817650179e-02,5.560513963875890475e+00,3.342463261524189488e-01,1.330598322009550039e+01,1.321873640107792625e+01,-1.575901274921151785e-01,3.640256800893607192e+01,4.425885212572994476e+01,6.869849893783034567e+00,2.074241827322170764e+02,2.256425821169630694e+02,4.049014639484122569e+01,1.433515272112483707e+01,8.555045824129774434e-01,1.983776218703936944e+00,-7.675553503379662246e+00,7.284782420383618273e+01,1.063383228618798597e+02,1.022757175020377076e+02,2.611309949935821351e+02,8.711970865482416571e+01,3.090656892082801477e+01,2.106237522211297630e+01,-1.035892074817202690e+00,-4.899006983761220901e+00,-9.355844771071041288e-01,6.437710366583697663e-01,-5.830011586685550362e-02,6.099643577609813683e+00,3.906878206529954767e+00,4.566630314994418044e-02,1.590186393364167172e-01,2.645893844821337737e+01,9.764057255133483437e+00,1.524119863984003764e+01,-1.702536033031452345e-01,2.569632747503851865e-03,-2.036906938731271488e+00,3.831211401542008588e+01,6.168757036188532084e+01,1.518087033646278705e+01,7.049156523602319702e+00,3.442562412002032057e-01,9.449378459626847637e-02,7.106112794223337303e+00,2.059913888308916974e+00,-2.190871852141616088e-02,-1.373855945115195210e-01,-5.322892038188842267e-02,1.498706115414855056e+01,-4.135904028859444526e-01,6.505157165368898875e-01,-1.122397035045654828e-01,-4.002162889766961440e-01,6.495739522679956579e+00,5.856396042048208983e+01,2.537229860599523477e+02,3.372558668798034773e+02,1.031232827486358588e+02,9.684345300675808232e+01,1.237684518069220871e+02,2.302006802792239171e+02,3.525005633443018951e+02,4.233384268453225729e+01,6.036392478868582323e+00,3.609113863997620353e+00,6.270556832908574130e+00,3.577934160089642490e-01,-4.780212429150623166e+00,2.104480932119498959e+01,-1.249595234194478337e+02,5.317715930147492145e+02,1.223281007822347874e+03,7.635704710524057646e+02,1.074091351608458922e+02,1.659002912566988996e+01,-4.401016701106302165e+00,3.871468847389942791e+00,-2.563968519188522058e-15
4.714418818162392551e-14,-3.962322846015548627e+00,1.452920509360848733e+01,-5.018871087992421209e+00,1.176144059241115869e+00,1.175752265320982559e+01,8.387926554683142299e+00,3.227069687379674701e+00,-8.377444645655869326e-01,2.167042113407373627e+00,1.044299096250789738e+01,-5.074542784064502987e-01,3.352656943293483849e+00,8.666150011620452620e-01,5.951679864657601904e-01,3.930422567142803700e+02,6.989125815617795752e+02,2.410711240780713069e+02,1.426839982544354157e+01,1.413883973417277851e+01,1.026802220168998225e+01,1.923688134993378185e+01,1.762085590194569562e+00,-7.592718384818029076e-01,1.958469309637111744e+00,9.389890366950188749e+00,1.545195553189533610e+00,9.546433571819179509e-01,2.419562386143055832e+01,6.476780412953887733e+00,-1.009314611075247947e-01,8.893246834396888900e+00,7.461653922785376380e+01,2.218657440649456802e+01,1.791319965784606438e+01,3.951179991777538447e+01,8.987555585675652381e+00,5.199345445425279877e+00,5.055258483464062920e+02,1.193378486352993377e+02,3.704917866898220780e+01,8.229348966828953849e+01,3.265634674820560122e+02,1.231460078149215320e+02,4.300221794736863785e+02,3.552283584975966164e+02,5.325793495501527275e+01,1.515608860196503294e+01,5.981048465216438181e+00,7.192803458470410760e+01,4.011730215034625644e+02,2.257222842501780065e+02,3.753147488960962619e+01,7.472635815249404345e+01,1.734010313739115183e+00,9.987405881514751727e+00,1.013597500697690279e+01,4.954618622080605661e+00,1.064506573756643704e+00,6.034875182961435547e-01,4.550193373114866269e+00,1.156163516424206783e+00,2.267530239524912172e+00,-3.641787113697916745e+00,-2.764774614712830481e+00,-1.922442196157204963e-01,8.509281367293111686e-02,-1.438941415783165367e-01,4.413178270329075836e+00,1.438449406300154942e+00,2.624838953738815484e+00,-3.884522882660120802e-01,1.021522264891723175e+01,-8.667964803107616190e-01,2.015651581290237715e+01,1.175734766470518267e+01,1.214605284982142930e+00,5.867749343307256282e+01,6.497704783927092365e+01,1.907280096834934113e+01,3.754694510018847495e+02,2.296602317023376258e+02,2.246798889701962310e+01,6.752929693797996791e+00,1.734260046883056849e-01,8.228901957953982382e-01,6.590511016685044865e+01,1.815897895136840248e+02,2.053966907376948541e+02,1.022456337982025332e+02,1.578995395741235086e+02,4.617902106577708565e+01,-3.530445748418053142e+00,-1.614992607757054799e+01,1.724568525852536505e+00,6.316527182889622338e+00,6.865567640352672196e-01,-9.282379226145011097e-01,-9.484818592388682967e-02,8.725783696732495542e+00,3.052875704926165668e+00,-5.774721764493231935e-02,-1.285956534012995700e+00,3.312826452807503586e+01,9.725185630473717424e+00,1.511342837521000781e+01,1.385020885552775693e+00,-3.212381376643005677e-03,2.098928438083054360e+01,1.108011065701427356e+02,9.331371447513086537e+01,1.232728329573555470e+01,3.102216793290604624e+00,1.672095066577643507e+00,-4.683105550402010264e-01,1.087266706844445707e+01,1.178773678216319620e+00,1.388396509505833154e-01,7.848209098084640845e-01,3.129439964832463339e-01,8.414371668774574431e+00,3.463814593733745895e+00,-1.021956526909191698e+00,8.923489668353985771e-02,3.206288995979699852e+00,5.847057059202218632e+00,7.155988384339546826e+01,3.439034594920179870e+02,2.683555256156574842e+02,-8.033132293133154178e+01,-1.192954960220302212e+02,-1.783880665750831795e+01,1.573957997371263673e+02,3.425534476272828215e+02,4.617187841621366573e+01,3.245548701197915165e+00,6.237485513484153365e+00,4.527751515067326871e+00,-1.793430074073793623e+00,9.060549663910565243e+01,1.156861661553805902e+02,1.340865746477395305e+03,1.213094880207350798e+03,1.103333981609150896e+03,5.603868633919940976e+02,-4.596346408085482338e+00,-6.958504869305271789e+00,7.278136975067482695e+00,-4.753021796853874825e+00,-7.097741327390719292e-16
1.609289574360098598e-14,1.097591676348231715e+01,1.261401731325673303e+01,2.836508372664138022e+00,6.875746949719411028e+00,1.081815570231971790e+01,1.141683349814874049e+01,6.495178666380861721e+00,1.971418462882954144e-03,7.266607466730213183e+00,1.221830295427696811e+01,2.015492400728301214e-01,3.178029693940588096e+00,-3.640587536088015774e-01,-3.550048217462494216e-01,4.125611069192628975e+02,6.975099805474966388e+02,2.628586747610352745e+02,5.252682943530913917e+00,2.006635834494937498e+01,1.296370021495143554e+01,9.727985165177541305e+00,-1.245020993136547738e-01,4.779666737227109552e-01,-1.052967997767894140e-02,3.885517708216245758e+00,3.488243712563526167e+00,2.633702421587214904e+00,2.793782303638786768e+00,-5.508708217404743035e-01,4.846187405802114545e-02,-6.139274095002825726e-01,7.326083138735428690e+01,3.063874820917576614e+01,1.818704652232964492e+01,2.466959725853441654e+01,1.273350573275365072e+01,1.636408330327592608e+01,5.873793181773161223e+02,1.740700260105402890e+02,2.908261499955609253e+01,3.584818636719375462e+01,2.153474390411737147e+02,1.109811368201253998e+02,3.283544734979676036e+02,3.616638066949184349e+02,4.271147356345282020e+01,1.657114221006670363e+01,4.945396364765159980e+00,8.890023679658511924e+01,4.508434876867867160e+02,2.088818298213371918e+02,2.725876192138699494e+01,1.392807225119940711e+02,1.768207025737818228e+01,1.885359923745687283e+01,1.639370393623910616e+01,3.804235895925998534e+00,6.958759118052834758e+00,-6.569846952442296439e-01,1.091476521369435382e+01,8.246290128728539059e+00,6.344391488688693848e+00,2.087844493452660544e+00,1.554428488971944855e+00,-9.150171039861508537e-02,-4.810296650865227702e-02,8.738982940861779458e-02,4.270295246301709230e-02,2.029107440888102687e-01,4.586687431665102288e+00,1.699912285836344461e+00,1.062007575565409034e+01,3.680129696022752528e-01,2.157717907548654068e+01,1.009932160084420794e+01,1.832868037174643749e+00,5.716057994575822221e+01,5.954194307074915571e+01,8.909876514899009692e+01,4.472617160281932911e+02,1.674302311593889669e+02,-2.306795721397778554e+00,3.463243137101047697e+00,-2.949878794281945993e-01,1.279408821632416782e+01,1.615834538856791482e+02,2.519324595441333088e+02,2.135207622930134335e+02,5.750820850188146238e+01,1.255471178018351530e+01,3.900635012665913948e+00,1.514938046746664568e+01,1.225184847763116380e+01,-4.350126207267120404e-01,-8.543602105321617124e-01,1.961653574638871633e-01,1.816521435880385782e-01,1.081383251297398790e-01,8.602154018427679461e+00,2.372104995363784052e+00,7.685115387958100716e-03,7.793687697318254504e-01,2.772292505376070082e+01,8.338491682071371258e+00,8.984673721438326766e+00,3.370710637675683685e+00,3.825916814041792802e-04,7.465610713570777079e+01,1.846019169643793703e+02,9.023408015544809757e+01,9.659197826206698423e+00,-9.605317229436755033e-02,4.314023925708632135e+00,2.577308878778307166e-01,9.524854872122332949e+00,-1.059805681635117292e-01,-8.008825938798132260e-02,2.645857978148765000e+00,-1.777763924916477001e-01,-7.437386800518945851e-01,7.753458907089091134e+00,2.496880482995660344e-01,1.875453272717205605e-02,6.461587356508498026e+00,4.141809704183098795e+00,5.980194104641557828e+01,3.951634365726523015e+02,3.210927262174719203e+02,2.534644067829264458e+01,1.548386242682400571e+01,7.098947576619298161e+01,2.568219365355712398e+02,3.207358324285308981e+02,4.072714599490751652e+01,9.385272349776251133e+00,6.122794193862604040e+00,-5.558414998737304380e-01,9.822465607772377094e-01,2.029620787595847560e+02,2.660581122553477940e+02,2.954461597921537759e+03,1.568308523663564074e+03,6.597663414863594653e+02,1.075078434282054189e+02,4.130601746765812976e+01,7.309363961846446767e-01,-9.269831467590907703e-01,5.358336815838893319e-01,-1.471026890969887750e-16
8.959438456727090827e-15,3.510779170453165676e+01,3.608540725696665952e+00,3.233782044135947586e+01,9.158645570497890631e+00,6.312831952858426909e+00,1.173308604675776756e+01,1.183865001335037448e+01,2.618812690254027631e-01,1.143723169934207284e+01,4.476788670214276955e+00,2.201286146487691386e+00,4.890096184233811982e+00,-2.349447861156664263e+00,-2.037649328115471725e+00,4.205101360876341801e+02,6.049562184149790482e+02,2.406609025883272750e+02,3.547080592295697610e+00,1.803179029335270300e+01,1.626507243358736332e+01,5.563532680075724990e+00,-2.205514184725121951e-01,5.419500038734068603e+00,2.349929481369608553e+00,1.276435080138681455e+00,1.552504726555660852e+00,3.819242591369147011e+00,-2.129676419084471028e+00,-9.127561293072369297e-01,5.168007868882051881e-01,1.040745387838071245e+00,4.109746115730291649e+01,3.259304651443375178e+01,2.001984264499508015e+01,1.231128124882302899e+01,1.483030522386913219e+01,2.722502752663809389e+01,6.606891301059799844e+02,2.248852054140529333e+02,3.103097745428765108e+01,3.908108273494986662e+01,1.446777821252199203e+02,1.473738943684467131e+02,2.621901515643141352e+02,2.468991057287335877e+02,1.981366903567331050e+01,1.737270512948089163e+01,1.482148542501053656e+00,9.571203055848238250e+01,4.432849876470854724e+02,2.055722956773847159e+02,3.627786545271201391e+01,2.036353143593370874e+02,5.987185478219521428e+01,2.656054092704261649e+01,7.146268027436453174e+00,2.870812685701045552e+01,2.639737502751239973e+01,-4.572997313417805465e+00,9.663800529257379424e+00,2.066055311504603154e+01,2.277261878869511591e+01,1.543421684850549092e+01,1.075203285627074479e+01,-9.063682663838754650e-01,-9.005330457250933229e-02,8.768710847197365155e-01,-8.300845504851021017e-01,-4.423021401231471555e-02,1.950882200255127152e+00,7.089224960393456065e+00,5.875680879358860409e+00,5.548751441615884517e+00,1.297027181618046932e+01,2.954498680168240021e+00,2.916810920533580709e-01,2.831753301490730479e+01,2.537131728093008221e+01,2.255005400892526097e+02,3.279517118905311577e+02,7.373165198249087382e+01,-5.973258451067362529e+00,3.685180054396861582e+00,-1.902556125522093966e+00,5.833886369803843053e+01,2.073271505281331883e+02,2.094528309616883632e+02,8.277863258052960305e+01,1.525579239078220262e+01,-1.059683412757521737e+01,-3.435421293008351640e+00,1.547241925316903099e+01,1.240318294118694453e+01,-2.276576438387826862e+00,-1.272110582584099259e+00,3.633492970942728384e+00,1.213666593703329966e+00,1.535244954110611459e+00,6.531933941643988106e+00,3.097864124392667673e+00,1.920521858180655392e-02,9.205376293240066232e+00,1.353838225423265484e+01,8.727078404529272859e+00,5.579887979380592000e+00,4.330148371579514155e+00,6.961101959343336462e-04,1.398539608733064767e+02,2.098000835627416905e+02,5.486698690057581018e+01,8.825060893128179984e+00,2.643874631666041974e+00,1.733844202600117956e+00,3.127115028017310117e+00,2.986865817540225621e+00,-1.859477071961369576e-01,-5.567529705867814149e-01,5.488308379489549971e+00,-1.232193886906390423e+00,-1.242707319493936424e+00,7.999762985827423734e+00,2.323809626507194359e+00,3.760303965652322389e-01,5.384355786925319798e+00,1.223455690623375336e+00,5.805687969527104997e+01,4.301989130392868788e+02,3.031255201809045161e+02,3.706674060193898157e+01,3.630457409538891511e+01,1.057124886771725158e+02,3.321199026532924563e+02,1.867280038424186728e+02,2.477651963689682901e+01,3.983705669021331719e+00,2.094613115280758109e+00,-1.816256619805027617e+00,6.758518463909932272e+00,2.212593217094822649e+02,4.081338916419980478e+02,3.051389005580857429e+03,1.157696677865390939e+03,2.954853126771392340e+02,-1.236100179202724725e+01,1.979114667677936978e+01,-5.283451916914403551e-02,-2.167834715283605718e+00,1.061252647351011547e+00,-8.046210725852502519e-17
1.395622812091380260e-14,-5.424984358825672359e+01,5.591977761770105637e+00,4.299529157077665076e+01,1.122745645891566113e+00,9.066947626862072340e+00,7.215945340427152743e+00,1.278462226037250637e+01,7.627898167952612773e+00,1.037640097680064422e+01,-2.086156823131443794e+00,3.247699833273356429e+00,7.127586193715825580e+00,5.034264223341298639e+00,8.095641196824303165e+00,4.121337279422691608e+02,5.656558929392112987e+02,2.417599478551269101e+02,6.400391462997874648e+00,9.768957759869703494e+00,1.307110176981947980e+01,3.114834962716153122e+00,1.322092767283815640e-01,5.783179342393372835e+00,6.367040915129788203e+00,3.241012271482546225e+00,-2.958564286736352078e-01,2.829889437144042397e+00,2.771239234129598383e+00,4.229882552767449400e-01,5.446001440323101628e-01,6.081002245645407811e+00,1.145667255093226622e+01,3.138024069564547602e+01,1.629686839211582594e+01,9.718236499166694742e+00,1.062189814849745950e+01,2.201655197306434886e+01,5.787462097392926808e+02,3.591587695811163030e+02,5.637024782304039405e+01,4.596721803434920872e+01,1.445294236763611764e+02,1.574495022072751453e+02,2.247130662611008916e+02,1.387582134236468789e+02,9.909837540702136849e+00,1.638885059099759900e+01,-4.048452320046325159e-01,6.894895468057977439e+01,3.034435151518651992e+02,2.700290939371203081e+02,5.417940586205569531e+01,1.797522704606766411e+02,9.111282746497644780e+01,3.629072188346790284e+01,-1.998476805236866216e+00,5.258107668552411695e+01,1.045630978566745597e+02,1.418921508971671663e+01,7.935790575331923336e+00,-1.634503810254908318e+00,-1.343163206682701372e+01,-2.402950938797567915e+01,-2.211424567032551991e+01,2.035602576019042154e+00,2.208019842006199607e+00,3.859216279851745424e-01,2.076310026319552193e+00,-1.187109368608046250e-02,-1.137052395737704336e+00,6.885560834642093120e+00,7.920571056617925265e+00,1.557084767551667959e+01,4.263773729059236572e+00,-4.917099189481972665e-01,6.023733474068393434e-01,5.396384930137245739e+00,-2.768785387766165673e+00,2.583592796978911110e+02,2.325261812037690277e+02,3.108646382040038603e+01,7.737616868712087204e+00,3.653471843421912002e+00,8.987297448946698353e+00,1.429226401376305944e+02,2.055680079529619206e+02,1.269489586655566740e+02,-6.983080181954671728e-01,-3.276797312848787502e+00,4.426327975581051177e+00,3.444025643785255220e+00,1.068032100163886611e+01,2.259205727840822409e+00,4.811509986311358844e+00,9.131956083335667884e+00,4.414960092719261375e+00,1.263829973914526228e+00,2.770920815285685457e+00,3.610645347481641121e+00,3.323216865775238116e+00,-2.251567054114290631e-02,1.218277275265513460e+01,7.722920068620779510e+00,6.245325206740981905e+00,4.647469170685700313e+00,4.228010413199891460e+00,-4.534160641203582713e-04,1.468098011325541847e+02,1.651391500443574785e+02,3.438631440908238091e+01,5.079545080888995479e+00,8.580904933802944612e+00,-6.468640112841503864e-01,4.914478362051121429e+00,-1.024755216529883439e+00,1.079368400267416289e-01,1.233606305802106284e+00,7.326967282081056965e+00,2.758047769376049008e+00,6.286772737634640507e-01,4.813890888100504917e+00,4.184522081762222179e+00,4.400847029783553355e-01,3.409317704689622808e+00,-4.527201640465846610e-01,3.936639560803989468e+01,3.939881130875874078e+02,3.906540512269164083e+02,2.082959598021929892e+01,-3.922871461210093713e+01,5.918614611535890901e+01,3.301092362033443237e+02,1.270367587469988280e+02,1.870812562218452868e+01,-1.672327167820838456e+00,-9.018560884957013135e-01,2.749029440739904739e+00,-1.387636217862702637e+01,1.502989184162026959e+02,4.733127871608528494e+02,1.884075968577840058e+03,5.181567408650616926e+02,8.585796446158593653e+01,8.096190944614788165e+00,-6.231193878365448136e+00,2.907990726942563331e+00,2.392330342423486744e+00,1.631249496225052997e+00,7.624610659209555149e-17
3.435778855482288770e-14,-6.031529392155193392e+01,9.727873720455587403e+00,4.795977209650693851e+01,-4.105136553930521792e-01,1.332371576297244076e+01,9.203346470461276629e-01,8.028151852711086889e+00,1.972798632309028832e+01,6.917004234452180711e+00,-1.065525826664544429e+00,3.051398636435931344e+00,1.001416571236396713e+01,1.413661821257377760e+01,1.309714623813569823e+01,3.737156707210178865e+02,5.968374059897723782e+02,2.727451489109880640e+02,1.291740585416121334e+01,1.927878329739992180e+00,4.823493934738088740e+00,3.728779192983285862e-01,8.475309512791023847e-02,8.563042099959431441e-01,7.474391727955957521e+00,9.145064452151013157e+00,-1.248945986137956349e-01,3.879518617575904993e-01,8.045518406262010203e+00,1.875349352123250046e-01,8.100101060700840017e-02,7.660275811022823511e+00,7.808985113637981756e-01,2.640541597052850165e+01,9.115073235674373109e+00,1.533181041775428000e+01,3.187297061495157902e+00,1.129193889220458757e+01,3.496325483066729589e+02,5.537917356516016980e+02,1.103399354123539240e+02,4.474604641726834586e+01,1.682221641387438069e+02,1.157114605491377972e+02,1.914601508435820563e+02,9.430968968564867794e+01,1.837303861900971569e+01,1.664259121544477793e+01,-6.141256113759450963e-03,2.139576650938603208e+01,9.663120601463107562e+01,3.467317008314907412e+02,1.012278693908397855e+02,8.812985767123559810e+01,9.909523459135132839e+01,4.682359020260037141e+01,-7.838929001233559957e-01,5.522626793059387751e+01,2.031769014286507229e+02,5.091496566872609009e+01,5.962519480053291687e+00,-1.100679341932342759e+01,-2.337204958066285343e+01,-2.799226510469715379e+01,-2.251000778989423168e+01,3.171133122574772756e+00,1.803617918467607328e+00,-6.012947072722960029e-02,4.482467144354812305e+00,-3.781469272547986760e-02,-7.704242748555789611e-01,2.948241648989564201e+00,2.055777125181529286e+01,2.729808870856035696e+01,4.805192607690770279e-01,1.663398118522869229e+00,8.832748464248748599e-01,4.715332770385440297e-01,-3.509366367278875298e+00,1.789454171190611476e+02,2.141086701603588267e+02,5.720993054753475349e+01,2.159965273778227512e+01,7.454887779590305463e+00,4.501285740317015893e+01,2.207031585399114135e+02,1.645228757081574145e+02,6.264266181108529707e+01,1.945889998403324483e+01,8.520585541782856875e-01,1.192590536850083760e+00,7.408137830461072326e+00,1.146967246841578003e+01,-2.183685245437655964e-01,2.047417296984509605e+01,2.383005756826051424e+01,1.085981703606298421e+00,6.516245536700919772e-01,2.755049811382349834e+00,1.069225393313159245e+00,2.678613630341168950e+00,-2.184428646584147746e-02,7.209938064816167724e+00,1.257288588983150568e+01,9.073235486927245796e-01,4.182401784955662727e+00,2.943827233339278759e+00,-3.149993955321893553e-04,8.897297671718638412e+01,7.846292864053364724e+01,3.616722820996240984e+01,3.863660586820682474e-01,1.272020844805710027e+01,-2.090541689340618126e-01,5.381014606215757112e+00,-2.800376057807826835e-01,6.681622943964281303e-02,3.998099533861942056e+00,6.661535968601650204e+00,9.811039857503448758e+00,1.289529433640822953e+00,6.806951043452327266e-01,4.603584029285229029e+00,6.632211023867078115e-02,2.354960771035224720e+00,-1.625960749336560207e-01,5.213654420693915270e+00,2.706950299163453906e+02,5.476615689397558526e+02,1.041151653715001828e+02,-3.691093231715724698e+01,5.255982418189941541e+01,3.112923658913272789e+02,1.766992944734355433e+02,2.380844280863275131e+01,-7.163170330189829738e-01,-4.280499996256550421e-01,3.621472829268831628e+00,-1.392345710152540761e+01,1.399792634899941106e+02,4.443951798679570402e+02,4.259220364093515059e+02,8.699363306981263122e+01,9.395804696323292404e+00,3.569984458749966727e+00,1.742371709588978579e+00,1.079393750480650738e+01,4.086612952257872244e+00,1.340093275383368976e+00,1.049129815224845064e-16
1.398499980647873086e-13,4.799020378039119805e+02,4.071095531012346669e+00,1.124204549153293016e+02,3.723406063593407822e+01,-2.276559177650566423e-01,-9.470715046853229735e-01,2.531467706568936382e+00,2.270130334611930678e+01,1.005660636187722012e+01,5.909668201800299059e+00,3.825185510155086455e+00,1.490016353218584833e+01,3.352087405217735849e+00,-2.094827717545067003e+01,2.964735360308357599e+02,5.591948508931973265e+02,2.596857352354472255e+02,2.404829051966419939e+01,2.897772332333574230e+00,2.185373950607103488e+00,-3.041442438938975479e-01,-3.762916203047176888e-01,-8.811337053430017274e-01,2.055859121786484334e+00,1.560392616538152666e+01,2.670247412922606700e-01,-4.201893073047194282e-01,7.165399783659488264e+00,-3.302039319068217349e-01,-8.640208079648459272e-02,4.046834614421503495e+00,-6.981215951322188307e-01,1.204163661218891512e+01,1.040313073213862793e+01,2.058960266108882564e+01,9.078483951577429600e-01,6.412106494528801548e+00,1.398282762891097661e+02,6.552344099804284951e+02,1.925127723323666942e+02,6.948822816912380063e+01,1.224485075879276934e+02,7.192819596332928711e+01,1.456569992244127434e+02,6.597958426656282427e+01,2.703160536782552725e+01,2.485193449037670277e+01,-5.712131528076728193e-01,9.964458620916849529e-01,1.711956998967623633e+01,2.839537755766326086e+02,2.158471682028926466e+02,6.434721103896838201e+01,1.052771731174520795e+02,5.150977263503694559e+01,8.669872826902571106e+00,3.551980624976027201e+01,2.018569706240880066e+02,6.645888944934533527e+01,-2.359523724434107628e+00,1.103462134557992727e+02,2.011899854582883052e+02,2.240524555883730500e+02,1.986530236074126492e+02,-4.445030222683907795e+00,-7.888346970658876245e+00,3.719194528310304726e+00,2.699534546164857884e-01,2.392331959897091853e-01,4.398082940035896726e+00,8.795734825605393326e+00,3.563117988581106488e+01,3.320979386704997438e+01,-8.212718105564920101e-01,2.400365925400242517e+00,-4.857102300073707468e+00,-2.394670454011915695e+00,2.001485720708237892e+01,1.732847305734390773e+02,1.326938599293315804e+02,9.137306550028580432e+01,1.675607933958899665e+01,3.168314585246859139e+01,1.092159788932266622e+02,2.056060922468117553e+02,8.978937967072819504e+01,2.819717175035388834e+01,2.462666421240143322e+01,8.050714885275578325e+00,-1.326350265370760839e+00,6.654457293261084594e+00,1.079102077936029147e+01,1.802059081086237358e+00,3.351288632606200935e+01,2.956136239314351855e+01,-4.286068789883683006e-01,5.246454052871697415e-01,1.422156789711811253e+00,3.259757942019551186e-02,2.799086786462730014e+00,1.144887242601696636e-01,3.805740782056477922e+00,1.311996069993468339e+01,-1.286731515949019800e+00,2.255609711926701344e+00,4.430659923335280026e-01,1.456031867554101250e-03,3.457142633929607456e+01,1.970054616288286908e+01,2.105783946143655072e+01,3.425392793702848770e+00,1.025650365092673333e+01,4.490549038689661265e-01,7.552715200801639384e+00,3.531526297588285512e-01,-2.910402946447406825e-01,2.680430139908965614e+00,3.269437218430601089e+00,9.949594756858378020e+00,2.957646464054118685e+00,-1.086782296142924764e+00,2.360310625259149475e+00,-6.817569661988137630e-02,1.049481267306878074e+00,5.555622467948372334e-01,-5.366962192912758667e+00,1.079694167135417899e+02,4.775856370873125911e+02,3.640749184757900139e+02,2.553002621052683025e+02,2.842624578559850193e+02,4.108331325986048910e+02,1.702818587201016101e+02,1.947888878161860760e+01,2.802966349866207185e+00,1.545985488903201865e+00,-1.232857039015866008e+01,1.250519254901927155e+02,4.111717338689514918e+02,3.592898102794311512e+02,-9.347577140242803750e+01,-2.596030900621141768e+01,4.721819534856946249e-02,-1.202365955890291715e+01,6.701860729330311628e+00,7.544842416224566861e+00,-4.610963021367012971e+00,-7.171264925809718527e+00,-2.928154949610909799e-16
1.183776441679099060e-13,1.139663691138637887e+03,2.176757073883051135e+02,1.737066240265114914e+02,6.526277247774731904e+01,1.014674386496973035e+01,8.401548115151560858e-02,-4.532627793055844095e-02,1.680927977704419618e+01,1.365310031406462166e+01,1.436165534836159274e+01,7.158556161349576286e+00,1.770636844836443657e+01,1.062103705051438318e+01,1.635525425409865008e+01,2.806400127832360454e+02,4.707581782400245629e+02,2.038457085717257939e+02,3.104036459358602329e+01,5.703320080088261079e+00,3.031495143900108769e+00,-6.769598532329041025e-03,1.569808691169495007e-01,7.551214221821876682e-02,1.620470222279219774e+00,1.730993909365687955e+01,-8.141734791375096481e-02,4.569068522316442615e-02,2.869778502460330838e+00,3.877248120812619714e+00,8.721127037770101675e-03,-2.552159847968478723e-01,3.125510638037722749e-02,-6.600179690095632212e-01,2.205061374815219466e+01,2.110334040911173403e+01,3.594248666637905210e+00,1.007493084896368707e+01,2.536878050287003106e+01,6.454833892690359107e+02,3.356190110263931956e+02,9.602416667740277489e+01,6.786837602781064049e+01,8.922989255884199622e+01,1.018687714156720858e+02,4.034520617909547013e+01,3.563879298180916777e+01,3.452428302227658463e+01,3.001889694280104326e-01,3.812103229635864565e+00,2.682298264776062879e+01,1.770908026307426439e+02,2.718517203449754334e+02,1.112212956073190924e+02,1.086626972905138047e+02,4.869875514106906422e+01,1.729456562561058774e+01,1.795397471889910790e+01,1.249071009375000898e+02,5.456293379466156068e+01,1.241832264732212288e+01,2.026470244607349969e+02,5.161705499628885718e+02,5.947886195597591268e+02,5.950720673421906213e+02,6.121961349445167855e+01,2.183153191004347704e+01,7.506378542082679850e+00,8.291954403758593495e-01,-1.066778350947468618e-01,8.999053422866232665e+00,2.069446341494940000e+01,4.136977215910160766e+01,2.591196424710177837e+01,3.749928673760938747e+00,1.001855195276586308e+01,5.088964609940458850e+00,1.052388377982509393e+00,4.452079316813341592e+01,2.768814598629240322e+02,2.116168582088663186e+02,9.653557620031938313e+01,3.426636219466936240e+01,1.179479137813859495e+02,1.596355219613615475e+02,1.257646315142551998e+02,2.510561617964929226e+01,1.331293154129719980e+01,6.579350978861750576e+00,1.108029304195938280e+01,1.183868948613771455e+00,4.639110025810826876e+00,9.122726456756289792e+00,3.378915292627415301e+00,3.126931216451222539e+01,2.233568093665067522e+01,6.233841850308656507e-02,5.110552751970124374e-01,-1.172380469163430278e-01,7.571463703354363098e-03,2.922956725230622776e+00,-4.935698404184859361e-02,2.496942262109480115e+00,9.786373394553889327e+00,2.645833508440301740e-01,-2.066219785388748176e-01,2.295428160045945021e-01,-6.108819767403682408e-04,8.694274692892662415e+00,-8.989738591037996773e-01,3.495990462921441666e-01,7.134831367254693468e+00,6.148859799112008417e+00,-5.621816584660360022e-02,7.804354249384809705e+00,-5.604258291867080660e-02,1.213494372373905977e-01,-1.795950149443386601e-01,-2.481485677779080301e-01,5.032129600255166757e+00,3.836700283362445507e+00,2.622125986430975941e-01,-1.470828903576509306e-01,5.790746476494896752e-03,-6.737337715551382222e-02,1.464798930577140057e+00,4.723807474363846959e-01,-6.319843536866867950e+00,2.475046211224274657e+02,5.992803677694600992e+02,6.753104058287358384e+02,6.313476261874369584e+02,5.595629032849444684e+02,1.216379372239449452e+02,1.286878250838012328e+01,4.624262566288823706e+00,-5.973951886751958096e-01,7.679738250548655110e+00,3.690298419596335862e+02,6.315890034116747529e+02,2.300441382734516367e+02,2.648116948519668057e+01,2.139351511628141367e+01,1.249626632171322349e+01,4.606291614981693705e+00,1.680367336381430476e+01,1.513236764872099194e+01,2.643795986890361327e+00,3.107738716791084599e+00,1.140160357210569012e-15
1.690900882245025422e-13,1.339340139491818263e+03,8.095930987410780517e+02,1.755592840018353229e+02,3.639386010500690816e+01,7.933524486861239211e+01,2.652150144633173001e-01,2.148752134318714369e+00,9.782038838275134651e+00,9.481740166590691743e+00,1.982655942851480191e+01,1.304771995922115657e+01,1.350959770127196613e+01,5.711099202412357556e+01,1.377696491125202556e+02,3.554538425187676012e+02,4.430682367413444354e+02,1.669432118991814775e+02,2.708098854226601659e+01,1.884739838647093935e+00,1.866894119224776993e+00,-3.268286171859275946e-01,2.298220823410643820e+00,1.455496961578819914e-01,1.541836666760967312e+01,1.209185318346015947e+01,-7.163054248334310703e-01,1.805842469903845005e-01,4.648751062519630439e-01,1.374275609317943037e+01,2.939168983917061009e-02,-5.352951565396194544e-01,-2.128130970016541834e-01,-7.481727285059459609e-01,3.672611924874209421e+01,1.594114829362171371e+01,8.685426834040962163e+00,1.932817869997985483e+01,9.572064767208557257e+00,5.710382034872116037e+02,5.500200928055131726e+02,1.051203040625138101e+02,8.095705312608662041e+01,1.946160326806377157e+02,9.845551974957702157e+01,2.442326519532716134e+01,4.186001269104482247e+01,3.547780724999518753e+01,5.378079274368059437e+00,7.059636323000323621e+00,2.476090429936958515e+01,1.965307678409710945e+02,2.669835467692786892e+02,1.720175559427595147e+02,9.920531883716152777e+01,4.238011841730805429e+01,1.714507463680484634e+01,2.432296638937302546e+01,5.069129536793962387e+01,3.265451548333494713e+01,9.900154118812299942e+01,1.072857617398259009e+02,6.482669920172952516e+02,7.878721487416059972e+02,9.449260975254069308e+02,2.768606879399912373e+02,1.485826318482060060e+02,1.506379839615469152e+01,9.224155192671087633e+00,-1.029156088615490017e+00,7.541288314729200692e+00,2.796467911447881249e+01,3.183839261884702054e+01,9.262549203091177574e+00,1.578563266135922127e+01,2.727578626877049928e+01,4.054016024659382111e+01,2.720019717377124735e+01,5.650500510531642817e+01,4.259684653022308680e+02,6.468582086217295455e+02,1.200248785728216347e+02,1.175649512479313046e+02,2.648736535231775520e+02,1.528461594047078336e+02,5.301310829423286464e+01,9.122923920857639146e+00,4.158084171674255813e+00,3.095583264119159961e-01,9.769923439448703562e+00,4.325599194912651768e+00,5.233421628014111704e+00,9.140047503563415887e+00,1.447231842222938214e+00,1.053414612276198703e+01,7.293899711907779526e+00,5.230428234622085393e-01,5.310980206231034895e-02,-3.977993711258466236e-01,5.215250572222370762e-01,1.800158983565506965e+00,-4.730493455231541966e-01,6.691282068876597267e-01,7.723639289430065169e+00,3.148340310638784612e+00,-1.019111536397812046e+00,5.464840064765688510e+00,-5.822879521048296078e-03,7.405143528612639692e+00,-1.918100735706932403e+00,-2.046322506419842924e+00,2.792608018651769886e+00,6.428248298162841934e+00,-6.749713589294621396e-01,2.740815023610041035e+00,-3.543663199895950577e-01,2.431846613073952224e+00,-3.900313676794755491e-01,-9.434932059996927745e-01,1.169304647497487970e+00,1.682239537562494114e+00,3.380754864156841677e+00,-3.026214142359923698e-01,1.066633658633858207e-02,-1.805728203126750753e-01,2.463263988494516887e+00,1.029379866784394970e+00,-1.389060104921720651e+01,6.005051721040134538e+01,5.721298696646442750e+02,8.972207226408513634e+02,8.326994840568981999e+02,6.138916603392616480e+02,9.889513057252219141e+01,1.480958850055086273e+01,3.524654631830999918e+00,5.919301965166321011e+00,1.256731154245105273e+02,5.919400434750795057e+02,4.445909247112522849e+02,8.202609735798904467e+01,3.359110623561083031e+01,2.489491503108782666e+01,1.641474333597827595e+01,4.305130805079222966e+01,3.280356787507288630e+01,3.338542135777218789e+01,2.621977131873671141e+01,3.297924179727030491e+01,3.768837197623500941e-15
2.041465075431834141e-13,1.318293167766572878e+03,1.391964054588205954e+03,2.619064494605912046e+02,2.228180191010866551e+01,1.355966858264977191e+02,5.611206521863287833e-01,7.886048409937960635e+00,1.028564192198376404e+01,5.035659082084961824e+00,2.123624453954285229e+01,1.773628719570649537e+01,3.312760053169705010e+00,3.547033783947890839e+01,-1.072304275746999451e+02,2.081066308259538289e+02,6.231614506642146125e+02,2.714519801453553214e+02,2.446986636008678317e+01,1.635564540764933017e-01,1.842323082010780766e+00,7.360285120571028461e-01,2.470625298182434371e+00,-1.400943268455983638e-02,2.504978466230079448e+01,9.316573692550079500e+00,1.422093218194943942e+00,-2.244600928691729558e-01,-5.805869571022508058e-02,1.369143086319026814e+01,-3.099082169984452434e-02,1.485903237702990431e-01,6.695681906905462943e-01,-1.069839383059490778e+00,3.534049129091962982e+01,7.993304841471162270e+00,1.892816152028707322e+01,2.687048648945121698e+01,2.143662389795141010e+01,4.672156049177018531e+02,7.324348450476774133e+02,1.755492687555202167e+02,6.726646732329497524e+01,2.954600565010414357e+02,1.970766993779423899e+02,2.948134821434036823e+01,1.284329857930991103e+01,2.601161261720552176e+01,1.030260486020400457e+01,8.274700818089844034e+00,6.048083970025557221e+01,3.737740138213815726e+02,7.804233071924787737e+02,2.110994944599593168e+02,7.521832057501941904e+01,4.505269454710466448e+01,1.247082979931159308e+01,3.380654625620331188e+01,6.306373263901006609e+00,3.884105053469608038e+01,3.072682049781212754e+02,6.087411310185626689e+01,4.579492881208536232e+02,5.641496156146023395e+02,8.617010267690287719e+02,5.731158134550071281e+02,3.746129339555457136e+02,6.628630642098003989e+01,-1.756402689415533303e+01,2.108343288839609198e+00,3.490329748821180633e+00,2.474313197622894478e+01,2.214775131095696636e+01,1.884072077759241282e+01,2.399935978202007902e+01,2.012994311415477000e+01,3.963028616879275745e+01,9.660100605348404201e+01,9.638030656219849845e+01,4.924967246257013471e+02,1.028503526989489046e+03,4.057607342180077126e+02,2.308282573216758919e+02,3.131426360575260333e+02,1.043561598836519835e+02,2.275541181102580879e+01,1.173382994482839337e+01,3.848397468432370072e+00,-4.342295863937925549e-01,6.002880947530308653e+00,4.404402320499821499e+00,7.252537474269330708e+00,8.106476301396631001e+00,-6.246452012597463188e-01,-3.253157644639041557e+00,2.510570372534692840e+00,9.830050599454480675e-01,2.487064984231439069e-01,1.444830501050083482e+00,3.351225391013648469e+00,2.860997705805595759e-01,9.749802772693846320e-01,1.266767374029471871e-02,3.234369326964333879e+00,4.258714713587497869e+00,1.600014159878192954e+00,1.325520100696215486e+01,1.095833360497088307e-02,8.002679563531224005e+00,5.994432336721671195e-01,5.358506900402285611e-01,-6.790679903342186075e-01,6.588461211292235831e+00,4.487219683595068176e+00,-8.479283828286161562e-01,6.125920741388989343e-01,6.401407125826816369e+00,1.357178808844933526e-01,1.256425496562459054e+00,-3.314819348038935964e-01,-9.532980835463970015e-01,4.497058419435614240e+00,7.192233286557196681e-02,8.204982913138912941e-05,1.364434305969637606e-01,1.904025674810953417e+00,-3.651384733524153936e-01,5.184363285111933450e+00,-1.720949546526612295e+01,3.312270042486620127e+02,6.555770035901588244e+02,6.879857312054506338e+02,5.089340126161275748e+02,6.399955022496467905e+01,7.049282870862580985e+00,6.324094720139338932e+00,9.045254142948232357e+01,3.360258977081721241e+02,6.216410897793865615e+02,2.028835151238508558e+02,1.694226590864589355e+01,1.452744227602313565e+01,-1.777972389005943787e+00,-5.222774797564381011e+00,-8.063293404759699001e+01,-2.952443082410033171e+01,-4.975570198866255822e+01,-4.947422650097568209e+01,-3.493163689905514246e+01,-1.848525059916551321e-16
1.852419316463323828e-13,1.149907516346244847e+03,1.571330076004041530e+03,4.749598841773565709e+02,3.889313865606101217e+01,1.308504479940317822e+02,5.710220779992416062e+00,1.438902724587905979e+01,1.601764113588465932e+01,9.369253590106939811e+00,1.533842443946094747e+01,1.345794874644763439e+01,1.081626118707177930e+01,4.334957981725005993e+01,-1.586768474467347119e+02,2.365421904780860700e+02,9.267702638586176818e+02,4.511260985102321683e+02,2.060198131512336062e+01,9.885438491021077967e-01,1.329858461772987388e+00,1.098359893155588907e+00,3.577115513765631860e-01,4.229494851256810489e-02,2.168132998675843126e+01,1.073277277709996369e+01,5.619798848185800999e+00,-2.742896456569718922e-01,5.545334597140545024e-02,2.473005929549035642e+00,-3.589784381144770636e-02,-2.380408738987367483e-03,2.346664408927982670e+00,-8.850052200604372477e-01,1.768838125430631081e+01,1.341883893307391551e+00,3.092474105540307505e+01,2.680180947654731938e+01,1.814283782275976975e+01,3.503976777965825704e+02,7.644071085754034129e+02,3.132168725884544074e+02,3.766840658964319033e+01,3.062900897179848698e+02,3.477322522573390984e+02,6.443760668111347911e+01,7.366104584833633062e+00,1.993716348063038879e+01,1.223123964963256327e+01,8.617499589140154015e+00,1.392169672812568422e+02,5.911906556093820200e+02,1.784904715750011974e+03,2.247496178228435042e+02,6.462146889374920988e+01,4.618426314033883529e+01,7.633899406901132778e+00,2.756403460520619220e+01,2.685151424300337153e-01,1.029581029803121908e+02,5.158431549644940333e+02,1.284182713542306544e+02,9.150410374283980275e+01,8.627673928674353476e+01,3.878845676064173063e+02,7.206267871934154527e+02,5.798000919185454904e+02,2.190559430171444433e+02,-9.281657515127136548e+00,8.933509979596170325e+00,1.409036191122743364e+00,8.732832581586569276e+00,1.445427138234923881e+01,5.706052430167816425e+01,5.868489798441072480e+01,1.682877652616624786e+01,3.514975840298176024e+01,1.937061097064934927e+02,1.523010286707789191e+02,4.081533870152620125e+02,1.007450290076587521e+03,7.519872422995811121e+02,2.828852131453480752e+02,2.140710581943117745e+02,4.627083337581780853e+01,2.732169571159978361e+01,1.130838049192875339e+01,1.086558018744320897e+01,-6.933103159573908991e-01,1.956621189503948033e+00,1.225740605171625308e+00,9.251161127957502117e+00,4.996908983898499024e+00,-4.063687466658301717e-01,-1.058746416150491809e+00,1.146662065461283042e+01,1.361370980578230139e+00,2.160121917093374311e+00,4.118726627650590721e+00,7.340983528816116710e+00,-2.217197254283847507e-01,4.381377151302721984e+00,1.906182763570854144e+00,-6.705466898464462755e-01,5.211820401343845610e+00,6.174835493831078992e+00,1.864056238643125241e+01,1.471554658990170857e-02,2.793102659277707289e+00,9.720392451607631767e-02,-8.956606186519917856e-02,3.531052787888448730e-02,4.171488152554142737e+00,1.337370934147139323e+01,-2.704751757707424820e-01,1.799316559328008047e+00,1.062370287441520667e+01,4.158217819402839494e-02,6.108375236387622031e+00,-1.054030378751389246e-01,-7.111799262712853453e-01,2.846145722693965041e+00,-2.040938186831690176e-02,4.849017073024155036e-03,3.383796418112434146e-01,2.166606576720314647e-01,-1.207095156265184516e-01,2.833373752226719056e+00,-5.464149872668568442e+00,5.186412175940438374e+01,1.337198487729974943e+02,3.155463346570152225e+02,3.323896903942219296e+02,3.203374308069312804e+01,-4.019497887536751524e-01,5.968382073350453787e+00,2.366317078426214380e+02,5.755906810572711265e+02,4.611570354290494720e+02,1.086672335812946528e+02,1.508132806484586652e+01,1.783114485882004630e+01,-7.500368236236251818e+00,-1.288473643162677540e+01,-1.081879860068250139e+02,-4.273702715685012521e+01,-6.047557720475962384e+01,-5.436694439177328775e+01,-4.112290154645806695e+01,-2.564883192267373237e-14
1.103143917377528764e-13,5.904964734318338060e+02,1.146642761135349474e+03,6.905471531816604056e+02,2.364756699544330587e+01,7.516744294478512245e+01,1.897503637780339503e+01,1.758571480034402157e+01,1.257902413293888166e+01,2.558836070666946583e+01,9.931409072971212337e-01,-4.336710034469525077e+00,8.283041814893658739e+01,4.073206786985122108e+02,1.582945618174203446e+03,1.549483614265228198e+03,1.014924232091185331e+03,4.538409246146008513e+02,3.979826235485576458e+00,-4.827110314582646389e+00,-5.937142451899647178e+00,-4.543265373607908053e+00,-3.573687530195967382e-02,-1.934237311859773878e-01,1.411227393896037619e+01,7.431015473076774569e+00,6.558714758820505253e+00,2.089413258499877468e+00,-3.335942021392628853e-01,-1.985096317780172814e+00,1.643477608300122628e-01,2.528717217220053937e-01,1.102691230099960729e+00,1.911893665875171777e+01,7.020961067657307098e+00,-6.102217039781685642e-02,3.358628491025515217e+01,1.800194491383315665e+01,9.594879023126544837e+00,2.218930340889423007e+02,5.612037641498516223e+02,4.194027509479836340e+02,1.530720265252853665e+02,1.939243637252681651e+02,3.758264869717808665e+02,1.287709249270961891e+02,1.743774552110886873e+02,4.390964354845026207e+01,1.188468260766062912e+01,8.945036439932062322e+00,1.825633896465512862e+02,6.074779571737094557e+02,2.416011939116062422e+03,2.450092343572091522e+02,1.168929794048621176e+02,1.635215626212869822e+01,4.685935936504058041e+00,4.137993397321903188e+00,3.113968347940176074e+01,2.291210200494343781e+02,4.418571608951524468e+02,1.035559637934931629e+02,-3.879656968808622963e+01,-7.731434029118359774e+01,7.395897982915703039e+01,4.038803738110736958e+02,5.403139474848194368e+02,5.164136995153119187e+02,2.135439993933825917e+02,1.319799160649769121e+01,4.119756579712157141e+00,-1.397950550743381548e+01,-2.306098752906787563e+00,8.223583856208070131e+01,1.878622525342258029e+02,1.191864539382099508e+02,1.691304554238193703e+02,2.594703880042881110e+02,1.477448846472637456e+02,2.044063986968270115e+02,5.068270778589857173e+02,4.878419486445750408e+02,1.609131134915554640e+02,8.533743795733713000e+01,1.350325692497684571e+01,2.024575367263765457e+01,1.143088918331639725e+01,1.496393942665141985e+01,4.237203147593502806e+00,-3.810193260596614340e-01,-1.333463081201760714e+00,1.054644371729329499e+01,2.049754740644074147e+00,1.839387044552836636e+00,1.089929465778300521e+00,1.810222442002318388e+01,1.063979765671637434e+00,5.940353168237517245e+00,4.365495988796210369e+00,7.991024208758057412e+00,1.501021823401183397e+00,7.018403418961188578e+00,5.962712393063341665e+00,7.432315806904072453e+00,1.195198496583414638e+01,7.798616402213513155e+00,1.664100792833474074e+01,-3.384703379682797025e-02,4.676820192109751417e+00,6.328894301132984568e-01,1.706944528182864573e+00,-1.301374721286452818e+00,1.496986615585791380e+00,1.458554091108386253e+01,2.513717968006110026e-01,2.760162080687932340e-01,1.274800840897550103e+01,-3.003660717620719109e-02,1.320605127815129620e+01,9.627548603250296599e-02,4.716889468791983120e+00,1.557294990335786222e+00,2.372647913357010807e-01,-2.879206152213700104e-02,2.572050897385452783e-01,2.420352869320440137e-01,1.335162104292976493e-01,-4.807496010592758329e-01,4.950343269709306604e+00,-3.414799555590266067e+01,-3.324830480432014213e+01,1.549495362344327702e+02,3.039045848359547790e+02,8.568661449165959709e+01,2.976090952904453246e+01,-1.352419232386594139e+01,3.176815612347969591e+02,7.278996104764339634e+02,3.166139026564761139e+02,3.753390136702648761e+01,-6.507465140717559393e+01,-9.098916683342905287e+01,5.055599874834449281e+01,8.161021012819698228e+01,6.651689540675166654e+02,3.435079142854634142e+02,4.606761676413113946e+02,4.685710112694641793e+02,4.549014181931639769e+02,4.894010779634567797e-14
5.385818809024852271e-14,2.381527914650481392e+01,5.878748993125080915e+02,8.118198355849938253e+02,5.863751508163127113e+01,2.438435628178182313e+01,-7.885884232801435578e-01,1.258100587816411853e+01,-1.106362662293491006e+00,1.872824325023146486e+01,2.615775652603754509e+01,2.414526742658034308e+01,2.371258852150175471e+02,1.006702517898399492e+03,4.066729978622437557e+03,3.178505521866688468e+03,8.651865974028439723e+02,5.435536068247953381e+02,8.372627956656879178e+01,1.205750712360490340e+01,1.707936002473966264e+00,1.347918317983734182e+00,-7.838650541078383271e-02,1.129365515029444156e+00,8.517981182360955472e+00,1.570950790453062629e+00,4.167048681820800127e+00,1.008638953460167009e+01,1.294107162633163499e+00,1.425843703257759221e-01,-4.744820151196722791e-02,-8.680204835287873288e-02,7.494247632731172726e-02,4.814831568120722949e+01,6.619698563913199330e+00,1.298489827449795131e+00,2.483061297133709289e+01,1.787675086231294586e+01,1.993339967890924314e+01,1.311841911763609971e+02,2.737370366977926892e+02,4.531211927887651996e+02,4.216321976466667820e+02,7.192149404010352498e+01,2.576384273916481220e+02,1.720705051738858060e+02,4.091634036160843948e+02,8.752701089662788547e+01,1.085649380675188169e+01,9.089387102255287232e+00,1.526807997484463613e+02,4.206803081132941884e+02,2.118189239267668654e+03,3.181797917652745582e+02,1.690227245947795041e+02,2.488863463279968613e+01,8.374733401275863187e+00,9.358224492564092500e+00,1.071341299281409505e+02,3.243037493411986247e+02,2.269112361933744637e+02,2.370285406579711562e+01,1.204633593697528759e+01,4.868909704378763692e+00,7.721077769625419585e-01,-1.712531272668720206e+01,3.267897390158771032e+02,7.477005078359218260e+02,4.802648762820693946e+02,1.997042684216604513e+01,5.084533463111417184e+00,8.039631358428572128e+00,2.585787107303447740e+01,8.424649637985682205e+01,3.381399187763128111e+02,3.330992580459802639e+02,3.838099442397837038e+02,2.484049329360875333e+02,1.064718176512333230e+02,2.264914618306500671e+01,-9.266941773976826724e+00,1.432179859154952606e+00,4.305647673391838626e-01,5.577902429732710665e+00,4.190827579058813868e+00,4.064451772871927382e+00,9.792301796584570894e+00,1.268436875871958058e+01,9.258385505530908333e+00,1.384658699476672417e-01,3.074158786406289146e-01,9.907145040952542558e+00,1.037463066368770059e+00,4.994924598528346138e+00,-1.004459971980908861e-01,1.694824224012526770e+01,3.027104296117819060e-01,7.392245487981856655e+00,3.631332204511850126e+00,7.407981520164057088e+00,3.499492962773329996e+00,7.535131016354251088e+00,8.183861186124698150e+00,2.314055828050457464e+01,1.632705438420246580e+01,5.603481922429938145e+00,1.234186334632872395e+01,4.872078189943300774e-01,9.397729925131253381e+00,3.052318490500128600e+00,3.548722273011394091e+00,4.419294891501208133e-01,-5.415695451323360859e-02,9.665081662230051052e+00,-1.630209889529575171e-02,1.990372250540663190e-01,1.195362604095546111e+01,-4.699641989688272152e-04,1.836839420366811382e+01,-5.770992876895877054e-03,9.219217582413891776e+00,8.934861382915438854e-01,-7.670023913039940300e-02,8.796155242495275542e-03,-2.059223693611553219e-02,6.199504947632180629e-01,-1.465045952862826552e-02,4.309226682652198687e-02,-2.850923002892491454e-01,7.983230943328402773e+00,5.836502108973291314e+01,1.663713100304451018e+02,3.193589068390928105e+02,1.185583078092485039e+02,1.267074792731300192e+01,1.889998817138388532e+01,2.695036988695157447e+02,6.911806042940637553e+02,2.067600312958008715e+02,2.006569454793121565e+01,2.215658827462321412e+01,2.841803166940232472e+01,1.729317634921558522e+02,2.119066827319750814e+02,1.768602393260089457e+03,9.938247379896353095e+02,1.186730286507132860e+03,1.195867340152870838e+03,1.150913611227461388e+03,1.234594011950355837e-13
4.367106075512761319e-14,-6.462855375805695246e+01,4.571802614849815427e+02,7.918130405034430623e+02,2.165737334828232861e+02,2.266556002773699063e+01,-4.982710079835153039e+01,2.562103037568278197e+01,1.003552318542426924e+01,-3.322889477462016572e+00,1.371897651045305793e+02,1.530969517673645726e+02,4.151890667966945330e+02,1.426617768005079142e+03,5.122433306588324740e+03,3.474745596710350583e+03,6.202955604312854803e+02,9.916318622925515456e+02,3.245053386783385463e+02,6.621084651080299466e+01,2.980325661615992061e+01,2.406068370113018062e+01,-1.432517832056884544e+00,4.398532272200842641e+00,6.795412135655139352e+00,-5.408154042626527325e-01,1.151528073606709057e+00,2.208345577538680615e+01,5.553386040316379280e+00,7.877110720463891269e-01,-7.048229092756181924e-01,-1.331109189004995086e+00,3.265905171788696215e+00,6.161844275086505718e+01,9.553338618211505207e+00,1.350892757725889570e+00,9.733237429219753878e+00,4.080314287220392089e+01,6.415219796903521399e+01,1.184785924411662705e+02,1.089289898967782335e+02,4.179304207666814364e+02,7.175825588080542730e+02,8.444188931874711557e+01,8.023462738974609465e+01,1.446208816982848191e+02,5.026194851348845418e+02,1.168607261308244176e+02,1.037944304888644353e+01,8.343886648936292616e+00,6.112255278618761167e+01,1.737359546907375716e+02,9.208474795992034387e+02,4.604580423878226156e+02,1.511118296981894105e+02,8.764212066622943098e+01,1.764257778617053773e+01,7.871147336471530309e+01,2.305574357736266222e+02,3.098441493539317548e+02,1.367141381894723793e+02,1.110213813329726484e+01,1.460993446812381613e+01,2.242901046967526213e+01,9.844649215137444287e+00,-5.683442923061133456e+01,1.361655749965265727e+02,6.772691228970177235e+02,5.661499344131289035e+02,4.132275725912295883e+01,5.149162954131157655e+00,1.034014714530723893e+02,1.459151150785505990e+02,8.576778957300030015e+01,3.957231476481194363e+02,5.670321336200291853e+02,5.151758069726292888e+02,1.512737394587145161e+02,8.255336629618415145e+01,-1.081958377677939964e+01,-5.524101521463755660e+01,-4.692136169131919843e+01,-1.750371403365559431e+01,1.157952445049302170e+00,1.315007108695709359e+00,-3.443966694018060770e-01,3.919999913183269236e+00,5.825546406601440630e+00,7.401475013079588550e+00,2.977331566583646616e+00,6.364572131550570333e+00,7.044308174895242303e+00,2.925352539506353988e+00,7.697956866632002182e+00,-8.445642362604777187e-01,9.801228804640894410e+00,-2.068575011083102766e-01,3.019835013508423760e+00,4.318998448563853287e+00,9.143621815304550537e+00,3.330017602830034562e+00,6.546370542545631999e+00,5.384562721754083015e+00,3.354389762950896881e+01,9.162761948291066716e+00,1.597109082925147083e+00,1.259113810853384940e+01,1.817283299037508293e+00,7.843598116453391000e+00,6.972258073615688723e+00,1.285397108079736839e+00,1.169631556020131491e+01,-1.757852283476172561e-01,6.202064275461665943e+00,-7.207576058569510613e-02,5.411733621995568733e+00,9.145445215848544862e+00,-3.461317389805517591e-02,1.704153527029420090e+01,-1.915418621773225250e-02,6.198155300232453868e+00,7.969298511299589549e-01,-1.164136462243356096e+00,5.637012831182636186e-01,-1.957626433733912208e-01,-2.717200055260377556e-01,-1.453960509561148806e-01,1.458869369228614488e-01,-6.464494638289083328e-01,1.233117468962330321e+01,4.702749069911696722e+01,1.264525067877495417e+02,2.421795289759278091e+02,6.359630653213858409e+01,-7.111933622365003771e+01,1.649252173725178636e+02,1.322672042735601963e+02,4.408104272887366619e+02,8.619474229156817557e+01,1.230329612685846712e+02,5.545096184160737494e+02,6.997433234497647163e+02,3.142136394099837275e+02,2.563299803344218617e+02,2.239115138832786215e+03,1.460368709271423995e+03,1.479554061473368620e+03,1.492037913684571095e+03,1.438564992993680335e+03,2.105098967890400054e-13
6.165911704756591494e-14,3.884000631943453641e+01,4.932292678957423391e+02,6.850144353775540367e+02,2.893384333007212490e+02,6.195881963290744032e+00,9.116454097820596303e+01,1.821597541871231556e+02,1.710139598577919458e+02,1.660411914432833669e+02,2.904095615506076911e+02,3.081308532649204039e+02,3.681513828800333954e+02,1.099641328714111069e+03,3.621621673808118430e+03,2.222273451986608961e+03,3.928354487791218048e+02,1.201623677954888080e+03,4.470087858964581073e+02,6.179866312260895711e+01,-1.185974038603141700e+01,-6.872555719200915014e+00,2.867675629161241080e+00,1.506722832959837000e+00,3.413705150281487022e+00,8.377718077815010655e-01,-2.240602573257479968e-01,1.925679915489266847e+01,1.209711570556252891e+00,-7.076169735043763565e-01,1.304645076934516368e+00,2.471284215155017172e+00,5.497154170077489077e+00,4.403722876737128900e+01,1.220065018871970608e+01,1.899831245303388538e+00,3.335918283925761729e-01,6.029325081581072254e+01,1.087131300071147564e+02,1.109415121476740183e+02,5.603242565678596065e+01,3.522547852711487621e+02,7.609863289802902955e+02,2.289940352069113487e+02,1.793484213344571288e+01,8.339767700738127587e+01,3.532200206029373248e+02,8.745725196349577857e+01,9.395555433777522225e+00,6.014650284674108782e+00,9.151210475108262354e-01,5.583272811091591592e+01,1.240969539598242619e+02,5.699291910732580391e+02,1.652951839540855303e+02,-1.061244765658598794e+02,9.034077124707177830e+00,1.358577410230900000e+02,3.653997264354413232e+02,3.147704196974542015e+02,9.978853608378430806e+01,1.992178526257000826e+01,-2.725828366960997950e+00,7.480307078225420625e+00,1.943490051372556593e+01,1.819755631426161102e+01,6.033691799196105165e+01,4.212667310714542737e+02,6.741937834814622192e+02,9.200265249967422676e+01,4.403763403140958843e+01,1.523350788982426707e+02,2.708043304249362677e+02,1.563700422932465415e+02,3.628847936188180938e+02,5.890533994657365611e+02,4.113480230843259733e+02,4.903244641439851392e+01,5.138289802988009569e+01,4.531141588684164390e+00,3.138790623151886905e+01,3.414395831502334744e+01,1.061149708199230624e+01,1.274883551528619208e+01,1.626114651374792164e+00,-4.660781172946871359e-02,3.294695513952590638e+00,7.237931068343029795e-01,3.347658580273219719e+00,3.603995138906216589e+00,7.220936037709443589e+00,5.670337980272913470e+00,7.120047592464107566e+00,8.970701343624876145e+00,1.293110632037175467e+00,2.043339250133012541e+00,4.654348584459893079e-01,-1.082118444750023167e+00,3.788129989030066813e+00,9.950261095400382061e+00,2.391473570483931166e+00,8.325395346267397301e+00,2.954810670883738055e+00,2.632834037842317798e+01,2.346611264049293322e+00,-1.652695954544217416e-01,1.282177711410085053e+01,1.863413981409442588e+00,6.432056056717467385e+00,1.447846028976528032e+01,7.620868425452856365e-02,2.274674867986949423e+01,4.920072744360195344e-02,8.245538162097931334e+00,1.438333724817360271e-01,6.603634307163990691e+00,8.043213461591879110e+00,7.039133134853299556e-02,9.975388262575473064e+00,6.136070599671876805e-03,1.704093881629276108e+00,5.305557215801025350e+00,2.213418786681431438e+00,2.855103267456778671e+00,2.913175508063103325e-01,2.446750526221761035e+00,2.651810671537873088e-01,-5.186953075811739228e-02,8.465228771050948842e-01,-1.667184239242692323e+00,3.591131434652452992e+00,6.685091818813255315e+01,3.899632739303831386e+02,3.038393543676432387e+02,1.742954992002791528e+02,3.073061642738028354e+02,1.629928759015475919e+02,1.728527544907741458e+02,3.959533651838361834e+01,2.330637277314463063e+02,1.236849866320705360e+03,1.362884788047575967e+03,3.526684885470211270e+02,1.841060067929333854e+02,1.588005819308695891e+03,1.148940810290882155e+03,1.074130561814414932e+03,1.082065063728652603e+03,1.024356005384709306e+03,1.217055349202513584e-13
6.993466077836550089e-14,1.040072525937847132e+02,5.287382205319512423e+02,6.675828553873300280e+02,2.766323115084695701e+02,6.740971422878998531e-01,3.757730030305611990e+02,4.618964269918946002e+02,4.484394090165687317e+02,5.139627608292138348e+02,3.929050851160644697e+02,3.826732643048303544e+02,1.025031529263395669e+02,2.108766295043677985e+02,6.445723850418679604e+02,3.627613106143945174e+02,2.494606857764844960e+02,9.440837370639161463e+02,4.957368431078611479e+02,9.085206325792769633e+01,-6.633336750093310918e+00,-1.717151236554021310e+01,1.800166731447452761e+01,8.168496785913377245e-01,8.383597748842632758e-01,3.003400512216308993e+00,3.060644185911696666e-02,2.760745551922895391e+00,1.586524478979959962e+00,3.798130790382762356e+00,6.329666414856498946e+00,1.156034108044121922e+01,3.985010394064914419e+00,7.535362406550030201e+00,1.221968837533936636e+01,6.776039291633226824e+00,1.607862025749292378e+00,5.597401044543905613e+01,1.239242525564233404e+02,7.819602497323124624e+01,5.573530495253518779e+01,2.635976512892066239e+02,5.038960165784033052e+02,4.549522619959678309e+02,1.203967410456262570e+02,3.357854639608279257e+01,6.765206671601575295e+01,1.661341414402532379e+01,7.031985912045607634e+00,3.435333810079465700e+00,5.259469865346567907e+00,8.580176722891570762e+01,1.856865100341774450e+02,5.694180551891975028e+02,3.179732286908351853e+02,-1.086985497540874093e+02,1.552516532003989624e+01,1.386575509368924202e+02,4.116497981179988983e+02,3.709872357114129500e+02,5.701874286426347993e+01,1.250403246744032693e+01,-1.355684493316116734e+00,9.150633924418341891e+00,5.778629714691368768e+00,6.886652789245585105e+00,7.623653209436700706e+01,1.551520759964399758e+02,7.812104315446033524e+02,1.785222769299477079e+02,1.207303370427495963e+02,1.406791548551234996e+02,3.688991402375662005e+02,3.059038450285809745e+02,3.346388812457318522e+02,3.965101095805574687e+02,1.548898660894608952e+02,1.306976339768114848e+01,1.269764567298391356e+01,1.120439824556075381e+00,1.680005650640446291e+01,9.411101580424601210e+00,8.967621325797795251e+00,5.391819137162502606e+00,3.507260469955050919e+00,-4.044844725140545050e-01,8.899666590251362308e+00,-6.269184443957885600e-02,1.030419378196375080e+00,1.045530300303720850e+00,1.444173614945749584e+00,5.996283694651403096e+00,1.033869871343024194e+01,7.892051432888858464e+00,6.614887736606206659e+00,6.610021067157575425e-01,3.405981732511456084e+00,-1.881883481082868154e-02,2.742710302342256323e+00,1.173873685027673197e+01,3.044779316513232637e+00,1.296077361114673998e+01,3.836302818757525213e+00,6.061374915858373846e+00,2.143258260370568546e+00,1.680261333157852643e+00,9.950707422479545983e+00,3.434715749965729925e-01,7.553140348059760534e+00,2.276344633630363390e+01,4.049000411175600611e+00,2.511770450279980693e+01,8.015470054643149614e-03,1.298157710161045841e+01,4.092666289965812609e+00,1.307443703304043359e+00,8.420405870037807716e+00,1.154281468539335581e-01,1.571642481016122916e+00,2.326883786661701568e-03,1.023166900036031612e-01,1.180936359539128233e+01,1.268415572619556286e+01,6.646333226247855386e+00,4.525320025433033910e-01,1.070054117904321522e+01,2.388141937564013606e+00,-2.735230023491376158e-02,3.424878293091806469e-01,-2.121728042384074087e+00,5.593353304510435109e+00,4.816571941338378338e+01,7.971931723910789742e+02,8.867060999934863048e+02,7.598586666063749817e+02,3.776560296051546288e+02,4.410261975356057746e+02,8.347365850159954448e+01,6.365024672580843657e+01,2.654687567015188847e+02,1.638277691323155295e+03,1.481290910034278795e+03,2.505849402499062251e+02,5.188234735992778468e+01,2.898720736129155853e+02,2.428842485391880643e+02,2.814845991987817229e+02,2.704725231617445615e+02,2.082859916920398007e+02,5.158002812428668361e-14
8.534620367507403619e-14,1.950736712862247373e+02,7.251573476992665519e+02,9.806445575236950845e+02,4.814522282988236839e+02,1.595078523329522682e+02,3.970375330783751906e+02,6.343739038647885309e+02,5.880895126993007125e+02,7.001068542265446695e+02,3.291229536395113655e+02,2.821284262154458133e+02,-1.927241425235598626e+01,-1.290886946493790504e+02,-4.435046048574113797e+02,-2.368387384644594817e+02,1.923929584429361057e+02,6.746157612756430808e+02,9.618221857334854121e+02,4.834942956158294010e+02,4.032975508106412690e+02,2.455077742281405335e+02,4.615550341217969077e+01,2.793040738299481163e+01,1.111138961829589888e+01,2.368816582901599244e+00,-3.384839269831096398e-01,9.806911440798655732e-01,4.723219075142559831e+01,2.805413706604843682e+01,9.975895306705673704e+00,1.724469948358105853e+01,1.545847952164133732e+00,-5.984122052205541387e+00,8.539244439185113222e+00,1.972786434231020891e+01,7.403057048233666393e+00,2.922730406162327554e+01,1.031042937984869639e+02,7.104538516570116258e+01,4.891546317847141268e+01,1.198012827955106161e+02,2.330101399697199724e+02,6.811581324994718898e+02,2.571993702538612752e+02,2.433293626782240082e+01,-3.499104645131195923e+01,-3.764713432408977489e+00,3.412938594774657108e+00,3.991183252157848749e+00,1.054044594665185919e+01,6.396651406963262332e+01,1.780103403257494108e+02,4.592178709031926473e+02,6.575010719383039941e+02,1.412935161037925354e+03,1.458712994825853286e+02,1.225535164875835790e+02,2.394686197001865366e+02,3.544557722971970293e+02,5.360109712563844653e+01,7.022601210192473964e+00,1.332787049221998865e+00,7.041268845207759419e+00,-1.743752773384010357e+00,-5.476634947383924867e+00,5.122446877274616384e+01,2.107183067396579190e+01,5.111470424585842238e+02,2.908893225079803528e+02,1.795429036906506610e+02,2.233715938385406616e+02,5.112695141575543971e+02,4.583506137812684074e+02,4.664428625488262128e+02,2.957630880431858031e+02,9.631181379021207078e+01,6.816016918992002616e+01,1.343067216855014578e+01,1.124098232981734569e+01,1.860363077166864443e+01,-3.488829551905229032e+00,3.481900865789152366e+00,-1.305533664399332494e+00,4.052433905359109190e+00,2.497959288670651201e+00,8.481426925674290018e+00,1.226148939592828016e-02,1.558699827743015576e-01,-2.552516523234703572e-01,-1.020834826768716487e-02,3.220728922583555587e+00,7.075803425112838774e+00,3.873328791207235611e+00,1.264185531893630277e+01,1.257111051553763303e+01,9.502985713690105030e+00,6.387686696027407685e+00,6.688182175146078379e+00,2.326752999935218824e+01,7.367692569203145858e+00,1.452166482028365202e+01,5.517050325156768409e+00,-2.790280121272905589e+00,2.015400086498522203e+00,4.305767837827899847e+00,5.962741312701111518e+00,-2.378785531948373333e-01,4.792425123690172484e+00,2.275265658668396540e+01,1.261322188617251250e+01,1.726826944642366968e+01,4.143205410515477666e-02,1.067459843117098117e+01,1.820127310642255836e+01,-1.103227568497878286e+00,4.834471062850977496e+00,-4.920879622016822164e-01,-1.210045895042469510e+00,-1.871919968754277635e-03,2.999390731702625823e-01,9.246556955233030450e+00,2.691125790561318354e+01,9.797486142770203799e+00,-1.903023111886122498e+00,2.038389660944946158e+01,7.524889793641591496e+00,5.656944706588055982e-02,-5.683835457428588755e-01,7.268489662581863797e+00,2.188196525872229614e+01,9.569090797097928203e+01,1.026947421266827178e+03,1.303165634062286017e+03,1.101517579111440682e+03,4.202125013574359400e+02,7.558147983441020870e+02,2.745207705863474530e+02,3.578113870331218749e+01,2.498851036387667364e+02,1.376716193667504513e+03,8.696816997738225155e+02,1.025291061390282863e+02,-6.458348994058538572e+00,-1.889425384789618647e+02,-1.186961594430908775e+02,-1.998101292076139757e+01,-5.988636842492211798e+01,-1.038812118193725098e+02,-2.962542604925548313e-14
1.111240532052689470e-13,4.607198809563678310e+02,1.027265966183939554e+03,1.173906154133357177e+03,7.055568093173075113e+02,4.264938306597421160e+02,2.695068050621800921e+02,5.805919420835730307e+02,4.833120011738627113e+02,5.762100763226684421e+02,1.662664731289762585e+02,1.082408552080886608e+02,4.700568263184171869e+00,9.778239277041192778e+00,2.025548749987001784e+01,5.452579557019549128e+01,1.066418035359812109e+02,4.378111191125959181e+02,1.552368860833259532e+03,1.147678109804384121e+03,9.725795001494449252e+02,6.800672004320309725e+02,1.068432659380366232e+02,3.858509214281357913e+01,1.546332397608446385e+01,1.041545122218796804e+00,2.960787346069434278e+00,1.681873716261181428e+00,9.182576297008171196e+01,4.529468205816392867e+01,5.868016003102543010e+00,1.473648318098339161e+01,-2.837760768153917493e-02,2.749629219135785174e-01,4.981582208957715530e+00,3.282117715626264953e+01,1.330194777291946018e+01,5.698277472799485821e+00,8.567378809029501951e+01,7.784588907015388770e+01,2.962970266675193187e+01,-2.246842934770209244e+00,7.124438939798862691e+01,7.621815166777287232e+02,3.944569561186477245e+02,5.241807143181939921e+01,1.104894854092118628e+01,1.351255673445153427e+01,-9.419674309996220463e-02,4.644389769865464146e+00,3.736644058271222146e+00,-1.458398230109532623e+00,3.434724523841644839e+00,3.615235863508099214e+02,1.066293312020069834e+03,3.656853047855058321e+03,4.535004206848732338e+02,1.374114438644405709e+02,1.661524025429013705e+02,4.414635121030844402e+02,8.936714478379076354e+01,9.928676708092666559e+00,-7.456427917429515884e-02,-1.949217923061761781e-01,6.416005139669077317e-02,1.591587140922916255e-01,-1.120067387663890246e+00,-4.591674469956903704e-02,1.399247384699959582e+02,3.714056424148443512e+02,2.666810661559152322e+02,4.342103723697337614e+02,6.913837927850928509e+02,6.021745709474877231e+02,6.019477651918253969e+02,2.474056508472929181e+02,1.781671090930621801e+02,1.467446616681480691e+02,3.274527731748099768e+01,2.467794945361168146e+01,3.789339018377389579e+01,1.004776820409488458e+01,2.310265847807148276e+00,2.056217425684628841e-01,3.635807608654646028e+00,5.929824733413331828e+00,3.281487512317983857e+00,6.314353480646454908e-03,-2.221962755082626702e-03,1.014179352674205413e-02,1.861628054143966038e+00,-4.244144017428911481e-02,1.151491031247283026e+00,-7.783450375483044748e-02,1.369975353720070999e+01,3.232148903800707274e+01,1.618075834965639714e+01,1.336874834772940446e+01,1.083034007585844627e+01,3.452285575342507684e+01,1.232570562927643110e+01,1.258962629884265993e+01,6.988697855902148426e+00,1.381418673647218931e-01,-9.190835095641769481e-02,4.382420511999580270e+00,2.512077751167953288e+00,3.070049810629791633e-03,-1.286538391207924237e-01,1.465240038998348204e+01,1.728243023913969978e+01,6.271444606242028819e+00,-8.107690688783031341e-03,3.977569672276985990e+00,3.072387443423595599e+01,4.553412494111779701e-02,-1.090885584558429350e-01,7.214324244562916877e-02,3.716864442743152835e-02,5.749924692919546754e-05,3.634978967391256699e+00,1.763467635032951897e+00,3.163771182242868107e+01,1.263450414676020550e+01,2.783397405265369273e-01,2.427186113556909319e+01,9.970175568934397603e+00,-6.671898188453888670e-03,6.705740789728113771e-02,9.681560957064171191e+00,3.256211481693330256e+01,1.969889191678360021e+02,9.425956090560033545e+02,1.182635909833521737e+03,9.292750630970556358e+02,4.654952699318527038e+02,9.565351904536406664e+02,5.069731136539627414e+02,1.682783491158276377e+02,4.816973005688083163e+02,7.974119174916779684e+02,1.215483799979129174e+02,-1.934189695923917096e+00,2.880491597506481538e-01,9.689051788409006605e+00,9.422209331003113419e+00,7.464475216030947990e+01,2.844386009829591089e+01,1.198330165873251119e+01,-3.111869931636031481e-15
1.501294340970298417e-13,9.132966657704578211e+02,1.227742243593184412e+03,7.581161695847290503e+02,6.405324522889561649e+02,6.332612752478588618e+02,2.838310551426138204e+02,3.168444028834919663e+02,1.866534522732247012e+02,2.045369429579575353e+02,4.614648678527470338e+01,2.389174734072000206e+01,6.462522985829417088e+00,2.812586724940082306e+01,9.024162634717539788e+01,3.245895843194443131e+01,-3.001681073292901658e+01,2.242616861121617831e+02,1.707087843369681650e+03,1.688796208982073267e+03,1.194530605624315285e+03,9.886655352758278923e+02,2.964187295677380121e+02,3.655673108074008582e+01,6.020977203589862548e+00,6.795743980044087529e+00,2.203790887031400203e+01,-3.757692828296784970e+00,8.487597851107362601e+01,3.389710428308804069e+01,-3.611532594996150980e+00,4.880207719671755484e+00,-1.905637599267619997e-01,2.641409741660950328e+00,6.593918826574324932e+00,3.458345102263130144e+01,1.605034020150369400e+01,1.262662158297619186e+01,1.120232723489764766e+02,6.290513231231120272e+01,1.838516870246980162e+01,-9.785267288773912497e+00,1.746570105021888963e+01,5.912618385960990963e+02,5.520545276898960765e+02,1.112705005238149596e+02,2.041777722624608415e+01,1.169289693969325228e+01,-1.395130332509274096e+00,1.890683386237272501e+00,3.475521436865375846e-01,-1.066241847011099608e+01,-1.918257052859053502e+01,3.764245248181211423e+02,1.324129305046033551e+03,4.792758104614067634e+03,8.768266253987567325e+02,2.230823913951657005e+02,5.392368544087632927e+02,8.241011678288007261e+02,1.672327274425499013e+02,2.074786758049385682e+01,-1.521528551828989384e+00,-2.390142668176899132e+00,4.068178822513074944e-01,7.935819734676392567e-01,-7.521573176988981757e+00,8.482458996855133382e-01,1.214708728496278383e+02,3.587379760479748256e+02,4.447246450630889285e+02,6.862117149834028851e+02,8.332857752051193074e+02,7.329888725004891512e+02,5.002719636492166160e+02,8.977504099417238592e+01,1.730542955523941373e+02,1.598832474139926489e+02,2.630960595199844221e+01,1.537057296310818622e+01,2.024699863485517071e+01,6.814897582204798354e+00,8.310813398242267169e-01,6.957737945737819452e+00,3.716587492943008275e+00,5.479125948671925705e+00,1.020393917872613576e+00,9.276181484043616310e-01,4.427021399892447362e-01,6.810504706900347149e-02,1.017555490837787069e+00,1.250463092059827863e+00,-5.286627231074575439e-01,-5.226809762827162587e-01,6.142631861062203491e+00,4.649346201614628882e+01,1.909317166335194216e+01,1.625741017657252030e+01,8.733750346912586338e+00,3.181487638914973459e+01,1.389415939234794095e+01,9.730941647799799199e+00,8.268562654992972938e+00,3.150577673535419176e+00,-1.908036403107621792e+00,1.111514785557795593e+00,5.475623570192021949e-01,-1.080054248689911456e-01,-1.273633609920662879e+00,4.476003168359803830e+00,1.031412329176294662e+01,9.808697571664413140e-01,-2.619449039734858542e-01,6.092062635501376278e-01,2.606615880735839497e+01,2.038994149949653778e+00,-9.492695423252641707e-01,3.294820574748631881e+00,2.495980884984898840e-01,3.861239048343998869e-04,1.040096248519703437e+01,-6.175276811313505920e-01,1.843403335443612434e+01,1.876330423976999029e+01,1.417372012911065227e+01,1.722157553469435598e+01,4.096071200804836998e+00,-1.945993518473814188e-01,4.172112932916141048e+00,-1.925025642745658239e+00,4.742388971313690149e+01,3.192228158573379915e+02,6.386414891592025924e+02,4.863472963078211251e+02,3.343590819430224315e+02,4.946201827918577578e+02,9.442956674478947434e+02,4.935269254031613286e+02,7.237580191474343110e+02,1.146250616466140173e+03,4.775541228349679272e+02,-3.801916960698265058e+01,-1.320057949194672453e+01,8.803524306590464477e-01,4.002906321321086835e+01,2.900164197393638688e+01,5.299830185502367641e+01,4.976177375657723445e+01,4.518852534384067354e+01,3.650420655842735118e-15
1.916558416181668781e-13,9.509725215250938390e+02,1.072216268601765023e+03,5.317376630793994536e+02,6.547647022986838010e+02,6.610399534391086718e+02,2.369150286562806684e+02,8.375603656256677709e+01,-1.630584348810105411e+01,-4.321023026521850596e+01,-2.870700512358715262e+00,7.316150709206043601e+00,3.494798629235660314e+00,-4.574964787619689943e+00,1.494778899531405791e+01,2.317829610389390496e+02,3.131951832874443653e+02,7.573033421643527845e+02,1.586685324605497954e+03,1.541447632064072195e+03,9.105275355454032251e+02,9.266899996566728532e+02,9.369398431556710420e+02,3.360446140385031981e+02,7.668101738083055352e+01,3.522286638733329767e+01,8.199959857401134400e+01,7.438691831419197342e+01,1.417408501582998213e+02,7.346269774205745762e+01,1.793412348830827696e+01,-7.079567541789457685e-01,5.505076272215427002e-02,1.370440957384448266e+00,1.278565100524961551e+01,2.506742600248043829e+01,1.151585114680178457e+01,3.571241142157172987e+01,1.341448353626759911e+02,4.461092610277448500e+01,2.070930668999100988e+01,1.625988899896401563e+01,1.102404779173959781e+01,3.292109517416263884e+02,7.153062414102942057e+02,2.444157282490070315e+02,2.464950463033434858e+01,3.104000774531905815e+00,1.698797765258246883e+00,3.956041602653932898e+00,-3.578152289864602875e-02,4.556565604976420047e+00,1.296488515931761043e+01,2.869276304910283670e+02,1.181281297029088819e+03,3.860315042371928939e+03,1.068338149440379766e+03,3.626064328026444628e+02,8.876205843285189303e+02,1.109035659987095414e+03,4.046014732154632156e+02,4.586964610061444603e+01,2.174108045909828313e+00,2.527632791010954616e+00,-7.668224112933408332e-02,2.383930136294779567e-01,2.172859836638793229e+00,2.874782176505611186e+00,1.537803153535874117e+02,2.750690013053463758e+02,6.153272632346847786e+02,7.353662963670165027e+02,7.884133662319776477e+02,7.275703844716471167e+02,2.705416566660496187e+02,-2.100238905830915925e+01,1.239376914070590345e+02,1.260975778872926156e+02,1.208960107034227605e+01,2.394922601724770228e+00,2.614800353235499752e+00,-6.800649601909796171e-01,-2.017418400687844005e-01,1.099131561876615137e+01,2.720327913647849538e+00,5.689707728630344796e+00,2.854250312302874182e+00,4.661950894142153246e+00,3.782261653793208112e+00,-1.967443751014145634e-02,-2.639657564623322239e-01,4.803466815001995904e+00,4.258280946554296453e-01,1.509940106963848228e-01,-2.536725391059260204e-01,3.893080340185864685e+01,1.476322506372158472e+01,2.016158268978261958e+01,9.870426221334463790e+00,2.784888998525868686e+01,1.494500902059258429e+01,6.976236415113911349e+00,9.150954609913023674e+00,3.878437440664999514e+00,3.110871685132197584e+00,3.060968816633423462e+00,-1.155583268833081934e-01,2.497557582387622821e-01,4.227425578168856113e+00,-1.047779098176978563e+00,2.225982754452436652e+00,-1.759386089369092965e-01,4.282559168935303751e-01,-1.078273992923165364e-01,1.282706382588787797e+01,9.479990169110312337e+00,6.424611269668137892e-01,4.451788640090298621e+00,-7.210481757451629725e-02,-1.115448995895627823e-04,1.145207440619733319e+01,5.819672847994258325e-01,1.544922410854278461e+01,3.776989539144341990e+01,2.809783059247789438e+01,7.150255538055203530e+00,-1.019141337985483009e+00,3.107502478863768403e-01,1.343318257612208377e+01,2.148882510920256195e+01,1.415678651382401085e+02,4.279309272552480934e+02,3.507000435524475961e+02,-4.774773961116391519e+00,-3.446739407257086185e+01,3.588345374050371674e+02,6.460088254272124004e+02,4.610830921078430720e+02,1.430208256805274459e+03,1.505672654725871780e+03,3.312922873831645347e+02,3.098853751780213273e+01,4.173565176469917759e+00,5.261794715839029024e+00,-8.822553753207477811e+00,-7.839965600755717468e+00,-4.768777059309256217e+00,3.345050456182202936e+01,3.688344853721014971e+01,3.326414864849941164e-15
2.431905708287402424e-13,4.379822789221415178e+02,5.777621725971799833e+02,7.184902858981414511e+02,7.729746244963273512e+02,4.779318991569521700e+02,5.263353395525550837e+01,1.168987576731864308e+01,-1.034883170023110210e+01,-1.995182538132143080e+01,-8.762563337914239803e-01,9.553075381953897605e+00,1.615560243970552889e+01,1.317625639777769919e+01,1.083129487988769881e+02,7.203433949999709967e+02,9.375080394922480309e+02,1.655794284813638114e+03,1.263024178638495414e+03,7.318655860738687124e+02,3.281210654976476349e+02,5.177013334374784108e+02,1.591781585202076712e+03,7.607207664175313084e+02,1.892416989967595669e+02,6.662218662290143811e+01,1.413638266067787299e+02,1.926883032113427987e+02,2.390602678356332262e+02,1.464298078899411166e+02,5.863310215237557799e+01,1.696157705193676035e+00,2.395047205052694764e-02,2.058812210161212741e-01,1.715768178799603660e+01,1.057084926404309222e+01,2.092689336132720346e+00,4.819541814544063385e+01,1.106403659573455798e+02,3.362538363739819403e+01,2.695618862450106690e+01,1.363792819203217199e+01,6.874175022596260121e+00,1.261303386227696421e+02,7.342482649321584631e+02,3.581467868172307476e+02,4.558167073021829196e+01,1.638209766222751940e+00,6.423209963725783567e+00,1.041988234288999315e+01,-1.556716604335260483e-02,8.458748432876101120e+00,4.303834309266049374e+00,5.348889474712460412e+01,6.624190114428711240e+02,1.492816076475339969e+03,8.325039413979319534e+02,4.311524408783643594e+02,8.133682457983616132e+02,9.652292765531198029e+02,6.377991398181236491e+02,6.680220918246644146e+01,8.554860298417853670e+00,9.158723347454573727e+00,1.457944356281187237e-01,2.155132745718725928e+00,9.453278431360349066e-01,3.072536658375229823e+00,4.358403832160544766e+01,1.596448782654056231e+02,6.128625515614858159e+02,4.958626905422952404e+02,5.183543152114100394e+02,5.215325959995662970e+02,6.962084139780210990e+01,-5.499862488411144668e+00,8.324878225686092037e+01,7.631990783051659832e+01,6.273784246203598869e+00,-1.356525243851906537e-01,6.929878145367418085e+00,-5.024576954198531897e-01,-8.777012457348998264e-02,8.424355301284192521e+00,4.999174526776810623e-01,7.358395093192261704e+00,5.668665518421261318e+00,8.643155826746827586e+00,7.861328639486271364e+00,-8.559591954695891861e-03,-1.148413602252012777e-01,6.609039132398472738e+00,1.290353227335980790e+00,6.569169352353412816e-02,-3.473632064713736423e-01,1.325264119264567597e+01,5.400515368709399411e+00,2.295211010261552076e+01,1.480806624329203558e+01,2.642200674988696818e+01,1.482656678725065902e+01,4.437055459540188984e+00,8.337247401471177710e+00,2.708911405817146179e+00,1.172739762028030697e+01,9.695302617018228375e+00,-5.027498878067935412e-02,1.067390843267542966e+00,1.138929170624108878e+01,-4.558484345197629795e-01,6.742983744277526725e-02,-7.654412995546140686e-02,1.732995360451295985e+00,-4.691155917431311106e-02,1.945682159887849316e+00,1.793130241244349676e+01,1.894832175246121020e+00,1.892547846843991133e+00,-3.137003617448042014e-02,-4.852890074397052053e-05,4.647408651595704931e+00,1.883314810825023056e+00,2.705509673188963404e+01,5.565790053715723928e+01,2.955571014384664608e+01,9.640978547257934572e-01,-4.433892451981205074e-01,1.251755515309846523e+00,2.115161222582008804e+01,7.013044468284168431e+01,2.538988465055189749e+02,4.324399881150928877e+02,1.927880076101776581e+02,3.781370176010258888e+01,5.093072591664427051e+01,8.689432493620067532e+01,1.982449097724973797e+02,4.712573497010717460e+02,1.698194096708464258e+03,1.139155152033948752e+03,2.043676849512701210e+02,1.023304914831756918e+01,3.395549415106788427e+00,1.779559514997749758e+01,7.917660640868460220e+00,-1.439802263179579489e+00,9.569903951721100421e-01,4.241166284569996492e+01,5.491517974179466677e+01,3.095139566257145817e-15
1.205850439409498892e-13,7.078931486681409524e+01,1.531772532586160196e+02,3.998224281212787332e+02,3.928372107022744899e+02,1.755723293533017682e+02,-2.033836202876483057e+01,1.109380829733861873e+00,9.032557070280047284e+00,1.173410054932003810e+01,2.881487236200296120e+00,5.822786101934495306e+00,1.111197866470738482e+01,1.311031366413672572e+01,8.068413883822692867e+01,4.528970918272291897e+02,5.803309709416416808e+02,9.765085558554567342e+02,5.172666933329988979e+02,1.439381279762854433e+02,2.157522632949863706e+01,1.415421937291015979e+02,8.771423935198058643e+02,4.485017581183612947e+02,1.136028085248929216e+02,3.763946067224375724e+01,7.801761532755229211e+01,1.162409567457848851e+02,1.339485359257065511e+02,8.519705882796951357e+01,3.671844714892862527e+01,1.758839383333768547e+00,-1.405785823798822234e-02,-1.129633246548759351e-01,8.796876726447276695e+00,1.814046350493081050e+00,-1.169422363425937084e+00,2.439170574690313487e+01,4.444697908515149010e+01,1.408046616770578474e+01,1.409495793962306642e+01,3.941212757338408146e+00,2.343231861487554912e+00,2.289080478056423118e+01,3.396084713773503836e+02,1.893569975570001986e+02,2.665150509655778777e+01,9.536141280472389958e-01,4.041808815709278413e+00,6.437597754611161349e+00,9.137231739864179469e-03,3.935839712847673866e+00,-2.499175371074563667e+00,-2.995543103964265796e+01,1.859478728123209805e+02,1.485090994434150105e+02,3.182751423517790386e+02,2.115034763244677833e+02,3.408775995847132094e+02,3.982907878879755117e+02,3.451113445692670894e+02,3.522574066744643062e+01,5.436046072614644231e+00,5.700139844278266033e+00,1.606470153184952621e-01,1.554385598636953913e+00,-5.548652560665762179e-01,1.363106960327172823e+00,-1.063588392797201898e+01,5.031486209495485440e+01,2.765749291020710530e+02,1.679844068922961071e+02,1.763775714389002474e+02,1.919474007855976367e+02,-4.958625217776742033e+00,8.227308347702676272e+00,3.171938108777466425e+01,2.513436802656867286e+01,2.349469701777275876e+00,1.033936213244475155e-01,5.491962979520051746e+00,2.990905576891342843e-01,5.151714614149617566e-02,3.043545448536998155e+00,-2.796297765119487577e-01,3.877663806426141058e+00,3.267419600766627852e+00,4.856565086235022477e+00,4.539354949299918118e+00,5.024098482081039430e-03,6.740675334072539215e-02,3.344908415776180366e+00,7.613962606031395852e-01,-3.855809242586395041e-02,2.086709406407285805e-01,6.726822393532359834e-02,3.872638738596118069e-01,1.126341229580396153e+01,8.164273292510793922e+00,1.229232501755095086e+01,6.870077760445796322e+00,1.591628756034993764e+00,3.649642122330125193e+00,9.303090877327911956e-01,7.421685058503167731e+00,6.147433453375817258e+00,2.950917475464938725e-02,6.911161714420387403e-01,6.852387563548848703e+00,2.675626875733098098e-01,-2.138992237472691141e-02,4.492798829159085072e-02,1.108475892505000893e+00,2.753499167800796399e-02,-1.068652476211209512e+00,1.014667977912912455e+01,1.107825849500345905e+00,1.549382458457390366e-01,1.841281126030119494e-02,2.848429900056949915e-05,3.593161722096405719e-01,1.134927941422979369e+00,1.589264358230387231e+01,2.958303445227555173e+01,1.339188724446714751e+01,-5.225476253064653687e-01,2.602496994670886465e-01,7.998126970583302464e-01,1.135450264221444883e+01,4.406544292119860984e+01,1.424454213351040153e+02,1.975575962957026945e+02,6.719952573974690324e+01,5.885599811250008173e+01,6.846728915351530986e+01,-2.118373887256661803e+01,-4.214185567094173024e+00,2.261568506566080714e+02,8.229488698788072725e+02,4.178730358855853524e+02,7.118916357686686069e+01,-5.940759255805688532e+00,1.781407056450441673e-01,1.135138445523117134e+01,1.150949247474858517e+01,3.554021415387470739e+00,5.729228687020672339e+00,2.345526284494028602e+01,3.121899906847409412e+01,1.613194611379800009e-15
-2.656100173397374223e-16,1.241475741263036498e-13,1.220344174661008940e-13,-3.586194143920241316e-14,-8.342147487489741946e-14,9.726640550819558835e-14,4.506240585241517030e-14,6.286323469481188394e-15,-1.131120799342291935e-14,-1.664244752966100924e-14,-1.297885263984339749e-15,-1.264554892104085813e-15,-1.020736565626138744e-15,-2.364441486301250861e-15,-2.381134568240289464e-14,-2.356088312967997786e-14,-5.552633707217287896e-14,3.599761205500100686e-13,1.708581814406371878e-13,1.924519520691217140e-13,1.131241862465463391e-13,1.893239049781178493e-13,3.626304206534288014e-13,3.565330219723633324e-14,-3.882681221461135260e-15,8.634517995646564894e-16,-7.697146374681554120e-15,-3.903221111791747017e-15,1.138119511163083436e-15,-5.461024275546920972e-15,1.990219096764203785e-16,-1.272928486124720639e-15,-2.972567407901396169e-16,-3.072268367198759681e-16,1.423949042445992975e-15,2.721141959959281681e-15,1.289696281500915859e-15,2.226176693138738329e-15,8.793338283046091460e-15,7.294118948899332038e-15,4.933720452149558352e-15,1.687815055170099300e-15,-3.116407615306069476e-15,3.945449272809892311e-14,1.296503568644324364e-13,4.814408646427473309e-15,-3.525860223131668167e-15,8.375042490384409505e-17,-7.484768756560613553e-16,1.429484250037039516e-15,-8.313958702664514176e-18,1.420051797971781560e-15,3.296898143411816245e-15,5.451967474612257925e-14,1.342694271803174731e-13,4.777731394397308488e-13,1.179392257857914232e-13,-2.600235132892381143e-14,1.101115390656771301e-13,1.447518861379507852e-13,6.328990562761716732e-14,5.803889945816294862e-15,2.975694561080138732e-15,-1.457673302427654430e-15,-2.467697514163716621e-16,1.279820553371170807e-16,7.725138258085807571e-16,7.180855868069094882e-18,2.272609092896359444e-14,1.646194608932895223e-14,7.042138957687868282e-14,1.125917537869705765e-13,7.024662607483003800e-14,6.804365602367123331e-14,1.888775092101198541e-14,-9.474972568596279354e-15,1.458817002776357356e-14,8.464158756049608712e-15,1.547616342949398831e-15,1.913265893825642074e-17,-3.203441399490100416e-16,-1.106272862115950642e-16,-2.073802828367319115e-16,3.416918526001713804e-16,6.864079828782542815e-16,5.859888583625966126e-16,-4.618062919872678428e-17,-1.983819217157603949e-16,8.419907819386704016e-16,-5.088438967662720923e-17,-3.609970437547956098e-17,9.854860063669096742e-17,2.946736135548773298e-17,5.039991984017184913e-17,-1.946931170268211575e-16,4.809492319592223162e-15,1.774188981716518661e-15,1.714181191813072311e-15,2.035347800573264660e-15,7.652166517964647053e-16,9.991308446548220506e-16,9.038725543857471119e-16,1.908306958151624150e-15,6.044668752524856903e-16,-5.132436872278898858e-16,-4.052652581581025187e-16,8.960544456676358480e-18,-1.492376749171453818e-16,7.658338748302978306e-16,-3.652509555490993481e-16,8.746813193992750297e-17,-1.086769749793411753e-16,-4.292614405143735951e-17,-1.998239314099624218e-16,1.105712394293376599e-15,1.241035538975333544e-15,-1.722692167710118941e-18,6.124183869428839406e-16,-2.433978914671034325e-17,-1.051146561531695609e-18,1.537336630251130580e-15,-2.980664804270869004e-16,6.211249563933784459e-16,4.759289402013495855e-15,1.835497805447643802e-15,2.177719473889119970e-16,-2.503672900957012608e-16,1.259165515518398885e-16,1.180868979236246352e-15,-1.702579765403081882e-15,2.526437083346808873e-15,3.957850021143824220e-14,3.459798682415821061e-14,-3.950344884858006103e-14,-3.070485053297759047e-14,4.192647157526025743e-14,6.752740282041482824e-14,3.968059117617949491e-14,1.146169308382545336e-13,1.790781765489954211e-13,4.568504637876060896e-14,1.106907692318363846e-14,1.450477033944848442e-15,-4.603300100273638354e-16,-6.822413313323800496e-15,-1.991301664056584609e-15,-2.515325119483970467e-15,-4.004521545522262163e-16,3.368457663427149838e-16,4.800563270970420723e-18
