ID_pair;KDE;Indice;Percentage;Period_num;SizeKDE_adult;Sex_Juvenile;Region;Type_indep
H11_2018;KDE50;LCI;0,804073919;4;5321632,328;Female;Massif_Central;Early
H11_2018;KDE50;LCI;NA;8;5321632,328;Female;Massif_Central;Early
H11_2018;KDE50;LCI;NA;5;5321632,328;Female;Massif_Central;Early
H11_2018;KDE50;LCI;NA;7;5321632,328;Female;Massif_Central;Early
H11_2018;KDE50;LCI;NA;9;5321632,328;Female;Massif_Central;Early
H11_2018;KDE50;LCI;0,723721429;1;5321632,328;Female;Massif_Central;Early
H11_2018;KDE50;LCI;0,805307418;2;5321632,328;Female;Massif_Central;Early
H11_2018;KDE50;LCI;NA;6;5321632,328;Female;Massif_Central;Early
H11_2018;KDE50;LCI;0,808019986;3;5321632,328;Female;Massif_Central;Early
H11_2018;KDE50;SI;0,371319542;1;5321632,328;Female;Massif_Central;Early
H11_2018;KDE50;SI;0,695146272;2;5321632,328;Female;Massif_Central;Early
H11_2018;KDE50;SI;0,720906095;3;5321632,328;Female;Massif_Central;Early
H11_2018;KDE50;SI;0,732238782;4;5321632,328;Female;Massif_Central;Early
H11_2018;KDE50;SI;NA;5;5321632,328;Female;Massif_Central;Early
H11_2018;KDE50;SI;NA;6;5321632,328;Female;Massif_Central;Early
H11_2018;KDE50;SI;NA;7;5321632,328;Female;Massif_Central;Early
H11_2018;KDE50;SI;NA;8;5321632,328;Female;Massif_Central;Early
H11_2018;KDE50;SI;NA;9;5321632,328;Female;Massif_Central;Early
H11_2018;KDE50;TI;0,96900942;4;5321632,328;Female;Massif_Central;Early
H11_2018;KDE50;TI;NA;8;5321632,328;Female;Massif_Central;Early
H11_2018;KDE50;TI;NA;5;5321632,328;Female;Massif_Central;Early
H11_2018;KDE50;TI;NA;7;5321632,328;Female;Massif_Central;Early
H11_2018;KDE50;TI;NA;9;5321632,328;Female;Massif_Central;Early
H11_2018;KDE50;TI;0,885323678;1;5321632,328;Female;Massif_Central;Early
H11_2018;KDE50;TI;0,965262857;2;5321632,328;Female;Massif_Central;Early
H11_2018;KDE50;TI;NA;6;5321632,328;Female;Massif_Central;Early
H11_2018;KDE50;TI;0,956429383;3;5321632,328;Female;Massif_Central;Early
H11_2018;KDE99;LCI;0,703219958;1;197986830,2;Female;Massif_Central;Early
H11_2018;KDE99;LCI;0,812244329;4;197986830,2;Female;Massif_Central;Early
H11_2018;KDE99;LCI;NA;6;197986830,2;Female;Massif_Central;Early
H11_2018;KDE99;LCI;0,820702564;3;197986830,2;Female;Massif_Central;Early
H11_2018;KDE99;LCI;NA;7;197986830,2;Female;Massif_Central;Early
H11_2018;KDE99;LCI;NA;5;197986830,2;Female;Massif_Central;Early
H11_2018;KDE99;LCI;NA;8;197986830,2;Female;Massif_Central;Early
H11_2018;KDE99;LCI;0,799511952;2;197986830,2;Female;Massif_Central;Early
H11_2018;KDE99;LCI;NA;9;197986830,2;Female;Massif_Central;Early
H11_2018;KDE99;SI;0,612110765;1;197986830,2;Female;Massif_Central;Early
H11_2018;KDE99;SI;0,851606357;2;197986830,2;Female;Massif_Central;Early
H11_2018;KDE99;SI;0,876832336;3;197986830,2;Female;Massif_Central;Early
H11_2018;KDE99;SI;0,879698484;4;197986830,2;Female;Massif_Central;Early
H11_2018;KDE99;SI;NA;5;197986830,2;Female;Massif_Central;Early
H11_2018;KDE99;SI;NA;6;197986830,2;Female;Massif_Central;Early
H11_2018;KDE99;SI;NA;7;197986830,2;Female;Massif_Central;Early
H11_2018;KDE99;SI;NA;8;197986830,2;Female;Massif_Central;Early
H11_2018;KDE99;SI;NA;9;197986830,2;Female;Massif_Central;Early
H11_2018;KDE99;TI;0,839959418;1;197986830,2;Female;Massif_Central;Early
H11_2018;KDE99;TI;0,8766132;4;197986830,2;Female;Massif_Central;Early
H11_2018;KDE99;TI;NA;6;197986830,2;Female;Massif_Central;Early
H11_2018;KDE99;TI;0,877490039;3;197986830,2;Female;Massif_Central;Early
H11_2018;KDE99;TI;NA;7;197986830,2;Female;Massif_Central;Early
H11_2018;KDE99;TI;NA;5;197986830,2;Female;Massif_Central;Early
H11_2018;KDE99;TI;NA;8;197986830,2;Female;Massif_Central;Early
H11_2018;KDE99;TI;0,894790423;2;197986830,2;Female;Massif_Central;Early
H11_2018;KDE99;TI;NA;9;197986830,2;Female;Massif_Central;Early
H4_2018;KDE50;LCI;0,882041324;3;29231951,47;Male;Massif_Central;Early
H4_2018;KDE50;LCI;0,917103271;5;29231951,47;Male;Massif_Central;Early
H4_2018;KDE50;LCI;0,910948963;6;29231951,47;Male;Massif_Central;Early
H4_2018;KDE50;LCI;NA;7;29231951,47;Male;Massif_Central;Early
H4_2018;KDE50;LCI;NA;9;29231951,47;Male;Massif_Central;Early
H4_2018;KDE50;LCI;NA;8;29231951,47;Male;Massif_Central;Early
H4_2018;KDE50;LCI;0,906796173;4;29231951,47;Male;Massif_Central;Early
H4_2018;KDE50;LCI;0,642628318;1;29231951,47;Male;Massif_Central;Early
H4_2018;KDE50;LCI;0,752758693;2;29231951,47;Male;Massif_Central;Early
H4_2018;KDE50;SI;0,12138653;1;29231951,47;Male;Massif_Central;Early
H4_2018;KDE50;SI;0,505242263;2;29231951,47;Male;Massif_Central;Early
H4_2018;KDE50;SI;0,572151806;3;29231951,47;Male;Massif_Central;Early
H4_2018;KDE50;SI;0,65908294;4;29231951,47;Male;Massif_Central;Early
H4_2018;KDE50;SI;0,676757789;5;29231951,47;Male;Massif_Central;Early
H4_2018;KDE50;SI;0,626331186;6;29231951,47;Male;Massif_Central;Early
H4_2018;KDE50;SI;NA;7;29231951,47;Male;Massif_Central;Early
H4_2018;KDE50;SI;NA;8;29231951,47;Male;Massif_Central;Early
H4_2018;KDE50;SI;NA;9;29231951,47;Male;Massif_Central;Early
H4_2018;KDE50;TI;0,933649062;3;29231951,47;Male;Massif_Central;Early
H4_2018;KDE50;TI;0,993520207;5;29231951,47;Male;Massif_Central;Early
H4_2018;KDE50;TI;0,983174893;6;29231951,47;Male;Massif_Central;Early
H4_2018;KDE50;TI;NA;7;29231951,47;Male;Massif_Central;Early
H4_2018;KDE50;TI;NA;9;29231951,47;Male;Massif_Central;Early
H4_2018;KDE50;TI;NA;8;29231951,47;Male;Massif_Central;Early
H4_2018;KDE50;TI;0,973318851;4;29231951,47;Male;Massif_Central;Early
H4_2018;KDE50;TI;0,607129238;1;29231951,47;Male;Massif_Central;Early
H4_2018;KDE50;TI;0,722346405;2;29231951,47;Male;Massif_Central;Early
H4_2018;KDE99;LCI;0,929552705;4;325379428,8;Male;Massif_Central;Early
H4_2018;KDE99;LCI;0,688060298;1;325379428,8;Male;Massif_Central;Early
H4_2018;KDE99;LCI;0,929212816;6;325379428,8;Male;Massif_Central;Early
H4_2018;KDE99;LCI;0,844354941;2;325379428,8;Male;Massif_Central;Early
H4_2018;KDE99;LCI;NA;9;325379428,8;Male;Massif_Central;Early
H4_2018;KDE99;LCI;NA;7;325379428,8;Male;Massif_Central;Early
H4_2018;KDE99;LCI;0,914846491;3;325379428,8;Male;Massif_Central;Early
H4_2018;KDE99;LCI;NA;8;325379428,8;Male;Massif_Central;Early
H4_2018;KDE99;LCI;0,931817414;5;325379428,8;Male;Massif_Central;Early
H4_2018;KDE99;SI;0,190843726;1;325379428,8;Male;Massif_Central;Early
H4_2018;KDE99;SI;0,764084997;2;325379428,8;Male;Massif_Central;Early
H4_2018;KDE99;SI;0,89576762;3;325379428,8;Male;Massif_Central;Early
H4_2018;KDE99;SI;0,909604797;4;325379428,8;Male;Massif_Central;Early
H4_2018;KDE99;SI;0,906488204;5;325379428,8;Male;Massif_Central;Early
H4_2018;KDE99;SI;0,893987015;6;325379428,8;Male;Massif_Central;Early
H4_2018;KDE99;SI;NA;7;325379428,8;Male;Massif_Central;Early
H4_2018;KDE99;SI;NA;8;325379428,8;Male;Massif_Central;Early
H4_2018;KDE99;SI;NA;9;325379428,8;Male;Massif_Central;Early
H4_2018;KDE99;TI;0,977341182;4;325379428,8;Male;Massif_Central;Early
H4_2018;KDE99;TI;0,599989579;1;325379428,8;Male;Massif_Central;Early
H4_2018;KDE99;TI;0,989312326;6;325379428,8;Male;Massif_Central;Early
H4_2018;KDE99;TI;0,822328338;2;325379428,8;Male;Massif_Central;Early
H4_2018;KDE99;TI;NA;9;325379428,8;Male;Massif_Central;Early
H4_2018;KDE99;TI;NA;7;325379428,8;Male;Massif_Central;Early
H4_2018;KDE99;TI;0,947931895;3;325379428,8;Male;Massif_Central;Early
H4_2018;KDE99;TI;NA;8;325379428,8;Male;Massif_Central;Early
H4_2018;KDE99;TI;0,990745084;5;325379428,8;Male;Massif_Central;Early
G3_2018;KDE50;LCI;0,862999647;5;13795497,85;Female;Massif_Central;Late
G3_2018;KDE50;LCI;0,865681841;6;13795497,85;Female;Massif_Central;Late
G3_2018;KDE50;LCI;0,862907388;4;13795497,85;Female;Massif_Central;Late
G3_2018;KDE50;LCI;0,91260581;2;13795497,85;Female;Massif_Central;Late
G3_2018;KDE50;LCI;0,888531153;8;13795497,85;Female;Massif_Central;Late
G3_2018;KDE50;LCI;0,890690305;9;13795497,85;Female;Massif_Central;Late
G3_2018;KDE50;LCI;0,879731321;7;13795497,85;Female;Massif_Central;Late
G3_2018;KDE50;LCI;0,86404491;1;13795497,85;Female;Massif_Central;Late
G3_2018;KDE50;LCI;0,879927197;3;13795497,85;Female;Massif_Central;Late
G3_2018;KDE50;SI;0,25853512;1;13795497,85;Female;Massif_Central;Late
G3_2018;KDE50;SI;0,664400059;2;13795497,85;Female;Massif_Central;Late
G3_2018;KDE50;SI;0,641725348;3;13795497,85;Female;Massif_Central;Late
G3_2018;KDE50;SI;0,654588776;4;13795497,85;Female;Massif_Central;Late
G3_2018;KDE50;SI;0,641178204;5;13795497,85;Female;Massif_Central;Late
G3_2018;KDE50;SI;0,622525669;6;13795497,85;Female;Massif_Central;Late
G3_2018;KDE50;SI;0,579114802;7;13795497,85;Female;Massif_Central;Late
G3_2018;KDE50;SI;0,551661447;8;13795497,85;Female;Massif_Central;Late
G3_2018;KDE50;SI;0,553171861;9;13795497,85;Female;Massif_Central;Late
G3_2018;KDE50;TI;0,682592267;5;13795497,85;Female;Massif_Central;Late
G3_2018;KDE50;TI;0,673625011;6;13795497,85;Female;Massif_Central;Late
G3_2018;KDE50;TI;0,689659003;4;13795497,85;Female;Massif_Central;Late
G3_2018;KDE50;TI;0,720597067;2;13795497,85;Female;Massif_Central;Late
G3_2018;KDE50;TI;0,646856605;8;13795497,85;Female;Massif_Central;Late
G3_2018;KDE50;TI;0,644163121;9;13795497,85;Female;Massif_Central;Late
G3_2018;KDE50;TI;0,652516464;7;13795497,85;Female;Massif_Central;Late
G3_2018;KDE50;TI;0,510142272;1;13795497,85;Female;Massif_Central;Late
G3_2018;KDE50;TI;0,690177065;3;13795497,85;Female;Massif_Central;Late
G3_2018;KDE99;LCI;0,900056229;5;254386461,5;Female;Massif_Central;Late
G3_2018;KDE99;LCI;0,951392914;2;254386461,5;Female;Massif_Central;Late
G3_2018;KDE99;LCI;0,897286541;6;254386461,5;Female;Massif_Central;Late
G3_2018;KDE99;LCI;0,891054329;7;254386461,5;Female;Massif_Central;Late
G3_2018;KDE99;LCI;0,831060561;1;254386461,5;Female;Massif_Central;Late
G3_2018;KDE99;LCI;0,887552392;9;254386461,5;Female;Massif_Central;Late
G3_2018;KDE99;LCI;0,903681579;4;254386461,5;Female;Massif_Central;Late
G3_2018;KDE99;LCI;0,917579226;3;254386461,5;Female;Massif_Central;Late
G3_2018;KDE99;LCI;0,887371916;8;254386461,5;Female;Massif_Central;Late
G3_2018;KDE99;SI;0,411891828;1;254386461,5;Female;Massif_Central;Late
G3_2018;KDE99;SI;0,867222035;2;254386461,5;Female;Massif_Central;Late
G3_2018;KDE99;SI;0,884179184;3;254386461,5;Female;Massif_Central;Late
G3_2018;KDE99;SI;0,88282346;4;254386461,5;Female;Massif_Central;Late
G3_2018;KDE99;SI;0,876718211;5;254386461,5;Female;Massif_Central;Late
G3_2018;KDE99;SI;0,866974504;6;254386461,5;Female;Massif_Central;Late
G3_2018;KDE99;SI;0,839628119;7;254386461,5;Female;Massif_Central;Late
G3_2018;KDE99;SI;0,828034546;8;254386461,5;Female;Massif_Central;Late
G3_2018;KDE99;SI;0,830856285;9;254386461,5;Female;Massif_Central;Late
G3_2018;KDE99;TI;0,770336052;5;254386461,5;Female;Massif_Central;Late
G3_2018;KDE99;TI;0,790274507;2;254386461,5;Female;Massif_Central;Late
G3_2018;KDE99;TI;0,759126445;6;254386461,5;Female;Massif_Central;Late
G3_2018;KDE99;TI;0,728085644;7;254386461,5;Female;Massif_Central;Late
G3_2018;KDE99;TI;0,600616723;1;254386461,5;Female;Massif_Central;Late
G3_2018;KDE99;TI;0,717271961;9;254386461,5;Female;Massif_Central;Late
G3_2018;KDE99;TI;0,777670408;4;254386461,5;Female;Massif_Central;Late
G3_2018;KDE99;TI;0,779448561;3;254386461,5;Female;Massif_Central;Late
G3_2018;KDE99;TI;0,716836787;8;254386461,5;Female;Massif_Central;Late
G4_2019;KDE50;LCI;0,947236436;4;19719570,8;Male;Massif_Central;Late
G4_2019;KDE50;LCI;0,959635794;5;19719570,8;Male;Massif_Central;Late
G4_2019;KDE50;LCI;0,95132922;3;19719570,8;Male;Massif_Central;Late
G4_2019;KDE50;LCI;NA;9;19719570,8;Male;Massif_Central;Late
G4_2019;KDE50;LCI;0,915358281;2;19719570,8;Male;Massif_Central;Late
G4_2019;KDE50;LCI;NA;1;19719570,8;Male;Massif_Central;Late
G4_2019;KDE50;LCI;0,95789569;7;19719570,8;Male;Massif_Central;Late
G4_2019;KDE50;LCI;0,958559114;6;19719570,8;Male;Massif_Central;Late
G4_2019;KDE50;LCI;0,956549597;8;19719570,8;Male;Massif_Central;Late
G4_2019;KDE50;SI;0,043072879;1;19719570,8;Male;Massif_Central;Late
G4_2019;KDE50;SI;0,273782091;2;19719570,8;Male;Massif_Central;Late
G4_2019;KDE50;SI;0,405370701;3;19719570,8;Male;Massif_Central;Late
G4_2019;KDE50;SI;0,451362788;4;19719570,8;Male;Massif_Central;Late
G4_2019;KDE50;SI;0,457193202;5;19719570,8;Male;Massif_Central;Late
G4_2019;KDE50;SI;0,459713233;6;19719570,8;Male;Massif_Central;Late
G4_2019;KDE50;SI;0,462155337;7;19719570,8;Male;Massif_Central;Late
G4_2019;KDE50;SI;0,465103606;8;19719570,8;Male;Massif_Central;Late
G4_2019;KDE50;SI;NA;9;19719570,8;Male;Massif_Central;Late
G4_2019;KDE50;TI;0,819848433;4;19719570,8;Male;Massif_Central;Late
G4_2019;KDE50;TI;0,830196197;5;19719570,8;Male;Massif_Central;Late
G4_2019;KDE50;TI;0,808842435;3;19719570,8;Male;Massif_Central;Late
G4_2019;KDE50;TI;NA;9;19719570,8;Male;Massif_Central;Late
G4_2019;KDE50;TI;0,629084542;2;19719570,8;Male;Massif_Central;Late
G4_2019;KDE50;TI;NA;1;19719570,8;Male;Massif_Central;Late
G4_2019;KDE50;TI;0,832467967;7;19719570,8;Male;Massif_Central;Late
G4_2019;KDE50;TI;0,830967661;6;19719570,8;Male;Massif_Central;Late
G4_2019;KDE50;TI;0,834234008;8;19719570,8;Male;Massif_Central;Late
G4_2019;KDE99;LCI;NA;9;252129894,7;Male;Massif_Central;Late
G4_2019;KDE99;LCI;0,956207578;6;252129894,7;Male;Massif_Central;Late
G4_2019;KDE99;LCI;0,943923624;4;252129894,7;Male;Massif_Central;Late
G4_2019;KDE99;LCI;0,957785546;7;252129894,7;Male;Massif_Central;Late
G4_2019;KDE99;LCI;0,958795667;8;252129894,7;Male;Massif_Central;Late
G4_2019;KDE99;LCI;0,911715919;2;252129894,7;Male;Massif_Central;Late
G4_2019;KDE99;LCI;0,956024567;5;252129894,7;Male;Massif_Central;Late
G4_2019;KDE99;LCI;0,936666656;3;252129894,7;Male;Massif_Central;Late
G4_2019;KDE99;LCI;0,850792855;1;252129894,7;Male;Massif_Central;Late
G4_2019;KDE99;SI;0,130738636;1;252129894,7;Male;Massif_Central;Late
G4_2019;KDE99;SI;0,448731768;2;252129894,7;Male;Massif_Central;Late
G4_2019;KDE99;SI;0,64079289;3;252129894,7;Male;Massif_Central;Late
G4_2019;KDE99;SI;0,699374688;4;252129894,7;Male;Massif_Central;Late
G4_2019;KDE99;SI;0,708040681;5;252129894,7;Male;Massif_Central;Late
G4_2019;KDE99;SI;0,709869221;6;252129894,7;Male;Massif_Central;Late
G4_2019;KDE99;SI;0,712511044;7;252129894,7;Male;Massif_Central;Late
G4_2019;KDE99;SI;0,717221436;8;252129894,7;Male;Massif_Central;Late
G4_2019;KDE99;SI;NA;9;252129894,7;Male;Massif_Central;Late
G4_2019;KDE99;TI;NA;9;252129894,7;Male;Massif_Central;Late
G4_2019;KDE99;TI;0,858560533;6;252129894,7;Male;Massif_Central;Late
G4_2019;KDE99;TI;0,848051924;4;252129894,7;Male;Massif_Central;Late
G4_2019;KDE99;TI;0,859079181;7;252129894,7;Male;Massif_Central;Late
G4_2019;KDE99;TI;0,859663631;8;252129894,7;Male;Massif_Central;Late
G4_2019;KDE99;TI;0,723625161;2;252129894,7;Male;Massif_Central;Late
G4_2019;KDE99;TI;0,858107118;5;252129894,7;Male;Massif_Central;Late
G4_2019;KDE99;TI;0,828239109;3;252129894,7;Male;Massif_Central;Late
G4_2019;KDE99;TI;0,850792855;1;252129894,7;Male;Massif_Central;Late
H10_2019;KDE50;LCI;0,868126624;4;9019360,66;Male;Massif_Central;Late
H10_2019;KDE50;LCI;0,917066361;7;9019360,66;Male;Massif_Central;Late
H10_2019;KDE50;LCI;0,855554009;3;9019360,66;Male;Massif_Central;Late
H10_2019;KDE50;LCI;0,898450137;6;9019360,66;Male;Massif_Central;Late
H10_2019;KDE50;LCI;NA;9;9019360,66;Male;Massif_Central;Late
H10_2019;KDE50;LCI;0,849945805;2;9019360,66;Male;Massif_Central;Late
H10_2019;KDE50;LCI;0,87894547;5;9019360,66;Male;Massif_Central;Late
H10_2019;KDE50;LCI;0,838113976;1;9019360,66;Male;Massif_Central;Late
H10_2019;KDE50;LCI;0,917910706;8;9019360,66;Male;Massif_Central;Late
H10_2019;KDE50;SI;0;1;9019360,66;Male;Massif_Central;Late
H10_2019;KDE50;SI;0,038300159;2;9019360,66;Male;Massif_Central;Late
H10_2019;KDE50;SI;0,202924227;3;9019360,66;Male;Massif_Central;Late
H10_2019;KDE50;SI;0,292263358;4;9019360,66;Male;Massif_Central;Late
H10_2019;KDE50;SI;0,365344585;5;9019360,66;Male;Massif_Central;Late
H10_2019;KDE50;SI;0,42677131;6;9019360,66;Male;Massif_Central;Late
H10_2019;KDE50;SI;0,484755828;7;9019360,66;Male;Massif_Central;Late
H10_2019;KDE50;SI;0,492080849;8;9019360,66;Male;Massif_Central;Late
H10_2019;KDE50;SI;NA;9;9019360,66;Male;Massif_Central;Late
H10_2019;KDE50;TI;0,918772627;4;9019360,66;Male;Massif_Central;Late
H10_2019;KDE50;TI;0,912969742;7;9019360,66;Male;Massif_Central;Late
H10_2019;KDE50;TI;0,930778024;3;9019360,66;Male;Massif_Central;Late
H10_2019;KDE50;TI;0,909743597;6;9019360,66;Male;Massif_Central;Late
H10_2019;KDE50;TI;NA;9;9019360,66;Male;Massif_Central;Late
H10_2019;KDE50;TI;0,97032484;2;9019360,66;Male;Massif_Central;Late
H10_2019;KDE50;TI;0,914423007;5;9019360,66;Male;Massif_Central;Late
H10_2019;KDE50;TI;0,896763091;1;9019360,66;Male;Massif_Central;Late
H10_2019;KDE50;TI;0,912469607;8;9019360,66;Male;Massif_Central;Late
H10_2019;KDE99;LCI;0,865844844;2;136957966,1;Male;Massif_Central;Late
H10_2019;KDE99;LCI;0,906809561;4;136957966,1;Male;Massif_Central;Late
H10_2019;KDE99;LCI;0,924138711;5;136957966,1;Male;Massif_Central;Late
H10_2019;KDE99;LCI;0,891445517;3;136957966,1;Male;Massif_Central;Late
H10_2019;KDE99;LCI;0,951118365;7;136957966,1;Male;Massif_Central;Late
H10_2019;KDE99;LCI;NA;9;136957966,1;Male;Massif_Central;Late
H10_2019;KDE99;LCI;0,951357077;8;136957966,1;Male;Massif_Central;Late
H10_2019;KDE99;LCI;0,804403912;1;136957966,1;Male;Massif_Central;Late
H10_2019;KDE99;LCI;0,939415342;6;136957966,1;Male;Massif_Central;Late
H10_2019;KDE99;SI;0,127126786;1;136957966,1;Male;Massif_Central;Late
H10_2019;KDE99;SI;0,701563325;2;136957966,1;Male;Massif_Central;Late
H10_2019;KDE99;SI;0,816788813;3;136957966,1;Male;Massif_Central;Late
H10_2019;KDE99;SI;0,852789852;4;136957966,1;Male;Massif_Central;Late
H10_2019;KDE99;SI;0,878876313;5;136957966,1;Male;Massif_Central;Late
H10_2019;KDE99;SI;0,894124606;6;136957966,1;Male;Massif_Central;Late
H10_2019;KDE99;SI;0,903760465;7;136957966,1;Male;Massif_Central;Late
H10_2019;KDE99;SI;0,905888722;8;136957966,1;Male;Massif_Central;Late
H10_2019;KDE99;SI;NA;9;136957966,1;Male;Massif_Central;Late
H10_2019;KDE99;TI;0,981682823;2;136957966,1;Male;Massif_Central;Late
H10_2019;KDE99;TI;0,967278636;4;136957966,1;Male;Massif_Central;Late
H10_2019;KDE99;TI;0,963092274;5;136957966,1;Male;Massif_Central;Late
H10_2019;KDE99;TI;0,971698101;3;136957966,1;Male;Massif_Central;Late
H10_2019;KDE99;TI;0,961214107;7;136957966,1;Male;Massif_Central;Late
H10_2019;KDE99;TI;NA;9;136957966,1;Male;Massif_Central;Late
H10_2019;KDE99;TI;0,960933261;8;136957966,1;Male;Massif_Central;Late
H10_2019;KDE99;TI;0,960431902;1;136957966,1;Male;Massif_Central;Late
H10_2019;KDE99;TI;0,959843681;6;136957966,1;Male;Massif_Central;Late
G2_2019;KDE50;LCI;0,753802629;5;11066541,04;Male;Massif_Central;Late
G2_2019;KDE50;LCI;NA;9;11066541,04;Male;Massif_Central;Late
G2_2019;KDE50;LCI;0,314714111;1;11066541,04;Male;Massif_Central;Late
G2_2019;KDE50;LCI;0,707693238;4;11066541,04;Male;Massif_Central;Late
G2_2019;KDE50;LCI;0,795793413;7;11066541,04;Male;Massif_Central;Late
G2_2019;KDE50;LCI;NA;8;11066541,04;Male;Massif_Central;Late
G2_2019;KDE50;LCI;0,688243522;3;11066541,04;Male;Massif_Central;Late
G2_2019;KDE50;LCI;0,590919644;2;11066541,04;Male;Massif_Central;Late
G2_2019;KDE50;LCI;0,787342231;6;11066541,04;Male;Massif_Central;Late
G2_2019;KDE50;SI;0,050301712;1;11066541,04;Male;Massif_Central;Late
G2_2019;KDE50;SI;0,36822199;2;11066541,04;Male;Massif_Central;Late
G2_2019;KDE50;SI;0,557162963;3;11066541,04;Male;Massif_Central;Late
G2_2019;KDE50;SI;0,63620501;4;11066541,04;Male;Massif_Central;Late
G2_2019;KDE50;SI;0,631170796;5;11066541,04;Male;Massif_Central;Late
G2_2019;KDE50;SI;0,658533387;6;11066541,04;Male;Massif_Central;Late
G2_2019;KDE50;SI;0,676951517;7;11066541,04;Male;Massif_Central;Late
G2_2019;KDE50;SI;NA;8;11066541,04;Male;Massif_Central;Late
G2_2019;KDE50;SI;NA;9;11066541,04;Male;Massif_Central;Late
G2_2019;KDE50;TI;0,928065145;5;11066541,04;Male;Massif_Central;Late
G2_2019;KDE50;TI;NA;9;11066541,04;Male;Massif_Central;Late
G2_2019;KDE50;TI;0,470876686;1;11066541,04;Male;Massif_Central;Late
G2_2019;KDE50;TI;0,904033312;4;11066541,04;Male;Massif_Central;Late
G2_2019;KDE50;TI;0,956662854;7;11066541,04;Male;Massif_Central;Late
G2_2019;KDE50;TI;NA;8;11066541,04;Male;Massif_Central;Late
G2_2019;KDE50;TI;0,878693946;3;11066541,04;Male;Massif_Central;Late
G2_2019;KDE50;TI;0,884075163;2;11066541,04;Male;Massif_Central;Late
G2_2019;KDE50;TI;0,934935098;6;11066541,04;Male;Massif_Central;Late
G2_2019;KDE99;LCI;0,768827318;3;123843538,7;Male;Massif_Central;Late
G2_2019;KDE99;LCI;NA;9;123843538,7;Male;Massif_Central;Late
G2_2019;KDE99;LCI;0,527989844;1;123843538,7;Male;Massif_Central;Late
G2_2019;KDE99;LCI;0,853317877;7;123843538,7;Male;Massif_Central;Late
G2_2019;KDE99;LCI;0,805021642;4;123843538,7;Male;Massif_Central;Late
G2_2019;KDE99;LCI;0,84865397;6;123843538,7;Male;Massif_Central;Late
G2_2019;KDE99;LCI;0,690637054;2;123843538,7;Male;Massif_Central;Late
G2_2019;KDE99;LCI;NA;8;123843538,7;Male;Massif_Central;Late
G2_2019;KDE99;LCI;0,831356692;5;123843538,7;Male;Massif_Central;Late
G2_2019;KDE99;SI;0,144554839;1;123843538,7;Male;Massif_Central;Late
G2_2019;KDE99;SI;0,677018219;2;123843538,7;Male;Massif_Central;Late
G2_2019;KDE99;SI;0,786587735;3;123843538,7;Male;Massif_Central;Late
G2_2019;KDE99;SI;0,855501126;4;123843538,7;Male;Massif_Central;Late
G2_2019;KDE99;SI;0,858276269;5;123843538,7;Male;Massif_Central;Late
G2_2019;KDE99;SI;0,871272577;6;123843538,7;Male;Massif_Central;Late
G2_2019;KDE99;SI;0,883241796;7;123843538,7;Male;Massif_Central;Late
G2_2019;KDE99;SI;NA;8;123843538,7;Male;Massif_Central;Late
G2_2019;KDE99;SI;NA;9;123843538,7;Male;Massif_Central;Late
G2_2019;KDE99;TI;0,902682215;3;123843538,7;Male;Massif_Central;Late
G2_2019;KDE99;TI;NA;9;123843538,7;Male;Massif_Central;Late
G2_2019;KDE99;TI;0,751964689;1;123843538,7;Male;Massif_Central;Late
G2_2019;KDE99;TI;0,953540979;7;123843538,7;Male;Massif_Central;Late
G2_2019;KDE99;TI;0,927545932;4;123843538,7;Male;Massif_Central;Late
G2_2019;KDE99;TI;0,944107105;6;123843538,7;Male;Massif_Central;Late
G2_2019;KDE99;TI;0,842764458;2;123843538,7;Male;Massif_Central;Late
G2_2019;KDE99;TI;NA;8;123843538,7;Male;Massif_Central;Late
G2_2019;KDE99;TI;0,932124289;5;123843538,7;Male;Massif_Central;Late
D15_2020;KDE50;LCI;0,908749194;2;11152347,28;Female;Alps;Early
D15_2020;KDE50;LCI;NA;6;11152347,28;Female;Alps;Early
D15_2020;KDE50;LCI;0,908718039;1;11152347,28;Female;Alps;Early
D15_2020;KDE50;LCI;0,912733588;4;11152347,28;Female;Alps;Early
D15_2020;KDE50;LCI;NA;7;11152347,28;Female;Alps;Early
D15_2020;KDE50;LCI;0,912409734;3;11152347,28;Female;Alps;Early
D15_2020;KDE50;LCI;NA;8;11152347,28;Female;Alps;Early
D15_2020;KDE50;LCI;NA;5;11152347,28;Female;Alps;Early
D15_2020;KDE50;LCI;NA;9;11152347,28;Female;Alps;Early
D15_2020;KDE50;SI;0,239759157;1;11152347,28;Female;Alps;Early
D15_2020;KDE50;SI;0,34799108;2;11152347,28;Female;Alps;Early
D15_2020;KDE50;SI;0,619172021;3;11152347,28;Female;Alps;Early
D15_2020;KDE50;SI;0,647986891;4;11152347,28;Female;Alps;Early
D15_2020;KDE50;SI;NA;5;11152347,28;Female;Alps;Early
D15_2020;KDE50;SI;NA;6;11152347,28;Female;Alps;Early
D15_2020;KDE50;SI;NA;7;11152347,28;Female;Alps;Early
D15_2020;KDE50;SI;NA;8;11152347,28;Female;Alps;Early
D15_2020;KDE50;SI;NA;9;11152347,28;Female;Alps;Early
D15_2020;KDE50;TI;0,956882197;2;11152347,28;Female;Alps;Early
D15_2020;KDE50;TI;NA;6;11152347,28;Female;Alps;Early
D15_2020;KDE50;TI;0,86851639;1;11152347,28;Female;Alps;Early
D15_2020;KDE50;TI;0,966326909;4;11152347,28;Female;Alps;Early
D15_2020;KDE50;TI;NA;7;11152347,28;Female;Alps;Early
D15_2020;KDE50;TI;0,986496495;3;11152347,28;Female;Alps;Early
D15_2020;KDE50;TI;NA;8;11152347,28;Female;Alps;Early
D15_2020;KDE50;TI;NA;5;11152347,28;Female;Alps;Early
D15_2020;KDE50;TI;NA;9;11152347,28;Female;Alps;Early
D15_2020;KDE99;LCI;0,895711558;1;165660212,1;Female;Alps;Early
D15_2020;KDE99;LCI;NA;5;165660212,1;Female;Alps;Early
D15_2020;KDE99;LCI;NA;7;165660212,1;Female;Alps;Early
D15_2020;KDE99;LCI;NA;6;165660212,1;Female;Alps;Early
D15_2020;KDE99;LCI;0,970824403;4;165660212,1;Female;Alps;Early
D15_2020;KDE99;LCI;NA;8;165660212,1;Female;Alps;Early
D15_2020;KDE99;LCI;0,946110603;3;165660212,1;Female;Alps;Early
D15_2020;KDE99;LCI;NA;9;165660212,1;Female;Alps;Early
D15_2020;KDE99;LCI;0,905154893;2;165660212,1;Female;Alps;Early
D15_2020;KDE99;SI;0,453098481;1;165660212,1;Female;Alps;Early
D15_2020;KDE99;SI;0,624982943;2;165660212,1;Female;Alps;Early
D15_2020;KDE99;SI;0,881943146;3;165660212,1;Female;Alps;Early
D15_2020;KDE99;SI;0,892312991;4;165660212,1;Female;Alps;Early
D15_2020;KDE99;SI;NA;5;165660212,1;Female;Alps;Early
D15_2020;KDE99;SI;NA;6;165660212,1;Female;Alps;Early
D15_2020;KDE99;SI;NA;7;165660212,1;Female;Alps;Early
D15_2020;KDE99;SI;NA;8;165660212,1;Female;Alps;Early
D15_2020;KDE99;SI;NA;9;165660212,1;Female;Alps;Early
D15_2020;KDE99;TI;0,883096413;1;165660212,1;Female;Alps;Early
D15_2020;KDE99;TI;NA;5;165660212,1;Female;Alps;Early
D15_2020;KDE99;TI;NA;7;165660212,1;Female;Alps;Early
D15_2020;KDE99;TI;NA;6;165660212,1;Female;Alps;Early
D15_2020;KDE99;TI;0,991310052;4;165660212,1;Female;Alps;Early
D15_2020;KDE99;TI;NA;8;165660212,1;Female;Alps;Early
D15_2020;KDE99;TI;0,99725512;3;165660212,1;Female;Alps;Early
D15_2020;KDE99;TI;NA;9;165660212,1;Female;Alps;Early
D15_2020;KDE99;TI;0,948518232;2;165660212,1;Female;Alps;Early
HA17_2018;KDE50;LCI;NA;9;4376308,995;Male;Alps;Early
HA17_2018;KDE50;LCI;0,899431775;5;4376308,995;Male;Alps;Early
HA17_2018;KDE50;LCI;0,777869488;2;4376308,995;Male;Alps;Early
HA17_2018;KDE50;LCI;NA;8;4376308,995;Male;Alps;Early
HA17_2018;KDE50;LCI;0,878530959;3;4376308,995;Male;Alps;Early
HA17_2018;KDE50;LCI;0,906002317;7;4376308,995;Male;Alps;Early
HA17_2018;KDE50;LCI;0,900594569;4;4376308,995;Male;Alps;Early
HA17_2018;KDE50;LCI;0,906818099;6;4376308,995;Male;Alps;Early
HA17_2018;KDE50;LCI;0,871509389;1;4376308,995;Male;Alps;Early
HA17_2018;KDE50;SI;0,189920848;1;4376308,995;Male;Alps;Early
HA17_2018;KDE50;SI;0,409900462;2;4376308,995;Male;Alps;Early
HA17_2018;KDE50;SI;0,570535173;3;4376308,995;Male;Alps;Early
HA17_2018;KDE50;SI;0,599099693;4;4376308,995;Male;Alps;Early
HA17_2018;KDE50;SI;0,627452677;5;4376308,995;Male;Alps;Early
HA17_2018;KDE50;SI;0,665616771;6;4376308,995;Male;Alps;Early
HA17_2018;KDE50;SI;0,669112932;7;4376308,995;Male;Alps;Early
HA17_2018;KDE50;SI;NA;8;4376308,995;Male;Alps;Early
HA17_2018;KDE50;SI;NA;9;4376308,995;Male;Alps;Early
HA17_2018;KDE50;TI;NA;9;4376308,995;Male;Alps;Early
HA17_2018;KDE50;TI;0,787555676;5;4376308,995;Male;Alps;Early
HA17_2018;KDE50;TI;0,603260598;2;4376308,995;Male;Alps;Early
HA17_2018;KDE50;TI;NA;8;4376308,995;Male;Alps;Early
HA17_2018;KDE50;TI;0,743973929;3;4376308,995;Male;Alps;Early
HA17_2018;KDE50;TI;0,79104806;7;4376308,995;Male;Alps;Early
HA17_2018;KDE50;TI;0,783719621;4;4376308,995;Male;Alps;Early
HA17_2018;KDE50;TI;0,790600162;6;4376308,995;Male;Alps;Early
HA17_2018;KDE50;TI;0,61415179;1;4376308,995;Male;Alps;Early
HA17_2018;KDE99;LCI;0,939063019;3;56488124,3;Male;Alps;Early
HA17_2018;KDE99;LCI;0,958269421;5;56488124,3;Male;Alps;Early
HA17_2018;KDE99;LCI;NA;9;56488124,3;Male;Alps;Early
HA17_2018;KDE99;LCI;NA;8;56488124,3;Male;Alps;Early
HA17_2018;KDE99;LCI;0,955655143;7;56488124,3;Male;Alps;Early
HA17_2018;KDE99;LCI;0,962382195;4;56488124,3;Male;Alps;Early
HA17_2018;KDE99;LCI;0,922401921;1;56488124,3;Male;Alps;Early
HA17_2018;KDE99;LCI;0,956078223;6;56488124,3;Male;Alps;Early
HA17_2018;KDE99;LCI;0,900961447;2;56488124,3;Male;Alps;Early
HA17_2018;KDE99;SI;0,334653144;1;56488124,3;Male;Alps;Early
HA17_2018;KDE99;SI;0,715869818;2;56488124,3;Male;Alps;Early
HA17_2018;KDE99;SI;0,839441381;3;56488124,3;Male;Alps;Early
HA17_2018;KDE99;SI;0,866527265;4;56488124,3;Male;Alps;Early
HA17_2018;KDE99;SI;0,889905539;5;56488124,3;Male;Alps;Early
HA17_2018;KDE99;SI;0,900726898;6;56488124,3;Male;Alps;Early
HA17_2018;KDE99;SI;0,901280946;7;56488124,3;Male;Alps;Early
HA17_2018;KDE99;SI;NA;8;56488124,3;Male;Alps;Early
HA17_2018;KDE99;SI;NA;9;56488124,3;Male;Alps;Early
HA17_2018;KDE99;TI;0,877518656;3;56488124,3;Male;Alps;Early
HA17_2018;KDE99;TI;0,878352759;5;56488124,3;Male;Alps;Early
HA17_2018;KDE99;TI;NA;9;56488124,3;Male;Alps;Early
HA17_2018;KDE99;TI;NA;8;56488124,3;Male;Alps;Early
HA17_2018;KDE99;TI;0,883565819;7;56488124,3;Male;Alps;Early
HA17_2018;KDE99;TI;0,879755854;4;56488124,3;Male;Alps;Early
HA17_2018;KDE99;TI;0,769521596;1;56488124,3;Male;Alps;Early
HA17_2018;KDE99;TI;0,882205086;6;56488124,3;Male;Alps;Early
HA17_2018;KDE99;TI;0,818973283;2;56488124,3;Male;Alps;Early
HA12_2019;KDE50;LCI;0,872192689;4;6475393,912;Female;Alps;Late
HA12_2019;KDE50;LCI;0,682243204;1;6475393,912;Female;Alps;Late
HA12_2019;KDE50;LCI;0,952036393;6;6475393,912;Female;Alps;Late
HA12_2019;KDE50;LCI;NA;8;6475393,912;Female;Alps;Late
HA12_2019;KDE50;LCI;NA;9;6475393,912;Female;Alps;Late
HA12_2019;KDE50;LCI;0,95694644;7;6475393,912;Female;Alps;Late
HA12_2019;KDE50;LCI;0,820932014;3;6475393,912;Female;Alps;Late
HA12_2019;KDE50;LCI;0,903300474;5;6475393,912;Female;Alps;Late
HA12_2019;KDE50;LCI;0,7746967;2;6475393,912;Female;Alps;Late
HA12_2019;KDE50;SI;0,297654482;1;6475393,912;Female;Alps;Late
HA12_2019;KDE50;SI;0,517089051;2;6475393,912;Female;Alps;Late
HA12_2019;KDE50;SI;0,611266516;3;6475393,912;Female;Alps;Late
HA12_2019;KDE50;SI;0,632991221;4;6475393,912;Female;Alps;Late
HA12_2019;KDE50;SI;0,642590386;5;6475393,912;Female;Alps;Late
HA12_2019;KDE50;SI;0,665373897;6;6475393,912;Female;Alps;Late
HA12_2019;KDE50;SI;0,67758489;7;6475393,912;Female;Alps;Late
HA12_2019;KDE50;SI;NA;8;6475393,912;Female;Alps;Late
HA12_2019;KDE50;SI;NA;9;6475393,912;Female;Alps;Late
HA12_2019;KDE50;TI;0,910099339;4;6475393,912;Female;Alps;Late
HA12_2019;KDE50;TI;0,856901857;1;6475393,912;Female;Alps;Late
HA12_2019;KDE50;TI;0,913750058;6;6475393,912;Female;Alps;Late
HA12_2019;KDE50;TI;NA;8;6475393,912;Female;Alps;Late
HA12_2019;KDE50;TI;NA;9;6475393,912;Female;Alps;Late
HA12_2019;KDE50;TI;0,916567383;7;6475393,912;Female;Alps;Late
HA12_2019;KDE50;TI;0,908306026;3;6475393,912;Female;Alps;Late
HA12_2019;KDE50;TI;0,90836072;5;6475393,912;Female;Alps;Late
HA12_2019;KDE50;TI;0,899920523;2;6475393,912;Female;Alps;Late
HA12_2019;KDE99;LCI;0,894534412;3;60458934,72;Female;Alps;Late
HA12_2019;KDE99;LCI;0,937326206;4;60458934,72;Female;Alps;Late
HA12_2019;KDE99;LCI;0,807209078;1;60458934,72;Female;Alps;Late
HA12_2019;KDE99;LCI;0,961178678;6;60458934,72;Female;Alps;Late
HA12_2019;KDE99;LCI;NA;8;60458934,72;Female;Alps;Late
HA12_2019;KDE99;LCI;0,869710734;2;60458934,72;Female;Alps;Late
HA12_2019;KDE99;LCI;0,962885615;5;60458934,72;Female;Alps;Late
HA12_2019;KDE99;LCI;NA;9;60458934,72;Female;Alps;Late
HA12_2019;KDE99;LCI;0,953463994;7;60458934,72;Female;Alps;Late
HA12_2019;KDE99;SI;0,49472873;1;60458934,72;Female;Alps;Late
HA12_2019;KDE99;SI;0,815756605;2;60458934,72;Female;Alps;Late
HA12_2019;KDE99;SI;0,886822356;3;60458934,72;Female;Alps;Late
HA12_2019;KDE99;SI;0,896419025;4;60458934,72;Female;Alps;Late
HA12_2019;KDE99;SI;0,897068881;5;60458934,72;Female;Alps;Late
HA12_2019;KDE99;SI;0,90204094;6;60458934,72;Female;Alps;Late
HA12_2019;KDE99;SI;0,902495719;7;60458934,72;Female;Alps;Late
HA12_2019;KDE99;SI;NA;8;60458934,72;Female;Alps;Late
HA12_2019;KDE99;SI;NA;9;60458934,72;Female;Alps;Late
HA12_2019;KDE99;TI;0,909640705;3;60458934,72;Female;Alps;Late
HA12_2019;KDE99;TI;0,908148795;4;60458934,72;Female;Alps;Late
HA12_2019;KDE99;TI;0,850059195;1;60458934,72;Female;Alps;Late
HA12_2019;KDE99;TI;0,890125668;6;60458934,72;Female;Alps;Late
HA12_2019;KDE99;TI;NA;8;60458934,72;Female;Alps;Late
HA12_2019;KDE99;TI;0,91208211;2;60458934,72;Female;Alps;Late
HA12_2019;KDE99;TI;0,905210997;5;60458934,72;Female;Alps;Late
HA12_2019;KDE99;TI;NA;9;60458934,72;Female;Alps;Late
HA12_2019;KDE99;TI;0,88795995;7;60458934,72;Female;Alps;Late
HA13_2020;KDE50;LCI;0,689849907;3;3563904,618;Male;Alps;Late
HA13_2020;KDE50;LCI;0,673552173;2;3563904,618;Male;Alps;Late
HA13_2020;KDE50;LCI;0,651809169;1;3563904,618;Male;Alps;Late
HA13_2020;KDE50;LCI;0,817669504;6;3563904,618;Male;Alps;Late
HA13_2020;KDE50;LCI;0,739224046;4;3563904,618;Male;Alps;Late
HA13_2020;KDE50;LCI;0,872198911;7;3563904,618;Male;Alps;Late
HA13_2020;KDE50;LCI;0,782065541;5;3563904,618;Male;Alps;Late
HA13_2020;KDE50;LCI;NA;8;3563904,618;Male;Alps;Late
HA13_2020;KDE50;LCI;NA;9;3563904,618;Male;Alps;Late
HA13_2020;KDE50;SI;0,189775228;1;3563904,618;Male;Alps;Late
HA13_2020;KDE50;SI;0,370158604;2;3563904,618;Male;Alps;Late
HA13_2020;KDE50;SI;0,474138118;3;3563904,618;Male;Alps;Late
HA13_2020;KDE50;SI;0,542801542;4;3563904,618;Male;Alps;Late
HA13_2020;KDE50;SI;0,598815554;5;3563904,618;Male;Alps;Late
HA13_2020;KDE50;SI;0,643312643;6;3563904,618;Male;Alps;Late
HA13_2020;KDE50;SI;0,684332127;7;3563904,618;Male;Alps;Late
HA13_2020;KDE50;SI;NA;8;3563904,618;Male;Alps;Late
HA13_2020;KDE50;SI;NA;9;3563904,618;Male;Alps;Late
HA13_2020;KDE50;TI;0,859082011;3;3563904,618;Male;Alps;Late
HA13_2020;KDE50;TI;0,822470613;2;3563904,618;Male;Alps;Late
HA13_2020;KDE50;TI;0,670399111;1;3563904,618;Male;Alps;Late
HA13_2020;KDE50;TI;0,889363297;6;3563904,618;Male;Alps;Late
HA13_2020;KDE50;TI;0,874828041;4;3563904,618;Male;Alps;Late
HA13_2020;KDE50;TI;0,881426235;7;3563904,618;Male;Alps;Late
HA13_2020;KDE50;TI;0,885396266;5;3563904,618;Male;Alps;Late
HA13_2020;KDE50;TI;NA;8;3563904,618;Male;Alps;Late
HA13_2020;KDE50;TI;NA;9;3563904,618;Male;Alps;Late
HA13_2020;KDE99;LCI;NA;8;56058914,33;Male;Alps;Late
HA13_2020;KDE99;LCI;0,600283598;1;56058914,33;Male;Alps;Late
HA13_2020;KDE99;LCI;0,893499916;7;56058914,33;Male;Alps;Late
HA13_2020;KDE99;LCI;0,8299587;5;56058914,33;Male;Alps;Late
HA13_2020;KDE99;LCI;NA;9;56058914,33;Male;Alps;Late
HA13_2020;KDE99;LCI;0,700420728;2;56058914,33;Male;Alps;Late
HA13_2020;KDE99;LCI;0,751753037;3;56058914,33;Male;Alps;Late
HA13_2020;KDE99;LCI;0,783904192;4;56058914,33;Male;Alps;Late
HA13_2020;KDE99;LCI;0,868112249;6;56058914,33;Male;Alps;Late
HA13_2020;KDE99;SI;0,369327664;1;56058914,33;Male;Alps;Late
HA13_2020;KDE99;SI;0,680029165;2;56058914,33;Male;Alps;Late
HA13_2020;KDE99;SI;0,762254726;3;56058914,33;Male;Alps;Late
HA13_2020;KDE99;SI;0,784842677;4;56058914,33;Male;Alps;Late
HA13_2020;KDE99;SI;0,819445443;5;56058914,33;Male;Alps;Late
HA13_2020;KDE99;SI;0,848138949;6;56058914,33;Male;Alps;Late
HA13_2020;KDE99;SI;0,857918213;7;56058914,33;Male;Alps;Late
HA13_2020;KDE99;SI;NA;8;56058914,33;Male;Alps;Late
HA13_2020;KDE99;SI;NA;9;56058914,33;Male;Alps;Late
HA13_2020;KDE99;TI;NA;8;56058914,33;Male;Alps;Late
HA13_2020;KDE99;TI;0,938777485;1;56058914,33;Male;Alps;Late
HA13_2020;KDE99;TI;0,940733559;7;56058914,33;Male;Alps;Late
HA13_2020;KDE99;TI;0,942886162;5;56058914,33;Male;Alps;Late
HA13_2020;KDE99;TI;NA;9;56058914,33;Male;Alps;Late
HA13_2020;KDE99;TI;0,962232353;2;56058914,33;Male;Alps;Late
HA13_2020;KDE99;TI;0,95367596;3;56058914,33;Male;Alps;Late
HA13_2020;KDE99;TI;0,956034991;4;56058914,33;Male;Alps;Late
HA13_2020;KDE99;TI;0,944760096;6;56058914,33;Male;Alps;Late
HA11_2019;KDE50;LCI;NA;8;6895303,449;Female;Alps;Early
HA11_2019;KDE50;LCI;NA;9;6895303,449;Female;Alps;Early
HA11_2019;KDE50;LCI;0,847680544;3;6895303,449;Female;Alps;Early
HA11_2019;KDE50;LCI;0,860179624;4;6895303,449;Female;Alps;Early
HA11_2019;KDE50;LCI;0,866998048;5;6895303,449;Female;Alps;Early
HA11_2019;KDE50;LCI;0,80278632;2;6895303,449;Female;Alps;Early
HA11_2019;KDE50;LCI;0,868003367;7;6895303,449;Female;Alps;Early
HA11_2019;KDE50;LCI;0,866049167;6;6895303,449;Female;Alps;Early
HA11_2019;KDE50;LCI;0,803280639;1;6895303,449;Female;Alps;Early
HA11_2019;KDE50;SI;0,187422522;1;6895303,449;Female;Alps;Early
HA11_2019;KDE50;SI;0,24317692;2;6895303,449;Female;Alps;Early
HA11_2019;KDE50;SI;0,318533265;3;6895303,449;Female;Alps;Early
HA11_2019;KDE50;SI;0,354967756;4;6895303,449;Female;Alps;Early
HA11_2019;KDE50;SI;0,38228273;5;6895303,449;Female;Alps;Early
HA11_2019;KDE50;SI;0,405148752;6;6895303,449;Female;Alps;Early
HA11_2019;KDE50;SI;0,420356643;7;6895303,449;Female;Alps;Early
HA11_2019;KDE50;SI;NA;8;6895303,449;Female;Alps;Early
HA11_2019;KDE50;SI;NA;9;6895303,449;Female;Alps;Early
HA11_2019;KDE50;TI;NA;8;6895303,449;Female;Alps;Early
HA11_2019;KDE50;TI;NA;9;6895303,449;Female;Alps;Early
HA11_2019;KDE50;TI;0,877805122;3;6895303,449;Female;Alps;Early
HA11_2019;KDE50;TI;0,900430249;4;6895303,449;Female;Alps;Early
HA11_2019;KDE50;TI;0,898292738;5;6895303,449;Female;Alps;Early
HA11_2019;KDE50;TI;0,872873517;2;6895303,449;Female;Alps;Early
HA11_2019;KDE50;TI;0,893469731;7;6895303,449;Female;Alps;Early
HA11_2019;KDE50;TI;0,893528788;6;6895303,449;Female;Alps;Early
HA11_2019;KDE50;TI;0,832786395;1;6895303,449;Female;Alps;Early
HA11_2019;KDE99;LCI;0,819951413;1;50407650,84;Female;Alps;Early
HA11_2019;KDE99;LCI;0,864341683;3;50407650,84;Female;Alps;Early
HA11_2019;KDE99;LCI;0,887790611;4;50407650,84;Female;Alps;Early
HA11_2019;KDE99;LCI;NA;9;50407650,84;Female;Alps;Early
HA11_2019;KDE99;LCI;0,910229856;7;50407650,84;Female;Alps;Early
HA11_2019;KDE99;LCI;NA;8;50407650,84;Female;Alps;Early
HA11_2019;KDE99;LCI;0,811081025;2;50407650,84;Female;Alps;Early
HA11_2019;KDE99;LCI;0,898777787;5;50407650,84;Female;Alps;Early
HA11_2019;KDE99;LCI;0,907006671;6;50407650,84;Female;Alps;Early
HA11_2019;KDE99;SI;0,38081364;1;50407650,84;Female;Alps;Early
HA11_2019;KDE99;SI;0,544599261;2;50407650,84;Female;Alps;Early
HA11_2019;KDE99;SI;0,67230385;3;50407650,84;Female;Alps;Early
HA11_2019;KDE99;SI;0,736540601;4;50407650,84;Female;Alps;Early
HA11_2019;KDE99;SI;0,774433987;5;50407650,84;Female;Alps;Early
HA11_2019;KDE99;SI;0,815114973;6;50407650,84;Female;Alps;Early
HA11_2019;KDE99;SI;0,82966749;7;50407650,84;Female;Alps;Early
HA11_2019;KDE99;SI;NA;8;50407650,84;Female;Alps;Early
HA11_2019;KDE99;SI;NA;9;50407650,84;Female;Alps;Early
HA11_2019;KDE99;TI;0,960140147;1;50407650,84;Female;Alps;Early
HA11_2019;KDE99;TI;0,951899271;3;50407650,84;Female;Alps;Early
HA11_2019;KDE99;TI;0,964595637;4;50407650,84;Female;Alps;Early
HA11_2019;KDE99;TI;NA;9;50407650,84;Female;Alps;Early
HA11_2019;KDE99;TI;0,963686665;7;50407650,84;Female;Alps;Early
HA11_2019;KDE99;TI;NA;8;50407650,84;Female;Alps;Early
HA11_2019;KDE99;TI;0,980227338;2;50407650,84;Female;Alps;Early
HA11_2019;KDE99;TI;0,96521689;5;50407650,84;Female;Alps;Early
HA11_2019;KDE99;TI;0,964485812;6;50407650,84;Female;Alps;Early
H11_2019;KDE50;LCI;NA;6;5321632,328;Male;Massif_Central;Early
H11_2019;KDE50;LCI;NA;5;5321632,328;Male;Massif_Central;Early
H11_2019;KDE50;LCI;0,862347479;3;5321632,328;Male;Massif_Central;Early
H11_2019;KDE50;LCI;NA;4;5321632,328;Male;Massif_Central;Early
H11_2019;KDE50;LCI;NA;8;5321632,328;Male;Massif_Central;Early
H11_2019;KDE50;LCI;0,731135138;1;5321632,328;Male;Massif_Central;Early
H11_2019;KDE50;LCI;NA;7;5321632,328;Male;Massif_Central;Early
H11_2019;KDE50;LCI;0,783708808;2;5321632,328;Male;Massif_Central;Early
H11_2019;KDE50;LCI;NA;9;5321632,328;Male;Massif_Central;Early
H11_2019;KDE50;SI;0,285890648;1;5321632,328;Male;Massif_Central;Early
H11_2019;KDE50;SI;0,674728545;2;5321632,328;Male;Massif_Central;Early
H11_2019;KDE50;SI;0,82621322;3;5321632,328;Male;Massif_Central;Early
H11_2019;KDE50;SI;NA;4;5321632,328;Male;Massif_Central;Early
H11_2019;KDE50;SI;NA;5;5321632,328;Male;Massif_Central;Early
H11_2019;KDE50;SI;NA;6;5321632,328;Male;Massif_Central;Early
H11_2019;KDE50;SI;NA;7;5321632,328;Male;Massif_Central;Early
H11_2019;KDE50;SI;NA;8;5321632,328;Male;Massif_Central;Early
H11_2019;KDE50;SI;NA;9;5321632,328;Male;Massif_Central;Early
H11_2019;KDE50;TI;NA;6;5321632,328;Male;Massif_Central;Early
H11_2019;KDE50;TI;NA;5;5321632,328;Male;Massif_Central;Early
H11_2019;KDE50;TI;0,930147307;3;5321632,328;Male;Massif_Central;Early
H11_2019;KDE50;TI;NA;4;5321632,328;Male;Massif_Central;Early
H11_2019;KDE50;TI;NA;8;5321632,328;Male;Massif_Central;Early
H11_2019;KDE50;TI;0,759974345;1;5321632,328;Male;Massif_Central;Early
H11_2019;KDE50;TI;NA;7;5321632,328;Male;Massif_Central;Early
H11_2019;KDE50;TI;0,910126569;2;5321632,328;Male;Massif_Central;Early
H11_2019;KDE50;TI;NA;9;5321632,328;Male;Massif_Central;Early
H11_2019;KDE99;LCI;NA;4;197986830,2;Male;Massif_Central;Early
H11_2019;KDE99;LCI;NA;8;197986830,2;Male;Massif_Central;Early
H11_2019;KDE99;LCI;NA;9;197986830,2;Male;Massif_Central;Early
H11_2019;KDE99;LCI;0,820663053;3;197986830,2;Male;Massif_Central;Early
H11_2019;KDE99;LCI;NA;5;197986830,2;Male;Massif_Central;Early
H11_2019;KDE99;LCI;0,58395384;1;197986830,2;Male;Massif_Central;Early
H11_2019;KDE99;LCI;NA;7;197986830,2;Male;Massif_Central;Early
H11_2019;KDE99;LCI;0,731235739;2;197986830,2;Male;Massif_Central;Early
H11_2019;KDE99;LCI;NA;6;197986830,2;Male;Massif_Central;Early
H11_2019;KDE99;SI;0,487986554;1;197986830,2;Male;Massif_Central;Early
H11_2019;KDE99;SI;0,876562843;2;197986830,2;Male;Massif_Central;Early
H11_2019;KDE99;SI;0,900570656;3;197986830,2;Male;Massif_Central;Early
H11_2019;KDE99;SI;NA;4;197986830,2;Male;Massif_Central;Early
H11_2019;KDE99;SI;NA;5;197986830,2;Male;Massif_Central;Early
H11_2019;KDE99;SI;NA;6;197986830,2;Male;Massif_Central;Early
H11_2019;KDE99;SI;NA;7;197986830,2;Male;Massif_Central;Early
H11_2019;KDE99;SI;NA;8;197986830,2;Male;Massif_Central;Early
H11_2019;KDE99;SI;NA;9;197986830,2;Male;Massif_Central;Early
H11_2019;KDE99;TI;NA;4;197986830,2;Male;Massif_Central;Early
H11_2019;KDE99;TI;NA;8;197986830,2;Male;Massif_Central;Early
H11_2019;KDE99;TI;NA;9;197986830,2;Male;Massif_Central;Early
H11_2019;KDE99;TI;0,894310574;3;197986830,2;Male;Massif_Central;Early
H11_2019;KDE99;TI;NA;5;197986830,2;Male;Massif_Central;Early
H11_2019;KDE99;TI;0,729171111;1;197986830,2;Male;Massif_Central;Early
H11_2019;KDE99;TI;NA;7;197986830,2;Male;Massif_Central;Early
H11_2019;KDE99;TI;0,811831713;2;197986830,2;Male;Massif_Central;Early
H11_2019;KDE99;TI;NA;6;197986830,2;Male;Massif_Central;Early
H7_2020;KDE50;LCI;NA;5;13164468,54;Female;Massif_Central;Early
H7_2020;KDE50;LCI;NA;8;13164468,54;Female;Massif_Central;Early
H7_2020;KDE50;LCI;0,725184577;4;13164468,54;Female;Massif_Central;Early
H7_2020;KDE50;LCI;0,692625332;3;13164468,54;Female;Massif_Central;Early
H7_2020;KDE50;LCI;NA;7;13164468,54;Female;Massif_Central;Early
H7_2020;KDE50;LCI;NA;6;13164468,54;Female;Massif_Central;Early
H7_2020;KDE50;LCI;NA;1;13164468,54;Female;Massif_Central;Early
H7_2020;KDE50;LCI;0,747103944;2;13164468,54;Female;Massif_Central;Early
H7_2020;KDE50;LCI;NA;9;13164468,54;Female;Massif_Central;Early
H7_2020;KDE50;SI;0,057013903;1;13164468,54;Female;Massif_Central;Early
H7_2020;KDE50;SI;0,362639114;2;13164468,54;Female;Massif_Central;Early
H7_2020;KDE50;SI;0,459682655;3;13164468,54;Female;Massif_Central;Early
H7_2020;KDE50;SI;0,505433233;4;13164468,54;Female;Massif_Central;Early
H7_2020;KDE50;SI;NA;5;13164468,54;Female;Massif_Central;Early
H7_2020;KDE50;SI;NA;6;13164468,54;Female;Massif_Central;Early
H7_2020;KDE50;SI;NA;7;13164468,54;Female;Massif_Central;Early
H7_2020;KDE50;SI;NA;8;13164468,54;Female;Massif_Central;Early
H7_2020;KDE50;SI;NA;9;13164468,54;Female;Massif_Central;Early
H7_2020;KDE50;TI;NA;5;13164468,54;Female;Massif_Central;Early
H7_2020;KDE50;TI;NA;8;13164468,54;Female;Massif_Central;Early
H7_2020;KDE50;TI;0,906173456;4;13164468,54;Female;Massif_Central;Early
H7_2020;KDE50;TI;0,920627874;3;13164468,54;Female;Massif_Central;Early
H7_2020;KDE50;TI;NA;7;13164468,54;Female;Massif_Central;Early
H7_2020;KDE50;TI;NA;6;13164468,54;Female;Massif_Central;Early
H7_2020;KDE50;TI;NA;1;13164468,54;Female;Massif_Central;Early
H7_2020;KDE50;TI;0,843342287;2;13164468,54;Female;Massif_Central;Early
H7_2020;KDE50;TI;NA;9;13164468,54;Female;Massif_Central;Early
H7_2020;KDE99;LCI;NA;7;157590217,4;Female;Massif_Central;Early
H7_2020;KDE99;LCI;0,762866537;3;157590217,4;Female;Massif_Central;Early
H7_2020;KDE99;LCI;NA;6;157590217,4;Female;Massif_Central;Early
H7_2020;KDE99;LCI;0,793699219;4;157590217,4;Female;Massif_Central;Early
H7_2020;KDE99;LCI;0,614449699;1;157590217,4;Female;Massif_Central;Early
H7_2020;KDE99;LCI;NA;5;157590217,4;Female;Massif_Central;Early
H7_2020;KDE99;LCI;NA;8;157590217,4;Female;Massif_Central;Early
H7_2020;KDE99;LCI;NA;9;157590217,4;Female;Massif_Central;Early
H7_2020;KDE99;LCI;0,775875303;2;157590217,4;Female;Massif_Central;Early
H7_2020;KDE99;SI;0,13402981;1;157590217,4;Female;Massif_Central;Early
H7_2020;KDE99;SI;0,589657973;2;157590217,4;Female;Massif_Central;Early
H7_2020;KDE99;SI;0,700909025;3;157590217,4;Female;Massif_Central;Early
H7_2020;KDE99;SI;0,723811025;4;157590217,4;Female;Massif_Central;Early
H7_2020;KDE99;SI;NA;5;157590217,4;Female;Massif_Central;Early
H7_2020;KDE99;SI;NA;6;157590217,4;Female;Massif_Central;Early
H7_2020;KDE99;SI;NA;7;157590217,4;Female;Massif_Central;Early
H7_2020;KDE99;SI;NA;8;157590217,4;Female;Massif_Central;Early
H7_2020;KDE99;SI;NA;9;157590217,4;Female;Massif_Central;Early
H7_2020;KDE99;TI;NA;7;157590217,4;Female;Massif_Central;Early
H7_2020;KDE99;TI;0,91946289;3;157590217,4;Female;Massif_Central;Early
H7_2020;KDE99;TI;NA;6;157590217,4;Female;Massif_Central;Early
H7_2020;KDE99;TI;0,943754747;4;157590217,4;Female;Massif_Central;Early
H7_2020;KDE99;TI;0,69431059;1;157590217,4;Female;Massif_Central;Early
H7_2020;KDE99;TI;NA;5;157590217,4;Female;Massif_Central;Early
H7_2020;KDE99;TI;NA;8;157590217,4;Female;Massif_Central;Early
H7_2020;KDE99;TI;NA;9;157590217,4;Female;Massif_Central;Early
H7_2020;KDE99;TI;0,840859897;2;157590217,4;Female;Massif_Central;Early
H10_2020;KDE50;LCI;0,900694696;3;9019360,66;Female;Massif_Central;Early
H10_2020;KDE50;LCI;0,557948435;1;9019360,66;Female;Massif_Central;Early
H10_2020;KDE50;LCI;0,903879285;5;9019360,66;Female;Massif_Central;Early
H10_2020;KDE50;LCI;NA;8;9019360,66;Female;Massif_Central;Early
H10_2020;KDE50;LCI;0,803416213;2;9019360,66;Female;Massif_Central;Early
H10_2020;KDE50;LCI;0,898712727;4;9019360,66;Female;Massif_Central;Early
H10_2020;KDE50;LCI;NA;9;9019360,66;Female;Massif_Central;Early
H10_2020;KDE50;LCI;NA;6;9019360,66;Female;Massif_Central;Early
H10_2020;KDE50;LCI;NA;7;9019360,66;Female;Massif_Central;Early
H10_2020;KDE50;SI;0,177435681;1;9019360,66;Female;Massif_Central;Early
H10_2020;KDE50;SI;0,483007166;2;9019360,66;Female;Massif_Central;Early
H10_2020;KDE50;SI;0,664935552;3;9019360,66;Female;Massif_Central;Early
H10_2020;KDE50;SI;0,721102466;4;9019360,66;Female;Massif_Central;Early
H10_2020;KDE50;SI;0,714596901;5;9019360,66;Female;Massif_Central;Early
H10_2020;KDE50;SI;NA;6;9019360,66;Female;Massif_Central;Early
H10_2020;KDE50;SI;NA;7;9019360,66;Female;Massif_Central;Early
H10_2020;KDE50;SI;NA;8;9019360,66;Female;Massif_Central;Early
H10_2020;KDE50;SI;NA;9;9019360,66;Female;Massif_Central;Early
H10_2020;KDE50;TI;0,931563164;3;9019360,66;Female;Massif_Central;Early
H10_2020;KDE50;TI;0,998438291;1;9019360,66;Female;Massif_Central;Early
H10_2020;KDE50;TI;0,919063586;5;9019360,66;Female;Massif_Central;Early
H10_2020;KDE50;TI;NA;8;9019360,66;Female;Massif_Central;Early
H10_2020;KDE50;TI;0,988011224;2;9019360,66;Female;Massif_Central;Early
H10_2020;KDE50;TI;0,921468219;4;9019360,66;Female;Massif_Central;Early
H10_2020;KDE50;TI;NA;9;9019360,66;Female;Massif_Central;Early
H10_2020;KDE50;TI;NA;6;9019360,66;Female;Massif_Central;Early
H10_2020;KDE50;TI;NA;7;9019360,66;Female;Massif_Central;Early
H10_2020;KDE99;LCI;NA;8;136957966,1;Female;Massif_Central;Early
H10_2020;KDE99;LCI;0,931923101;5;136957966,1;Female;Massif_Central;Early
H10_2020;KDE99;LCI;NA;7;136957966,1;Female;Massif_Central;Early
H10_2020;KDE99;LCI;0,912978478;3;136957966,1;Female;Massif_Central;Early
H10_2020;KDE99;LCI;0,618774763;1;136957966,1;Female;Massif_Central;Early
H10_2020;KDE99;LCI;0,815377898;2;136957966,1;Female;Massif_Central;Early
H10_2020;KDE99;LCI;0,926650507;4;136957966,1;Female;Massif_Central;Early
H10_2020;KDE99;LCI;NA;9;136957966,1;Female;Massif_Central;Early
H10_2020;KDE99;LCI;NA;6;136957966,1;Female;Massif_Central;Early
H10_2020;KDE99;SI;0,29414682;1;136957966,1;Female;Massif_Central;Early
H10_2020;KDE99;SI;0,736869051;2;136957966,1;Female;Massif_Central;Early
H10_2020;KDE99;SI;0,871573855;3;136957966,1;Female;Massif_Central;Early
H10_2020;KDE99;SI;0,899503237;4;136957966,1;Female;Massif_Central;Early
H10_2020;KDE99;SI;0,898262699;5;136957966,1;Female;Massif_Central;Early
H10_2020;KDE99;SI;NA;6;136957966,1;Female;Massif_Central;Early
H10_2020;KDE99;SI;NA;7;136957966,1;Female;Massif_Central;Early
H10_2020;KDE99;SI;NA;8;136957966,1;Female;Massif_Central;Early
H10_2020;KDE99;SI;NA;9;136957966,1;Female;Massif_Central;Early
H10_2020;KDE99;TI;NA;8;136957966,1;Female;Massif_Central;Early
H10_2020;KDE99;TI;0,956560448;5;136957966,1;Female;Massif_Central;Early
H10_2020;KDE99;TI;NA;7;136957966,1;Female;Massif_Central;Early
H10_2020;KDE99;TI;0,956607827;3;136957966,1;Female;Massif_Central;Early
H10_2020;KDE99;TI;0,93193418;1;136957966,1;Female;Massif_Central;Early
H10_2020;KDE99;TI;0,998582846;2;136957966,1;Female;Massif_Central;Early
H10_2020;KDE99;TI;0,959652591;4;136957966,1;Female;Massif_Central;Early
H10_2020;KDE99;TI;NA;9;136957966,1;Female;Massif_Central;Early
H10_2020;KDE99;TI;NA;6;136957966,1;Female;Massif_Central;Early
A4_2020;KDE50;LCI;0,833023414;4;21324574,62;Male;Massif_Central;Early
A4_2020;KDE50;LCI;NA;7;21324574,62;Male;Massif_Central;Early
A4_2020;KDE50;LCI;0,945022361;2;21324574,62;Male;Massif_Central;Early
A4_2020;KDE50;LCI;0,823614439;6;21324574,62;Male;Massif_Central;Early
A4_2020;KDE50;LCI;NA;8;21324574,62;Male;Massif_Central;Early
A4_2020;KDE50;LCI;NA;9;21324574,62;Male;Massif_Central;Early
A4_2020;KDE50;LCI;0,825382617;5;21324574,62;Male;Massif_Central;Early
A4_2020;KDE50;LCI;0,928505101;1;21324574,62;Male;Massif_Central;Early
A4_2020;KDE50;LCI;0,84327414;3;21324574,62;Male;Massif_Central;Early
A4_2020;KDE50;SI;0,330211131;1;21324574,62;Male;Massif_Central;Early
A4_2020;KDE50;SI;0,365364425;2;21324574,62;Male;Massif_Central;Early
A4_2020;KDE50;SI;0,313387032;3;21324574,62;Male;Massif_Central;Early
A4_2020;KDE50;SI;0,321452414;4;21324574,62;Male;Massif_Central;Early
A4_2020;KDE50;SI;0,329908589;5;21324574,62;Male;Massif_Central;Early
A4_2020;KDE50;SI;0,329817278;6;21324574,62;Male;Massif_Central;Early
A4_2020;KDE50;SI;NA;7;21324574,62;Male;Massif_Central;Early
A4_2020;KDE50;SI;NA;8;21324574,62;Male;Massif_Central;Early
A4_2020;KDE50;SI;NA;9;21324574,62;Male;Massif_Central;Early
A4_2020;KDE50;TI;0,836718397;4;21324574,62;Male;Massif_Central;Early
A4_2020;KDE50;TI;NA;7;21324574,62;Male;Massif_Central;Early
A4_2020;KDE50;TI;0,8798201;2;21324574,62;Male;Massif_Central;Early
A4_2020;KDE50;TI;0,840867652;6;21324574,62;Male;Massif_Central;Early
A4_2020;KDE50;TI;NA;8;21324574,62;Male;Massif_Central;Early
A4_2020;KDE50;TI;NA;9;21324574,62;Male;Massif_Central;Early
A4_2020;KDE50;TI;0,839241988;5;21324574,62;Male;Massif_Central;Early
A4_2020;KDE50;TI;0,854332167;1;21324574,62;Male;Massif_Central;Early
A4_2020;KDE50;TI;0,834431665;3;21324574,62;Male;Massif_Central;Early
A4_2020;KDE99;LCI;0,891513652;5;228156098,4;Male;Massif_Central;Early
A4_2020;KDE99;LCI;NA;7;228156098,4;Male;Massif_Central;Early
A4_2020;KDE99;LCI;0,900748014;3;228156098,4;Male;Massif_Central;Early
A4_2020;KDE99;LCI;0,961144172;1;228156098,4;Male;Massif_Central;Early
A4_2020;KDE99;LCI;0,896516228;4;228156098,4;Male;Massif_Central;Early
A4_2020;KDE99;LCI;NA;9;228156098,4;Male;Massif_Central;Early
A4_2020;KDE99;LCI;0,88993603;6;228156098,4;Male;Massif_Central;Early
A4_2020;KDE99;LCI;NA;8;228156098,4;Male;Massif_Central;Early
A4_2020;KDE99;LCI;0,981405513;2;228156098,4;Male;Massif_Central;Early
A4_2020;KDE99;SI;0,470086384;1;228156098,4;Male;Massif_Central;Early
A4_2020;KDE99;SI;0,553424776;2;228156098,4;Male;Massif_Central;Early
A4_2020;KDE99;SI;0,540850841;3;228156098,4;Male;Massif_Central;Early
A4_2020;KDE99;SI;0,57431015;4;228156098,4;Male;Massif_Central;Early
A4_2020;KDE99;SI;0,594244251;5;228156098,4;Male;Massif_Central;Early
A4_2020;KDE99;SI;0,594506694;6;228156098,4;Male;Massif_Central;Early
A4_2020;KDE99;SI;NA;7;228156098,4;Male;Massif_Central;Early
A4_2020;KDE99;SI;NA;8;228156098,4;Male;Massif_Central;Early
A4_2020;KDE99;SI;NA;9;228156098,4;Male;Massif_Central;Early
A4_2020;KDE99;TI;0,88163492;5;228156098,4;Male;Massif_Central;Early
A4_2020;KDE99;TI;NA;7;228156098,4;Male;Massif_Central;Early
A4_2020;KDE99;TI;0,873662615;3;228156098,4;Male;Massif_Central;Early
A4_2020;KDE99;TI;0,902918405;1;228156098,4;Male;Massif_Central;Early
A4_2020;KDE99;TI;0,877448137;4;228156098,4;Male;Massif_Central;Early
A4_2020;KDE99;TI;NA;9;228156098,4;Male;Massif_Central;Early
A4_2020;KDE99;TI;0,88282495;6;228156098,4;Male;Massif_Central;Early
A4_2020;KDE99;TI;NA;8;228156098,4;Male;Massif_Central;Early
A4_2020;KDE99;TI;0,919796822;2;228156098,4;Male;Massif_Central;Early
A6_2020_1;KDE50;LCI;0,819183296;1;6455357,583;Female;Massif_Central;Early
A6_2020_1;KDE50;LCI;0,933353907;3;6455357,583;Female;Massif_Central;Early
A6_2020_1;KDE50;LCI;0,93299836;4;6455357,583;Female;Massif_Central;Early
A6_2020_1;KDE50;LCI;NA;8;6455357,583;Female;Massif_Central;Early
A6_2020_1;KDE50;LCI;0,892584236;2;6455357,583;Female;Massif_Central;Early
A6_2020_1;KDE50;LCI;NA;7;6455357,583;Female;Massif_Central;Early
A6_2020_1;KDE50;LCI;NA;6;6455357,583;Female;Massif_Central;Early
A6_2020_1;KDE50;LCI;0,932631458;5;6455357,583;Female;Massif_Central;Early
A6_2020_1;KDE50;LCI;NA;9;6455357,583;Female;Massif_Central;Early
A6_2020_1;KDE50;SI;0,25094559;1;6455357,583;Female;Massif_Central;Early
A6_2020_1;KDE50;SI;0,402956964;2;6455357,583;Female;Massif_Central;Early
A6_2020_1;KDE50;SI;0,616702294;3;6455357,583;Female;Massif_Central;Early
A6_2020_1;KDE50;SI;0,673196151;4;6455357,583;Female;Massif_Central;Early
A6_2020_1;KDE50;SI;0,702097278;5;6455357,583;Female;Massif_Central;Early
A6_2020_1;KDE50;SI;NA;6;6455357,583;Female;Massif_Central;Early
A6_2020_1;KDE50;SI;NA;7;6455357,583;Female;Massif_Central;Early
A6_2020_1;KDE50;SI;NA;8;6455357,583;Female;Massif_Central;Early
A6_2020_1;KDE50;SI;NA;9;6455357,583;Female;Massif_Central;Early
A6_2020_1;KDE50;TI;0,751804152;1;6455357,583;Female;Massif_Central;Early
A6_2020_1;KDE50;TI;0,883916122;3;6455357,583;Female;Massif_Central;Early
A6_2020_1;KDE50;TI;0,88715256;4;6455357,583;Female;Massif_Central;Early
A6_2020_1;KDE50;TI;NA;8;6455357,583;Female;Massif_Central;Early
A6_2020_1;KDE50;TI;0,854888826;2;6455357,583;Female;Massif_Central;Early
A6_2020_1;KDE50;TI;NA;7;6455357,583;Female;Massif_Central;Early
A6_2020_1;KDE50;TI;NA;6;6455357,583;Female;Massif_Central;Early
A6_2020_1;KDE50;TI;0,902977249;5;6455357,583;Female;Massif_Central;Early
A6_2020_1;KDE50;TI;NA;9;6455357,583;Female;Massif_Central;Early
A6_2020_1;KDE99;LCI;0,813383252;2;193941772,9;Female;Massif_Central;Early
A6_2020_1;KDE99;LCI;NA;8;193941772,9;Female;Massif_Central;Early
A6_2020_1;KDE99;LCI;NA;6;193941772,9;Female;Massif_Central;Early
A6_2020_1;KDE99;LCI;0,746753253;1;193941772,9;Female;Massif_Central;Early
A6_2020_1;KDE99;LCI;0,949613343;5;193941772,9;Female;Massif_Central;Early
A6_2020_1;KDE99;LCI;NA;9;193941772,9;Female;Massif_Central;Early
A6_2020_1;KDE99;LCI;NA;7;193941772,9;Female;Massif_Central;Early
A6_2020_1;KDE99;LCI;0,942224835;4;193941772,9;Female;Massif_Central;Early
A6_2020_1;KDE99;LCI;0,93409977;3;193941772,9;Female;Massif_Central;Early
A6_2020_1;KDE99;SI;0,359530846;1;193941772,9;Female;Massif_Central;Early
A6_2020_1;KDE99;SI;0,59048458;2;193941772,9;Female;Massif_Central;Early
A6_2020_1;KDE99;SI;0,855989431;3;193941772,9;Female;Massif_Central;Early
A6_2020_1;KDE99;SI;0,885168827;4;193941772,9;Female;Massif_Central;Early
A6_2020_1;KDE99;SI;0,899647435;5;193941772,9;Female;Massif_Central;Early
A6_2020_1;KDE99;SI;NA;6;193941772,9;Female;Massif_Central;Early
A6_2020_1;KDE99;SI;NA;7;193941772,9;Female;Massif_Central;Early
A6_2020_1;KDE99;SI;NA;8;193941772,9;Female;Massif_Central;Early
A6_2020_1;KDE99;SI;NA;9;193941772,9;Female;Massif_Central;Early
A6_2020_1;KDE99;TI;0,936475681;2;193941772,9;Female;Massif_Central;Early
A6_2020_1;KDE99;TI;NA;8;193941772,9;Female;Massif_Central;Early
A6_2020_1;KDE99;TI;NA;6;193941772,9;Female;Massif_Central;Early
A6_2020_1;KDE99;TI;0,86772676;1;193941772,9;Female;Massif_Central;Early
A6_2020_1;KDE99;TI;0,943276893;5;193941772,9;Female;Massif_Central;Early
A6_2020_1;KDE99;TI;NA;9;193941772,9;Female;Massif_Central;Early
A6_2020_1;KDE99;TI;NA;7;193941772,9;Female;Massif_Central;Early
A6_2020_1;KDE99;TI;0,935652261;4;193941772,9;Female;Massif_Central;Early
A6_2020_1;KDE99;TI;0,934874377;3;193941772,9;Female;Massif_Central;Early
A6_2020_2;KDE50;LCI;NA;9;6455357,583;Female;Massif_Central;Early
A6_2020_2;KDE50;LCI;0,988599312;1;6455357,583;Female;Massif_Central;Early
A6_2020_2;KDE50;LCI;0,987451253;3;6455357,583;Female;Massif_Central;Early
A6_2020_2;KDE50;LCI;NA;6;6455357,583;Female;Massif_Central;Early
A6_2020_2;KDE50;LCI;NA;8;6455357,583;Female;Massif_Central;Early
A6_2020_2;KDE50;LCI;0,952141018;2;6455357,583;Female;Massif_Central;Early
A6_2020_2;KDE50;LCI;0,992443569;4;6455357,583;Female;Massif_Central;Early
A6_2020_2;KDE50;LCI;NA;5;6455357,583;Female;Massif_Central;Early
A6_2020_2;KDE50;LCI;NA;7;6455357,583;Female;Massif_Central;Early
A6_2020_2;KDE50;SI;0,035170525;1;6455357,583;Female;Massif_Central;Early
A6_2020_2;KDE50;SI;0,1039799;2;6455357,583;Female;Massif_Central;Early
A6_2020_2;KDE50;SI;0,236230301;3;6455357,583;Female;Massif_Central;Early
A6_2020_2;KDE50;SI;0,255911863;4;6455357,583;Female;Massif_Central;Early
A6_2020_2;KDE50;SI;NA;5;6455357,583;Female;Massif_Central;Early
A6_2020_2;KDE50;SI;NA;6;6455357,583;Female;Massif_Central;Early
A6_2020_2;KDE50;SI;NA;7;6455357,583;Female;Massif_Central;Early
A6_2020_2;KDE50;SI;NA;8;6455357,583;Female;Massif_Central;Early
A6_2020_2;KDE50;SI;NA;9;6455357,583;Female;Massif_Central;Early
A6_2020_2;KDE50;TI;NA;9;6455357,583;Female;Massif_Central;Early
A6_2020_2;KDE50;TI;0,737118932;1;6455357,583;Female;Massif_Central;Early
A6_2020_2;KDE50;TI;0,885471801;3;6455357,583;Female;Massif_Central;Early
A6_2020_2;KDE50;TI;NA;6;6455357,583;Female;Massif_Central;Early
A6_2020_2;KDE50;TI;NA;8;6455357,583;Female;Massif_Central;Early
A6_2020_2;KDE50;TI;0,797239829;2;6455357,583;Female;Massif_Central;Early
A6_2020_2;KDE50;TI;0,885568213;4;6455357,583;Female;Massif_Central;Early
A6_2020_2;KDE50;TI;NA;5;6455357,583;Female;Massif_Central;Early
A6_2020_2;KDE50;TI;NA;7;6455357,583;Female;Massif_Central;Early
A6_2020_2;KDE99;LCI;0,879034809;3;193941772,9;Female;Massif_Central;Early
A6_2020_2;KDE99;LCI;NA;6;193941772,9;Female;Massif_Central;Early
A6_2020_2;KDE99;LCI;0,879272434;4;193941772,9;Female;Massif_Central;Early
A6_2020_2;KDE99;LCI;0,864425084;1;193941772,9;Female;Massif_Central;Early
A6_2020_2;KDE99;LCI;NA;7;193941772,9;Female;Massif_Central;Early
A6_2020_2;KDE99;LCI;NA;9;193941772,9;Female;Massif_Central;Early
A6_2020_2;KDE99;LCI;0,861677488;2;193941772,9;Female;Massif_Central;Early
A6_2020_2;KDE99;LCI;NA;5;193941772,9;Female;Massif_Central;Early
A6_2020_2;KDE99;LCI;NA;8;193941772,9;Female;Massif_Central;Early
A6_2020_2;KDE99;SI;0,166014694;1;193941772,9;Female;Massif_Central;Early
A6_2020_2;KDE99;SI;0,315994355;2;193941772,9;Female;Massif_Central;Early
A6_2020_2;KDE99;SI;0,586308872;3;193941772,9;Female;Massif_Central;Early
A6_2020_2;KDE99;SI;0,614793659;4;193941772,9;Female;Massif_Central;Early
A6_2020_2;KDE99;SI;NA;5;193941772,9;Female;Massif_Central;Early
A6_2020_2;KDE99;SI;NA;6;193941772,9;Female;Massif_Central;Early
A6_2020_2;KDE99;SI;NA;7;193941772,9;Female;Massif_Central;Early
A6_2020_2;KDE99;SI;NA;8;193941772,9;Female;Massif_Central;Early
A6_2020_2;KDE99;SI;NA;9;193941772,9;Female;Massif_Central;Early
A6_2020_2;KDE99;TI;0,94939621;3;193941772,9;Female;Massif_Central;Early
A6_2020_2;KDE99;TI;NA;6;193941772,9;Female;Massif_Central;Early
A6_2020_2;KDE99;TI;0,949316543;4;193941772,9;Female;Massif_Central;Early
A6_2020_2;KDE99;TI;0,925772502;1;193941772,9;Female;Massif_Central;Early
A6_2020_2;KDE99;TI;NA;7;193941772,9;Female;Massif_Central;Early
A6_2020_2;KDE99;TI;NA;9;193941772,9;Female;Massif_Central;Early
A6_2020_2;KDE99;TI;0,950489914;2;193941772,9;Female;Massif_Central;Early
A6_2020_2;KDE99;TI;NA;5;193941772,9;Female;Massif_Central;Early
A6_2020_2;KDE99;TI;NA;8;193941772,9;Female;Massif_Central;Early
H6_2021;KDE50;LCI;NA;6;10511331,96;Female;Massif_Central;Early
H6_2021;KDE50;LCI;0,652095368;2;10511331,96;Female;Massif_Central;Early
H6_2021;KDE50;LCI;0,673397908;4;10511331,96;Female;Massif_Central;Early
H6_2021;KDE50;LCI;0,678543599;5;10511331,96;Female;Massif_Central;Early
H6_2021;KDE50;LCI;NA;9;10511331,96;Female;Massif_Central;Early
H6_2021;KDE50;LCI;0,667490392;3;10511331,96;Female;Massif_Central;Early
H6_2021;KDE50;LCI;NA;7;10511331,96;Female;Massif_Central;Early
H6_2021;KDE50;LCI;0,616735478;1;10511331,96;Female;Massif_Central;Early
H6_2021;KDE50;LCI;NA;8;10511331,96;Female;Massif_Central;Early
H6_2021;KDE50;SI;0,08083624;1;10511331,96;Female;Massif_Central;Early
H6_2021;KDE50;SI;0,282455316;2;10511331,96;Female;Massif_Central;Early
H6_2021;KDE50;SI;0,455702522;3;10511331,96;Female;Massif_Central;Early
H6_2021;KDE50;SI;0,57859255;4;10511331,96;Female;Massif_Central;Early
H6_2021;KDE50;SI;0,628963565;5;10511331,96;Female;Massif_Central;Early
H6_2021;KDE50;SI;NA;6;10511331,96;Female;Massif_Central;Early
H6_2021;KDE50;SI;NA;7;10511331,96;Female;Massif_Central;Early
H6_2021;KDE50;SI;NA;8;10511331,96;Female;Massif_Central;Early
H6_2021;KDE50;SI;NA;9;10511331,96;Female;Massif_Central;Early
H6_2021;KDE50;TI;NA;6;10511331,96;Female;Massif_Central;Early
H6_2021;KDE50;TI;0,900993207;2;10511331,96;Female;Massif_Central;Early
H6_2021;KDE50;TI;0,902584261;4;10511331,96;Female;Massif_Central;Early
H6_2021;KDE50;TI;0,897172129;5;10511331,96;Female;Massif_Central;Early
H6_2021;KDE50;TI;NA;9;10511331,96;Female;Massif_Central;Early
H6_2021;KDE50;TI;0,913249712;3;10511331,96;Female;Massif_Central;Early
H6_2021;KDE50;TI;NA;7;10511331,96;Female;Massif_Central;Early
H6_2021;KDE50;TI;0,76123156;1;10511331,96;Female;Massif_Central;Early
H6_2021;KDE50;TI;NA;8;10511331,96;Female;Massif_Central;Early
H6_2021;KDE99;LCI;0,736384409;4;175153796,7;Female;Massif_Central;Early
H6_2021;KDE99;LCI;NA;6;175153796,7;Female;Massif_Central;Early
H6_2021;KDE99;LCI;NA;8;175153796,7;Female;Massif_Central;Early
H6_2021;KDE99;LCI;0,613160254;1;175153796,7;Female;Massif_Central;Early
H6_2021;KDE99;LCI;0,74771622;5;175153796,7;Female;Massif_Central;Early
H6_2021;KDE99;LCI;0,730375479;3;175153796,7;Female;Massif_Central;Early
H6_2021;KDE99;LCI;NA;9;175153796,7;Female;Massif_Central;Early
H6_2021;KDE99;LCI;NA;7;175153796,7;Female;Massif_Central;Early
H6_2021;KDE99;LCI;0,668260635;2;175153796,7;Female;Massif_Central;Early
H6_2021;KDE99;SI;0,165591141;1;175153796,7;Female;Massif_Central;Early
H6_2021;KDE99;SI;0,498842709;2;175153796,7;Female;Massif_Central;Early
H6_2021;KDE99;SI;0,760496149;3;175153796,7;Female;Massif_Central;Early
H6_2021;KDE99;SI;0,825463359;4;175153796,7;Female;Massif_Central;Early
H6_2021;KDE99;SI;0,846015827;5;175153796,7;Female;Massif_Central;Early
H6_2021;KDE99;SI;NA;6;175153796,7;Female;Massif_Central;Early
H6_2021;KDE99;SI;NA;7;175153796,7;Female;Massif_Central;Early
H6_2021;KDE99;SI;NA;8;175153796,7;Female;Massif_Central;Early
H6_2021;KDE99;SI;NA;9;175153796,7;Female;Massif_Central;Early
H6_2021;KDE99;TI;0,953118173;4;175153796,7;Female;Massif_Central;Early
H6_2021;KDE99;TI;NA;6;175153796,7;Female;Massif_Central;Early
H6_2021;KDE99;TI;NA;8;175153796,7;Female;Massif_Central;Early
H6_2021;KDE99;TI;0,929273652;1;175153796,7;Female;Massif_Central;Early
H6_2021;KDE99;TI;0,950289698;5;175153796,7;Female;Massif_Central;Early
H6_2021;KDE99;TI;0,9636319;3;175153796,7;Female;Massif_Central;Early
H6_2021;KDE99;TI;NA;9;175153796,7;Female;Massif_Central;Early
H6_2021;KDE99;TI;NA;7;175153796,7;Female;Massif_Central;Early
H6_2021;KDE99;TI;0,938742784;2;175153796,7;Female;Massif_Central;Early
HA17_2020;KDE50;LCI;0,854815516;4;4376308,995;Male;Alps;Early
HA17_2020;KDE50;LCI;0,789649123;1;4376308,995;Male;Alps;Early
HA17_2020;KDE50;LCI;0,852859031;3;4376308,995;Male;Alps;Early
HA17_2020;KDE50;LCI;NA;5;4376308,995;Male;Alps;Early
HA17_2020;KDE50;LCI;0,814798963;2;4376308,995;Male;Alps;Early
HA17_2020;KDE50;LCI;NA;7;4376308,995;Male;Alps;Early
HA17_2020;KDE50;LCI;NA;6;4376308,995;Male;Alps;Early
HA17_2020;KDE50;LCI;NA;9;4376308,995;Male;Alps;Early
HA17_2020;KDE50;LCI;NA;8;4376308,995;Male;Alps;Early
HA17_2020;KDE50;SI;0,39873472;1;4376308,995;Male;Alps;Early
HA17_2020;KDE50;SI;0,598664699;2;4376308,995;Male;Alps;Early
HA17_2020;KDE50;SI;0,736779664;3;4376308,995;Male;Alps;Early
HA17_2020;KDE50;SI;0,746459179;4;4376308,995;Male;Alps;Early
HA17_2020;KDE50;SI;NA;5;4376308,995;Male;Alps;Early
HA17_2020;KDE50;SI;NA;6;4376308,995;Male;Alps;Early
HA17_2020;KDE50;SI;NA;7;4376308,995;Male;Alps;Early
HA17_2020;KDE50;SI;NA;8;4376308,995;Male;Alps;Early
HA17_2020;KDE50;SI;NA;9;4376308,995;Male;Alps;Early
HA17_2020;KDE50;TI;0,899686149;4;4376308,995;Male;Alps;Early
HA17_2020;KDE50;TI;0,853139274;1;4376308,995;Male;Alps;Early
HA17_2020;KDE50;TI;0,869783323;3;4376308,995;Male;Alps;Early
HA17_2020;KDE50;TI;NA;5;4376308,995;Male;Alps;Early
HA17_2020;KDE50;TI;0,884036858;2;4376308,995;Male;Alps;Early
HA17_2020;KDE50;TI;NA;7;4376308,995;Male;Alps;Early
HA17_2020;KDE50;TI;NA;6;4376308,995;Male;Alps;Early
HA17_2020;KDE50;TI;NA;9;4376308,995;Male;Alps;Early
HA17_2020;KDE50;TI;NA;8;4376308,995;Male;Alps;Early
HA17_2020;KDE99;LCI;NA;5;56488124,3;Male;Alps;Early
HA17_2020;KDE99;LCI;NA;6;56488124,3;Male;Alps;Early
HA17_2020;KDE99;LCI;NA;7;56488124,3;Male;Alps;Early
HA17_2020;KDE99;LCI;NA;9;56488124,3;Male;Alps;Early
HA17_2020;KDE99;LCI;NA;8;56488124,3;Male;Alps;Early
HA17_2020;KDE99;LCI;0,858134709;2;56488124,3;Male;Alps;Early
HA17_2020;KDE99;LCI;0,890784006;4;56488124,3;Male;Alps;Early
HA17_2020;KDE99;LCI;0,880668633;1;56488124,3;Male;Alps;Early
HA17_2020;KDE99;LCI;0,883164456;3;56488124,3;Male;Alps;Early
HA17_2020;KDE99;SI;0,580960683;1;56488124,3;Male;Alps;Early
HA17_2020;KDE99;SI;0,836964601;2;56488124,3;Male;Alps;Early
HA17_2020;KDE99;SI;0,916520316;3;56488124,3;Male;Alps;Early
HA17_2020;KDE99;SI;0,932624447;4;56488124,3;Male;Alps;Early
HA17_2020;KDE99;SI;NA;5;56488124,3;Male;Alps;Early
HA17_2020;KDE99;SI;NA;6;56488124,3;Male;Alps;Early
HA17_2020;KDE99;SI;NA;7;56488124,3;Male;Alps;Early
HA17_2020;KDE99;SI;NA;8;56488124,3;Male;Alps;Early
HA17_2020;KDE99;SI;NA;9;56488124,3;Male;Alps;Early
HA17_2020;KDE99;TI;NA;5;56488124,3;Male;Alps;Early
HA17_2020;KDE99;TI;NA;6;56488124,3;Male;Alps;Early
HA17_2020;KDE99;TI;NA;7;56488124,3;Male;Alps;Early
HA17_2020;KDE99;TI;NA;9;56488124,3;Male;Alps;Early
HA17_2020;KDE99;TI;NA;8;56488124,3;Male;Alps;Early
HA17_2020;KDE99;TI;0,92100076;2;56488124,3;Male;Alps;Early
HA17_2020;KDE99;TI;0,931741752;4;56488124,3;Male;Alps;Early
HA17_2020;KDE99;TI;0,921840917;1;56488124,3;Male;Alps;Early
HA17_2020;KDE99;TI;0,906021797;3;56488124,3;Male;Alps;Early
HA1_2020;KDE50;LCI;0,566988067;2;6347489,62;Female;Alps;Early
HA1_2020;KDE50;LCI;NA;4;6347489,62;Female;Alps;Early
HA1_2020;KDE50;LCI;NA;7;6347489,62;Female;Alps;Early
HA1_2020;KDE50;LCI;NA;6;6347489,62;Female;Alps;Early
HA1_2020;KDE50;LCI;0,535256295;1;6347489,62;Female;Alps;Early
HA1_2020;KDE50;LCI;NA;5;6347489,62;Female;Alps;Early
HA1_2020;KDE50;LCI;NA;8;6347489,62;Female;Alps;Early
HA1_2020;KDE50;LCI;NA;9;6347489,62;Female;Alps;Early
HA1_2020;KDE50;LCI;NA;3;6347489,62;Female;Alps;Early
HA1_2020;KDE50;SI;0,15152388;1;6347489,62;Female;Alps;Early
HA1_2020;KDE50;SI;0,221567076;2;6347489,62;Female;Alps;Early
HA1_2020;KDE50;SI;NA;3;6347489,62;Female;Alps;Early
HA1_2020;KDE50;SI;NA;4;6347489,62;Female;Alps;Early
HA1_2020;KDE50;SI;NA;5;6347489,62;Female;Alps;Early
HA1_2020;KDE50;SI;NA;6;6347489,62;Female;Alps;Early
HA1_2020;KDE50;SI;NA;7;6347489,62;Female;Alps;Early
HA1_2020;KDE50;SI;NA;8;6347489,62;Female;Alps;Early
HA1_2020;KDE50;SI;NA;9;6347489,62;Female;Alps;Early
HA1_2020;KDE50;TI;0,914676774;2;6347489,62;Female;Alps;Early
HA1_2020;KDE50;TI;NA;4;6347489,62;Female;Alps;Early
HA1_2020;KDE50;TI;NA;7;6347489,62;Female;Alps;Early
HA1_2020;KDE50;TI;NA;6;6347489,62;Female;Alps;Early
HA1_2020;KDE50;TI;0,901795374;1;6347489,62;Female;Alps;Early
HA1_2020;KDE50;TI;NA;5;6347489,62;Female;Alps;Early
HA1_2020;KDE50;TI;NA;8;6347489,62;Female;Alps;Early
HA1_2020;KDE50;TI;NA;9;6347489,62;Female;Alps;Early
HA1_2020;KDE50;TI;NA;3;6347489,62;Female;Alps;Early
HA1_2020;KDE99;LCI;NA;7;58118923,95;Female;Alps;Early
HA1_2020;KDE99;LCI;NA;3;58118923,95;Female;Alps;Early
HA1_2020;KDE99;LCI;NA;6;58118923,95;Female;Alps;Early
HA1_2020;KDE99;LCI;0,655056;1;58118923,95;Female;Alps;Early
HA1_2020;KDE99;LCI;NA;8;58118923,95;Female;Alps;Early
HA1_2020;KDE99;LCI;0,724525138;2;58118923,95;Female;Alps;Early
HA1_2020;KDE99;LCI;NA;5;58118923,95;Female;Alps;Early
HA1_2020;KDE99;LCI;NA;9;58118923,95;Female;Alps;Early
HA1_2020;KDE99;LCI;NA;4;58118923,95;Female;Alps;Early
HA1_2020;KDE99;SI;0,292818153;1;58118923,95;Female;Alps;Early
HA1_2020;KDE99;SI;0,3923988;2;58118923,95;Female;Alps;Early
HA1_2020;KDE99;SI;NA;3;58118923,95;Female;Alps;Early
HA1_2020;KDE99;SI;NA;4;58118923,95;Female;Alps;Early
HA1_2020;KDE99;SI;NA;5;58118923,95;Female;Alps;Early
HA1_2020;KDE99;SI;NA;6;58118923,95;Female;Alps;Early
HA1_2020;KDE99;SI;NA;7;58118923,95;Female;Alps;Early
HA1_2020;KDE99;SI;NA;8;58118923,95;Female;Alps;Early
HA1_2020;KDE99;SI;NA;9;58118923,95;Female;Alps;Early
HA1_2020;KDE99;TI;NA;7;58118923,95;Female;Alps;Early
HA1_2020;KDE99;TI;NA;3;58118923,95;Female;Alps;Early
HA1_2020;KDE99;TI;NA;6;58118923,95;Female;Alps;Early
HA1_2020;KDE99;TI;0,912142214;1;58118923,95;Female;Alps;Early
HA1_2020;KDE99;TI;NA;8;58118923,95;Female;Alps;Early
HA1_2020;KDE99;TI;0,899788108;2;58118923,95;Female;Alps;Early
HA1_2020;KDE99;TI;NA;5;58118923,95;Female;Alps;Early
HA1_2020;KDE99;TI;NA;9;58118923,95;Female;Alps;Early
HA1_2020;KDE99;TI;NA;4;58118923,95;Female;Alps;Early
HA9_2020;KDE50;LCI;NA;7;8817231,651;Male;Alps;Early
HA9_2020;KDE50;LCI;0,710674268;1;8817231,651;Male;Alps;Early
HA9_2020;KDE50;LCI;0,866443099;4;8817231,651;Male;Alps;Early
HA9_2020;KDE50;LCI;NA;9;8817231,651;Male;Alps;Early
HA9_2020;KDE50;LCI;0,897746078;6;8817231,651;Male;Alps;Early
HA9_2020;KDE50;LCI;0,770709435;2;8817231,651;Male;Alps;Early
HA9_2020;KDE50;LCI;0,899550959;5;8817231,651;Male;Alps;Early
HA9_2020;KDE50;LCI;NA;8;8817231,651;Male;Alps;Early
HA9_2020;KDE50;LCI;0,824370791;3;8817231,651;Male;Alps;Early
HA9_2020;KDE50;SI;0,197940848;1;8817231,651;Male;Alps;Early
HA9_2020;KDE50;SI;0,38865343;2;8817231,651;Male;Alps;Early
HA9_2020;KDE50;SI;0,489584351;3;8817231,651;Male;Alps;Early
HA9_2020;KDE50;SI;0,60274753;4;8817231,651;Male;Alps;Early
HA9_2020;KDE50;SI;0,682815902;5;8817231,651;Male;Alps;Early
HA9_2020;KDE50;SI;0,724726892;6;8817231,651;Male;Alps;Early
HA9_2020;KDE50;SI;NA;7;8817231,651;Male;Alps;Early
HA9_2020;KDE50;SI;NA;8;8817231,651;Male;Alps;Early
HA9_2020;KDE50;SI;NA;9;8817231,651;Male;Alps;Early
HA9_2020;KDE50;TI;NA;7;8817231,651;Male;Alps;Early
HA9_2020;KDE50;TI;0,595772001;1;8817231,651;Male;Alps;Early
HA9_2020;KDE50;TI;0,830762907;4;8817231,651;Male;Alps;Early
HA9_2020;KDE50;TI;NA;9;8817231,651;Male;Alps;Early
HA9_2020;KDE50;TI;0,880998181;6;8817231,651;Male;Alps;Early
HA9_2020;KDE50;TI;0,683830389;2;8817231,651;Male;Alps;Early
HA9_2020;KDE50;TI;0,857832854;5;8817231,651;Male;Alps;Early
HA9_2020;KDE50;TI;NA;8;8817231,651;Male;Alps;Early
HA9_2020;KDE50;TI;0,770786216;3;8817231,651;Male;Alps;Early
HA9_2020;KDE99;LCI;0,718283805;1;66485020,17;Male;Alps;Early
HA9_2020;KDE99;LCI;0,94411065;5;66485020,17;Male;Alps;Early
HA9_2020;KDE99;LCI;0,903611295;4;66485020,17;Male;Alps;Early
HA9_2020;KDE99;LCI;NA;9;66485020,17;Male;Alps;Early
HA9_2020;KDE99;LCI;0,873113386;3;66485020,17;Male;Alps;Early
HA9_2020;KDE99;LCI;0,813945795;2;66485020,17;Male;Alps;Early
HA9_2020;KDE99;LCI;NA;7;66485020,17;Male;Alps;Early
HA9_2020;KDE99;LCI;0,954086738;6;66485020,17;Male;Alps;Early
HA9_2020;KDE99;LCI;NA;8;66485020,17;Male;Alps;Early
HA9_2020;KDE99;SI;0,370506217;1;66485020,17;Male;Alps;Early
HA9_2020;KDE99;SI;0,638146799;2;66485020,17;Male;Alps;Early
HA9_2020;KDE99;SI;0,71070976;3;66485020,17;Male;Alps;Early
HA9_2020;KDE99;SI;0,849386429;4;66485020,17;Male;Alps;Early
HA9_2020;KDE99;SI;0,916757224;5;66485020,17;Male;Alps;Early
HA9_2020;KDE99;SI;0,931253549;6;66485020,17;Male;Alps;Early
HA9_2020;KDE99;SI;NA;7;66485020,17;Male;Alps;Early
HA9_2020;KDE99;SI;NA;8;66485020,17;Male;Alps;Early
HA9_2020;KDE99;SI;NA;9;66485020,17;Male;Alps;Early
HA9_2020;KDE99;TI;0,622765814;1;66485020,17;Male;Alps;Early
HA9_2020;KDE99;TI;0,910417707;5;66485020,17;Male;Alps;Early
HA9_2020;KDE99;TI;0,876531036;4;66485020,17;Male;Alps;Early
HA9_2020;KDE99;TI;NA;9;66485020,17;Male;Alps;Early
HA9_2020;KDE99;TI;0,819528796;3;66485020,17;Male;Alps;Early
HA9_2020;KDE99;TI;0,754891062;2;66485020,17;Male;Alps;Early
HA9_2020;KDE99;TI;NA;7;66485020,17;Male;Alps;Early
HA9_2020;KDE99;TI;0,929061669;6;66485020,17;Male;Alps;Early
HA9_2020;KDE99;TI;NA;8;66485020,17;Male;Alps;Early
G2_2022;KDE50;LCI;NA;8;11066541,04;Male;Massif_Central;Early
G2_2022;KDE50;LCI;0,892224337;5;11066541,04;Male;Massif_Central;Early
G2_2022;KDE50;LCI;0,784152928;2;11066541,04;Male;Massif_Central;Early
G2_2022;KDE50;LCI;NA;6;11066541,04;Male;Massif_Central;Early
G2_2022;KDE50;LCI;0,559164603;1;11066541,04;Male;Massif_Central;Early
G2_2022;KDE50;LCI;0,856465234;3;11066541,04;Male;Massif_Central;Early
G2_2022;KDE50;LCI;NA;9;11066541,04;Male;Massif_Central;Early
G2_2022;KDE50;LCI;NA;7;11066541,04;Male;Massif_Central;Early
G2_2022;KDE50;LCI;0,892796705;4;11066541,04;Male;Massif_Central;Early
G2_2022;KDE50;SI;0,101027774;1;11066541,04;Male;Massif_Central;Early
G2_2022;KDE50;SI;0,344300886;2;11066541,04;Male;Massif_Central;Early
G2_2022;KDE50;SI;0,59607522;3;11066541,04;Male;Massif_Central;Early
G2_2022;KDE50;SI;0,648177603;4;11066541,04;Male;Massif_Central;Early
G2_2022;KDE50;SI;0,648705214;5;11066541,04;Male;Massif_Central;Early
G2_2022;KDE50;SI;NA;6;11066541,04;Male;Massif_Central;Early
G2_2022;KDE50;SI;NA;7;11066541,04;Male;Massif_Central;Early
G2_2022;KDE50;SI;NA;8;11066541,04;Male;Massif_Central;Early
G2_2022;KDE50;SI;NA;9;11066541,04;Male;Massif_Central;Early
G2_2022;KDE50;TI;NA;8;11066541,04;Male;Massif_Central;Early
G2_2022;KDE50;TI;0,923010323;5;11066541,04;Male;Massif_Central;Early
G2_2022;KDE50;TI;0,937062823;2;11066541,04;Male;Massif_Central;Early
G2_2022;KDE50;TI;NA;6;11066541,04;Male;Massif_Central;Early
G2_2022;KDE50;TI;0,703240961;1;11066541,04;Male;Massif_Central;Early
G2_2022;KDE50;TI;0,942514198;3;11066541,04;Male;Massif_Central;Early
G2_2022;KDE50;TI;NA;9;11066541,04;Male;Massif_Central;Early
G2_2022;KDE50;TI;NA;7;11066541,04;Male;Massif_Central;Early
G2_2022;KDE50;TI;0,91389958;4;11066541,04;Male;Massif_Central;Early
G2_2022;KDE99;LCI;NA;7;123843538,7;Male;Massif_Central;Early
G2_2022;KDE99;LCI;0,909579138;4;123843538,7;Male;Massif_Central;Early
G2_2022;KDE99;LCI;NA;9;123843538,7;Male;Massif_Central;Early
G2_2022;KDE99;LCI;0,890457014;3;123843538,7;Male;Massif_Central;Early
G2_2022;KDE99;LCI;NA;6;123843538,7;Male;Massif_Central;Early
G2_2022;KDE99;LCI;0,820230796;2;123843538,7;Male;Massif_Central;Early
G2_2022;KDE99;LCI;NA;8;123843538,7;Male;Massif_Central;Early
G2_2022;KDE99;LCI;0,910456175;5;123843538,7;Male;Massif_Central;Early
G2_2022;KDE99;LCI;0,557117392;1;123843538,7;Male;Massif_Central;Early
G2_2022;KDE99;SI;0,184448789;1;123843538,7;Male;Massif_Central;Early
G2_2022;KDE99;SI;0,583789976;2;123843538,7;Male;Massif_Central;Early
G2_2022;KDE99;SI;0,896550006;3;123843538,7;Male;Massif_Central;Early
G2_2022;KDE99;SI;0,914156219;4;123843538,7;Male;Massif_Central;Early
G2_2022;KDE99;SI;0,913635077;5;123843538,7;Male;Massif_Central;Early
G2_2022;KDE99;SI;NA;6;123843538,7;Male;Massif_Central;Early
G2_2022;KDE99;SI;NA;7;123843538,7;Male;Massif_Central;Early
G2_2022;KDE99;SI;NA;8;123843538,7;Male;Massif_Central;Early
G2_2022;KDE99;SI;NA;9;123843538,7;Male;Massif_Central;Early
G2_2022;KDE99;TI;NA;7;123843538,7;Male;Massif_Central;Early
G2_2022;KDE99;TI;0,97060584;4;123843538,7;Male;Massif_Central;Early
G2_2022;KDE99;TI;NA;9;123843538,7;Male;Massif_Central;Early
G2_2022;KDE99;TI;0,966542487;3;123843538,7;Male;Massif_Central;Early
G2_2022;KDE99;TI;NA;6;123843538,7;Male;Massif_Central;Early
G2_2022;KDE99;TI;0,871139641;2;123843538,7;Male;Massif_Central;Early
G2_2022;KDE99;TI;NA;8;123843538,7;Male;Massif_Central;Early
G2_2022;KDE99;TI;0,965788855;5;123843538,7;Male;Massif_Central;Early
G2_2022;KDE99;TI;0,610479381;1;123843538,7;Male;Massif_Central;Early
A6_2021;KDE50;LCI;0,958839823;3;6455357,583;Male;Massif_Central;Late
A6_2021;KDE50;LCI;0,966855858;4;6455357,583;Male;Massif_Central;Late
A6_2021;KDE50;LCI;NA;9;6455357,583;Male;Massif_Central;Late
A6_2021;KDE50;LCI;0,95628207;6;6455357,583;Male;Massif_Central;Late
A6_2021;KDE50;LCI;0,965314447;5;6455357,583;Male;Massif_Central;Late
A6_2021;KDE50;LCI;NA;8;6455357,583;Male;Massif_Central;Late
A6_2021;KDE50;LCI;0,943907655;1;6455357,583;Male;Massif_Central;Late
A6_2021;KDE50;LCI;0,951414083;7;6455357,583;Male;Massif_Central;Late
A6_2021;KDE50;LCI;0,983602371;2;6455357,583;Male;Massif_Central;Late
A6_2021;KDE50;SI;0,236809757;1;6455357,583;Male;Massif_Central;Late
A6_2021;KDE50;SI;0,381103829;2;6455357,583;Male;Massif_Central;Late
A6_2021;KDE50;SI;0,506986133;3;6455357,583;Male;Massif_Central;Late
A6_2021;KDE50;SI;0,569998531;4;6455357,583;Male;Massif_Central;Late
A6_2021;KDE50;SI;0,590180822;5;6455357,583;Male;Massif_Central;Late
A6_2021;KDE50;SI;0,614015791;6;6455357,583;Male;Massif_Central;Late
A6_2021;KDE50;SI;0,614024303;7;6455357,583;Male;Massif_Central;Late
A6_2021;KDE50;SI;NA;8;6455357,583;Male;Massif_Central;Late
A6_2021;KDE50;SI;NA;9;6455357,583;Male;Massif_Central;Late
A6_2021;KDE50;TI;0,90513228;3;6455357,583;Male;Massif_Central;Late
A6_2021;KDE50;TI;0,905939418;4;6455357,583;Male;Massif_Central;Late
A6_2021;KDE50;TI;NA;9;6455357,583;Male;Massif_Central;Late
A6_2021;KDE50;TI;0,883604089;6;6455357,583;Male;Massif_Central;Late
A6_2021;KDE50;TI;0,893344199;5;6455357,583;Male;Massif_Central;Late
A6_2021;KDE50;TI;NA;8;6455357,583;Male;Massif_Central;Late
A6_2021;KDE50;TI;0,827904265;1;6455357,583;Male;Massif_Central;Late
A6_2021;KDE50;TI;0,87660795;7;6455357,583;Male;Massif_Central;Late
A6_2021;KDE50;TI;0,916143521;2;6455357,583;Male;Massif_Central;Late
A6_2021;KDE99;LCI;NA;8;193941772,9;Male;Massif_Central;Late
A6_2021;KDE99;LCI;0,906312023;3;193941772,9;Male;Massif_Central;Late
A6_2021;KDE99;LCI;NA;9;193941772,9;Male;Massif_Central;Late
A6_2021;KDE99;LCI;0,894994505;2;193941772,9;Male;Massif_Central;Late
A6_2021;KDE99;LCI;0,929408926;5;193941772,9;Male;Massif_Central;Late
A6_2021;KDE99;LCI;0,911408613;4;193941772,9;Male;Massif_Central;Late
A6_2021;KDE99;LCI;0,857224256;1;193941772,9;Male;Massif_Central;Late
A6_2021;KDE99;LCI;0,939561902;6;193941772,9;Male;Massif_Central;Late
A6_2021;KDE99;LCI;0,938522748;7;193941772,9;Male;Massif_Central;Late
A6_2021;KDE99;SI;0,399344217;1;193941772,9;Male;Massif_Central;Late
A6_2021;KDE99;SI;0,578501852;2;193941772,9;Male;Massif_Central;Late
A6_2021;KDE99;SI;0,723153365;3;193941772,9;Male;Massif_Central;Late
A6_2021;KDE99;SI;0,793069808;4;193941772,9;Male;Massif_Central;Late
A6_2021;KDE99;SI;0,816625468;5;193941772,9;Male;Massif_Central;Late
A6_2021;KDE99;SI;0,836633368;6;193941772,9;Male;Massif_Central;Late
A6_2021;KDE99;SI;0,83632394;7;193941772,9;Male;Massif_Central;Late
A6_2021;KDE99;SI;NA;8;193941772,9;Male;Massif_Central;Late
A6_2021;KDE99;SI;NA;9;193941772,9;Male;Massif_Central;Late
A6_2021;KDE99;TI;NA;8;193941772,9;Male;Massif_Central;Late
A6_2021;KDE99;TI;0,948560233;3;193941772,9;Male;Massif_Central;Late
A6_2021;KDE99;TI;NA;9;193941772,9;Male;Massif_Central;Late
A6_2021;KDE99;TI;0,954455661;2;193941772,9;Male;Massif_Central;Late
A6_2021;KDE99;TI;0,943099324;5;193941772,9;Male;Massif_Central;Late
A6_2021;KDE99;TI;0,943895471;4;193941772,9;Male;Massif_Central;Late
A6_2021;KDE99;TI;0,914077429;1;193941772,9;Male;Massif_Central;Late
A6_2021;KDE99;TI;0,944575186;6;193941772,9;Male;Massif_Central;Late
A6_2021;KDE99;TI;0,940618311;7;193941772,9;Male;Massif_Central;Late
A2_2021;KDE50;LCI;NA;8;6719333,305;Female;Massif_Central;Early
A2_2021;KDE50;LCI;0,895565179;4;6719333,305;Female;Massif_Central;Early
A2_2021;KDE50;LCI;0,974485759;1;6719333,305;Female;Massif_Central;Early
A2_2021;KDE50;LCI;0,957226974;6;6719333,305;Female;Massif_Central;Early
A2_2021;KDE50;LCI;0,943473217;5;6719333,305;Female;Massif_Central;Early
A2_2021;KDE50;LCI;NA;7;6719333,305;Female;Massif_Central;Early
A2_2021;KDE50;LCI;0,85743326;2;6719333,305;Female;Massif_Central;Early
A2_2021;KDE50;LCI;0,882939814;3;6719333,305;Female;Massif_Central;Early
A2_2021;KDE50;LCI;NA;9;6719333,305;Female;Massif_Central;Early
A2_2021;KDE50;SI;0,139024726;1;6719333,305;Female;Massif_Central;Early
A2_2021;KDE50;SI;0,464479996;2;6719333,305;Female;Massif_Central;Early
A2_2021;KDE50;SI;0,602062582;3;6719333,305;Female;Massif_Central;Early
A2_2021;KDE50;SI;0,720385351;4;6719333,305;Female;Massif_Central;Early
A2_2021;KDE50;SI;0,822073885;5;6719333,305;Female;Massif_Central;Early
A2_2021;KDE50;SI;0,851197922;6;6719333,305;Female;Massif_Central;Early
A2_2021;KDE50;SI;NA;7;6719333,305;Female;Massif_Central;Early
A2_2021;KDE50;SI;NA;8;6719333,305;Female;Massif_Central;Early
A2_2021;KDE50;SI;NA;9;6719333,305;Female;Massif_Central;Early
A2_2021;KDE50;TI;NA;8;6719333,305;Female;Massif_Central;Early
A2_2021;KDE50;TI;0,940011405;4;6719333,305;Female;Massif_Central;Early
A2_2021;KDE50;TI;0,910642155;1;6719333,305;Female;Massif_Central;Early
A2_2021;KDE50;TI;0,905264736;6;6719333,305;Female;Massif_Central;Early
A2_2021;KDE50;TI;0,903230653;5;6719333,305;Female;Massif_Central;Early
A2_2021;KDE50;TI;NA;7;6719333,305;Female;Massif_Central;Early
A2_2021;KDE50;TI;0,914573788;2;6719333,305;Female;Massif_Central;Early
A2_2021;KDE50;TI;0,930879757;3;6719333,305;Female;Massif_Central;Early
A2_2021;KDE50;TI;NA;9;6719333,305;Female;Massif_Central;Early
A2_2021;KDE99;LCI;NA;9;255957076,3;Female;Massif_Central;Early
A2_2021;KDE99;LCI;0,991288301;6;255957076,3;Female;Massif_Central;Early
A2_2021;KDE99;LCI;NA;8;255957076,3;Female;Massif_Central;Early
A2_2021;KDE99;LCI;NA;7;255957076,3;Female;Massif_Central;Early
A2_2021;KDE99;LCI;0,988098987;5;255957076,3;Female;Massif_Central;Early
A2_2021;KDE99;LCI;0,928714455;3;255957076,3;Female;Massif_Central;Early
A2_2021;KDE99;LCI;0,791693884;1;255957076,3;Female;Massif_Central;Early
A2_2021;KDE99;LCI;0,884429971;2;255957076,3;Female;Massif_Central;Early
A2_2021;KDE99;LCI;0,970363543;4;255957076,3;Female;Massif_Central;Early
A2_2021;KDE99;SI;0,274741602;1;255957076,3;Female;Massif_Central;Early
A2_2021;KDE99;SI;0,727694966;2;255957076,3;Female;Massif_Central;Early
A2_2021;KDE99;SI;0,835765114;3;255957076,3;Female;Massif_Central;Early
A2_2021;KDE99;SI;0,89130635;4;255957076,3;Female;Massif_Central;Early
A2_2021;KDE99;SI;0,926919801;5;255957076,3;Female;Massif_Central;Early
A2_2021;KDE99;SI;0,928805457;6;255957076,3;Female;Massif_Central;Early
A2_2021;KDE99;SI;NA;7;255957076,3;Female;Massif_Central;Early
A2_2021;KDE99;SI;NA;8;255957076,3;Female;Massif_Central;Early
A2_2021;KDE99;SI;NA;9;255957076,3;Female;Massif_Central;Early
A2_2021;KDE99;TI;NA;9;255957076,3;Female;Massif_Central;Early
A2_2021;KDE99;TI;0,928468367;6;255957076,3;Female;Massif_Central;Early
A2_2021;KDE99;TI;NA;8;255957076,3;Female;Massif_Central;Early
A2_2021;KDE99;TI;NA;7;255957076,3;Female;Massif_Central;Early
A2_2021;KDE99;TI;0,918883038;5;255957076,3;Female;Massif_Central;Early
A2_2021;KDE99;TI;0,885846857;3;255957076,3;Female;Massif_Central;Early
A2_2021;KDE99;TI;0,900435865;1;255957076,3;Female;Massif_Central;Early
A2_2021;KDE99;TI;0,862984389;2;255957076,3;Female;Massif_Central;Early
A2_2021;KDE99;TI;0,904228911;4;255957076,3;Female;Massif_Central;Early
H10_2022;KDE50;LCI;0,880073227;6;9019360,66;Male;Massif_Central;Late
H10_2022;KDE50;LCI;0,725878519;1;9019360,66;Male;Massif_Central;Late
H10_2022;KDE50;LCI;0,884249395;7;9019360,66;Male;Massif_Central;Late
H10_2022;KDE50;LCI;0,862981686;4;9019360,66;Male;Massif_Central;Late
H10_2022;KDE50;LCI;NA;9;9019360,66;Male;Massif_Central;Late
H10_2022;KDE50;LCI;0,859899301;3;9019360,66;Male;Massif_Central;Late
H10_2022;KDE50;LCI;0,844814746;2;9019360,66;Male;Massif_Central;Late
H10_2022;KDE50;LCI;0,878577041;5;9019360,66;Male;Massif_Central;Late
H10_2022;KDE50;LCI;NA;8;9019360,66;Male;Massif_Central;Late
H10_2022;KDE50;SI;0,297041357;1;9019360,66;Male;Massif_Central;Late
H10_2022;KDE50;SI;0,449818864;2;9019360,66;Male;Massif_Central;Late
H10_2022;KDE50;SI;0,540902366;3;9019360,66;Male;Massif_Central;Late
H10_2022;KDE50;SI;0,572420523;4;9019360,66;Male;Massif_Central;Late
H10_2022;KDE50;SI;0,608895595;5;9019360,66;Male;Massif_Central;Late
H10_2022;KDE50;SI;0,621535224;6;9019360,66;Male;Massif_Central;Late
H10_2022;KDE50;SI;0,668439143;7;9019360,66;Male;Massif_Central;Late
H10_2022;KDE50;SI;NA;8;9019360,66;Male;Massif_Central;Late
H10_2022;KDE50;SI;NA;9;9019360,66;Male;Massif_Central;Late
H10_2022;KDE50;TI;0,931286475;6;9019360,66;Male;Massif_Central;Late
H10_2022;KDE50;TI;0,872948036;1;9019360,66;Male;Massif_Central;Late
H10_2022;KDE50;TI;0,936606775;7;9019360,66;Male;Massif_Central;Late
H10_2022;KDE50;TI;0,946702263;4;9019360,66;Male;Massif_Central;Late
H10_2022;KDE50;TI;NA;9;9019360,66;Male;Massif_Central;Late
H10_2022;KDE50;TI;0,961868727;3;9019360,66;Male;Massif_Central;Late
H10_2022;KDE50;TI;0,985807639;2;9019360,66;Male;Massif_Central;Late
H10_2022;KDE50;TI;0,933671656;5;9019360,66;Male;Massif_Central;Late
H10_2022;KDE50;TI;NA;8;9019360,66;Male;Massif_Central;Late
H10_2022;KDE99;LCI;0,913728749;7;136957966,1;Male;Massif_Central;Late
H10_2022;KDE99;LCI;NA;9;136957966,1;Male;Massif_Central;Late
H10_2022;KDE99;LCI;0,906533266;6;136957966,1;Male;Massif_Central;Late
H10_2022;KDE99;LCI;0,85660997;2;136957966,1;Male;Massif_Central;Late
H10_2022;KDE99;LCI;0,758287751;1;136957966,1;Male;Massif_Central;Late
H10_2022;KDE99;LCI;0,907241182;5;136957966,1;Male;Massif_Central;Late
H10_2022;KDE99;LCI;0,915716667;4;136957966,1;Male;Massif_Central;Late
H10_2022;KDE99;LCI;NA;8;136957966,1;Male;Massif_Central;Late
H10_2022;KDE99;LCI;0,896871854;3;136957966,1;Male;Massif_Central;Late
H10_2022;KDE99;SI;0,45736676;1;136957966,1;Male;Massif_Central;Late
H10_2022;KDE99;SI;0,676687141;2;136957966,1;Male;Massif_Central;Late
H10_2022;KDE99;SI;0,82011746;3;136957966,1;Male;Massif_Central;Late
H10_2022;KDE99;SI;0,833105091;4;136957966,1;Male;Massif_Central;Late
H10_2022;KDE99;SI;0,839015528;5;136957966,1;Male;Massif_Central;Late
H10_2022;KDE99;SI;0,843722682;6;136957966,1;Male;Massif_Central;Late
H10_2022;KDE99;SI;0,855025509;7;136957966,1;Male;Massif_Central;Late
H10_2022;KDE99;SI;NA;8;136957966,1;Male;Massif_Central;Late
H10_2022;KDE99;SI;NA;9;136957966,1;Male;Massif_Central;Late
H10_2022;KDE99;TI;0,961393878;7;136957966,1;Male;Massif_Central;Late
H10_2022;KDE99;TI;NA;9;136957966,1;Male;Massif_Central;Late
H10_2022;KDE99;TI;0,966676326;6;136957966,1;Male;Massif_Central;Late
H10_2022;KDE99;TI;0,993070066;2;136957966,1;Male;Massif_Central;Late
H10_2022;KDE99;TI;0,89711375;1;136957966,1;Male;Massif_Central;Late
H10_2022;KDE99;TI;0,968716119;5;136957966,1;Male;Massif_Central;Late
H10_2022;KDE99;TI;0,96843764;4;136957966,1;Male;Massif_Central;Late
H10_2022;KDE99;TI;NA;8;136957966,1;Male;Massif_Central;Late
H10_2022;KDE99;TI;0,977478784;3;136957966,1;Male;Massif_Central;Late
HA15_2022;KDE50;LCI;NA;8;3903316,983;Male;Alps;Early
HA15_2022;KDE50;LCI;0,903429734;6;3903316,983;Male;Alps;Early
HA15_2022;KDE50;LCI;0,910031441;5;3903316,983;Male;Alps;Early
HA15_2022;KDE50;LCI;NA;7;3903316,983;Male;Alps;Early
HA15_2022;KDE50;LCI;0,866729886;1;3903316,983;Male;Alps;Early
HA15_2022;KDE50;LCI;0,891672316;4;3903316,983;Male;Alps;Early
HA15_2022;KDE50;LCI;0,893345431;3;3903316,983;Male;Alps;Early
HA15_2022;KDE50;LCI;NA;9;3903316,983;Male;Alps;Early
HA15_2022;KDE50;LCI;0,886345667;2;3903316,983;Male;Alps;Early
HA15_2022;KDE50;SI;0,364171469;1;3903316,983;Male;Alps;Early
HA15_2022;KDE50;SI;0,535762521;2;3903316,983;Male;Alps;Early
HA15_2022;KDE50;SI;0,657028935;3;3903316,983;Male;Alps;Early
HA15_2022;KDE50;SI;0,706794577;4;3903316,983;Male;Alps;Early
HA15_2022;KDE50;SI;0,786959521;5;3903316,983;Male;Alps;Early
HA15_2022;KDE50;SI;0,849942169;6;3903316,983;Male;Alps;Early
HA15_2022;KDE50;SI;NA;7;3903316,983;Male;Alps;Early
HA15_2022;KDE50;SI;NA;8;3903316,983;Male;Alps;Early
HA15_2022;KDE50;SI;NA;9;3903316,983;Male;Alps;Early
HA15_2022;KDE50;TI;NA;8;3903316,983;Male;Alps;Early
HA15_2022;KDE50;TI;0,914794936;6;3903316,983;Male;Alps;Early
HA15_2022;KDE50;TI;0,908757347;5;3903316,983;Male;Alps;Early
HA15_2022;KDE50;TI;NA;7;3903316,983;Male;Alps;Early
HA15_2022;KDE50;TI;0,857379323;1;3903316,983;Male;Alps;Early
HA15_2022;KDE50;TI;0,880157669;4;3903316,983;Male;Alps;Early
HA15_2022;KDE50;TI;0,855776044;3;3903316,983;Male;Alps;Early
HA15_2022;KDE50;TI;NA;9;3903316,983;Male;Alps;Early
HA15_2022;KDE50;TI;0,842308434;2;3903316,983;Male;Alps;Early
HA15_2022;KDE99;LCI;0,888520148;4;65218105,88;Male;Alps;Early
HA15_2022;KDE99;LCI;0,876524842;1;65218105,88;Male;Alps;Early
HA15_2022;KDE99;LCI;0,918033798;6;65218105,88;Male;Alps;Early
HA15_2022;KDE99;LCI;0,899637498;5;65218105,88;Male;Alps;Early
HA15_2022;KDE99;LCI;NA;8;65218105,88;Male;Alps;Early
HA15_2022;KDE99;LCI;NA;7;65218105,88;Male;Alps;Early
HA15_2022;KDE99;LCI;0,877862897;2;65218105,88;Male;Alps;Early
HA15_2022;KDE99;LCI;NA;9;65218105,88;Male;Alps;Early
HA15_2022;KDE99;LCI;0,876761081;3;65218105,88;Male;Alps;Early
HA15_2022;KDE99;SI;0,597836755;1;65218105,88;Male;Alps;Early
HA15_2022;KDE99;SI;0,785569985;2;65218105,88;Male;Alps;Early
HA15_2022;KDE99;SI;0,869648414;3;65218105,88;Male;Alps;Early
HA15_2022;KDE99;SI;0,89091736;4;65218105,88;Male;Alps;Early
HA15_2022;KDE99;SI;0,913570717;5;65218105,88;Male;Alps;Early
HA15_2022;KDE99;SI;0,933379689;6;65218105,88;Male;Alps;Early
HA15_2022;KDE99;SI;NA;7;65218105,88;Male;Alps;Early
HA15_2022;KDE99;SI;NA;8;65218105,88;Male;Alps;Early
HA15_2022;KDE99;SI;NA;9;65218105,88;Male;Alps;Early
HA15_2022;KDE99;TI;0,909090499;4;65218105,88;Male;Alps;Early
HA15_2022;KDE99;TI;0,804308875;1;65218105,88;Male;Alps;Early
HA15_2022;KDE99;TI;0,947764831;6;65218105,88;Male;Alps;Early
HA15_2022;KDE99;TI;0,938377535;5;65218105,88;Male;Alps;Early
HA15_2022;KDE99;TI;NA;8;65218105,88;Male;Alps;Early
HA15_2022;KDE99;TI;NA;7;65218105,88;Male;Alps;Early
HA15_2022;KDE99;TI;0,840472893;2;65218105,88;Male;Alps;Early
HA15_2022;KDE99;TI;NA;9;65218105,88;Male;Alps;Early
HA15_2022;KDE99;TI;0,875754071;3;65218105,88;Male;Alps;Early
H4_2016;KDE50;LCI;0,928455446;8;29231951,47;Female;Massif_Central;Late
H4_2016;KDE50;LCI;0,898756381;4;29231951,47;Female;Massif_Central;Late
H4_2016;KDE50;LCI;0,927316268;9;29231951,47;Female;Massif_Central;Late
H4_2016;KDE50;LCI;0,933145963;6;29231951,47;Female;Massif_Central;Late
H4_2016;KDE50;LCI;0,861509696;3;29231951,47;Female;Massif_Central;Late
H4_2016;KDE50;LCI;0,84470435;2;29231951,47;Female;Massif_Central;Late
H4_2016;KDE50;LCI;0,870704123;1;29231951,47;Female;Massif_Central;Late
H4_2016;KDE50;LCI;0,933812209;5;29231951,47;Female;Massif_Central;Late
H4_2016;KDE50;LCI;0,920798806;7;29231951,47;Female;Massif_Central;Late
H4_2016;KDE50;SI;0,089272453;1;29231951,47;Female;Massif_Central;Late
H4_2016;KDE50;SI;0,474924132;2;29231951,47;Female;Massif_Central;Late
H4_2016;KDE50;SI;0,596937096;3;29231951,47;Female;Massif_Central;Late
H4_2016;KDE50;SI;0,695452963;4;29231951,47;Female;Massif_Central;Late
H4_2016;KDE50;SI;0,705094386;5;29231951,47;Female;Massif_Central;Late
H4_2016;KDE50;SI;0,707916536;6;29231951,47;Female;Massif_Central;Late
H4_2016;KDE50;SI;0,768043823;7;29231951,47;Female;Massif_Central;Late
H4_2016;KDE50;SI;0,779018517;8;29231951,47;Female;Massif_Central;Late
H4_2016;KDE50;SI;0,776946921;9;29231951,47;Female;Massif_Central;Late
H4_2016;KDE50;TI;0,985791488;8;29231951,47;Female;Massif_Central;Late
H4_2016;KDE50;TI;0,961347206;4;29231951,47;Female;Massif_Central;Late
H4_2016;KDE50;TI;0,984562947;9;29231951,47;Female;Massif_Central;Late
H4_2016;KDE50;TI;0,985739056;6;29231951,47;Female;Massif_Central;Late
H4_2016;KDE50;TI;0,931481263;3;29231951,47;Female;Massif_Central;Late
H4_2016;KDE50;TI;0,832590972;2;29231951,47;Female;Massif_Central;Late
H4_2016;KDE50;TI;0,94897658;1;29231951,47;Female;Massif_Central;Late
H4_2016;KDE50;TI;0,980442995;5;29231951,47;Female;Massif_Central;Late
H4_2016;KDE50;TI;0,993784388;7;29231951,47;Female;Massif_Central;Late
H4_2016;KDE99;LCI;0,934724363;9;325379428,8;Female;Massif_Central;Late
H4_2016;KDE99;LCI;0,911664434;4;325379428,8;Female;Massif_Central;Late
H4_2016;KDE99;LCI;0,933301728;6;325379428,8;Female;Massif_Central;Late
H4_2016;KDE99;LCI;0,922001061;3;325379428,8;Female;Massif_Central;Late
H4_2016;KDE99;LCI;0,929293162;7;325379428,8;Female;Massif_Central;Late
H4_2016;KDE99;LCI;0,959888283;2;325379428,8;Female;Massif_Central;Late
H4_2016;KDE99;LCI;0,934375036;8;325379428,8;Female;Massif_Central;Late
H4_2016;KDE99;LCI;0,931577751;5;325379428,8;Female;Massif_Central;Late
H4_2016;KDE99;LCI;0,825637819;1;325379428,8;Female;Massif_Central;Late
H4_2016;KDE99;SI;0,16848604;1;325379428,8;Female;Massif_Central;Late
H4_2016;KDE99;SI;0,791175575;2;325379428,8;Female;Massif_Central;Late
H4_2016;KDE99;SI;0,891163512;3;325379428,8;Female;Massif_Central;Late
H4_2016;KDE99;SI;0,912995971;4;325379428,8;Female;Massif_Central;Late
H4_2016;KDE99;SI;0,918727486;5;325379428,8;Female;Massif_Central;Late
H4_2016;KDE99;SI;0,919382029;6;325379428,8;Female;Massif_Central;Late
H4_2016;KDE99;SI;0,924559488;7;325379428,8;Female;Massif_Central;Late
H4_2016;KDE99;SI;0,924695987;8;325379428,8;Female;Massif_Central;Late
H4_2016;KDE99;SI;0,924157041;9;325379428,8;Female;Massif_Central;Late
H4_2016;KDE99;TI;0,992056453;9;325379428,8;Female;Massif_Central;Late
H4_2016;KDE99;TI;0,966601484;4;325379428,8;Female;Massif_Central;Late
H4_2016;KDE99;TI;0,984713646;6;325379428,8;Female;Massif_Central;Late
H4_2016;KDE99;TI;0,954427776;3;325379428,8;Female;Massif_Central;Late
H4_2016;KDE99;TI;0,989579096;7;325379428,8;Female;Massif_Central;Late
H4_2016;KDE99;TI;0,903086919;2;325379428,8;Female;Massif_Central;Late
H4_2016;KDE99;TI;0,993681598;8;325379428,8;Female;Massif_Central;Late
H4_2016;KDE99;TI;0,980538624;5;325379428,8;Female;Massif_Central;Late
H4_2016;KDE99;TI;0,887179827;1;325379428,8;Female;Massif_Central;Late
G2_2016;KDE50;LCI;NA;7;11066541,04;Female;Massif_Central;Early
G2_2016;KDE50;LCI;NA;9;11066541,04;Female;Massif_Central;Early
G2_2016;KDE50;LCI;NA;6;11066541,04;Female;Massif_Central;Early
G2_2016;KDE50;LCI;NA;8;11066541,04;Female;Massif_Central;Early
G2_2016;KDE50;LCI;0,781221288;2;11066541,04;Female;Massif_Central;Early
G2_2016;KDE50;LCI;0,624714111;1;11066541,04;Female;Massif_Central;Early
G2_2016;KDE50;LCI;0,900278721;3;11066541,04;Female;Massif_Central;Early
G2_2016;KDE50;LCI;0,912743667;4;11066541,04;Female;Massif_Central;Early
G2_2016;KDE50;LCI;0,915853712;5;11066541,04;Female;Massif_Central;Early
G2_2016;KDE50;SI;0,104806699;1;11066541,04;Female;Massif_Central;Early
G2_2016;KDE50;SI;0,397595558;2;11066541,04;Female;Massif_Central;Early
G2_2016;KDE50;SI;0,632008018;3;11066541,04;Female;Massif_Central;Early
G2_2016;KDE50;SI;0,706181824;4;11066541,04;Female;Massif_Central;Early
G2_2016;KDE50;SI;0,709173442;5;11066541,04;Female;Massif_Central;Early
G2_2016;KDE50;SI;NA;6;11066541,04;Female;Massif_Central;Early
G2_2016;KDE50;SI;NA;7;11066541,04;Female;Massif_Central;Early
G2_2016;KDE50;SI;NA;8;11066541,04;Female;Massif_Central;Early
G2_2016;KDE50;SI;NA;9;11066541,04;Female;Massif_Central;Early
G2_2016;KDE50;TI;NA;7;11066541,04;Female;Massif_Central;Early
G2_2016;KDE50;TI;NA;9;11066541,04;Female;Massif_Central;Early
G2_2016;KDE50;TI;NA;6;11066541,04;Female;Massif_Central;Early
G2_2016;KDE50;TI;NA;8;11066541,04;Female;Massif_Central;Early
G2_2016;KDE50;TI;0,863476037;2;11066541,04;Female;Massif_Central;Early
G2_2016;KDE50;TI;0,578739195;1;11066541,04;Female;Massif_Central;Early
G2_2016;KDE50;TI;0,979456382;3;11066541,04;Female;Massif_Central;Early
G2_2016;KDE50;TI;0,957861791;4;11066541,04;Female;Massif_Central;Early
G2_2016;KDE50;TI;0,946660161;5;11066541,04;Female;Massif_Central;Early
G2_2016;KDE99;LCI;0,822786711;2;123843538,7;Female;Massif_Central;Early
G2_2016;KDE99;LCI;0,657699496;1;123843538,7;Female;Massif_Central;Early
G2_2016;KDE99;LCI;0,91610225;4;123843538,7;Female;Massif_Central;Early
G2_2016;KDE99;LCI;0,885130724;3;123843538,7;Female;Massif_Central;Early
G2_2016;KDE99;LCI;NA;8;123843538,7;Female;Massif_Central;Early
G2_2016;KDE99;LCI;0,915293861;5;123843538,7;Female;Massif_Central;Early
G2_2016;KDE99;LCI;NA;7;123843538,7;Female;Massif_Central;Early
G2_2016;KDE99;LCI;NA;9;123843538,7;Female;Massif_Central;Early
G2_2016;KDE99;LCI;NA;6;123843538,7;Female;Massif_Central;Early
G2_2016;KDE99;SI;0,218969124;1;123843538,7;Female;Massif_Central;Early
G2_2016;KDE99;SI;0,621116943;2;123843538,7;Female;Massif_Central;Early
G2_2016;KDE99;SI;0,829655014;3;123843538,7;Female;Massif_Central;Early
G2_2016;KDE99;SI;0,899835415;4;123843538,7;Female;Massif_Central;Early
G2_2016;KDE99;SI;0,903401985;5;123843538,7;Female;Massif_Central;Early
G2_2016;KDE99;SI;NA;6;123843538,7;Female;Massif_Central;Early
G2_2016;KDE99;SI;NA;7;123843538,7;Female;Massif_Central;Early
G2_2016;KDE99;SI;NA;8;123843538,7;Female;Massif_Central;Early
G2_2016;KDE99;SI;NA;9;123843538,7;Female;Massif_Central;Early
G2_2016;KDE99;TI;0,85330114;2;123843538,7;Female;Massif_Central;Early
G2_2016;KDE99;TI;0,654481164;1;123843538,7;Female;Massif_Central;Early
G2_2016;KDE99;TI;0,975561062;4;123843538,7;Female;Massif_Central;Early
G2_2016;KDE99;TI;0,950725775;3;123843538,7;Female;Massif_Central;Early
G2_2016;KDE99;TI;NA;8;123843538,7;Female;Massif_Central;Early
G2_2016;KDE99;TI;0,981253811;5;123843538,7;Female;Massif_Central;Early
G2_2016;KDE99;TI;NA;7;123843538,7;Female;Massif_Central;Early
G2_2016;KDE99;TI;NA;9;123843538,7;Female;Massif_Central;Early
G2_2016;KDE99;TI;NA;6;123843538,7;Female;Massif_Central;Early
H1_2016;KDE50;LCI;NA;8;12179931,54;Male;Massif_Central;Early
H1_2016;KDE50;LCI;0,923432421;1;12179931,54;Male;Massif_Central;Early
H1_2016;KDE50;LCI;NA;7;12179931,54;Male;Massif_Central;Early
H1_2016;KDE50;LCI;0,888931972;2;12179931,54;Male;Massif_Central;Early
H1_2016;KDE50;LCI;0,879638519;6;12179931,54;Male;Massif_Central;Early
H1_2016;KDE50;LCI;0,889937092;4;12179931,54;Male;Massif_Central;Early
H1_2016;KDE50;LCI;0,894905369;3;12179931,54;Male;Massif_Central;Early
H1_2016;KDE50;LCI;0,889498349;5;12179931,54;Male;Massif_Central;Early
H1_2016;KDE50;LCI;NA;9;12179931,54;Male;Massif_Central;Early
H1_2016;KDE50;SI;0,108715539;1;12179931,54;Male;Massif_Central;Early
H1_2016;KDE50;SI;0,26957125;2;12179931,54;Male;Massif_Central;Early
H1_2016;KDE50;SI;0,414905679;3;12179931,54;Male;Massif_Central;Early
H1_2016;KDE50;SI;0,444148408;4;12179931,54;Male;Massif_Central;Early
H1_2016;KDE50;SI;0,453011074;5;12179931,54;Male;Massif_Central;Early
H1_2016;KDE50;SI;0,462548042;6;12179931,54;Male;Massif_Central;Early
H1_2016;KDE50;SI;NA;7;12179931,54;Male;Massif_Central;Early
H1_2016;KDE50;SI;NA;8;12179931,54;Male;Massif_Central;Early
H1_2016;KDE50;SI;NA;9;12179931,54;Male;Massif_Central;Early
H1_2016;KDE50;TI;NA;8;12179931,54;Male;Massif_Central;Early
H1_2016;KDE50;TI;0,72444235;1;12179931,54;Male;Massif_Central;Early
H1_2016;KDE50;TI;NA;7;12179931,54;Male;Massif_Central;Early
H1_2016;KDE50;TI;0,859494293;2;12179931,54;Male;Massif_Central;Early
H1_2016;KDE50;TI;0,949960624;6;12179931,54;Male;Massif_Central;Early
H1_2016;KDE50;TI;0,933721329;4;12179931,54;Male;Massif_Central;Early
H1_2016;KDE50;TI;0,893096013;3;12179931,54;Male;Massif_Central;Early
H1_2016;KDE50;TI;0,947451947;5;12179931,54;Male;Massif_Central;Early
H1_2016;KDE50;TI;NA;9;12179931,54;Male;Massif_Central;Early
H1_2016;KDE99;LCI;0,842912661;1;197247894,2;Male;Massif_Central;Early
H1_2016;KDE99;LCI;0,925557245;5;197247894,2;Male;Massif_Central;Early
H1_2016;KDE99;LCI;0,927950734;2;197247894,2;Male;Massif_Central;Early
H1_2016;KDE99;LCI;NA;7;197247894,2;Male;Massif_Central;Early
H1_2016;KDE99;LCI;0,93209257;3;197247894,2;Male;Massif_Central;Early
H1_2016;KDE99;LCI;0,920725903;6;197247894,2;Male;Massif_Central;Early
H1_2016;KDE99;LCI;NA;9;197247894,2;Male;Massif_Central;Early
H1_2016;KDE99;LCI;0,923993534;4;197247894,2;Male;Massif_Central;Early
H1_2016;KDE99;LCI;NA;8;197247894,2;Male;Massif_Central;Early
H1_2016;KDE99;SI;0,213696212;1;197247894,2;Male;Massif_Central;Early
H1_2016;KDE99;SI;0,621761813;2;197247894,2;Male;Massif_Central;Early
H1_2016;KDE99;SI;0,755958286;3;197247894,2;Male;Massif_Central;Early
H1_2016;KDE99;SI;0,7784825;4;197247894,2;Male;Massif_Central;Early
H1_2016;KDE99;SI;0,783087253;5;197247894,2;Male;Massif_Central;Early
H1_2016;KDE99;SI;0,7842109;6;197247894,2;Male;Massif_Central;Early
H1_2016;KDE99;SI;NA;7;197247894,2;Male;Massif_Central;Early
H1_2016;KDE99;SI;NA;8;197247894,2;Male;Massif_Central;Early
H1_2016;KDE99;SI;NA;9;197247894,2;Male;Massif_Central;Early
H1_2016;KDE99;TI;0,846064013;1;197247894,2;Male;Massif_Central;Early
H1_2016;KDE99;TI;0,95138178;5;197247894,2;Male;Massif_Central;Early
H1_2016;KDE99;TI;0,87537903;2;197247894,2;Male;Massif_Central;Early
H1_2016;KDE99;TI;NA;7;197247894,2;Male;Massif_Central;Early
H1_2016;KDE99;TI;0,928172069;3;197247894,2;Male;Massif_Central;Early
H1_2016;KDE99;TI;0,948655571;6;197247894,2;Male;Massif_Central;Early
H1_2016;KDE99;TI;NA;9;197247894,2;Male;Massif_Central;Early
H1_2016;KDE99;TI;0,945098246;4;197247894,2;Male;Massif_Central;Early
H1_2016;KDE99;TI;NA;8;197247894,2;Male;Massif_Central;Early
H6_2016;KDE50;LCI;NA;8;17310861,02;Male;Massif_Central;Early
H6_2016;KDE50;LCI;NA;9;17310861,02;Male;Massif_Central;Early
H6_2016;KDE50;LCI;0,940177855;7;17310861,02;Male;Massif_Central;Early
H6_2016;KDE50;LCI;0,932682571;6;17310861,02;Male;Massif_Central;Early
H6_2016;KDE50;LCI;0,823393706;3;17310861,02;Male;Massif_Central;Early
H6_2016;KDE50;LCI;0,698083579;2;17310861,02;Male;Massif_Central;Early
H6_2016;KDE50;LCI;NA;1;17310861,02;Male;Massif_Central;Early
H6_2016;KDE50;LCI;0,923372404;4;17310861,02;Male;Massif_Central;Early
H6_2016;KDE50;LCI;0,932504919;5;17310861,02;Male;Massif_Central;Early
H6_2016;KDE50;SI;NA;1;17310861,02;Male;Massif_Central;Early
H6_2016;KDE50;SI;0,537180827;2;17310861,02;Male;Massif_Central;Early
H6_2016;KDE50;SI;0,531672371;3;17310861,02;Male;Massif_Central;Early
H6_2016;KDE50;SI;0,620296375;4;17310861,02;Male;Massif_Central;Early
H6_2016;KDE50;SI;0,657387577;5;17310861,02;Male;Massif_Central;Early
H6_2016;KDE50;SI;0,657531419;6;17310861,02;Male;Massif_Central;Early
H6_2016;KDE50;SI;0,656950477;7;17310861,02;Male;Massif_Central;Early
H6_2016;KDE50;SI;NA;8;17310861,02;Male;Massif_Central;Early
H6_2016;KDE50;SI;NA;9;17310861,02;Male;Massif_Central;Early
H6_2016;KDE50;TI;NA;8;17310861,02;Male;Massif_Central;Early
H6_2016;KDE50;TI;NA;9;17310861,02;Male;Massif_Central;Early
H6_2016;KDE50;TI;0,984776488;7;17310861,02;Male;Massif_Central;Early
H6_2016;KDE50;TI;0,980579378;6;17310861,02;Male;Massif_Central;Early
H6_2016;KDE50;TI;0,890604013;3;17310861,02;Male;Massif_Central;Early
H6_2016;KDE50;TI;0,843031385;2;17310861,02;Male;Massif_Central;Early
H6_2016;KDE50;TI;NA;1;17310861,02;Male;Massif_Central;Early
H6_2016;KDE50;TI;0,954924717;4;17310861,02;Male;Massif_Central;Early
H6_2016;KDE50;TI;0,973704595;5;17310861,02;Male;Massif_Central;Early
H6_2016;KDE99;LCI;0,947825344;4;267530621,8;Male;Massif_Central;Early
H6_2016;KDE99;LCI;0,957995158;6;267530621,8;Male;Massif_Central;Early
H6_2016;KDE99;LCI;0,670412726;1;267530621,8;Male;Massif_Central;Early
H6_2016;KDE99;LCI;0,956623864;5;267530621,8;Male;Massif_Central;Early
H6_2016;KDE99;LCI;NA;8;267530621,8;Male;Massif_Central;Early
H6_2016;KDE99;LCI;0,959721204;7;267530621,8;Male;Massif_Central;Early
H6_2016;KDE99;LCI;0,825709714;2;267530621,8;Male;Massif_Central;Early
H6_2016;KDE99;LCI;0,914308328;3;267530621,8;Male;Massif_Central;Early
H6_2016;KDE99;LCI;NA;9;267530621,8;Male;Massif_Central;Early
H6_2016;KDE99;SI;0,13297432;1;267530621,8;Male;Massif_Central;Early
H6_2016;KDE99;SI;0,804785485;2;267530621,8;Male;Massif_Central;Early
H6_2016;KDE99;SI;0,889211029;3;267530621,8;Male;Massif_Central;Early
H6_2016;KDE99;SI;0,913313431;4;267530621,8;Male;Massif_Central;Early
H6_2016;KDE99;SI;0,930917267;5;267530621,8;Male;Massif_Central;Early
H6_2016;KDE99;SI;0,932405884;6;267530621,8;Male;Massif_Central;Early
H6_2016;KDE99;SI;0,935297658;7;267530621,8;Male;Massif_Central;Early
H6_2016;KDE99;SI;NA;8;267530621,8;Male;Massif_Central;Early
H6_2016;KDE99;SI;NA;9;267530621,8;Male;Massif_Central;Early
H6_2016;KDE99;TI;0,962689188;4;267530621,8;Male;Massif_Central;Early
H6_2016;KDE99;TI;0,976586284;6;267530621,8;Male;Massif_Central;Early
H6_2016;KDE99;TI;0,803432789;1;267530621,8;Male;Massif_Central;Early
H6_2016;KDE99;TI;0,97345286;5;267530621,8;Male;Massif_Central;Early
H6_2016;KDE99;TI;NA;8;267530621,8;Male;Massif_Central;Early
H6_2016;KDE99;TI;0,979574322;7;267530621,8;Male;Massif_Central;Early
H6_2016;KDE99;TI;0,88616071;2;267530621,8;Male;Massif_Central;Early
H6_2016;KDE99;TI;0,926485309;3;267530621,8;Male;Massif_Central;Early
H6_2016;KDE99;TI;NA;9;267530621,8;Male;Massif_Central;Early
A6_2016;KDE50;LCI;NA;8;6455357,583;Female;Massif_Central;Late
A6_2016;KDE50;LCI;0,814379446;3;6455357,583;Female;Massif_Central;Late
A6_2016;KDE50;LCI;0,805623974;1;6455357,583;Female;Massif_Central;Late
A6_2016;KDE50;LCI;0,814733705;7;6455357,583;Female;Massif_Central;Late
A6_2016;KDE50;LCI;0,814527441;5;6455357,583;Female;Massif_Central;Late
A6_2016;KDE50;LCI;NA;9;6455357,583;Female;Massif_Central;Late
A6_2016;KDE50;LCI;0,812459911;2;6455357,583;Female;Massif_Central;Late
A6_2016;KDE50;LCI;0,815524964;4;6455357,583;Female;Massif_Central;Late
A6_2016;KDE50;LCI;0,814442316;6;6455357,583;Female;Massif_Central;Late
A6_2016;KDE50;SI;0,18311338;1;6455357,583;Female;Massif_Central;Late
A6_2016;KDE50;SI;0,303658071;2;6455357,583;Female;Massif_Central;Late
A6_2016;KDE50;SI;0,489094993;3;6455357,583;Female;Massif_Central;Late
A6_2016;KDE50;SI;0,530848106;4;6455357,583;Female;Massif_Central;Late
A6_2016;KDE50;SI;0,544022647;5;6455357,583;Female;Massif_Central;Late
A6_2016;KDE50;SI;0,552881132;6;6455357,583;Female;Massif_Central;Late
A6_2016;KDE50;SI;0,557190715;7;6455357,583;Female;Massif_Central;Late
A6_2016;KDE50;SI;NA;8;6455357,583;Female;Massif_Central;Late
A6_2016;KDE50;SI;NA;9;6455357,583;Female;Massif_Central;Late
A6_2016;KDE50;TI;NA;8;6455357,583;Female;Massif_Central;Late
A6_2016;KDE50;TI;0,900030268;3;6455357,583;Female;Massif_Central;Late
A6_2016;KDE50;TI;0,923525396;1;6455357,583;Female;Massif_Central;Late
A6_2016;KDE50;TI;0,896921182;7;6455357,583;Female;Massif_Central;Late
A6_2016;KDE50;TI;0,890771318;5;6455357,583;Female;Massif_Central;Late
A6_2016;KDE50;TI;NA;9;6455357,583;Female;Massif_Central;Late
A6_2016;KDE50;TI;0,896381748;2;6455357,583;Female;Massif_Central;Late
A6_2016;KDE50;TI;0,892712641;4;6455357,583;Female;Massif_Central;Late
A6_2016;KDE50;TI;0,895951165;6;6455357,583;Female;Massif_Central;Late
A6_2016;KDE99;LCI;0,723398955;2;193941772,9;Female;Massif_Central;Late
A6_2016;KDE99;LCI;NA;9;193941772,9;Female;Massif_Central;Late
A6_2016;KDE99;LCI;0,781497792;3;193941772,9;Female;Massif_Central;Late
A6_2016;KDE99;LCI;0,820807897;7;193941772,9;Female;Massif_Central;Late
A6_2016;KDE99;LCI;0,689403339;1;193941772,9;Female;Massif_Central;Late
A6_2016;KDE99;LCI;0,808661658;5;193941772,9;Female;Massif_Central;Late
A6_2016;KDE99;LCI;0,817298231;6;193941772,9;Female;Massif_Central;Late
A6_2016;KDE99;LCI;NA;8;193941772,9;Female;Massif_Central;Late
A6_2016;KDE99;LCI;0,800161584;4;193941772,9;Female;Massif_Central;Late
A6_2016;KDE99;SI;0,335322088;1;193941772,9;Female;Massif_Central;Late
A6_2016;KDE99;SI;0,466180372;2;193941772,9;Female;Massif_Central;Late
A6_2016;KDE99;SI;0,709237215;3;193941772,9;Female;Massif_Central;Late
A6_2016;KDE99;SI;0,773621754;4;193941772,9;Female;Massif_Central;Late
A6_2016;KDE99;SI;0,78440688;5;193941772,9;Female;Massif_Central;Late
A6_2016;KDE99;SI;0,786256082;6;193941772,9;Female;Massif_Central;Late
A6_2016;KDE99;SI;0,793625381;7;193941772,9;Female;Massif_Central;Late
A6_2016;KDE99;SI;NA;8;193941772,9;Female;Massif_Central;Late
A6_2016;KDE99;SI;NA;9;193941772,9;Female;Massif_Central;Late
A6_2016;KDE99;TI;0,944744051;2;193941772,9;Female;Massif_Central;Late
A6_2016;KDE99;TI;NA;9;193941772,9;Female;Massif_Central;Late
A6_2016;KDE99;TI;0,958984745;3;193941772,9;Female;Massif_Central;Late
A6_2016;KDE99;TI;0,955073361;7;193941772,9;Female;Massif_Central;Late
A6_2016;KDE99;TI;0,991223983;1;193941772,9;Female;Massif_Central;Late
A6_2016;KDE99;TI;0,954920142;5;193941772,9;Female;Massif_Central;Late
A6_2016;KDE99;TI;0,95596723;6;193941772,9;Female;Massif_Central;Late
A6_2016;KDE99;TI;NA;8;193941772,9;Female;Massif_Central;Late
A6_2016;KDE99;TI;0,958129935;4;193941772,9;Female;Massif_Central;Late
H10_2017;KDE50;LCI;NA;9;9019360,66;Female;Massif_Central;Early
H10_2017;KDE50;LCI;NA;1;9019360,66;Female;Massif_Central;Early
H10_2017;KDE50;LCI;0,802471435;3;9019360,66;Female;Massif_Central;Early
H10_2017;KDE50;LCI;0,446974811;2;9019360,66;Female;Massif_Central;Early
H10_2017;KDE50;LCI;0,861181934;4;9019360,66;Female;Massif_Central;Early
H10_2017;KDE50;LCI;NA;7;9019360,66;Female;Massif_Central;Early
H10_2017;KDE50;LCI;0,901774948;6;9019360,66;Female;Massif_Central;Early
H10_2017;KDE50;LCI;0,881292739;5;9019360,66;Female;Massif_Central;Early
H10_2017;KDE50;LCI;NA;8;9019360,66;Female;Massif_Central;Early
H10_2017;KDE50;SI;0,044362532;1;9019360,66;Female;Massif_Central;Early
H10_2017;KDE50;SI;0,094693911;2;9019360,66;Female;Massif_Central;Early
H10_2017;KDE50;SI;0,615298768;3;9019360,66;Female;Massif_Central;Early
H10_2017;KDE50;SI;0,60651443;4;9019360,66;Female;Massif_Central;Early
H10_2017;KDE50;SI;0,613346864;5;9019360,66;Female;Massif_Central;Early
H10_2017;KDE50;SI;0,572892276;6;9019360,66;Female;Massif_Central;Early
H10_2017;KDE50;SI;NA;7;9019360,66;Female;Massif_Central;Early
H10_2017;KDE50;SI;NA;8;9019360,66;Female;Massif_Central;Early
H10_2017;KDE50;SI;NA;9;9019360,66;Female;Massif_Central;Early
H10_2017;KDE50;TI;NA;9;9019360,66;Female;Massif_Central;Early
H10_2017;KDE50;TI;NA;1;9019360,66;Female;Massif_Central;Early
H10_2017;KDE50;TI;0,937515354;3;9019360,66;Female;Massif_Central;Early
H10_2017;KDE50;TI;0,593030286;2;9019360,66;Female;Massif_Central;Early
H10_2017;KDE50;TI;0,919156748;4;9019360,66;Female;Massif_Central;Early
H10_2017;KDE50;TI;NA;7;9019360,66;Female;Massif_Central;Early
H10_2017;KDE50;TI;0,887203294;6;9019360,66;Female;Massif_Central;Early
H10_2017;KDE50;TI;0,905255805;5;9019360,66;Female;Massif_Central;Early
H10_2017;KDE50;TI;NA;8;9019360,66;Female;Massif_Central;Early
H10_2017;KDE99;LCI;NA;8;136957966,1;Female;Massif_Central;Early
H10_2017;KDE99;LCI;0,499120773;1;136957966,1;Female;Massif_Central;Early
H10_2017;KDE99;LCI;NA;9;136957966,1;Female;Massif_Central;Early
H10_2017;KDE99;LCI;0,436620773;2;136957966,1;Female;Massif_Central;Early
H10_2017;KDE99;LCI;0,846436069;3;136957966,1;Female;Massif_Central;Early
H10_2017;KDE99;LCI;NA;7;136957966,1;Female;Massif_Central;Early
H10_2017;KDE99;LCI;0,898597586;5;136957966,1;Female;Massif_Central;Early
H10_2017;KDE99;LCI;0,882597987;6;136957966,1;Female;Massif_Central;Early
H10_2017;KDE99;LCI;0,895325861;4;136957966,1;Female;Massif_Central;Early
H10_2017;KDE99;SI;0,080778595;1;136957966,1;Female;Massif_Central;Early
H10_2017;KDE99;SI;0,158377846;2;136957966,1;Female;Massif_Central;Early
H10_2017;KDE99;SI;0,832579017;3;136957966,1;Female;Massif_Central;Early
H10_2017;KDE99;SI;0,848460955;4;136957966,1;Female;Massif_Central;Early
H10_2017;KDE99;SI;0,871306139;5;136957966,1;Female;Massif_Central;Early
H10_2017;KDE99;SI;0,861777034;6;136957966,1;Female;Massif_Central;Early
H10_2017;KDE99;SI;NA;7;136957966,1;Female;Massif_Central;Early
H10_2017;KDE99;SI;NA;8;136957966,1;Female;Massif_Central;Early
H10_2017;KDE99;SI;NA;9;136957966,1;Female;Massif_Central;Early
H10_2017;KDE99;TI;NA;8;136957966,1;Female;Massif_Central;Early
H10_2017;KDE99;TI;0,86972044;1;136957966,1;Female;Massif_Central;Early
H10_2017;KDE99;TI;NA;9;136957966,1;Female;Massif_Central;Early
H10_2017;KDE99;TI;0,598887106;2;136957966,1;Female;Massif_Central;Early
H10_2017;KDE99;TI;0,986874202;3;136957966,1;Female;Massif_Central;Early
H10_2017;KDE99;TI;NA;7;136957966,1;Female;Massif_Central;Early
H10_2017;KDE99;TI;0,95910502;5;136957966,1;Female;Massif_Central;Early
H10_2017;KDE99;TI;0,942664685;6;136957966,1;Female;Massif_Central;Early
H10_2017;KDE99;TI;0,977162259;4;136957966,1;Female;Massif_Central;Early
A2_2017;KDE50;LCI;0,930084868;6;6719333,305;Male;Massif_Central;Early
A2_2017;KDE50;LCI;0,972206397;1;6719333,305;Male;Massif_Central;Early
A2_2017;KDE50;LCI;0,939559976;5;6719333,305;Male;Massif_Central;Early
A2_2017;KDE50;LCI;NA;8;6719333,305;Male;Massif_Central;Early
A2_2017;KDE50;LCI;0,933719031;2;6719333,305;Male;Massif_Central;Early
A2_2017;KDE50;LCI;NA;9;6719333,305;Male;Massif_Central;Early
A2_2017;KDE50;LCI;0,935937876;4;6719333,305;Male;Massif_Central;Early
A2_2017;KDE50;LCI;NA;7;6719333,305;Male;Massif_Central;Early
A2_2017;KDE50;LCI;0,912634716;3;6719333,305;Male;Massif_Central;Early
A2_2017;KDE50;SI;0,30051056;1;6719333,305;Male;Massif_Central;Early
A2_2017;KDE50;SI;0,655116084;2;6719333,305;Male;Massif_Central;Early
A2_2017;KDE50;SI;0,697786724;3;6719333,305;Male;Massif_Central;Early
A2_2017;KDE50;SI;0,735160761;4;6719333,305;Male;Massif_Central;Early
A2_2017;KDE50;SI;0,767687014;5;6719333,305;Male;Massif_Central;Early
A2_2017;KDE50;SI;0,782589117;6;6719333,305;Male;Massif_Central;Early
A2_2017;KDE50;SI;NA;7;6719333,305;Male;Massif_Central;Early
A2_2017;KDE50;SI;NA;8;6719333,305;Male;Massif_Central;Early
A2_2017;KDE50;SI;NA;9;6719333,305;Male;Massif_Central;Early
A2_2017;KDE50;TI;0,957501438;6;6719333,305;Male;Massif_Central;Early
A2_2017;KDE50;TI;0,834174031;1;6719333,305;Male;Massif_Central;Early
A2_2017;KDE50;TI;0,954748665;5;6719333,305;Male;Massif_Central;Early
A2_2017;KDE50;TI;NA;8;6719333,305;Male;Massif_Central;Early
A2_2017;KDE50;TI;0,899576508;2;6719333,305;Male;Massif_Central;Early
A2_2017;KDE50;TI;NA;9;6719333,305;Male;Massif_Central;Early
A2_2017;KDE50;TI;0,939109051;4;6719333,305;Male;Massif_Central;Early
A2_2017;KDE50;TI;NA;7;6719333,305;Male;Massif_Central;Early
A2_2017;KDE50;TI;0,932686293;3;6719333,305;Male;Massif_Central;Early
A2_2017;KDE99;LCI;NA;7;255957076,3;Male;Massif_Central;Early
A2_2017;KDE99;LCI;0,900835141;1;255957076,3;Male;Massif_Central;Early
A2_2017;KDE99;LCI;0,896686302;2;255957076,3;Male;Massif_Central;Early
A2_2017;KDE99;LCI;0,919131938;5;255957076,3;Male;Massif_Central;Early
A2_2017;KDE99;LCI;NA;9;255957076,3;Male;Massif_Central;Early
A2_2017;KDE99;LCI;0,909878154;4;255957076,3;Male;Massif_Central;Early
A2_2017;KDE99;LCI;0,908273949;3;255957076,3;Male;Massif_Central;Early
A2_2017;KDE99;LCI;0,924206793;6;255957076,3;Male;Massif_Central;Early
A2_2017;KDE99;LCI;NA;8;255957076,3;Male;Massif_Central;Early
A2_2017;KDE99;SI;0,473711663;1;255957076,3;Male;Massif_Central;Early
A2_2017;KDE99;SI;0,746776439;2;255957076,3;Male;Massif_Central;Early
A2_2017;KDE99;SI;0,783918064;3;255957076,3;Male;Massif_Central;Early
A2_2017;KDE99;SI;0,817718733;4;255957076,3;Male;Massif_Central;Early
A2_2017;KDE99;SI;0,859998963;5;255957076,3;Male;Massif_Central;Early
A2_2017;KDE99;SI;0,863308745;6;255957076,3;Male;Massif_Central;Early
A2_2017;KDE99;SI;NA;7;255957076,3;Male;Massif_Central;Early
A2_2017;KDE99;SI;NA;8;255957076,3;Male;Massif_Central;Early
A2_2017;KDE99;SI;NA;9;255957076,3;Male;Massif_Central;Early
A2_2017;KDE99;TI;NA;7;255957076,3;Male;Massif_Central;Early
A2_2017;KDE99;TI;0,807772309;1;255957076,3;Male;Massif_Central;Early
A2_2017;KDE99;TI;0,855966006;2;255957076,3;Male;Massif_Central;Early
A2_2017;KDE99;TI;0,922102699;5;255957076,3;Male;Massif_Central;Early
A2_2017;KDE99;TI;NA;9;255957076,3;Male;Massif_Central;Early
A2_2017;KDE99;TI;0,902714804;4;255957076,3;Male;Massif_Central;Early
A2_2017;KDE99;TI;0,883136234;3;255957076,3;Male;Massif_Central;Early
A2_2017;KDE99;TI;0,924176033;6;255957076,3;Male;Massif_Central;Early
A2_2017;KDE99;TI;NA;8;255957076,3;Male;Massif_Central;Early
G2_2018;KDE50;LCI;0,754756372;2;11066541,04;Female;Massif_Central;Late
G2_2018;KDE50;LCI;0,709794818;5;11066541,04;Female;Massif_Central;Late
G2_2018;KDE50;LCI;NA;8;11066541,04;Female;Massif_Central;Late
G2_2018;KDE50;LCI;0,449329495;1;11066541,04;Female;Massif_Central;Late
G2_2018;KDE50;LCI;0,707016827;3;11066541,04;Female;Massif_Central;Late
G2_2018;KDE50;LCI;NA;9;11066541,04;Female;Massif_Central;Late
G2_2018;KDE50;LCI;0,753626153;6;11066541,04;Female;Massif_Central;Late
G2_2018;KDE50;LCI;0,707736733;4;11066541,04;Female;Massif_Central;Late
G2_2018;KDE50;LCI;0,758780465;7;11066541,04;Female;Massif_Central;Late
G2_2018;KDE50;SI;0,093785328;1;11066541,04;Female;Massif_Central;Late
G2_2018;KDE50;SI;0,302490054;2;11066541,04;Female;Massif_Central;Late
G2_2018;KDE50;SI;0,463803714;3;11066541,04;Female;Massif_Central;Late
G2_2018;KDE50;SI;0,490527291;4;11066541,04;Female;Massif_Central;Late
G2_2018;KDE50;SI;0,503741195;5;11066541,04;Female;Massif_Central;Late
G2_2018;KDE50;SI;0,530466627;6;11066541,04;Female;Massif_Central;Late
G2_2018;KDE50;SI;0,538151045;7;11066541,04;Female;Massif_Central;Late
G2_2018;KDE50;SI;NA;8;11066541,04;Female;Massif_Central;Late
G2_2018;KDE50;SI;NA;9;11066541,04;Female;Massif_Central;Late
G2_2018;KDE50;TI;0,910366242;2;11066541,04;Female;Massif_Central;Late
G2_2018;KDE50;TI;0,946408328;5;11066541,04;Female;Massif_Central;Late
G2_2018;KDE50;TI;NA;8;11066541,04;Female;Massif_Central;Late
G2_2018;KDE50;TI;0,654636631;1;11066541,04;Female;Massif_Central;Late
G2_2018;KDE50;TI;0,936271252;3;11066541,04;Female;Massif_Central;Late
G2_2018;KDE50;TI;NA;9;11066541,04;Female;Massif_Central;Late
G2_2018;KDE50;TI;0,92887186;6;11066541,04;Female;Massif_Central;Late
G2_2018;KDE50;TI;0,951389087;4;11066541,04;Female;Massif_Central;Late
G2_2018;KDE50;TI;0,924726111;7;11066541,04;Female;Massif_Central;Late
G2_2018;KDE99;LCI;0,794056453;3;123843538,7;Female;Massif_Central;Late
G2_2018;KDE99;LCI;0,816085704;5;123843538,7;Female;Massif_Central;Late
G2_2018;KDE99;LCI;0,833443764;6;123843538,7;Female;Massif_Central;Late
G2_2018;KDE99;LCI;NA;8;123843538,7;Female;Massif_Central;Late
G2_2018;KDE99;LCI;0,739433001;2;123843538,7;Female;Massif_Central;Late
G2_2018;KDE99;LCI;0,804300975;4;123843538,7;Female;Massif_Central;Late
G2_2018;KDE99;LCI;0,838693344;7;123843538,7;Female;Massif_Central;Late
G2_2018;KDE99;LCI;NA;9;123843538,7;Female;Massif_Central;Late
G2_2018;KDE99;LCI;0,629247936;1;123843538,7;Female;Massif_Central;Late
G2_2018;KDE99;SI;0,180327339;1;123843538,7;Female;Massif_Central;Late
G2_2018;KDE99;SI;0,580815116;2;123843538,7;Female;Massif_Central;Late
G2_2018;KDE99;SI;0,737606373;3;123843538,7;Female;Massif_Central;Late
G2_2018;KDE99;SI;0,785077395;4;123843538,7;Female;Massif_Central;Late
G2_2018;KDE99;SI;0,794343327;5;123843538,7;Female;Massif_Central;Late
G2_2018;KDE99;SI;0,817441823;6;123843538,7;Female;Massif_Central;Late
G2_2018;KDE99;SI;0,82091794;7;123843538,7;Female;Massif_Central;Late
G2_2018;KDE99;SI;NA;8;123843538,7;Female;Massif_Central;Late
G2_2018;KDE99;SI;NA;9;123843538,7;Female;Massif_Central;Late
G2_2018;KDE99;TI;0,967058951;3;123843538,7;Female;Massif_Central;Late
G2_2018;KDE99;TI;0,976946125;5;123843538,7;Female;Massif_Central;Late
G2_2018;KDE99;TI;0,976021827;6;123843538,7;Female;Massif_Central;Late
G2_2018;KDE99;TI;NA;8;123843538,7;Female;Massif_Central;Late
G2_2018;KDE99;TI;0,881910454;2;123843538,7;Female;Massif_Central;Late
G2_2018;KDE99;TI;0,976013286;4;123843538,7;Female;Massif_Central;Late
G2_2018;KDE99;TI;0,976186917;7;123843538,7;Female;Massif_Central;Late
G2_2018;KDE99;TI;NA;9;123843538,7;Female;Massif_Central;Late
G2_2018;KDE99;TI;0,687827357;1;123843538,7;Female;Massif_Central;Late
H4_2019;KDE50;LCI;0,803397519;5;29231951,47;Female;Massif_Central;Early
H4_2019;KDE50;LCI;NA;8;29231951,47;Female;Massif_Central;Early
H4_2019;KDE50;LCI;0,750986578;4;29231951,47;Female;Massif_Central;Early
H4_2019;KDE50;LCI;0,677179475;1;29231951,47;Female;Massif_Central;Early
H4_2019;KDE50;LCI;NA;9;29231951,47;Female;Massif_Central;Early
H4_2019;KDE50;LCI;0,745219992;3;29231951,47;Female;Massif_Central;Early
H4_2019;KDE50;LCI;NA;7;29231951,47;Female;Massif_Central;Early
H4_2019;KDE50;LCI;0,745153728;2;29231951,47;Female;Massif_Central;Early
H4_2019;KDE50;LCI;NA;6;29231951,47;Female;Massif_Central;Early
H4_2019;KDE50;SI;0,208561242;1;29231951,47;Female;Massif_Central;Early
H4_2019;KDE50;SI;0,331946342;2;29231951,47;Female;Massif_Central;Early
H4_2019;KDE50;SI;0,286082091;3;29231951,47;Female;Massif_Central;Early
H4_2019;KDE50;SI;0,293655363;4;29231951,47;Female;Massif_Central;Early
H4_2019;KDE50;SI;0,367939819;5;29231951,47;Female;Massif_Central;Early
H4_2019;KDE50;SI;NA;6;29231951,47;Female;Massif_Central;Early
H4_2019;KDE50;SI;NA;7;29231951,47;Female;Massif_Central;Early
H4_2019;KDE50;SI;NA;8;29231951,47;Female;Massif_Central;Early
H4_2019;KDE50;SI;NA;9;29231951,47;Female;Massif_Central;Early
H4_2019;KDE50;TI;0,968486838;5;29231951,47;Female;Massif_Central;Early
H4_2019;KDE50;TI;NA;8;29231951,47;Female;Massif_Central;Early
H4_2019;KDE50;TI;0,931453562;4;29231951,47;Female;Massif_Central;Early
H4_2019;KDE50;TI;0,986953185;1;29231951,47;Female;Massif_Central;Early
H4_2019;KDE50;TI;NA;9;29231951,47;Female;Massif_Central;Early
H4_2019;KDE50;TI;0,912598033;3;29231951,47;Female;Massif_Central;Early
H4_2019;KDE50;TI;NA;7;29231951,47;Female;Massif_Central;Early
H4_2019;KDE50;TI;0,9937354;2;29231951,47;Female;Massif_Central;Early
H4_2019;KDE50;TI;NA;6;29231951,47;Female;Massif_Central;Early
H4_2019;KDE99;LCI;0,844303958;4;325379428,8;Female;Massif_Central;Early
H4_2019;KDE99;LCI;0,875640845;5;325379428,8;Female;Massif_Central;Early
H4_2019;KDE99;LCI;NA;9;325379428,8;Female;Massif_Central;Early
H4_2019;KDE99;LCI;0,745532338;1;325379428,8;Female;Massif_Central;Early
H4_2019;KDE99;LCI;0,82696054;3;325379428,8;Female;Massif_Central;Early
H4_2019;KDE99;LCI;NA;6;325379428,8;Female;Massif_Central;Early
H4_2019;KDE99;LCI;NA;8;325379428,8;Female;Massif_Central;Early
H4_2019;KDE99;LCI;0,852755166;2;325379428,8;Female;Massif_Central;Early
H4_2019;KDE99;LCI;NA;7;325379428,8;Female;Massif_Central;Early
H4_2019;KDE99;SI;0,293199519;1;325379428,8;Female;Massif_Central;Early
H4_2019;KDE99;SI;0,588457238;2;325379428,8;Female;Massif_Central;Early
H4_2019;KDE99;SI;0,64371898;3;325379428,8;Female;Massif_Central;Early
H4_2019;KDE99;SI;0,715249314;4;325379428,8;Female;Massif_Central;Early
H4_2019;KDE99;SI;0,763184924;5;325379428,8;Female;Massif_Central;Early
H4_2019;KDE99;SI;NA;6;325379428,8;Female;Massif_Central;Early
H4_2019;KDE99;SI;NA;7;325379428,8;Female;Massif_Central;Early
H4_2019;KDE99;SI;NA;8;325379428,8;Female;Massif_Central;Early
H4_2019;KDE99;SI;NA;9;325379428,8;Female;Massif_Central;Early
H4_2019;KDE99;TI;0,962299012;4;325379428,8;Female;Massif_Central;Early
H4_2019;KDE99;TI;0,996055029;5;325379428,8;Female;Massif_Central;Early
H4_2019;KDE99;TI;NA;9;325379428,8;Female;Massif_Central;Early
H4_2019;KDE99;TI;0,972995254;1;325379428,8;Female;Massif_Central;Early
H4_2019;KDE99;TI;0,936336186;3;325379428,8;Female;Massif_Central;Early
H4_2019;KDE99;TI;NA;6;325379428,8;Female;Massif_Central;Early
H4_2019;KDE99;TI;NA;8;325379428,8;Female;Massif_Central;Early
H4_2019;KDE99;TI;0,944424903;2;325379428,8;Female;Massif_Central;Early
H4_2019;KDE99;TI;NA;7;325379428,8;Female;Massif_Central;Early
