asvCode,Kingdom,Phylum,SubPhylum,Class,Order,Family,Genus,Species
asv0241,Eukaryota,Opisthokonta,Mesomycetozoa,Ichthyosporea,Ichthyosphonida,Abeoformidae_Group_MAIP_,Abeoformidae_Group_MAIP_,Abeoformidae_sp.
asv4566,Eukaryota,Amoebozoa,Lobosa,Lobosa,Centramoebida,Acanthamoebidae,Acanthamoeba,Acanthamoeba_hatchetti
asv8237,Eukaryota,Amoebozoa,Lobosa,Lobosa,Centramoebida,Acanthamoebidae,Acanthamoeba,Acanthamoeba_hatchetti
asv3057,Eukaryota,Amoebozoa,Lobosa,Lobosa,Centramoebida,Acanthamoebidae,Acanthamoeba,Acanthamoeba_unclassified
asv6011,Eukaryota,Amoebozoa,Lobosa,Lobosa,Centramoebida,Acanthamoebidae,Acanthamoeba,Acanthamoeba_unclassified
asv0900,Eukaryota,Stramenopiles,Ochrophyta,Bacillariophyta,Bacillariophyta,Raphid-pennate,Achnanthidium,Achnanthidium_minutissimum
asv1704,Eukaryota,Stramenopiles,Ochrophyta,Bacillariophyta,Bacillariophyta,Raphid-pennate,Achnanthidium,Achnanthidium_minutissimum
asv2087,Eukaryota,Stramenopiles,Ochrophyta,Bacillariophyta,Bacillariophyta,Raphid-pennate,Achnanthidium,Achnanthidium_minutissimum
asv0052,Eukaryota,Opisthokonta,Metazoa,Rotifera,Rotifera,Rotifera,Adineta,Adineta_vaga
asv0256,Eukaryota,Opisthokonta,Metazoa,Rotifera,Rotifera,Rotifera,Adineta,Adineta_vaga
asv0504,Eukaryota,Opisthokonta,Metazoa,Rotifera,Rotifera,Rotifera,Adineta,Adineta_vaga
asv0155,Eukaryota,Opisthokonta,Fungi,Basidiomycota,Agaricomycotina,Agaricomycetes,Agaricomycetes_unclassified,Agaricomycetes_unclassified
asv0224,Eukaryota,Opisthokonta,Fungi,Basidiomycota,Agaricomycotina,Agaricomycetes,Agaricomycetes_unclassified,Agaricomycetes_unclassified
asv0768,Eukaryota,Opisthokonta,Fungi,Basidiomycota,Agaricomycotina,Agaricomycetes,Agaricomycetes_unclassified,Agaricomycetes_unclassified
asv0836,Eukaryota,Opisthokonta,Fungi,Basidiomycota,Agaricomycotina,Agaricomycetes,Agaricomycetes_unclassified,Agaricomycetes_unclassified
asv1031,Eukaryota,Opisthokonta,Fungi,Basidiomycota,Agaricomycotina,Agaricomycetes,Agaricomycetes_unclassified,Agaricomycetes_unclassified
asv1382,Eukaryota,Opisthokonta,Fungi,Basidiomycota,Agaricomycotina,Agaricomycetes,Agaricomycetes_unclassified,Agaricomycetes_unclassified
asv1627,Eukaryota,Opisthokonta,Fungi,Basidiomycota,Agaricomycotina,Agaricomycetes,Agaricomycetes_unclassified,Agaricomycetes_unclassified
asv1771,Eukaryota,Opisthokonta,Fungi,Basidiomycota,Agaricomycotina,Agaricomycetes,Agaricomycetes_unclassified,Agaricomycetes_unclassified
asv1783,Eukaryota,Opisthokonta,Fungi,Basidiomycota,Agaricomycotina,Agaricomycetes,Agaricomycetes_unclassified,Agaricomycetes_unclassified
asv1818,Eukaryota,Opisthokonta,Fungi,Basidiomycota,Agaricomycotina,Agaricomycetes,Agaricomycetes_unclassified,Agaricomycetes_unclassified
asv2025,Eukaryota,Opisthokonta,Fungi,Basidiomycota,Agaricomycotina,Agaricomycetes,Agaricomycetes_unclassified,Agaricomycetes_unclassified
asv2109,Eukaryota,Opisthokonta,Fungi,Basidiomycota,Agaricomycotina,Agaricomycetes,Agaricomycetes_unclassified,Agaricomycetes_unclassified
asv2192,Eukaryota,Opisthokonta,Fungi,Basidiomycota,Agaricomycotina,Agaricomycetes,Agaricomycetes_unclassified,Agaricomycetes_unclassified
asv2361,Eukaryota,Opisthokonta,Fungi,Basidiomycota,Agaricomycotina,Agaricomycetes,Agaricomycetes_unclassified,Agaricomycetes_unclassified
asv2445,Eukaryota,Opisthokonta,Fungi,Basidiomycota,Agaricomycotina,Agaricomycetes,Agaricomycetes_unclassified,Agaricomycetes_unclassified
asv2744,Eukaryota,Opisthokonta,Fungi,Basidiomycota,Agaricomycotina,Agaricomycetes,Agaricomycetes_unclassified,Agaricomycetes_unclassified
asv2745,Eukaryota,Opisthokonta,Fungi,Basidiomycota,Agaricomycotina,Agaricomycetes,Agaricomycetes_unclassified,Agaricomycetes_unclassified
asv2971,Eukaryota,Opisthokonta,Fungi,Basidiomycota,Agaricomycotina,Agaricomycetes,Agaricomycetes_unclassified,Agaricomycetes_unclassified
asv3126,Eukaryota,Opisthokonta,Fungi,Basidiomycota,Agaricomycotina,Agaricomycetes,Agaricomycetes_unclassified,Agaricomycetes_unclassified
asv3296,Eukaryota,Opisthokonta,Fungi,Basidiomycota,Agaricomycotina,Agaricomycetes,Agaricomycetes_unclassified,Agaricomycetes_unclassified
asv3881,Eukaryota,Opisthokonta,Fungi,Basidiomycota,Agaricomycotina,Agaricomycetes,Agaricomycetes_unclassified,Agaricomycetes_unclassified
asv4107,Eukaryota,Opisthokonta,Fungi,Basidiomycota,Agaricomycotina,Agaricomycetes,Agaricomycetes_unclassified,Agaricomycetes_unclassified
asv4128,Eukaryota,Opisthokonta,Fungi,Basidiomycota,Agaricomycotina,Agaricomycetes,Agaricomycetes_unclassified,Agaricomycetes_unclassified
asv4171,Eukaryota,Opisthokonta,Fungi,Basidiomycota,Agaricomycotina,Agaricomycetes,Agaricomycetes_unclassified,Agaricomycetes_unclassified
asv5157,Eukaryota,Opisthokonta,Fungi,Basidiomycota,Agaricomycotina,Agaricomycetes,Agaricomycetes_unclassified,Agaricomycetes_unclassified
asv5574,Eukaryota,Opisthokonta,Fungi,Basidiomycota,Agaricomycotina,Agaricomycetes,Agaricomycetes_unclassified,Agaricomycetes_unclassified
asv5692,Eukaryota,Opisthokonta,Fungi,Basidiomycota,Agaricomycotina,Agaricomycetes,Agaricomycetes_unclassified,Agaricomycetes_unclassified
asv7303,Eukaryota,Opisthokonta,Fungi,Basidiomycota,Agaricomycotina,Agaricomycetes,Agaricomycetes_unclassified,Agaricomycetes_unclassified
asv7684,Eukaryota,Opisthokonta,Fungi,Basidiomycota,Agaricomycotina,Agaricomycetes,Agaricomycetes_unclassified,Agaricomycetes_unclassified
asv8218,Eukaryota,Opisthokonta,Fungi,Basidiomycota,Agaricomycotina,Agaricomycetes,Agaricomycetes_unclassified,Agaricomycetes_unclassified
asv2030,Eukaryota,Rhizaria,Cercozoa,Filosa-Sarcomonadea,Pansomonadida,Agitatidae,Agitatidae,Agitatidae_sp.
asv0147,Eukaryota,Rhizaria,Cercozoa,Filosa-Sarcomonadea,Glissomonadida,Allapsidae,Allantion,Allantion_sp.
asv1492,Eukaryota,Rhizaria,Cercozoa,Filosa-Sarcomonadea,Glissomonadida,Allapsidae,Allantion,Allantion_sp.
asv1535,Eukaryota,Rhizaria,Cercozoa,Filosa-Sarcomonadea,Glissomonadida,Allapsidae,Allantion,Allantion_sp.
asv0548,Eukaryota,Rhizaria,Cercozoa,Filosa-Sarcomonadea,Glissomonadida,Allapsidae,Allapsidae_unclassified,Allapsidae_unclassified
asv1135,Eukaryota,Rhizaria,Cercozoa,Filosa-Sarcomonadea,Glissomonadida,Allapsidae,Allapsidae_unclassified,Allapsidae_unclassified
asv1843,Eukaryota,Rhizaria,Cercozoa,Filosa-Sarcomonadea,Glissomonadida,Allapsidae,Allapsidae_unclassified,Allapsidae_unclassified
asv2436,Eukaryota,Rhizaria,Cercozoa,Filosa-Sarcomonadea,Glissomonadida,Allapsidae,Allapsidae_unclassified,Allapsidae_unclassified
asv4097,Eukaryota,Rhizaria,Cercozoa,Filosa-Sarcomonadea,Glissomonadida,Allapsidae,Allapsidae_unclassified,Allapsidae_unclassified
asv7475,Eukaryota,Rhizaria,Cercozoa,Filosa-Sarcomonadea,Glissomonadida,Allapsidae,Allapsidae_unclassified,Allapsidae_unclassified
asv0081,Eukaryota,Alveolata,Alveolata_unclassified,Alveolata_unclassified,Alveolata_unclassified,Alveolata_unclassified,Alveolata_unclassified,Alveolata_unclassified
asv0086,Eukaryota,Alveolata,Alveolata_unclassified,Alveolata_unclassified,Alveolata_unclassified,Alveolata_unclassified,Alveolata_unclassified,Alveolata_unclassified
asv0111,Eukaryota,Alveolata,Alveolata_unclassified,Alveolata_unclassified,Alveolata_unclassified,Alveolata_unclassified,Alveolata_unclassified,Alveolata_unclassified
asv0134,Eukaryota,Alveolata,Alveolata_unclassified,Alveolata_unclassified,Alveolata_unclassified,Alveolata_unclassified,Alveolata_unclassified,Alveolata_unclassified
asv0199,Eukaryota,Alveolata,Alveolata_unclassified,Alveolata_unclassified,Alveolata_unclassified,Alveolata_unclassified,Alveolata_unclassified,Alveolata_unclassified
asv0205,Eukaryota,Alveolata,Alveolata_unclassified,Alveolata_unclassified,Alveolata_unclassified,Alveolata_unclassified,Alveolata_unclassified,Alveolata_unclassified
asv0244,Eukaryota,Alveolata,Alveolata_unclassified,Alveolata_unclassified,Alveolata_unclassified,Alveolata_unclassified,Alveolata_unclassified,Alveolata_unclassified
asv0308,Eukaryota,Alveolata,Alveolata_unclassified,Alveolata_unclassified,Alveolata_unclassified,Alveolata_unclassified,Alveolata_unclassified,Alveolata_unclassified
asv0397,Eukaryota,Alveolata,Alveolata_unclassified,Alveolata_unclassified,Alveolata_unclassified,Alveolata_unclassified,Alveolata_unclassified,Alveolata_unclassified
asv0399,Eukaryota,Alveolata,Alveolata_unclassified,Alveolata_unclassified,Alveolata_unclassified,Alveolata_unclassified,Alveolata_unclassified,Alveolata_unclassified
asv0480,Eukaryota,Alveolata,Alveolata_unclassified,Alveolata_unclassified,Alveolata_unclassified,Alveolata_unclassified,Alveolata_unclassified,Alveolata_unclassified
asv0997,Eukaryota,Alveolata,Alveolata_unclassified,Alveolata_unclassified,Alveolata_unclassified,Alveolata_unclassified,Alveolata_unclassified,Alveolata_unclassified
asv1082,Eukaryota,Alveolata,Alveolata_unclassified,Alveolata_unclassified,Alveolata_unclassified,Alveolata_unclassified,Alveolata_unclassified,Alveolata_unclassified
asv1163,Eukaryota,Alveolata,Alveolata_unclassified,Alveolata_unclassified,Alveolata_unclassified,Alveolata_unclassified,Alveolata_unclassified,Alveolata_unclassified
asv1196,Eukaryota,Alveolata,Alveolata_unclassified,Alveolata_unclassified,Alveolata_unclassified,Alveolata_unclassified,Alveolata_unclassified,Alveolata_unclassified
asv1345,Eukaryota,Alveolata,Alveolata_unclassified,Alveolata_unclassified,Alveolata_unclassified,Alveolata_unclassified,Alveolata_unclassified,Alveolata_unclassified
asv1364,Eukaryota,Alveolata,Alveolata_unclassified,Alveolata_unclassified,Alveolata_unclassified,Alveolata_unclassified,Alveolata_unclassified,Alveolata_unclassified
asv1594,Eukaryota,Alveolata,Alveolata_unclassified,Alveolata_unclassified,Alveolata_unclassified,Alveolata_unclassified,Alveolata_unclassified,Alveolata_unclassified
asv1936,Eukaryota,Alveolata,Alveolata_unclassified,Alveolata_unclassified,Alveolata_unclassified,Alveolata_unclassified,Alveolata_unclassified,Alveolata_unclassified
asv2201,Eukaryota,Alveolata,Alveolata_unclassified,Alveolata_unclassified,Alveolata_unclassified,Alveolata_unclassified,Alveolata_unclassified,Alveolata_unclassified
asv2215,Eukaryota,Alveolata,Alveolata_unclassified,Alveolata_unclassified,Alveolata_unclassified,Alveolata_unclassified,Alveolata_unclassified,Alveolata_unclassified
asv2426,Eukaryota,Alveolata,Alveolata_unclassified,Alveolata_unclassified,Alveolata_unclassified,Alveolata_unclassified,Alveolata_unclassified,Alveolata_unclassified
asv2458,Eukaryota,Alveolata,Alveolata_unclassified,Alveolata_unclassified,Alveolata_unclassified,Alveolata_unclassified,Alveolata_unclassified,Alveolata_unclassified
asv2747,Eukaryota,Alveolata,Alveolata_unclassified,Alveolata_unclassified,Alveolata_unclassified,Alveolata_unclassified,Alveolata_unclassified,Alveolata_unclassified
asv2762,Eukaryota,Alveolata,Alveolata_unclassified,Alveolata_unclassified,Alveolata_unclassified,Alveolata_unclassified,Alveolata_unclassified,Alveolata_unclassified
asv2769,Eukaryota,Alveolata,Alveolata_unclassified,Alveolata_unclassified,Alveolata_unclassified,Alveolata_unclassified,Alveolata_unclassified,Alveolata_unclassified
asv2846,Eukaryota,Alveolata,Alveolata_unclassified,Alveolata_unclassified,Alveolata_unclassified,Alveolata_unclassified,Alveolata_unclassified,Alveolata_unclassified
asv2887,Eukaryota,Alveolata,Alveolata_unclassified,Alveolata_unclassified,Alveolata_unclassified,Alveolata_unclassified,Alveolata_unclassified,Alveolata_unclassified
asv2966,Eukaryota,Alveolata,Alveolata_unclassified,Alveolata_unclassified,Alveolata_unclassified,Alveolata_unclassified,Alveolata_unclassified,Alveolata_unclassified
asv2994,Eukaryota,Alveolata,Alveolata_unclassified,Alveolata_unclassified,Alveolata_unclassified,Alveolata_unclassified,Alveolata_unclassified,Alveolata_unclassified
asv3143,Eukaryota,Alveolata,Alveolata_unclassified,Alveolata_unclassified,Alveolata_unclassified,Alveolata_unclassified,Alveolata_unclassified,Alveolata_unclassified
asv3191,Eukaryota,Alveolata,Alveolata_unclassified,Alveolata_unclassified,Alveolata_unclassified,Alveolata_unclassified,Alveolata_unclassified,Alveolata_unclassified
asv3473,Eukaryota,Alveolata,Alveolata_unclassified,Alveolata_unclassified,Alveolata_unclassified,Alveolata_unclassified,Alveolata_unclassified,Alveolata_unclassified
asv3500,Eukaryota,Alveolata,Alveolata_unclassified,Alveolata_unclassified,Alveolata_unclassified,Alveolata_unclassified,Alveolata_unclassified,Alveolata_unclassified
asv3539,Eukaryota,Alveolata,Alveolata_unclassified,Alveolata_unclassified,Alveolata_unclassified,Alveolata_unclassified,Alveolata_unclassified,Alveolata_unclassified
asv3684,Eukaryota,Alveolata,Alveolata_unclassified,Alveolata_unclassified,Alveolata_unclassified,Alveolata_unclassified,Alveolata_unclassified,Alveolata_unclassified
asv3780,Eukaryota,Alveolata,Alveolata_unclassified,Alveolata_unclassified,Alveolata_unclassified,Alveolata_unclassified,Alveolata_unclassified,Alveolata_unclassified
asv3831,Eukaryota,Alveolata,Alveolata_unclassified,Alveolata_unclassified,Alveolata_unclassified,Alveolata_unclassified,Alveolata_unclassified,Alveolata_unclassified
asv3958,Eukaryota,Alveolata,Alveolata_unclassified,Alveolata_unclassified,Alveolata_unclassified,Alveolata_unclassified,Alveolata_unclassified,Alveolata_unclassified
asv4083,Eukaryota,Alveolata,Alveolata_unclassified,Alveolata_unclassified,Alveolata_unclassified,Alveolata_unclassified,Alveolata_unclassified,Alveolata_unclassified
asv4213,Eukaryota,Alveolata,Alveolata_unclassified,Alveolata_unclassified,Alveolata_unclassified,Alveolata_unclassified,Alveolata_unclassified,Alveolata_unclassified
asv4283,Eukaryota,Alveolata,Alveolata_unclassified,Alveolata_unclassified,Alveolata_unclassified,Alveolata_unclassified,Alveolata_unclassified,Alveolata_unclassified
asv4324,Eukaryota,Alveolata,Alveolata_unclassified,Alveolata_unclassified,Alveolata_unclassified,Alveolata_unclassified,Alveolata_unclassified,Alveolata_unclassified
asv5143,Eukaryota,Alveolata,Alveolata_unclassified,Alveolata_unclassified,Alveolata_unclassified,Alveolata_unclassified,Alveolata_unclassified,Alveolata_unclassified
asv5383,Eukaryota,Alveolata,Alveolata_unclassified,Alveolata_unclassified,Alveolata_unclassified,Alveolata_unclassified,Alveolata_unclassified,Alveolata_unclassified
asv6529,Eukaryota,Alveolata,Alveolata_unclassified,Alveolata_unclassified,Alveolata_unclassified,Alveolata_unclassified,Alveolata_unclassified,Alveolata_unclassified
asv7473,Eukaryota,Alveolata,Alveolata_unclassified,Alveolata_unclassified,Alveolata_unclassified,Alveolata_unclassified,Alveolata_unclassified,Alveolata_unclassified
asv8239,Eukaryota,Alveolata,Alveolata_unclassified,Alveolata_unclassified,Alveolata_unclassified,Alveolata_unclassified,Alveolata_unclassified,Alveolata_unclassified
asv3315,Eukaryota,Stramenopiles,Ochrophyta,Bacillariophyta,Bacillariophyta,Raphid-pennate,Amphora,Amphora_pediculus
asv2360,Eukaryota,Stramenopiles,Ochrophyta,Bacillariophyta,Bacillariophyta,Raphid-pennate,Amphora,Amphora_unclassified
asv2233,Eukaryota,Opisthokonta,Metazoa,Annelida,Annelida,Annelida,Annelida_unclassified,Annelida_unclassified
asv3188,Eukaryota,Opisthokonta,Metazoa,Annelida,Annelida,Annelida,Annelida_unclassified,Annelida_unclassified
asv3261,Eukaryota,Opisthokonta,Metazoa,Annelida,Annelida,Annelida,Annelida_unclassified,Annelida_unclassified
asv2424,Eukaryota,Opisthokonta,Mesomycetozoa,Ichthyosporea,Ichthyosphonida,Pseudoperkinsidae,Anurofeca,Anurofeca_sp.
asv4005,Eukaryota,Opisthokonta,Mesomycetozoa,Ichthyosporea,Ichthyosphonida,Pseudoperkinsidae,Anurofeca,Anurofeca_sp.
asv4751,Eukaryota,Alveolata,Apicomplexa,Apicomplexa,Apicomplexa_unclassified,Apicomplexa_unclassified,Apicomplexa_unclassified,Apicomplexa_unclassified
asv0330,Eukaryota,Apusozoa,Apusomonadidae,Apusomonadidae_Group-,Apusomonadidae_Group-,Apusomonadidae_Group-,Apusomonadidae_Group-_unclassified,Apusomonadidae_unclassified
asv0832,Eukaryota,Stramenopiles,Ochrophyta,Bacillariophyta,Bacillariophyta,Araphid-pennate,Araphid-pennate_unclassified,Araphid-pennate_unclassified
asv0852,Eukaryota,Stramenopiles,Ochrophyta,Bacillariophyta,Bacillariophyta,Araphid-pennate,Araphid-pennate_unclassified,Araphid-pennate_unclassified
asv1161,Eukaryota,Stramenopiles,Ochrophyta,Bacillariophyta,Bacillariophyta,Araphid-pennate,Araphid-pennate_unclassified,Araphid-pennate_unclassified
asv2148,Eukaryota,Stramenopiles,Ochrophyta,Bacillariophyta,Bacillariophyta,Araphid-pennate,Araphid-pennate_unclassified,Araphid-pennate_unclassified
asv2423,Eukaryota,Stramenopiles,Ochrophyta,Bacillariophyta,Bacillariophyta,Araphid-pennate,Araphid-pennate_unclassified,Araphid-pennate_unclassified
asv2543,Eukaryota,Stramenopiles,Ochrophyta,Bacillariophyta,Bacillariophyta,Araphid-pennate,Araphid-pennate_unclassified,Araphid-pennate_unclassified
asv2716,Eukaryota,Stramenopiles,Ochrophyta,Bacillariophyta,Bacillariophyta,Araphid-pennate,Araphid-pennate_unclassified,Araphid-pennate_unclassified
asv3199,Eukaryota,Stramenopiles,Ochrophyta,Bacillariophyta,Bacillariophyta,Araphid-pennate,Araphid-pennate_unclassified,Araphid-pennate_unclassified
asv3240,Eukaryota,Stramenopiles,Ochrophyta,Bacillariophyta,Bacillariophyta,Araphid-pennate,Araphid-pennate_unclassified,Araphid-pennate_unclassified
asv3373,Eukaryota,Stramenopiles,Ochrophyta,Bacillariophyta,Bacillariophyta,Araphid-pennate,Araphid-pennate_unclassified,Araphid-pennate_unclassified
asv3643,Eukaryota,Stramenopiles,Ochrophyta,Bacillariophyta,Bacillariophyta,Araphid-pennate,Araphid-pennate_unclassified,Araphid-pennate_unclassified
asv3668,Eukaryota,Stramenopiles,Ochrophyta,Bacillariophyta,Bacillariophyta,Araphid-pennate,Araphid-pennate_unclassified,Araphid-pennate_unclassified
asv3927,Eukaryota,Stramenopiles,Ochrophyta,Bacillariophyta,Bacillariophyta,Araphid-pennate,Araphid-pennate_unclassified,Araphid-pennate_unclassified
asv3956,Eukaryota,Stramenopiles,Ochrophyta,Bacillariophyta,Bacillariophyta,Araphid-pennate,Araphid-pennate_unclassified,Araphid-pennate_unclassified
asv4316,Eukaryota,Stramenopiles,Ochrophyta,Bacillariophyta,Bacillariophyta,Araphid-pennate,Araphid-pennate_unclassified,Araphid-pennate_unclassified
asv5011,Eukaryota,Stramenopiles,Ochrophyta,Bacillariophyta,Bacillariophyta,Araphid-pennate,Araphid-pennate_unclassified,Araphid-pennate_unclassified
asv6578,Eukaryota,Alveolata,Ciliophora,Armophorea,Armophorea_unclassified,Armophorea_unclassified,Armophorea_unclassified,Armophorea_unclassified
asv3770,Eukaryota,Opisthokonta,Metazoa,Arthropoda,Arthropoda_unclassified,Arthropoda_unclassified,Arthropoda_unclassified,Arthropoda_unclassified
asv0903,Eukaryota,Opisthokonta,Fungi,Ascomycota,Pezizomycotina,Leotiomycetes,Articulospora,Articulospora_tetracladia
asv3392,Eukaryota,Opisthokonta,Fungi,Ascomycota,Ascomycota_unclassified,Ascomycota_unclassified,Ascomycota_unclassified,Ascomycota_unclassified
asv5005,Eukaryota,Opisthokonta,Fungi,Ascomycota,Ascomycota_unclassified,Ascomycota_unclassified,Ascomycota_unclassified,Ascomycota_unclassified
asv1327,Eukaryota,Alveolata,Ciliophora,Litostomatea,Cyclotrichia,Mesodiniidae,Askenasi,Askenasi_sp.
asv0120,Eukaryota,Alveolata,Ciliophora,Litostomatea,Cyclotrichia,Mesodiniidae,Askenasia,Askenasia_sp.
asv6004,Eukaryota,Opisthokonta,Fungi,Ascomycota,Pezizomycotina,Eurotiomycetes,Aspergillus,Aspergillus_tubingensis
asv8840,Eukaryota,Excavata,Discoba,Euglenozoa,Euglenida,Rhabdomonadales,Astasia,Astasia_torta
asv0104,Eukaryota,Stramenopiles,Ochrophyta,Bacillariophyta,Bacillariophyta,Araphid-pennate,Asterionella,Asterionella_formosa
asv1556,Eukaryota,Amoebozoa,Conosa,Variosea,ATCC-Flamella-WIM-lineage,ATCC-lineage,ATCC-lineage,ATCC-lineage_sp.
asv0010,Eukaryota,Stramenopiles,Ochrophyta,Bacillariophyta,Bacillariophyta,Radial-centric-basal-Coscinodiscophyceae,Aulacoseira,Aulacoseira_subarctica
asv1991,Eukaryota,Stramenopiles,Ochrophyta,Bacillariophyta,Bacillariophyta,Radial-centric-basal-Coscinodiscophyceae,Aulacoseira,Aulacoseira_subarctica
asv4274,Eukaryota,Stramenopiles,Ochrophyta,Bacillariophyta,Bacillariophyta,Radial-centric-basal-Coscinodiscophyceae,Aulacoseira,Aulacoseira_unclassified
asv7044,Eukaryota,Stramenopiles,Ochrophyta,Bacillariophyta,Bacillariophyta,Radial-centric-basal-Coscinodiscophyceae,Aulacoseira,Aulacoseira_unclassified
asv8868,Eukaryota,Stramenopiles,Ochrophyta,Bacillariophyta,Bacillariophyta,Radial-centric-basal-Coscinodiscophyceae,Aulacoseira,Aulacoseira_unclassified
asv2054,Eukaryota,Rhizaria,Cercozoa,Filosa-Imbricatea,Marimonadida,Marimonadida,Auranticordis,Auranticordis_quadriverberis
asv0281,Eukaryota,Stramenopiles,Ochrophyta,Bacillariophyta,Bacillariophyta,Bacillariophyta_unclassified,Bacillariophyta_unclassified,Bacillariophyta_unclassified
asv0620,Eukaryota,Stramenopiles,Ochrophyta,Bacillariophyta,Bacillariophyta,Bacillariophyta_unclassified,Bacillariophyta_unclassified,Bacillariophyta_unclassified
asv1761,Eukaryota,Stramenopiles,Ochrophyta,Bacillariophyta,Bacillariophyta,Bacillariophyta_unclassified,Bacillariophyta_unclassified,Bacillariophyta_unclassified
asv2079,Eukaryota,Stramenopiles,Ochrophyta,Bacillariophyta,Bacillariophyta,Bacillariophyta_unclassified,Bacillariophyta_unclassified,Bacillariophyta_unclassified
asv4829,Eukaryota,Stramenopiles,Ochrophyta,Bacillariophyta,Bacillariophyta,Bacillariophyta_unclassified,Bacillariophyta_unclassified,Bacillariophyta_unclassified
asv5902,Eukaryota,Stramenopiles,Ochrophyta,Bacillariophyta,Bacillariophyta,Bacillariophyta_unclassified,Bacillariophyta_unclassified,Bacillariophyta_unclassified
asv6282,Eukaryota,Opisthokonta,Fungi,Microsporidiomycota,Microsporidiomycotina,Microsporidiomycotina,Bacillidium,Bacillidium_vesiculoformis
asv4398,Eukaryota,Opisthokonta,Fungi,Microsporidiomycota,Microsporidiomycotina,Microsporidiomycotina,Berwaldia,Berwaldia_schaefernai
asv1442,Eukaryota,Opisthokonta,Fungi,Microsporidiomycota,Microsporidiomycotina,Microsporidiomycotina,Berwaldia,Berwaldia_unclassified
asv2384,Eukaryota,Opisthokonta,Fungi,Microsporidiomycota,Microsporidiomycotina,Microsporidiomycotina,Berwaldia,Berwaldia_unclassified
asv3630,Eukaryota,Opisthokonta,Fungi,Microsporidiomycota,Microsporidiomycotina,Microsporidiomycotina,Berwaldia,Berwaldia_unclassified
asv5454,Eukaryota,Opisthokonta,Fungi,Microsporidiomycota,Microsporidiomycotina,Microsporidiomycotina,Berwaldia,Berwaldia_unclassified
asv5781,Eukaryota,Opisthokonta,Fungi,Microsporidiomycota,Microsporidiomycotina,Microsporidiomycotina,Berwaldia,Berwaldia_unclassified
asv7468,Eukaryota,Opisthokonta,Fungi,Microsporidiomycota,Microsporidiomycotina,Microsporidiomycotina,Berwaldia,Berwaldia_unclassified
asv0613,Eukaryota,Stramenopiles,Stramenopiles,Bicoecea,Bicoecales,Bicoecaceae,Bicoecaceae,Bicoecaceae_sp.
asv0326,Eukaryota,Stramenopiles,Stramenopiles,Bicoecea,Bicoecales,Bicoecaceae,Bicoecaceae_unclassified,Bicoecaceae_unclassified
asv3025,Eukaryota,Stramenopiles,Stramenopiles,Bicoecea,Borokales,Borokaceae,Bicosoecida,Bicosoecida_sp.
asv0704,Eukaryota,Opisthokonta,Fungi,Blastocladiomycota,Blastocladiomycotina,Blastocladiomycetes,Blastocladiomycota,Blastocladiomycota_sp.
asv5208,Eukaryota,Excavata,Discoba,Euglenozoa,Kinetoplastida,Bodonidae,Bodo,Bodo_unclassified
asv2495,Eukaryota,Excavata,Discoba,Euglenozoa,Kinetoplastida,Bodonidae,Bodonidae,Bodonidae_sp.
asv2322,Eukaryota,Excavata,Discoba,Euglenozoa,Kinetoplastida,Bodonidae,Bodonidae_unclassified,Bodonidae_unclassified
asv0044,Eukaryota,Archaeplastida,Chlorophyta,Trebouxiophyceae,Trebouxiophyceae,Trebouxiophyceae,Botryococcus,Botryococcus_braunii
asv0550,Eukaryota,Archaeplastida,Chlorophyta,Trebouxiophyceae,Trebouxiophyceae,Trebouxiophyceae,Botryococcus,Botryococcus_unclassified
asv1111,Eukaryota,Rhizaria,Cercozoa,Filosa-Thecofilosea,Ebriida,Botuliformidae,Botuliformidae_unclassified,Botuliformidae_unclassified
asv5009,Eukaryota,Rhizaria,Cercozoa,Filosa-Thecofilosea,Ebriida,Botuliformidae,Botuliformidae_unclassified,Botuliformidae_unclassified
asv0701,Eukaryota,Opisthokonta,Metazoa,Arthropoda,Crustacea,Branchiopoda,Branchiopoda_unclassified,Branchiopoda_unclassified
asv1299,Eukaryota,Amoebozoa,Breviatea,Breviatea,Breviatea,Breviata-lineage,Breviata,Breviata_anathema
asv1911,Eukaryota,Amoebozoa,Breviatea,Breviatea,Breviatea,Breviata-lineage,Breviata,Breviata_anathema
asv3641,Eukaryota,Amoebozoa,Breviatea,Breviatea,Breviatea,Breviata-lineage,Breviata,Breviata_anathema
asv1438,Eukaryota,Amoebozoa,Breviatea,Breviatea,Breviatea,Breviata-lineage,Breviata-lineage_unclassified,Breviata-lineage_unclassified
asv1931,Eukaryota,Amoebozoa,Breviatea,Breviatea,Breviatea,Breviata-lineage,Breviata-lineage_unclassified,Breviata-lineage_unclassified
asv2259,Eukaryota,Amoebozoa,Breviatea,Breviatea,Breviatea,Breviata-lineage,Breviata-lineage_unclassified,Breviata-lineage_unclassified
asv3172,Eukaryota,Amoebozoa,Breviatea,Breviatea,Breviatea,Breviata-lineage,Breviata-lineage_unclassified,Breviata-lineage_unclassified
asv0758,Eukaryota,Alveolata,Ciliophora,Colpodea,Bursariomorphida,Bursariomorphida,Bursariomorphida,Bursariomorphida_sp.
asv0858,Eukaryota,Alveolata,Ciliophora,Armophorea,Armophorida,Caenomorphidae,Caenomorpha,Caenomorpha_sp.
asv0106,Eukaryota,Hacrobia,Centroheliozoa,Centroheliozoa,Centroheliozoa_unclassified,Centroheliozoa_unclassified,Centroheliozoa_unclassified,Centroheliozoa_unclassified
asv0486,Eukaryota,Hacrobia,Centroheliozoa,Centroheliozoa,Centroheliozoa_unclassified,Centroheliozoa_unclassified,Centroheliozoa_unclassified,Centroheliozoa_unclassified
asv1777,Eukaryota,Hacrobia,Centroheliozoa,Centroheliozoa,Centroheliozoa_unclassified,Centroheliozoa_unclassified,Centroheliozoa_unclassified,Centroheliozoa_unclassified
asv2040,Eukaryota,Hacrobia,Centroheliozoa,Centroheliozoa,Centroheliozoa_unclassified,Centroheliozoa_unclassified,Centroheliozoa_unclassified,Centroheliozoa_unclassified
asv0167,Eukaryota,Alveolata,Dinoflagellata,Dinophyceae,Gonyaulacales,Ceratiaceae,Ceratium,Ceratium_hirundinella
asv7735,Eukaryota,Alveolata,Dinoflagellata,Dinophyceae,Gonyaulacales,Ceratiaceae,Ceratium,Ceratium_unclassified
asv3102,Eukaryota,Rhizaria,Cercozoa,Filosa-Sarcomonadea,Cercomonadida,Cercomonadidae,Cercomonas,Cercomonas_edax
asv0777,Eukaryota,Rhizaria,Cercozoa,Filosa-Sarcomonadea,Cercomonadida,Cercomonadidae,Cercomonas,Cercomonas_unclassified
asv0031,Eukaryota,Rhizaria,Cercozoa,Cercozoa_unclassified,Cercozoa_unclassified,Cercozoa_unclassified,Cercozoa_unclassified,Cercozoa_unclassified
asv0060,Eukaryota,Rhizaria,Cercozoa,Cercozoa_unclassified,Cercozoa_unclassified,Cercozoa_unclassified,Cercozoa_unclassified,Cercozoa_unclassified
asv0087,Eukaryota,Rhizaria,Cercozoa,Cercozoa_unclassified,Cercozoa_unclassified,Cercozoa_unclassified,Cercozoa_unclassified,Cercozoa_unclassified
asv0099,Eukaryota,Rhizaria,Cercozoa,Cercozoa_unclassified,Cercozoa_unclassified,Cercozoa_unclassified,Cercozoa_unclassified,Cercozoa_unclassified
asv0166,Eukaryota,Rhizaria,Cercozoa,Cercozoa_unclassified,Cercozoa_unclassified,Cercozoa_unclassified,Cercozoa_unclassified,Cercozoa_unclassified
asv0176,Eukaryota,Rhizaria,Cercozoa,Cercozoa_unclassified,Cercozoa_unclassified,Cercozoa_unclassified,Cercozoa_unclassified,Cercozoa_unclassified
asv0208,Eukaryota,Rhizaria,Cercozoa,Cercozoa_unclassified,Cercozoa_unclassified,Cercozoa_unclassified,Cercozoa_unclassified,Cercozoa_unclassified
asv0240,Eukaryota,Rhizaria,Cercozoa,Cercozoa_unclassified,Cercozoa_unclassified,Cercozoa_unclassified,Cercozoa_unclassified,Cercozoa_unclassified
asv0303,Eukaryota,Rhizaria,Cercozoa,Cercozoa_unclassified,Cercozoa_unclassified,Cercozoa_unclassified,Cercozoa_unclassified,Cercozoa_unclassified
asv0410,Eukaryota,Rhizaria,Cercozoa,Cercozoa_unclassified,Cercozoa_unclassified,Cercozoa_unclassified,Cercozoa_unclassified,Cercozoa_unclassified
asv0434,Eukaryota,Rhizaria,Cercozoa,Cercozoa_unclassified,Cercozoa_unclassified,Cercozoa_unclassified,Cercozoa_unclassified,Cercozoa_unclassified
asv0465,Eukaryota,Rhizaria,Cercozoa,Cercozoa_unclassified,Cercozoa_unclassified,Cercozoa_unclassified,Cercozoa_unclassified,Cercozoa_unclassified
asv0492,Eukaryota,Rhizaria,Cercozoa,Cercozoa_unclassified,Cercozoa_unclassified,Cercozoa_unclassified,Cercozoa_unclassified,Cercozoa_unclassified
asv0501,Eukaryota,Rhizaria,Cercozoa,Cercozoa_unclassified,Cercozoa_unclassified,Cercozoa_unclassified,Cercozoa_unclassified,Cercozoa_unclassified
asv0503,Eukaryota,Rhizaria,Cercozoa,Cercozoa_unclassified,Cercozoa_unclassified,Cercozoa_unclassified,Cercozoa_unclassified,Cercozoa_unclassified
asv0532,Eukaryota,Rhizaria,Cercozoa,Cercozoa_unclassified,Cercozoa_unclassified,Cercozoa_unclassified,Cercozoa_unclassified,Cercozoa_unclassified
asv0616,Eukaryota,Rhizaria,Cercozoa,Cercozoa_unclassified,Cercozoa_unclassified,Cercozoa_unclassified,Cercozoa_unclassified,Cercozoa_unclassified
asv0681,Eukaryota,Rhizaria,Cercozoa,Cercozoa_unclassified,Cercozoa_unclassified,Cercozoa_unclassified,Cercozoa_unclassified,Cercozoa_unclassified
asv0746,Eukaryota,Rhizaria,Cercozoa,Cercozoa_unclassified,Cercozoa_unclassified,Cercozoa_unclassified,Cercozoa_unclassified,Cercozoa_unclassified
asv0759,Eukaryota,Rhizaria,Cercozoa,Cercozoa_unclassified,Cercozoa_unclassified,Cercozoa_unclassified,Cercozoa_unclassified,Cercozoa_unclassified
asv0801,Eukaryota,Rhizaria,Cercozoa,Cercozoa_unclassified,Cercozoa_unclassified,Cercozoa_unclassified,Cercozoa_unclassified,Cercozoa_unclassified
asv0828,Eukaryota,Rhizaria,Cercozoa,Cercozoa_unclassified,Cercozoa_unclassified,Cercozoa_unclassified,Cercozoa_unclassified,Cercozoa_unclassified
asv0849,Eukaryota,Rhizaria,Cercozoa,Cercozoa_unclassified,Cercozoa_unclassified,Cercozoa_unclassified,Cercozoa_unclassified,Cercozoa_unclassified
asv0988,Eukaryota,Rhizaria,Cercozoa,Cercozoa_unclassified,Cercozoa_unclassified,Cercozoa_unclassified,Cercozoa_unclassified,Cercozoa_unclassified
asv1000,Eukaryota,Rhizaria,Cercozoa,Cercozoa_unclassified,Cercozoa_unclassified,Cercozoa_unclassified,Cercozoa_unclassified,Cercozoa_unclassified
asv1011,Eukaryota,Rhizaria,Cercozoa,Cercozoa_unclassified,Cercozoa_unclassified,Cercozoa_unclassified,Cercozoa_unclassified,Cercozoa_unclassified
asv1032,Eukaryota,Rhizaria,Cercozoa,Cercozoa_unclassified,Cercozoa_unclassified,Cercozoa_unclassified,Cercozoa_unclassified,Cercozoa_unclassified
asv1046,Eukaryota,Rhizaria,Cercozoa,Cercozoa_unclassified,Cercozoa_unclassified,Cercozoa_unclassified,Cercozoa_unclassified,Cercozoa_unclassified
asv1074,Eukaryota,Rhizaria,Cercozoa,Cercozoa_unclassified,Cercozoa_unclassified,Cercozoa_unclassified,Cercozoa_unclassified,Cercozoa_unclassified
asv1126,Eukaryota,Rhizaria,Cercozoa,Cercozoa_unclassified,Cercozoa_unclassified,Cercozoa_unclassified,Cercozoa_unclassified,Cercozoa_unclassified
asv1167,Eukaryota,Rhizaria,Cercozoa,Cercozoa_unclassified,Cercozoa_unclassified,Cercozoa_unclassified,Cercozoa_unclassified,Cercozoa_unclassified
asv1311,Eukaryota,Rhizaria,Cercozoa,Cercozoa_unclassified,Cercozoa_unclassified,Cercozoa_unclassified,Cercozoa_unclassified,Cercozoa_unclassified
asv1336,Eukaryota,Rhizaria,Cercozoa,Cercozoa_unclassified,Cercozoa_unclassified,Cercozoa_unclassified,Cercozoa_unclassified,Cercozoa_unclassified
asv1370,Eukaryota,Rhizaria,Cercozoa,Cercozoa_unclassified,Cercozoa_unclassified,Cercozoa_unclassified,Cercozoa_unclassified,Cercozoa_unclassified
asv1387,Eukaryota,Rhizaria,Cercozoa,Cercozoa_unclassified,Cercozoa_unclassified,Cercozoa_unclassified,Cercozoa_unclassified,Cercozoa_unclassified
asv1399,Eukaryota,Rhizaria,Cercozoa,Cercozoa_unclassified,Cercozoa_unclassified,Cercozoa_unclassified,Cercozoa_unclassified,Cercozoa_unclassified
asv1403,Eukaryota,Rhizaria,Cercozoa,Cercozoa_unclassified,Cercozoa_unclassified,Cercozoa_unclassified,Cercozoa_unclassified,Cercozoa_unclassified
asv1465,Eukaryota,Rhizaria,Cercozoa,Cercozoa_unclassified,Cercozoa_unclassified,Cercozoa_unclassified,Cercozoa_unclassified,Cercozoa_unclassified
asv1489,Eukaryota,Rhizaria,Cercozoa,Cercozoa_unclassified,Cercozoa_unclassified,Cercozoa_unclassified,Cercozoa_unclassified,Cercozoa_unclassified
asv1569,Eukaryota,Rhizaria,Cercozoa,Cercozoa_unclassified,Cercozoa_unclassified,Cercozoa_unclassified,Cercozoa_unclassified,Cercozoa_unclassified
asv1677,Eukaryota,Rhizaria,Cercozoa,Cercozoa_unclassified,Cercozoa_unclassified,Cercozoa_unclassified,Cercozoa_unclassified,Cercozoa_unclassified
asv1724,Eukaryota,Rhizaria,Cercozoa,Cercozoa_unclassified,Cercozoa_unclassified,Cercozoa_unclassified,Cercozoa_unclassified,Cercozoa_unclassified
asv1755,Eukaryota,Rhizaria,Cercozoa,Cercozoa_unclassified,Cercozoa_unclassified,Cercozoa_unclassified,Cercozoa_unclassified,Cercozoa_unclassified
asv1779,Eukaryota,Rhizaria,Cercozoa,Cercozoa_unclassified,Cercozoa_unclassified,Cercozoa_unclassified,Cercozoa_unclassified,Cercozoa_unclassified
asv1789,Eukaryota,Rhizaria,Cercozoa,Cercozoa_unclassified,Cercozoa_unclassified,Cercozoa_unclassified,Cercozoa_unclassified,Cercozoa_unclassified
asv1821,Eukaryota,Rhizaria,Cercozoa,Cercozoa_unclassified,Cercozoa_unclassified,Cercozoa_unclassified,Cercozoa_unclassified,Cercozoa_unclassified
asv1831,Eukaryota,Rhizaria,Cercozoa,Cercozoa_unclassified,Cercozoa_unclassified,Cercozoa_unclassified,Cercozoa_unclassified,Cercozoa_unclassified
asv1848,Eukaryota,Rhizaria,Cercozoa,Cercozoa_unclassified,Cercozoa_unclassified,Cercozoa_unclassified,Cercozoa_unclassified,Cercozoa_unclassified
asv1921,Eukaryota,Rhizaria,Cercozoa,Cercozoa_unclassified,Cercozoa_unclassified,Cercozoa_unclassified,Cercozoa_unclassified,Cercozoa_unclassified
asv1956,Eukaryota,Rhizaria,Cercozoa,Cercozoa_unclassified,Cercozoa_unclassified,Cercozoa_unclassified,Cercozoa_unclassified,Cercozoa_unclassified
asv1996,Eukaryota,Rhizaria,Cercozoa,Cercozoa_unclassified,Cercozoa_unclassified,Cercozoa_unclassified,Cercozoa_unclassified,Cercozoa_unclassified
asv2002,Eukaryota,Rhizaria,Cercozoa,Cercozoa_unclassified,Cercozoa_unclassified,Cercozoa_unclassified,Cercozoa_unclassified,Cercozoa_unclassified
asv2008,Eukaryota,Rhizaria,Cercozoa,Cercozoa_unclassified,Cercozoa_unclassified,Cercozoa_unclassified,Cercozoa_unclassified,Cercozoa_unclassified
asv2114,Eukaryota,Rhizaria,Cercozoa,Cercozoa_unclassified,Cercozoa_unclassified,Cercozoa_unclassified,Cercozoa_unclassified,Cercozoa_unclassified
asv2116,Eukaryota,Rhizaria,Cercozoa,Cercozoa_unclassified,Cercozoa_unclassified,Cercozoa_unclassified,Cercozoa_unclassified,Cercozoa_unclassified
asv2144,Eukaryota,Rhizaria,Cercozoa,Cercozoa_unclassified,Cercozoa_unclassified,Cercozoa_unclassified,Cercozoa_unclassified,Cercozoa_unclassified
asv2159,Eukaryota,Rhizaria,Cercozoa,Cercozoa_unclassified,Cercozoa_unclassified,Cercozoa_unclassified,Cercozoa_unclassified,Cercozoa_unclassified
asv2232,Eukaryota,Rhizaria,Cercozoa,Cercozoa_unclassified,Cercozoa_unclassified,Cercozoa_unclassified,Cercozoa_unclassified,Cercozoa_unclassified
asv2238,Eukaryota,Rhizaria,Cercozoa,Cercozoa_unclassified,Cercozoa_unclassified,Cercozoa_unclassified,Cercozoa_unclassified,Cercozoa_unclassified
asv2301,Eukaryota,Rhizaria,Cercozoa,Cercozoa_unclassified,Cercozoa_unclassified,Cercozoa_unclassified,Cercozoa_unclassified,Cercozoa_unclassified
asv2329,Eukaryota,Rhizaria,Cercozoa,Cercozoa_unclassified,Cercozoa_unclassified,Cercozoa_unclassified,Cercozoa_unclassified,Cercozoa_unclassified
asv2432,Eukaryota,Rhizaria,Cercozoa,Cercozoa_unclassified,Cercozoa_unclassified,Cercozoa_unclassified,Cercozoa_unclassified,Cercozoa_unclassified
asv2446,Eukaryota,Rhizaria,Cercozoa,Cercozoa_unclassified,Cercozoa_unclassified,Cercozoa_unclassified,Cercozoa_unclassified,Cercozoa_unclassified
asv2475,Eukaryota,Rhizaria,Cercozoa,Cercozoa_unclassified,Cercozoa_unclassified,Cercozoa_unclassified,Cercozoa_unclassified,Cercozoa_unclassified
asv2491,Eukaryota,Rhizaria,Cercozoa,Cercozoa_unclassified,Cercozoa_unclassified,Cercozoa_unclassified,Cercozoa_unclassified,Cercozoa_unclassified
asv2519,Eukaryota,Rhizaria,Cercozoa,Cercozoa_unclassified,Cercozoa_unclassified,Cercozoa_unclassified,Cercozoa_unclassified,Cercozoa_unclassified
asv2533,Eukaryota,Rhizaria,Cercozoa,Cercozoa_unclassified,Cercozoa_unclassified,Cercozoa_unclassified,Cercozoa_unclassified,Cercozoa_unclassified
asv2590,Eukaryota,Rhizaria,Cercozoa,Cercozoa_unclassified,Cercozoa_unclassified,Cercozoa_unclassified,Cercozoa_unclassified,Cercozoa_unclassified
asv2603,Eukaryota,Rhizaria,Cercozoa,Cercozoa_unclassified,Cercozoa_unclassified,Cercozoa_unclassified,Cercozoa_unclassified,Cercozoa_unclassified
asv2605,Eukaryota,Rhizaria,Cercozoa,Cercozoa_unclassified,Cercozoa_unclassified,Cercozoa_unclassified,Cercozoa_unclassified,Cercozoa_unclassified
asv2763,Eukaryota,Rhizaria,Cercozoa,Cercozoa_unclassified,Cercozoa_unclassified,Cercozoa_unclassified,Cercozoa_unclassified,Cercozoa_unclassified
asv2774,Eukaryota,Rhizaria,Cercozoa,Cercozoa_unclassified,Cercozoa_unclassified,Cercozoa_unclassified,Cercozoa_unclassified,Cercozoa_unclassified
asv2776,Eukaryota,Rhizaria,Cercozoa,Cercozoa_unclassified,Cercozoa_unclassified,Cercozoa_unclassified,Cercozoa_unclassified,Cercozoa_unclassified
asv2810,Eukaryota,Rhizaria,Cercozoa,Cercozoa_unclassified,Cercozoa_unclassified,Cercozoa_unclassified,Cercozoa_unclassified,Cercozoa_unclassified
asv2820,Eukaryota,Rhizaria,Cercozoa,Cercozoa_unclassified,Cercozoa_unclassified,Cercozoa_unclassified,Cercozoa_unclassified,Cercozoa_unclassified
asv2832,Eukaryota,Rhizaria,Cercozoa,Cercozoa_unclassified,Cercozoa_unclassified,Cercozoa_unclassified,Cercozoa_unclassified,Cercozoa_unclassified
asv2859,Eukaryota,Rhizaria,Cercozoa,Cercozoa_unclassified,Cercozoa_unclassified,Cercozoa_unclassified,Cercozoa_unclassified,Cercozoa_unclassified
asv2895,Eukaryota,Rhizaria,Cercozoa,Cercozoa_unclassified,Cercozoa_unclassified,Cercozoa_unclassified,Cercozoa_unclassified,Cercozoa_unclassified
asv2924,Eukaryota,Rhizaria,Cercozoa,Cercozoa_unclassified,Cercozoa_unclassified,Cercozoa_unclassified,Cercozoa_unclassified,Cercozoa_unclassified
asv2967,Eukaryota,Rhizaria,Cercozoa,Cercozoa_unclassified,Cercozoa_unclassified,Cercozoa_unclassified,Cercozoa_unclassified,Cercozoa_unclassified
asv3012,Eukaryota,Rhizaria,Cercozoa,Cercozoa_unclassified,Cercozoa_unclassified,Cercozoa_unclassified,Cercozoa_unclassified,Cercozoa_unclassified
asv3039,Eukaryota,Rhizaria,Cercozoa,Cercozoa_unclassified,Cercozoa_unclassified,Cercozoa_unclassified,Cercozoa_unclassified,Cercozoa_unclassified
asv3073,Eukaryota,Rhizaria,Cercozoa,Cercozoa_unclassified,Cercozoa_unclassified,Cercozoa_unclassified,Cercozoa_unclassified,Cercozoa_unclassified
asv3181,Eukaryota,Rhizaria,Cercozoa,Cercozoa_unclassified,Cercozoa_unclassified,Cercozoa_unclassified,Cercozoa_unclassified,Cercozoa_unclassified
asv3220,Eukaryota,Rhizaria,Cercozoa,Cercozoa_unclassified,Cercozoa_unclassified,Cercozoa_unclassified,Cercozoa_unclassified,Cercozoa_unclassified
asv3222,Eukaryota,Rhizaria,Cercozoa,Cercozoa_unclassified,Cercozoa_unclassified,Cercozoa_unclassified,Cercozoa_unclassified,Cercozoa_unclassified
asv3311,Eukaryota,Rhizaria,Cercozoa,Cercozoa_unclassified,Cercozoa_unclassified,Cercozoa_unclassified,Cercozoa_unclassified,Cercozoa_unclassified
asv3355,Eukaryota,Rhizaria,Cercozoa,Cercozoa_unclassified,Cercozoa_unclassified,Cercozoa_unclassified,Cercozoa_unclassified,Cercozoa_unclassified
asv3388,Eukaryota,Rhizaria,Cercozoa,Cercozoa_unclassified,Cercozoa_unclassified,Cercozoa_unclassified,Cercozoa_unclassified,Cercozoa_unclassified
asv3403,Eukaryota,Rhizaria,Cercozoa,Cercozoa_unclassified,Cercozoa_unclassified,Cercozoa_unclassified,Cercozoa_unclassified,Cercozoa_unclassified
asv3424,Eukaryota,Rhizaria,Cercozoa,Cercozoa_unclassified,Cercozoa_unclassified,Cercozoa_unclassified,Cercozoa_unclassified,Cercozoa_unclassified
asv3426,Eukaryota,Rhizaria,Cercozoa,Cercozoa_unclassified,Cercozoa_unclassified,Cercozoa_unclassified,Cercozoa_unclassified,Cercozoa_unclassified
asv3465,Eukaryota,Rhizaria,Cercozoa,Cercozoa_unclassified,Cercozoa_unclassified,Cercozoa_unclassified,Cercozoa_unclassified,Cercozoa_unclassified
asv3520,Eukaryota,Rhizaria,Cercozoa,Cercozoa_unclassified,Cercozoa_unclassified,Cercozoa_unclassified,Cercozoa_unclassified,Cercozoa_unclassified
asv3578,Eukaryota,Rhizaria,Cercozoa,Cercozoa_unclassified,Cercozoa_unclassified,Cercozoa_unclassified,Cercozoa_unclassified,Cercozoa_unclassified
asv3609,Eukaryota,Rhizaria,Cercozoa,Cercozoa_unclassified,Cercozoa_unclassified,Cercozoa_unclassified,Cercozoa_unclassified,Cercozoa_unclassified
asv3613,Eukaryota,Rhizaria,Cercozoa,Cercozoa_unclassified,Cercozoa_unclassified,Cercozoa_unclassified,Cercozoa_unclassified,Cercozoa_unclassified
asv3682,Eukaryota,Rhizaria,Cercozoa,Cercozoa_unclassified,Cercozoa_unclassified,Cercozoa_unclassified,Cercozoa_unclassified,Cercozoa_unclassified
asv3830,Eukaryota,Rhizaria,Cercozoa,Cercozoa_unclassified,Cercozoa_unclassified,Cercozoa_unclassified,Cercozoa_unclassified,Cercozoa_unclassified
asv3902,Eukaryota,Rhizaria,Cercozoa,Cercozoa_unclassified,Cercozoa_unclassified,Cercozoa_unclassified,Cercozoa_unclassified,Cercozoa_unclassified
asv4093,Eukaryota,Rhizaria,Cercozoa,Cercozoa_unclassified,Cercozoa_unclassified,Cercozoa_unclassified,Cercozoa_unclassified,Cercozoa_unclassified
asv4241,Eukaryota,Rhizaria,Cercozoa,Cercozoa_unclassified,Cercozoa_unclassified,Cercozoa_unclassified,Cercozoa_unclassified,Cercozoa_unclassified
asv4315,Eukaryota,Rhizaria,Cercozoa,Cercozoa_unclassified,Cercozoa_unclassified,Cercozoa_unclassified,Cercozoa_unclassified,Cercozoa_unclassified
asv4480,Eukaryota,Rhizaria,Cercozoa,Cercozoa_unclassified,Cercozoa_unclassified,Cercozoa_unclassified,Cercozoa_unclassified,Cercozoa_unclassified
asv4556,Eukaryota,Rhizaria,Cercozoa,Cercozoa_unclassified,Cercozoa_unclassified,Cercozoa_unclassified,Cercozoa_unclassified,Cercozoa_unclassified
asv4940,Eukaryota,Rhizaria,Cercozoa,Cercozoa_unclassified,Cercozoa_unclassified,Cercozoa_unclassified,Cercozoa_unclassified,Cercozoa_unclassified
asv5000,Eukaryota,Rhizaria,Cercozoa,Cercozoa_unclassified,Cercozoa_unclassified,Cercozoa_unclassified,Cercozoa_unclassified,Cercozoa_unclassified
asv5006,Eukaryota,Rhizaria,Cercozoa,Cercozoa_unclassified,Cercozoa_unclassified,Cercozoa_unclassified,Cercozoa_unclassified,Cercozoa_unclassified
asv5062,Eukaryota,Rhizaria,Cercozoa,Cercozoa_unclassified,Cercozoa_unclassified,Cercozoa_unclassified,Cercozoa_unclassified,Cercozoa_unclassified
asv5066,Eukaryota,Rhizaria,Cercozoa,Cercozoa_unclassified,Cercozoa_unclassified,Cercozoa_unclassified,Cercozoa_unclassified,Cercozoa_unclassified
asv5076,Eukaryota,Rhizaria,Cercozoa,Cercozoa_unclassified,Cercozoa_unclassified,Cercozoa_unclassified,Cercozoa_unclassified,Cercozoa_unclassified
asv5144,Eukaryota,Rhizaria,Cercozoa,Cercozoa_unclassified,Cercozoa_unclassified,Cercozoa_unclassified,Cercozoa_unclassified,Cercozoa_unclassified
asv5216,Eukaryota,Rhizaria,Cercozoa,Cercozoa_unclassified,Cercozoa_unclassified,Cercozoa_unclassified,Cercozoa_unclassified,Cercozoa_unclassified
asv5380,Eukaryota,Rhizaria,Cercozoa,Cercozoa_unclassified,Cercozoa_unclassified,Cercozoa_unclassified,Cercozoa_unclassified,Cercozoa_unclassified
asv5685,Eukaryota,Rhizaria,Cercozoa,Cercozoa_unclassified,Cercozoa_unclassified,Cercozoa_unclassified,Cercozoa_unclassified,Cercozoa_unclassified
asv5892,Eukaryota,Rhizaria,Cercozoa,Cercozoa_unclassified,Cercozoa_unclassified,Cercozoa_unclassified,Cercozoa_unclassified,Cercozoa_unclassified
asv6268,Eukaryota,Rhizaria,Cercozoa,Cercozoa_unclassified,Cercozoa_unclassified,Cercozoa_unclassified,Cercozoa_unclassified,Cercozoa_unclassified
asv6396,Eukaryota,Rhizaria,Cercozoa,Cercozoa_unclassified,Cercozoa_unclassified,Cercozoa_unclassified,Cercozoa_unclassified,Cercozoa_unclassified
asv7928,Eukaryota,Rhizaria,Cercozoa,Cercozoa_unclassified,Cercozoa_unclassified,Cercozoa_unclassified,Cercozoa_unclassified,Cercozoa_unclassified
asv8526,Eukaryota,Rhizaria,Cercozoa,Cercozoa_unclassified,Cercozoa_unclassified,Cercozoa_unclassified,Cercozoa_unclassified,Cercozoa_unclassified
asv0075,Eukaryota,Opisthokonta,Metazoa,Gastrotricha,Gastrotricha,Gastrotricha,Chaetonotus,Chaetonotus_sp.
asv0124,Eukaryota,Opisthokonta,Metazoa,Gastrotricha,Gastrotricha,Gastrotricha,Chaetonotus,Chaetonotus_sp.
asv0530,Eukaryota,Opisthokonta,Metazoa,Gastrotricha,Gastrotricha,Gastrotricha,Chaetonotus,Chaetonotus_sp.
asv0039,Eukaryota,Opisthokonta,Metazoa,Gastrotricha,Gastrotricha,Gastrotricha,Chaetonotus,Chaetonotus_unclassified
asv3464,Eukaryota,Opisthokonta,Metazoa,Gastrotricha,Gastrotricha,Gastrotricha,Chaetonotus,Chaetonotus_unclassified
asv5677,Eukaryota,Opisthokonta,Metazoa,Gastrotricha,Gastrotricha,Gastrotricha,Chaetonotus,Chaetonotus_unclassified
asv0190,Eukaryota,Archaeplastida,Chlorophyta,Chlorophyceae,Chlamydomonadales,Chlamydomonadales,Chlamydomonadales_unclassified,Chlamydomonadales_unclassified
asv0618,Eukaryota,Archaeplastida,Chlorophyta,Chlorophyceae,Chlamydomonadales,Chlamydomonadales,Chlamydomonadales_unclassified,Chlamydomonadales_unclassified
asv3991,Eukaryota,Archaeplastida,Chlorophyta,Chlorophyceae,Chlamydomonadales,Chlamydomonadales,Chlamydomonadales_unclassified,Chlamydomonadales_unclassified
asv3734,Eukaryota,Archaeplastida,Chlorophyta,Chlorophyceae,Chlamydomonadales,Chlamydomonadales,Chlamydomonas,Chlamydomonas_kuwadae
asv0212,Eukaryota,Archaeplastida,Chlorophyta,Chlorophyceae,Chlamydomonadales,Chlamydomonadales,Chlamydomonas,Chlamydomonas_monadina
asv0175,Eukaryota,Archaeplastida,Chlorophyta,Trebouxiophyceae,Chlorellales,Chlorellales,Chlorellales_unclassified,Chlorellales_unclassified
asv1883,Eukaryota,Archaeplastida,Chlorophyta,Trebouxiophyceae,Chlorellales,Chlorellales,Chlorellales_unclassified,Chlorellales_unclassified
asv8855,Eukaryota,Archaeplastida,Chlorophyta,Trebouxiophyceae,Chlorellales,Chlorellales_unclassified,Chlorellales_unclassified,Chlorellales_unclassified
asv4349,Eukaryota,Archaeplastida,Chlorophyta,Chlorophyceae,Chlamydomonadales,Chlamydomonadales,Chloromonas,Chloromonas_unclassified
asv1071,Eukaryota,Archaeplastida,Chlorophyta,Chlorophyceae,Chlorophyceae_unclassified,Chlorophyceae_unclassified,Chlorophyceae_unclassified,Chlorophyceae_unclassified
asv4450,Eukaryota,Archaeplastida,Chlorophyta,Chlorophyceae,Chlorophyceae_unclassified,Chlorophyceae_unclassified,Chlorophyceae_unclassified,Chlorophyceae_unclassified
asv0337,Eukaryota,Archaeplastida,Chlorophyta,Chlorophyta_unclassified,Chlorophyta_unclassified,Chlorophyta_unclassified,Chlorophyta_unclassified,Chlorophyta_unclassified
asv0976,Eukaryota,Archaeplastida,Chlorophyta,Chlorophyta_unclassified,Chlorophyta_unclassified,Chlorophyta_unclassified,Chlorophyta_unclassified,Chlorophyta_unclassified
asv1221,Eukaryota,Archaeplastida,Chlorophyta,Chlorophyta_unclassified,Chlorophyta_unclassified,Chlorophyta_unclassified,Chlorophyta_unclassified,Chlorophyta_unclassified
asv0537,Eukaryota,Opisthokonta,Choanoflagellida,Choanoflagellatea,Choanoflagellatea_unclassified,Choanoflagellatea_unclassified,Choanoflagellatea_unclassified,Choanoflagellatea_unclassified
asv1815,Eukaryota,Opisthokonta,Choanoflagellida,Choanoflagellatea,Choanoflagellatea_unclassified,Choanoflagellatea_unclassified,Choanoflagellatea_unclassified,Choanoflagellatea_unclassified
asv1980,Eukaryota,Opisthokonta,Choanoflagellida,Choanoflagellatea,Choanoflagellatea_unclassified,Choanoflagellatea_unclassified,Choanoflagellatea_unclassified,Choanoflagellatea_unclassified
asv4667,Eukaryota,Opisthokonta,Choanoflagellida,Choanoflagellida,Choanoflagellida,Choanoflagellida_unclassified,Choanoflagellida_unclassified,Choanoflagellida_unclassified
asv0074,Eukaryota,Alveolata,Ciliophora,Spirotrichea,Choreotrichida,Choreotrichida_unclassified,Choreotrichida_unclassified,Choreotrichida_unclassified
asv0210,Eukaryota,Alveolata,Ciliophora,Spirotrichea,Choreotrichida,Choreotrichida_unclassified,Choreotrichida_unclassified,Choreotrichida_unclassified
asv0912,Eukaryota,Alveolata,Ciliophora,Spirotrichea,Choreotrichida,Choreotrichida_unclassified,Choreotrichida_unclassified,Choreotrichida_unclassified
asv4319,Eukaryota,Opisthokonta,Metazoa,Nematoda,Chromadorea,Chromadorea,Chromadorea_unclassified,Chromadorea_unclassified
asv0097,Eukaryota,Stramenopiles,Ochrophyta,Chrysophyceae,Chrysophyceae,Chrysophyceae_Clade-B,Chrysophyceae_Clade-B_unclassified,Chrysophyceae_Clade-B_unclassified
asv1171,Eukaryota,Stramenopiles,Ochrophyta,Chrysophyceae,Chrysophyceae,Chrysophyceae_Clade-B,Chrysophyceae_Clade-B_unclassified,Chrysophyceae_Clade-B_unclassified
asv0117,Eukaryota,Stramenopiles,Ochrophyta,Chrysophyceae,Chrysophyceae,Chrysophyceae_Clade-E,Chrysophyceae_Clade-E,Chrysophyceae_Clade-E_sp.
asv0665,Eukaryota,Stramenopiles,Ochrophyta,Chrysophyceae,Chrysophyceae,Chrysophyceae_Clade-E,Chrysophyceae_Clade-E,Chrysophyceae_Clade-E_sp.
asv0264,Eukaryota,Stramenopiles,Ochrophyta,Chrysophyceae,Chrysophyceae,Chrysophyceae_Clade-E,Chrysophyceae_Clade-E_unclassified,Chrysophyceae_Clade-E_unclassified
asv0028,Eukaryota,Stramenopiles,Ochrophyta,Chrysophyceae,Chrysophyceae,Chrysophyceae,Chrysophyceae,Chrysophyceae_sp.
asv0026,Eukaryota,Stramenopiles,Ochrophyta,Chrysophyceae,Chrysophyceae,Chrysophyceae_unclassified,Chrysophyceae_unclassified,Chrysophyceae_unclassified
asv0521,Eukaryota,Stramenopiles,Ochrophyta,Chrysophyceae,Chrysophyceae,Chrysophyceae_unclassified,Chrysophyceae_unclassified,Chrysophyceae_unclassified
asv1168,Eukaryota,Stramenopiles,Ochrophyta,Chrysophyceae,Chrysophyceae,Chrysophyceae_unclassified,Chrysophyceae_unclassified,Chrysophyceae_unclassified
asv1200,Eukaryota,Stramenopiles,Ochrophyta,Chrysophyceae,Chrysophyceae,Chrysophyceae_unclassified,Chrysophyceae_unclassified,Chrysophyceae_unclassified
asv1352,Eukaryota,Stramenopiles,Ochrophyta,Chrysophyceae,Chrysophyceae,Chrysophyceae_unclassified,Chrysophyceae_unclassified,Chrysophyceae_unclassified
asv1427,Eukaryota,Stramenopiles,Ochrophyta,Chrysophyceae,Chrysophyceae,Chrysophyceae_unclassified,Chrysophyceae_unclassified,Chrysophyceae_unclassified
asv1908,Eukaryota,Stramenopiles,Ochrophyta,Chrysophyceae,Chrysophyceae,Chrysophyceae_unclassified,Chrysophyceae_unclassified,Chrysophyceae_unclassified
asv2191,Eukaryota,Stramenopiles,Ochrophyta,Chrysophyceae,Chrysophyceae,Chrysophyceae_unclassified,Chrysophyceae_unclassified,Chrysophyceae_unclassified
asv3020,Eukaryota,Stramenopiles,Ochrophyta,Chrysophyceae,Chrysophyceae,Chrysophyceae_unclassified,Chrysophyceae_unclassified,Chrysophyceae_unclassified
asv3092,Eukaryota,Stramenopiles,Ochrophyta,Chrysophyceae,Chrysophyceae,Chrysophyceae_unclassified,Chrysophyceae_unclassified,Chrysophyceae_unclassified
asv3259,Eukaryota,Stramenopiles,Ochrophyta,Chrysophyceae,Chrysophyceae,Chrysophyceae_unclassified,Chrysophyceae_unclassified,Chrysophyceae_unclassified
asv3400,Eukaryota,Stramenopiles,Ochrophyta,Chrysophyceae,Chrysophyceae,Chrysophyceae_unclassified,Chrysophyceae_unclassified,Chrysophyceae_unclassified
asv0391,Eukaryota,Stramenopiles,Ochrophyta,Chrysophyceae,Chrysophyceae,Chrysophyceae_Clade-B,Chrysosphaerella,Chrysosphaerella_sp.
asv2224,Eukaryota,Opisthokonta,Fungi,Chytridiomycota,Chytridiomycotina,Chytridiomycetes,Chytridiomycetes,Chytridiomycetes_sp.
asv0029,Eukaryota,Opisthokonta,Fungi,Chytridiomycota,Chytridiomycotina,Chytridiomycetes,Chytridiomycetes_unclassified,Chytridiomycetes_unclassified
asv0200,Eukaryota,Opisthokonta,Fungi,Chytridiomycota,Chytridiomycotina,Chytridiomycetes,Chytridiomycetes_unclassified,Chytridiomycetes_unclassified
asv0220,Eukaryota,Opisthokonta,Fungi,Chytridiomycota,Chytridiomycotina,Chytridiomycetes,Chytridiomycetes_unclassified,Chytridiomycetes_unclassified
asv0422,Eukaryota,Opisthokonta,Fungi,Chytridiomycota,Chytridiomycotina,Chytridiomycetes,Chytridiomycetes_unclassified,Chytridiomycetes_unclassified
asv0595,Eukaryota,Opisthokonta,Fungi,Chytridiomycota,Chytridiomycotina,Chytridiomycetes,Chytridiomycetes_unclassified,Chytridiomycetes_unclassified
asv0678,Eukaryota,Opisthokonta,Fungi,Chytridiomycota,Chytridiomycotina,Chytridiomycetes,Chytridiomycetes_unclassified,Chytridiomycetes_unclassified
asv0771,Eukaryota,Opisthokonta,Fungi,Chytridiomycota,Chytridiomycotina,Chytridiomycetes,Chytridiomycetes_unclassified,Chytridiomycetes_unclassified
asv0812,Eukaryota,Opisthokonta,Fungi,Chytridiomycota,Chytridiomycotina,Chytridiomycetes,Chytridiomycetes_unclassified,Chytridiomycetes_unclassified
asv1042,Eukaryota,Opisthokonta,Fungi,Chytridiomycota,Chytridiomycotina,Chytridiomycetes,Chytridiomycetes_unclassified,Chytridiomycetes_unclassified
asv1068,Eukaryota,Opisthokonta,Fungi,Chytridiomycota,Chytridiomycotina,Chytridiomycetes,Chytridiomycetes_unclassified,Chytridiomycetes_unclassified
asv1130,Eukaryota,Opisthokonta,Fungi,Chytridiomycota,Chytridiomycotina,Chytridiomycetes,Chytridiomycetes_unclassified,Chytridiomycetes_unclassified
asv1139,Eukaryota,Opisthokonta,Fungi,Chytridiomycota,Chytridiomycotina,Chytridiomycetes,Chytridiomycetes_unclassified,Chytridiomycetes_unclassified
asv1347,Eukaryota,Opisthokonta,Fungi,Chytridiomycota,Chytridiomycotina,Chytridiomycetes,Chytridiomycetes_unclassified,Chytridiomycetes_unclassified
asv1641,Eukaryota,Opisthokonta,Fungi,Chytridiomycota,Chytridiomycotina,Chytridiomycetes,Chytridiomycetes_unclassified,Chytridiomycetes_unclassified
asv2195,Eukaryota,Opisthokonta,Fungi,Chytridiomycota,Chytridiomycotina,Chytridiomycetes,Chytridiomycetes_unclassified,Chytridiomycetes_unclassified
asv2580,Eukaryota,Opisthokonta,Fungi,Chytridiomycota,Chytridiomycotina,Chytridiomycetes,Chytridiomycetes_unclassified,Chytridiomycetes_unclassified
asv3055,Eukaryota,Opisthokonta,Fungi,Chytridiomycota,Chytridiomycotina,Chytridiomycetes,Chytridiomycetes_unclassified,Chytridiomycetes_unclassified
asv3336,Eukaryota,Opisthokonta,Fungi,Chytridiomycota,Chytridiomycotina,Chytridiomycetes,Chytridiomycetes_unclassified,Chytridiomycetes_unclassified
asv4397,Eukaryota,Opisthokonta,Fungi,Chytridiomycota,Chytridiomycotina,Chytridiomycetes,Chytridiomycetes_unclassified,Chytridiomycetes_unclassified
asv0101,Eukaryota,Opisthokonta,Fungi,Chytridiomycota,Chytridiomycotina,Chytridiomycotina_unclassified,Chytridiomycotina_unclassified,Chytridiomycotina_unclassified
asv0174,Eukaryota,Opisthokonta,Fungi,Chytridiomycota,Chytridiomycotina,Chytridiomycotina_unclassified,Chytridiomycotina_unclassified,Chytridiomycotina_unclassified
asv0282,Eukaryota,Opisthokonta,Fungi,Chytridiomycota,Chytridiomycotina,Chytridiomycotina_unclassified,Chytridiomycotina_unclassified,Chytridiomycotina_unclassified
asv0774,Eukaryota,Opisthokonta,Fungi,Chytridiomycota,Chytridiomycotina,Chytridiomycotina_unclassified,Chytridiomycotina_unclassified,Chytridiomycotina_unclassified
asv0820,Eukaryota,Opisthokonta,Fungi,Chytridiomycota,Chytridiomycotina,Chytridiomycotina_unclassified,Chytridiomycotina_unclassified,Chytridiomycotina_unclassified
asv0840,Eukaryota,Opisthokonta,Fungi,Chytridiomycota,Chytridiomycotina,Chytridiomycotina_unclassified,Chytridiomycotina_unclassified,Chytridiomycotina_unclassified
asv0969,Eukaryota,Opisthokonta,Fungi,Chytridiomycota,Chytridiomycotina,Chytridiomycotina_unclassified,Chytridiomycotina_unclassified,Chytridiomycotina_unclassified
asv1120,Eukaryota,Opisthokonta,Fungi,Chytridiomycota,Chytridiomycotina,Chytridiomycotina_unclassified,Chytridiomycotina_unclassified,Chytridiomycotina_unclassified
asv1131,Eukaryota,Opisthokonta,Fungi,Chytridiomycota,Chytridiomycotina,Chytridiomycotina_unclassified,Chytridiomycotina_unclassified,Chytridiomycotina_unclassified
asv1734,Eukaryota,Opisthokonta,Fungi,Chytridiomycota,Chytridiomycotina,Chytridiomycotina_unclassified,Chytridiomycotina_unclassified,Chytridiomycotina_unclassified
asv2880,Eukaryota,Opisthokonta,Fungi,Chytridiomycota,Chytridiomycotina,Chytridiomycotina_unclassified,Chytridiomycotina_unclassified,Chytridiomycotina_unclassified
asv3498,Eukaryota,Opisthokonta,Fungi,Chytridiomycota,Chytridiomycotina,Chytridiomycotina_unclassified,Chytridiomycotina_unclassified,Chytridiomycotina_unclassified
asv3805,Eukaryota,Opisthokonta,Fungi,Chytridiomycota,Chytridiomycotina,Chytridiomycotina_unclassified,Chytridiomycotina_unclassified,Chytridiomycotina_unclassified
asv4627,Eukaryota,Opisthokonta,Fungi,Chytridiomycota,Chytridiomycotina,Chytridiomycotina_unclassified,Chytridiomycotina_unclassified,Chytridiomycotina_unclassified
asv5470,Eukaryota,Opisthokonta,Fungi,Chytridiomycota,Chytridiomycotina,Chytridiomycotina_unclassified,Chytridiomycotina_unclassified,Chytridiomycotina_unclassified
asv6895,Eukaryota,Opisthokonta,Fungi,Chytridiomycota,Chytridiomycotina,Chytridiomycotina_unclassified,Chytridiomycotina_unclassified,Chytridiomycotina_unclassified
asv2055,Eukaryota,Opisthokonta,Fungi,Chytridiomycota,Chytridiomycotina,Chytridiomycetes,Chytriomyces,Chytriomyces_unclassified
asv0975,Eukaryota,Alveolata,Ciliophora,Ciliophora_unclassified,Ciliophora_unclassified,Ciliophora_unclassified,Ciliophora_unclassified,Ciliophora_unclassified
asv1197,Eukaryota,Alveolata,Ciliophora,Ciliophora_unclassified,Ciliophora_unclassified,Ciliophora_unclassified,Ciliophora_unclassified,Ciliophora_unclassified
asv1339,Eukaryota,Alveolata,Ciliophora,Ciliophora_unclassified,Ciliophora_unclassified,Ciliophora_unclassified,Ciliophora_unclassified,Ciliophora_unclassified
asv1453,Eukaryota,Alveolata,Ciliophora,Ciliophora_unclassified,Ciliophora_unclassified,Ciliophora_unclassified,Ciliophora_unclassified,Ciliophora_unclassified
asv1596,Eukaryota,Alveolata,Ciliophora,Ciliophora_unclassified,Ciliophora_unclassified,Ciliophora_unclassified,Ciliophora_unclassified,Ciliophora_unclassified
asv2007,Eukaryota,Alveolata,Ciliophora,Ciliophora_unclassified,Ciliophora_unclassified,Ciliophora_unclassified,Ciliophora_unclassified,Ciliophora_unclassified
asv2066,Eukaryota,Alveolata,Ciliophora,Ciliophora_unclassified,Ciliophora_unclassified,Ciliophora_unclassified,Ciliophora_unclassified,Ciliophora_unclassified
asv2127,Eukaryota,Alveolata,Ciliophora,Ciliophora_unclassified,Ciliophora_unclassified,Ciliophora_unclassified,Ciliophora_unclassified,Ciliophora_unclassified
asv2171,Eukaryota,Alveolata,Ciliophora,Ciliophora_unclassified,Ciliophora_unclassified,Ciliophora_unclassified,Ciliophora_unclassified,Ciliophora_unclassified
asv2198,Eukaryota,Alveolata,Ciliophora,Ciliophora_unclassified,Ciliophora_unclassified,Ciliophora_unclassified,Ciliophora_unclassified,Ciliophora_unclassified
asv2323,Eukaryota,Alveolata,Ciliophora,Ciliophora_unclassified,Ciliophora_unclassified,Ciliophora_unclassified,Ciliophora_unclassified,Ciliophora_unclassified
asv2575,Eukaryota,Alveolata,Ciliophora,Ciliophora_unclassified,Ciliophora_unclassified,Ciliophora_unclassified,Ciliophora_unclassified,Ciliophora_unclassified
asv2671,Eukaryota,Alveolata,Ciliophora,Ciliophora_unclassified,Ciliophora_unclassified,Ciliophora_unclassified,Ciliophora_unclassified,Ciliophora_unclassified
asv2799,Eukaryota,Alveolata,Ciliophora,Ciliophora_unclassified,Ciliophora_unclassified,Ciliophora_unclassified,Ciliophora_unclassified,Ciliophora_unclassified
asv3279,Eukaryota,Alveolata,Ciliophora,Ciliophora_unclassified,Ciliophora_unclassified,Ciliophora_unclassified,Ciliophora_unclassified,Ciliophora_unclassified
asv3425,Eukaryota,Alveolata,Ciliophora,Ciliophora_unclassified,Ciliophora_unclassified,Ciliophora_unclassified,Ciliophora_unclassified,Ciliophora_unclassified
asv3551,Eukaryota,Alveolata,Ciliophora,Ciliophora_unclassified,Ciliophora_unclassified,Ciliophora_unclassified,Ciliophora_unclassified,Ciliophora_unclassified
asv3665,Eukaryota,Alveolata,Ciliophora,Ciliophora_unclassified,Ciliophora_unclassified,Ciliophora_unclassified,Ciliophora_unclassified,Ciliophora_unclassified
asv3878,Eukaryota,Alveolata,Ciliophora,Ciliophora_unclassified,Ciliophora_unclassified,Ciliophora_unclassified,Ciliophora_unclassified,Ciliophora_unclassified
asv3950,Eukaryota,Alveolata,Ciliophora,Ciliophora_unclassified,Ciliophora_unclassified,Ciliophora_unclassified,Ciliophora_unclassified,Ciliophora_unclassified
asv4449,Eukaryota,Alveolata,Ciliophora,Ciliophora_unclassified,Ciliophora_unclassified,Ciliophora_unclassified,Ciliophora_unclassified,Ciliophora_unclassified
asv4666,Eukaryota,Alveolata,Ciliophora,Ciliophora_unclassified,Ciliophora_unclassified,Ciliophora_unclassified,Ciliophora_unclassified,Ciliophora_unclassified
asv4879,Eukaryota,Alveolata,Ciliophora,Ciliophora_unclassified,Ciliophora_unclassified,Ciliophora_unclassified,Ciliophora_unclassified,Ciliophora_unclassified
asv4880,Eukaryota,Alveolata,Ciliophora,Ciliophora_unclassified,Ciliophora_unclassified,Ciliophora_unclassified,Ciliophora_unclassified,Ciliophora_unclassified
asv5676,Eukaryota,Alveolata,Ciliophora,Ciliophora_unclassified,Ciliophora_unclassified,Ciliophora_unclassified,Ciliophora_unclassified,Ciliophora_unclassified
asv6533,Eukaryota,Alveolata,Ciliophora,Ciliophora_unclassified,Ciliophora_unclassified,Ciliophora_unclassified,Ciliophora_unclassified,Ciliophora_unclassified
asv6534,Eukaryota,Alveolata,Ciliophora,Ciliophora_unclassified,Ciliophora_unclassified,Ciliophora_unclassified,Ciliophora_unclassified,Ciliophora_unclassified
asv7081,Eukaryota,Alveolata,Ciliophora,Ciliophora_unclassified,Ciliophora_unclassified,Ciliophora_unclassified,Ciliophora_unclassified,Ciliophora_unclassified
asv8258,Eukaryota,Alveolata,Ciliophora,Ciliophora_unclassified,Ciliophora_unclassified,Ciliophora_unclassified,Ciliophora_unclassified,Ciliophora_unclassified
asv1307,Eukaryota,Alveolata,Ciliophora,Ciliophora-,Ciliophora-,Ciliophora-,Ciliophora-,Ciliophora_sp.
asv1981,Eukaryota,Alveolata,Ciliophora,Ciliophora-,Ciliophora-,Ciliophora-,Ciliophora-,Ciliophora_sp.
asv2029,Eukaryota,Alveolata,Ciliophora,Ciliophora-,Ciliophora-,Ciliophora-,Ciliophora-,Ciliophora_sp.
asv6709,Eukaryota,Alveolata,Ciliophora,Ciliophora-,Ciliophora-,Ciliophora-,Ciliophora-,Ciliophora_sp.
asv6869,Eukaryota,Archaeplastida,Chlorophyta,Chlorophyceae,Chlamydomonadales,Coccomyxaceae,Coccomyxa,Coccomyxa_solorinae-saccatae
asv0423,Eukaryota,Archaeplastida,Chlorophyta,Chlorophyceae,Sphaeropleales,Sphaeropleales,Coelastrum,Coelastrum_microporum
asv1923,Eukaryota,Alveolata,Ciliophora,Prostomatea,Prostomatea,Colepidae,Coleps,Coleps_hirtus
asv2649,Eukaryota,Alveolata,Ciliophora,Prostomatea,Prostomatea,Colepidae,Coleps,Coleps_unclassified
asv4206,Eukaryota,Alveolata,Ciliophora,Prostomatea,Prostomatea,Colepidae,Coleps,Coleps_unclassified
asv0294,Eukaryota,Opisthokonta,Metazoa,Rotifera,Rotifera,Rotifera,Collotheca,Collotheca_campanulata
asv1612,Eukaryota,Alveolata,Ciliophora,Colpodea,Colpodea,Colpodea,Colpodea,Colpodea_sp.
asv0405,Eukaryota,Alveolata,Apicomplexa,Apicomplexa,Colpodellidae,Colpodellidae,Colpodella,Colpodella_edax
asv5565,Eukaryota,Alveolata,Apicomplexa,Apicomplexa,Colpodellidae,Colpodellidae,Colpodella,Colpodella_edax
asv3277,Eukaryota,Amoebozoa,Conosa,Conosa_unclassified,Conosa_unclassified,Conosa_unclassified,Conosa_unclassified,Conosa_unclassified
asv0135,Eukaryota,Opisthokonta,Metazoa,Craniata,Craniata,Craniata_unclassified,Craniata_unclassified,Craniata_unclassified
asv1896,Eukaryota,Opisthokonta,Metazoa,Craniata,Craniata,Craniata_unclassified,Craniata_unclassified,Craniata_unclassified
asv2026,Eukaryota,Opisthokonta,Metazoa,Craniata,Craniata,Craniata_unclassified,Craniata_unclassified,Craniata_unclassified
asv2315,Eukaryota,Opisthokonta,Metazoa,Craniata,Craniata,Craniata_unclassified,Craniata_unclassified,Craniata_unclassified
asv2497,Eukaryota,Opisthokonta,Metazoa,Craniata,Craniata,Craniata_unclassified,Craniata_unclassified,Craniata_unclassified
asv0051,Eukaryota,Rhizaria,Cercozoa,Filosa-Thecofilosea,Cryomonadida,Cryomonadida_unclassified,Cryomonadida_unclassified,Cryomonadida_unclassified
asv0558,Eukaryota,Rhizaria,Cercozoa,Filosa-Thecofilosea,Cryomonadida,Cryomonadida_unclassified,Cryomonadida_unclassified,Cryomonadida_unclassified
asv1645,Eukaryota,Rhizaria,Cercozoa,Filosa-Thecofilosea,Cryomonadida,Cryomonadida_unclassified,Cryomonadida_unclassified,Cryomonadida_unclassified
asv1778,Eukaryota,Rhizaria,Cercozoa,Filosa-Thecofilosea,Cryomonadida,Cryomonadida_unclassified,Cryomonadida_unclassified,Cryomonadida_unclassified
asv3074,Eukaryota,Rhizaria,Cercozoa,Filosa-Thecofilosea,Cryomonadida,Cryomonadida_unclassified,Cryomonadida_unclassified,Cryomonadida_unclassified
asv3517,Eukaryota,Rhizaria,Cercozoa,Filosa-Thecofilosea,Cryomonadida,Cryomonadida_unclassified,Cryomonadida_unclassified,Cryomonadida_unclassified
asv3564,Eukaryota,Rhizaria,Cercozoa,Filosa-Thecofilosea,Cryomonadida,Cryomonadida_unclassified,Cryomonadida_unclassified,Cryomonadida_unclassified
asv0102,Eukaryota,Rhizaria,Cercozoa,Filosa-Thecofilosea,Cryomonadida,Cryothecomonas-lineage,Cryothecomonas,Cryothecomonas_aestivalis
asv4175,Eukaryota,Hacrobia,Cryptophyta,Cryptophyceae,Cryptophyceae,Cryptomonadales,Cryptomonadales_unclassified,Cryptomonadales_unclassified
asv0008,Eukaryota,Hacrobia,Cryptophyta,Cryptophyceae,Cryptophyceae,Cryptomonadales,Cryptomonas,Cryptomonas_tetrapyrenoidosa
asv0004,Eukaryota,Hacrobia,Cryptophyta,Cryptophyceae,Cryptophyceae,Cryptomonadales,Cryptomonas,Cryptomonas_unclassified
asv0007,Eukaryota,Hacrobia,Cryptophyta,Cryptophyceae,Cryptophyceae,Cryptomonadales,Cryptomonas,Cryptomonas_unclassified
asv7510,Eukaryota,Hacrobia,Cryptophyta,Cryptophyceae,Cryptophyceae,Cryptomonadales,Cryptomonas,Cryptomonas_unclassified
asv0037,Eukaryota,Opisthokonta,Fungi,Cryptomycota,Cryptomycotina,Cryptomycotina,Cryptomycotina,Cryptomycotina_sp.
asv0249,Eukaryota,Opisthokonta,Fungi,Cryptomycota,Cryptomycotina,Cryptomycotina,Cryptomycotina,Cryptomycotina_sp.
asv0341,Eukaryota,Opisthokonta,Fungi,Cryptomycota,Cryptomycotina,Cryptomycotina,Cryptomycotina,Cryptomycotina_sp.
asv1009,Eukaryota,Opisthokonta,Fungi,Cryptomycota,Cryptomycotina,Cryptomycotina,Cryptomycotina,Cryptomycotina_sp.
asv1145,Eukaryota,Opisthokonta,Fungi,Cryptomycota,Cryptomycotina,Cryptomycotina,Cryptomycotina,Cryptomycotina_sp.
asv1726,Eukaryota,Opisthokonta,Fungi,Cryptomycota,Cryptomycotina,Cryptomycotina,Cryptomycotina,Cryptomycotina_sp.
asv1873,Eukaryota,Opisthokonta,Fungi,Cryptomycota,Cryptomycotina,Cryptomycotina,Cryptomycotina,Cryptomycotina_sp.
asv2494,Eukaryota,Opisthokonta,Fungi,Cryptomycota,Cryptomycotina,Cryptomycotina,Cryptomycotina,Cryptomycotina_sp.
asv2902,Eukaryota,Opisthokonta,Fungi,Cryptomycota,Cryptomycotina,Cryptomycotina,Cryptomycotina,Cryptomycotina_sp.
asv3910,Eukaryota,Opisthokonta,Fungi,Cryptomycota,Cryptomycotina,Cryptomycotina,Cryptomycotina,Cryptomycotina_sp.
asv4885,Eukaryota,Opisthokonta,Fungi,Cryptomycota,Cryptomycotina,Cryptomycotina,Cryptomycotina,Cryptomycotina_sp.
asv2582,Eukaryota,Opisthokonta,Fungi,Cryptomycota,Cryptomycotina,Cryptomycotina,Cryptomycotina_unclassified,Cryptomycotina_unclassified
asv2958,Eukaryota,Opisthokonta,Fungi,Cryptomycota,Cryptomycotina,Cryptomycotina,Cryptomycotina_unclassified,Cryptomycotina_unclassified
asv2982,Eukaryota,Opisthokonta,Fungi,Cryptomycota,Cryptomycotina,Cryptomycotina,Cryptomycotina_unclassified,Cryptomycotina_unclassified
asv8245,Eukaryota,Archaeplastida,Rhodophyta,Bangiophyceae,Cyanidiales,Cyanidiales,Cyanidiales,Cyanidiales_sp.
asv0119,Eukaryota,Alveolata,Ciliophora,Litostomatea,Cyclotrichia,Cyclotrichia_unclassified,Cyclotrichia_unclassified,Cyclotrichia_unclassified
asv0232,Eukaryota,Alveolata,Ciliophora,Litostomatea,Cyclotrichia,Cyclotrichia_unclassified,Cyclotrichia_unclassified,Cyclotrichia_unclassified
asv0290,Eukaryota,Alveolata,Ciliophora,Litostomatea,Cyclotrichia,Cyclotrichia_unclassified,Cyclotrichia_unclassified,Cyclotrichia_unclassified
asv0738,Eukaryota,Alveolata,Ciliophora,Litostomatea,Cyclotrichia,Cyclotrichia_unclassified,Cyclotrichia_unclassified,Cyclotrichia_unclassified
asv1156,Eukaryota,Alveolata,Ciliophora,Litostomatea,Cyclotrichia,Cyclotrichia_unclassified,Cyclotrichia_unclassified,Cyclotrichia_unclassified
asv1638,Eukaryota,Alveolata,Ciliophora,Litostomatea,Cyclotrichia,Cyclotrichia_unclassified,Cyclotrichia_unclassified,Cyclotrichia_unclassified
asv3072,Eukaryota,Alveolata,Ciliophora,Litostomatea,Cyclotrichia,Cyclotrichia_unclassified,Cyclotrichia_unclassified,Cyclotrichia_unclassified
asv0040,Eukaryota,Alveolata,Ciliophora,Litostomatea,Cyclotrichia,Cyclotrichia,Cyclotrichium,Cyclotrichium_sp.
asv7931,Eukaryota,Rhizaria,Cercozoa,Filosa-Imbricatea,Euglyphida,Cyphoderiidae,Cyphoderia,Cyphoderia_littoralis
asv2466,Eukaryota,Rhizaria,Cercozoa,Filosa-Imbricatea,Euglyphida,Cyphoderiidae,Cyphoderia,Cyphoderia_unclassified
asv3088,Eukaryota,Rhizaria,Cercozoa,Filosa-Imbricatea,Euglyphida,Cyphoderiidae,Cyphoderia,Cyphoderia_unclassified
asv0088,Eukaryota,Opisthokonta,Metazoa,Tardigrada,Tardigrada,Tardigrada,Dactylobiotus,Dactylobiotus_sp.
asv2912,Eukaryota,Opisthokonta,Metazoa,Tardigrada,Tardigrada,Tardigrada,Dactylobiotus,Dactylobiotus_sp.
asv3545,Eukaryota,Opisthokonta,Mesomycetozoa,Ichthyosporea,Rhynosporida,Rhynosporidae_Desmocystidianae,Dermocystidium,Dermocystidium_sp.
asv0331,Eukaryota,Archaeplastida,Chlorophyta,Chlorophyceae,Sphaeropleales,Sphaeropleales,Desmodesmus,Desmodesmus_unclassified
asv0373,Eukaryota,Archaeplastida,Chlorophyta,Chlorophyceae,Sphaeropleales,Sphaeropleales,Desmodesmus,Desmodesmus_unclassified
asv0711,Eukaryota,Archaeplastida,Chlorophyta,Chlorophyceae,Sphaeropleales,Sphaeropleales,Desmodesmus,Desmodesmus_unclassified
asv0984,Eukaryota,Archaeplastida,Chlorophyta,Chlorophyceae,Sphaeropleales,Sphaeropleales,Desmodesmus,Desmodesmus_unclassified
asv1004,Eukaryota,Archaeplastida,Chlorophyta,Chlorophyceae,Sphaeropleales,Sphaeropleales,Desmodesmus,Desmodesmus_unclassified
asv1595,Eukaryota,Archaeplastida,Chlorophyta,Chlorophyceae,Sphaeropleales,Sphaeropleales,Desmodesmus,Desmodesmus_unclassified
asv2342,Eukaryota,Archaeplastida,Chlorophyta,Chlorophyceae,Sphaeropleales,Sphaeropleales,Desmodesmus,Desmodesmus_unclassified
asv2454,Eukaryota,Archaeplastida,Chlorophyta,Chlorophyceae,Sphaeropleales,Sphaeropleales,Desmodesmus,Desmodesmus_unclassified
asv2544,Eukaryota,Archaeplastida,Chlorophyta,Chlorophyceae,Sphaeropleales,Sphaeropleales,Desmodesmus,Desmodesmus_unclassified
asv3433,Eukaryota,Archaeplastida,Chlorophyta,Chlorophyceae,Sphaeropleales,Sphaeropleales,Desmodesmus,Desmodesmus_unclassified
asv5562,Eukaryota,Alveolata,Ciliophora,Oligohymenophorea,Scuticociliatia,Scuticociliatia,Dexiotricha,Dexiotricha_unclassified
asv3257,Eukaryota,Stramenopiles,Ochrophyta,Dictyochophyceae,Dictyochophyceae,Dictyochophyceae_unclassified,Dictyochophyceae_unclassified,Dictyochophyceae_unclassified
asv0846,Eukaryota,Alveolata,Ciliophora,Litostomatea,Haptoria,Didiniidae,Didinium,Didinium_sp.
asv2306,Eukaryota,Alveolata,Dinoflagellata,Syndiniales,Dino-Group-II,Dino-Group-II-Clade-,Dino-Group-II-Clade-,Dino-Group-II-Clade-_sp.
asv0257,Eukaryota,Stramenopiles,Ochrophyta,Chrysophyceae,Chrysophyceae,Chrysophyceae_Clade-C,Dinobryon,Dinobryon_unclassified
asv0214,Eukaryota,Alveolata,Dinoflagellata,Dinoflagellata_unclassified,Dinoflagellata_unclassified,Dinoflagellata_unclassified,Dinoflagellata_unclassified,Dinoflagellata_unclassified
asv0017,Eukaryota,Alveolata,Dinoflagellata,Dinophyceae,Dinophyceae_unclassified,Dinophyceae_unclassified,Dinophyceae_unclassified,Dinophyceae_unclassified
asv0023,Eukaryota,Alveolata,Dinoflagellata,Dinophyceae,Dinophyceae_unclassified,Dinophyceae_unclassified,Dinophyceae_unclassified,Dinophyceae_unclassified
asv0034,Eukaryota,Alveolata,Dinoflagellata,Dinophyceae,Dinophyceae_unclassified,Dinophyceae_unclassified,Dinophyceae_unclassified,Dinophyceae_unclassified
asv0047,Eukaryota,Alveolata,Dinoflagellata,Dinophyceae,Dinophyceae_unclassified,Dinophyceae_unclassified,Dinophyceae_unclassified,Dinophyceae_unclassified
asv0058,Eukaryota,Alveolata,Dinoflagellata,Dinophyceae,Dinophyceae_unclassified,Dinophyceae_unclassified,Dinophyceae_unclassified,Dinophyceae_unclassified
asv0059,Eukaryota,Alveolata,Dinoflagellata,Dinophyceae,Dinophyceae_unclassified,Dinophyceae_unclassified,Dinophyceae_unclassified,Dinophyceae_unclassified
asv0064,Eukaryota,Alveolata,Dinoflagellata,Dinophyceae,Dinophyceae_unclassified,Dinophyceae_unclassified,Dinophyceae_unclassified,Dinophyceae_unclassified
asv0089,Eukaryota,Alveolata,Dinoflagellata,Dinophyceae,Dinophyceae_unclassified,Dinophyceae_unclassified,Dinophyceae_unclassified,Dinophyceae_unclassified
asv0091,Eukaryota,Alveolata,Dinoflagellata,Dinophyceae,Dinophyceae_unclassified,Dinophyceae_unclassified,Dinophyceae_unclassified,Dinophyceae_unclassified
asv0132,Eukaryota,Alveolata,Dinoflagellata,Dinophyceae,Dinophyceae_unclassified,Dinophyceae_unclassified,Dinophyceae_unclassified,Dinophyceae_unclassified
asv0219,Eukaryota,Alveolata,Dinoflagellata,Dinophyceae,Dinophyceae_unclassified,Dinophyceae_unclassified,Dinophyceae_unclassified,Dinophyceae_unclassified
asv0317,Eukaryota,Alveolata,Dinoflagellata,Dinophyceae,Dinophyceae_unclassified,Dinophyceae_unclassified,Dinophyceae_unclassified,Dinophyceae_unclassified
asv0333,Eukaryota,Alveolata,Dinoflagellata,Dinophyceae,Dinophyceae_unclassified,Dinophyceae_unclassified,Dinophyceae_unclassified,Dinophyceae_unclassified
asv0339,Eukaryota,Alveolata,Dinoflagellata,Dinophyceae,Dinophyceae_unclassified,Dinophyceae_unclassified,Dinophyceae_unclassified,Dinophyceae_unclassified
asv0372,Eukaryota,Alveolata,Dinoflagellata,Dinophyceae,Dinophyceae_unclassified,Dinophyceae_unclassified,Dinophyceae_unclassified,Dinophyceae_unclassified
asv0398,Eukaryota,Alveolata,Dinoflagellata,Dinophyceae,Dinophyceae_unclassified,Dinophyceae_unclassified,Dinophyceae_unclassified,Dinophyceae_unclassified
asv0404,Eukaryota,Alveolata,Dinoflagellata,Dinophyceae,Dinophyceae_unclassified,Dinophyceae_unclassified,Dinophyceae_unclassified,Dinophyceae_unclassified
asv0450,Eukaryota,Alveolata,Dinoflagellata,Dinophyceae,Dinophyceae_unclassified,Dinophyceae_unclassified,Dinophyceae_unclassified,Dinophyceae_unclassified
asv0454,Eukaryota,Alveolata,Dinoflagellata,Dinophyceae,Dinophyceae_unclassified,Dinophyceae_unclassified,Dinophyceae_unclassified,Dinophyceae_unclassified
asv0520,Eukaryota,Alveolata,Dinoflagellata,Dinophyceae,Dinophyceae_unclassified,Dinophyceae_unclassified,Dinophyceae_unclassified,Dinophyceae_unclassified
asv0533,Eukaryota,Alveolata,Dinoflagellata,Dinophyceae,Dinophyceae_unclassified,Dinophyceae_unclassified,Dinophyceae_unclassified,Dinophyceae_unclassified
asv0590,Eukaryota,Alveolata,Dinoflagellata,Dinophyceae,Dinophyceae_unclassified,Dinophyceae_unclassified,Dinophyceae_unclassified,Dinophyceae_unclassified
asv0597,Eukaryota,Alveolata,Dinoflagellata,Dinophyceae,Dinophyceae_unclassified,Dinophyceae_unclassified,Dinophyceae_unclassified,Dinophyceae_unclassified
asv0631,Eukaryota,Alveolata,Dinoflagellata,Dinophyceae,Dinophyceae_unclassified,Dinophyceae_unclassified,Dinophyceae_unclassified,Dinophyceae_unclassified
asv0655,Eukaryota,Alveolata,Dinoflagellata,Dinophyceae,Dinophyceae_unclassified,Dinophyceae_unclassified,Dinophyceae_unclassified,Dinophyceae_unclassified
asv0761,Eukaryota,Alveolata,Dinoflagellata,Dinophyceae,Dinophyceae_unclassified,Dinophyceae_unclassified,Dinophyceae_unclassified,Dinophyceae_unclassified
asv0881,Eukaryota,Alveolata,Dinoflagellata,Dinophyceae,Dinophyceae_unclassified,Dinophyceae_unclassified,Dinophyceae_unclassified,Dinophyceae_unclassified
asv0898,Eukaryota,Alveolata,Dinoflagellata,Dinophyceae,Dinophyceae_unclassified,Dinophyceae_unclassified,Dinophyceae_unclassified,Dinophyceae_unclassified
asv0902,Eukaryota,Alveolata,Dinoflagellata,Dinophyceae,Dinophyceae_unclassified,Dinophyceae_unclassified,Dinophyceae_unclassified,Dinophyceae_unclassified
asv0907,Eukaryota,Alveolata,Dinoflagellata,Dinophyceae,Dinophyceae_unclassified,Dinophyceae_unclassified,Dinophyceae_unclassified,Dinophyceae_unclassified
asv0985,Eukaryota,Alveolata,Dinoflagellata,Dinophyceae,Dinophyceae_unclassified,Dinophyceae_unclassified,Dinophyceae_unclassified,Dinophyceae_unclassified
asv1083,Eukaryota,Alveolata,Dinoflagellata,Dinophyceae,Dinophyceae_unclassified,Dinophyceae_unclassified,Dinophyceae_unclassified,Dinophyceae_unclassified
asv1127,Eukaryota,Alveolata,Dinoflagellata,Dinophyceae,Dinophyceae_unclassified,Dinophyceae_unclassified,Dinophyceae_unclassified,Dinophyceae_unclassified
asv1225,Eukaryota,Alveolata,Dinoflagellata,Dinophyceae,Dinophyceae_unclassified,Dinophyceae_unclassified,Dinophyceae_unclassified,Dinophyceae_unclassified
asv1270,Eukaryota,Alveolata,Dinoflagellata,Dinophyceae,Dinophyceae_unclassified,Dinophyceae_unclassified,Dinophyceae_unclassified,Dinophyceae_unclassified
asv1337,Eukaryota,Alveolata,Dinoflagellata,Dinophyceae,Dinophyceae_unclassified,Dinophyceae_unclassified,Dinophyceae_unclassified,Dinophyceae_unclassified
asv1505,Eukaryota,Alveolata,Dinoflagellata,Dinophyceae,Dinophyceae_unclassified,Dinophyceae_unclassified,Dinophyceae_unclassified,Dinophyceae_unclassified
asv1546,Eukaryota,Alveolata,Dinoflagellata,Dinophyceae,Dinophyceae_unclassified,Dinophyceae_unclassified,Dinophyceae_unclassified,Dinophyceae_unclassified
asv1589,Eukaryota,Alveolata,Dinoflagellata,Dinophyceae,Dinophyceae_unclassified,Dinophyceae_unclassified,Dinophyceae_unclassified,Dinophyceae_unclassified
asv1613,Eukaryota,Alveolata,Dinoflagellata,Dinophyceae,Dinophyceae_unclassified,Dinophyceae_unclassified,Dinophyceae_unclassified,Dinophyceae_unclassified
asv1693,Eukaryota,Alveolata,Dinoflagellata,Dinophyceae,Dinophyceae_unclassified,Dinophyceae_unclassified,Dinophyceae_unclassified,Dinophyceae_unclassified
asv1842,Eukaryota,Alveolata,Dinoflagellata,Dinophyceae,Dinophyceae_unclassified,Dinophyceae_unclassified,Dinophyceae_unclassified,Dinophyceae_unclassified
asv1872,Eukaryota,Alveolata,Dinoflagellata,Dinophyceae,Dinophyceae_unclassified,Dinophyceae_unclassified,Dinophyceae_unclassified,Dinophyceae_unclassified
asv1929,Eukaryota,Alveolata,Dinoflagellata,Dinophyceae,Dinophyceae_unclassified,Dinophyceae_unclassified,Dinophyceae_unclassified,Dinophyceae_unclassified
asv2057,Eukaryota,Alveolata,Dinoflagellata,Dinophyceae,Dinophyceae_unclassified,Dinophyceae_unclassified,Dinophyceae_unclassified,Dinophyceae_unclassified
asv2128,Eukaryota,Alveolata,Dinoflagellata,Dinophyceae,Dinophyceae_unclassified,Dinophyceae_unclassified,Dinophyceae_unclassified,Dinophyceae_unclassified
asv2137,Eukaryota,Alveolata,Dinoflagellata,Dinophyceae,Dinophyceae_unclassified,Dinophyceae_unclassified,Dinophyceae_unclassified,Dinophyceae_unclassified
asv2162,Eukaryota,Alveolata,Dinoflagellata,Dinophyceae,Dinophyceae_unclassified,Dinophyceae_unclassified,Dinophyceae_unclassified,Dinophyceae_unclassified
asv2172,Eukaryota,Alveolata,Dinoflagellata,Dinophyceae,Dinophyceae_unclassified,Dinophyceae_unclassified,Dinophyceae_unclassified,Dinophyceae_unclassified
asv2180,Eukaryota,Alveolata,Dinoflagellata,Dinophyceae,Dinophyceae_unclassified,Dinophyceae_unclassified,Dinophyceae_unclassified,Dinophyceae_unclassified
asv2202,Eukaryota,Alveolata,Dinoflagellata,Dinophyceae,Dinophyceae_unclassified,Dinophyceae_unclassified,Dinophyceae_unclassified,Dinophyceae_unclassified
asv2242,Eukaryota,Alveolata,Dinoflagellata,Dinophyceae,Dinophyceae_unclassified,Dinophyceae_unclassified,Dinophyceae_unclassified,Dinophyceae_unclassified
asv2249,Eukaryota,Alveolata,Dinoflagellata,Dinophyceae,Dinophyceae_unclassified,Dinophyceae_unclassified,Dinophyceae_unclassified,Dinophyceae_unclassified
asv2287,Eukaryota,Alveolata,Dinoflagellata,Dinophyceae,Dinophyceae_unclassified,Dinophyceae_unclassified,Dinophyceae_unclassified,Dinophyceae_unclassified
asv2327,Eukaryota,Alveolata,Dinoflagellata,Dinophyceae,Dinophyceae_unclassified,Dinophyceae_unclassified,Dinophyceae_unclassified,Dinophyceae_unclassified
asv2328,Eukaryota,Alveolata,Dinoflagellata,Dinophyceae,Dinophyceae_unclassified,Dinophyceae_unclassified,Dinophyceae_unclassified,Dinophyceae_unclassified
asv2392,Eukaryota,Alveolata,Dinoflagellata,Dinophyceae,Dinophyceae_unclassified,Dinophyceae_unclassified,Dinophyceae_unclassified,Dinophyceae_unclassified
asv2396,Eukaryota,Alveolata,Dinoflagellata,Dinophyceae,Dinophyceae_unclassified,Dinophyceae_unclassified,Dinophyceae_unclassified,Dinophyceae_unclassified
asv2399,Eukaryota,Alveolata,Dinoflagellata,Dinophyceae,Dinophyceae_unclassified,Dinophyceae_unclassified,Dinophyceae_unclassified,Dinophyceae_unclassified
asv2496,Eukaryota,Alveolata,Dinoflagellata,Dinophyceae,Dinophyceae_unclassified,Dinophyceae_unclassified,Dinophyceae_unclassified,Dinophyceae_unclassified
asv2534,Eukaryota,Alveolata,Dinoflagellata,Dinophyceae,Dinophyceae_unclassified,Dinophyceae_unclassified,Dinophyceae_unclassified,Dinophyceae_unclassified
asv2548,Eukaryota,Alveolata,Dinoflagellata,Dinophyceae,Dinophyceae_unclassified,Dinophyceae_unclassified,Dinophyceae_unclassified,Dinophyceae_unclassified
asv2567,Eukaryota,Alveolata,Dinoflagellata,Dinophyceae,Dinophyceae_unclassified,Dinophyceae_unclassified,Dinophyceae_unclassified,Dinophyceae_unclassified
asv2569,Eukaryota,Alveolata,Dinoflagellata,Dinophyceae,Dinophyceae_unclassified,Dinophyceae_unclassified,Dinophyceae_unclassified,Dinophyceae_unclassified
asv2577,Eukaryota,Alveolata,Dinoflagellata,Dinophyceae,Dinophyceae_unclassified,Dinophyceae_unclassified,Dinophyceae_unclassified,Dinophyceae_unclassified
asv2608,Eukaryota,Alveolata,Dinoflagellata,Dinophyceae,Dinophyceae_unclassified,Dinophyceae_unclassified,Dinophyceae_unclassified,Dinophyceae_unclassified
asv2625,Eukaryota,Alveolata,Dinoflagellata,Dinophyceae,Dinophyceae_unclassified,Dinophyceae_unclassified,Dinophyceae_unclassified,Dinophyceae_unclassified
asv2626,Eukaryota,Alveolata,Dinoflagellata,Dinophyceae,Dinophyceae_unclassified,Dinophyceae_unclassified,Dinophyceae_unclassified,Dinophyceae_unclassified
asv2687,Eukaryota,Alveolata,Dinoflagellata,Dinophyceae,Dinophyceae_unclassified,Dinophyceae_unclassified,Dinophyceae_unclassified,Dinophyceae_unclassified
asv2758,Eukaryota,Alveolata,Dinoflagellata,Dinophyceae,Dinophyceae_unclassified,Dinophyceae_unclassified,Dinophyceae_unclassified,Dinophyceae_unclassified
asv2773,Eukaryota,Alveolata,Dinoflagellata,Dinophyceae,Dinophyceae_unclassified,Dinophyceae_unclassified,Dinophyceae_unclassified,Dinophyceae_unclassified
asv2821,Eukaryota,Alveolata,Dinoflagellata,Dinophyceae,Dinophyceae_unclassified,Dinophyceae_unclassified,Dinophyceae_unclassified,Dinophyceae_unclassified
asv2839,Eukaryota,Alveolata,Dinoflagellata,Dinophyceae,Dinophyceae_unclassified,Dinophyceae_unclassified,Dinophyceae_unclassified,Dinophyceae_unclassified
asv2903,Eukaryota,Alveolata,Dinoflagellata,Dinophyceae,Dinophyceae_unclassified,Dinophyceae_unclassified,Dinophyceae_unclassified,Dinophyceae_unclassified
asv2957,Eukaryota,Alveolata,Dinoflagellata,Dinophyceae,Dinophyceae_unclassified,Dinophyceae_unclassified,Dinophyceae_unclassified,Dinophyceae_unclassified
asv2970,Eukaryota,Alveolata,Dinoflagellata,Dinophyceae,Dinophyceae_unclassified,Dinophyceae_unclassified,Dinophyceae_unclassified,Dinophyceae_unclassified
asv3028,Eukaryota,Alveolata,Dinoflagellata,Dinophyceae,Dinophyceae_unclassified,Dinophyceae_unclassified,Dinophyceae_unclassified,Dinophyceae_unclassified
asv3042,Eukaryota,Alveolata,Dinoflagellata,Dinophyceae,Dinophyceae_unclassified,Dinophyceae_unclassified,Dinophyceae_unclassified,Dinophyceae_unclassified
asv3124,Eukaryota,Alveolata,Dinoflagellata,Dinophyceae,Dinophyceae_unclassified,Dinophyceae_unclassified,Dinophyceae_unclassified,Dinophyceae_unclassified
asv3155,Eukaryota,Alveolata,Dinoflagellata,Dinophyceae,Dinophyceae_unclassified,Dinophyceae_unclassified,Dinophyceae_unclassified,Dinophyceae_unclassified
asv3156,Eukaryota,Alveolata,Dinoflagellata,Dinophyceae,Dinophyceae_unclassified,Dinophyceae_unclassified,Dinophyceae_unclassified,Dinophyceae_unclassified
asv3241,Eukaryota,Alveolata,Dinoflagellata,Dinophyceae,Dinophyceae_unclassified,Dinophyceae_unclassified,Dinophyceae_unclassified,Dinophyceae_unclassified
asv3318,Eukaryota,Alveolata,Dinoflagellata,Dinophyceae,Dinophyceae_unclassified,Dinophyceae_unclassified,Dinophyceae_unclassified,Dinophyceae_unclassified
asv3319,Eukaryota,Alveolata,Dinoflagellata,Dinophyceae,Dinophyceae_unclassified,Dinophyceae_unclassified,Dinophyceae_unclassified,Dinophyceae_unclassified
asv3402,Eukaryota,Alveolata,Dinoflagellata,Dinophyceae,Dinophyceae_unclassified,Dinophyceae_unclassified,Dinophyceae_unclassified,Dinophyceae_unclassified
asv3405,Eukaryota,Alveolata,Dinoflagellata,Dinophyceae,Dinophyceae_unclassified,Dinophyceae_unclassified,Dinophyceae_unclassified,Dinophyceae_unclassified
asv3633,Eukaryota,Alveolata,Dinoflagellata,Dinophyceae,Dinophyceae_unclassified,Dinophyceae_unclassified,Dinophyceae_unclassified,Dinophyceae_unclassified
asv3649,Eukaryota,Alveolata,Dinoflagellata,Dinophyceae,Dinophyceae_unclassified,Dinophyceae_unclassified,Dinophyceae_unclassified,Dinophyceae_unclassified
asv3670,Eukaryota,Alveolata,Dinoflagellata,Dinophyceae,Dinophyceae_unclassified,Dinophyceae_unclassified,Dinophyceae_unclassified,Dinophyceae_unclassified
asv3706,Eukaryota,Alveolata,Dinoflagellata,Dinophyceae,Dinophyceae_unclassified,Dinophyceae_unclassified,Dinophyceae_unclassified,Dinophyceae_unclassified
asv3781,Eukaryota,Alveolata,Dinoflagellata,Dinophyceae,Dinophyceae_unclassified,Dinophyceae_unclassified,Dinophyceae_unclassified,Dinophyceae_unclassified
asv3786,Eukaryota,Alveolata,Dinoflagellata,Dinophyceae,Dinophyceae_unclassified,Dinophyceae_unclassified,Dinophyceae_unclassified,Dinophyceae_unclassified
asv4054,Eukaryota,Alveolata,Dinoflagellata,Dinophyceae,Dinophyceae_unclassified,Dinophyceae_unclassified,Dinophyceae_unclassified,Dinophyceae_unclassified
asv4127,Eukaryota,Alveolata,Dinoflagellata,Dinophyceae,Dinophyceae_unclassified,Dinophyceae_unclassified,Dinophyceae_unclassified,Dinophyceae_unclassified
asv4165,Eukaryota,Alveolata,Dinoflagellata,Dinophyceae,Dinophyceae_unclassified,Dinophyceae_unclassified,Dinophyceae_unclassified,Dinophyceae_unclassified
asv4172,Eukaryota,Alveolata,Dinoflagellata,Dinophyceae,Dinophyceae_unclassified,Dinophyceae_unclassified,Dinophyceae_unclassified,Dinophyceae_unclassified
asv4174,Eukaryota,Alveolata,Dinoflagellata,Dinophyceae,Dinophyceae_unclassified,Dinophyceae_unclassified,Dinophyceae_unclassified,Dinophyceae_unclassified
asv4245,Eukaryota,Alveolata,Dinoflagellata,Dinophyceae,Dinophyceae_unclassified,Dinophyceae_unclassified,Dinophyceae_unclassified,Dinophyceae_unclassified
asv4405,Eukaryota,Alveolata,Dinoflagellata,Dinophyceae,Dinophyceae_unclassified,Dinophyceae_unclassified,Dinophyceae_unclassified,Dinophyceae_unclassified
asv4447,Eukaryota,Alveolata,Dinoflagellata,Dinophyceae,Dinophyceae_unclassified,Dinophyceae_unclassified,Dinophyceae_unclassified,Dinophyceae_unclassified
asv4485,Eukaryota,Alveolata,Dinoflagellata,Dinophyceae,Dinophyceae_unclassified,Dinophyceae_unclassified,Dinophyceae_unclassified,Dinophyceae_unclassified
asv4622,Eukaryota,Alveolata,Dinoflagellata,Dinophyceae,Dinophyceae_unclassified,Dinophyceae_unclassified,Dinophyceae_unclassified,Dinophyceae_unclassified
asv4671,Eukaryota,Alveolata,Dinoflagellata,Dinophyceae,Dinophyceae_unclassified,Dinophyceae_unclassified,Dinophyceae_unclassified,Dinophyceae_unclassified
asv4675,Eukaryota,Alveolata,Dinoflagellata,Dinophyceae,Dinophyceae_unclassified,Dinophyceae_unclassified,Dinophyceae_unclassified,Dinophyceae_unclassified
asv4754,Eukaryota,Alveolata,Dinoflagellata,Dinophyceae,Dinophyceae_unclassified,Dinophyceae_unclassified,Dinophyceae_unclassified,Dinophyceae_unclassified
asv4827,Eukaryota,Alveolata,Dinoflagellata,Dinophyceae,Dinophyceae_unclassified,Dinophyceae_unclassified,Dinophyceae_unclassified,Dinophyceae_unclassified
asv5012,Eukaryota,Alveolata,Dinoflagellata,Dinophyceae,Dinophyceae_unclassified,Dinophyceae_unclassified,Dinophyceae_unclassified,Dinophyceae_unclassified
asv5211,Eukaryota,Alveolata,Dinoflagellata,Dinophyceae,Dinophyceae_unclassified,Dinophyceae_unclassified,Dinophyceae_unclassified,Dinophyceae_unclassified
asv5301,Eukaryota,Alveolata,Dinoflagellata,Dinophyceae,Dinophyceae_unclassified,Dinophyceae_unclassified,Dinophyceae_unclassified,Dinophyceae_unclassified
asv5460,Eukaryota,Alveolata,Dinoflagellata,Dinophyceae,Dinophyceae_unclassified,Dinophyceae_unclassified,Dinophyceae_unclassified,Dinophyceae_unclassified
asv6014,Eukaryota,Alveolata,Dinoflagellata,Dinophyceae,Dinophyceae_unclassified,Dinophyceae_unclassified,Dinophyceae_unclassified,Dinophyceae_unclassified
asv6020,Eukaryota,Alveolata,Dinoflagellata,Dinophyceae,Dinophyceae_unclassified,Dinophyceae_unclassified,Dinophyceae_unclassified,Dinophyceae_unclassified
asv6538,Eukaryota,Alveolata,Dinoflagellata,Dinophyceae,Dinophyceae_unclassified,Dinophyceae_unclassified,Dinophyceae_unclassified,Dinophyceae_unclassified
asv6711,Eukaryota,Alveolata,Dinoflagellata,Dinophyceae,Dinophyceae_unclassified,Dinophyceae_unclassified,Dinophyceae_unclassified,Dinophyceae_unclassified
asv6883,Eukaryota,Alveolata,Dinoflagellata,Dinophyceae,Dinophyceae_unclassified,Dinophyceae_unclassified,Dinophyceae_unclassified,Dinophyceae_unclassified
asv6896,Eukaryota,Alveolata,Dinoflagellata,Dinophyceae,Dinophyceae_unclassified,Dinophyceae_unclassified,Dinophyceae_unclassified,Dinophyceae_unclassified
asv8260,Eukaryota,Alveolata,Dinoflagellata,Dinophyceae,Dinophyceae_unclassified,Dinophyceae_unclassified,Dinophyceae_unclassified,Dinophyceae_unclassified
asv8551,Eukaryota,Alveolata,Dinoflagellata,Dinophyceae,Dinophyceae_unclassified,Dinophyceae_unclassified,Dinophyceae_unclassified,Dinophyceae_unclassified
asv3389,Eukaryota,Excavata,Discoba,Euglenozoa,Diplonemea,Diplonemida,Diplonema,Diplonema_unclassified
asv0455,Eukaryota,Excavata,Discoba,Euglenozoa,Diplonemea,Diplonemea_unclassified,Diplonemea_unclassified,Diplonemea_unclassified
asv0464,Eukaryota,Excavata,Discoba,Euglenozoa,Diplonemea,Diplonemea_unclassified,Diplonemea_unclassified,Diplonemea_unclassified
asv0710,Eukaryota,Excavata,Discoba,Euglenozoa,Diplonemea,Diplonemea_unclassified,Diplonemea_unclassified,Diplonemea_unclassified
asv3121,Eukaryota,Excavata,Discoba,Euglenozoa,Diplonemea,Diplonemea_unclassified,Diplonemea_unclassified,Diplonemea_unclassified
asv3592,Eukaryota,Excavata,Discoba,Euglenozoa,Diplonemea,Diplonemea_unclassified,Diplonemea_unclassified,Diplonemea_unclassified
asv7487,Eukaryota,Excavata,Discoba,Euglenozoa,Diplonemea,Diplonemea_unclassified,Diplonemea_unclassified,Diplonemea_unclassified
asv7934,Eukaryota,Excavata,Discoba,Euglenozoa,Diplonemea,Diplonemea_unclassified,Diplonemea_unclassified,Diplonemea_unclassified
asv8593,Eukaryota,Excavata,Discoba,Euglenozoa,Diplonemea,Diplonemea_unclassified,Diplonemea_unclassified,Diplonemea_unclassified
asv0764,Eukaryota,Opisthokonta,Fungi,Ascomycota,Saccharomycotina,Lipomycetaceae,Dipodascopsis,Dipodascopsis_anomala
asv7738,Eukaryota,Opisthokonta,Fungi,Ascomycota,Saccharomycotina,Lipomycetaceae,Dipodascopsis,Dipodascopsis_anomala
asv6398,Eukaryota,Excavata,Discoba,Discoba_unclassified,Discoba_unclassified,Discoba_unclassified,Discoba_unclassified,Discoba_unclassified
asv3184,Eukaryota,Excavata,Discoba,Euglenozoa,Euglenida,Rhabdomonadales,Distigma,Distigma_curvatum
asv6871,Eukaryota,Excavata,Discoba,Euglenozoa,Euglenida,Rhabdomonadales,Distigma,Distigma_curvatum
asv8232,Eukaryota,Excavata,Discoba,Euglenozoa,Euglenida,Rhabdomonadales,Distigma,Distigma_curvatum
asv3829,Eukaryota,Excavata,Discoba,Euglenozoa,Euglenida,Rhabdomonadales,Distigma,Distigma_unclassified
asv8545,Eukaryota,Excavata,Discoba,Euglenozoa,Euglenida,Rhabdomonadales,Distigma,Distigma_unclassified
asv0731,Eukaryota,Opisthokonta,Fungi,Ascomycota,Pezizomycotina,Dothideomycetes,Dothideomycetes_unclassified,Dothideomycetes_unclassified
asv4758,Eukaryota,Opisthokonta,Fungi,Ascomycota,Pezizomycotina,Dothideomycetes,Dothideomycetes_unclassified,Dothideomycetes_unclassified
asv0870,Eukaryota,Amoebozoa,Lobosa,Tubulinea,Echinamoebida,Echinamoebidae,Echinamoeba,Echinamoeba_sp.
asv0600,Eukaryota,Alveolata,Apicomplexa,Apicomplexa,Coccidia,Eimeriidae,Eimeriidae_unclassified,Eimeriidae_unclassified
asv0197,Eukaryota,Archaeplastida,Streptophyta,Embryophyceae,Embryophyceae,Embryophyceae,Embryophyceae_unclassified,Embryophyceae_unclassified
asv0289,Eukaryota,Archaeplastida,Streptophyta,Embryophyceae,Embryophyceae,Embryophyceae,Embryophyceae_unclassified,Embryophyceae_unclassified
asv0556,Eukaryota,Archaeplastida,Streptophyta,Embryophyceae,Embryophyceae,Embryophyceae,Embryophyceae_unclassified,Embryophyceae_unclassified
asv0603,Eukaryota,Archaeplastida,Streptophyta,Embryophyceae,Embryophyceae,Embryophyceae,Embryophyceae_unclassified,Embryophyceae_unclassified
asv0786,Eukaryota,Archaeplastida,Streptophyta,Embryophyceae,Embryophyceae,Embryophyceae,Embryophyceae_unclassified,Embryophyceae_unclassified
asv0963,Eukaryota,Archaeplastida,Streptophyta,Embryophyceae,Embryophyceae,Embryophyceae,Embryophyceae_unclassified,Embryophyceae_unclassified
asv1249,Eukaryota,Archaeplastida,Streptophyta,Embryophyceae,Embryophyceae,Embryophyceae,Embryophyceae_unclassified,Embryophyceae_unclassified
asv1431,Eukaryota,Archaeplastida,Streptophyta,Embryophyceae,Embryophyceae,Embryophyceae,Embryophyceae_unclassified,Embryophyceae_unclassified
asv1702,Eukaryota,Archaeplastida,Streptophyta,Embryophyceae,Embryophyceae,Embryophyceae,Embryophyceae_unclassified,Embryophyceae_unclassified
asv2296,Eukaryota,Archaeplastida,Streptophyta,Embryophyceae,Embryophyceae,Embryophyceae,Embryophyceae_unclassified,Embryophyceae_unclassified
asv2330,Eukaryota,Archaeplastida,Streptophyta,Embryophyceae,Embryophyceae,Embryophyceae,Embryophyceae_unclassified,Embryophyceae_unclassified
asv2591,Eukaryota,Archaeplastida,Streptophyta,Embryophyceae,Embryophyceae,Embryophyceae,Embryophyceae_unclassified,Embryophyceae_unclassified
asv2787,Eukaryota,Archaeplastida,Streptophyta,Embryophyceae,Embryophyceae,Embryophyceae,Embryophyceae_unclassified,Embryophyceae_unclassified
asv2801,Eukaryota,Archaeplastida,Streptophyta,Embryophyceae,Embryophyceae,Embryophyceae,Embryophyceae_unclassified,Embryophyceae_unclassified
asv3081,Eukaryota,Archaeplastida,Streptophyta,Embryophyceae,Embryophyceae,Embryophyceae,Embryophyceae_unclassified,Embryophyceae_unclassified
asv5207,Eukaryota,Archaeplastida,Streptophyta,Embryophyceae,Embryophyceae,Embryophyceae,Embryophyceae_unclassified,Embryophyceae_unclassified
asv6224,Eukaryota,Archaeplastida,Streptophyta,Embryophyceae,Embryophyceae,Embryophyceae,Embryophyceae_unclassified,Embryophyceae_unclassified
asv0251,Eukaryota,Opisthokonta,Metazoa,Nematoda,Enoplea,Enoplea,Enoplea_unclassified,Enoplea_unclassified
asv3398,Eukaryota,Opisthokonta,Metazoa,Nematoda,Enoplea,Enoplea,Enoplea_unclassified,Enoplea_unclassified
asv5589,Eukaryota,Stramenopiles,Ochrophyta,Bacillariophyta,Bacillariophyta,Raphid-pennate,Eolimna,Eolimna_minima
asv3309,Eukaryota,Alveolata,Ciliophora,Plagiopylea,Odontostomatida,Epalxellidae,Epalxella,Epalxella_antiquorum
asv4126,Eukaryota,Alveolata,Ciliophora,Plagiopylea,Odontostomatida,Epalxellidae,Epalxella,Epalxella_antiquorum
asv8836,Eukaryota,Alveolata,Ciliophora,Plagiopylea,Odontostomatida,Epalxellidae,Epalxellidae_unclassified,Epalxellidae_unclassified
asv4816,Eukaryota,Alveolata,Ciliophora,Litostomatea,Haptoria,Spathidiidae,Epispathidium,Epispathidium_papilliferum
asv2672,Eukaryota,Opisthokonta,Metazoa,Platyhelminthes,Cestoda,Eucestoda,Eucestoda_unclassified,Eucestoda_unclassified
asv6394,Eukaryota,Excavata,Discoba,Euglenozoa,Euglenida,Euglenida_unclassified,Euglenida_unclassified,Euglenida_unclassified
asv6531,Eukaryota,Excavata,Discoba,Euglenozoa,Euglenida,Euglenida_unclassified,Euglenida_unclassified,Euglenida_unclassified
asv6003,Eukaryota,Excavata,Discoba,Euglenozoa,Euglenozoa_unclassified,Euglenozoa_unclassified,Euglenozoa_unclassified,Euglenozoa_unclassified
asv0038,Eukaryota,Eukaryota_unclassified,Eukaryota_unclassified,Eukaryota_unclassified,Eukaryota_unclassified,Eukaryota_unclassified,Eukaryota_unclassified,Eukaryota_unclassified
asv0042,Eukaryota,Eukaryota_unclassified,Eukaryota_unclassified,Eukaryota_unclassified,Eukaryota_unclassified,Eukaryota_unclassified,Eukaryota_unclassified,Eukaryota_unclassified
asv0105,Eukaryota,Eukaryota_unclassified,Eukaryota_unclassified,Eukaryota_unclassified,Eukaryota_unclassified,Eukaryota_unclassified,Eukaryota_unclassified,Eukaryota_unclassified
asv0113,Eukaryota,Eukaryota_unclassified,Eukaryota_unclassified,Eukaryota_unclassified,Eukaryota_unclassified,Eukaryota_unclassified,Eukaryota_unclassified,Eukaryota_unclassified
asv0131,Eukaryota,Eukaryota_unclassified,Eukaryota_unclassified,Eukaryota_unclassified,Eukaryota_unclassified,Eukaryota_unclassified,Eukaryota_unclassified,Eukaryota_unclassified
asv0133,Eukaryota,Eukaryota_unclassified,Eukaryota_unclassified,Eukaryota_unclassified,Eukaryota_unclassified,Eukaryota_unclassified,Eukaryota_unclassified,Eukaryota_unclassified
asv0160,Eukaryota,Eukaryota_unclassified,Eukaryota_unclassified,Eukaryota_unclassified,Eukaryota_unclassified,Eukaryota_unclassified,Eukaryota_unclassified,Eukaryota_unclassified
asv0211,Eukaryota,Eukaryota_unclassified,Eukaryota_unclassified,Eukaryota_unclassified,Eukaryota_unclassified,Eukaryota_unclassified,Eukaryota_unclassified,Eukaryota_unclassified
asv0225,Eukaryota,Eukaryota_unclassified,Eukaryota_unclassified,Eukaryota_unclassified,Eukaryota_unclassified,Eukaryota_unclassified,Eukaryota_unclassified,Eukaryota_unclassified
asv0276,Eukaryota,Eukaryota_unclassified,Eukaryota_unclassified,Eukaryota_unclassified,Eukaryota_unclassified,Eukaryota_unclassified,Eukaryota_unclassified,Eukaryota_unclassified
asv0278,Eukaryota,Eukaryota_unclassified,Eukaryota_unclassified,Eukaryota_unclassified,Eukaryota_unclassified,Eukaryota_unclassified,Eukaryota_unclassified,Eukaryota_unclassified
asv0291,Eukaryota,Eukaryota_unclassified,Eukaryota_unclassified,Eukaryota_unclassified,Eukaryota_unclassified,Eukaryota_unclassified,Eukaryota_unclassified,Eukaryota_unclassified
asv0292,Eukaryota,Eukaryota_unclassified,Eukaryota_unclassified,Eukaryota_unclassified,Eukaryota_unclassified,Eukaryota_unclassified,Eukaryota_unclassified,Eukaryota_unclassified
asv0310,Eukaryota,Eukaryota_unclassified,Eukaryota_unclassified,Eukaryota_unclassified,Eukaryota_unclassified,Eukaryota_unclassified,Eukaryota_unclassified,Eukaryota_unclassified
asv0335,Eukaryota,Eukaryota_unclassified,Eukaryota_unclassified,Eukaryota_unclassified,Eukaryota_unclassified,Eukaryota_unclassified,Eukaryota_unclassified,Eukaryota_unclassified
asv0342,Eukaryota,Eukaryota_unclassified,Eukaryota_unclassified,Eukaryota_unclassified,Eukaryota_unclassified,Eukaryota_unclassified,Eukaryota_unclassified,Eukaryota_unclassified
asv0344,Eukaryota,Eukaryota_unclassified,Eukaryota_unclassified,Eukaryota_unclassified,Eukaryota_unclassified,Eukaryota_unclassified,Eukaryota_unclassified,Eukaryota_unclassified
asv0357,Eukaryota,Eukaryota_unclassified,Eukaryota_unclassified,Eukaryota_unclassified,Eukaryota_unclassified,Eukaryota_unclassified,Eukaryota_unclassified,Eukaryota_unclassified
asv0366,Eukaryota,Eukaryota_unclassified,Eukaryota_unclassified,Eukaryota_unclassified,Eukaryota_unclassified,Eukaryota_unclassified,Eukaryota_unclassified,Eukaryota_unclassified
asv0402,Eukaryota,Eukaryota_unclassified,Eukaryota_unclassified,Eukaryota_unclassified,Eukaryota_unclassified,Eukaryota_unclassified,Eukaryota_unclassified,Eukaryota_unclassified
asv0412,Eukaryota,Eukaryota_unclassified,Eukaryota_unclassified,Eukaryota_unclassified,Eukaryota_unclassified,Eukaryota_unclassified,Eukaryota_unclassified,Eukaryota_unclassified
asv0413,Eukaryota,Eukaryota_unclassified,Eukaryota_unclassified,Eukaryota_unclassified,Eukaryota_unclassified,Eukaryota_unclassified,Eukaryota_unclassified,Eukaryota_unclassified
asv0419,Eukaryota,Eukaryota_unclassified,Eukaryota_unclassified,Eukaryota_unclassified,Eukaryota_unclassified,Eukaryota_unclassified,Eukaryota_unclassified,Eukaryota_unclassified
asv0424,Eukaryota,Eukaryota_unclassified,Eukaryota_unclassified,Eukaryota_unclassified,Eukaryota_unclassified,Eukaryota_unclassified,Eukaryota_unclassified,Eukaryota_unclassified
asv0426,Eukaryota,Eukaryota_unclassified,Eukaryota_unclassified,Eukaryota_unclassified,Eukaryota_unclassified,Eukaryota_unclassified,Eukaryota_unclassified,Eukaryota_unclassified
asv0430,Eukaryota,Eukaryota_unclassified,Eukaryota_unclassified,Eukaryota_unclassified,Eukaryota_unclassified,Eukaryota_unclassified,Eukaryota_unclassified,Eukaryota_unclassified
asv0458,Eukaryota,Eukaryota_unclassified,Eukaryota_unclassified,Eukaryota_unclassified,Eukaryota_unclassified,Eukaryota_unclassified,Eukaryota_unclassified,Eukaryota_unclassified
asv0459,Eukaryota,Eukaryota_unclassified,Eukaryota_unclassified,Eukaryota_unclassified,Eukaryota_unclassified,Eukaryota_unclassified,Eukaryota_unclassified,Eukaryota_unclassified
asv0468,Eukaryota,Eukaryota_unclassified,Eukaryota_unclassified,Eukaryota_unclassified,Eukaryota_unclassified,Eukaryota_unclassified,Eukaryota_unclassified,Eukaryota_unclassified
asv0478,Eukaryota,Eukaryota_unclassified,Eukaryota_unclassified,Eukaryota_unclassified,Eukaryota_unclassified,Eukaryota_unclassified,Eukaryota_unclassified,Eukaryota_unclassified
asv0482,Eukaryota,Eukaryota_unclassified,Eukaryota_unclassified,Eukaryota_unclassified,Eukaryota_unclassified,Eukaryota_unclassified,Eukaryota_unclassified,Eukaryota_unclassified
asv0493,Eukaryota,Eukaryota_unclassified,Eukaryota_unclassified,Eukaryota_unclassified,Eukaryota_unclassified,Eukaryota_unclassified,Eukaryota_unclassified,Eukaryota_unclassified
asv0495,Eukaryota,Eukaryota_unclassified,Eukaryota_unclassified,Eukaryota_unclassified,Eukaryota_unclassified,Eukaryota_unclassified,Eukaryota_unclassified,Eukaryota_unclassified
asv0507,Eukaryota,Eukaryota_unclassified,Eukaryota_unclassified,Eukaryota_unclassified,Eukaryota_unclassified,Eukaryota_unclassified,Eukaryota_unclassified,Eukaryota_unclassified
asv0514,Eukaryota,Eukaryota_unclassified,Eukaryota_unclassified,Eukaryota_unclassified,Eukaryota_unclassified,Eukaryota_unclassified,Eukaryota_unclassified,Eukaryota_unclassified
asv0545,Eukaryota,Eukaryota_unclassified,Eukaryota_unclassified,Eukaryota_unclassified,Eukaryota_unclassified,Eukaryota_unclassified,Eukaryota_unclassified,Eukaryota_unclassified
asv0547,Eukaryota,Eukaryota_unclassified,Eukaryota_unclassified,Eukaryota_unclassified,Eukaryota_unclassified,Eukaryota_unclassified,Eukaryota_unclassified,Eukaryota_unclassified
asv0555,Eukaryota,Eukaryota_unclassified,Eukaryota_unclassified,Eukaryota_unclassified,Eukaryota_unclassified,Eukaryota_unclassified,Eukaryota_unclassified,Eukaryota_unclassified
asv0562,Eukaryota,Eukaryota_unclassified,Eukaryota_unclassified,Eukaryota_unclassified,Eukaryota_unclassified,Eukaryota_unclassified,Eukaryota_unclassified,Eukaryota_unclassified
asv0564,Eukaryota,Eukaryota_unclassified,Eukaryota_unclassified,Eukaryota_unclassified,Eukaryota_unclassified,Eukaryota_unclassified,Eukaryota_unclassified,Eukaryota_unclassified
asv0581,Eukaryota,Eukaryota_unclassified,Eukaryota_unclassified,Eukaryota_unclassified,Eukaryota_unclassified,Eukaryota_unclassified,Eukaryota_unclassified,Eukaryota_unclassified
asv0611,Eukaryota,Eukaryota_unclassified,Eukaryota_unclassified,Eukaryota_unclassified,Eukaryota_unclassified,Eukaryota_unclassified,Eukaryota_unclassified,Eukaryota_unclassified
asv0628,Eukaryota,Eukaryota_unclassified,Eukaryota_unclassified,Eukaryota_unclassified,Eukaryota_unclassified,Eukaryota_unclassified,Eukaryota_unclassified,Eukaryota_unclassified
asv0640,Eukaryota,Eukaryota_unclassified,Eukaryota_unclassified,Eukaryota_unclassified,Eukaryota_unclassified,Eukaryota_unclassified,Eukaryota_unclassified,Eukaryota_unclassified
asv0644,Eukaryota,Eukaryota_unclassified,Eukaryota_unclassified,Eukaryota_unclassified,Eukaryota_unclassified,Eukaryota_unclassified,Eukaryota_unclassified,Eukaryota_unclassified
asv0648,Eukaryota,Eukaryota_unclassified,Eukaryota_unclassified,Eukaryota_unclassified,Eukaryota_unclassified,Eukaryota_unclassified,Eukaryota_unclassified,Eukaryota_unclassified
asv0660,Eukaryota,Eukaryota_unclassified,Eukaryota_unclassified,Eukaryota_unclassified,Eukaryota_unclassified,Eukaryota_unclassified,Eukaryota_unclassified,Eukaryota_unclassified
asv0662,Eukaryota,Eukaryota_unclassified,Eukaryota_unclassified,Eukaryota_unclassified,Eukaryota_unclassified,Eukaryota_unclassified,Eukaryota_unclassified,Eukaryota_unclassified
asv0673,Eukaryota,Eukaryota_unclassified,Eukaryota_unclassified,Eukaryota_unclassified,Eukaryota_unclassified,Eukaryota_unclassified,Eukaryota_unclassified,Eukaryota_unclassified
asv0690,Eukaryota,Eukaryota_unclassified,Eukaryota_unclassified,Eukaryota_unclassified,Eukaryota_unclassified,Eukaryota_unclassified,Eukaryota_unclassified,Eukaryota_unclassified
asv0706,Eukaryota,Eukaryota_unclassified,Eukaryota_unclassified,Eukaryota_unclassified,Eukaryota_unclassified,Eukaryota_unclassified,Eukaryota_unclassified,Eukaryota_unclassified
asv0735,Eukaryota,Eukaryota_unclassified,Eukaryota_unclassified,Eukaryota_unclassified,Eukaryota_unclassified,Eukaryota_unclassified,Eukaryota_unclassified,Eukaryota_unclassified
asv0743,Eukaryota,Eukaryota_unclassified,Eukaryota_unclassified,Eukaryota_unclassified,Eukaryota_unclassified,Eukaryota_unclassified,Eukaryota_unclassified,Eukaryota_unclassified
asv0747,Eukaryota,Eukaryota_unclassified,Eukaryota_unclassified,Eukaryota_unclassified,Eukaryota_unclassified,Eukaryota_unclassified,Eukaryota_unclassified,Eukaryota_unclassified
asv0763,Eukaryota,Eukaryota_unclassified,Eukaryota_unclassified,Eukaryota_unclassified,Eukaryota_unclassified,Eukaryota_unclassified,Eukaryota_unclassified,Eukaryota_unclassified
asv0772,Eukaryota,Eukaryota_unclassified,Eukaryota_unclassified,Eukaryota_unclassified,Eukaryota_unclassified,Eukaryota_unclassified,Eukaryota_unclassified,Eukaryota_unclassified
asv0804,Eukaryota,Eukaryota_unclassified,Eukaryota_unclassified,Eukaryota_unclassified,Eukaryota_unclassified,Eukaryota_unclassified,Eukaryota_unclassified,Eukaryota_unclassified
asv0807,Eukaryota,Eukaryota_unclassified,Eukaryota_unclassified,Eukaryota_unclassified,Eukaryota_unclassified,Eukaryota_unclassified,Eukaryota_unclassified,Eukaryota_unclassified
asv0808,Eukaryota,Eukaryota_unclassified,Eukaryota_unclassified,Eukaryota_unclassified,Eukaryota_unclassified,Eukaryota_unclassified,Eukaryota_unclassified,Eukaryota_unclassified
asv0827,Eukaryota,Eukaryota_unclassified,Eukaryota_unclassified,Eukaryota_unclassified,Eukaryota_unclassified,Eukaryota_unclassified,Eukaryota_unclassified,Eukaryota_unclassified
asv0850,Eukaryota,Eukaryota_unclassified,Eukaryota_unclassified,Eukaryota_unclassified,Eukaryota_unclassified,Eukaryota_unclassified,Eukaryota_unclassified,Eukaryota_unclassified
asv0860,Eukaryota,Eukaryota_unclassified,Eukaryota_unclassified,Eukaryota_unclassified,Eukaryota_unclassified,Eukaryota_unclassified,Eukaryota_unclassified,Eukaryota_unclassified
asv0862,Eukaryota,Eukaryota_unclassified,Eukaryota_unclassified,Eukaryota_unclassified,Eukaryota_unclassified,Eukaryota_unclassified,Eukaryota_unclassified,Eukaryota_unclassified
asv0873,Eukaryota,Eukaryota_unclassified,Eukaryota_unclassified,Eukaryota_unclassified,Eukaryota_unclassified,Eukaryota_unclassified,Eukaryota_unclassified,Eukaryota_unclassified
asv0883,Eukaryota,Eukaryota_unclassified,Eukaryota_unclassified,Eukaryota_unclassified,Eukaryota_unclassified,Eukaryota_unclassified,Eukaryota_unclassified,Eukaryota_unclassified
asv0884,Eukaryota,Eukaryota_unclassified,Eukaryota_unclassified,Eukaryota_unclassified,Eukaryota_unclassified,Eukaryota_unclassified,Eukaryota_unclassified,Eukaryota_unclassified
asv0914,Eukaryota,Eukaryota_unclassified,Eukaryota_unclassified,Eukaryota_unclassified,Eukaryota_unclassified,Eukaryota_unclassified,Eukaryota_unclassified,Eukaryota_unclassified
asv0925,Eukaryota,Eukaryota_unclassified,Eukaryota_unclassified,Eukaryota_unclassified,Eukaryota_unclassified,Eukaryota_unclassified,Eukaryota_unclassified,Eukaryota_unclassified
asv0930,Eukaryota,Eukaryota_unclassified,Eukaryota_unclassified,Eukaryota_unclassified,Eukaryota_unclassified,Eukaryota_unclassified,Eukaryota_unclassified,Eukaryota_unclassified
asv0933,Eukaryota,Eukaryota_unclassified,Eukaryota_unclassified,Eukaryota_unclassified,Eukaryota_unclassified,Eukaryota_unclassified,Eukaryota_unclassified,Eukaryota_unclassified
asv0934,Eukaryota,Eukaryota_unclassified,Eukaryota_unclassified,Eukaryota_unclassified,Eukaryota_unclassified,Eukaryota_unclassified,Eukaryota_unclassified,Eukaryota_unclassified
asv0945,Eukaryota,Eukaryota_unclassified,Eukaryota_unclassified,Eukaryota_unclassified,Eukaryota_unclassified,Eukaryota_unclassified,Eukaryota_unclassified,Eukaryota_unclassified
asv0954,Eukaryota,Eukaryota_unclassified,Eukaryota_unclassified,Eukaryota_unclassified,Eukaryota_unclassified,Eukaryota_unclassified,Eukaryota_unclassified,Eukaryota_unclassified
asv0958,Eukaryota,Eukaryota_unclassified,Eukaryota_unclassified,Eukaryota_unclassified,Eukaryota_unclassified,Eukaryota_unclassified,Eukaryota_unclassified,Eukaryota_unclassified
asv0966,Eukaryota,Eukaryota_unclassified,Eukaryota_unclassified,Eukaryota_unclassified,Eukaryota_unclassified,Eukaryota_unclassified,Eukaryota_unclassified,Eukaryota_unclassified
asv0968,Eukaryota,Eukaryota_unclassified,Eukaryota_unclassified,Eukaryota_unclassified,Eukaryota_unclassified,Eukaryota_unclassified,Eukaryota_unclassified,Eukaryota_unclassified
asv0971,Eukaryota,Eukaryota_unclassified,Eukaryota_unclassified,Eukaryota_unclassified,Eukaryota_unclassified,Eukaryota_unclassified,Eukaryota_unclassified,Eukaryota_unclassified
asv0973,Eukaryota,Eukaryota_unclassified,Eukaryota_unclassified,Eukaryota_unclassified,Eukaryota_unclassified,Eukaryota_unclassified,Eukaryota_unclassified,Eukaryota_unclassified
asv0978,Eukaryota,Eukaryota_unclassified,Eukaryota_unclassified,Eukaryota_unclassified,Eukaryota_unclassified,Eukaryota_unclassified,Eukaryota_unclassified,Eukaryota_unclassified
asv0979,Eukaryota,Eukaryota_unclassified,Eukaryota_unclassified,Eukaryota_unclassified,Eukaryota_unclassified,Eukaryota_unclassified,Eukaryota_unclassified,Eukaryota_unclassified
asv0982,Eukaryota,Eukaryota_unclassified,Eukaryota_unclassified,Eukaryota_unclassified,Eukaryota_unclassified,Eukaryota_unclassified,Eukaryota_unclassified,Eukaryota_unclassified
asv0983,Eukaryota,Eukaryota_unclassified,Eukaryota_unclassified,Eukaryota_unclassified,Eukaryota_unclassified,Eukaryota_unclassified,Eukaryota_unclassified,Eukaryota_unclassified
asv0991,Eukaryota,Eukaryota_unclassified,Eukaryota_unclassified,Eukaryota_unclassified,Eukaryota_unclassified,Eukaryota_unclassified,Eukaryota_unclassified,Eukaryota_unclassified
asv0993,Eukaryota,Eukaryota_unclassified,Eukaryota_unclassified,Eukaryota_unclassified,Eukaryota_unclassified,Eukaryota_unclassified,Eukaryota_unclassified,Eukaryota_unclassified
asv0995,Eukaryota,Eukaryota_unclassified,Eukaryota_unclassified,Eukaryota_unclassified,Eukaryota_unclassified,Eukaryota_unclassified,Eukaryota_unclassified,Eukaryota_unclassified
asv1007,Eukaryota,Eukaryota_unclassified,Eukaryota_unclassified,Eukaryota_unclassified,Eukaryota_unclassified,Eukaryota_unclassified,Eukaryota_unclassified,Eukaryota_unclassified
asv1008,Eukaryota,Eukaryota_unclassified,Eukaryota_unclassified,Eukaryota_unclassified,Eukaryota_unclassified,Eukaryota_unclassified,Eukaryota_unclassified,Eukaryota_unclassified
asv1016,Eukaryota,Eukaryota_unclassified,Eukaryota_unclassified,Eukaryota_unclassified,Eukaryota_unclassified,Eukaryota_unclassified,Eukaryota_unclassified,Eukaryota_unclassified
asv1017,Eukaryota,Eukaryota_unclassified,Eukaryota_unclassified,Eukaryota_unclassified,Eukaryota_unclassified,Eukaryota_unclassified,Eukaryota_unclassified,Eukaryota_unclassified
asv1020,Eukaryota,Eukaryota_unclassified,Eukaryota_unclassified,Eukaryota_unclassified,Eukaryota_unclassified,Eukaryota_unclassified,Eukaryota_unclassified,Eukaryota_unclassified
asv1021,Eukaryota,Eukaryota_unclassified,Eukaryota_unclassified,Eukaryota_unclassified,Eukaryota_unclassified,Eukaryota_unclassified,Eukaryota_unclassified,Eukaryota_unclassified
asv1023,Eukaryota,Eukaryota_unclassified,Eukaryota_unclassified,Eukaryota_unclassified,Eukaryota_unclassified,Eukaryota_unclassified,Eukaryota_unclassified,Eukaryota_unclassified
asv1028,Eukaryota,Eukaryota_unclassified,Eukaryota_unclassified,Eukaryota_unclassified,Eukaryota_unclassified,Eukaryota_unclassified,Eukaryota_unclassified,Eukaryota_unclassified
asv1034,Eukaryota,Eukaryota_unclassified,Eukaryota_unclassified,Eukaryota_unclassified,Eukaryota_unclassified,Eukaryota_unclassified,Eukaryota_unclassified,Eukaryota_unclassified
asv1037,Eukaryota,Eukaryota_unclassified,Eukaryota_unclassified,Eukaryota_unclassified,Eukaryota_unclassified,Eukaryota_unclassified,Eukaryota_unclassified,Eukaryota_unclassified
asv1038,Eukaryota,Eukaryota_unclassified,Eukaryota_unclassified,Eukaryota_unclassified,Eukaryota_unclassified,Eukaryota_unclassified,Eukaryota_unclassified,Eukaryota_unclassified
asv1051,Eukaryota,Eukaryota_unclassified,Eukaryota_unclassified,Eukaryota_unclassified,Eukaryota_unclassified,Eukaryota_unclassified,Eukaryota_unclassified,Eukaryota_unclassified
asv1062,Eukaryota,Eukaryota_unclassified,Eukaryota_unclassified,Eukaryota_unclassified,Eukaryota_unclassified,Eukaryota_unclassified,Eukaryota_unclassified,Eukaryota_unclassified
asv1069,Eukaryota,Eukaryota_unclassified,Eukaryota_unclassified,Eukaryota_unclassified,Eukaryota_unclassified,Eukaryota_unclassified,Eukaryota_unclassified,Eukaryota_unclassified
asv1079,Eukaryota,Eukaryota_unclassified,Eukaryota_unclassified,Eukaryota_unclassified,Eukaryota_unclassified,Eukaryota_unclassified,Eukaryota_unclassified,Eukaryota_unclassified
asv1101,Eukaryota,Eukaryota_unclassified,Eukaryota_unclassified,Eukaryota_unclassified,Eukaryota_unclassified,Eukaryota_unclassified,Eukaryota_unclassified,Eukaryota_unclassified
asv1102,Eukaryota,Eukaryota_unclassified,Eukaryota_unclassified,Eukaryota_unclassified,Eukaryota_unclassified,Eukaryota_unclassified,Eukaryota_unclassified,Eukaryota_unclassified
asv1103,Eukaryota,Eukaryota_unclassified,Eukaryota_unclassified,Eukaryota_unclassified,Eukaryota_unclassified,Eukaryota_unclassified,Eukaryota_unclassified,Eukaryota_unclassified
asv1104,Eukaryota,Eukaryota_unclassified,Eukaryota_unclassified,Eukaryota_unclassified,Eukaryota_unclassified,Eukaryota_unclassified,Eukaryota_unclassified,Eukaryota_unclassified
asv1105,Eukaryota,Eukaryota_unclassified,Eukaryota_unclassified,Eukaryota_unclassified,Eukaryota_unclassified,Eukaryota_unclassified,Eukaryota_unclassified,Eukaryota_unclassified
asv1106,Eukaryota,Eukaryota_unclassified,Eukaryota_unclassified,Eukaryota_unclassified,Eukaryota_unclassified,Eukaryota_unclassified,Eukaryota_unclassified,Eukaryota_unclassified
asv1114,Eukaryota,Eukaryota_unclassified,Eukaryota_unclassified,Eukaryota_unclassified,Eukaryota_unclassified,Eukaryota_unclassified,Eukaryota_unclassified,Eukaryota_unclassified
asv1129,Eukaryota,Eukaryota_unclassified,Eukaryota_unclassified,Eukaryota_unclassified,Eukaryota_unclassified,Eukaryota_unclassified,Eukaryota_unclassified,Eukaryota_unclassified
asv1136,Eukaryota,Eukaryota_unclassified,Eukaryota_unclassified,Eukaryota_unclassified,Eukaryota_unclassified,Eukaryota_unclassified,Eukaryota_unclassified,Eukaryota_unclassified
asv1137,Eukaryota,Eukaryota_unclassified,Eukaryota_unclassified,Eukaryota_unclassified,Eukaryota_unclassified,Eukaryota_unclassified,Eukaryota_unclassified,Eukaryota_unclassified
asv1146,Eukaryota,Eukaryota_unclassified,Eukaryota_unclassified,Eukaryota_unclassified,Eukaryota_unclassified,Eukaryota_unclassified,Eukaryota_unclassified,Eukaryota_unclassified
asv1148,Eukaryota,Eukaryota_unclassified,Eukaryota_unclassified,Eukaryota_unclassified,Eukaryota_unclassified,Eukaryota_unclassified,Eukaryota_unclassified,Eukaryota_unclassified
asv1155,Eukaryota,Eukaryota_unclassified,Eukaryota_unclassified,Eukaryota_unclassified,Eukaryota_unclassified,Eukaryota_unclassified,Eukaryota_unclassified,Eukaryota_unclassified
asv1165,Eukaryota,Eukaryota_unclassified,Eukaryota_unclassified,Eukaryota_unclassified,Eukaryota_unclassified,Eukaryota_unclassified,Eukaryota_unclassified,Eukaryota_unclassified
asv1169,Eukaryota,Eukaryota_unclassified,Eukaryota_unclassified,Eukaryota_unclassified,Eukaryota_unclassified,Eukaryota_unclassified,Eukaryota_unclassified,Eukaryota_unclassified
asv1170,Eukaryota,Eukaryota_unclassified,Eukaryota_unclassified,Eukaryota_unclassified,Eukaryota_unclassified,Eukaryota_unclassified,Eukaryota_unclassified,Eukaryota_unclassified
asv1177,Eukaryota,Eukaryota_unclassified,Eukaryota_unclassified,Eukaryota_unclassified,Eukaryota_unclassified,Eukaryota_unclassified,Eukaryota_unclassified,Eukaryota_unclassified
asv1185,Eukaryota,Eukaryota_unclassified,Eukaryota_unclassified,Eukaryota_unclassified,Eukaryota_unclassified,Eukaryota_unclassified,Eukaryota_unclassified,Eukaryota_unclassified
asv1190,Eukaryota,Eukaryota_unclassified,Eukaryota_unclassified,Eukaryota_unclassified,Eukaryota_unclassified,Eukaryota_unclassified,Eukaryota_unclassified,Eukaryota_unclassified
asv1204,Eukaryota,Eukaryota_unclassified,Eukaryota_unclassified,Eukaryota_unclassified,Eukaryota_unclassified,Eukaryota_unclassified,Eukaryota_unclassified,Eukaryota_unclassified
asv1207,Eukaryota,Eukaryota_unclassified,Eukaryota_unclassified,Eukaryota_unclassified,Eukaryota_unclassified,Eukaryota_unclassified,Eukaryota_unclassified,Eukaryota_unclassified
asv1227,Eukaryota,Eukaryota_unclassified,Eukaryota_unclassified,Eukaryota_unclassified,Eukaryota_unclassified,Eukaryota_unclassified,Eukaryota_unclassified,Eukaryota_unclassified
asv1239,Eukaryota,Eukaryota_unclassified,Eukaryota_unclassified,Eukaryota_unclassified,Eukaryota_unclassified,Eukaryota_unclassified,Eukaryota_unclassified,Eukaryota_unclassified
asv1240,Eukaryota,Eukaryota_unclassified,Eukaryota_unclassified,Eukaryota_unclassified,Eukaryota_unclassified,Eukaryota_unclassified,Eukaryota_unclassified,Eukaryota_unclassified
asv1247,Eukaryota,Eukaryota_unclassified,Eukaryota_unclassified,Eukaryota_unclassified,Eukaryota_unclassified,Eukaryota_unclassified,Eukaryota_unclassified,Eukaryota_unclassified
asv1251,Eukaryota,Eukaryota_unclassified,Eukaryota_unclassified,Eukaryota_unclassified,Eukaryota_unclassified,Eukaryota_unclassified,Eukaryota_unclassified,Eukaryota_unclassified
asv1253,Eukaryota,Eukaryota_unclassified,Eukaryota_unclassified,Eukaryota_unclassified,Eukaryota_unclassified,Eukaryota_unclassified,Eukaryota_unclassified,Eukaryota_unclassified
asv1254,Eukaryota,Eukaryota_unclassified,Eukaryota_unclassified,Eukaryota_unclassified,Eukaryota_unclassified,Eukaryota_unclassified,Eukaryota_unclassified,Eukaryota_unclassified
asv1255,Eukaryota,Eukaryota_unclassified,Eukaryota_unclassified,Eukaryota_unclassified,Eukaryota_unclassified,Eukaryota_unclassified,Eukaryota_unclassified,Eukaryota_unclassified
asv1258,Eukaryota,Eukaryota_unclassified,Eukaryota_unclassified,Eukaryota_unclassified,Eukaryota_unclassified,Eukaryota_unclassified,Eukaryota_unclassified,Eukaryota_unclassified
asv1262,Eukaryota,Eukaryota_unclassified,Eukaryota_unclassified,Eukaryota_unclassified,Eukaryota_unclassified,Eukaryota_unclassified,Eukaryota_unclassified,Eukaryota_unclassified
asv1264,Eukaryota,Eukaryota_unclassified,Eukaryota_unclassified,Eukaryota_unclassified,Eukaryota_unclassified,Eukaryota_unclassified,Eukaryota_unclassified,Eukaryota_unclassified
asv1271,Eukaryota,Eukaryota_unclassified,Eukaryota_unclassified,Eukaryota_unclassified,Eukaryota_unclassified,Eukaryota_unclassified,Eukaryota_unclassified,Eukaryota_unclassified
asv1280,Eukaryota,Eukaryota_unclassified,Eukaryota_unclassified,Eukaryota_unclassified,Eukaryota_unclassified,Eukaryota_unclassified,Eukaryota_unclassified,Eukaryota_unclassified
asv1281,Eukaryota,Eukaryota_unclassified,Eukaryota_unclassified,Eukaryota_unclassified,Eukaryota_unclassified,Eukaryota_unclassified,Eukaryota_unclassified,Eukaryota_unclassified
asv1283,Eukaryota,Eukaryota_unclassified,Eukaryota_unclassified,Eukaryota_unclassified,Eukaryota_unclassified,Eukaryota_unclassified,Eukaryota_unclassified,Eukaryota_unclassified
asv1291,Eukaryota,Eukaryota_unclassified,Eukaryota_unclassified,Eukaryota_unclassified,Eukaryota_unclassified,Eukaryota_unclassified,Eukaryota_unclassified,Eukaryota_unclassified
asv1304,Eukaryota,Eukaryota_unclassified,Eukaryota_unclassified,Eukaryota_unclassified,Eukaryota_unclassified,Eukaryota_unclassified,Eukaryota_unclassified,Eukaryota_unclassified
asv1305,Eukaryota,Eukaryota_unclassified,Eukaryota_unclassified,Eukaryota_unclassified,Eukaryota_unclassified,Eukaryota_unclassified,Eukaryota_unclassified,Eukaryota_unclassified
asv1312,Eukaryota,Eukaryota_unclassified,Eukaryota_unclassified,Eukaryota_unclassified,Eukaryota_unclassified,Eukaryota_unclassified,Eukaryota_unclassified,Eukaryota_unclassified
asv1323,Eukaryota,Eukaryota_unclassified,Eukaryota_unclassified,Eukaryota_unclassified,Eukaryota_unclassified,Eukaryota_unclassified,Eukaryota_unclassified,Eukaryota_unclassified
asv1325,Eukaryota,Eukaryota_unclassified,Eukaryota_unclassified,Eukaryota_unclassified,Eukaryota_unclassified,Eukaryota_unclassified,Eukaryota_unclassified,Eukaryota_unclassified
asv1332,Eukaryota,Eukaryota_unclassified,Eukaryota_unclassified,Eukaryota_unclassified,Eukaryota_unclassified,Eukaryota_unclassified,Eukaryota_unclassified,Eukaryota_unclassified
asv1335,Eukaryota,Eukaryota_unclassified,Eukaryota_unclassified,Eukaryota_unclassified,Eukaryota_unclassified,Eukaryota_unclassified,Eukaryota_unclassified,Eukaryota_unclassified
asv1348,Eukaryota,Eukaryota_unclassified,Eukaryota_unclassified,Eukaryota_unclassified,Eukaryota_unclassified,Eukaryota_unclassified,Eukaryota_unclassified,Eukaryota_unclassified
asv1355,Eukaryota,Eukaryota_unclassified,Eukaryota_unclassified,Eukaryota_unclassified,Eukaryota_unclassified,Eukaryota_unclassified,Eukaryota_unclassified,Eukaryota_unclassified
asv1357,Eukaryota,Eukaryota_unclassified,Eukaryota_unclassified,Eukaryota_unclassified,Eukaryota_unclassified,Eukaryota_unclassified,Eukaryota_unclassified,Eukaryota_unclassified
asv1369,Eukaryota,Eukaryota_unclassified,Eukaryota_unclassified,Eukaryota_unclassified,Eukaryota_unclassified,Eukaryota_unclassified,Eukaryota_unclassified,Eukaryota_unclassified
asv1371,Eukaryota,Eukaryota_unclassified,Eukaryota_unclassified,Eukaryota_unclassified,Eukaryota_unclassified,Eukaryota_unclassified,Eukaryota_unclassified,Eukaryota_unclassified
asv1389,Eukaryota,Eukaryota_unclassified,Eukaryota_unclassified,Eukaryota_unclassified,Eukaryota_unclassified,Eukaryota_unclassified,Eukaryota_unclassified,Eukaryota_unclassified
asv1394,Eukaryota,Eukaryota_unclassified,Eukaryota_unclassified,Eukaryota_unclassified,Eukaryota_unclassified,Eukaryota_unclassified,Eukaryota_unclassified,Eukaryota_unclassified
asv1402,Eukaryota,Eukaryota_unclassified,Eukaryota_unclassified,Eukaryota_unclassified,Eukaryota_unclassified,Eukaryota_unclassified,Eukaryota_unclassified,Eukaryota_unclassified
asv1414,Eukaryota,Eukaryota_unclassified,Eukaryota_unclassified,Eukaryota_unclassified,Eukaryota_unclassified,Eukaryota_unclassified,Eukaryota_unclassified,Eukaryota_unclassified
asv1417,Eukaryota,Eukaryota_unclassified,Eukaryota_unclassified,Eukaryota_unclassified,Eukaryota_unclassified,Eukaryota_unclassified,Eukaryota_unclassified,Eukaryota_unclassified
asv1423,Eukaryota,Eukaryota_unclassified,Eukaryota_unclassified,Eukaryota_unclassified,Eukaryota_unclassified,Eukaryota_unclassified,Eukaryota_unclassified,Eukaryota_unclassified
asv1436,Eukaryota,Eukaryota_unclassified,Eukaryota_unclassified,Eukaryota_unclassified,Eukaryota_unclassified,Eukaryota_unclassified,Eukaryota_unclassified,Eukaryota_unclassified
asv1437,Eukaryota,Eukaryota_unclassified,Eukaryota_unclassified,Eukaryota_unclassified,Eukaryota_unclassified,Eukaryota_unclassified,Eukaryota_unclassified,Eukaryota_unclassified
asv1440,Eukaryota,Eukaryota_unclassified,Eukaryota_unclassified,Eukaryota_unclassified,Eukaryota_unclassified,Eukaryota_unclassified,Eukaryota_unclassified,Eukaryota_unclassified
asv1454,Eukaryota,Eukaryota_unclassified,Eukaryota_unclassified,Eukaryota_unclassified,Eukaryota_unclassified,Eukaryota_unclassified,Eukaryota_unclassified,Eukaryota_unclassified
asv1462,Eukaryota,Eukaryota_unclassified,Eukaryota_unclassified,Eukaryota_unclassified,Eukaryota_unclassified,Eukaryota_unclassified,Eukaryota_unclassified,Eukaryota_unclassified
asv1463,Eukaryota,Eukaryota_unclassified,Eukaryota_unclassified,Eukaryota_unclassified,Eukaryota_unclassified,Eukaryota_unclassified,Eukaryota_unclassified,Eukaryota_unclassified
asv1472,Eukaryota,Eukaryota_unclassified,Eukaryota_unclassified,Eukaryota_unclassified,Eukaryota_unclassified,Eukaryota_unclassified,Eukaryota_unclassified,Eukaryota_unclassified
asv1491,Eukaryota,Eukaryota_unclassified,Eukaryota_unclassified,Eukaryota_unclassified,Eukaryota_unclassified,Eukaryota_unclassified,Eukaryota_unclassified,Eukaryota_unclassified
asv1493,Eukaryota,Eukaryota_unclassified,Eukaryota_unclassified,Eukaryota_unclassified,Eukaryota_unclassified,Eukaryota_unclassified,Eukaryota_unclassified,Eukaryota_unclassified
asv1497,Eukaryota,Eukaryota_unclassified,Eukaryota_unclassified,Eukaryota_unclassified,Eukaryota_unclassified,Eukaryota_unclassified,Eukaryota_unclassified,Eukaryota_unclassified
asv1508,Eukaryota,Eukaryota_unclassified,Eukaryota_unclassified,Eukaryota_unclassified,Eukaryota_unclassified,Eukaryota_unclassified,Eukaryota_unclassified,Eukaryota_unclassified
asv1512,Eukaryota,Eukaryota_unclassified,Eukaryota_unclassified,Eukaryota_unclassified,Eukaryota_unclassified,Eukaryota_unclassified,Eukaryota_unclassified,Eukaryota_unclassified
asv1514,Eukaryota,Eukaryota_unclassified,Eukaryota_unclassified,Eukaryota_unclassified,Eukaryota_unclassified,Eukaryota_unclassified,Eukaryota_unclassified,Eukaryota_unclassified
asv1520,Eukaryota,Eukaryota_unclassified,Eukaryota_unclassified,Eukaryota_unclassified,Eukaryota_unclassified,Eukaryota_unclassified,Eukaryota_unclassified,Eukaryota_unclassified
asv1529,Eukaryota,Eukaryota_unclassified,Eukaryota_unclassified,Eukaryota_unclassified,Eukaryota_unclassified,Eukaryota_unclassified,Eukaryota_unclassified,Eukaryota_unclassified
asv1530,Eukaryota,Eukaryota_unclassified,Eukaryota_unclassified,Eukaryota_unclassified,Eukaryota_unclassified,Eukaryota_unclassified,Eukaryota_unclassified,Eukaryota_unclassified
asv1533,Eukaryota,Eukaryota_unclassified,Eukaryota_unclassified,Eukaryota_unclassified,Eukaryota_unclassified,Eukaryota_unclassified,Eukaryota_unclassified,Eukaryota_unclassified
asv1537,Eukaryota,Eukaryota_unclassified,Eukaryota_unclassified,Eukaryota_unclassified,Eukaryota_unclassified,Eukaryota_unclassified,Eukaryota_unclassified,Eukaryota_unclassified
asv1540,Eukaryota,Eukaryota_unclassified,Eukaryota_unclassified,Eukaryota_unclassified,Eukaryota_unclassified,Eukaryota_unclassified,Eukaryota_unclassified,Eukaryota_unclassified
asv1541,Eukaryota,Eukaryota_unclassified,Eukaryota_unclassified,Eukaryota_unclassified,Eukaryota_unclassified,Eukaryota_unclassified,Eukaryota_unclassified,Eukaryota_unclassified
asv1542,Eukaryota,Eukaryota_unclassified,Eukaryota_unclassified,Eukaryota_unclassified,Eukaryota_unclassified,Eukaryota_unclassified,Eukaryota_unclassified,Eukaryota_unclassified
asv1545,Eukaryota,Eukaryota_unclassified,Eukaryota_unclassified,Eukaryota_unclassified,Eukaryota_unclassified,Eukaryota_unclassified,Eukaryota_unclassified,Eukaryota_unclassified
asv1550,Eukaryota,Eukaryota_unclassified,Eukaryota_unclassified,Eukaryota_unclassified,Eukaryota_unclassified,Eukaryota_unclassified,Eukaryota_unclassified,Eukaryota_unclassified
asv1558,Eukaryota,Eukaryota_unclassified,Eukaryota_unclassified,Eukaryota_unclassified,Eukaryota_unclassified,Eukaryota_unclassified,Eukaryota_unclassified,Eukaryota_unclassified
asv1559,Eukaryota,Eukaryota_unclassified,Eukaryota_unclassified,Eukaryota_unclassified,Eukaryota_unclassified,Eukaryota_unclassified,Eukaryota_unclassified,Eukaryota_unclassified
asv1560,Eukaryota,Eukaryota_unclassified,Eukaryota_unclassified,Eukaryota_unclassified,Eukaryota_unclassified,Eukaryota_unclassified,Eukaryota_unclassified,Eukaryota_unclassified
asv1567,Eukaryota,Eukaryota_unclassified,Eukaryota_unclassified,Eukaryota_unclassified,Eukaryota_unclassified,Eukaryota_unclassified,Eukaryota_unclassified,Eukaryota_unclassified
asv1571,Eukaryota,Eukaryota_unclassified,Eukaryota_unclassified,Eukaryota_unclassified,Eukaryota_unclassified,Eukaryota_unclassified,Eukaryota_unclassified,Eukaryota_unclassified
asv1573,Eukaryota,Eukaryota_unclassified,Eukaryota_unclassified,Eukaryota_unclassified,Eukaryota_unclassified,Eukaryota_unclassified,Eukaryota_unclassified,Eukaryota_unclassified
asv1574,Eukaryota,Eukaryota_unclassified,Eukaryota_unclassified,Eukaryota_unclassified,Eukaryota_unclassified,Eukaryota_unclassified,Eukaryota_unclassified,Eukaryota_unclassified
asv1579,Eukaryota,Eukaryota_unclassified,Eukaryota_unclassified,Eukaryota_unclassified,Eukaryota_unclassified,Eukaryota_unclassified,Eukaryota_unclassified,Eukaryota_unclassified
asv1580,Eukaryota,Eukaryota_unclassified,Eukaryota_unclassified,Eukaryota_unclassified,Eukaryota_unclassified,Eukaryota_unclassified,Eukaryota_unclassified,Eukaryota_unclassified
asv1582,Eukaryota,Eukaryota_unclassified,Eukaryota_unclassified,Eukaryota_unclassified,Eukaryota_unclassified,Eukaryota_unclassified,Eukaryota_unclassified,Eukaryota_unclassified
asv1583,Eukaryota,Eukaryota_unclassified,Eukaryota_unclassified,Eukaryota_unclassified,Eukaryota_unclassified,Eukaryota_unclassified,Eukaryota_unclassified,Eukaryota_unclassified
asv1585,Eukaryota,Eukaryota_unclassified,Eukaryota_unclassified,Eukaryota_unclassified,Eukaryota_unclassified,Eukaryota_unclassified,Eukaryota_unclassified,Eukaryota_unclassified
asv1599,Eukaryota,Eukaryota_unclassified,Eukaryota_unclassified,Eukaryota_unclassified,Eukaryota_unclassified,Eukaryota_unclassified,Eukaryota_unclassified,Eukaryota_unclassified
asv1600,Eukaryota,Eukaryota_unclassified,Eukaryota_unclassified,Eukaryota_unclassified,Eukaryota_unclassified,Eukaryota_unclassified,Eukaryota_unclassified,Eukaryota_unclassified
asv1640,Eukaryota,Eukaryota_unclassified,Eukaryota_unclassified,Eukaryota_unclassified,Eukaryota_unclassified,Eukaryota_unclassified,Eukaryota_unclassified,Eukaryota_unclassified
asv1642,Eukaryota,Eukaryota_unclassified,Eukaryota_unclassified,Eukaryota_unclassified,Eukaryota_unclassified,Eukaryota_unclassified,Eukaryota_unclassified,Eukaryota_unclassified
asv1649,Eukaryota,Eukaryota_unclassified,Eukaryota_unclassified,Eukaryota_unclassified,Eukaryota_unclassified,Eukaryota_unclassified,Eukaryota_unclassified,Eukaryota_unclassified
asv1656,Eukaryota,Eukaryota_unclassified,Eukaryota_unclassified,Eukaryota_unclassified,Eukaryota_unclassified,Eukaryota_unclassified,Eukaryota_unclassified,Eukaryota_unclassified
asv1660,Eukaryota,Eukaryota_unclassified,Eukaryota_unclassified,Eukaryota_unclassified,Eukaryota_unclassified,Eukaryota_unclassified,Eukaryota_unclassified,Eukaryota_unclassified
asv1661,Eukaryota,Eukaryota_unclassified,Eukaryota_unclassified,Eukaryota_unclassified,Eukaryota_unclassified,Eukaryota_unclassified,Eukaryota_unclassified,Eukaryota_unclassified
asv1662,Eukaryota,Eukaryota_unclassified,Eukaryota_unclassified,Eukaryota_unclassified,Eukaryota_unclassified,Eukaryota_unclassified,Eukaryota_unclassified,Eukaryota_unclassified
asv1665,Eukaryota,Eukaryota_unclassified,Eukaryota_unclassified,Eukaryota_unclassified,Eukaryota_unclassified,Eukaryota_unclassified,Eukaryota_unclassified,Eukaryota_unclassified
asv1666,Eukaryota,Eukaryota_unclassified,Eukaryota_unclassified,Eukaryota_unclassified,Eukaryota_unclassified,Eukaryota_unclassified,Eukaryota_unclassified,Eukaryota_unclassified
asv1675,Eukaryota,Eukaryota_unclassified,Eukaryota_unclassified,Eukaryota_unclassified,Eukaryota_unclassified,Eukaryota_unclassified,Eukaryota_unclassified,Eukaryota_unclassified
asv1676,Eukaryota,Eukaryota_unclassified,Eukaryota_unclassified,Eukaryota_unclassified,Eukaryota_unclassified,Eukaryota_unclassified,Eukaryota_unclassified,Eukaryota_unclassified
asv1689,Eukaryota,Eukaryota_unclassified,Eukaryota_unclassified,Eukaryota_unclassified,Eukaryota_unclassified,Eukaryota_unclassified,Eukaryota_unclassified,Eukaryota_unclassified
asv1690,Eukaryota,Eukaryota_unclassified,Eukaryota_unclassified,Eukaryota_unclassified,Eukaryota_unclassified,Eukaryota_unclassified,Eukaryota_unclassified,Eukaryota_unclassified
asv1692,Eukaryota,Eukaryota_unclassified,Eukaryota_unclassified,Eukaryota_unclassified,Eukaryota_unclassified,Eukaryota_unclassified,Eukaryota_unclassified,Eukaryota_unclassified
asv1699,Eukaryota,Eukaryota_unclassified,Eukaryota_unclassified,Eukaryota_unclassified,Eukaryota_unclassified,Eukaryota_unclassified,Eukaryota_unclassified,Eukaryota_unclassified
asv1705,Eukaryota,Eukaryota_unclassified,Eukaryota_unclassified,Eukaryota_unclassified,Eukaryota_unclassified,Eukaryota_unclassified,Eukaryota_unclassified,Eukaryota_unclassified
asv1708,Eukaryota,Eukaryota_unclassified,Eukaryota_unclassified,Eukaryota_unclassified,Eukaryota_unclassified,Eukaryota_unclassified,Eukaryota_unclassified,Eukaryota_unclassified
asv1713,Eukaryota,Eukaryota_unclassified,Eukaryota_unclassified,Eukaryota_unclassified,Eukaryota_unclassified,Eukaryota_unclassified,Eukaryota_unclassified,Eukaryota_unclassified
asv1715,Eukaryota,Eukaryota_unclassified,Eukaryota_unclassified,Eukaryota_unclassified,Eukaryota_unclassified,Eukaryota_unclassified,Eukaryota_unclassified,Eukaryota_unclassified
asv1722,Eukaryota,Eukaryota_unclassified,Eukaryota_unclassified,Eukaryota_unclassified,Eukaryota_unclassified,Eukaryota_unclassified,Eukaryota_unclassified,Eukaryota_unclassified
asv1725,Eukaryota,Eukaryota_unclassified,Eukaryota_unclassified,Eukaryota_unclassified,Eukaryota_unclassified,Eukaryota_unclassified,Eukaryota_unclassified,Eukaryota_unclassified
asv1727,Eukaryota,Eukaryota_unclassified,Eukaryota_unclassified,Eukaryota_unclassified,Eukaryota_unclassified,Eukaryota_unclassified,Eukaryota_unclassified,Eukaryota_unclassified
asv1729,Eukaryota,Eukaryota_unclassified,Eukaryota_unclassified,Eukaryota_unclassified,Eukaryota_unclassified,Eukaryota_unclassified,Eukaryota_unclassified,Eukaryota_unclassified
asv1730,Eukaryota,Eukaryota_unclassified,Eukaryota_unclassified,Eukaryota_unclassified,Eukaryota_unclassified,Eukaryota_unclassified,Eukaryota_unclassified,Eukaryota_unclassified
asv1736,Eukaryota,Eukaryota_unclassified,Eukaryota_unclassified,Eukaryota_unclassified,Eukaryota_unclassified,Eukaryota_unclassified,Eukaryota_unclassified,Eukaryota_unclassified
asv1743,Eukaryota,Eukaryota_unclassified,Eukaryota_unclassified,Eukaryota_unclassified,Eukaryota_unclassified,Eukaryota_unclassified,Eukaryota_unclassified,Eukaryota_unclassified
asv1745,Eukaryota,Eukaryota_unclassified,Eukaryota_unclassified,Eukaryota_unclassified,Eukaryota_unclassified,Eukaryota_unclassified,Eukaryota_unclassified,Eukaryota_unclassified
asv1747,Eukaryota,Eukaryota_unclassified,Eukaryota_unclassified,Eukaryota_unclassified,Eukaryota_unclassified,Eukaryota_unclassified,Eukaryota_unclassified,Eukaryota_unclassified
asv1748,Eukaryota,Eukaryota_unclassified,Eukaryota_unclassified,Eukaryota_unclassified,Eukaryota_unclassified,Eukaryota_unclassified,Eukaryota_unclassified,Eukaryota_unclassified
asv1766,Eukaryota,Eukaryota_unclassified,Eukaryota_unclassified,Eukaryota_unclassified,Eukaryota_unclassified,Eukaryota_unclassified,Eukaryota_unclassified,Eukaryota_unclassified
asv1774,Eukaryota,Eukaryota_unclassified,Eukaryota_unclassified,Eukaryota_unclassified,Eukaryota_unclassified,Eukaryota_unclassified,Eukaryota_unclassified,Eukaryota_unclassified
asv1780,Eukaryota,Eukaryota_unclassified,Eukaryota_unclassified,Eukaryota_unclassified,Eukaryota_unclassified,Eukaryota_unclassified,Eukaryota_unclassified,Eukaryota_unclassified
asv1781,Eukaryota,Eukaryota_unclassified,Eukaryota_unclassified,Eukaryota_unclassified,Eukaryota_unclassified,Eukaryota_unclassified,Eukaryota_unclassified,Eukaryota_unclassified
asv1782,Eukaryota,Eukaryota_unclassified,Eukaryota_unclassified,Eukaryota_unclassified,Eukaryota_unclassified,Eukaryota_unclassified,Eukaryota_unclassified,Eukaryota_unclassified
asv1786,Eukaryota,Eukaryota_unclassified,Eukaryota_unclassified,Eukaryota_unclassified,Eukaryota_unclassified,Eukaryota_unclassified,Eukaryota_unclassified,Eukaryota_unclassified
asv1790,Eukaryota,Eukaryota_unclassified,Eukaryota_unclassified,Eukaryota_unclassified,Eukaryota_unclassified,Eukaryota_unclassified,Eukaryota_unclassified,Eukaryota_unclassified
asv1791,Eukaryota,Eukaryota_unclassified,Eukaryota_unclassified,Eukaryota_unclassified,Eukaryota_unclassified,Eukaryota_unclassified,Eukaryota_unclassified,Eukaryota_unclassified
asv1800,Eukaryota,Eukaryota_unclassified,Eukaryota_unclassified,Eukaryota_unclassified,Eukaryota_unclassified,Eukaryota_unclassified,Eukaryota_unclassified,Eukaryota_unclassified
asv1802,Eukaryota,Eukaryota_unclassified,Eukaryota_unclassified,Eukaryota_unclassified,Eukaryota_unclassified,Eukaryota_unclassified,Eukaryota_unclassified,Eukaryota_unclassified
asv1803,Eukaryota,Eukaryota_unclassified,Eukaryota_unclassified,Eukaryota_unclassified,Eukaryota_unclassified,Eukaryota_unclassified,Eukaryota_unclassified,Eukaryota_unclassified
asv1804,Eukaryota,Eukaryota_unclassified,Eukaryota_unclassified,Eukaryota_unclassified,Eukaryota_unclassified,Eukaryota_unclassified,Eukaryota_unclassified,Eukaryota_unclassified
asv1810,Eukaryota,Eukaryota_unclassified,Eukaryota_unclassified,Eukaryota_unclassified,Eukaryota_unclassified,Eukaryota_unclassified,Eukaryota_unclassified,Eukaryota_unclassified
asv1814,Eukaryota,Eukaryota_unclassified,Eukaryota_unclassified,Eukaryota_unclassified,Eukaryota_unclassified,Eukaryota_unclassified,Eukaryota_unclassified,Eukaryota_unclassified
asv1816,Eukaryota,Eukaryota_unclassified,Eukaryota_unclassified,Eukaryota_unclassified,Eukaryota_unclassified,Eukaryota_unclassified,Eukaryota_unclassified,Eukaryota_unclassified
asv1837,Eukaryota,Eukaryota_unclassified,Eukaryota_unclassified,Eukaryota_unclassified,Eukaryota_unclassified,Eukaryota_unclassified,Eukaryota_unclassified,Eukaryota_unclassified
asv1840,Eukaryota,Eukaryota_unclassified,Eukaryota_unclassified,Eukaryota_unclassified,Eukaryota_unclassified,Eukaryota_unclassified,Eukaryota_unclassified,Eukaryota_unclassified
asv1845,Eukaryota,Eukaryota_unclassified,Eukaryota_unclassified,Eukaryota_unclassified,Eukaryota_unclassified,Eukaryota_unclassified,Eukaryota_unclassified,Eukaryota_unclassified
asv1846,Eukaryota,Eukaryota_unclassified,Eukaryota_unclassified,Eukaryota_unclassified,Eukaryota_unclassified,Eukaryota_unclassified,Eukaryota_unclassified,Eukaryota_unclassified
asv1847,Eukaryota,Eukaryota_unclassified,Eukaryota_unclassified,Eukaryota_unclassified,Eukaryota_unclassified,Eukaryota_unclassified,Eukaryota_unclassified,Eukaryota_unclassified
asv1849,Eukaryota,Eukaryota_unclassified,Eukaryota_unclassified,Eukaryota_unclassified,Eukaryota_unclassified,Eukaryota_unclassified,Eukaryota_unclassified,Eukaryota_unclassified
asv1850,Eukaryota,Eukaryota_unclassified,Eukaryota_unclassified,Eukaryota_unclassified,Eukaryota_unclassified,Eukaryota_unclassified,Eukaryota_unclassified,Eukaryota_unclassified
asv1871,Eukaryota,Eukaryota_unclassified,Eukaryota_unclassified,Eukaryota_unclassified,Eukaryota_unclassified,Eukaryota_unclassified,Eukaryota_unclassified,Eukaryota_unclassified
asv1880,Eukaryota,Eukaryota_unclassified,Eukaryota_unclassified,Eukaryota_unclassified,Eukaryota_unclassified,Eukaryota_unclassified,Eukaryota_unclassified,Eukaryota_unclassified
asv1884,Eukaryota,Eukaryota_unclassified,Eukaryota_unclassified,Eukaryota_unclassified,Eukaryota_unclassified,Eukaryota_unclassified,Eukaryota_unclassified,Eukaryota_unclassified
asv1890,Eukaryota,Eukaryota_unclassified,Eukaryota_unclassified,Eukaryota_unclassified,Eukaryota_unclassified,Eukaryota_unclassified,Eukaryota_unclassified,Eukaryota_unclassified
asv1892,Eukaryota,Eukaryota_unclassified,Eukaryota_unclassified,Eukaryota_unclassified,Eukaryota_unclassified,Eukaryota_unclassified,Eukaryota_unclassified,Eukaryota_unclassified
asv1899,Eukaryota,Eukaryota_unclassified,Eukaryota_unclassified,Eukaryota_unclassified,Eukaryota_unclassified,Eukaryota_unclassified,Eukaryota_unclassified,Eukaryota_unclassified
asv1914,Eukaryota,Eukaryota_unclassified,Eukaryota_unclassified,Eukaryota_unclassified,Eukaryota_unclassified,Eukaryota_unclassified,Eukaryota_unclassified,Eukaryota_unclassified
asv1918,Eukaryota,Eukaryota_unclassified,Eukaryota_unclassified,Eukaryota_unclassified,Eukaryota_unclassified,Eukaryota_unclassified,Eukaryota_unclassified,Eukaryota_unclassified
asv1924,Eukaryota,Eukaryota_unclassified,Eukaryota_unclassified,Eukaryota_unclassified,Eukaryota_unclassified,Eukaryota_unclassified,Eukaryota_unclassified,Eukaryota_unclassified
asv1928,Eukaryota,Eukaryota_unclassified,Eukaryota_unclassified,Eukaryota_unclassified,Eukaryota_unclassified,Eukaryota_unclassified,Eukaryota_unclassified,Eukaryota_unclassified
asv1932,Eukaryota,Eukaryota_unclassified,Eukaryota_unclassified,Eukaryota_unclassified,Eukaryota_unclassified,Eukaryota_unclassified,Eukaryota_unclassified,Eukaryota_unclassified
asv1941,Eukaryota,Eukaryota_unclassified,Eukaryota_unclassified,Eukaryota_unclassified,Eukaryota_unclassified,Eukaryota_unclassified,Eukaryota_unclassified,Eukaryota_unclassified
asv1946,Eukaryota,Eukaryota_unclassified,Eukaryota_unclassified,Eukaryota_unclassified,Eukaryota_unclassified,Eukaryota_unclassified,Eukaryota_unclassified,Eukaryota_unclassified
asv1955,Eukaryota,Eukaryota_unclassified,Eukaryota_unclassified,Eukaryota_unclassified,Eukaryota_unclassified,Eukaryota_unclassified,Eukaryota_unclassified,Eukaryota_unclassified
asv1957,Eukaryota,Eukaryota_unclassified,Eukaryota_unclassified,Eukaryota_unclassified,Eukaryota_unclassified,Eukaryota_unclassified,Eukaryota_unclassified,Eukaryota_unclassified
asv1961,Eukaryota,Eukaryota_unclassified,Eukaryota_unclassified,Eukaryota_unclassified,Eukaryota_unclassified,Eukaryota_unclassified,Eukaryota_unclassified,Eukaryota_unclassified
asv1965,Eukaryota,Eukaryota_unclassified,Eukaryota_unclassified,Eukaryota_unclassified,Eukaryota_unclassified,Eukaryota_unclassified,Eukaryota_unclassified,Eukaryota_unclassified
asv1972,Eukaryota,Eukaryota_unclassified,Eukaryota_unclassified,Eukaryota_unclassified,Eukaryota_unclassified,Eukaryota_unclassified,Eukaryota_unclassified,Eukaryota_unclassified
asv1974,Eukaryota,Eukaryota_unclassified,Eukaryota_unclassified,Eukaryota_unclassified,Eukaryota_unclassified,Eukaryota_unclassified,Eukaryota_unclassified,Eukaryota_unclassified
asv1975,Eukaryota,Eukaryota_unclassified,Eukaryota_unclassified,Eukaryota_unclassified,Eukaryota_unclassified,Eukaryota_unclassified,Eukaryota_unclassified,Eukaryota_unclassified
asv1983,Eukaryota,Eukaryota_unclassified,Eukaryota_unclassified,Eukaryota_unclassified,Eukaryota_unclassified,Eukaryota_unclassified,Eukaryota_unclassified,Eukaryota_unclassified
asv1985,Eukaryota,Eukaryota_unclassified,Eukaryota_unclassified,Eukaryota_unclassified,Eukaryota_unclassified,Eukaryota_unclassified,Eukaryota_unclassified,Eukaryota_unclassified
asv1992,Eukaryota,Eukaryota_unclassified,Eukaryota_unclassified,Eukaryota_unclassified,Eukaryota_unclassified,Eukaryota_unclassified,Eukaryota_unclassified,Eukaryota_unclassified
asv1995,Eukaryota,Eukaryota_unclassified,Eukaryota_unclassified,Eukaryota_unclassified,Eukaryota_unclassified,Eukaryota_unclassified,Eukaryota_unclassified,Eukaryota_unclassified
asv2009,Eukaryota,Eukaryota_unclassified,Eukaryota_unclassified,Eukaryota_unclassified,Eukaryota_unclassified,Eukaryota_unclassified,Eukaryota_unclassified,Eukaryota_unclassified
asv2011,Eukaryota,Eukaryota_unclassified,Eukaryota_unclassified,Eukaryota_unclassified,Eukaryota_unclassified,Eukaryota_unclassified,Eukaryota_unclassified,Eukaryota_unclassified
asv2013,Eukaryota,Eukaryota_unclassified,Eukaryota_unclassified,Eukaryota_unclassified,Eukaryota_unclassified,Eukaryota_unclassified,Eukaryota_unclassified,Eukaryota_unclassified
asv2016,Eukaryota,Eukaryota_unclassified,Eukaryota_unclassified,Eukaryota_unclassified,Eukaryota_unclassified,Eukaryota_unclassified,Eukaryota_unclassified,Eukaryota_unclassified
asv2017,Eukaryota,Eukaryota_unclassified,Eukaryota_unclassified,Eukaryota_unclassified,Eukaryota_unclassified,Eukaryota_unclassified,Eukaryota_unclassified,Eukaryota_unclassified
asv2020,Eukaryota,Eukaryota_unclassified,Eukaryota_unclassified,Eukaryota_unclassified,Eukaryota_unclassified,Eukaryota_unclassified,Eukaryota_unclassified,Eukaryota_unclassified
asv2023,Eukaryota,Eukaryota_unclassified,Eukaryota_unclassified,Eukaryota_unclassified,Eukaryota_unclassified,Eukaryota_unclassified,Eukaryota_unclassified,Eukaryota_unclassified
asv2024,Eukaryota,Eukaryota_unclassified,Eukaryota_unclassified,Eukaryota_unclassified,Eukaryota_unclassified,Eukaryota_unclassified,Eukaryota_unclassified,Eukaryota_unclassified
asv2031,Eukaryota,Eukaryota_unclassified,Eukaryota_unclassified,Eukaryota_unclassified,Eukaryota_unclassified,Eukaryota_unclassified,Eukaryota_unclassified,Eukaryota_unclassified
asv2039,Eukaryota,Eukaryota_unclassified,Eukaryota_unclassified,Eukaryota_unclassified,Eukaryota_unclassified,Eukaryota_unclassified,Eukaryota_unclassified,Eukaryota_unclassified
asv2043,Eukaryota,Eukaryota_unclassified,Eukaryota_unclassified,Eukaryota_unclassified,Eukaryota_unclassified,Eukaryota_unclassified,Eukaryota_unclassified,Eukaryota_unclassified
asv2045,Eukaryota,Eukaryota_unclassified,Eukaryota_unclassified,Eukaryota_unclassified,Eukaryota_unclassified,Eukaryota_unclassified,Eukaryota_unclassified,Eukaryota_unclassified
asv2046,Eukaryota,Eukaryota_unclassified,Eukaryota_unclassified,Eukaryota_unclassified,Eukaryota_unclassified,Eukaryota_unclassified,Eukaryota_unclassified,Eukaryota_unclassified
asv2056,Eukaryota,Eukaryota_unclassified,Eukaryota_unclassified,Eukaryota_unclassified,Eukaryota_unclassified,Eukaryota_unclassified,Eukaryota_unclassified,Eukaryota_unclassified
asv2058,Eukaryota,Eukaryota_unclassified,Eukaryota_unclassified,Eukaryota_unclassified,Eukaryota_unclassified,Eukaryota_unclassified,Eukaryota_unclassified,Eukaryota_unclassified
asv2063,Eukaryota,Eukaryota_unclassified,Eukaryota_unclassified,Eukaryota_unclassified,Eukaryota_unclassified,Eukaryota_unclassified,Eukaryota_unclassified,Eukaryota_unclassified
asv2065,Eukaryota,Eukaryota_unclassified,Eukaryota_unclassified,Eukaryota_unclassified,Eukaryota_unclassified,Eukaryota_unclassified,Eukaryota_unclassified,Eukaryota_unclassified
asv2067,Eukaryota,Eukaryota_unclassified,Eukaryota_unclassified,Eukaryota_unclassified,Eukaryota_unclassified,Eukaryota_unclassified,Eukaryota_unclassified,Eukaryota_unclassified
asv2069,Eukaryota,Eukaryota_unclassified,Eukaryota_unclassified,Eukaryota_unclassified,Eukaryota_unclassified,Eukaryota_unclassified,Eukaryota_unclassified,Eukaryota_unclassified
asv2075,Eukaryota,Eukaryota_unclassified,Eukaryota_unclassified,Eukaryota_unclassified,Eukaryota_unclassified,Eukaryota_unclassified,Eukaryota_unclassified,Eukaryota_unclassified
asv2101,Eukaryota,Eukaryota_unclassified,Eukaryota_unclassified,Eukaryota_unclassified,Eukaryota_unclassified,Eukaryota_unclassified,Eukaryota_unclassified,Eukaryota_unclassified
asv2108,Eukaryota,Eukaryota_unclassified,Eukaryota_unclassified,Eukaryota_unclassified,Eukaryota_unclassified,Eukaryota_unclassified,Eukaryota_unclassified,Eukaryota_unclassified
asv2113,Eukaryota,Eukaryota_unclassified,Eukaryota_unclassified,Eukaryota_unclassified,Eukaryota_unclassified,Eukaryota_unclassified,Eukaryota_unclassified,Eukaryota_unclassified
asv2115,Eukaryota,Eukaryota_unclassified,Eukaryota_unclassified,Eukaryota_unclassified,Eukaryota_unclassified,Eukaryota_unclassified,Eukaryota_unclassified,Eukaryota_unclassified
asv2117,Eukaryota,Eukaryota_unclassified,Eukaryota_unclassified,Eukaryota_unclassified,Eukaryota_unclassified,Eukaryota_unclassified,Eukaryota_unclassified,Eukaryota_unclassified
asv2119,Eukaryota,Eukaryota_unclassified,Eukaryota_unclassified,Eukaryota_unclassified,Eukaryota_unclassified,Eukaryota_unclassified,Eukaryota_unclassified,Eukaryota_unclassified
asv2129,Eukaryota,Eukaryota_unclassified,Eukaryota_unclassified,Eukaryota_unclassified,Eukaryota_unclassified,Eukaryota_unclassified,Eukaryota_unclassified,Eukaryota_unclassified
asv2132,Eukaryota,Eukaryota_unclassified,Eukaryota_unclassified,Eukaryota_unclassified,Eukaryota_unclassified,Eukaryota_unclassified,Eukaryota_unclassified,Eukaryota_unclassified
asv2136,Eukaryota,Eukaryota_unclassified,Eukaryota_unclassified,Eukaryota_unclassified,Eukaryota_unclassified,Eukaryota_unclassified,Eukaryota_unclassified,Eukaryota_unclassified
asv2143,Eukaryota,Eukaryota_unclassified,Eukaryota_unclassified,Eukaryota_unclassified,Eukaryota_unclassified,Eukaryota_unclassified,Eukaryota_unclassified,Eukaryota_unclassified
asv2152,Eukaryota,Eukaryota_unclassified,Eukaryota_unclassified,Eukaryota_unclassified,Eukaryota_unclassified,Eukaryota_unclassified,Eukaryota_unclassified,Eukaryota_unclassified
asv2160,Eukaryota,Eukaryota_unclassified,Eukaryota_unclassified,Eukaryota_unclassified,Eukaryota_unclassified,Eukaryota_unclassified,Eukaryota_unclassified,Eukaryota_unclassified
asv2163,Eukaryota,Eukaryota_unclassified,Eukaryota_unclassified,Eukaryota_unclassified,Eukaryota_unclassified,Eukaryota_unclassified,Eukaryota_unclassified,Eukaryota_unclassified
asv2178,Eukaryota,Eukaryota_unclassified,Eukaryota_unclassified,Eukaryota_unclassified,Eukaryota_unclassified,Eukaryota_unclassified,Eukaryota_unclassified,Eukaryota_unclassified
asv2186,Eukaryota,Eukaryota_unclassified,Eukaryota_unclassified,Eukaryota_unclassified,Eukaryota_unclassified,Eukaryota_unclassified,Eukaryota_unclassified,Eukaryota_unclassified
asv2187,Eukaryota,Eukaryota_unclassified,Eukaryota_unclassified,Eukaryota_unclassified,Eukaryota_unclassified,Eukaryota_unclassified,Eukaryota_unclassified,Eukaryota_unclassified
asv2196,Eukaryota,Eukaryota_unclassified,Eukaryota_unclassified,Eukaryota_unclassified,Eukaryota_unclassified,Eukaryota_unclassified,Eukaryota_unclassified,Eukaryota_unclassified
asv2200,Eukaryota,Eukaryota_unclassified,Eukaryota_unclassified,Eukaryota_unclassified,Eukaryota_unclassified,Eukaryota_unclassified,Eukaryota_unclassified,Eukaryota_unclassified
asv2203,Eukaryota,Eukaryota_unclassified,Eukaryota_unclassified,Eukaryota_unclassified,Eukaryota_unclassified,Eukaryota_unclassified,Eukaryota_unclassified,Eukaryota_unclassified
asv2206,Eukaryota,Eukaryota_unclassified,Eukaryota_unclassified,Eukaryota_unclassified,Eukaryota_unclassified,Eukaryota_unclassified,Eukaryota_unclassified,Eukaryota_unclassified
asv2208,Eukaryota,Eukaryota_unclassified,Eukaryota_unclassified,Eukaryota_unclassified,Eukaryota_unclassified,Eukaryota_unclassified,Eukaryota_unclassified,Eukaryota_unclassified
asv2210,Eukaryota,Eukaryota_unclassified,Eukaryota_unclassified,Eukaryota_unclassified,Eukaryota_unclassified,Eukaryota_unclassified,Eukaryota_unclassified,Eukaryota_unclassified
asv2211,Eukaryota,Eukaryota_unclassified,Eukaryota_unclassified,Eukaryota_unclassified,Eukaryota_unclassified,Eukaryota_unclassified,Eukaryota_unclassified,Eukaryota_unclassified
asv2212,Eukaryota,Eukaryota_unclassified,Eukaryota_unclassified,Eukaryota_unclassified,Eukaryota_unclassified,Eukaryota_unclassified,Eukaryota_unclassified,Eukaryota_unclassified
asv2213,Eukaryota,Eukaryota_unclassified,Eukaryota_unclassified,Eukaryota_unclassified,Eukaryota_unclassified,Eukaryota_unclassified,Eukaryota_unclassified,Eukaryota_unclassified
asv2222,Eukaryota,Eukaryota_unclassified,Eukaryota_unclassified,Eukaryota_unclassified,Eukaryota_unclassified,Eukaryota_unclassified,Eukaryota_unclassified,Eukaryota_unclassified
asv2223,Eukaryota,Eukaryota_unclassified,Eukaryota_unclassified,Eukaryota_unclassified,Eukaryota_unclassified,Eukaryota_unclassified,Eukaryota_unclassified,Eukaryota_unclassified
asv2235,Eukaryota,Eukaryota_unclassified,Eukaryota_unclassified,Eukaryota_unclassified,Eukaryota_unclassified,Eukaryota_unclassified,Eukaryota_unclassified,Eukaryota_unclassified
asv2236,Eukaryota,Eukaryota_unclassified,Eukaryota_unclassified,Eukaryota_unclassified,Eukaryota_unclassified,Eukaryota_unclassified,Eukaryota_unclassified,Eukaryota_unclassified
asv2239,Eukaryota,Eukaryota_unclassified,Eukaryota_unclassified,Eukaryota_unclassified,Eukaryota_unclassified,Eukaryota_unclassified,Eukaryota_unclassified,Eukaryota_unclassified
asv2243,Eukaryota,Eukaryota_unclassified,Eukaryota_unclassified,Eukaryota_unclassified,Eukaryota_unclassified,Eukaryota_unclassified,Eukaryota_unclassified,Eukaryota_unclassified
asv2247,Eukaryota,Eukaryota_unclassified,Eukaryota_unclassified,Eukaryota_unclassified,Eukaryota_unclassified,Eukaryota_unclassified,Eukaryota_unclassified,Eukaryota_unclassified
asv2248,Eukaryota,Eukaryota_unclassified,Eukaryota_unclassified,Eukaryota_unclassified,Eukaryota_unclassified,Eukaryota_unclassified,Eukaryota_unclassified,Eukaryota_unclassified
asv2265,Eukaryota,Eukaryota_unclassified,Eukaryota_unclassified,Eukaryota_unclassified,Eukaryota_unclassified,Eukaryota_unclassified,Eukaryota_unclassified,Eukaryota_unclassified
asv2267,Eukaryota,Eukaryota_unclassified,Eukaryota_unclassified,Eukaryota_unclassified,Eukaryota_unclassified,Eukaryota_unclassified,Eukaryota_unclassified,Eukaryota_unclassified
asv2268,Eukaryota,Eukaryota_unclassified,Eukaryota_unclassified,Eukaryota_unclassified,Eukaryota_unclassified,Eukaryota_unclassified,Eukaryota_unclassified,Eukaryota_unclassified
asv2275,Eukaryota,Eukaryota_unclassified,Eukaryota_unclassified,Eukaryota_unclassified,Eukaryota_unclassified,Eukaryota_unclassified,Eukaryota_unclassified,Eukaryota_unclassified
asv2280,Eukaryota,Eukaryota_unclassified,Eukaryota_unclassified,Eukaryota_unclassified,Eukaryota_unclassified,Eukaryota_unclassified,Eukaryota_unclassified,Eukaryota_unclassified
asv2291,Eukaryota,Eukaryota_unclassified,Eukaryota_unclassified,Eukaryota_unclassified,Eukaryota_unclassified,Eukaryota_unclassified,Eukaryota_unclassified,Eukaryota_unclassified
asv2294,Eukaryota,Eukaryota_unclassified,Eukaryota_unclassified,Eukaryota_unclassified,Eukaryota_unclassified,Eukaryota_unclassified,Eukaryota_unclassified,Eukaryota_unclassified
asv2304,Eukaryota,Eukaryota_unclassified,Eukaryota_unclassified,Eukaryota_unclassified,Eukaryota_unclassified,Eukaryota_unclassified,Eukaryota_unclassified,Eukaryota_unclassified
asv2308,Eukaryota,Eukaryota_unclassified,Eukaryota_unclassified,Eukaryota_unclassified,Eukaryota_unclassified,Eukaryota_unclassified,Eukaryota_unclassified,Eukaryota_unclassified
asv2310,Eukaryota,Eukaryota_unclassified,Eukaryota_unclassified,Eukaryota_unclassified,Eukaryota_unclassified,Eukaryota_unclassified,Eukaryota_unclassified,Eukaryota_unclassified
asv2313,Eukaryota,Eukaryota_unclassified,Eukaryota_unclassified,Eukaryota_unclassified,Eukaryota_unclassified,Eukaryota_unclassified,Eukaryota_unclassified,Eukaryota_unclassified
asv2324,Eukaryota,Eukaryota_unclassified,Eukaryota_unclassified,Eukaryota_unclassified,Eukaryota_unclassified,Eukaryota_unclassified,Eukaryota_unclassified,Eukaryota_unclassified
asv2325,Eukaryota,Eukaryota_unclassified,Eukaryota_unclassified,Eukaryota_unclassified,Eukaryota_unclassified,Eukaryota_unclassified,Eukaryota_unclassified,Eukaryota_unclassified
asv2326,Eukaryota,Eukaryota_unclassified,Eukaryota_unclassified,Eukaryota_unclassified,Eukaryota_unclassified,Eukaryota_unclassified,Eukaryota_unclassified,Eukaryota_unclassified
asv2332,Eukaryota,Eukaryota_unclassified,Eukaryota_unclassified,Eukaryota_unclassified,Eukaryota_unclassified,Eukaryota_unclassified,Eukaryota_unclassified,Eukaryota_unclassified
asv2339,Eukaryota,Eukaryota_unclassified,Eukaryota_unclassified,Eukaryota_unclassified,Eukaryota_unclassified,Eukaryota_unclassified,Eukaryota_unclassified,Eukaryota_unclassified
asv2354,Eukaryota,Eukaryota_unclassified,Eukaryota_unclassified,Eukaryota_unclassified,Eukaryota_unclassified,Eukaryota_unclassified,Eukaryota_unclassified,Eukaryota_unclassified
asv2370,Eukaryota,Eukaryota_unclassified,Eukaryota_unclassified,Eukaryota_unclassified,Eukaryota_unclassified,Eukaryota_unclassified,Eukaryota_unclassified,Eukaryota_unclassified
asv2373,Eukaryota,Eukaryota_unclassified,Eukaryota_unclassified,Eukaryota_unclassified,Eukaryota_unclassified,Eukaryota_unclassified,Eukaryota_unclassified,Eukaryota_unclassified
asv2381,Eukaryota,Eukaryota_unclassified,Eukaryota_unclassified,Eukaryota_unclassified,Eukaryota_unclassified,Eukaryota_unclassified,Eukaryota_unclassified,Eukaryota_unclassified
asv2382,Eukaryota,Eukaryota_unclassified,Eukaryota_unclassified,Eukaryota_unclassified,Eukaryota_unclassified,Eukaryota_unclassified,Eukaryota_unclassified,Eukaryota_unclassified
asv2390,Eukaryota,Eukaryota_unclassified,Eukaryota_unclassified,Eukaryota_unclassified,Eukaryota_unclassified,Eukaryota_unclassified,Eukaryota_unclassified,Eukaryota_unclassified
asv2395,Eukaryota,Eukaryota_unclassified,Eukaryota_unclassified,Eukaryota_unclassified,Eukaryota_unclassified,Eukaryota_unclassified,Eukaryota_unclassified,Eukaryota_unclassified
asv2398,Eukaryota,Eukaryota_unclassified,Eukaryota_unclassified,Eukaryota_unclassified,Eukaryota_unclassified,Eukaryota_unclassified,Eukaryota_unclassified,Eukaryota_unclassified
asv2407,Eukaryota,Eukaryota_unclassified,Eukaryota_unclassified,Eukaryota_unclassified,Eukaryota_unclassified,Eukaryota_unclassified,Eukaryota_unclassified,Eukaryota_unclassified
asv2409,Eukaryota,Eukaryota_unclassified,Eukaryota_unclassified,Eukaryota_unclassified,Eukaryota_unclassified,Eukaryota_unclassified,Eukaryota_unclassified,Eukaryota_unclassified
asv2414,Eukaryota,Eukaryota_unclassified,Eukaryota_unclassified,Eukaryota_unclassified,Eukaryota_unclassified,Eukaryota_unclassified,Eukaryota_unclassified,Eukaryota_unclassified
asv2417,Eukaryota,Eukaryota_unclassified,Eukaryota_unclassified,Eukaryota_unclassified,Eukaryota_unclassified,Eukaryota_unclassified,Eukaryota_unclassified,Eukaryota_unclassified
asv2434,Eukaryota,Eukaryota_unclassified,Eukaryota_unclassified,Eukaryota_unclassified,Eukaryota_unclassified,Eukaryota_unclassified,Eukaryota_unclassified,Eukaryota_unclassified
asv2444,Eukaryota,Eukaryota_unclassified,Eukaryota_unclassified,Eukaryota_unclassified,Eukaryota_unclassified,Eukaryota_unclassified,Eukaryota_unclassified,Eukaryota_unclassified
asv2451,Eukaryota,Eukaryota_unclassified,Eukaryota_unclassified,Eukaryota_unclassified,Eukaryota_unclassified,Eukaryota_unclassified,Eukaryota_unclassified,Eukaryota_unclassified
asv2452,Eukaryota,Eukaryota_unclassified,Eukaryota_unclassified,Eukaryota_unclassified,Eukaryota_unclassified,Eukaryota_unclassified,Eukaryota_unclassified,Eukaryota_unclassified
asv2459,Eukaryota,Eukaryota_unclassified,Eukaryota_unclassified,Eukaryota_unclassified,Eukaryota_unclassified,Eukaryota_unclassified,Eukaryota_unclassified,Eukaryota_unclassified
asv2468,Eukaryota,Eukaryota_unclassified,Eukaryota_unclassified,Eukaryota_unclassified,Eukaryota_unclassified,Eukaryota_unclassified,Eukaryota_unclassified,Eukaryota_unclassified
asv2470,Eukaryota,Eukaryota_unclassified,Eukaryota_unclassified,Eukaryota_unclassified,Eukaryota_unclassified,Eukaryota_unclassified,Eukaryota_unclassified,Eukaryota_unclassified
asv2476,Eukaryota,Eukaryota_unclassified,Eukaryota_unclassified,Eukaryota_unclassified,Eukaryota_unclassified,Eukaryota_unclassified,Eukaryota_unclassified,Eukaryota_unclassified
asv2477,Eukaryota,Eukaryota_unclassified,Eukaryota_unclassified,Eukaryota_unclassified,Eukaryota_unclassified,Eukaryota_unclassified,Eukaryota_unclassified,Eukaryota_unclassified
asv2480,Eukaryota,Eukaryota_unclassified,Eukaryota_unclassified,Eukaryota_unclassified,Eukaryota_unclassified,Eukaryota_unclassified,Eukaryota_unclassified,Eukaryota_unclassified
asv2486,Eukaryota,Eukaryota_unclassified,Eukaryota_unclassified,Eukaryota_unclassified,Eukaryota_unclassified,Eukaryota_unclassified,Eukaryota_unclassified,Eukaryota_unclassified
asv2492,Eukaryota,Eukaryota_unclassified,Eukaryota_unclassified,Eukaryota_unclassified,Eukaryota_unclassified,Eukaryota_unclassified,Eukaryota_unclassified,Eukaryota_unclassified
asv2507,Eukaryota,Eukaryota_unclassified,Eukaryota_unclassified,Eukaryota_unclassified,Eukaryota_unclassified,Eukaryota_unclassified,Eukaryota_unclassified,Eukaryota_unclassified
asv2509,Eukaryota,Eukaryota_unclassified,Eukaryota_unclassified,Eukaryota_unclassified,Eukaryota_unclassified,Eukaryota_unclassified,Eukaryota_unclassified,Eukaryota_unclassified
asv2511,Eukaryota,Eukaryota_unclassified,Eukaryota_unclassified,Eukaryota_unclassified,Eukaryota_unclassified,Eukaryota_unclassified,Eukaryota_unclassified,Eukaryota_unclassified
asv2512,Eukaryota,Eukaryota_unclassified,Eukaryota_unclassified,Eukaryota_unclassified,Eukaryota_unclassified,Eukaryota_unclassified,Eukaryota_unclassified,Eukaryota_unclassified
asv2515,Eukaryota,Eukaryota_unclassified,Eukaryota_unclassified,Eukaryota_unclassified,Eukaryota_unclassified,Eukaryota_unclassified,Eukaryota_unclassified,Eukaryota_unclassified
asv2517,Eukaryota,Eukaryota_unclassified,Eukaryota_unclassified,Eukaryota_unclassified,Eukaryota_unclassified,Eukaryota_unclassified,Eukaryota_unclassified,Eukaryota_unclassified
asv2518,Eukaryota,Eukaryota_unclassified,Eukaryota_unclassified,Eukaryota_unclassified,Eukaryota_unclassified,Eukaryota_unclassified,Eukaryota_unclassified,Eukaryota_unclassified
asv2527,Eukaryota,Eukaryota_unclassified,Eukaryota_unclassified,Eukaryota_unclassified,Eukaryota_unclassified,Eukaryota_unclassified,Eukaryota_unclassified,Eukaryota_unclassified
asv2530,Eukaryota,Eukaryota_unclassified,Eukaryota_unclassified,Eukaryota_unclassified,Eukaryota_unclassified,Eukaryota_unclassified,Eukaryota_unclassified,Eukaryota_unclassified
asv2531,Eukaryota,Eukaryota_unclassified,Eukaryota_unclassified,Eukaryota_unclassified,Eukaryota_unclassified,Eukaryota_unclassified,Eukaryota_unclassified,Eukaryota_unclassified
asv2532,Eukaryota,Eukaryota_unclassified,Eukaryota_unclassified,Eukaryota_unclassified,Eukaryota_unclassified,Eukaryota_unclassified,Eukaryota_unclassified,Eukaryota_unclassified
asv2535,Eukaryota,Eukaryota_unclassified,Eukaryota_unclassified,Eukaryota_unclassified,Eukaryota_unclassified,Eukaryota_unclassified,Eukaryota_unclassified,Eukaryota_unclassified
asv2545,Eukaryota,Eukaryota_unclassified,Eukaryota_unclassified,Eukaryota_unclassified,Eukaryota_unclassified,Eukaryota_unclassified,Eukaryota_unclassified,Eukaryota_unclassified
asv2547,Eukaryota,Eukaryota_unclassified,Eukaryota_unclassified,Eukaryota_unclassified,Eukaryota_unclassified,Eukaryota_unclassified,Eukaryota_unclassified,Eukaryota_unclassified
asv2553,Eukaryota,Eukaryota_unclassified,Eukaryota_unclassified,Eukaryota_unclassified,Eukaryota_unclassified,Eukaryota_unclassified,Eukaryota_unclassified,Eukaryota_unclassified
asv2555,Eukaryota,Eukaryota_unclassified,Eukaryota_unclassified,Eukaryota_unclassified,Eukaryota_unclassified,Eukaryota_unclassified,Eukaryota_unclassified,Eukaryota_unclassified
asv2557,Eukaryota,Eukaryota_unclassified,Eukaryota_unclassified,Eukaryota_unclassified,Eukaryota_unclassified,Eukaryota_unclassified,Eukaryota_unclassified,Eukaryota_unclassified
asv2562,Eukaryota,Eukaryota_unclassified,Eukaryota_unclassified,Eukaryota_unclassified,Eukaryota_unclassified,Eukaryota_unclassified,Eukaryota_unclassified,Eukaryota_unclassified
asv2566,Eukaryota,Eukaryota_unclassified,Eukaryota_unclassified,Eukaryota_unclassified,Eukaryota_unclassified,Eukaryota_unclassified,Eukaryota_unclassified,Eukaryota_unclassified
asv2574,Eukaryota,Eukaryota_unclassified,Eukaryota_unclassified,Eukaryota_unclassified,Eukaryota_unclassified,Eukaryota_unclassified,Eukaryota_unclassified,Eukaryota_unclassified
asv2576,Eukaryota,Eukaryota_unclassified,Eukaryota_unclassified,Eukaryota_unclassified,Eukaryota_unclassified,Eukaryota_unclassified,Eukaryota_unclassified,Eukaryota_unclassified
asv2604,Eukaryota,Eukaryota_unclassified,Eukaryota_unclassified,Eukaryota_unclassified,Eukaryota_unclassified,Eukaryota_unclassified,Eukaryota_unclassified,Eukaryota_unclassified
asv2606,Eukaryota,Eukaryota_unclassified,Eukaryota_unclassified,Eukaryota_unclassified,Eukaryota_unclassified,Eukaryota_unclassified,Eukaryota_unclassified,Eukaryota_unclassified
asv2616,Eukaryota,Eukaryota_unclassified,Eukaryota_unclassified,Eukaryota_unclassified,Eukaryota_unclassified,Eukaryota_unclassified,Eukaryota_unclassified,Eukaryota_unclassified
asv2617,Eukaryota,Eukaryota_unclassified,Eukaryota_unclassified,Eukaryota_unclassified,Eukaryota_unclassified,Eukaryota_unclassified,Eukaryota_unclassified,Eukaryota_unclassified
asv2620,Eukaryota,Eukaryota_unclassified,Eukaryota_unclassified,Eukaryota_unclassified,Eukaryota_unclassified,Eukaryota_unclassified,Eukaryota_unclassified,Eukaryota_unclassified
asv2624,Eukaryota,Eukaryota_unclassified,Eukaryota_unclassified,Eukaryota_unclassified,Eukaryota_unclassified,Eukaryota_unclassified,Eukaryota_unclassified,Eukaryota_unclassified
asv2633,Eukaryota,Eukaryota_unclassified,Eukaryota_unclassified,Eukaryota_unclassified,Eukaryota_unclassified,Eukaryota_unclassified,Eukaryota_unclassified,Eukaryota_unclassified
asv2634,Eukaryota,Eukaryota_unclassified,Eukaryota_unclassified,Eukaryota_unclassified,Eukaryota_unclassified,Eukaryota_unclassified,Eukaryota_unclassified,Eukaryota_unclassified
asv2650,Eukaryota,Eukaryota_unclassified,Eukaryota_unclassified,Eukaryota_unclassified,Eukaryota_unclassified,Eukaryota_unclassified,Eukaryota_unclassified,Eukaryota_unclassified
asv2651,Eukaryota,Eukaryota_unclassified,Eukaryota_unclassified,Eukaryota_unclassified,Eukaryota_unclassified,Eukaryota_unclassified,Eukaryota_unclassified,Eukaryota_unclassified
asv2653,Eukaryota,Eukaryota_unclassified,Eukaryota_unclassified,Eukaryota_unclassified,Eukaryota_unclassified,Eukaryota_unclassified,Eukaryota_unclassified,Eukaryota_unclassified
asv2661,Eukaryota,Eukaryota_unclassified,Eukaryota_unclassified,Eukaryota_unclassified,Eukaryota_unclassified,Eukaryota_unclassified,Eukaryota_unclassified,Eukaryota_unclassified
asv2664,Eukaryota,Eukaryota_unclassified,Eukaryota_unclassified,Eukaryota_unclassified,Eukaryota_unclassified,Eukaryota_unclassified,Eukaryota_unclassified,Eukaryota_unclassified
asv2681,Eukaryota,Eukaryota_unclassified,Eukaryota_unclassified,Eukaryota_unclassified,Eukaryota_unclassified,Eukaryota_unclassified,Eukaryota_unclassified,Eukaryota_unclassified
asv2683,Eukaryota,Eukaryota_unclassified,Eukaryota_unclassified,Eukaryota_unclassified,Eukaryota_unclassified,Eukaryota_unclassified,Eukaryota_unclassified,Eukaryota_unclassified
asv2686,Eukaryota,Eukaryota_unclassified,Eukaryota_unclassified,Eukaryota_unclassified,Eukaryota_unclassified,Eukaryota_unclassified,Eukaryota_unclassified,Eukaryota_unclassified
asv2691,Eukaryota,Eukaryota_unclassified,Eukaryota_unclassified,Eukaryota_unclassified,Eukaryota_unclassified,Eukaryota_unclassified,Eukaryota_unclassified,Eukaryota_unclassified
asv2694,Eukaryota,Eukaryota_unclassified,Eukaryota_unclassified,Eukaryota_unclassified,Eukaryota_unclassified,Eukaryota_unclassified,Eukaryota_unclassified,Eukaryota_unclassified
asv2697,Eukaryota,Eukaryota_unclassified,Eukaryota_unclassified,Eukaryota_unclassified,Eukaryota_unclassified,Eukaryota_unclassified,Eukaryota_unclassified,Eukaryota_unclassified
asv2698,Eukaryota,Eukaryota_unclassified,Eukaryota_unclassified,Eukaryota_unclassified,Eukaryota_unclassified,Eukaryota_unclassified,Eukaryota_unclassified,Eukaryota_unclassified
asv2701,Eukaryota,Eukaryota_unclassified,Eukaryota_unclassified,Eukaryota_unclassified,Eukaryota_unclassified,Eukaryota_unclassified,Eukaryota_unclassified,Eukaryota_unclassified
asv2702,Eukaryota,Eukaryota_unclassified,Eukaryota_unclassified,Eukaryota_unclassified,Eukaryota_unclassified,Eukaryota_unclassified,Eukaryota_unclassified,Eukaryota_unclassified
asv2704,Eukaryota,Eukaryota_unclassified,Eukaryota_unclassified,Eukaryota_unclassified,Eukaryota_unclassified,Eukaryota_unclassified,Eukaryota_unclassified,Eukaryota_unclassified
asv2706,Eukaryota,Eukaryota_unclassified,Eukaryota_unclassified,Eukaryota_unclassified,Eukaryota_unclassified,Eukaryota_unclassified,Eukaryota_unclassified,Eukaryota_unclassified
asv2707,Eukaryota,Eukaryota_unclassified,Eukaryota_unclassified,Eukaryota_unclassified,Eukaryota_unclassified,Eukaryota_unclassified,Eukaryota_unclassified,Eukaryota_unclassified
asv2710,Eukaryota,Eukaryota_unclassified,Eukaryota_unclassified,Eukaryota_unclassified,Eukaryota_unclassified,Eukaryota_unclassified,Eukaryota_unclassified,Eukaryota_unclassified
asv2711,Eukaryota,Eukaryota_unclassified,Eukaryota_unclassified,Eukaryota_unclassified,Eukaryota_unclassified,Eukaryota_unclassified,Eukaryota_unclassified,Eukaryota_unclassified
asv2712,Eukaryota,Eukaryota_unclassified,Eukaryota_unclassified,Eukaryota_unclassified,Eukaryota_unclassified,Eukaryota_unclassified,Eukaryota_unclassified,Eukaryota_unclassified
asv2713,Eukaryota,Eukaryota_unclassified,Eukaryota_unclassified,Eukaryota_unclassified,Eukaryota_unclassified,Eukaryota_unclassified,Eukaryota_unclassified,Eukaryota_unclassified
asv2724,Eukaryota,Eukaryota_unclassified,Eukaryota_unclassified,Eukaryota_unclassified,Eukaryota_unclassified,Eukaryota_unclassified,Eukaryota_unclassified,Eukaryota_unclassified
asv2725,Eukaryota,Eukaryota_unclassified,Eukaryota_unclassified,Eukaryota_unclassified,Eukaryota_unclassified,Eukaryota_unclassified,Eukaryota_unclassified,Eukaryota_unclassified
asv2730,Eukaryota,Eukaryota_unclassified,Eukaryota_unclassified,Eukaryota_unclassified,Eukaryota_unclassified,Eukaryota_unclassified,Eukaryota_unclassified,Eukaryota_unclassified
asv2731,Eukaryota,Eukaryota_unclassified,Eukaryota_unclassified,Eukaryota_unclassified,Eukaryota_unclassified,Eukaryota_unclassified,Eukaryota_unclassified,Eukaryota_unclassified
asv2733,Eukaryota,Eukaryota_unclassified,Eukaryota_unclassified,Eukaryota_unclassified,Eukaryota_unclassified,Eukaryota_unclassified,Eukaryota_unclassified,Eukaryota_unclassified
asv2734,Eukaryota,Eukaryota_unclassified,Eukaryota_unclassified,Eukaryota_unclassified,Eukaryota_unclassified,Eukaryota_unclassified,Eukaryota_unclassified,Eukaryota_unclassified
asv2740,Eukaryota,Eukaryota_unclassified,Eukaryota_unclassified,Eukaryota_unclassified,Eukaryota_unclassified,Eukaryota_unclassified,Eukaryota_unclassified,Eukaryota_unclassified
asv2743,Eukaryota,Eukaryota_unclassified,Eukaryota_unclassified,Eukaryota_unclassified,Eukaryota_unclassified,Eukaryota_unclassified,Eukaryota_unclassified,Eukaryota_unclassified
asv2754,Eukaryota,Eukaryota_unclassified,Eukaryota_unclassified,Eukaryota_unclassified,Eukaryota_unclassified,Eukaryota_unclassified,Eukaryota_unclassified,Eukaryota_unclassified
asv2757,Eukaryota,Eukaryota_unclassified,Eukaryota_unclassified,Eukaryota_unclassified,Eukaryota_unclassified,Eukaryota_unclassified,Eukaryota_unclassified,Eukaryota_unclassified
asv2770,Eukaryota,Eukaryota_unclassified,Eukaryota_unclassified,Eukaryota_unclassified,Eukaryota_unclassified,Eukaryota_unclassified,Eukaryota_unclassified,Eukaryota_unclassified
asv2779,Eukaryota,Eukaryota_unclassified,Eukaryota_unclassified,Eukaryota_unclassified,Eukaryota_unclassified,Eukaryota_unclassified,Eukaryota_unclassified,Eukaryota_unclassified
asv2780,Eukaryota,Eukaryota_unclassified,Eukaryota_unclassified,Eukaryota_unclassified,Eukaryota_unclassified,Eukaryota_unclassified,Eukaryota_unclassified,Eukaryota_unclassified
asv2782,Eukaryota,Eukaryota_unclassified,Eukaryota_unclassified,Eukaryota_unclassified,Eukaryota_unclassified,Eukaryota_unclassified,Eukaryota_unclassified,Eukaryota_unclassified
asv2784,Eukaryota,Eukaryota_unclassified,Eukaryota_unclassified,Eukaryota_unclassified,Eukaryota_unclassified,Eukaryota_unclassified,Eukaryota_unclassified,Eukaryota_unclassified
asv2785,Eukaryota,Eukaryota_unclassified,Eukaryota_unclassified,Eukaryota_unclassified,Eukaryota_unclassified,Eukaryota_unclassified,Eukaryota_unclassified,Eukaryota_unclassified
asv2788,Eukaryota,Eukaryota_unclassified,Eukaryota_unclassified,Eukaryota_unclassified,Eukaryota_unclassified,Eukaryota_unclassified,Eukaryota_unclassified,Eukaryota_unclassified
asv2794,Eukaryota,Eukaryota_unclassified,Eukaryota_unclassified,Eukaryota_unclassified,Eukaryota_unclassified,Eukaryota_unclassified,Eukaryota_unclassified,Eukaryota_unclassified
asv2796,Eukaryota,Eukaryota_unclassified,Eukaryota_unclassified,Eukaryota_unclassified,Eukaryota_unclassified,Eukaryota_unclassified,Eukaryota_unclassified,Eukaryota_unclassified
asv2802,Eukaryota,Eukaryota_unclassified,Eukaryota_unclassified,Eukaryota_unclassified,Eukaryota_unclassified,Eukaryota_unclassified,Eukaryota_unclassified,Eukaryota_unclassified
asv2809,Eukaryota,Eukaryota_unclassified,Eukaryota_unclassified,Eukaryota_unclassified,Eukaryota_unclassified,Eukaryota_unclassified,Eukaryota_unclassified,Eukaryota_unclassified
asv2824,Eukaryota,Eukaryota_unclassified,Eukaryota_unclassified,Eukaryota_unclassified,Eukaryota_unclassified,Eukaryota_unclassified,Eukaryota_unclassified,Eukaryota_unclassified
asv2825,Eukaryota,Eukaryota_unclassified,Eukaryota_unclassified,Eukaryota_unclassified,Eukaryota_unclassified,Eukaryota_unclassified,Eukaryota_unclassified,Eukaryota_unclassified
asv2828,Eukaryota,Eukaryota_unclassified,Eukaryota_unclassified,Eukaryota_unclassified,Eukaryota_unclassified,Eukaryota_unclassified,Eukaryota_unclassified,Eukaryota_unclassified
asv2833,Eukaryota,Eukaryota_unclassified,Eukaryota_unclassified,Eukaryota_unclassified,Eukaryota_unclassified,Eukaryota_unclassified,Eukaryota_unclassified,Eukaryota_unclassified
asv2837,Eukaryota,Eukaryota_unclassified,Eukaryota_unclassified,Eukaryota_unclassified,Eukaryota_unclassified,Eukaryota_unclassified,Eukaryota_unclassified,Eukaryota_unclassified
asv2844,Eukaryota,Eukaryota_unclassified,Eukaryota_unclassified,Eukaryota_unclassified,Eukaryota_unclassified,Eukaryota_unclassified,Eukaryota_unclassified,Eukaryota_unclassified
asv2845,Eukaryota,Eukaryota_unclassified,Eukaryota_unclassified,Eukaryota_unclassified,Eukaryota_unclassified,Eukaryota_unclassified,Eukaryota_unclassified,Eukaryota_unclassified
asv2860,Eukaryota,Eukaryota_unclassified,Eukaryota_unclassified,Eukaryota_unclassified,Eukaryota_unclassified,Eukaryota_unclassified,Eukaryota_unclassified,Eukaryota_unclassified
asv2870,Eukaryota,Eukaryota_unclassified,Eukaryota_unclassified,Eukaryota_unclassified,Eukaryota_unclassified,Eukaryota_unclassified,Eukaryota_unclassified,Eukaryota_unclassified
asv2872,Eukaryota,Eukaryota_unclassified,Eukaryota_unclassified,Eukaryota_unclassified,Eukaryota_unclassified,Eukaryota_unclassified,Eukaryota_unclassified,Eukaryota_unclassified
asv2883,Eukaryota,Eukaryota_unclassified,Eukaryota_unclassified,Eukaryota_unclassified,Eukaryota_unclassified,Eukaryota_unclassified,Eukaryota_unclassified,Eukaryota_unclassified
asv2885,Eukaryota,Eukaryota_unclassified,Eukaryota_unclassified,Eukaryota_unclassified,Eukaryota_unclassified,Eukaryota_unclassified,Eukaryota_unclassified,Eukaryota_unclassified
asv2886,Eukaryota,Eukaryota_unclassified,Eukaryota_unclassified,Eukaryota_unclassified,Eukaryota_unclassified,Eukaryota_unclassified,Eukaryota_unclassified,Eukaryota_unclassified
asv2894,Eukaryota,Eukaryota_unclassified,Eukaryota_unclassified,Eukaryota_unclassified,Eukaryota_unclassified,Eukaryota_unclassified,Eukaryota_unclassified,Eukaryota_unclassified
asv2901,Eukaryota,Eukaryota_unclassified,Eukaryota_unclassified,Eukaryota_unclassified,Eukaryota_unclassified,Eukaryota_unclassified,Eukaryota_unclassified,Eukaryota_unclassified
asv2909,Eukaryota,Eukaryota_unclassified,Eukaryota_unclassified,Eukaryota_unclassified,Eukaryota_unclassified,Eukaryota_unclassified,Eukaryota_unclassified,Eukaryota_unclassified
asv2911,Eukaryota,Eukaryota_unclassified,Eukaryota_unclassified,Eukaryota_unclassified,Eukaryota_unclassified,Eukaryota_unclassified,Eukaryota_unclassified,Eukaryota_unclassified
asv2925,Eukaryota,Eukaryota_unclassified,Eukaryota_unclassified,Eukaryota_unclassified,Eukaryota_unclassified,Eukaryota_unclassified,Eukaryota_unclassified,Eukaryota_unclassified
asv2929,Eukaryota,Eukaryota_unclassified,Eukaryota_unclassified,Eukaryota_unclassified,Eukaryota_unclassified,Eukaryota_unclassified,Eukaryota_unclassified,Eukaryota_unclassified
asv2930,Eukaryota,Eukaryota_unclassified,Eukaryota_unclassified,Eukaryota_unclassified,Eukaryota_unclassified,Eukaryota_unclassified,Eukaryota_unclassified,Eukaryota_unclassified
asv2931,Eukaryota,Eukaryota_unclassified,Eukaryota_unclassified,Eukaryota_unclassified,Eukaryota_unclassified,Eukaryota_unclassified,Eukaryota_unclassified,Eukaryota_unclassified
asv2934,Eukaryota,Eukaryota_unclassified,Eukaryota_unclassified,Eukaryota_unclassified,Eukaryota_unclassified,Eukaryota_unclassified,Eukaryota_unclassified,Eukaryota_unclassified
asv2935,Eukaryota,Eukaryota_unclassified,Eukaryota_unclassified,Eukaryota_unclassified,Eukaryota_unclassified,Eukaryota_unclassified,Eukaryota_unclassified,Eukaryota_unclassified
asv2945,Eukaryota,Eukaryota_unclassified,Eukaryota_unclassified,Eukaryota_unclassified,Eukaryota_unclassified,Eukaryota_unclassified,Eukaryota_unclassified,Eukaryota_unclassified
asv2948,Eukaryota,Eukaryota_unclassified,Eukaryota_unclassified,Eukaryota_unclassified,Eukaryota_unclassified,Eukaryota_unclassified,Eukaryota_unclassified,Eukaryota_unclassified
asv2954,Eukaryota,Eukaryota_unclassified,Eukaryota_unclassified,Eukaryota_unclassified,Eukaryota_unclassified,Eukaryota_unclassified,Eukaryota_unclassified,Eukaryota_unclassified
asv2955,Eukaryota,Eukaryota_unclassified,Eukaryota_unclassified,Eukaryota_unclassified,Eukaryota_unclassified,Eukaryota_unclassified,Eukaryota_unclassified,Eukaryota_unclassified
asv2956,Eukaryota,Eukaryota_unclassified,Eukaryota_unclassified,Eukaryota_unclassified,Eukaryota_unclassified,Eukaryota_unclassified,Eukaryota_unclassified,Eukaryota_unclassified
asv2968,Eukaryota,Eukaryota_unclassified,Eukaryota_unclassified,Eukaryota_unclassified,Eukaryota_unclassified,Eukaryota_unclassified,Eukaryota_unclassified,Eukaryota_unclassified
asv2969,Eukaryota,Eukaryota_unclassified,Eukaryota_unclassified,Eukaryota_unclassified,Eukaryota_unclassified,Eukaryota_unclassified,Eukaryota_unclassified,Eukaryota_unclassified
asv2979,Eukaryota,Eukaryota_unclassified,Eukaryota_unclassified,Eukaryota_unclassified,Eukaryota_unclassified,Eukaryota_unclassified,Eukaryota_unclassified,Eukaryota_unclassified
asv2989,Eukaryota,Eukaryota_unclassified,Eukaryota_unclassified,Eukaryota_unclassified,Eukaryota_unclassified,Eukaryota_unclassified,Eukaryota_unclassified,Eukaryota_unclassified
asv2990,Eukaryota,Eukaryota_unclassified,Eukaryota_unclassified,Eukaryota_unclassified,Eukaryota_unclassified,Eukaryota_unclassified,Eukaryota_unclassified,Eukaryota_unclassified
asv3007,Eukaryota,Eukaryota_unclassified,Eukaryota_unclassified,Eukaryota_unclassified,Eukaryota_unclassified,Eukaryota_unclassified,Eukaryota_unclassified,Eukaryota_unclassified
asv3008,Eukaryota,Eukaryota_unclassified,Eukaryota_unclassified,Eukaryota_unclassified,Eukaryota_unclassified,Eukaryota_unclassified,Eukaryota_unclassified,Eukaryota_unclassified
asv3010,Eukaryota,Eukaryota_unclassified,Eukaryota_unclassified,Eukaryota_unclassified,Eukaryota_unclassified,Eukaryota_unclassified,Eukaryota_unclassified,Eukaryota_unclassified
asv3011,Eukaryota,Eukaryota_unclassified,Eukaryota_unclassified,Eukaryota_unclassified,Eukaryota_unclassified,Eukaryota_unclassified,Eukaryota_unclassified,Eukaryota_unclassified
asv3013,Eukaryota,Eukaryota_unclassified,Eukaryota_unclassified,Eukaryota_unclassified,Eukaryota_unclassified,Eukaryota_unclassified,Eukaryota_unclassified,Eukaryota_unclassified
asv3014,Eukaryota,Eukaryota_unclassified,Eukaryota_unclassified,Eukaryota_unclassified,Eukaryota_unclassified,Eukaryota_unclassified,Eukaryota_unclassified,Eukaryota_unclassified
asv3021,Eukaryota,Eukaryota_unclassified,Eukaryota_unclassified,Eukaryota_unclassified,Eukaryota_unclassified,Eukaryota_unclassified,Eukaryota_unclassified,Eukaryota_unclassified
asv3023,Eukaryota,Eukaryota_unclassified,Eukaryota_unclassified,Eukaryota_unclassified,Eukaryota_unclassified,Eukaryota_unclassified,Eukaryota_unclassified,Eukaryota_unclassified
asv3024,Eukaryota,Eukaryota_unclassified,Eukaryota_unclassified,Eukaryota_unclassified,Eukaryota_unclassified,Eukaryota_unclassified,Eukaryota_unclassified,Eukaryota_unclassified
asv3040,Eukaryota,Eukaryota_unclassified,Eukaryota_unclassified,Eukaryota_unclassified,Eukaryota_unclassified,Eukaryota_unclassified,Eukaryota_unclassified,Eukaryota_unclassified
asv3043,Eukaryota,Eukaryota_unclassified,Eukaryota_unclassified,Eukaryota_unclassified,Eukaryota_unclassified,Eukaryota_unclassified,Eukaryota_unclassified,Eukaryota_unclassified
asv3045,Eukaryota,Eukaryota_unclassified,Eukaryota_unclassified,Eukaryota_unclassified,Eukaryota_unclassified,Eukaryota_unclassified,Eukaryota_unclassified,Eukaryota_unclassified
asv3078,Eukaryota,Eukaryota_unclassified,Eukaryota_unclassified,Eukaryota_unclassified,Eukaryota_unclassified,Eukaryota_unclassified,Eukaryota_unclassified,Eukaryota_unclassified
asv3082,Eukaryota,Eukaryota_unclassified,Eukaryota_unclassified,Eukaryota_unclassified,Eukaryota_unclassified,Eukaryota_unclassified,Eukaryota_unclassified,Eukaryota_unclassified
asv3104,Eukaryota,Eukaryota_unclassified,Eukaryota_unclassified,Eukaryota_unclassified,Eukaryota_unclassified,Eukaryota_unclassified,Eukaryota_unclassified,Eukaryota_unclassified
asv3106,Eukaryota,Eukaryota_unclassified,Eukaryota_unclassified,Eukaryota_unclassified,Eukaryota_unclassified,Eukaryota_unclassified,Eukaryota_unclassified,Eukaryota_unclassified
asv3108,Eukaryota,Eukaryota_unclassified,Eukaryota_unclassified,Eukaryota_unclassified,Eukaryota_unclassified,Eukaryota_unclassified,Eukaryota_unclassified,Eukaryota_unclassified
asv3110,Eukaryota,Eukaryota_unclassified,Eukaryota_unclassified,Eukaryota_unclassified,Eukaryota_unclassified,Eukaryota_unclassified,Eukaryota_unclassified,Eukaryota_unclassified
asv3141,Eukaryota,Eukaryota_unclassified,Eukaryota_unclassified,Eukaryota_unclassified,Eukaryota_unclassified,Eukaryota_unclassified,Eukaryota_unclassified,Eukaryota_unclassified
asv3145,Eukaryota,Eukaryota_unclassified,Eukaryota_unclassified,Eukaryota_unclassified,Eukaryota_unclassified,Eukaryota_unclassified,Eukaryota_unclassified,Eukaryota_unclassified
asv3146,Eukaryota,Eukaryota_unclassified,Eukaryota_unclassified,Eukaryota_unclassified,Eukaryota_unclassified,Eukaryota_unclassified,Eukaryota_unclassified,Eukaryota_unclassified
asv3147,Eukaryota,Eukaryota_unclassified,Eukaryota_unclassified,Eukaryota_unclassified,Eukaryota_unclassified,Eukaryota_unclassified,Eukaryota_unclassified,Eukaryota_unclassified
asv3153,Eukaryota,Eukaryota_unclassified,Eukaryota_unclassified,Eukaryota_unclassified,Eukaryota_unclassified,Eukaryota_unclassified,Eukaryota_unclassified,Eukaryota_unclassified
asv3154,Eukaryota,Eukaryota_unclassified,Eukaryota_unclassified,Eukaryota_unclassified,Eukaryota_unclassified,Eukaryota_unclassified,Eukaryota_unclassified,Eukaryota_unclassified
asv3167,Eukaryota,Eukaryota_unclassified,Eukaryota_unclassified,Eukaryota_unclassified,Eukaryota_unclassified,Eukaryota_unclassified,Eukaryota_unclassified,Eukaryota_unclassified
asv3171,Eukaryota,Eukaryota_unclassified,Eukaryota_unclassified,Eukaryota_unclassified,Eukaryota_unclassified,Eukaryota_unclassified,Eukaryota_unclassified,Eukaryota_unclassified
asv3185,Eukaryota,Eukaryota_unclassified,Eukaryota_unclassified,Eukaryota_unclassified,Eukaryota_unclassified,Eukaryota_unclassified,Eukaryota_unclassified,Eukaryota_unclassified
asv3187,Eukaryota,Eukaryota_unclassified,Eukaryota_unclassified,Eukaryota_unclassified,Eukaryota_unclassified,Eukaryota_unclassified,Eukaryota_unclassified,Eukaryota_unclassified
asv3190,Eukaryota,Eukaryota_unclassified,Eukaryota_unclassified,Eukaryota_unclassified,Eukaryota_unclassified,Eukaryota_unclassified,Eukaryota_unclassified,Eukaryota_unclassified
asv3192,Eukaryota,Eukaryota_unclassified,Eukaryota_unclassified,Eukaryota_unclassified,Eukaryota_unclassified,Eukaryota_unclassified,Eukaryota_unclassified,Eukaryota_unclassified
asv3201,Eukaryota,Eukaryota_unclassified,Eukaryota_unclassified,Eukaryota_unclassified,Eukaryota_unclassified,Eukaryota_unclassified,Eukaryota_unclassified,Eukaryota_unclassified
asv3204,Eukaryota,Eukaryota_unclassified,Eukaryota_unclassified,Eukaryota_unclassified,Eukaryota_unclassified,Eukaryota_unclassified,Eukaryota_unclassified,Eukaryota_unclassified
asv3221,Eukaryota,Eukaryota_unclassified,Eukaryota_unclassified,Eukaryota_unclassified,Eukaryota_unclassified,Eukaryota_unclassified,Eukaryota_unclassified,Eukaryota_unclassified
asv3228,Eukaryota,Eukaryota_unclassified,Eukaryota_unclassified,Eukaryota_unclassified,Eukaryota_unclassified,Eukaryota_unclassified,Eukaryota_unclassified,Eukaryota_unclassified
asv3238,Eukaryota,Eukaryota_unclassified,Eukaryota_unclassified,Eukaryota_unclassified,Eukaryota_unclassified,Eukaryota_unclassified,Eukaryota_unclassified,Eukaryota_unclassified
asv3278,Eukaryota,Eukaryota_unclassified,Eukaryota_unclassified,Eukaryota_unclassified,Eukaryota_unclassified,Eukaryota_unclassified,Eukaryota_unclassified,Eukaryota_unclassified
asv3280,Eukaryota,Eukaryota_unclassified,Eukaryota_unclassified,Eukaryota_unclassified,Eukaryota_unclassified,Eukaryota_unclassified,Eukaryota_unclassified,Eukaryota_unclassified
asv3289,Eukaryota,Eukaryota_unclassified,Eukaryota_unclassified,Eukaryota_unclassified,Eukaryota_unclassified,Eukaryota_unclassified,Eukaryota_unclassified,Eukaryota_unclassified
asv3290,Eukaryota,Eukaryota_unclassified,Eukaryota_unclassified,Eukaryota_unclassified,Eukaryota_unclassified,Eukaryota_unclassified,Eukaryota_unclassified,Eukaryota_unclassified
asv3293,Eukaryota,Eukaryota_unclassified,Eukaryota_unclassified,Eukaryota_unclassified,Eukaryota_unclassified,Eukaryota_unclassified,Eukaryota_unclassified,Eukaryota_unclassified
asv3294,Eukaryota,Eukaryota_unclassified,Eukaryota_unclassified,Eukaryota_unclassified,Eukaryota_unclassified,Eukaryota_unclassified,Eukaryota_unclassified,Eukaryota_unclassified
asv3295,Eukaryota,Eukaryota_unclassified,Eukaryota_unclassified,Eukaryota_unclassified,Eukaryota_unclassified,Eukaryota_unclassified,Eukaryota_unclassified,Eukaryota_unclassified
asv3312,Eukaryota,Eukaryota_unclassified,Eukaryota_unclassified,Eukaryota_unclassified,Eukaryota_unclassified,Eukaryota_unclassified,Eukaryota_unclassified,Eukaryota_unclassified
asv3313,Eukaryota,Eukaryota_unclassified,Eukaryota_unclassified,Eukaryota_unclassified,Eukaryota_unclassified,Eukaryota_unclassified,Eukaryota_unclassified,Eukaryota_unclassified
asv3314,Eukaryota,Eukaryota_unclassified,Eukaryota_unclassified,Eukaryota_unclassified,Eukaryota_unclassified,Eukaryota_unclassified,Eukaryota_unclassified,Eukaryota_unclassified
asv3321,Eukaryota,Eukaryota_unclassified,Eukaryota_unclassified,Eukaryota_unclassified,Eukaryota_unclassified,Eukaryota_unclassified,Eukaryota_unclassified,Eukaryota_unclassified
asv3334,Eukaryota,Eukaryota_unclassified,Eukaryota_unclassified,Eukaryota_unclassified,Eukaryota_unclassified,Eukaryota_unclassified,Eukaryota_unclassified,Eukaryota_unclassified
asv3335,Eukaryota,Eukaryota_unclassified,Eukaryota_unclassified,Eukaryota_unclassified,Eukaryota_unclassified,Eukaryota_unclassified,Eukaryota_unclassified,Eukaryota_unclassified
asv3344,Eukaryota,Eukaryota_unclassified,Eukaryota_unclassified,Eukaryota_unclassified,Eukaryota_unclassified,Eukaryota_unclassified,Eukaryota_unclassified,Eukaryota_unclassified
asv3349,Eukaryota,Eukaryota_unclassified,Eukaryota_unclassified,Eukaryota_unclassified,Eukaryota_unclassified,Eukaryota_unclassified,Eukaryota_unclassified,Eukaryota_unclassified
asv3351,Eukaryota,Eukaryota_unclassified,Eukaryota_unclassified,Eukaryota_unclassified,Eukaryota_unclassified,Eukaryota_unclassified,Eukaryota_unclassified,Eukaryota_unclassified
asv3352,Eukaryota,Eukaryota_unclassified,Eukaryota_unclassified,Eukaryota_unclassified,Eukaryota_unclassified,Eukaryota_unclassified,Eukaryota_unclassified,Eukaryota_unclassified
asv3353,Eukaryota,Eukaryota_unclassified,Eukaryota_unclassified,Eukaryota_unclassified,Eukaryota_unclassified,Eukaryota_unclassified,Eukaryota_unclassified,Eukaryota_unclassified
asv3354,Eukaryota,Eukaryota_unclassified,Eukaryota_unclassified,Eukaryota_unclassified,Eukaryota_unclassified,Eukaryota_unclassified,Eukaryota_unclassified,Eukaryota_unclassified
asv3356,Eukaryota,Eukaryota_unclassified,Eukaryota_unclassified,Eukaryota_unclassified,Eukaryota_unclassified,Eukaryota_unclassified,Eukaryota_unclassified,Eukaryota_unclassified
asv3357,Eukaryota,Eukaryota_unclassified,Eukaryota_unclassified,Eukaryota_unclassified,Eukaryota_unclassified,Eukaryota_unclassified,Eukaryota_unclassified,Eukaryota_unclassified
asv3374,Eukaryota,Eukaryota_unclassified,Eukaryota_unclassified,Eukaryota_unclassified,Eukaryota_unclassified,Eukaryota_unclassified,Eukaryota_unclassified,Eukaryota_unclassified
asv3375,Eukaryota,Eukaryota_unclassified,Eukaryota_unclassified,Eukaryota_unclassified,Eukaryota_unclassified,Eukaryota_unclassified,Eukaryota_unclassified,Eukaryota_unclassified
asv3376,Eukaryota,Eukaryota_unclassified,Eukaryota_unclassified,Eukaryota_unclassified,Eukaryota_unclassified,Eukaryota_unclassified,Eukaryota_unclassified,Eukaryota_unclassified
asv3377,Eukaryota,Eukaryota_unclassified,Eukaryota_unclassified,Eukaryota_unclassified,Eukaryota_unclassified,Eukaryota_unclassified,Eukaryota_unclassified,Eukaryota_unclassified
asv3391,Eukaryota,Eukaryota_unclassified,Eukaryota_unclassified,Eukaryota_unclassified,Eukaryota_unclassified,Eukaryota_unclassified,Eukaryota_unclassified,Eukaryota_unclassified
asv3399,Eukaryota,Eukaryota_unclassified,Eukaryota_unclassified,Eukaryota_unclassified,Eukaryota_unclassified,Eukaryota_unclassified,Eukaryota_unclassified,Eukaryota_unclassified
asv3404,Eukaryota,Eukaryota_unclassified,Eukaryota_unclassified,Eukaryota_unclassified,Eukaryota_unclassified,Eukaryota_unclassified,Eukaryota_unclassified,Eukaryota_unclassified
asv3408,Eukaryota,Eukaryota_unclassified,Eukaryota_unclassified,Eukaryota_unclassified,Eukaryota_unclassified,Eukaryota_unclassified,Eukaryota_unclassified,Eukaryota_unclassified
asv3428,Eukaryota,Eukaryota_unclassified,Eukaryota_unclassified,Eukaryota_unclassified,Eukaryota_unclassified,Eukaryota_unclassified,Eukaryota_unclassified,Eukaryota_unclassified
asv3429,Eukaryota,Eukaryota_unclassified,Eukaryota_unclassified,Eukaryota_unclassified,Eukaryota_unclassified,Eukaryota_unclassified,Eukaryota_unclassified,Eukaryota_unclassified
asv3452,Eukaryota,Eukaryota_unclassified,Eukaryota_unclassified,Eukaryota_unclassified,Eukaryota_unclassified,Eukaryota_unclassified,Eukaryota_unclassified,Eukaryota_unclassified
asv3453,Eukaryota,Eukaryota_unclassified,Eukaryota_unclassified,Eukaryota_unclassified,Eukaryota_unclassified,Eukaryota_unclassified,Eukaryota_unclassified,Eukaryota_unclassified
asv3455,Eukaryota,Eukaryota_unclassified,Eukaryota_unclassified,Eukaryota_unclassified,Eukaryota_unclassified,Eukaryota_unclassified,Eukaryota_unclassified,Eukaryota_unclassified
asv3463,Eukaryota,Eukaryota_unclassified,Eukaryota_unclassified,Eukaryota_unclassified,Eukaryota_unclassified,Eukaryota_unclassified,Eukaryota_unclassified,Eukaryota_unclassified
asv3466,Eukaryota,Eukaryota_unclassified,Eukaryota_unclassified,Eukaryota_unclassified,Eukaryota_unclassified,Eukaryota_unclassified,Eukaryota_unclassified,Eukaryota_unclassified
asv3467,Eukaryota,Eukaryota_unclassified,Eukaryota_unclassified,Eukaryota_unclassified,Eukaryota_unclassified,Eukaryota_unclassified,Eukaryota_unclassified,Eukaryota_unclassified
asv3470,Eukaryota,Eukaryota_unclassified,Eukaryota_unclassified,Eukaryota_unclassified,Eukaryota_unclassified,Eukaryota_unclassified,Eukaryota_unclassified,Eukaryota_unclassified
asv3471,Eukaryota,Eukaryota_unclassified,Eukaryota_unclassified,Eukaryota_unclassified,Eukaryota_unclassified,Eukaryota_unclassified,Eukaryota_unclassified,Eukaryota_unclassified
asv3472,Eukaryota,Eukaryota_unclassified,Eukaryota_unclassified,Eukaryota_unclassified,Eukaryota_unclassified,Eukaryota_unclassified,Eukaryota_unclassified,Eukaryota_unclassified
asv3493,Eukaryota,Eukaryota_unclassified,Eukaryota_unclassified,Eukaryota_unclassified,Eukaryota_unclassified,Eukaryota_unclassified,Eukaryota_unclassified,Eukaryota_unclassified
asv3495,Eukaryota,Eukaryota_unclassified,Eukaryota_unclassified,Eukaryota_unclassified,Eukaryota_unclassified,Eukaryota_unclassified,Eukaryota_unclassified,Eukaryota_unclassified
asv3499,Eukaryota,Eukaryota_unclassified,Eukaryota_unclassified,Eukaryota_unclassified,Eukaryota_unclassified,Eukaryota_unclassified,Eukaryota_unclassified,Eukaryota_unclassified
asv3501,Eukaryota,Eukaryota_unclassified,Eukaryota_unclassified,Eukaryota_unclassified,Eukaryota_unclassified,Eukaryota_unclassified,Eukaryota_unclassified,Eukaryota_unclassified
asv3513,Eukaryota,Eukaryota_unclassified,Eukaryota_unclassified,Eukaryota_unclassified,Eukaryota_unclassified,Eukaryota_unclassified,Eukaryota_unclassified,Eukaryota_unclassified
asv3534,Eukaryota,Eukaryota_unclassified,Eukaryota_unclassified,Eukaryota_unclassified,Eukaryota_unclassified,Eukaryota_unclassified,Eukaryota_unclassified,Eukaryota_unclassified
asv3535,Eukaryota,Eukaryota_unclassified,Eukaryota_unclassified,Eukaryota_unclassified,Eukaryota_unclassified,Eukaryota_unclassified,Eukaryota_unclassified,Eukaryota_unclassified
asv3536,Eukaryota,Eukaryota_unclassified,Eukaryota_unclassified,Eukaryota_unclassified,Eukaryota_unclassified,Eukaryota_unclassified,Eukaryota_unclassified,Eukaryota_unclassified
asv3538,Eukaryota,Eukaryota_unclassified,Eukaryota_unclassified,Eukaryota_unclassified,Eukaryota_unclassified,Eukaryota_unclassified,Eukaryota_unclassified,Eukaryota_unclassified
asv3552,Eukaryota,Eukaryota_unclassified,Eukaryota_unclassified,Eukaryota_unclassified,Eukaryota_unclassified,Eukaryota_unclassified,Eukaryota_unclassified,Eukaryota_unclassified
asv3554,Eukaryota,Eukaryota_unclassified,Eukaryota_unclassified,Eukaryota_unclassified,Eukaryota_unclassified,Eukaryota_unclassified,Eukaryota_unclassified,Eukaryota_unclassified
asv3559,Eukaryota,Eukaryota_unclassified,Eukaryota_unclassified,Eukaryota_unclassified,Eukaryota_unclassified,Eukaryota_unclassified,Eukaryota_unclassified,Eukaryota_unclassified
asv3563,Eukaryota,Eukaryota_unclassified,Eukaryota_unclassified,Eukaryota_unclassified,Eukaryota_unclassified,Eukaryota_unclassified,Eukaryota_unclassified,Eukaryota_unclassified
asv3565,Eukaryota,Eukaryota_unclassified,Eukaryota_unclassified,Eukaryota_unclassified,Eukaryota_unclassified,Eukaryota_unclassified,Eukaryota_unclassified,Eukaryota_unclassified
asv3566,Eukaryota,Eukaryota_unclassified,Eukaryota_unclassified,Eukaryota_unclassified,Eukaryota_unclassified,Eukaryota_unclassified,Eukaryota_unclassified,Eukaryota_unclassified
asv3568,Eukaryota,Eukaryota_unclassified,Eukaryota_unclassified,Eukaryota_unclassified,Eukaryota_unclassified,Eukaryota_unclassified,Eukaryota_unclassified,Eukaryota_unclassified
asv3581,Eukaryota,Eukaryota_unclassified,Eukaryota_unclassified,Eukaryota_unclassified,Eukaryota_unclassified,Eukaryota_unclassified,Eukaryota_unclassified,Eukaryota_unclassified
asv3590,Eukaryota,Eukaryota_unclassified,Eukaryota_unclassified,Eukaryota_unclassified,Eukaryota_unclassified,Eukaryota_unclassified,Eukaryota_unclassified,Eukaryota_unclassified
asv3591,Eukaryota,Eukaryota_unclassified,Eukaryota_unclassified,Eukaryota_unclassified,Eukaryota_unclassified,Eukaryota_unclassified,Eukaryota_unclassified,Eukaryota_unclassified
asv3593,Eukaryota,Eukaryota_unclassified,Eukaryota_unclassified,Eukaryota_unclassified,Eukaryota_unclassified,Eukaryota_unclassified,Eukaryota_unclassified,Eukaryota_unclassified
asv3594,Eukaryota,Eukaryota_unclassified,Eukaryota_unclassified,Eukaryota_unclassified,Eukaryota_unclassified,Eukaryota_unclassified,Eukaryota_unclassified,Eukaryota_unclassified
asv3595,Eukaryota,Eukaryota_unclassified,Eukaryota_unclassified,Eukaryota_unclassified,Eukaryota_unclassified,Eukaryota_unclassified,Eukaryota_unclassified,Eukaryota_unclassified
asv3607,Eukaryota,Eukaryota_unclassified,Eukaryota_unclassified,Eukaryota_unclassified,Eukaryota_unclassified,Eukaryota_unclassified,Eukaryota_unclassified,Eukaryota_unclassified
asv3608,Eukaryota,Eukaryota_unclassified,Eukaryota_unclassified,Eukaryota_unclassified,Eukaryota_unclassified,Eukaryota_unclassified,Eukaryota_unclassified,Eukaryota_unclassified
asv3611,Eukaryota,Eukaryota_unclassified,Eukaryota_unclassified,Eukaryota_unclassified,Eukaryota_unclassified,Eukaryota_unclassified,Eukaryota_unclassified,Eukaryota_unclassified
asv3612,Eukaryota,Eukaryota_unclassified,Eukaryota_unclassified,Eukaryota_unclassified,Eukaryota_unclassified,Eukaryota_unclassified,Eukaryota_unclassified,Eukaryota_unclassified
asv3614,Eukaryota,Eukaryota_unclassified,Eukaryota_unclassified,Eukaryota_unclassified,Eukaryota_unclassified,Eukaryota_unclassified,Eukaryota_unclassified,Eukaryota_unclassified
asv3647,Eukaryota,Eukaryota_unclassified,Eukaryota_unclassified,Eukaryota_unclassified,Eukaryota_unclassified,Eukaryota_unclassified,Eukaryota_unclassified,Eukaryota_unclassified
asv3651,Eukaryota,Eukaryota_unclassified,Eukaryota_unclassified,Eukaryota_unclassified,Eukaryota_unclassified,Eukaryota_unclassified,Eukaryota_unclassified,Eukaryota_unclassified
asv3663,Eukaryota,Eukaryota_unclassified,Eukaryota_unclassified,Eukaryota_unclassified,Eukaryota_unclassified,Eukaryota_unclassified,Eukaryota_unclassified,Eukaryota_unclassified
asv3664,Eukaryota,Eukaryota_unclassified,Eukaryota_unclassified,Eukaryota_unclassified,Eukaryota_unclassified,Eukaryota_unclassified,Eukaryota_unclassified,Eukaryota_unclassified
asv3676,Eukaryota,Eukaryota_unclassified,Eukaryota_unclassified,Eukaryota_unclassified,Eukaryota_unclassified,Eukaryota_unclassified,Eukaryota_unclassified,Eukaryota_unclassified
asv3677,Eukaryota,Eukaryota_unclassified,Eukaryota_unclassified,Eukaryota_unclassified,Eukaryota_unclassified,Eukaryota_unclassified,Eukaryota_unclassified,Eukaryota_unclassified
asv3678,Eukaryota,Eukaryota_unclassified,Eukaryota_unclassified,Eukaryota_unclassified,Eukaryota_unclassified,Eukaryota_unclassified,Eukaryota_unclassified,Eukaryota_unclassified
asv3679,Eukaryota,Eukaryota_unclassified,Eukaryota_unclassified,Eukaryota_unclassified,Eukaryota_unclassified,Eukaryota_unclassified,Eukaryota_unclassified,Eukaryota_unclassified
asv3681,Eukaryota,Eukaryota_unclassified,Eukaryota_unclassified,Eukaryota_unclassified,Eukaryota_unclassified,Eukaryota_unclassified,Eukaryota_unclassified,Eukaryota_unclassified
asv3685,Eukaryota,Eukaryota_unclassified,Eukaryota_unclassified,Eukaryota_unclassified,Eukaryota_unclassified,Eukaryota_unclassified,Eukaryota_unclassified,Eukaryota_unclassified
asv3704,Eukaryota,Eukaryota_unclassified,Eukaryota_unclassified,Eukaryota_unclassified,Eukaryota_unclassified,Eukaryota_unclassified,Eukaryota_unclassified,Eukaryota_unclassified
asv3705,Eukaryota,Eukaryota_unclassified,Eukaryota_unclassified,Eukaryota_unclassified,Eukaryota_unclassified,Eukaryota_unclassified,Eukaryota_unclassified,Eukaryota_unclassified
asv3707,Eukaryota,Eukaryota_unclassified,Eukaryota_unclassified,Eukaryota_unclassified,Eukaryota_unclassified,Eukaryota_unclassified,Eukaryota_unclassified,Eukaryota_unclassified
asv3708,Eukaryota,Eukaryota_unclassified,Eukaryota_unclassified,Eukaryota_unclassified,Eukaryota_unclassified,Eukaryota_unclassified,Eukaryota_unclassified,Eukaryota_unclassified
asv3728,Eukaryota,Eukaryota_unclassified,Eukaryota_unclassified,Eukaryota_unclassified,Eukaryota_unclassified,Eukaryota_unclassified,Eukaryota_unclassified,Eukaryota_unclassified
asv3731,Eukaryota,Eukaryota_unclassified,Eukaryota_unclassified,Eukaryota_unclassified,Eukaryota_unclassified,Eukaryota_unclassified,Eukaryota_unclassified,Eukaryota_unclassified
asv3732,Eukaryota,Eukaryota_unclassified,Eukaryota_unclassified,Eukaryota_unclassified,Eukaryota_unclassified,Eukaryota_unclassified,Eukaryota_unclassified,Eukaryota_unclassified
asv3733,Eukaryota,Eukaryota_unclassified,Eukaryota_unclassified,Eukaryota_unclassified,Eukaryota_unclassified,Eukaryota_unclassified,Eukaryota_unclassified,Eukaryota_unclassified
asv3735,Eukaryota,Eukaryota_unclassified,Eukaryota_unclassified,Eukaryota_unclassified,Eukaryota_unclassified,Eukaryota_unclassified,Eukaryota_unclassified,Eukaryota_unclassified
asv3737,Eukaryota,Eukaryota_unclassified,Eukaryota_unclassified,Eukaryota_unclassified,Eukaryota_unclassified,Eukaryota_unclassified,Eukaryota_unclassified,Eukaryota_unclassified
asv3738,Eukaryota,Eukaryota_unclassified,Eukaryota_unclassified,Eukaryota_unclassified,Eukaryota_unclassified,Eukaryota_unclassified,Eukaryota_unclassified,Eukaryota_unclassified
asv3759,Eukaryota,Eukaryota_unclassified,Eukaryota_unclassified,Eukaryota_unclassified,Eukaryota_unclassified,Eukaryota_unclassified,Eukaryota_unclassified,Eukaryota_unclassified
asv3760,Eukaryota,Eukaryota_unclassified,Eukaryota_unclassified,Eukaryota_unclassified,Eukaryota_unclassified,Eukaryota_unclassified,Eukaryota_unclassified,Eukaryota_unclassified
asv3761,Eukaryota,Eukaryota_unclassified,Eukaryota_unclassified,Eukaryota_unclassified,Eukaryota_unclassified,Eukaryota_unclassified,Eukaryota_unclassified,Eukaryota_unclassified
asv3778,Eukaryota,Eukaryota_unclassified,Eukaryota_unclassified,Eukaryota_unclassified,Eukaryota_unclassified,Eukaryota_unclassified,Eukaryota_unclassified,Eukaryota_unclassified
asv3779,Eukaryota,Eukaryota_unclassified,Eukaryota_unclassified,Eukaryota_unclassified,Eukaryota_unclassified,Eukaryota_unclassified,Eukaryota_unclassified,Eukaryota_unclassified
asv3782,Eukaryota,Eukaryota_unclassified,Eukaryota_unclassified,Eukaryota_unclassified,Eukaryota_unclassified,Eukaryota_unclassified,Eukaryota_unclassified,Eukaryota_unclassified
asv3783,Eukaryota,Eukaryota_unclassified,Eukaryota_unclassified,Eukaryota_unclassified,Eukaryota_unclassified,Eukaryota_unclassified,Eukaryota_unclassified,Eukaryota_unclassified
asv3785,Eukaryota,Eukaryota_unclassified,Eukaryota_unclassified,Eukaryota_unclassified,Eukaryota_unclassified,Eukaryota_unclassified,Eukaryota_unclassified,Eukaryota_unclassified
asv3800,Eukaryota,Eukaryota_unclassified,Eukaryota_unclassified,Eukaryota_unclassified,Eukaryota_unclassified,Eukaryota_unclassified,Eukaryota_unclassified,Eukaryota_unclassified
asv3804,Eukaryota,Eukaryota_unclassified,Eukaryota_unclassified,Eukaryota_unclassified,Eukaryota_unclassified,Eukaryota_unclassified,Eukaryota_unclassified,Eukaryota_unclassified
asv3808,Eukaryota,Eukaryota_unclassified,Eukaryota_unclassified,Eukaryota_unclassified,Eukaryota_unclassified,Eukaryota_unclassified,Eukaryota_unclassified,Eukaryota_unclassified
asv3811,Eukaryota,Eukaryota_unclassified,Eukaryota_unclassified,Eukaryota_unclassified,Eukaryota_unclassified,Eukaryota_unclassified,Eukaryota_unclassified,Eukaryota_unclassified
asv3813,Eukaryota,Eukaryota_unclassified,Eukaryota_unclassified,Eukaryota_unclassified,Eukaryota_unclassified,Eukaryota_unclassified,Eukaryota_unclassified,Eukaryota_unclassified
asv3815,Eukaryota,Eukaryota_unclassified,Eukaryota_unclassified,Eukaryota_unclassified,Eukaryota_unclassified,Eukaryota_unclassified,Eukaryota_unclassified,Eukaryota_unclassified
asv3857,Eukaryota,Eukaryota_unclassified,Eukaryota_unclassified,Eukaryota_unclassified,Eukaryota_unclassified,Eukaryota_unclassified,Eukaryota_unclassified,Eukaryota_unclassified
asv3859,Eukaryota,Eukaryota_unclassified,Eukaryota_unclassified,Eukaryota_unclassified,Eukaryota_unclassified,Eukaryota_unclassified,Eukaryota_unclassified,Eukaryota_unclassified
asv3877,Eukaryota,Eukaryota_unclassified,Eukaryota_unclassified,Eukaryota_unclassified,Eukaryota_unclassified,Eukaryota_unclassified,Eukaryota_unclassified,Eukaryota_unclassified
asv3879,Eukaryota,Eukaryota_unclassified,Eukaryota_unclassified,Eukaryota_unclassified,Eukaryota_unclassified,Eukaryota_unclassified,Eukaryota_unclassified,Eukaryota_unclassified
asv3880,Eukaryota,Eukaryota_unclassified,Eukaryota_unclassified,Eukaryota_unclassified,Eukaryota_unclassified,Eukaryota_unclassified,Eukaryota_unclassified,Eukaryota_unclassified
asv3903,Eukaryota,Eukaryota_unclassified,Eukaryota_unclassified,Eukaryota_unclassified,Eukaryota_unclassified,Eukaryota_unclassified,Eukaryota_unclassified,Eukaryota_unclassified
asv3906,Eukaryota,Eukaryota_unclassified,Eukaryota_unclassified,Eukaryota_unclassified,Eukaryota_unclassified,Eukaryota_unclassified,Eukaryota_unclassified,Eukaryota_unclassified
asv3907,Eukaryota,Eukaryota_unclassified,Eukaryota_unclassified,Eukaryota_unclassified,Eukaryota_unclassified,Eukaryota_unclassified,Eukaryota_unclassified,Eukaryota_unclassified
asv3908,Eukaryota,Eukaryota_unclassified,Eukaryota_unclassified,Eukaryota_unclassified,Eukaryota_unclassified,Eukaryota_unclassified,Eukaryota_unclassified,Eukaryota_unclassified
asv3909,Eukaryota,Eukaryota_unclassified,Eukaryota_unclassified,Eukaryota_unclassified,Eukaryota_unclassified,Eukaryota_unclassified,Eukaryota_unclassified,Eukaryota_unclassified
asv3925,Eukaryota,Eukaryota_unclassified,Eukaryota_unclassified,Eukaryota_unclassified,Eukaryota_unclassified,Eukaryota_unclassified,Eukaryota_unclassified,Eukaryota_unclassified
asv3926,Eukaryota,Eukaryota_unclassified,Eukaryota_unclassified,Eukaryota_unclassified,Eukaryota_unclassified,Eukaryota_unclassified,Eukaryota_unclassified,Eukaryota_unclassified
asv3928,Eukaryota,Eukaryota_unclassified,Eukaryota_unclassified,Eukaryota_unclassified,Eukaryota_unclassified,Eukaryota_unclassified,Eukaryota_unclassified,Eukaryota_unclassified
asv3930,Eukaryota,Eukaryota_unclassified,Eukaryota_unclassified,Eukaryota_unclassified,Eukaryota_unclassified,Eukaryota_unclassified,Eukaryota_unclassified,Eukaryota_unclassified
asv3948,Eukaryota,Eukaryota_unclassified,Eukaryota_unclassified,Eukaryota_unclassified,Eukaryota_unclassified,Eukaryota_unclassified,Eukaryota_unclassified,Eukaryota_unclassified
asv3949,Eukaryota,Eukaryota_unclassified,Eukaryota_unclassified,Eukaryota_unclassified,Eukaryota_unclassified,Eukaryota_unclassified,Eukaryota_unclassified,Eukaryota_unclassified
asv3951,Eukaryota,Eukaryota_unclassified,Eukaryota_unclassified,Eukaryota_unclassified,Eukaryota_unclassified,Eukaryota_unclassified,Eukaryota_unclassified,Eukaryota_unclassified
asv3976,Eukaryota,Eukaryota_unclassified,Eukaryota_unclassified,Eukaryota_unclassified,Eukaryota_unclassified,Eukaryota_unclassified,Eukaryota_unclassified,Eukaryota_unclassified
asv3978,Eukaryota,Eukaryota_unclassified,Eukaryota_unclassified,Eukaryota_unclassified,Eukaryota_unclassified,Eukaryota_unclassified,Eukaryota_unclassified,Eukaryota_unclassified
asv3980,Eukaryota,Eukaryota_unclassified,Eukaryota_unclassified,Eukaryota_unclassified,Eukaryota_unclassified,Eukaryota_unclassified,Eukaryota_unclassified,Eukaryota_unclassified
asv3993,Eukaryota,Eukaryota_unclassified,Eukaryota_unclassified,Eukaryota_unclassified,Eukaryota_unclassified,Eukaryota_unclassified,Eukaryota_unclassified,Eukaryota_unclassified
asv3998,Eukaryota,Eukaryota_unclassified,Eukaryota_unclassified,Eukaryota_unclassified,Eukaryota_unclassified,Eukaryota_unclassified,Eukaryota_unclassified,Eukaryota_unclassified
asv4001,Eukaryota,Eukaryota_unclassified,Eukaryota_unclassified,Eukaryota_unclassified,Eukaryota_unclassified,Eukaryota_unclassified,Eukaryota_unclassified,Eukaryota_unclassified
asv4004,Eukaryota,Eukaryota_unclassified,Eukaryota_unclassified,Eukaryota_unclassified,Eukaryota_unclassified,Eukaryota_unclassified,Eukaryota_unclassified,Eukaryota_unclassified
asv4007,Eukaryota,Eukaryota_unclassified,Eukaryota_unclassified,Eukaryota_unclassified,Eukaryota_unclassified,Eukaryota_unclassified,Eukaryota_unclassified,Eukaryota_unclassified
asv4008,Eukaryota,Eukaryota_unclassified,Eukaryota_unclassified,Eukaryota_unclassified,Eukaryota_unclassified,Eukaryota_unclassified,Eukaryota_unclassified,Eukaryota_unclassified
asv4023,Eukaryota,Eukaryota_unclassified,Eukaryota_unclassified,Eukaryota_unclassified,Eukaryota_unclassified,Eukaryota_unclassified,Eukaryota_unclassified,Eukaryota_unclassified
asv4025,Eukaryota,Eukaryota_unclassified,Eukaryota_unclassified,Eukaryota_unclassified,Eukaryota_unclassified,Eukaryota_unclassified,Eukaryota_unclassified,Eukaryota_unclassified
asv4026,Eukaryota,Eukaryota_unclassified,Eukaryota_unclassified,Eukaryota_unclassified,Eukaryota_unclassified,Eukaryota_unclassified,Eukaryota_unclassified,Eukaryota_unclassified
asv4027,Eukaryota,Eukaryota_unclassified,Eukaryota_unclassified,Eukaryota_unclassified,Eukaryota_unclassified,Eukaryota_unclassified,Eukaryota_unclassified,Eukaryota_unclassified
asv4028,Eukaryota,Eukaryota_unclassified,Eukaryota_unclassified,Eukaryota_unclassified,Eukaryota_unclassified,Eukaryota_unclassified,Eukaryota_unclassified,Eukaryota_unclassified
asv4029,Eukaryota,Eukaryota_unclassified,Eukaryota_unclassified,Eukaryota_unclassified,Eukaryota_unclassified,Eukaryota_unclassified,Eukaryota_unclassified,Eukaryota_unclassified
asv4030,Eukaryota,Eukaryota_unclassified,Eukaryota_unclassified,Eukaryota_unclassified,Eukaryota_unclassified,Eukaryota_unclassified,Eukaryota_unclassified,Eukaryota_unclassified
asv4044,Eukaryota,Eukaryota_unclassified,Eukaryota_unclassified,Eukaryota_unclassified,Eukaryota_unclassified,Eukaryota_unclassified,Eukaryota_unclassified,Eukaryota_unclassified
asv4047,Eukaryota,Eukaryota_unclassified,Eukaryota_unclassified,Eukaryota_unclassified,Eukaryota_unclassified,Eukaryota_unclassified,Eukaryota_unclassified,Eukaryota_unclassified
asv4049,Eukaryota,Eukaryota_unclassified,Eukaryota_unclassified,Eukaryota_unclassified,Eukaryota_unclassified,Eukaryota_unclassified,Eukaryota_unclassified,Eukaryota_unclassified
asv4055,Eukaryota,Eukaryota_unclassified,Eukaryota_unclassified,Eukaryota_unclassified,Eukaryota_unclassified,Eukaryota_unclassified,Eukaryota_unclassified,Eukaryota_unclassified
asv4056,Eukaryota,Eukaryota_unclassified,Eukaryota_unclassified,Eukaryota_unclassified,Eukaryota_unclassified,Eukaryota_unclassified,Eukaryota_unclassified,Eukaryota_unclassified
asv4057,Eukaryota,Eukaryota_unclassified,Eukaryota_unclassified,Eukaryota_unclassified,Eukaryota_unclassified,Eukaryota_unclassified,Eukaryota_unclassified,Eukaryota_unclassified
asv4058,Eukaryota,Eukaryota_unclassified,Eukaryota_unclassified,Eukaryota_unclassified,Eukaryota_unclassified,Eukaryota_unclassified,Eukaryota_unclassified,Eukaryota_unclassified
asv4059,Eukaryota,Eukaryota_unclassified,Eukaryota_unclassified,Eukaryota_unclassified,Eukaryota_unclassified,Eukaryota_unclassified,Eukaryota_unclassified,Eukaryota_unclassified
asv4077,Eukaryota,Eukaryota_unclassified,Eukaryota_unclassified,Eukaryota_unclassified,Eukaryota_unclassified,Eukaryota_unclassified,Eukaryota_unclassified,Eukaryota_unclassified
asv4080,Eukaryota,Eukaryota_unclassified,Eukaryota_unclassified,Eukaryota_unclassified,Eukaryota_unclassified,Eukaryota_unclassified,Eukaryota_unclassified,Eukaryota_unclassified
asv4084,Eukaryota,Eukaryota_unclassified,Eukaryota_unclassified,Eukaryota_unclassified,Eukaryota_unclassified,Eukaryota_unclassified,Eukaryota_unclassified,Eukaryota_unclassified
asv4100,Eukaryota,Eukaryota_unclassified,Eukaryota_unclassified,Eukaryota_unclassified,Eukaryota_unclassified,Eukaryota_unclassified,Eukaryota_unclassified,Eukaryota_unclassified
asv4101,Eukaryota,Eukaryota_unclassified,Eukaryota_unclassified,Eukaryota_unclassified,Eukaryota_unclassified,Eukaryota_unclassified,Eukaryota_unclassified,Eukaryota_unclassified
asv4102,Eukaryota,Eukaryota_unclassified,Eukaryota_unclassified,Eukaryota_unclassified,Eukaryota_unclassified,Eukaryota_unclassified,Eukaryota_unclassified,Eukaryota_unclassified
asv4104,Eukaryota,Eukaryota_unclassified,Eukaryota_unclassified,Eukaryota_unclassified,Eukaryota_unclassified,Eukaryota_unclassified,Eukaryota_unclassified,Eukaryota_unclassified
asv4121,Eukaryota,Eukaryota_unclassified,Eukaryota_unclassified,Eukaryota_unclassified,Eukaryota_unclassified,Eukaryota_unclassified,Eukaryota_unclassified,Eukaryota_unclassified
asv4129,Eukaryota,Eukaryota_unclassified,Eukaryota_unclassified,Eukaryota_unclassified,Eukaryota_unclassified,Eukaryota_unclassified,Eukaryota_unclassified,Eukaryota_unclassified
asv4131,Eukaryota,Eukaryota_unclassified,Eukaryota_unclassified,Eukaryota_unclassified,Eukaryota_unclassified,Eukaryota_unclassified,Eukaryota_unclassified,Eukaryota_unclassified
asv4158,Eukaryota,Eukaryota_unclassified,Eukaryota_unclassified,Eukaryota_unclassified,Eukaryota_unclassified,Eukaryota_unclassified,Eukaryota_unclassified,Eukaryota_unclassified
asv4166,Eukaryota,Eukaryota_unclassified,Eukaryota_unclassified,Eukaryota_unclassified,Eukaryota_unclassified,Eukaryota_unclassified,Eukaryota_unclassified,Eukaryota_unclassified
asv4167,Eukaryota,Eukaryota_unclassified,Eukaryota_unclassified,Eukaryota_unclassified,Eukaryota_unclassified,Eukaryota_unclassified,Eukaryota_unclassified,Eukaryota_unclassified
asv4168,Eukaryota,Eukaryota_unclassified,Eukaryota_unclassified,Eukaryota_unclassified,Eukaryota_unclassified,Eukaryota_unclassified,Eukaryota_unclassified,Eukaryota_unclassified
asv4169,Eukaryota,Eukaryota_unclassified,Eukaryota_unclassified,Eukaryota_unclassified,Eukaryota_unclassified,Eukaryota_unclassified,Eukaryota_unclassified,Eukaryota_unclassified
asv4170,Eukaryota,Eukaryota_unclassified,Eukaryota_unclassified,Eukaryota_unclassified,Eukaryota_unclassified,Eukaryota_unclassified,Eukaryota_unclassified,Eukaryota_unclassified
asv4173,Eukaryota,Eukaryota_unclassified,Eukaryota_unclassified,Eukaryota_unclassified,Eukaryota_unclassified,Eukaryota_unclassified,Eukaryota_unclassified,Eukaryota_unclassified
asv4176,Eukaryota,Eukaryota_unclassified,Eukaryota_unclassified,Eukaryota_unclassified,Eukaryota_unclassified,Eukaryota_unclassified,Eukaryota_unclassified,Eukaryota_unclassified
asv4207,Eukaryota,Eukaryota_unclassified,Eukaryota_unclassified,Eukaryota_unclassified,Eukaryota_unclassified,Eukaryota_unclassified,Eukaryota_unclassified,Eukaryota_unclassified
asv4208,Eukaryota,Eukaryota_unclassified,Eukaryota_unclassified,Eukaryota_unclassified,Eukaryota_unclassified,Eukaryota_unclassified,Eukaryota_unclassified,Eukaryota_unclassified
asv4210,Eukaryota,Eukaryota_unclassified,Eukaryota_unclassified,Eukaryota_unclassified,Eukaryota_unclassified,Eukaryota_unclassified,Eukaryota_unclassified,Eukaryota_unclassified
asv4212,Eukaryota,Eukaryota_unclassified,Eukaryota_unclassified,Eukaryota_unclassified,Eukaryota_unclassified,Eukaryota_unclassified,Eukaryota_unclassified,Eukaryota_unclassified
asv4214,Eukaryota,Eukaryota_unclassified,Eukaryota_unclassified,Eukaryota_unclassified,Eukaryota_unclassified,Eukaryota_unclassified,Eukaryota_unclassified,Eukaryota_unclassified
asv4239,Eukaryota,Eukaryota_unclassified,Eukaryota_unclassified,Eukaryota_unclassified,Eukaryota_unclassified,Eukaryota_unclassified,Eukaryota_unclassified,Eukaryota_unclassified
asv4240,Eukaryota,Eukaryota_unclassified,Eukaryota_unclassified,Eukaryota_unclassified,Eukaryota_unclassified,Eukaryota_unclassified,Eukaryota_unclassified,Eukaryota_unclassified
asv4242,Eukaryota,Eukaryota_unclassified,Eukaryota_unclassified,Eukaryota_unclassified,Eukaryota_unclassified,Eukaryota_unclassified,Eukaryota_unclassified,Eukaryota_unclassified
asv4243,Eukaryota,Eukaryota_unclassified,Eukaryota_unclassified,Eukaryota_unclassified,Eukaryota_unclassified,Eukaryota_unclassified,Eukaryota_unclassified,Eukaryota_unclassified
asv4246,Eukaryota,Eukaryota_unclassified,Eukaryota_unclassified,Eukaryota_unclassified,Eukaryota_unclassified,Eukaryota_unclassified,Eukaryota_unclassified,Eukaryota_unclassified
asv4272,Eukaryota,Eukaryota_unclassified,Eukaryota_unclassified,Eukaryota_unclassified,Eukaryota_unclassified,Eukaryota_unclassified,Eukaryota_unclassified,Eukaryota_unclassified
asv4275,Eukaryota,Eukaryota_unclassified,Eukaryota_unclassified,Eukaryota_unclassified,Eukaryota_unclassified,Eukaryota_unclassified,Eukaryota_unclassified,Eukaryota_unclassified
asv4277,Eukaryota,Eukaryota_unclassified,Eukaryota_unclassified,Eukaryota_unclassified,Eukaryota_unclassified,Eukaryota_unclassified,Eukaryota_unclassified,Eukaryota_unclassified
asv4278,Eukaryota,Eukaryota_unclassified,Eukaryota_unclassified,Eukaryota_unclassified,Eukaryota_unclassified,Eukaryota_unclassified,Eukaryota_unclassified,Eukaryota_unclassified
asv4279,Eukaryota,Eukaryota_unclassified,Eukaryota_unclassified,Eukaryota_unclassified,Eukaryota_unclassified,Eukaryota_unclassified,Eukaryota_unclassified,Eukaryota_unclassified
asv4281,Eukaryota,Eukaryota_unclassified,Eukaryota_unclassified,Eukaryota_unclassified,Eukaryota_unclassified,Eukaryota_unclassified,Eukaryota_unclassified,Eukaryota_unclassified
asv4282,Eukaryota,Eukaryota_unclassified,Eukaryota_unclassified,Eukaryota_unclassified,Eukaryota_unclassified,Eukaryota_unclassified,Eukaryota_unclassified,Eukaryota_unclassified
asv4285,Eukaryota,Eukaryota_unclassified,Eukaryota_unclassified,Eukaryota_unclassified,Eukaryota_unclassified,Eukaryota_unclassified,Eukaryota_unclassified,Eukaryota_unclassified
asv4317,Eukaryota,Eukaryota_unclassified,Eukaryota_unclassified,Eukaryota_unclassified,Eukaryota_unclassified,Eukaryota_unclassified,Eukaryota_unclassified,Eukaryota_unclassified
asv4321,Eukaryota,Eukaryota_unclassified,Eukaryota_unclassified,Eukaryota_unclassified,Eukaryota_unclassified,Eukaryota_unclassified,Eukaryota_unclassified,Eukaryota_unclassified
asv4323,Eukaryota,Eukaryota_unclassified,Eukaryota_unclassified,Eukaryota_unclassified,Eukaryota_unclassified,Eukaryota_unclassified,Eukaryota_unclassified,Eukaryota_unclassified
asv4325,Eukaryota,Eukaryota_unclassified,Eukaryota_unclassified,Eukaryota_unclassified,Eukaryota_unclassified,Eukaryota_unclassified,Eukaryota_unclassified,Eukaryota_unclassified
asv4326,Eukaryota,Eukaryota_unclassified,Eukaryota_unclassified,Eukaryota_unclassified,Eukaryota_unclassified,Eukaryota_unclassified,Eukaryota_unclassified,Eukaryota_unclassified
asv4354,Eukaryota,Eukaryota_unclassified,Eukaryota_unclassified,Eukaryota_unclassified,Eukaryota_unclassified,Eukaryota_unclassified,Eukaryota_unclassified,Eukaryota_unclassified
asv4355,Eukaryota,Eukaryota_unclassified,Eukaryota_unclassified,Eukaryota_unclassified,Eukaryota_unclassified,Eukaryota_unclassified,Eukaryota_unclassified,Eukaryota_unclassified
asv4360,Eukaryota,Eukaryota_unclassified,Eukaryota_unclassified,Eukaryota_unclassified,Eukaryota_unclassified,Eukaryota_unclassified,Eukaryota_unclassified,Eukaryota_unclassified
asv4362,Eukaryota,Eukaryota_unclassified,Eukaryota_unclassified,Eukaryota_unclassified,Eukaryota_unclassified,Eukaryota_unclassified,Eukaryota_unclassified,Eukaryota_unclassified
asv4368,Eukaryota,Eukaryota_unclassified,Eukaryota_unclassified,Eukaryota_unclassified,Eukaryota_unclassified,Eukaryota_unclassified,Eukaryota_unclassified,Eukaryota_unclassified
asv4369,Eukaryota,Eukaryota_unclassified,Eukaryota_unclassified,Eukaryota_unclassified,Eukaryota_unclassified,Eukaryota_unclassified,Eukaryota_unclassified,Eukaryota_unclassified
asv4370,Eukaryota,Eukaryota_unclassified,Eukaryota_unclassified,Eukaryota_unclassified,Eukaryota_unclassified,Eukaryota_unclassified,Eukaryota_unclassified,Eukaryota_unclassified
asv4371,Eukaryota,Eukaryota_unclassified,Eukaryota_unclassified,Eukaryota_unclassified,Eukaryota_unclassified,Eukaryota_unclassified,Eukaryota_unclassified,Eukaryota_unclassified
asv4372,Eukaryota,Eukaryota_unclassified,Eukaryota_unclassified,Eukaryota_unclassified,Eukaryota_unclassified,Eukaryota_unclassified,Eukaryota_unclassified,Eukaryota_unclassified
asv4373,Eukaryota,Eukaryota_unclassified,Eukaryota_unclassified,Eukaryota_unclassified,Eukaryota_unclassified,Eukaryota_unclassified,Eukaryota_unclassified,Eukaryota_unclassified
asv4388,Eukaryota,Eukaryota_unclassified,Eukaryota_unclassified,Eukaryota_unclassified,Eukaryota_unclassified,Eukaryota_unclassified,Eukaryota_unclassified,Eukaryota_unclassified
asv4399,Eukaryota,Eukaryota_unclassified,Eukaryota_unclassified,Eukaryota_unclassified,Eukaryota_unclassified,Eukaryota_unclassified,Eukaryota_unclassified,Eukaryota_unclassified
asv4400,Eukaryota,Eukaryota_unclassified,Eukaryota_unclassified,Eukaryota_unclassified,Eukaryota_unclassified,Eukaryota_unclassified,Eukaryota_unclassified,Eukaryota_unclassified
asv4401,Eukaryota,Eukaryota_unclassified,Eukaryota_unclassified,Eukaryota_unclassified,Eukaryota_unclassified,Eukaryota_unclassified,Eukaryota_unclassified,Eukaryota_unclassified
asv4403,Eukaryota,Eukaryota_unclassified,Eukaryota_unclassified,Eukaryota_unclassified,Eukaryota_unclassified,Eukaryota_unclassified,Eukaryota_unclassified,Eukaryota_unclassified
asv4404,Eukaryota,Eukaryota_unclassified,Eukaryota_unclassified,Eukaryota_unclassified,Eukaryota_unclassified,Eukaryota_unclassified,Eukaryota_unclassified,Eukaryota_unclassified
asv4406,Eukaryota,Eukaryota_unclassified,Eukaryota_unclassified,Eukaryota_unclassified,Eukaryota_unclassified,Eukaryota_unclassified,Eukaryota_unclassified,Eukaryota_unclassified
asv4451,Eukaryota,Eukaryota_unclassified,Eukaryota_unclassified,Eukaryota_unclassified,Eukaryota_unclassified,Eukaryota_unclassified,Eukaryota_unclassified,Eukaryota_unclassified
asv4452,Eukaryota,Eukaryota_unclassified,Eukaryota_unclassified,Eukaryota_unclassified,Eukaryota_unclassified,Eukaryota_unclassified,Eukaryota_unclassified,Eukaryota_unclassified
asv4481,Eukaryota,Eukaryota_unclassified,Eukaryota_unclassified,Eukaryota_unclassified,Eukaryota_unclassified,Eukaryota_unclassified,Eukaryota_unclassified,Eukaryota_unclassified
asv4483,Eukaryota,Eukaryota_unclassified,Eukaryota_unclassified,Eukaryota_unclassified,Eukaryota_unclassified,Eukaryota_unclassified,Eukaryota_unclassified,Eukaryota_unclassified
asv4484,Eukaryota,Eukaryota_unclassified,Eukaryota_unclassified,Eukaryota_unclassified,Eukaryota_unclassified,Eukaryota_unclassified,Eukaryota_unclassified,Eukaryota_unclassified
asv4510,Eukaryota,Eukaryota_unclassified,Eukaryota_unclassified,Eukaryota_unclassified,Eukaryota_unclassified,Eukaryota_unclassified,Eukaryota_unclassified,Eukaryota_unclassified
asv4512,Eukaryota,Eukaryota_unclassified,Eukaryota_unclassified,Eukaryota_unclassified,Eukaryota_unclassified,Eukaryota_unclassified,Eukaryota_unclassified,Eukaryota_unclassified
asv4515,Eukaryota,Eukaryota_unclassified,Eukaryota_unclassified,Eukaryota_unclassified,Eukaryota_unclassified,Eukaryota_unclassified,Eukaryota_unclassified,Eukaryota_unclassified
asv4518,Eukaryota,Eukaryota_unclassified,Eukaryota_unclassified,Eukaryota_unclassified,Eukaryota_unclassified,Eukaryota_unclassified,Eukaryota_unclassified,Eukaryota_unclassified
asv4521,Eukaryota,Eukaryota_unclassified,Eukaryota_unclassified,Eukaryota_unclassified,Eukaryota_unclassified,Eukaryota_unclassified,Eukaryota_unclassified,Eukaryota_unclassified
asv4522,Eukaryota,Eukaryota_unclassified,Eukaryota_unclassified,Eukaryota_unclassified,Eukaryota_unclassified,Eukaryota_unclassified,Eukaryota_unclassified,Eukaryota_unclassified
asv4524,Eukaryota,Eukaryota_unclassified,Eukaryota_unclassified,Eukaryota_unclassified,Eukaryota_unclassified,Eukaryota_unclassified,Eukaryota_unclassified,Eukaryota_unclassified
asv4525,Eukaryota,Eukaryota_unclassified,Eukaryota_unclassified,Eukaryota_unclassified,Eukaryota_unclassified,Eukaryota_unclassified,Eukaryota_unclassified,Eukaryota_unclassified
asv4526,Eukaryota,Eukaryota_unclassified,Eukaryota_unclassified,Eukaryota_unclassified,Eukaryota_unclassified,Eukaryota_unclassified,Eukaryota_unclassified,Eukaryota_unclassified
asv4553,Eukaryota,Eukaryota_unclassified,Eukaryota_unclassified,Eukaryota_unclassified,Eukaryota_unclassified,Eukaryota_unclassified,Eukaryota_unclassified,Eukaryota_unclassified
asv4558,Eukaryota,Eukaryota_unclassified,Eukaryota_unclassified,Eukaryota_unclassified,Eukaryota_unclassified,Eukaryota_unclassified,Eukaryota_unclassified,Eukaryota_unclassified
asv4560,Eukaryota,Eukaryota_unclassified,Eukaryota_unclassified,Eukaryota_unclassified,Eukaryota_unclassified,Eukaryota_unclassified,Eukaryota_unclassified,Eukaryota_unclassified
asv4561,Eukaryota,Eukaryota_unclassified,Eukaryota_unclassified,Eukaryota_unclassified,Eukaryota_unclassified,Eukaryota_unclassified,Eukaryota_unclassified,Eukaryota_unclassified
asv4562,Eukaryota,Eukaryota_unclassified,Eukaryota_unclassified,Eukaryota_unclassified,Eukaryota_unclassified,Eukaryota_unclassified,Eukaryota_unclassified,Eukaryota_unclassified
asv4563,Eukaryota,Eukaryota_unclassified,Eukaryota_unclassified,Eukaryota_unclassified,Eukaryota_unclassified,Eukaryota_unclassified,Eukaryota_unclassified,Eukaryota_unclassified
asv4564,Eukaryota,Eukaryota_unclassified,Eukaryota_unclassified,Eukaryota_unclassified,Eukaryota_unclassified,Eukaryota_unclassified,Eukaryota_unclassified,Eukaryota_unclassified
asv4565,Eukaryota,Eukaryota_unclassified,Eukaryota_unclassified,Eukaryota_unclassified,Eukaryota_unclassified,Eukaryota_unclassified,Eukaryota_unclassified,Eukaryota_unclassified
asv4567,Eukaryota,Eukaryota_unclassified,Eukaryota_unclassified,Eukaryota_unclassified,Eukaryota_unclassified,Eukaryota_unclassified,Eukaryota_unclassified,Eukaryota_unclassified
asv4572,Eukaryota,Eukaryota_unclassified,Eukaryota_unclassified,Eukaryota_unclassified,Eukaryota_unclassified,Eukaryota_unclassified,Eukaryota_unclassified,Eukaryota_unclassified
asv4573,Eukaryota,Eukaryota_unclassified,Eukaryota_unclassified,Eukaryota_unclassified,Eukaryota_unclassified,Eukaryota_unclassified,Eukaryota_unclassified,Eukaryota_unclassified
asv4618,Eukaryota,Eukaryota_unclassified,Eukaryota_unclassified,Eukaryota_unclassified,Eukaryota_unclassified,Eukaryota_unclassified,Eukaryota_unclassified,Eukaryota_unclassified
asv4619,Eukaryota,Eukaryota_unclassified,Eukaryota_unclassified,Eukaryota_unclassified,Eukaryota_unclassified,Eukaryota_unclassified,Eukaryota_unclassified,Eukaryota_unclassified
asv4620,Eukaryota,Eukaryota_unclassified,Eukaryota_unclassified,Eukaryota_unclassified,Eukaryota_unclassified,Eukaryota_unclassified,Eukaryota_unclassified,Eukaryota_unclassified
asv4621,Eukaryota,Eukaryota_unclassified,Eukaryota_unclassified,Eukaryota_unclassified,Eukaryota_unclassified,Eukaryota_unclassified,Eukaryota_unclassified,Eukaryota_unclassified
asv4624,Eukaryota,Eukaryota_unclassified,Eukaryota_unclassified,Eukaryota_unclassified,Eukaryota_unclassified,Eukaryota_unclassified,Eukaryota_unclassified,Eukaryota_unclassified
asv4626,Eukaryota,Eukaryota_unclassified,Eukaryota_unclassified,Eukaryota_unclassified,Eukaryota_unclassified,Eukaryota_unclassified,Eukaryota_unclassified,Eukaryota_unclassified
asv4628,Eukaryota,Eukaryota_unclassified,Eukaryota_unclassified,Eukaryota_unclassified,Eukaryota_unclassified,Eukaryota_unclassified,Eukaryota_unclassified,Eukaryota_unclassified
asv4630,Eukaryota,Eukaryota_unclassified,Eukaryota_unclassified,Eukaryota_unclassified,Eukaryota_unclassified,Eukaryota_unclassified,Eukaryota_unclassified,Eukaryota_unclassified
asv4631,Eukaryota,Eukaryota_unclassified,Eukaryota_unclassified,Eukaryota_unclassified,Eukaryota_unclassified,Eukaryota_unclassified,Eukaryota_unclassified,Eukaryota_unclassified
asv4665,Eukaryota,Eukaryota_unclassified,Eukaryota_unclassified,Eukaryota_unclassified,Eukaryota_unclassified,Eukaryota_unclassified,Eukaryota_unclassified,Eukaryota_unclassified
asv4669,Eukaryota,Eukaryota_unclassified,Eukaryota_unclassified,Eukaryota_unclassified,Eukaryota_unclassified,Eukaryota_unclassified,Eukaryota_unclassified,Eukaryota_unclassified
asv4670,Eukaryota,Eukaryota_unclassified,Eukaryota_unclassified,Eukaryota_unclassified,Eukaryota_unclassified,Eukaryota_unclassified,Eukaryota_unclassified,Eukaryota_unclassified
asv4672,Eukaryota,Eukaryota_unclassified,Eukaryota_unclassified,Eukaryota_unclassified,Eukaryota_unclassified,Eukaryota_unclassified,Eukaryota_unclassified,Eukaryota_unclassified
asv4673,Eukaryota,Eukaryota_unclassified,Eukaryota_unclassified,Eukaryota_unclassified,Eukaryota_unclassified,Eukaryota_unclassified,Eukaryota_unclassified,Eukaryota_unclassified
asv4674,Eukaryota,Eukaryota_unclassified,Eukaryota_unclassified,Eukaryota_unclassified,Eukaryota_unclassified,Eukaryota_unclassified,Eukaryota_unclassified,Eukaryota_unclassified
asv4678,Eukaryota,Eukaryota_unclassified,Eukaryota_unclassified,Eukaryota_unclassified,Eukaryota_unclassified,Eukaryota_unclassified,Eukaryota_unclassified,Eukaryota_unclassified
asv4713,Eukaryota,Eukaryota_unclassified,Eukaryota_unclassified,Eukaryota_unclassified,Eukaryota_unclassified,Eukaryota_unclassified,Eukaryota_unclassified,Eukaryota_unclassified
asv4715,Eukaryota,Eukaryota_unclassified,Eukaryota_unclassified,Eukaryota_unclassified,Eukaryota_unclassified,Eukaryota_unclassified,Eukaryota_unclassified,Eukaryota_unclassified
asv4716,Eukaryota,Eukaryota_unclassified,Eukaryota_unclassified,Eukaryota_unclassified,Eukaryota_unclassified,Eukaryota_unclassified,Eukaryota_unclassified,Eukaryota_unclassified
asv4717,Eukaryota,Eukaryota_unclassified,Eukaryota_unclassified,Eukaryota_unclassified,Eukaryota_unclassified,Eukaryota_unclassified,Eukaryota_unclassified,Eukaryota_unclassified
asv4746,Eukaryota,Eukaryota_unclassified,Eukaryota_unclassified,Eukaryota_unclassified,Eukaryota_unclassified,Eukaryota_unclassified,Eukaryota_unclassified,Eukaryota_unclassified
asv4750,Eukaryota,Eukaryota_unclassified,Eukaryota_unclassified,Eukaryota_unclassified,Eukaryota_unclassified,Eukaryota_unclassified,Eukaryota_unclassified,Eukaryota_unclassified
asv4756,Eukaryota,Eukaryota_unclassified,Eukaryota_unclassified,Eukaryota_unclassified,Eukaryota_unclassified,Eukaryota_unclassified,Eukaryota_unclassified,Eukaryota_unclassified
asv4757,Eukaryota,Eukaryota_unclassified,Eukaryota_unclassified,Eukaryota_unclassified,Eukaryota_unclassified,Eukaryota_unclassified,Eukaryota_unclassified,Eukaryota_unclassified
asv4763,Eukaryota,Eukaryota_unclassified,Eukaryota_unclassified,Eukaryota_unclassified,Eukaryota_unclassified,Eukaryota_unclassified,Eukaryota_unclassified,Eukaryota_unclassified
asv4817,Eukaryota,Eukaryota_unclassified,Eukaryota_unclassified,Eukaryota_unclassified,Eukaryota_unclassified,Eukaryota_unclassified,Eukaryota_unclassified,Eukaryota_unclassified
asv4818,Eukaryota,Eukaryota_unclassified,Eukaryota_unclassified,Eukaryota_unclassified,Eukaryota_unclassified,Eukaryota_unclassified,Eukaryota_unclassified,Eukaryota_unclassified
asv4819,Eukaryota,Eukaryota_unclassified,Eukaryota_unclassified,Eukaryota_unclassified,Eukaryota_unclassified,Eukaryota_unclassified,Eukaryota_unclassified,Eukaryota_unclassified
asv4820,Eukaryota,Eukaryota_unclassified,Eukaryota_unclassified,Eukaryota_unclassified,Eukaryota_unclassified,Eukaryota_unclassified,Eukaryota_unclassified,Eukaryota_unclassified
asv4822,Eukaryota,Eukaryota_unclassified,Eukaryota_unclassified,Eukaryota_unclassified,Eukaryota_unclassified,Eukaryota_unclassified,Eukaryota_unclassified,Eukaryota_unclassified
asv4824,Eukaryota,Eukaryota_unclassified,Eukaryota_unclassified,Eukaryota_unclassified,Eukaryota_unclassified,Eukaryota_unclassified,Eukaryota_unclassified,Eukaryota_unclassified
asv4828,Eukaryota,Eukaryota_unclassified,Eukaryota_unclassified,Eukaryota_unclassified,Eukaryota_unclassified,Eukaryota_unclassified,Eukaryota_unclassified,Eukaryota_unclassified
asv4830,Eukaryota,Eukaryota_unclassified,Eukaryota_unclassified,Eukaryota_unclassified,Eukaryota_unclassified,Eukaryota_unclassified,Eukaryota_unclassified,Eukaryota_unclassified
asv4833,Eukaryota,Eukaryota_unclassified,Eukaryota_unclassified,Eukaryota_unclassified,Eukaryota_unclassified,Eukaryota_unclassified,Eukaryota_unclassified,Eukaryota_unclassified
asv4878,Eukaryota,Eukaryota_unclassified,Eukaryota_unclassified,Eukaryota_unclassified,Eukaryota_unclassified,Eukaryota_unclassified,Eukaryota_unclassified,Eukaryota_unclassified
asv4883,Eukaryota,Eukaryota_unclassified,Eukaryota_unclassified,Eukaryota_unclassified,Eukaryota_unclassified,Eukaryota_unclassified,Eukaryota_unclassified,Eukaryota_unclassified
asv4884,Eukaryota,Eukaryota_unclassified,Eukaryota_unclassified,Eukaryota_unclassified,Eukaryota_unclassified,Eukaryota_unclassified,Eukaryota_unclassified,Eukaryota_unclassified
asv4886,Eukaryota,Eukaryota_unclassified,Eukaryota_unclassified,Eukaryota_unclassified,Eukaryota_unclassified,Eukaryota_unclassified,Eukaryota_unclassified,Eukaryota_unclassified
asv4888,Eukaryota,Eukaryota_unclassified,Eukaryota_unclassified,Eukaryota_unclassified,Eukaryota_unclassified,Eukaryota_unclassified,Eukaryota_unclassified,Eukaryota_unclassified
asv4889,Eukaryota,Eukaryota_unclassified,Eukaryota_unclassified,Eukaryota_unclassified,Eukaryota_unclassified,Eukaryota_unclassified,Eukaryota_unclassified,Eukaryota_unclassified
asv4939,Eukaryota,Eukaryota_unclassified,Eukaryota_unclassified,Eukaryota_unclassified,Eukaryota_unclassified,Eukaryota_unclassified,Eukaryota_unclassified,Eukaryota_unclassified
asv4941,Eukaryota,Eukaryota_unclassified,Eukaryota_unclassified,Eukaryota_unclassified,Eukaryota_unclassified,Eukaryota_unclassified,Eukaryota_unclassified,Eukaryota_unclassified
asv4943,Eukaryota,Eukaryota_unclassified,Eukaryota_unclassified,Eukaryota_unclassified,Eukaryota_unclassified,Eukaryota_unclassified,Eukaryota_unclassified,Eukaryota_unclassified
asv4945,Eukaryota,Eukaryota_unclassified,Eukaryota_unclassified,Eukaryota_unclassified,Eukaryota_unclassified,Eukaryota_unclassified,Eukaryota_unclassified,Eukaryota_unclassified
asv4947,Eukaryota,Eukaryota_unclassified,Eukaryota_unclassified,Eukaryota_unclassified,Eukaryota_unclassified,Eukaryota_unclassified,Eukaryota_unclassified,Eukaryota_unclassified
asv4948,Eukaryota,Eukaryota_unclassified,Eukaryota_unclassified,Eukaryota_unclassified,Eukaryota_unclassified,Eukaryota_unclassified,Eukaryota_unclassified,Eukaryota_unclassified
asv4950,Eukaryota,Eukaryota_unclassified,Eukaryota_unclassified,Eukaryota_unclassified,Eukaryota_unclassified,Eukaryota_unclassified,Eukaryota_unclassified,Eukaryota_unclassified
asv4951,Eukaryota,Eukaryota_unclassified,Eukaryota_unclassified,Eukaryota_unclassified,Eukaryota_unclassified,Eukaryota_unclassified,Eukaryota_unclassified,Eukaryota_unclassified
asv4954,Eukaryota,Eukaryota_unclassified,Eukaryota_unclassified,Eukaryota_unclassified,Eukaryota_unclassified,Eukaryota_unclassified,Eukaryota_unclassified,Eukaryota_unclassified
asv4998,Eukaryota,Eukaryota_unclassified,Eukaryota_unclassified,Eukaryota_unclassified,Eukaryota_unclassified,Eukaryota_unclassified,Eukaryota_unclassified,Eukaryota_unclassified
asv4999,Eukaryota,Eukaryota_unclassified,Eukaryota_unclassified,Eukaryota_unclassified,Eukaryota_unclassified,Eukaryota_unclassified,Eukaryota_unclassified,Eukaryota_unclassified
asv5002,Eukaryota,Eukaryota_unclassified,Eukaryota_unclassified,Eukaryota_unclassified,Eukaryota_unclassified,Eukaryota_unclassified,Eukaryota_unclassified,Eukaryota_unclassified
asv5010,Eukaryota,Eukaryota_unclassified,Eukaryota_unclassified,Eukaryota_unclassified,Eukaryota_unclassified,Eukaryota_unclassified,Eukaryota_unclassified,Eukaryota_unclassified
asv5013,Eukaryota,Eukaryota_unclassified,Eukaryota_unclassified,Eukaryota_unclassified,Eukaryota_unclassified,Eukaryota_unclassified,Eukaryota_unclassified,Eukaryota_unclassified
asv5014,Eukaryota,Eukaryota_unclassified,Eukaryota_unclassified,Eukaryota_unclassified,Eukaryota_unclassified,Eukaryota_unclassified,Eukaryota_unclassified,Eukaryota_unclassified
asv5059,Eukaryota,Eukaryota_unclassified,Eukaryota_unclassified,Eukaryota_unclassified,Eukaryota_unclassified,Eukaryota_unclassified,Eukaryota_unclassified,Eukaryota_unclassified
asv5060,Eukaryota,Eukaryota_unclassified,Eukaryota_unclassified,Eukaryota_unclassified,Eukaryota_unclassified,Eukaryota_unclassified,Eukaryota_unclassified,Eukaryota_unclassified
asv5061,Eukaryota,Eukaryota_unclassified,Eukaryota_unclassified,Eukaryota_unclassified,Eukaryota_unclassified,Eukaryota_unclassified,Eukaryota_unclassified,Eukaryota_unclassified
asv5063,Eukaryota,Eukaryota_unclassified,Eukaryota_unclassified,Eukaryota_unclassified,Eukaryota_unclassified,Eukaryota_unclassified,Eukaryota_unclassified,Eukaryota_unclassified
asv5065,Eukaryota,Eukaryota_unclassified,Eukaryota_unclassified,Eukaryota_unclassified,Eukaryota_unclassified,Eukaryota_unclassified,Eukaryota_unclassified,Eukaryota_unclassified
asv5067,Eukaryota,Eukaryota_unclassified,Eukaryota_unclassified,Eukaryota_unclassified,Eukaryota_unclassified,Eukaryota_unclassified,Eukaryota_unclassified,Eukaryota_unclassified
asv5069,Eukaryota,Eukaryota_unclassified,Eukaryota_unclassified,Eukaryota_unclassified,Eukaryota_unclassified,Eukaryota_unclassified,Eukaryota_unclassified,Eukaryota_unclassified
asv5071,Eukaryota,Eukaryota_unclassified,Eukaryota_unclassified,Eukaryota_unclassified,Eukaryota_unclassified,Eukaryota_unclassified,Eukaryota_unclassified,Eukaryota_unclassified
asv5073,Eukaryota,Eukaryota_unclassified,Eukaryota_unclassified,Eukaryota_unclassified,Eukaryota_unclassified,Eukaryota_unclassified,Eukaryota_unclassified,Eukaryota_unclassified
asv5074,Eukaryota,Eukaryota_unclassified,Eukaryota_unclassified,Eukaryota_unclassified,Eukaryota_unclassified,Eukaryota_unclassified,Eukaryota_unclassified,Eukaryota_unclassified
asv5075,Eukaryota,Eukaryota_unclassified,Eukaryota_unclassified,Eukaryota_unclassified,Eukaryota_unclassified,Eukaryota_unclassified,Eukaryota_unclassified,Eukaryota_unclassified
asv5148,Eukaryota,Eukaryota_unclassified,Eukaryota_unclassified,Eukaryota_unclassified,Eukaryota_unclassified,Eukaryota_unclassified,Eukaryota_unclassified,Eukaryota_unclassified
asv5149,Eukaryota,Eukaryota_unclassified,Eukaryota_unclassified,Eukaryota_unclassified,Eukaryota_unclassified,Eukaryota_unclassified,Eukaryota_unclassified,Eukaryota_unclassified
asv5150,Eukaryota,Eukaryota_unclassified,Eukaryota_unclassified,Eukaryota_unclassified,Eukaryota_unclassified,Eukaryota_unclassified,Eukaryota_unclassified,Eukaryota_unclassified
asv5151,Eukaryota,Eukaryota_unclassified,Eukaryota_unclassified,Eukaryota_unclassified,Eukaryota_unclassified,Eukaryota_unclassified,Eukaryota_unclassified,Eukaryota_unclassified
asv5154,Eukaryota,Eukaryota_unclassified,Eukaryota_unclassified,Eukaryota_unclassified,Eukaryota_unclassified,Eukaryota_unclassified,Eukaryota_unclassified,Eukaryota_unclassified
asv5155,Eukaryota,Eukaryota_unclassified,Eukaryota_unclassified,Eukaryota_unclassified,Eukaryota_unclassified,Eukaryota_unclassified,Eukaryota_unclassified,Eukaryota_unclassified
asv5210,Eukaryota,Eukaryota_unclassified,Eukaryota_unclassified,Eukaryota_unclassified,Eukaryota_unclassified,Eukaryota_unclassified,Eukaryota_unclassified,Eukaryota_unclassified
asv5212,Eukaryota,Eukaryota_unclassified,Eukaryota_unclassified,Eukaryota_unclassified,Eukaryota_unclassified,Eukaryota_unclassified,Eukaryota_unclassified,Eukaryota_unclassified
asv5214,Eukaryota,Eukaryota_unclassified,Eukaryota_unclassified,Eukaryota_unclassified,Eukaryota_unclassified,Eukaryota_unclassified,Eukaryota_unclassified,Eukaryota_unclassified
asv5215,Eukaryota,Eukaryota_unclassified,Eukaryota_unclassified,Eukaryota_unclassified,Eukaryota_unclassified,Eukaryota_unclassified,Eukaryota_unclassified,Eukaryota_unclassified
asv5217,Eukaryota,Eukaryota_unclassified,Eukaryota_unclassified,Eukaryota_unclassified,Eukaryota_unclassified,Eukaryota_unclassified,Eukaryota_unclassified,Eukaryota_unclassified
asv5219,Eukaryota,Eukaryota_unclassified,Eukaryota_unclassified,Eukaryota_unclassified,Eukaryota_unclassified,Eukaryota_unclassified,Eukaryota_unclassified,Eukaryota_unclassified
asv5220,Eukaryota,Eukaryota_unclassified,Eukaryota_unclassified,Eukaryota_unclassified,Eukaryota_unclassified,Eukaryota_unclassified,Eukaryota_unclassified,Eukaryota_unclassified
asv5222,Eukaryota,Eukaryota_unclassified,Eukaryota_unclassified,Eukaryota_unclassified,Eukaryota_unclassified,Eukaryota_unclassified,Eukaryota_unclassified,Eukaryota_unclassified
asv5223,Eukaryota,Eukaryota_unclassified,Eukaryota_unclassified,Eukaryota_unclassified,Eukaryota_unclassified,Eukaryota_unclassified,Eukaryota_unclassified,Eukaryota_unclassified
asv5228,Eukaryota,Eukaryota_unclassified,Eukaryota_unclassified,Eukaryota_unclassified,Eukaryota_unclassified,Eukaryota_unclassified,Eukaryota_unclassified,Eukaryota_unclassified
asv5229,Eukaryota,Eukaryota_unclassified,Eukaryota_unclassified,Eukaryota_unclassified,Eukaryota_unclassified,Eukaryota_unclassified,Eukaryota_unclassified,Eukaryota_unclassified
asv5230,Eukaryota,Eukaryota_unclassified,Eukaryota_unclassified,Eukaryota_unclassified,Eukaryota_unclassified,Eukaryota_unclassified,Eukaryota_unclassified,Eukaryota_unclassified
asv5275,Eukaryota,Eukaryota_unclassified,Eukaryota_unclassified,Eukaryota_unclassified,Eukaryota_unclassified,Eukaryota_unclassified,Eukaryota_unclassified,Eukaryota_unclassified
asv5277,Eukaryota,Eukaryota_unclassified,Eukaryota_unclassified,Eukaryota_unclassified,Eukaryota_unclassified,Eukaryota_unclassified,Eukaryota_unclassified,Eukaryota_unclassified
asv5278,Eukaryota,Eukaryota_unclassified,Eukaryota_unclassified,Eukaryota_unclassified,Eukaryota_unclassified,Eukaryota_unclassified,Eukaryota_unclassified,Eukaryota_unclassified
asv5280,Eukaryota,Eukaryota_unclassified,Eukaryota_unclassified,Eukaryota_unclassified,Eukaryota_unclassified,Eukaryota_unclassified,Eukaryota_unclassified,Eukaryota_unclassified
asv5282,Eukaryota,Eukaryota_unclassified,Eukaryota_unclassified,Eukaryota_unclassified,Eukaryota_unclassified,Eukaryota_unclassified,Eukaryota_unclassified,Eukaryota_unclassified
asv5283,Eukaryota,Eukaryota_unclassified,Eukaryota_unclassified,Eukaryota_unclassified,Eukaryota_unclassified,Eukaryota_unclassified,Eukaryota_unclassified,Eukaryota_unclassified
asv5284,Eukaryota,Eukaryota_unclassified,Eukaryota_unclassified,Eukaryota_unclassified,Eukaryota_unclassified,Eukaryota_unclassified,Eukaryota_unclassified,Eukaryota_unclassified
asv5285,Eukaryota,Eukaryota_unclassified,Eukaryota_unclassified,Eukaryota_unclassified,Eukaryota_unclassified,Eukaryota_unclassified,Eukaryota_unclassified,Eukaryota_unclassified
asv5287,Eukaryota,Eukaryota_unclassified,Eukaryota_unclassified,Eukaryota_unclassified,Eukaryota_unclassified,Eukaryota_unclassified,Eukaryota_unclassified,Eukaryota_unclassified
asv5288,Eukaryota,Eukaryota_unclassified,Eukaryota_unclassified,Eukaryota_unclassified,Eukaryota_unclassified,Eukaryota_unclassified,Eukaryota_unclassified,Eukaryota_unclassified
asv5291,Eukaryota,Eukaryota_unclassified,Eukaryota_unclassified,Eukaryota_unclassified,Eukaryota_unclassified,Eukaryota_unclassified,Eukaryota_unclassified,Eukaryota_unclassified
asv5292,Eukaryota,Eukaryota_unclassified,Eukaryota_unclassified,Eukaryota_unclassified,Eukaryota_unclassified,Eukaryota_unclassified,Eukaryota_unclassified,Eukaryota_unclassified
asv5293,Eukaryota,Eukaryota_unclassified,Eukaryota_unclassified,Eukaryota_unclassified,Eukaryota_unclassified,Eukaryota_unclassified,Eukaryota_unclassified,Eukaryota_unclassified
asv5294,Eukaryota,Eukaryota_unclassified,Eukaryota_unclassified,Eukaryota_unclassified,Eukaryota_unclassified,Eukaryota_unclassified,Eukaryota_unclassified,Eukaryota_unclassified
asv5295,Eukaryota,Eukaryota_unclassified,Eukaryota_unclassified,Eukaryota_unclassified,Eukaryota_unclassified,Eukaryota_unclassified,Eukaryota_unclassified,Eukaryota_unclassified
asv5306,Eukaryota,Eukaryota_unclassified,Eukaryota_unclassified,Eukaryota_unclassified,Eukaryota_unclassified,Eukaryota_unclassified,Eukaryota_unclassified,Eukaryota_unclassified
asv5307,Eukaryota,Eukaryota_unclassified,Eukaryota_unclassified,Eukaryota_unclassified,Eukaryota_unclassified,Eukaryota_unclassified,Eukaryota_unclassified,Eukaryota_unclassified
asv5372,Eukaryota,Eukaryota_unclassified,Eukaryota_unclassified,Eukaryota_unclassified,Eukaryota_unclassified,Eukaryota_unclassified,Eukaryota_unclassified,Eukaryota_unclassified
asv5374,Eukaryota,Eukaryota_unclassified,Eukaryota_unclassified,Eukaryota_unclassified,Eukaryota_unclassified,Eukaryota_unclassified,Eukaryota_unclassified,Eukaryota_unclassified
asv5377,Eukaryota,Eukaryota_unclassified,Eukaryota_unclassified,Eukaryota_unclassified,Eukaryota_unclassified,Eukaryota_unclassified,Eukaryota_unclassified,Eukaryota_unclassified
asv5378,Eukaryota,Eukaryota_unclassified,Eukaryota_unclassified,Eukaryota_unclassified,Eukaryota_unclassified,Eukaryota_unclassified,Eukaryota_unclassified,Eukaryota_unclassified
asv5379,Eukaryota,Eukaryota_unclassified,Eukaryota_unclassified,Eukaryota_unclassified,Eukaryota_unclassified,Eukaryota_unclassified,Eukaryota_unclassified,Eukaryota_unclassified
asv5381,Eukaryota,Eukaryota_unclassified,Eukaryota_unclassified,Eukaryota_unclassified,Eukaryota_unclassified,Eukaryota_unclassified,Eukaryota_unclassified,Eukaryota_unclassified
asv5382,Eukaryota,Eukaryota_unclassified,Eukaryota_unclassified,Eukaryota_unclassified,Eukaryota_unclassified,Eukaryota_unclassified,Eukaryota_unclassified,Eukaryota_unclassified
asv5394,Eukaryota,Eukaryota_unclassified,Eukaryota_unclassified,Eukaryota_unclassified,Eukaryota_unclassified,Eukaryota_unclassified,Eukaryota_unclassified,Eukaryota_unclassified
asv5453,Eukaryota,Eukaryota_unclassified,Eukaryota_unclassified,Eukaryota_unclassified,Eukaryota_unclassified,Eukaryota_unclassified,Eukaryota_unclassified,Eukaryota_unclassified
asv5455,Eukaryota,Eukaryota_unclassified,Eukaryota_unclassified,Eukaryota_unclassified,Eukaryota_unclassified,Eukaryota_unclassified,Eukaryota_unclassified,Eukaryota_unclassified
asv5457,Eukaryota,Eukaryota_unclassified,Eukaryota_unclassified,Eukaryota_unclassified,Eukaryota_unclassified,Eukaryota_unclassified,Eukaryota_unclassified,Eukaryota_unclassified
asv5458,Eukaryota,Eukaryota_unclassified,Eukaryota_unclassified,Eukaryota_unclassified,Eukaryota_unclassified,Eukaryota_unclassified,Eukaryota_unclassified,Eukaryota_unclassified
asv5463,Eukaryota,Eukaryota_unclassified,Eukaryota_unclassified,Eukaryota_unclassified,Eukaryota_unclassified,Eukaryota_unclassified,Eukaryota_unclassified,Eukaryota_unclassified
asv5464,Eukaryota,Eukaryota_unclassified,Eukaryota_unclassified,Eukaryota_unclassified,Eukaryota_unclassified,Eukaryota_unclassified,Eukaryota_unclassified,Eukaryota_unclassified
asv5466,Eukaryota,Eukaryota_unclassified,Eukaryota_unclassified,Eukaryota_unclassified,Eukaryota_unclassified,Eukaryota_unclassified,Eukaryota_unclassified,Eukaryota_unclassified
asv5467,Eukaryota,Eukaryota_unclassified,Eukaryota_unclassified,Eukaryota_unclassified,Eukaryota_unclassified,Eukaryota_unclassified,Eukaryota_unclassified,Eukaryota_unclassified
asv5468,Eukaryota,Eukaryota_unclassified,Eukaryota_unclassified,Eukaryota_unclassified,Eukaryota_unclassified,Eukaryota_unclassified,Eukaryota_unclassified,Eukaryota_unclassified
asv5469,Eukaryota,Eukaryota_unclassified,Eukaryota_unclassified,Eukaryota_unclassified,Eukaryota_unclassified,Eukaryota_unclassified,Eukaryota_unclassified,Eukaryota_unclassified
asv5472,Eukaryota,Eukaryota_unclassified,Eukaryota_unclassified,Eukaryota_unclassified,Eukaryota_unclassified,Eukaryota_unclassified,Eukaryota_unclassified,Eukaryota_unclassified
asv5473,Eukaryota,Eukaryota_unclassified,Eukaryota_unclassified,Eukaryota_unclassified,Eukaryota_unclassified,Eukaryota_unclassified,Eukaryota_unclassified,Eukaryota_unclassified
asv5475,Eukaryota,Eukaryota_unclassified,Eukaryota_unclassified,Eukaryota_unclassified,Eukaryota_unclassified,Eukaryota_unclassified,Eukaryota_unclassified,Eukaryota_unclassified
asv5556,Eukaryota,Eukaryota_unclassified,Eukaryota_unclassified,Eukaryota_unclassified,Eukaryota_unclassified,Eukaryota_unclassified,Eukaryota_unclassified,Eukaryota_unclassified
asv5561,Eukaryota,Eukaryota_unclassified,Eukaryota_unclassified,Eukaryota_unclassified,Eukaryota_unclassified,Eukaryota_unclassified,Eukaryota_unclassified,Eukaryota_unclassified
asv5564,Eukaryota,Eukaryota_unclassified,Eukaryota_unclassified,Eukaryota_unclassified,Eukaryota_unclassified,Eukaryota_unclassified,Eukaryota_unclassified,Eukaryota_unclassified
asv5566,Eukaryota,Eukaryota_unclassified,Eukaryota_unclassified,Eukaryota_unclassified,Eukaryota_unclassified,Eukaryota_unclassified,Eukaryota_unclassified,Eukaryota_unclassified
asv5568,Eukaryota,Eukaryota_unclassified,Eukaryota_unclassified,Eukaryota_unclassified,Eukaryota_unclassified,Eukaryota_unclassified,Eukaryota_unclassified,Eukaryota_unclassified
asv5569,Eukaryota,Eukaryota_unclassified,Eukaryota_unclassified,Eukaryota_unclassified,Eukaryota_unclassified,Eukaryota_unclassified,Eukaryota_unclassified,Eukaryota_unclassified
asv5570,Eukaryota,Eukaryota_unclassified,Eukaryota_unclassified,Eukaryota_unclassified,Eukaryota_unclassified,Eukaryota_unclassified,Eukaryota_unclassified,Eukaryota_unclassified
asv5575,Eukaryota,Eukaryota_unclassified,Eukaryota_unclassified,Eukaryota_unclassified,Eukaryota_unclassified,Eukaryota_unclassified,Eukaryota_unclassified,Eukaryota_unclassified
asv5576,Eukaryota,Eukaryota_unclassified,Eukaryota_unclassified,Eukaryota_unclassified,Eukaryota_unclassified,Eukaryota_unclassified,Eukaryota_unclassified,Eukaryota_unclassified
asv5578,Eukaryota,Eukaryota_unclassified,Eukaryota_unclassified,Eukaryota_unclassified,Eukaryota_unclassified,Eukaryota_unclassified,Eukaryota_unclassified,Eukaryota_unclassified
asv5580,Eukaryota,Eukaryota_unclassified,Eukaryota_unclassified,Eukaryota_unclassified,Eukaryota_unclassified,Eukaryota_unclassified,Eukaryota_unclassified,Eukaryota_unclassified
asv5581,Eukaryota,Eukaryota_unclassified,Eukaryota_unclassified,Eukaryota_unclassified,Eukaryota_unclassified,Eukaryota_unclassified,Eukaryota_unclassified,Eukaryota_unclassified
asv5582,Eukaryota,Eukaryota_unclassified,Eukaryota_unclassified,Eukaryota_unclassified,Eukaryota_unclassified,Eukaryota_unclassified,Eukaryota_unclassified,Eukaryota_unclassified
asv5672,Eukaryota,Eukaryota_unclassified,Eukaryota_unclassified,Eukaryota_unclassified,Eukaryota_unclassified,Eukaryota_unclassified,Eukaryota_unclassified,Eukaryota_unclassified
asv5674,Eukaryota,Eukaryota_unclassified,Eukaryota_unclassified,Eukaryota_unclassified,Eukaryota_unclassified,Eukaryota_unclassified,Eukaryota_unclassified,Eukaryota_unclassified
asv5675,Eukaryota,Eukaryota_unclassified,Eukaryota_unclassified,Eukaryota_unclassified,Eukaryota_unclassified,Eukaryota_unclassified,Eukaryota_unclassified,Eukaryota_unclassified
asv5679,Eukaryota,Eukaryota_unclassified,Eukaryota_unclassified,Eukaryota_unclassified,Eukaryota_unclassified,Eukaryota_unclassified,Eukaryota_unclassified,Eukaryota_unclassified
asv5680,Eukaryota,Eukaryota_unclassified,Eukaryota_unclassified,Eukaryota_unclassified,Eukaryota_unclassified,Eukaryota_unclassified,Eukaryota_unclassified,Eukaryota_unclassified
asv5682,Eukaryota,Eukaryota_unclassified,Eukaryota_unclassified,Eukaryota_unclassified,Eukaryota_unclassified,Eukaryota_unclassified,Eukaryota_unclassified,Eukaryota_unclassified
asv5684,Eukaryota,Eukaryota_unclassified,Eukaryota_unclassified,Eukaryota_unclassified,Eukaryota_unclassified,Eukaryota_unclassified,Eukaryota_unclassified,Eukaryota_unclassified
asv5687,Eukaryota,Eukaryota_unclassified,Eukaryota_unclassified,Eukaryota_unclassified,Eukaryota_unclassified,Eukaryota_unclassified,Eukaryota_unclassified,Eukaryota_unclassified
asv5688,Eukaryota,Eukaryota_unclassified,Eukaryota_unclassified,Eukaryota_unclassified,Eukaryota_unclassified,Eukaryota_unclassified,Eukaryota_unclassified,Eukaryota_unclassified
asv5689,Eukaryota,Eukaryota_unclassified,Eukaryota_unclassified,Eukaryota_unclassified,Eukaryota_unclassified,Eukaryota_unclassified,Eukaryota_unclassified,Eukaryota_unclassified
asv5690,Eukaryota,Eukaryota_unclassified,Eukaryota_unclassified,Eukaryota_unclassified,Eukaryota_unclassified,Eukaryota_unclassified,Eukaryota_unclassified,Eukaryota_unclassified
asv5691,Eukaryota,Eukaryota_unclassified,Eukaryota_unclassified,Eukaryota_unclassified,Eukaryota_unclassified,Eukaryota_unclassified,Eukaryota_unclassified,Eukaryota_unclassified
asv5693,Eukaryota,Eukaryota_unclassified,Eukaryota_unclassified,Eukaryota_unclassified,Eukaryota_unclassified,Eukaryota_unclassified,Eukaryota_unclassified,Eukaryota_unclassified
asv5694,Eukaryota,Eukaryota_unclassified,Eukaryota_unclassified,Eukaryota_unclassified,Eukaryota_unclassified,Eukaryota_unclassified,Eukaryota_unclassified,Eukaryota_unclassified
asv5696,Eukaryota,Eukaryota_unclassified,Eukaryota_unclassified,Eukaryota_unclassified,Eukaryota_unclassified,Eukaryota_unclassified,Eukaryota_unclassified,Eukaryota_unclassified
asv5698,Eukaryota,Eukaryota_unclassified,Eukaryota_unclassified,Eukaryota_unclassified,Eukaryota_unclassified,Eukaryota_unclassified,Eukaryota_unclassified,Eukaryota_unclassified
asv5775,Eukaryota,Eukaryota_unclassified,Eukaryota_unclassified,Eukaryota_unclassified,Eukaryota_unclassified,Eukaryota_unclassified,Eukaryota_unclassified,Eukaryota_unclassified
asv5778,Eukaryota,Eukaryota_unclassified,Eukaryota_unclassified,Eukaryota_unclassified,Eukaryota_unclassified,Eukaryota_unclassified,Eukaryota_unclassified,Eukaryota_unclassified
asv5779,Eukaryota,Eukaryota_unclassified,Eukaryota_unclassified,Eukaryota_unclassified,Eukaryota_unclassified,Eukaryota_unclassified,Eukaryota_unclassified,Eukaryota_unclassified
asv5780,Eukaryota,Eukaryota_unclassified,Eukaryota_unclassified,Eukaryota_unclassified,Eukaryota_unclassified,Eukaryota_unclassified,Eukaryota_unclassified,Eukaryota_unclassified
asv5782,Eukaryota,Eukaryota_unclassified,Eukaryota_unclassified,Eukaryota_unclassified,Eukaryota_unclassified,Eukaryota_unclassified,Eukaryota_unclassified,Eukaryota_unclassified
asv5787,Eukaryota,Eukaryota_unclassified,Eukaryota_unclassified,Eukaryota_unclassified,Eukaryota_unclassified,Eukaryota_unclassified,Eukaryota_unclassified,Eukaryota_unclassified
asv5790,Eukaryota,Eukaryota_unclassified,Eukaryota_unclassified,Eukaryota_unclassified,Eukaryota_unclassified,Eukaryota_unclassified,Eukaryota_unclassified,Eukaryota_unclassified
asv5794,Eukaryota,Eukaryota_unclassified,Eukaryota_unclassified,Eukaryota_unclassified,Eukaryota_unclassified,Eukaryota_unclassified,Eukaryota_unclassified,Eukaryota_unclassified
asv5795,Eukaryota,Eukaryota_unclassified,Eukaryota_unclassified,Eukaryota_unclassified,Eukaryota_unclassified,Eukaryota_unclassified,Eukaryota_unclassified,Eukaryota_unclassified
asv5796,Eukaryota,Eukaryota_unclassified,Eukaryota_unclassified,Eukaryota_unclassified,Eukaryota_unclassified,Eukaryota_unclassified,Eukaryota_unclassified,Eukaryota_unclassified
asv5798,Eukaryota,Eukaryota_unclassified,Eukaryota_unclassified,Eukaryota_unclassified,Eukaryota_unclassified,Eukaryota_unclassified,Eukaryota_unclassified,Eukaryota_unclassified
asv5887,Eukaryota,Eukaryota_unclassified,Eukaryota_unclassified,Eukaryota_unclassified,Eukaryota_unclassified,Eukaryota_unclassified,Eukaryota_unclassified,Eukaryota_unclassified
asv5890,Eukaryota,Eukaryota_unclassified,Eukaryota_unclassified,Eukaryota_unclassified,Eukaryota_unclassified,Eukaryota_unclassified,Eukaryota_unclassified,Eukaryota_unclassified
asv5894,Eukaryota,Eukaryota_unclassified,Eukaryota_unclassified,Eukaryota_unclassified,Eukaryota_unclassified,Eukaryota_unclassified,Eukaryota_unclassified,Eukaryota_unclassified
asv5900,Eukaryota,Eukaryota_unclassified,Eukaryota_unclassified,Eukaryota_unclassified,Eukaryota_unclassified,Eukaryota_unclassified,Eukaryota_unclassified,Eukaryota_unclassified
asv5904,Eukaryota,Eukaryota_unclassified,Eukaryota_unclassified,Eukaryota_unclassified,Eukaryota_unclassified,Eukaryota_unclassified,Eukaryota_unclassified,Eukaryota_unclassified
asv5905,Eukaryota,Eukaryota_unclassified,Eukaryota_unclassified,Eukaryota_unclassified,Eukaryota_unclassified,Eukaryota_unclassified,Eukaryota_unclassified,Eukaryota_unclassified
asv5906,Eukaryota,Eukaryota_unclassified,Eukaryota_unclassified,Eukaryota_unclassified,Eukaryota_unclassified,Eukaryota_unclassified,Eukaryota_unclassified,Eukaryota_unclassified
asv5907,Eukaryota,Eukaryota_unclassified,Eukaryota_unclassified,Eukaryota_unclassified,Eukaryota_unclassified,Eukaryota_unclassified,Eukaryota_unclassified,Eukaryota_unclassified
asv5908,Eukaryota,Eukaryota_unclassified,Eukaryota_unclassified,Eukaryota_unclassified,Eukaryota_unclassified,Eukaryota_unclassified,Eukaryota_unclassified,Eukaryota_unclassified
asv5910,Eukaryota,Eukaryota_unclassified,Eukaryota_unclassified,Eukaryota_unclassified,Eukaryota_unclassified,Eukaryota_unclassified,Eukaryota_unclassified,Eukaryota_unclassified
asv5911,Eukaryota,Eukaryota_unclassified,Eukaryota_unclassified,Eukaryota_unclassified,Eukaryota_unclassified,Eukaryota_unclassified,Eukaryota_unclassified,Eukaryota_unclassified
asv5912,Eukaryota,Eukaryota_unclassified,Eukaryota_unclassified,Eukaryota_unclassified,Eukaryota_unclassified,Eukaryota_unclassified,Eukaryota_unclassified,Eukaryota_unclassified
asv5915,Eukaryota,Eukaryota_unclassified,Eukaryota_unclassified,Eukaryota_unclassified,Eukaryota_unclassified,Eukaryota_unclassified,Eukaryota_unclassified,Eukaryota_unclassified
asv5919,Eukaryota,Eukaryota_unclassified,Eukaryota_unclassified,Eukaryota_unclassified,Eukaryota_unclassified,Eukaryota_unclassified,Eukaryota_unclassified,Eukaryota_unclassified
asv6002,Eukaryota,Eukaryota_unclassified,Eukaryota_unclassified,Eukaryota_unclassified,Eukaryota_unclassified,Eukaryota_unclassified,Eukaryota_unclassified,Eukaryota_unclassified
asv6005,Eukaryota,Eukaryota_unclassified,Eukaryota_unclassified,Eukaryota_unclassified,Eukaryota_unclassified,Eukaryota_unclassified,Eukaryota_unclassified,Eukaryota_unclassified
asv6009,Eukaryota,Eukaryota_unclassified,Eukaryota_unclassified,Eukaryota_unclassified,Eukaryota_unclassified,Eukaryota_unclassified,Eukaryota_unclassified,Eukaryota_unclassified
asv6015,Eukaryota,Eukaryota_unclassified,Eukaryota_unclassified,Eukaryota_unclassified,Eukaryota_unclassified,Eukaryota_unclassified,Eukaryota_unclassified,Eukaryota_unclassified
asv6016,Eukaryota,Eukaryota_unclassified,Eukaryota_unclassified,Eukaryota_unclassified,Eukaryota_unclassified,Eukaryota_unclassified,Eukaryota_unclassified,Eukaryota_unclassified
asv6017,Eukaryota,Eukaryota_unclassified,Eukaryota_unclassified,Eukaryota_unclassified,Eukaryota_unclassified,Eukaryota_unclassified,Eukaryota_unclassified,Eukaryota_unclassified
asv6019,Eukaryota,Eukaryota_unclassified,Eukaryota_unclassified,Eukaryota_unclassified,Eukaryota_unclassified,Eukaryota_unclassified,Eukaryota_unclassified,Eukaryota_unclassified
asv6021,Eukaryota,Eukaryota_unclassified,Eukaryota_unclassified,Eukaryota_unclassified,Eukaryota_unclassified,Eukaryota_unclassified,Eukaryota_unclassified,Eukaryota_unclassified
asv6025,Eukaryota,Eukaryota_unclassified,Eukaryota_unclassified,Eukaryota_unclassified,Eukaryota_unclassified,Eukaryota_unclassified,Eukaryota_unclassified,Eukaryota_unclassified
asv6117,Eukaryota,Eukaryota_unclassified,Eukaryota_unclassified,Eukaryota_unclassified,Eukaryota_unclassified,Eukaryota_unclassified,Eukaryota_unclassified,Eukaryota_unclassified
asv6121,Eukaryota,Eukaryota_unclassified,Eukaryota_unclassified,Eukaryota_unclassified,Eukaryota_unclassified,Eukaryota_unclassified,Eukaryota_unclassified,Eukaryota_unclassified
asv6122,Eukaryota,Eukaryota_unclassified,Eukaryota_unclassified,Eukaryota_unclassified,Eukaryota_unclassified,Eukaryota_unclassified,Eukaryota_unclassified,Eukaryota_unclassified
asv6124,Eukaryota,Eukaryota_unclassified,Eukaryota_unclassified,Eukaryota_unclassified,Eukaryota_unclassified,Eukaryota_unclassified,Eukaryota_unclassified,Eukaryota_unclassified
asv6130,Eukaryota,Eukaryota_unclassified,Eukaryota_unclassified,Eukaryota_unclassified,Eukaryota_unclassified,Eukaryota_unclassified,Eukaryota_unclassified,Eukaryota_unclassified
asv6133,Eukaryota,Eukaryota_unclassified,Eukaryota_unclassified,Eukaryota_unclassified,Eukaryota_unclassified,Eukaryota_unclassified,Eukaryota_unclassified,Eukaryota_unclassified
asv6134,Eukaryota,Eukaryota_unclassified,Eukaryota_unclassified,Eukaryota_unclassified,Eukaryota_unclassified,Eukaryota_unclassified,Eukaryota_unclassified,Eukaryota_unclassified
asv6140,Eukaryota,Eukaryota_unclassified,Eukaryota_unclassified,Eukaryota_unclassified,Eukaryota_unclassified,Eukaryota_unclassified,Eukaryota_unclassified,Eukaryota_unclassified
asv6142,Eukaryota,Eukaryota_unclassified,Eukaryota_unclassified,Eukaryota_unclassified,Eukaryota_unclassified,Eukaryota_unclassified,Eukaryota_unclassified,Eukaryota_unclassified
asv6150,Eukaryota,Eukaryota_unclassified,Eukaryota_unclassified,Eukaryota_unclassified,Eukaryota_unclassified,Eukaryota_unclassified,Eukaryota_unclassified,Eukaryota_unclassified
asv6253,Eukaryota,Eukaryota_unclassified,Eukaryota_unclassified,Eukaryota_unclassified,Eukaryota_unclassified,Eukaryota_unclassified,Eukaryota_unclassified,Eukaryota_unclassified
asv6254,Eukaryota,Eukaryota_unclassified,Eukaryota_unclassified,Eukaryota_unclassified,Eukaryota_unclassified,Eukaryota_unclassified,Eukaryota_unclassified,Eukaryota_unclassified
asv6255,Eukaryota,Eukaryota_unclassified,Eukaryota_unclassified,Eukaryota_unclassified,Eukaryota_unclassified,Eukaryota_unclassified,Eukaryota_unclassified,Eukaryota_unclassified
asv6256,Eukaryota,Eukaryota_unclassified,Eukaryota_unclassified,Eukaryota_unclassified,Eukaryota_unclassified,Eukaryota_unclassified,Eukaryota_unclassified,Eukaryota_unclassified
asv6257,Eukaryota,Eukaryota_unclassified,Eukaryota_unclassified,Eukaryota_unclassified,Eukaryota_unclassified,Eukaryota_unclassified,Eukaryota_unclassified,Eukaryota_unclassified
asv6258,Eukaryota,Eukaryota_unclassified,Eukaryota_unclassified,Eukaryota_unclassified,Eukaryota_unclassified,Eukaryota_unclassified,Eukaryota_unclassified,Eukaryota_unclassified
asv6259,Eukaryota,Eukaryota_unclassified,Eukaryota_unclassified,Eukaryota_unclassified,Eukaryota_unclassified,Eukaryota_unclassified,Eukaryota_unclassified,Eukaryota_unclassified
asv6260,Eukaryota,Eukaryota_unclassified,Eukaryota_unclassified,Eukaryota_unclassified,Eukaryota_unclassified,Eukaryota_unclassified,Eukaryota_unclassified,Eukaryota_unclassified
asv6261,Eukaryota,Eukaryota_unclassified,Eukaryota_unclassified,Eukaryota_unclassified,Eukaryota_unclassified,Eukaryota_unclassified,Eukaryota_unclassified,Eukaryota_unclassified
asv6263,Eukaryota,Eukaryota_unclassified,Eukaryota_unclassified,Eukaryota_unclassified,Eukaryota_unclassified,Eukaryota_unclassified,Eukaryota_unclassified,Eukaryota_unclassified
asv6264,Eukaryota,Eukaryota_unclassified,Eukaryota_unclassified,Eukaryota_unclassified,Eukaryota_unclassified,Eukaryota_unclassified,Eukaryota_unclassified,Eukaryota_unclassified
asv6266,Eukaryota,Eukaryota_unclassified,Eukaryota_unclassified,Eukaryota_unclassified,Eukaryota_unclassified,Eukaryota_unclassified,Eukaryota_unclassified,Eukaryota_unclassified
asv6267,Eukaryota,Eukaryota_unclassified,Eukaryota_unclassified,Eukaryota_unclassified,Eukaryota_unclassified,Eukaryota_unclassified,Eukaryota_unclassified,Eukaryota_unclassified
asv6270,Eukaryota,Eukaryota_unclassified,Eukaryota_unclassified,Eukaryota_unclassified,Eukaryota_unclassified,Eukaryota_unclassified,Eukaryota_unclassified,Eukaryota_unclassified
asv6271,Eukaryota,Eukaryota_unclassified,Eukaryota_unclassified,Eukaryota_unclassified,Eukaryota_unclassified,Eukaryota_unclassified,Eukaryota_unclassified,Eukaryota_unclassified
asv6275,Eukaryota,Eukaryota_unclassified,Eukaryota_unclassified,Eukaryota_unclassified,Eukaryota_unclassified,Eukaryota_unclassified,Eukaryota_unclassified,Eukaryota_unclassified
asv6276,Eukaryota,Eukaryota_unclassified,Eukaryota_unclassified,Eukaryota_unclassified,Eukaryota_unclassified,Eukaryota_unclassified,Eukaryota_unclassified,Eukaryota_unclassified
asv6277,Eukaryota,Eukaryota_unclassified,Eukaryota_unclassified,Eukaryota_unclassified,Eukaryota_unclassified,Eukaryota_unclassified,Eukaryota_unclassified,Eukaryota_unclassified
asv6278,Eukaryota,Eukaryota_unclassified,Eukaryota_unclassified,Eukaryota_unclassified,Eukaryota_unclassified,Eukaryota_unclassified,Eukaryota_unclassified,Eukaryota_unclassified
asv6280,Eukaryota,Eukaryota_unclassified,Eukaryota_unclassified,Eukaryota_unclassified,Eukaryota_unclassified,Eukaryota_unclassified,Eukaryota_unclassified,Eukaryota_unclassified
asv6281,Eukaryota,Eukaryota_unclassified,Eukaryota_unclassified,Eukaryota_unclassified,Eukaryota_unclassified,Eukaryota_unclassified,Eukaryota_unclassified,Eukaryota_unclassified
asv6283,Eukaryota,Eukaryota_unclassified,Eukaryota_unclassified,Eukaryota_unclassified,Eukaryota_unclassified,Eukaryota_unclassified,Eukaryota_unclassified,Eukaryota_unclassified
asv6388,Eukaryota,Eukaryota_unclassified,Eukaryota_unclassified,Eukaryota_unclassified,Eukaryota_unclassified,Eukaryota_unclassified,Eukaryota_unclassified,Eukaryota_unclassified
asv6389,Eukaryota,Eukaryota_unclassified,Eukaryota_unclassified,Eukaryota_unclassified,Eukaryota_unclassified,Eukaryota_unclassified,Eukaryota_unclassified,Eukaryota_unclassified
asv6390,Eukaryota,Eukaryota_unclassified,Eukaryota_unclassified,Eukaryota_unclassified,Eukaryota_unclassified,Eukaryota_unclassified,Eukaryota_unclassified,Eukaryota_unclassified
asv6392,Eukaryota,Eukaryota_unclassified,Eukaryota_unclassified,Eukaryota_unclassified,Eukaryota_unclassified,Eukaryota_unclassified,Eukaryota_unclassified,Eukaryota_unclassified
asv6393,Eukaryota,Eukaryota_unclassified,Eukaryota_unclassified,Eukaryota_unclassified,Eukaryota_unclassified,Eukaryota_unclassified,Eukaryota_unclassified,Eukaryota_unclassified
asv6399,Eukaryota,Eukaryota_unclassified,Eukaryota_unclassified,Eukaryota_unclassified,Eukaryota_unclassified,Eukaryota_unclassified,Eukaryota_unclassified,Eukaryota_unclassified
asv6401,Eukaryota,Eukaryota_unclassified,Eukaryota_unclassified,Eukaryota_unclassified,Eukaryota_unclassified,Eukaryota_unclassified,Eukaryota_unclassified,Eukaryota_unclassified
asv6402,Eukaryota,Eukaryota_unclassified,Eukaryota_unclassified,Eukaryota_unclassified,Eukaryota_unclassified,Eukaryota_unclassified,Eukaryota_unclassified,Eukaryota_unclassified
asv6404,Eukaryota,Eukaryota_unclassified,Eukaryota_unclassified,Eukaryota_unclassified,Eukaryota_unclassified,Eukaryota_unclassified,Eukaryota_unclassified,Eukaryota_unclassified
asv6406,Eukaryota,Eukaryota_unclassified,Eukaryota_unclassified,Eukaryota_unclassified,Eukaryota_unclassified,Eukaryota_unclassified,Eukaryota_unclassified,Eukaryota_unclassified
asv6407,Eukaryota,Eukaryota_unclassified,Eukaryota_unclassified,Eukaryota_unclassified,Eukaryota_unclassified,Eukaryota_unclassified,Eukaryota_unclassified,Eukaryota_unclassified
asv6408,Eukaryota,Eukaryota_unclassified,Eukaryota_unclassified,Eukaryota_unclassified,Eukaryota_unclassified,Eukaryota_unclassified,Eukaryota_unclassified,Eukaryota_unclassified
asv6409,Eukaryota,Eukaryota_unclassified,Eukaryota_unclassified,Eukaryota_unclassified,Eukaryota_unclassified,Eukaryota_unclassified,Eukaryota_unclassified,Eukaryota_unclassified
asv6410,Eukaryota,Eukaryota_unclassified,Eukaryota_unclassified,Eukaryota_unclassified,Eukaryota_unclassified,Eukaryota_unclassified,Eukaryota_unclassified,Eukaryota_unclassified
asv6416,Eukaryota,Eukaryota_unclassified,Eukaryota_unclassified,Eukaryota_unclassified,Eukaryota_unclassified,Eukaryota_unclassified,Eukaryota_unclassified,Eukaryota_unclassified
asv6417,Eukaryota,Eukaryota_unclassified,Eukaryota_unclassified,Eukaryota_unclassified,Eukaryota_unclassified,Eukaryota_unclassified,Eukaryota_unclassified,Eukaryota_unclassified
asv6423,Eukaryota,Eukaryota_unclassified,Eukaryota_unclassified,Eukaryota_unclassified,Eukaryota_unclassified,Eukaryota_unclassified,Eukaryota_unclassified,Eukaryota_unclassified
asv6510,Eukaryota,Eukaryota_unclassified,Eukaryota_unclassified,Eukaryota_unclassified,Eukaryota_unclassified,Eukaryota_unclassified,Eukaryota_unclassified,Eukaryota_unclassified
asv6526,Eukaryota,Eukaryota_unclassified,Eukaryota_unclassified,Eukaryota_unclassified,Eukaryota_unclassified,Eukaryota_unclassified,Eukaryota_unclassified,Eukaryota_unclassified
asv6527,Eukaryota,Eukaryota_unclassified,Eukaryota_unclassified,Eukaryota_unclassified,Eukaryota_unclassified,Eukaryota_unclassified,Eukaryota_unclassified,Eukaryota_unclassified
asv6532,Eukaryota,Eukaryota_unclassified,Eukaryota_unclassified,Eukaryota_unclassified,Eukaryota_unclassified,Eukaryota_unclassified,Eukaryota_unclassified,Eukaryota_unclassified
asv6535,Eukaryota,Eukaryota_unclassified,Eukaryota_unclassified,Eukaryota_unclassified,Eukaryota_unclassified,Eukaryota_unclassified,Eukaryota_unclassified,Eukaryota_unclassified
asv6537,Eukaryota,Eukaryota_unclassified,Eukaryota_unclassified,Eukaryota_unclassified,Eukaryota_unclassified,Eukaryota_unclassified,Eukaryota_unclassified,Eukaryota_unclassified
asv6539,Eukaryota,Eukaryota_unclassified,Eukaryota_unclassified,Eukaryota_unclassified,Eukaryota_unclassified,Eukaryota_unclassified,Eukaryota_unclassified,Eukaryota_unclassified
asv6541,Eukaryota,Eukaryota_unclassified,Eukaryota_unclassified,Eukaryota_unclassified,Eukaryota_unclassified,Eukaryota_unclassified,Eukaryota_unclassified,Eukaryota_unclassified
asv6545,Eukaryota,Eukaryota_unclassified,Eukaryota_unclassified,Eukaryota_unclassified,Eukaryota_unclassified,Eukaryota_unclassified,Eukaryota_unclassified,Eukaryota_unclassified
asv6547,Eukaryota,Eukaryota_unclassified,Eukaryota_unclassified,Eukaryota_unclassified,Eukaryota_unclassified,Eukaryota_unclassified,Eukaryota_unclassified,Eukaryota_unclassified
asv6548,Eukaryota,Eukaryota_unclassified,Eukaryota_unclassified,Eukaryota_unclassified,Eukaryota_unclassified,Eukaryota_unclassified,Eukaryota_unclassified,Eukaryota_unclassified
asv6549,Eukaryota,Eukaryota_unclassified,Eukaryota_unclassified,Eukaryota_unclassified,Eukaryota_unclassified,Eukaryota_unclassified,Eukaryota_unclassified,Eukaryota_unclassified
asv6551,Eukaryota,Eukaryota_unclassified,Eukaryota_unclassified,Eukaryota_unclassified,Eukaryota_unclassified,Eukaryota_unclassified,Eukaryota_unclassified,Eukaryota_unclassified
asv6553,Eukaryota,Eukaryota_unclassified,Eukaryota_unclassified,Eukaryota_unclassified,Eukaryota_unclassified,Eukaryota_unclassified,Eukaryota_unclassified,Eukaryota_unclassified
asv6554,Eukaryota,Eukaryota_unclassified,Eukaryota_unclassified,Eukaryota_unclassified,Eukaryota_unclassified,Eukaryota_unclassified,Eukaryota_unclassified,Eukaryota_unclassified
asv6557,Eukaryota,Eukaryota_unclassified,Eukaryota_unclassified,Eukaryota_unclassified,Eukaryota_unclassified,Eukaryota_unclassified,Eukaryota_unclassified,Eukaryota_unclassified
asv6558,Eukaryota,Eukaryota_unclassified,Eukaryota_unclassified,Eukaryota_unclassified,Eukaryota_unclassified,Eukaryota_unclassified,Eukaryota_unclassified,Eukaryota_unclassified
asv6559,Eukaryota,Eukaryota_unclassified,Eukaryota_unclassified,Eukaryota_unclassified,Eukaryota_unclassified,Eukaryota_unclassified,Eukaryota_unclassified,Eukaryota_unclassified
asv6560,Eukaryota,Eukaryota_unclassified,Eukaryota_unclassified,Eukaryota_unclassified,Eukaryota_unclassified,Eukaryota_unclassified,Eukaryota_unclassified,Eukaryota_unclassified
asv6561,Eukaryota,Eukaryota_unclassified,Eukaryota_unclassified,Eukaryota_unclassified,Eukaryota_unclassified,Eukaryota_unclassified,Eukaryota_unclassified,Eukaryota_unclassified
asv6562,Eukaryota,Eukaryota_unclassified,Eukaryota_unclassified,Eukaryota_unclassified,Eukaryota_unclassified,Eukaryota_unclassified,Eukaryota_unclassified,Eukaryota_unclassified
asv6565,Eukaryota,Eukaryota_unclassified,Eukaryota_unclassified,Eukaryota_unclassified,Eukaryota_unclassified,Eukaryota_unclassified,Eukaryota_unclassified,Eukaryota_unclassified
asv6566,Eukaryota,Eukaryota_unclassified,Eukaryota_unclassified,Eukaryota_unclassified,Eukaryota_unclassified,Eukaryota_unclassified,Eukaryota_unclassified,Eukaryota_unclassified
asv6567,Eukaryota,Eukaryota_unclassified,Eukaryota_unclassified,Eukaryota_unclassified,Eukaryota_unclassified,Eukaryota_unclassified,Eukaryota_unclassified,Eukaryota_unclassified
asv6568,Eukaryota,Eukaryota_unclassified,Eukaryota_unclassified,Eukaryota_unclassified,Eukaryota_unclassified,Eukaryota_unclassified,Eukaryota_unclassified,Eukaryota_unclassified
asv6569,Eukaryota,Eukaryota_unclassified,Eukaryota_unclassified,Eukaryota_unclassified,Eukaryota_unclassified,Eukaryota_unclassified,Eukaryota_unclassified,Eukaryota_unclassified
asv6579,Eukaryota,Eukaryota_unclassified,Eukaryota_unclassified,Eukaryota_unclassified,Eukaryota_unclassified,Eukaryota_unclassified,Eukaryota_unclassified,Eukaryota_unclassified
asv6701,Eukaryota,Eukaryota_unclassified,Eukaryota_unclassified,Eukaryota_unclassified,Eukaryota_unclassified,Eukaryota_unclassified,Eukaryota_unclassified,Eukaryota_unclassified
asv6702,Eukaryota,Eukaryota_unclassified,Eukaryota_unclassified,Eukaryota_unclassified,Eukaryota_unclassified,Eukaryota_unclassified,Eukaryota_unclassified,Eukaryota_unclassified
asv6703,Eukaryota,Eukaryota_unclassified,Eukaryota_unclassified,Eukaryota_unclassified,Eukaryota_unclassified,Eukaryota_unclassified,Eukaryota_unclassified,Eukaryota_unclassified
asv6704,Eukaryota,Eukaryota_unclassified,Eukaryota_unclassified,Eukaryota_unclassified,Eukaryota_unclassified,Eukaryota_unclassified,Eukaryota_unclassified,Eukaryota_unclassified
asv6705,Eukaryota,Eukaryota_unclassified,Eukaryota_unclassified,Eukaryota_unclassified,Eukaryota_unclassified,Eukaryota_unclassified,Eukaryota_unclassified,Eukaryota_unclassified
asv6706,Eukaryota,Eukaryota_unclassified,Eukaryota_unclassified,Eukaryota_unclassified,Eukaryota_unclassified,Eukaryota_unclassified,Eukaryota_unclassified,Eukaryota_unclassified
asv6707,Eukaryota,Eukaryota_unclassified,Eukaryota_unclassified,Eukaryota_unclassified,Eukaryota_unclassified,Eukaryota_unclassified,Eukaryota_unclassified,Eukaryota_unclassified
asv6708,Eukaryota,Eukaryota_unclassified,Eukaryota_unclassified,Eukaryota_unclassified,Eukaryota_unclassified,Eukaryota_unclassified,Eukaryota_unclassified,Eukaryota_unclassified
asv6712,Eukaryota,Eukaryota_unclassified,Eukaryota_unclassified,Eukaryota_unclassified,Eukaryota_unclassified,Eukaryota_unclassified,Eukaryota_unclassified,Eukaryota_unclassified
asv6713,Eukaryota,Eukaryota_unclassified,Eukaryota_unclassified,Eukaryota_unclassified,Eukaryota_unclassified,Eukaryota_unclassified,Eukaryota_unclassified,Eukaryota_unclassified
asv6714,Eukaryota,Eukaryota_unclassified,Eukaryota_unclassified,Eukaryota_unclassified,Eukaryota_unclassified,Eukaryota_unclassified,Eukaryota_unclassified,Eukaryota_unclassified
asv6715,Eukaryota,Eukaryota_unclassified,Eukaryota_unclassified,Eukaryota_unclassified,Eukaryota_unclassified,Eukaryota_unclassified,Eukaryota_unclassified,Eukaryota_unclassified
asv6716,Eukaryota,Eukaryota_unclassified,Eukaryota_unclassified,Eukaryota_unclassified,Eukaryota_unclassified,Eukaryota_unclassified,Eukaryota_unclassified,Eukaryota_unclassified
asv6717,Eukaryota,Eukaryota_unclassified,Eukaryota_unclassified,Eukaryota_unclassified,Eukaryota_unclassified,Eukaryota_unclassified,Eukaryota_unclassified,Eukaryota_unclassified
asv6720,Eukaryota,Eukaryota_unclassified,Eukaryota_unclassified,Eukaryota_unclassified,Eukaryota_unclassified,Eukaryota_unclassified,Eukaryota_unclassified,Eukaryota_unclassified
asv6721,Eukaryota,Eukaryota_unclassified,Eukaryota_unclassified,Eukaryota_unclassified,Eukaryota_unclassified,Eukaryota_unclassified,Eukaryota_unclassified,Eukaryota_unclassified
asv6722,Eukaryota,Eukaryota_unclassified,Eukaryota_unclassified,Eukaryota_unclassified,Eukaryota_unclassified,Eukaryota_unclassified,Eukaryota_unclassified,Eukaryota_unclassified
asv6724,Eukaryota,Eukaryota_unclassified,Eukaryota_unclassified,Eukaryota_unclassified,Eukaryota_unclassified,Eukaryota_unclassified,Eukaryota_unclassified,Eukaryota_unclassified
asv6725,Eukaryota,Eukaryota_unclassified,Eukaryota_unclassified,Eukaryota_unclassified,Eukaryota_unclassified,Eukaryota_unclassified,Eukaryota_unclassified,Eukaryota_unclassified
asv6726,Eukaryota,Eukaryota_unclassified,Eukaryota_unclassified,Eukaryota_unclassified,Eukaryota_unclassified,Eukaryota_unclassified,Eukaryota_unclassified,Eukaryota_unclassified
asv6853,Eukaryota,Eukaryota_unclassified,Eukaryota_unclassified,Eukaryota_unclassified,Eukaryota_unclassified,Eukaryota_unclassified,Eukaryota_unclassified,Eukaryota_unclassified
asv6861,Eukaryota,Eukaryota_unclassified,Eukaryota_unclassified,Eukaryota_unclassified,Eukaryota_unclassified,Eukaryota_unclassified,Eukaryota_unclassified,Eukaryota_unclassified
asv6862,Eukaryota,Eukaryota_unclassified,Eukaryota_unclassified,Eukaryota_unclassified,Eukaryota_unclassified,Eukaryota_unclassified,Eukaryota_unclassified,Eukaryota_unclassified
asv6863,Eukaryota,Eukaryota_unclassified,Eukaryota_unclassified,Eukaryota_unclassified,Eukaryota_unclassified,Eukaryota_unclassified,Eukaryota_unclassified,Eukaryota_unclassified
asv6866,Eukaryota,Eukaryota_unclassified,Eukaryota_unclassified,Eukaryota_unclassified,Eukaryota_unclassified,Eukaryota_unclassified,Eukaryota_unclassified,Eukaryota_unclassified
asv6867,Eukaryota,Eukaryota_unclassified,Eukaryota_unclassified,Eukaryota_unclassified,Eukaryota_unclassified,Eukaryota_unclassified,Eukaryota_unclassified,Eukaryota_unclassified
asv6868,Eukaryota,Eukaryota_unclassified,Eukaryota_unclassified,Eukaryota_unclassified,Eukaryota_unclassified,Eukaryota_unclassified,Eukaryota_unclassified,Eukaryota_unclassified
asv6870,Eukaryota,Eukaryota_unclassified,Eukaryota_unclassified,Eukaryota_unclassified,Eukaryota_unclassified,Eukaryota_unclassified,Eukaryota_unclassified,Eukaryota_unclassified
asv6872,Eukaryota,Eukaryota_unclassified,Eukaryota_unclassified,Eukaryota_unclassified,Eukaryota_unclassified,Eukaryota_unclassified,Eukaryota_unclassified,Eukaryota_unclassified
asv6873,Eukaryota,Eukaryota_unclassified,Eukaryota_unclassified,Eukaryota_unclassified,Eukaryota_unclassified,Eukaryota_unclassified,Eukaryota_unclassified,Eukaryota_unclassified
asv6874,Eukaryota,Eukaryota_unclassified,Eukaryota_unclassified,Eukaryota_unclassified,Eukaryota_unclassified,Eukaryota_unclassified,Eukaryota_unclassified,Eukaryota_unclassified
asv6876,Eukaryota,Eukaryota_unclassified,Eukaryota_unclassified,Eukaryota_unclassified,Eukaryota_unclassified,Eukaryota_unclassified,Eukaryota_unclassified,Eukaryota_unclassified
asv6877,Eukaryota,Eukaryota_unclassified,Eukaryota_unclassified,Eukaryota_unclassified,Eukaryota_unclassified,Eukaryota_unclassified,Eukaryota_unclassified,Eukaryota_unclassified
asv6878,Eukaryota,Eukaryota_unclassified,Eukaryota_unclassified,Eukaryota_unclassified,Eukaryota_unclassified,Eukaryota_unclassified,Eukaryota_unclassified,Eukaryota_unclassified
asv6881,Eukaryota,Eukaryota_unclassified,Eukaryota_unclassified,Eukaryota_unclassified,Eukaryota_unclassified,Eukaryota_unclassified,Eukaryota_unclassified,Eukaryota_unclassified
asv6885,Eukaryota,Eukaryota_unclassified,Eukaryota_unclassified,Eukaryota_unclassified,Eukaryota_unclassified,Eukaryota_unclassified,Eukaryota_unclassified,Eukaryota_unclassified
asv6886,Eukaryota,Eukaryota_unclassified,Eukaryota_unclassified,Eukaryota_unclassified,Eukaryota_unclassified,Eukaryota_unclassified,Eukaryota_unclassified,Eukaryota_unclassified
asv6887,Eukaryota,Eukaryota_unclassified,Eukaryota_unclassified,Eukaryota_unclassified,Eukaryota_unclassified,Eukaryota_unclassified,Eukaryota_unclassified,Eukaryota_unclassified
asv6888,Eukaryota,Eukaryota_unclassified,Eukaryota_unclassified,Eukaryota_unclassified,Eukaryota_unclassified,Eukaryota_unclassified,Eukaryota_unclassified,Eukaryota_unclassified
asv6889,Eukaryota,Eukaryota_unclassified,Eukaryota_unclassified,Eukaryota_unclassified,Eukaryota_unclassified,Eukaryota_unclassified,Eukaryota_unclassified,Eukaryota_unclassified
asv6891,Eukaryota,Eukaryota_unclassified,Eukaryota_unclassified,Eukaryota_unclassified,Eukaryota_unclassified,Eukaryota_unclassified,Eukaryota_unclassified,Eukaryota_unclassified
asv7040,Eukaryota,Eukaryota_unclassified,Eukaryota_unclassified,Eukaryota_unclassified,Eukaryota_unclassified,Eukaryota_unclassified,Eukaryota_unclassified,Eukaryota_unclassified
asv7041,Eukaryota,Eukaryota_unclassified,Eukaryota_unclassified,Eukaryota_unclassified,Eukaryota_unclassified,Eukaryota_unclassified,Eukaryota_unclassified,Eukaryota_unclassified
asv7046,Eukaryota,Eukaryota_unclassified,Eukaryota_unclassified,Eukaryota_unclassified,Eukaryota_unclassified,Eukaryota_unclassified,Eukaryota_unclassified,Eukaryota_unclassified
asv7047,Eukaryota,Eukaryota_unclassified,Eukaryota_unclassified,Eukaryota_unclassified,Eukaryota_unclassified,Eukaryota_unclassified,Eukaryota_unclassified,Eukaryota_unclassified
asv7048,Eukaryota,Eukaryota_unclassified,Eukaryota_unclassified,Eukaryota_unclassified,Eukaryota_unclassified,Eukaryota_unclassified,Eukaryota_unclassified,Eukaryota_unclassified
asv7049,Eukaryota,Eukaryota_unclassified,Eukaryota_unclassified,Eukaryota_unclassified,Eukaryota_unclassified,Eukaryota_unclassified,Eukaryota_unclassified,Eukaryota_unclassified
asv7052,Eukaryota,Eukaryota_unclassified,Eukaryota_unclassified,Eukaryota_unclassified,Eukaryota_unclassified,Eukaryota_unclassified,Eukaryota_unclassified,Eukaryota_unclassified
asv7053,Eukaryota,Eukaryota_unclassified,Eukaryota_unclassified,Eukaryota_unclassified,Eukaryota_unclassified,Eukaryota_unclassified,Eukaryota_unclassified,Eukaryota_unclassified
asv7054,Eukaryota,Eukaryota_unclassified,Eukaryota_unclassified,Eukaryota_unclassified,Eukaryota_unclassified,Eukaryota_unclassified,Eukaryota_unclassified,Eukaryota_unclassified
asv7055,Eukaryota,Eukaryota_unclassified,Eukaryota_unclassified,Eukaryota_unclassified,Eukaryota_unclassified,Eukaryota_unclassified,Eukaryota_unclassified,Eukaryota_unclassified
asv7059,Eukaryota,Eukaryota_unclassified,Eukaryota_unclassified,Eukaryota_unclassified,Eukaryota_unclassified,Eukaryota_unclassified,Eukaryota_unclassified,Eukaryota_unclassified
asv7060,Eukaryota,Eukaryota_unclassified,Eukaryota_unclassified,Eukaryota_unclassified,Eukaryota_unclassified,Eukaryota_unclassified,Eukaryota_unclassified,Eukaryota_unclassified
asv7061,Eukaryota,Eukaryota_unclassified,Eukaryota_unclassified,Eukaryota_unclassified,Eukaryota_unclassified,Eukaryota_unclassified,Eukaryota_unclassified,Eukaryota_unclassified
asv7062,Eukaryota,Eukaryota_unclassified,Eukaryota_unclassified,Eukaryota_unclassified,Eukaryota_unclassified,Eukaryota_unclassified,Eukaryota_unclassified,Eukaryota_unclassified
asv7063,Eukaryota,Eukaryota_unclassified,Eukaryota_unclassified,Eukaryota_unclassified,Eukaryota_unclassified,Eukaryota_unclassified,Eukaryota_unclassified,Eukaryota_unclassified
asv7064,Eukaryota,Eukaryota_unclassified,Eukaryota_unclassified,Eukaryota_unclassified,Eukaryota_unclassified,Eukaryota_unclassified,Eukaryota_unclassified,Eukaryota_unclassified
asv7065,Eukaryota,Eukaryota_unclassified,Eukaryota_unclassified,Eukaryota_unclassified,Eukaryota_unclassified,Eukaryota_unclassified,Eukaryota_unclassified,Eukaryota_unclassified
asv7067,Eukaryota,Eukaryota_unclassified,Eukaryota_unclassified,Eukaryota_unclassified,Eukaryota_unclassified,Eukaryota_unclassified,Eukaryota_unclassified,Eukaryota_unclassified
asv7068,Eukaryota,Eukaryota_unclassified,Eukaryota_unclassified,Eukaryota_unclassified,Eukaryota_unclassified,Eukaryota_unclassified,Eukaryota_unclassified,Eukaryota_unclassified
asv7069,Eukaryota,Eukaryota_unclassified,Eukaryota_unclassified,Eukaryota_unclassified,Eukaryota_unclassified,Eukaryota_unclassified,Eukaryota_unclassified,Eukaryota_unclassified
asv7070,Eukaryota,Eukaryota_unclassified,Eukaryota_unclassified,Eukaryota_unclassified,Eukaryota_unclassified,Eukaryota_unclassified,Eukaryota_unclassified,Eukaryota_unclassified
asv7071,Eukaryota,Eukaryota_unclassified,Eukaryota_unclassified,Eukaryota_unclassified,Eukaryota_unclassified,Eukaryota_unclassified,Eukaryota_unclassified,Eukaryota_unclassified
asv7072,Eukaryota,Eukaryota_unclassified,Eukaryota_unclassified,Eukaryota_unclassified,Eukaryota_unclassified,Eukaryota_unclassified,Eukaryota_unclassified,Eukaryota_unclassified
asv7073,Eukaryota,Eukaryota_unclassified,Eukaryota_unclassified,Eukaryota_unclassified,Eukaryota_unclassified,Eukaryota_unclassified,Eukaryota_unclassified,Eukaryota_unclassified
asv7074,Eukaryota,Eukaryota_unclassified,Eukaryota_unclassified,Eukaryota_unclassified,Eukaryota_unclassified,Eukaryota_unclassified,Eukaryota_unclassified,Eukaryota_unclassified
asv7075,Eukaryota,Eukaryota_unclassified,Eukaryota_unclassified,Eukaryota_unclassified,Eukaryota_unclassified,Eukaryota_unclassified,Eukaryota_unclassified,Eukaryota_unclassified
asv7077,Eukaryota,Eukaryota_unclassified,Eukaryota_unclassified,Eukaryota_unclassified,Eukaryota_unclassified,Eukaryota_unclassified,Eukaryota_unclassified,Eukaryota_unclassified
asv7079,Eukaryota,Eukaryota_unclassified,Eukaryota_unclassified,Eukaryota_unclassified,Eukaryota_unclassified,Eukaryota_unclassified,Eukaryota_unclassified,Eukaryota_unclassified
asv7080,Eukaryota,Eukaryota_unclassified,Eukaryota_unclassified,Eukaryota_unclassified,Eukaryota_unclassified,Eukaryota_unclassified,Eukaryota_unclassified,Eukaryota_unclassified
asv7083,Eukaryota,Eukaryota_unclassified,Eukaryota_unclassified,Eukaryota_unclassified,Eukaryota_unclassified,Eukaryota_unclassified,Eukaryota_unclassified,Eukaryota_unclassified
asv7084,Eukaryota,Eukaryota_unclassified,Eukaryota_unclassified,Eukaryota_unclassified,Eukaryota_unclassified,Eukaryota_unclassified,Eukaryota_unclassified,Eukaryota_unclassified
asv7094,Eukaryota,Eukaryota_unclassified,Eukaryota_unclassified,Eukaryota_unclassified,Eukaryota_unclassified,Eukaryota_unclassified,Eukaryota_unclassified,Eukaryota_unclassified
asv7095,Eukaryota,Eukaryota_unclassified,Eukaryota_unclassified,Eukaryota_unclassified,Eukaryota_unclassified,Eukaryota_unclassified,Eukaryota_unclassified,Eukaryota_unclassified
asv7241,Eukaryota,Eukaryota_unclassified,Eukaryota_unclassified,Eukaryota_unclassified,Eukaryota_unclassified,Eukaryota_unclassified,Eukaryota_unclassified,Eukaryota_unclassified
asv7243,Eukaryota,Eukaryota_unclassified,Eukaryota_unclassified,Eukaryota_unclassified,Eukaryota_unclassified,Eukaryota_unclassified,Eukaryota_unclassified,Eukaryota_unclassified
asv7244,Eukaryota,Eukaryota_unclassified,Eukaryota_unclassified,Eukaryota_unclassified,Eukaryota_unclassified,Eukaryota_unclassified,Eukaryota_unclassified,Eukaryota_unclassified
asv7245,Eukaryota,Eukaryota_unclassified,Eukaryota_unclassified,Eukaryota_unclassified,Eukaryota_unclassified,Eukaryota_unclassified,Eukaryota_unclassified,Eukaryota_unclassified
asv7246,Eukaryota,Eukaryota_unclassified,Eukaryota_unclassified,Eukaryota_unclassified,Eukaryota_unclassified,Eukaryota_unclassified,Eukaryota_unclassified,Eukaryota_unclassified
asv7249,Eukaryota,Eukaryota_unclassified,Eukaryota_unclassified,Eukaryota_unclassified,Eukaryota_unclassified,Eukaryota_unclassified,Eukaryota_unclassified,Eukaryota_unclassified
asv7253,Eukaryota,Eukaryota_unclassified,Eukaryota_unclassified,Eukaryota_unclassified,Eukaryota_unclassified,Eukaryota_unclassified,Eukaryota_unclassified,Eukaryota_unclassified
asv7254,Eukaryota,Eukaryota_unclassified,Eukaryota_unclassified,Eukaryota_unclassified,Eukaryota_unclassified,Eukaryota_unclassified,Eukaryota_unclassified,Eukaryota_unclassified
asv7256,Eukaryota,Eukaryota_unclassified,Eukaryota_unclassified,Eukaryota_unclassified,Eukaryota_unclassified,Eukaryota_unclassified,Eukaryota_unclassified,Eukaryota_unclassified
asv7258,Eukaryota,Eukaryota_unclassified,Eukaryota_unclassified,Eukaryota_unclassified,Eukaryota_unclassified,Eukaryota_unclassified,Eukaryota_unclassified,Eukaryota_unclassified
asv7261,Eukaryota,Eukaryota_unclassified,Eukaryota_unclassified,Eukaryota_unclassified,Eukaryota_unclassified,Eukaryota_unclassified,Eukaryota_unclassified,Eukaryota_unclassified
asv7262,Eukaryota,Eukaryota_unclassified,Eukaryota_unclassified,Eukaryota_unclassified,Eukaryota_unclassified,Eukaryota_unclassified,Eukaryota_unclassified,Eukaryota_unclassified
asv7263,Eukaryota,Eukaryota_unclassified,Eukaryota_unclassified,Eukaryota_unclassified,Eukaryota_unclassified,Eukaryota_unclassified,Eukaryota_unclassified,Eukaryota_unclassified
asv7265,Eukaryota,Eukaryota_unclassified,Eukaryota_unclassified,Eukaryota_unclassified,Eukaryota_unclassified,Eukaryota_unclassified,Eukaryota_unclassified,Eukaryota_unclassified
asv7268,Eukaryota,Eukaryota_unclassified,Eukaryota_unclassified,Eukaryota_unclassified,Eukaryota_unclassified,Eukaryota_unclassified,Eukaryota_unclassified,Eukaryota_unclassified
asv7269,Eukaryota,Eukaryota_unclassified,Eukaryota_unclassified,Eukaryota_unclassified,Eukaryota_unclassified,Eukaryota_unclassified,Eukaryota_unclassified,Eukaryota_unclassified
asv7270,Eukaryota,Eukaryota_unclassified,Eukaryota_unclassified,Eukaryota_unclassified,Eukaryota_unclassified,Eukaryota_unclassified,Eukaryota_unclassified,Eukaryota_unclassified
asv7271,Eukaryota,Eukaryota_unclassified,Eukaryota_unclassified,Eukaryota_unclassified,Eukaryota_unclassified,Eukaryota_unclassified,Eukaryota_unclassified,Eukaryota_unclassified
asv7272,Eukaryota,Eukaryota_unclassified,Eukaryota_unclassified,Eukaryota_unclassified,Eukaryota_unclassified,Eukaryota_unclassified,Eukaryota_unclassified,Eukaryota_unclassified
asv7273,Eukaryota,Eukaryota_unclassified,Eukaryota_unclassified,Eukaryota_unclassified,Eukaryota_unclassified,Eukaryota_unclassified,Eukaryota_unclassified,Eukaryota_unclassified
asv7275,Eukaryota,Eukaryota_unclassified,Eukaryota_unclassified,Eukaryota_unclassified,Eukaryota_unclassified,Eukaryota_unclassified,Eukaryota_unclassified,Eukaryota_unclassified
asv7276,Eukaryota,Eukaryota_unclassified,Eukaryota_unclassified,Eukaryota_unclassified,Eukaryota_unclassified,Eukaryota_unclassified,Eukaryota_unclassified,Eukaryota_unclassified
asv7277,Eukaryota,Eukaryota_unclassified,Eukaryota_unclassified,Eukaryota_unclassified,Eukaryota_unclassified,Eukaryota_unclassified,Eukaryota_unclassified,Eukaryota_unclassified
asv7279,Eukaryota,Eukaryota_unclassified,Eukaryota_unclassified,Eukaryota_unclassified,Eukaryota_unclassified,Eukaryota_unclassified,Eukaryota_unclassified,Eukaryota_unclassified
asv7281,Eukaryota,Eukaryota_unclassified,Eukaryota_unclassified,Eukaryota_unclassified,Eukaryota_unclassified,Eukaryota_unclassified,Eukaryota_unclassified,Eukaryota_unclassified
asv7282,Eukaryota,Eukaryota_unclassified,Eukaryota_unclassified,Eukaryota_unclassified,Eukaryota_unclassified,Eukaryota_unclassified,Eukaryota_unclassified,Eukaryota_unclassified
asv7285,Eukaryota,Eukaryota_unclassified,Eukaryota_unclassified,Eukaryota_unclassified,Eukaryota_unclassified,Eukaryota_unclassified,Eukaryota_unclassified,Eukaryota_unclassified
asv7286,Eukaryota,Eukaryota_unclassified,Eukaryota_unclassified,Eukaryota_unclassified,Eukaryota_unclassified,Eukaryota_unclassified,Eukaryota_unclassified,Eukaryota_unclassified
asv7287,Eukaryota,Eukaryota_unclassified,Eukaryota_unclassified,Eukaryota_unclassified,Eukaryota_unclassified,Eukaryota_unclassified,Eukaryota_unclassified,Eukaryota_unclassified
asv7288,Eukaryota,Eukaryota_unclassified,Eukaryota_unclassified,Eukaryota_unclassified,Eukaryota_unclassified,Eukaryota_unclassified,Eukaryota_unclassified,Eukaryota_unclassified
asv7290,Eukaryota,Eukaryota_unclassified,Eukaryota_unclassified,Eukaryota_unclassified,Eukaryota_unclassified,Eukaryota_unclassified,Eukaryota_unclassified,Eukaryota_unclassified
asv7291,Eukaryota,Eukaryota_unclassified,Eukaryota_unclassified,Eukaryota_unclassified,Eukaryota_unclassified,Eukaryota_unclassified,Eukaryota_unclassified,Eukaryota_unclassified
asv7458,Eukaryota,Eukaryota_unclassified,Eukaryota_unclassified,Eukaryota_unclassified,Eukaryota_unclassified,Eukaryota_unclassified,Eukaryota_unclassified,Eukaryota_unclassified
asv7460,Eukaryota,Eukaryota_unclassified,Eukaryota_unclassified,Eukaryota_unclassified,Eukaryota_unclassified,Eukaryota_unclassified,Eukaryota_unclassified,Eukaryota_unclassified
asv7461,Eukaryota,Eukaryota_unclassified,Eukaryota_unclassified,Eukaryota_unclassified,Eukaryota_unclassified,Eukaryota_unclassified,Eukaryota_unclassified,Eukaryota_unclassified
asv7462,Eukaryota,Eukaryota_unclassified,Eukaryota_unclassified,Eukaryota_unclassified,Eukaryota_unclassified,Eukaryota_unclassified,Eukaryota_unclassified,Eukaryota_unclassified
asv7463,Eukaryota,Eukaryota_unclassified,Eukaryota_unclassified,Eukaryota_unclassified,Eukaryota_unclassified,Eukaryota_unclassified,Eukaryota_unclassified,Eukaryota_unclassified
asv7466,Eukaryota,Eukaryota_unclassified,Eukaryota_unclassified,Eukaryota_unclassified,Eukaryota_unclassified,Eukaryota_unclassified,Eukaryota_unclassified,Eukaryota_unclassified
asv7470,Eukaryota,Eukaryota_unclassified,Eukaryota_unclassified,Eukaryota_unclassified,Eukaryota_unclassified,Eukaryota_unclassified,Eukaryota_unclassified,Eukaryota_unclassified
asv7471,Eukaryota,Eukaryota_unclassified,Eukaryota_unclassified,Eukaryota_unclassified,Eukaryota_unclassified,Eukaryota_unclassified,Eukaryota_unclassified,Eukaryota_unclassified
asv7476,Eukaryota,Eukaryota_unclassified,Eukaryota_unclassified,Eukaryota_unclassified,Eukaryota_unclassified,Eukaryota_unclassified,Eukaryota_unclassified,Eukaryota_unclassified
asv7477,Eukaryota,Eukaryota_unclassified,Eukaryota_unclassified,Eukaryota_unclassified,Eukaryota_unclassified,Eukaryota_unclassified,Eukaryota_unclassified,Eukaryota_unclassified
asv7478,Eukaryota,Eukaryota_unclassified,Eukaryota_unclassified,Eukaryota_unclassified,Eukaryota_unclassified,Eukaryota_unclassified,Eukaryota_unclassified,Eukaryota_unclassified
asv7479,Eukaryota,Eukaryota_unclassified,Eukaryota_unclassified,Eukaryota_unclassified,Eukaryota_unclassified,Eukaryota_unclassified,Eukaryota_unclassified,Eukaryota_unclassified
asv7480,Eukaryota,Eukaryota_unclassified,Eukaryota_unclassified,Eukaryota_unclassified,Eukaryota_unclassified,Eukaryota_unclassified,Eukaryota_unclassified,Eukaryota_unclassified
asv7481,Eukaryota,Eukaryota_unclassified,Eukaryota_unclassified,Eukaryota_unclassified,Eukaryota_unclassified,Eukaryota_unclassified,Eukaryota_unclassified,Eukaryota_unclassified
asv7482,Eukaryota,Eukaryota_unclassified,Eukaryota_unclassified,Eukaryota_unclassified,Eukaryota_unclassified,Eukaryota_unclassified,Eukaryota_unclassified,Eukaryota_unclassified
asv7485,Eukaryota,Eukaryota_unclassified,Eukaryota_unclassified,Eukaryota_unclassified,Eukaryota_unclassified,Eukaryota_unclassified,Eukaryota_unclassified,Eukaryota_unclassified
asv7488,Eukaryota,Eukaryota_unclassified,Eukaryota_unclassified,Eukaryota_unclassified,Eukaryota_unclassified,Eukaryota_unclassified,Eukaryota_unclassified,Eukaryota_unclassified
asv7489,Eukaryota,Eukaryota_unclassified,Eukaryota_unclassified,Eukaryota_unclassified,Eukaryota_unclassified,Eukaryota_unclassified,Eukaryota_unclassified,Eukaryota_unclassified
asv7490,Eukaryota,Eukaryota_unclassified,Eukaryota_unclassified,Eukaryota_unclassified,Eukaryota_unclassified,Eukaryota_unclassified,Eukaryota_unclassified,Eukaryota_unclassified
asv7494,Eukaryota,Eukaryota_unclassified,Eukaryota_unclassified,Eukaryota_unclassified,Eukaryota_unclassified,Eukaryota_unclassified,Eukaryota_unclassified,Eukaryota_unclassified
asv7495,Eukaryota,Eukaryota_unclassified,Eukaryota_unclassified,Eukaryota_unclassified,Eukaryota_unclassified,Eukaryota_unclassified,Eukaryota_unclassified,Eukaryota_unclassified
asv7496,Eukaryota,Eukaryota_unclassified,Eukaryota_unclassified,Eukaryota_unclassified,Eukaryota_unclassified,Eukaryota_unclassified,Eukaryota_unclassified,Eukaryota_unclassified
asv7497,Eukaryota,Eukaryota_unclassified,Eukaryota_unclassified,Eukaryota_unclassified,Eukaryota_unclassified,Eukaryota_unclassified,Eukaryota_unclassified,Eukaryota_unclassified
asv7498,Eukaryota,Eukaryota_unclassified,Eukaryota_unclassified,Eukaryota_unclassified,Eukaryota_unclassified,Eukaryota_unclassified,Eukaryota_unclassified,Eukaryota_unclassified
asv7511,Eukaryota,Eukaryota_unclassified,Eukaryota_unclassified,Eukaryota_unclassified,Eukaryota_unclassified,Eukaryota_unclassified,Eukaryota_unclassified,Eukaryota_unclassified
asv7512,Eukaryota,Eukaryota_unclassified,Eukaryota_unclassified,Eukaryota_unclassified,Eukaryota_unclassified,Eukaryota_unclassified,Eukaryota_unclassified,Eukaryota_unclassified
asv7685,Eukaryota,Eukaryota_unclassified,Eukaryota_unclassified,Eukaryota_unclassified,Eukaryota_unclassified,Eukaryota_unclassified,Eukaryota_unclassified,Eukaryota_unclassified
asv7686,Eukaryota,Eukaryota_unclassified,Eukaryota_unclassified,Eukaryota_unclassified,Eukaryota_unclassified,Eukaryota_unclassified,Eukaryota_unclassified,Eukaryota_unclassified
asv7687,Eukaryota,Eukaryota_unclassified,Eukaryota_unclassified,Eukaryota_unclassified,Eukaryota_unclassified,Eukaryota_unclassified,Eukaryota_unclassified,Eukaryota_unclassified
asv7689,Eukaryota,Eukaryota_unclassified,Eukaryota_unclassified,Eukaryota_unclassified,Eukaryota_unclassified,Eukaryota_unclassified,Eukaryota_unclassified,Eukaryota_unclassified
asv7691,Eukaryota,Eukaryota_unclassified,Eukaryota_unclassified,Eukaryota_unclassified,Eukaryota_unclassified,Eukaryota_unclassified,Eukaryota_unclassified,Eukaryota_unclassified
asv7692,Eukaryota,Eukaryota_unclassified,Eukaryota_unclassified,Eukaryota_unclassified,Eukaryota_unclassified,Eukaryota_unclassified,Eukaryota_unclassified,Eukaryota_unclassified
asv7694,Eukaryota,Eukaryota_unclassified,Eukaryota_unclassified,Eukaryota_unclassified,Eukaryota_unclassified,Eukaryota_unclassified,Eukaryota_unclassified,Eukaryota_unclassified
asv7695,Eukaryota,Eukaryota_unclassified,Eukaryota_unclassified,Eukaryota_unclassified,Eukaryota_unclassified,Eukaryota_unclassified,Eukaryota_unclassified,Eukaryota_unclassified
asv7696,Eukaryota,Eukaryota_unclassified,Eukaryota_unclassified,Eukaryota_unclassified,Eukaryota_unclassified,Eukaryota_unclassified,Eukaryota_unclassified,Eukaryota_unclassified
asv7699,Eukaryota,Eukaryota_unclassified,Eukaryota_unclassified,Eukaryota_unclassified,Eukaryota_unclassified,Eukaryota_unclassified,Eukaryota_unclassified,Eukaryota_unclassified
asv7702,Eukaryota,Eukaryota_unclassified,Eukaryota_unclassified,Eukaryota_unclassified,Eukaryota_unclassified,Eukaryota_unclassified,Eukaryota_unclassified,Eukaryota_unclassified
asv7704,Eukaryota,Eukaryota_unclassified,Eukaryota_unclassified,Eukaryota_unclassified,Eukaryota_unclassified,Eukaryota_unclassified,Eukaryota_unclassified,Eukaryota_unclassified
asv7705,Eukaryota,Eukaryota_unclassified,Eukaryota_unclassified,Eukaryota_unclassified,Eukaryota_unclassified,Eukaryota_unclassified,Eukaryota_unclassified,Eukaryota_unclassified
asv7707,Eukaryota,Eukaryota_unclassified,Eukaryota_unclassified,Eukaryota_unclassified,Eukaryota_unclassified,Eukaryota_unclassified,Eukaryota_unclassified,Eukaryota_unclassified
asv7709,Eukaryota,Eukaryota_unclassified,Eukaryota_unclassified,Eukaryota_unclassified,Eukaryota_unclassified,Eukaryota_unclassified,Eukaryota_unclassified,Eukaryota_unclassified
asv7710,Eukaryota,Eukaryota_unclassified,Eukaryota_unclassified,Eukaryota_unclassified,Eukaryota_unclassified,Eukaryota_unclassified,Eukaryota_unclassified,Eukaryota_unclassified
asv7711,Eukaryota,Eukaryota_unclassified,Eukaryota_unclassified,Eukaryota_unclassified,Eukaryota_unclassified,Eukaryota_unclassified,Eukaryota_unclassified,Eukaryota_unclassified
asv7712,Eukaryota,Eukaryota_unclassified,Eukaryota_unclassified,Eukaryota_unclassified,Eukaryota_unclassified,Eukaryota_unclassified,Eukaryota_unclassified,Eukaryota_unclassified
asv7714,Eukaryota,Eukaryota_unclassified,Eukaryota_unclassified,Eukaryota_unclassified,Eukaryota_unclassified,Eukaryota_unclassified,Eukaryota_unclassified,Eukaryota_unclassified
asv7715,Eukaryota,Eukaryota_unclassified,Eukaryota_unclassified,Eukaryota_unclassified,Eukaryota_unclassified,Eukaryota_unclassified,Eukaryota_unclassified,Eukaryota_unclassified
asv7716,Eukaryota,Eukaryota_unclassified,Eukaryota_unclassified,Eukaryota_unclassified,Eukaryota_unclassified,Eukaryota_unclassified,Eukaryota_unclassified,Eukaryota_unclassified
asv7717,Eukaryota,Eukaryota_unclassified,Eukaryota_unclassified,Eukaryota_unclassified,Eukaryota_unclassified,Eukaryota_unclassified,Eukaryota_unclassified,Eukaryota_unclassified
asv7720,Eukaryota,Eukaryota_unclassified,Eukaryota_unclassified,Eukaryota_unclassified,Eukaryota_unclassified,Eukaryota_unclassified,Eukaryota_unclassified,Eukaryota_unclassified
asv7723,Eukaryota,Eukaryota_unclassified,Eukaryota_unclassified,Eukaryota_unclassified,Eukaryota_unclassified,Eukaryota_unclassified,Eukaryota_unclassified,Eukaryota_unclassified
asv7724,Eukaryota,Eukaryota_unclassified,Eukaryota_unclassified,Eukaryota_unclassified,Eukaryota_unclassified,Eukaryota_unclassified,Eukaryota_unclassified,Eukaryota_unclassified
asv7725,Eukaryota,Eukaryota_unclassified,Eukaryota_unclassified,Eukaryota_unclassified,Eukaryota_unclassified,Eukaryota_unclassified,Eukaryota_unclassified,Eukaryota_unclassified
asv7726,Eukaryota,Eukaryota_unclassified,Eukaryota_unclassified,Eukaryota_unclassified,Eukaryota_unclassified,Eukaryota_unclassified,Eukaryota_unclassified,Eukaryota_unclassified
asv7727,Eukaryota,Eukaryota_unclassified,Eukaryota_unclassified,Eukaryota_unclassified,Eukaryota_unclassified,Eukaryota_unclassified,Eukaryota_unclassified,Eukaryota_unclassified
asv7728,Eukaryota,Eukaryota_unclassified,Eukaryota_unclassified,Eukaryota_unclassified,Eukaryota_unclassified,Eukaryota_unclassified,Eukaryota_unclassified,Eukaryota_unclassified
asv7729,Eukaryota,Eukaryota_unclassified,Eukaryota_unclassified,Eukaryota_unclassified,Eukaryota_unclassified,Eukaryota_unclassified,Eukaryota_unclassified,Eukaryota_unclassified
asv7730,Eukaryota,Eukaryota_unclassified,Eukaryota_unclassified,Eukaryota_unclassified,Eukaryota_unclassified,Eukaryota_unclassified,Eukaryota_unclassified,Eukaryota_unclassified
asv7732,Eukaryota,Eukaryota_unclassified,Eukaryota_unclassified,Eukaryota_unclassified,Eukaryota_unclassified,Eukaryota_unclassified,Eukaryota_unclassified,Eukaryota_unclassified
asv7734,Eukaryota,Eukaryota_unclassified,Eukaryota_unclassified,Eukaryota_unclassified,Eukaryota_unclassified,Eukaryota_unclassified,Eukaryota_unclassified,Eukaryota_unclassified
asv7737,Eukaryota,Eukaryota_unclassified,Eukaryota_unclassified,Eukaryota_unclassified,Eukaryota_unclassified,Eukaryota_unclassified,Eukaryota_unclassified,Eukaryota_unclassified
asv7739,Eukaryota,Eukaryota_unclassified,Eukaryota_unclassified,Eukaryota_unclassified,Eukaryota_unclassified,Eukaryota_unclassified,Eukaryota_unclassified,Eukaryota_unclassified
asv7742,Eukaryota,Eukaryota_unclassified,Eukaryota_unclassified,Eukaryota_unclassified,Eukaryota_unclassified,Eukaryota_unclassified,Eukaryota_unclassified,Eukaryota_unclassified
asv7744,Eukaryota,Eukaryota_unclassified,Eukaryota_unclassified,Eukaryota_unclassified,Eukaryota_unclassified,Eukaryota_unclassified,Eukaryota_unclassified,Eukaryota_unclassified
asv7745,Eukaryota,Eukaryota_unclassified,Eukaryota_unclassified,Eukaryota_unclassified,Eukaryota_unclassified,Eukaryota_unclassified,Eukaryota_unclassified,Eukaryota_unclassified
asv7746,Eukaryota,Eukaryota_unclassified,Eukaryota_unclassified,Eukaryota_unclassified,Eukaryota_unclassified,Eukaryota_unclassified,Eukaryota_unclassified,Eukaryota_unclassified
asv7747,Eukaryota,Eukaryota_unclassified,Eukaryota_unclassified,Eukaryota_unclassified,Eukaryota_unclassified,Eukaryota_unclassified,Eukaryota_unclassified,Eukaryota_unclassified
asv7748,Eukaryota,Eukaryota_unclassified,Eukaryota_unclassified,Eukaryota_unclassified,Eukaryota_unclassified,Eukaryota_unclassified,Eukaryota_unclassified,Eukaryota_unclassified
asv7765,Eukaryota,Eukaryota_unclassified,Eukaryota_unclassified,Eukaryota_unclassified,Eukaryota_unclassified,Eukaryota_unclassified,Eukaryota_unclassified,Eukaryota_unclassified
asv7766,Eukaryota,Eukaryota_unclassified,Eukaryota_unclassified,Eukaryota_unclassified,Eukaryota_unclassified,Eukaryota_unclassified,Eukaryota_unclassified,Eukaryota_unclassified
asv7929,Eukaryota,Eukaryota_unclassified,Eukaryota_unclassified,Eukaryota_unclassified,Eukaryota_unclassified,Eukaryota_unclassified,Eukaryota_unclassified,Eukaryota_unclassified
asv7938,Eukaryota,Eukaryota_unclassified,Eukaryota_unclassified,Eukaryota_unclassified,Eukaryota_unclassified,Eukaryota_unclassified,Eukaryota_unclassified,Eukaryota_unclassified
asv7941,Eukaryota,Eukaryota_unclassified,Eukaryota_unclassified,Eukaryota_unclassified,Eukaryota_unclassified,Eukaryota_unclassified,Eukaryota_unclassified,Eukaryota_unclassified
asv7942,Eukaryota,Eukaryota_unclassified,Eukaryota_unclassified,Eukaryota_unclassified,Eukaryota_unclassified,Eukaryota_unclassified,Eukaryota_unclassified,Eukaryota_unclassified
asv7943,Eukaryota,Eukaryota_unclassified,Eukaryota_unclassified,Eukaryota_unclassified,Eukaryota_unclassified,Eukaryota_unclassified,Eukaryota_unclassified,Eukaryota_unclassified
asv7944,Eukaryota,Eukaryota_unclassified,Eukaryota_unclassified,Eukaryota_unclassified,Eukaryota_unclassified,Eukaryota_unclassified,Eukaryota_unclassified,Eukaryota_unclassified
asv7945,Eukaryota,Eukaryota_unclassified,Eukaryota_unclassified,Eukaryota_unclassified,Eukaryota_unclassified,Eukaryota_unclassified,Eukaryota_unclassified,Eukaryota_unclassified
asv7946,Eukaryota,Eukaryota_unclassified,Eukaryota_unclassified,Eukaryota_unclassified,Eukaryota_unclassified,Eukaryota_unclassified,Eukaryota_unclassified,Eukaryota_unclassified
asv7950,Eukaryota,Eukaryota_unclassified,Eukaryota_unclassified,Eukaryota_unclassified,Eukaryota_unclassified,Eukaryota_unclassified,Eukaryota_unclassified,Eukaryota_unclassified
asv7951,Eukaryota,Eukaryota_unclassified,Eukaryota_unclassified,Eukaryota_unclassified,Eukaryota_unclassified,Eukaryota_unclassified,Eukaryota_unclassified,Eukaryota_unclassified
asv7952,Eukaryota,Eukaryota_unclassified,Eukaryota_unclassified,Eukaryota_unclassified,Eukaryota_unclassified,Eukaryota_unclassified,Eukaryota_unclassified,Eukaryota_unclassified
asv7953,Eukaryota,Eukaryota_unclassified,Eukaryota_unclassified,Eukaryota_unclassified,Eukaryota_unclassified,Eukaryota_unclassified,Eukaryota_unclassified,Eukaryota_unclassified
asv7954,Eukaryota,Eukaryota_unclassified,Eukaryota_unclassified,Eukaryota_unclassified,Eukaryota_unclassified,Eukaryota_unclassified,Eukaryota_unclassified,Eukaryota_unclassified
asv7955,Eukaryota,Eukaryota_unclassified,Eukaryota_unclassified,Eukaryota_unclassified,Eukaryota_unclassified,Eukaryota_unclassified,Eukaryota_unclassified,Eukaryota_unclassified
asv7956,Eukaryota,Eukaryota_unclassified,Eukaryota_unclassified,Eukaryota_unclassified,Eukaryota_unclassified,Eukaryota_unclassified,Eukaryota_unclassified,Eukaryota_unclassified
asv7957,Eukaryota,Eukaryota_unclassified,Eukaryota_unclassified,Eukaryota_unclassified,Eukaryota_unclassified,Eukaryota_unclassified,Eukaryota_unclassified,Eukaryota_unclassified
asv7958,Eukaryota,Eukaryota_unclassified,Eukaryota_unclassified,Eukaryota_unclassified,Eukaryota_unclassified,Eukaryota_unclassified,Eukaryota_unclassified,Eukaryota_unclassified
asv7959,Eukaryota,Eukaryota_unclassified,Eukaryota_unclassified,Eukaryota_unclassified,Eukaryota_unclassified,Eukaryota_unclassified,Eukaryota_unclassified,Eukaryota_unclassified
asv7960,Eukaryota,Eukaryota_unclassified,Eukaryota_unclassified,Eukaryota_unclassified,Eukaryota_unclassified,Eukaryota_unclassified,Eukaryota_unclassified,Eukaryota_unclassified
asv7961,Eukaryota,Eukaryota_unclassified,Eukaryota_unclassified,Eukaryota_unclassified,Eukaryota_unclassified,Eukaryota_unclassified,Eukaryota_unclassified,Eukaryota_unclassified
asv7962,Eukaryota,Eukaryota_unclassified,Eukaryota_unclassified,Eukaryota_unclassified,Eukaryota_unclassified,Eukaryota_unclassified,Eukaryota_unclassified,Eukaryota_unclassified
asv7964,Eukaryota,Eukaryota_unclassified,Eukaryota_unclassified,Eukaryota_unclassified,Eukaryota_unclassified,Eukaryota_unclassified,Eukaryota_unclassified,Eukaryota_unclassified
asv7965,Eukaryota,Eukaryota_unclassified,Eukaryota_unclassified,Eukaryota_unclassified,Eukaryota_unclassified,Eukaryota_unclassified,Eukaryota_unclassified,Eukaryota_unclassified
asv7966,Eukaryota,Eukaryota_unclassified,Eukaryota_unclassified,Eukaryota_unclassified,Eukaryota_unclassified,Eukaryota_unclassified,Eukaryota_unclassified,Eukaryota_unclassified
asv7967,Eukaryota,Eukaryota_unclassified,Eukaryota_unclassified,Eukaryota_unclassified,Eukaryota_unclassified,Eukaryota_unclassified,Eukaryota_unclassified,Eukaryota_unclassified
asv7968,Eukaryota,Eukaryota_unclassified,Eukaryota_unclassified,Eukaryota_unclassified,Eukaryota_unclassified,Eukaryota_unclassified,Eukaryota_unclassified,Eukaryota_unclassified
asv7971,Eukaryota,Eukaryota_unclassified,Eukaryota_unclassified,Eukaryota_unclassified,Eukaryota_unclassified,Eukaryota_unclassified,Eukaryota_unclassified,Eukaryota_unclassified
asv7972,Eukaryota,Eukaryota_unclassified,Eukaryota_unclassified,Eukaryota_unclassified,Eukaryota_unclassified,Eukaryota_unclassified,Eukaryota_unclassified,Eukaryota_unclassified
asv7973,Eukaryota,Eukaryota_unclassified,Eukaryota_unclassified,Eukaryota_unclassified,Eukaryota_unclassified,Eukaryota_unclassified,Eukaryota_unclassified,Eukaryota_unclassified
asv7974,Eukaryota,Eukaryota_unclassified,Eukaryota_unclassified,Eukaryota_unclassified,Eukaryota_unclassified,Eukaryota_unclassified,Eukaryota_unclassified,Eukaryota_unclassified
asv7975,Eukaryota,Eukaryota_unclassified,Eukaryota_unclassified,Eukaryota_unclassified,Eukaryota_unclassified,Eukaryota_unclassified,Eukaryota_unclassified,Eukaryota_unclassified
asv7976,Eukaryota,Eukaryota_unclassified,Eukaryota_unclassified,Eukaryota_unclassified,Eukaryota_unclassified,Eukaryota_unclassified,Eukaryota_unclassified,Eukaryota_unclassified
asv7977,Eukaryota,Eukaryota_unclassified,Eukaryota_unclassified,Eukaryota_unclassified,Eukaryota_unclassified,Eukaryota_unclassified,Eukaryota_unclassified,Eukaryota_unclassified
asv7984,Eukaryota,Eukaryota_unclassified,Eukaryota_unclassified,Eukaryota_unclassified,Eukaryota_unclassified,Eukaryota_unclassified,Eukaryota_unclassified,Eukaryota_unclassified
asv8216,Eukaryota,Eukaryota_unclassified,Eukaryota_unclassified,Eukaryota_unclassified,Eukaryota_unclassified,Eukaryota_unclassified,Eukaryota_unclassified,Eukaryota_unclassified
asv8220,Eukaryota,Eukaryota_unclassified,Eukaryota_unclassified,Eukaryota_unclassified,Eukaryota_unclassified,Eukaryota_unclassified,Eukaryota_unclassified,Eukaryota_unclassified
asv8222,Eukaryota,Eukaryota_unclassified,Eukaryota_unclassified,Eukaryota_unclassified,Eukaryota_unclassified,Eukaryota_unclassified,Eukaryota_unclassified,Eukaryota_unclassified
asv8223,Eukaryota,Eukaryota_unclassified,Eukaryota_unclassified,Eukaryota_unclassified,Eukaryota_unclassified,Eukaryota_unclassified,Eukaryota_unclassified,Eukaryota_unclassified
asv8224,Eukaryota,Eukaryota_unclassified,Eukaryota_unclassified,Eukaryota_unclassified,Eukaryota_unclassified,Eukaryota_unclassified,Eukaryota_unclassified,Eukaryota_unclassified
asv8225,Eukaryota,Eukaryota_unclassified,Eukaryota_unclassified,Eukaryota_unclassified,Eukaryota_unclassified,Eukaryota_unclassified,Eukaryota_unclassified,Eukaryota_unclassified
asv8226,Eukaryota,Eukaryota_unclassified,Eukaryota_unclassified,Eukaryota_unclassified,Eukaryota_unclassified,Eukaryota_unclassified,Eukaryota_unclassified,Eukaryota_unclassified
asv8227,Eukaryota,Eukaryota_unclassified,Eukaryota_unclassified,Eukaryota_unclassified,Eukaryota_unclassified,Eukaryota_unclassified,Eukaryota_unclassified,Eukaryota_unclassified
asv8228,Eukaryota,Eukaryota_unclassified,Eukaryota_unclassified,Eukaryota_unclassified,Eukaryota_unclassified,Eukaryota_unclassified,Eukaryota_unclassified,Eukaryota_unclassified
asv8229,Eukaryota,Eukaryota_unclassified,Eukaryota_unclassified,Eukaryota_unclassified,Eukaryota_unclassified,Eukaryota_unclassified,Eukaryota_unclassified,Eukaryota_unclassified
asv8230,Eukaryota,Eukaryota_unclassified,Eukaryota_unclassified,Eukaryota_unclassified,Eukaryota_unclassified,Eukaryota_unclassified,Eukaryota_unclassified,Eukaryota_unclassified
asv8234,Eukaryota,Eukaryota_unclassified,Eukaryota_unclassified,Eukaryota_unclassified,Eukaryota_unclassified,Eukaryota_unclassified,Eukaryota_unclassified,Eukaryota_unclassified
asv8236,Eukaryota,Eukaryota_unclassified,Eukaryota_unclassified,Eukaryota_unclassified,Eukaryota_unclassified,Eukaryota_unclassified,Eukaryota_unclassified,Eukaryota_unclassified
asv8238,Eukaryota,Eukaryota_unclassified,Eukaryota_unclassified,Eukaryota_unclassified,Eukaryota_unclassified,Eukaryota_unclassified,Eukaryota_unclassified,Eukaryota_unclassified
asv8240,Eukaryota,Eukaryota_unclassified,Eukaryota_unclassified,Eukaryota_unclassified,Eukaryota_unclassified,Eukaryota_unclassified,Eukaryota_unclassified,Eukaryota_unclassified
asv8241,Eukaryota,Eukaryota_unclassified,Eukaryota_unclassified,Eukaryota_unclassified,Eukaryota_unclassified,Eukaryota_unclassified,Eukaryota_unclassified,Eukaryota_unclassified
asv8242,Eukaryota,Eukaryota_unclassified,Eukaryota_unclassified,Eukaryota_unclassified,Eukaryota_unclassified,Eukaryota_unclassified,Eukaryota_unclassified,Eukaryota_unclassified
asv8243,Eukaryota,Eukaryota_unclassified,Eukaryota_unclassified,Eukaryota_unclassified,Eukaryota_unclassified,Eukaryota_unclassified,Eukaryota_unclassified,Eukaryota_unclassified
asv8244,Eukaryota,Eukaryota_unclassified,Eukaryota_unclassified,Eukaryota_unclassified,Eukaryota_unclassified,Eukaryota_unclassified,Eukaryota_unclassified,Eukaryota_unclassified
asv8246,Eukaryota,Eukaryota_unclassified,Eukaryota_unclassified,Eukaryota_unclassified,Eukaryota_unclassified,Eukaryota_unclassified,Eukaryota_unclassified,Eukaryota_unclassified
asv8247,Eukaryota,Eukaryota_unclassified,Eukaryota_unclassified,Eukaryota_unclassified,Eukaryota_unclassified,Eukaryota_unclassified,Eukaryota_unclassified,Eukaryota_unclassified
asv8248,Eukaryota,Eukaryota_unclassified,Eukaryota_unclassified,Eukaryota_unclassified,Eukaryota_unclassified,Eukaryota_unclassified,Eukaryota_unclassified,Eukaryota_unclassified
asv8249,Eukaryota,Eukaryota_unclassified,Eukaryota_unclassified,Eukaryota_unclassified,Eukaryota_unclassified,Eukaryota_unclassified,Eukaryota_unclassified,Eukaryota_unclassified
asv8251,Eukaryota,Eukaryota_unclassified,Eukaryota_unclassified,Eukaryota_unclassified,Eukaryota_unclassified,Eukaryota_unclassified,Eukaryota_unclassified,Eukaryota_unclassified
asv8253,Eukaryota,Eukaryota_unclassified,Eukaryota_unclassified,Eukaryota_unclassified,Eukaryota_unclassified,Eukaryota_unclassified,Eukaryota_unclassified,Eukaryota_unclassified
asv8254,Eukaryota,Eukaryota_unclassified,Eukaryota_unclassified,Eukaryota_unclassified,Eukaryota_unclassified,Eukaryota_unclassified,Eukaryota_unclassified,Eukaryota_unclassified
asv8255,Eukaryota,Eukaryota_unclassified,Eukaryota_unclassified,Eukaryota_unclassified,Eukaryota_unclassified,Eukaryota_unclassified,Eukaryota_unclassified,Eukaryota_unclassified
asv8256,Eukaryota,Eukaryota_unclassified,Eukaryota_unclassified,Eukaryota_unclassified,Eukaryota_unclassified,Eukaryota_unclassified,Eukaryota_unclassified,Eukaryota_unclassified
asv8257,Eukaryota,Eukaryota_unclassified,Eukaryota_unclassified,Eukaryota_unclassified,Eukaryota_unclassified,Eukaryota_unclassified,Eukaryota_unclassified,Eukaryota_unclassified
asv8261,Eukaryota,Eukaryota_unclassified,Eukaryota_unclassified,Eukaryota_unclassified,Eukaryota_unclassified,Eukaryota_unclassified,Eukaryota_unclassified,Eukaryota_unclassified
asv8262,Eukaryota,Eukaryota_unclassified,Eukaryota_unclassified,Eukaryota_unclassified,Eukaryota_unclassified,Eukaryota_unclassified,Eukaryota_unclassified,Eukaryota_unclassified
asv8263,Eukaryota,Eukaryota_unclassified,Eukaryota_unclassified,Eukaryota_unclassified,Eukaryota_unclassified,Eukaryota_unclassified,Eukaryota_unclassified,Eukaryota_unclassified
asv8266,Eukaryota,Eukaryota_unclassified,Eukaryota_unclassified,Eukaryota_unclassified,Eukaryota_unclassified,Eukaryota_unclassified,Eukaryota_unclassified,Eukaryota_unclassified
asv8267,Eukaryota,Eukaryota_unclassified,Eukaryota_unclassified,Eukaryota_unclassified,Eukaryota_unclassified,Eukaryota_unclassified,Eukaryota_unclassified,Eukaryota_unclassified
asv8268,Eukaryota,Eukaryota_unclassified,Eukaryota_unclassified,Eukaryota_unclassified,Eukaryota_unclassified,Eukaryota_unclassified,Eukaryota_unclassified,Eukaryota_unclassified
asv8270,Eukaryota,Eukaryota_unclassified,Eukaryota_unclassified,Eukaryota_unclassified,Eukaryota_unclassified,Eukaryota_unclassified,Eukaryota_unclassified,Eukaryota_unclassified
asv8271,Eukaryota,Eukaryota_unclassified,Eukaryota_unclassified,Eukaryota_unclassified,Eukaryota_unclassified,Eukaryota_unclassified,Eukaryota_unclassified,Eukaryota_unclassified
asv8272,Eukaryota,Eukaryota_unclassified,Eukaryota_unclassified,Eukaryota_unclassified,Eukaryota_unclassified,Eukaryota_unclassified,Eukaryota_unclassified,Eukaryota_unclassified
asv8273,Eukaryota,Eukaryota_unclassified,Eukaryota_unclassified,Eukaryota_unclassified,Eukaryota_unclassified,Eukaryota_unclassified,Eukaryota_unclassified,Eukaryota_unclassified
asv8274,Eukaryota,Eukaryota_unclassified,Eukaryota_unclassified,Eukaryota_unclassified,Eukaryota_unclassified,Eukaryota_unclassified,Eukaryota_unclassified,Eukaryota_unclassified
asv8290,Eukaryota,Eukaryota_unclassified,Eukaryota_unclassified,Eukaryota_unclassified,Eukaryota_unclassified,Eukaryota_unclassified,Eukaryota_unclassified,Eukaryota_unclassified
asv8525,Eukaryota,Eukaryota_unclassified,Eukaryota_unclassified,Eukaryota_unclassified,Eukaryota_unclassified,Eukaryota_unclassified,Eukaryota_unclassified,Eukaryota_unclassified
asv8528,Eukaryota,Eukaryota_unclassified,Eukaryota_unclassified,Eukaryota_unclassified,Eukaryota_unclassified,Eukaryota_unclassified,Eukaryota_unclassified,Eukaryota_unclassified
asv8530,Eukaryota,Eukaryota_unclassified,Eukaryota_unclassified,Eukaryota_unclassified,Eukaryota_unclassified,Eukaryota_unclassified,Eukaryota_unclassified,Eukaryota_unclassified
asv8532,Eukaryota,Eukaryota_unclassified,Eukaryota_unclassified,Eukaryota_unclassified,Eukaryota_unclassified,Eukaryota_unclassified,Eukaryota_unclassified,Eukaryota_unclassified
asv8533,Eukaryota,Eukaryota_unclassified,Eukaryota_unclassified,Eukaryota_unclassified,Eukaryota_unclassified,Eukaryota_unclassified,Eukaryota_unclassified,Eukaryota_unclassified
asv8534,Eukaryota,Eukaryota_unclassified,Eukaryota_unclassified,Eukaryota_unclassified,Eukaryota_unclassified,Eukaryota_unclassified,Eukaryota_unclassified,Eukaryota_unclassified
asv8535,Eukaryota,Eukaryota_unclassified,Eukaryota_unclassified,Eukaryota_unclassified,Eukaryota_unclassified,Eukaryota_unclassified,Eukaryota_unclassified,Eukaryota_unclassified
asv8536,Eukaryota,Eukaryota_unclassified,Eukaryota_unclassified,Eukaryota_unclassified,Eukaryota_unclassified,Eukaryota_unclassified,Eukaryota_unclassified,Eukaryota_unclassified
asv8538,Eukaryota,Eukaryota_unclassified,Eukaryota_unclassified,Eukaryota_unclassified,Eukaryota_unclassified,Eukaryota_unclassified,Eukaryota_unclassified,Eukaryota_unclassified
asv8539,Eukaryota,Eukaryota_unclassified,Eukaryota_unclassified,Eukaryota_unclassified,Eukaryota_unclassified,Eukaryota_unclassified,Eukaryota_unclassified,Eukaryota_unclassified
asv8540,Eukaryota,Eukaryota_unclassified,Eukaryota_unclassified,Eukaryota_unclassified,Eukaryota_unclassified,Eukaryota_unclassified,Eukaryota_unclassified,Eukaryota_unclassified
asv8541,Eukaryota,Eukaryota_unclassified,Eukaryota_unclassified,Eukaryota_unclassified,Eukaryota_unclassified,Eukaryota_unclassified,Eukaryota_unclassified,Eukaryota_unclassified
asv8542,Eukaryota,Eukaryota_unclassified,Eukaryota_unclassified,Eukaryota_unclassified,Eukaryota_unclassified,Eukaryota_unclassified,Eukaryota_unclassified,Eukaryota_unclassified
asv8543,Eukaryota,Eukaryota_unclassified,Eukaryota_unclassified,Eukaryota_unclassified,Eukaryota_unclassified,Eukaryota_unclassified,Eukaryota_unclassified,Eukaryota_unclassified
asv8544,Eukaryota,Eukaryota_unclassified,Eukaryota_unclassified,Eukaryota_unclassified,Eukaryota_unclassified,Eukaryota_unclassified,Eukaryota_unclassified,Eukaryota_unclassified
asv8549,Eukaryota,Eukaryota_unclassified,Eukaryota_unclassified,Eukaryota_unclassified,Eukaryota_unclassified,Eukaryota_unclassified,Eukaryota_unclassified,Eukaryota_unclassified
asv8550,Eukaryota,Eukaryota_unclassified,Eukaryota_unclassified,Eukaryota_unclassified,Eukaryota_unclassified,Eukaryota_unclassified,Eukaryota_unclassified,Eukaryota_unclassified
asv8552,Eukaryota,Eukaryota_unclassified,Eukaryota_unclassified,Eukaryota_unclassified,Eukaryota_unclassified,Eukaryota_unclassified,Eukaryota_unclassified,Eukaryota_unclassified
asv8554,Eukaryota,Eukaryota_unclassified,Eukaryota_unclassified,Eukaryota_unclassified,Eukaryota_unclassified,Eukaryota_unclassified,Eukaryota_unclassified,Eukaryota_unclassified
asv8555,Eukaryota,Eukaryota_unclassified,Eukaryota_unclassified,Eukaryota_unclassified,Eukaryota_unclassified,Eukaryota_unclassified,Eukaryota_unclassified,Eukaryota_unclassified
asv8557,Eukaryota,Eukaryota_unclassified,Eukaryota_unclassified,Eukaryota_unclassified,Eukaryota_unclassified,Eukaryota_unclassified,Eukaryota_unclassified,Eukaryota_unclassified
asv8558,Eukaryota,Eukaryota_unclassified,Eukaryota_unclassified,Eukaryota_unclassified,Eukaryota_unclassified,Eukaryota_unclassified,Eukaryota_unclassified,Eukaryota_unclassified
asv8560,Eukaryota,Eukaryota_unclassified,Eukaryota_unclassified,Eukaryota_unclassified,Eukaryota_unclassified,Eukaryota_unclassified,Eukaryota_unclassified,Eukaryota_unclassified
asv8561,Eukaryota,Eukaryota_unclassified,Eukaryota_unclassified,Eukaryota_unclassified,Eukaryota_unclassified,Eukaryota_unclassified,Eukaryota_unclassified,Eukaryota_unclassified
asv8562,Eukaryota,Eukaryota_unclassified,Eukaryota_unclassified,Eukaryota_unclassified,Eukaryota_unclassified,Eukaryota_unclassified,Eukaryota_unclassified,Eukaryota_unclassified
asv8564,Eukaryota,Eukaryota_unclassified,Eukaryota_unclassified,Eukaryota_unclassified,Eukaryota_unclassified,Eukaryota_unclassified,Eukaryota_unclassified,Eukaryota_unclassified
asv8565,Eukaryota,Eukaryota_unclassified,Eukaryota_unclassified,Eukaryota_unclassified,Eukaryota_unclassified,Eukaryota_unclassified,Eukaryota_unclassified,Eukaryota_unclassified
asv8567,Eukaryota,Eukaryota_unclassified,Eukaryota_unclassified,Eukaryota_unclassified,Eukaryota_unclassified,Eukaryota_unclassified,Eukaryota_unclassified,Eukaryota_unclassified
asv8568,Eukaryota,Eukaryota_unclassified,Eukaryota_unclassified,Eukaryota_unclassified,Eukaryota_unclassified,Eukaryota_unclassified,Eukaryota_unclassified,Eukaryota_unclassified
asv8570,Eukaryota,Eukaryota_unclassified,Eukaryota_unclassified,Eukaryota_unclassified,Eukaryota_unclassified,Eukaryota_unclassified,Eukaryota_unclassified,Eukaryota_unclassified
asv8571,Eukaryota,Eukaryota_unclassified,Eukaryota_unclassified,Eukaryota_unclassified,Eukaryota_unclassified,Eukaryota_unclassified,Eukaryota_unclassified,Eukaryota_unclassified
asv8572,Eukaryota,Eukaryota_unclassified,Eukaryota_unclassified,Eukaryota_unclassified,Eukaryota_unclassified,Eukaryota_unclassified,Eukaryota_unclassified,Eukaryota_unclassified
asv8574,Eukaryota,Eukaryota_unclassified,Eukaryota_unclassified,Eukaryota_unclassified,Eukaryota_unclassified,Eukaryota_unclassified,Eukaryota_unclassified,Eukaryota_unclassified
asv8575,Eukaryota,Eukaryota_unclassified,Eukaryota_unclassified,Eukaryota_unclassified,Eukaryota_unclassified,Eukaryota_unclassified,Eukaryota_unclassified,Eukaryota_unclassified
asv8576,Eukaryota,Eukaryota_unclassified,Eukaryota_unclassified,Eukaryota_unclassified,Eukaryota_unclassified,Eukaryota_unclassified,Eukaryota_unclassified,Eukaryota_unclassified
asv8577,Eukaryota,Eukaryota_unclassified,Eukaryota_unclassified,Eukaryota_unclassified,Eukaryota_unclassified,Eukaryota_unclassified,Eukaryota_unclassified,Eukaryota_unclassified
asv8578,Eukaryota,Eukaryota_unclassified,Eukaryota_unclassified,Eukaryota_unclassified,Eukaryota_unclassified,Eukaryota_unclassified,Eukaryota_unclassified,Eukaryota_unclassified
asv8579,Eukaryota,Eukaryota_unclassified,Eukaryota_unclassified,Eukaryota_unclassified,Eukaryota_unclassified,Eukaryota_unclassified,Eukaryota_unclassified,Eukaryota_unclassified
asv8580,Eukaryota,Eukaryota_unclassified,Eukaryota_unclassified,Eukaryota_unclassified,Eukaryota_unclassified,Eukaryota_unclassified,Eukaryota_unclassified,Eukaryota_unclassified
asv8581,Eukaryota,Eukaryota_unclassified,Eukaryota_unclassified,Eukaryota_unclassified,Eukaryota_unclassified,Eukaryota_unclassified,Eukaryota_unclassified,Eukaryota_unclassified
asv8585,Eukaryota,Eukaryota_unclassified,Eukaryota_unclassified,Eukaryota_unclassified,Eukaryota_unclassified,Eukaryota_unclassified,Eukaryota_unclassified,Eukaryota_unclassified
asv8586,Eukaryota,Eukaryota_unclassified,Eukaryota_unclassified,Eukaryota_unclassified,Eukaryota_unclassified,Eukaryota_unclassified,Eukaryota_unclassified,Eukaryota_unclassified
asv8587,Eukaryota,Eukaryota_unclassified,Eukaryota_unclassified,Eukaryota_unclassified,Eukaryota_unclassified,Eukaryota_unclassified,Eukaryota_unclassified,Eukaryota_unclassified
asv8588,Eukaryota,Eukaryota_unclassified,Eukaryota_unclassified,Eukaryota_unclassified,Eukaryota_unclassified,Eukaryota_unclassified,Eukaryota_unclassified,Eukaryota_unclassified
asv8589,Eukaryota,Eukaryota_unclassified,Eukaryota_unclassified,Eukaryota_unclassified,Eukaryota_unclassified,Eukaryota_unclassified,Eukaryota_unclassified,Eukaryota_unclassified
asv8590,Eukaryota,Eukaryota_unclassified,Eukaryota_unclassified,Eukaryota_unclassified,Eukaryota_unclassified,Eukaryota_unclassified,Eukaryota_unclassified,Eukaryota_unclassified
asv8591,Eukaryota,Eukaryota_unclassified,Eukaryota_unclassified,Eukaryota_unclassified,Eukaryota_unclassified,Eukaryota_unclassified,Eukaryota_unclassified,Eukaryota_unclassified
asv8592,Eukaryota,Eukaryota_unclassified,Eukaryota_unclassified,Eukaryota_unclassified,Eukaryota_unclassified,Eukaryota_unclassified,Eukaryota_unclassified,Eukaryota_unclassified
asv8594,Eukaryota,Eukaryota_unclassified,Eukaryota_unclassified,Eukaryota_unclassified,Eukaryota_unclassified,Eukaryota_unclassified,Eukaryota_unclassified,Eukaryota_unclassified
asv8595,Eukaryota,Eukaryota_unclassified,Eukaryota_unclassified,Eukaryota_unclassified,Eukaryota_unclassified,Eukaryota_unclassified,Eukaryota_unclassified,Eukaryota_unclassified
asv8596,Eukaryota,Eukaryota_unclassified,Eukaryota_unclassified,Eukaryota_unclassified,Eukaryota_unclassified,Eukaryota_unclassified,Eukaryota_unclassified,Eukaryota_unclassified
asv8597,Eukaryota,Eukaryota_unclassified,Eukaryota_unclassified,Eukaryota_unclassified,Eukaryota_unclassified,Eukaryota_unclassified,Eukaryota_unclassified,Eukaryota_unclassified
asv8598,Eukaryota,Eukaryota_unclassified,Eukaryota_unclassified,Eukaryota_unclassified,Eukaryota_unclassified,Eukaryota_unclassified,Eukaryota_unclassified,Eukaryota_unclassified
asv8599,Eukaryota,Eukaryota_unclassified,Eukaryota_unclassified,Eukaryota_unclassified,Eukaryota_unclassified,Eukaryota_unclassified,Eukaryota_unclassified,Eukaryota_unclassified
asv8600,Eukaryota,Eukaryota_unclassified,Eukaryota_unclassified,Eukaryota_unclassified,Eukaryota_unclassified,Eukaryota_unclassified,Eukaryota_unclassified,Eukaryota_unclassified
asv8613,Eukaryota,Eukaryota_unclassified,Eukaryota_unclassified,Eukaryota_unclassified,Eukaryota_unclassified,Eukaryota_unclassified,Eukaryota_unclassified,Eukaryota_unclassified
asv8614,Eukaryota,Eukaryota_unclassified,Eukaryota_unclassified,Eukaryota_unclassified,Eukaryota_unclassified,Eukaryota_unclassified,Eukaryota_unclassified,Eukaryota_unclassified
asv8615,Eukaryota,Eukaryota_unclassified,Eukaryota_unclassified,Eukaryota_unclassified,Eukaryota_unclassified,Eukaryota_unclassified,Eukaryota_unclassified,Eukaryota_unclassified
asv8616,Eukaryota,Eukaryota_unclassified,Eukaryota_unclassified,Eukaryota_unclassified,Eukaryota_unclassified,Eukaryota_unclassified,Eukaryota_unclassified,Eukaryota_unclassified
asv8617,Eukaryota,Eukaryota_unclassified,Eukaryota_unclassified,Eukaryota_unclassified,Eukaryota_unclassified,Eukaryota_unclassified,Eukaryota_unclassified,Eukaryota_unclassified
asv8618,Eukaryota,Eukaryota_unclassified,Eukaryota_unclassified,Eukaryota_unclassified,Eukaryota_unclassified,Eukaryota_unclassified,Eukaryota_unclassified,Eukaryota_unclassified
asv8619,Eukaryota,Eukaryota_unclassified,Eukaryota_unclassified,Eukaryota_unclassified,Eukaryota_unclassified,Eukaryota_unclassified,Eukaryota_unclassified,Eukaryota_unclassified
asv8827,Eukaryota,Eukaryota_unclassified,Eukaryota_unclassified,Eukaryota_unclassified,Eukaryota_unclassified,Eukaryota_unclassified,Eukaryota_unclassified,Eukaryota_unclassified
asv8828,Eukaryota,Eukaryota_unclassified,Eukaryota_unclassified,Eukaryota_unclassified,Eukaryota_unclassified,Eukaryota_unclassified,Eukaryota_unclassified,Eukaryota_unclassified
asv8829,Eukaryota,Eukaryota_unclassified,Eukaryota_unclassified,Eukaryota_unclassified,Eukaryota_unclassified,Eukaryota_unclassified,Eukaryota_unclassified,Eukaryota_unclassified
asv8831,Eukaryota,Eukaryota_unclassified,Eukaryota_unclassified,Eukaryota_unclassified,Eukaryota_unclassified,Eukaryota_unclassified,Eukaryota_unclassified,Eukaryota_unclassified
asv8832,Eukaryota,Eukaryota_unclassified,Eukaryota_unclassified,Eukaryota_unclassified,Eukaryota_unclassified,Eukaryota_unclassified,Eukaryota_unclassified,Eukaryota_unclassified
asv8834,Eukaryota,Eukaryota_unclassified,Eukaryota_unclassified,Eukaryota_unclassified,Eukaryota_unclassified,Eukaryota_unclassified,Eukaryota_unclassified,Eukaryota_unclassified
asv8837,Eukaryota,Eukaryota_unclassified,Eukaryota_unclassified,Eukaryota_unclassified,Eukaryota_unclassified,Eukaryota_unclassified,Eukaryota_unclassified,Eukaryota_unclassified
asv8838,Eukaryota,Eukaryota_unclassified,Eukaryota_unclassified,Eukaryota_unclassified,Eukaryota_unclassified,Eukaryota_unclassified,Eukaryota_unclassified,Eukaryota_unclassified
asv8841,Eukaryota,Eukaryota_unclassified,Eukaryota_unclassified,Eukaryota_unclassified,Eukaryota_unclassified,Eukaryota_unclassified,Eukaryota_unclassified,Eukaryota_unclassified
asv8842,Eukaryota,Eukaryota_unclassified,Eukaryota_unclassified,Eukaryota_unclassified,Eukaryota_unclassified,Eukaryota_unclassified,Eukaryota_unclassified,Eukaryota_unclassified
asv8843,Eukaryota,Eukaryota_unclassified,Eukaryota_unclassified,Eukaryota_unclassified,Eukaryota_unclassified,Eukaryota_unclassified,Eukaryota_unclassified,Eukaryota_unclassified
asv8844,Eukaryota,Eukaryota_unclassified,Eukaryota_unclassified,Eukaryota_unclassified,Eukaryota_unclassified,Eukaryota_unclassified,Eukaryota_unclassified,Eukaryota_unclassified
asv8845,Eukaryota,Eukaryota_unclassified,Eukaryota_unclassified,Eukaryota_unclassified,Eukaryota_unclassified,Eukaryota_unclassified,Eukaryota_unclassified,Eukaryota_unclassified
asv8846,Eukaryota,Eukaryota_unclassified,Eukaryota_unclassified,Eukaryota_unclassified,Eukaryota_unclassified,Eukaryota_unclassified,Eukaryota_unclassified,Eukaryota_unclassified
asv8847,Eukaryota,Eukaryota_unclassified,Eukaryota_unclassified,Eukaryota_unclassified,Eukaryota_unclassified,Eukaryota_unclassified,Eukaryota_unclassified,Eukaryota_unclassified
asv8848,Eukaryota,Eukaryota_unclassified,Eukaryota_unclassified,Eukaryota_unclassified,Eukaryota_unclassified,Eukaryota_unclassified,Eukaryota_unclassified,Eukaryota_unclassified
asv8849,Eukaryota,Eukaryota_unclassified,Eukaryota_unclassified,Eukaryota_unclassified,Eukaryota_unclassified,Eukaryota_unclassified,Eukaryota_unclassified,Eukaryota_unclassified
asv8850,Eukaryota,Eukaryota_unclassified,Eukaryota_unclassified,Eukaryota_unclassified,Eukaryota_unclassified,Eukaryota_unclassified,Eukaryota_unclassified,Eukaryota_unclassified
asv8851,Eukaryota,Eukaryota_unclassified,Eukaryota_unclassified,Eukaryota_unclassified,Eukaryota_unclassified,Eukaryota_unclassified,Eukaryota_unclassified,Eukaryota_unclassified
asv8852,Eukaryota,Eukaryota_unclassified,Eukaryota_unclassified,Eukaryota_unclassified,Eukaryota_unclassified,Eukaryota_unclassified,Eukaryota_unclassified,Eukaryota_unclassified
asv8853,Eukaryota,Eukaryota_unclassified,Eukaryota_unclassified,Eukaryota_unclassified,Eukaryota_unclassified,Eukaryota_unclassified,Eukaryota_unclassified,Eukaryota_unclassified
asv8854,Eukaryota,Eukaryota_unclassified,Eukaryota_unclassified,Eukaryota_unclassified,Eukaryota_unclassified,Eukaryota_unclassified,Eukaryota_unclassified,Eukaryota_unclassified
asv8856,Eukaryota,Eukaryota_unclassified,Eukaryota_unclassified,Eukaryota_unclassified,Eukaryota_unclassified,Eukaryota_unclassified,Eukaryota_unclassified,Eukaryota_unclassified
asv8858,Eukaryota,Eukaryota_unclassified,Eukaryota_unclassified,Eukaryota_unclassified,Eukaryota_unclassified,Eukaryota_unclassified,Eukaryota_unclassified,Eukaryota_unclassified
asv8860,Eukaryota,Eukaryota_unclassified,Eukaryota_unclassified,Eukaryota_unclassified,Eukaryota_unclassified,Eukaryota_unclassified,Eukaryota_unclassified,Eukaryota_unclassified
asv8861,Eukaryota,Eukaryota_unclassified,Eukaryota_unclassified,Eukaryota_unclassified,Eukaryota_unclassified,Eukaryota_unclassified,Eukaryota_unclassified,Eukaryota_unclassified
asv8862,Eukaryota,Eukaryota_unclassified,Eukaryota_unclassified,Eukaryota_unclassified,Eukaryota_unclassified,Eukaryota_unclassified,Eukaryota_unclassified,Eukaryota_unclassified
asv8865,Eukaryota,Eukaryota_unclassified,Eukaryota_unclassified,Eukaryota_unclassified,Eukaryota_unclassified,Eukaryota_unclassified,Eukaryota_unclassified,Eukaryota_unclassified
asv8866,Eukaryota,Eukaryota_unclassified,Eukaryota_unclassified,Eukaryota_unclassified,Eukaryota_unclassified,Eukaryota_unclassified,Eukaryota_unclassified,Eukaryota_unclassified
asv8867,Eukaryota,Eukaryota_unclassified,Eukaryota_unclassified,Eukaryota_unclassified,Eukaryota_unclassified,Eukaryota_unclassified,Eukaryota_unclassified,Eukaryota_unclassified
asv8869,Eukaryota,Eukaryota_unclassified,Eukaryota_unclassified,Eukaryota_unclassified,Eukaryota_unclassified,Eukaryota_unclassified,Eukaryota_unclassified,Eukaryota_unclassified
asv8870,Eukaryota,Eukaryota_unclassified,Eukaryota_unclassified,Eukaryota_unclassified,Eukaryota_unclassified,Eukaryota_unclassified,Eukaryota_unclassified,Eukaryota_unclassified
asv8873,Eukaryota,Eukaryota_unclassified,Eukaryota_unclassified,Eukaryota_unclassified,Eukaryota_unclassified,Eukaryota_unclassified,Eukaryota_unclassified,Eukaryota_unclassified
asv8875,Eukaryota,Eukaryota_unclassified,Eukaryota_unclassified,Eukaryota_unclassified,Eukaryota_unclassified,Eukaryota_unclassified,Eukaryota_unclassified,Eukaryota_unclassified
asv8876,Eukaryota,Eukaryota_unclassified,Eukaryota_unclassified,Eukaryota_unclassified,Eukaryota_unclassified,Eukaryota_unclassified,Eukaryota_unclassified,Eukaryota_unclassified
asv8886,Eukaryota,Eukaryota_unclassified,Eukaryota_unclassified,Eukaryota_unclassified,Eukaryota_unclassified,Eukaryota_unclassified,Eukaryota_unclassified,Eukaryota_unclassified
asv0085,Eukaryota,Opisthokonta,Metazoa,Nematoda,Chromadorea,Chromadorea,Eumonhystera,Eumonhystera_sp.
asv0647,Eukaryota,Opisthokonta,Metazoa,Nematoda,Chromadorea,Chromadorea,Eumonhystera,Eumonhystera_sp.
asv1758,Eukaryota,Opisthokonta,Metazoa,Nematoda,Chromadorea,Chromadorea,Eumonhystera,Eumonhystera_sp.
asv1765,Eukaryota,Opisthokonta,Metazoa,Nematoda,Chromadorea,Chromadorea,Eumonhystera,Eumonhystera_sp.
asv2598,Eukaryota,Opisthokonta,Metazoa,Nematoda,Chromadorea,Chromadorea,Eumonhystera,Eumonhystera_sp.
asv2638,Eukaryota,Opisthokonta,Metazoa,Nematoda,Chromadorea,Chromadorea,Eumonhystera,Eumonhystera_sp.
asv2663,Eukaryota,Opisthokonta,Metazoa,Nematoda,Chromadorea,Chromadorea,Eumonhystera,Eumonhystera_sp.
asv3427,Eukaryota,Opisthokonta,Metazoa,Nematoda,Chromadorea,Chromadorea,Eumonhystera,Eumonhystera_sp.
asv3680,Eukaryota,Opisthokonta,Metazoa,Nematoda,Chromadorea,Chromadorea,Eumonhystera,Eumonhystera_sp.
asv3683,Eukaryota,Opisthokonta,Metazoa,Nematoda,Chromadorea,Chromadorea,Eumonhystera,Eumonhystera_sp.
asv3955,Eukaryota,Opisthokonta,Metazoa,Nematoda,Chromadorea,Chromadorea,Eumonhystera,Eumonhystera_sp.
asv3977,Eukaryota,Opisthokonta,Metazoa,Nematoda,Chromadorea,Chromadorea,Eumonhystera,Eumonhystera_sp.
asv4617,Eukaryota,Opisthokonta,Metazoa,Nematoda,Chromadorea,Chromadorea,Eumonhystera,Eumonhystera_sp.
asv5789,Eukaryota,Opisthokonta,Metazoa,Nematoda,Chromadorea,Chromadorea,Eumonhystera,Eumonhystera_sp.
asv6269,Eukaryota,Opisthokonta,Metazoa,Nematoda,Chromadorea,Chromadorea,Eumonhystera,Eumonhystera_sp.
asv1058,Eukaryota,Opisthokonta,Metazoa,Nematoda,Chromadorea,Chromadorea,Eumonhystera,Eumonhystera_unclassified
asv1587,Eukaryota,Opisthokonta,Metazoa,Nematoda,Chromadorea,Chromadorea,Eumonhystera,Eumonhystera_unclassified
asv1792,Eukaryota,Opisthokonta,Metazoa,Nematoda,Chromadorea,Chromadorea,Eumonhystera,Eumonhystera_unclassified
asv2257,Eukaryota,Opisthokonta,Metazoa,Nematoda,Chromadorea,Chromadorea,Eumonhystera,Eumonhystera_unclassified
asv2340,Eukaryota,Opisthokonta,Metazoa,Nematoda,Chromadorea,Chromadorea,Eumonhystera,Eumonhystera_unclassified
asv2556,Eukaryota,Opisthokonta,Metazoa,Nematoda,Chromadorea,Chromadorea,Eumonhystera,Eumonhystera_unclassified
asv2662,Eukaryota,Opisthokonta,Metazoa,Nematoda,Chromadorea,Chromadorea,Eumonhystera,Eumonhystera_unclassified
asv2684,Eukaryota,Opisthokonta,Metazoa,Nematoda,Chromadorea,Chromadorea,Eumonhystera,Eumonhystera_unclassified
asv2732,Eukaryota,Opisthokonta,Metazoa,Nematoda,Chromadorea,Chromadorea,Eumonhystera,Eumonhystera_unclassified
asv2755,Eukaryota,Opisthokonta,Metazoa,Nematoda,Chromadorea,Chromadorea,Eumonhystera,Eumonhystera_unclassified
asv3079,Eukaryota,Opisthokonta,Metazoa,Nematoda,Chromadorea,Chromadorea,Eumonhystera,Eumonhystera_unclassified
asv3929,Eukaryota,Opisthokonta,Metazoa,Nematoda,Chromadorea,Chromadorea,Eumonhystera,Eumonhystera_unclassified
asv4520,Eukaryota,Opisthokonta,Metazoa,Nematoda,Chromadorea,Chromadorea,Eumonhystera,Eumonhystera_unclassified
asv4946,Eukaryota,Opisthokonta,Metazoa,Nematoda,Chromadorea,Chromadorea,Eumonhystera,Eumonhystera_unclassified
asv5461,Eukaryota,Opisthokonta,Metazoa,Nematoda,Chromadorea,Chromadorea,Eumonhystera,Eumonhystera_unclassified
asv6265,Eukaryota,Opisthokonta,Metazoa,Nematoda,Chromadorea,Chromadorea,Eumonhystera,Eumonhystera_unclassified
asv0187,Eukaryota,Opisthokonta,Fungi,Ascomycota,Pezizomycotina,Eurotiomycetes,Eurotiomycetes_unclassified,Eurotiomycetes_unclassified
asv0489,Eukaryota,Opisthokonta,Fungi,Ascomycota,Pezizomycotina,Eurotiomycetes,Eurotiomycetes_unclassified,Eurotiomycetes_unclassified
asv1552,Eukaryota,Opisthokonta,Fungi,Ascomycota,Pezizomycotina,Eurotiomycetes,Eurotiomycetes_unclassified,Eurotiomycetes_unclassified
asv1885,Eukaryota,Opisthokonta,Fungi,Ascomycota,Pezizomycotina,Eurotiomycetes,Eurotiomycetes_unclassified,Eurotiomycetes_unclassified
asv6013,Eukaryota,Opisthokonta,Fungi,Ascomycota,Pezizomycotina,Eurotiomycetes,Eurotiomycetes_unclassified,Eurotiomycetes_unclassified
asv6132,Eukaryota,Opisthokonta,Fungi,Ascomycota,Pezizomycotina,Eurotiomycetes,Eurotiomycetes_unclassified,Eurotiomycetes_unclassified
asv3022,Eukaryota,Excavata,Excavata_unclassified,Excavata_unclassified,Excavata_unclassified,Excavata_unclassified,Excavata_unclassified,Excavata_unclassified
asv4366,Eukaryota,Excavata,Excavata_unclassified,Excavata_unclassified,Excavata_unclassified,Excavata_unclassified,Excavata_unclassified,Excavata_unclassified
asv5007,Eukaryota,Excavata,Excavata_unclassified,Excavata_unclassified,Excavata_unclassified,Excavata_unclassified,Excavata_unclassified,Excavata_unclassified
asv3144,Eukaryota,Opisthokonta,Fungi,Basidiomycota,Ustilaginomycotina,Exobasidiomycetes,Exobasidiomycetes,Exobasidiomycetes_sp.
asv2176,Eukaryota,Rhizaria,Cercozoa,Filosa-Sarcomonadea,Filosa-Sarcomonadea_unclassified,Filosa-Sarcomonadea_unclassified,Filosa-Sarcomonadea_unclassified,Filosa-Sarcomonadea_unclassified
asv3091,Eukaryota,Rhizaria,Cercozoa,Filosa-Sarcomonadea,Filosa-Sarcomonadea_unclassified,Filosa-Sarcomonadea_unclassified,Filosa-Sarcomonadea_unclassified,Filosa-Sarcomonadea_unclassified
asv0184,Eukaryota,Rhizaria,Cercozoa,Filosa-Thecofilosea,Filosa-Thecofilosea_unclassified,Filosa-Thecofilosea_unclassified,Filosa-Thecofilosea_unclassified,Filosa-Thecofilosea_unclassified
asv0693,Eukaryota,Rhizaria,Cercozoa,Filosa-Thecofilosea,Filosa-Thecofilosea_unclassified,Filosa-Thecofilosea_unclassified,Filosa-Thecofilosea_unclassified,Filosa-Thecofilosea_unclassified
asv3502,Eukaryota,Amoebozoa,Conosa,Variosea,ATCC-Flamella-WIM-lineage,Flamella-lineage,Flamella-lineage_unclassified,Flamella-lineage_unclassified
asv0406,Eukaryota,Rhizaria,Cercozoa,Filosa-Sarcomonadea,Glissomonadida,Sandonidae,Flectomonas,Flectomonas_ekelundi
asv0431,Eukaryota,Stramenopiles,Ochrophyta,Bacillariophyta,Bacillariophyta,Araphid-pennate,Fragilaria,Fragilaria_unclassified
asv0634,Eukaryota,Stramenopiles,Ochrophyta,Bacillariophyta,Bacillariophyta,Araphid-pennate,Fragilaria,Fragilaria_unclassified
asv2741,Eukaryota,Stramenopiles,Ochrophyta,Bacillariophyta,Bacillariophyta,Araphid-pennate,Fragilaria,Fragilaria_unclassified
asv3583,Eukaryota,Stramenopiles,Ochrophyta,Bacillariophyta,Bacillariophyta,Araphid-pennate,Fragilaria,Fragilaria_unclassified
asv0962,Eukaryota,Stramenopiles,Ochrophyta,Bacillariophyta,Bacillariophyta,Araphid-pennate,Fragilaria,Fragilaria_vaucheriae
asv2490,Eukaryota,Stramenopiles,Ochrophyta,Bacillariophyta,Bacillariophyta,Araphid-pennate,Fragilaria,Fragilaria_vaucheriae
asv0327,Eukaryota,Opisthokonta,Fungi,Fungi_unclassified,Fungi_unclassified,Fungi_unclassified,Fungi_unclassified,Fungi_unclassified
asv0435,Eukaryota,Opisthokonta,Fungi,Fungi_unclassified,Fungi_unclassified,Fungi_unclassified,Fungi_unclassified,Fungi_unclassified
asv0440,Eukaryota,Opisthokonta,Fungi,Fungi_unclassified,Fungi_unclassified,Fungi_unclassified,Fungi_unclassified,Fungi_unclassified
asv0698,Eukaryota,Opisthokonta,Fungi,Fungi_unclassified,Fungi_unclassified,Fungi_unclassified,Fungi_unclassified,Fungi_unclassified
asv0809,Eukaryota,Opisthokonta,Fungi,Fungi_unclassified,Fungi_unclassified,Fungi_unclassified,Fungi_unclassified,Fungi_unclassified
asv0886,Eukaryota,Opisthokonta,Fungi,Fungi_unclassified,Fungi_unclassified,Fungi_unclassified,Fungi_unclassified,Fungi_unclassified
asv0889,Eukaryota,Opisthokonta,Fungi,Fungi_unclassified,Fungi_unclassified,Fungi_unclassified,Fungi_unclassified,Fungi_unclassified
asv1110,Eukaryota,Opisthokonta,Fungi,Fungi_unclassified,Fungi_unclassified,Fungi_unclassified,Fungi_unclassified,Fungi_unclassified
asv1188,Eukaryota,Opisthokonta,Fungi,Fungi_unclassified,Fungi_unclassified,Fungi_unclassified,Fungi_unclassified,Fungi_unclassified
asv1586,Eukaryota,Opisthokonta,Fungi,Fungi_unclassified,Fungi_unclassified,Fungi_unclassified,Fungi_unclassified,Fungi_unclassified
asv1635,Eukaryota,Opisthokonta,Fungi,Fungi_unclassified,Fungi_unclassified,Fungi_unclassified,Fungi_unclassified,Fungi_unclassified
asv1655,Eukaryota,Opisthokonta,Fungi,Fungi_unclassified,Fungi_unclassified,Fungi_unclassified,Fungi_unclassified,Fungi_unclassified
asv1947,Eukaryota,Opisthokonta,Fungi,Fungi_unclassified,Fungi_unclassified,Fungi_unclassified,Fungi_unclassified,Fungi_unclassified
asv2042,Eukaryota,Opisthokonta,Fungi,Fungi_unclassified,Fungi_unclassified,Fungi_unclassified,Fungi_unclassified,Fungi_unclassified
asv2300,Eukaryota,Opisthokonta,Fungi,Fungi_unclassified,Fungi_unclassified,Fungi_unclassified,Fungi_unclassified,Fungi_unclassified
asv2565,Eukaryota,Opisthokonta,Fungi,Fungi_unclassified,Fungi_unclassified,Fungi_unclassified,Fungi_unclassified,Fungi_unclassified
asv2993,Eukaryota,Opisthokonta,Fungi,Fungi_unclassified,Fungi_unclassified,Fungi_unclassified,Fungi_unclassified,Fungi_unclassified
asv3019,Eukaryota,Opisthokonta,Fungi,Fungi_unclassified,Fungi_unclassified,Fungi_unclassified,Fungi_unclassified,Fungi_unclassified
asv3101,Eukaryota,Opisthokonta,Fungi,Fungi_unclassified,Fungi_unclassified,Fungi_unclassified,Fungi_unclassified,Fungi_unclassified
asv3516,Eukaryota,Opisthokonta,Fungi,Fungi_unclassified,Fungi_unclassified,Fungi_unclassified,Fungi_unclassified,Fungi_unclassified
asv3776,Eukaryota,Opisthokonta,Fungi,Fungi_unclassified,Fungi_unclassified,Fungi_unclassified,Fungi_unclassified,Fungi_unclassified
asv3787,Eukaryota,Opisthokonta,Fungi,Fungi_unclassified,Fungi_unclassified,Fungi_unclassified,Fungi_unclassified,Fungi_unclassified
asv3855,Eukaryota,Opisthokonta,Fungi,Fungi_unclassified,Fungi_unclassified,Fungi_unclassified,Fungi_unclassified,Fungi_unclassified
asv3957,Eukaryota,Opisthokonta,Fungi,Fungi_unclassified,Fungi_unclassified,Fungi_unclassified,Fungi_unclassified,Fungi_unclassified
asv4489,Eukaryota,Opisthokonta,Fungi,Fungi_unclassified,Fungi_unclassified,Fungi_unclassified,Fungi_unclassified,Fungi_unclassified
asv5206,Eukaryota,Opisthokonta,Fungi,Fungi_unclassified,Fungi_unclassified,Fungi_unclassified,Fungi_unclassified,Fungi_unclassified
asv5671,Eukaryota,Opisthokonta,Fungi,Fungi_unclassified,Fungi_unclassified,Fungi_unclassified,Fungi_unclassified,Fungi_unclassified
asv2405,Eukaryota,Opisthokonta,Metazoa,Craniata,Craniata,Archosauria,Gallus,Gallus_gallus
asv0027,Eukaryota,Opisthokonta,Metazoa,Gastrotricha,Gastrotricha,Gastrotricha,Gastrotricha_unclassified,Gastrotricha_unclassified
asv0093,Eukaryota,Opisthokonta,Metazoa,Gastrotricha,Gastrotricha,Gastrotricha,Gastrotricha_unclassified,Gastrotricha_unclassified
asv0387,Eukaryota,Opisthokonta,Metazoa,Gastrotricha,Gastrotricha,Gastrotricha,Gastrotricha_unclassified,Gastrotricha_unclassified
asv0420,Eukaryota,Opisthokonta,Metazoa,Gastrotricha,Gastrotricha,Gastrotricha,Gastrotricha_unclassified,Gastrotricha_unclassified
asv0449,Eukaryota,Opisthokonta,Metazoa,Gastrotricha,Gastrotricha,Gastrotricha,Gastrotricha_unclassified,Gastrotricha_unclassified
asv0476,Eukaryota,Opisthokonta,Metazoa,Gastrotricha,Gastrotricha,Gastrotricha,Gastrotricha_unclassified,Gastrotricha_unclassified
asv0724,Eukaryota,Opisthokonta,Metazoa,Gastrotricha,Gastrotricha,Gastrotricha,Gastrotricha_unclassified,Gastrotricha_unclassified
asv0848,Eukaryota,Opisthokonta,Metazoa,Gastrotricha,Gastrotricha,Gastrotricha,Gastrotricha_unclassified,Gastrotricha_unclassified
asv0861,Eukaryota,Opisthokonta,Metazoa,Gastrotricha,Gastrotricha,Gastrotricha,Gastrotricha_unclassified,Gastrotricha_unclassified
asv1005,Eukaryota,Opisthokonta,Metazoa,Gastrotricha,Gastrotricha,Gastrotricha,Gastrotricha_unclassified,Gastrotricha_unclassified
asv1012,Eukaryota,Opisthokonta,Metazoa,Gastrotricha,Gastrotricha,Gastrotricha,Gastrotricha_unclassified,Gastrotricha_unclassified
asv1201,Eukaryota,Opisthokonta,Metazoa,Gastrotricha,Gastrotricha,Gastrotricha,Gastrotricha_unclassified,Gastrotricha_unclassified
asv1444,Eukaryota,Opisthokonta,Metazoa,Gastrotricha,Gastrotricha,Gastrotricha,Gastrotricha_unclassified,Gastrotricha_unclassified
asv1698,Eukaryota,Opisthokonta,Metazoa,Gastrotricha,Gastrotricha,Gastrotricha,Gastrotricha_unclassified,Gastrotricha_unclassified
asv1808,Eukaryota,Opisthokonta,Metazoa,Gastrotricha,Gastrotricha,Gastrotricha,Gastrotricha_unclassified,Gastrotricha_unclassified
asv1839,Eukaryota,Opisthokonta,Metazoa,Gastrotricha,Gastrotricha,Gastrotricha,Gastrotricha_unclassified,Gastrotricha_unclassified
asv2372,Eukaryota,Opisthokonta,Metazoa,Gastrotricha,Gastrotricha,Gastrotricha,Gastrotricha_unclassified,Gastrotricha_unclassified
asv2705,Eukaryota,Opisthokonta,Metazoa,Gastrotricha,Gastrotricha,Gastrotricha,Gastrotricha_unclassified,Gastrotricha_unclassified
asv2857,Eukaryota,Opisthokonta,Metazoa,Gastrotricha,Gastrotricha,Gastrotricha,Gastrotricha_unclassified,Gastrotricha_unclassified
asv3120,Eukaryota,Opisthokonta,Metazoa,Gastrotricha,Gastrotricha,Gastrotricha,Gastrotricha_unclassified,Gastrotricha_unclassified
asv3333,Eukaryota,Opisthokonta,Metazoa,Gastrotricha,Gastrotricha,Gastrotricha,Gastrotricha_unclassified,Gastrotricha_unclassified
asv3640,Eukaryota,Opisthokonta,Metazoa,Gastrotricha,Gastrotricha,Gastrotricha,Gastrotricha_unclassified,Gastrotricha_unclassified
asv3979,Eukaryota,Opisthokonta,Metazoa,Gastrotricha,Gastrotricha,Gastrotricha,Gastrotricha_unclassified,Gastrotricha_unclassified
asv4098,Eukaryota,Opisthokonta,Metazoa,Gastrotricha,Gastrotricha,Gastrotricha,Gastrotricha_unclassified,Gastrotricha_unclassified
asv0009,Eukaryota,Hacrobia,Cryptophyta,Cryptophyceae,Cryptophyceae,Cryptomonadales,Geminigera,Geminigera_cryophila
asv0152,Eukaryota,Hacrobia,Cryptophyta,Cryptophyceae,Cryptophyceae,Cryptomonadales,Geminigera,Geminigera_cryophila
asv3521,Eukaryota,Hacrobia,Cryptophyta,Cryptophyceae,Cryptophyceae,Cryptomonadales,Geminigera,Geminigera_cryophila
asv7043,Eukaryota,Opisthokonta,Metazoa,Platyhelminthes,Cestoda,Eucestoda,Glaridacris,Glaridacris_catostomi
asv5153,Eukaryota,Rhizaria,Cercozoa,Filosa-Sarcomonadea,Glissomonadida,Glissomonadida_unclassified,Glissomonadida_unclassified,Glissomonadida_unclassified
asv6403,Eukaryota,Rhizaria,Cercozoa,Filosa-Sarcomonadea,Glissomonadida,Glissomonadida_unclassified,Glissomonadida_unclassified,Glissomonadida_unclassified
asv0953,Eukaryota,Hacrobia,Cryptophyta,Cryptophyceae,Cryptophyceae,Goniomonadales,Goniomonadales_unclassified,Goniomonadales_unclassified
asv0643,Eukaryota,Hacrobia,Cryptophyta,Cryptophyceae,Cryptophyceae,Goniomonadales,Goniomonas,Goniomonas_amphinema
asv0834,Eukaryota,Hacrobia,Cryptophyta,Cryptophyceae,Cryptophyceae,Goniomonadales,Goniomonas,Goniomonas_truncata
asv1108,Eukaryota,Alveolata,Apicomplexa,Apicomplexa,Gregarines,Gregarines,Gregarina,Gregarina_blattarum
asv1482,Eukaryota,Alveolata,Apicomplexa,Apicomplexa,Gregarines,Gregarines,Gregarina,Gregarina_blattarum
asv3037,Eukaryota,Alveolata,Apicomplexa,Apicomplexa,Gregarines,Gregarines,Gregarina,Gregarina_blattarum
asv1639,Eukaryota,Alveolata,Apicomplexa,Apicomplexa,Gregarines,Gregarines,Gregarina,Gregarina_unclassified
asv2135,Eukaryota,Alveolata,Apicomplexa,Apicomplexa,Gregarines,Gregarines,Gregarina,Gregarina_unclassified
asv0161,Eukaryota,Alveolata,Apicomplexa,Apicomplexa,Gregarines,Gregarines,Gregarines_unclassified,Gregarines_unclassified
asv0360,Eukaryota,Alveolata,Apicomplexa,Apicomplexa,Gregarines,Gregarines,Gregarines_unclassified,Gregarines_unclassified
asv0442,Eukaryota,Alveolata,Apicomplexa,Apicomplexa,Gregarines,Gregarines,Gregarines_unclassified,Gregarines_unclassified
asv0792,Eukaryota,Alveolata,Apicomplexa,Apicomplexa,Gregarines,Gregarines,Gregarines_unclassified,Gregarines_unclassified
asv0878,Eukaryota,Alveolata,Apicomplexa,Apicomplexa,Gregarines,Gregarines,Gregarines_unclassified,Gregarines_unclassified
asv0939,Eukaryota,Alveolata,Apicomplexa,Apicomplexa,Gregarines,Gregarines,Gregarines_unclassified,Gregarines_unclassified
asv1002,Eukaryota,Alveolata,Apicomplexa,Apicomplexa,Gregarines,Gregarines,Gregarines_unclassified,Gregarines_unclassified
asv1070,Eukaryota,Alveolata,Apicomplexa,Apicomplexa,Gregarines,Gregarines,Gregarines_unclassified,Gregarines_unclassified
asv1391,Eukaryota,Alveolata,Apicomplexa,Apicomplexa,Gregarines,Gregarines,Gregarines_unclassified,Gregarines_unclassified
asv1478,Eukaryota,Alveolata,Apicomplexa,Apicomplexa,Gregarines,Gregarines,Gregarines_unclassified,Gregarines_unclassified
asv1590,Eukaryota,Alveolata,Apicomplexa,Apicomplexa,Gregarines,Gregarines,Gregarines_unclassified,Gregarines_unclassified
asv1620,Eukaryota,Alveolata,Apicomplexa,Apicomplexa,Gregarines,Gregarines,Gregarines_unclassified,Gregarines_unclassified
asv1653,Eukaryota,Alveolata,Apicomplexa,Apicomplexa,Gregarines,Gregarines,Gregarines_unclassified,Gregarines_unclassified
asv1735,Eukaryota,Alveolata,Apicomplexa,Apicomplexa,Gregarines,Gregarines,Gregarines_unclassified,Gregarines_unclassified
asv1857,Eukaryota,Alveolata,Apicomplexa,Apicomplexa,Gregarines,Gregarines,Gregarines_unclassified,Gregarines_unclassified
asv1970,Eukaryota,Alveolata,Apicomplexa,Apicomplexa,Gregarines,Gregarines,Gregarines_unclassified,Gregarines_unclassified
asv2161,Eukaryota,Alveolata,Apicomplexa,Apicomplexa,Gregarines,Gregarines,Gregarines_unclassified,Gregarines_unclassified
asv2214,Eukaryota,Alveolata,Apicomplexa,Apicomplexa,Gregarines,Gregarines,Gregarines_unclassified,Gregarines_unclassified
asv2356,Eukaryota,Alveolata,Apicomplexa,Apicomplexa,Gregarines,Gregarines,Gregarines_unclassified,Gregarines_unclassified
asv2504,Eukaryota,Alveolata,Apicomplexa,Apicomplexa,Gregarines,Gregarines,Gregarines_unclassified,Gregarines_unclassified
asv2578,Eukaryota,Alveolata,Apicomplexa,Apicomplexa,Gregarines,Gregarines,Gregarines_unclassified,Gregarines_unclassified
asv2607,Eukaryota,Alveolata,Apicomplexa,Apicomplexa,Gregarines,Gregarines,Gregarines_unclassified,Gregarines_unclassified
asv2717,Eukaryota,Alveolata,Apicomplexa,Apicomplexa,Gregarines,Gregarines,Gregarines_unclassified,Gregarines_unclassified
asv2959,Eukaryota,Alveolata,Apicomplexa,Apicomplexa,Gregarines,Gregarines,Gregarines_unclassified,Gregarines_unclassified
asv2981,Eukaryota,Alveolata,Apicomplexa,Apicomplexa,Gregarines,Gregarines,Gregarines_unclassified,Gregarines_unclassified
asv3173,Eukaryota,Alveolata,Apicomplexa,Apicomplexa,Gregarines,Gregarines,Gregarines_unclassified,Gregarines_unclassified
asv3202,Eukaryota,Alveolata,Apicomplexa,Apicomplexa,Gregarines,Gregarines,Gregarines_unclassified,Gregarines_unclassified
asv3518,Eukaryota,Alveolata,Apicomplexa,Apicomplexa,Gregarines,Gregarines,Gregarines_unclassified,Gregarines_unclassified
asv3575,Eukaryota,Alveolata,Apicomplexa,Apicomplexa,Gregarines,Gregarines,Gregarines_unclassified,Gregarines_unclassified
asv3710,Eukaryota,Alveolata,Apicomplexa,Apicomplexa,Gregarines,Gregarines,Gregarines_unclassified,Gregarines_unclassified
asv3933,Eukaryota,Alveolata,Apicomplexa,Apicomplexa,Gregarines,Gregarines,Gregarines_unclassified,Gregarines_unclassified
asv3981,Eukaryota,Alveolata,Apicomplexa,Apicomplexa,Gregarines,Gregarines,Gregarines_unclassified,Gregarines_unclassified
asv4006,Eukaryota,Alveolata,Apicomplexa,Apicomplexa,Gregarines,Gregarines,Gregarines_unclassified,Gregarines_unclassified
asv4712,Eukaryota,Alveolata,Apicomplexa,Apicomplexa,Gregarines,Gregarines,Gregarines_unclassified,Gregarines_unclassified
asv4755,Eukaryota,Alveolata,Apicomplexa,Apicomplexa,Gregarines,Gregarines,Gregarines_unclassified,Gregarines_unclassified
asv4821,Eukaryota,Alveolata,Apicomplexa,Apicomplexa,Gregarines,Gregarines,Gregarines_unclassified,Gregarines_unclassified
asv4996,Eukaryota,Alveolata,Apicomplexa,Apicomplexa,Gregarines,Gregarines,Gregarines_unclassified,Gregarines_unclassified
asv7250,Eukaryota,Alveolata,Apicomplexa,Apicomplexa,Gregarines,Gregarines,Gregarines_unclassified,Gregarines_unclassified
asv0531,Eukaryota,Rhizaria,Cercozoa,Filosa-Sarcomonadea,Glissomonadida,Allapsidae,Allapsidae,Allapsidae
asv3372,Eukaryota,Rhizaria,Cercozoa,Filosa-Sarcomonadea,Glissomonadida,Allapsidae,Allapsidae,Allapsidae
asv4164,Eukaryota,Rhizaria,Cercozoa,Filosa-Sarcomonadea,Glissomonadida,Allapsidae,Allapsidae,Allapsidae
asv0207,Eukaryota,Alveolata,Dinoflagellata,Dinophyceae,Gymnodiniales,Gymnodiniales_unclassified,Gymnodiniales_unclassified,Gymnodiniales_unclassified
asv0491,Eukaryota,Alveolata,Dinoflagellata,Dinophyceae,Gymnodiniales,Gymnodiniales_unclassified,Gymnodiniales_unclassified,Gymnodiniales_unclassified
asv0498,Eukaryota,Alveolata,Dinoflagellata,Dinophyceae,Gymnodiniales,Gymnodiniales_unclassified,Gymnodiniales_unclassified,Gymnodiniales_unclassified
asv0598,Eukaryota,Alveolata,Dinoflagellata,Dinophyceae,Gymnodiniales,Gymnodiniales_unclassified,Gymnodiniales_unclassified,Gymnodiniales_unclassified
asv1450,Eukaryota,Alveolata,Dinoflagellata,Dinophyceae,Gymnodiniales,Gymnodiniales_unclassified,Gymnodiniales_unclassified,Gymnodiniales_unclassified
asv2375,Eukaryota,Alveolata,Dinoflagellata,Dinophyceae,Gymnodiniales,Gymnodiniales_unclassified,Gymnodiniales_unclassified,Gymnodiniales_unclassified
asv3709,Eukaryota,Alveolata,Dinoflagellata,Dinophyceae,Gymnodiniales,Gymnodiniales_unclassified,Gymnodiniales_unclassified,Gymnodiniales_unclassified
asv3912,Eukaryota,Alveolata,Dinoflagellata,Dinophyceae,Gymnodiniales,Gymnodiniales_unclassified,Gymnodiniales_unclassified,Gymnodiniales_unclassified
asv4568,Eukaryota,Alveolata,Dinoflagellata,Dinophyceae,Gymnodiniales,Gymnodiniales_unclassified,Gymnodiniales_unclassified,Gymnodiniales_unclassified
asv6143,Eukaryota,Alveolata,Dinoflagellata,Dinophyceae,Gymnodiniales,Gymnodiniales_unclassified,Gymnodiniales_unclassified,Gymnodiniales_unclassified
asv0030,Eukaryota,Alveolata,Dinoflagellata,Dinophyceae,Gymnodiniales,Gymnodiniaceae,Gyrodinium,Gyrodinium_unclassified
asv5358,Eukaryota,Stramenopiles,Ochrophyta,Bacillariophyta,Bacillariophyta,Raphid-pennate,Gyrosigma,Gyrosigma_unclassified
asv0602,Eukaryota,Hacrobia,Hacrobia_unclassified,Hacrobia_unclassified,Hacrobia_unclassified,Hacrobia_unclassified,Hacrobia_unclassified,Hacrobia_unclassified
asv0639,Eukaryota,Alveolata,Ciliophora,Spirotrichea,Hypotrichia,Halteriidae,Halteria,Halteria_grandinella
asv0584,Eukaryota,Stramenopiles,Stramenopiles,Oomycota,Oomycota,Haptoglossales,Haptoglossa,Haptoglossa_unclassified
asv4194,Eukaryota,Stramenopiles,Stramenopiles,Oomycota,Oomycota,Haptoglossales,Haptoglossa,Haptoglossa_unclassified
asv0078,Eukaryota,Alveolata,Ciliophora,Litostomatea,Haptoria,Haptoria_unclassified,Haptoria_unclassified,Haptoria_unclassified
asv0141,Eukaryota,Alveolata,Ciliophora,Litostomatea,Haptoria,Haptoria_unclassified,Haptoria_unclassified,Haptoria_unclassified
asv0168,Eukaryota,Alveolata,Ciliophora,Litostomatea,Haptoria,Haptoria_unclassified,Haptoria_unclassified,Haptoria_unclassified
asv0189,Eukaryota,Alveolata,Ciliophora,Litostomatea,Haptoria,Haptoria_unclassified,Haptoria_unclassified,Haptoria_unclassified
asv0355,Eukaryota,Alveolata,Ciliophora,Litostomatea,Haptoria,Haptoria_unclassified,Haptoria_unclassified,Haptoria_unclassified
asv0513,Eukaryota,Alveolata,Ciliophora,Litostomatea,Haptoria,Haptoria_unclassified,Haptoria_unclassified,Haptoria_unclassified
asv0585,Eukaryota,Alveolata,Ciliophora,Litostomatea,Haptoria,Haptoria_unclassified,Haptoria_unclassified,Haptoria_unclassified
asv0882,Eukaryota,Alveolata,Ciliophora,Litostomatea,Haptoria,Haptoria_unclassified,Haptoria_unclassified,Haptoria_unclassified
asv1027,Eukaryota,Alveolata,Ciliophora,Litostomatea,Haptoria,Haptoria_unclassified,Haptoria_unclassified,Haptoria_unclassified
asv1036,Eukaryota,Alveolata,Ciliophora,Litostomatea,Haptoria,Haptoria_unclassified,Haptoria_unclassified,Haptoria_unclassified
asv1230,Eukaryota,Alveolata,Ciliophora,Litostomatea,Haptoria,Haptoria_unclassified,Haptoria_unclassified,Haptoria_unclassified
asv1317,Eukaryota,Alveolata,Ciliophora,Litostomatea,Haptoria,Haptoria_unclassified,Haptoria_unclassified,Haptoria_unclassified
asv1496,Eukaryota,Alveolata,Ciliophora,Litostomatea,Haptoria,Haptoria_unclassified,Haptoria_unclassified,Haptoria_unclassified
asv1646,Eukaryota,Alveolata,Ciliophora,Litostomatea,Haptoria,Haptoria_unclassified,Haptoria_unclassified,Haptoria_unclassified
asv1717,Eukaryota,Alveolata,Ciliophora,Litostomatea,Haptoria,Haptoria_unclassified,Haptoria_unclassified,Haptoria_unclassified
asv1754,Eukaryota,Alveolata,Ciliophora,Litostomatea,Haptoria,Haptoria_unclassified,Haptoria_unclassified,Haptoria_unclassified
asv1799,Eukaryota,Alveolata,Ciliophora,Litostomatea,Haptoria,Haptoria_unclassified,Haptoria_unclassified,Haptoria_unclassified
asv2181,Eukaryota,Alveolata,Ciliophora,Litostomatea,Haptoria,Haptoria_unclassified,Haptoria_unclassified,Haptoria_unclassified
asv2317,Eukaryota,Alveolata,Ciliophora,Litostomatea,Haptoria,Haptoria_unclassified,Haptoria_unclassified,Haptoria_unclassified
asv2778,Eukaryota,Alveolata,Ciliophora,Litostomatea,Haptoria,Haptoria_unclassified,Haptoria_unclassified,Haptoria_unclassified
asv2783,Eukaryota,Alveolata,Ciliophora,Litostomatea,Haptoria,Haptoria_unclassified,Haptoria_unclassified,Haptoria_unclassified
asv2987,Eukaryota,Alveolata,Ciliophora,Litostomatea,Haptoria,Haptoria_unclassified,Haptoria_unclassified,Haptoria_unclassified
asv3119,Eukaryota,Alveolata,Ciliophora,Litostomatea,Haptoria,Haptoria_unclassified,Haptoria_unclassified,Haptoria_unclassified
asv3320,Eukaryota,Alveolata,Ciliophora,Litostomatea,Haptoria,Haptoria_unclassified,Haptoria_unclassified,Haptoria_unclassified
asv3337,Eukaryota,Alveolata,Ciliophora,Litostomatea,Haptoria,Haptoria_unclassified,Haptoria_unclassified,Haptoria_unclassified
asv3430,Eukaryota,Alveolata,Ciliophora,Litostomatea,Haptoria,Haptoria_unclassified,Haptoria_unclassified,Haptoria_unclassified
asv3854,Eukaryota,Alveolata,Ciliophora,Litostomatea,Haptoria,Haptoria_unclassified,Haptoria_unclassified,Haptoria_unclassified
asv4664,Eukaryota,Alveolata,Ciliophora,Litostomatea,Haptoria,Haptoria_unclassified,Haptoria_unclassified,Haptoria_unclassified
asv4882,Eukaryota,Alveolata,Ciliophora,Litostomatea,Haptoria,Haptoria_unclassified,Haptoria_unclassified,Haptoria_unclassified
asv5899,Eukaryota,Alveolata,Ciliophora,Litostomatea,Haptoria,Haptoria_unclassified,Haptoria_unclassified,Haptoria_unclassified
asv7933,Eukaryota,Alveolata,Ciliophora,Litostomatea,Haptoria,Haptoria_unclassified,Haptoria_unclassified,Haptoria_unclassified
asv6528,Eukaryota,Amoebozoa,Lobosa,Tubulinea,Euamoebida,Hartmannellidae,Hartmannellidae_unclassified,Hartmannellidae_unclassified
asv3401,Eukaryota,Archaeplastida,Chlorophyta,Trebouxiophyceae,Trebouxiophyceae,Trebouxiophyceae,Helicosporidium,Helicosporidium_sp.
asv3579,Eukaryota,Excavata,Discoba,Euglenozoa,Euglenida,Euglenales,Heteronema,Heteronema_exaratum
asv1138,Eukaryota,Hacrobia,Centroheliozoa,Centroheliozoa,Pterocystida,Heterophryidae,Heterophrys,Heterophrys_sp.
asv2772,Eukaryota,Excavata,Metamonada,Fornicata,Fornicata,Hexamitinae-Enteromonadida,Hexamita,Hexamita_nelsoni
asv1598,Eukaryota,Excavata,Metamonada,Fornicata,Fornicata,Hexamitinae-Enteromonadida,Hexamitinae-Enteromonadida,Hexamitinae-Enteromonadida_sp.
asv1867,Eukaryota,Excavata,Metamonada,Fornicata,Fornicata,Hexamitinae-Enteromonadida,Hexamitinae-Enteromonadida,Hexamitinae-Enteromonadida_sp.
asv2858,Eukaryota,Excavata,Metamonada,Fornicata,Fornicata,Hexamitinae-Enteromonadida,Hexamitinae-Enteromonadida,Hexamitinae-Enteromonadida_sp.
asv3316,Eukaryota,Excavata,Metamonada,Fornicata,Fornicata,Hexamitinae-Enteromonadida,Hexamitinae-Enteromonadida,Hexamitinae-Enteromonadida_sp.
asv3648,Eukaryota,Excavata,Metamonada,Fornicata,Fornicata,Hexamitinae-Enteromonadida,Hexamitinae-Enteromonadida,Hexamitinae-Enteromonadida_sp.
asv4103,Eukaryota,Excavata,Metamonada,Fornicata,Fornicata,Hexamitinae-Enteromonadida,Hexamitinae-Enteromonadida,Hexamitinae-Enteromonadida_sp.
asv7736,Eukaryota,Excavata,Metamonada,Fornicata,Fornicata,Hexamitinae-Enteromonadida,Hexamitinae-Enteromonadida,Hexamitinae-Enteromonadida_sp.
asv1563,Eukaryota,Excavata,Metamonada,Fornicata,Fornicata,Hexamitinae-Enteromonadida,Hexamitinae-Enteromonadida_unclassified,Hexamitinae-Enteromonadida_unclassified
asv1633,Eukaryota,Excavata,Metamonada,Fornicata,Fornicata,Hexamitinae-Enteromonadida,Hexamitinae-Enteromonadida_unclassified,Hexamitinae-Enteromonadida_unclassified
asv2415,Eukaryota,Excavata,Metamonada,Fornicata,Fornicata,Hexamitinae-Enteromonadida,Hexamitinae-Enteromonadida_unclassified,Hexamitinae-Enteromonadida_unclassified
asv2529,Eukaryota,Excavata,Metamonada,Fornicata,Fornicata,Hexamitinae-Enteromonadida,Hexamitinae-Enteromonadida_unclassified,Hexamitinae-Enteromonadida_unclassified
asv3582,Eukaryota,Excavata,Metamonada,Fornicata,Fornicata,Hexamitinae-Enteromonadida,Hexamitinae-Enteromonadida_unclassified,Hexamitinae-Enteromonadida_unclassified
asv4559,Eukaryota,Excavata,Metamonada,Fornicata,Fornicata,Hexamitinae-Enteromonadida,Hexamitinae-Enteromonadida_unclassified,Hexamitinae-Enteromonadida_unclassified
asv6131,Eukaryota,Excavata,Metamonada,Fornicata,Fornicata,Hexamitinae-Enteromonadida,Hexamitinae-Enteromonadida_unclassified,Hexamitinae-Enteromonadida_unclassified
asv6879,Eukaryota,Excavata,Metamonada,Fornicata,Fornicata,Hexamitinae-Enteromonadida,Hexamitinae-Enteromonadida_unclassified,Hexamitinae-Enteromonadida_unclassified
asv8233,Eukaryota,Excavata,Metamonada,Fornicata,Fornicata,Hexamitinae-Enteromonadida,Hexamitinae-Enteromonadida_unclassified,Hexamitinae-Enteromonadida_unclassified
asv2777,Eukaryota,Opisthokonta,Fungi,Basidiomycota,Agaricomycotina,Agaricomycetes,Hygrocybe,Hygrocybe_conica
asv2786,Eukaryota,Opisthokonta,Fungi,Basidiomycota,Agaricomycotina,Agaricomycetes,Hygrocybe,Hygrocybe_conica
asv4395,Eukaryota,Alveolata,Ciliophora,Oligohymenophorea,Hymenostomatia,Hymenostomatia_unclassified,Hymenostomatia_unclassified,Hymenostomatia_unclassified
asv0061,Eukaryota,Alveolata,Ciliophora,Spirotrichea,Hypotrichia,Hypotrichia_unclassified,Hypotrichia_unclassified,Hypotrichia_unclassified
asv0065,Eukaryota,Alveolata,Ciliophora,Spirotrichea,Hypotrichia,Hypotrichia_unclassified,Hypotrichia_unclassified,Hypotrichia_unclassified
asv0261,Eukaryota,Alveolata,Ciliophora,Spirotrichea,Hypotrichia,Hypotrichia_unclassified,Hypotrichia_unclassified,Hypotrichia_unclassified
asv1902,Eukaryota,Alveolata,Ciliophora,Spirotrichea,Hypotrichia,Hypotrichia_unclassified,Hypotrichia_unclassified,Hypotrichia_unclassified
asv1960,Eukaryota,Alveolata,Ciliophora,Spirotrichea,Hypotrichia,Hypotrichia_unclassified,Hypotrichia_unclassified,Hypotrichia_unclassified
asv3371,Eukaryota,Alveolata,Ciliophora,Spirotrichea,Hypotrichia,Hypotrichia_unclassified,Hypotrichia_unclassified,Hypotrichia_unclassified
asv2302,Eukaryota,Alveolata,Ciliophora,Oligohymenophorea,Hymenostomatia,Ichthyophthiriidae,Ichthyophthirius,Ichthyophthirius_multifiliis
asv3182,Eukaryota,Alveolata,Ciliophora,Oligohymenophorea,Hymenostomatia,Ichthyophthiriidae,Ichthyophthirius,Ichthyophthirius_multifiliis
asv0853,Eukaryota,Archaeplastida,Streptophyta,Embryophyceae,Embryophyceae,Embryophyceae,Isoetes,Isoetes_engelmannii
asv2873,Eukaryota,Archaeplastida,Streptophyta,Embryophyceae,Embryophyceae,Embryophyceae,Isoetes,Isoetes_engelmannii
asv3203,Eukaryota,Archaeplastida,Streptophyta,Embryophyceae,Embryophyceae,Embryophyceae,Isoetes,Isoetes_engelmannii
asv4002,Eukaryota,Archaeplastida,Streptophyta,Embryophyceae,Embryophyceae,Embryophyceae,Isoetes,Isoetes_unclassified
asv0717,Eukaryota,Hacrobia,Katablepharidophyta,Katablepharidaceae,Katablepharidales,Katablepharidales,Katablepharidales_unclassified,Katablepharidales_unclassified
asv0950,Eukaryota,Excavata,Discoba,Euglenozoa,Kinetoplastida,Kinetoplastida_unclassified,Kinetoplastida_unclassified,Kinetoplastida_unclassified
asv1401,Eukaryota,Excavata,Discoba,Euglenozoa,Kinetoplastida,Kinetoplastida_unclassified,Kinetoplastida_unclassified,Kinetoplastida_unclassified
asv1517,Eukaryota,Excavata,Discoba,Euglenozoa,Kinetoplastida,Kinetoplastida_unclassified,Kinetoplastida_unclassified,Kinetoplastida_unclassified
asv1581,Eukaryota,Excavata,Discoba,Euglenozoa,Kinetoplastida,Kinetoplastida_unclassified,Kinetoplastida_unclassified,Kinetoplastida_unclassified
asv1629,Eukaryota,Excavata,Discoba,Euglenozoa,Kinetoplastida,Kinetoplastida_unclassified,Kinetoplastida_unclassified,Kinetoplastida_unclassified
asv1912,Eukaryota,Excavata,Discoba,Euglenozoa,Kinetoplastida,Kinetoplastida_unclassified,Kinetoplastida_unclassified,Kinetoplastida_unclassified
asv2151,Eukaryota,Excavata,Discoba,Euglenozoa,Kinetoplastida,Kinetoplastida_unclassified,Kinetoplastida_unclassified,Kinetoplastida_unclassified
asv2217,Eukaryota,Excavata,Discoba,Euglenozoa,Kinetoplastida,Kinetoplastida_unclassified,Kinetoplastida_unclassified,Kinetoplastida_unclassified
asv2258,Eukaryota,Excavata,Discoba,Euglenozoa,Kinetoplastida,Kinetoplastida_unclassified,Kinetoplastida_unclassified,Kinetoplastida_unclassified
asv2447,Eukaryota,Excavata,Discoba,Euglenozoa,Kinetoplastida,Kinetoplastida_unclassified,Kinetoplastida_unclassified,Kinetoplastida_unclassified
asv2506,Eukaryota,Excavata,Discoba,Euglenozoa,Kinetoplastida,Kinetoplastida_unclassified,Kinetoplastida_unclassified,Kinetoplastida_unclassified
asv2514,Eukaryota,Excavata,Discoba,Euglenozoa,Kinetoplastida,Kinetoplastida_unclassified,Kinetoplastida_unclassified,Kinetoplastida_unclassified
asv2542,Eukaryota,Excavata,Discoba,Euglenozoa,Kinetoplastida,Kinetoplastida_unclassified,Kinetoplastida_unclassified,Kinetoplastida_unclassified
asv2685,Eukaryota,Excavata,Discoba,Euglenozoa,Kinetoplastida,Kinetoplastida_unclassified,Kinetoplastida_unclassified,Kinetoplastida_unclassified
asv2696,Eukaryota,Excavata,Discoba,Euglenozoa,Kinetoplastida,Kinetoplastida_unclassified,Kinetoplastida_unclassified,Kinetoplastida_unclassified
asv2703,Eukaryota,Excavata,Discoba,Euglenozoa,Kinetoplastida,Kinetoplastida_unclassified,Kinetoplastida_unclassified,Kinetoplastida_unclassified
asv2722,Eukaryota,Excavata,Discoba,Euglenozoa,Kinetoplastida,Kinetoplastida_unclassified,Kinetoplastida_unclassified,Kinetoplastida_unclassified
asv3076,Eukaryota,Excavata,Discoba,Euglenozoa,Kinetoplastida,Kinetoplastida_unclassified,Kinetoplastida_unclassified,Kinetoplastida_unclassified
asv3200,Eukaryota,Excavata,Discoba,Euglenozoa,Kinetoplastida,Kinetoplastida_unclassified,Kinetoplastida_unclassified,Kinetoplastida_unclassified
asv3226,Eukaryota,Excavata,Discoba,Euglenozoa,Kinetoplastida,Kinetoplastida_unclassified,Kinetoplastida_unclassified,Kinetoplastida_unclassified
asv3258,Eukaryota,Excavata,Discoba,Euglenozoa,Kinetoplastida,Kinetoplastida_unclassified,Kinetoplastida_unclassified,Kinetoplastida_unclassified
asv3332,Eukaryota,Excavata,Discoba,Euglenozoa,Kinetoplastida,Kinetoplastida_unclassified,Kinetoplastida_unclassified,Kinetoplastida_unclassified
asv3494,Eukaryota,Excavata,Discoba,Euglenozoa,Kinetoplastida,Kinetoplastida_unclassified,Kinetoplastida_unclassified,Kinetoplastida_unclassified
asv3497,Eukaryota,Excavata,Discoba,Euglenozoa,Kinetoplastida,Kinetoplastida_unclassified,Kinetoplastida_unclassified,Kinetoplastida_unclassified
asv3597,Eukaryota,Excavata,Discoba,Euglenozoa,Kinetoplastida,Kinetoplastida_unclassified,Kinetoplastida_unclassified,Kinetoplastida_unclassified
asv3666,Eukaryota,Excavata,Discoba,Euglenozoa,Kinetoplastida,Kinetoplastida_unclassified,Kinetoplastida_unclassified,Kinetoplastida_unclassified
asv3730,Eukaryota,Excavata,Discoba,Euglenozoa,Kinetoplastida,Kinetoplastida_unclassified,Kinetoplastida_unclassified,Kinetoplastida_unclassified
asv3756,Eukaryota,Excavata,Discoba,Euglenozoa,Kinetoplastida,Kinetoplastida_unclassified,Kinetoplastida_unclassified,Kinetoplastida_unclassified
asv3853,Eukaryota,Excavata,Discoba,Euglenozoa,Kinetoplastida,Kinetoplastida_unclassified,Kinetoplastida_unclassified,Kinetoplastida_unclassified
asv3858,Eukaryota,Excavata,Discoba,Euglenozoa,Kinetoplastida,Kinetoplastida_unclassified,Kinetoplastida_unclassified,Kinetoplastida_unclassified
asv3953,Eukaryota,Excavata,Discoba,Euglenozoa,Kinetoplastida,Kinetoplastida_unclassified,Kinetoplastida_unclassified,Kinetoplastida_unclassified
asv4516,Eukaryota,Excavata,Discoba,Euglenozoa,Kinetoplastida,Kinetoplastida_unclassified,Kinetoplastida_unclassified,Kinetoplastida_unclassified
asv4555,Eukaryota,Excavata,Discoba,Euglenozoa,Kinetoplastida,Kinetoplastida_unclassified,Kinetoplastida_unclassified,Kinetoplastida_unclassified
asv4668,Eukaryota,Excavata,Discoba,Euglenozoa,Kinetoplastida,Kinetoplastida_unclassified,Kinetoplastida_unclassified,Kinetoplastida_unclassified
asv4697,Eukaryota,Excavata,Discoba,Euglenozoa,Kinetoplastida,Kinetoplastida_unclassified,Kinetoplastida_unclassified,Kinetoplastida_unclassified
asv5068,Eukaryota,Excavata,Discoba,Euglenozoa,Kinetoplastida,Kinetoplastida_unclassified,Kinetoplastida_unclassified,Kinetoplastida_unclassified
asv5127,Eukaryota,Excavata,Discoba,Euglenozoa,Kinetoplastida,Kinetoplastida_unclassified,Kinetoplastida_unclassified,Kinetoplastida_unclassified
asv5281,Eukaryota,Excavata,Discoba,Euglenozoa,Kinetoplastida,Kinetoplastida_unclassified,Kinetoplastida_unclassified,Kinetoplastida_unclassified
asv5286,Eukaryota,Excavata,Discoba,Euglenozoa,Kinetoplastida,Kinetoplastida_unclassified,Kinetoplastida_unclassified,Kinetoplastida_unclassified
asv5776,Eukaryota,Excavata,Discoba,Euglenozoa,Kinetoplastida,Kinetoplastida_unclassified,Kinetoplastida_unclassified,Kinetoplastida_unclassified
asv5785,Eukaryota,Excavata,Discoba,Euglenozoa,Kinetoplastida,Kinetoplastida_unclassified,Kinetoplastida_unclassified,Kinetoplastida_unclassified
asv5893,Eukaryota,Excavata,Discoba,Euglenozoa,Kinetoplastida,Kinetoplastida_unclassified,Kinetoplastida_unclassified,Kinetoplastida_unclassified
asv5898,Eukaryota,Excavata,Discoba,Euglenozoa,Kinetoplastida,Kinetoplastida_unclassified,Kinetoplastida_unclassified,Kinetoplastida_unclassified
asv6125,Eukaryota,Excavata,Discoba,Euglenozoa,Kinetoplastida,Kinetoplastida_unclassified,Kinetoplastida_unclassified,Kinetoplastida_unclassified
asv6126,Eukaryota,Excavata,Discoba,Euglenozoa,Kinetoplastida,Kinetoplastida_unclassified,Kinetoplastida_unclassified,Kinetoplastida_unclassified
asv6414,Eukaryota,Excavata,Discoba,Euglenozoa,Kinetoplastida,Kinetoplastida_unclassified,Kinetoplastida_unclassified,Kinetoplastida_unclassified
asv6530,Eukaryota,Excavata,Discoba,Euglenozoa,Kinetoplastida,Kinetoplastida_unclassified,Kinetoplastida_unclassified,Kinetoplastida_unclassified
asv6536,Eukaryota,Excavata,Discoba,Euglenozoa,Kinetoplastida,Kinetoplastida_unclassified,Kinetoplastida_unclassified,Kinetoplastida_unclassified
asv6865,Eukaryota,Excavata,Discoba,Euglenozoa,Kinetoplastida,Kinetoplastida_unclassified,Kinetoplastida_unclassified,Kinetoplastida_unclassified
asv6875,Eukaryota,Excavata,Discoba,Euglenozoa,Kinetoplastida,Kinetoplastida_unclassified,Kinetoplastida_unclassified,Kinetoplastida_unclassified
asv6880,Eukaryota,Excavata,Discoba,Euglenozoa,Kinetoplastida,Kinetoplastida_unclassified,Kinetoplastida_unclassified,Kinetoplastida_unclassified
asv7058,Eukaryota,Excavata,Discoba,Euglenozoa,Kinetoplastida,Kinetoplastida_unclassified,Kinetoplastida_unclassified,Kinetoplastida_unclassified
asv7252,Eukaryota,Excavata,Discoba,Euglenozoa,Kinetoplastida,Kinetoplastida_unclassified,Kinetoplastida_unclassified,Kinetoplastida_unclassified
asv7260,Eukaryota,Excavata,Discoba,Euglenozoa,Kinetoplastida,Kinetoplastida_unclassified,Kinetoplastida_unclassified,Kinetoplastida_unclassified
asv7459,Eukaryota,Excavata,Discoba,Euglenozoa,Kinetoplastida,Kinetoplastida_unclassified,Kinetoplastida_unclassified,Kinetoplastida_unclassified
asv7469,Eukaryota,Excavata,Discoba,Euglenozoa,Kinetoplastida,Kinetoplastida_unclassified,Kinetoplastida_unclassified,Kinetoplastida_unclassified
asv8556,Eukaryota,Excavata,Discoba,Euglenozoa,Kinetoplastida,Kinetoplastida_unclassified,Kinetoplastida_unclassified,Kinetoplastida_unclassified
asv8835,Eukaryota,Excavata,Discoba,Euglenozoa,Kinetoplastida,Kinetoplastida_unclassified,Kinetoplastida_unclassified,Kinetoplastida_unclassified
asv3904,Eukaryota,Excavata,Discoba,Euglenozoa,Kinetoplastida,Neobodonid,Klosteria,Klosteria_bodomorphis
asv5791,Eukaryota,Opisthokonta,Fungi,Microsporidiomycota,Microsporidiomycotina,Microsporidiomycotina,Larssonia,Larssonia_obtusa
asv0275,Eukaryota,Opisthokonta,Fungi,Ascomycota,Pezizomycotina,Leotiomycetes,Leotiomycetes_unclassified,Leotiomycetes_unclassified
asv3378,Eukaryota,Opisthokonta,Fungi,Ascomycota,Pezizomycotina,Leotiomycetes,Leotiomycetes_unclassified,Leotiomycetes_unclassified
asv5579,Eukaryota,Opisthokonta,Fungi,Ascomycota,Pezizomycotina,Leotiomycetes,Leotiomycetes_unclassified,Leotiomycetes_unclassified
asv0045,Eukaryota,Stramenopiles,Stramenopiles,Oomycota,Oomycota,Saprolegniales,Leptolegnia,Leptolegnia_sp.
asv0258,Eukaryota,Stramenopiles,Stramenopiles,Oomycota,Oomycota,Saprolegniales,Leptolegnia,Leptolegnia_sp.
asv0998,Eukaryota,Rhizaria,Cercozoa,Endomyxa,Vampyrellida,Leptophryidae,Leptophryidae_unclassified,Leptophryidae_unclassified
asv2440,Eukaryota,Rhizaria,Cercozoa,Endomyxa,Vampyrellida,Leptophryidae,Leptophryidae_unclassified,Leptophryidae_unclassified
asv0499,Eukaryota,Rhizaria,Cercozoa,Endomyxa,Vampyrellida,Leptophryidae,Leptophrys,Leptophrys_vorax
asv0721,Eukaryota,Rhizaria,Cercozoa,Endomyxa,Vampyrellida,Leptophryidae,Leptophrys,Leptophrys_vorax
asv0054,Eukaryota,Opisthokonta,Metazoa,Arthropoda,Crustacea,Ostracoda,Limnocythere,Limnocythere_sp.
asv2102,Eukaryota,Opisthokonta,Metazoa,Arthropoda,Crustacea,Ostracoda,Limnocythere,Limnocythere_sp.
asv2437,Eukaryota,Opisthokonta,Metazoa,Arthropoda,Crustacea,Ostracoda,Limnocythere,Limnocythere_sp.
asv2635,Eukaryota,Opisthokonta,Metazoa,Arthropoda,Crustacea,Ostracoda,Limnocythere,Limnocythere_sp.
asv2949,Eukaryota,Opisthokonta,Metazoa,Arthropoda,Crustacea,Ostracoda,Limnocythere,Limnocythere_sp.
asv3882,Eukaryota,Opisthokonta,Metazoa,Arthropoda,Crustacea,Ostracoda,Limnocythere,Limnocythere_sp.
asv6024,Eukaryota,Opisthokonta,Metazoa,Arthropoda,Crustacea,Ostracoda,Limnocythere,Limnocythere_sp.
asv6897,Eukaryota,Opisthokonta,Metazoa,Arthropoda,Crustacea,Ostracoda,Limnocythere,Limnocythere_sp.
asv0312,Eukaryota,Alveolata,Ciliophora,Litostomatea,Litostomatea_unclassified,Litostomatea_unclassified,Litostomatea_unclassified,Litostomatea_unclassified
asv0460,Eukaryota,Alveolata,Ciliophora,Litostomatea,Litostomatea_unclassified,Litostomatea_unclassified,Litostomatea_unclassified,Litostomatea_unclassified
asv0546,Eukaryota,Alveolata,Ciliophora,Litostomatea,Litostomatea_unclassified,Litostomatea_unclassified,Litostomatea_unclassified,Litostomatea_unclassified
asv1363,Eukaryota,Alveolata,Ciliophora,Litostomatea,Litostomatea_unclassified,Litostomatea_unclassified,Litostomatea_unclassified,Litostomatea_unclassified
asv1488,Eukaryota,Alveolata,Ciliophora,Litostomatea,Litostomatea_unclassified,Litostomatea_unclassified,Litostomatea_unclassified,Litostomatea_unclassified
asv1809,Eukaryota,Alveolata,Ciliophora,Litostomatea,Litostomatea_unclassified,Litostomatea_unclassified,Litostomatea_unclassified,Litostomatea_unclassified
asv1856,Eukaryota,Alveolata,Ciliophora,Litostomatea,Litostomatea_unclassified,Litostomatea_unclassified,Litostomatea_unclassified,Litostomatea_unclassified
asv2357,Eukaryota,Alveolata,Ciliophora,Litostomatea,Litostomatea_unclassified,Litostomatea_unclassified,Litostomatea_unclassified,Litostomatea_unclassified
asv3639,Eukaryota,Alveolata,Ciliophora,Litostomatea,Litostomatea_unclassified,Litostomatea_unclassified,Litostomatea_unclassified,Litostomatea_unclassified
asv3755,Eukaryota,Alveolata,Ciliophora,Litostomatea,Litostomatea_unclassified,Litostomatea_unclassified,Litostomatea_unclassified,Litostomatea_unclassified
asv3905,Eukaryota,Alveolata,Ciliophora,Litostomatea,Litostomatea_unclassified,Litostomatea_unclassified,Litostomatea_unclassified,Litostomatea_unclassified
asv4314,Eukaryota,Alveolata,Ciliophora,Litostomatea,Litostomatea_unclassified,Litostomatea_unclassified,Litostomatea_unclassified,Litostomatea_unclassified
asv5456,Eukaryota,Alveolata,Ciliophora,Litostomatea,Litostomatea_unclassified,Litostomatea_unclassified,Litostomatea_unclassified,Litostomatea_unclassified
asv1298,Eukaryota,Opisthokonta,Fungi,Cryptomycota,Cryptomycotina,Cryptomycotina,LKM-Rozella,LKM-Rozella_sp.
asv0865,Eukaryota,Amoebozoa,Lobosa,Lobosa_unclassified,Lobosa_unclassified,Lobosa_unclassified,Lobosa_unclassified,Lobosa_unclassified
asv2254,Eukaryota,Amoebozoa,Lobosa,Lobosa_unclassified,Lobosa_unclassified,Lobosa_unclassified,Lobosa_unclassified,Lobosa_unclassified
asv0805,Eukaryota,Opisthokonta,Fungi,Chytridiomycota,Chytridiomycotina,Chytridiomycetes,Lobulomyces,Lobulomyces_unclassified
asv0633,Eukaryota,Alveolata,Ciliophora,Litostomatea,Haptoria,Litonotidae,Loxophyllum,Loxophyllum_unclassified
asv0274,Eukaryota,Stramenopiles,Ochrophyta,Synurophyceae,Synurales,Synurales,Mallomonas,Mallomonas_akrokomos
asv0473,Eukaryota,Stramenopiles,Ochrophyta,Synurophyceae,Synurales,Synurales,Mallomonas,Mallomonas_unclassified
asv1115,Eukaryota,Stramenopiles,Stramenopiles,MAST,MAST-,MAST-_unclassified,MAST-_unclassified,MAST_unclassified
asv1191,Eukaryota,Stramenopiles,Stramenopiles,MAST,MAST-,MAST-C,MAST-C,MAST-C_sp.
asv3107,Eukaryota,Amoebozoa,Conosa,Archamoebea,Mastigamoebida,Mastigamoebidae,Mastigamoeba,Mastigamoeba_lenta
asv5891,Eukaryota,Amoebozoa,Conosa,Archamoebea,Mastigamoebida,Mastigamoebidae,Mastigamoeba,Mastigamoeba_lenta
asv7722,Eukaryota,Amoebozoa,Conosa,Archamoebea,Mastigamoebida,Mastigamoebidae,Mastigamoeba,Mastigamoeba_lenta
asv0918,Eukaryota,Amoebozoa,Conosa,Archamoebea,Mastigamoebida,Mastigamoebidae,Mastigamoeba,Mastigamoeba_sp.
asv1392,Eukaryota,Amoebozoa,Conosa,Archamoebea,Mastigamoebida,Mastigamoebidae,Mastigamoeba,Mastigamoeba_sp.
asv3152,Eukaryota,Amoebozoa,Conosa,Archamoebea,Mastigamoebida,Mastigamoebidae,Mastigamoeba,Mastigamoeba_sp.
asv3757,Eukaryota,Amoebozoa,Conosa,Archamoebea,Mastigamoebida,Mastigamoebidae,Mastigamoeba,Mastigamoeba_sp.
asv0108,Eukaryota,Amoebozoa,Conosa,Archamoebea,Mastigamoebida,Mastigamoebidae,Mastigamoeba,Mastigamoeba_unclassified
asv0383,Eukaryota,Amoebozoa,Conosa,Archamoebea,Mastigamoebida,Mastigamoebidae,Mastigamoeba,Mastigamoeba_unclassified
asv0554,Eukaryota,Amoebozoa,Conosa,Archamoebea,Mastigamoebida,Mastigamoebidae,Mastigamoeba,Mastigamoeba_unclassified
asv0770,Eukaryota,Amoebozoa,Conosa,Archamoebea,Mastigamoebida,Mastigamoebidae,Mastigamoeba,Mastigamoeba_unclassified
asv1124,Eukaryota,Amoebozoa,Conosa,Archamoebea,Mastigamoebida,Mastigamoebidae,Mastigamoeba,Mastigamoeba_unclassified
asv1551,Eukaryota,Amoebozoa,Conosa,Archamoebea,Mastigamoebida,Mastigamoebidae,Mastigamoeba,Mastigamoeba_unclassified
asv1614,Eukaryota,Amoebozoa,Conosa,Archamoebea,Mastigamoebida,Mastigamoebidae,Mastigamoeba,Mastigamoeba_unclassified
asv1668,Eukaryota,Amoebozoa,Conosa,Archamoebea,Mastigamoebida,Mastigamoebidae,Mastigamoeba,Mastigamoeba_unclassified
asv1925,Eukaryota,Amoebozoa,Conosa,Archamoebea,Mastigamoebida,Mastigamoebidae,Mastigamoeba,Mastigamoeba_unclassified
asv2546,Eukaryota,Amoebozoa,Conosa,Archamoebea,Mastigamoebida,Mastigamoebidae,Mastigamoeba,Mastigamoeba_unclassified
asv2950,Eukaryota,Amoebozoa,Conosa,Archamoebea,Mastigamoebida,Mastigamoebidae,Mastigamoeba,Mastigamoeba_unclassified
asv3123,Eukaryota,Amoebozoa,Conosa,Archamoebea,Mastigamoebida,Mastigamoebidae,Mastigamoeba,Mastigamoeba_unclassified
asv3390,Eukaryota,Amoebozoa,Conosa,Archamoebea,Mastigamoebida,Mastigamoebidae,Mastigamoeba,Mastigamoeba_unclassified
asv3644,Eukaryota,Amoebozoa,Conosa,Archamoebea,Mastigamoebida,Mastigamoebidae,Mastigamoeba,Mastigamoeba_unclassified
asv3645,Eukaryota,Amoebozoa,Conosa,Archamoebea,Mastigamoebida,Mastigamoebidae,Mastigamoeba,Mastigamoeba_unclassified
asv3810,Eukaryota,Amoebozoa,Conosa,Archamoebea,Mastigamoebida,Mastigamoebidae,Mastigamoeba,Mastigamoeba_unclassified
asv4284,Eukaryota,Amoebozoa,Conosa,Archamoebea,Mastigamoebida,Mastigamoebidae,Mastigamoeba,Mastigamoeba_unclassified
asv4557,Eukaryota,Amoebozoa,Conosa,Archamoebea,Mastigamoebida,Mastigamoebidae,Mastigamoeba,Mastigamoeba_unclassified
asv4832,Eukaryota,Amoebozoa,Conosa,Archamoebea,Mastigamoebida,Mastigamoebidae,Mastigamoeba,Mastigamoeba_unclassified
asv5213,Eukaryota,Amoebozoa,Conosa,Archamoebea,Mastigamoebida,Mastigamoebidae,Mastigamoeba,Mastigamoeba_unclassified
asv5792,Eukaryota,Amoebozoa,Conosa,Archamoebea,Mastigamoebida,Mastigamoebidae,Mastigamoeba,Mastigamoeba_unclassified
asv5793,Eukaryota,Amoebozoa,Conosa,Archamoebea,Mastigamoebida,Mastigamoebidae,Mastigamoeba,Mastigamoeba_unclassified
asv6137,Eukaryota,Amoebozoa,Conosa,Archamoebea,Mastigamoebida,Mastigamoebidae,Mastigamoeba,Mastigamoeba_unclassified
asv6413,Eukaryota,Amoebozoa,Conosa,Archamoebea,Mastigamoebida,Mastigamoebidae,Mastigamoeba,Mastigamoeba_unclassified
asv7051,Eukaryota,Amoebozoa,Conosa,Archamoebea,Mastigamoebida,Mastigamoebidae,Mastigamoeba,Mastigamoeba_unclassified
asv7949,Eukaryota,Amoebozoa,Conosa,Archamoebea,Mastigamoebida,Mastigamoebidae,Mastigamoeba,Mastigamoeba_unclassified
asv8569,Eukaryota,Amoebozoa,Conosa,Archamoebea,Mastigamoebida,Mastigamoebidae,Mastigamoeba,Mastigamoeba_unclassified
asv2199,Eukaryota,Amoebozoa,Conosa,Archamoebea,Mastigamoebida,Mastigamoebidae,Mastigamoebidae_unclassified,Mastigamoebidae_unclassified
asv1041,Eukaryota,Rhizaria,Cercozoa,Filosa-Thecofilosea,Filosa-Thecofilosea,Mataza-lineage,Mataza-lineage,Mataza-lineage_sp.
asv0553,Eukaryota,Alveolata,Apicomplexa,Apicomplexa,Gregarines,Gregarines,Mattesia,Mattesia_geminata
asv0001,Eukaryota,Opisthokonta,Metazoa,Arthropoda,Crustacea,Maxillopoda,Maxillopoda_unclassified,Maxillopoda_unclassified
asv0002,Eukaryota,Opisthokonta,Metazoa,Arthropoda,Crustacea,Maxillopoda,Maxillopoda_unclassified,Maxillopoda_unclassified
asv0005,Eukaryota,Opisthokonta,Metazoa,Arthropoda,Crustacea,Maxillopoda,Maxillopoda_unclassified,Maxillopoda_unclassified
asv0063,Eukaryota,Opisthokonta,Metazoa,Arthropoda,Crustacea,Maxillopoda,Maxillopoda_unclassified,Maxillopoda_unclassified
asv0067,Eukaryota,Opisthokonta,Metazoa,Arthropoda,Crustacea,Maxillopoda,Maxillopoda_unclassified,Maxillopoda_unclassified
asv0077,Eukaryota,Opisthokonta,Metazoa,Arthropoda,Crustacea,Maxillopoda,Maxillopoda_unclassified,Maxillopoda_unclassified
asv0095,Eukaryota,Opisthokonta,Metazoa,Arthropoda,Crustacea,Maxillopoda,Maxillopoda_unclassified,Maxillopoda_unclassified
asv0122,Eukaryota,Opisthokonta,Metazoa,Arthropoda,Crustacea,Maxillopoda,Maxillopoda_unclassified,Maxillopoda_unclassified
asv0129,Eukaryota,Opisthokonta,Metazoa,Arthropoda,Crustacea,Maxillopoda,Maxillopoda_unclassified,Maxillopoda_unclassified
asv0171,Eukaryota,Opisthokonta,Metazoa,Arthropoda,Crustacea,Maxillopoda,Maxillopoda_unclassified,Maxillopoda_unclassified
asv0185,Eukaryota,Opisthokonta,Metazoa,Arthropoda,Crustacea,Maxillopoda,Maxillopoda_unclassified,Maxillopoda_unclassified
asv0202,Eukaryota,Opisthokonta,Metazoa,Arthropoda,Crustacea,Maxillopoda,Maxillopoda_unclassified,Maxillopoda_unclassified
asv0237,Eukaryota,Opisthokonta,Metazoa,Arthropoda,Crustacea,Maxillopoda,Maxillopoda_unclassified,Maxillopoda_unclassified
asv0267,Eukaryota,Opisthokonta,Metazoa,Arthropoda,Crustacea,Maxillopoda,Maxillopoda_unclassified,Maxillopoda_unclassified
asv0284,Eukaryota,Opisthokonta,Metazoa,Arthropoda,Crustacea,Maxillopoda,Maxillopoda_unclassified,Maxillopoda_unclassified
asv0300,Eukaryota,Opisthokonta,Metazoa,Arthropoda,Crustacea,Maxillopoda,Maxillopoda_unclassified,Maxillopoda_unclassified
asv0321,Eukaryota,Opisthokonta,Metazoa,Arthropoda,Crustacea,Maxillopoda,Maxillopoda_unclassified,Maxillopoda_unclassified
asv0353,Eukaryota,Opisthokonta,Metazoa,Arthropoda,Crustacea,Maxillopoda,Maxillopoda_unclassified,Maxillopoda_unclassified
asv0462,Eukaryota,Opisthokonta,Metazoa,Arthropoda,Crustacea,Maxillopoda,Maxillopoda_unclassified,Maxillopoda_unclassified
asv0479,Eukaryota,Opisthokonta,Metazoa,Arthropoda,Crustacea,Maxillopoda,Maxillopoda_unclassified,Maxillopoda_unclassified
asv0538,Eukaryota,Opisthokonta,Metazoa,Arthropoda,Crustacea,Maxillopoda,Maxillopoda_unclassified,Maxillopoda_unclassified
asv0567,Eukaryota,Opisthokonta,Metazoa,Arthropoda,Crustacea,Maxillopoda,Maxillopoda_unclassified,Maxillopoda_unclassified
asv0574,Eukaryota,Opisthokonta,Metazoa,Arthropoda,Crustacea,Maxillopoda,Maxillopoda_unclassified,Maxillopoda_unclassified
asv0579,Eukaryota,Opisthokonta,Metazoa,Arthropoda,Crustacea,Maxillopoda,Maxillopoda_unclassified,Maxillopoda_unclassified
asv0607,Eukaryota,Opisthokonta,Metazoa,Arthropoda,Crustacea,Maxillopoda,Maxillopoda_unclassified,Maxillopoda_unclassified
asv0635,Eukaryota,Opisthokonta,Metazoa,Arthropoda,Crustacea,Maxillopoda,Maxillopoda_unclassified,Maxillopoda_unclassified
asv0638,Eukaryota,Opisthokonta,Metazoa,Arthropoda,Crustacea,Maxillopoda,Maxillopoda_unclassified,Maxillopoda_unclassified
asv0649,Eukaryota,Opisthokonta,Metazoa,Arthropoda,Crustacea,Maxillopoda,Maxillopoda_unclassified,Maxillopoda_unclassified
asv0669,Eukaryota,Opisthokonta,Metazoa,Arthropoda,Crustacea,Maxillopoda,Maxillopoda_unclassified,Maxillopoda_unclassified
asv0732,Eukaryota,Opisthokonta,Metazoa,Arthropoda,Crustacea,Maxillopoda,Maxillopoda_unclassified,Maxillopoda_unclassified
asv0744,Eukaryota,Opisthokonta,Metazoa,Arthropoda,Crustacea,Maxillopoda,Maxillopoda_unclassified,Maxillopoda_unclassified
asv0798,Eukaryota,Opisthokonta,Metazoa,Arthropoda,Crustacea,Maxillopoda,Maxillopoda_unclassified,Maxillopoda_unclassified
asv0842,Eukaryota,Opisthokonta,Metazoa,Arthropoda,Crustacea,Maxillopoda,Maxillopoda_unclassified,Maxillopoda_unclassified
asv0844,Eukaryota,Opisthokonta,Metazoa,Arthropoda,Crustacea,Maxillopoda,Maxillopoda_unclassified,Maxillopoda_unclassified
asv1065,Eukaryota,Opisthokonta,Metazoa,Arthropoda,Crustacea,Maxillopoda,Maxillopoda_unclassified,Maxillopoda_unclassified
asv1195,Eukaryota,Opisthokonta,Metazoa,Arthropoda,Crustacea,Maxillopoda,Maxillopoda_unclassified,Maxillopoda_unclassified
asv1244,Eukaryota,Opisthokonta,Metazoa,Arthropoda,Crustacea,Maxillopoda,Maxillopoda_unclassified,Maxillopoda_unclassified
asv1331,Eukaryota,Opisthokonta,Metazoa,Arthropoda,Crustacea,Maxillopoda,Maxillopoda_unclassified,Maxillopoda_unclassified
asv1374,Eukaryota,Opisthokonta,Metazoa,Arthropoda,Crustacea,Maxillopoda,Maxillopoda_unclassified,Maxillopoda_unclassified
asv1568,Eukaryota,Opisthokonta,Metazoa,Arthropoda,Crustacea,Maxillopoda,Maxillopoda_unclassified,Maxillopoda_unclassified
asv1597,Eukaryota,Opisthokonta,Metazoa,Arthropoda,Crustacea,Maxillopoda,Maxillopoda_unclassified,Maxillopoda_unclassified
asv1602,Eukaryota,Opisthokonta,Metazoa,Arthropoda,Crustacea,Maxillopoda,Maxillopoda_unclassified,Maxillopoda_unclassified
asv1680,Eukaryota,Opisthokonta,Metazoa,Arthropoda,Crustacea,Maxillopoda,Maxillopoda_unclassified,Maxillopoda_unclassified
asv1773,Eukaryota,Opisthokonta,Metazoa,Arthropoda,Crustacea,Maxillopoda,Maxillopoda_unclassified,Maxillopoda_unclassified
asv1832,Eukaryota,Opisthokonta,Metazoa,Arthropoda,Crustacea,Maxillopoda,Maxillopoda_unclassified,Maxillopoda_unclassified
asv1903,Eukaryota,Opisthokonta,Metazoa,Arthropoda,Crustacea,Maxillopoda,Maxillopoda_unclassified,Maxillopoda_unclassified
asv1940,Eukaryota,Opisthokonta,Metazoa,Arthropoda,Crustacea,Maxillopoda,Maxillopoda_unclassified,Maxillopoda_unclassified
asv2068,Eukaryota,Opisthokonta,Metazoa,Arthropoda,Crustacea,Maxillopoda,Maxillopoda_unclassified,Maxillopoda_unclassified
asv2153,Eukaryota,Opisthokonta,Metazoa,Arthropoda,Crustacea,Maxillopoda,Maxillopoda_unclassified,Maxillopoda_unclassified
asv2194,Eukaryota,Opisthokonta,Metazoa,Arthropoda,Crustacea,Maxillopoda,Maxillopoda_unclassified,Maxillopoda_unclassified
asv2273,Eukaryota,Opisthokonta,Metazoa,Arthropoda,Crustacea,Maxillopoda,Maxillopoda_unclassified,Maxillopoda_unclassified
asv2277,Eukaryota,Opisthokonta,Metazoa,Arthropoda,Crustacea,Maxillopoda,Maxillopoda_unclassified,Maxillopoda_unclassified
asv2367,Eukaryota,Opisthokonta,Metazoa,Arthropoda,Crustacea,Maxillopoda,Maxillopoda_unclassified,Maxillopoda_unclassified
asv2469,Eukaryota,Opisthokonta,Metazoa,Arthropoda,Crustacea,Maxillopoda,Maxillopoda_unclassified,Maxillopoda_unclassified
asv2485,Eukaryota,Opisthokonta,Metazoa,Arthropoda,Crustacea,Maxillopoda,Maxillopoda_unclassified,Maxillopoda_unclassified
asv2592,Eukaryota,Opisthokonta,Metazoa,Arthropoda,Crustacea,Maxillopoda,Maxillopoda_unclassified,Maxillopoda_unclassified
asv2615,Eukaryota,Opisthokonta,Metazoa,Arthropoda,Crustacea,Maxillopoda,Maxillopoda_unclassified,Maxillopoda_unclassified
asv2700,Eukaryota,Opisthokonta,Metazoa,Arthropoda,Crustacea,Maxillopoda,Maxillopoda_unclassified,Maxillopoda_unclassified
asv2723,Eukaryota,Opisthokonta,Metazoa,Arthropoda,Crustacea,Maxillopoda,Maxillopoda_unclassified,Maxillopoda_unclassified
asv2753,Eukaryota,Opisthokonta,Metazoa,Arthropoda,Crustacea,Maxillopoda,Maxillopoda_unclassified,Maxillopoda_unclassified
asv2847,Eukaryota,Opisthokonta,Metazoa,Arthropoda,Crustacea,Maxillopoda,Maxillopoda_unclassified,Maxillopoda_unclassified
asv2900,Eukaryota,Opisthokonta,Metazoa,Arthropoda,Crustacea,Maxillopoda,Maxillopoda_unclassified,Maxillopoda_unclassified
asv3122,Eukaryota,Opisthokonta,Metazoa,Arthropoda,Crustacea,Maxillopoda,Maxillopoda_unclassified,Maxillopoda_unclassified
asv3423,Eukaryota,Opisthokonta,Metazoa,Arthropoda,Crustacea,Maxillopoda,Maxillopoda_unclassified,Maxillopoda_unclassified
asv3431,Eukaryota,Opisthokonta,Metazoa,Arthropoda,Crustacea,Maxillopoda,Maxillopoda_unclassified,Maxillopoda_unclassified
asv3852,Eukaryota,Opisthokonta,Metazoa,Arthropoda,Crustacea,Maxillopoda,Maxillopoda_unclassified,Maxillopoda_unclassified
asv4079,Eukaryota,Opisthokonta,Metazoa,Arthropoda,Crustacea,Maxillopoda,Maxillopoda_unclassified,Maxillopoda_unclassified
asv4320,Eukaryota,Opisthokonta,Metazoa,Arthropoda,Crustacea,Maxillopoda,Maxillopoda_unclassified,Maxillopoda_unclassified
asv4615,Eukaryota,Opisthokonta,Metazoa,Arthropoda,Crustacea,Maxillopoda,Maxillopoda_unclassified,Maxillopoda_unclassified
asv4625,Eukaryota,Opisthokonta,Metazoa,Arthropoda,Crustacea,Maxillopoda,Maxillopoda_unclassified,Maxillopoda_unclassified
asv4711,Eukaryota,Opisthokonta,Metazoa,Arthropoda,Crustacea,Maxillopoda,Maxillopoda_unclassified,Maxillopoda_unclassified
asv4759,Eukaryota,Opisthokonta,Metazoa,Arthropoda,Crustacea,Maxillopoda,Maxillopoda_unclassified,Maxillopoda_unclassified
asv4942,Eukaryota,Opisthokonta,Metazoa,Arthropoda,Crustacea,Maxillopoda,Maxillopoda_unclassified,Maxillopoda_unclassified
asv4953,Eukaryota,Opisthokonta,Metazoa,Arthropoda,Crustacea,Maxillopoda,Maxillopoda_unclassified,Maxillopoda_unclassified
asv5003,Eukaryota,Opisthokonta,Metazoa,Arthropoda,Crustacea,Maxillopoda,Maxillopoda_unclassified,Maxillopoda_unclassified
asv5004,Eukaryota,Opisthokonta,Metazoa,Arthropoda,Crustacea,Maxillopoda,Maxillopoda_unclassified,Maxillopoda_unclassified
asv5070,Eukaryota,Opisthokonta,Metazoa,Arthropoda,Crustacea,Maxillopoda,Maxillopoda_unclassified,Maxillopoda_unclassified
asv5897,Eukaryota,Opisthokonta,Metazoa,Arthropoda,Crustacea,Maxillopoda,Maxillopoda_unclassified,Maxillopoda_unclassified
asv5913,Eukaryota,Opisthokonta,Metazoa,Arthropoda,Crustacea,Maxillopoda,Maxillopoda_unclassified,Maxillopoda_unclassified
asv6007,Eukaryota,Opisthokonta,Metazoa,Arthropoda,Crustacea,Maxillopoda,Maxillopoda_unclassified,Maxillopoda_unclassified
asv6022,Eukaryota,Opisthokonta,Metazoa,Arthropoda,Crustacea,Maxillopoda,Maxillopoda_unclassified,Maxillopoda_unclassified
asv6118,Eukaryota,Opisthokonta,Metazoa,Arthropoda,Crustacea,Maxillopoda,Maxillopoda_unclassified,Maxillopoda_unclassified
asv6128,Eukaryota,Opisthokonta,Metazoa,Arthropoda,Crustacea,Maxillopoda,Maxillopoda_unclassified,Maxillopoda_unclassified
asv6135,Eukaryota,Opisthokonta,Metazoa,Arthropoda,Crustacea,Maxillopoda,Maxillopoda_unclassified,Maxillopoda_unclassified
asv6138,Eukaryota,Opisthokonta,Metazoa,Arthropoda,Crustacea,Maxillopoda,Maxillopoda_unclassified,Maxillopoda_unclassified
asv7039,Eukaryota,Opisthokonta,Metazoa,Arthropoda,Crustacea,Maxillopoda,Maxillopoda_unclassified,Maxillopoda_unclassified
asv7042,Eukaryota,Opisthokonta,Metazoa,Arthropoda,Crustacea,Maxillopoda,Maxillopoda_unclassified,Maxillopoda_unclassified
asv7050,Eukaryota,Opisthokonta,Metazoa,Arthropoda,Crustacea,Maxillopoda,Maxillopoda_unclassified,Maxillopoda_unclassified
asv7697,Eukaryota,Opisthokonta,Metazoa,Arthropoda,Crustacea,Maxillopoda,Maxillopoda_unclassified,Maxillopoda_unclassified
asv7930,Eukaryota,Opisthokonta,Metazoa,Arthropoda,Crustacea,Maxillopoda,Maxillopoda_unclassified,Maxillopoda_unclassified
asv7936,Eukaryota,Opisthokonta,Metazoa,Arthropoda,Crustacea,Maxillopoda,Maxillopoda_unclassified,Maxillopoda_unclassified
asv8219,Eukaryota,Opisthokonta,Metazoa,Arthropoda,Crustacea,Maxillopoda,Maxillopoda_unclassified,Maxillopoda_unclassified
asv7484,Eukaryota,Amoebozoa,Conosa,Variosea,Variosea,MbC-lineage,MbC-lineage,MbC-lineage_sp.
asv1916,Eukaryota,Opisthokonta,Fungi,Basidiomycota,Pucciniomycotina,Pucciniomycetes,Melampsora,Melampsora_occidentalis
asv0368,Eukaryota,Stramenopiles,Ochrophyta,Bacillariophyta,Bacillariophyta,Radial-centric-basal-Coscinodiscophyceae,Melosira,Melosira_varians
asv1229,Eukaryota,Stramenopiles,Ochrophyta,Bacillariophyta,Bacillariophyta,Radial-centric-basal-Coscinodiscophyceae,Melosira,Melosira_varians
asv1324,Eukaryota,Stramenopiles,Ochrophyta,Bacillariophyta,Bacillariophyta,Radial-centric-basal-Coscinodiscophyceae,Melosira,Melosira_varians
asv4881,Eukaryota,Stramenopiles,Ochrophyta,Bacillariophyta,Bacillariophyta,Radial-centric-basal-Coscinodiscophyceae,Melosira,Melosira_varians
asv5573,Eukaryota,Stramenopiles,Ochrophyta,Bacillariophyta,Bacillariophyta,Radial-centric-basal-Coscinodiscophyceae,Melosira,Melosira_varians
asv0056,Eukaryota,Alveolata,Ciliophora,Litostomatea,Cyclotrichia,Mesodiniidae,Mesodiniidae_unclassified,Mesodiniidae_unclassified
asv0150,Eukaryota,Alveolata,Ciliophora,Litostomatea,Cyclotrichia,Mesodiniidae,Mesodiniidae_unclassified,Mesodiniidae_unclassified
asv2033,Eukaryota,Alveolata,Ciliophora,Litostomatea,Cyclotrichia,Mesodiniidae,Mesodiniidae_unclassified,Mesodiniidae_unclassified
asv2059,Eukaryota,Alveolata,Ciliophora,Litostomatea,Cyclotrichia,Mesodiniidae,Mesodiniidae_unclassified,Mesodiniidae_unclassified
asv2312,Eukaryota,Alveolata,Ciliophora,Litostomatea,Cyclotrichia,Mesodiniidae,Mesodiniidae_unclassified,Mesodiniidae_unclassified
asv2439,Eukaryota,Alveolata,Ciliophora,Litostomatea,Cyclotrichia,Mesodiniidae,Mesodiniidae_unclassified,Mesodiniidae_unclassified
asv2460,Eukaryota,Alveolata,Ciliophora,Litostomatea,Cyclotrichia,Mesodiniidae,Mesodiniidae_unclassified,Mesodiniidae_unclassified
asv2798,Eukaryota,Rhizaria,Cercozoa,Filosa-Sarcomonadea,Cercomonadida,Paracercomonadidae,Metabolomonas,Metabolomonas_insania
asv0209,Eukaryota,Opisthokonta,Metazoa,Metazoa_unclassified,Metazoa_unclassified,Metazoa_unclassified,Metazoa_unclassified,Metazoa_unclassified
asv0235,Eukaryota,Opisthokonta,Metazoa,Metazoa_unclassified,Metazoa_unclassified,Metazoa_unclassified,Metazoa_unclassified,Metazoa_unclassified
asv0467,Eukaryota,Opisthokonta,Metazoa,Metazoa_unclassified,Metazoa_unclassified,Metazoa_unclassified,Metazoa_unclassified,Metazoa_unclassified
asv0675,Eukaryota,Opisthokonta,Metazoa,Metazoa_unclassified,Metazoa_unclassified,Metazoa_unclassified,Metazoa_unclassified,Metazoa_unclassified
asv1775,Eukaryota,Opisthokonta,Metazoa,Metazoa_unclassified,Metazoa_unclassified,Metazoa_unclassified,Metazoa_unclassified,Metazoa_unclassified
asv2124,Eukaryota,Opisthokonta,Metazoa,Metazoa_unclassified,Metazoa_unclassified,Metazoa_unclassified,Metazoa_unclassified,Metazoa_unclassified
asv2536,Eukaryota,Opisthokonta,Metazoa,Metazoa_unclassified,Metazoa_unclassified,Metazoa_unclassified,Metazoa_unclassified,Metazoa_unclassified
asv2597,Eukaryota,Opisthokonta,Metazoa,Metazoa_unclassified,Metazoa_unclassified,Metazoa_unclassified,Metazoa_unclassified,Metazoa_unclassified
asv2727,Eukaryota,Opisthokonta,Metazoa,Metazoa_unclassified,Metazoa_unclassified,Metazoa_unclassified,Metazoa_unclassified,Metazoa_unclassified
asv3027,Eukaryota,Opisthokonta,Metazoa,Metazoa_unclassified,Metazoa_unclassified,Metazoa_unclassified,Metazoa_unclassified,Metazoa_unclassified
asv3067,Eukaryota,Opisthokonta,Metazoa,Metazoa_unclassified,Metazoa_unclassified,Metazoa_unclassified,Metazoa_unclassified,Metazoa_unclassified
asv3186,Eukaryota,Opisthokonta,Metazoa,Metazoa_unclassified,Metazoa_unclassified,Metazoa_unclassified,Metazoa_unclassified,Metazoa_unclassified
asv3224,Eukaryota,Opisthokonta,Metazoa,Metazoa_unclassified,Metazoa_unclassified,Metazoa_unclassified,Metazoa_unclassified,Metazoa_unclassified
asv3227,Eukaryota,Opisthokonta,Metazoa,Metazoa_unclassified,Metazoa_unclassified,Metazoa_unclassified,Metazoa_unclassified,Metazoa_unclassified
asv3631,Eukaryota,Opisthokonta,Metazoa,Metazoa_unclassified,Metazoa_unclassified,Metazoa_unclassified,Metazoa_unclassified,Metazoa_unclassified
asv3812,Eukaryota,Opisthokonta,Metazoa,Metazoa_unclassified,Metazoa_unclassified,Metazoa_unclassified,Metazoa_unclassified,Metazoa_unclassified
asv3873,Eukaryota,Opisthokonta,Metazoa,Metazoa_unclassified,Metazoa_unclassified,Metazoa_unclassified,Metazoa_unclassified,Metazoa_unclassified
asv3892,Eukaryota,Opisthokonta,Metazoa,Metazoa_unclassified,Metazoa_unclassified,Metazoa_unclassified,Metazoa_unclassified,Metazoa_unclassified
asv3896,Eukaryota,Opisthokonta,Metazoa,Metazoa_unclassified,Metazoa_unclassified,Metazoa_unclassified,Metazoa_unclassified,Metazoa_unclassified
asv4130,Eukaryota,Opisthokonta,Metazoa,Metazoa_unclassified,Metazoa_unclassified,Metazoa_unclassified,Metazoa_unclassified,Metazoa_unclassified
asv4677,Eukaryota,Opisthokonta,Metazoa,Metazoa_unclassified,Metazoa_unclassified,Metazoa_unclassified,Metazoa_unclassified,Metazoa_unclassified
asv5465,Eukaryota,Opisthokonta,Metazoa,Metazoa_unclassified,Metazoa_unclassified,Metazoa_unclassified,Metazoa_unclassified,Metazoa_unclassified
asv5563,Eukaryota,Opisthokonta,Metazoa,Metazoa_unclassified,Metazoa_unclassified,Metazoa_unclassified,Metazoa_unclassified,Metazoa_unclassified
asv5572,Eukaryota,Opisthokonta,Metazoa,Metazoa_unclassified,Metazoa_unclassified,Metazoa_unclassified,Metazoa_unclassified,Metazoa_unclassified
asv5673,Eukaryota,Opisthokonta,Metazoa,Metazoa_unclassified,Metazoa_unclassified,Metazoa_unclassified,Metazoa_unclassified,Metazoa_unclassified
asv6006,Eukaryota,Opisthokonta,Metazoa,Metazoa_unclassified,Metazoa_unclassified,Metazoa_unclassified,Metazoa_unclassified,Metazoa_unclassified
asv6144,Eukaryota,Opisthokonta,Metazoa,Metazoa_unclassified,Metazoa_unclassified,Metazoa_unclassified,Metazoa_unclassified,Metazoa_unclassified
asv6251,Eukaryota,Opisthokonta,Metazoa,Metazoa_unclassified,Metazoa_unclassified,Metazoa_unclassified,Metazoa_unclassified,Metazoa_unclassified
asv6397,Eukaryota,Opisthokonta,Metazoa,Metazoa_unclassified,Metazoa_unclassified,Metazoa_unclassified,Metazoa_unclassified,Metazoa_unclassified
asv6550,Eukaryota,Opisthokonta,Metazoa,Metazoa_unclassified,Metazoa_unclassified,Metazoa_unclassified,Metazoa_unclassified,Metazoa_unclassified
asv6882,Eukaryota,Opisthokonta,Metazoa,Metazoa_unclassified,Metazoa_unclassified,Metazoa_unclassified,Metazoa_unclassified,Metazoa_unclassified
asv6890,Eukaryota,Opisthokonta,Metazoa,Metazoa_unclassified,Metazoa_unclassified,Metazoa_unclassified,Metazoa_unclassified,Metazoa_unclassified
asv6892,Eukaryota,Opisthokonta,Metazoa,Metazoa_unclassified,Metazoa_unclassified,Metazoa_unclassified,Metazoa_unclassified,Metazoa_unclassified
asv7066,Eukaryota,Opisthokonta,Metazoa,Metazoa_unclassified,Metazoa_unclassified,Metazoa_unclassified,Metazoa_unclassified,Metazoa_unclassified
asv7255,Eukaryota,Opisthokonta,Metazoa,Metazoa_unclassified,Metazoa_unclassified,Metazoa_unclassified,Metazoa_unclassified,Metazoa_unclassified
asv7259,Eukaryota,Opisthokonta,Metazoa,Metazoa_unclassified,Metazoa_unclassified,Metazoa_unclassified,Metazoa_unclassified,Metazoa_unclassified
asv7278,Eukaryota,Opisthokonta,Metazoa,Metazoa_unclassified,Metazoa_unclassified,Metazoa_unclassified,Metazoa_unclassified,Metazoa_unclassified
asv7280,Eukaryota,Opisthokonta,Metazoa,Metazoa_unclassified,Metazoa_unclassified,Metazoa_unclassified,Metazoa_unclassified,Metazoa_unclassified
asv7289,Eukaryota,Opisthokonta,Metazoa,Metazoa_unclassified,Metazoa_unclassified,Metazoa_unclassified,Metazoa_unclassified,Metazoa_unclassified
asv7467,Eukaryota,Opisthokonta,Metazoa,Metazoa_unclassified,Metazoa_unclassified,Metazoa_unclassified,Metazoa_unclassified,Metazoa_unclassified
asv7472,Eukaryota,Opisthokonta,Metazoa,Metazoa_unclassified,Metazoa_unclassified,Metazoa_unclassified,Metazoa_unclassified,Metazoa_unclassified
asv7700,Eukaryota,Opisthokonta,Metazoa,Metazoa_unclassified,Metazoa_unclassified,Metazoa_unclassified,Metazoa_unclassified,Metazoa_unclassified
asv7927,Eukaryota,Opisthokonta,Metazoa,Metazoa_unclassified,Metazoa_unclassified,Metazoa_unclassified,Metazoa_unclassified,Metazoa_unclassified
asv7939,Eukaryota,Opisthokonta,Metazoa,Metazoa_unclassified,Metazoa_unclassified,Metazoa_unclassified,Metazoa_unclassified,Metazoa_unclassified
asv8217,Eukaryota,Opisthokonta,Metazoa,Metazoa_unclassified,Metazoa_unclassified,Metazoa_unclassified,Metazoa_unclassified,Metazoa_unclassified
asv8289,Eukaryota,Opisthokonta,Metazoa,Metazoa_unclassified,Metazoa_unclassified,Metazoa_unclassified,Metazoa_unclassified,Metazoa_unclassified
asv8546,Eukaryota,Opisthokonta,Metazoa,Metazoa_unclassified,Metazoa_unclassified,Metazoa_unclassified,Metazoa_unclassified,Metazoa_unclassified
asv8547,Eukaryota,Opisthokonta,Metazoa,Metazoa_unclassified,Metazoa_unclassified,Metazoa_unclassified,Metazoa_unclassified,Metazoa_unclassified
asv8553,Eukaryota,Opisthokonta,Metazoa,Metazoa_unclassified,Metazoa_unclassified,Metazoa_unclassified,Metazoa_unclassified,Metazoa_unclassified
asv8563,Eukaryota,Opisthokonta,Metazoa,Metazoa_unclassified,Metazoa_unclassified,Metazoa_unclassified,Metazoa_unclassified,Metazoa_unclassified
asv8839,Eukaryota,Opisthokonta,Metazoa,Metazoa_unclassified,Metazoa_unclassified,Metazoa_unclassified,Metazoa_unclassified,Metazoa_unclassified
asv8859,Eukaryota,Opisthokonta,Metazoa,Metazoa_unclassified,Metazoa_unclassified,Metazoa_unclassified,Metazoa_unclassified,Metazoa_unclassified
asv8874,Eukaryota,Opisthokonta,Metazoa,Metazoa_unclassified,Metazoa_unclassified,Metazoa_unclassified,Metazoa_unclassified,Metazoa_unclassified
asv5001,Eukaryota,Alveolata,Ciliophora,Armophorea,Armophorida,Metopidae,Metopidae_unclassified,Metopidae_unclassified
asv0163,Eukaryota,Archaeplastida,Chlorophyta,Trebouxiophyceae,Chlorellales,Chlorellales,Micractinium,Micractinium_pusillum
asv0033,Eukaryota,Apusozoa,Hilomonadea,Planomonadida,Planomonadidae,Planomonadidae,Micronuclearia,Micronuclearia_podoventralis
asv0050,Eukaryota,Apusozoa,Hilomonadea,Planomonadida,Planomonadidae,Planomonadidae,Micronuclearia,Micronuclearia_podoventralis
asv0112,Eukaryota,Apusozoa,Hilomonadea,Planomonadida,Planomonadidae,Planomonadidae,Micronuclearia,Micronuclearia_podoventralis
asv0216,Eukaryota,Apusozoa,Hilomonadea,Planomonadida,Planomonadidae,Planomonadidae,Micronuclearia,Micronuclearia_podoventralis
asv0822,Eukaryota,Apusozoa,Hilomonadea,Planomonadida,Planomonadidae,Planomonadidae,Micronuclearia,Micronuclearia_podoventralis
asv1709,Eukaryota,Apusozoa,Hilomonadea,Planomonadida,Planomonadidae,Planomonadidae,Micronuclearia,Micronuclearia_podoventralis
asv5462,Eukaryota,Apusozoa,Hilomonadea,Planomonadida,Planomonadidae,Planomonadidae,Micronuclearia,Micronuclearia_podoventralis
asv6555,Eukaryota,Apusozoa,Hilomonadea,Planomonadida,Planomonadidae,Planomonadidae,Micronuclearia,Micronuclearia_podoventralis
asv0904,Eukaryota,Opisthokonta,Fungi,Microsporidiomycota,Microsporidiomycotina,Microsporidiomycotina,Microsporidiomycotina_unclassified,Microsporidiomycotina_unclassified
asv1084,Eukaryota,Opisthokonta,Fungi,Microsporidiomycota,Microsporidiomycotina,Microsporidiomycotina,Microsporidiomycotina_unclassified,Microsporidiomycotina_unclassified
asv1448,Eukaryota,Opisthokonta,Fungi,Microsporidiomycota,Microsporidiomycotina,Microsporidiomycotina,Microsporidiomycotina_unclassified,Microsporidiomycotina_unclassified
asv2269,Eukaryota,Opisthokonta,Fungi,Microsporidiomycota,Microsporidiomycotina,Microsporidiomycotina,Microsporidiomycotina_unclassified,Microsporidiomycotina_unclassified
asv2479,Eukaryota,Opisthokonta,Fungi,Microsporidiomycota,Microsporidiomycotina,Microsporidiomycotina,Microsporidiomycotina_unclassified,Microsporidiomycotina_unclassified
asv2554,Eukaryota,Opisthokonta,Fungi,Microsporidiomycota,Microsporidiomycotina,Microsporidiomycotina,Microsporidiomycotina_unclassified,Microsporidiomycotina_unclassified
asv2623,Eukaryota,Opisthokonta,Fungi,Microsporidiomycota,Microsporidiomycotina,Microsporidiomycotina,Microsporidiomycotina_unclassified,Microsporidiomycotina_unclassified
asv2699,Eukaryota,Opisthokonta,Fungi,Microsporidiomycota,Microsporidiomycotina,Microsporidiomycotina,Microsporidiomycotina_unclassified,Microsporidiomycotina_unclassified
asv3041,Eukaryota,Opisthokonta,Fungi,Microsporidiomycota,Microsporidiomycotina,Microsporidiomycotina,Microsporidiomycotina_unclassified,Microsporidiomycotina_unclassified
asv3297,Eukaryota,Opisthokonta,Fungi,Microsporidiomycota,Microsporidiomycotina,Microsporidiomycotina,Microsporidiomycotina_unclassified,Microsporidiomycotina_unclassified
asv3359,Eukaryota,Opisthokonta,Fungi,Microsporidiomycota,Microsporidiomycotina,Microsporidiomycotina,Microsporidiomycotina_unclassified,Microsporidiomycotina_unclassified
asv3646,Eukaryota,Opisthokonta,Fungi,Microsporidiomycota,Microsporidiomycotina,Microsporidiomycotina,Microsporidiomycotina_unclassified,Microsporidiomycotina_unclassified
asv3650,Eukaryota,Opisthokonta,Fungi,Microsporidiomycota,Microsporidiomycotina,Microsporidiomycotina,Microsporidiomycotina_unclassified,Microsporidiomycotina_unclassified
asv4105,Eukaryota,Opisthokonta,Fungi,Microsporidiomycota,Microsporidiomycotina,Microsporidiomycotina,Microsporidiomycotina_unclassified,Microsporidiomycotina_unclassified
asv4322,Eukaryota,Opisthokonta,Fungi,Microsporidiomycota,Microsporidiomycotina,Microsporidiomycotina,Microsporidiomycotina_unclassified,Microsporidiomycotina_unclassified
asv4402,Eukaryota,Opisthokonta,Fungi,Microsporidiomycota,Microsporidiomycotina,Microsporidiomycotina,Microsporidiomycotina_unclassified,Microsporidiomycotina_unclassified
asv4569,Eukaryota,Opisthokonta,Fungi,Microsporidiomycota,Microsporidiomycotina,Microsporidiomycotina,Microsporidiomycotina_unclassified,Microsporidiomycotina_unclassified
asv4679,Eukaryota,Opisthokonta,Fungi,Microsporidiomycota,Microsporidiomycotina,Microsporidiomycotina,Microsporidiomycotina_unclassified,Microsporidiomycotina_unclassified
asv5289,Eukaryota,Opisthokonta,Fungi,Microsporidiomycota,Microsporidiomycotina,Microsporidiomycotina,Microsporidiomycotina_unclassified,Microsporidiomycotina_unclassified
asv5918,Eukaryota,Opisthokonta,Fungi,Microsporidiomycota,Microsporidiomycotina,Microsporidiomycotina,Microsporidiomycotina_unclassified,Microsporidiomycotina_unclassified
asv6284,Eukaryota,Opisthokonta,Fungi,Microsporidiomycota,Microsporidiomycotina,Microsporidiomycotina,Microsporidiomycotina_unclassified,Microsporidiomycotina_unclassified
asv6556,Eukaryota,Opisthokonta,Fungi,Microsporidiomycota,Microsporidiomycotina,Microsporidiomycotina,Microsporidiomycotina_unclassified,Microsporidiomycotina_unclassified
asv7045,Eukaryota,Opisthokonta,Fungi,Microsporidiomycota,Microsporidiomycotina,Microsporidiomycotina,Microsporidiomycotina_unclassified,Microsporidiomycotina_unclassified
asv7264,Eukaryota,Opisthokonta,Fungi,Microsporidiomycota,Microsporidiomycotina,Microsporidiomycotina,Microsporidiomycotina_unclassified,Microsporidiomycotina_unclassified
asv7274,Eukaryota,Opisthokonta,Fungi,Microsporidiomycota,Microsporidiomycotina,Microsporidiomycotina,Microsporidiomycotina_unclassified,Microsporidiomycotina_unclassified
asv7935,Eukaryota,Opisthokonta,Fungi,Microsporidiomycota,Microsporidiomycotina,Microsporidiomycotina,Microsporidiomycotina_unclassified,Microsporidiomycotina_unclassified
asv8265,Eukaryota,Opisthokonta,Fungi,Microsporidiomycota,Microsporidiomycotina,Microsporidiomycotina,Microsporidiomycotina_unclassified,Microsporidiomycotina_unclassified
asv8573,Eukaryota,Opisthokonta,Fungi,Microsporidiomycota,Microsporidiomycotina,Microsporidiomycotina,Microsporidiomycotina_unclassified,Microsporidiomycotina_unclassified
asv0715,Eukaryota,Opisthokonta,Metazoa,Platyhelminthes,Turbellaria,Macrostomorpha,Microstomum,Microstomum_lineare
asv1623,Eukaryota,Opisthokonta,Fungi,Chytridiomycota,Chytridiomycotina,Monoblepharidomycetes,Monoblepharidales,Monoblepharidales_sp.
asv0248,Eukaryota,Alveolata,Apicomplexa,Apicomplexa,Gregarines,Gregarines,Monocystis,Monocystis_agilis
asv0365,Eukaryota,Alveolata,Apicomplexa,Apicomplexa,Gregarines,Gregarines,Monocystis,Monocystis_agilis
asv0411,Eukaryota,Alveolata,Apicomplexa,Apicomplexa,Gregarines,Gregarines,Monocystis,Monocystis_agilis
asv0650,Eukaryota,Alveolata,Apicomplexa,Apicomplexa,Gregarines,Gregarines,Monocystis,Monocystis_agilis
asv0803,Eukaryota,Alveolata,Apicomplexa,Apicomplexa,Gregarines,Gregarines,Monocystis,Monocystis_agilis
asv1094,Eukaryota,Alveolata,Apicomplexa,Apicomplexa,Gregarines,Gregarines,Monocystis,Monocystis_agilis
asv1801,Eukaryota,Alveolata,Apicomplexa,Apicomplexa,Gregarines,Gregarines,Monocystis,Monocystis_agilis
asv1907,Eukaryota,Alveolata,Apicomplexa,Apicomplexa,Gregarines,Gregarines,Monocystis,Monocystis_agilis
asv1910,Eukaryota,Alveolata,Apicomplexa,Apicomplexa,Gregarines,Gregarines,Monocystis,Monocystis_agilis
asv2098,Eukaryota,Alveolata,Apicomplexa,Apicomplexa,Gregarines,Gregarines,Monocystis,Monocystis_agilis
asv2652,Eukaryota,Alveolata,Apicomplexa,Apicomplexa,Gregarines,Gregarines,Monocystis,Monocystis_agilis
asv2766,Eukaryota,Alveolata,Apicomplexa,Apicomplexa,Gregarines,Gregarines,Monocystis,Monocystis_agilis
asv3058,Eukaryota,Alveolata,Apicomplexa,Apicomplexa,Gregarines,Gregarines,Monocystis,Monocystis_agilis
asv3758,Eukaryota,Alveolata,Apicomplexa,Apicomplexa,Gregarines,Gregarines,Monocystis,Monocystis_agilis
asv3784,Eukaryota,Alveolata,Apicomplexa,Apicomplexa,Gregarines,Gregarines,Monocystis,Monocystis_agilis
asv3932,Eukaryota,Alveolata,Apicomplexa,Apicomplexa,Gregarines,Gregarines,Monocystis,Monocystis_agilis
asv4517,Eukaryota,Alveolata,Apicomplexa,Apicomplexa,Gregarines,Gregarines,Monocystis,Monocystis_agilis
asv4523,Eukaryota,Alveolata,Apicomplexa,Apicomplexa,Gregarines,Gregarines,Monocystis,Monocystis_agilis
asv5474,Eukaryota,Alveolata,Apicomplexa,Apicomplexa,Gregarines,Gregarines,Monocystis,Monocystis_agilis
asv7963,Eukaryota,Alveolata,Apicomplexa,Apicomplexa,Gregarines,Gregarines,Monocystis,Monocystis_agilis
asv1378,Eukaryota,Stramenopiles,Ochrophyta,Eustigmatophyceae,Eustigmatophyceae,Eustigmatophyceae,Monodus,Monodus_sp.
asv0386,Eukaryota,Archaeplastida,Chlorophyta,Mamiellophyceae,Monomastigales,Monomastigaceae,Monomastigaceae_unclassified,Monomastigaceae_unclassified
asv0271,Eukaryota,Opisthokonta,Fungi,Mucoromycota,Mucoromycotina,Mucoromycotina,Mucoromycotina_unclassified,Mucoromycotina_unclassified
asv2154,Eukaryota,Opisthokonta,Fungi,Mucoromycota,Mucoromycotina,Mucoromycotina,Mucoromycotina_unclassified,Mucoromycotina_unclassified
asv2746,Eukaryota,Opisthokonta,Fungi,Mucoromycota,Mucoromycotina,Mucoromycotina,Mucoromycotina_unclassified,Mucoromycotina_unclassified
asv3379,Eukaryota,Opisthokonta,Fungi,Mucoromycota,Mucoromycotina,Mucoromycotina,Mucoromycotina_unclassified,Mucoromycotina_unclassified
asv4020,Eukaryota,Excavata,Discoba,Heterolobosea,Heterolobosea,Vahlkampfiidae,Naegleria,Naegleria_sp.
asv1096,Eukaryota,Stramenopiles,Ochrophyta,Eustigmatophyceae,Eustigmatophyceae,Eustigmatophyceae,Nannochloropsis,Nannochloropsis_unclassified
asv0364,Eukaryota,Stramenopiles,Ochrophyta,Bacillariophyta,Bacillariophyta,Araphid-pennate,Nanofrustulum,Nanofrustulum_shiloi
asv1518,Eukaryota,Stramenopiles,Ochrophyta,Bacillariophyta,Bacillariophyta,Araphid-pennate,Nanofrustulum,Nanofrustulum_shiloi
asv0589,Eukaryota,Stramenopiles,Ochrophyta,Bacillariophyta,Bacillariophyta,Raphid-pennate,Navicula,Navicula_phyllepta
asv0565,Eukaryota,Stramenopiles,Ochrophyta,Bacillariophyta,Bacillariophyta,Raphid-pennate,Navicula,Navicula_unclassified
asv1664,Eukaryota,Stramenopiles,Ochrophyta,Bacillariophyta,Bacillariophyta,Raphid-pennate,Navicula,Navicula_unclassified
asv1866,Eukaryota,Stramenopiles,Ochrophyta,Bacillariophyta,Bacillariophyta,Raphid-pennate,Navicula,Navicula_unclassified
asv0305,Eukaryota,Rhizaria,Cercozoa,Novel-clade--,Novel-clade-,NCA-lineage,NCA-lineage,NCA-lineage_sp.
asv2910,Eukaryota,Rhizaria,Cercozoa,Novel-clade--,Novel-clade-,NCA-lineage,NCA-lineage,NCA-lineage_sp.
asv5296,Eukaryota,Opisthokonta,Metazoa,Nematoda,Nematoda_unclassified,Nematoda_unclassified,Nematoda_unclassified,Nematoda_unclassified
asv1954,Eukaryota,Excavata,Discoba,Euglenozoa,Kinetoplastida,Neobodonid,Neobodo,Neobodo_designis
asv7486,Eukaryota,Excavata,Discoba,Euglenozoa,Kinetoplastida,Neobodonid,Neobodo,Neobodo_designis
asv7483,Eukaryota,Excavata,Discoba,Euglenozoa,Kinetoplastida,Neobodonid,Neobodo,Neobodo_saliens
asv1282,Eukaryota,Excavata,Discoba,Euglenozoa,Kinetoplastida,Neobodonid,Neobodonid_unclassified,Neobodonid_unclassified
asv2614,Eukaryota,Excavata,Discoba,Euglenozoa,Kinetoplastida,Neobodonid,Neobodonid_unclassified,Neobodonid_unclassified
asv2831,Eukaryota,Excavata,Discoba,Euglenozoa,Kinetoplastida,Neobodonid,Neobodonid_unclassified,Neobodonid_unclassified
asv4024,Eukaryota,Excavata,Discoba,Euglenozoa,Kinetoplastida,Neobodonid,Neobodonid_unclassified,Neobodonid_unclassified
asv4163,Eukaryota,Excavata,Discoba,Euglenozoa,Kinetoplastida,Neobodonid,Neobodonid_unclassified,Neobodonid_unclassified
asv4361,Eukaryota,Excavata,Discoba,Euglenozoa,Kinetoplastida,Neobodonid,Neobodonid_unclassified,Neobodonid_unclassified
asv4944,Eukaryota,Excavata,Discoba,Euglenozoa,Kinetoplastida,Neobodonid,Neobodonid_unclassified,Neobodonid_unclassified
asv5145,Eukaryota,Excavata,Discoba,Euglenozoa,Kinetoplastida,Neobodonid,Neobodonid_unclassified,Neobodonid_unclassified
asv5209,Eukaryota,Excavata,Discoba,Euglenozoa,Kinetoplastida,Neobodonid,Neobodonid_unclassified,Neobodonid_unclassified
asv5678,Eukaryota,Excavata,Discoba,Euglenozoa,Kinetoplastida,Neobodonid,Neobodonid_unclassified,Neobodonid_unclassified
asv5988,Eukaryota,Excavata,Discoba,Euglenozoa,Kinetoplastida,Neobodonid,Neobodonid_unclassified,Neobodonid_unclassified
asv6546,Eukaryota,Excavata,Discoba,Euglenozoa,Kinetoplastida,Neobodonid,Neobodonid_unclassified,Neobodonid_unclassified
asv7247,Eukaryota,Excavata,Discoba,Euglenozoa,Kinetoplastida,Neobodonid,Neobodonid_unclassified,Neobodonid_unclassified
asv7688,Eukaryota,Excavata,Discoba,Euglenozoa,Kinetoplastida,Neobodonid,Neobodonid_unclassified,Neobodonid_unclassified
asv4513,Eukaryota,Stramenopiles,Ochrophyta,Bacillariophyta,Bacillariophyta,Raphid-pennate,Nitzschia,Nitzschia_inconspicua
asv7474,Eukaryota,Stramenopiles,Ochrophyta,Bacillariophyta,Bacillariophyta,Raphid-pennate,Nitzschia,Nitzschia_inconspicua
asv1721,Eukaryota,Stramenopiles,Ochrophyta,Bacillariophyta,Bacillariophyta,Raphid-pennate,Nitzschia,Nitzschia_palea
asv1543,Eukaryota,Stramenopiles,Ochrophyta,Bacillariophyta,Bacillariophyta,Raphid-pennate,Nitzschia,Nitzschia_unclassified
asv3237,Eukaryota,Stramenopiles,Ochrophyta,Bacillariophyta,Bacillariophyta,Raphid-pennate,Nitzschia,Nitzschia_unclassified
asv4448,Eukaryota,Stramenopiles,Ochrophyta,Bacillariophyta,Bacillariophyta,Raphid-pennate,Nitzschia,Nitzschia_unclassified
asv0570,Eukaryota,Amoebozoa,Lobosa,Tubulinea,Nolandida,Nolandellidae,Nolandellidae,Nolandellidae_sp.
asv0608,Eukaryota,Amoebozoa,Lobosa,Tubulinea,Nolandida,Nolandellidae,Nolandellidae,Nolandellidae_sp.
asv0720,Eukaryota,Amoebozoa,Lobosa,Tubulinea,Nolandida,Nolandellidae,Nolandellidae,Nolandellidae_sp.
asv1757,Eukaryota,Amoebozoa,Lobosa,Tubulinea,Nolandida,Nolandellidae,Nolandellidae,Nolandellidae_sp.
asv1950,Eukaryota,Amoebozoa,Lobosa,Tubulinea,Nolandida,Nolandellidae,Nolandellidae,Nolandellidae_sp.
asv2435,Eukaryota,Amoebozoa,Lobosa,Tubulinea,Nolandida,Nolandellidae,Nolandellidae,Nolandellidae_sp.
asv2505,Eukaryota,Amoebozoa,Lobosa,Tubulinea,Nolandida,Nolandellidae,Nolandellidae,Nolandellidae_sp.
asv3806,Eukaryota,Amoebozoa,Lobosa,Tubulinea,Nolandida,Nolandellidae,Nolandellidae,Nolandellidae_sp.
asv1990,Eukaryota,Opisthokonta,Metazoa,Rotifera,Rotifera,Rotifera,Notholca,Notholca_acuminata
asv0136,Eukaryota,Rhizaria,Cercozoa,Cercozoa,Cercozoa,Cercozoa,Cercozoa,Cercozoa
asv0229,Eukaryota,Rhizaria,Cercozoa,Cercozoa,Cercozoa,Cercozoa,Cercozoa,Cercozoa
asv0302,Eukaryota,Rhizaria,Cercozoa,Cercozoa,Cercozoa,Cercozoa,Cercozoa,Cercozoa
asv0306,Eukaryota,Rhizaria,Cercozoa,Filosa-Imbricatea,Filosa-Imbricatea,Filosa-Imbricatea,Filosa-Imbricatea,Filosa-Imbricatea
asv0371,Eukaryota,Rhizaria,Cercozoa,Cercozoa,Cercozoa,Cercozoa,Cercozoa,Cercozoa
asv0935,Eukaryota,Rhizaria,Cercozoa,Filosa-Imbricatea,Filosa-Imbricatea,Filosa-Imbricatea,Filosa-Imbricatea,Filosa-Imbricatea
asv1376,Eukaryota,Rhizaria,Cercozoa,Cercozoa,Cercozoa,Cercozoa,Cercozoa,Cercozoa
asv1526,Eukaryota,Rhizaria,Cercozoa,Cercozoa,Cercozoa,Cercozoa,Cercozoa,Cercozoa
asv1825,Eukaryota,Rhizaria,Cercozoa,Cercozoa,Cercozoa,Cercozoa,Cercozoa,Cercozoa
asv0107,Eukaryota,Stramenopiles,Ochrophyta,Chrysophyceae,Chrysophyceae,Chrysophyceae_Clade_C,Ochromonas,Ochromonas_sphaerocystis
asv1179,Eukaryota,Stramenopiles,Ochrophyta,Chrysophyceae,Chrysophyceae,Chrysophyceae_Clade_C,Ochromonas,Ochromonas_sphaerocystis
asv0041,Eukaryota,Stramenopiles,Ochrophyta,Ochrophyta_unclassified,Ochrophyta_unclassified,Ochrophyta_unclassified,Ochrophyta_unclassified,Ochrophyta_unclassified
asv0191,Eukaryota,Stramenopiles,Ochrophyta,Ochrophyta_unclassified,Ochrophyta_unclassified,Ochrophyta_unclassified,Ochrophyta_unclassified,Ochrophyta_unclassified
asv0318,Eukaryota,Stramenopiles,Ochrophyta,Ochrophyta_unclassified,Ochrophyta_unclassified,Ochrophyta_unclassified,Ochrophyta_unclassified,Ochrophyta_unclassified
asv0359,Eukaryota,Stramenopiles,Ochrophyta,Ochrophyta_unclassified,Ochrophyta_unclassified,Ochrophyta_unclassified,Ochrophyta_unclassified,Ochrophyta_unclassified
asv0536,Eukaryota,Stramenopiles,Ochrophyta,Ochrophyta_unclassified,Ochrophyta_unclassified,Ochrophyta_unclassified,Ochrophyta_unclassified,Ochrophyta_unclassified
asv0568,Eukaryota,Stramenopiles,Ochrophyta,Ochrophyta_unclassified,Ochrophyta_unclassified,Ochrophyta_unclassified,Ochrophyta_unclassified,Ochrophyta_unclassified
asv0726,Eukaryota,Stramenopiles,Ochrophyta,Ochrophyta_unclassified,Ochrophyta_unclassified,Ochrophyta_unclassified,Ochrophyta_unclassified,Ochrophyta_unclassified
asv0752,Eukaryota,Stramenopiles,Ochrophyta,Ochrophyta_unclassified,Ochrophyta_unclassified,Ochrophyta_unclassified,Ochrophyta_unclassified,Ochrophyta_unclassified
asv0773,Eukaryota,Stramenopiles,Ochrophyta,Ochrophyta_unclassified,Ochrophyta_unclassified,Ochrophyta_unclassified,Ochrophyta_unclassified,Ochrophyta_unclassified
asv0815,Eukaryota,Stramenopiles,Ochrophyta,Ochrophyta_unclassified,Ochrophyta_unclassified,Ochrophyta_unclassified,Ochrophyta_unclassified,Ochrophyta_unclassified
asv0871,Eukaryota,Stramenopiles,Ochrophyta,Ochrophyta_unclassified,Ochrophyta_unclassified,Ochrophyta_unclassified,Ochrophyta_unclassified,Ochrophyta_unclassified
asv0887,Eukaryota,Stramenopiles,Ochrophyta,Ochrophyta_unclassified,Ochrophyta_unclassified,Ochrophyta_unclassified,Ochrophyta_unclassified,Ochrophyta_unclassified
asv0905,Eukaryota,Stramenopiles,Ochrophyta,Ochrophyta_unclassified,Ochrophyta_unclassified,Ochrophyta_unclassified,Ochrophyta_unclassified,Ochrophyta_unclassified
asv1232,Eukaryota,Stramenopiles,Ochrophyta,Ochrophyta_unclassified,Ochrophyta_unclassified,Ochrophyta_unclassified,Ochrophyta_unclassified,Ochrophyta_unclassified
asv1275,Eukaryota,Stramenopiles,Ochrophyta,Ochrophyta_unclassified,Ochrophyta_unclassified,Ochrophyta_unclassified,Ochrophyta_unclassified,Ochrophyta_unclassified
asv1372,Eukaryota,Stramenopiles,Ochrophyta,Ochrophyta_unclassified,Ochrophyta_unclassified,Ochrophyta_unclassified,Ochrophyta_unclassified,Ochrophyta_unclassified
asv1419,Eukaryota,Stramenopiles,Ochrophyta,Ochrophyta_unclassified,Ochrophyta_unclassified,Ochrophyta_unclassified,Ochrophyta_unclassified,Ochrophyta_unclassified
asv1740,Eukaryota,Stramenopiles,Ochrophyta,Ochrophyta_unclassified,Ochrophyta_unclassified,Ochrophyta_unclassified,Ochrophyta_unclassified,Ochrophyta_unclassified
asv2032,Eukaryota,Stramenopiles,Ochrophyta,Ochrophyta_unclassified,Ochrophyta_unclassified,Ochrophyta_unclassified,Ochrophyta_unclassified,Ochrophyta_unclassified
asv2581,Eukaryota,Stramenopiles,Ochrophyta,Ochrophyta_unclassified,Ochrophyta_unclassified,Ochrophyta_unclassified,Ochrophyta_unclassified,Ochrophyta_unclassified
asv2932,Eukaryota,Stramenopiles,Ochrophyta,Ochrophyta_unclassified,Ochrophyta_unclassified,Ochrophyta_unclassified,Ochrophyta_unclassified,Ochrophyta_unclassified
asv4364,Eukaryota,Stramenopiles,Ochrophyta,Ochrophyta_unclassified,Ochrophyta_unclassified,Ochrophyta_unclassified,Ochrophyta_unclassified,Ochrophyta_unclassified
asv4554,Eukaryota,Stramenopiles,Ochrophyta,Ochrophyta_unclassified,Ochrophyta_unclassified,Ochrophyta_unclassified,Ochrophyta_unclassified,Ochrophyta_unclassified
asv5147,Eukaryota,Stramenopiles,Ochrophyta,Ochrophyta_unclassified,Ochrophyta_unclassified,Ochrophyta_unclassified,Ochrophyta_unclassified,Ochrophyta_unclassified
asv6139,Eukaryota,Stramenopiles,Ochrophyta,Ochrophyta_unclassified,Ochrophyta_unclassified,Ochrophyta_unclassified,Ochrophyta_unclassified,Ochrophyta_unclassified
asv7248,Eukaryota,Stramenopiles,Ochrophyta,Ochrophyta_unclassified,Ochrophyta_unclassified,Ochrophyta_unclassified,Ochrophyta_unclassified,Ochrophyta_unclassified
asv0951,Eukaryota,Alveolata,Ciliophora,Oligohymenophorea,Oligohymenophorea_unclassified,Oligohymenophorea_unclassified,Oligohymenophorea_unclassified,Oligohymenophorea_unclassified
asv1265,Eukaryota,Alveolata,Ciliophora,Oligohymenophorea,Oligohymenophorea_unclassified,Oligohymenophorea_unclassified,Oligohymenophorea_unclassified,Oligohymenophorea_unclassified
asv1310,Eukaryota,Alveolata,Ciliophora,Oligohymenophorea,Oligohymenophorea_unclassified,Oligohymenophorea_unclassified,Oligohymenophorea_unclassified,Oligohymenophorea_unclassified
asv1714,Eukaryota,Alveolata,Ciliophora,Oligohymenophorea,Oligohymenophorea_unclassified,Oligohymenophorea_unclassified,Oligohymenophorea_unclassified,Oligohymenophorea_unclassified
asv1953,Eukaryota,Alveolata,Ciliophora,Oligohymenophorea,Oligohymenophorea_unclassified,Oligohymenophorea_unclassified,Oligohymenophorea_unclassified,Oligohymenophorea_unclassified
asv2358,Eukaryota,Alveolata,Ciliophora,Oligohymenophorea,Oligohymenophorea_unclassified,Oligohymenophorea_unclassified,Oligohymenophorea_unclassified,Oligohymenophorea_unclassified
asv3642,Eukaryota,Alveolata,Ciliophora,Oligohymenophorea,Oligohymenophorea_unclassified,Oligohymenophorea_unclassified,Oligohymenophorea_unclassified,Oligohymenophorea_unclassified
asv5777,Eukaryota,Alveolata,Ciliophora,Oligohymenophorea,Oligohymenophorea_unclassified,Oligohymenophorea_unclassified,Oligohymenophorea_unclassified,Oligohymenophorea_unclassified
asv6391,Eukaryota,Alveolata,Ciliophora,Oligohymenophorea,Oligohymenophorea_unclassified,Oligohymenophorea_unclassified,Oligohymenophorea_unclassified,Oligohymenophorea_unclassified
asv7267,Eukaryota,Alveolata,Ciliophora,Oligohymenophorea,Oligohymenophorea_unclassified,Oligohymenophorea_unclassified,Oligohymenophorea_unclassified,Oligohymenophorea_unclassified
asv0126,Eukaryota,Stramenopiles,Stramenopiles,Oomycota,Oomycota,Oomycota_unclassified,Oomycota_unclassified,Oomycota_unclassified
asv0854,Eukaryota,Stramenopiles,Stramenopiles,Oomycota,Oomycota,Oomycota_unclassified,Oomycota_unclassified,Oomycota_unclassified
asv0942,Eukaryota,Stramenopiles,Stramenopiles,Oomycota,Oomycota,Oomycota_unclassified,Oomycota_unclassified,Oomycota_unclassified
asv0947,Eukaryota,Stramenopiles,Stramenopiles,Oomycota,Oomycota,Oomycota_unclassified,Oomycota_unclassified,Oomycota_unclassified
asv1030,Eukaryota,Stramenopiles,Stramenopiles,Oomycota,Oomycota,Oomycota_unclassified,Oomycota_unclassified,Oomycota_unclassified
asv1238,Eukaryota,Stramenopiles,Stramenopiles,Oomycota,Oomycota,Oomycota_unclassified,Oomycota_unclassified,Oomycota_unclassified
asv1285,Eukaryota,Stramenopiles,Stramenopiles,Oomycota,Oomycota,Oomycota_unclassified,Oomycota_unclassified,Oomycota_unclassified
asv1456,Eukaryota,Stramenopiles,Stramenopiles,Oomycota,Oomycota,Oomycota_unclassified,Oomycota_unclassified,Oomycota_unclassified
asv2229,Eukaryota,Stramenopiles,Stramenopiles,Oomycota,Oomycota,Oomycota_unclassified,Oomycota_unclassified,Oomycota_unclassified
asv2331,Eukaryota,Stramenopiles,Stramenopiles,Oomycota,Oomycota,Oomycota_unclassified,Oomycota_unclassified,Oomycota_unclassified
asv2338,Eukaryota,Stramenopiles,Stramenopiles,Oomycota,Oomycota,Oomycota_unclassified,Oomycota_unclassified,Oomycota_unclassified
asv2937,Eukaryota,Stramenopiles,Stramenopiles,Oomycota,Oomycota,Oomycota_unclassified,Oomycota_unclassified,Oomycota_unclassified
asv3338,Eukaryota,Stramenopiles,Stramenopiles,Oomycota,Oomycota,Oomycota_unclassified,Oomycota_unclassified,Oomycota_unclassified
asv3380,Eukaryota,Stramenopiles,Stramenopiles,Oomycota,Oomycota,Oomycota_unclassified,Oomycota_unclassified,Oomycota_unclassified
asv3468,Eukaryota,Stramenopiles,Stramenopiles,Oomycota,Oomycota,Oomycota_unclassified,Oomycota_unclassified,Oomycota_unclassified
asv3931,Eukaryota,Stramenopiles,Stramenopiles,Oomycota,Oomycota,Oomycota_unclassified,Oomycota_unclassified,Oomycota_unclassified
asv5681,Eukaryota,Stramenopiles,Stramenopiles,Oomycota,Oomycota,Oomycota_unclassified,Oomycota_unclassified,Oomycota_unclassified
asv0943,Eukaryota,Archaeplastida,Chlorophyta,Chlorophyceae,Chlamydomonadales,Chlamydomonadales,Oophila,Oophila_sp.
asv2549,Eukaryota,Archaeplastida,Chlorophyta,Chlorophyceae,Chlamydomonadales,Chlamydomonadales,Oophila,Oophila_sp.
asv0096,Eukaryota,Opisthokonta,Opisthokonta_unclassified,Opisthokonta_unclassified,Opisthokonta_unclassified,Opisthokonta_unclassified,Opisthokonta_unclassified,Opisthokonta_unclassified
asv0247,Eukaryota,Opisthokonta,Opisthokonta_unclassified,Opisthokonta_unclassified,Opisthokonta_unclassified,Opisthokonta_unclassified,Opisthokonta_unclassified,Opisthokonta_unclassified
asv0285,Eukaryota,Opisthokonta,Opisthokonta_unclassified,Opisthokonta_unclassified,Opisthokonta_unclassified,Opisthokonta_unclassified,Opisthokonta_unclassified,Opisthokonta_unclassified
asv0363,Eukaryota,Opisthokonta,Opisthokonta_unclassified,Opisthokonta_unclassified,Opisthokonta_unclassified,Opisthokonta_unclassified,Opisthokonta_unclassified,Opisthokonta_unclassified
asv0394,Eukaryota,Opisthokonta,Opisthokonta_unclassified,Opisthokonta_unclassified,Opisthokonta_unclassified,Opisthokonta_unclassified,Opisthokonta_unclassified,Opisthokonta_unclassified
asv0448,Eukaryota,Opisthokonta,Opisthokonta_unclassified,Opisthokonta_unclassified,Opisthokonta_unclassified,Opisthokonta_unclassified,Opisthokonta_unclassified,Opisthokonta_unclassified
asv0487,Eukaryota,Opisthokonta,Opisthokonta_unclassified,Opisthokonta_unclassified,Opisthokonta_unclassified,Opisthokonta_unclassified,Opisthokonta_unclassified,Opisthokonta_unclassified
asv0563,Eukaryota,Opisthokonta,Opisthokonta_unclassified,Opisthokonta_unclassified,Opisthokonta_unclassified,Opisthokonta_unclassified,Opisthokonta_unclassified,Opisthokonta_unclassified
asv0573,Eukaryota,Opisthokonta,Opisthokonta_unclassified,Opisthokonta_unclassified,Opisthokonta_unclassified,Opisthokonta_unclassified,Opisthokonta_unclassified,Opisthokonta_unclassified
asv0596,Eukaryota,Opisthokonta,Opisthokonta_unclassified,Opisthokonta_unclassified,Opisthokonta_unclassified,Opisthokonta_unclassified,Opisthokonta_unclassified,Opisthokonta_unclassified
asv0614,Eukaryota,Opisthokonta,Opisthokonta_unclassified,Opisthokonta_unclassified,Opisthokonta_unclassified,Opisthokonta_unclassified,Opisthokonta_unclassified,Opisthokonta_unclassified
asv0661,Eukaryota,Opisthokonta,Opisthokonta_unclassified,Opisthokonta_unclassified,Opisthokonta_unclassified,Opisthokonta_unclassified,Opisthokonta_unclassified,Opisthokonta_unclassified
asv0680,Eukaryota,Opisthokonta,Opisthokonta_unclassified,Opisthokonta_unclassified,Opisthokonta_unclassified,Opisthokonta_unclassified,Opisthokonta_unclassified,Opisthokonta_unclassified
asv0683,Eukaryota,Opisthokonta,Opisthokonta_unclassified,Opisthokonta_unclassified,Opisthokonta_unclassified,Opisthokonta_unclassified,Opisthokonta_unclassified,Opisthokonta_unclassified
asv0741,Eukaryota,Opisthokonta,Opisthokonta_unclassified,Opisthokonta_unclassified,Opisthokonta_unclassified,Opisthokonta_unclassified,Opisthokonta_unclassified,Opisthokonta_unclassified
asv0781,Eukaryota,Opisthokonta,Opisthokonta_unclassified,Opisthokonta_unclassified,Opisthokonta_unclassified,Opisthokonta_unclassified,Opisthokonta_unclassified,Opisthokonta_unclassified
asv0789,Eukaryota,Opisthokonta,Opisthokonta_unclassified,Opisthokonta_unclassified,Opisthokonta_unclassified,Opisthokonta_unclassified,Opisthokonta_unclassified,Opisthokonta_unclassified
asv0810,Eukaryota,Opisthokonta,Opisthokonta_unclassified,Opisthokonta_unclassified,Opisthokonta_unclassified,Opisthokonta_unclassified,Opisthokonta_unclassified,Opisthokonta_unclassified
asv0869,Eukaryota,Opisthokonta,Opisthokonta_unclassified,Opisthokonta_unclassified,Opisthokonta_unclassified,Opisthokonta_unclassified,Opisthokonta_unclassified,Opisthokonta_unclassified
asv0897,Eukaryota,Opisthokonta,Opisthokonta_unclassified,Opisthokonta_unclassified,Opisthokonta_unclassified,Opisthokonta_unclassified,Opisthokonta_unclassified,Opisthokonta_unclassified
asv1160,Eukaryota,Opisthokonta,Opisthokonta_unclassified,Opisthokonta_unclassified,Opisthokonta_unclassified,Opisthokonta_unclassified,Opisthokonta_unclassified,Opisthokonta_unclassified
asv1182,Eukaryota,Opisthokonta,Opisthokonta_unclassified,Opisthokonta_unclassified,Opisthokonta_unclassified,Opisthokonta_unclassified,Opisthokonta_unclassified,Opisthokonta_unclassified
asv1205,Eukaryota,Opisthokonta,Opisthokonta_unclassified,Opisthokonta_unclassified,Opisthokonta_unclassified,Opisthokonta_unclassified,Opisthokonta_unclassified,Opisthokonta_unclassified
asv1263,Eukaryota,Opisthokonta,Opisthokonta_unclassified,Opisthokonta_unclassified,Opisthokonta_unclassified,Opisthokonta_unclassified,Opisthokonta_unclassified,Opisthokonta_unclassified
asv1329,Eukaryota,Opisthokonta,Opisthokonta_unclassified,Opisthokonta_unclassified,Opisthokonta_unclassified,Opisthokonta_unclassified,Opisthokonta_unclassified,Opisthokonta_unclassified
asv1362,Eukaryota,Opisthokonta,Opisthokonta_unclassified,Opisthokonta_unclassified,Opisthokonta_unclassified,Opisthokonta_unclassified,Opisthokonta_unclassified,Opisthokonta_unclassified
asv1375,Eukaryota,Opisthokonta,Opisthokonta_unclassified,Opisthokonta_unclassified,Opisthokonta_unclassified,Opisthokonta_unclassified,Opisthokonta_unclassified,Opisthokonta_unclassified
asv1471,Eukaryota,Opisthokonta,Opisthokonta_unclassified,Opisthokonta_unclassified,Opisthokonta_unclassified,Opisthokonta_unclassified,Opisthokonta_unclassified,Opisthokonta_unclassified
asv1495,Eukaryota,Opisthokonta,Opisthokonta_unclassified,Opisthokonta_unclassified,Opisthokonta_unclassified,Opisthokonta_unclassified,Opisthokonta_unclassified,Opisthokonta_unclassified
asv1531,Eukaryota,Opisthokonta,Opisthokonta_unclassified,Opisthokonta_unclassified,Opisthokonta_unclassified,Opisthokonta_unclassified,Opisthokonta_unclassified,Opisthokonta_unclassified
asv1577,Eukaryota,Opisthokonta,Opisthokonta_unclassified,Opisthokonta_unclassified,Opisthokonta_unclassified,Opisthokonta_unclassified,Opisthokonta_unclassified,Opisthokonta_unclassified
asv1588,Eukaryota,Opisthokonta,Opisthokonta_unclassified,Opisthokonta_unclassified,Opisthokonta_unclassified,Opisthokonta_unclassified,Opisthokonta_unclassified,Opisthokonta_unclassified
asv1678,Eukaryota,Opisthokonta,Opisthokonta_unclassified,Opisthokonta_unclassified,Opisthokonta_unclassified,Opisthokonta_unclassified,Opisthokonta_unclassified,Opisthokonta_unclassified
asv1807,Eukaryota,Opisthokonta,Opisthokonta_unclassified,Opisthokonta_unclassified,Opisthokonta_unclassified,Opisthokonta_unclassified,Opisthokonta_unclassified,Opisthokonta_unclassified
asv1841,Eukaryota,Opisthokonta,Opisthokonta_unclassified,Opisthokonta_unclassified,Opisthokonta_unclassified,Opisthokonta_unclassified,Opisthokonta_unclassified,Opisthokonta_unclassified
asv1864,Eukaryota,Opisthokonta,Opisthokonta_unclassified,Opisthokonta_unclassified,Opisthokonta_unclassified,Opisthokonta_unclassified,Opisthokonta_unclassified,Opisthokonta_unclassified
asv1878,Eukaryota,Opisthokonta,Opisthokonta_unclassified,Opisthokonta_unclassified,Opisthokonta_unclassified,Opisthokonta_unclassified,Opisthokonta_unclassified,Opisthokonta_unclassified
asv1982,Eukaryota,Opisthokonta,Opisthokonta_unclassified,Opisthokonta_unclassified,Opisthokonta_unclassified,Opisthokonta_unclassified,Opisthokonta_unclassified,Opisthokonta_unclassified
asv1989,Eukaryota,Opisthokonta,Opisthokonta_unclassified,Opisthokonta_unclassified,Opisthokonta_unclassified,Opisthokonta_unclassified,Opisthokonta_unclassified,Opisthokonta_unclassified
asv2080,Eukaryota,Opisthokonta,Opisthokonta_unclassified,Opisthokonta_unclassified,Opisthokonta_unclassified,Opisthokonta_unclassified,Opisthokonta_unclassified,Opisthokonta_unclassified
asv2207,Eukaryota,Opisthokonta,Opisthokonta_unclassified,Opisthokonta_unclassified,Opisthokonta_unclassified,Opisthokonta_unclassified,Opisthokonta_unclassified,Opisthokonta_unclassified
asv2438,Eukaryota,Opisthokonta,Opisthokonta_unclassified,Opisthokonta_unclassified,Opisthokonta_unclassified,Opisthokonta_unclassified,Opisthokonta_unclassified,Opisthokonta_unclassified
asv2448,Eukaryota,Opisthokonta,Opisthokonta_unclassified,Opisthokonta_unclassified,Opisthokonta_unclassified,Opisthokonta_unclassified,Opisthokonta_unclassified,Opisthokonta_unclassified
asv2526,Eukaryota,Opisthokonta,Opisthokonta_unclassified,Opisthokonta_unclassified,Opisthokonta_unclassified,Opisthokonta_unclassified,Opisthokonta_unclassified,Opisthokonta_unclassified
asv2573,Eukaryota,Opisthokonta,Opisthokonta_unclassified,Opisthokonta_unclassified,Opisthokonta_unclassified,Opisthokonta_unclassified,Opisthokonta_unclassified,Opisthokonta_unclassified
asv2613,Eukaryota,Opisthokonta,Opisthokonta_unclassified,Opisthokonta_unclassified,Opisthokonta_unclassified,Opisthokonta_unclassified,Opisthokonta_unclassified,Opisthokonta_unclassified
asv2644,Eukaryota,Opisthokonta,Opisthokonta_unclassified,Opisthokonta_unclassified,Opisthokonta_unclassified,Opisthokonta_unclassified,Opisthokonta_unclassified,Opisthokonta_unclassified
asv2665,Eukaryota,Opisthokonta,Opisthokonta_unclassified,Opisthokonta_unclassified,Opisthokonta_unclassified,Opisthokonta_unclassified,Opisthokonta_unclassified,Opisthokonta_unclassified
asv2673,Eukaryota,Opisthokonta,Opisthokonta_unclassified,Opisthokonta_unclassified,Opisthokonta_unclassified,Opisthokonta_unclassified,Opisthokonta_unclassified,Opisthokonta_unclassified
asv2756,Eukaryota,Opisthokonta,Opisthokonta_unclassified,Opisthokonta_unclassified,Opisthokonta_unclassified,Opisthokonta_unclassified,Opisthokonta_unclassified,Opisthokonta_unclassified
asv2759,Eukaryota,Opisthokonta,Opisthokonta_unclassified,Opisthokonta_unclassified,Opisthokonta_unclassified,Opisthokonta_unclassified,Opisthokonta_unclassified,Opisthokonta_unclassified
asv2765,Eukaryota,Opisthokonta,Opisthokonta_unclassified,Opisthokonta_unclassified,Opisthokonta_unclassified,Opisthokonta_unclassified,Opisthokonta_unclassified,Opisthokonta_unclassified
asv2775,Eukaryota,Opisthokonta,Opisthokonta_unclassified,Opisthokonta_unclassified,Opisthokonta_unclassified,Opisthokonta_unclassified,Opisthokonta_unclassified,Opisthokonta_unclassified
asv2800,Eukaryota,Opisthokonta,Opisthokonta_unclassified,Opisthokonta_unclassified,Opisthokonta_unclassified,Opisthokonta_unclassified,Opisthokonta_unclassified,Opisthokonta_unclassified
asv2811,Eukaryota,Opisthokonta,Opisthokonta_unclassified,Opisthokonta_unclassified,Opisthokonta_unclassified,Opisthokonta_unclassified,Opisthokonta_unclassified,Opisthokonta_unclassified
asv2819,Eukaryota,Opisthokonta,Opisthokonta_unclassified,Opisthokonta_unclassified,Opisthokonta_unclassified,Opisthokonta_unclassified,Opisthokonta_unclassified,Opisthokonta_unclassified
asv2822,Eukaryota,Opisthokonta,Opisthokonta_unclassified,Opisthokonta_unclassified,Opisthokonta_unclassified,Opisthokonta_unclassified,Opisthokonta_unclassified,Opisthokonta_unclassified
asv2867,Eukaryota,Opisthokonta,Opisthokonta_unclassified,Opisthokonta_unclassified,Opisthokonta_unclassified,Opisthokonta_unclassified,Opisthokonta_unclassified,Opisthokonta_unclassified
asv2882,Eukaryota,Opisthokonta,Opisthokonta_unclassified,Opisthokonta_unclassified,Opisthokonta_unclassified,Opisthokonta_unclassified,Opisthokonta_unclassified,Opisthokonta_unclassified
asv2992,Eukaryota,Opisthokonta,Opisthokonta_unclassified,Opisthokonta_unclassified,Opisthokonta_unclassified,Opisthokonta_unclassified,Opisthokonta_unclassified,Opisthokonta_unclassified
asv3006,Eukaryota,Opisthokonta,Opisthokonta_unclassified,Opisthokonta_unclassified,Opisthokonta_unclassified,Opisthokonta_unclassified,Opisthokonta_unclassified,Opisthokonta_unclassified
asv3075,Eukaryota,Opisthokonta,Opisthokonta_unclassified,Opisthokonta_unclassified,Opisthokonta_unclassified,Opisthokonta_unclassified,Opisthokonta_unclassified,Opisthokonta_unclassified
asv3080,Eukaryota,Opisthokonta,Opisthokonta_unclassified,Opisthokonta_unclassified,Opisthokonta_unclassified,Opisthokonta_unclassified,Opisthokonta_unclassified,Opisthokonta_unclassified
asv3183,Eukaryota,Opisthokonta,Opisthokonta_unclassified,Opisthokonta_unclassified,Opisthokonta_unclassified,Opisthokonta_unclassified,Opisthokonta_unclassified,Opisthokonta_unclassified
asv3223,Eukaryota,Opisthokonta,Opisthokonta_unclassified,Opisthokonta_unclassified,Opisthokonta_unclassified,Opisthokonta_unclassified,Opisthokonta_unclassified,Opisthokonta_unclassified
asv3262,Eukaryota,Opisthokonta,Opisthokonta_unclassified,Opisthokonta_unclassified,Opisthokonta_unclassified,Opisthokonta_unclassified,Opisthokonta_unclassified,Opisthokonta_unclassified
asv3339,Eukaryota,Opisthokonta,Opisthokonta_unclassified,Opisthokonta_unclassified,Opisthokonta_unclassified,Opisthokonta_unclassified,Opisthokonta_unclassified,Opisthokonta_unclassified
asv3446,Eukaryota,Opisthokonta,Opisthokonta_unclassified,Opisthokonta_unclassified,Opisthokonta_unclassified,Opisthokonta_unclassified,Opisthokonta_unclassified,Opisthokonta_unclassified
asv3519,Eukaryota,Opisthokonta,Opisthokonta_unclassified,Opisthokonta_unclassified,Opisthokonta_unclassified,Opisthokonta_unclassified,Opisthokonta_unclassified,Opisthokonta_unclassified
asv3550,Eukaryota,Opisthokonta,Opisthokonta_unclassified,Opisthokonta_unclassified,Opisthokonta_unclassified,Opisthokonta_unclassified,Opisthokonta_unclassified,Opisthokonta_unclassified
asv3567,Eukaryota,Opisthokonta,Opisthokonta_unclassified,Opisthokonta_unclassified,Opisthokonta_unclassified,Opisthokonta_unclassified,Opisthokonta_unclassified,Opisthokonta_unclassified
asv3580,Eukaryota,Opisthokonta,Opisthokonta_unclassified,Opisthokonta_unclassified,Opisthokonta_unclassified,Opisthokonta_unclassified,Opisthokonta_unclassified,Opisthokonta_unclassified
asv3596,Eukaryota,Opisthokonta,Opisthokonta_unclassified,Opisthokonta_unclassified,Opisthokonta_unclassified,Opisthokonta_unclassified,Opisthokonta_unclassified,Opisthokonta_unclassified
asv3632,Eukaryota,Opisthokonta,Opisthokonta_unclassified,Opisthokonta_unclassified,Opisthokonta_unclassified,Opisthokonta_unclassified,Opisthokonta_unclassified,Opisthokonta_unclassified
asv3777,Eukaryota,Opisthokonta,Opisthokonta_unclassified,Opisthokonta_unclassified,Opisthokonta_unclassified,Opisthokonta_unclassified,Opisthokonta_unclassified,Opisthokonta_unclassified
asv3952,Eukaryota,Opisthokonta,Opisthokonta_unclassified,Opisthokonta_unclassified,Opisthokonta_unclassified,Opisthokonta_unclassified,Opisthokonta_unclassified,Opisthokonta_unclassified
asv3954,Eukaryota,Opisthokonta,Opisthokonta_unclassified,Opisthokonta_unclassified,Opisthokonta_unclassified,Opisthokonta_unclassified,Opisthokonta_unclassified,Opisthokonta_unclassified
asv3960,Eukaryota,Opisthokonta,Opisthokonta_unclassified,Opisthokonta_unclassified,Opisthokonta_unclassified,Opisthokonta_unclassified,Opisthokonta_unclassified,Opisthokonta_unclassified
asv4154,Eukaryota,Opisthokonta,Opisthokonta_unclassified,Opisthokonta_unclassified,Opisthokonta_unclassified,Opisthokonta_unclassified,Opisthokonta_unclassified,Opisthokonta_unclassified
asv4205,Eukaryota,Opisthokonta,Opisthokonta_unclassified,Opisthokonta_unclassified,Opisthokonta_unclassified,Opisthokonta_unclassified,Opisthokonta_unclassified,Opisthokonta_unclassified
asv4211,Eukaryota,Opisthokonta,Opisthokonta_unclassified,Opisthokonta_unclassified,Opisthokonta_unclassified,Opisthokonta_unclassified,Opisthokonta_unclassified,Opisthokonta_unclassified
asv4276,Eukaryota,Opisthokonta,Opisthokonta_unclassified,Opisthokonta_unclassified,Opisthokonta_unclassified,Opisthokonta_unclassified,Opisthokonta_unclassified,Opisthokonta_unclassified
asv4318,Eukaryota,Opisthokonta,Opisthokonta_unclassified,Opisthokonta_unclassified,Opisthokonta_unclassified,Opisthokonta_unclassified,Opisthokonta_unclassified,Opisthokonta_unclassified
asv4488,Eukaryota,Opisthokonta,Opisthokonta_unclassified,Opisthokonta_unclassified,Opisthokonta_unclassified,Opisthokonta_unclassified,Opisthokonta_unclassified,Opisthokonta_unclassified
asv4714,Eukaryota,Opisthokonta,Opisthokonta_unclassified,Opisthokonta_unclassified,Opisthokonta_unclassified,Opisthokonta_unclassified,Opisthokonta_unclassified,Opisthokonta_unclassified
asv4749,Eukaryota,Opisthokonta,Opisthokonta_unclassified,Opisthokonta_unclassified,Opisthokonta_unclassified,Opisthokonta_unclassified,Opisthokonta_unclassified,Opisthokonta_unclassified
asv4762,Eukaryota,Opisthokonta,Opisthokonta_unclassified,Opisthokonta_unclassified,Opisthokonta_unclassified,Opisthokonta_unclassified,Opisthokonta_unclassified,Opisthokonta_unclassified
asv4823,Eukaryota,Opisthokonta,Opisthokonta_unclassified,Opisthokonta_unclassified,Opisthokonta_unclassified,Opisthokonta_unclassified,Opisthokonta_unclassified,Opisthokonta_unclassified
asv4826,Eukaryota,Opisthokonta,Opisthokonta_unclassified,Opisthokonta_unclassified,Opisthokonta_unclassified,Opisthokonta_unclassified,Opisthokonta_unclassified,Opisthokonta_unclassified
asv5156,Eukaryota,Opisthokonta,Opisthokonta_unclassified,Opisthokonta_unclassified,Opisthokonta_unclassified,Opisthokonta_unclassified,Opisthokonta_unclassified,Opisthokonta_unclassified
asv5290,Eukaryota,Opisthokonta,Opisthokonta_unclassified,Opisthokonta_unclassified,Opisthokonta_unclassified,Opisthokonta_unclassified,Opisthokonta_unclassified,Opisthokonta_unclassified
asv5300,Eukaryota,Opisthokonta,Opisthokonta_unclassified,Opisthokonta_unclassified,Opisthokonta_unclassified,Opisthokonta_unclassified,Opisthokonta_unclassified,Opisthokonta_unclassified
asv5373,Eukaryota,Opisthokonta,Opisthokonta_unclassified,Opisthokonta_unclassified,Opisthokonta_unclassified,Opisthokonta_unclassified,Opisthokonta_unclassified,Opisthokonta_unclassified
asv5375,Eukaryota,Opisthokonta,Opisthokonta_unclassified,Opisthokonta_unclassified,Opisthokonta_unclassified,Opisthokonta_unclassified,Opisthokonta_unclassified,Opisthokonta_unclassified
asv5571,Eukaryota,Opisthokonta,Opisthokonta_unclassified,Opisthokonta_unclassified,Opisthokonta_unclassified,Opisthokonta_unclassified,Opisthokonta_unclassified,Opisthokonta_unclassified
asv5700,Eukaryota,Opisthokonta,Opisthokonta_unclassified,Opisthokonta_unclassified,Opisthokonta_unclassified,Opisthokonta_unclassified,Opisthokonta_unclassified,Opisthokonta_unclassified
asv5788,Eukaryota,Opisthokonta,Opisthokonta_unclassified,Opisthokonta_unclassified,Opisthokonta_unclassified,Opisthokonta_unclassified,Opisthokonta_unclassified,Opisthokonta_unclassified
asv5895,Eukaryota,Opisthokonta,Opisthokonta_unclassified,Opisthokonta_unclassified,Opisthokonta_unclassified,Opisthokonta_unclassified,Opisthokonta_unclassified,Opisthokonta_unclassified
asv5901,Eukaryota,Opisthokonta,Opisthokonta_unclassified,Opisthokonta_unclassified,Opisthokonta_unclassified,Opisthokonta_unclassified,Opisthokonta_unclassified,Opisthokonta_unclassified
asv6008,Eukaryota,Opisthokonta,Opisthokonta_unclassified,Opisthokonta_unclassified,Opisthokonta_unclassified,Opisthokonta_unclassified,Opisthokonta_unclassified,Opisthokonta_unclassified
asv6012,Eukaryota,Opisthokonta,Opisthokonta_unclassified,Opisthokonta_unclassified,Opisthokonta_unclassified,Opisthokonta_unclassified,Opisthokonta_unclassified,Opisthokonta_unclassified
asv6120,Eukaryota,Opisthokonta,Opisthokonta_unclassified,Opisthokonta_unclassified,Opisthokonta_unclassified,Opisthokonta_unclassified,Opisthokonta_unclassified,Opisthokonta_unclassified
asv6127,Eukaryota,Opisthokonta,Opisthokonta_unclassified,Opisthokonta_unclassified,Opisthokonta_unclassified,Opisthokonta_unclassified,Opisthokonta_unclassified,Opisthokonta_unclassified
asv6272,Eukaryota,Opisthokonta,Opisthokonta_unclassified,Opisthokonta_unclassified,Opisthokonta_unclassified,Opisthokonta_unclassified,Opisthokonta_unclassified,Opisthokonta_unclassified
asv6274,Eukaryota,Opisthokonta,Opisthokonta_unclassified,Opisthokonta_unclassified,Opisthokonta_unclassified,Opisthokonta_unclassified,Opisthokonta_unclassified,Opisthokonta_unclassified
asv6395,Eukaryota,Opisthokonta,Opisthokonta_unclassified,Opisthokonta_unclassified,Opisthokonta_unclassified,Opisthokonta_unclassified,Opisthokonta_unclassified,Opisthokonta_unclassified
asv6400,Eukaryota,Opisthokonta,Opisthokonta_unclassified,Opisthokonta_unclassified,Opisthokonta_unclassified,Opisthokonta_unclassified,Opisthokonta_unclassified,Opisthokonta_unclassified
asv6710,Eukaryota,Opisthokonta,Opisthokonta_unclassified,Opisthokonta_unclassified,Opisthokonta_unclassified,Opisthokonta_unclassified,Opisthokonta_unclassified,Opisthokonta_unclassified
asv6894,Eukaryota,Opisthokonta,Opisthokonta_unclassified,Opisthokonta_unclassified,Opisthokonta_unclassified,Opisthokonta_unclassified,Opisthokonta_unclassified,Opisthokonta_unclassified
asv7076,Eukaryota,Opisthokonta,Opisthokonta_unclassified,Opisthokonta_unclassified,Opisthokonta_unclassified,Opisthokonta_unclassified,Opisthokonta_unclassified,Opisthokonta_unclassified
asv7082,Eukaryota,Opisthokonta,Opisthokonta_unclassified,Opisthokonta_unclassified,Opisthokonta_unclassified,Opisthokonta_unclassified,Opisthokonta_unclassified,Opisthokonta_unclassified
asv7266,Eukaryota,Opisthokonta,Opisthokonta_unclassified,Opisthokonta_unclassified,Opisthokonta_unclassified,Opisthokonta_unclassified,Opisthokonta_unclassified,Opisthokonta_unclassified
asv7493,Eukaryota,Opisthokonta,Opisthokonta_unclassified,Opisthokonta_unclassified,Opisthokonta_unclassified,Opisthokonta_unclassified,Opisthokonta_unclassified,Opisthokonta_unclassified
asv7719,Eukaryota,Opisthokonta,Opisthokonta_unclassified,Opisthokonta_unclassified,Opisthokonta_unclassified,Opisthokonta_unclassified,Opisthokonta_unclassified,Opisthokonta_unclassified
asv7721,Eukaryota,Opisthokonta,Opisthokonta_unclassified,Opisthokonta_unclassified,Opisthokonta_unclassified,Opisthokonta_unclassified,Opisthokonta_unclassified,Opisthokonta_unclassified
asv7743,Eukaryota,Opisthokonta,Opisthokonta_unclassified,Opisthokonta_unclassified,Opisthokonta_unclassified,Opisthokonta_unclassified,Opisthokonta_unclassified,Opisthokonta_unclassified
asv8830,Eukaryota,Opisthokonta,Opisthokonta_unclassified,Opisthokonta_unclassified,Opisthokonta_unclassified,Opisthokonta_unclassified,Opisthokonta_unclassified,Opisthokonta_unclassified
asv8833,Eukaryota,Opisthokonta,Opisthokonta_unclassified,Opisthokonta_unclassified,Opisthokonta_unclassified,Opisthokonta_unclassified,Opisthokonta_unclassified,Opisthokonta_unclassified
asv1183,Eukaryota,Rhizaria,Cercozoa,Filosa-Sarcomonadea,Glissomonadida,Allapsidae,Orciraptor,Orciraptor_agilis
asv0727,Eukaryota,Opisthokonta,Metazoa,Arthropoda,Crustacea,Ostracoda,Ostracoda_unclassified,Ostracoda_unclassified
asv2558,Eukaryota,Opisthokonta,Metazoa,Arthropoda,Crustacea,Ostracoda,Ostracoda_unclassified,Ostracoda_unclassified
asv0736,Eukaryota,Archaeplastida,Streptophyta,Embryophyceae,Embryophyceae,Embryophyceae,Ostryopsis,Ostryopsis_davidiana
asv1292,Eukaryota,Rhizaria,Cercozoa,Filosa-Sarcomonadea,Pansomonadida,Pansomonadida,Pansomonadida,Pansomonadida_sp.
asv3662,Eukaryota,Rhizaria,Cercozoa,Filosa-Sarcomonadea,Pansomonadida,Pansomonadida,Pansomonadida,Pansomonadida_sp.
asv5297,Eukaryota,Rhizaria,Cercozoa,Filosa-Sarcomonadea,Pansomonadida,Pansomonadida,Pansomonadida,Pansomonadida_sp.
asv2771,Eukaryota,Excavata,Metamonada,Parabasalia,Parabasalia_unclassified,Parabasalia_unclassified,Parabasalia_unclassified,Parabasalia_unclassified
asv2314,Eukaryota,Rhizaria,Cercozoa,Filosa-Sarcomonadea,Cercomonadida,Paracercomonadidae,Paracercomonadidae_unclassified,Paracercomonadidae_unclassified
asv2928,Eukaryota,Rhizaria,Cercozoa,Filosa-Sarcomonadea,Cercomonadida,Paracercomonadidae,Paracercomonadidae_unclassified,Paracercomonadidae_unclassified
asv3358,Eukaryota,Rhizaria,Cercozoa,Filosa-Sarcomonadea,Cercomonadida,Paracercomonadidae,Paracercomonadidae_unclassified,Paracercomonadidae_unclassified
asv4078,Eukaryota,Rhizaria,Cercozoa,Filosa-Sarcomonadea,Cercomonadida,Paracercomonadidae,Paracercomonadidae_unclassified,Paracercomonadidae_unclassified
asv1481,Eukaryota,Rhizaria,Cercozoa,Filosa-Sarcomonadea,Cercomonadida,Paracercomonadidae,Paracercomonas,Paracercomonas_anaerobica
asv2621,Eukaryota,Rhizaria,Cercozoa,Filosa-Sarcomonadea,Cercomonadida,Paracercomonadidae,Paracercomonas,Paracercomonas_anaerobica
asv0843,Eukaryota,Rhizaria,Cercozoa,Filosa-Sarcomonadea,Cercomonadida,Paracercomonadidae,Paracercomonas,Paracercomonas_saepenatans
asv1218,Eukaryota,Rhizaria,Cercozoa,Filosa-Sarcomonadea,Cercomonadida,Paracercomonadidae,Paracercomonas,Paracercomonas_saepenatans
asv0170,Eukaryota,Rhizaria,Cercozoa,Filosa-Sarcomonadea,Cercomonadida,Paracercomonadidae,Paracercomonas,Paracercomonas_unclassified
asv0500,Eukaryota,Rhizaria,Cercozoa,Filosa-Sarcomonadea,Cercomonadida,Paracercomonadidae,Paracercomonas,Paracercomonas_unclassified
asv0981,Eukaryota,Rhizaria,Cercozoa,Filosa-Sarcomonadea,Cercomonadida,Paracercomonadidae,Paracercomonas,Paracercomonas_unclassified
asv2038,Eukaryota,Rhizaria,Cercozoa,Filosa-Sarcomonadea,Cercomonadida,Paracercomonadidae,Paracercomonas,Paracercomonas_unclassified
asv3056,Eukaryota,Rhizaria,Cercozoa,Filosa-Sarcomonadea,Cercomonadida,Paracercomonadidae,Paracercomonas,Paracercomonas_unclassified
asv5889,Eukaryota,Rhizaria,Cercozoa,Filosa-Sarcomonadea,Cercomonadida,Paracercomonadidae,Paracercomonas,Paracercomonas_unclassified
asv2487,Eukaryota,Opisthokonta,Fungi,Ascomycota,Pezizomycotina,Dothideomycetes,Paraconiothyrium,Paraconiothyrium_africanum
asv4099,Eukaryota,Amoebozoa,Lobosa,Discosea-Flabellinia,Dactylopodida,Paramoebidae,Paramoebidae_unclassified,Paramoebidae_unclassified
asv4396,Eukaryota,Amoebozoa,Lobosa,Discosea-Flabellinia,Dactylopodida,Paramoebidae,Paramoebidae_unclassified,Paramoebidae_unclassified
asv5152,Eukaryota,Amoebozoa,Lobosa,Discosea-Flabellinia,Dactylopodida,Paramoebidae,Paramoebidae_unclassified,Paramoebidae_unclassified
asv5567,Eukaryota,Amoebozoa,Lobosa,Discosea-Flabellinia,Dactylopodida,Paramoebidae,Paramoebidae_unclassified,Paramoebidae_unclassified
asv6544,Eukaryota,Amoebozoa,Lobosa,Discosea-Flabellinia,Dactylopodida,Paramoebidae,Paramoebidae_unclassified,Paramoebidae_unclassified
asv8529,Eukaryota,Amoebozoa,Lobosa,Discosea-Flabellinia,Dactylopodida,Paramoebidae,Paramoebidae_unclassified,Paramoebidae_unclassified
asv8537,Eukaryota,Amoebozoa,Lobosa,Discosea-Flabellinia,Dactylopodida,Paramoebidae,Paramoebidae_unclassified,Paramoebidae_unclassified
asv0298,Eukaryota,Stramenopiles,Ochrophyta,Chrysophyceae,Chrysophyceae,Chrysophyceae_Clade-F,Paraphysomonas,Paraphysomonas_butcheri
asv1159,Eukaryota,Alveolata,Apicomplexa,Apicomplexa,Gregarines,Gregarines,Paraschneideria,Paraschneideria_metamorphosa
asv0380,Eukaryota,Amoebozoa,Lobosa,Lobosa,Himatismenida,Parvamoebidae,Parvamoeba,Parvamoeba_sp.
asv3009,Eukaryota,Amoebozoa,Lobosa,Lobosa,Himatismenida,Parvamoebidae,Parvamoeba,Parvamoeba_sp.
asv3115,Eukaryota,Amoebozoa,Lobosa,Lobosa,Himatismenida,Parvamoebidae,Parvamoeba,Parvamoeba_sp.
asv3490,Eukaryota,Amoebozoa,Lobosa,Lobosa,Himatismenida,Parvamoebidae,Parvamoeba,Parvamoeba_sp.
asv4003,Eukaryota,Amoebozoa,Lobosa,Lobosa,Himatismenida,Parvamoebidae,Parvamoeba,Parvamoeba_sp.
asv7940,Eukaryota,Amoebozoa,Lobosa,Lobosa,Himatismenida,Parvamoebidae,Parvamoeba,Parvamoeba_sp.
asv4831,Eukaryota,Amoebozoa,Lobosa,Lobosa,Himatismenida,Parvamoebidae,Parvamoeba,Parvamoeba_unclassified
asv0961,Eukaryota,Stramenopiles,Ochrophyta,Dictyochophyceae,Dictyochophyceae,Pedinellales,Pedinellales,Pedinellales_sp.
asv1237,Eukaryota,Rhizaria,Cercozoa,Endomyxa,Vampyrellida,Penardia-lineage,Penardia-lineage,Penardia-lineage_sp.
asv1851,Eukaryota,Rhizaria,Cercozoa,Endomyxa,Vampyrellida,Penardia-lineage,Penardia-lineage,Penardia-lineage_sp.
asv2142,Eukaryota,Rhizaria,Cercozoa,Endomyxa,Vampyrellida,Penardia-lineage,Penardia-lineage,Penardia-lineage_sp.
asv2295,Eukaryota,Rhizaria,Cercozoa,Endomyxa,Vampyrellida,Penardia-lineage,Penardia-lineage,Penardia-lineage_sp.
asv2927,Eukaryota,Rhizaria,Cercozoa,Endomyxa,Vampyrellida,Penardia-lineage,Penardia-lineage,Penardia-lineage_sp.
asv4434,Eukaryota,Rhizaria,Cercozoa,Endomyxa,Vampyrellida,Penardia-lineage,Penardia-lineage,Penardia-lineage_sp.
asv4519,Eukaryota,Rhizaria,Cercozoa,Endomyxa,Vampyrellida,Penardia-lineage,Penardia-lineage,Penardia-lineage_sp.
asv1013,Eukaryota,Stramenopiles,Stramenopiles,Oomycota,Oomycota,Peronosporales,Peronosporales,Peronosporales_sp.
asv0066,Eukaryota,Stramenopiles,Stramenopiles,Oomycota,Oomycota,Peronosporales,Peronosporales_unclassified,Peronosporales_unclassified
asv0314,Eukaryota,Stramenopiles,Stramenopiles,Oomycota,Oomycota,Peronosporales,Peronosporales_unclassified,Peronosporales_unclassified
asv0544,Eukaryota,Stramenopiles,Stramenopiles,Oomycota,Oomycota,Peronosporales,Peronosporales_unclassified,Peronosporales_unclassified
asv0788,Eukaryota,Stramenopiles,Stramenopiles,Oomycota,Oomycota,Peronosporales,Peronosporales_unclassified,Peronosporales_unclassified
asv0906,Eukaryota,Stramenopiles,Stramenopiles,Oomycota,Oomycota,Peronosporales,Peronosporales_unclassified,Peronosporales_unclassified
asv1072,Eukaryota,Stramenopiles,Stramenopiles,Oomycota,Oomycota,Peronosporales,Peronosporales_unclassified,Peronosporales_unclassified
asv1125,Eukaryota,Stramenopiles,Stramenopiles,Oomycota,Oomycota,Peronosporales,Peronosporales_unclassified,Peronosporales_unclassified
asv1373,Eukaryota,Stramenopiles,Stramenopiles,Oomycota,Oomycota,Peronosporales,Peronosporales_unclassified,Peronosporales_unclassified
asv1686,Eukaryota,Stramenopiles,Stramenopiles,Oomycota,Oomycota,Peronosporales,Peronosporales_unclassified,Peronosporales_unclassified
asv2289,Eukaryota,Stramenopiles,Stramenopiles,Oomycota,Oomycota,Peronosporales,Peronosporales_unclassified,Peronosporales_unclassified
asv3129,Eukaryota,Stramenopiles,Stramenopiles,Oomycota,Oomycota,Peronosporales,Peronosporales_unclassified,Peronosporales_unclassified
asv3454,Eukaryota,Stramenopiles,Stramenopiles,Oomycota,Oomycota,Peronosporales,Peronosporales_unclassified,Peronosporales_unclassified
asv3736,Eukaryota,Stramenopiles,Stramenopiles,Oomycota,Oomycota,Peronosporales,Peronosporales_unclassified,Peronosporales_unclassified
asv8559,Eukaryota,Stramenopiles,Stramenopiles,Oomycota,Oomycota,Peronosporales,Peronosporales_unclassified,Peronosporales_unclassified
asv7932,Eukaryota,Excavata,Discoba,Euglenozoa,Euglenida,Petalomonadales,Petalomonadales,Petalomonadales_sp.
asv3179,Eukaryota,Excavata,Discoba,Euglenozoa,Euglenida,Petalomonadales,Petalomonadales_unclassified,Petalomonadales_unclassified
asv4238,Eukaryota,Excavata,Discoba,Euglenozoa,Euglenida,Petalomonadales,Petalomonadales_unclassified,Petalomonadales_unclassified
asv6411,Eukaryota,Excavata,Discoba,Euglenozoa,Euglenida,Petalomonadales,Petalomonadales_unclassified,Petalomonadales_unclassified
asv7693,Eukaryota,Excavata,Discoba,Euglenozoa,Euglenida,Petalomonadales,Petalomonadales_unclassified,Petalomonadales_unclassified
asv7703,Eukaryota,Excavata,Discoba,Euglenozoa,Euglenida,Petalomonadales,Petalomonadales_unclassified,Petalomonadales_unclassified
asv7706,Eukaryota,Excavata,Discoba,Euglenozoa,Euglenida,Petalomonadales,Petalomonadales_unclassified,Petalomonadales_unclassified
asv8259,Eukaryota,Excavata,Discoba,Euglenozoa,Euglenida,Petalomonadales,Petalomonadales_unclassified,Petalomonadales_unclassified
asv8566,Eukaryota,Excavata,Discoba,Euglenozoa,Euglenida,Petalomonadales,Petalomonadales_unclassified,Petalomonadales_unclassified
asv3807,Eukaryota,Excavata,Discoba,Euglenozoa,Euglenida,Petalomonadales,Petalomonas,Petalomonas_cantuscygni
asv5276,Eukaryota,Excavata,Discoba,Euglenozoa,Euglenida,Petalomonadales,Petalomonas,Petalomonas_cantuscygni
asv6542,Eukaryota,Excavata,Discoba,Euglenozoa,Euglenida,Petalomonadales,Petalomonas,Petalomonas_cantuscygni
asv7701,Eukaryota,Excavata,Discoba,Euglenozoa,Euglenida,Petalomonadales,Petalomonas,Petalomonas_cantuscygni
asv7713,Eukaryota,Excavata,Discoba,Euglenozoa,Euglenida,Petalomonadales,Petalomonas,Petalomonas_cantuscygni
asv8235,Eukaryota,Excavata,Discoba,Euglenozoa,Euglenida,Petalomonadales,Petalomonas,Petalomonas_cantuscygni
asv8264,Eukaryota,Excavata,Discoba,Euglenozoa,Euglenida,Petalomonadales,Petalomonas,Petalomonas_cantuscygni
asv8531,Eukaryota,Excavata,Discoba,Euglenozoa,Euglenida,Petalomonadales,Petalomonas,Petalomonas_cantuscygni
asv8857,Eukaryota,Excavata,Discoba,Euglenozoa,Euglenida,Petalomonadales,Petalomonas,Petalomonas_cantuscygni
asv2742,Eukaryota,Excavata,Discoba,Euglenozoa,Euglenida,Petalomonadales,Petalomonas,Petalomonas_sphagnophila
asv3142,Eukaryota,Excavata,Discoba,Euglenozoa,Euglenida,Petalomonadales,Petalomonas,Petalomonas_sphagnophila
asv3856,Eukaryota,Excavata,Discoba,Euglenozoa,Euglenida,Petalomonadales,Petalomonas,Petalomonas_sphagnophila
asv5577,Eukaryota,Excavata,Discoba,Euglenozoa,Euglenida,Petalomonadales,Petalomonas,Petalomonas_sphagnophila
asv6884,Eukaryota,Excavata,Discoba,Euglenozoa,Euglenida,Petalomonadales,Petalomonas,Petalomonas_sphagnophila
asv7056,Eukaryota,Excavata,Discoba,Euglenozoa,Euglenida,Petalomonadales,Petalomonas,Petalomonas_sphagnophila
asv7733,Eukaryota,Excavata,Discoba,Euglenozoa,Euglenida,Petalomonadales,Petalomonas,Petalomonas_sphagnophila
asv8221,Eukaryota,Excavata,Discoba,Euglenozoa,Euglenida,Petalomonadales,Petalomonas,Petalomonas_sphagnophila
asv8231,Eukaryota,Excavata,Discoba,Euglenozoa,Euglenida,Petalomonadales,Petalomonas,Petalomonas_sphagnophila
asv3451,Eukaryota,Excavata,Discoba,Euglenozoa,Euglenida,Petalomonadales,Petalomonas,Petalomonas_unclassified
asv4997,Eukaryota,Excavata,Discoba,Euglenozoa,Euglenida,Petalomonadales,Petalomonas,Petalomonas_unclassified
asv6543,Eukaryota,Excavata,Discoba,Euglenozoa,Euglenida,Petalomonadales,Petalomonas,Petalomonas_unclassified
asv7251,Eukaryota,Excavata,Discoba,Euglenozoa,Euglenida,Petalomonadales,Petalomonas,Petalomonas_unclassified
asv7731,Eukaryota,Excavata,Discoba,Euglenozoa,Euglenida,Petalomonadales,Petalomonas,Petalomonas_unclassified
asv7904,Eukaryota,Excavata,Discoba,Euglenozoa,Euglenida,Petalomonadales,Petalomonas,Petalomonas_unclassified
asv0899,Eukaryota,Opisthokonta,Fungi,Ascomycota,Pezizomycotina,Pezizomycotina_unclassified,Pezizomycotina_unclassified,Pezizomycotina_unclassified
asv0972,Eukaryota,Opisthokonta,Fungi,Ascomycota,Pezizomycotina,Pezizomycotina_unclassified,Pezizomycotina_unclassified,Pezizomycotina_unclassified
asv1445,Eukaryota,Opisthokonta,Fungi,Ascomycota,Pezizomycotina,Pezizomycotina_unclassified,Pezizomycotina_unclassified,Pezizomycotina_unclassified
asv1900,Eukaryota,Opisthokonta,Fungi,Ascomycota,Pezizomycotina,Pezizomycotina_unclassified,Pezizomycotina_unclassified,Pezizomycotina_unclassified
asv4753,Eukaryota,Opisthokonta,Fungi,Ascomycota,Pezizomycotina,Pezizomycotina_unclassified,Pezizomycotina_unclassified,Pezizomycotina_unclassified
asv4949,Eukaryota,Opisthokonta,Fungi,Ascomycota,Pezizomycotina,Pezizomycotina_unclassified,Pezizomycotina_unclassified,Pezizomycotina_unclassified
asv1937,Eukaryota,Amoebozoa,Conosa,Variosea,Variosea,Phalansteriidae,Phalansterium,Phalansterium_sp.
asv2995,Eukaryota,Amoebozoa,Conosa,Variosea,Variosea,Phalansteriidae,Phalansterium,Phalansterium_unclassified
asv1475,Eukaryota,Alveolata,Ciliophora,Litostomatea,Haptoria,Lacrymariidae,Phialina,Phialina_salinarum
asv0100,Eukaryota,Alveolata,Ciliophora,Litostomatea,Haptoria,Lacrymariidae,Phialina,Phialina_unclassified
asv0541,Eukaryota,Alveolata,Ciliophora,Litostomatea,Haptoria,Lacrymariidae,Phialina,Phialina_unclassified
asv0223,Eukaryota,Stramenopiles,Stramenopiles,Pirsonia_Clade,Pirsonia_Clade,Pirsonia_Clade,Pirsonia_Clade_,Pirsonia_Clade__sp.
asv0231,Eukaryota,Stramenopiles,Stramenopiles,Pirsonia_Clade,Pirsonia_Clade,Pirsonia_Clade,Pirsonia_Clade_unclassified,Pirsonia_Clade_unclassified
asv0970,Eukaryota,Stramenopiles,Stramenopiles,Pirsonia_Clade,Pirsonia_Clade,Pirsonia_Clade,Pirsonia_Clade_unclassified,Pirsonia_Clade_unclassified
asv2988,Eukaryota,Alveolata,Ciliophora,Prostomatea,Prostomatea,Prostomatea,Plagiocampa,Plagiocampa_sp.
asv0295,Eukaryota,Rhizaria,Cercozoa,Endomyxa-Phytomyxea,Plasmodiophorida,Plasmodiophorida,Plasmodiophorida,Plasmodiophorida_sp.
asv0624,Eukaryota,Rhizaria,Cercozoa,Endomyxa-Phytomyxea,Plasmodiophorida,Plasmodiophorida,Plasmodiophorida,Plasmodiophorida_sp.
asv0682,Eukaryota,Rhizaria,Cercozoa,Endomyxa-Phytomyxea,Plasmodiophorida,Plasmodiophorida,Plasmodiophorida,Plasmodiophorida_sp.
asv0980,Eukaryota,Rhizaria,Cercozoa,Endomyxa-Phytomyxea,Plasmodiophorida,Plasmodiophorida,Plasmodiophorida,Plasmodiophorida_sp.
asv1049,Eukaryota,Rhizaria,Cercozoa,Endomyxa-Phytomyxea,Plasmodiophorida,Plasmodiophorida,Plasmodiophorida,Plasmodiophorida_sp.
asv2425,Eukaryota,Rhizaria,Cercozoa,Endomyxa-Phytomyxea,Plasmodiophorida,Plasmodiophorida,Plasmodiophorida,Plasmodiophorida_sp.
asv0877,Eukaryota,Rhizaria,Cercozoa,Endomyxa-Phytomyxea,Plasmodiophorida,Plasmodiophorida,Plasmodiophorida_unclassified,Plasmodiophorida_unclassified
asv0901,Eukaryota,Rhizaria,Cercozoa,Endomyxa-Phytomyxea,Plasmodiophorida,Plasmodiophorida,Plasmodiophorida_unclassified,Plasmodiophorida_unclassified
asv1095,Eukaryota,Rhizaria,Cercozoa,Endomyxa-Phytomyxea,Plasmodiophorida,Plasmodiophorida,Plasmodiophorida_unclassified,Plasmodiophorida_unclassified
asv1224,Eukaryota,Rhizaria,Cercozoa,Endomyxa-Phytomyxea,Plasmodiophorida,Plasmodiophorida_unclassified,Plasmodiophorida_unclassified,Plasmodiophorida_unclassified
asv1409,Eukaryota,Rhizaria,Cercozoa,Endomyxa-Phytomyxea,Plasmodiophorida,Plasmodiophorida,Plasmodiophorida_unclassified,Plasmodiophorida_unclassified
asv1760,Eukaryota,Rhizaria,Cercozoa,Endomyxa-Phytomyxea,Plasmodiophorida,Plasmodiophorida,Plasmodiophorida_unclassified,Plasmodiophorida_unclassified
asv1919,Eukaryota,Rhizaria,Cercozoa,Endomyxa-Phytomyxea,Plasmodiophorida,Plasmodiophorida,Plasmodiophorida_unclassified,Plasmodiophorida_unclassified
asv1997,Eukaryota,Rhizaria,Cercozoa,Endomyxa-Phytomyxea,Plasmodiophorida,Plasmodiophorida_unclassified,Plasmodiophorida_unclassified,Plasmodiophorida_unclassified
asv2318,Eukaryota,Rhizaria,Cercozoa,Endomyxa-Phytomyxea,Plasmodiophorida,Plasmodiophorida,Plasmodiophorida_unclassified,Plasmodiophorida_unclassified
asv3256,Eukaryota,Rhizaria,Cercozoa,Endomyxa-Phytomyxea,Plasmodiophorida,Plasmodiophorida,Plasmodiophorida_unclassified,Plasmodiophorida_unclassified
asv3322,Eukaryota,Rhizaria,Cercozoa,Endomyxa-Phytomyxea,Plasmodiophorida,Plasmodiophorida,Plasmodiophorida_unclassified,Plasmodiophorida_unclassified
asv5471,Eukaryota,Rhizaria,Cercozoa,Endomyxa-Phytomyxea,Plasmodiophorida,Plasmodiophorida,Plasmodiophorida_unclassified,Plasmodiophorida_unclassified
asv6136,Eukaryota,Rhizaria,Cercozoa,Endomyxa-Phytomyxea,Plasmodiophorida,Plasmodiophorida_unclassified,Plasmodiophorida_unclassified,Plasmodiophorida_unclassified
asv6412,Eukaryota,Rhizaria,Cercozoa,Endomyxa-Phytomyxea,Plasmodiophorida,Plasmodiophorida,Plasmodiophorida_unclassified,Plasmodiophorida_unclassified
asv2670,Eukaryota,Alveolata,Ciliophora,Oligohymenophorea,Scuticociliatia,Pleuronematidae,Pleuronema,Pleuronema_coronatum
asv6252,Eukaryota,Alveolata,Ciliophora,Oligohymenophorea,Scuticociliatia,Pleuronematidae,Pleuronema,Pleuronema_coronatum
asv0003,Eukaryota,Stramenopiles,Ochrophyta,Bacillariophyta,Bacillariophyta,Polar-centric-Mediophyceae,Polar-centric-Mediophyceae_unclassified,Polar-centric-Mediophyceae_unclassified
asv0006,Eukaryota,Stramenopiles,Ochrophyta,Bacillariophyta,Bacillariophyta,Polar-centric-Mediophyceae,Polar-centric-Mediophyceae_unclassified,Polar-centric-Mediophyceae_unclassified
asv0123,Eukaryota,Stramenopiles,Ochrophyta,Bacillariophyta,Bacillariophyta,Polar-centric-Mediophyceae,Polar-centric-Mediophyceae_unclassified,Polar-centric-Mediophyceae_unclassified
asv0280,Eukaryota,Stramenopiles,Ochrophyta,Bacillariophyta,Bacillariophyta,Polar-centric-Mediophyceae,Polar-centric-Mediophyceae_unclassified,Polar-centric-Mediophyceae_unclassified
asv0325,Eukaryota,Stramenopiles,Ochrophyta,Bacillariophyta,Bacillariophyta,Polar-centric-Mediophyceae,Polar-centric-Mediophyceae_unclassified,Polar-centric-Mediophyceae_unclassified
asv0559,Eukaryota,Stramenopiles,Ochrophyta,Bacillariophyta,Bacillariophyta,Polar-centric-Mediophyceae,Polar-centric-Mediophyceae_unclassified,Polar-centric-Mediophyceae_unclassified
asv0778,Eukaryota,Stramenopiles,Ochrophyta,Bacillariophyta,Bacillariophyta,Polar-centric-Mediophyceae,Polar-centric-Mediophyceae_unclassified,Polar-centric-Mediophyceae_unclassified
asv0894,Eukaryota,Stramenopiles,Ochrophyta,Bacillariophyta,Bacillariophyta,Polar-centric-Mediophyceae,Polar-centric-Mediophyceae_unclassified,Polar-centric-Mediophyceae_unclassified
asv0977,Eukaryota,Stramenopiles,Ochrophyta,Bacillariophyta,Bacillariophyta,Polar-centric-Mediophyceae,Polar-centric-Mediophyceae_unclassified,Polar-centric-Mediophyceae_unclassified
asv1066,Eukaryota,Stramenopiles,Ochrophyta,Bacillariophyta,Bacillariophyta,Polar-centric-Mediophyceae,Polar-centric-Mediophyceae_unclassified,Polar-centric-Mediophyceae_unclassified
asv1088,Eukaryota,Stramenopiles,Ochrophyta,Bacillariophyta,Bacillariophyta,Polar-centric-Mediophyceae,Polar-centric-Mediophyceae_unclassified,Polar-centric-Mediophyceae_unclassified
asv1162,Eukaryota,Stramenopiles,Ochrophyta,Bacillariophyta,Bacillariophyta,Polar-centric-Mediophyceae,Polar-centric-Mediophyceae_unclassified,Polar-centric-Mediophyceae_unclassified
asv1259,Eukaryota,Stramenopiles,Ochrophyta,Bacillariophyta,Bacillariophyta,Polar-centric-Mediophyceae,Polar-centric-Mediophyceae_unclassified,Polar-centric-Mediophyceae_unclassified
asv2256,Eukaryota,Stramenopiles,Ochrophyta,Bacillariophyta,Bacillariophyta,Polar-centric-Mediophyceae,Polar-centric-Mediophyceae_unclassified,Polar-centric-Mediophyceae_unclassified
asv2274,Eukaryota,Stramenopiles,Ochrophyta,Bacillariophyta,Bacillariophyta,Polar-centric-Mediophyceae,Polar-centric-Mediophyceae_unclassified,Polar-centric-Mediophyceae_unclassified
asv2738,Eukaryota,Stramenopiles,Ochrophyta,Bacillariophyta,Bacillariophyta,Polar-centric-Mediophyceae,Polar-centric-Mediophyceae_unclassified,Polar-centric-Mediophyceae_unclassified
asv2938,Eukaryota,Stramenopiles,Ochrophyta,Bacillariophyta,Bacillariophyta,Polar-centric-Mediophyceae,Polar-centric-Mediophyceae_unclassified,Polar-centric-Mediophyceae_unclassified
asv2996,Eukaryota,Stramenopiles,Ochrophyta,Bacillariophyta,Bacillariophyta,Polar-centric-Mediophyceae,Polar-centric-Mediophyceae_unclassified,Polar-centric-Mediophyceae_unclassified
asv3360,Eukaryota,Stramenopiles,Ochrophyta,Bacillariophyta,Bacillariophyta,Polar-centric-Mediophyceae,Polar-centric-Mediophyceae_unclassified,Polar-centric-Mediophyceae_unclassified
asv6405,Eukaryota,Stramenopiles,Ochrophyta,Bacillariophyta,Bacillariophyta,Polar-centric-Mediophyceae,Polar-centric-Mediophyceae_unclassified,Polar-centric-Mediophyceae_unclassified
asv8250,Eukaryota,Stramenopiles,Ochrophyta,Bacillariophyta,Bacillariophyta,Polar-centric-Mediophyceae,Polar-centric-Mediophyceae_unclassified,Polar-centric-Mediophyceae_unclassified
asv8527,Eukaryota,Stramenopiles,Ochrophyta,Bacillariophyta,Bacillariophyta,Polar-centric-Mediophyceae,Polar-centric-Mediophyceae_unclassified,Polar-centric-Mediophyceae_unclassified
asv8548,Eukaryota,Stramenopiles,Ochrophyta,Bacillariophyta,Bacillariophyta,Polar-centric-Mediophyceae,Polar-centric-Mediophyceae_unclassified,Polar-centric-Mediophyceae_unclassified
asv1340,Eukaryota,Archaeplastida,Chlorophyta,Trebouxiophyceae,Prasiolales,Prasiolales,Prasiolales_unclassified,Prasiolales_unclassified
asv1342,Eukaryota,Alveolata,Ciliophora,Prostomatea,Prostomatea_unclassified,Prostomatea_unclassified,Prostomatea_unclassified,Prostomatea_unclassified
asv0712,Eukaryota,Alveolata,Ciliophora,Prostomatea,Prostomatea-,Prostomatea-,Prostomatea-,Prostomatea_unclassified
asv0737,Eukaryota,Alveolata,Ciliophora,Prostomatea,Prostomatea-,Prostomatea-,Prostomatea-,Prostomatea_unclassified
asv1385,Eukaryota,Alveolata,Ciliophora,Prostomatea,Prostomatea-,Prostomatea-,Prostomatea-,Prostomatea_unclassified
asv4000,Eukaryota,Alveolata,Ciliophora,Prostomatea,Prostomatea-,Prostomatea-,Prostomatea-,Prostomatea_unclassified
asv5072,Eukaryota,Alveolata,Ciliophora,Prostomatea,Prostomatea-,Prostomatea-,Prostomatea-,Prostomatea_unclassified
asv0739,Eukaryota,Rhizaria,Cercozoa,Filosa-Thecofilosea,Cryomonadida,Protaspa-lineage,Protaspa-lineage_unclassified,Protaspa-lineage_unclassified
asv2416,Eukaryota,Hacrobia,Haptophyta,Prymnesiophyceae,Isochrysidales,Prymnesiophyceae_Clade_C,Prymnesiophyceae_Clade_C,Prymnesiophyceae_Clade_C_sp.
asv5376,Eukaryota,Excavata,Discoba,Heterolobosea,Heterolobosea,Lyromonadidae,Psalteriomonas,Psalteriomonas_magna
asv8885,Eukaryota,Opisthokonta,Fungi,Basidiomycota,Agaricomycotina,Agaricomycetes,Psathyrella,Psathyrella_unclassified
asv1673,Eukaryota,Hacrobia,Centroheliozoa,Centroheliozoa,Pterocystida,Pterocystida_unclassified,Pterocystida_unclassified,Pterocystida_unclassified
asv3272,Eukaryota,Hacrobia,Centroheliozoa,Centroheliozoa,Pterocystida,Pterocystida_unclassified,Pterocystida_unclassified,Pterocystida_unclassified
asv1073,Eukaryota,Hacrobia,Centroheliozoa,Centroheliozoa,Pterocystida,Pterocystidae,Pterocystis,Pterocystis_unclassified
asv4363,Eukaryota,Stramenopiles,Ochrophyta,Bacillariophyta,Bacillariophyta,Araphid-pennate,Punctastriata,Punctastriata_sp.
asv0177,Eukaryota,Stramenopiles,Stramenopiles,Oomycota,Oomycota,Peronosporales,Pythiaceae,Pythiaceae_sp.
asv0073,Eukaryota,Stramenopiles,Ochrophyta,Bacillariophyta,Bacillariophyta,Radial-centric-basal-Coscinodiscophyceae,Radial-centric-basal-Coscinodiscophyceae_unclassified,Radial-centric-basal-Coscinodiscophyceae_unclassified
asv0427,Eukaryota,Stramenopiles,Ochrophyta,Bacillariophyta,Bacillariophyta,Raphid-pennate,Raphid-pennate_unclassified,Raphid-pennate_unclassified
asv1143,Eukaryota,Stramenopiles,Ochrophyta,Bacillariophyta,Bacillariophyta,Raphid-pennate,Raphid-pennate_unclassified,Raphid-pennate_unclassified
asv1315,Eukaryota,Stramenopiles,Ochrophyta,Bacillariophyta,Bacillariophyta,Raphid-pennate,Raphid-pennate_unclassified,Raphid-pennate_unclassified
asv1384,Eukaryota,Stramenopiles,Ochrophyta,Bacillariophyta,Bacillariophyta,Raphid-pennate,Raphid-pennate_unclassified,Raphid-pennate_unclassified
asv2374,Eukaryota,Stramenopiles,Ochrophyta,Bacillariophyta,Bacillariophyta,Raphid-pennate,Raphid-pennate_unclassified,Raphid-pennate_unclassified
asv2528,Eukaryota,Stramenopiles,Ochrophyta,Bacillariophyta,Bacillariophyta,Raphid-pennate,Raphid-pennate_unclassified,Raphid-pennate_unclassified
asv2884,Eukaryota,Stramenopiles,Ochrophyta,Bacillariophyta,Bacillariophyta,Raphid-pennate,Raphid-pennate_unclassified,Raphid-pennate_unclassified
asv2991,Eukaryota,Stramenopiles,Ochrophyta,Bacillariophyta,Bacillariophyta,Raphid-pennate,Raphid-pennate_unclassified,Raphid-pennate_unclassified
asv3239,Eukaryota,Stramenopiles,Ochrophyta,Bacillariophyta,Bacillariophyta,Raphid-pennate,Raphid-pennate_unclassified,Raphid-pennate_unclassified
asv3667,Eukaryota,Stramenopiles,Ochrophyta,Bacillariophyta,Bacillariophyta,Raphid-pennate,Raphid-pennate_unclassified,Raphid-pennate_unclassified
asv3729,Eukaryota,Stramenopiles,Ochrophyta,Bacillariophyta,Bacillariophyta,Raphid-pennate,Raphid-pennate_unclassified,Raphid-pennate_unclassified
asv3809,Eukaryota,Stramenopiles,Ochrophyta,Bacillariophyta,Bacillariophyta,Raphid-pennate,Raphid-pennate_unclassified,Raphid-pennate_unclassified
asv4482,Eukaryota,Stramenopiles,Ochrophyta,Bacillariophyta,Bacillariophyta,Raphid-pennate,Raphid-pennate_unclassified,Raphid-pennate_unclassified
asv5686,Eukaryota,Stramenopiles,Ochrophyta,Bacillariophyta,Bacillariophyta,Raphid-pennate,Raphid-pennate_unclassified,Raphid-pennate_unclassified
asv5783,Eukaryota,Stramenopiles,Ochrophyta,Bacillariophyta,Bacillariophyta,Raphid-pennate,Raphid-pennate_unclassified,Raphid-pennate_unclassified
asv5784,Eukaryota,Stramenopiles,Ochrophyta,Bacillariophyta,Bacillariophyta,Raphid-pennate,Raphid-pennate_unclassified,Raphid-pennate_unclassified
asv5786,Eukaryota,Stramenopiles,Ochrophyta,Bacillariophyta,Bacillariophyta,Raphid-pennate,Raphid-pennate_unclassified,Raphid-pennate_unclassified
asv6010,Eukaryota,Stramenopiles,Ochrophyta,Bacillariophyta,Bacillariophyta,Raphid-pennate,Raphid-pennate_unclassified,Raphid-pennate_unclassified
asv6719,Eukaryota,Stramenopiles,Ochrophyta,Bacillariophyta,Bacillariophyta,Raphid-pennate,Raphid-pennate_unclassified,Raphid-pennate_unclassified
asv3260,Eukaryota,Excavata,Discoba,Euglenozoa,Euglenida,Rhabdomonadales,Rhabdomonadales_unclassified,Rhabdomonadales_unclassified
asv7257,Eukaryota,Excavata,Discoba,Euglenozoa,Euglenida,Rhabdomonadales,Rhabdomonadales_unclassified,Rhabdomonadales_unclassified
asv7690,Eukaryota,Excavata,Discoba,Euglenozoa,Euglenida,Rhabdomonadales,Rhabdomonadales_unclassified,Rhabdomonadales_unclassified
asv7708,Eukaryota,Excavata,Discoba,Euglenozoa,Euglenida,Rhabdomonadales,Rhabdomonadales_unclassified,Rhabdomonadales_unclassified
asv2170,Eukaryota,Opisthokonta,Fungi,Chytridiomycota,Chytridiomycotina,Chytridiomycetes,Rhizoclosmatium,Rhizoclosmatium_sp.
asv0069,Eukaryota,Rhizaria,Cercozoa,Filosa-Thecofilosea,Cryomonadida,Rhogostoma-lineage,Rhogostoma-lineage,Rhogostoma-lineage_sp.
asv0641,Eukaryota,Rhizaria,Cercozoa,Filosa-Thecofilosea,Cryomonadida,Rhogostoma-lineage,Rhogostoma-lineage,Rhogostoma-lineage_sp.
asv0716,Eukaryota,Rhizaria,Cercozoa,Filosa-Thecofilosea,Cryomonadida,Rhogostoma-lineage,Rhogostoma-lineage_unclassified,Rhogostoma-lineage_unclassified
asv1061,Eukaryota,Rhizaria,Cercozoa,Filosa-Thecofilosea,Cryomonadida,Rhogostoma-lineage,Rhogostoma-lineage_unclassified,Rhogostoma-lineage_unclassified
asv1274,Eukaryota,Rhizaria,Cercozoa,Filosa-Thecofilosea,Cryomonadida,Rhogostoma-lineage,Rhogostoma-lineage_unclassified,Rhogostoma-lineage_unclassified
asv3496,Eukaryota,Rhizaria,Cercozoa,Filosa-Thecofilosea,Cryomonadida,Rhogostoma-lineage,Rhogostoma-lineage_unclassified,Rhogostoma-lineage_unclassified
asv4752,Eukaryota,Rhizaria,Cercozoa,Filosa-Thecofilosea,Cryomonadida,Rhogostoma-lineage,Rhogostoma-lineage_unclassified,Rhogostoma-lineage_unclassified
asv2682,Eukaryota,Excavata,Discoba,Euglenozoa,Kinetoplastida,Neobodonid,Rhynchobodo,Rhynchobodo_sp.
asv7464,Eukaryota,Excavata,Discoba,Euglenozoa,Kinetoplastida,Neobodonid,Rhynchobodo,Rhynchobodo_sp.
asv0664,Eukaryota,Excavata,Discoba,Euglenozoa,Kinetoplastida,Neobodonid,Rhynchomonas,Rhynchomonas_nasuta
asv1593,Eukaryota,Excavata,Discoba,Euglenozoa,Kinetoplastida,Neobodonid,Rhynchomonas,Rhynchomonas_nasuta
asv1894,Eukaryota,Excavata,Discoba,Euglenozoa,Kinetoplastida,Neobodonid,Rhynchomonas,Rhynchomonas_nasuta
asv3077,Eukaryota,Excavata,Discoba,Euglenozoa,Kinetoplastida,Neobodonid,Rhynchomonas,Rhynchomonas_nasuta
asv5896,Eukaryota,Excavata,Discoba,Euglenozoa,Kinetoplastida,Neobodonid,Rhynchomonas,Rhynchomonas_nasuta
asv6129,Eukaryota,Excavata,Discoba,Euglenozoa,Kinetoplastida,Neobodonid,Rhynchomonas,Rhynchomonas_nasuta
asv6718,Eukaryota,Excavata,Discoba,Euglenozoa,Kinetoplastida,Neobodonid,Rhynchomonas,Rhynchomonas_nasuta
asv0206,Eukaryota,Excavata,Discoba,Euglenozoa,Diplonemea,Diplonemea,Rhynchopus,Rhynchopus_sp.
asv7947,Eukaryota,Excavata,Discoba,Euglenozoa,Diplonemea,Diplonemea,Rhynchopus,Rhynchopus_sp.
asv1895,Eukaryota,Opisthokonta,Mesomycetozoa,Ichthyosporea,Rhynosporida,Rhynosporida_unclassified,Rhynosporida_unclassified,Rhynosporida_unclassified
asv0055,Eukaryota,Opisthokonta,Fungi,Chytridiomycota,Chytridiomycotina,Chytridiomycetes,Rhyzophidiales,Rhyzophidiales_sp.
asv0090,Eukaryota,Opisthokonta,Fungi,Chytridiomycota,Chytridiomycotina,Chytridiomycetes,Rhyzophidiales,Rhyzophidiales_sp.
asv0233,Eukaryota,Opisthokonta,Fungi,Chytridiomycota,Chytridiomycotina,Chytridiomycetes,Rhyzophidiales,Rhyzophidiales_sp.
asv1344,Eukaryota,Opisthokonta,Fungi,Chytridiomycota,Chytridiomycotina,Chytridiomycetes,Rhyzophidiales,Rhyzophidiales_sp.
asv3225,Eukaryota,Opisthokonta,Fungi,Chytridiomycota,Chytridiomycotina,Chytridiomycetes,Rhyzophidiales,Rhyzophidiales_sp.
asv0079,Eukaryota,Opisthokonta,Metazoa,Rotifera,Rotifera,Rotifera,Rotifera_unclassified,Rotifera_unclassified
asv0092,Eukaryota,Opisthokonta,Metazoa,Rotifera,Rotifera,Rotifera,Rotifera_unclassified,Rotifera_unclassified
asv0130,Eukaryota,Opisthokonta,Metazoa,Rotifera,Rotifera,Rotifera,Rotifera_unclassified,Rotifera_unclassified
asv0165,Eukaryota,Opisthokonta,Metazoa,Rotifera,Rotifera,Rotifera,Rotifera_unclassified,Rotifera_unclassified
asv0243,Eukaryota,Opisthokonta,Metazoa,Rotifera,Rotifera,Rotifera,Rotifera_unclassified,Rotifera_unclassified
asv0252,Eukaryota,Opisthokonta,Metazoa,Rotifera,Rotifera,Rotifera,Rotifera_unclassified,Rotifera_unclassified
asv0259,Eukaryota,Opisthokonta,Metazoa,Rotifera,Rotifera,Rotifera,Rotifera_unclassified,Rotifera_unclassified
asv0263,Eukaryota,Opisthokonta,Metazoa,Rotifera,Rotifera,Rotifera,Rotifera_unclassified,Rotifera_unclassified
asv0347,Eukaryota,Opisthokonta,Metazoa,Rotifera,Rotifera,Rotifera,Rotifera_unclassified,Rotifera_unclassified
asv0432,Eukaryota,Opisthokonta,Metazoa,Rotifera,Rotifera,Rotifera,Rotifera_unclassified,Rotifera_unclassified
asv0629,Eukaryota,Opisthokonta,Metazoa,Rotifera,Rotifera,Rotifera,Rotifera_unclassified,Rotifera_unclassified
asv0856,Eukaryota,Opisthokonta,Metazoa,Rotifera,Rotifera,Rotifera,Rotifera_unclassified,Rotifera_unclassified
asv0928,Eukaryota,Opisthokonta,Metazoa,Rotifera,Rotifera,Rotifera,Rotifera_unclassified,Rotifera_unclassified
asv1214,Eukaryota,Opisthokonta,Metazoa,Rotifera,Rotifera,Rotifera,Rotifera_unclassified,Rotifera_unclassified
asv1691,Eukaryota,Opisthokonta,Metazoa,Rotifera,Rotifera,Rotifera,Rotifera_unclassified,Rotifera_unclassified
asv1744,Eukaryota,Opisthokonta,Metazoa,Rotifera,Rotifera,Rotifera,Rotifera_unclassified,Rotifera_unclassified
asv1935,Eukaryota,Opisthokonta,Metazoa,Rotifera,Rotifera,Rotifera,Rotifera_unclassified,Rotifera_unclassified
asv1964,Eukaryota,Opisthokonta,Metazoa,Rotifera,Rotifera,Rotifera,Rotifera_unclassified,Rotifera_unclassified
asv2044,Eukaryota,Opisthokonta,Metazoa,Rotifera,Rotifera,Rotifera,Rotifera_unclassified,Rotifera_unclassified
asv2126,Eukaryota,Opisthokonta,Metazoa,Rotifera,Rotifera,Rotifera,Rotifera_unclassified,Rotifera_unclassified
asv2793,Eukaryota,Opisthokonta,Metazoa,Rotifera,Rotifera,Rotifera,Rotifera_unclassified,Rotifera_unclassified
asv3105,Eukaryota,Opisthokonta,Metazoa,Rotifera,Rotifera,Rotifera,Rotifera_unclassified,Rotifera_unclassified
asv3109,Eukaryota,Opisthokonta,Metazoa,Rotifera,Rotifera,Rotifera,Rotifera_unclassified,Rotifera_unclassified
asv3999,Eukaryota,Opisthokonta,Metazoa,Rotifera,Rotifera,Rotifera,Rotifera_unclassified,Rotifera_unclassified
asv4365,Eukaryota,Opisthokonta,Metazoa,Rotifera,Rotifera,Rotifera,Rotifera_unclassified,Rotifera_unclassified
asv5695,Eukaryota,Opisthokonta,Metazoa,Rotifera,Rotifera,Rotifera,Rotifera_unclassified,Rotifera_unclassified
asv3090,Eukaryota,Opisthokonta,Fungi,Cryptomycota,Cryptomycotina,Cryptomycotina,Rozella,Rozella_sp.
asv1119,Eukaryota,Opisthokonta,Fungi,Cryptomycota,Cryptomycotina,Cryptomycotina,Rozella,Rozella_unclassified
asv1250,Eukaryota,Opisthokonta,Fungi,Ascomycota,Saccharomycotina,Saccharomycetales,Saccharomycetales_unclassified,Saccharomycetales_unclassified
asv0329,Eukaryota,Opisthokonta,Metazoa,Craniata,Craniata,Teleostei,Salmo,Salmo_unclassified
asv2946,Eukaryota,Opisthokonta,Choanoflagellida,Choanoflagellatea,Craspedida,Salpingoecidae_Group_C,Salpingoecidae_Group_C,Salpingoecidae_Group_C_sp.
asv4514,Eukaryota,Rhizaria,Cercozoa,Filosa-Sarcomonadea,Glissomonadida,Sandonidae,Sandonidae,Sandonidae_sp.
asv1026,Eukaryota,Rhizaria,Cercozoa,Filosa-Sarcomonadea,Glissomonadida,Sandonidae,Sandonidae_unclassified,Sandonidae_unclassified
asv1040,Eukaryota,Rhizaria,Cercozoa,Filosa-Sarcomonadea,Glissomonadida,Sandonidae,Sandonidae_unclassified,Sandonidae_unclassified
asv1194,Eukaryota,Rhizaria,Cercozoa,Filosa-Sarcomonadea,Glissomonadida,Sandonidae,Sandonidae_unclassified,Sandonidae_unclassified
asv1209,Eukaryota,Rhizaria,Cercozoa,Filosa-Sarcomonadea,Glissomonadida,Sandonidae,Sandonidae_unclassified,Sandonidae_unclassified
asv1386,Eukaryota,Rhizaria,Cercozoa,Filosa-Sarcomonadea,Glissomonadida,Sandonidae,Sandonidae_unclassified,Sandonidae_unclassified
asv1604,Eukaryota,Rhizaria,Cercozoa,Filosa-Sarcomonadea,Glissomonadida,Sandonidae,Sandonidae_unclassified,Sandonidae_unclassified
asv2341,Eukaryota,Rhizaria,Cercozoa,Filosa-Sarcomonadea,Glissomonadida,Sandonidae,Sandonidae_unclassified,Sandonidae_unclassified
asv2838,Eukaryota,Rhizaria,Cercozoa,Filosa-Sarcomonadea,Glissomonadida,Sandonidae,Sandonidae_unclassified,Sandonidae_unclassified
asv4215,Eukaryota,Rhizaria,Cercozoa,Filosa-Sarcomonadea,Glissomonadida,Sandonidae,Sandonidae_unclassified,Sandonidae_unclassified
asv4244,Eukaryota,Rhizaria,Cercozoa,Filosa-Sarcomonadea,Glissomonadida,Sandonidae,Sandonidae_unclassified,Sandonidae_unclassified
asv0428,Eukaryota,Stramenopiles,Stramenopiles,Oomycota,Oomycota,Saprolegniales,Saprolegniales,Saprolegniales_sp.
asv1294,Eukaryota,Stramenopiles,Stramenopiles,Oomycota,Oomycota,Saprolegniales,Saprolegniales_unclassified,Saprolegniales_unclassified
asv0783,Eukaryota,Archaeplastida,Chlorophyta,Chlorophyceae,Sphaeropleales,Sphaeropleales,Scenedesmus,Scenedesmus_obliquus
asv1549,Eukaryota,Archaeplastida,Chlorophyta,Chlorophyceae,Sphaeropleales,Sphaeropleales,Scenedesmus,Scenedesmus_obliquus
asv1397,Eukaryota,Archaeplastida,Chlorophyta,Chlorodendrophyceae,Chlorodendrales,Chlorodendraceae,Scherfellia,Scherfellia_sp.
asv3189,Eukaryota,Amoebozoa,Conosa,Variosea,Variosea,Schizoplasmodiids,Schizoplasmodiids_unclassified,Schizoplasmodiids_unclassified
asv5909,Eukaryota,Amoebozoa,Conosa,Variosea,Variosea,Schizoplasmodiids,Schizoplasmodiids_unclassified,Schizoplasmodiids_unclassified
asv5914,Eukaryota,Amoebozoa,Conosa,Variosea,Variosea,Schizoplasmodiids,Schizoplasmodiids_unclassified,Schizoplasmodiids_unclassified
asv7718,Eukaryota,Amoebozoa,Conosa,Variosea,Variosea,Schizoplasmodiids,Schizoplasmodiids_unclassified,Schizoplasmodiids_unclassified
asv7741,Eukaryota,Amoebozoa,Conosa,Variosea,Variosea,Schizoplasmodiids,Schizoplasmodiids_unclassified,Schizoplasmodiids_unclassified
asv1913,Eukaryota,Opisthokonta,Fungi,Ascomycota,Pezizomycotina,Leotiomycetes,Sclerotinia,Sclerotinia_trifoliorum
asv0382,Eukaryota,Alveolata,Ciliophora,Oligohymenophorea,Scuticociliatia,Scuticociliatia_unclassified,Scuticociliatia_unclassified,Scuticociliatia_unclassified
asv1157,Eukaryota,Alveolata,Ciliophora,Oligohymenophorea,Scuticociliatia,Scuticociliatia,Scuticociliatia_unclassified,Scuticociliatia_unclassified
asv1731,Eukaryota,Alveolata,Ciliophora,Oligohymenophorea,Scuticociliatia,Scuticociliatia_unclassified,Scuticociliatia_unclassified,Scuticociliatia_unclassified
asv1863,Eukaryota,Alveolata,Ciliophora,Oligohymenophorea,Scuticociliatia,Scuticociliatia,Scuticociliatia_unclassified,Scuticociliatia_unclassified
asv1920,Eukaryota,Alveolata,Ciliophora,Oligohymenophorea,Scuticociliatia,Scuticociliatia_unclassified,Scuticociliatia_unclassified,Scuticociliatia_unclassified
asv1968,Eukaryota,Alveolata,Ciliophora,Oligohymenophorea,Scuticociliatia,Scuticociliatia,Scuticociliatia_unclassified,Scuticociliatia_unclassified
asv2012,Eukaryota,Alveolata,Ciliophora,Oligohymenophorea,Scuticociliatia,Scuticociliatia_unclassified,Scuticociliatia_unclassified,Scuticociliatia_unclassified
asv2622,Eukaryota,Alveolata,Ciliophora,Oligohymenophorea,Scuticociliatia,Scuticociliatia,Scuticociliatia_unclassified,Scuticociliatia_unclassified
asv3292,Eukaryota,Alveolata,Ciliophora,Oligohymenophorea,Scuticociliatia,Scuticociliatia_unclassified,Scuticociliatia_unclassified,Scuticociliatia_unclassified
asv3530,Eukaryota,Alveolata,Ciliophora,Oligohymenophorea,Scuticociliatia,Scuticociliatia_unclassified,Scuticociliatia_unclassified,Scuticociliatia_unclassified
asv7057,Eukaryota,Alveolata,Ciliophora,Oligohymenophorea,Scuticociliatia,Scuticociliatia_unclassified,Scuticociliatia_unclassified,Scuticociliatia_unclassified
asv1969,Eukaryota,Stramenopiles,Ochrophyta,Bacillariophyta,Bacillariophyta,Raphid-pennate,Sellaphora,Sellaphora_pupula
asv2303,Eukaryota,Rhizaria,Cercozoa,Endomyxa,Vampyrellida,Sey-lineage,Sey-lineage,Sey-lineage_sp.
asv2752,Eukaryota,Rhizaria,Cercozoa,Endomyxa,Vampyrellida,Sey-lineage,Sey-lineage,Sey-lineage_sp.
asv4887,Eukaryota,Rhizaria,Cercozoa,Endomyxa,Vampyrellida,Sey-lineage,Sey-lineage,Sey-lineage_sp.
asv6552,Eukaryota,Rhizaria,Cercozoa,Endomyxa,Vampyrellida,Sey-lineage,Sey-lineage,Sey-lineage_sp.
asv2081,Eukaryota,Opisthokonta,Fungi,Ascomycota,Pezizomycotina,Dothideomycetes,Slimacomyces,Slimacomyces_isiola
asv4761,Eukaryota,Opisthokonta,Fungi,Ascomycota,Pezizomycotina,Dothideomycetes,Slimacomyces,Slimacomyces_isiola
asv0525,Eukaryota,Opisthokonta,Fungi,Ascomycota,Pezizomycotina,Sordariomycetes,Sordariomycetes_unclassified,Sordariomycetes_unclassified
asv4952,Eukaryota,Opisthokonta,Fungi,Ascomycota,Pezizomycotina,Sordariomycetes,Sordariomycetes_unclassified,Sordariomycetes_unclassified
asv0114,Eukaryota,Alveolata,Ciliophora,Litostomatea,Haptoria,Spathidiidae,Spathidiidae_unclassified,Spathidiidae_unclassified
asv0516,Eukaryota,Alveolata,Ciliophora,Litostomatea,Haptoria,Spathidiidae,Spathidiidae_unclassified,Spathidiidae_unclassified
asv1683,Eukaryota,Alveolata,Ciliophora,Litostomatea,Haptoria,Spathidiidae,Spathidiidae_unclassified,Spathidiidae_unclassified
asv1898,Eukaryota,Alveolata,Ciliophora,Litostomatea,Haptoria,Spathidiidae,Spathidiidae_unclassified,Spathidiidae_unclassified
asv5146,Eukaryota,Opisthokonta,Choanoflagellida,Choanoflagellida,Choanoflagellida,Clade-,Sphaeroeca,Sphaeroeca_leprechaunica
asv1877,Eukaryota,Opisthokonta,Choanoflagellida,Choanoflagellida,Choanoflagellida,Clade-,Sphaeroeca,Sphaeroeca_unclassified
asv7242,Eukaryota,Opisthokonta,Choanoflagellida,Choanoflagellida,Choanoflagellida,Clade-,Sphaeroeca,Sphaeroeca_unclassified
asv1993,Eukaryota,Archaeplastida,Chlorophyta,Chlorophyceae,Sphaeropleales,Sphaeropleales,Sphaeropleales_unclassified,Sphaeropleales_unclassified
asv2041,Eukaryota,Archaeplastida,Chlorophyta,Chlorophyceae,Sphaeropleales,Sphaeropleales_unclassified,Sphaeropleales_unclassified,Sphaeropleales_unclassified
asv2939,Eukaryota,Archaeplastida,Chlorophyta,Chlorophyceae,Sphaeropleales,Sphaeropleales_unclassified,Sphaeropleales_unclassified,Sphaeropleales_unclassified
asv4280,Eukaryota,Archaeplastida,Chlorophyta,Chlorophyceae,Sphaeropleales,Sphaeropleales,Sphaeropleales_unclassified,Sphaeropleales_unclassified
asv5888,Eukaryota,Archaeplastida,Chlorophyta,Chlorophyceae,Sphaeropleales,Sphaeropleales,Sphaeropleales_unclassified,Sphaeropleales_unclassified
asv8863,Eukaryota,Archaeplastida,Chlorophyta,Chlorophyceae,Sphaeropleales,Sphaeropleales,Sphaeropleales_unclassified,Sphaeropleales_unclassified
asv0179,Eukaryota,Alveolata,Ciliophora,Spirotrichea,Spirotrichea_unclassified,Spirotrichea_unclassified,Spirotrichea_unclassified,Spirotrichea_unclassified
asv0416,Eukaryota,Alveolata,Ciliophora,Spirotrichea,Spirotrichea_unclassified,Spirotrichea_unclassified,Spirotrichea_unclassified,Spirotrichea_unclassified
asv0713,Eukaryota,Alveolata,Ciliophora,Spirotrichea,Spirotrichea_unclassified,Spirotrichea_unclassified,Spirotrichea_unclassified,Spirotrichea_unclassified
asv1077,Eukaryota,Alveolata,Ciliophora,Spirotrichea,Spirotrichea_unclassified,Spirotrichea_unclassified,Spirotrichea_unclassified,Spirotrichea_unclassified
asv1889,Eukaryota,Alveolata,Ciliophora,Spirotrichea,Spirotrichea_unclassified,Spirotrichea_unclassified,Spirotrichea_unclassified,Spirotrichea_unclassified
asv2508,Eukaryota,Alveolata,Ciliophora,Spirotrichea,Spirotrichea_unclassified,Spirotrichea_unclassified,Spirotrichea_unclassified,Spirotrichea_unclassified
asv2729,Eukaryota,Alveolata,Ciliophora,Spirotrichea,Spirotrichea_unclassified,Spirotrichea_unclassified,Spirotrichea_unclassified,Spirotrichea_unclassified
asv3214,Eukaryota,Alveolata,Ciliophora,Spirotrichea,Spirotrichea_unclassified,Spirotrichea_unclassified,Spirotrichea_unclassified,Spirotrichea_unclassified
asv4825,Eukaryota,Alveolata,Ciliophora,Spirotrichea,Spirotrichea_unclassified,Spirotrichea_unclassified,Spirotrichea_unclassified,Spirotrichea_unclassified
asv3026,Eukaryota,Rhizaria,Cercozoa,Filosa-Imbricatea,Spongomonadida,Spongomonadidae,Spongomonas,Spongomonas_unclassified
asv2632,Eukaryota,Rhizaria,Cercozoa,Endomyxa-Phytomyxea,Plasmodiophorida,Plasmodiophorida,Spongospora,Spongospora_sp.
asv2926,Eukaryota,Rhizaria,Cercozoa,Endomyxa-Phytomyxea,Plasmodiophorida,Plasmodiophorida,Spongospora,Spongospora_sp.
asv3118,Eukaryota,Rhizaria,Cercozoa,Endomyxa-Phytomyxea,Plasmodiophorida,Plasmodiophorida,Spongospora,Spongospora_sp.
asv3350,Eukaryota,Rhizaria,Cercozoa,Endomyxa-Phytomyxea,Plasmodiophorida,Plasmodiophorida,Spongospora,Spongospora_sp.
asv3469,Eukaryota,Rhizaria,Cercozoa,Endomyxa-Phytomyxea,Plasmodiophorida,Plasmodiophorida,Spongospora,Spongospora_sp.
asv6273,Eukaryota,Rhizaria,Cercozoa,Endomyxa-Phytomyxea,Plasmodiophorida,Plasmodiophorida,Spongospora,Spongospora_sp.
asv6123,Eukaryota,Rhizaria,Cercozoa,Endomyxa-Phytomyxea,Plasmodiophorida,Plasmodiophorida,Spongospora,Spongospora_subterranea
asv7937,Eukaryota,Rhizaria,Cercozoa,Endomyxa-Phytomyxea,Plasmodiophorida,Plasmodiophorida,Spongospora,Spongospora_subterranea
asv0627,Eukaryota,Rhizaria,Cercozoa,Endomyxa-Phytomyxea,Plasmodiophorida,Plasmodiophorida,Spongospora,Spongospora_unclassified
asv5218,Eukaryota,Rhizaria,Cercozoa,Endomyxa-Phytomyxea,Plasmodiophorida,Plasmodiophorida,Spongospora,Spongospora_unclassified
asv0765,Eukaryota,Stramenopiles,Ochrophyta,Chrysophyceae,Chrysophyceae,Chrysophyceae_Clade-C,Spumella,Spumella_unclassified
asv0293,Eukaryota,Stramenopiles,Ochrophyta,Bacillariophyta,Bacillariophyta,Araphid-pennate,Staurosira,Staurosira_sp.
asv0053,Eukaryota,Stramenopiles,Ochrophyta,Bacillariophyta,Bacillariophyta,Araphid-pennate,Staurosira,Staurosira_unclassified
asv0196,Eukaryota,Stramenopiles,Ochrophyta,Bacillariophyta,Bacillariophyta,Araphid-pennate,Staurosira,Staurosira_unclassified
asv0444,Eukaryota,Stramenopiles,Ochrophyta,Bacillariophyta,Bacillariophyta,Araphid-pennate,Staurosira,Staurosira_unclassified
asv0551,Eukaryota,Stramenopiles,Ochrophyta,Bacillariophyta,Bacillariophyta,Araphid-pennate,Staurosira,Staurosira_unclassified
asv0691,Eukaryota,Stramenopiles,Ochrophyta,Bacillariophyta,Bacillariophyta,Araphid-pennate,Staurosira,Staurosira_unclassified
asv0766,Eukaryota,Stramenopiles,Ochrophyta,Bacillariophyta,Bacillariophyta,Araphid-pennate,Staurosira,Staurosira_unclassified
asv0909,Eukaryota,Stramenopiles,Ochrophyta,Bacillariophyta,Bacillariophyta,Araphid-pennate,Staurosira,Staurosira_unclassified
asv1555,Eukaryota,Stramenopiles,Ochrophyta,Bacillariophyta,Bacillariophyta,Araphid-pennate,Staurosira,Staurosira_unclassified
asv1628,Eukaryota,Stramenopiles,Ochrophyta,Bacillariophyta,Bacillariophyta,Araphid-pennate,Staurosira,Staurosira_unclassified
asv1927,Eukaryota,Stramenopiles,Ochrophyta,Bacillariophyta,Bacillariophyta,Araphid-pennate,Staurosira,Staurosira_unclassified
asv2359,Eukaryota,Stramenopiles,Ochrophyta,Bacillariophyta,Bacillariophyta,Araphid-pennate,Staurosira,Staurosira_unclassified
asv2453,Eukaryota,Stramenopiles,Ochrophyta,Bacillariophyta,Bacillariophyta,Araphid-pennate,Staurosira,Staurosira_unclassified
asv2478,Eukaryota,Stramenopiles,Ochrophyta,Bacillariophyta,Bacillariophyta,Araphid-pennate,Staurosira,Staurosira_unclassified
asv2823,Eukaryota,Stramenopiles,Ochrophyta,Bacillariophyta,Bacillariophyta,Araphid-pennate,Staurosira,Staurosira_unclassified
asv5385,Eukaryota,Stramenopiles,Ochrophyta,Bacillariophyta,Bacillariophyta,Araphid-pennate,Staurosira,Staurosira_unclassified
asv6540,Eukaryota,Amoebozoa,Lobosa,Discosea-Longamoebia,Thecamoebida,Thecamoebidae,Stenamoeba,Stenamoeba_stenopodia
asv1181,Eukaryota,Alveolata,Apicomplexa,Apicomplexa,Gregarines,Gregarines,Stenophora,Stenophora_robusta
asv1360,Eukaryota,Alveolata,Apicomplexa,Apicomplexa,Gregarines,Gregarines,Stenophora,Stenophora_robusta
asv1547,Eukaryota,Alveolata,Apicomplexa,Apicomplexa,Gregarines,Gregarines,Stenophora,Stenophora_robusta
asv1858,Eukaryota,Alveolata,Apicomplexa,Apicomplexa,Gregarines,Gregarines,Stenophora,Stenophora_robusta
asv3833,Eukaryota,Alveolata,Apicomplexa,Apicomplexa,Gregarines,Gregarines,Stenophora,Stenophora_robusta
asv4623,Eukaryota,Alveolata,Apicomplexa,Apicomplexa,Gregarines,Gregarines,Stenophora,Stenophora_robusta
asv4815,Eukaryota,Alveolata,Apicomplexa,Apicomplexa,Gregarines,Gregarines,Stenophora,Stenophora_robusta
asv7698,Eukaryota,Alveolata,Apicomplexa,Apicomplexa,Gregarines,Gregarines,Stenophora,Stenophora_robusta
asv1751,Eukaryota,Archaeplastida,Chlorophyta,Chlorophyceae,Chaetophorales,Chaetophorales,Stigeoclonium,Stigeoclonium_helveticum
asv1290,Eukaryota,Stramenopiles,Stramenopiles_unclassified,Stramenopiles_unclassified,Stramenopiles_unclassified,Stramenopiles_unclassified,Stramenopiles_unclassified,Stramenopiles_unclassified
asv1301,Eukaryota,Stramenopiles,Stramenopiles_unclassified,Stramenopiles_unclassified,Stramenopiles_unclassified,Stramenopiles_unclassified,Stramenopiles_unclassified,Stramenopiles_unclassified
asv1480,Eukaryota,Stramenopiles,Stramenopiles_unclassified,Stramenopiles_unclassified,Stramenopiles_unclassified,Stramenopiles_unclassified,Stramenopiles_unclassified,Stramenopiles_unclassified
asv1926,Eukaryota,Stramenopiles,Stramenopiles_unclassified,Stramenopiles_unclassified,Stramenopiles_unclassified,Stramenopiles_unclassified,Stramenopiles_unclassified,Stramenopiles_unclassified
asv1934,Eukaryota,Stramenopiles,Stramenopiles,Stramenopiles_unclassified,Stramenopiles_unclassified,Stramenopiles_unclassified,Stramenopiles_unclassified,Stramenopiles_unclassified
asv2391,Eukaryota,Stramenopiles,Stramenopiles_unclassified,Stramenopiles_unclassified,Stramenopiles_unclassified,Stramenopiles_unclassified,Stramenopiles_unclassified,Stramenopiles_unclassified
asv2513,Eukaryota,Stramenopiles,Stramenopiles,Stramenopiles_unclassified,Stramenopiles_unclassified,Stramenopiles_unclassified,Stramenopiles_unclassified,Stramenopiles_unclassified
asv2871,Eukaryota,Stramenopiles,Stramenopiles,Stramenopiles_unclassified,Stramenopiles_unclassified,Stramenopiles_unclassified,Stramenopiles_unclassified,Stramenopiles_unclassified
asv7465,Eukaryota,Stramenopiles,Stramenopiles_unclassified,Stramenopiles_unclassified,Stramenopiles_unclassified,Stramenopiles_unclassified,Stramenopiles_unclassified,Stramenopiles_unclassified
asv0142,Eukaryota,Archaeplastida,Streptophyta,Streptophyta_unclassified,Streptophyta_unclassified,Streptophyta_unclassified,Streptophyta_unclassified,Streptophyta_unclassified
asv0352,Eukaryota,Archaeplastida,Streptophyta,Streptophyta_unclassified,Streptophyta_unclassified,Streptophyta_unclassified,Streptophyta_unclassified,Streptophyta_unclassified
asv0022,Eukaryota,Alveolata,Ciliophora,Spirotrichea,Strombidiida_A,Strombidiida_A,Strombidiida_A,Strombidiida_A_sp.
asv6864,Eukaryota,Alveolata,Ciliophora,Phyllopharyngea,Suctoria,Suctoria_unclassified,Suctoria_unclassified,Suctoria_unclassified
asv7948,Eukaryota,Alveolata,Ciliophora,Phyllopharyngea,Suctoria,Suctoria_unclassified,Suctoria_unclassified,Suctoria_unclassified
asv0515,Eukaryota,Alveolata,Dinoflagellata,Dinophyceae,Suessiales,Suessiaceae,Suessiaceae_unclassified,Suessiaceae_unclassified
asv1044,Eukaryota,Stramenopiles,Ochrophyta,Bacillariophyta,Bacillariophyta,Raphid-pennate,Surirella,Surirella_unclassified
asv2188,Eukaryota,Alveolata,Apicomplexa,Apicomplexa,Gregarines,Gregarines,Syncystis,Syncystis_mirabilis
asv1116,Eukaryota,Stramenopiles,Ochrophyta,Bacillariophyta,Bacillariophyta,Araphid-pennate,Synedra,Synedra_unclassified
asv6119,Eukaryota,Alveolata,Ciliophora,Phyllopharyngea,Synhymenia,Synhymenia_unclassified,Synhymenia_unclassified,Synhymenia_unclassified
asv5279,Eukaryota,Alveolata,Ciliophora,Phyllopharyngea,Synhymenia,Synhymeniidae,Synhymeniid,Synhymeniid_sp.
asv6262,Eukaryota,Alveolata,Ciliophora,Phyllopharyngea,Synhymenia,Synhymeniidae,Synhymeniid,Synhymeniid_sp.
asv0140,Eukaryota,Hacrobia,Telonemia,Telonemia,Telonemia,Telonemia-Group-,Telonemia-Group-_unclassified,Telonemia-Group-_unclassified
asv0188,Eukaryota,Alveolata,Ciliophora,Oligohymenophorea,Tetrahymenida,Tetrahymenida_unclassified,Tetrahymenida_unclassified,Tetrahymenida_unclassified
asv5699,Eukaryota,Excavata,Discoba,Heterolobosea,Heterolobosea,Vahlkampfiidae,Tetramitus,Tetramitus_sp.
asv0239,Eukaryota,Rhizaria,Cercozoa,Filosa-Imbricatea,Thaumatomonadida,Thaumatomonadida_unclassified,Thaumatomonadida_unclassified,Thaumatomonadida_unclassified
asv0755,Eukaryota,Stramenopiles,Stramenopiles,Labyrinthulea,Thraustochytriales,Thraustochytriaceae,Thraustochytriaceae,Thraustochytriaceae_sp.
asv1186,Eukaryota,Stramenopiles,Stramenopiles,Labyrinthulea,Thraustochytriales,Thraustochytriaceae,Thraustochytriaceae,Thraustochytriaceae_sp.
asv2234,Eukaryota,Stramenopiles,Stramenopiles,Labyrinthulea,Thraustochytriales,Thraustochytriaceae,Thraustochytriaceae,Thraustochytriaceae_sp.
asv2255,Eukaryota,Stramenopiles,Stramenopiles,Labyrinthulea,Thraustochytriales,Thraustochytriaceae,Thraustochytriaceae,Thraustochytriaceae_sp.
asv4209,Eukaryota,Stramenopiles,Stramenopiles,Labyrinthulea,Thraustochytriales,Thraustochytriaceae,Thraustochytriaceae,Thraustochytriaceae_sp.
asv6018,Eukaryota,Stramenopiles,Stramenopiles,Labyrinthulea,Thraustochytriales,Thraustochytriaceae,Thraustochytriaceae,Thraustochytriaceae_sp.
asv0955,Eukaryota,Stramenopiles,Stramenopiles,Labyrinthulea,Thraustochytriales,Thraustochytriaceae,Thraustochytriaceae_unclassified,Thraustochytriaceae_unclassified
asv2541,Eukaryota,Stramenopiles,Stramenopiles,Labyrinthulea,Thraustochytriales,Thraustochytriaceae,Thraustochytriaceae_unclassified,Thraustochytriaceae_unclassified
asv1117,Eukaryota,Opisthokonta,Fungi,Ascomycota,Pezizomycotina,Eurotiomycetes,Thysanophora,Thysanophora_unclassified
asv0782,Eukaryota,Alveolata,Ciliophora,Spirotrichea,Tintinnida,Tintinnida_unclassified,Tintinnida_unclassified,Tintinnida_unclassified
asv5008,Eukaryota,Alveolata,Ciliophora,Spirotrichea,Tintinnida,Tintinnida_unclassified,Tintinnida_unclassified,Tintinnida_unclassified
asv6023,Eukaryota,Alveolata,Ciliophora,Spirotrichea,Tintinnida,Tintinnida_unclassified,Tintinnida_unclassified,Tintinnida_unclassified
asv5903,Eukaryota,Alveolata,Ciliophora,Spirotrichea,Tintinnida,Tintinnidiidae,Tintinnidium,Tintinnidium_unclassified
asv0083,Eukaryota,Alveolata,Ciliophora,Spirotrichea,Tintinnida,TIN_,Tintinnopsis_,Tintinnopsis_unclassified
asv4616,Eukaryota,Opisthokonta,Metazoa,Nematoda,Enoplea,Enoplea,Tobrilus,Tobrilus_unclassified
asv1080,Eukaryota,Archaeplastida,Chlorophyta,Trebouxiophyceae,Microthamniales,Microthamniales,Trebouxia,Trebouxia_unclassified
asv0588,Eukaryota,Archaeplastida,Chlorophyta,Trebouxiophyceae,Trebouxiophyceae_unclassified,Trebouxiophyceae_unclassified,Trebouxiophyceae_unclassified,Trebouxiophyceae_unclassified
asv3959,Eukaryota,Opisthokonta,Fungi,Basidiomycota,Agaricomycotina,Agaricomycetes,Trechispora,Trechispora_unclassified
asv1467,Eukaryota,Opisthokonta,Fungi,Basidiomycota,Agaricomycotina,Tremellomycetes,Tremellomycetes_unclassified,Tremellomycetes_unclassified
asv3553,Eukaryota,Excavata,Metamonada,Fornicata,Fornicata,Hexamitinae-Enteromonadida,Trepomonas,Trepomonas_unclassified
asv4367,Eukaryota,Excavata,Metamonada,Fornicata,Fornicata,Hexamitinae-Enteromonadida,Trepomonas,Trepomonas_unclassified
asv4676,Eukaryota,Excavata,Metamonada,Fornicata,Fornicata,Hexamitinae-Enteromonadida,Trepomonas,Trepomonas_unclassified
asv5384,Eukaryota,Excavata,Metamonada,Fornicata,Fornicata,Hexamitinae-Enteromonadida,Trepomonas,Trepomonas_unclassified
asv5683,Eukaryota,Stramenopiles,Ochrophyta,Xanthophyceae,Xanthophyceae,Xanthophyceae,Tribonema,Tribonema_unclassified
asv7440,Eukaryota,Amoebozoa,Conosa,Mycetozoa-Myxogastrea,Trichiales,Trichiaceae,Trichia,Trichia_unclassified
asv2856,Eukaryota,Excavata,Metamonada,Preaxostyla,Oxymonadida,Trimastigidae,Trimastix,Trimastix_pyriformis
asv5386,Eukaryota,Rhizaria,Cercozoa,Filosa-Imbricatea,Euglyphida,Trinematidae,Trinema,Trinema_unclassified
asv2848,Eukaryota,Rhizaria,Cercozoa,Filosa-Imbricatea,Euglyphida,Trinematidae,Trinematidae_unclassified,Trinematidae_unclassified
asv3537,Eukaryota,Rhizaria,Cercozoa,Filosa-Imbricatea,Euglyphida,Trinematidae,Trinematidae_unclassified,Trinematidae_unclassified
asv0019,Eukaryota,Opisthokonta,Metazoa,Annelida,Annelida,Annelida,Tubifex,Tubifex_tubifex
asv0048,Eukaryota,Opisthokonta,Metazoa,Annelida,Annelida,Annelida,Tubifex,Tubifex_tubifex
asv0313,Eukaryota,Opisthokonta,Metazoa,Annelida,Annelida,Annelida,Tubifex,Tubifex_tubifex
asv0043,Eukaryota,Amoebozoa,Lobosa,Tubulinea,Tubulinea,Tubulinea,Tubulinea,Tubulinea_sp.
asv1093,Eukaryota,Amoebozoa,Lobosa,Tubulinea,Tubulinea_unclassified,Tubulinea_unclassified,Tubulinea_unclassified,Tubulinea_unclassified
asv1823,Eukaryota,Amoebozoa,Lobosa,Tubulinea,Tubulinea_unclassified,Tubulinea_unclassified,Tubulinea_unclassified,Tubulinea_unclassified
asv4890,Eukaryota,Amoebozoa,Lobosa,Tubulinea,Tubulinea_unclassified,Tubulinea_unclassified,Tubulinea_unclassified,Tubulinea_unclassified
asv5583,Eukaryota,Amoebozoa,Lobosa,Tubulinea,Tubulinea_unclassified,Tubulinea_unclassified,Tubulinea_unclassified,Tubulinea_unclassified
asv6141,Eukaryota,Amoebozoa,Lobosa,Tubulinea,Tubulinea_unclassified,Tubulinea_unclassified,Tubulinea_unclassified,Tubulinea_unclassified
asv3002,Eukaryota,Stramenopiles,Stramenopiles,Labyrinthulea,Thraustochytriales,Thraustochytriaceae,Ulkenia,Ulkenia_unclassified
asv5459,Eukaryota,Opisthokonta,Fungi,Mucoromycota,Mucoromycotina,Mucoromycotina,Umbelopsis,Umbelopsis_sp.
asv2834,Eukaryota,Excavata,Discoba,Heterolobosea,Heterolobosea,Vahlkampfiidae,Vahlkampfia,Vahlkampfia_avara
asv2923,Eukaryota,Rhizaria,Cercozoa,Endomyxa,Vampyrellida,Vampyrellida_unclassified,Vampyrellida_unclassified,Vampyrellida_unclassified
asv3125,Eukaryota,Rhizaria,Cercozoa,Endomyxa,Vampyrellida,Vampyrellida_unclassified,Vampyrellida_unclassified,Vampyrellida_unclassified
asv8252,Eukaryota,Amoebozoa,Conosa,Variosea,Variosea,Variosea,Variosea,Variosea_sp.
asv5064,Eukaryota,Rhizaria,Cercozoa,Filosa-Thecofilosea,Ventricleftida,Ventricleftida,Ventricleftida,Ventricleftida_sp.
asv3827,Eukaryota,Amoebozoa,Lobosa,Discosea-Flabellinia,Dactylopodida,Vexilliferidae,Vexillifera,Vexillifera_fluvialis
asv0671,Eukaryota,Alveolata,Ciliophora,Oligohymenophorea,Sessilida,Vorticellidae,Vorticella,Vorticella_gracilis
asv0756,Eukaryota,Alveolata,Ciliophora,Oligohymenophorea,Sessilida,Vorticellidae,Vorticella,Vorticella_gracilis
asv0703,Eukaryota,Alveolata,Ciliophora,Oligohymenophorea,Sessilida,Vorticellidae,Vorticella,Vorticella_unclassified
asv0775,Eukaryota,Alveolata,Ciliophora,Oligohymenophorea,Sessilida,Vorticellidae,Vorticella,Vorticella_unclassified
asv0374,Eukaryota,Alveolata,Ciliophora,Oligohymenophorea,Sessilida,Vorticellidae,Vorticellidae_unclassified,Vorticellidae_unclassified
asv0461,Eukaryota,Alveolata,Ciliophora,Oligohymenophorea,Sessilida,Vorticellidae,Vorticellidae_unclassified,Vorticellidae_unclassified
asv1256,Eukaryota,Alveolata,Ciliophora,Oligohymenophorea,Sessilida,Vorticellidae,Vorticellidae_unclassified,Vorticellidae_unclassified
asv8864,Eukaryota,Amoebozoa,Conosa,Variosea,Variosea,WIM-lineage,WIM-lineage,WIM-lineage_sp.
asv0148,Eukaryota,Alveolata,Dinoflagellata,Dinophyceae,Dinophyceae,Tovelliaceae,Woloszynskia,Woloszynskia_halophila
asv0014,Eukaryota,Alveolata,Dinoflagellata,Dinophyceae,Dinophyceae,Tovelliaceae,Woloszynskia,Woloszynskia_unclassified
asv3832,Eukaryota,Stramenopiles,Ochrophyta,Xanthophyceae,Xanthophyceae,Xanthophyceae,Xanthophyceae_unclassified,Xanthophyceae_unclassified