,source,target,type,weight,bottleneck_flux,norm_bottleneck_flux
0,5,1927,Undirected,84,0.0,0.0
1,661,1902,Undirected,4,0.0,0.0
2,1219,455,Undirected,1,0.0,0.0
3,1153,1693,Undirected,1,0.0,0.0
4,272,1855,Undirected,1,0.0,0.0
5,880,1902,Undirected,6,0.0,0.0
6,1899,1924,Undirected,1,0.0,0.0
7,1762,1211,Undirected,5,0.0,0.0
8,1649,916,Undirected,1,0.0,0.0
9,1106,1725,Undirected,2,0.0,0.0
10,1969,369,Undirected,47,0.0,0.0
11,585,870,Undirected,5,0.0,0.0
12,1449,946,Undirected,11,0.0,0.0
13,116,1372,Undirected,1,0.0,0.0
14,1716,1815,Undirected,4,2.701558033431118e-07,0.2324400458000386
15,319,319,Undirected,9,0.0,0.0
16,1308,1006,Undirected,1,0.0,0.0
17,449,1270,Undirected,7,0.0,0.0
18,1885,815,Undirected,2,2.743798365231276e-07,0.2360743725613881
19,1671,1655,Undirected,1,0.0,0.0
20,1574,1399,Undirected,2,0.0,0.0
21,272,852,Undirected,4,0.0,0.0
22,1338,1287,Undirected,1,0.0,0.0
23,1188,93,Undirected,14,0.0,0.0
24,285,1143,Undirected,1,0.0,0.0
25,796,796,Undirected,44,0.0,0.0
26,824,1171,Undirected,1,0.0,0.0
27,689,207,Undirected,5,0.0,0.0
28,1938,1828,Undirected,1,0.0,0.0
29,1498,68,Undirected,7,0.0,0.0
30,822,1647,Undirected,2,0.0,0.0
31,684,543,Undirected,2,0.0,0.0
32,816,816,Undirected,74,0.0,0.0
33,1611,1276,Undirected,3,0.0,0.0
34,1618,1837,Undirected,1,0.0,0.0
35,56,1420,Undirected,3,0.0,0.0
36,659,62,Undirected,2,0.0,0.0
37,712,1643,Undirected,53,0.0,0.0
38,396,1516,Undirected,2,0.0,0.0
39,1833,1833,Undirected,86,0.0,0.0
40,817,817,Undirected,48,0.0,0.0
41,1974,1375,Undirected,110,0.0,0.0
42,688,98,Undirected,7,0.0,0.0
43,1443,1443,Undirected,47,0.0,0.0
44,345,145,Undirected,11,0.0,0.0
45,1141,814,Undirected,77,0.0,0.0
46,528,462,Undirected,1,0.0,0.0
47,1969,1938,Undirected,1,0.0,0.0
48,1434,1758,Undirected,32,0.0,0.0
49,1420,853,Undirected,1,0.0,0.0
50,1795,741,Undirected,5,0.0,0.0
51,438,582,Undirected,7,0.0,0.0
52,1739,1974,Undirected,6,0.0,0.0
53,529,1402,Undirected,1,0.0,0.0
54,89,1141,Undirected,31,0.0,0.0
55,1424,1837,Undirected,1,0.0,0.0
56,979,979,Undirected,405,0.0,0.0
57,931,1126,Undirected,6,0.0,0.0
58,512,1911,Undirected,3,0.0,0.0
59,1281,1783,Undirected,1,0.0,0.0
60,128,1928,Undirected,1,0.0,0.0
61,1434,771,Undirected,14,0.0,0.0
62,916,1870,Undirected,3,0.0,0.0
63,1785,1356,Undirected,3,0.0,0.0
64,1827,163,Undirected,16,0.0,0.0
65,1780,853,Undirected,60,0.0,0.0
66,1602,308,Undirected,18,0.0,0.0
67,985,433,Undirected,7,0.0,0.0
68,1866,1866,Undirected,101,0.0,0.0
69,1208,966,Undirected,3,0.0,0.0
70,1048,783,Undirected,3,0.0,0.0
71,1555,719,Undirected,6,0.0,0.0
72,794,1491,Undirected,5,0.0,0.0
73,643,1989,Undirected,10,0.0,0.0
74,1920,1308,Undirected,2,0.0,0.0
75,433,1372,Undirected,9,0.0,0.0
76,1008,722,Undirected,1,0.0,0.0
77,1428,983,Undirected,2,0.0,0.0
78,561,818,Undirected,3,0.0,0.0
79,221,967,Undirected,1,0.0,0.0
80,1073,509,Undirected,1,0.0,0.0
81,1560,556,Undirected,33,0.0,0.0
82,477,477,Undirected,12,0.0,0.0
83,754,621,Undirected,4,0.0,0.0
84,1349,1479,Undirected,7,0.0,0.0
85,1657,818,Undirected,6,0.0,0.0
86,1072,1653,Undirected,2,0.0,0.0
87,1635,998,Undirected,1,0.0,0.0
88,264,418,Undirected,2,0.0,0.0
89,777,269,Undirected,4,0.0,0.0
90,1297,35,Undirected,1,0.0,0.0
91,787,1795,Undirected,60,0.0,0.0
92,137,1638,Undirected,6,0.0,0.0
93,1186,1079,Undirected,2,0.0,0.0
94,1808,1901,Undirected,9,0.0,0.0
95,1484,1375,Undirected,42,0.0,0.0
96,1455,1783,Undirected,5,0.0,0.0
97,1548,949,Undirected,3,0.0,0.0
98,408,1548,Undirected,44,0.0,0.0
99,932,228,Undirected,1,0.0,0.0
100,1112,1129,Undirected,13,0.0,0.0
101,382,382,Undirected,88,0.0,0.0
102,193,1562,Undirected,7,0.0,0.0
103,481,1495,Undirected,22,0.0,0.0
104,1363,1174,Undirected,2,0.0,0.0
105,1680,1207,Undirected,5,0.0,0.0
106,1371,567,Undirected,1,0.0,0.0
107,56,711,Undirected,4,0.0,0.0
108,1674,1756,Undirected,23,0.0,0.0
109,1856,1695,Undirected,10,0.0,0.0
110,1371,1375,Undirected,98,0.0,0.0
111,1986,1731,Undirected,2,0.0,0.0
112,528,414,Undirected,2,0.0,0.0
113,1920,914,Undirected,2,0.0,0.0
114,1734,887,Undirected,4,0.0,0.0
115,514,514,Undirected,185,0.0,0.0
116,1937,1685,Undirected,3,0.0,0.0
117,1499,758,Undirected,4,0.0,0.0
118,1453,1455,Undirected,21,0.0,0.0
119,1707,1980,Undirected,4,0.0,0.0
120,937,1301,Undirected,1,0.0,0.0
121,1834,1219,Undirected,3,0.0,0.0
122,842,1549,Undirected,2,0.0,0.0
123,1932,1701,Undirected,2,0.0,0.0
124,1852,1654,Undirected,1,0.0,0.0
125,840,777,Undirected,1,0.0,0.0
126,227,1462,Undirected,1,0.0,0.0
127,176,1153,Undirected,2,0.0,0.0
128,1747,1933,Undirected,3,0.0,0.0
129,1834,1371,Undirected,1,0.0,0.0
130,1240,424,Undirected,1,0.0,0.0
131,1435,1806,Undirected,5,0.0,0.0
132,639,639,Undirected,73,0.0,0.0
133,1219,719,Undirected,16,0.0,0.0
134,444,1373,Undirected,1,0.0,0.0
135,1482,915,Undirected,1,0.0,0.0
136,1516,1447,Undirected,2,0.0,0.0
137,1882,525,Undirected,2,0.0,0.0
138,526,439,Undirected,1,0.0,0.0
139,1427,893,Undirected,1,0.0,0.0
140,1675,1900,Undirected,2,0.0,0.0
141,914,495,Undirected,51,0.0,0.0
142,419,1836,Undirected,1,0.0,0.0
143,352,601,Undirected,3,0.0,0.0
144,424,1602,Undirected,7,0.0,0.0
145,1994,506,Undirected,6,0.0,0.0
146,1079,1079,Undirected,322,0.0,0.0
147,1462,1679,Undirected,4,0.0,0.0
148,1780,1783,Undirected,34,0.0,0.0
149,354,303,Undirected,1,0.0,0.0
150,1782,1782,Undirected,252,0.0,0.0
151,1593,1879,Undirected,2,0.0,0.0
152,1699,195,Undirected,2,0.0,0.0
153,1392,1969,Undirected,3,0.0,0.0
154,1197,495,Undirected,16,0.0,0.0
155,585,610,Undirected,1,0.0,0.0
156,1740,271,Undirected,1,0.0,0.0
157,1693,661,Undirected,2,0.0,0.0
158,1739,1756,Undirected,18,0.0,0.0
159,272,635,Undirected,1,0.0,0.0
160,547,1279,Undirected,1,0.0,0.0
161,1161,188,Undirected,2,5.486424837222837e-07,0.47204791629920806
162,1736,1736,Undirected,43,0.0,0.0
163,1308,990,Undirected,1,0.0,0.0
164,1841,730,Undirected,11,0.0,0.0
165,433,1499,Undirected,1,0.0,0.0
166,740,1030,Undirected,14,0.0,0.0
167,926,623,Undirected,1,0.0,0.0
168,1555,1343,Undirected,5,0.0,0.0
169,216,1154,Undirected,1,0.0,0.0
170,496,819,Undirected,8,0.0,0.0
171,1475,1838,Undirected,47,0.0,0.0
172,1576,1028,Undirected,1,0.0,0.0
173,1347,414,Undirected,2,0.0,0.0
174,1849,1519,Undirected,1,0.0,0.0
175,830,830,Undirected,40,0.0,0.0
176,81,81,Undirected,20,0.0,0.0
177,1328,1294,Undirected,1,0.0,0.0
178,472,764,Undirected,23,0.0,0.0
179,1243,717,Undirected,3,0.0,0.0
180,1771,1771,Undirected,24,0.0,0.0
181,1767,1527,Undirected,1,0.0,0.0
182,996,309,Undirected,1,0.0,0.0
183,1525,1278,Undirected,10,0.0,0.0
184,1816,1476,Undirected,1,0.0,0.0
185,622,1607,Undirected,1,0.0,0.0
186,1484,1996,Undirected,47,0.0,0.0
187,1530,1383,Undirected,1,0.0,0.0
188,1459,127,Undirected,1,0.0,0.0
189,1300,1653,Undirected,2,0.0,0.0
190,898,898,Undirected,10,0.0,0.0
191,1778,1837,Undirected,12,0.0,0.0
192,1448,1646,Undirected,1,0.0,0.0
193,1593,1714,Undirected,2,0.0,0.0
194,739,1383,Undirected,2,0.0,0.0
195,933,933,Undirected,8,0.0,0.0
196,5,1949,Undirected,4,0.0,0.0
197,1484,1780,Undirected,150,0.0,0.0
198,1675,1774,Undirected,3,0.0,0.0
199,1497,283,Undirected,2,0.0,0.0
200,1491,1710,Undirected,5,0.0,0.0
201,67,1613,Undirected,1,0.0,0.0
202,1448,1597,Undirected,3,0.0,0.0
203,1010,1010,Undirected,30,0.0,0.0
204,1250,1428,Undirected,1,0.0,0.0
205,325,1966,Undirected,2,0.0,0.0
206,1540,1540,Undirected,5,0.0,0.0
207,195,1995,Undirected,14,0.0,0.0
208,74,1314,Undirected,9,0.0,0.0
209,1315,1884,Undirected,2,0.0,0.0
210,1768,1606,Undirected,1,0.0,0.0
211,776,1359,Undirected,1,0.0,0.0
212,920,1610,Undirected,3,0.0,0.0
213,400,5,Undirected,9,0.0,0.0
214,1020,991,Undirected,8,0.0,0.0
215,1392,1141,Undirected,4,0.0,0.0
216,1937,396,Undirected,1,0.0,0.0
217,1200,1515,Undirected,3,0.0,0.0
218,1516,1268,Undirected,1,0.0,0.0
219,464,1321,Undirected,19,0.0,0.0
220,1969,178,Undirected,2,0.0,0.0
221,1195,711,Undirected,8,0.0,0.0
222,1146,819,Undirected,2,0.0,0.0
223,416,1002,Undirected,1,0.0,0.0
224,1371,1547,Undirected,1,0.0,0.0
225,1289,1174,Undirected,1,0.0,0.0
226,1177,1979,Undirected,6,0.0,0.0
227,1264,1806,Undirected,8,0.0,0.0
228,1646,1639,Undirected,2,0.0,0.0
229,1987,541,Undirected,7,0.0,0.0
230,1497,381,Undirected,1,0.0,0.0
231,1741,405,Undirected,1,0.0,0.0
232,1212,1093,Undirected,2,0.0,0.0
233,1674,1511,Undirected,1,0.0,0.0
234,1868,1687,Undirected,1,0.0,0.0
235,1436,742,Undirected,2,0.0,0.0
236,1400,1435,Undirected,2,0.0,0.0
237,731,1979,Undirected,1,0.0,0.0
238,1082,1820,Undirected,58,0.0,0.0
239,281,1810,Undirected,1,0.0,0.0
240,1712,1141,Undirected,4,0.0,0.0
241,1642,1005,Undirected,1,0.0,0.0
242,1660,1764,Undirected,1,0.0,0.0
243,1338,1022,Undirected,4,0.0,0.0
244,32,1258,Undirected,1,0.0,0.0
245,1289,1549,Undirected,4,0.0,0.0
246,1266,1851,Undirected,1,0.0,0.0
247,1891,1221,Undirected,3,0.0,0.0
248,793,1910,Undirected,1,0.0,0.0
249,1275,1606,Undirected,1,0.0,0.0
250,1651,660,Undirected,1,0.0,0.0
251,1824,1739,Undirected,5,0.0,0.0
252,3,1349,Undirected,2,0.0,0.0
253,1466,979,Undirected,1,0.0,0.0
254,291,1261,Undirected,1,0.0,0.0
255,1760,1781,Undirected,2,0.0,0.0
256,1403,1533,Undirected,47,0.0,0.0
257,857,1350,Undirected,1,0.0,0.0
258,320,1563,Undirected,1,0.0,0.0
259,722,628,Undirected,2,0.0,0.0
260,1137,490,Undirected,1,0.0,0.0
261,433,1828,Undirected,2,0.0,0.0
262,197,1677,Undirected,5,0.0,0.0
263,1591,1591,Undirected,16,0.0,0.0
264,1626,1534,Undirected,10,0.0,0.0
265,862,559,Undirected,1,0.0,0.0
266,554,470,Undirected,6,0.0,0.0
267,21,1445,Undirected,3,0.0,0.0
268,1988,661,Undirected,3,0.0,0.0
269,1434,812,Undirected,1,0.0,0.0
270,969,1605,Undirected,10,0.0,0.0
271,819,819,Undirected,607,0.0,0.0
272,0,1448,Undirected,85,0.0,0.0
273,548,548,Undirected,572,0.0,0.0
274,1114,1844,Undirected,2,0.0,0.0
275,1713,1858,Undirected,6,0.0,0.0
276,1434,814,Undirected,1,0.0,0.0
277,89,764,Undirected,1,0.0,0.0
278,193,655,Undirected,1,0.0,0.0
279,1272,1499,Undirected,1,0.0,0.0
280,1668,839,Undirected,4,2.6501500221023326e-07,0.2280169387041027
281,1568,459,Undirected,5,0.0,0.0
282,820,1382,Undirected,7,0.0,0.0
283,926,1990,Undirected,4,0.0,0.0
284,1955,614,Undirected,1,0.0,0.0
285,1954,1029,Undirected,2,0.0,0.0
286,899,1772,Undirected,8,0.0,0.0
287,1300,1213,Undirected,3,0.0,0.0
288,1489,909,Undirected,1,0.0,0.0
289,764,541,Undirected,3,0.0,0.0
290,1053,1510,Undirected,7,0.0,0.0
291,1984,1404,Undirected,1,0.0,0.0
292,1946,827,Undirected,1,0.0,0.0
293,1416,1416,Undirected,9,0.0,0.0
294,0,1079,Undirected,40,0.0,0.0
295,496,711,Undirected,40,0.0,0.0
296,317,317,Undirected,37,0.0,0.0
297,1442,1442,Undirected,28,0.0,0.0
298,1377,1087,Undirected,1,0.0,0.0
299,868,1636,Undirected,2,0.0,0.0
300,761,1850,Undirected,3,0.0,0.0
301,1205,1527,Undirected,4,0.0,0.0
302,1248,1740,Undirected,26,0.0,0.0
303,1641,1476,Undirected,15,0.0,0.0
304,1827,909,Undirected,13,0.0,0.0
305,1020,1247,Undirected,60,0.0,0.0
306,1521,951,Undirected,1,0.0,0.0
307,1219,1828,Undirected,22,0.0,0.0
308,1813,1343,Undirected,6,0.0,0.0
309,1219,1021,Undirected,5,0.0,0.0
310,1780,1805,Undirected,1,0.0,0.0
311,1752,395,Undirected,4,0.0,0.0
312,168,168,Undirected,73,0.0,0.0
313,1442,1140,Undirected,1,0.0,0.0
314,761,1331,Undirected,8,0.0,0.0
315,980,1453,Undirected,3,0.0,0.0
316,1480,1460,Undirected,4,0.0,0.0
317,1714,275,Undirected,35,0.0,0.0
318,612,1318,Undirected,30,0.0,0.0
319,627,134,Undirected,16,0.0,0.0
320,519,1223,Undirected,2,0.0,0.0
321,1020,1029,Undirected,6,0.0,0.0
322,1409,723,Undirected,1,0.0,0.0
323,1675,887,Undirected,8,0.0,0.0
324,539,758,Undirected,1,0.0,0.0
325,2,613,Undirected,4,0.0,0.0
326,1448,1484,Undirected,1,0.0,0.0
327,1338,1935,Undirected,1,0.0,0.0
328,1584,799,Undirected,2,0.0,0.0
329,1835,1535,Undirected,1,0.0,0.0
330,1856,1477,Undirected,1,0.0,0.0
331,819,1988,Undirected,9,0.0,0.0
332,662,1007,Undirected,7,0.0,0.0
333,1352,1855,Undirected,18,0.0,0.0
334,1434,1054,Undirected,1,0.0,0.0
335,1384,1826,Undirected,2,0.0,0.0
336,185,1878,Undirected,9,0.0,0.0
337,1162,1269,Undirected,10,0.0,0.0
338,528,102,Undirected,3,2.9428217682377143e-07,0.2531981982714515
339,1761,650,Undirected,22,0.0,0.0
340,1838,1959,Undirected,10,0.0,0.0
341,1690,1690,Undirected,2,0.0,0.0
342,1586,1909,Undirected,26,0.0,0.0
343,663,719,Undirected,6,0.0,0.0
344,1907,422,Undirected,1,0.0,0.0
345,1632,1838,Undirected,1,0.0,0.0
346,1681,1959,Undirected,14,0.0,0.0
347,653,1166,Undirected,1,0.0,0.0
348,420,510,Undirected,6,0.0,0.0
349,555,197,Undirected,2,0.0,0.0
350,1534,1534,Undirected,54,0.0,0.0
351,1321,866,Undirected,10,0.0,0.0
352,1361,681,Undirected,1,0.0,0.0
353,769,1428,Undirected,16,0.0,0.0
354,1674,1674,Undirected,439,0.0,0.0
355,554,1554,Undirected,2,0.0,0.0
356,1498,1790,Undirected,2,0.0,0.0
357,837,1542,Undirected,1,0.0,0.0
358,1686,646,Undirected,4,0.0,0.0
359,171,1846,Undirected,1,0.0,0.0
360,1848,814,Undirected,1,0.0,0.0
361,840,485,Undirected,4,0.0,0.0
362,1856,1090,Undirected,3,0.0,0.0
363,1328,1328,Undirected,145,0.0,0.0
364,1112,1457,Undirected,2,0.0,0.0
365,1594,20,Undirected,1,0.0,0.0
366,1579,1204,Undirected,1,0.0,0.0
367,1416,729,Undirected,1,0.0,0.0
368,1777,341,Undirected,13,0.0,0.0
369,131,1699,Undirected,2,0.0,0.0
370,1017,46,Undirected,2,0.0,0.0
371,813,758,Undirected,2,0.0,0.0
372,1674,1371,Undirected,20,0.0,0.0
373,707,1421,Undirected,3,0.0,0.0
374,813,1141,Undirected,1,0.0,0.0
375,1331,740,Undirected,2,0.0,0.0
376,1963,1725,Undirected,1,0.0,0.0
377,1881,1881,Undirected,14,0.0,0.0
378,1037,1663,Undirected,2,0.0,0.0
379,1989,1070,Undirected,20,0.0,0.0
380,1235,967,Undirected,10,0.0,0.0
381,625,1756,Undirected,23,0.0,0.0
382,1094,1094,Undirected,50,0.0,0.0
383,1491,1491,Undirected,121,0.0,0.0
384,1805,1141,Undirected,1,0.0,0.0
385,1267,428,Undirected,5,0.0,0.0
386,45,1527,Undirected,13,0.0,0.0
387,1097,1862,Undirected,2,0.0,0.0
388,1018,1827,Undirected,3,0.0,0.0
389,1403,251,Undirected,52,0.0,0.0
390,1628,1197,Undirected,3,0.0,0.0
391,1359,1871,Undirected,37,0.0,0.0
392,989,502,Undirected,1,0.0,0.0
393,1000,949,Undirected,9,0.0,0.0
394,1139,1309,Undirected,1,0.0,0.0
395,1948,996,Undirected,3,0.0,0.0
396,1766,1630,Undirected,39,0.0,0.0
397,81,1379,Undirected,6,0.0,0.0
398,1709,1709,Undirected,12,0.0,0.0
399,1372,758,Undirected,23,0.0,0.0
400,1120,476,Undirected,4,0.0,0.0
401,1829,1829,Undirected,7,0.0,0.0
402,1177,870,Undirected,1,0.0,0.0
403,328,1373,Undirected,1,0.0,0.0
404,857,123,Undirected,16,0.0,0.0
405,1873,1731,Undirected,1,0.0,0.0
406,718,1094,Undirected,2,0.0,0.0
407,1682,1077,Undirected,5,0.0,0.0
408,210,1274,Undirected,19,0.0,0.0
409,1914,1428,Undirected,1,0.0,0.0
410,729,909,Undirected,1,0.0,0.0
411,1985,756,Undirected,4,0.0,0.0
412,1500,1500,Undirected,131,0.0,0.0
413,1116,1869,Undirected,1,0.0,0.0
414,1533,1311,Undirected,11,0.0,0.0
415,1916,125,Undirected,1,0.0,0.0
416,728,1987,Undirected,2,0.0,0.0
417,947,1739,Undirected,114,0.0,0.0
418,876,69,Undirected,27,0.0,0.0
419,1515,1871,Undirected,3,0.0,0.0
420,1484,1382,Undirected,2,0.0,0.0
421,264,460,Undirected,3,0.0,0.0
422,1254,1959,Undirected,132,0.0,0.0
423,676,1551,Undirected,1,0.0,0.0
424,653,653,Undirected,22,0.0,0.0
425,1092,1525,Undirected,2,0.0,0.0
426,1730,875,Undirected,2,0.0,0.0
427,1177,916,Undirected,18,0.0,0.0
428,728,1018,Undirected,3,0.0,0.0
429,1988,1805,Undirected,10,0.0,0.0
430,891,1933,Undirected,6,0.0,0.0
431,620,1076,Undirected,7,0.0,0.0
432,1177,1765,Undirected,2,0.0,0.0
433,795,1015,Undirected,14,0.0,0.0
434,1280,559,Undirected,2,0.0,0.0
435,901,901,Undirected,503,0.0,0.0
436,1987,1453,Undirected,13,0.0,0.0
437,948,679,Undirected,1,0.0,0.0
438,588,133,Undirected,1,0.0,0.0
439,1632,1402,Undirected,1,0.0,0.0
440,496,1804,Undirected,2,0.0,0.0
441,194,1874,Undirected,15,0.0,0.0
442,1818,684,Undirected,5,0.0,0.0
443,1154,903,Undirected,1,0.0,0.0
444,1234,430,Undirected,5,0.0,0.0
445,1402,1639,Undirected,1,0.0,0.0
446,1097,342,Undirected,1,0.0,0.0
447,1288,1130,Undirected,1,0.0,0.0
448,1442,411,Undirected,1,0.0,0.0
449,1673,914,Undirected,1,0.0,0.0
450,1240,147,Undirected,1,0.0,0.0
451,450,1188,Undirected,6,0.0,0.0
452,995,980,Undirected,1,0.0,0.0
453,1668,1510,Undirected,20,0.0,0.0
454,1251,813,Undirected,15,0.0,0.0
455,1952,1952,Undirected,60,0.0,0.0
456,940,1725,Undirected,2,0.0,0.0
457,1473,642,Undirected,3,0.0,0.0
458,882,251,Undirected,5,0.0,0.0
459,347,1837,Undirected,1,0.0,0.0
460,496,995,Undirected,2,0.0,0.0
461,676,853,Undirected,10,0.0,0.0
462,1696,1590,Undirected,13,0.0,0.0
463,1600,1788,Undirected,1,0.0,0.0
464,432,1369,Undirected,2,0.0,0.0
465,1112,1576,Undirected,2,0.0,0.0
466,1837,661,Undirected,10,0.0,0.0
467,1151,1151,Undirected,2,0.0,0.0
468,928,324,Undirected,16,0.0,0.0
469,842,1354,Undirected,25,0.0,0.0
470,1248,1484,Undirected,3,0.0,0.0
471,1604,975,Undirected,1,0.0,0.0
472,834,1402,Undirected,1,0.0,0.0
473,1099,1924,Undirected,9,0.0,0.0
474,369,1219,Undirected,3,0.0,0.0
475,579,1855,Undirected,2,0.0,0.0
476,593,593,Undirected,73,0.0,0.0
477,101,1069,Undirected,2,0.0,0.0
478,1194,853,Undirected,1,0.0,0.0
479,891,1451,Undirected,1,0.0,0.0
480,1089,1435,Undirected,4,0.0,0.0
481,1195,812,Undirected,2,0.0,0.0
482,1866,1078,Undirected,1,0.0,0.0
483,1434,1883,Undirected,34,0.0,0.0
484,731,1429,Undirected,3,0.0,0.0
485,728,275,Undirected,1,0.0,0.0
486,1384,1009,Undirected,47,0.0,0.0
487,625,1602,Undirected,253,0.0,0.0
488,1547,1783,Undirected,12,0.0,0.0
489,1476,1854,Undirected,1,0.0,0.0
490,1944,1944,Undirected,83,0.0,0.0
491,680,547,Undirected,1,0.0,0.0
492,442,1820,Undirected,9,0.0,0.0
493,409,633,Undirected,7,0.0,0.0
494,348,1439,Undirected,2,0.0,0.0
495,1978,1435,Undirected,3,0.0,0.0
496,1677,1126,Undirected,7,0.0,0.0
497,1660,342,Undirected,6,0.0,0.0
498,1304,981,Undirected,2,0.0,0.0
499,1674,1827,Undirected,57,0.0,0.0
500,1099,1099,Undirected,39,0.0,0.0
501,1848,1928,Undirected,6,0.0,0.0
502,454,847,Undirected,1,0.0,0.0
503,0,854,Undirected,1,0.0,0.0
504,343,343,Undirected,38,0.0,0.0
505,1235,1963,Undirected,1,0.0,0.0
506,1893,1893,Undirected,176,0.0,0.0
507,1281,711,Undirected,6,0.0,0.0
508,416,1003,Undirected,1,0.0,0.0
509,289,289,Undirected,128,0.0,0.0
510,1681,1555,Undirected,2,0.0,0.0
511,229,1494,Undirected,11,3.7244576946399357e-07,0.32044957258345935
512,1841,495,Undirected,1,0.0,0.0
513,1913,1766,Undirected,31,0.0,0.0
514,804,1989,Undirected,3,0.0,0.0
515,1938,1987,Undirected,10,0.0,0.0
516,620,133,Undirected,1,0.0,0.0
517,443,830,Undirected,10,0.0,0.0
518,724,197,Undirected,4,0.0,0.0
519,515,207,Undirected,1,0.0,0.0
520,246,943,Undirected,3,0.0,0.0
521,1016,7,Undirected,4,0.0,0.0
522,852,1853,Undirected,6,0.0,0.0
523,1713,194,Undirected,1,0.0,0.0
524,736,692,Undirected,2,0.0,0.0
525,1140,597,Undirected,2,0.0,0.0
526,1410,1410,Undirected,76,0.0,0.0
527,666,670,Undirected,1,0.0,0.0
528,120,1001,Undirected,8,0.0,0.0
529,964,444,Undirected,34,0.0,0.0
530,378,1739,Undirected,92,0.0,0.0
531,1553,1412,Undirected,1,0.0,0.0
532,1537,1442,Undirected,3,0.0,0.0
533,104,1270,Undirected,3,0.0,0.0
534,1522,1522,Undirected,9,0.0,0.0
535,33,765,Undirected,7,0.0,0.0
536,1824,1681,Undirected,5,0.0,0.0
537,880,1286,Undirected,25,0.0,0.0
538,328,328,Undirected,142,0.0,0.0
539,253,1925,Undirected,10,0.0,0.0
540,981,1894,Undirected,2,0.0,0.0
541,880,830,Undirected,1,0.0,0.0
542,1675,1268,Undirected,1,0.0,0.0
543,1162,275,Undirected,1,0.0,0.0
544,514,795,Undirected,6,0.0,0.0
545,813,1453,Undirected,21,0.0,0.0
546,1356,1437,Undirected,3,0.0,0.0
547,256,1004,Undirected,2,0.0,0.0
548,1025,1340,Undirected,14,0.0,0.0
549,552,845,Undirected,3,0.0,0.0
550,194,1338,Undirected,1,0.0,0.0
551,975,551,Undirected,1,0.0,0.0
552,1153,819,Undirected,24,0.0,0.0
553,313,1969,Undirected,2,0.0,0.0
554,193,1183,Undirected,20,0.0,0.0
555,236,375,Undirected,3,0.0,0.0
556,984,635,Undirected,2,0.0,0.0
557,1325,1319,Undirected,1,0.0,0.0
558,354,1138,Undirected,2,0.0,0.0
559,1970,282,Undirected,4,0.0,0.0
560,213,847,Undirected,3,0.0,0.0
561,552,132,Undirected,1,0.0,0.0
562,758,1551,Undirected,1,0.0,0.0
563,1886,702,Undirected,1,0.0,0.0
564,1344,1803,Undirected,6,0.0,0.0
565,1760,454,Undirected,20,0.0,0.0
566,1945,1682,Undirected,3,0.0,0.0
567,1379,1716,Undirected,3,0.0,0.0
568,1824,1938,Undirected,5,0.0,0.0
569,456,51,Undirected,18,0.0,0.0
570,400,905,Undirected,16,0.0,0.0
571,1042,1932,Undirected,2,0.0,0.0
572,1288,1314,Undirected,1,0.0,0.0
573,1600,772,Undirected,5,0.0,0.0
574,1685,1686,Undirected,4,0.0,0.0
575,724,1340,Undirected,4,0.0,0.0
576,561,1548,Undirected,1,0.0,0.0
577,625,1434,Undirected,140,0.0,0.0
578,939,591,Undirected,14,2.922034971113478e-07,0.2514097176925401
579,696,1114,Undirected,2,0.0,0.0
580,1160,1219,Undirected,1,0.0,0.0
581,1591,1519,Undirected,5,0.0,0.0
582,1660,1893,Undirected,2,0.0,0.0
583,717,1862,Undirected,2,0.0,0.0
584,1248,378,Undirected,4,0.0,0.0
585,1586,1421,Undirected,1,0.0,0.0
586,1620,1909,Undirected,1,0.0,0.0
587,1824,1318,Undirected,3,0.0,0.0
588,747,92,Undirected,2,0.0,0.0
589,1787,207,Undirected,6,0.0,0.0
590,590,1207,Undirected,3,0.0,0.0
591,817,1639,Undirected,2,0.0,0.0
592,364,1423,Undirected,1,0.0,0.0
593,1848,1681,Undirected,8,0.0,0.0
594,1837,1511,Undirected,12,0.0,0.0
595,1155,1804,Undirected,8,0.0,0.0
596,1400,875,Undirected,1,0.0,0.0
597,1141,1925,Undirected,3,0.0,0.0
598,1448,747,Undirected,1,0.0,0.0
599,1941,1886,Undirected,3,0.0,0.0
600,1250,446,Undirected,1,0.0,0.0
601,1838,711,Undirected,3,0.0,0.0
602,978,1077,Undirected,4,0.0,0.0
603,420,1407,Undirected,1,0.0,0.0
604,1580,1031,Undirected,2,0.0,0.0
605,182,278,Undirected,1,0.0,0.0
606,421,679,Undirected,3,0.0,0.0
607,1605,1150,Undirected,1,0.0,0.0
608,1112,902,Undirected,1,0.0,0.0
609,528,1346,Undirected,6,0.0,0.0
610,1571,1510,Undirected,1,0.0,0.0
611,1848,1318,Undirected,3,0.0,0.0
612,430,351,Undirected,28,0.0,0.0
613,1632,1740,Undirected,5,0.0,0.0
614,1360,1126,Undirected,10,0.0,0.0
615,88,470,Undirected,3,0.0,0.0
616,1017,1092,Undirected,2,0.0,0.0
617,740,1222,Undirected,4,0.0,0.0
618,309,309,Undirected,170,0.0,0.0
619,1707,163,Undirected,1,0.0,0.0
620,1457,903,Undirected,2,0.0,0.0
621,901,1311,Undirected,4,0.0,0.0
622,819,1437,Undirected,5,0.0,0.0
623,514,951,Undirected,28,0.0,0.0
624,1547,1325,Undirected,7,0.0,0.0
625,1240,108,Undirected,12,0.0,0.0
626,1225,1225,Undirected,18,0.0,0.0
627,194,1652,Undirected,1,0.0,0.0
628,1629,1629,Undirected,13,0.0,0.0
629,1464,394,Undirected,1,0.0,0.0
630,1580,143,Undirected,27,0.0,0.0
631,1269,1053,Undirected,1,0.0,0.0
632,625,1754,Undirected,3,0.0,0.0
633,1538,1788,Undirected,1,0.0,0.0
634,739,1428,Undirected,1,0.0,0.0
635,643,1343,Undirected,2,0.0,0.0
636,1345,1220,Undirected,5,0.0,0.0
637,242,1085,Undirected,6,0.0,0.0
638,1528,296,Undirected,1,0.0,0.0
639,1954,1655,Undirected,22,0.0,0.0
640,928,928,Undirected,17,0.0,0.0
641,1053,1926,Undirected,9,0.0,0.0
642,1809,1964,Undirected,3,0.0,0.0
643,292,742,Undirected,1,0.0,0.0
644,1653,1647,Undirected,5,0.0,0.0
645,1717,1670,Undirected,1,0.0,0.0
646,1883,1319,Undirected,1,0.0,0.0
647,1299,862,Undirected,1,0.0,0.0
648,156,156,Undirected,47,0.0,0.0
649,1860,391,Undirected,6,0.0,0.0
650,369,1740,Undirected,2,0.0,0.0
651,1130,1130,Undirected,213,0.0,0.0
652,295,831,Undirected,1,0.0,0.0
653,1344,1945,Undirected,7,0.0,0.0
654,923,1428,Undirected,1,0.0,0.0
655,634,1939,Undirected,48,0.0,0.0
656,1896,1799,Undirected,1,0.0,0.0
657,760,281,Undirected,4,0.0,0.0
658,512,598,Undirected,1,0.0,0.0
659,1673,146,Undirected,4,0.0,0.0
660,928,1362,Undirected,7,0.0,0.0
661,978,275,Undirected,1,0.0,0.0
662,970,1277,Undirected,8,0.0,0.0
663,1632,1089,Undirected,1,0.0,0.0
664,32,1257,Undirected,19,0.0,0.0
665,1930,1687,Undirected,2,0.0,0.0
666,1379,1020,Undirected,1,0.0,0.0
667,44,44,Undirected,89,0.0,0.0
668,1539,655,Undirected,2,0.0,0.0
669,92,1951,Undirected,3,0.0,0.0
670,1984,1734,Undirected,3,0.0,0.0
671,81,939,Undirected,5,0.0,0.0
672,978,1283,Undirected,8,0.0,0.0
673,1257,481,Undirected,1,0.0,0.0
674,1193,1298,Undirected,2,0.0,0.0
675,1730,1532,Undirected,11,0.0,0.0
676,1636,382,Undirected,7,0.0,0.0
677,793,1341,Undirected,3,0.0,0.0
678,1296,1161,Undirected,6,0.0,0.0
679,985,1511,Undirected,4,0.0,0.0
680,777,773,Undirected,4,0.0,0.0
681,1269,1669,Undirected,1,0.0,0.0
682,1645,1645,Undirected,62,0.0,0.0
683,57,697,Undirected,2,0.0,0.0
684,970,1591,Undirected,2,0.0,0.0
685,1190,479,Undirected,6,0.0,0.0
686,795,1895,Undirected,40,0.0,0.0
687,1032,764,Undirected,1,0.0,0.0
688,659,1598,Undirected,1,0.0,0.0
689,1372,887,Undirected,1,0.0,0.0
690,1566,1566,Undirected,54,0.0,0.0
691,1630,871,Undirected,13,0.0,0.0
692,1900,1413,Undirected,5,0.0,0.0
693,978,780,Undirected,1,0.0,0.0
694,321,703,Undirected,3,0.0,0.0
695,1115,1452,Undirected,1,0.0,0.0
696,364,934,Undirected,2,0.0,0.0
697,400,289,Undirected,4,2.650306646274863e-07,0.22803041453152742
698,1035,331,Undirected,22,0.0,0.0
699,1937,1597,Undirected,2,0.0,0.0
700,381,941,Undirected,2,0.0,0.0
701,1883,947,Undirected,14,0.0,0.0
702,417,146,Undirected,1,0.0,0.0
703,1632,529,Undirected,20,0.0,0.0
704,802,802,Undirected,22,0.0,0.0
705,1953,110,Undirected,2,0.0,0.0
706,173,591,Undirected,12,0.0,0.0
707,1777,1706,Undirected,4,0.0,0.0
708,1146,598,Undirected,2,0.0,0.0
709,1479,1135,Undirected,1,0.0,0.0
710,1457,70,Undirected,9,0.0,0.0
711,1224,720,Undirected,1,0.0,0.0
712,866,1052,Undirected,2,0.0,0.0
713,1505,1538,Undirected,2,0.0,0.0
714,424,1420,Undirected,15,0.0,0.0
715,516,1213,Undirected,2,0.0,0.0
716,740,1966,Undirected,16,0.0,0.0
717,1596,1319,Undirected,1,0.0,0.0
718,576,1264,Undirected,2,0.0,0.0
719,1017,1017,Undirected,5,0.0,0.0
720,1584,1978,Undirected,1,0.0,0.0
721,1466,813,Undirected,2,0.0,0.0
722,893,1639,Undirected,1,0.0,0.0
723,1385,1327,Undirected,10,2.7541489709919103e-07,0.2369649309900014
724,362,1619,Undirected,1,0.0,0.0
725,1947,1947,Undirected,39,0.0,0.0
726,290,1154,Undirected,1,0.0,0.0
727,1402,1999,Undirected,1,0.0,0.0
728,1602,1380,Undirected,9,0.0,0.0
729,1197,1199,Undirected,3,0.0,0.0
730,738,462,Undirected,42,4.319835642848999e-07,0.37167544885097215
731,1585,1643,Undirected,3,0.0,0.0
732,852,1862,Undirected,1,0.0,0.0
733,801,342,Undirected,3,0.0,0.0
734,1098,1971,Undirected,1,0.0,0.0
735,1640,1089,Undirected,2,0.0,0.0
736,1813,1503,Undirected,1,0.0,0.0
737,53,1110,Undirected,3,0.0,0.0
738,280,1756,Undirected,5,0.0,0.0
739,574,1647,Undirected,3,0.0,0.0
740,1177,583,Undirected,10,0.0,0.0
741,1170,1118,Undirected,7,0.0,0.0
742,1964,1900,Undirected,2,0.0,0.0
743,660,1932,Undirected,1,0.0,0.0
744,41,259,Undirected,1,0.0,0.0
745,1495,1495,Undirected,49,0.0,0.0
746,424,1509,Undirected,20,0.0,0.0
747,968,1162,Undirected,1,0.0,0.0
748,1093,1525,Undirected,7,0.0,0.0
749,1016,534,Undirected,1,0.0,0.0
750,1204,1774,Undirected,16,0.0,0.0
751,1202,1835,Undirected,1,0.0,0.0
752,460,839,Undirected,1,0.0,0.0
753,696,696,Undirected,3,0.0,0.0
754,1049,1517,Undirected,5,0.0,0.0
755,0,1964,Undirected,13,0.0,0.0
756,208,1149,Undirected,2,0.0,0.0
757,1945,399,Undirected,2,0.0,0.0
758,11,716,Undirected,11,0.0,0.0
759,875,1444,Undirected,9,0.0,0.0
760,1760,772,Undirected,1,0.0,0.0
761,1854,399,Undirected,1,0.0,0.0
762,601,279,Undirected,1,0.0,0.0
763,530,1005,Undirected,9,0.0,0.0
764,821,821,Undirected,3,0.0,0.0
765,489,1167,Undirected,2,0.0,0.0
766,1780,308,Undirected,9,0.0,0.0
767,1657,1130,Undirected,2,0.0,0.0
768,1176,1750,Undirected,6,0.0,0.0
769,682,1631,Undirected,5,0.0,0.0
770,1097,1031,Undirected,1,0.0,0.0
771,424,985,Undirected,37,0.0,0.0
772,626,1428,Undirected,1,0.0,0.0
773,769,1308,Undirected,1,0.0,0.0
774,537,1101,Undirected,3,0.0,0.0
775,369,369,Undirected,300,0.0,0.0
776,1681,1925,Undirected,1,0.0,0.0
777,1946,199,Undirected,13,0.0,0.0
778,1856,656,Undirected,2,0.0,0.0
779,893,669,Undirected,3,0.0,0.0
780,234,1564,Undirected,4,0.0,0.0
781,1101,406,Undirected,1,0.0,0.0
782,1818,1467,Undirected,6,0.0,0.0
783,1395,1079,Undirected,10,0.0,0.0
784,891,1747,Undirected,4,0.0,0.0
785,175,175,Undirected,1,0.0,0.0
786,1513,187,Undirected,14,0.0,0.0
787,12,1182,Undirected,2,0.0,0.0
788,625,1316,Undirected,8,0.0,0.0
789,923,1647,Undirected,4,0.0,0.0
790,1528,1310,Undirected,3,0.0,0.0
791,1546,1931,Undirected,1,0.0,0.0
792,304,585,Undirected,1,0.0,0.0
793,280,1254,Undirected,3,0.0,0.0
794,528,341,Undirected,3,0.0,0.0
795,1740,1254,Undirected,2,0.0,0.0
796,1372,711,Undirected,2,0.0,0.0
797,1840,1505,Undirected,2,0.0,0.0
798,1201,1931,Undirected,5,0.0,0.0
799,1051,860,Undirected,1,0.0,0.0
800,1828,1828,Undirected,144,0.0,0.0
801,250,1659,Undirected,7,0.0,0.0
802,68,1862,Undirected,4,0.0,0.0
803,1944,1491,Undirected,10,0.0,0.0
804,1725,1701,Undirected,5,0.0,0.0
805,1989,1087,Undirected,16,0.0,0.0
806,1491,1356,Undirected,1,0.0,0.0
807,1154,1979,Undirected,2,0.0,0.0
808,1474,1474,Undirected,3,0.0,0.0
809,1056,1476,Undirected,4,0.0,0.0
810,1476,1605,Undirected,9,0.0,0.0
811,1827,980,Undirected,29,0.0,0.0
812,1076,588,Undirected,9,0.0,0.0
813,377,635,Undirected,1,0.0,0.0
814,408,754,Undirected,12,5.432166893759698e-07,0.4673796031600783
815,970,1635,Undirected,13,0.0,0.0
816,1808,515,Undirected,1,0.0,0.0
817,812,1372,Undirected,6,0.0,0.0
818,1371,1382,Undirected,1,0.0,0.0
819,1860,1565,Undirected,1,0.0,0.0
820,832,1983,Undirected,2,0.0,0.0
821,378,1883,Undirected,3,0.0,0.0
822,1200,923,Undirected,22,0.0,0.0
823,1731,381,Undirected,1,0.0,0.0
824,920,1119,Undirected,1,0.0,0.0
825,601,1645,Undirected,1,0.0,0.0
826,1944,1356,Undirected,8,0.0,0.0
827,539,1883,Undirected,1,0.0,0.0
828,1097,1363,Undirected,7,0.0,0.0
829,135,135,Undirected,265,0.0,0.0
830,1984,1453,Undirected,4,0.0,0.0
831,1562,1341,Undirected,2,0.0,0.0
832,28,28,Undirected,489,0.0,0.0
833,222,1839,Undirected,1,0.0,0.0
834,1084,253,Undirected,2,0.0,0.0
835,909,799,Undirected,3,0.0,0.0
836,1833,1042,Undirected,19,0.0,0.0
837,824,1013,Undirected,1,0.0,0.0
838,1752,90,Undirected,2,0.0,0.0
839,425,510,Undirected,15,0.0,0.0
840,48,48,Undirected,62,0.0,0.0
841,1224,1553,Undirected,7,0.0,0.0
842,1317,1247,Undirected,11,0.0,0.0
843,506,1774,Undirected,1,0.0,0.0
844,1632,1813,Undirected,5,0.0,0.0
845,1395,1989,Undirected,1,0.0,0.0
846,219,219,Undirected,43,0.0,0.0
847,1450,1535,Undirected,7,0.0,0.0
848,1155,455,Undirected,5,0.0,0.0
849,1010,1093,Undirected,1,0.0,0.0
850,1594,228,Undirected,12,0.0,0.0
851,1385,1815,Undirected,4,0.0,0.0
852,1195,1086,Undirected,42,0.0,0.0
853,1756,1959,Undirected,26,0.0,0.0
854,1865,273,Undirected,1,0.0,0.0
855,1010,1909,Undirected,1,0.0,0.0
856,491,181,Undirected,1,0.0,0.0
857,1298,1926,Undirected,6,0.0,0.0
858,1819,1190,Undirected,1,0.0,0.0
859,185,823,Undirected,1,0.0,0.0
860,308,271,Undirected,2,0.0,0.0
861,1992,537,Undirected,3,0.0,0.0
862,1162,710,Undirected,101,0.0,0.0
863,1584,733,Undirected,1,0.0,0.0
864,1212,159,Undirected,1,0.0,0.0
865,1011,1846,Undirected,16,0.0,0.0
866,769,1459,Undirected,3,0.0,0.0
867,872,1129,Undirected,20,0.0,0.0
868,440,621,Undirected,2,0.0,0.0
869,1383,1647,Undirected,1,0.0,0.0
870,1412,447,Undirected,17,0.0,0.0
871,969,1781,Undirected,4,0.0,0.0
872,1537,25,Undirected,3,0.0,0.0
873,556,285,Undirected,3,0.0,0.0
874,1450,290,Undirected,41,0.0,0.0
875,1211,20,Undirected,2,0.0,0.0
876,1969,637,Undirected,1,0.0,0.0
877,1720,1375,Undirected,37,0.0,0.0
878,1757,1757,Undirected,73,0.0,0.0
879,545,687,Undirected,1,0.0,0.0
880,1035,1766,Undirected,30,0.0,0.0
881,1509,1959,Undirected,233,0.0,0.0
882,969,309,Undirected,8,0.0,0.0
883,1395,1627,Undirected,8,3.235145784084196e-07,0.27834953938312484
884,1035,1395,Undirected,9,0.0,0.0
885,1074,1324,Undirected,12,0.0,0.0
886,1774,1607,Undirected,1,0.0,0.0
887,1571,1919,Undirected,1,0.0,0.0
888,929,1028,Undirected,1,0.0,0.0
889,780,1079,Undirected,1,0.0,0.0
890,1136,769,Undirected,2,0.0,0.0
891,778,1916,Undirected,3,0.0,0.0
892,774,1855,Undirected,1,0.0,0.0
893,40,1770,Undirected,16,0.0,0.0
894,105,990,Undirected,2,0.0,0.0
895,856,1049,Undirected,3,0.0,0.0
896,733,615,Undirected,10,0.0,0.0
897,611,1148,Undirected,2,0.0,0.0
898,1983,839,Undirected,2,2.8962427774829487e-07,0.249190576517494
899,1896,43,Undirected,2,0.0,0.0
900,1959,1511,Undirected,10,0.0,0.0
901,1662,1662,Undirected,90,0.0,0.0
902,1434,1219,Undirected,5,0.0,0.0
903,1674,1834,Undirected,60,0.0,0.0
904,410,829,Undirected,1,0.0,0.0
905,1727,663,Undirected,4,0.0,0.0
906,797,902,Undirected,3,0.0,0.0
907,1074,1548,Undirected,2,0.0,0.0
908,1086,911,Undirected,1,0.0,0.0
909,1579,1437,Undirected,2,0.0,0.0
910,761,438,Undirected,2,0.0,0.0
911,596,751,Undirected,32,0.0,0.0
912,1274,420,Undirected,17,0.0,0.0
913,1491,1159,Undirected,12,0.0,0.0
914,1874,627,Undirected,3,0.0,0.0
915,1490,1077,Undirected,1,0.0,0.0
916,1925,1734,Undirected,1,0.0,0.0
917,1945,1803,Undirected,3,0.0,0.0
918,1739,1783,Undirected,8,0.0,0.0
919,1584,1162,Undirected,18,0.0,0.0
920,837,662,Undirected,21,0.0,0.0
921,1696,198,Undirected,12,0.0,0.0
922,1208,724,Undirected,2,0.0,0.0
923,1962,1962,Undirected,60,0.0,0.0
924,500,941,Undirected,2,0.0,0.0
925,1531,692,Undirected,2,0.0,0.0
926,729,733,Undirected,2,0.0,0.0
927,1434,947,Undirected,8,0.0,0.0
928,985,985,Undirected,880,0.0,0.0
929,836,836,Undirected,19,0.0,0.0
930,689,1324,Undirected,1,0.0,0.0
931,1404,1758,Undirected,8,0.0,0.0
932,1410,810,Undirected,2,0.0,0.0
933,1739,1044,Undirected,1,0.0,0.0
934,1032,1318,Undirected,4,0.0,0.0
935,251,901,Undirected,18,0.0,0.0
936,857,857,Undirected,36,0.0,0.0
937,1593,1079,Undirected,17,0.0,0.0
938,725,1815,Undirected,1,0.0,0.0
939,1824,1804,Undirected,2,0.0,0.0
940,396,1630,Undirected,10,0.0,0.0
941,576,1330,Undirected,1,0.0,0.0
942,1714,975,Undirected,2,0.0,0.0
943,898,1916,Undirected,2,0.0,0.0
944,977,977,Undirected,22,0.0,0.0
945,336,410,Undirected,1,0.0,0.0
946,1360,931,Undirected,9,0.0,0.0
947,1969,1281,Undirected,41,0.0,0.0
948,1042,1607,Undirected,2,0.0,0.0
949,1972,421,Undirected,8,2.6166314548361643e-07,0.22513302608253863
950,1778,1964,Undirected,1,0.0,0.0
951,1033,980,Undirected,1,0.0,0.0
952,1009,1079,Undirected,15,0.0,0.0
953,1460,695,Undirected,1,0.0,0.0
954,275,764,Undirected,9,0.0,0.0
955,1027,1788,Undirected,1,0.0,0.0
956,406,1903,Undirected,1,0.0,0.0
957,1705,807,Undirected,9,0.0,0.0
958,1434,1973,Undirected,10,0.0,0.0
959,178,1938,Undirected,12,0.0,0.0
960,1737,1534,Undirected,9,0.0,0.0
961,178,1996,Undirected,1,0.0,0.0
962,832,1292,Undirected,15,0.0,0.0
963,969,1668,Undirected,1,0.0,0.0
964,1827,1837,Undirected,23,0.0,0.0
965,81,1463,Undirected,2,0.0,0.0
966,0,871,Undirected,1,0.0,0.0
967,818,118,Undirected,5,0.0,0.0
968,1101,1101,Undirected,98,0.0,0.0
969,1992,1992,Undirected,51,0.0,0.0
970,1720,1195,Undirected,2,0.0,0.0
971,726,726,Undirected,46,0.0,0.0
972,728,1828,Undirected,1,0.0,0.0
973,780,1838,Undirected,1,0.0,0.0
974,1832,608,Undirected,10,0.0,0.0
975,1360,1689,Undirected,5,0.0,0.0
976,506,1268,Undirected,8,0.0,0.0
977,699,699,Undirected,101,0.0,0.0
978,1101,781,Undirected,2,0.0,0.0
979,627,734,Undirected,10,0.0,0.0
980,1141,887,Undirected,2,0.0,0.0
981,524,1005,Undirected,3,0.0,0.0
982,579,301,Undirected,1,0.0,0.0
983,1510,1406,Undirected,1,0.0,0.0
984,991,1527,Undirected,2,0.0,0.0
985,388,253,Undirected,1,0.0,0.0
986,1656,1094,Undirected,31,0.0,0.0
987,1664,1178,Undirected,19,0.0,0.0
988,1855,1647,Undirected,1,0.0,0.0
989,1531,1300,Undirected,1,0.0,0.0
990,772,863,Undirected,2,0.0,0.0
991,1269,1159,Undirected,2,0.0,0.0
992,1451,1519,Undirected,6,0.0,0.0
993,1216,1757,Undirected,3,0.0,0.0
994,410,909,Undirected,7,0.0,0.0
995,1639,799,Undirected,1,0.0,0.0
996,506,1639,Undirected,4,0.0,0.0
997,934,255,Undirected,12,0.0,0.0
998,1288,1020,Undirected,2,0.0,0.0
999,1018,1219,Undirected,17,0.0,0.0
1000,1924,1598,Undirected,11,0.0,0.0
1001,1680,627,Undirected,6,0.0,0.0
1002,165,807,Undirected,7,0.0,0.0
1003,1938,1758,Undirected,2,0.0,0.0
1004,369,1420,Undirected,3,0.0,0.0
1005,341,205,Undirected,2,0.0,0.0
1006,978,1292,Undirected,1,0.0,0.0
1007,749,1367,Undirected,1,0.0,0.0
1008,74,462,Undirected,4,0.0,0.0
1009,242,242,Undirected,4,0.0,0.0
1010,1855,1679,Undirected,1,0.0,0.0
1011,64,1820,Undirected,2,0.0,0.0
1012,774,774,Undirected,85,0.0,0.0
1013,1796,1796,Undirected,16,0.0,0.0
1014,275,1325,Undirected,7,0.0,0.0
1015,341,102,Undirected,5,0.0,0.0
1016,1627,580,Undirected,53,0.0,0.0
1017,451,1103,Undirected,1,0.0,0.0
1018,1338,1379,Undirected,9,0.0,0.0
1019,513,1391,Undirected,2,0.0,0.0
1020,356,1638,Undirected,4,0.0,0.0
1021,1448,1447,Undirected,1,0.0,0.0
1022,1945,1283,Undirected,1,0.0,0.0
1023,844,588,Undirected,2,0.0,0.0
1024,1320,516,Undirected,8,0.0,0.0
1025,1688,1066,Undirected,19,0.0,0.0
1026,1987,1987,Undirected,537,0.0,0.0
1027,627,939,Undirected,29,0.0,0.0
1028,89,1890,Undirected,13,0.0,0.0
1029,1161,199,Undirected,4,0.0,0.0
1030,1876,1566,Undirected,8,0.0,0.0
1031,308,1375,Undirected,95,0.0,0.0
1032,745,438,Undirected,1,0.0,0.0
1033,1340,1399,Undirected,1,0.0,0.0
1034,1677,62,Undirected,33,0.0,0.0
1035,1875,1383,Undirected,5,4.745279628146829e-07,0.408280333219265
1036,532,1991,Undirected,1,0.0,0.0
1037,27,1621,Undirected,18,0.0,0.0
1038,1628,1199,Undirected,16,0.0,0.0
1039,1915,204,Undirected,1,0.0,0.0
1040,1398,1398,Undirected,13,0.0,0.0
1041,1311,1311,Undirected,16,0.0,0.0
1042,400,1873,Undirected,14,0.0,0.0
1043,1281,853,Undirected,2,0.0,0.0
1044,308,1455,Undirected,3,0.0,0.0
1045,1837,1357,Undirected,11,0.0,0.0
1046,1856,1675,Undirected,16,0.0,0.0
1047,231,231,Undirected,62,0.0,0.0
1048,685,685,Undirected,68,0.0,0.0
1049,800,1354,Undirected,1,0.0,0.0
1050,1584,1571,Undirected,1,0.0,0.0
1051,1377,819,Undirected,3,0.0,0.0
1052,369,1141,Undirected,3,0.0,0.0
1053,880,1813,Undirected,3,0.0,0.0
1054,772,494,Undirected,2,0.0,0.0
1055,984,1588,Undirected,2,0.0,0.0
1056,1490,1570,Undirected,1,0.0,0.0
1057,1381,1279,Undirected,1,0.0,0.0
1058,1242,229,Undirected,40,0.0,0.0
1059,1569,359,Undirected,3,8.229636516793207e-07,0.7080718108622694
1060,1593,908,Undirected,2,0.0,0.0
1061,890,1159,Undirected,2,0.0,0.0
1062,693,655,Undirected,2,0.0,0.0
1063,1457,1060,Undirected,2,0.0,0.0
1064,1780,1551,Undirected,2,0.0,0.0
1065,1208,1208,Undirected,82,0.0,0.0
1066,356,1285,Undirected,2,0.0,0.0
1067,1585,251,Undirected,6,0.0,0.0
1068,1098,317,Undirected,2,0.0,0.0
1069,1602,1141,Undirected,4,0.0,0.0
1070,1071,1799,Undirected,1,0.0,0.0
1071,969,1932,Undirected,2,0.0,0.0
1072,1320,861,Undirected,1,0.0,0.0
1073,322,853,Undirected,10,0.0,0.0
1074,1786,133,Undirected,131,0.0,0.0
1075,772,799,Undirected,1,0.0,0.0
1076,1400,1646,Undirected,8,0.0,0.0
1077,1333,1333,Undirected,27,0.0,0.0
1078,1136,1595,Undirected,3,0.0,0.0
1079,783,783,Undirected,62,0.0,0.0
1080,976,1214,Undirected,5,0.0,0.0
1081,1955,860,Undirected,1,0.0,0.0
1082,607,607,Undirected,2,0.0,0.0
1083,923,342,Undirected,2,0.0,0.0
1084,984,1250,Undirected,5,0.0,0.0
1085,1371,1371,Undirected,88,0.0,0.0
1086,708,1188,Undirected,3,0.0,0.0
1087,27,310,Undirected,7,0.0,0.0
1088,1641,1491,Undirected,7,0.0,0.0
1089,825,916,Undirected,8,0.0,0.0
1090,1296,1845,Undirected,2,0.0,0.0
1091,1204,780,Undirected,1,0.0,0.0
1092,882,882,Undirected,98,0.0,0.0
1093,756,1630,Undirected,3,0.0,0.0
1094,1484,567,Undirected,52,0.0,0.0
1095,1584,1734,Undirected,1,0.0,0.0
1096,1467,959,Undirected,2,0.0,0.0
1097,1948,574,Undirected,1,0.0,0.0
1098,1603,459,Undirected,7,0.0,0.0
1099,1676,1052,Undirected,1,0.0,0.0
1100,1160,541,Undirected,253,0.0,0.0
1101,1594,1166,Undirected,3,0.0,0.0
1102,1820,765,Undirected,12,0.0,0.0
1103,544,1395,Undirected,2,0.0,0.0
1104,1563,1383,Undirected,38,0.0,0.0
1105,984,898,Undirected,7,0.0,0.0
1106,1187,78,Undirected,3,0.0,0.0
1107,1928,612,Undirected,1,0.0,0.0
1108,1510,191,Undirected,1,0.0,0.0
1109,969,1855,Undirected,9,0.0,0.0
1110,1500,1023,Undirected,2,0.0,0.0
1111,1081,79,Undirected,4,0.0,0.0
1112,1349,1374,Undirected,4,0.0,0.0
1113,1396,165,Undirected,5,0.0,0.0
1114,1248,1319,Undirected,2,0.0,0.0
1115,1720,1681,Undirected,1,0.0,0.0
1116,772,1679,Undirected,1,0.0,0.0
1117,1928,28,Undirected,1,0.0,0.0
1118,1345,155,Undirected,7,0.0,0.0
1119,995,612,Undirected,7,0.0,0.0
1120,1912,122,Undirected,3,0.0,0.0
1121,1618,1141,Undirected,1,0.0,0.0
1122,112,112,Undirected,27,0.0,0.0
1123,1097,1322,Undirected,8,0.0,0.0
1124,939,1671,Undirected,2,0.0,0.0
1125,1680,1297,Undirected,2,0.0,0.0
1126,1639,1639,Undirected,263,0.0,0.0
1127,1082,967,Undirected,2,0.0,0.0
1128,1380,1404,Undirected,13,0.0,0.0
1129,651,1700,Undirected,1,0.0,0.0
1130,835,822,Undirected,1,0.0,0.0
1131,1243,1243,Undirected,1,0.0,0.0
1132,1092,1909,Undirected,1,0.0,0.0
1133,56,612,Undirected,1,0.0,0.0
1134,68,68,Undirected,167,0.0,0.0
1135,382,1351,Undirected,15,0.0,0.0
1136,1963,1510,Undirected,2,0.0,0.0
1137,1748,119,Undirected,4,0.0,0.0
1138,178,1375,Undirected,3,0.0,0.0
1139,972,941,Undirected,1,0.0,0.0
1140,1896,1321,Undirected,5,0.0,0.0
1141,1484,455,Undirected,3,0.0,0.0
1142,432,1853,Undirected,8,0.0,0.0
1143,1728,1935,Undirected,10,0.0,0.0
1144,994,1588,Undirected,1,0.0,0.0
1145,678,1399,Undirected,3,0.0,0.0
1146,1930,1930,Undirected,32,0.0,0.0
1147,769,470,Undirected,3,0.0,0.0
1148,12,1831,Undirected,12,0.0,0.0
1149,976,1769,Undirected,1,0.0,0.0
1150,1464,1628,Undirected,1,0.0,0.0
1151,1979,1429,Undirected,2,0.0,0.0
1152,1420,1254,Undirected,3,0.0,0.0
1153,1618,989,Undirected,3,0.0,0.0
1154,818,1287,Undirected,1,0.0,0.0
1155,1000,273,Undirected,1,0.0,0.0
1156,394,1628,Undirected,1,0.0,0.0
1157,1800,1223,Undirected,5,0.0,0.0
1158,979,1959,Undirected,4,0.0,0.0
1159,1089,1089,Undirected,51,0.0,0.0
1160,1776,1745,Undirected,6,0.0,0.0
1161,1048,187,Undirected,2,0.0,0.0
1162,980,1780,Undirected,5,0.0,0.0
1163,1725,1998,Undirected,5,0.0,0.0
1164,1890,1707,Undirected,5,0.0,0.0
1165,1922,476,Undirected,1,0.0,0.0
1166,1185,738,Undirected,12,0.0,0.0
1167,1462,1847,Undirected,1,0.0,0.0
1168,1250,1518,Undirected,1,0.0,0.0
1169,1113,1113,Undirected,62,0.0,0.0
1170,1401,787,Undirected,3,0.0,0.0
1171,1033,1618,Undirected,86,0.0,0.0
1172,738,765,Undirected,15,0.0,0.0
1173,1115,1469,Undirected,6,0.0,0.0
1174,1312,770,Undirected,3,0.0,0.0
1175,672,1264,Undirected,1,0.0,0.0
1176,424,1824,Undirected,30,0.0,0.0
1177,1289,1279,Undirected,6,0.0,0.0
1178,1491,1727,Undirected,1,0.0,0.0
1179,1360,197,Undirected,19,0.0,0.0
1180,1349,559,Undirected,1,0.0,0.0
1181,1137,574,Undirected,2,0.0,0.0
1182,253,893,Undirected,2,0.0,0.0
1183,944,1899,Undirected,12,0.0,0.0
1184,1377,1739,Undirected,4,0.0,0.0
1185,1745,1229,Undirected,3,0.0,0.0
1186,436,1196,Undirected,3,0.0,0.0
1187,1218,1210,Undirected,2,0.0,0.0
1188,1317,134,Undirected,4,0.0,0.0
1189,1965,1965,Undirected,24,0.0,0.0
1190,1539,1331,Undirected,6,0.0,0.0
1191,1356,1639,Undirected,1,0.0,0.0
1192,1553,1451,Undirected,12,0.0,0.0
1193,1089,1267,Undirected,1,0.0,0.0
1194,1602,1155,Undirected,27,0.0,0.0
1195,1819,1621,Undirected,9,0.0,0.0
1196,1841,342,Undirected,2,0.0,0.0
1197,1763,1756,Undirected,23,0.0,0.0
1198,1884,773,Undirected,1,0.0,0.0
1199,1448,1945,Undirected,1,0.0,0.0
1200,1152,1126,Undirected,1,0.0,0.0
1201,1763,1959,Undirected,1,0.0,0.0
1202,1862,1383,Undirected,10,0.0,0.0
1203,1944,1162,Undirected,33,0.0,0.0
1204,350,790,Undirected,1,0.0,0.0
1205,1324,20,Undirected,1,0.0,0.0
1206,1715,558,Undirected,1,0.0,0.0
1207,516,717,Undirected,1,0.0,0.0
1208,928,778,Undirected,22,0.0,0.0
1209,1680,1020,Undirected,1,0.0,0.0
1210,1187,755,Undirected,27,0.0,0.0
1211,994,1485,Undirected,1,0.0,0.0
1212,982,982,Undirected,27,0.0,0.0
1213,457,230,Undirected,1,0.0,0.0
1214,1097,421,Undirected,2,0.0,0.0
1215,1662,7,Undirected,10,0.0,0.0
1216,1476,1510,Undirected,16,0.0,0.0
1217,756,1175,Undirected,3,0.0,0.0
1218,528,1852,Undirected,1,0.0,0.0
1219,1658,1159,Undirected,1,0.0,0.0
1220,1289,1755,Undirected,17,6.946770360033132e-07,0.5976949599700769
1221,1305,301,Undirected,2,0.0,0.0
1222,1587,1710,Undirected,2,0.0,0.0
1223,1155,853,Undirected,75,0.0,0.0
1224,1708,286,Undirected,2,0.0,0.0
1225,672,1473,Undirected,1,0.0,0.0
1226,1592,1214,Undirected,11,0.0,0.0
1227,1101,518,Undirected,6,0.0,0.0
1228,1049,1605,Undirected,8,0.0,0.0
1229,920,1765,Undirected,1,0.0,0.0
1230,1568,1400,Undirected,28,0.0,0.0
1231,20,1548,Undirected,1,0.0,0.0
1232,288,57,Undirected,3,0.0,0.0
1233,173,862,Undirected,5,0.0,0.0
1234,1267,879,Undirected,8,0.0,0.0
1235,1273,775,Undirected,3,0.0,0.0
1236,1446,1446,Undirected,3,0.0,0.0
1237,169,741,Undirected,6,0.0,0.0
1238,1382,1983,Undirected,5,0.0,0.0
1239,900,900,Undirected,99,0.0,0.0
1240,205,414,Undirected,1,0.0,0.0
1241,1824,1780,Undirected,59,0.0,0.0
1242,803,703,Undirected,9,0.0,0.0
1243,728,728,Undirected,279,0.0,0.0
1244,529,1078,Undirected,1,0.0,0.0
1245,120,670,Undirected,2,0.0,0.0
1246,61,1143,Undirected,16,0.0,0.0
1247,1384,354,Undirected,2,0.0,0.0
1248,193,1050,Undirected,1,0.0,0.0
1249,1867,1287,Undirected,6,0.0,0.0
1250,475,46,Undirected,1,0.0,0.0
1251,1404,1996,Undirected,36,0.0,0.0
1252,24,573,Undirected,3,0.0,0.0
1253,1877,1871,Undirected,32,0.0,0.0
1254,1675,1925,Undirected,7,0.0,0.0
1255,740,1831,Undirected,1,0.0,0.0
1256,1696,1705,Undirected,17,0.0,0.0
1257,1515,1359,Undirected,7,0.0,0.0
1258,1407,1407,Undirected,17,0.0,0.0
1259,1242,350,Undirected,10,0.0,0.0
1260,176,819,Undirected,7,0.0,0.0
1261,1098,447,Undirected,6,0.0,0.0
1262,1189,711,Undirected,1,0.0,0.0
1263,792,1598,Undirected,1,0.0,0.0
1264,1385,693,Undirected,7,0.0,0.0
1265,1434,1547,Undirected,11,0.0,0.0
1266,1257,287,Undirected,2,0.0,0.0
1267,646,646,Undirected,14,0.0,0.0
1268,129,602,Undirected,21,0.0,0.0
1269,1264,67,Undirected,21,0.0,0.0
1270,146,1346,Undirected,7,0.0,0.0
1271,453,279,Undirected,4,0.0,0.0
1272,496,1420,Undirected,20,0.0,0.0
1273,1174,1359,Undirected,1,0.0,0.0
1274,1129,1845,Undirected,2,0.0,0.0
1275,693,438,Undirected,1,0.0,0.0
1276,1296,657,Undirected,6,0.0,0.0
1277,194,194,Undirected,74,0.0,0.0
1278,1112,725,Undirected,4,0.0,0.0
1279,1176,1176,Undirected,136,0.0,0.0
1280,745,1117,Undirected,1,0.0,0.0
1281,739,739,Undirected,202,0.0,0.0
1282,1357,1989,Undirected,15,0.0,0.0
1283,1180,1877,Undirected,1,0.0,0.0
1284,1437,718,Undirected,1,0.0,0.0
1285,1763,1509,Undirected,1,0.0,0.0
1286,1584,1089,Undirected,13,0.0,0.0
1287,968,1382,Undirected,1,0.0,0.0
1288,240,562,Undirected,1,0.0,0.0
1289,1811,1811,Undirected,134,0.0,0.0
1290,1569,1569,Undirected,12,0.0,0.0
1291,1248,686,Undirected,3,0.0,0.0
1292,1613,1806,Undirected,1,0.0,0.0
1293,1697,1429,Undirected,4,0.0,0.0
1294,1002,1139,Undirected,1,0.0,0.0
1295,313,1783,Undirected,2,0.0,0.0
1296,1969,1086,Undirected,3,0.0,0.0
1297,1585,1403,Undirected,2,0.0,0.0
1298,770,1812,Undirected,1,0.0,0.0
1299,978,1476,Undirected,2,0.0,0.0
1300,1560,285,Undirected,3,0.0,0.0
1301,1052,1284,Undirected,9,0.0,0.0
1302,457,737,Undirected,3,0.0,0.0
1303,133,1295,Undirected,1,0.0,0.0
1304,1555,1404,Undirected,1,0.0,0.0
1305,1162,1710,Undirected,2,0.0,0.0
1306,740,1341,Undirected,1,0.0,0.0
1307,1732,1614,Undirected,1,0.0,0.0
1308,1700,879,Undirected,1,0.0,0.0
1309,1250,1588,Undirected,6,0.0,0.0
1310,1529,1141,Undirected,4,0.0,0.0
1311,1689,1796,Undirected,2,0.0,0.0
1312,353,1799,Undirected,1,0.0,0.0
1313,1510,1006,Undirected,8,0.0,0.0
1314,331,1630,Undirected,26,0.0,0.0
1315,393,891,Undirected,2,0.0,0.0
1316,1917,286,Undirected,19,0.0,0.0
1317,585,157,Undirected,2,0.0,0.0
1318,1105,1343,Undirected,1,0.0,0.0
1319,1995,839,Undirected,2,0.0,0.0
1320,424,1155,Undirected,16,0.0,0.0
1321,690,1204,Undirected,1,0.0,0.0
1322,253,1727,Undirected,2,0.0,0.0
1323,1281,676,Undirected,42,0.0,0.0
1324,1372,1503,Undirected,11,0.0,0.0
1325,1534,1958,Undirected,1,0.0,0.0
1326,1091,852,Undirected,1,0.0,0.0
1327,53,1047,Undirected,3,0.0,0.0
1328,1817,1543,Undirected,2,0.0,0.0
1329,1195,1503,Undirected,15,0.0,0.0
1330,1300,516,Undirected,8,0.0,0.0
1331,1821,678,Undirected,1,0.0,0.0
1332,208,783,Undirected,15,0.0,0.0
1333,611,1879,Undirected,20,0.0,0.0
1334,213,213,Undirected,143,0.0,0.0
1335,328,1610,Undirected,1,0.0,0.0
1336,1348,1159,Undirected,1,0.0,0.0
1337,954,50,Undirected,11,0.0,0.0
1338,1180,1517,Undirected,1,0.0,0.0
1339,394,1348,Undirected,2,0.0,0.0
1340,995,1455,Undirected,26,0.0,0.0
1341,1964,1079,Undirected,9,0.0,0.0
1342,226,726,Undirected,2,0.0,0.0
1343,1394,1445,Undirected,3,0.0,0.0
1344,137,534,Undirected,4,4.377799564084798e-07,0.3766626215639297
1345,1817,562,Undirected,4,2.60383132796197e-07,0.22403171267743463
1346,1438,1247,Undirected,15,0.0,0.0
1347,559,1479,Undirected,7,0.0,0.0
1348,1850,795,Undirected,1,0.0,0.0
1349,363,780,Undirected,2,0.0,0.0
1350,1866,820,Undirected,3,0.0,0.0
1351,1872,1079,Undirected,1,0.0,0.0
1352,1114,1847,Undirected,5,0.0,0.0
1353,1476,1550,Undirected,2,0.0,0.0
1354,1154,109,Undirected,8,0.0,0.0
1355,1672,1240,Undirected,2,0.0,0.0
1356,976,513,Undirected,23,0.0,0.0
1357,1017,435,Undirected,3,0.0,0.0
1358,932,932,Undirected,26,0.0,0.0
1359,1161,1161,Undirected,69,0.0,0.0
1360,210,1662,Undirected,1,0.0,0.0
1361,740,1798,Undirected,1,0.0,0.0
1362,842,435,Undirected,1,0.0,0.0
1363,688,182,Undirected,2,0.0,0.0
1364,1297,1261,Undirected,3,0.0,0.0
1365,1769,1660,Undirected,2,0.0,0.0
1366,704,561,Undirected,1,0.0,0.0
1367,1020,1845,Undirected,4,0.0,0.0
1368,1190,1190,Undirected,77,0.0,0.0
1369,1731,479,Undirected,1,0.0,0.0
1370,1154,267,Undirected,9,0.0,0.0
1371,1114,662,Undirected,7,0.0,0.0
1372,10,1039,Undirected,19,0.0,0.0
1373,174,1823,Undirected,6,0.0,0.0
1374,461,1622,Undirected,3,0.0,0.0
1375,1220,1220,Undirected,35,0.0,0.0
1376,1858,1683,Undirected,5,0.0,0.0
1377,1160,1987,Undirected,30,0.0,0.0
1378,226,918,Undirected,4,0.0,0.0
1379,1564,1093,Undirected,2,0.0,0.0
1380,49,49,Undirected,83,0.0,0.0
1381,1042,710,Undirected,1,0.0,0.0
1382,1219,1375,Undirected,122,0.0,0.0
1383,550,1510,Undirected,2,0.0,0.0
1384,1392,1681,Undirected,1,0.0,0.0
1385,904,558,Undirected,26,0.0,0.0
1386,1394,1055,Undirected,1,0.0,0.0
1387,1928,211,Undirected,86,0.0,0.0
1388,947,1195,Undirected,28,0.0,0.0
1389,1321,466,Undirected,1,0.0,0.0
1390,516,213,Undirected,2,0.0,0.0
1391,1817,228,Undirected,1,0.0,0.0
1392,1874,1759,Undirected,1,0.0,0.0
1393,1163,1870,Undirected,1,0.0,0.0
1394,562,63,Undirected,1,0.0,0.0
1395,1240,794,Undirected,3,0.0,0.0
1396,613,1398,Undirected,1,0.0,0.0
1397,806,215,Undirected,21,0.0,0.0
1398,1932,551,Undirected,2,0.0,0.0
1399,163,814,Undirected,15,0.0,0.0
1400,1176,1790,Undirected,3,0.0,0.0
1401,423,423,Undirected,54,0.0,0.0
1402,1251,1511,Undirected,1,0.0,0.0
1403,1817,515,Undirected,1,0.0,0.0
1404,264,96,Undirected,1,0.0,0.0
1405,515,1222,Undirected,2,0.0,0.0
1406,42,42,Undirected,84,0.0,0.0
1407,1288,575,Undirected,1,0.0,0.0
1408,1752,860,Undirected,1,0.0,0.0
1409,1938,1883,Undirected,66,0.0,0.0
1410,1441,830,Undirected,1,0.0,0.0
1411,1813,1989,Undirected,4,0.0,0.0
1412,1984,625,Undirected,12,0.0,0.0
1413,341,967,Undirected,4,0.0,0.0
1414,810,836,Undirected,2,0.0,0.0
1415,906,563,Undirected,1,0.0,0.0
1416,1233,1174,Undirected,3,0.0,0.0
1417,1700,1630,Undirected,3,0.0,0.0
1418,1499,1404,Undirected,3,0.0,0.0
1419,424,369,Undirected,1,0.0,0.0
1420,1248,980,Undirected,4,0.0,0.0
1421,1154,283,Undirected,12,0.0,0.0
1422,1360,1796,Undirected,13,0.0,0.0
1423,1644,1853,Undirected,8,3.411110531811924e-07,0.29348941552677316
1424,1385,1506,Undirected,14,0.0,0.0
1425,770,1651,Undirected,2,0.0,0.0
1426,448,448,Undirected,19,0.0,0.0
1427,1441,1218,Undirected,1,0.0,0.0
1428,1770,655,Undirected,14,0.0,0.0
1429,1057,1642,Undirected,16,0.0,0.0
1430,10,1526,Undirected,11,0.0,0.0
1431,1593,1604,Undirected,8,0.0,0.0
1432,1097,1566,Undirected,11,0.0,0.0
1433,978,1402,Undirected,2,0.0,0.0
1434,1173,342,Undirected,2,0.0,0.0
1435,671,671,Undirected,76,0.0,0.0
1436,88,892,Undirected,1,0.0,0.0
1437,1875,1566,Undirected,12,0.0,0.0
1438,1529,1155,Undirected,10,0.0,0.0
1439,1883,1484,Undirected,51,0.0,0.0
1440,1848,1684,Undirected,22,0.0,0.0
1441,1300,1383,Undirected,6,0.0,0.0
1442,999,999,Undirected,76,0.0,0.0
1443,1317,591,Undirected,18,0.0,0.0
1444,1932,1510,Undirected,9,0.0,0.0
1445,801,1381,Undirected,3,0.0,0.0
1446,1731,438,Undirected,1,0.0,0.0
1447,1842,1842,Undirected,166,0.0,0.0
1448,485,949,Undirected,5,0.0,0.0
1449,97,1726,Undirected,2,0.0,0.0
1450,786,1596,Undirected,2,0.0,0.0
1451,1170,1038,Undirected,3,0.0,0.0
1452,1832,1941,Undirected,1,0.0,0.0
1453,1737,399,Undirected,3,0.0,0.0
1454,1536,712,Undirected,11,0.0,0.0
1455,1316,1453,Undirected,1,0.0,0.0
1456,1754,1684,Undirected,8,0.0,0.0
1457,1009,1534,Undirected,10,0.0,0.0
1458,568,568,Undirected,109,0.0,0.0
1459,1473,347,Undirected,1,0.0,0.0
1460,1973,911,Undirected,2,0.0,0.0
1461,1504,909,Undirected,5,0.0,0.0
1462,1547,853,Undirected,14,0.0,0.0
1463,620,1295,Undirected,8,0.0,0.0
1464,1582,1654,Undirected,1,0.0,0.0
1465,475,958,Undirected,5,0.0,0.0
1466,1754,612,Undirected,1,0.0,0.0
1467,1660,566,Undirected,1,0.0,0.0
1468,1776,148,Undirected,5,0.0,0.0
1469,1674,1141,Undirected,10,0.0,0.0
1470,197,1111,Undirected,1,0.0,0.0
1471,759,759,Undirected,86,0.0,0.0
1472,1480,1353,Undirected,1,0.0,0.0
1473,1689,900,Undirected,66,0.0,0.0
1474,1464,1916,Undirected,3,0.0,0.0
1475,1549,13,Undirected,1,0.0,0.0
1476,620,1412,Undirected,2,0.0,0.0
1477,1788,1605,Undirected,3,0.0,0.0
1478,1561,1210,Undirected,1,0.0,0.0
1479,537,781,Undirected,1,0.0,0.0
1480,1595,1462,Undirected,1,0.0,0.0
1481,513,1198,Undirected,20,0.0,0.0
1482,1350,1638,Undirected,3,0.0,0.0
1483,1840,227,Undirected,1,0.0,0.0
1484,1761,1515,Undirected,1,0.0,0.0
1485,905,1378,Undirected,15,0.0,0.0
1486,208,642,Undirected,4,0.0,0.0
1487,1305,1985,Undirected,2,0.0,0.0
1488,1641,1675,Undirected,6,0.0,0.0
1489,1476,1710,Undirected,1,0.0,0.0
1490,1928,1804,Undirected,3,0.0,0.0
1491,322,1484,Undirected,4,0.0,0.0
1492,1155,979,Undirected,4,0.0,0.0
1493,633,602,Undirected,2,0.0,0.0
1494,1806,1806,Undirected,97,0.0,0.0
1495,586,586,Undirected,17,0.0,0.0
1496,10,779,Undirected,1,0.0,0.0
1497,1218,469,Undirected,2,0.0,0.0
1498,323,959,Undirected,15,0.0,0.0
1499,576,1162,Undirected,1,0.0,0.0
1500,1309,231,Undirected,20,0.0,0.0
1501,1681,711,Undirected,8,0.0,0.0
1502,688,741,Undirected,3,0.0,0.0
1503,1202,390,Undirected,3,3.5665786170273214e-07,0.3068657740579336
1504,1756,1325,Undirected,14,0.0,0.0
1505,1154,627,Undirected,1,0.0,0.0
1506,393,511,Undirected,4,0.0,0.0
1507,707,707,Undirected,2,0.0,0.0
1508,1605,1517,Undirected,1,0.0,0.0
1509,1945,1570,Undirected,1,0.0,0.0
1510,1833,909,Undirected,1,0.0,0.0
1511,731,1022,Undirected,3,0.0,0.0
1512,1756,711,Undirected,5,0.0,0.0
1513,1954,557,Undirected,6,0.0,0.0
1514,1972,1647,Undirected,2,0.0,0.0
1515,1089,1219,Undirected,1,0.0,0.0
1516,1400,1444,Undirected,1,0.0,0.0
1517,1811,1869,Undirected,3,0.0,0.0
1518,1907,1907,Undirected,22,0.0,0.0
1519,1188,167,Undirected,12,0.0,0.0
1520,1371,1316,Undirected,20,0.0,0.0
1521,705,1667,Undirected,1,0.0,0.0
1522,1606,823,Undirected,1,0.0,0.0
1523,1136,1930,Undirected,1,0.0,0.0
1524,768,1635,Undirected,1,0.0,0.0
1525,1384,1079,Undirected,2,0.0,0.0
1526,1091,1614,Undirected,3,0.0,0.0
1527,1418,908,Undirected,3,0.0,0.0
1528,1897,1941,Undirected,4,0.0,0.0
1529,1840,1114,Undirected,2,0.0,0.0
1530,785,1217,Undirected,1,0.0,0.0
1531,1784,171,Undirected,1,0.0,0.0
1532,1490,1476,Undirected,1,0.0,0.0
1533,1186,371,Undirected,3,0.0,0.0
1534,1384,1187,Undirected,9,0.0,0.0
1535,135,351,Undirected,12,0.0,0.0
1536,842,1598,Undirected,2,0.0,0.0
1537,1377,1774,Undirected,1,0.0,0.0
1538,1754,911,Undirected,56,0.0,0.0
1539,989,1887,Undirected,8,0.0,0.0
1540,1549,1862,Undirected,7,3.869237355995448e-07,0.3329063070677632
1541,1760,611,Undirected,1,0.0,0.0
1542,994,1580,Undirected,1,0.0,0.0
1543,932,1910,Undirected,3,0.0,0.0
1544,1368,1280,Undirected,6,0.0,0.0
1545,21,670,Undirected,3,0.0,0.0
1546,1689,1066,Undirected,3,0.0,0.0
1547,433,1780,Undirected,45,0.0,0.0
1548,1130,215,Undirected,2,0.0,0.0
1549,1256,1256,Undirected,1,0.0,0.0
1550,1562,1183,Undirected,10,0.0,0.0
1551,53,53,Undirected,341,0.0,0.0
1552,1739,1509,Undirected,2,0.0,0.0
1553,1051,926,Undirected,1,0.0,0.0
1554,143,143,Undirected,157,0.0,0.0
1555,160,1911,Undirected,10,0.0,0.0
1556,1944,1882,Undirected,1,0.0,0.0
1557,786,1382,Undirected,5,0.0,0.0
1558,1296,485,Undirected,1,0.0,0.0
1559,1660,599,Undirected,2,0.0,0.0
1560,628,724,Undirected,1,0.0,0.0
1561,1861,775,Undirected,5,0.0,0.0
1562,1357,1094,Undirected,3,0.0,0.0
1563,1883,1155,Undirected,79,0.0,0.0
1564,1841,914,Undirected,2,0.0,0.0
1565,1644,294,Undirected,1,0.0,0.0
1566,826,1701,Undirected,2,0.0,0.0
1567,267,492,Undirected,5,0.0,0.0
1568,52,52,Undirected,1,0.0,0.0
1569,1106,1235,Undirected,6,0.0,0.0
1570,1879,975,Undirected,1,0.0,0.0
1571,1011,1638,Undirected,5,4.913105876146067e-07,0.42271997889359736
1572,1089,882,Undirected,1,0.0,0.0
1573,1107,1107,Undirected,8,0.0,0.0
1574,1051,614,Undirected,2,0.0,0.0
1575,1177,921,Undirected,1,0.0,0.0
1576,1056,1510,Undirected,2,0.0,0.0
1577,225,634,Undirected,31,0.0,0.0
1578,571,1487,Undirected,5,0.0,0.0
1579,378,1195,Undirected,24,0.0,0.0
1580,1848,1155,Undirected,1,0.0,0.0
1581,1331,118,Undirected,3,0.0,0.0
1582,1416,855,Undirected,4,0.0,0.0
1583,1199,1199,Undirected,148,0.0,0.0
1584,1162,195,Undirected,38,0.0,0.0
1585,1756,758,Undirected,1,0.0,0.0
1586,803,1439,Undirected,25,0.0,0.0
1587,290,1332,Undirected,29,0.0,0.0
1588,721,1562,Undirected,4,0.0,0.0
1589,1060,1060,Undirected,148,0.0,0.0
1590,571,53,Undirected,7,0.0,0.0
1591,1082,45,Undirected,72,0.0,0.0
1592,1996,853,Undirected,80,0.0,0.0
1593,1989,1343,Undirected,4,0.0,0.0
1594,1360,722,Undirected,2,0.0,0.0
1595,1770,339,Undirected,2,0.0,0.0
1596,761,1815,Undirected,9,0.0,0.0
1597,424,1484,Undirected,19,0.0,0.0
1598,1579,1995,Undirected,1,0.0,0.0
1599,1641,1641,Undirected,140,0.0,0.0
1600,930,1924,Undirected,24,0.0,0.0
1601,1105,1105,Undirected,14,0.0,0.0
1602,1730,1390,Undirected,21,5.19794240236035e-07,0.44722710196090565
1603,1416,253,Undirected,3,0.0,0.0
1604,1251,1251,Undirected,325,0.0,0.0
1605,650,1522,Undirected,1,0.0,0.0
1606,1706,930,Undirected,1,0.0,0.0
1607,1499,28,Undirected,2,0.0,0.0
1608,932,590,Undirected,1,0.0,0.0
1609,1816,299,Undirected,1,0.0,0.0
1610,1795,1470,Undirected,4,0.0,0.0
1611,930,1300,Undirected,1,0.0,0.0
1612,1842,1308,Undirected,3,0.0,0.0
1613,1788,1775,Undirected,2,0.0,0.0
1614,676,813,Undirected,23,0.0,0.0
1615,776,1308,Undirected,2,0.0,0.0
1616,659,1814,Undirected,2,0.0,0.0
1617,1858,118,Undirected,1,0.0,0.0
1618,1329,998,Undirected,1,0.0,0.0
1619,1491,580,Undirected,2,0.0,0.0
1620,386,1486,Undirected,1,0.0,0.0
1621,896,277,Undirected,1,0.0,0.0
1622,145,1543,Undirected,1,0.0,0.0
1623,1455,1959,Undirected,1,0.0,0.0
1624,778,1362,Undirected,26,0.0,0.0
1625,848,105,Undirected,14,0.0,0.0
1626,1584,1806,Undirected,21,0.0,0.0
1627,852,191,Undirected,1,0.0,0.0
1628,586,1902,Undirected,2,0.0,0.0
1629,290,75,Undirected,1,0.0,0.0
1630,1644,1862,Undirected,2,0.0,0.0
1631,574,1998,Undirected,2,0.0,0.0
1632,1938,1316,Undirected,2,0.0,0.0
1633,832,1823,Undirected,7,0.0,0.0
1634,960,1564,Undirected,1,0.0,0.0
1635,1082,1531,Undirected,1,0.0,0.0
1636,921,1934,Undirected,2,0.0,0.0
1637,833,833,Undirected,87,0.0,0.0
1638,853,911,Undirected,11,0.0,0.0
1639,948,1174,Undirected,2,0.0,0.0
1640,579,1269,Undirected,1,0.0,0.0
1641,475,475,Undirected,160,0.0,0.0
1642,689,1366,Undirected,17,0.0,0.0
1643,277,1719,Undirected,6,0.0,0.0
1644,1248,1837,Undirected,6,0.0,0.0
1645,516,822,Undirected,1,0.0,0.0
1646,1857,1305,Undirected,1,0.0,0.0
1647,515,1901,Undirected,5,4.169531076896571e-07,0.35874335568043764
1648,113,803,Undirected,19,0.0,0.0
1649,1389,318,Undirected,3,0.0,0.0
1650,710,1159,Undirected,1,0.0,0.0
1651,915,1892,Undirected,5,0.0,0.0
1652,169,806,Undirected,2,0.0,0.0
1653,1554,125,Undirected,21,0.0,0.0
1654,176,710,Undirected,1,0.0,0.0
1655,1155,1380,Undirected,4,0.0,0.0
1656,618,1514,Undirected,2,0.0,0.0
1657,1748,516,Undirected,4,0.0,0.0
1658,969,490,Undirected,1,0.0,0.0
1659,1650,604,Undirected,1,0.0,0.0
1660,1435,388,Undirected,1,0.0,0.0
1661,905,1590,Undirected,6,0.0,0.0
1662,1490,459,Undirected,14,0.0,0.0
1663,722,838,Undirected,3,0.0,0.0
1664,761,1190,Undirected,1,0.0,0.0
1665,835,1876,Undirected,2,0.0,0.0
1666,947,887,Undirected,1,0.0,0.0
1667,529,1292,Undirected,2,0.0,0.0
1668,1042,1695,Undirected,1,0.0,0.0
1669,1469,1862,Undirected,9,0.0,0.0
1670,516,1598,Undirected,3,0.0,0.0
1671,1352,1985,Undirected,1,0.0,0.0
1672,1810,1810,Undirected,36,0.0,0.0
1673,1464,940,Undirected,1,0.0,0.0
1674,1195,1964,Undirected,2,0.0,0.0
1675,980,1372,Undirected,1,0.0,0.0
1676,978,1823,Undirected,3,0.0,0.0
1677,1640,1382,Undirected,3,0.0,0.0
1678,1097,1174,Undirected,2,0.0,0.0
1679,1827,1219,Undirected,115,0.0,0.0
1680,1828,1509,Undirected,1,0.0,0.0
1681,561,1227,Undirected,2,0.0,0.0
1682,1137,842,Undirected,1,0.0,0.0
1683,980,980,Undirected,262,0.0,0.0
1684,1670,935,Undirected,1,0.0,0.0
1685,1937,1945,Undirected,3,0.0,0.0
1686,1755,717,Undirected,1,0.0,0.0
1687,161,127,Undirected,1,0.0,0.0
1688,1997,1997,Undirected,28,0.0,0.0
1689,833,1770,Undirected,3,0.0,0.0
1690,720,716,Undirected,2,0.0,0.0
1691,1521,1164,Undirected,7,0.0,0.0
1692,1801,510,Undirected,3,0.0,0.0
1693,272,272,Undirected,16,0.0,0.0
1694,184,1535,Undirected,9,0.0,0.0
1695,275,1964,Undirected,5,0.0,0.0
1696,184,1388,Undirected,4,0.0,0.0
1697,1158,1495,Undirected,14,0.0,0.0
1698,1289,1654,Undirected,1,0.0,0.0
1699,309,1781,Undirected,1,0.0,0.0
1700,1896,1676,Undirected,5,0.0,0.0
1701,1344,832,Undirected,2,0.0,0.0
1702,1883,1455,Undirected,6,0.0,0.0
1703,769,598,Undirected,1,0.0,0.0
1704,1970,851,Undirected,12,0.0,0.0
1705,1242,1015,Undirected,2,0.0,0.0
1706,1032,1375,Undirected,14,0.0,0.0
1707,478,1767,Undirected,2,0.0,0.0
1708,722,722,Undirected,15,0.0,0.0
1709,368,1795,Undirected,6,0.0,0.0
1710,1902,1902,Undirected,125,0.0,0.0
1711,1911,1911,Undirected,32,0.0,0.0
1712,1883,1375,Undirected,135,0.0,0.0
1713,566,566,Undirected,93,0.0,0.0
1714,1083,499,Undirected,1,0.0,0.0
1715,794,909,Undirected,1,0.0,0.0
1716,1380,1804,Undirected,45,0.0,0.0
1717,1448,863,Undirected,2,0.0,0.0
1718,1434,1268,Undirected,12,0.0,0.0
1719,1441,1269,Undirected,2,0.0,0.0
1720,1972,1549,Undirected,2,0.0,0.0
1721,1706,1725,Undirected,2,0.0,0.0
1722,949,1815,Undirected,37,0.0,0.0
1723,1834,1996,Undirected,2,0.0,0.0
1724,480,1708,Undirected,3,0.0,0.0
1725,1194,1194,Undirected,125,0.0,0.0
1726,978,506,Undirected,1,0.0,0.0
1727,1569,1897,Undirected,1,0.0,0.0
1728,635,574,Undirected,1,0.0,0.0
1729,370,370,Undirected,34,0.0,0.0
1730,818,1565,Undirected,2,0.0,0.0
1731,1993,1798,Undirected,1,0.0,0.0
1732,769,1595,Undirected,2,0.0,0.0
1733,699,1308,Undirected,1,0.0,0.0
1734,947,1319,Undirected,19,0.0,0.0
1735,105,1092,Undirected,2,0.0,0.0
1736,1476,1159,Undirected,8,0.0,0.0
1737,1377,1377,Undirected,5,0.0,0.0
1738,728,758,Undirected,2,0.0,0.0
1739,1947,1693,Undirected,2,0.0,0.0
1740,1624,475,Undirected,2,0.0,0.0
1741,885,373,Undirected,1,0.0,0.0
1742,1032,985,Undirected,5,0.0,0.0
1743,711,711,Undirected,608,0.0,0.0
1744,195,1639,Undirected,9,0.0,0.0
1745,1996,1375,Undirected,1,0.0,0.0
1746,832,1618,Undirected,1,0.0,0.0
1747,547,1588,Undirected,3,0.0,0.0
1748,638,70,Undirected,6,0.0,0.0
1749,596,1261,Undirected,42,0.0,0.0
1750,1121,1522,Undirected,3,0.0,0.0
1751,841,1061,Undirected,1,0.0,0.0
1752,1924,1924,Undirected,64,0.0,0.0
1753,1316,1375,Undirected,253,0.0,0.0
1754,1050,198,Undirected,2,0.0,0.0
1755,1916,1588,Undirected,5,0.0,0.0
1756,1092,1005,Undirected,5,0.0,0.0
1757,1183,1183,Undirected,209,0.0,0.0
1758,524,1782,Undirected,1,0.0,0.0
1759,11,614,Undirected,1,0.0,0.0
1760,121,1798,Undirected,16,0.0,0.0
1761,235,444,Undirected,17,0.0,0.0
1762,1212,558,Undirected,1,0.0,0.0
1763,443,340,Undirected,1,0.0,0.0
1764,608,608,Undirected,68,0.0,0.0
1765,1881,1162,Undirected,1,0.0,0.0
1766,1537,1537,Undirected,29,0.0,0.0
1767,1127,1127,Undirected,18,0.0,0.0
1768,1259,1259,Undirected,344,0.0,0.0
1769,1080,1387,Undirected,1,0.0,0.0
1770,1083,1621,Undirected,2,0.0,0.0
1771,979,1251,Undirected,3,0.0,0.0
1772,757,719,Undirected,2,0.0,0.0
1773,33,789,Undirected,16,0.0,0.0
1774,1371,1734,Undirected,6,0.0,0.0
1775,1074,754,Undirected,16,0.0,0.0
1776,1538,1223,Undirected,2,0.0,0.0
1777,280,1319,Undirected,40,0.0,0.0
1778,369,1453,Undirected,9,0.0,0.0
1779,659,1853,Undirected,1,0.0,0.0
1780,314,1949,Undirected,1,0.0,0.0
1781,1863,751,Undirected,1,0.0,0.0
1782,1730,418,Undirected,1,0.0,0.0
1783,341,831,Undirected,1,0.0,0.0
1784,0,839,Undirected,1,0.0,0.0
1785,1499,567,Undirected,2,0.0,0.0
1786,475,990,Undirected,1,0.0,0.0
1787,1098,53,Undirected,3,0.0,0.0
1788,57,57,Undirected,245,0.0,0.0
1789,625,1763,Undirected,64,0.0,0.0
1790,939,751,Undirected,3,0.0,0.0
1791,1969,1511,Undirected,10,0.0,0.0
1792,458,1846,Undirected,2,0.0,0.0
1793,1725,478,Undirected,2,0.0,0.0
1794,588,588,Undirected,55,0.0,0.0
1795,713,713,Undirected,53,0.0,0.0
1796,1787,1565,Undirected,2,0.0,0.0
1797,930,1598,Undirected,2,0.0,0.0
1798,720,1553,Undirected,13,0.0,0.0
1799,1816,1159,Undirected,3,0.0,0.0
1800,1538,1390,Undirected,1,0.0,0.0
1801,1700,829,Undirected,1,0.0,0.0
1802,1497,1819,Undirected,2,0.0,0.0
1803,1129,961,Undirected,2,0.0,0.0
1804,1964,1141,Undirected,3,0.0,0.0
1805,1912,1706,Undirected,3,0.0,0.0
1806,1657,869,Undirected,6,0.0,0.0
1807,1897,51,Undirected,1,0.0,0.0
1808,369,1756,Undirected,3,0.0,0.0
1809,90,90,Undirected,17,0.0,0.0
1810,1352,1352,Undirected,59,0.0,0.0
1811,1169,41,Undirected,4,0.0,0.0
1812,338,1663,Undirected,2,0.0,0.0
1813,1412,935,Undirected,1,0.0,0.0
1814,1250,566,Undirected,16,0.0,0.0
1815,1677,975,Undirected,22,0.0,0.0
1816,930,1213,Undirected,11,0.0,0.0
1817,1016,1016,Undirected,33,0.0,0.0
1818,1141,1959,Undirected,4,0.0,0.0
1819,1018,1475,Undirected,1,0.0,0.0
1820,1120,1586,Undirected,22,0.0,0.0
1821,1219,1219,Undirected,321,0.0,0.0
1822,386,386,Undirected,4,0.0,0.0
1823,1025,900,Undirected,1,0.0,0.0
1824,1777,1743,Undirected,5,0.0,0.0
1825,1160,1371,Undirected,9,0.0,0.0
1826,1686,710,Undirected,3,0.0,0.0
1827,930,221,Undirected,2,0.0,0.0
1828,1938,1380,Undirected,26,0.0,0.0
1829,1333,287,Undirected,4,0.0,0.0
1830,514,1895,Undirected,11,0.0,0.0
1831,1644,1614,Undirected,16,0.0,0.0
1832,1993,1101,Undirected,1,0.0,0.0
1833,1382,814,Undirected,17,0.0,0.0
1834,377,948,Undirected,1,0.0,0.0
1835,329,478,Undirected,2,0.0,0.0
1836,1348,1615,Undirected,1,0.0,0.0
1837,996,1767,Undirected,1,0.0,0.0
1838,33,922,Undirected,2,0.0,0.0
1839,1838,1783,Undirected,3,0.0,0.0
1840,772,1356,Undirected,15,0.0,0.0
1841,1248,1900,Undirected,3,0.0,0.0
1842,934,934,Undirected,228,0.0,0.0
1843,995,1420,Undirected,18,0.0,0.0
1844,262,1327,Undirected,2,0.0,0.0
1845,1042,1435,Undirected,12,0.0,0.0
1846,772,1774,Undirected,4,0.0,0.0
1847,1044,1044,Undirected,4,0.0,0.0
1848,1160,1720,Undirected,71,0.0,0.0
1849,440,857,Undirected,6,0.0,0.0
1850,1276,903,Undirected,3,0.0,0.0
1851,370,1620,Undirected,9,0.0,0.0
1852,606,1199,Undirected,1,0.0,0.0
1853,687,687,Undirected,76,0.0,0.0
1854,698,1701,Undirected,1,0.0,0.0
1855,609,1330,Undirected,2,0.0,0.0
1856,649,1469,Undirected,2,0.0,0.0
1857,1305,604,Undirected,1,0.0,0.0
1858,1739,1581,Undirected,8,0.0,0.0
1859,1235,1279,Undirected,1,0.0,0.0
1860,1464,1464,Undirected,137,0.0,0.0
1861,643,494,Undirected,2,0.0,0.0
1862,1153,1579,Undirected,1,0.0,0.0
1863,1793,1627,Undirected,1,0.0,0.0
1864,1154,1870,Undirected,3,0.0,0.0
1865,1754,1155,Undirected,10,0.0,0.0
1866,1130,397,Undirected,63,0.0,0.0
1867,1883,1827,Undirected,33,0.0,0.0
1868,1912,495,Undirected,6,0.0,0.0
1869,546,70,Undirected,3,0.0,0.0
1870,1315,102,Undirected,1,0.0,0.0
1871,1712,1466,Undirected,8,0.0,0.0
1872,1872,1760,Undirected,1,0.0,0.0
1873,1932,1159,Undirected,1,0.0,0.0
1874,625,637,Undirected,1,0.0,0.0
1875,1563,917,Undirected,2,0.0,0.0
1876,1739,1763,Undirected,9,0.0,0.0
1877,476,1615,Undirected,3,0.0,0.0
1878,728,1434,Undirected,15,0.0,0.0
1879,651,1079,Undirected,2,0.0,0.0
1880,276,1039,Undirected,7,0.0,0.0
1881,1992,1315,Undirected,1,0.0,0.0
1882,1290,1420,Undirected,2,0.0,0.0
1883,109,1350,Undirected,5,0.0,0.0
1884,1586,958,Undirected,3,0.0,0.0
1885,33,1310,Undirected,5,0.0,0.0
1886,1203,1411,Undirected,3,0.0,0.0
1887,1674,1044,Undirected,10,0.0,0.0
1888,947,1980,Undirected,25,0.0,0.0
1889,1881,1607,Undirected,2,0.0,0.0
1890,1873,193,Undirected,3,0.0,0.0
1891,789,1310,Undirected,3,0.0,0.0
1892,80,358,Undirected,1,0.0,0.0
1893,1925,1774,Undirected,1,0.0,0.0
1894,1570,1502,Undirected,1,0.0,0.0
1895,81,1287,Undirected,2,0.0,0.0
1896,1379,1759,Undirected,7,0.0,0.0
1897,1978,1268,Undirected,1,0.0,0.0
1898,1546,1546,Undirected,104,0.0,0.0
1899,1132,1132,Undirected,277,0.0,0.0
1900,160,1013,Undirected,1,0.0,0.0
1901,1018,814,Undirected,1,0.0,0.0
1902,1463,1207,Undirected,1,0.0,0.0
1903,1845,1655,Undirected,1,0.0,0.0
1904,1507,925,Undirected,1,0.0,0.0
1905,758,455,Undirected,1,0.0,0.0
1906,857,228,Undirected,1,0.0,0.0
1907,1683,1908,Undirected,2,0.0,0.0
1908,1641,794,Undirected,8,0.0,0.0
1909,962,1951,Undirected,3,0.0,0.0
1910,1734,1511,Undirected,1,0.0,0.0
1911,1954,269,Undirected,13,0.0,0.0
1912,1785,819,Undirected,10,0.0,0.0
1913,1195,1455,Undirected,25,0.0,0.0
1914,1961,1167,Undirected,12,0.0,0.0
1915,714,1053,Undirected,1,0.0,0.0
1916,208,1048,Undirected,2,0.0,0.0
1917,641,641,Undirected,9,0.0,0.0
1918,1144,1951,Undirected,3,0.0,0.0
1919,1989,1437,Undirected,3,0.0,0.0
1920,1764,1294,Undirected,1,0.0,0.0
1921,1868,1951,Undirected,13,0.0,0.0
1922,1421,1423,Undirected,2,0.0,0.0
1923,969,1250,Undirected,1,0.0,0.0
1924,297,1255,Undirected,26,0.0,0.0
1925,1208,931,Undirected,5,0.0,0.0
1926,1331,1227,Undirected,3,0.0,0.0
1927,359,359,Undirected,5,0.0,0.0
1928,463,463,Undirected,8,0.0,0.0
1929,1665,548,Undirected,7,0.0,0.0
1930,562,562,Undirected,14,0.0,0.0
1931,1316,271,Undirected,3,0.0,0.0
1932,1394,1287,Undirected,1,0.0,0.0
1933,1154,1140,Undirected,7,0.0,0.0
1934,324,324,Undirected,20,0.0,0.0
1935,313,1484,Undirected,25,0.0,0.0
1936,406,1798,Undirected,1,0.0,0.0
1937,1107,571,Undirected,1,0.0,0.0
1938,730,1703,Undirected,5,0.0,0.0
1939,388,719,Undirected,26,0.0,0.0
1940,1866,1839,Undirected,5,0.0,0.0
1941,1548,157,Undirected,3,0.0,0.0
1942,418,1124,Undirected,1,0.0,0.0
1943,445,445,Undirected,24,0.0,0.0
1944,1882,893,Undirected,1,0.0,0.0
1945,1072,649,Undirected,9,0.0,0.0
1946,1973,1503,Undirected,3,0.0,0.0
1947,1219,1740,Undirected,14,0.0,0.0
1948,498,375,Undirected,1,0.0,0.0
1949,749,749,Undirected,11,0.0,0.0
1950,100,100,Undirected,404,0.0,0.0
1951,1344,275,Undirected,1,0.0,0.0
1952,1218,855,Undirected,1,0.0,0.0
1953,281,1691,Undirected,4,0.0,0.0
1954,1457,1020,Undirected,1,0.0,0.0
1955,1289,495,Undirected,3,0.0,0.0
1956,563,70,Undirected,5,0.0,0.0
1957,1664,631,Undirected,6,0.0,0.0
1958,203,1478,Undirected,1,0.0,0.0
1959,1777,1924,Undirected,8,0.0,0.0
1960,1548,438,Undirected,11,0.0,0.0
1961,1987,1375,Undirected,3,0.0,0.0
1962,892,892,Undirected,13,0.0,0.0
1963,1900,733,Undirected,2,0.0,0.0
1964,1021,1503,Undirected,10,0.0,0.0
1965,551,551,Undirected,42,0.0,0.0
1966,744,1188,Undirected,2,0.0,0.0
1967,1930,1588,Undirected,4,0.0,0.0
1968,1264,1674,Undirected,1,0.0,0.0
1969,1832,577,Undirected,6,0.0,0.0
1970,1752,838,Undirected,1,0.0,0.0
1971,1730,975,Undirected,1,0.0,0.0
1972,852,671,Undirected,2,0.0,0.0
1973,288,627,Undirected,13,0.0,0.0
1974,526,526,Undirected,49,0.0,0.0
1975,657,250,Undirected,3,0.0,0.0
1976,1368,1845,Undirected,1,0.0,0.0
1977,1774,1646,Undirected,1,0.0,0.0
1978,337,662,Undirected,5,0.0,0.0
1979,1034,983,Undirected,2,0.0,0.0
1980,308,1974,Undirected,2,0.0,0.0
1981,1726,1726,Undirected,21,0.0,0.0
1982,709,709,Undirected,111,0.0,0.0
1983,688,706,Undirected,5,0.0,0.0
1984,1720,1155,Undirected,8,0.0,0.0
1985,1758,1382,Undirected,2,0.0,0.0
1986,1756,1141,Undirected,1,0.0,0.0
1987,1529,1290,Undirected,8,0.0,0.0
1988,1915,791,Undirected,1,0.0,0.0
1989,1556,197,Undirected,6,0.0,0.0
1990,1977,1651,Undirected,2,0.0,0.0
1991,659,1940,Undirected,1,0.0,0.0
1992,496,1756,Undirected,30,0.0,0.0
1993,1909,1909,Undirected,60,0.0,0.0
1994,555,1126,Undirected,1,0.0,0.0
1995,160,212,Undirected,1,0.0,0.0
1996,417,1876,Undirected,1,0.0,0.0
1997,1960,1682,Undirected,2,0.0,0.0
1998,1220,1471,Undirected,22,0.0,0.0
1999,314,1562,Undirected,1,0.0,0.0
2000,930,135,Undirected,17,0.0,0.0
2001,1033,1988,Undirected,3,0.0,0.0
2002,1703,1647,Undirected,5,0.0,0.0
2003,611,611,Undirected,184,0.0,0.0
2004,1760,1760,Undirected,57,0.0,0.0
2005,1984,719,Undirected,1,0.0,0.0
2006,336,794,Undirected,3,0.0,0.0
2007,1762,1190,Undirected,3,0.0,0.0
2008,1435,719,Undirected,1,0.0,0.0
2009,1516,542,Undirected,1,0.0,0.0
2010,25,25,Undirected,5,0.0,0.0
2011,685,1079,Undirected,1,0.0,0.0
2012,1379,151,Undirected,42,4.589546793892072e-07,0.39488119587748016
2013,1154,1637,Undirected,1,0.0,0.0
2014,1634,1354,Undirected,1,0.0,0.0
2015,580,909,Undirected,1,0.0,0.0
2016,1686,1686,Undirected,36,0.0,0.0
2017,1395,1100,Undirected,1,0.0,0.0
2018,1483,1069,Undirected,1,0.0,0.0
2019,1809,1925,Undirected,2,0.0,0.0
2020,1509,1325,Undirected,5,0.0,0.0
2021,1207,1055,Undirected,2,0.0,0.0
2022,216,215,Undirected,1,0.0,0.0
2023,169,1003,Undirected,1,0.0,0.0
2024,1697,1154,Undirected,10,0.0,0.0
2025,1234,1234,Undirected,12,0.0,0.0
2026,1643,251,Undirected,2,0.0,0.0
2027,813,639,Undirected,1,0.0,0.0
2028,1392,686,Undirected,2,0.0,0.0
2029,1993,1861,Undirected,1,0.0,0.0
2030,1705,1396,Undirected,3,0.0,0.0
2031,1947,1813,Undirected,2,0.0,0.0
2032,1185,102,Undirected,21,0.0,0.0
2033,1691,1276,Undirected,1,0.0,0.0
2034,1880,367,Undirected,14,0.0,0.0
2035,1141,1455,Undirected,2,0.0,0.0
2036,1627,1639,Undirected,1,0.0,0.0
2037,25,316,Undirected,5,0.0,0.0
2038,771,1973,Undirected,2,0.0,0.0
2039,984,984,Undirected,89,0.0,0.0
2040,1646,399,Undirected,1,0.0,0.0
2041,1681,1453,Undirected,32,0.0,0.0
2042,1703,495,Undirected,4,0.0,0.0
2043,1856,879,Undirected,5,0.0,0.0
2044,1769,1123,Undirected,1,0.0,0.0
2045,1129,1342,Undirected,1,0.0,0.0
2046,1780,1828,Undirected,2,0.0,0.0
2047,1842,1053,Undirected,2,0.0,0.0
2048,905,1315,Undirected,4,0.0,0.0
2049,919,919,Undirected,3,0.0,0.0
2050,1123,983,Undirected,1,0.0,0.0
2051,517,517,Undirected,68,0.0,0.0
2052,1966,1918,Undirected,1,0.0,0.0
2053,1515,1972,Undirected,1,0.0,0.0
2054,1568,1141,Undirected,24,0.0,0.0
2055,1219,853,Undirected,45,0.0,0.0
2056,1954,1246,Undirected,2,0.0,0.0
2057,759,1783,Undirected,3,0.0,0.0
2058,1912,898,Undirected,1,0.0,0.0
2059,1223,1223,Undirected,38,0.0,0.0
2060,1390,1879,Undirected,1,0.0,0.0
2061,216,1130,Undirected,3,0.0,0.0
2062,1769,769,Undirected,1,0.0,0.0
2063,1538,1919,Undirected,1,0.0,0.0
2064,402,1478,Undirected,1,0.0,0.0
2065,442,1907,Undirected,1,0.0,0.0
2066,747,747,Undirected,3,0.0,0.0
2067,1070,1070,Undirected,87,0.0,0.0
2068,449,397,Undirected,1,0.0,0.0
2069,1251,1021,Undirected,29,0.0,0.0
2070,1361,457,Undirected,1,0.0,0.0
2071,275,1382,Undirected,28,0.0,0.0
2072,1349,703,Undirected,20,0.0,0.0
2073,1752,1663,Undirected,1,0.0,0.0
2074,1000,1164,Undirected,2,0.0,0.0
2075,476,1423,Undirected,2,0.0,0.0
2076,1219,820,Undirected,1,0.0,0.0
2077,1800,580,Undirected,13,0.0,0.0
2078,408,1815,Undirected,2,0.0,0.0
2079,499,411,Undirected,1,0.0,0.0
2080,819,580,Undirected,12,0.0,0.0
2081,1602,1756,Undirected,1,0.0,0.0
2082,1285,902,Undirected,2,2.600612748731532e-07,0.22375478851201744
2083,320,1875,Undirected,2,0.0,0.0
2084,1734,758,Undirected,1,0.0,0.0
2085,409,409,Undirected,202,0.0,0.0
2086,1161,411,Undirected,1,0.0,0.0
2087,1464,341,Undirected,1,0.0,0.0
2088,1043,1043,Undirected,46,0.0,0.0
2089,1362,470,Undirected,71,0.0,0.0
2090,1663,1663,Undirected,37,0.0,0.0
2091,1880,1503,Undirected,2,0.0,0.0
2092,547,1598,Undirected,1,0.0,0.0
2093,1027,1268,Undirected,1,0.0,0.0
2094,940,1566,Undirected,1,0.0,0.0
2095,393,393,Undirected,20,0.0,0.0
2096,1216,710,Undirected,2,0.0,0.0
2097,1992,1918,Undirected,1,0.0,0.0
2098,1995,1983,Undirected,6,0.0,0.0
2099,1938,1475,Undirected,1,0.0,0.0
2100,1403,901,Undirected,11,0.0,0.0
2101,1027,1027,Undirected,16,0.0,0.0
2102,1141,1695,Undirected,1,0.0,0.0
2103,1453,1758,Undirected,21,0.0,0.0
2104,1382,455,Undirected,8,0.0,0.0
2105,391,151,Undirected,1,0.0,0.0
2106,1977,1205,Undirected,1,0.0,0.0
2107,314,314,Undirected,153,0.0,0.0
2108,1745,870,Undirected,6,0.0,0.0
2109,1988,1837,Undirected,11,0.0,0.0
2110,633,1771,Undirected,9,0.0,0.0
2111,1996,1326,Undirected,3,0.0,0.0
2112,1100,1100,Undirected,2,0.0,0.0
2113,1097,1462,Undirected,11,0.0,0.0
2114,408,725,Undirected,4,0.0,0.0
2115,1901,1222,Undirected,5,0.0,0.0
2116,931,551,Undirected,1,0.0,0.0
2117,1318,1511,Undirected,4,0.0,0.0
2118,1344,882,Undirected,1,0.0,0.0
2119,1841,1563,Undirected,5,0.0,0.0
2120,1266,300,Undirected,2,0.0,0.0
2121,1860,1845,Undirected,8,0.0,0.0
2122,1612,70,Undirected,2,0.0,0.0
2123,1362,125,Undirected,3,0.0,0.0
2124,1233,1322,Undirected,1,0.0,0.0
2125,1784,687,Undirected,2,0.0,0.0
2126,1281,1251,Undirected,4,0.0,0.0
2127,1930,662,Undirected,3,0.0,0.0
2128,280,1141,Undirected,1,0.0,0.0
2129,985,887,Undirected,1,0.0,0.0
2130,1734,1646,Undirected,5,0.0,0.0
2131,737,737,Undirected,14,0.0,0.0
2132,1163,1022,Undirected,1,0.0,0.0
2133,1928,1453,Undirected,1,0.0,0.0
2134,1641,1814,Undirected,1,0.0,0.0
2135,65,1473,Undirected,7,0.0,0.0
2136,1364,327,Undirected,6,0.0,0.0
2137,1258,1356,Undirected,4,0.0,0.0
2138,1941,590,Undirected,6,0.0,0.0
2139,1824,1420,Undirected,12,0.0,0.0
2140,824,1930,Undirected,1,0.0,0.0
2141,993,1161,Undirected,4,4.918482402599808e-07,0.4231825712346419
2142,526,1567,Undirected,4,0.0,0.0
2143,303,303,Undirected,9,0.0,0.0
2144,1944,1788,Undirected,1,0.0,0.0
2145,973,1079,Undirected,1,0.0,0.0
2146,203,1691,Undirected,2,0.0,0.0
2147,1484,1511,Undirected,25,0.0,0.0
2148,128,758,Undirected,1,0.0,0.0
2149,1969,1466,Undirected,62,0.0,0.0
2150,554,342,Undirected,2,0.0,0.0
2151,722,115,Undirected,9,0.0,0.0
2152,433,887,Undirected,1,0.0,0.0
2153,1384,1283,Undirected,3,0.0,0.0
2154,1625,1676,Undirected,8,0.0,0.0
2155,1376,1033,Undirected,50,0.0,0.0
2156,1584,1630,Undirected,6,0.0,0.0
2157,372,437,Undirected,1,0.0,0.0
2158,620,1110,Undirected,1,0.0,0.0
2159,378,853,Undirected,1,0.0,0.0
2160,496,1372,Undirected,1,0.0,0.0
2161,1806,1879,Undirected,46,0.0,0.0
2162,288,633,Undirected,8,0.0,0.0
2163,362,1204,Undirected,1,0.0,0.0
2164,813,1086,Undirected,4,0.0,0.0
2165,1819,1815,Undirected,2,0.0,0.0
2166,673,673,Undirected,5,0.0,0.0
2167,1412,943,Undirected,17,0.0,0.0
2168,956,1503,Undirected,9,0.0,0.0
2169,1011,1870,Undirected,5,0.0,0.0
2170,461,1878,Undirected,38,0.0,0.0
2171,1838,567,Undirected,44,0.0,0.0
2172,424,874,Undirected,1,0.0,0.0
2173,1048,691,Undirected,8,0.0,0.0
2174,1897,657,Undirected,1,0.0,0.0
2175,930,1743,Undirected,27,3.7757115295345243e-07,0.324859414453558
2176,1228,1478,Undirected,5,0.0,0.0
2177,1248,567,Undirected,1,0.0,0.0
2178,1434,1503,Undirected,3,0.0,0.0
2179,1603,1685,Undirected,1,0.0,0.0
2180,321,117,Undirected,2,0.0,0.0
2181,1842,893,Undirected,22,0.0,0.0
2182,1555,663,Undirected,1,0.0,0.0
2183,182,447,Undirected,1,0.0,0.0
2184,0,978,Undirected,2,0.0,0.0
2185,265,750,Undirected,2,0.0,0.0
2186,11,1747,Undirected,5,0.0,0.0
2187,929,1770,Undirected,11,0.0,0.0
2188,1960,1302,Undirected,3,0.0,0.0
2189,993,1791,Undirected,6,0.0,0.0
2190,681,1653,Undirected,3,0.0,0.0
2191,1674,378,Undirected,4,0.0,0.0
2192,1010,1255,Undirected,1,0.0,0.0
2193,808,148,Undirected,2,0.0,0.0
2194,1273,1060,Undirected,2,0.0,0.0
2195,1900,1806,Undirected,1,0.0,0.0
2196,228,1863,Undirected,6,0.0,0.0
2197,1827,1974,Undirected,17,0.0,0.0
2198,1763,853,Undirected,3,0.0,0.0
2199,1377,980,Undirected,1,0.0,0.0
2200,625,1375,Undirected,149,0.0,0.0
2201,1926,294,Undirected,1,0.0,0.0
2202,336,1809,Undirected,7,0.0,0.0
2203,832,1958,Undirected,1,0.0,0.0
2204,1703,1703,Undirected,38,0.0,0.0
2205,24,1221,Undirected,4,0.0,0.0
2206,1449,1449,Undirected,42,0.0,0.0
2207,1332,1261,Undirected,1,0.0,0.0
2208,1145,170,Undirected,3,0.0,0.0
2209,1376,1415,Undirected,13,0.0,0.0
2210,1340,1340,Undirected,90,0.0,0.0
2211,410,839,Undirected,1,0.0,0.0
2212,680,1115,Undirected,1,0.0,0.0
2213,1664,1772,Undirected,2,0.0,0.0
2214,1681,1484,Undirected,165,0.0,0.0
2215,832,1355,Undirected,1,0.0,0.0
2216,797,1717,Undirected,3,2.9957416076122965e-07,0.25775138192908187
2217,1256,1478,Undirected,1,0.0,0.0
2218,1869,1614,Undirected,1,0.0,0.0
2219,0,1813,Undirected,44,0.0,0.0
2220,1787,1787,Undirected,138,0.0,0.0
2221,1379,325,Undirected,2,0.0,0.0
2222,1032,1783,Undirected,13,0.0,0.0
2223,1754,1974,Undirected,1,0.0,0.0
2224,1728,1728,Undirected,25,0.0,0.0
2225,1538,127,Undirected,1,0.0,0.0
2226,941,167,Undirected,8,0.0,0.0
2227,1701,1926,Undirected,1,0.0,0.0
2228,908,1677,Undirected,4,0.0,0.0
2229,1819,1731,Undirected,3,0.0,0.0
2230,1713,1338,Undirected,10,0.0,0.0
2231,1954,1059,Undirected,3,0.0,0.0
2232,755,1389,Undirected,1,0.0,0.0
2233,1856,299,Undirected,1,0.0,0.0
2234,1700,1932,Undirected,3,0.0,0.0
2235,1153,1153,Undirected,103,0.0,0.0
2236,993,1074,Undirected,4,4.1784912346989147e-07,0.3595142809998938
2237,931,1340,Undirected,20,0.0,0.0
2238,1992,910,Undirected,5,0.0,0.0
2239,1985,459,Undirected,1,0.0,0.0
2240,1877,1197,Undirected,2,0.0,0.0
2241,1054,615,Undirected,11,0.0,0.0
2242,1336,659,Undirected,2,0.0,0.0
2243,251,382,Undirected,4,0.0,0.0
2244,481,1476,Undirected,2,0.0,0.0
2245,1074,1074,Undirected,94,0.0,0.0
2246,1352,1305,Undirected,2,0.0,0.0
2247,1257,579,Undirected,5,0.0,0.0
2248,1883,1404,Undirected,46,0.0,0.0
2249,1442,1022,Undirected,1,0.0,0.0
2250,874,1195,Undirected,2,0.0,0.0
2251,1242,1242,Undirected,119,0.0,0.0
2252,657,1569,Undirected,5,0.0,0.0
2253,1001,918,Undirected,1,0.0,0.0
2254,1073,1378,Undirected,4,0.0,0.0
2255,1121,1426,Undirected,4,0.0,0.0
2256,953,269,Undirected,3,0.0,0.0
2257,610,610,Undirected,29,0.0,0.0
2258,1524,789,Undirected,1,0.0,0.0
2259,244,244,Undirected,42,0.0,0.0
2260,25,668,Undirected,1,0.0,0.0
2261,612,1974,Undirected,2,0.0,0.0
2262,808,808,Undirected,110,0.0,0.0
2263,1261,1261,Undirected,63,0.0,0.0
2264,1643,1403,Undirected,3,0.0,0.0
2265,1753,125,Undirected,13,0.0,0.0
2266,1097,835,Undirected,3,0.0,0.0
2267,1015,1015,Undirected,89,0.0,0.0
2268,1753,1753,Undirected,44,0.0,0.0
2269,1954,485,Undirected,2,0.0,0.0
2270,1233,1289,Undirected,6,0.0,0.0
2271,740,1101,Undirected,31,0.0,0.0
2272,499,1324,Undirected,6,0.0,0.0
2273,1811,1531,Undirected,1,0.0,0.0
2274,1643,1351,Undirected,1,0.0,0.0
2275,752,1610,Undirected,3,0.0,0.0
2276,208,347,Undirected,1,0.0,0.0
2277,1529,1219,Undirected,43,0.0,0.0
2278,1382,1959,Undirected,1,0.0,0.0
2279,1872,1448,Undirected,1,0.0,0.0
2280,832,539,Undirected,6,0.0,0.0
2281,1250,1916,Undirected,5,0.0,0.0
2282,588,741,Undirected,2,0.0,0.0
2283,1766,1766,Undirected,149,0.0,0.0
2284,1384,1570,Undirected,2,0.0,0.0
2285,1026,1867,Undirected,1,0.0,0.0
2286,411,188,Undirected,2,0.0,0.0
2287,320,1137,Undirected,1,0.0,0.0
2288,1038,1038,Undirected,17,0.0,0.0
2289,1189,1503,Undirected,6,0.0,0.0
2290,1483,1483,Undirected,17,0.0,0.0
2291,779,276,Undirected,50,0.0,0.0
2292,1539,1935,Undirected,10,0.0,0.0
2293,1356,1814,Undirected,1,0.0,0.0
2294,941,1494,Undirected,2,0.0,0.0
2295,1995,710,Undirected,52,0.0,0.0
2296,1618,820,Undirected,2,0.0,0.0
2297,93,1398,Undirected,3,0.0,0.0
2298,1803,1983,Undirected,4,0.0,0.0
2299,1221,1221,Undirected,4,0.0,0.0
2300,946,1514,Undirected,5,0.0,0.0
2301,855,855,Undirected,13,0.0,0.0
2302,1328,855,Undirected,1,0.0,0.0
2303,792,205,Undirected,3,0.0,0.0
2304,1724,935,Undirected,1,0.0,0.0
2305,1305,1257,Undirected,1,0.0,0.0
2306,1369,1062,Undirected,1,0.0,0.0
2307,625,1739,Undirected,135,0.0,0.0
2308,1729,1779,Undirected,1,0.0,0.0
2309,1258,1046,Undirected,1,0.0,0.0
2310,1424,77,Undirected,8,0.0,0.0
2311,1114,837,Undirected,14,2.610956052769285e-07,0.22464471870581956
2312,827,941,Undirected,1,0.0,0.0
2313,1605,669,Undirected,14,0.0,0.0
2314,1258,772,Undirected,5,0.0,0.0
2315,1019,277,Undirected,29,0.0,0.0
2316,128,1684,Undirected,2,0.0,0.0
2317,1730,551,Undirected,5,4.4599182250453203e-07,0.3837280501345902
2318,1585,1887,Undirected,1,0.0,0.0
2319,1218,893,Undirected,1,0.0,0.0
2320,703,1439,Undirected,6,0.0,0.0
2321,1371,1974,Undirected,8,0.0,0.0
2322,1114,1788,Undirected,2,0.0,0.0
2323,640,1743,Undirected,14,0.0,0.0
2324,1418,1603,Undirected,2,0.0,0.0
2325,1289,671,Undirected,10,0.0,0.0
2326,1780,711,Undirected,1,0.0,0.0
2327,400,1815,Undirected,5,0.0,0.0
2328,1258,494,Undirected,1,0.0,0.0
2329,1194,1155,Undirected,2,0.0,0.0
2330,960,1642,Undirected,3,0.0,0.0
2331,452,1519,Undirected,10,0.0,0.0
2332,258,1995,Undirected,3,0.0,0.0
2333,411,60,Undirected,7,0.0,0.0
2334,0,587,Undirected,4,0.0,0.0
2335,818,515,Undirected,10,0.0,0.0
2336,475,1525,Undirected,14,0.0,0.0
2337,1129,1831,Undirected,2,0.0,0.0
2338,1533,1351,Undirected,1,0.0,0.0
2339,1424,1989,Undirected,2,0.0,0.0
2340,1217,398,Undirected,1,0.0,0.0
2341,1863,903,Undirected,22,0.0,0.0
2342,1624,105,Undirected,15,0.0,0.0
2343,689,1767,Undirected,1,0.0,0.0
2344,1983,663,Undirected,3,0.0,0.0
2345,680,1305,Undirected,2,0.0,0.0
2346,1593,1682,Undirected,2,0.0,0.0
2347,1400,978,Undirected,1,0.0,0.0
2348,818,269,Undirected,3,0.0,0.0
2349,769,923,Undirected,1,0.0,0.0
2350,1813,1758,Undirected,1,0.0,0.0
2351,233,1332,Undirected,1,0.0,0.0
2352,267,1060,Undirected,1,0.0,0.0
2353,1620,1359,Undirected,1,0.0,0.0
2354,584,871,Undirected,1,0.0,0.0
2355,1498,1095,Undirected,36,0.0,0.0
2356,713,1723,Undirected,2,0.0,0.0
2357,1195,1989,Undirected,1,0.0,0.0
2358,925,925,Undirected,31,0.0,0.0
2359,1300,1862,Undirected,5,0.0,0.0
2360,672,1636,Undirected,1,0.0,0.0
2361,1496,1496,Undirected,198,0.0,0.0
2362,1696,1227,Undirected,1,0.0,0.0
2363,1140,1207,Undirected,5,0.0,0.0
2364,1768,823,Undirected,11,0.0,0.0
2365,571,943,Undirected,3,0.0,0.0
2366,1570,1579,Undirected,1,0.0,0.0
2367,1233,679,Undirected,3,0.0,0.0
2368,803,803,Undirected,1084,0.0,0.0
2369,1720,433,Undirected,2,0.0,0.0
2370,1424,718,Undirected,1,0.0,0.0
2371,1043,1717,Undirected,6,0.0,0.0
2372,1818,983,Undirected,2,0.0,0.0
2373,1754,1290,Undirected,3,0.0,0.0
2374,584,1723,Undirected,1,0.0,0.0
2375,1834,1756,Undirected,29,0.0,0.0
2376,923,1660,Undirected,11,0.0,0.0
2377,1696,1884,Undirected,20,0.0,0.0
2378,865,172,Undirected,21,0.0,0.0
2379,1969,758,Undirected,2,0.0,0.0
2380,1468,357,Undirected,2,0.0,0.0
2381,1368,374,Undirected,1,0.0,0.0
2382,939,1845,Undirected,5,0.0,0.0
2383,998,183,Undirected,3,0.0,0.0
2384,1379,1845,Undirected,2,0.0,0.0
2385,785,197,Undirected,1,0.0,0.0
2386,440,291,Undirected,1,0.0,0.0
2387,1074,20,Undirected,9,0.0,0.0
2388,672,271,Undirected,10,0.0,0.0
2389,1683,14,Undirected,6,0.0,0.0
2390,1441,340,Undirected,1,0.0,0.0
2391,1969,1189,Undirected,1,0.0,0.0
2392,1455,1455,Undirected,342,0.0,0.0
2393,860,860,Undirected,165,0.0,0.0
2394,283,1022,Undirected,3,0.0,0.0
2395,1251,293,Undirected,7,0.0,0.0
2396,480,601,Undirected,5,0.0,0.0
2397,26,351,Undirected,2,0.0,0.0
2398,1033,1778,Undirected,45,0.0,0.0
2399,250,1147,Undirected,4,0.0,0.0
2400,378,378,Undirected,182,0.0,0.0
2401,1356,1599,Undirected,1,0.0,0.0
2402,106,1606,Undirected,4,0.0,0.0
2403,1728,1385,Undirected,2,0.0,0.0
2404,1811,940,Undirected,1,0.0,0.0
2405,18,1771,Undirected,2,0.0,0.0
2406,1932,1932,Undirected,13,0.0,0.0
2407,786,1079,Undirected,1,0.0,0.0
2408,816,1811,Undirected,36,0.0,0.0
2409,613,638,Undirected,1,0.0,0.0
2410,635,1998,Undirected,11,0.0,0.0
2411,728,1834,Undirected,1,0.0,0.0
2412,1507,1507,Undirected,21,0.0,0.0
2413,451,1990,Undirected,1,0.0,0.0
2414,1809,643,Undirected,1,0.0,0.0
2415,1595,1844,Undirected,1,0.0,0.0
2416,1800,1356,Undirected,10,0.0,0.0
2417,920,126,Undirected,1,0.0,0.0
2418,1384,603,Undirected,1,0.0,0.0
2419,764,780,Undirected,5,0.0,0.0
2420,1883,1382,Undirected,9,0.0,0.0
2421,334,334,Undirected,51,0.0,0.0
2422,1162,459,Undirected,201,0.0,0.0
2423,764,1054,Undirected,10,0.0,0.0
2424,511,1519,Undirected,1,0.0,0.0
2425,627,1228,Undirected,7,0.0,0.0
2426,397,687,Undirected,4,0.0,0.0
2427,1974,758,Undirected,35,0.0,0.0
2428,105,558,Undirected,10,0.0,0.0
2429,1641,1356,Undirected,1,0.0,0.0
2430,1399,383,Undirected,1,0.0,0.0
2431,853,1021,Undirected,25,0.0,0.0
2432,945,945,Undirected,68,0.0,0.0
2433,594,594,Undirected,177,0.0,0.0
2434,936,916,Undirected,2,0.0,0.0
2435,378,1484,Undirected,15,0.0,0.0
2436,1017,1909,Undirected,2,0.0,0.0
2437,1382,1343,Undirected,2,0.0,0.0
2438,731,597,Undirected,1,0.0,0.0
2439,880,443,Undirected,2,0.0,0.0
2440,57,289,Undirected,1,0.0,0.0
2441,289,1539,Undirected,1,0.0,0.0
2442,1588,1174,Undirected,3,0.0,0.0
2443,275,1375,Undirected,14,0.0,0.0
2444,285,285,Undirected,50,0.0,0.0
2445,1996,758,Undirected,27,0.0,0.0
2446,1901,1239,Undirected,1,0.0,0.0
2447,853,1973,Undirected,8,0.0,0.0
2448,1400,1833,Undirected,2,0.0,0.0
2449,1418,1772,Undirected,4,0.0,0.0
2450,1153,1700,Undirected,1,0.0,0.0
2451,571,741,Undirected,1,0.0,0.0
2452,1484,1828,Undirected,34,0.0,0.0
2453,1402,1079,Undirected,1,0.0,0.0
2454,10,276,Undirected,8,0.0,0.0
2455,1881,780,Undirected,1,0.0,0.0
2456,1129,1894,Undirected,2,0.0,0.0
2457,1739,1739,Undirected,853,0.0,0.0
2458,1496,1969,Undirected,3,0.0,0.0
2459,1933,183,Undirected,1,0.0,0.0
2460,825,597,Undirected,2,0.0,0.0
2461,233,788,Undirected,13,0.0,0.0
2462,700,741,Undirected,11,0.0,0.0
2463,642,1836,Undirected,10,0.0,0.0
2464,1474,598,Undirected,5,0.0,0.0
2465,336,1866,Undirected,2,0.0,0.0
2466,1730,733,Undirected,1,0.0,0.0
2467,258,1162,Undirected,1,0.0,0.0
2468,492,1004,Undirected,1,0.0,0.0
2469,1739,764,Undirected,1,0.0,0.0
2470,577,310,Undirected,1,0.0,0.0
2471,1490,195,Undirected,9,0.0,0.0
2472,1613,1879,Undirected,3,0.0,0.0
2473,290,1247,Undirected,8,5.382872239887485e-07,0.46313832776937275
2474,1490,1964,Undirected,1,0.0,0.0
2475,932,1886,Undirected,1,0.0,0.0
2476,1472,10,Undirected,3,0.0,0.0
2477,1770,1050,Undirected,3,0.0,0.0
2478,1112,1787,Undirected,2,0.0,0.0
2479,629,629,Undirected,2,0.0,0.0
2480,756,1046,Undirected,1,0.0,0.0
2481,1757,1669,Undirected,2,0.0,0.0
2482,1827,758,Undirected,8,0.0,0.0
2483,1101,1966,Undirected,1,0.0,0.0
2484,483,597,Undirected,1,0.0,0.0
2485,1425,590,Undirected,1,0.0,0.0
2486,1499,1484,Undirected,9,0.0,0.0
2487,410,1814,Undirected,1,0.0,0.0
2488,613,613,Undirected,104,0.0,0.0
2489,424,1555,Undirected,1,0.0,0.0
2490,1297,281,Undirected,1,0.0,0.0
2491,1224,278,Undirected,2,0.0,0.0
2492,1033,538,Undirected,8,0.0,0.0
2493,900,678,Undirected,3,0.0,0.0
2494,1571,1046,Undirected,1,0.0,0.0
2495,1554,1893,Undirected,35,0.0,0.0
2496,1308,1853,Undirected,5,0.0,0.0
2497,329,155,Undirected,1,0.0,0.0
2498,1632,1453,Undirected,4,0.0,0.0
2499,714,893,Undirected,2,0.0,0.0
2500,1932,580,Undirected,1,0.0,0.0
2501,825,1130,Undirected,9,4.034474115740382e-07,0.347123155096818
2502,1179,837,Undirected,2,0.0,0.0
2503,698,1919,Undirected,1,0.0,0.0
2504,1202,1043,Undirected,2,0.0,0.0
2505,1721,1062,Undirected,3,0.0,0.0
2506,978,786,Undirected,1,0.0,0.0
2507,728,980,Undirected,1,0.0,0.0
2508,1434,1756,Undirected,5,0.0,0.0
2509,1160,1316,Undirected,24,0.0,0.0
2510,911,711,Undirected,3,0.0,0.0
2511,149,1725,Undirected,2,0.0,0.0
2512,787,1110,Undirected,4,0.0,0.0
2513,1734,1734,Undirected,61,0.0,0.0
2514,1775,1775,Undirected,1,0.0,0.0
2515,1110,695,Undirected,2,0.0,0.0
2516,1800,1641,Undirected,11,0.0,0.0
2517,1805,1823,Undirected,1,0.0,0.0
2518,1835,1263,Undirected,6,0.0,0.0
2519,1824,1021,Undirected,1,0.0,0.0
2520,1050,118,Undirected,2,0.0,0.0
2521,923,468,Undirected,1,0.0,0.0
2522,280,1754,Undirected,84,0.0,0.0
2523,233,1202,Undirected,3,0.0,0.0
2524,1161,1548,Undirected,12,0.0,0.0
2525,1420,1319,Undirected,2,0.0,0.0
2526,740,1927,Undirected,1,0.0,0.0
2527,128,1254,Undirected,3,0.0,0.0
2528,1403,1957,Undirected,15,0.0,0.0
2529,1809,1079,Undirected,18,0.0,0.0
2530,424,1375,Undirected,174,0.0,0.0
2531,462,575,Undirected,2,0.0,0.0
2532,962,1868,Undirected,5,0.0,0.0
2533,1544,1544,Undirected,9,0.0,0.0
2534,1827,1758,Undirected,72,0.0,0.0
2535,563,652,Undirected,1,0.0,0.0
2536,1112,693,Undirected,1,0.0,0.0
2537,128,1160,Undirected,1,0.0,0.0
2538,1987,1974,Undirected,12,0.0,0.0
2539,1146,1333,Undirected,3,0.0,0.0
2540,1034,1034,Undirected,8,0.0,0.0
2541,378,1827,Undirected,17,0.0,0.0
2542,241,389,Undirected,2,0.0,0.0
2543,967,967,Undirected,27,0.0,0.0
2544,708,941,Undirected,1,0.0,0.0
2545,1137,940,Undirected,2,0.0,0.0
2546,396,1989,Undirected,6,0.0,0.0
2547,1076,1110,Undirected,1,0.0,0.0
2548,1755,13,Undirected,1,0.0,0.0
2549,1579,1579,Undirected,34,0.0,0.0
2550,1135,703,Undirected,13,0.0,0.0
2551,1563,1862,Undirected,35,0.0,0.0
2552,1322,1660,Undirected,2,0.0,0.0
2553,823,823,Undirected,9,0.0,0.0
2554,1201,125,Undirected,1,0.0,0.0
2555,1258,1675,Undirected,1,0.0,0.0
2556,1288,1379,Undirected,34,6.961167144413519e-07,0.5989336486006152
2557,1739,1054,Undirected,13,0.0,0.0
2558,989,1351,Undirected,1,0.0,0.0
2559,1861,406,Undirected,5,0.0,0.0
2560,958,543,Undirected,13,0.0,0.0
2561,1739,1959,Undirected,7,0.0,0.0
2562,668,316,Undirected,14,0.0,0.0
2563,1981,735,Undirected,1,0.0,0.0
2564,197,62,Undirected,2,0.0,0.0
2565,1764,566,Undirected,2,0.0,0.0
2566,1888,1531,Undirected,2,0.0,0.0
2567,864,864,Undirected,8,0.0,0.0
2568,1971,1110,Undirected,10,0.0,0.0
2569,1377,947,Undirected,6,0.0,0.0
2570,590,1055,Undirected,3,0.0,0.0
2571,771,719,Undirected,11,0.0,0.0
2572,874,1973,Undirected,1,0.0,0.0
2573,837,837,Undirected,105,0.0,0.0
2574,68,1653,Undirected,4,0.0,0.0
2575,1809,1675,Undirected,4,0.0,0.0
2576,1045,1045,Undirected,136,0.0,0.0
2577,1603,819,Undirected,3,0.0,0.0
2578,664,48,Undirected,3,0.0,0.0
2579,769,579,Undirected,1,0.0,0.0
2580,947,1420,Undirected,1,0.0,0.0
2581,739,1917,Undirected,2,0.0,0.0
2582,729,284,Undirected,1,0.0,0.0
2583,1122,1122,Undirected,8,0.0,0.0
2584,1283,399,Undirected,25,0.0,0.0
2585,1605,1157,Undirected,1,0.0,0.0
2586,324,1381,Undirected,3,0.0,0.0
2587,1561,1475,Undirected,1,0.0,0.0
2588,978,1534,Undirected,3,0.0,0.0
2589,1981,1981,Undirected,34,0.0,0.0
2590,1104,255,Undirected,1,0.0,0.0
2591,771,771,Undirected,286,0.0,0.0
2592,1448,1937,Undirected,6,0.0,0.0
2593,27,1015,Undirected,22,0.0,0.0
2594,1464,1725,Undirected,24,0.0,0.0
2595,803,117,Undirected,1,0.0,0.0
2596,984,1842,Undirected,3,0.0,0.0
2597,1289,1702,Undirected,4,0.0,0.0
2598,313,313,Undirected,141,0.0,0.0
2599,1786,588,Undirected,1,0.0,0.0
2600,1527,1527,Undirected,324,0.0,0.0
2601,939,903,Undirected,7,0.0,0.0
2602,868,1351,Undirected,2,0.0,0.0
2603,1974,1974,Undirected,187,0.0,0.0
2604,1149,542,Undirected,1,0.0,0.0
2605,329,329,Undirected,9,0.0,0.0
2606,601,1847,Undirected,1,0.0,0.0
2607,901,1957,Undirected,9,0.0,0.0
2608,1296,81,Undirected,8,0.0,0.0
2609,1308,301,Undirected,2,0.0,0.0
2610,1648,1947,Undirected,10,0.0,0.0
2611,745,1190,Undirected,9,0.0,0.0
2612,1097,974,Undirected,3,0.0,0.0
2613,1353,1665,Undirected,1,0.0,0.0
2614,1592,166,Undirected,4,0.0,0.0
2615,700,700,Undirected,93,0.0,0.0
2616,1587,1734,Undirected,1,0.0,0.0
2617,256,870,Undirected,1,0.0,0.0
2618,1168,1052,Undirected,1,0.0,0.0
2619,0,275,Undirected,3,0.0,0.0
2620,760,1886,Undirected,11,0.0,0.0
2621,376,90,Undirected,2,0.0,0.0
2622,882,1902,Undirected,1,0.0,0.0
2623,1032,1969,Undirected,58,0.0,0.0
2624,1393,133,Undirected,23,0.0,0.0
2625,499,1548,Undirected,1,0.0,0.0
2626,1672,1042,Undirected,1,0.0,0.0
2627,1162,1925,Undirected,8,0.0,0.0
2628,1097,1811,Undirected,1,0.0,0.0
2629,1920,495,Undirected,2,0.0,0.0
2630,1750,1383,Undirected,1,0.0,0.0
2631,1916,1549,Undirected,1,0.0,0.0
2632,210,330,Undirected,1,0.0,0.0
2633,273,273,Undirected,73,0.0,0.0
2634,1689,1399,Undirected,1,0.0,0.0
2635,1867,751,Undirected,1,0.0,0.0
2636,174,174,Undirected,16,0.0,0.0
2637,1200,1615,Undirected,11,0.0,0.0
2638,936,869,Undirected,1,0.0,0.0
2639,1637,1055,Undirected,7,0.0,0.0
2640,1195,1219,Undirected,28,0.0,0.0
2641,1109,1366,Undirected,3,0.0,0.0
2642,459,459,Undirected,68,0.0,0.0
2643,1681,1380,Undirected,2,0.0,0.0
2644,408,1161,Undirected,12,0.0,0.0
2645,1379,725,Undirected,30,0.0,0.0
2646,936,588,Undirected,2,0.0,0.0
2647,8,1081,Undirected,6,0.0,0.0
2648,1833,1491,Undirected,1,0.0,0.0
2649,672,538,Undirected,6,0.0,0.0
2650,1570,1459,Undirected,1,0.0,0.0
2651,1828,1430,Undirected,31,0.0,0.0
2652,437,1279,Undirected,2,0.0,0.0
2653,1283,611,Undirected,4,0.0,0.0
2654,1984,1509,Undirected,1,0.0,0.0
2655,1756,1511,Undirected,2,0.0,0.0
2656,1881,1033,Undirected,1,0.0,0.0
2657,1457,939,Undirected,30,0.0,0.0
2658,1906,614,Undirected,1,0.0,0.0
2659,1837,1070,Undirected,17,0.0,0.0
2660,1138,1766,Undirected,6,0.0,0.0
2661,1409,1102,Undirected,2,0.0,0.0
2662,1764,1151,Undirected,3,0.0,0.0
2663,643,1774,Undirected,19,0.0,0.0
2664,1933,1519,Undirected,5,0.0,0.0
2665,1632,399,Undirected,5,0.0,0.0
2666,609,67,Undirected,8,0.0,0.0
2667,787,317,Undirected,17,0.0,0.0
2668,1280,1280,Undirected,121,0.0,0.0
2669,1698,771,Undirected,1,0.0,0.0
2670,1101,967,Undirected,1,0.0,0.0
2671,947,1756,Undirected,29,0.0,0.0
2672,515,1023,Undirected,27,0.0,0.0
2673,1281,1838,Undirected,4,0.0,0.0
2674,1490,1603,Undirected,16,0.0,0.0
2675,1112,1028,Undirected,1,0.0,0.0
2676,1467,1909,Undirected,8,0.0,0.0
2677,780,1343,Undirected,7,0.0,0.0
2678,1375,1959,Undirected,60,0.0,0.0
2679,947,1453,Undirected,5,0.0,0.0
2680,1722,1714,Undirected,2,0.0,0.0
2681,1400,1693,Undirected,1,0.0,0.0
2682,1884,1527,Undirected,28,0.0,0.0
2683,1154,610,Undirected,2,0.0,0.0
2684,474,943,Undirected,2,0.0,0.0
2685,961,1845,Undirected,2,0.0,0.0
2686,649,1811,Undirected,1,0.0,0.0
2687,1748,1855,Undirected,1,0.0,0.0
2688,833,1815,Undirected,4,0.0,0.0
2689,1315,1315,Undirected,162,0.0,0.0
2690,212,1196,Undirected,2,0.0,0.0
2691,148,589,Undirected,7,0.0,0.0
2692,546,546,Undirected,5,0.0,0.0
2693,1129,87,Undirected,1,0.0,0.0
2694,842,1363,Undirected,2,0.0,0.0
2695,681,1116,Undirected,3,0.0,0.0
2696,1074,590,Undirected,1,0.0,0.0
2697,1083,1819,Undirected,1,0.0,0.0
2698,1581,758,Undirected,1,0.0,0.0
2699,496,1964,Undirected,1,0.0,0.0
2700,1864,533,Undirected,3,0.0,0.0
2701,769,1485,Undirected,2,0.0,0.0
2702,586,1204,Undirected,2,0.0,0.0
2703,1913,1035,Undirected,13,0.0,0.0
2704,393,970,Undirected,4,0.0,0.0
2705,1388,1388,Undirected,17,0.0,0.0
2706,985,1756,Undirected,50,0.0,0.0
2707,1644,1654,Undirected,15,0.0,0.0
2708,1656,1656,Undirected,43,0.0,0.0
2709,1174,1703,Undirected,1,0.0,0.0
2710,1570,804,Undirected,3,0.0,0.0
2711,1776,991,Undirected,3,0.0,0.0
2712,1457,557,Undirected,8,0.0,0.0
2713,602,1332,Undirected,3,0.0,0.0
2714,1738,1738,Undirected,60,0.0,0.0
2715,1632,1883,Undirected,2,0.0,0.0
2716,770,148,Undirected,5,0.0,0.0
2717,1824,1434,Undirected,68,0.0,0.0
2718,1372,1372,Undirected,160,0.0,0.0
2719,1916,1174,Undirected,2,0.0,0.0
2720,1146,1989,Undirected,1,0.0,0.0
2721,331,1947,Undirected,1,0.0,0.0
2722,1003,182,Undirected,3,0.0,0.0
2723,985,979,Undirected,1,0.0,0.0
2724,1189,367,Undirected,1,0.0,0.0
2725,106,1035,Undirected,2,0.0,0.0
2726,1728,1154,Undirected,1,0.0,0.0
2727,1324,1548,Undirected,8,0.0,0.0
2728,1877,1549,Undirected,9,0.0,0.0
2729,1362,1151,Undirected,1,0.0,0.0
2730,137,797,Undirected,4,0.0,0.0
2731,1672,909,Undirected,1,0.0,0.0
2732,1740,1974,Undirected,5,0.0,0.0
2733,1713,627,Undirected,6,0.0,0.0
2734,378,1756,Undirected,1,0.0,0.0
2735,985,1044,Undirected,2,0.0,0.0
2736,550,1159,Undirected,1,0.0,0.0
2737,0,882,Undirected,2,0.0,0.0
2738,311,687,Undirected,2,0.0,0.0
2739,1097,1250,Undirected,2,0.0,0.0
2740,1392,1455,Undirected,6,0.0,0.0
2741,1743,1743,Undirected,91,0.0,0.0
2742,1512,1388,Undirected,13,0.0,0.0
2743,273,1652,Undirected,2,0.0,0.0
2744,1996,887,Undirected,1,0.0,0.0
2745,788,1445,Undirected,1,0.0,0.0
2746,1641,1269,Undirected,1,0.0,0.0
2747,937,879,Undirected,3,0.0,0.0
2748,1380,812,Undirected,17,0.0,0.0
2749,936,1745,Undirected,4,0.0,0.0
2750,818,1884,Undirected,8,3.1412893383178076e-07,0.2702742005295446
2751,1599,1599,Undirected,26,0.0,0.0
2752,652,918,Undirected,1,0.0,0.0
2753,769,566,Undirected,2,0.0,0.0
2754,1227,1852,Undirected,1,0.0,0.0
2755,577,188,Undirected,3,0.0,0.0
2756,719,1607,Undirected,7,0.0,0.0
2757,1964,1268,Undirected,1,0.0,0.0
2758,1097,1522,Undirected,1,0.0,0.0
2759,517,1766,Undirected,1,0.0,0.0
2760,1083,1815,Undirected,10,3.634879079317863e-07,0.31274229508266027
2761,1233,1647,Undirected,1,0.0,0.0
2762,564,1317,Undirected,2,0.0,0.0
2763,932,1285,Undirected,4,0.0,0.0
2764,130,542,Undirected,2,0.0,0.0
2765,275,909,Undirected,5,0.0,0.0
2766,1660,1359,Undirected,1,0.0,0.0
2767,1758,758,Undirected,1,0.0,0.0
2768,1484,1326,Undirected,1,0.0,0.0
2769,1336,1932,Undirected,1,0.0,0.0
2770,664,1085,Undirected,2,0.0,0.0
2771,657,411,Undirected,1,0.0,0.0
2772,520,1203,Undirected,3,0.0,0.0
2773,1236,13,Undirected,3,0.0,0.0
2774,1584,1774,Undirected,1,0.0,0.0
2775,1976,636,Undirected,35,0.0,0.0
2776,1611,1886,Undirected,1,0.0,0.0
2777,1008,858,Undirected,2,0.0,0.0
2778,1264,611,Undirected,6,0.0,0.0
2779,1404,711,Undirected,57,0.0,0.0
2780,1901,1590,Undirected,1,0.0,0.0
2781,96,1730,Undirected,2,0.0,0.0
2782,1434,1837,Undirected,19,0.0,0.0
2783,895,999,Undirected,2,0.0,0.0
2784,95,95,Undirected,29,0.0,0.0
2785,1884,207,Undirected,11,0.0,0.0
2786,129,788,Undirected,1,0.0,0.0
2787,1289,649,Undirected,1,0.0,0.0
2788,1289,1235,Undirected,23,0.0,0.0
2789,978,195,Undirected,1,0.0,0.0
2790,769,1271,Undirected,1,0.0,0.0
2791,1938,1674,Undirected,3,0.0,0.0
2792,1973,1758,Undirected,9,0.0,0.0
2793,617,922,Undirected,1,0.0,0.0
2794,547,1031,Undirected,1,0.0,0.0
2795,288,602,Undirected,14,0.0,0.0
2796,947,1141,Undirected,105,0.0,0.0
2797,812,567,Undirected,1,0.0,0.0
2798,1244,357,Undirected,1,0.0,0.0
2799,1833,1579,Undirected,1,0.0,0.0
2800,266,630,Undirected,1,0.0,0.0
2801,1141,1141,Undirected,299,0.0,0.0
2802,1788,830,Undirected,13,0.0,0.0
2803,1517,983,Undirected,10,0.0,0.0
2804,1872,1042,Undirected,1,0.0,0.0
2805,1912,524,Undirected,1,0.0,0.0
2806,1938,1838,Undirected,2,0.0,0.0
2807,640,1888,Undirected,2,0.0,0.0
2808,1073,310,Undirected,3,0.0,0.0
2809,1648,882,Undirected,1,0.0,0.0
2810,1555,1380,Undirected,2,0.0,0.0
2811,1851,44,Undirected,2,0.0,0.0
2812,1969,308,Undirected,3,0.0,0.0
2813,1234,26,Undirected,3,0.0,0.0
2814,714,1842,Undirected,15,0.0,0.0
2815,1745,687,Undirected,14,0.0,0.0
2816,755,399,Undirected,1,0.0,0.0
2817,1347,1253,Undirected,2,0.0,0.0
2818,1945,1046,Undirected,2,0.0,0.0
2819,1475,887,Undirected,1,0.0,0.0
2820,481,1148,Undirected,2,0.0,0.0
2821,296,1287,Undirected,1,0.0,0.0
2822,1652,1815,Undirected,1,0.0,0.0
2823,81,1026,Undirected,3,0.0,0.0
2824,1942,1942,Undirected,13,0.0,0.0
2825,1412,182,Undirected,37,0.0,0.0
2826,1018,1251,Undirected,1,0.0,0.0
2827,1754,686,Undirected,6,0.0,0.0
2828,1396,765,Undirected,10,0.0,0.0
2829,825,869,Undirected,6,0.0,0.0
2830,515,1798,Undirected,1,0.0,0.0
2831,1490,1490,Undirected,61,0.0,0.0
2832,266,1909,Undirected,7,0.0,0.0
2833,1596,1149,Undirected,3,0.0,0.0
2834,965,206,Undirected,9,0.0,0.0
2835,56,676,Undirected,8,0.0,0.0
2836,1912,1525,Undirected,1,0.0,0.0
2837,1634,1523,Undirected,1,0.0,0.0
2838,1596,783,Undirected,24,0.0,0.0
2839,643,1046,Undirected,3,0.0,0.0
2840,40,1894,Undirected,4,0.0,0.0
2841,552,1226,Undirected,2,0.0,0.0
2842,1696,1109,Undirected,9,0.0,0.0
2843,1380,1375,Undirected,23,0.0,0.0
2844,1968,49,Undirected,27,0.0,0.0
2845,1177,1059,Undirected,1,0.0,0.0
2846,1883,1804,Undirected,6,0.0,0.0
2847,584,1395,Undirected,2,0.0,0.0
2848,1097,769,Undirected,1,0.0,0.0
2849,603,798,Undirected,2,0.0,0.0
2850,496,1838,Undirected,16,0.0,0.0
2851,1476,1774,Undirected,22,0.0,0.0
2852,186,1214,Undirected,13,0.0,0.0
2853,1921,575,Undirected,6,0.0,0.0
2854,649,1862,Undirected,5,0.0,0.0
2855,1484,1404,Undirected,51,0.0,0.0
2856,1989,1599,Undirected,41,0.0,0.0
2857,914,1998,Undirected,3,0.0,0.0
2858,1945,1983,Undirected,13,0.0,0.0
2859,1086,1974,Undirected,5,0.0,0.0
2860,1803,1534,Undirected,2,0.0,0.0
2861,1162,1476,Undirected,36,0.0,0.0
2862,1217,1399,Undirected,2,0.0,0.0
2863,1378,1590,Undirected,35,0.0,0.0
2864,803,862,Undirected,6,0.0,0.0
2865,1720,1740,Undirected,3,0.0,0.0
2866,1074,1463,Undirected,1,0.0,0.0
2867,1941,1751,Undirected,2,3.924471693489616e-07,0.33765862842381167
2868,1479,1479,Undirected,56,0.0,0.0
2869,224,790,Undirected,5,0.0,0.0
2870,580,1814,Undirected,1,0.0,0.0
2871,57,350,Undirected,8,0.0,0.0
2872,256,1401,Undirected,17,0.0,0.0
2873,962,962,Undirected,6,0.0,0.0
2874,1648,766,Undirected,1,0.0,0.0
2875,1186,611,Undirected,3,0.0,0.0
2876,1811,1300,Undirected,6,0.0,0.0
2877,1326,1326,Undirected,52,0.0,0.0
2878,1553,860,Undirected,6,0.0,0.0
2879,163,1219,Undirected,1,0.0,0.0
2880,115,838,Undirected,3,0.0,0.0
2881,405,1679,Undirected,1,0.0,0.0
2882,872,1808,Undirected,2,0.0,0.0
2883,652,652,Undirected,34,0.0,0.0
2884,1652,1565,Undirected,1,0.0,0.0
2885,627,751,Undirected,1,0.0,0.0
2886,1819,118,Undirected,1,0.0,0.0
2887,1509,1319,Undirected,45,0.0,0.0
2888,1409,702,Undirected,5,0.0,0.0
2889,1787,1327,Undirected,3,0.0,0.0
2890,48,1085,Undirected,20,0.0,0.0
2891,1827,813,Undirected,12,0.0,0.0
2892,1706,842,Undirected,6,0.0,0.0
2893,1376,1376,Undirected,774,0.0,0.0
2894,1781,1855,Undirected,1,0.0,0.0
2895,1538,1158,Undirected,1,0.0,0.0
2896,1696,5,Undirected,1,0.0,0.0
2897,528,1777,Undirected,2,0.0,0.0
2898,843,843,Undirected,33,0.0,0.0
2899,447,1487,Undirected,1,0.0,0.0
2900,1288,777,Undirected,9,0.0,0.0
2901,1123,1123,Undirected,9,0.0,0.0
2902,1819,1908,Undirected,1,0.0,0.0
2903,819,1805,Undirected,8,0.0,0.0
2904,1141,1413,Undirected,22,0.0,0.0
2905,710,1710,Undirected,1,0.0,0.0
2906,979,813,Undirected,3,0.0,0.0
2907,1064,623,Undirected,4,0.0,0.0
2908,444,444,Undirected,70,0.0,0.0
2909,1969,639,Undirected,1,0.0,0.0
2910,776,1628,Undirected,4,0.0,0.0
2911,637,1430,Undirected,7,0.0,0.0
2912,1484,1551,Undirected,8,0.0,0.0
2913,898,1998,Undirected,1,0.0,0.0
2914,1712,1509,Undirected,51,0.0,0.0
2915,563,1565,Undirected,1,0.0,0.0
2916,1283,1283,Undirected,163,0.0,0.0
2917,309,1462,Undirected,5,0.0,0.0
2918,1570,710,Undirected,10,0.0,0.0
2919,1384,834,Undirected,1,0.0,0.0
2920,128,1756,Undirected,14,0.0,0.0
2921,728,1499,Undirected,1,0.0,0.0
2922,1672,1641,Undirected,1,0.0,0.0
2923,740,740,Undirected,200,0.0,0.0
2924,1254,1983,Undirected,2,0.0,0.0
2925,1711,983,Undirected,6,0.0,0.0
2926,378,1511,Undirected,3,0.0,0.0
2927,1944,794,Undirected,2,0.0,0.0
2928,502,1415,Undirected,1,0.0,0.0
2929,1147,1181,Undirected,7,0.0,0.0
2930,1432,1930,Undirected,1,0.0,0.0
2931,1147,1494,Undirected,2,0.0,0.0
2932,1754,1195,Undirected,23,0.0,0.0
2933,854,766,Undirected,1,0.0,0.0
2934,1172,461,Undirected,11,0.0,0.0
2935,539,812,Undirected,3,0.0,0.0
2936,1009,1490,Undirected,1,0.0,0.0
2937,1212,1212,Undirected,35,0.0,0.0
2938,1479,1655,Undirected,3,0.0,0.0
2939,1674,719,Undirected,1,0.0,0.0
2940,1072,1862,Undirected,11,0.0,0.0
2941,765,1222,Undirected,13,0.0,0.0
2942,64,1901,Undirected,6,0.0,0.0
2943,1331,1379,Undirected,47,0.0,0.0
2944,1547,1155,Undirected,23,0.0,0.0
2945,496,1511,Undirected,10,0.0,0.0
2946,786,1803,Undirected,3,0.0,0.0
2947,593,1310,Undirected,1,0.0,0.0
2948,1024,1851,Undirected,2,0.0,0.0
2949,1578,1164,Undirected,1,0.0,0.0
2950,345,356,Undirected,1,0.0,0.0
2951,484,886,Undirected,7,0.0,0.0
2952,516,574,Undirected,2,0.0,0.0
2953,129,1637,Undirected,14,0.0,0.0
2954,1017,524,Undirected,1,0.0,0.0
2955,601,994,Undirected,1,0.0,0.0
2956,1372,1783,Undirected,2,0.0,0.0
2957,1474,1428,Undirected,1,0.0,0.0
2958,57,290,Undirected,3,0.0,0.0
2959,1342,439,Undirected,2,0.0,0.0
2960,777,862,Undirected,1,0.0,0.0
2961,1600,1641,Undirected,3,0.0,0.0
2962,1107,844,Undirected,1,0.0,0.0
2963,1155,1141,Undirected,5,0.0,0.0
2964,795,951,Undirected,7,0.0,0.0
2965,1344,1153,Undirected,4,0.0,0.0
2966,222,222,Undirected,27,0.0,0.0
2967,1888,1647,Undirected,1,0.0,0.0
2968,1299,1655,Undirected,7,0.0,0.0
2969,588,1470,Undirected,4,0.0,0.0
2970,0,1947,Undirected,18,0.0,0.0
2971,1269,1983,Undirected,1,0.0,0.0
2972,1929,562,Undirected,6,0.0,0.0
2973,891,183,Undirected,4,0.0,0.0
2974,0,331,Undirected,5,0.0,0.0
2975,72,1074,Undirected,8,0.0,0.0
2976,947,980,Undirected,49,0.0,0.0
2977,1208,1796,Undirected,1,0.0,0.0
2978,690,1395,Undirected,2,0.0,0.0
2979,1562,1562,Undirected,44,0.0,0.0
2980,1064,1064,Undirected,54,0.0,0.0
2981,692,765,Undirected,2,0.0,0.0
2982,680,1647,Undirected,1,0.0,0.0
2983,1254,1783,Undirected,6,0.0,0.0
2984,1420,1740,Undirected,1,0.0,0.0
2985,616,1299,Undirected,1,0.0,0.0
2986,680,1998,Undirected,24,0.0,0.0
2987,1973,686,Undirected,8,0.0,0.0
2988,944,1949,Undirected,6,0.0,0.0
2989,411,1637,Undirected,1,0.0,0.0
2990,1707,947,Undirected,52,0.0,0.0
2991,769,1348,Undirected,3,0.0,0.0
2992,1400,1700,Undirected,4,0.0,0.0
2993,1613,829,Undirected,1,0.0,0.0
2994,1979,1979,Undirected,29,0.0,0.0
2995,1276,613,Undirected,2,0.0,0.0
2996,1298,460,Undirected,1,0.0,0.0
2997,1295,1295,Undirected,120,0.0,0.0
2998,275,1740,Undirected,8,0.0,0.0
2999,1195,1382,Undirected,2,0.0,0.0
3000,689,1548,Undirected,1,0.0,0.0
3001,1596,1837,Undirected,2,0.0,0.0
3002,577,954,Undirected,1,0.0,0.0
3003,1499,271,Undirected,1,0.0,0.0
3004,33,1852,Undirected,1,0.0,0.0
3005,1931,1931,Undirected,38,0.0,0.0
3006,831,1927,Undirected,1,0.0,0.0
3007,1100,1125,Undirected,1,0.0,0.0
3008,1551,1551,Undirected,142,0.0,0.0
3009,1778,502,Undirected,16,0.0,0.0
3010,1938,1371,Undirected,10,0.0,0.0
3011,1371,813,Undirected,1,0.0,0.0
3012,812,28,Undirected,25,0.0,0.0
3013,1738,1295,Undirected,1,0.0,0.0
3014,1374,1191,Undirected,12,0.0,0.0
3015,1497,1188,Undirected,5,0.0,0.0
3016,1315,1331,Undirected,1,0.0,0.0
3017,1837,853,Undirected,6,0.0,0.0
3018,1588,1566,Undirected,1,0.0,0.0
3019,1697,597,Undirected,35,0.0,0.0
3020,1194,1455,Undirected,4,0.0,0.0
3021,1448,1042,Undirected,2,0.0,0.0
3022,780,1292,Undirected,2,0.0,0.0
3023,969,969,Undirected,39,0.0,0.0
3024,1453,719,Undirected,2,0.0,0.0
3025,1653,1383,Undirected,8,0.0,0.0
3026,923,1967,Undirected,1,0.0,0.0
3027,662,1951,Undirected,2,0.0,0.0
3028,921,1103,Undirected,1,0.0,0.0
3029,1853,213,Undirected,4,3.1529785770645156e-07,0.27127993394560657
3030,787,278,Undirected,1,0.0,0.0
3031,1173,191,Undirected,10,0.0,0.0
3032,1724,1670,Undirected,2,0.0,0.0
3033,968,1435,Undirected,1,0.0,0.0
3034,424,424,Undirected,346,0.0,0.0
3035,1763,1503,Undirected,5,0.0,0.0
3036,1009,1995,Undirected,1,0.0,0.0
3037,1155,1453,Undirected,74,0.0,0.0
3038,1033,820,Undirected,1,0.0,0.0
3039,1945,1641,Undirected,1,0.0,0.0
3040,1248,615,Undirected,2,0.0,0.0
3041,405,1510,Undirected,22,0.0,0.0
3042,33,1205,Undirected,37,0.0,0.0
3043,993,291,Undirected,1,0.0,0.0
3044,1251,1155,Undirected,32,0.0,0.0
3045,56,1466,Undirected,2,0.0,0.0
3046,1256,110,Undirected,2,0.0,0.0
3047,1480,1412,Undirected,5,0.0,0.0
3048,1680,441,Undirected,9,0.0,0.0
3049,984,1226,Undirected,2,0.0,0.0
3050,293,413,Undirected,2,0.0,0.0
3051,347,1758,Undirected,2,0.0,0.0
3052,1453,711,Undirected,15,0.0,0.0
3053,613,1894,Undirected,2,0.0,0.0
3054,362,1774,Undirected,3,0.0,0.0
3055,1272,1997,Undirected,10,0.0,0.0
3056,1644,1510,Undirected,1,0.0,0.0
3057,625,1326,Undirected,5,0.0,0.0
3058,666,666,Undirected,45,0.0,0.0
3059,666,1835,Undirected,1,0.0,0.0
3060,475,1909,Undirected,10,0.0,0.0
3061,1316,1959,Undirected,3,0.0,0.0
3062,751,1463,Undirected,10,0.0,0.0
3063,106,823,Undirected,13,0.0,0.0
3064,1938,764,Undirected,3,0.0,0.0
3065,1679,1775,Undirected,1,0.0,0.0
3066,1210,1727,Undirected,1,0.0,0.0
3067,537,151,Undirected,6,0.0,0.0
3068,296,491,Undirected,4,0.0,0.0
3069,908,975,Undirected,19,0.0,0.0
3070,848,475,Undirected,1,0.0,0.0
3071,500,500,Undirected,28,0.0,0.0
3072,773,773,Undirected,8,0.0,0.0
3073,740,1590,Undirected,24,0.0,0.0
3074,1576,1808,Undirected,1,0.0,0.0
3075,1354,914,Undirected,4,0.0,0.0
3076,1549,1031,Undirected,1,0.0,0.0
3077,753,1202,Undirected,1,0.0,0.0
3078,1251,1503,Undirected,30,0.0,0.0
3079,1945,1772,Undirected,1,0.0,0.0
3080,441,1863,Undirected,4,0.0,0.0
3081,1568,1727,Undirected,10,0.0,0.0
3082,1162,299,Undirected,1,0.0,0.0
3083,435,435,Undirected,3,0.0,0.0
3084,1786,19,Undirected,6,0.0,0.0
3085,1466,1959,Undirected,29,0.0,0.0
3086,1805,1070,Undirected,3,0.0,0.0
3087,142,142,Undirected,27,0.0,0.0
3088,611,1646,Undirected,3,0.0,0.0
3089,1529,1987,Undirected,3,0.0,0.0
3090,64,1798,Undirected,2,0.0,0.0
3091,433,1996,Undirected,12,0.0,0.0
3092,689,1657,Undirected,1,0.0,0.0
3093,1847,1967,Undirected,1,0.0,0.0
3094,1635,1663,Undirected,2,0.0,0.0
3095,1441,1476,Undirected,13,0.0,0.0
3096,1851,1485,Undirected,1,0.0,0.0
3097,1420,1783,Undirected,40,0.0,0.0
3098,1693,1607,Undirected,2,0.0,0.0
3099,1926,127,Undirected,5,0.0,0.0
3100,705,1479,Undirected,2,0.0,0.0
3101,1434,1499,Undirected,1,0.0,0.0
3102,173,1655,Undirected,18,0.0,0.0
3103,1434,1838,Undirected,2,0.0,0.0
3104,918,903,Undirected,3,0.0,0.0
3105,1428,1614,Undirected,1,0.0,0.0
3106,1298,1510,Undirected,1,0.0,0.0
3107,1000,1745,Undirected,2,0.0,0.0
3108,1425,1166,Undirected,2,0.0,0.0
3109,33,1338,Undirected,1,0.0,0.0
3110,1355,511,Undirected,1,0.0,0.0
3111,1477,1477,Undirected,74,0.0,0.0
3112,651,334,Undirected,1,0.0,0.0
3113,800,606,Undirected,2,0.0,0.0
3114,280,1739,Undirected,1,0.0,0.0
3115,1623,263,Undirected,43,0.0,0.0
3116,459,1814,Undirected,1,0.0,0.0
3117,984,1732,Undirected,1,0.0,0.0
3118,1612,228,Undirected,1,0.0,0.0
3119,1619,1148,Undirected,1,0.0,0.0
3120,741,182,Undirected,1,0.0,0.0
3121,382,1887,Undirected,18,0.0,0.0
3122,76,438,Undirected,2,0.0,0.0
3123,1774,1742,Undirected,1,0.0,0.0
3124,1361,1898,Undirected,2,0.0,0.0
3125,1770,199,Undirected,3,0.0,0.0
3126,1489,1094,Undirected,26,0.0,0.0
3127,547,671,Undirected,1,0.0,0.0
3128,1140,356,Undirected,31,0.0,0.0
3129,215,215,Undirected,113,0.0,0.0
3130,1445,1445,Undirected,11,0.0,0.0
3131,1969,663,Undirected,1,0.0,0.0
3132,1319,887,Undirected,2,0.0,0.0
3133,290,734,Undirected,8,0.0,0.0
3134,421,1174,Undirected,1,0.0,0.0
3135,1960,517,Undirected,4,0.0,0.0
3136,80,1572,Undirected,1,0.0,0.0
3137,226,226,Undirected,13,0.0,0.0
3138,906,1861,Undirected,1,0.0,0.0
3139,266,959,Undirected,4,0.0,0.0
3140,1750,1750,Undirected,20,0.0,0.0
3141,1867,21,Undirected,3,0.0,0.0
3142,0,0,Undirected,404,0.0,0.0
3143,884,935,Undirected,1,0.0,0.0
3144,169,235,Undirected,1,0.0,0.0
3145,474,741,Undirected,2,0.0,0.0
3146,969,1462,Undirected,8,0.0,0.0
3147,1371,1756,Undirected,11,0.0,0.0
3148,1316,813,Undirected,1,0.0,0.0
3149,1846,30,Undirected,4,0.0,0.0
3150,1763,758,Undirected,23,0.0,0.0
3151,146,924,Undirected,8,0.0,0.0
3152,1964,1806,Undirected,1,0.0,0.0
3153,157,157,Undirected,51,0.0,0.0
3154,692,910,Undirected,1,0.0,0.0
3155,228,903,Undirected,5,0.0,0.0
3156,137,915,Undirected,1,0.0,0.0
3157,70,1543,Undirected,16,0.0,0.0
3158,995,813,Undirected,3,0.0,0.0
3159,1154,1237,Undirected,3,0.0,0.0
3160,432,776,Undirected,1,0.0,0.0
3161,1369,71,Undirected,1,0.0,0.0
3162,785,1793,Undirected,2,0.0,0.0
3163,1893,1359,Undirected,8,0.0,0.0
3164,409,1332,Undirected,3,0.0,0.0
3165,924,1743,Undirected,2,0.0,0.0
3166,1453,1783,Undirected,14,0.0,0.0
3167,1345,626,Undirected,1,0.0,0.0
3168,1696,910,Undirected,1,0.0,0.0
3169,1905,511,Undirected,1,0.0,0.0
3170,1820,910,Undirected,5,0.0,0.0
3171,564,564,Undirected,35,0.0,0.0
3172,602,1611,Undirected,3,0.0,0.0
3173,981,1341,Undirected,2,0.0,0.0
3174,1316,541,Undirected,11,0.0,0.0
3175,496,980,Undirected,1,0.0,0.0
3176,1444,1390,Undirected,3,0.0,0.0
3177,1530,286,Undirected,3,0.0,0.0
3178,1974,1326,Undirected,6,0.0,0.0
3179,1134,1134,Undirected,10,0.0,0.0
3180,1289,1236,Undirected,4,0.0,0.0
3181,417,1927,Undirected,32,0.0,0.0
3182,625,1681,Undirected,59,0.0,0.0
3183,1433,42,Undirected,11,0.0,0.0
3184,1164,1164,Undirected,154,0.0,0.0
3185,924,295,Undirected,3,0.0,0.0
3186,450,509,Undirected,11,0.0,0.0
3187,566,470,Undirected,2,0.0,0.0
3188,689,118,Undirected,39,0.0,0.0
3189,1777,1563,Undirected,8,0.0,0.0
3190,1374,1374,Undirected,75,0.0,0.0
3191,1763,1319,Undirected,2,0.0,0.0
3192,1529,911,Undirected,2,0.0,0.0
3193,1585,1585,Undirected,12,0.0,0.0
3194,901,1839,Undirected,3,0.0,0.0
3195,1026,134,Undirected,3,0.0,0.0
3196,433,1455,Undirected,5,0.0,0.0
3197,1355,1355,Undirected,4,0.0,0.0
3198,130,502,Undirected,5,0.0,0.0
3199,1614,1614,Undirected,130,0.0,0.0
3200,1841,1498,Undirected,4,3.173640941948607e-07,0.2730577084670354
3201,228,918,Undirected,1,0.0,0.0
3202,1162,1146,Undirected,1,0.0,0.0
3203,1171,1542,Undirected,28,0.0,0.0
3204,1584,1882,Undirected,5,0.0,0.0
3205,1114,1538,Undirected,1,0.0,0.0
3206,1532,1399,Undirected,9,0.0,0.0
3207,1642,159,Undirected,6,0.0,0.0
3208,121,386,Undirected,3,0.0,0.0
3209,1665,474,Undirected,15,0.0,0.0
3210,1568,1740,Undirected,1,0.0,0.0
3211,1469,1469,Undirected,19,0.0,0.0
3212,147,340,Undirected,1,0.0,0.0
3213,1647,1647,Undirected,50,0.0,0.0
3214,1401,182,Undirected,6,3.531797125234443e-07,0.3038732003485092
3215,1645,1359,Undirected,1,0.0,0.0
3216,1252,1252,Undirected,6,0.0,0.0
3217,1490,1587,Undirected,16,0.0,0.0
3218,1979,1011,Undirected,5,0.0,0.0
3219,728,1455,Undirected,1,0.0,0.0
3220,1250,342,Undirected,2,0.0,0.0
3221,1296,1637,Undirected,1,0.0,0.0
3222,1820,422,Undirected,1,0.0,0.0
3223,1019,1719,Undirected,33,0.0,0.0
3224,1896,451,Undirected,13,0.0,0.0
3225,1784,1229,Undirected,3,0.0,0.0
3226,419,419,Undirected,25,0.0,0.0
3227,1793,275,Undirected,1,0.0,0.0
3228,1892,1229,Undirected,13,0.0,0.0
3229,1549,1549,Undirected,172,0.0,0.0
3230,985,758,Undirected,55,0.0,0.0
3231,392,392,Undirected,23,0.0,0.0
3232,1484,1357,Undirected,7,0.0,0.0
3233,1595,1308,Undirected,3,0.0,0.0
3234,617,148,Undirected,4,0.0,0.0
3235,1073,1751,Undirected,6,0.0,0.0
3236,0,1803,Undirected,15,0.0,0.0
3237,1819,499,Undirected,1,0.0,0.0
3238,1017,1818,Undirected,4,0.0,0.0
3239,920,735,Undirected,1,0.0,0.0
3240,1490,1995,Undirected,29,0.0,0.0
3241,1156,991,Undirected,3,0.0,0.0
3242,648,1939,Undirected,5,0.0,0.0
3243,698,1727,Undirected,3,0.0,0.0
3244,269,1798,Undirected,1,0.0,0.0
3245,1969,1453,Undirected,10,0.0,0.0
3246,842,842,Undirected,51,0.0,0.0
3247,951,1015,Undirected,2,0.0,0.0
3248,1850,514,Undirected,2,0.0,0.0
3249,515,693,Undirected,3,0.0,0.0
3250,1969,1078,Undirected,1,0.0,0.0
3251,1336,516,Undirected,11,0.0,0.0
3252,1082,1493,Undirected,4,0.0,0.0
3253,1457,515,Undirected,10,0.0,0.0
3254,1251,1837,Undirected,5,0.0,0.0
3255,538,1997,Undirected,8,0.0,0.0
3256,1989,1686,Undirected,3,0.0,0.0
3257,984,1725,Undirected,3,0.0,0.0
3258,1629,1245,Undirected,1,0.0,0.0
3259,441,1565,Undirected,2,0.0,0.0
3260,1271,983,Undirected,1,0.0,0.0
3261,1571,1774,Undirected,2,0.0,0.0
3262,1490,1758,Undirected,1,0.0,0.0
3263,869,869,Undirected,110,0.0,0.0
3264,1882,1757,Undirected,2,0.0,0.0
3265,1330,1806,Undirected,9,0.0,0.0
3266,1931,375,Undirected,1,0.0,0.0
3267,1400,1995,Undirected,39,0.0,0.0
3268,1668,1492,Undirected,1,0.0,0.0
3269,556,1847,Undirected,1,0.0,0.0
3270,1930,342,Undirected,1,0.0,0.0
3271,752,973,Undirected,1,0.0,0.0
3272,1097,1588,Undirected,3,0.0,0.0
3273,697,129,Undirected,10,0.0,0.0
3274,1453,814,Undirected,27,0.0,0.0
3275,1233,1875,Undirected,2,0.0,0.0
3276,1832,1276,Undirected,5,0.0,0.0
3277,1114,1951,Undirected,16,0.0,0.0
3278,536,706,Undirected,1,0.0,0.0
3279,115,223,Undirected,1,0.0,0.0
3280,1296,1713,Undirected,1,0.0,0.0
3281,1858,627,Undirected,2,0.0,0.0
3282,1077,893,Undirected,3,0.0,0.0
3283,475,558,Undirected,2,0.0,0.0
3284,99,1397,Undirected,36,0.0,0.0
3285,1674,814,Undirected,27,0.0,0.0
3286,777,151,Undirected,5,0.0,0.0
3287,1194,538,Undirected,1,0.0,0.0
3288,1194,308,Undirected,85,0.0,0.0
3289,1441,1932,Undirected,1,0.0,0.0
3290,1570,362,Undirected,2,0.0,0.0
3291,1434,1780,Undirected,158,0.0,0.0
3292,833,1874,Undirected,1,0.0,0.0
3293,1251,1551,Undirected,40,0.0,0.0
3294,1553,511,Undirected,7,0.0,0.0
3295,1176,955,Undirected,1,0.0,0.0
3296,728,455,Undirected,6,0.0,0.0
3297,1272,1957,Undirected,25,0.0,0.0
3298,1259,21,Undirected,4,0.0,0.0
3299,875,659,Undirected,7,0.0,0.0
3300,1165,838,Undirected,3,0.0,0.0
3301,1112,582,Undirected,1,0.0,0.0
3302,1009,850,Undirected,2,0.0,0.0
3303,1766,823,Undirected,3,0.0,0.0
3304,804,756,Undirected,2,0.0,0.0
3305,404,735,Undirected,7,0.0,0.0
3306,1195,1499,Undirected,62,0.0,0.0
3307,693,1327,Undirected,12,0.0,0.0
3308,1921,45,Undirected,1,0.0,0.0
3309,1602,1251,Undirected,3,0.0,0.0
3310,1448,1571,Undirected,1,0.0,0.0
3311,907,1366,Undirected,1,0.0,0.0
3312,978,710,Undirected,3,0.0,0.0
3313,1340,1677,Undirected,1,0.0,0.0
3314,522,966,Undirected,2,0.0,0.0
3315,1230,1807,Undirected,1,0.0,0.0
3316,1660,1348,Undirected,2,0.0,0.0
3317,814,1974,Undirected,13,0.0,0.0
3318,322,322,Undirected,59,0.0,0.0
3319,1283,1983,Undirected,7,0.0,0.0
3320,1320,1730,Undirected,2,0.0,0.0
3321,1130,1429,Undirected,7,0.0,0.0
3322,1375,271,Undirected,22,0.0,0.0
3323,1098,1795,Undirected,1,0.0,0.0
3324,1178,1772,Undirected,4,0.0,0.0
3325,1515,364,Undirected,10,0.0,0.0
3326,1576,157,Undirected,2,0.0,0.0
3327,1256,392,Undirected,3,0.0,0.0
3328,840,194,Undirected,1,0.0,0.0
3329,1539,1366,Undirected,1,0.0,0.0
3330,758,758,Undirected,275,0.0,0.0
3331,1576,25,Undirected,1,0.0,0.0
3332,1226,475,Undirected,1,0.0,0.0
3333,394,1893,Undirected,6,0.0,0.0
3334,707,78,Undirected,1,0.0,0.0
3335,1339,620,Undirected,2,0.0,0.0
3336,601,1708,Undirected,1,0.0,0.0
3337,1116,1998,Undirected,10,4.0972315518794846e-07,0.352522758270228
3338,1185,442,Undirected,1,0.0,0.0
3339,0,1630,Undirected,67,0.0,0.0
3340,1705,237,Undirected,1,0.0,0.0
3341,40,1506,Undirected,7,0.0,0.0
3342,1481,731,Undirected,1,0.0,0.0
3343,1301,1301,Undirected,7,0.0,0.0
3344,828,293,Undirected,6,0.0,0.0
3345,1729,1411,Undirected,1,0.0,0.0
3346,424,1434,Undirected,4,0.0,0.0
3347,1561,1453,Undirected,1,0.0,0.0
3348,1404,1318,Undirected,17,0.0,0.0
3349,1020,1655,Undirected,4,0.0,0.0
3350,356,164,Undirected,14,0.0,0.0
3351,1898,237,Undirected,6,0.0,0.0
3352,1285,1285,Undirected,48,0.0,0.0
3353,1412,278,Undirected,18,0.0,0.0
3354,1603,1318,Undirected,1,0.0,0.0
3355,625,1155,Undirected,61,0.0,0.0
3356,1994,195,Undirected,2,0.0,0.0
3357,1788,309,Undirected,1,0.0,0.0
3358,1269,1223,Undirected,1,0.0,0.0
3359,914,898,Undirected,5,0.0,0.0
3360,1644,1998,Undirected,6,0.0,0.0
3361,1490,1774,Undirected,6,0.0,0.0
3362,638,1207,Undirected,28,0.0,0.0
3363,256,171,Undirected,1,0.0,0.0
3364,1191,1247,Undirected,24,0.0,0.0
3365,1206,1206,Undirected,45,0.0,0.0
3366,1586,6,Undirected,1,0.0,0.0
3367,1969,625,Undirected,107,0.0,0.0
3368,320,516,Undirected,2,0.0,0.0
3369,617,777,Undirected,1,0.0,0.0
3370,1320,899,Undirected,1,0.0,0.0
3371,816,1174,Undirected,1,0.0,0.0
3372,1785,1989,Undirected,8,0.0,0.0
3373,1774,1254,Undirected,6,0.0,0.0
3374,250,199,Undirected,1,0.0,0.0
3375,1712,887,Undirected,2,0.0,0.0
3376,1195,1959,Undirected,19,0.0,0.0
3377,400,761,Undirected,1,0.0,0.0
3378,787,53,Undirected,17,0.0,0.0
3379,834,334,Undirected,1,0.0,0.0
3380,1720,1834,Undirected,5,0.0,0.0
3381,1184,1375,Undirected,1,0.0,0.0
3382,1890,1054,Undirected,49,0.0,0.0
3383,33,1222,Undirected,9,0.0,0.0
3384,1376,1513,Undirected,4,0.0,0.0
3385,313,1018,Undirected,100,0.0,0.0
3386,417,1949,Undirected,1,0.0,0.0
3387,374,1191,Undirected,4,0.0,0.0
3388,194,1858,Undirected,5,0.0,0.0
3389,716,1519,Undirected,2,0.0,0.0
3390,170,412,Undirected,13,0.0,0.0
3391,1328,1157,Undirected,31,0.0,0.0
3392,1652,949,Undirected,4,0.0,0.0
3393,1553,1553,Undirected,261,0.0,0.0
3394,1070,1087,Undirected,7,0.0,0.0
3395,656,1754,Undirected,2,0.0,0.0
3396,1195,1195,Undirected,1250,0.0,0.0
3397,1074,621,Undirected,3,3.0801627204163787e-07,0.2650149117455223
3398,137,51,Undirected,3,0.0,0.0
3399,953,406,Undirected,1,0.0,0.0
3400,267,869,Undirected,13,0.0,0.0
3401,1434,1018,Undirected,2,0.0,0.0
3402,1445,1870,Undirected,1,0.0,0.0
3403,1218,1932,Undirected,1,0.0,0.0
3404,483,988,Undirected,2,0.0,0.0
3405,1644,852,Undirected,3,0.0,0.0
3406,424,1325,Undirected,5,0.0,0.0
3407,681,1703,Undirected,4,0.0,0.0
3408,1706,1354,Undirected,16,3.613949710671512e-07,0.31094154775592414
3409,1344,1382,Undirected,106,0.0,0.0
3410,30,30,Undirected,32,0.0,0.0
3411,1683,1015,Undirected,2,0.0,0.0
3412,722,1635,Undirected,3,0.0,0.0
3413,1631,903,Undirected,7,0.0,0.0
3414,1925,622,Undirected,2,0.0,0.0
3415,1992,1527,Undirected,6,0.0,0.0
3416,1594,1394,Undirected,3,0.0,0.0
3417,978,1983,Undirected,1,0.0,0.0
3418,756,1989,Undirected,2,0.0,0.0
3419,1553,523,Undirected,2,0.0,0.0
3420,680,1862,Undirected,2,0.0,0.0
3421,1873,1341,Undirected,1,0.0,0.0
3422,1630,631,Undirected,1,0.0,0.0
3423,948,1972,Undirected,5,0.0,0.0
3424,1982,1422,Undirected,1,0.0,0.0
3425,1379,939,Undirected,13,0.0,0.0
3426,1440,1066,Undirected,2,0.0,0.0
3427,1824,759,Undirected,1,0.0,0.0
3428,1814,1607,Undirected,1,0.0,0.0
3429,769,815,Undirected,2,0.0,0.0
3430,1395,1630,Undirected,8,0.0,0.0
3431,1856,108,Undirected,1,0.0,0.0
3432,1400,1925,Undirected,1,0.0,0.0
3433,40,314,Undirected,1,0.0,0.0
3434,738,518,Undirected,4,0.0,0.0
3435,288,697,Undirected,11,0.0,0.0
3436,700,1558,Undirected,1,0.0,0.0
3437,1082,422,Undirected,1,0.0,0.0
3438,679,679,Undirected,42,0.0,0.0
3439,1257,1679,Undirected,2,0.0,0.0
3440,780,1087,Undirected,20,0.0,0.0
3441,1728,1000,Undirected,5,0.0,0.0
3442,1888,1998,Undirected,3,0.0,0.0
3443,1960,351,Undirected,4,7.71859620604733e-07,0.6641022822548928
3444,1881,1357,Undirected,1,0.0,0.0
3445,1977,1884,Undirected,1,0.0,0.0
3446,1985,1774,Undirected,2,0.0,0.0
3447,839,551,Undirected,5,0.0,0.0
3448,472,1555,Undirected,14,0.0,0.0
3449,1777,1498,Undirected,5,0.0,0.0
3450,566,983,Undirected,1,0.0,0.0
3451,797,1350,Undirected,1,0.0,0.0
3452,1610,1335,Undirected,1,0.0,0.0
3453,1905,722,Undirected,5,0.0,0.0
3454,1576,1341,Undirected,3,0.0,0.0
3455,177,623,Undirected,21,0.0,0.0
3456,151,1831,Undirected,2,0.0,0.0
3457,1104,1761,Undirected,5,0.0,0.0
3458,386,1789,Undirected,8,0.0,0.0
3459,147,1159,Undirected,1,0.0,0.0
3460,784,1837,Undirected,1,0.0,0.0
3461,1026,1317,Undirected,15,0.0,0.0
3462,603,1587,Undirected,1,0.0,0.0
3463,296,559,Undirected,11,0.0,0.0
3464,628,517,Undirected,1,0.0,0.0
3465,418,418,Undirected,14,0.0,0.0
3466,1928,979,Undirected,149,0.0,0.0
3467,984,394,Undirected,15,0.0,0.0
3468,1163,316,Undirected,1,0.0,0.0
3469,1076,1076,Undirected,261,0.0,0.0
3470,1345,1006,Undirected,1,0.0,0.0
3471,1316,1974,Undirected,7,0.0,0.0
3472,480,1917,Undirected,1,0.0,0.0
3473,352,1951,Undirected,2,0.0,0.0
3474,440,1350,Undirected,2,0.0,0.0
3475,1929,1901,Undirected,2,0.0,0.0
3476,381,167,Undirected,6,0.0,0.0
3477,283,283,Undirected,54,0.0,0.0
3478,1824,995,Undirected,107,0.0,0.0
3479,1248,1758,Undirected,2,0.0,0.0
3480,1056,1148,Undirected,1,0.0,0.0
3481,617,1524,Undirected,1,0.0,0.0
3482,1925,1783,Undirected,1,0.0,0.0
3483,1568,1739,Undirected,10,0.0,0.0
3484,1476,772,Undirected,1,0.0,0.0
3485,1833,410,Undirected,1,0.0,0.0
3486,1720,1078,Undirected,1,0.0,0.0
3487,1032,1980,Undirected,1,0.0,0.0
3488,1502,839,Undirected,1,0.0,0.0
3489,912,1993,Undirected,1,0.0,0.0
3490,1584,275,Undirected,2,0.0,0.0
3491,840,840,Undirected,45,0.0,0.0
3492,314,1935,Undirected,1,0.0,0.0
3493,1250,324,Undirected,1,0.0,0.0
3494,1400,1639,Undirected,15,0.0,0.0
3495,1715,343,Undirected,2,0.0,0.0
3496,1950,999,Undirected,2,0.0,0.0
3497,304,75,Undirected,32,5.511402780515008e-07,0.4741969999801716
3498,396,1268,Undirected,1,0.0,0.0
3499,1314,575,Undirected,3,0.0,0.0
3500,1779,206,Undirected,1,0.0,0.0
3501,1257,1146,Undirected,3,0.0,0.0
3502,1025,1663,Undirected,1,0.0,0.0
3503,985,1974,Undirected,2,0.0,0.0
3504,1460,548,Undirected,1,0.0,0.0
3505,1330,829,Undirected,3,0.0,0.0
3506,702,1751,Undirected,2,4.209557953141495e-07,0.362187238370526
3507,1372,853,Undirected,27,0.0,0.0
3508,625,758,Undirected,4,0.0,0.0
3509,1795,182,Undirected,65,0.0,0.0
3510,1855,1855,Undirected,47,0.0,0.0
3511,1868,1965,Undirected,1,0.0,0.0
3512,1752,1410,Undirected,5,0.0,0.0
3513,92,1975,Undirected,2,0.0,0.0
3514,510,510,Undirected,242,0.0,0.0
3515,1155,1511,Undirected,2,0.0,0.0
3516,1158,1679,Undirected,1,0.0,0.0
3517,424,947,Undirected,2,0.0,0.0
3518,920,215,Undirected,1,0.0,0.0
3519,1681,1251,Undirected,15,0.0,0.0
3520,1288,1247,Undirected,7,0.0,0.0
3521,771,639,Undirected,85,0.0,0.0
3522,1584,1833,Undirected,1,0.0,0.0
3523,1435,909,Undirected,17,0.0,0.0
3524,1208,555,Undirected,3,0.0,0.0
3525,840,754,Undirected,2,0.0,0.0
3526,993,1211,Undirected,14,0.0,0.0
3527,1185,1907,Undirected,17,0.0,0.0
3528,1584,780,Undirected,7,0.0,0.0
3529,1945,1668,Undirected,1,0.0,0.0
3530,657,1083,Undirected,4,0.0,0.0
3531,1544,977,Undirected,1,0.0,0.0
3532,778,1764,Undirected,2,0.0,0.0
3533,1369,461,Undirected,4,0.0,0.0
3534,130,1149,Undirected,2,0.0,0.0
3535,1331,1331,Undirected,453,0.0,0.0
3536,128,1734,Undirected,1,0.0,0.0
3537,906,1894,Undirected,1,0.0,0.0
3538,1648,661,Undirected,5,0.0,0.0
3539,1753,470,Undirected,17,0.0,0.0
3540,19,886,Undirected,2,0.0,0.0
3541,65,642,Undirected,1,0.0,0.0
3542,1974,567,Undirected,2,0.0,0.0
3543,1036,1670,Undirected,1,0.0,0.0
3544,969,1158,Undirected,2,0.0,0.0
3545,684,1564,Undirected,1,0.0,0.0
3546,811,1366,Undirected,34,0.0,0.0
3547,1626,780,Undirected,1,0.0,0.0
3548,1672,1925,Undirected,6,0.0,0.0
3549,314,205,Undirected,3,0.0,0.0
3550,447,935,Undirected,1,0.0,0.0
3551,411,932,Undirected,4,0.0,0.0
3552,1810,188,Undirected,1,0.0,0.0
3553,883,1420,Undirected,2,0.0,0.0
3554,824,824,Undirected,11,0.0,0.0
3555,1300,1743,Undirected,1,0.0,0.0
3556,868,382,Undirected,19,0.0,0.0
3557,905,1718,Undirected,2,0.0,0.0
3558,887,759,Undirected,9,0.0,0.0
3559,1201,375,Undirected,1,0.0,0.0
3560,1945,517,Undirected,4,0.0,0.0
3561,577,1276,Undirected,2,0.0,0.0
3562,1116,1116,Undirected,124,0.0,0.0
3563,1017,266,Undirected,4,0.0,0.0
3564,1412,317,Undirected,5,0.0,0.0
3565,1828,1455,Undirected,1,0.0,0.0
3566,1802,1591,Undirected,5,0.0,0.0
3567,1509,759,Undirected,24,0.0,0.0
3568,1049,699,Undirected,1,0.0,0.0
3569,1619,1587,Undirected,1,0.0,0.0
3570,1825,266,Undirected,2,0.0,0.0
3571,9,250,Undirected,1,0.0,0.0
3572,1457,1759,Undirected,4,0.0,0.0
3573,545,1025,Undirected,5,4.1803336388490746e-07,0.3596728000839727
3574,411,500,Undirected,1,0.0,0.0
3575,1381,1381,Undirected,19,0.0,0.0
3576,1379,1787,Undirected,8,0.0,0.0
3577,1315,1101,Undirected,4,0.0,0.0
3578,1754,1434,Undirected,1,0.0,0.0
3579,584,1292,Undirected,1,0.0,0.0
3580,577,356,Undirected,1,0.0,0.0
3581,1864,1864,Undirected,62,0.0,0.0
3582,842,1359,Undirected,2,0.0,0.0
3583,1866,1980,Undirected,14,0.0,0.0
3584,1570,1356,Undirected,3,0.0,0.0
3585,1730,1347,Undirected,1,0.0,0.0
3586,754,1461,Undirected,2,0.0,0.0
3587,1497,289,Undirected,1,0.0,0.0
3588,20,1565,Undirected,3,0.0,0.0
3589,1248,1838,Undirected,1,0.0,0.0
3590,281,602,Undirected,6,0.0,0.0
3591,822,1703,Undirected,9,0.0,0.0
3592,1009,1983,Undirected,1,0.0,0.0
3593,1849,1051,Undirected,57,0.0,0.0
3594,1450,1228,Undirected,2,0.0,0.0
3595,10,10,Undirected,87,0.0,0.0
3596,824,1847,Undirected,1,0.0,0.0
3597,64,1898,Undirected,3,0.0,0.0
3598,1604,1597,Undirected,1,0.0,0.0
3599,289,949,Undirected,3,0.0,0.0
3600,1692,1692,Undirected,5,0.0,0.0
3601,1419,366,Undirected,1,0.0,0.0
3602,128,1674,Undirected,2,0.0,0.0
3603,1476,1204,Undirected,1,0.0,0.0
3604,1467,1467,Undirected,25,0.0,0.0
3605,1809,747,Undirected,1,0.0,0.0
3606,433,1251,Undirected,2,0.0,0.0
3607,1674,1195,Undirected,8,0.0,0.0
3608,1875,717,Undirected,1,0.0,0.0
3609,1018,1837,Undirected,2,0.0,0.0
3610,1028,902,Undirected,1,0.0,0.0
3611,1227,1527,Undirected,4,0.0,0.0
3612,1769,364,Undirected,8,0.0,0.0
3613,1224,1003,Undirected,6,0.0,0.0
3614,1720,1827,Undirected,3,0.0,0.0
3615,753,906,Undirected,2,0.0,0.0
3616,1827,1319,Undirected,3,0.0,0.0
3617,1570,1395,Undirected,6,0.0,0.0
3618,765,1205,Undirected,2,0.0,0.0
3619,1875,822,Undirected,3,0.0,0.0
3620,1497,411,Undirected,2,0.0,0.0
3621,441,682,Undirected,10,0.0,0.0
3622,1570,1682,Undirected,3,0.0,0.0
3623,235,1558,Undirected,14,0.0,0.0
3624,138,956,Undirected,7,0.0,0.0
3625,1195,780,Undirected,2,0.0,0.0
3626,529,1484,Undirected,1,0.0,0.0
3627,1908,1398,Undirected,3,0.0,0.0
3628,952,952,Undirected,59,0.0,0.0
3629,773,726,Undirected,2,0.0,0.0
3630,1096,102,Undirected,1,0.0,0.0
3631,127,127,Undirected,1856,0.0,0.0
3632,1794,669,Undirected,2,0.0,0.0
3633,1604,1079,Undirected,15,0.0,0.0
3634,1450,1637,Undirected,1,0.0,0.0
3635,667,687,Undirected,8,0.0,0.0
3636,1969,1319,Undirected,4,0.0,0.0
3637,449,1310,Undirected,3,0.0,0.0
3638,233,1287,Undirected,1,0.0,0.0
3639,683,327,Undirected,2,0.0,0.0
3640,1930,556,Undirected,2,0.0,0.0
3641,1240,1675,Undirected,10,0.0,0.0
3642,1780,1318,Undirected,2,0.0,0.0
3643,1689,678,Undirected,15,0.0,0.0
3644,1393,1786,Undirected,3,0.0,0.0
3645,608,188,Undirected,5,0.0,0.0
3646,920,858,Undirected,13,0.0,0.0
3647,626,1114,Undirected,2,0.0,0.0
3648,1114,519,Undirected,3,0.0,0.0
3649,1270,1270,Undirected,18,0.0,0.0
3650,1680,1863,Undirected,5,0.0,0.0
3651,1146,643,Undirected,1,0.0,0.0
3652,693,1366,Undirected,5,0.0,0.0
3653,1600,1568,Undirected,1,0.0,0.0
3654,1272,489,Undirected,5,0.0,0.0
3655,208,208,Undirected,29,0.0,0.0
3656,1267,388,Undirected,2,0.0,0.0
3657,1984,1959,Undirected,1,0.0,0.0
3658,547,547,Undirected,97,0.0,0.0
3659,75,75,Undirected,643,0.0,0.0
3660,216,1745,Undirected,1,0.0,0.0
3661,768,1663,Undirected,4,0.0,0.0
3662,1758,1319,Undirected,3,0.0,0.0
3663,1988,1382,Undirected,2,0.0,0.0
3664,1418,1390,Undirected,1,0.0,0.0
3665,428,454,Undirected,1,0.0,0.0
3666,936,687,Undirected,2,0.0,0.0
3667,581,581,Undirected,3,0.0,0.0
3668,1837,686,Undirected,1,0.0,0.0
3669,794,1774,Undirected,3,0.0,0.0
3670,1316,1044,Undirected,1,0.0,0.0
3671,955,955,Undirected,3,0.0,0.0
3672,1476,1668,Undirected,7,0.0,0.0
3673,332,15,Undirected,1,0.0,0.0
3674,1837,911,Undirected,1,0.0,0.0
3675,1283,1639,Undirected,10,0.0,0.0
3676,1696,818,Undirected,3,0.0,0.0
3677,778,1893,Undirected,8,0.0,0.0
3678,1617,1617,Undirected,11,0.0,0.0
3679,1853,1998,Undirected,7,0.0,0.0
3680,1459,1711,Undirected,2,0.0,0.0
3681,515,262,Undirected,3,0.0,0.0
3682,1379,485,Undirected,8,2.8764092541856527e-07,0.2474841149103211
3683,1696,1315,Undirected,13,0.0,0.0
3684,906,797,Undirected,2,0.0,0.0
3685,996,996,Undirected,9,0.0,0.0
3686,1320,1651,Undirected,2,0.0,0.0
3687,1371,979,Undirected,3,0.0,0.0
3688,947,1734,Undirected,10,0.0,0.0
3689,1728,1324,Undirected,5,0.0,0.0
3690,515,1845,Undirected,4,0.0,0.0
3691,1780,1455,Undirected,108,0.0,0.0
3692,1392,369,Undirected,41,0.0,0.0
3693,1443,788,Undirected,2,0.0,0.0
3694,1856,1356,Undirected,1,0.0,0.0
3695,1930,859,Undirected,1,0.0,0.0
3696,1996,1780,Undirected,137,0.0,0.0
3697,1147,702,Undirected,2,0.0,0.0
3698,1952,368,Undirected,7,0.0,0.0
3699,1604,1390,Undirected,4,0.0,0.0
3700,1948,1767,Undirected,3,0.0,0.0
3701,215,103,Undirected,1,0.0,0.0
3702,466,231,Undirected,1,0.0,0.0
3703,1933,511,Undirected,20,0.0,0.0
3704,1032,1959,Undirected,102,0.0,0.0
3705,1401,21,Undirected,5,0.0,0.0
3706,1328,1741,Undirected,3,0.0,0.0
3707,1516,494,Undirected,6,0.0,0.0
3708,1217,742,Undirected,2,0.0,0.0
3709,1930,1358,Undirected,1,0.0,0.0
3710,1576,1873,Undirected,1,0.0,0.0
3711,1053,646,Undirected,1,0.0,0.0
3712,146,1197,Undirected,2,0.0,0.0
3713,1154,1366,Undirected,1,0.0,0.0
3714,357,535,Undirected,12,0.0,0.0
3715,1032,887,Undirected,26,0.0,0.0
3716,1880,995,Undirected,1,0.0,0.0
3717,1426,650,Undirected,6,0.0,0.0
3718,1032,1707,Undirected,1,0.0,0.0
3719,1827,995,Undirected,1,0.0,0.0
3720,1162,1603,Undirected,52,0.0,0.0
3721,1208,466,Undirected,52,0.0,0.0
3722,1608,1560,Undirected,8,0.0,0.0
3723,969,598,Undirected,1,0.0,0.0
3724,1827,1828,Undirected,1,0.0,0.0
3725,932,1638,Undirected,1,0.0,0.0
3726,816,1383,Undirected,2,0.0,0.0
3727,184,1612,Undirected,1,0.0,0.0
3728,1548,118,Undirected,15,0.0,0.0
3729,1964,1607,Undirected,1,0.0,0.0
3730,1001,1043,Undirected,7,0.0,0.0
3731,1920,1871,Undirected,1,0.0,0.0
3732,1089,410,Undirected,1,0.0,0.0
3733,1837,711,Undirected,3,0.0,0.0
3734,904,684,Undirected,6,0.0,0.0
3735,1800,443,Undirected,3,0.0,0.0
3736,813,1375,Undirected,8,0.0,0.0
3737,633,203,Undirected,3,0.0,0.0
3738,1562,1946,Undirected,1,0.0,0.0
3739,1233,1660,Undirected,5,0.0,0.0
3740,1695,719,Undirected,1,0.0,0.0
3741,1189,1430,Undirected,1,0.0,0.0
3742,435,524,Undirected,2,0.0,0.0
3743,1747,511,Undirected,3,0.0,0.0
3744,1931,470,Undirected,1,0.0,0.0
3745,940,940,Undirected,68,0.0,0.0
3746,474,29,Undirected,2,0.0,0.0
3747,280,1959,Undirected,191,0.0,0.0
3748,1886,199,Undirected,1,0.0,0.0
3749,450,499,Undirected,1,0.0,0.0
3750,1867,1045,Undirected,7,0.0,0.0
3751,1227,462,Undirected,3,0.0,0.0
3752,81,1247,Undirected,1,0.0,0.0
3753,195,1727,Undirected,3,0.0,0.0
3754,178,1883,Undirected,3,0.0,0.0
3755,1738,53,Undirected,5,0.0,0.0
3756,1929,121,Undirected,7,0.0,0.0
3757,684,1421,Undirected,2,0.0,0.0
3758,643,1437,Undirected,2,0.0,0.0
3759,1967,599,Undirected,3,0.0,0.0
3760,269,1719,Undirected,7,0.0,0.0
3761,1756,1758,Undirected,3,0.0,0.0
3762,880,586,Undirected,7,0.0,0.0
3763,1448,1648,Undirected,2,0.0,0.0
3764,1500,269,Undirected,3,0.0,0.0
3765,1342,87,Undirected,9,0.0,0.0
3766,1563,1359,Undirected,1,0.0,0.0
3767,582,1543,Undirected,41,4.0116845137832777e-07,0.3451623546782735
3768,291,621,Undirected,8,0.0,0.0
3769,1754,1827,Undirected,16,0.0,0.0
3770,1807,1807,Undirected,9,0.0,0.0
3771,1155,1375,Undirected,122,0.0,0.0
3772,890,1491,Undirected,3,0.0,0.0
3773,1906,1906,Undirected,5,0.0,0.0
3774,1257,1269,Undirected,1,0.0,0.0
3775,1492,1476,Undirected,2,0.0,0.0
3776,1456,1456,Undirected,19,0.0,0.0
3777,896,1921,Undirected,1,0.0,0.0
3778,1412,1412,Undirected,46,0.0,0.0
3779,1925,1925,Undirected,107,0.0,0.0
3780,596,1463,Undirected,1,0.0,0.0
3781,984,432,Undirected,2,0.0,0.0
3782,1032,1455,Undirected,26,0.0,0.0
3783,392,602,Undirected,1,0.0,0.0
3784,1443,1263,Undirected,1,0.0,0.0
3785,1442,1341,Undirected,1,0.0,0.0
3786,704,84,Undirected,4,0.0,0.0
3787,1137,1862,Undirected,14,0.0,0.0
3788,280,1758,Undirected,1,0.0,0.0
3789,627,1463,Undirected,48,0.0,0.0
3790,1476,1084,Undirected,1,0.0,0.0
3791,197,1126,Undirected,11,0.0,0.0
3792,915,597,Undirected,1,0.0,0.0
3793,1704,1704,Undirected,13,0.0,0.0
3794,794,1159,Undirected,1,0.0,0.0
3795,1011,1991,Undirected,9,0.0,0.0
3796,1785,1988,Undirected,1,0.0,0.0
3797,164,1894,Undirected,10,0.0,0.0
3798,1681,1974,Undirected,1,0.0,0.0
3799,886,1950,Undirected,1,0.0,0.0
3800,195,1814,Undirected,8,0.0,0.0
3801,1410,716,Undirected,33,0.0,0.0
3802,1392,1319,Undirected,8,0.0,0.0
3803,1837,1021,Undirected,1,0.0,0.0
3804,1056,1441,Undirected,21,0.0,0.0
3805,1819,509,Undirected,2,0.0,0.0
3806,612,1988,Undirected,1,0.0,0.0
3807,1819,1398,Undirected,1,0.0,0.0
3808,1440,1440,Undirected,49,0.0,0.0
3809,160,1967,Undirected,3,0.0,0.0
3810,1827,1511,Undirected,29,0.0,0.0
3811,1570,1995,Undirected,2,0.0,0.0
3812,106,106,Undirected,181,0.0,0.0
3813,347,1959,Undirected,5,0.0,0.0
3814,455,719,Undirected,1,0.0,0.0
3815,1788,1788,Undirected,126,0.0,0.0
3816,880,661,Undirected,2,0.0,0.0
3817,1555,1141,Undirected,3,0.0,0.0
3818,684,1359,Undirected,2,0.0,0.0
3819,1380,1780,Undirected,10,0.0,0.0
3820,109,1055,Undirected,10,0.0,0.0
3821,1009,410,Undirected,3,0.0,0.0
3822,985,1973,Undirected,2,0.0,0.0
3823,993,188,Undirected,2,0.0,0.0
3824,1178,1178,Undirected,284,0.0,0.0
3825,540,15,Undirected,4,0.0,0.0
3826,1305,1711,Undirected,1,0.0,0.0
3827,819,1823,Undirected,1,0.0,0.0
3828,1042,1995,Undirected,2,0.0,0.0
3829,1371,541,Undirected,4,0.0,0.0
3830,197,517,Undirected,1,0.0,0.0
3831,1219,814,Undirected,28,0.0,0.0
3832,5,5,Undirected,403,0.0,0.0
3833,680,1040,Undirected,1,0.0,0.0
3834,1997,1957,Undirected,16,0.0,0.0
3835,467,532,Undirected,1,0.0,0.0
3836,1490,1803,Undirected,3,0.0,0.0
3837,1504,615,Undirected,26,0.0,0.0
3838,1720,1828,Undirected,1,0.0,0.0
3839,1161,1083,Undirected,7,0.0,0.0
3840,1502,1294,Undirected,2,0.0,0.0
3841,1584,1292,Undirected,1,0.0,0.0
3842,1442,725,Undirected,6,0.0,0.0
3843,1715,1715,Undirected,5,0.0,0.0
3844,457,730,Undirected,3,0.0,0.0
3845,1800,1682,Undirected,1,0.0,0.0
3846,1195,308,Undirected,9,0.0,0.0
3847,264,1532,Undirected,2,0.0,0.0
3848,438,199,Undirected,5,2.9495051280441034e-07,0.2537732295831136
3849,1720,1602,Undirected,1,0.0,0.0
3850,948,1647,Undirected,3,0.0,0.0
3851,1195,1675,Undirected,2,0.0,0.0
3852,368,1339,Undirected,2,0.0,0.0
3853,542,542,Undirected,21,0.0,0.0
3854,258,1035,Undirected,1,0.0,0.0
3855,1315,237,Undirected,1,0.0,0.0
3856,676,1484,Undirected,1,0.0,0.0
3857,1937,506,Undirected,1,0.0,0.0
3858,34,348,Undirected,11,0.0,0.0
3859,744,708,Undirected,1,0.0,0.0
3860,737,1841,Undirected,2,0.0,0.0
3861,1369,1369,Undirected,36,0.0,0.0
3862,737,1116,Undirected,1,0.0,0.0
3863,1434,1938,Undirected,37,0.0,0.0
3864,303,1943,Undirected,1,0.0,0.0
3865,1595,1171,Undirected,1,0.0,0.0
3866,1238,1238,Undirected,17,0.0,0.0
3867,1279,1279,Undirected,80,0.0,0.0
3868,923,1588,Undirected,2,0.0,0.0
3869,1998,495,Undirected,1,0.0,0.0
3870,1632,1827,Undirected,1,0.0,0.0
3871,994,1151,Undirected,2,0.0,0.0
3872,969,675,Undirected,2,0.0,0.0
3873,1242,162,Undirected,19,0.0,0.0
3874,1163,932,Undirected,1,0.0,0.0
3875,1568,388,Undirected,101,0.0,0.0
3876,1197,1197,Undirected,27,0.0,0.0
3877,400,1548,Undirected,4,0.0,0.0
3878,1748,1748,Undirected,13,0.0,0.0
3879,1476,127,Undirected,10,0.0,0.0
3880,424,980,Undirected,8,0.0,0.0
3881,588,750,Undirected,2,0.0,0.0
3882,265,1274,Undirected,1,0.0,0.0
3883,1682,1772,Undirected,2,0.0,0.0
3884,1827,1382,Undirected,1,0.0,0.0
3885,1115,1654,Undirected,1,0.0,0.0
3886,923,923,Undirected,473,0.0,0.0
3887,1048,1048,Undirected,14,0.0,0.0
3888,1883,1974,Undirected,57,0.0,0.0
3889,1018,1372,Undirected,1,0.0,0.0
3890,1491,1700,Undirected,1,0.0,0.0
3891,1054,1511,Undirected,1,0.0,0.0
3892,924,270,Undirected,2,0.0,0.0
3893,171,483,Undirected,2,0.0,0.0
3894,973,1126,Undirected,8,0.0,0.0
3895,1595,556,Undirected,1,0.0,0.0
3896,530,530,Undirected,35,0.0,0.0
3897,1754,1758,Undirected,51,0.0,0.0
3898,1598,1647,Undirected,1,0.0,0.0
3899,396,710,Undirected,1,0.0,0.0
3900,1584,611,Undirected,27,0.0,0.0
3901,1641,253,Undirected,7,0.0,0.0
3902,808,1124,Undirected,3,0.0,0.0
3903,1397,1397,Undirected,29,0.0,0.0
3904,804,710,Undirected,1,0.0,0.0
3905,1833,729,Undirected,1,0.0,0.0
3906,1344,1640,Undirected,1,0.0,0.0
3907,1467,558,Undirected,5,0.0,0.0
3908,961,151,Undirected,23,0.0,0.0
3909,850,1837,Undirected,2,0.0,0.0
3910,612,1828,Undirected,4,0.0,0.0
3911,947,1054,Undirected,3,0.0,0.0
3912,1593,611,Undirected,1,0.0,0.0
3913,974,1847,Undirected,1,0.0,0.0
3914,1115,1573,Undirected,2,0.0,0.0
3915,1769,301,Undirected,2,0.0,0.0
3916,1809,1042,Undirected,17,0.0,0.0
3917,761,76,Undirected,1,0.0,0.0
3918,667,311,Undirected,2,0.0,0.0
3919,1000,1000,Undirected,131,0.0,0.0
3920,1712,1774,Undirected,1,0.0,0.0
3921,81,1759,Undirected,2,0.0,0.0
3922,728,853,Undirected,12,0.0,0.0
3923,642,783,Undirected,12,0.0,0.0
3924,1185,1539,Undirected,1,0.0,0.0
3925,1158,1926,Undirected,24,0.0,0.0
3926,1850,1850,Undirected,63,0.0,0.0
3927,600,891,Undirected,1,0.0,0.0
3928,1217,875,Undirected,1,0.0,0.0
3929,1883,911,Undirected,1,0.0,0.0
3930,1000,1429,Undirected,2,0.0,0.0
3931,1060,1207,Undirected,1,0.0,0.0
3932,1435,195,Undirected,3,0.0,0.0
3933,269,1222,Undirected,7,0.0,0.0
3934,1040,1614,Undirected,2,0.0,0.0
3935,377,1703,Undirected,1,0.0,0.0
3936,1296,57,Undirected,6,0.0,0.0
3937,1868,1975,Undirected,5,0.0,0.0
3938,940,1598,Undirected,2,0.0,0.0
3939,1029,1029,Undirected,17,0.0,0.0
3940,1715,845,Undirected,2,0.0,0.0
3941,1289,1598,Undirected,10,0.0,0.0
3942,221,1598,Undirected,1,0.0,0.0
3943,1909,343,Undirected,1,0.0,0.0
3944,1827,1404,Undirected,8,0.0,0.0
3945,156,381,Undirected,1,0.0,0.0
3946,1993,807,Undirected,2,0.0,0.0
3947,832,1286,Undirected,2,0.0,0.0
3948,820,820,Undirected,23,0.0,0.0
3949,1746,1474,Undirected,1,0.0,0.0
3950,1895,1895,Undirected,90,0.0,0.0
3951,1619,1995,Undirected,3,0.0,0.0
3952,1178,631,Undirected,4,0.0,0.0
3953,1392,1674,Undirected,1,0.0,0.0
3954,852,286,Undirected,1,0.0,0.0
3955,953,763,Undirected,2,0.0,0.0
3956,1361,1185,Undirected,19,0.0,0.0
3957,1354,1573,Undirected,2,0.0,0.0
3958,1509,1509,Undirected,832,0.0,0.0
3959,1053,1158,Undirected,12,0.0,0.0
3960,804,804,Undirected,92,0.0,0.0
3961,1632,1803,Undirected,3,0.0,0.0
3962,933,1990,Undirected,1,0.0,0.0
3963,450,450,Undirected,224,0.0,0.0
3964,492,903,Undirected,7,0.0,0.0
3965,952,1114,Undirected,8,0.0,0.0
3966,314,655,Undirected,7,0.0,0.0
3967,309,983,Undirected,7,0.0,0.0
3968,1649,1482,Undirected,15,0.0,0.0
3969,0,517,Undirected,2,0.0,0.0
3970,1841,1841,Undirected,25,0.0,0.0
3971,984,1926,Undirected,1,0.0,0.0
3972,1584,1210,Undirected,1,0.0,0.0
3973,1153,804,Undirected,1,0.0,0.0
3974,1057,1278,Undirected,1,0.0,0.0
3975,538,1957,Undirected,1,0.0,0.0
3976,59,59,Undirected,10,0.0,0.0
3977,1158,1855,Undirected,1,0.0,0.0
3978,1497,951,Undirected,1,0.0,0.0
3979,1704,710,Undirected,28,0.0,0.0
3980,1780,1254,Undirected,2,0.0,0.0
3981,752,1796,Undirected,4,0.0,0.0
3982,872,1576,Undirected,3,0.0,0.0
3983,1457,1787,Undirected,7,0.0,0.0
3984,280,1509,Undirected,35,0.0,0.0
3985,875,757,Undirected,2,0.0,0.0
3986,1824,1883,Undirected,26,0.0,0.0
3987,1440,1689,Undirected,8,0.0,0.0
3988,171,1892,Undirected,2,0.0,0.0
3989,1910,1751,Undirected,1,0.0,0.0
3990,400,1315,Undirected,63,0.0,0.0
3991,20,1060,Undirected,10,0.0,0.0
3992,1244,151,Undirected,2,0.0,0.0
3993,1508,1508,Undirected,17,0.0,0.0
3994,1683,411,Undirected,2,0.0,0.0
3995,684,1909,Undirected,6,0.0,0.0
3996,1549,1847,Undirected,3,0.0,0.0
3997,1000,207,Undirected,5,0.0,0.0
3998,1098,741,Undirected,14,0.0,0.0
3999,498,498,Undirected,10,0.0,0.0
4000,1408,783,Undirected,1,0.0,0.0
4001,717,717,Undirected,5,0.0,0.0
4002,1404,1838,Undirected,18,0.0,0.0
4003,176,1257,Undirected,1,0.0,0.0
4004,1805,1805,Undirected,33,0.0,0.0
4005,1641,1495,Undirected,1,0.0,0.0
4006,642,1678,Undirected,60,0.0,0.0
4007,1440,274,Undirected,2,0.0,0.0
4008,416,1553,Undirected,1,0.0,0.0
4009,1194,1974,Undirected,7,0.0,0.0
4010,182,1295,Undirected,8,0.0,0.0
4011,409,1261,Undirected,1,0.0,0.0
4012,1028,1548,Undirected,3,0.0,0.0
4013,1119,1119,Undirected,31,0.0,0.0
4014,816,1109,Undirected,1,0.0,0.0
4015,1523,524,Undirected,2,0.0,0.0
4016,1894,1207,Undirected,1,0.0,0.0
4017,176,362,Undirected,3,0.0,0.0
4018,1197,1359,Undirected,1,0.0,0.0
4019,1345,394,Undirected,1,0.0,0.0
4020,400,1820,Undirected,3,0.0,0.0
4021,1974,711,Undirected,1,0.0,0.0
4022,561,537,Undirected,2,0.0,0.0
4023,262,262,Undirected,32,0.0,0.0
4024,1937,850,Undirected,1,0.0,0.0
4025,1410,742,Undirected,1,0.0,0.0
4026,1754,567,Undirected,2,0.0,0.0
4027,1211,438,Undirected,1,0.0,0.0
4028,1758,814,Undirected,29,0.0,0.0
4029,390,390,Undirected,251,0.0,0.0
4030,440,228,Undirected,9,0.0,0.0
4031,1192,316,Undirected,31,0.0,0.0
4032,1025,966,Undirected,1,0.0,0.0
4033,567,1551,Undirected,1,0.0,0.0
4034,1340,197,Undirected,8,0.0,0.0
4035,1089,1042,Undirected,1,0.0,0.0
4036,733,733,Undirected,38,0.0,0.0
4037,547,1173,Undirected,9,0.0,0.0
4038,1511,711,Undirected,1,0.0,0.0
4039,689,1718,Undirected,29,0.0,0.0
4040,954,412,Undirected,1,0.0,0.0
4041,1733,1726,Undirected,2,0.0,0.0
4042,739,423,Undirected,14,0.0,0.0
4043,1140,1894,Undirected,4,0.0,0.0
4044,1819,76,Undirected,1,0.0,0.0
4045,658,658,Undirected,15,0.0,0.0
4046,1217,197,Undirected,5,0.0,0.0
4047,496,1758,Undirected,17,0.0,0.0
4048,1737,1079,Undirected,2,0.0,0.0
4049,1974,911,Undirected,1,0.0,0.0
4050,962,1975,Undirected,2,0.0,0.0
4051,861,1767,Undirected,2,0.0,0.0
4052,154,1387,Undirected,2,0.0,0.0
4053,452,998,Undirected,2,0.0,0.0
4054,1664,331,Undirected,10,0.0,0.0
4055,1308,1605,Undirected,5,0.0,0.0
4056,837,1951,Undirected,60,0.0,0.0
4057,1837,814,Undirected,8,0.0,0.0
4058,728,1484,Undirected,45,0.0,0.0
4059,1451,695,Undirected,3,0.0,0.0
4060,198,518,Undirected,3,0.0,0.0
4061,638,638,Undirected,96,0.0,0.0
4062,21,1934,Undirected,3,2.7103184442606523e-07,0.2331937850383765
4063,649,917,Undirected,3,0.0,0.0
4064,162,827,Undirected,1,0.0,0.0
4065,1616,1803,Undirected,1,0.0,0.0
4066,235,620,Undirected,1,0.0,0.0
4067,1349,591,Undirected,4,0.0,0.0
4068,1090,1087,Undirected,1,0.0,0.0
4069,1114,1510,Undirected,1,0.0,0.0
4070,1780,1325,Undirected,6,0.0,0.0
4071,1809,1693,Undirected,1,0.0,0.0
4072,1834,1434,Undirected,2,0.0,0.0
4073,1376,1699,Undirected,3,0.0,0.0
4074,1809,1978,Undirected,1,0.0,0.0
4075,1568,253,Undirected,4,0.0,0.0
4076,44,1614,Undirected,68,0.0,0.0
4077,1887,1311,Undirected,1,0.0,0.0
4078,57,1450,Undirected,4,0.0,0.0
4079,1137,1363,Undirected,4,0.0,0.0
4080,1247,1247,Undirected,210,0.0,0.0
4081,1356,1693,Undirected,6,0.0,0.0
4082,1563,1469,Undirected,2,0.0,0.0
4083,1089,611,Undirected,13,0.0,0.0
4084,808,1390,Undirected,84,0.0,0.0
4085,1808,1590,Undirected,4,0.0,0.0
4086,1251,1763,Undirected,5,0.0,0.0
4087,1848,1763,Undirected,39,0.0,0.0
4088,1924,1949,Undirected,42,0.0,0.0
4089,1969,1251,Undirected,2,0.0,0.0
4090,1392,1780,Undirected,3,0.0,0.0
4091,1926,839,Undirected,2,0.0,0.0
4092,656,1600,Undirected,1,0.0,0.0
4093,931,1532,Undirected,2,0.0,0.0
4094,251,1887,Undirected,3,0.0,0.0
4095,1744,1744,Undirected,4,0.0,0.0
4096,1139,742,Undirected,7,0.0,0.0
4097,1899,532,Undirected,7,0.0,0.0
4098,1466,1838,Undirected,5,0.0,0.0
4099,1137,767,Undirected,1,0.0,0.0
4100,1906,1933,Undirected,1,0.0,0.0
4101,1250,1764,Undirected,1,0.0,0.0
4102,1529,1372,Undirected,1,0.0,0.0
4103,1360,371,Undirected,2,0.0,0.0
4104,1878,782,Undirected,3,0.0,0.0
4105,1000,33,Undirected,26,0.0,0.0
4106,1072,1289,Undirected,4,0.0,0.0
4107,756,1854,Undirected,1,0.0,0.0
4108,1602,1837,Undirected,23,0.0,0.0
4109,1361,417,Undirected,3,0.0,0.0
4110,121,121,Undirected,83,0.0,0.0
4111,368,1649,Undirected,3,0.0,0.0
4112,611,799,Undirected,1,0.0,0.0
4113,1814,1231,Undirected,1,0.0,0.0
4114,1459,301,Undirected,2,0.0,0.0
4115,1984,1195,Undirected,66,0.0,0.0
4116,1619,1947,Undirected,3,0.0,0.0
4117,740,781,Undirected,2,0.0,0.0
4118,1014,1014,Undirected,14,0.0,0.0
4119,1721,1308,Undirected,1,0.0,0.0
4120,985,813,Undirected,3,0.0,0.0
4121,561,277,Undirected,1,0.0,0.0
4122,1568,1839,Undirected,1,0.0,0.0
4123,1194,1827,Undirected,10,0.0,0.0
4124,611,749,Undirected,1,0.0,0.0
4125,889,1772,Undirected,1,0.0,0.0
4126,1906,620,Undirected,1,0.0,0.0
4127,72,140,Undirected,2,3.83030810019021e-07,0.329556862824717
4128,77,77,Undirected,24,0.0,0.0
4129,953,1831,Undirected,1,0.0,0.0
4130,968,968,Undirected,7,0.0,0.0
4131,675,286,Undirected,1,0.0,0.0
4132,813,1783,Undirected,55,0.0,0.0
4133,1681,1021,Undirected,7,0.0,0.0
4134,1980,1455,Undirected,5,0.0,0.0
4135,1453,1838,Undirected,22,0.0,0.0
4136,1580,1580,Undirected,44,0.0,0.0
4137,1004,1229,Undirected,1,0.0,0.0
4138,172,1943,Undirected,7,0.0,0.0
4139,1354,1278,Undirected,1,0.0,0.0
4140,496,176,Undirected,1,0.0,0.0
4141,1441,459,Undirected,3,0.0,0.0
4142,608,214,Undirected,4,0.0,0.0
4143,1466,1707,Undirected,1,0.0,0.0
4144,1845,1565,Undirected,1,0.0,0.0
4145,1251,1828,Undirected,4,0.0,0.0
4146,1947,863,Undirected,5,0.0,0.0
4147,787,1295,Undirected,23,0.0,0.0
4148,1835,1230,Undirected,13,0.0,0.0
4149,899,517,Undirected,4,2.7339288707891e-07,0.23522520859312457
4150,1003,1003,Undirected,275,0.0,0.0
4151,469,1727,Undirected,1,0.0,0.0
4152,1657,499,Undirected,3,0.0,0.0
4153,405,1502,Undirected,1,0.0,0.0
4154,1490,819,Undirected,2,0.0,0.0
4155,1800,1056,Undirected,1,0.0,0.0
4156,1643,382,Undirected,12,0.0,0.0
4157,1060,1287,Undirected,1,0.0,0.0
4158,1054,1054,Undirected,66,0.0,0.0
4159,453,743,Undirected,11,0.0,0.0
4160,964,1110,Undirected,1,0.0,0.0
4161,644,29,Undirected,5,0.0,0.0
4162,1809,195,Undirected,20,0.0,0.0
4163,1905,338,Undirected,1,0.0,0.0
4164,921,583,Undirected,3,0.0,0.0
4165,1964,1382,Undirected,42,0.0,0.0
4166,436,436,Undirected,31,0.0,0.0
4167,1453,758,Undirected,47,0.0,0.0
4168,772,772,Undirected,118,0.0,0.0
4169,907,5,Undirected,4,0.0,0.0
4170,1268,1879,Undirected,2,0.0,0.0
4171,1531,516,Undirected,1,0.0,0.0
4172,1474,1644,Undirected,1,0.0,0.0
4173,290,290,Undirected,159,0.0,0.0
4174,1875,1199,Undirected,12,0.0,0.0
4175,880,1579,Undirected,4,0.0,0.0
4176,1869,1647,Undirected,1,0.0,0.0
4177,709,1015,Undirected,1,0.0,0.0
4178,1081,1081,Undirected,21,0.0,0.0
4179,740,118,Undirected,1,0.0,0.0
4180,963,963,Undirected,15,0.0,0.0
4181,706,1724,Undirected,3,0.0,0.0
4182,952,337,Undirected,1,0.0,0.0
4183,1164,157,Undirected,2,0.0,0.0
4184,1106,1998,Undirected,4,0.0,0.0
4185,516,549,Undirected,1,0.0,0.0
4186,1348,629,Undirected,1,0.0,0.0
4187,0,799,Undirected,10,0.0,0.0
4188,1562,582,Undirected,1,0.0,0.0
4189,550,1727,Undirected,1,0.0,0.0
4190,1299,1500,Undirected,2,0.0,0.0
4191,708,167,Undirected,46,0.0,0.0
4192,1811,1755,Undirected,4,0.0,0.0
4193,1123,566,Undirected,1,0.0,0.0
4194,1549,1911,Undirected,2,0.0,0.0
4195,287,287,Undirected,9,0.0,0.0
4196,1653,1998,Undirected,2,0.0,0.0
4197,617,589,Undirected,2,0.0,0.0
4198,1628,1871,Undirected,2,0.0,0.0
4199,92,1542,Undirected,1,0.0,0.0
4200,1432,470,Undirected,5,0.0,0.0
4201,1916,1518,Undirected,1,0.0,0.0
4202,1251,1195,Undirected,19,0.0,0.0
4203,993,1897,Undirected,7,0.0,0.0
4204,434,172,Undirected,8,0.0,0.0
4205,516,1998,Undirected,19,0.0,0.0
4206,1404,1509,Undirected,3,0.0,0.0
4207,1996,1783,Undirected,9,0.0,0.0
4208,249,725,Undirected,7,0.0,0.0
4209,650,1085,Undirected,26,0.0,0.0
4210,1713,1287,Undirected,3,0.0,0.0
4211,819,1070,Undirected,36,0.0,0.0
4212,1810,621,Undirected,4,0.0,0.0
4213,1200,1136,Undirected,1,0.0,0.0
4214,1043,1662,Undirected,1,0.0,0.0
4215,1632,911,Undirected,1,0.0,0.0
4216,1264,1879,Undirected,10,0.0,0.0
4217,1818,343,Undirected,5,0.0,0.0
4218,1937,1490,Undirected,1,0.0,0.0
4219,1619,1639,Undirected,1,0.0,0.0
4220,1512,1512,Undirected,21,0.0,0.0
4221,1633,1211,Undirected,3,0.0,0.0
4222,1021,1783,Undirected,24,0.0,0.0
4223,545,1119,Undirected,18,0.0,0.0
4224,1713,1207,Undirected,2,0.0,0.0
4225,1640,1604,Undirected,3,0.0,0.0
4226,1644,516,Undirected,10,0.0,0.0
4227,192,2,Undirected,5,0.0,0.0
4228,681,1383,Undirected,7,0.0,0.0
4229,347,347,Undirected,318,0.0,0.0
4230,516,1767,Undirected,11,0.0,0.0
4231,1219,1780,Undirected,53,0.0,0.0
4232,1420,1996,Undirected,2,0.0,0.0
4233,1905,1905,Undirected,42,0.0,0.0
4234,13,1383,Undirected,12,0.0,0.0
4235,1445,1638,Undirected,6,0.0,0.0
4236,1896,866,Undirected,2,0.0,0.0
4237,1410,183,Undirected,2,0.0,0.0
4238,886,886,Undirected,3,0.0,0.0
4239,1837,1286,Undirected,1,0.0,0.0
4240,1427,1837,Undirected,1,0.0,0.0
4241,579,459,Undirected,8,0.0,0.0
4242,592,345,Undirected,16,0.0,0.0
4243,1698,1698,Undirected,42,0.0,0.0
4244,1713,1637,Undirected,6,0.0,0.0
4245,778,1151,Undirected,1,0.0,0.0
4246,901,542,Undirected,2,0.0,0.0
4247,1332,1332,Undirected,378,0.0,0.0
4248,1532,1038,Undirected,3,0.0,0.0
4249,1355,1747,Undirected,2,0.0,0.0
4250,875,1390,Undirected,6,0.0,0.0
4251,1273,906,Undirected,1,0.0,0.0
4252,410,1292,Undirected,2,0.0,0.0
4253,1034,1844,Undirected,3,0.0,0.0
4254,1682,1682,Undirected,17,0.0,0.0
4255,1268,799,Undirected,5,0.0,0.0
4256,1995,1686,Undirected,2,0.0,0.0
4257,1297,602,Undirected,4,0.0,0.0
4258,1316,1316,Undirected,185,0.0,0.0
4259,1482,171,Undirected,15,0.0,0.0
4260,1900,1695,Undirected,9,0.0,0.0
4261,1357,661,Undirected,4,0.0,0.0
4262,1802,292,Undirected,9,0.0,0.0
4263,1714,628,Undirected,1,0.0,0.0
4264,939,70,Undirected,7,0.0,0.0
4265,1706,1235,Undirected,1,0.0,0.0
4266,619,1286,Undirected,1,0.0,0.0
4267,1901,1327,Undirected,12,0.0,0.0
4268,615,615,Undirected,185,0.0,0.0
4269,1961,1636,Undirected,4,0.0,0.0
4270,1089,1879,Undirected,1,0.0,0.0
4271,1588,1031,Undirected,2,0.0,0.0
4272,1949,1366,Undirected,15,0.0,0.0
4273,449,1130,Undirected,2,0.0,0.0
4274,1185,1924,Undirected,1,0.0,0.0
4275,1185,894,Undirected,4,0.0,0.0
4276,1632,1584,Undirected,1,0.0,0.0
4277,646,399,Undirected,1,0.0,0.0
4278,368,750,Undirected,2,0.0,0.0
4279,1992,1109,Undirected,1,0.0,0.0
4280,798,1975,Undirected,1,0.0,0.0
4281,1783,1511,Undirected,6,0.0,0.0
4282,1627,1988,Undirected,2,0.0,0.0
4283,1233,1893,Undirected,2,0.0,0.0
4284,1858,411,Undirected,9,0.0,0.0
4285,771,853,Undirected,3,0.0,0.0
4286,481,1158,Undirected,45,0.0,0.0
4287,906,906,Undirected,57,0.0,0.0
4288,1637,109,Undirected,1,0.0,0.0
4289,490,1031,Undirected,1,0.0,0.0
4290,499,118,Undirected,6,4.015250711335177e-07,0.34546918766577095
4291,1824,1988,Undirected,1,0.0,0.0
4292,1754,1491,Undirected,1,0.0,0.0
4293,576,1994,Undirected,3,0.0,0.0
4294,1978,1477,Undirected,1,0.0,0.0
4295,904,105,Undirected,5,0.0,0.0
4296,1026,1287,Undirected,4,0.0,0.0
4297,985,1883,Undirected,1,0.0,0.0
4298,1840,519,Undirected,1,0.0,0.0
4299,758,1455,Undirected,3,0.0,0.0
4300,1137,119,Undirected,6,0.0,0.0
4301,1584,1584,Undirected,433,0.0,0.0
4302,1896,177,Undirected,38,0.0,0.0
4303,500,1117,Undirected,2,0.0,0.0
4304,188,621,Undirected,1,0.0,0.0
4305,640,68,Undirected,3,0.0,0.0
4306,554,778,Undirected,1,0.0,0.0
4307,1320,736,Undirected,1,0.0,0.0
4308,529,1453,Undirected,9,0.0,0.0
4309,902,1543,Undirected,14,0.0,0.0
4310,1668,127,Undirected,15,0.0,0.0
4311,1584,651,Undirected,1,0.0,0.0
4312,1780,1581,Undirected,3,0.0,0.0
4313,1488,1943,Undirected,1,0.0,0.0
4314,923,599,Undirected,6,0.0,0.0
4315,1674,1763,Undirected,6,0.0,0.0
4316,1247,751,Undirected,19,5.582110820443148e-07,0.4802806671958835
4317,89,89,Undirected,91,0.0,0.0
4318,369,1195,Undirected,2,0.0,0.0
4319,1603,1700,Undirected,1,0.0,0.0
4320,771,1783,Undirected,1,0.0,0.0
4321,1769,1348,Undirected,4,0.0,0.0
4322,1136,626,Undirected,1,0.0,0.0
4323,1747,1747,Undirected,133,0.0,0.0
4324,1815,1935,Undirected,10,0.0,0.0
4325,1776,825,Undirected,5,3.2564678382732565e-07,0.2801840730821702
4326,1352,1510,Undirected,1,0.0,0.0
4327,347,580,Undirected,2,0.0,0.0
4328,172,1069,Undirected,9,0.0,0.0
4329,1240,1090,Undirected,2,0.0,0.0
4330,449,1429,Undirected,2,0.0,0.0
4331,1457,441,Undirected,2,0.0,0.0
4332,1404,1357,Undirected,1,0.0,0.0
4333,1315,967,Undirected,13,0.0,0.0
4334,1918,807,Undirected,7,0.0,0.0
4335,128,1848,Undirected,1,0.0,0.0
4336,448,789,Undirected,1,0.0,0.0
4337,765,462,Undirected,1,0.0,0.0
4338,953,1982,Undirected,1,0.0,0.0
4339,941,941,Undirected,13,0.0,0.0
4340,1733,486,Undirected,1,0.0,0.0
4341,983,1159,Undirected,1,0.0,0.0
4342,1434,1141,Undirected,5,0.0,0.0
4343,1077,1159,Undirected,2,0.0,0.0
4344,867,1143,Undirected,20,0.0,0.0
4345,550,1471,Undirected,6,0.0,0.0
4346,553,1386,Undirected,9,0.0,0.0
4347,1747,716,Undirected,5,0.0,0.0
4348,1641,893,Undirected,1,0.0,0.0
4349,1245,1245,Undirected,17,0.0,0.0
4350,1813,1077,Undirected,1,0.0,0.0
4351,853,567,Undirected,6,0.0,0.0
4352,1424,1087,Undirected,1,0.0,0.0
4353,1803,799,Undirected,1,0.0,0.0
4354,118,1815,Undirected,20,0.0,0.0
4355,1296,1154,Undirected,2,0.0,0.0
4356,851,1259,Undirected,19,0.0,0.0
4357,273,725,Undirected,20,0.0,0.0
4358,1097,1013,Undirected,19,0.0,0.0
4359,336,1344,Undirected,5,0.0,0.0
4360,816,1598,Undirected,10,0.0,0.0
4361,1100,772,Undirected,1,0.0,0.0
4362,1538,879,Undirected,1,0.0,0.0
4363,1853,1406,Undirected,2,0.0,0.0
4364,472,1740,Undirected,5,0.0,0.0
4365,1106,1926,Undirected,3,3.5839180518022485e-07,0.3083576461418777
4366,1584,1675,Undirected,1,0.0,0.0
4367,1031,1031,Undirected,23,0.0,0.0
4368,1657,1527,Undirected,1,0.0,0.0
4369,1700,1879,Undirected,1,0.0,0.0
4370,1089,1994,Undirected,1,0.0,0.0
4371,771,1420,Undirected,1,0.0,0.0
4372,1948,1948,Undirected,128,0.0,0.0
4373,241,241,Undirected,3,0.0,0.0
4374,866,43,Undirected,2,0.0,0.0
4375,1587,1603,Undirected,3,0.0,0.0
4376,1754,1375,Undirected,8,0.0,0.0
4377,1704,1063,Undirected,2,0.0,0.0
4378,1874,391,Undirected,1,0.0,0.0
4379,1233,1116,Undirected,4,2.6299897460447294e-07,0.22628236353222708
4380,1598,1302,Undirected,1,0.0,0.0
4381,1602,1996,Undirected,3,0.0,0.0
4382,376,716,Undirected,2,0.0,0.0
4383,985,1404,Undirected,3,0.0,0.0
4384,979,1189,Undirected,4,0.0,0.0
4385,1874,1845,Undirected,1,0.0,0.0
4386,1487,943,Undirected,8,0.0,0.0
4387,104,1689,Undirected,9,0.0,0.0
4388,1721,1027,Undirected,7,0.0,0.0
4389,1763,980,Undirected,8,0.0,0.0
4390,1712,1756,Undirected,13,0.0,0.0
4391,1529,1780,Undirected,8,0.0,0.0
4392,1450,1450,Undirected,1259,0.0,0.0
4393,1395,459,Undirected,1,0.0,0.0
4394,1778,1839,Undirected,3,0.0,0.0
4395,224,1953,Undirected,1,0.0,0.0
4396,1944,1490,Undirected,10,0.0,0.0
4397,752,1340,Undirected,2,0.0,0.0
4398,1748,1862,Undirected,1,0.0,0.0
4399,659,1390,Undirected,12,0.0,0.0
4400,1414,86,Undirected,1,0.0,0.0
4401,1307,1307,Undirected,3,0.0,0.0
4402,1297,1463,Undirected,2,0.0,0.0
4403,610,267,Undirected,1,0.0,0.0
4404,1164,1991,Undirected,1,0.0,0.0
4405,383,383,Undirected,38,0.0,0.0
4406,1267,1695,Undirected,4,0.0,0.0
4407,180,1039,Undirected,1,0.0,0.0
4408,1257,819,Undirected,12,0.0,0.0
4409,1233,1871,Undirected,4,0.0,0.0
4410,1345,1462,Undirected,5,0.0,0.0
4411,1091,1091,Undirected,7,0.0,0.0
4412,52,1572,Undirected,1,0.0,0.0
4413,1193,1963,Undirected,27,0.0,0.0
4414,1989,1382,Undirected,1,0.0,0.0
4415,148,862,Undirected,2,0.0,0.0
4416,1248,1555,Undirected,6,0.0,0.0
4417,1331,1966,Undirected,9,0.0,0.0
4418,1009,899,Undirected,1,0.0,0.0
4419,1824,1404,Undirected,21,0.0,0.0
4420,68,1703,Undirected,3,0.0,0.0
4421,1526,1526,Undirected,22,0.0,0.0
4422,1544,943,Undirected,1,0.0,0.0
4423,1642,1278,Undirected,9,0.0,0.0
4424,304,596,Undirected,15,0.0,0.0
4425,1140,788,Undirected,5,0.0,0.0
4426,1732,1031,Undirected,3,0.0,0.0
4427,1674,1484,Undirected,2,0.0,0.0
4428,1448,1079,Undirected,6,0.0,0.0
4429,641,1789,Undirected,5,0.0,0.0
4430,1314,1227,Undirected,1,0.0,0.0
4431,1872,1872,Undirected,34,0.0,0.0
4432,496,1032,Undirected,14,0.0,0.0
4433,588,1445,Undirected,1,0.0,0.0
4434,369,1838,Undirected,1,0.0,0.0
4435,1647,671,Undirected,1,0.0,0.0
4436,1720,985,Undirected,3,0.0,0.0
4437,1696,1820,Undirected,2,0.0,0.0
4438,1777,1948,Undirected,3,0.0,0.0
4439,939,485,Undirected,2,0.0,0.0
4440,787,787,Undirected,130,0.0,0.0
4441,1768,1721,Undirected,1,0.0,0.0
4442,545,545,Undirected,56,0.0,0.0
4443,5,1718,Undirected,36,0.0,0.0
4444,1610,403,Undirected,3,0.0,0.0
4445,1246,94,Undirected,1,0.0,0.0
4446,187,187,Undirected,31,0.0,0.0
4447,176,459,Undirected,1,0.0,0.0
4448,428,428,Undirected,5,0.0,0.0
4449,256,687,Undirected,1,0.0,0.0
4450,905,740,Undirected,11,0.0,0.0
4451,1632,1778,Undirected,1,0.0,0.0
4452,1027,1599,Undirected,1,0.0,0.0
4453,1873,1873,Undirected,24,0.0,0.0
4454,1674,308,Undirected,70,0.0,0.0
4455,379,1085,Undirected,2,0.0,0.0
4456,1762,902,Undirected,2,0.0,0.0
4457,342,1847,Undirected,2,0.0,0.0
4458,676,1838,Undirected,3,0.0,0.0
4459,1450,1045,Undirected,110,0.0,0.0
4460,1535,1263,Undirected,15,0.0,0.0
4461,1042,1159,Undirected,2,0.0,0.0
4462,912,1798,Undirected,2,0.0,0.0
4463,1337,866,Undirected,1,0.0,0.0
4464,1440,444,Undirected,2,0.0,0.0
4465,530,1523,Undirected,1,0.0,0.0
4466,1187,756,Undirected,4,0.0,0.0
4467,1705,442,Undirected,7,0.0,0.0
4468,105,475,Undirected,3,0.0,0.0
4469,1570,1046,Undirected,1,0.0,0.0
4470,1763,1219,Undirected,1,0.0,0.0
4471,1539,462,Undirected,1,0.0,0.0
4472,1186,1604,Undirected,2,0.0,0.0
4473,1344,646,Undirected,4,0.0,0.0
4474,314,339,Undirected,6,0.0,0.0
4475,1032,947,Undirected,60,0.0,0.0
4476,1240,879,Undirected,1,0.0,0.0
4477,1696,740,Undirected,22,0.0,0.0
4478,609,1367,Undirected,10,0.0,0.0
4479,1778,1778,Undirected,248,0.0,0.0
4480,1642,1525,Undirected,3,0.0,0.0
4481,1162,719,Undirected,1,0.0,0.0
4482,1682,580,Undirected,1,0.0,0.0
4483,1945,1153,Undirected,1,0.0,0.0
4484,834,611,Undirected,1,0.0,0.0
4485,1738,317,Undirected,10,0.0,0.0
4486,1998,831,Undirected,1,0.0,0.0
4487,1261,1166,Undirected,1,0.0,0.0
4488,1905,1139,Undirected,9,0.0,0.0
4489,1827,764,Undirected,2,0.0,0.0
4490,1850,1621,Undirected,1,0.0,0.0
4491,1318,887,Undirected,7,0.0,0.0
4492,1325,1974,Undirected,1,0.0,0.0
4493,1930,1157,Undirected,3,0.0,0.0
4494,396,780,Undirected,3,0.0,0.0
4495,195,1646,Undirected,25,0.0,0.0
4496,995,1780,Undirected,81,0.0,0.0
4497,840,81,Undirected,2,0.0,0.0
4498,1750,270,Undirected,1,0.0,0.0
4499,213,767,Undirected,2,0.0,0.0
4500,1665,1487,Undirected,1,0.0,0.0
4501,1546,1518,Undirected,2,0.0,0.0
4502,1378,1183,Undirected,1,0.0,0.0
4503,1400,1042,Undirected,15,0.0,0.0
4504,1969,1547,Undirected,29,0.0,0.0
4505,1798,1798,Undirected,12,0.0,0.0
4506,1248,1980,Undirected,25,0.0,0.0
4507,578,1669,Undirected,18,0.0,0.0
4508,1547,1758,Undirected,11,0.0,0.0
4509,489,1533,Undirected,12,0.0,0.0
4510,923,1847,Undirected,3,0.0,0.0
4511,1510,1926,Undirected,7,0.0,0.0
4512,722,1399,Undirected,1,0.0,0.0
4513,448,589,Undirected,1,0.0,0.0
4514,0,1435,Undirected,13,0.0,0.0
4515,1529,625,Undirected,5,0.0,0.0
4516,400,1992,Undirected,3,0.0,0.0
4517,166,166,Undirected,40,0.0,0.0
4518,1776,1429,Undirected,1,0.0,0.0
4519,1356,887,Undirected,1,0.0,0.0
4520,818,1060,Undirected,4,0.0,0.0
4521,1195,1740,Undirected,43,0.0,0.0
4522,196,196,Undirected,6,0.0,0.0
4523,1972,1174,Undirected,1,0.0,0.0
4524,24,209,Undirected,1,0.0,0.0
4525,1401,1934,Undirected,2,0.0,0.0
4526,698,839,Undirected,1,0.0,0.0
4527,1934,583,Undirected,5,0.0,0.0
4528,1368,1307,Undirected,1,0.0,0.0
4529,873,41,Undirected,4,0.0,0.0
4530,612,1783,Undirected,8,0.0,0.0
4531,14,790,Undirected,11,0.0,0.0
4532,1106,1647,Undirected,2,0.0,0.0
4533,1182,1759,Undirected,1,0.0,0.0
4534,1003,548,Undirected,51,0.0,0.0
4535,1780,1453,Undirected,95,0.0,0.0
4536,1009,399,Undirected,42,0.0,0.0
4537,1129,1798,Undirected,17,0.0,0.0
4538,1754,874,Undirected,1,0.0,0.0
4539,1089,799,Undirected,7,0.0,0.0
4540,1754,1883,Undirected,1,0.0,0.0
4541,818,754,Undirected,2,0.0,0.0
4542,1254,622,Undirected,7,0.0,0.0
4543,1217,1217,Undirected,35,0.0,0.0
4544,1280,1655,Undirected,1,0.0,0.0
4545,1000,1884,Undirected,1,0.0,0.0
4546,740,1901,Undirected,8,0.0,0.0
4547,1588,1647,Undirected,3,0.0,0.0
4548,1619,819,Undirected,2,0.0,0.0
4549,657,310,Undirected,2,0.0,0.0
4550,1089,1978,Undirected,9,0.0,0.0
4551,611,1639,Undirected,19,0.0,0.0
4552,764,814,Undirected,7,0.0,0.0
4553,1218,1162,Undirected,5,0.0,0.0
4554,1718,1935,Undirected,2,0.0,0.0
4555,1181,1398,Undirected,2,0.0,0.0
4556,1800,1087,Undirected,1,0.0,0.0
4557,1841,1653,Undirected,2,0.0,0.0
4558,539,1964,Undirected,1,0.0,0.0
4559,1344,1837,Undirected,4,0.0,0.0
4560,1185,198,Undirected,82,0.0,0.0
4561,178,1466,Undirected,18,0.0,0.0
4562,940,341,Undirected,3,0.0,0.0
4563,662,662,Undirected,14,0.0,0.0
4564,848,1093,Undirected,1,0.0,0.0
4565,1289,1383,Undirected,7,0.0,0.0
4566,668,668,Undirected,32,0.0,0.0
4567,252,87,Undirected,1,0.0,0.0
4568,1809,909,Undirected,4,0.0,0.0
4569,984,1469,Undirected,1,0.0,0.0
4570,985,1551,Undirected,3,0.0,0.0
4571,1836,1167,Undirected,2,0.0,0.0
4572,341,1213,Undirected,2,0.0,0.0
4573,947,758,Undirected,2,0.0,0.0
4574,1972,1998,Undirected,1,0.0,0.0
4575,1758,911,Undirected,7,0.0,0.0
4576,1190,199,Undirected,1,0.0,0.0
4577,40,1986,Undirected,1,0.0,0.0
4578,561,462,Undirected,3,0.0,0.0
4579,72,1897,Undirected,2,0.0,0.0
4580,1529,1837,Undirected,4,0.0,0.0
4581,1178,1606,Undirected,3,0.0,0.0
4582,336,909,Undirected,6,0.0,0.0
4583,178,1813,Undirected,1,0.0,0.0
4584,825,107,Undirected,3,0.0,0.0
4585,1139,511,Undirected,5,0.0,0.0
4586,396,893,Undirected,1,0.0,0.0
4587,1569,47,Undirected,2,0.0,0.0
4588,0,1632,Undirected,1,0.0,0.0
4589,1977,910,Undirected,7,0.0,0.0
4590,1505,1114,Undirected,1,0.0,0.0
4591,625,1740,Undirected,17,0.0,0.0
4592,1828,887,Undirected,1,0.0,0.0
4593,1178,1666,Undirected,1,0.0,0.0
4594,1883,1758,Undirected,47,0.0,0.0
4595,1288,1366,Undirected,1,0.0,0.0
4596,909,1054,Undirected,1,0.0,0.0
4597,969,1998,Undirected,2,0.0,0.0
4598,1139,998,Undirected,1,0.0,0.0
4599,818,818,Undirected,287,0.0,0.0
4600,0,1009,Undirected,3,0.0,0.0
4601,12,391,Undirected,1,0.0,0.0
4602,832,1596,Undirected,16,0.0,0.0
4603,1128,1128,Undirected,15,0.0,0.0
4604,1120,558,Undirected,6,0.0,0.0
4605,577,1751,Undirected,2,3.814894736708731e-07,0.32823070848369124
4606,1651,991,Undirected,11,0.0,0.0
4607,1308,1510,Undirected,1,0.0,0.0
4608,18,1478,Undirected,15,0.0,0.0
4609,1008,523,Undirected,1,0.0,0.0
4610,1938,308,Undirected,2,0.0,0.0
4611,1006,1006,Undirected,11,0.0,0.0
4612,1032,1453,Undirected,1,0.0,0.0
4613,400,1314,Undirected,34,0.0,0.0
4614,9,702,Undirected,5,0.0,0.0
4615,1809,410,Undirected,3,0.0,0.0
4616,1418,1710,Undirected,1,0.0,0.0
4617,1096,1185,Undirected,1,0.0,0.0
4618,722,1373,Undirected,1,0.0,0.0
4619,843,1771,Undirected,1,0.0,0.0
4620,1960,1940,Undirected,2,0.0,0.0
4621,1824,637,Undirected,1,0.0,0.0
4622,1353,943,Undirected,15,0.0,0.0
4623,1115,1235,Undirected,2,0.0,0.0
4624,1932,469,Undirected,1,0.0,0.0
4625,1395,1964,Undirected,3,0.0,0.0
4626,1752,1068,Undirected,6,0.0,0.0
4627,1434,995,Undirected,62,0.0,0.0
4628,1819,438,Undirected,1,0.0,0.0
4629,798,798,Undirected,14,0.0,0.0
4630,433,1484,Undirected,129,0.0,0.0
4631,89,1455,Undirected,1,0.0,0.0
4632,1727,1735,Undirected,14,0.0,0.0
4633,706,282,Undirected,55,0.0,0.0
4634,1555,1604,Undirected,1,0.0,0.0
4635,1224,716,Undirected,1,0.0,0.0
4636,1204,1437,Undirected,1,0.0,0.0
4637,1371,1453,Undirected,4,0.0,0.0
4638,1844,1844,Undirected,16,0.0,0.0
4639,1224,393,Undirected,1,0.0,0.0
4640,782,782,Undirected,228,0.0,0.0
4641,1738,1110,Undirected,8,0.0,0.0
4642,506,1947,Undirected,20,0.0,0.0
4643,856,385,Undirected,2,0.0,0.0
4644,1453,887,Undirected,11,0.0,0.0
4645,545,274,Undirected,2,0.0,0.0
4646,1498,831,Undirected,35,0.0,0.0
4647,921,215,Undirected,6,0.0,0.0
4648,1857,1844,Undirected,2,0.0,0.0
4649,1596,1604,Undirected,1,0.0,0.0
4650,1195,686,Undirected,6,0.0,0.0
4651,1288,1657,Undirected,10,0.0,0.0
4652,893,78,Undirected,1,0.0,0.0
4653,1746,1851,Undirected,1,0.0,0.0
4654,250,709,Undirected,1,0.0,0.0
4655,1995,1814,Undirected,5,0.0,0.0
4656,181,1287,Undirected,7,0.0,0.0
4657,1257,756,Undirected,3,0.0,0.0
4658,984,669,Undirected,12,0.0,0.0
4659,883,883,Undirected,35,0.0,0.0
4660,586,1356,Undirected,2,0.0,0.0
4661,1030,1527,Undirected,46,0.0,0.0
4662,1641,1639,Undirected,7,0.0,0.0
4663,1867,1535,Undirected,7,0.0,0.0
4664,1504,1900,Undirected,27,0.0,0.0
4665,1810,291,Undirected,7,0.0,0.0
4666,1707,1511,Undirected,1,0.0,0.0
4667,923,1566,Undirected,47,0.0,0.0
4668,146,146,Undirected,59,0.0,0.0
4669,1720,1980,Undirected,1,0.0,0.0
4670,1712,1754,Undirected,36,0.0,0.0
4671,1466,1509,Undirected,29,0.0,0.0
4672,1883,686,Undirected,10,0.0,0.0
4673,410,1382,Undirected,1,0.0,0.0
4674,1097,1116,Undirected,1,0.0,0.0
4675,1812,1079,Undirected,10,0.0,0.0
4676,1257,1985,Undirected,1,0.0,0.0
4677,1288,1935,Undirected,1,0.0,0.0
4678,597,1263,Undirected,33,0.0,0.0
4679,298,298,Undirected,3,0.0,0.0
4680,1227,1815,Undirected,3,0.0,0.0
4681,538,1375,Undirected,2,0.0,0.0
4682,1560,1510,Undirected,1,0.0,0.0
4683,1794,1932,Undirected,1,0.0,0.0
4684,617,1651,Undirected,6,0.0,0.0
4685,1739,1980,Undirected,13,0.0,0.0
4686,1376,539,Undirected,6,0.0,0.0
4687,1940,1773,Undirected,1,0.0,0.0
4688,1144,837,Undirected,5,0.0,0.0
4689,1780,1837,Undirected,43,0.0,0.0
4690,1585,1533,Undirected,7,0.0,0.0
4691,232,232,Undirected,18,0.0,0.0
4692,666,182,Undirected,1,0.0,0.0
4693,1880,625,Undirected,2,0.0,0.0
4694,1186,973,Undirected,2,0.0,0.0
4695,538,539,Undirected,1,0.0,0.0
4696,956,1551,Undirected,2,0.0,0.0
4697,1666,834,Undirected,1,0.0,0.0
4698,213,1869,Undirected,13,0.0,0.0
4699,299,772,Undirected,3,0.0,0.0
4700,1368,1247,Undirected,2,0.0,0.0
4701,1996,1996,Undirected,415,0.0,0.0
4702,1600,1269,Undirected,1,0.0,0.0
4703,1394,1535,Undirected,11,0.0,0.0
4704,216,216,Undirected,128,0.0,0.0
4705,228,1637,Undirected,1,0.0,0.0
4706,1762,1028,Undirected,8,0.0,0.0
4707,1972,679,Undirected,18,0.0,0.0
4708,1195,1087,Undirected,2,0.0,0.0
4709,1984,909,Undirected,2,0.0,0.0
4710,948,230,Undirected,1,0.0,0.0
4711,1372,1375,Undirected,2,0.0,0.0
4712,1774,1814,Undirected,2,0.0,0.0
4713,7,7,Undirected,76,0.0,0.0
4714,1996,1325,Undirected,1,0.0,0.0
4715,1236,574,Undirected,1,0.0,0.0
4716,557,1655,Undirected,1,0.0,0.0
4717,1849,1558,Undirected,4,0.0,0.0
4718,1328,1502,Undirected,2,0.0,0.0
4719,915,164,Undirected,1,0.0,0.0
4720,880,1805,Undirected,1,0.0,0.0
4721,1276,1638,Undirected,1,0.0,0.0
4722,1555,1734,Undirected,1,0.0,0.0
4723,467,683,Undirected,5,0.0,0.0
4724,1808,1341,Undirected,3,0.0,0.0
4725,1298,659,Undirected,2,0.0,0.0
4726,1754,1219,Undirected,2,0.0,0.0
4727,952,994,Undirected,1,0.0,0.0
4728,1745,1310,Undirected,3,0.0,0.0
4729,393,1747,Undirected,1,0.0,0.0
4730,1489,1357,Undirected,7,0.0,0.0
4731,1336,1725,Undirected,9,0.0,0.0
4732,833,1385,Undirected,6,0.0,0.0
4733,455,1455,Undirected,2,0.0,0.0
4734,1824,1503,Undirected,15,0.0,0.0
4735,1245,335,Undirected,2,0.0,0.0
4736,421,1158,Undirected,4,0.0,0.0
4737,753,725,Undirected,3,0.0,0.0
4738,1803,1597,Undirected,6,0.0,0.0
4739,1369,1622,Undirected,1,0.0,0.0
4740,1359,543,Undirected,3,0.0,0.0
4741,1568,1969,Undirected,2,0.0,0.0
4742,1758,663,Undirected,1,0.0,0.0
4743,1568,1054,Undirected,2,0.0,0.0
4744,1657,181,Undirected,5,0.0,0.0
4745,1304,218,Undirected,1,0.0,0.0
4746,612,887,Undirected,1,0.0,0.0
4747,1482,484,Undirected,40,0.0,0.0
4748,27,381,Undirected,2,0.0,0.0
4749,937,829,Undirected,1,0.0,0.0
4750,1280,374,Undirected,8,0.0,0.0
4751,1945,1079,Undirected,33,0.0,0.0
4752,1740,1959,Undirected,3,0.0,0.0
4753,617,617,Undirected,24,0.0,0.0
4754,1730,1124,Undirected,4,0.0,0.0
4755,1708,61,Undirected,25,0.0,0.0
4756,51,1751,Undirected,3,6.151278360180025e-07,0.5292514193941291
4757,64,1101,Undirected,13,6.255879621952832e-07,0.5382512342329514
4758,227,227,Undirected,21,0.0,0.0
4759,1438,134,Undirected,12,0.0,0.0
4760,1809,1490,Undirected,7,0.0,0.0
4761,1162,1492,Undirected,1,0.0,0.0
4762,1281,1925,Undirected,1,0.0,0.0
4763,626,1851,Undirected,2,0.0,0.0
4764,569,726,Undirected,3,0.0,0.0
4765,1763,947,Undirected,5,0.0,0.0
4766,1938,1511,Undirected,1,0.0,0.0
4767,824,662,Undirected,1,0.0,0.0
4768,1097,549,Undirected,1,0.0,0.0
4769,1185,1030,Undirected,15,0.0,0.0
4770,513,166,Undirected,10,0.0,0.0
4771,1057,1057,Undirected,29,0.0,0.0
4772,181,1807,Undirected,1,0.0,0.0
4773,923,1348,Undirected,4,0.0,0.0
4774,832,529,Undirected,1,0.0,0.0
4775,433,1086,Undirected,5,0.0,0.0
4776,1140,199,Undirected,2,0.0,0.0
4777,1924,1718,Undirected,6,0.0,0.0
4778,738,692,Undirected,2,0.0,0.0
4779,584,1813,Undirected,2,0.0,0.0
4780,1162,1223,Undirected,1,0.0,0.0
4781,418,589,Undirected,4,0.0,0.0
4782,675,1013,Undirected,2,0.0,0.0
4783,1542,743,Undirected,11,0.0,0.0
4784,1076,415,Undirected,11,0.0,0.0
4785,1195,1734,Undirected,2,0.0,0.0
4786,1740,1453,Undirected,6,0.0,0.0
4787,317,1487,Undirected,3,0.0,0.0
4788,1969,1404,Undirected,30,0.0,0.0
4789,1594,1594,Undirected,123,0.0,0.0
4790,716,511,Undirected,6,0.0,0.0
4791,378,1938,Undirected,1,0.0,0.0
4792,1827,1996,Undirected,16,0.0,0.0
4793,947,1413,Undirected,3,0.0,0.0
4794,1624,1624,Undirected,7,0.0,0.0
4795,1288,949,Undirected,12,0.0,0.0
4796,1194,1581,Undirected,1,0.0,0.0
4797,1115,1725,Undirected,27,0.0,0.0
4798,1009,1009,Undirected,104,0.0,0.0
4799,1651,277,Undirected,1,0.0,0.0
4800,1747,1519,Undirected,8,0.0,0.0
4801,1382,1639,Undirected,6,0.0,0.0
4802,516,516,Undirected,83,0.0,0.0
4803,1684,1375,Undirected,4,0.0,0.0
4804,1827,947,Undirected,364,0.0,0.0
4805,923,230,Undirected,1,0.0,0.0
4806,433,1974,Undirected,12,0.0,0.0
4807,213,574,Undirected,2,0.0,0.0
4808,682,694,Undirected,2,0.0,0.0
4809,1749,1749,Undirected,13,0.0,0.0
4810,1020,1317,Undirected,4,0.0,0.0
4811,1925,1695,Undirected,4,0.0,0.0
4812,709,310,Undirected,4,0.0,0.0
4813,328,1609,Undirected,1,0.0,0.0
4814,1372,1453,Undirected,13,0.0,0.0
4815,947,612,Undirected,1,0.0,0.0
4816,560,1256,Undirected,1,0.0,0.0
4817,904,1255,Undirected,1,0.0,0.0
4818,56,1318,Undirected,5,0.0,0.0
4819,979,1404,Undirected,1,0.0,0.0
4820,1410,998,Undirected,2,0.0,0.0
4821,1474,1855,Undirected,1,0.0,0.0
4822,1945,1639,Undirected,1,0.0,0.0
4823,1042,733,Undirected,1,0.0,0.0
4824,1761,379,Undirected,1,0.0,0.0
4825,1547,1996,Undirected,1,0.0,0.0
4826,1901,1101,Undirected,2,0.0,0.0
4827,1986,1108,Undirected,14,0.0,0.0
4828,1898,1898,Undirected,18,0.0,0.0
4829,1466,1511,Undirected,1,0.0,0.0
4830,964,900,Undirected,7,0.0,0.0
4831,1352,969,Undirected,1,0.0,0.0
4832,1008,522,Undirected,1,0.0,0.0
4833,827,1494,Undirected,15,0.0,0.0
4834,914,1365,Undirected,3,0.0,0.0
4835,1957,222,Undirected,8,0.0,0.0
4836,1747,183,Undirected,3,0.0,0.0
4837,588,1295,Undirected,8,0.0,0.0
4838,1163,499,Undirected,1,0.0,0.0
4839,424,1783,Undirected,19,0.0,0.0
4840,421,1359,Undirected,1,0.0,0.0
4841,1928,541,Undirected,40,0.0,0.0
4842,1970,1970,Undirected,62,0.0,0.0
4843,1365,677,Undirected,208,0.0,0.0
4844,120,184,Undirected,2,0.0,0.0
4845,1821,975,Undirected,31,0.0,0.0
4846,162,1567,Undirected,1,0.0,0.0
4847,1841,1116,Undirected,5,0.0,0.0
4848,1146,1357,Undirected,2,0.0,0.0
4849,1563,1174,Undirected,1,0.0,0.0
4850,811,414,Undirected,2,0.0,0.0
4851,426,426,Undirected,24,0.0,0.0
4852,1944,299,Undirected,1,0.0,0.0
4853,1193,1725,Undirected,11,0.0,0.0
4854,960,1818,Undirected,1,0.0,0.0
4855,1588,1847,Undirected,2,0.0,0.0
4856,779,779,Undirected,32,0.0,0.0
4857,1963,1963,Undirected,36,0.0,0.0
4858,1827,1780,Undirected,92,0.0,0.0
4859,450,932,Undirected,1,0.0,0.0
4860,986,125,Undirected,18,0.0,0.0
4861,360,1447,Undirected,8,0.0,0.0
4862,1675,388,Undirected,2,0.0,0.0
4863,916,1765,Undirected,4,0.0,0.0
4864,1491,469,Undirected,6,0.0,0.0
4865,887,887,Undirected,248,0.0,0.0
4866,458,1910,Undirected,1,0.0,0.0
4867,1435,1813,Undirected,1,0.0,0.0
4868,1952,1786,Undirected,2,0.0,0.0
4869,745,199,Undirected,1,0.0,0.0
4870,1808,1273,Undirected,1,0.0,0.0
4871,169,1051,Undirected,28,0.0,0.0
4872,1555,1484,Undirected,14,0.0,0.0
4873,1570,1686,Undirected,1,0.0,0.0
4874,1302,551,Undirected,1,0.0,0.0
4875,1563,1213,Undirected,2,0.0,0.0
4876,1425,1662,Undirected,4,0.0,0.0
4877,835,1703,Undirected,1,0.0,0.0
4878,264,1038,Undirected,1,0.0,0.0
4879,1959,1959,Undirected,1000,0.0,0.0
4880,1376,1836,Undirected,51,0.0,0.0
4881,1000,1697,Undirected,12,4.803021228328466e-07,0.41324837759391836
4882,170,170,Undirected,11,0.0,0.0
4883,721,582,Undirected,14,0.0,0.0
4884,374,1439,Undirected,27,0.0,0.0
4885,1202,1263,Undirected,1,0.0,0.0
4886,173,1671,Undirected,10,0.0,0.0
4887,1712,1783,Undirected,1,0.0,0.0
4888,1162,1806,Undirected,5,0.0,0.0
4889,1050,1331,Undirected,3,0.0,0.0
4890,796,231,Undirected,1,0.0,0.0
4891,324,470,Undirected,4,0.0,0.0
4892,1866,764,Undirected,10,0.0,0.0
4893,947,1044,Undirected,3,0.0,0.0
4894,1153,1837,Undirected,1,0.0,0.0
4895,194,1379,Undirected,44,0.0,0.0
4896,1768,106,Undirected,23,0.0,0.0
4897,1114,333,Undirected,1,0.0,0.0
4898,1576,273,Undirected,12,0.0,0.0
4899,1058,1058,Undirected,3,0.0,0.0
4900,1874,70,Undirected,14,0.0,0.0
4901,1490,1639,Undirected,2,0.0,0.0
4902,714,1605,Undirected,1,0.0,0.0
4903,40,1762,Undirected,1,0.0,0.0
4904,1340,1165,Undirected,2,0.0,0.0
4905,178,1783,Undirected,1,0.0,0.0
4906,752,1663,Undirected,2,0.0,0.0
4907,1920,1573,Undirected,1,0.0,0.0
4908,672,909,Undirected,1,0.0,0.0
4909,1328,1218,Undirected,1,0.0,0.0
4910,177,1990,Undirected,1,0.0,0.0
4911,1984,1984,Undirected,180,0.0,0.0
4912,178,719,Undirected,39,0.0,0.0
4913,1691,1637,Undirected,2,0.0,0.0
4914,1600,1607,Undirected,1,0.0,0.0
4915,1969,911,Undirected,3,0.0,0.0
4916,1777,1227,Undirected,1,0.0,0.0
4917,1115,1644,Undirected,5,0.0,0.0
4918,772,1286,Undirected,2,0.0,0.0
4919,1696,1992,Undirected,10,0.0,0.0
4920,269,1918,Undirected,3,0.0,0.0
4921,957,286,Undirected,36,0.0,0.0
4922,1716,693,Undirected,4,2.882509455658702e-07,0.24800897171229927
4923,940,852,Undirected,1,0.0,0.0
4924,1769,1930,Undirected,1,0.0,0.0
4925,872,249,Undirected,4,0.0,0.0
4926,539,1804,Undirected,14,0.0,0.0
4927,1032,1021,Undirected,1,0.0,0.0
4928,1723,37,Undirected,79,0.0,0.0
4929,1860,151,Undirected,46,0.0,0.0
4930,734,1350,Undirected,1,0.0,0.0
4931,1969,719,Undirected,2,0.0,0.0
4932,825,492,Undirected,2,0.0,0.0
4933,1912,377,Undirected,3,0.0,0.0
4934,1409,1409,Undirected,21,0.0,0.0
4935,1220,1679,Undirected,1,0.0,0.0
4936,1082,1030,Undirected,149,0.0,0.0
4937,1272,538,Undirected,15,0.0,0.0
4938,64,1361,Undirected,3,3.8183678571117894e-07,0.3285295331824636
4939,1930,1679,Undirected,3,2.676058387622931e-07,0.23024607522224871
4940,1777,930,Undirected,22,0.0,0.0
4941,1209,1035,Undirected,9,0.0,0.0
4942,1907,765,Undirected,1,0.0,0.0
4943,505,1741,Undirected,34,0.0,0.0
4944,1913,1209,Undirected,8,0.0,0.0
4945,1962,173,Undirected,3,0.0,0.0
4946,1449,99,Undirected,37,0.0,0.0
4947,584,1178,Undirected,3,0.0,0.0
4948,720,523,Undirected,3,0.0,0.0
4949,1240,1568,Undirected,2,0.0,0.0
4950,458,1543,Undirected,10,0.0,0.0
4951,1553,1635,Undirected,3,0.0,0.0
4952,760,412,Undirected,13,0.0,0.0
4953,1529,1740,Undirected,1,0.0,0.0
4954,438,1190,Undirected,9,7.565111483090652e-07,0.6508965707387326
4955,1969,1739,Undirected,23,0.0,0.0
4956,1938,814,Undirected,39,0.0,0.0
4957,930,1253,Undirected,24,0.0,0.0
4958,1618,1997,Undirected,27,0.0,0.0
4959,1400,1356,Undirected,3,0.0,0.0
4960,249,668,Undirected,5,0.0,0.0
4961,1808,1873,Undirected,8,0.0,0.0
4962,1310,1310,Undirected,13,0.0,0.0
4963,1975,527,Undirected,1,0.0,0.0
4964,1667,1479,Undirected,1,0.0,0.0
4965,1889,196,Undirected,1,0.0,0.0
4966,1812,551,Undirected,3,0.0,0.0
4967,1800,1983,Undirected,5,0.0,0.0
4968,475,1092,Undirected,16,0.0,0.0
4969,577,577,Undirected,34,0.0,0.0
4970,1864,386,Undirected,2,0.0,0.0
4971,1121,1085,Undirected,12,0.0,0.0
4972,1118,1118,Undirected,3,0.0,0.0
4973,989,1997,Undirected,1,0.0,0.0
4974,1992,1705,Undirected,5,0.0,0.0
4975,1627,1983,Undirected,1,0.0,0.0
4976,1504,733,Undirected,16,0.0,0.0
4977,541,1375,Undirected,165,0.0,0.0
4978,106,631,Undirected,7,0.0,0.0
4979,1301,879,Undirected,1,0.0,0.0
4980,1633,1716,Undirected,1,0.0,0.0
4981,1458,710,Undirected,26,0.0,0.0
4982,35,1332,Undirected,2,0.0,0.0
4983,939,1247,Undirected,11,0.0,0.0
4984,862,1479,Undirected,3,0.0,0.0
4985,195,195,Undirected,107,0.0,0.0
4986,1778,783,Undirected,6,0.0,0.0
4987,333,519,Undirected,1,0.0,0.0
4988,1371,1780,Undirected,3,0.0,0.0
4989,1597,1079,Undirected,4,0.0,0.0
4990,1836,1997,Undirected,9,0.0,0.0
4991,1488,1069,Undirected,1,0.0,0.0
4992,1724,510,Undirected,1,0.0,0.0
4993,1500,1327,Undirected,1,0.0,0.0
4994,1657,33,Undirected,13,0.0,0.0
4995,1595,1428,Undirected,4,0.0,0.0
4996,1745,311,Undirected,1,0.0,0.0
4997,1555,1054,Undirected,1,0.0,0.0
4998,1596,1286,Undirected,1,0.0,0.0
4999,529,625,Undirected,1,0.0,0.0
5000,1002,1309,Undirected,1,0.0,0.0
5001,1202,1662,Undirected,14,0.0,0.0
5002,832,946,Undirected,1,0.0,0.0
5003,258,1813,Undirected,2,0.0,0.0
5004,341,671,Undirected,1,0.0,0.0
5005,1912,146,Undirected,20,0.0,0.0
5006,1481,1229,Undirected,2,0.0,0.0
5007,539,1837,Undirected,11,0.0,0.0
5008,1476,1775,Undirected,1,0.0,0.0
5009,1956,1039,Undirected,3,0.0,0.0
5010,1640,1856,Undirected,1,0.0,0.0
5011,765,1719,Undirected,2,0.0,0.0
5012,1561,1141,Undirected,1,0.0,0.0
5013,1161,1652,Undirected,2,0.0,0.0
5014,1756,1780,Undirected,12,0.0,0.0
5015,1361,1703,Undirected,5,0.0,0.0
5016,1368,1612,Undirected,4,0.0,0.0
5017,1332,1637,Undirected,9,0.0,0.0
5018,1049,1303,Undirected,13,0.0,0.0
5019,440,440,Undirected,48,0.0,0.0
5020,818,1527,Undirected,8,4.949307437047182e-07,0.42583473429391017
5021,129,1810,Undirected,3,0.0,0.0
5022,850,1534,Undirected,1,0.0,0.0
5023,566,1855,Undirected,1,0.0,0.0
5024,848,1634,Undirected,12,0.0,0.0
5025,908,517,Undirected,2,0.0,0.0
5026,728,1382,Undirected,1,0.0,0.0
5027,1579,1159,Undirected,6,0.0,0.0
5028,1774,1983,Undirected,5,0.0,0.0
5029,1272,1618,Undirected,83,0.0,0.0
5030,506,1484,Undirected,2,0.0,0.0
5031,309,830,Undirected,1,0.0,0.0
5032,1833,1301,Undirected,7,0.0,0.0
5033,430,135,Undirected,40,0.0,0.0
5034,184,184,Undirected,103,0.0,0.0
5035,1538,1679,Undirected,2,0.0,0.0
5036,1192,1429,Undirected,8,0.0,0.0
5037,83,1164,Undirected,1,0.0,0.0
5038,1818,1093,Undirected,1,0.0,0.0
5039,1627,1627,Undirected,100,0.0,0.0
5040,33,939,Undirected,1,0.0,0.0
5041,1312,1574,Undirected,1,0.0,0.0
5042,328,1335,Undirected,1,0.0,0.0
5043,1528,397,Undirected,2,0.0,0.0
5044,1787,1861,Undirected,1,0.0,0.0
5045,1043,1259,Undirected,1,0.0,0.0
5046,1137,1137,Undirected,60,0.0,0.0
5047,18,1228,Undirected,9,0.0,0.0
5048,1112,1500,Undirected,1,0.0,0.0
5049,1584,1813,Undirected,4,0.0,0.0
5050,424,1371,Undirected,15,0.0,0.0
5051,1955,1971,Undirected,1,0.0,0.0
5052,1600,147,Undirected,1,0.0,0.0
5053,1505,1844,Undirected,3,0.0,0.0
5054,1114,1159,Undirected,1,0.0,0.0
5055,1808,64,Undirected,3,0.0,0.0
5056,818,1338,Undirected,2,0.0,0.0
5057,1515,1588,Undirected,1,0.0,0.0
5058,1184,814,Undirected,2,0.0,0.0
5059,745,1181,Undirected,1,0.0,0.0
5060,1774,719,Undirected,1,0.0,0.0
5061,1043,124,Undirected,1,0.0,0.0
5062,874,1375,Undirected,1,0.0,0.0
5063,258,772,Undirected,5,0.0,0.0
5064,937,802,Undirected,1,0.0,0.0
5065,1379,391,Undirected,2,0.0,0.0
5066,978,1603,Undirected,3,0.0,0.0
5067,506,1964,Undirected,1,0.0,0.0
5068,1778,1957,Undirected,21,0.0,0.0
5069,1799,623,Undirected,4,0.0,0.0
5070,1924,967,Undirected,6,2.705180965043143e-07,0.23275176014391294
5071,1161,250,Undirected,3,2.8454371824700727e-07,0.24481930087375267
5072,1938,1938,Undirected,893,0.0,0.0
5073,1880,853,Undirected,3,0.0,0.0
5074,698,405,Undirected,1,0.0,0.0
5075,1680,70,Undirected,1,0.0,0.0
5076,808,516,Undirected,1,0.0,0.0
5077,74,811,Undirected,29,0.0,0.0
5078,1356,1343,Undirected,3,0.0,0.0
5079,1618,1311,Undirected,3,0.0,0.0
5080,1944,1814,Undirected,1,0.0,0.0
5081,424,1756,Undirected,47,0.0,0.0
5082,995,1251,Undirected,1,0.0,0.0
5083,1425,653,Undirected,3,0.0,0.0
5084,1337,1284,Undirected,3,0.0,0.0
5085,211,211,Undirected,132,0.0,0.0
5086,1353,4,Undirected,7,0.0,0.0
5087,1067,661,Undirected,2,0.0,0.0
5088,1066,274,Undirected,1,0.0,0.0
5089,915,1846,Undirected,2,0.0,0.0
5090,896,1767,Undirected,10,0.0,0.0
5091,496,1434,Undirected,3,0.0,0.0
5092,691,1678,Undirected,4,0.0,0.0
5093,184,788,Undirected,6,0.0,0.0
5094,0,1597,Undirected,18,0.0,0.0
5095,580,1254,Undirected,2,0.0,0.0
5096,1932,460,Undirected,1,0.0,0.0
5097,1954,591,Undirected,5,0.0,0.0
5098,1437,1063,Undirected,1,0.0,0.0
5099,627,1247,Undirected,2,0.0,0.0
5100,294,1079,Undirected,1,0.0,0.0
5101,1380,1086,Undirected,1,0.0,0.0
5102,448,353,Undirected,1,0.0,0.0
5103,1489,1947,Undirected,5,0.0,0.0
5104,1745,1323,Undirected,1,0.0,0.0
5105,1219,1959,Undirected,6,0.0,0.0
5106,528,930,Undirected,12,0.0,0.0
5107,122,71,Undirected,1,0.0,0.0
5108,1395,756,Undirected,1,0.0,0.0
5109,1606,1606,Undirected,6,0.0,0.0
5110,1602,1375,Undirected,47,0.0,0.0
5111,280,1032,Undirected,97,0.0,0.0
5112,1356,1159,Undirected,5,0.0,0.0
5113,1313,1313,Undirected,6,0.0,0.0
5114,1982,1982,Undirected,11,0.0,0.0
5115,978,1587,Undirected,2,0.0,0.0
5116,760,110,Undirected,1,0.0,0.0
5117,1875,230,Undirected,3,0.0,0.0
5118,1588,405,Undirected,1,0.0,0.0
5119,162,167,Undirected,2,0.0,0.0
5120,787,741,Undirected,4,0.0,0.0
5121,67,1806,Undirected,5,0.0,0.0
5122,1290,1804,Undirected,9,0.0,0.0
5123,1636,1957,Undirected,1,0.0,0.0
5124,1217,1124,Undirected,2,0.0,0.0
5125,459,1269,Undirected,5,0.0,0.0
5126,1392,1739,Undirected,3,0.0,0.0
5127,1272,28,Undirected,1,0.0,0.0
5128,1874,1379,Undirected,2,0.0,0.0
5129,1600,1639,Undirected,1,0.0,0.0
5130,1547,455,Undirected,25,0.0,0.0
5131,1618,539,Undirected,26,0.0,0.0
5132,1618,1149,Undirected,1,0.0,0.0
5133,1219,567,Undirected,17,0.0,0.0
5134,1409,188,Undirected,3,0.0,0.0
5135,761,1562,Undirected,8,0.0,0.0
5136,953,1246,Undirected,3,0.0,0.0
5137,1368,441,Undirected,1,0.0,0.0
5138,896,922,Undirected,1,0.0,0.0
5139,1289,822,Undirected,11,0.0,0.0
5140,1819,411,Undirected,1,0.0,0.0
5141,559,703,Undirected,10,0.0,0.0
5142,1641,1587,Undirected,1,0.0,0.0
5143,839,839,Undirected,40,0.0,0.0
5144,1654,191,Undirected,5,3.9841213368715097e-07,0.3427908394176411
5145,1129,1327,Undirected,27,0.0,0.0
5146,1587,1995,Undirected,26,0.0,0.0
5147,656,1641,Undirected,1,0.0,0.0
5148,19,667,Undirected,3,0.0,0.0
5149,728,1547,Undirected,4,0.0,0.0
5150,1533,1997,Undirected,1,0.0,0.0
5151,1714,877,Undirected,6,0.0,0.0
5152,1858,1379,Undirected,1,0.0,0.0
5153,1286,1286,Undirected,39,0.0,0.0
5154,885,885,Undirected,6,0.0,0.0
5155,390,7,Undirected,12,0.0,0.0
5156,422,1030,Undirected,4,0.0,0.0
5157,190,1238,Undirected,22,0.0,0.0
5158,1862,1566,Undirected,1,0.0,0.0
5159,1141,567,Undirected,1,0.0,0.0
5160,560,1733,Undirected,6,0.0,0.0
5161,290,1287,Undirected,23,0.0,0.0
5162,859,1868,Undirected,2,0.0,0.0
5163,1644,1725,Undirected,11,0.0,0.0
5164,1261,653,Undirected,2,0.0,0.0
5165,736,736,Undirected,34,0.0,0.0
5166,736,62,Undirected,5,0.0,0.0
5167,587,1636,Undirected,2,0.0,0.0
5168,1195,1511,Undirected,31,0.0,0.0
5169,1602,1455,Undirected,6,0.0,0.0
5170,1076,1950,Undirected,1,0.0,0.0
5171,1209,1238,Undirected,4,0.0,0.0
5172,1928,1720,Undirected,100,0.0,0.0
5173,1964,1837,Undirected,2,0.0,0.0
5174,1674,764,Undirected,2,0.0,0.0
5175,1987,1380,Undirected,58,0.0,0.0
5176,201,1191,Undirected,1,0.0,0.0
5177,496,1883,Undirected,1,0.0,0.0
5178,1808,1808,Undirected,68,0.0,0.0
5179,1194,1380,Undirected,8,0.0,0.0
5180,1806,799,Undirected,1,0.0,0.0
5181,1820,1030,Undirected,146,0.0,0.0
5182,1068,1068,Undirected,118,0.0,0.0
5183,460,1231,Undirected,4,0.0,0.0
5184,1049,309,Undirected,7,0.0,0.0
5185,1287,1287,Undirected,211,0.0,0.0
5186,1470,447,Undirected,1,0.0,0.0
5187,1354,530,Undirected,2,0.0,0.0
5188,1136,1097,Undirected,8,0.0,0.0
5189,1332,734,Undirected,1,0.0,0.0
5190,633,1463,Undirected,56,0.0,0.0
5191,1273,1612,Undirected,6,0.0,0.0
5192,1400,1490,Undirected,27,0.0,0.0
5193,602,1637,Undirected,9,0.0,0.0
5194,1046,1823,Undirected,2,0.0,0.0
5195,1553,1003,Undirected,8,0.0,0.0
5196,1497,450,Undirected,2,0.0,0.0
5197,1448,1812,Undirected,3,0.0,0.0
5198,1834,1547,Undirected,1,0.0,0.0
5199,1400,698,Undirected,4,0.0,0.0
5200,1674,541,Undirected,9,0.0,0.0
5201,1535,1287,Undirected,3,0.0,0.0
5202,832,1079,Undirected,3,0.0,0.0
5203,1932,549,Undirected,2,0.0,0.0
5204,1672,388,Undirected,22,0.0,0.0
5205,199,1751,Undirected,1,0.0,0.0
5206,162,613,Undirected,4,0.0,0.0
5207,1872,799,Undirected,1,0.0,0.0
5208,1987,812,Undirected,148,0.0,0.0
5209,1241,1588,Undirected,3,0.0,0.0
5210,396,1805,Undirected,5,0.0,0.0
5211,1677,383,Undirected,9,0.0,0.0
5212,1986,1164,Undirected,1,0.0,0.0
5213,1297,1207,Undirected,5,0.0,0.0
5214,1458,698,Undirected,2,0.0,0.0
5215,1306,148,Undirected,3,0.0,0.0
5216,611,909,Undirected,3,0.0,0.0
5217,1795,1295,Undirected,49,0.0,0.0
5218,1852,1527,Undirected,1,0.0,0.0
5219,1925,1054,Undirected,1,0.0,0.0
5220,801,855,Undirected,4,0.0,0.0
5221,924,831,Undirected,2,0.0,0.0
5222,514,762,Undirected,24,0.0,0.0
5223,861,861,Undirected,39,0.0,0.0
5224,405,1471,Undirected,1,0.0,0.0
5225,1813,1079,Undirected,2,0.0,0.0
5226,70,1287,Undirected,1,0.0,0.0
5227,1945,1257,Undirected,5,0.0,0.0
5228,46,46,Undirected,53,0.0,0.0
5229,405,127,Undirected,1,0.0,0.0
5230,1650,782,Undirected,2,0.0,0.0
5231,494,1159,Undirected,5,0.0,0.0
5232,1441,1159,Undirected,5,0.0,0.0
5233,1658,1658,Undirected,8,0.0,0.0
5234,1890,1839,Undirected,1,0.0,0.0
5235,1945,459,Undirected,1,0.0,0.0
5236,1089,1268,Undirected,12,0.0,0.0
5237,436,1965,Undirected,14,0.0,0.0
5238,1307,374,Undirected,1,0.0,0.0
5239,1745,1130,Undirected,6,0.0,0.0
5240,1876,1876,Undirected,732,0.0,0.0
5241,430,767,Undirected,3,0.0,0.0
5242,1383,495,Undirected,4,0.0,0.0
5243,940,831,Undirected,1,0.0,0.0
5244,1812,733,Undirected,1,0.0,0.0
5245,860,1558,Undirected,4,0.0,0.0
5246,185,1622,Undirected,5,0.0,0.0
5247,739,1203,Undirected,1,0.0,0.0
5248,1500,391,Undirected,4,0.0,0.0
5249,985,947,Undirected,8,0.0,0.0
5250,447,943,Undirected,15,0.0,0.0
5251,1218,1757,Undirected,3,0.0,0.0
5252,1435,1604,Undirected,4,0.0,0.0
5253,1803,1111,Undirected,2,0.0,0.0
5254,1969,676,Undirected,30,0.0,0.0
5255,1105,863,Undirected,3,0.0,0.0
5256,979,1086,Undirected,1,0.0,0.0
5257,529,1674,Undirected,1,0.0,0.0
5258,753,753,Undirected,17,0.0,0.0
5259,888,650,Undirected,2,0.0,0.0
5260,1228,1332,Undirected,5,0.0,0.0
5261,1745,825,Undirected,4,0.0,0.0
5262,1219,1996,Undirected,3,0.0,0.0
5263,404,1981,Undirected,8,0.0,0.0
5264,812,1783,Undirected,5,0.0,0.0
5265,1984,529,Undirected,4,0.0,0.0
5266,481,481,Undirected,95,0.0,0.0
5267,1811,1383,Undirected,9,0.0,0.0
5268,1331,1935,Undirected,15,0.0,0.0
5269,1280,1438,Undirected,14,0.0,0.0
5270,317,741,Undirected,1,0.0,0.0
5271,539,686,Undirected,1,0.0,0.0
5272,161,899,Undirected,2,0.0,0.0
5273,869,1270,Undirected,3,0.0,0.0
5274,76,76,Undirected,390,0.0,0.0
5275,1024,865,Undirected,7,0.0,0.0
5276,113,1247,Undirected,1,0.0,0.0
5277,538,542,Undirected,1,0.0,0.0
5278,1948,1862,Undirected,2,0.0,0.0
5279,1046,1599,Undirected,1,0.0,0.0
5280,556,1951,Undirected,2,0.0,0.0
5281,625,1382,Undirected,1,0.0,0.0
5282,1659,702,Undirected,3,0.0,0.0
5283,1954,1020,Undirected,20,0.0,0.0
5284,1490,1814,Undirected,1,0.0,0.0
5285,72,657,Undirected,1,0.0,0.0
5286,1404,1974,Undirected,11,0.0,0.0
5287,1482,597,Undirected,1,0.0,0.0
5288,1257,643,Undirected,13,0.0,0.0
5289,1608,1608,Undirected,7,0.0,0.0
5290,182,1470,Undirected,3,0.0,0.0
5291,1242,411,Undirected,1,0.0,0.0
5292,73,703,Undirected,7,0.0,0.0
5293,1681,1509,Undirected,1,0.0,0.0
5294,1289,1767,Undirected,1,0.0,0.0
5295,144,1939,Undirected,4,0.0,0.0
5296,843,203,Undirected,2,0.0,0.0
5297,1376,1473,Undirected,24,0.0,0.0
5298,1117,1567,Undirected,4,0.0,0.0
5299,562,1182,Undirected,2,0.0,0.0
5300,1450,1691,Undirected,2,0.0,0.0
5301,8,1690,Undirected,4,0.0,0.0
5302,1837,901,Undirected,2,0.0,0.0
5303,1928,1684,Undirected,1,0.0,0.0
5304,625,1503,Undirected,9,0.0,0.0
5305,1530,1203,Undirected,2,0.0,0.0
5306,801,1294,Undirected,13,0.0,0.0
5307,914,677,Undirected,1,0.0,0.0
5308,1414,1414,Undirected,15,0.0,0.0
5309,1030,575,Undirected,2,0.0,0.0
5310,658,1523,Undirected,1,0.0,0.0
5311,1600,804,Undirected,1,0.0,0.0
5312,1510,1158,Undirected,11,0.0,0.0
5313,1209,1062,Undirected,1,0.0,0.0
5314,638,199,Undirected,4,0.0,0.0
5315,1393,588,Undirected,3,0.0,0.0
5316,1426,1423,Undirected,2,0.0,0.0
5317,422,422,Undirected,7,0.0,0.0
5318,1899,1949,Undirected,19,0.0,0.0
5319,88,88,Undirected,43,0.0,0.0
5320,1969,1756,Undirected,25,0.0,0.0
5321,1824,1973,Undirected,1,0.0,0.0
5322,730,914,Undirected,7,0.0,0.0
5323,1837,1838,Undirected,3,0.0,0.0
5324,1072,574,Undirected,1,0.0,0.0
5325,1809,1639,Undirected,106,0.0,0.0
5326,1450,734,Undirected,1,0.0,0.0
5327,1661,1661,Undirected,10,0.0,0.0
5328,1264,1809,Undirected,1,0.0,0.0
5329,168,1417,Undirected,25,0.0,0.0
5330,1776,585,Undirected,6,0.0,0.0
5331,1890,814,Undirected,6,0.0,0.0
5332,48,1922,Undirected,28,0.0,0.0
5333,1720,1219,Undirected,1,0.0,0.0
5334,1763,1380,Undirected,1,0.0,0.0
5335,1043,1724,Undirected,7,0.0,0.0
5336,1681,1455,Undirected,34,0.0,0.0
5337,1844,287,Undirected,1,0.0,0.0
5338,1977,1977,Undirected,80,0.0,0.0
5339,557,1671,Undirected,3,0.0,0.0
5340,1395,1159,Undirected,2,0.0,0.0
5341,1872,494,Undirected,2,0.0,0.0
5342,1451,1541,Undirected,2,0.0,0.0
5343,1380,1828,Undirected,4,0.0,0.0
5344,1473,1473,Undirected,71,0.0,0.0
5345,1605,127,Undirected,1,0.0,0.0
5346,1979,1991,Undirected,1,0.0,0.0
5347,1354,1523,Undirected,15,0.0,0.0
5348,1713,1055,Undirected,21,0.0,0.0
5349,576,611,Undirected,2,0.0,0.0
5350,24,1215,Undirected,2,0.0,0.0
5351,1819,310,Undirected,7,0.0,0.0
5352,33,1227,Undirected,1,0.0,0.0
5353,1538,494,Undirected,1,0.0,0.0
5354,1977,765,Undirected,2,0.0,0.0
5355,1620,1255,Undirected,2,0.0,0.0
5356,1328,1416,Undirected,1,0.0,0.0
5357,1288,33,Undirected,27,0.0,0.0
5358,104,886,Undirected,3,0.0,0.0
5359,1500,726,Undirected,2,0.0,0.0
5360,316,316,Undirected,133,0.0,0.0
5361,758,887,Undirected,2,0.0,0.0
5362,700,246,Undirected,4,0.0,0.0
5363,57,790,Undirected,3,0.0,0.0
5364,1900,1453,Undirected,1,0.0,0.0
5365,410,294,Undirected,1,0.0,0.0
5366,989,38,Undirected,1,0.0,0.0
5367,1754,1254,Undirected,222,0.0,0.0
5368,598,815,Undirected,2,0.0,0.0
5369,129,903,Undirected,4,0.0,0.0
5370,1945,1774,Undirected,2,0.0,0.0
5371,722,522,Undirected,1,0.0,0.0
5372,1434,686,Undirected,1,0.0,0.0
5373,758,1959,Undirected,1,0.0,0.0
5374,763,763,Undirected,12,0.0,0.0
5375,1177,687,Undirected,3,0.0,0.0
5376,298,524,Undirected,1,0.0,0.0
5377,1286,783,Undirected,1,0.0,0.0
5378,1883,1509,Undirected,1,0.0,0.0
5379,1674,1453,Undirected,2,0.0,0.0
5380,1382,1630,Undirected,28,0.0,0.0
5381,896,191,Undirected,2,0.0,0.0
5382,1420,612,Undirected,12,0.0,0.0
5383,1960,834,Undirected,2,0.0,0.0
5384,1938,1602,Undirected,34,0.0,0.0
5385,1112,652,Undirected,1,0.0,0.0
5386,1448,1639,Undirected,2,0.0,0.0
5387,1648,780,Undirected,8,0.0,0.0
5388,834,1283,Undirected,23,0.0,0.0
5389,756,1686,Undirected,2,0.0,0.0
5390,1756,1455,Undirected,1,0.0,0.0
5391,940,516,Undirected,1,0.0,0.0
5392,1833,1162,Undirected,4,0.0,0.0
5393,216,1954,Undirected,1,0.0,0.0
5394,1988,1087,Undirected,4,0.0,0.0
5395,237,1293,Undirected,4,0.0,0.0
5396,281,1637,Undirected,1,0.0,0.0
5397,1838,887,Undirected,2,0.0,0.0
5398,1383,295,Undirected,3,0.0,0.0
5399,1140,109,Undirected,5,0.0,0.0
5400,1390,1079,Undirected,1,0.0,0.0
5401,1147,500,Undirected,2,0.0,0.0
5402,50,50,Undirected,51,0.0,0.0
5403,342,230,Undirected,1,0.0,0.0
5404,755,1742,Undirected,1,0.0,0.0
5405,1360,678,Undirected,1,0.0,0.0
5406,1689,235,Undirected,3,0.0,0.0
5407,1860,1860,Undirected,154,0.0,0.0
5408,698,1995,Undirected,1,0.0,0.0
5409,1539,1539,Undirected,73,0.0,0.0
5410,1177,353,Undirected,1,0.0,0.0
5411,1814,1814,Undirected,27,0.0,0.0
5412,732,1614,Undirected,1,0.0,0.0
5413,640,341,Undirected,24,0.0,0.0
5414,587,1837,Undirected,2,0.0,0.0
5415,1980,764,Undirected,7,0.0,0.0
5416,1297,228,Undirected,3,0.0,0.0
5417,1809,1162,Undirected,54,0.0,0.0
5418,1193,437,Undirected,22,0.0,0.0
5419,1129,1028,Undirected,1,0.0,0.0
5420,1219,813,Undirected,16,0.0,0.0
5421,1925,909,Undirected,10,0.0,0.0
5422,456,1409,Undirected,9,0.0,0.0
5423,656,1162,Undirected,2,0.0,0.0
5424,237,237,Undirected,46,0.0,0.0
5425,944,314,Undirected,5,0.0,0.0
5426,1440,1340,Undirected,15,0.0,0.0
5427,1742,1854,Undirected,1,0.0,0.0
5428,1189,1783,Undirected,2,0.0,0.0
5429,1568,1983,Undirected,5,0.0,0.0
5430,294,1231,Undirected,1,0.0,0.0
5431,344,1877,Undirected,18,0.0,0.0
5432,1360,1714,Undirected,1,0.0,0.0
5433,1873,905,Undirected,3,0.0,0.0
5434,377,524,Undirected,21,0.0,0.0
5435,261,261,Undirected,21,0.0,0.0
5436,780,1902,Undirected,13,0.0,0.0
5437,864,1588,Undirected,1,0.0,0.0
5438,1352,1549,Undirected,5,0.0,0.0
5439,888,1922,Undirected,5,0.0,0.0
5440,1254,1734,Undirected,1,0.0,0.0
5441,1824,1547,Undirected,19,0.0,0.0
5442,1639,1879,Undirected,1,0.0,0.0
5443,113,1307,Undirected,2,0.0,0.0
5444,1656,1357,Undirected,2,0.0,0.0
5445,1112,1112,Undirected,36,0.0,0.0
5446,1390,1814,Undirected,9,0.0,0.0
5447,916,1229,Undirected,2,0.0,0.0
5448,742,742,Undirected,91,0.0,0.0
5449,1824,612,Undirected,34,0.0,0.0
5450,557,374,Undirected,1,0.0,0.0
5451,1988,1774,Undirected,4,0.0,0.0
5452,913,1614,Undirected,9,0.0,0.0
5453,861,1677,Undirected,1,0.0,0.0
5454,882,1607,Undirected,1,0.0,0.0
5455,14,14,Undirected,70,0.0,0.0
5456,792,1366,Undirected,5,0.0,0.0
5457,1822,1822,Undirected,30,0.0,0.0
5458,730,635,Undirected,3,0.0,0.0
5459,672,1555,Undirected,1,0.0,0.0
5460,1740,1980,Undirected,11,0.0,0.0
5461,1808,1543,Undirected,2,0.0,0.0
5462,33,1020,Undirected,15,0.0,0.0
5463,978,1995,Undirected,5,0.0,0.0
5464,1600,1603,Undirected,4,0.0,0.0
5465,1845,693,Undirected,1,0.0,0.0
5466,670,1934,Undirected,1,0.0,0.0
5467,1351,1351,Undirected,32,0.0,0.0
5468,197,197,Undirected,30,0.0,0.0
5469,496,1195,Undirected,17,0.0,0.0
5470,1131,238,Undirected,5,0.0,0.0
5471,1362,566,Undirected,10,0.0,0.0
5472,1054,1839,Undirected,2,0.0,0.0
5473,1413,719,Undirected,1,0.0,0.0
5474,1113,1489,Undirected,1,0.0,0.0
5475,1288,485,Undirected,4,0.0,0.0
5476,1640,1162,Undirected,1,0.0,0.0
5477,184,638,Undirected,1,0.0,0.0
5478,1800,1809,Undirected,5,0.0,0.0
5479,1729,355,Undirected,10,0.0,0.0
5480,1195,1453,Undirected,97,0.0,0.0
5481,425,182,Undirected,7,0.0,0.0
5482,1696,64,Undirected,5,0.0,0.0
5483,601,739,Undirected,1,0.0,0.0
5484,1742,1175,Undirected,3,0.0,0.0
5485,1349,1349,Undirected,113,0.0,0.0
5486,1484,911,Undirected,4,0.0,0.0
5487,1248,1248,Undirected,100,0.0,0.0
5488,992,815,Undirected,3,0.0,0.0
5489,625,1251,Undirected,12,0.0,0.0
5490,1248,947,Undirected,105,0.0,0.0
5491,1505,227,Undirected,3,0.0,0.0
5492,304,754,Undirected,5,0.0,0.0
5493,216,627,Undirected,3,0.0,0.0
5494,1186,724,Undirected,1,0.0,0.0
5495,1392,89,Undirected,12,0.0,0.0
5496,32,830,Undirected,1,0.0,0.0
5497,1660,852,Undirected,1,0.0,0.0
5498,860,838,Undirected,2,0.0,0.0
5499,1946,526,Undirected,2,0.0,0.0
5500,576,609,Undirected,14,0.0,0.0
5501,906,1211,Undirected,3,0.0,0.0
5502,1611,1494,Undirected,1,0.0,0.0
5503,1504,1932,Undirected,1,0.0,0.0
5504,1250,1893,Undirected,8,0.0,0.0
5505,425,1230,Undirected,93,0.0,0.0
5506,819,1067,Undirected,3,0.0,0.0
5507,728,979,Undirected,3,0.0,0.0
5508,290,1060,Undirected,1,0.0,0.0
5509,1155,1756,Undirected,1,0.0,0.0
5510,361,1291,Undirected,7,0.0,0.0
5511,1484,1804,Undirected,1,0.0,0.0
5512,296,991,Undirected,13,3.8635195946595846e-07,0.3324143551310158
5513,33,277,Undirected,2,0.0,0.0
5514,1466,1754,Undirected,62,0.0,0.0
5515,730,1199,Undirected,3,0.0,0.0
5516,1861,1543,Undirected,8,0.0,0.0
5517,250,932,Undirected,1,0.0,0.0
5518,1259,935,Undirected,6,0.0,0.0
5519,666,1259,Undirected,9,3.509677674374008e-07,0.3019700592323654
5520,1739,1141,Undirected,55,0.0,0.0
5521,324,1518,Undirected,6,0.0,0.0
5522,1671,1671,Undirected,33,0.0,0.0
5523,1408,542,Undirected,2,0.0,0.0
5524,913,626,Undirected,1,0.0,0.0
5525,984,1628,Undirected,3,0.0,0.0
5526,635,1549,Undirected,25,0.0,0.0
5527,1163,1163,Undirected,6,0.0,0.0
5528,962,1989,Undirected,1,0.0,0.0
5529,388,1141,Undirected,11,0.0,0.0
5530,632,589,Undirected,1,0.0,0.0
5531,1592,727,Undirected,1,0.0,0.0
5532,1778,814,Undirected,4,0.0,0.0
5533,681,1236,Undirected,2,0.0,0.0
5534,660,22,Undirected,1,0.0,0.0
5535,0,651,Undirected,2,0.0,0.0
5536,1192,725,Undirected,40,0.0,0.0
5537,1823,1823,Undirected,62,0.0,0.0
5538,621,1463,Undirected,3,0.0,0.0
5539,1476,1077,Undirected,1,0.0,0.0
5540,524,1622,Undirected,3,0.0,0.0
5541,922,789,Undirected,1,0.0,0.0
5542,1154,1287,Undirected,1,0.0,0.0
5543,936,858,Undirected,3,0.0,0.0
5544,786,580,Undirected,8,0.0,0.0
5545,649,1300,Undirected,1,0.0,0.0
5546,412,110,Undirected,3,0.0,0.0
5547,1505,1462,Undirected,4,0.0,0.0
5548,1795,806,Undirected,1,0.0,0.0
5549,431,431,Undirected,22,0.0,0.0
5550,341,221,Undirected,1,0.0,0.0
5551,816,649,Undirected,1,0.0,0.0
5552,609,909,Undirected,2,0.0,0.0
5553,1174,1862,Undirected,9,0.0,0.0
5554,1720,1371,Undirected,7,0.0,0.0
5555,393,1906,Undirected,3,0.0,0.0
5556,1464,191,Undirected,5,0.0,0.0
5557,1412,1670,Undirected,5,0.0,0.0
5558,1848,947,Undirected,1,0.0,0.0
5559,1602,1420,Undirected,2,0.0,0.0
5560,1162,1268,Undirected,3,0.0,0.0
5561,908,908,Undirected,31,0.0,0.0
5562,1696,1185,Undirected,2,0.0,0.0
5563,1570,1437,Undirected,1,0.0,0.0
5564,546,1861,Undirected,2,0.0,0.0
5565,1454,79,Undirected,9,0.0,0.0
5566,1931,125,Undirected,1,0.0,0.0
5567,1778,539,Undirected,12,0.0,0.0
5568,1305,847,Undirected,2,0.0,0.0
5569,483,483,Undirected,12,0.0,0.0
5570,1425,233,Undirected,1,0.0,0.0
5571,984,1308,Undirected,16,0.0,0.0
5572,494,863,Undirected,4,0.0,0.0
5573,1129,151,Undirected,23,4.10201060334085e-07,0.3529339443068832
5574,1945,1945,Undirected,50,0.0,0.0
5575,1059,215,Undirected,1,0.0,0.0
5576,1978,1947,Undirected,2,0.0,0.0
5577,899,1853,Undirected,2,0.0,0.0
5578,1698,1925,Undirected,1,0.0,0.0
5579,1608,556,Undirected,10,0.0,0.0
5580,895,895,Undirected,50,0.0,0.0
5581,1528,1130,Undirected,3,0.0,0.0
5582,1368,1817,Undirected,1,0.0,0.0
5583,1600,794,Undirected,1,0.0,0.0
5584,1257,598,Undirected,2,0.0,0.0
5585,459,1675,Undirected,2,0.0,0.0
5586,980,1319,Undirected,1,0.0,0.0
5587,1157,1502,Undirected,1,0.0,0.0
5588,459,1983,Undirected,4,0.0,0.0
5589,1298,579,Undirected,1,0.0,0.0
5590,1800,1603,Undirected,5,0.0,0.0
5591,635,1877,Undirected,1,0.0,0.0
5592,1297,402,Undirected,1,0.0,0.0
5593,1862,191,Undirected,1,0.0,0.0
5594,1162,871,Undirected,1,0.0,0.0
5595,1426,1922,Undirected,2,0.0,0.0
5596,345,902,Undirected,12,5.987927984685189e-07,0.5151968744642723
5597,1425,1771,Undirected,3,0.0,0.0
5598,1563,1948,Undirected,5,0.0,0.0
5599,1827,887,Undirected,2,0.0,0.0
5600,1717,1717,Undirected,107,0.0,0.0
5601,1028,582,Undirected,15,0.0,0.0
5602,1681,758,Undirected,1,0.0,0.0
5603,469,1390,Undirected,1,0.0,0.0
5604,1376,1778,Undirected,89,0.0,0.0
5605,96,846,Undirected,4,0.0,0.0
5606,1009,1666,Undirected,2,0.0,0.0
5607,1720,1804,Undirected,10,0.0,0.0
5608,1806,271,Undirected,1,0.0,0.0
5609,229,479,Undirected,11,0.0,0.0
5610,1330,1879,Undirected,46,0.0,0.0
5611,1641,1218,Undirected,2,0.0,0.0
5612,1408,1408,Undirected,6,0.0,0.0
5613,1681,1581,Undirected,12,0.0,0.0
5614,1745,107,Undirected,2,0.0,0.0
5615,1404,1326,Undirected,2,0.0,0.0
5616,1007,1687,Undirected,1,0.0,0.0
5617,88,1546,Undirected,1,0.0,0.0
5618,1937,1813,Undirected,4,0.0,0.0
5619,1963,1598,Undirected,1,0.0,0.0
5620,1228,1463,Undirected,16,0.0,0.0
5621,1827,1707,Undirected,6,0.0,0.0
5622,1763,956,Undirected,4,0.0,0.0
5623,752,555,Undirected,1,0.0,0.0
5624,813,1973,Undirected,1,0.0,0.0
5625,841,100,Undirected,111,0.0,0.0
5626,1969,1959,Undirected,81,0.0,0.0
5627,1033,686,Undirected,8,0.0,0.0
5628,1605,1774,Undirected,1,0.0,0.0
5629,661,1343,Undirected,2,0.0,0.0
5630,1408,1636,Undirected,15,0.0,0.0
5631,147,1223,Undirected,1,0.0,0.0
5632,1288,939,Undirected,4,0.0,0.0
5633,485,1527,Undirected,10,0.0,0.0
5634,1153,1162,Undirected,3,0.0,0.0
5635,1137,1213,Undirected,6,0.0,0.0
5636,1248,1890,Undirected,6,0.0,0.0
5637,1368,1457,Undirected,6,0.0,0.0
5638,1947,1902,Undirected,21,0.0,0.0
5639,1969,979,Undirected,19,0.0,0.0
5640,1697,1394,Undirected,14,0.0,0.0
5641,1484,1021,Undirected,7,0.0,0.0
5642,250,51,Undirected,3,0.0,0.0
5643,812,711,Undirected,2,0.0,0.0
5644,770,551,Undirected,3,0.0,0.0
5645,1800,1395,Undirected,2,0.0,0.0
5646,1933,614,Undirected,1,0.0,0.0
5647,1934,215,Undirected,2,0.0,0.0
5648,1800,880,Undirected,3,0.0,0.0
5649,148,397,Undirected,3,0.0,0.0
5650,1755,1236,Undirected,7,0.0,0.0
5651,1640,108,Undirected,2,0.0,0.0
5652,1394,1211,Undirected,1,0.0,0.0
5653,840,1787,Undirected,4,0.0,0.0
5654,1385,582,Undirected,12,0.0,0.0
5655,1579,1100,Undirected,3,0.0,0.0
5656,1001,510,Undirected,1,0.0,0.0
5657,33,1745,Undirected,3,0.0,0.0
5658,528,528,Undirected,393,0.0,0.0
5659,1993,1901,Undirected,2,0.0,0.0
5660,1403,38,Undirected,6,0.0,0.0
5661,1250,1053,Undirected,1,0.0,0.0
5662,1452,1452,Undirected,13,0.0,0.0
5663,1289,1289,Undirected,349,0.0,0.0
5664,949,1966,Undirected,3,0.0,0.0
5665,1161,1941,Undirected,1,0.0,0.0
5666,1054,1375,Undirected,6,0.0,0.0
5667,1644,1588,Undirected,2,0.0,0.0
5668,751,751,Undirected,45,0.0,0.0
5669,513,513,Undirected,76,0.0,0.0
5670,1156,910,Undirected,1,0.0,0.0
5671,336,611,Undirected,3,0.0,0.0
5672,801,1173,Undirected,3,0.0,0.0
5673,1738,943,Undirected,1,0.0,0.0
5674,1277,742,Undirected,4,0.0,0.0
5675,564,1438,Undirected,1,0.0,0.0
5676,1938,947,Undirected,1,0.0,0.0
5677,1867,869,Undirected,4,0.0,0.0
5678,946,1778,Undirected,1,0.0,0.0
5679,825,1697,Undirected,17,0.0,0.0
5680,392,1478,Undirected,3,0.0,0.0
5681,1969,1602,Undirected,78,0.0,0.0
5682,334,1879,Undirected,3,0.0,0.0
5683,1587,1925,Undirected,5,0.0,0.0
5684,1089,1646,Undirected,6,0.0,0.0
5685,638,734,Undirected,6,0.0,0.0
5686,1954,1317,Undirected,8,0.0,0.0
5687,381,479,Undirected,1,0.0,0.0
5688,1191,1191,Undirected,361,0.0,0.0
5689,1689,404,Undirected,3,0.0,0.0
5690,1944,1603,Undirected,7,0.0,0.0
5691,751,1191,Undirected,2,0.0,0.0
5692,1755,940,Undirected,1,0.0,0.0
5693,1969,1763,Undirected,2,0.0,0.0
5694,728,1325,Undirected,6,0.0,0.0
5695,1916,566,Undirected,1,0.0,0.0
5696,815,287,Undirected,1,0.0,0.0
5697,1032,1319,Undirected,22,0.0,0.0
5698,1817,1716,Undirected,1,0.0,0.0
5699,1064,810,Undirected,1,0.0,0.0
5700,1073,118,Undirected,18,0.0,0.0
5701,722,1663,Undirected,8,0.0,0.0
5702,940,1647,Undirected,1,0.0,0.0
5703,275,829,Undirected,1,0.0,0.0
5704,1275,1275,Undirected,13,0.0,0.0
5705,1574,1574,Undirected,5,0.0,0.0
5706,1372,1837,Undirected,4,0.0,0.0
5707,226,1252,Undirected,3,0.0,0.0
5708,1017,530,Undirected,2,0.0,0.0
5709,874,1318,Undirected,1,0.0,0.0
5710,66,563,Undirected,4,0.0,0.0
5711,706,1443,Undirected,8,0.0,0.0
5712,1216,1216,Undirected,27,0.0,0.0
5713,1954,1247,Undirected,6,0.0,0.0
5714,1307,1655,Undirected,3,0.0,0.0
5715,1443,1559,Undirected,1,0.0,0.0
5716,1959,1783,Undirected,21,0.0,0.0
5717,451,1284,Undirected,3,0.0,0.0
5718,984,1348,Undirected,7,0.0,0.0
5719,441,1060,Undirected,9,0.0,0.0
5720,1410,523,Undirected,1,0.0,0.0
5721,1928,1763,Undirected,7,0.0,0.0
5722,1035,1630,Undirected,42,0.0,0.0
5723,1869,1582,Undirected,2,0.0,0.0
5724,1305,1788,Undirected,1,0.0,0.0
5725,496,759,Undirected,6,0.0,0.0
5726,940,967,Undirected,1,0.0,0.0
5727,977,278,Undirected,1,0.0,0.0
5728,1869,1743,Undirected,1,0.0,0.0
5729,689,1164,Undirected,3,0.0,0.0
5730,776,1920,Undirected,1,0.0,0.0
5731,1428,44,Undirected,1,0.0,0.0
5732,648,225,Undirected,2,0.0,0.0
5733,320,1566,Undirected,13,0.0,0.0
5734,405,566,Undirected,5,0.0,0.0
5735,130,1286,Undirected,1,0.0,0.0
5736,985,1318,Undirected,2,0.0,0.0
5737,963,1735,Undirected,16,0.0,0.0
5738,808,1532,Undirected,3,0.0,0.0
5739,762,1895,Undirected,1,0.0,0.0
5740,1681,1547,Undirected,27,0.0,0.0
5741,1155,676,Undirected,1,0.0,0.0
5742,21,21,Undirected,183,0.0,0.0
5743,1185,518,Undirected,4,0.0,0.0
5744,632,1302,Undirected,4,2.7576552590796305e-07,0.2372666094117167
5745,1936,1922,Undirected,1,0.0,0.0
5746,98,98,Undirected,29,0.0,0.0
5747,1661,838,Undirected,3,0.0,0.0
5748,969,1794,Undirected,1,0.0,0.0
5749,1780,1780,Undirected,734,0.0,0.0
5750,336,1675,Undirected,1,0.0,0.0
5751,539,28,Undirected,2,0.0,0.0
5752,717,967,Undirected,1,0.0,0.0
5753,794,830,Undirected,2,0.0,0.0
5754,1593,899,Undirected,1,0.0,0.0
5755,1000,585,Undirected,6,0.0,0.0
5756,1021,1551,Undirected,35,0.0,0.0
5757,755,756,Undirected,1,0.0,0.0
5758,584,756,Undirected,1,0.0,0.0
5759,550,127,Undirected,4,0.0,0.0
5760,245,245,Undirected,26,0.0,0.0
5761,378,1837,Undirected,2,0.0,0.0
5762,1912,1743,Undirected,1,0.0,0.0
5763,1013,1967,Undirected,23,0.0,0.0
5764,801,1157,Undirected,1,0.0,0.0
5765,1190,1751,Undirected,3,0.0,0.0
5766,849,1214,Undirected,5,0.0,0.0
5767,1673,1871,Undirected,38,0.0,0.0
5768,539,1974,Undirected,5,0.0,0.0
5769,3,1191,Undirected,23,0.0,0.0
5770,1129,1500,Undirected,10,0.0,0.0
5771,898,394,Undirected,5,0.0,0.0
5772,1920,984,Undirected,3,0.0,0.0
5773,1549,774,Undirected,8,0.0,0.0
5774,1947,854,Undirected,11,0.0,0.0
5775,1009,978,Undirected,34,0.0,0.0
5776,588,1934,Undirected,3,0.0,0.0
5777,193,193,Undirected,55,0.0,0.0
5778,1420,1286,Undirected,1,0.0,0.0
5779,1449,1397,Undirected,7,0.0,0.0
5780,1338,1979,Undirected,9,0.0,0.0
5781,1400,469,Undirected,1,0.0,0.0
5782,387,1277,Undirected,2,0.0,0.0
5783,1250,1348,Undirected,5,0.0,0.0
5784,1657,1338,Undirected,10,0.0,0.0
5785,1049,1180,Undirected,4,0.0,0.0
5786,576,67,Undirected,6,0.0,0.0
5787,1240,1833,Undirected,55,0.0,0.0
5788,160,230,Undirected,1,0.0,0.0
5789,625,1834,Undirected,2,0.0,0.0
5790,1206,15,Undirected,11,0.0,0.0
5791,946,99,Undirected,54,0.0,0.0
5792,628,966,Undirected,2,0.0,0.0
5793,1153,1046,Undirected,3,0.0,0.0
5794,180,1293,Undirected,4,0.0,0.0
5795,1009,195,Undirected,1,0.0,0.0
5796,328,735,Undirected,1,0.0,0.0
5797,1930,1847,Undirected,3,0.0,0.0
5798,1810,1228,Undirected,7,0.0,0.0
5799,168,36,Undirected,1,0.0,0.0
5800,368,787,Undirected,1,0.0,0.0
5801,1944,1587,Undirected,14,0.0,0.0
5802,819,1780,Undirected,1,0.0,0.0
5803,1729,13,Undirected,8,0.0,0.0
5804,1017,959,Undirected,1,0.0,0.0
5805,1435,1646,Undirected,4,0.0,0.0
5806,341,1743,Undirected,2,0.0,0.0
5807,1392,1959,Undirected,32,0.0,0.0
5808,633,1478,Undirected,17,0.0,0.0
5809,601,675,Undirected,5,0.0,0.0
5810,433,979,Undirected,1,0.0,0.0
5811,1392,1756,Undirected,7,0.0,0.0
5812,659,1725,Undirected,5,0.0,0.0
5813,1361,1383,Undirected,4,0.0,0.0
5814,1493,45,Undirected,29,0.0,0.0
5815,1084,1269,Undirected,1,0.0,0.0
5816,1018,1380,Undirected,4,0.0,0.0
5817,1133,1302,Undirected,1,0.0,0.0
5818,186,1150,Undirected,2,0.0,0.0
5819,984,1764,Undirected,2,0.0,0.0
5820,1827,1054,Undirected,6,0.0,0.0
5821,1306,1667,Undirected,1,0.0,0.0
5822,1410,1635,Undirected,12,0.0,0.0
5823,1315,1235,Undirected,2,0.0,0.0
5824,813,853,Undirected,26,0.0,0.0
5825,777,991,Undirected,3,0.0,0.0
5826,1778,1382,Undirected,18,0.0,0.0
5827,1682,1995,Undirected,7,0.0,0.0
5828,1739,813,Undirected,3,0.0,0.0
5829,1920,1091,Undirected,2,0.0,0.0
5830,197,551,Undirected,2,0.0,0.0
5831,1322,1875,Undirected,18,0.0,0.0
5832,291,903,Undirected,3,0.0,0.0
5833,1225,420,Undirected,5,0.0,0.0
5834,256,256,Undirected,37,0.0,0.0
5835,906,1716,Undirected,3,0.0,0.0
5836,1149,1678,Undirected,1,0.0,0.0
5837,875,1735,Undirected,1,0.0,0.0
5838,1393,1393,Undirected,48,0.0,0.0
5839,423,55,Undirected,10,0.0,0.0
5840,1484,1325,Undirected,3,0.0,0.0
5841,942,1446,Undirected,5,0.0,0.0
5842,1382,1839,Undirected,1,0.0,0.0
5843,1348,1893,Undirected,38,0.0,0.0
5844,711,1959,Undirected,20,0.0,0.0
5845,1075,1150,Undirected,1,0.0,0.0
5846,1992,1239,Undirected,7,0.0,0.0
5847,985,1758,Undirected,5,0.0,0.0
5848,620,1541,Undirected,2,0.0,0.0
5849,1969,995,Undirected,4,0.0,0.0
5850,801,1250,Undirected,1,0.0,0.0
5851,1344,1604,Undirected,1,0.0,0.0
5852,1272,1778,Undirected,47,0.0,0.0
5853,348,1191,Undirected,18,0.0,0.0
5854,984,680,Undirected,1,0.0,0.0
5855,1000,283,Undirected,4,0.0,0.0
5856,936,1470,Undirected,6,0.0,0.0
5857,705,1439,Undirected,2,0.0,0.0
5858,1003,1460,Undirected,13,0.0,0.0
5859,1890,1740,Undirected,33,0.0,0.0
5860,364,364,Undirected,130,0.0,0.0
5861,884,750,Undirected,2,0.0,0.0
5862,1938,1837,Undirected,50,0.0,0.0
5863,489,1513,Undirected,3,0.0,0.0
5864,1164,93,Undirected,29,0.0,0.0
5865,1549,1199,Undirected,8,0.0,0.0
5866,1035,319,Undirected,1,0.0,0.0
5867,1833,772,Undirected,1,0.0,0.0
5868,714,714,Undirected,7,0.0,0.0
5869,105,105,Undirected,80,0.0,0.0
5870,201,201,Undirected,89,0.0,0.0
5871,1795,588,Undirected,4,0.0,0.0
5872,348,348,Undirected,135,0.0,0.0
5873,337,337,Undirected,36,0.0,0.0
5874,192,721,Undirected,5,0.0,0.0
5875,539,1372,Undirected,1,0.0,0.0
5876,1595,675,Undirected,1,0.0,0.0
5877,1097,1300,Undirected,1,0.0,0.0
5878,1914,1914,Undirected,16,0.0,0.0
5879,1740,1900,Undirected,1,0.0,0.0
5880,1853,1573,Undirected,3,0.0,0.0
5881,317,1230,Undirected,11,0.0,0.0
5882,1805,1774,Undirected,19,0.0,0.0
5883,643,879,Undirected,4,0.0,0.0
5884,516,767,Undirected,1,0.0,0.0
5885,1385,1385,Undirected,161,0.0,0.0
5886,1819,1548,Undirected,1,0.0,0.0
5887,1274,182,Undirected,5,0.0,0.0
5888,217,1127,Undirected,6,0.0,0.0
5889,539,901,Undirected,5,0.0,0.0
5890,1455,567,Undirected,2,0.0,0.0
5891,719,719,Undirected,764,0.0,0.0
5892,1962,3,Undirected,4,0.0,0.0
5893,816,102,Undirected,1,0.0,0.0
5894,980,1503,Undirected,1,0.0,0.0
5895,249,1129,Undirected,14,0.0,0.0
5896,1778,1415,Undirected,2,0.0,0.0
5897,1293,1239,Undirected,3,0.0,0.0
5898,1777,221,Undirected,3,0.0,0.0
5899,1162,1995,Undirected,78,0.0,0.0
5900,1220,1294,Undirected,3,0.0,0.0
5901,321,471,Undirected,11,0.0,0.0
5902,96,1940,Undirected,1,0.0,0.0
5903,1904,564,Undirected,1,0.0,0.0
5904,936,1076,Undirected,3,0.0,0.0
5905,1357,1375,Undirected,1,0.0,0.0
5906,1409,9,Undirected,1,0.0,0.0
5907,771,1254,Undirected,1,0.0,0.0
5908,1862,1862,Undirected,85,0.0,0.0
5909,1986,1398,Undirected,1,0.0,0.0
5910,1636,1837,Undirected,1,0.0,0.0
5911,1827,1086,Undirected,1,0.0,0.0
5912,626,1847,Undirected,2,0.0,0.0
5913,1496,1281,Undirected,3,0.0,0.0
5914,882,1555,Undirected,2,0.0,0.0
5915,1617,1519,Undirected,2,0.0,0.0
5916,626,1462,Undirected,3,0.0,0.0
5917,1821,1821,Undirected,10,0.0,0.0
5918,1484,758,Undirected,29,0.0,0.0
5919,953,1182,Undirected,2,0.0,0.0
5920,1969,1681,Undirected,50,0.0,0.0
5921,669,1855,Undirected,9,0.0,0.0
5922,1229,1229,Undirected,102,0.0,0.0
5923,1819,932,Undirected,1,0.0,0.0
5924,566,1294,Undirected,57,0.0,0.0
5925,544,1209,Undirected,1,0.0,0.0
5926,523,523,Undirected,25,0.0,0.0
5927,1883,1707,Undirected,2,0.0,0.0
5928,1347,1598,Undirected,4,0.0,0.0
5929,584,1630,Undirected,7,0.0,0.0
5930,1656,718,Undirected,4,0.0,0.0
5931,1153,1356,Undirected,4,0.0,0.0
5932,1096,1096,Undirected,64,0.0,0.0
5933,1385,1770,Undirected,16,0.0,0.0
5934,1620,1871,Undirected,3,0.0,0.0
5935,160,675,Undirected,1,0.0,0.0
5936,1162,1900,Undirected,7,0.0,0.0
5937,587,1813,Undirected,10,0.0,0.0
5938,266,1715,Undirected,1,0.0,0.0
5939,1084,31,Undirected,5,0.0,0.0
5940,1380,28,Undirected,15,0.0,0.0
5941,528,1935,Undirected,59,0.0,0.0
5942,1320,277,Undirected,1,0.0,0.0
5943,1120,1818,Undirected,2,0.0,0.0
5944,28,1078,Undirected,1,0.0,0.0
5945,1274,330,Undirected,9,0.0,0.0
5946,290,1716,Undirected,1,0.0,0.0
5947,1547,1740,Undirected,7,0.0,0.0
5948,1675,719,Undirected,6,0.0,0.0
5949,1288,325,Undirected,3,0.0,0.0
5950,1848,308,Undirected,11,0.0,0.0
5951,830,598,Undirected,1,0.0,0.0
5952,714,1502,Undirected,4,0.0,0.0
5953,1611,1207,Undirected,9,0.0,0.0
5954,339,229,Undirected,3,2.6459399766863215e-07,0.22765470952478908
5955,947,1988,Undirected,3,0.0,0.0
5956,1500,1860,Undirected,29,0.0,0.0
5957,484,311,Undirected,2,0.0,0.0
5958,53,317,Undirected,26,0.0,0.0
5959,3,559,Undirected,2,0.0,0.0
5960,1203,1917,Undirected,1,0.0,0.0
5961,1380,686,Undirected,1,0.0,0.0
5962,12,357,Undirected,1,0.0,0.0
5963,985,1484,Undirected,30,0.0,0.0
5964,500,1886,Undirected,7,0.0,0.0
5965,712,1403,Undirected,1,0.0,0.0
5966,1657,1429,Undirected,1,0.0,0.0
5967,165,165,Undirected,7,0.0,0.0
5968,1040,1040,Undirected,4,0.0,0.0
5969,1155,1974,Undirected,63,0.0,0.0
5970,1794,1772,Undirected,3,0.0,0.0
5971,959,959,Undirected,49,0.0,0.0
5972,1195,1804,Undirected,1,0.0,0.0
5973,516,671,Undirected,1,0.0,0.0
5974,1272,989,Undirected,3,0.0,0.0
5975,122,1197,Undirected,3,0.0,0.0
5976,1560,1428,Undirected,1,0.0,0.0
5977,984,1573,Undirected,1,0.0,0.0
5978,1138,106,Undirected,8,0.0,0.0
5979,1938,812,Undirected,1,0.0,0.0
5980,1263,1263,Undirected,116,0.0,0.0
5981,466,466,Undirected,95,0.0,0.0
5982,1375,1455,Undirected,15,0.0,0.0
5983,264,808,Undirected,6,0.0,0.0
5984,1584,1382,Undirected,39,0.0,0.0
5985,643,772,Undirected,5,0.0,0.0
5986,1576,151,Undirected,1,0.0,0.0
5987,417,102,Undirected,1,0.0,0.0
5988,1635,1355,Undirected,1,0.0,0.0
5989,858,52,Undirected,5,0.0,0.0
5990,549,1462,Undirected,1,0.0,0.0
5991,642,502,Undirected,25,0.0,0.0
5992,194,1083,Undirected,9,0.0,0.0
5993,1642,1093,Undirected,42,0.0,0.0
5994,76,509,Undirected,2,0.0,0.0
5995,556,837,Undirected,4,0.0,0.0
5996,1587,663,Undirected,2,0.0,0.0
5997,1122,181,Undirected,15,0.0,0.0
5998,516,191,Undirected,6,0.0,0.0
5999,1035,1079,Undirected,6,0.0,0.0
6000,1032,1032,Undirected,301,0.0,0.0
6001,233,290,Undirected,3,0.0,0.0
6002,212,1446,Undirected,1,0.0,0.0
6003,538,1739,Undirected,2,0.0,0.0
6004,129,1297,Undirected,24,0.0,0.0
6005,1930,566,Undirected,2,0.0,0.0
6006,861,1598,Undirected,9,0.0,0.0
6007,257,1411,Undirected,1,0.0,0.0
6008,841,1170,Undirected,17,0.0,0.0
6009,1986,93,Undirected,1,0.0,0.0
6010,1100,1356,Undirected,1,0.0,0.0
6011,690,1079,Undirected,1,0.0,0.0
6012,455,455,Undirected,97,0.0,0.0
6013,899,551,Undirected,1,0.0,0.0
6014,1373,1373,Undirected,12,0.0,0.0
6015,1800,794,Undirected,2,0.0,0.0
6016,140,47,Undirected,1,0.0,0.0
6017,1633,1161,Undirected,3,0.0,0.0
6018,1308,1549,Undirected,3,0.0,0.0
6019,1155,1484,Undirected,136,0.0,0.0
6020,979,911,Undirected,47,0.0,0.0
6021,1288,1884,Undirected,1,0.0,0.0
6022,1067,1067,Undirected,17,0.0,0.0
6023,1124,1556,Undirected,2,0.0,0.0
6024,302,302,Undirected,9,0.0,0.0
6025,659,1444,Undirected,1,0.0,0.0
6026,1806,1639,Undirected,4,0.0,0.0
6027,1331,1083,Undirected,14,0.0,0.0
6028,1325,1141,Undirected,3,0.0,0.0
6029,640,738,Undirected,5,0.0,0.0
6030,1137,1703,Undirected,1,0.0,0.0
6031,1632,1375,Undirected,3,0.0,0.0
6032,1499,1551,Undirected,1,0.0,0.0
6033,689,205,Undirected,1,0.0,0.0
6034,1570,819,Undirected,6,0.0,0.0
6035,70,1246,Undirected,13,0.0,0.0
6036,1888,574,Undirected,46,0.0,0.0
6037,693,1935,Undirected,1,0.0,0.0
6038,625,138,Undirected,5,0.0,0.0
6039,452,614,Undirected,3,0.0,0.0
6040,1845,557,Undirected,6,0.0,0.0
6041,1682,908,Undirected,1,0.0,0.0
6042,1625,154,Undirected,4,0.0,0.0
6043,1596,1079,Undirected,13,0.0,0.0
6044,1903,1327,Undirected,8,0.0,0.0
6045,649,649,Undirected,16,0.0,0.0
6046,801,801,Undirected,43,0.0,0.0
6047,1808,518,Undirected,1,0.0,0.0
6048,1473,989,Undirected,2,0.0,0.0
6049,1593,1812,Undirected,2,0.0,0.0
6050,1283,877,Undirected,2,0.0,0.0
6051,259,259,Undirected,8,0.0,0.0
6052,1204,1900,Undirected,1,0.0,0.0
6053,1314,1314,Undirected,94,0.0,0.0
6054,1033,1837,Undirected,7,0.0,0.0
6055,1393,1076,Undirected,43,0.0,0.0
6056,1916,342,Undirected,1,0.0,0.0
6057,1529,1078,Undirected,2,0.0,0.0
6058,1396,516,Undirected,3,0.0,0.0
6059,1849,1849,Undirected,117,0.0,0.0
6060,1602,1219,Undirected,14,0.0,0.0
6061,556,718,Undirected,3,0.0,0.0
6062,538,1778,Undirected,90,0.0,0.0
6063,1976,257,Undirected,1,0.0,0.0
6064,1462,1462,Undirected,41,0.0,0.0
6065,1771,1478,Undirected,1,0.0,0.0
6066,81,1429,Undirected,1,0.0,0.0
6067,1257,1459,Undirected,1,0.0,0.0
6068,827,229,Undirected,2,0.0,0.0
6069,182,670,Undirected,8,0.0,0.0
6070,1177,1745,Undirected,28,0.0,0.0
6071,1824,455,Undirected,1,0.0,0.0
6072,1361,341,Undirected,4,0.0,0.0
6073,128,1509,Undirected,16,0.0,0.0
6074,1835,317,Undirected,1,0.0,0.0
6075,1812,909,Undirected,1,0.0,0.0
6076,1577,1893,Undirected,7,0.0,0.0
6077,805,1175,Undirected,6,0.0,0.0
6078,1289,1106,Undirected,24,0.0,0.0
6079,979,711,Undirected,7,0.0,0.0
6080,1462,1919,Undirected,3,0.0,0.0
6081,979,1372,Undirected,12,0.0,0.0
6082,703,1191,Undirected,40,0.0,0.0
6083,1032,433,Undirected,3,0.0,0.0
6084,1297,1637,Undirected,5,0.0,0.0
6085,673,1522,Undirected,4,0.0,0.0
6086,1697,1442,Undirected,1,0.0,0.0
6087,104,988,Undirected,2,0.0,0.0
6088,1784,1784,Undirected,9,0.0,0.0
6089,1346,1095,Undirected,4,0.0,0.0
6090,1568,1382,Undirected,11,0.0,0.0
6091,728,1326,Undirected,1,0.0,0.0
6092,662,1358,Undirected,2,0.0,0.0
6093,1506,1946,Undirected,3,0.0,0.0
6094,516,1469,Undirected,1,0.0,0.0
6095,1509,1734,Undirected,2,0.0,0.0
6096,1921,516,Undirected,6,0.0,0.0
6097,822,102,Undirected,1,0.0,0.0
6098,1570,1204,Undirected,10,0.0,0.0
6099,1719,1719,Undirected,48,0.0,0.0
6100,1840,1868,Undirected,1,0.0,0.0
6101,529,1974,Undirected,3,0.0,0.0
6102,1748,1116,Undirected,1,0.0,0.0
6103,411,1716,Undirected,2,0.0,0.0
6104,732,1549,Undirected,2,0.0,0.0
6105,832,882,Undirected,1,0.0,0.0
6106,1124,1604,Undirected,1,0.0,0.0
6107,980,887,Undirected,1,0.0,0.0
6108,103,1295,Undirected,2,0.0,0.0
6109,1161,1074,Undirected,6,0.0,0.0
6110,1756,1837,Undirected,1,0.0,0.0
6111,1828,1783,Undirected,1,0.0,0.0
6112,697,1713,Undirected,2,0.0,0.0
6113,1509,1758,Undirected,8,0.0,0.0
6114,1484,1141,Undirected,34,0.0,0.0
6115,596,1247,Undirected,2,0.0,0.0
6116,635,1180,Undirected,2,0.0,0.0
6117,529,812,Undirected,7,0.0,0.0
6118,538,538,Undirected,1038,0.0,0.0
6119,730,146,Undirected,7,0.0,0.0
6120,577,1815,Undirected,1,2.8911993844497666e-07,0.24875664672841905
6121,1664,756,Undirected,1,0.0,0.0
6122,1834,947,Undirected,9,0.0,0.0
6123,1788,550,Undirected,1,0.0,0.0
6124,1937,1627,Undirected,1,0.0,0.0
6125,433,1547,Undirected,2,0.0,0.0
6126,1490,1925,Undirected,2,0.0,0.0
6127,985,853,Undirected,7,0.0,0.0
6128,1441,550,Undirected,12,0.0,0.0
6129,1209,1209,Undirected,18,0.0,0.0
6130,400,1101,Undirected,2,0.0,0.0
6131,1408,642,Undirected,5,0.0,0.0
6132,841,1118,Undirected,4,0.0,0.0
6133,480,457,Undirected,2,0.0,0.0
6134,925,62,Undirected,2,0.0,0.0
6135,410,1806,Undirected,4,0.0,0.0
6136,608,1941,Undirected,10,0.0,0.0
6137,106,1178,Undirected,38,0.0,0.0
6138,1766,1606,Undirected,2,0.0,0.0
6139,980,853,Undirected,1,0.0,0.0
6140,1553,1002,Undirected,1,0.0,0.0
6141,1538,1774,Undirected,2,0.0,0.0
6142,886,415,Undirected,2,0.0,0.0
6143,1296,1858,Undirected,5,0.0,0.0
6144,1239,1903,Undirected,5,0.0,0.0
6145,124,124,Undirected,38,0.0,0.0
6146,1159,1159,Undirected,34,0.0,0.0
6147,850,780,Undirected,1,0.0,0.0
6148,580,1774,Undirected,23,0.0,0.0
6149,680,1725,Undirected,2,0.0,0.0
6150,1320,418,Undirected,1,0.0,0.0
6151,474,133,Undirected,2,0.0,0.0
6152,1161,1211,Undirected,2,0.0,0.0
6153,1086,1959,Undirected,2,0.0,0.0
6154,1763,1325,Undirected,22,0.0,0.0
6155,281,137,Undirected,2,0.0,0.0
6156,1561,1757,Undirected,7,0.0,0.0
6157,1573,1279,Undirected,1,0.0,0.0
6158,394,394,Undirected,42,0.0,0.0
6159,473,473,Undirected,7,0.0,0.0
6160,200,659,Undirected,2,0.0,0.0
6161,1801,851,Undirected,4,0.0,0.0
6162,541,1974,Undirected,3,0.0,0.0
6163,1376,1997,Undirected,1,0.0,0.0
6164,1226,1226,Undirected,69,0.0,0.0
6165,202,877,Undirected,12,0.0,0.0
6166,80,787,Undirected,4,0.0,0.0
6167,1534,399,Undirected,6,0.0,0.0
6168,804,1774,Undirected,9,0.0,0.0
6169,216,1288,Undirected,17,7.629304703123473e-07,0.656419707691497
6170,1954,803,Undirected,4,0.0,0.0
6171,348,1374,Undirected,2,0.0,0.0
6172,1533,989,Undirected,57,0.0,0.0
6173,898,1871,Undirected,1,0.0,0.0
6174,1593,875,Undirected,1,0.0,0.0
6175,1952,1076,Undirected,3,0.0,0.0
6176,916,597,Undirected,10,0.0,0.0
6177,1052,1052,Undirected,132,0.0,0.0
6178,1604,197,Undirected,7,0.0,0.0
6179,761,310,Undirected,2,0.0,0.0
6180,1178,1686,Undirected,2,0.0,0.0
6181,242,650,Undirected,3,0.0,0.0
6182,853,814,Undirected,1,0.0,0.0
6183,1231,1231,Undirected,24,0.0,0.0
6184,1668,1006,Undirected,1,0.0,0.0
6185,1808,249,Undirected,2,0.0,0.0
6186,1453,1375,Undirected,132,0.0,0.0
6187,1238,1766,Undirected,11,0.0,0.0
6188,485,269,Undirected,2,0.0,0.0
6189,1043,390,Undirected,5,0.0,0.0
6190,1120,46,Undirected,1,0.0,0.0
6191,1125,598,Undirected,1,0.0,0.0
6192,627,1637,Undirected,3,0.0,0.0
6193,1818,46,Undirected,9,0.0,0.0
6194,640,1185,Undirected,32,0.0,0.0
6195,1218,1668,Undirected,5,0.0,0.0
6196,625,874,Undirected,2,0.0,0.0
6197,432,1794,Undirected,10,0.0,0.0
6198,477,1335,Undirected,6,0.0,0.0
6199,1883,820,Undirected,1,0.0,0.0
6200,1305,1694,Undirected,1,0.0,0.0
6201,1817,70,Undirected,10,0.0,0.0
6202,1605,983,Undirected,9,0.0,0.0
6203,969,626,Undirected,4,0.0,0.0
6204,917,677,Undirected,2,0.0,0.0
6205,264,1302,Undirected,1,0.0,0.0
6206,1500,1246,Undirected,3,0.0,0.0
6207,1964,580,Undirected,25,0.0,0.0
6208,804,1805,Undirected,3,0.0,0.0
6209,424,271,Undirected,2,0.0,0.0
6210,1242,1102,Undirected,2,0.0,0.0
6211,490,1855,Undirected,1,0.0,0.0
6212,369,1883,Undirected,2,0.0,0.0
6213,1754,1756,Undirected,16,0.0,0.0
6214,979,887,Undirected,5,0.0,0.0
6215,1072,1072,Undirected,222,0.0,0.0
6216,835,923,Undirected,38,0.0,0.0
6217,1792,268,Undirected,2,0.0,0.0
6218,998,998,Undirected,32,0.0,0.0
6219,211,1372,Undirected,2,0.0,0.0
6220,680,1644,Undirected,1,0.0,0.0
6221,1504,1413,Undirected,1,0.0,0.0
6222,1584,538,Undirected,2,0.0,0.0
6223,1035,1035,Undirected,40,0.0,0.0
6224,1809,1806,Undirected,4,0.0,0.0
6225,1480,1795,Undirected,2,0.0,0.0
6226,915,1140,Undirected,1,0.0,0.0
6227,49,1373,Undirected,5,0.0,0.0
6228,295,295,Undirected,212,0.0,0.0
6229,1155,1357,Undirected,2,0.0,0.0
6230,75,1863,Undirected,1,0.0,0.0
6231,1740,1973,Undirected,1,0.0,0.0
6232,1877,1199,Undirected,39,0.0,0.0
6233,188,590,Undirected,1,0.0,0.0
6234,1754,622,Undirected,1,0.0,0.0
6235,862,1247,Undirected,13,0.0,0.0
6236,1112,194,Undirected,4,0.0,0.0
6237,686,1070,Undirected,1,0.0,0.0
6238,1113,116,Undirected,10,0.0,0.0
6239,1563,1790,Undirected,1,0.0,0.0
6240,1235,940,Undirected,2,0.0,0.0
6241,453,453,Undirected,35,0.0,0.0
6242,441,94,Undirected,2,0.0,0.0
6243,653,534,Undirected,3,0.0,0.0
6244,1804,1974,Undirected,4,0.0,0.0
6245,1401,597,Undirected,19,0.0,0.0
6246,698,469,Undirected,13,0.0,0.0
6247,1529,1883,Undirected,5,0.0,0.0
6248,1099,1935,Undirected,5,0.0,0.0
6249,1523,1005,Undirected,10,0.0,0.0
6250,1646,1806,Undirected,5,0.0,0.0
6251,1912,1095,Undirected,5,0.0,0.0
6252,1277,231,Undirected,2,0.0,0.0
6253,1202,70,Undirected,9,0.0,0.0
6254,1584,1477,Undirected,4,0.0,0.0
6255,1296,304,Undirected,1,0.0,0.0
6256,1604,839,Undirected,1,0.0,0.0
6257,1097,1459,Undirected,1,0.0,0.0
6258,840,151,Undirected,1,0.0,0.0
6259,1395,551,Undirected,1,0.0,0.0
6260,1382,719,Undirected,13,0.0,0.0
6261,281,47,Undirected,2,0.0,0.0
6262,1584,1995,Undirected,1,0.0,0.0
6263,1504,1504,Undirected,40,0.0,0.0
6264,899,646,Undirected,1,0.0,0.0
6265,1584,1326,Undirected,1,0.0,0.0
6266,1306,1651,Undirected,1,0.0,0.0
6267,681,681,Undirected,241,0.0,0.0
6268,1740,1596,Undirected,1,0.0,0.0
6269,1948,1213,Undirected,2,0.0,0.0
6270,777,1379,Undirected,43,0.0,0.0
6271,1867,492,Undirected,6,0.0,0.0
6272,381,310,Undirected,8,0.0,0.0
6273,120,282,Undirected,9,0.0,0.0
6274,1668,1159,Undirected,5,0.0,0.0
6275,1471,1471,Undirected,49,0.0,0.0
6276,1363,342,Undirected,1,0.0,0.0
6277,1854,1727,Undirected,1,0.0,0.0
6278,908,1231,Undirected,2,0.0,0.0
6279,122,782,Undirected,10,0.0,0.0
6280,480,955,Undirected,6,0.0,0.0
6281,1289,1811,Undirected,15,0.0,0.0
6282,753,228,Undirected,6,0.0,0.0
6283,980,1484,Undirected,41,0.0,0.0
6284,1644,1701,Undirected,8,0.0,0.0
6285,1529,539,Undirected,12,0.0,0.0
6286,1153,1476,Undirected,1,0.0,0.0
6287,1032,1780,Undirected,7,0.0,0.0
6288,436,837,Undirected,3,0.0,0.0
6289,880,1919,Undirected,1,0.0,0.0
6290,917,1383,Undirected,43,0.0,0.0
6291,1344,1630,Undirected,63,0.0,0.0
6292,1315,1527,Undirected,6,0.0,0.0
6293,1529,1828,Undirected,1,0.0,0.0
6294,93,1181,Undirected,4,0.0,0.0
6295,979,1804,Undirected,5,0.0,0.0
6296,1602,1078,Undirected,2,0.0,0.0
6297,1937,1700,Undirected,2,0.0,0.0
6298,258,258,Undirected,4,0.0,0.0
6299,1141,661,Undirected,1,0.0,0.0
6300,1745,1270,Undirected,2,0.0,0.0
6301,754,1652,Undirected,7,0.0,0.0
6302,1317,1671,Undirected,6,0.0,0.0
6303,1940,1940,Undirected,13,0.0,0.0
6304,795,795,Undirected,264,0.0,0.0
6305,592,171,Undirected,1,0.0,0.0
6306,1545,254,Undirected,5,0.0,0.0
6307,1969,1684,Undirected,3,0.0,0.0
6308,433,814,Undirected,1,0.0,0.0
6309,43,1284,Undirected,3,0.0,0.0
6310,1088,659,Undirected,3,0.0,0.0
6311,441,754,Undirected,3,0.0,0.0
6312,1778,1596,Undirected,41,0.0,0.0
6313,1491,1607,Undirected,1,0.0,0.0
6314,1841,924,Undirected,1,0.0,0.0
6315,1946,1190,Undirected,6,0.0,0.0
6316,369,1078,Undirected,1,0.0,0.0
6317,392,47,Undirected,1,0.0,0.0
6318,1089,195,Undirected,1,0.0,0.0
6319,669,1502,Undirected,3,0.0,0.0
6320,888,1085,Undirected,2,0.0,0.0
6321,999,687,Undirected,6,0.0,0.0
6322,1648,880,Undirected,8,0.0,0.0
6323,1768,1209,Undirected,6,0.0,0.0
6324,1853,127,Undirected,16,0.0,0.0
6325,1851,1942,Undirected,1,0.0,0.0
6326,1776,1020,Undirected,1,0.0,0.0
6327,1758,455,Undirected,3,0.0,0.0
6328,1289,1531,Undirected,1,0.0,0.0
6329,1543,1327,Undirected,4,0.0,0.0
6330,512,1474,Undirected,5,0.0,0.0
6331,1937,1983,Undirected,1,0.0,0.0
6332,502,919,Undirected,2,0.0,0.0
6333,1148,1639,Undirected,17,0.0,0.0
6334,1993,406,Undirected,1,0.0,0.0
6335,1341,1894,Undirected,2,0.0,0.0
6336,1734,1343,Undirected,1,0.0,0.0
6337,634,634,Undirected,14,0.0,0.0
6338,152,152,Undirected,22,0.0,0.0
6339,140,140,Undirected,107,0.0,0.0
6340,1952,667,Undirected,1,0.0,0.0
6341,424,1739,Undirected,14,0.0,0.0
6342,31,1727,Undirected,127,0.0,0.0
6343,1040,913,Undirected,2,0.0,0.0
6344,1905,970,Undirected,29,0.0,0.0
6345,875,1727,Undirected,4,0.0,0.0
6346,1185,740,Undirected,8,0.0,0.0
6347,264,896,Undirected,3,0.0,0.0
6348,1763,1044,Undirected,1,0.0,0.0
6349,1787,1901,Undirected,6,3.1995753914319106e-07,0.2752890892299509
6350,1194,1326,Undirected,2,0.0,0.0
6351,112,405,Undirected,1,0.0,0.0
6352,331,331,Undirected,92,0.0,0.0
6353,745,902,Undirected,5,0.0,0.0
6354,1641,1682,Undirected,4,0.0,0.0
6355,1992,1831,Undirected,1,0.0,0.0
6356,1579,1125,Undirected,7,0.0,0.0
6357,1814,1727,Undirected,2,0.0,0.0
6358,1924,205,Undirected,9,0.0,0.0
6359,424,1734,Undirected,6,0.0,0.0
6360,1986,708,Undirected,4,0.0,0.0
6361,1504,1056,Undirected,1,0.0,0.0
6362,1547,1734,Undirected,1,0.0,0.0
6363,1701,1159,Undirected,1,0.0,0.0
6364,993,1594,Undirected,4,0.0,0.0
6365,418,1390,Undirected,2,3.137279188585055e-07,0.26992917022628576
6366,1578,1011,Undirected,4,0.0,0.0
6367,897,598,Undirected,1,0.0,0.0
6368,250,1751,Undirected,2,0.0,0.0
6369,1045,1535,Undirected,1,0.0,0.0
6370,623,623,Undirected,66,0.0,0.0
6371,678,678,Undirected,18,0.0,0.0
6372,569,326,Undirected,1,0.0,0.0
6373,123,621,Undirected,7,0.0,0.0
6374,1482,886,Undirected,1,0.0,0.0
6375,1118,1390,Undirected,2,0.0,0.0
6376,891,998,Undirected,4,0.0,0.0
6377,638,1894,Undirected,7,0.0,0.0
6378,228,228,Undirected,148,0.0,0.0
6379,1710,1159,Undirected,1,0.0,0.0
6380,640,811,Undirected,1,0.0,0.0
6381,128,424,Undirected,2,0.0,0.0
6382,1145,1145,Undirected,19,0.0,0.0
6383,586,1087,Undirected,1,0.0,0.0
6384,216,81,Undirected,3,0.0,0.0
6385,1837,1805,Undirected,1,0.0,0.0
6386,1570,1476,Undirected,32,0.0,0.0
6387,979,1380,Undirected,30,0.0,0.0
6388,432,1628,Undirected,7,0.0,0.0
6389,1754,1707,Undirected,1,0.0,0.0
6390,1672,1568,Undirected,12,0.0,0.0
6391,1568,1568,Undirected,329,0.0,0.0
6392,1077,1774,Undirected,1,0.0,0.0
6393,289,1331,Undirected,3,0.0,0.0
6394,1729,1729,Undirected,33,0.0,0.0
6395,281,7,Undirected,3,2.6563485526691333e-07,0.22855025566824366
6396,1224,548,Undirected,1,0.0,0.0
6397,677,1199,Undirected,24,0.0,0.0
6398,1555,1268,Undirected,3,0.0,0.0
6399,1019,991,Undirected,7,0.0,0.0
6400,842,1703,Undirected,1,0.0,0.0
6401,74,1815,Undirected,1,0.0,0.0
6402,312,1452,Undirected,6,0.0,0.0
6403,1725,1725,Undirected,124,0.0,0.0
6404,1905,1663,Undirected,11,0.0,0.0
6405,1577,1359,Undirected,1,0.0,0.0
6406,1573,1598,Undirected,3,0.0,0.0
6407,1966,151,Undirected,4,0.0,0.0
6408,764,1375,Undirected,6,0.0,0.0
6409,1480,246,Undirected,27,0.0,0.0
6410,1065,1451,Undirected,1,0.0,0.0
6411,1995,772,Undirected,12,0.0,0.0
6412,1553,1519,Undirected,3,0.0,0.0
6413,915,327,Undirected,6,0.0,0.0
6414,1632,1837,Undirected,10,0.0,0.0
6415,1561,1254,Undirected,1,0.0,0.0
6416,1529,947,Undirected,58,0.0,0.0
6417,194,1683,Undirected,6,0.0,0.0
6418,1821,197,Undirected,1,0.0,0.0
6419,1578,327,Undirected,2,0.0,0.0
6420,0,1710,Undirected,1,0.0,0.0
6421,827,1621,Undirected,1,0.0,0.0
6422,1910,199,Undirected,2,0.0,0.0
6423,930,1949,Undirected,67,0.0,0.0
6424,1172,823,Undirected,2,0.0,0.0
6425,1834,813,Undirected,6,0.0,0.0
6426,1250,1157,Undirected,1,0.0,0.0
6427,427,903,Undirected,3,0.0,0.0
6428,596,1191,Undirected,28,0.0,0.0
6429,1476,1053,Undirected,20,0.0,0.0
6430,1992,692,Undirected,1,0.0,0.0
6431,930,102,Undirected,32,0.0,0.0
6432,824,1517,Undirected,3,0.0,0.0
6433,1344,1009,Undirected,6,0.0,0.0
6434,1738,1487,Undirected,2,0.0,0.0
6435,1689,1340,Undirected,36,0.0,0.0
6436,33,397,Undirected,1,0.0,0.0
6437,1050,1050,Undirected,170,0.0,0.0
6438,1388,1535,Undirected,2,0.0,0.0
6439,1453,686,Undirected,2,0.0,0.0
6440,30,1543,Undirected,5,0.0,0.0
6441,1385,199,Undirected,6,0.0,0.0
6442,1000,773,Undirected,1,0.0,0.0
6443,897,1579,Undirected,1,0.0,0.0
6444,1656,116,Undirected,6,0.0,0.0
6445,824,837,Undirected,11,0.0,0.0
6446,1920,1106,Undirected,14,0.0,0.0
6447,1345,1250,Undirected,3,0.0,0.0
6448,635,983,Undirected,1,0.0,0.0
6449,1512,507,Undirected,5,0.0,0.0
6450,1588,1348,Undirected,45,0.0,0.0
6451,1682,1159,Undirected,2,0.0,0.0
6452,688,1036,Undirected,1,0.0,0.0
6453,1380,1254,Undirected,1,0.0,0.0
6454,1135,559,Undirected,22,0.0,0.0
6455,460,908,Undirected,14,0.0,0.0
6456,64,1705,Undirected,46,5.094726318895475e-07,0.4383464668344392
6457,991,991,Undirected,155,0.0,0.0
6458,492,918,Undirected,2,0.0,0.0
6459,1338,1237,Undirected,1,0.0,0.0
6460,1464,478,Undirected,1,0.0,0.0
6461,891,1519,Undirected,3,0.0,0.0
6462,472,1837,Undirected,2,0.0,0.0
6463,1236,1383,Undirected,8,0.0,0.0
6464,229,1190,Undirected,27,0.0,0.0
6465,1326,1503,Undirected,1,0.0,0.0
6466,780,1286,Undirected,1,0.0,0.0
6467,1500,1831,Undirected,4,0.0,0.0
6468,164,1140,Undirected,10,0.0,0.0
6469,1914,44,Undirected,4,0.0,0.0
6470,43,1676,Undirected,2,0.0,0.0
6471,1010,558,Undirected,1,0.0,0.0
6472,857,1791,Undirected,4,0.0,0.0
6473,1102,1886,Undirected,1,0.0,0.0
6474,1060,1324,Undirected,1,0.0,0.0
6475,555,1399,Undirected,1,0.0,0.0
6476,1085,1085,Undirected,132,0.0,0.0
6477,1584,1809,Undirected,142,0.0,0.0
6478,989,1311,Undirected,8,0.0,0.0
6479,490,1308,Undirected,1,0.0,0.0
6480,1345,1916,Undirected,6,0.0,0.0
6481,922,765,Undirected,1,0.0,0.0
6482,1653,822,Undirected,69,0.0,0.0
6483,438,1751,Undirected,17,0.0,0.0
6484,1156,1156,Undirected,52,0.0,0.0
6485,1345,1502,Undirected,1,0.0,0.0
6486,1277,1574,Undirected,1,0.0,0.0
6487,169,1076,Undirected,1,0.0,0.0
6488,1596,1534,Undirected,1,0.0,0.0
6489,280,280,Undirected,270,0.0,0.0
6490,852,1116,Undirected,1,0.0,0.0
6491,1947,1774,Undirected,1,0.0,0.0
6492,489,539,Undirected,3,0.0,0.0
6493,1251,1372,Undirected,13,0.0,0.0
6494,1969,1509,Undirected,248,0.0,0.0
6495,232,1676,Undirected,4,0.0,0.0
6496,899,1781,Undirected,1,0.0,0.0
6497,369,1758,Undirected,1,0.0,0.0
6498,1288,1000,Undirected,4,0.0,0.0
6499,584,1913,Undirected,3,0.0,0.0
6500,178,1268,Undirected,1,0.0,0.0
6501,1944,1223,Undirected,2,0.0,0.0
6502,1105,1282,Undirected,2,0.0,0.0
6503,628,877,Undirected,1,0.0,0.0
6504,1969,1827,Undirected,20,0.0,0.0
6505,969,983,Undirected,6,0.0,0.0
6506,728,28,Undirected,2,0.0,0.0
6507,1937,1268,Undirected,4,0.0,0.0
6508,1515,1515,Undirected,19,0.0,0.0
6509,736,991,Undirected,2,0.0,0.0
6510,277,277,Undirected,14,0.0,0.0
6511,689,1815,Undirected,6,0.0,0.0
6512,857,1897,Undirected,1,0.0,0.0
6513,198,1966,Undirected,3,0.0,0.0
6514,922,1767,Undirected,2,0.0,0.0
6515,1664,1138,Undirected,17,0.0,0.0
6516,392,873,Undirected,4,0.0,0.0
6517,354,354,Undirected,8,0.0,0.0
6518,1801,706,Undirected,4,0.0,0.0
6519,712,868,Undirected,9,0.0,0.0
6520,1082,811,Undirected,10,0.0,0.0
6521,633,1297,Undirected,19,0.0,0.0
6522,1380,541,Undirected,5,0.0,0.0
6523,684,558,Undirected,9,0.0,0.0
6524,1995,1382,Undirected,2,0.0,0.0
6525,1912,914,Undirected,12,0.0,0.0
6526,1395,1814,Undirected,1,0.0,0.0
6527,68,1998,Undirected,1,0.0,0.0
6528,496,911,Undirected,2,0.0,0.0
6529,1856,1833,Undirected,17,0.0,0.0
6530,1772,782,Undirected,1,0.0,0.0
6531,1971,1971,Undirected,30,0.0,0.0
6532,182,182,Undirected,268,0.0,0.0
6533,1091,1885,Undirected,1,0.0,0.0
6534,1577,125,Undirected,1,0.0,0.0
6535,1218,839,Undirected,3,0.0,0.0
6536,1740,1511,Undirected,5,0.0,0.0
6537,1160,424,Undirected,5,0.0,0.0
6538,201,1374,Undirected,1,0.0,0.0
6539,1997,783,Undirected,1,0.0,0.0
6540,955,1199,Undirected,1,0.0,0.0
6541,862,591,Undirected,1,0.0,0.0
6542,12,1252,Undirected,1,0.0,0.0
6543,539,1987,Undirected,7,0.0,0.0
6544,1042,719,Undirected,3,0.0,0.0
6545,1510,1510,Undirected,218,0.0,0.0
6546,1423,1423,Undirected,9,0.0,0.0
6547,1675,1054,Undirected,1,0.0,0.0
6548,1636,1167,Undirected,4,0.0,0.0
6549,732,1725,Undirected,4,0.0,0.0
6550,1385,515,Undirected,2,0.0,0.0
6551,1216,508,Undirected,11,0.0,0.0
6552,1185,1820,Undirected,6,0.0,0.0
6553,737,1383,Undirected,7,0.0,0.0
6554,212,1975,Undirected,2,0.0,0.0
6555,649,1777,Undirected,1,0.0,0.0
6556,946,1397,Undirected,2,0.0,0.0
6557,178,711,Undirected,7,0.0,0.0
6558,1739,887,Undirected,3,0.0,0.0
6559,1590,1718,Undirected,2,0.0,0.0
6560,443,1356,Undirected,3,0.0,0.0
6561,496,1404,Undirected,3,0.0,0.0
6562,1222,207,Undirected,38,0.0,0.0
6563,1698,853,Undirected,1,0.0,0.0
6564,1251,1499,Undirected,19,0.0,0.0
6565,529,529,Undirected,301,0.0,0.0
6566,1578,1991,Undirected,8,0.0,0.0
6567,1028,199,Undirected,1,0.0,0.0
6568,611,663,Undirected,1,0.0,0.0
6569,1320,1320,Undirected,9,0.0,0.0
6570,194,1815,Undirected,2,0.0,0.0
6571,851,935,Undirected,1,0.0,0.0
6572,305,1826,Undirected,13,0.0,0.0
6573,841,1950,Undirected,2,0.0,0.0
6574,1013,1462,Undirected,1,0.0,0.0
6575,1321,219,Undirected,11,0.0,0.0
6576,1689,1532,Undirected,3,0.0,0.0
6577,1288,731,Undirected,1,0.0,0.0
6578,566,342,Undirected,14,0.0,0.0
6579,1251,1326,Undirected,1,0.0,0.0
6580,0,786,Undirected,9,0.0,0.0
6581,1155,308,Undirected,1,0.0,0.0
6582,544,517,Undirected,1,0.0,0.0
6583,1600,1356,Undirected,9,0.0,0.0
6584,1632,1427,Undirected,1,0.0,0.0
6585,1322,1308,Undirected,1,0.0,0.0
6586,1751,1751,Undirected,68,0.0,0.0
6587,496,1973,Undirected,1,0.0,0.0
6588,1162,1607,Undirected,2,0.0,0.0
6589,1440,545,Undirected,2,0.0,0.0
6590,924,1197,Undirected,4,0.0,0.0
6591,763,740,Undirected,1,0.0,0.0
6592,1344,1813,Undirected,11,0.0,0.0
6593,1836,502,Undirected,18,0.0,0.0
6594,1471,127,Undirected,1,0.0,0.0
6595,1360,555,Undirected,1,0.0,0.0
6596,931,628,Undirected,1,0.0,0.0
6597,136,136,Undirected,23,0.0,0.0
6598,1536,1536,Undirected,47,0.0,0.0
6599,1568,580,Undirected,2,0.0,0.0
6600,1673,1197,Undirected,6,0.0,0.0
6601,1380,1380,Undirected,398,0.0,0.0
6602,1032,1827,Undirected,22,0.0,0.0
6603,1141,1837,Undirected,3,0.0,0.0
6604,896,33,Undirected,21,0.0,0.0
6605,1404,1551,Undirected,3,0.0,0.0
6606,1345,1390,Undirected,1,0.0,0.0
6607,937,937,Undirected,58,0.0,0.0
6608,1358,279,Undirected,1,0.0,0.0
6609,1466,1404,Undirected,13,0.0,0.0
6610,21,1230,Undirected,2,0.0,0.0
6611,0,603,Undirected,2,0.0,0.0
6612,932,109,Undirected,2,0.0,0.0
6613,400,462,Undirected,23,0.0,0.0
6614,1425,228,Undirected,5,0.0,0.0
6615,228,590,Undirected,1,0.0,0.0
6616,771,979,Undirected,3,0.0,0.0
6617,728,1195,Undirected,12,0.0,0.0
6618,1097,1123,Undirected,4,0.0,0.0
6619,1571,772,Undirected,1,0.0,0.0
6620,819,1959,Undirected,4,0.0,0.0
6621,736,1651,Undirected,8,0.0,0.0
6622,1490,1710,Undirected,1,0.0,0.0
6623,464,1399,Undirected,2,0.0,0.0
6624,538,1938,Undirected,1,0.0,0.0
6625,1082,1396,Undirected,12,0.0,0.0
6626,1828,758,Undirected,12,0.0,0.0
6627,1155,911,Undirected,17,0.0,0.0
6628,1840,897,Undirected,1,0.0,0.0
6629,252,439,Undirected,1,0.0,0.0
6630,1522,242,Undirected,2,0.0,0.0
6631,1233,230,Undirected,5,0.0,0.0
6632,273,283,Undirected,2,0.0,0.0
6633,1649,171,Undirected,14,0.0,0.0
6634,819,887,Undirected,2,0.0,0.0
6635,970,970,Undirected,109,0.0,0.0
6636,980,455,Undirected,2,0.0,0.0
6637,88,1577,Undirected,2,0.0,0.0
6638,1628,1628,Undirected,103,0.0,0.0
6639,1945,1035,Undirected,1,0.0,0.0
6640,1284,1284,Undirected,36,0.0,0.0
6641,156,972,Undirected,3,0.0,0.0
6642,1932,1727,Undirected,1,0.0,0.0
6643,1538,847,Undirected,1,0.0,0.0
6644,1011,932,Undirected,1,0.0,0.0
6645,780,1070,Undirected,24,0.0,0.0
6646,932,327,Undirected,4,0.0,0.0
6647,1593,1418,Undirected,3,0.0,0.0
6648,1706,1598,Undirected,7,0.0,0.0
6649,586,804,Undirected,1,0.0,0.0
6650,1033,1415,Undirected,13,0.0,0.0
6651,1568,1219,Undirected,1,0.0,0.0
6652,1569,1409,Undirected,1,0.0,0.0
6653,1386,1373,Undirected,3,0.0,0.0
6654,984,1278,Undirected,1,0.0,0.0
6655,1590,1183,Undirected,2,0.0,0.0
6656,1055,903,Undirected,3,0.0,0.0
6657,1851,675,Undirected,1,0.0,0.0
6658,1073,1073,Undirected,53,0.0,0.0
6659,561,1205,Undirected,1,0.0,0.0
6660,1618,347,Undirected,6,0.0,0.0
6661,1731,229,Undirected,4,0.0,0.0
6662,1921,765,Undirected,9,5.49579001436111e-07,0.4728536891813774
6663,1228,188,Undirected,2,0.0,0.0
6664,1464,1963,Undirected,1,0.0,0.0
6665,1102,1102,Undirected,44,0.0,0.0
6666,1111,1111,Undirected,69,0.0,0.0
6667,458,267,Undirected,8,0.0,0.0
6668,692,1820,Undirected,3,0.0,0.0
6669,1352,1428,Undirected,1,0.0,0.0
6670,831,831,Undirected,31,0.0,0.0
6671,1995,663,Undirected,1,0.0,0.0
6672,592,389,Undirected,28,0.0,0.0
6673,1945,646,Undirected,2,0.0,0.0
6674,1490,1682,Undirected,8,0.0,0.0
6675,952,1007,Undirected,1,0.0,0.0
6676,978,756,Undirected,1,0.0,0.0
6677,1499,812,Undirected,2,0.0,0.0
6678,822,1383,Undirected,6,0.0,0.0
6679,1132,1214,Undirected,4,0.0,0.0
6680,585,449,Undirected,4,0.0,0.0
6681,1007,1007,Undirected,14,0.0,0.0
6682,1646,1983,Undirected,4,0.0,0.0
6683,1587,195,Undirected,68,0.0,0.0
6684,1811,1998,Undirected,3,0.0,0.0
6685,1648,1902,Undirected,2,0.0,0.0
6686,1596,1167,Undirected,2,0.0,0.0
6687,1948,852,Undirected,1,0.0,0.0
6688,246,447,Undirected,4,0.0,0.0
6689,1809,1700,Undirected,16,0.0,0.0
6690,1186,834,Undirected,4,0.0,0.0
6691,1553,1339,Undirected,2,0.0,0.0
6692,1547,1503,Undirected,6,0.0,0.0
6693,1862,1647,Undirected,5,0.0,0.0
6694,169,511,Undirected,2,0.0,0.0
6695,765,165,Undirected,1,0.0,0.0
6696,1803,1596,Undirected,2,0.0,0.0
6697,1001,1559,Undirected,1,0.0,0.0
6698,769,1605,Undirected,2,0.0,0.0
6699,1037,1037,Undirected,2,0.0,0.0
6700,1963,437,Undirected,15,0.0,0.0
6701,1289,1862,Undirected,14,0.0,0.0
6702,559,1439,Undirected,6,0.0,0.0
6703,937,108,Undirected,1,0.0,0.0
6704,61,743,Undirected,2,0.0,0.0
6705,1056,1693,Undirected,1,0.0,0.0
6706,1977,991,Undirected,9,0.0,0.0
6707,442,1101,Undirected,4,0.0,0.0
6708,408,1073,Undirected,9,0.0,0.0
6709,1121,242,Undirected,1,0.0,0.0
6710,632,767,Undirected,2,0.0,0.0
6711,1691,7,Undirected,10,5.475255252288681e-07,0.47108689351104854
6712,1250,470,Undirected,5,0.0,0.0
6713,887,1783,Undirected,21,0.0,0.0
6714,1603,1774,Undirected,7,0.0,0.0
6715,1738,787,Undirected,16,0.0,0.0
6716,1089,1882,Undirected,1,0.0,0.0
6717,433,1453,Undirected,12,0.0,0.0
6718,880,1989,Undirected,1,0.0,0.0
6719,460,1940,Undirected,1,0.0,0.0
6720,129,1450,Undirected,17,0.0,0.0
6721,1092,1278,Undirected,5,0.0,0.0
6722,1651,1205,Undirected,4,0.0,0.0
6723,761,118,Undirected,9,0.0,0.0
6724,40,193,Undirected,7,0.0,0.0
6725,1896,1284,Undirected,1,0.0,0.0
6726,461,1782,Undirected,7,0.0,0.0
6727,1376,1596,Undirected,45,0.0,0.0
6728,650,1515,Undirected,1,0.0,0.0
6729,753,1207,Undirected,11,0.0,0.0
6730,1988,1959,Undirected,1,0.0,0.0
6731,296,1130,Undirected,28,0.0,0.0
6732,1824,308,Undirected,1,0.0,0.0
6733,1233,1233,Undirected,39,0.0,0.0
6734,1395,772,Undirected,4,0.0,0.0
6735,1340,1532,Undirected,2,0.0,0.0
6736,1330,67,Undirected,45,0.0,0.0
6737,1969,711,Undirected,95,0.0,0.0
6738,1860,1023,Undirected,1,0.0,0.0
6739,1296,20,Undirected,1,0.0,0.0
6740,518,1927,Undirected,5,0.0,0.0
6741,715,1019,Undirected,100,0.0,0.0
6742,488,488,Undirected,7,0.0,0.0
6743,1600,1814,Undirected,5,0.0,0.0
6744,1090,147,Undirected,16,0.0,0.0
6745,772,718,Undirected,1,0.0,0.0
6746,1298,469,Undirected,1,0.0,0.0
6747,577,250,Undirected,1,0.0,0.0
6748,1587,719,Undirected,1,0.0,0.0
6749,1972,230,Undirected,1,0.0,0.0
6750,1114,1027,Undirected,2,0.0,0.0
6751,561,773,Undirected,1,0.0,0.0
6752,410,108,Undirected,1,0.0,0.0
6753,1298,1507,Undirected,1,0.0,0.0
6754,1809,1356,Undirected,4,0.0,0.0
6755,625,1959,Undirected,6,0.0,0.0
6756,280,1969,Undirected,4,0.0,0.0
6757,130,1596,Undirected,131,0.0,0.0
6758,1519,1519,Undirected,99,0.0,0.0
6759,1883,567,Undirected,26,0.0,0.0
6760,968,829,Undirected,1,0.0,0.0
6761,740,439,Undirected,3,0.0,0.0
6762,195,663,Undirected,1,0.0,0.0
6763,633,627,Undirected,8,0.0,0.0
6764,1785,1570,Undirected,1,0.0,0.0
6765,1442,1028,Undirected,1,0.0,0.0
6766,1213,430,Undirected,2,0.0,0.0
6767,1503,1503,Undirected,223,0.0,0.0
6768,1912,1673,Undirected,20,0.0,0.0
6769,1721,1303,Undirected,28,0.0,0.0
6770,388,615,Undirected,30,0.0,0.0
6771,1602,1838,Undirected,2,0.0,0.0
6772,1777,102,Undirected,25,0.0,0.0
6773,1115,1300,Undirected,1,0.0,0.0
6774,832,580,Undirected,13,0.0,0.0
6775,1026,591,Undirected,34,0.0,0.0
6776,745,1751,Undirected,4,0.0,0.0
6777,1219,1987,Undirected,1,0.0,0.0
6778,1288,1288,Undirected,64,0.0,0.0
6779,204,717,Undirected,2,0.0,0.0
6780,930,1876,Undirected,2,0.0,0.0
6781,1162,1814,Undirected,7,0.0,0.0
6782,710,1983,Undirected,5,0.0,0.0
6783,1469,1998,Undirected,2,0.0,0.0
6784,1573,767,Undirected,1,0.0,0.0
6785,1125,1599,Undirected,1,0.0,0.0
6786,984,554,Undirected,1,0.0,0.0
6787,1950,415,Undirected,1,0.0,0.0
6788,1995,459,Undirected,9,0.0,0.0
6789,650,1645,Undirected,1,0.0,0.0
6790,1443,1535,Undirected,2,0.0,0.0
6791,1045,1287,Undirected,3,0.0,0.0
6792,788,903,Undirected,1,0.0,0.0
6793,577,1494,Undirected,2,4.160795468398756e-07,0.35799175041629144
6794,1608,1857,Undirected,2,0.0,0.0
6795,1984,1086,Undirected,7,0.0,0.0
6796,153,1068,Undirected,38,0.0,0.0
6797,888,1426,Undirected,2,0.0,0.0
6798,1323,1323,Undirected,8,0.0,0.0
6799,856,699,Undirected,8,0.0,0.0
6800,712,1351,Undirected,4,0.0,0.0
6801,667,124,Undirected,1,0.0,0.0
6802,1497,1083,Undirected,2,0.0,0.0
6803,1547,1251,Undirected,4,0.0,0.0
6804,1020,773,Undirected,2,0.0,0.0
6805,246,246,Undirected,247,0.0,0.0
6806,729,1210,Undirected,24,0.0,0.0
6807,1240,1900,Undirected,10,0.0,0.0
6808,1969,378,Undirected,3,0.0,0.0
6809,1060,1028,Undirected,7,0.0,0.0
6810,1289,930,Undirected,2,0.0,0.0
6811,612,1780,Undirected,22,0.0,0.0
6812,1765,1765,Undirected,24,0.0,0.0
6813,1827,1581,Undirected,23,0.0,0.0
6814,1850,1895,Undirected,10,0.0,0.0
6815,1305,969,Undirected,3,0.0,0.0
6816,737,730,Undirected,1,0.0,0.0
6817,912,1128,Undirected,4,0.0,0.0
6818,1459,1459,Undirected,55,0.0,0.0
6819,321,1374,Undirected,1,0.0,0.0
6820,924,1703,Undirected,4,0.0,0.0
6821,1866,719,Undirected,2,0.0,0.0
6822,194,1716,Undirected,17,0.0,0.0
6823,368,1470,Undirected,7,0.0,0.0
6824,1194,758,Undirected,8,0.0,0.0
6825,657,188,Undirected,6,1.1622601536377212e-06,1.0
6826,1657,1247,Undirected,5,0.0,0.0
6827,1484,1503,Undirected,108,0.0,0.0
6828,1919,1919,Undirected,1,0.0,0.0
6829,1372,1086,Undirected,3,0.0,0.0
6830,1696,1082,Undirected,3,0.0,0.0
6831,1675,663,Undirected,2,0.0,0.0
6832,1162,1727,Undirected,1,0.0,0.0
6833,1481,467,Undirected,11,0.0,0.0
6834,1432,1893,Undirected,1,0.0,0.0
6835,1898,1293,Undirected,1,0.0,0.0
6836,1386,1386,Undirected,22,0.0,0.0
6837,1651,1701,Undirected,4,0.0,0.0
6838,1097,1948,Undirected,1,0.0,0.0
6839,665,214,Undirected,2,0.0,0.0
6840,1638,1910,Undirected,1,0.0,0.0
6841,1378,509,Undirected,13,0.0,0.0
6842,33,1651,Undirected,1,0.0,0.0
6843,1266,1939,Undirected,40,0.0,0.0
6844,721,438,Undirected,2,0.0,0.0
6845,833,194,Undirected,2,0.0,0.0
6846,1320,1347,Undirected,1,0.0,0.0
6847,720,810,Undirected,4,0.0,0.0
6848,1385,1154,Undirected,1,0.0,0.0
6849,20,20,Undirected,37,0.0,0.0
6850,1073,76,Undirected,2,0.0,0.0
6851,674,674,Undirected,13,0.0,0.0
6852,1372,293,Undirected,1,0.0,0.0
6853,1964,1989,Undirected,2,0.0,0.0
6854,0,798,Undirected,2,0.0,0.0
6855,1204,798,Undirected,3,0.0,0.0
6856,1304,1181,Undirected,2,0.0,0.0
6857,758,1783,Undirected,3,0.0,0.0
6858,1250,1006,Undirected,1,0.0,0.0
6859,903,1207,Undirected,4,0.0,0.0
6860,1594,1637,Undirected,4,0.0,0.0
6861,1965,1951,Undirected,1,0.0,0.0
6862,1007,1951,Undirected,8,0.0,0.0
6863,776,1871,Undirected,1,0.0,0.0
6864,1816,1356,Undirected,5,0.0,0.0
6865,1529,1980,Undirected,14,0.0,0.0
6866,1336,738,Undirected,1,0.0,0.0
6867,908,1454,Undirected,1,0.0,0.0
6868,1434,1551,Undirected,2,0.0,0.0
6869,973,1663,Undirected,2,0.0,0.0
6870,808,1651,Undirected,6,0.0,0.0
6871,179,724,Undirected,1,0.0,0.0
6872,259,1228,Undirected,4,0.0,0.0
6873,400,45,Undirected,1,0.0,0.0
6874,1162,579,Undirected,23,0.0,0.0
6875,1604,1999,Undirected,1,0.0,0.0
6876,1547,1883,Undirected,33,0.0,0.0
6877,156,951,Undirected,2,0.0,0.0
6878,1975,1975,Undirected,16,0.0,0.0
6879,995,1783,Undirected,28,0.0,0.0
6880,900,444,Undirected,20,0.0,0.0
6881,940,1300,Undirected,4,0.0,0.0
6882,1315,1539,Undirected,1,0.0,0.0
6883,392,657,Undirected,4,9.763515147545829e-07,0.84004558850162
6884,722,1436,Undirected,2,0.0,0.0
6885,216,1177,Undirected,1,0.0,0.0
6886,587,1964,Undirected,3,0.0,0.0
6887,1153,1204,Undirected,12,0.0,0.0
6888,1464,1173,Undirected,8,0.0,0.0
6889,474,1003,Undirected,5,0.0,0.0
6890,1448,410,Undirected,1,0.0,0.0
6891,1953,1953,Undirected,1,0.0,0.0
6892,417,1498,Undirected,336,0.0,0.0
6893,1641,459,Undirected,19,0.0,0.0
6894,1705,1050,Undirected,1,0.0,0.0
6895,880,799,Undirected,6,0.0,0.0
6896,929,929,Undirected,26,0.0,0.0
6897,1600,1258,Undirected,1,0.0,0.0
6898,182,1670,Undirected,18,0.0,0.0
6899,1268,1989,Undirected,2,0.0,0.0
6900,341,1927,Undirected,11,0.0,0.0
6901,1568,1695,Undirected,4,0.0,0.0
6902,1344,1035,Undirected,13,0.0,0.0
6903,1247,1287,Undirected,10,0.0,0.0
6904,1528,33,Undirected,10,0.0,0.0
6905,1498,1300,Undirected,1,0.0,0.0
6906,985,1434,Undirected,28,0.0,0.0
6907,1072,1348,Undirected,1,0.0,0.0
6908,1452,1654,Undirected,1,0.0,0.0
6909,1141,1973,Undirected,2,0.0,0.0
6910,299,299,Undirected,13,0.0,0.0
6911,1571,756,Undirected,1,0.0,0.0
6912,1816,1125,Undirected,2,0.0,0.0
6913,1996,1758,Undirected,5,0.0,0.0
6914,1060,1751,Undirected,1,0.0,0.0
6915,1754,1783,Undirected,23,0.0,0.0
6916,1680,1463,Undirected,29,0.0,0.0
6917,1643,1643,Undirected,41,0.0,0.0
6918,1595,1595,Undirected,11,0.0,0.0
6919,1066,444,Undirected,1,0.0,0.0
6920,1588,342,Undirected,11,0.0,0.0
6921,586,1813,Undirected,2,0.0,0.0
6922,1162,1254,Undirected,8,0.0,0.0
6923,1855,1279,Undirected,1,0.0,0.0
6924,432,432,Undirected,182,0.0,0.0
6925,1475,1219,Undirected,2,0.0,0.0
6926,400,1927,Undirected,1,0.0,0.0
6927,131,1262,Undirected,18,0.0,0.0
6928,860,998,Undirected,8,0.0,0.0
6929,1480,1003,Undirected,1,0.0,0.0
6930,1584,336,Undirected,11,0.0,0.0
6931,772,1989,Undirected,2,0.0,0.0
6932,275,567,Undirected,1,0.0,0.0
6933,22,703,Undirected,1,0.0,0.0
6934,1777,1598,Undirected,5,0.0,0.0
6935,1728,283,Undirected,5,0.0,0.0
6936,936,182,Undirected,1,0.0,0.0
6937,1763,1996,Undirected,4,0.0,0.0
6938,269,726,Undirected,1,0.0,0.0
6939,1788,1462,Undirected,1,0.0,0.0
6940,1361,1729,Undirected,1,0.0,0.0
6941,1624,1017,Undirected,1,0.0,0.0
6942,388,388,Undirected,460,0.0,0.0
6943,275,1453,Undirected,1,0.0,0.0
6944,1802,1405,Undirected,2,0.0,0.0
6945,1171,955,Undirected,1,0.0,0.0
6946,97,18,Undirected,1,0.0,0.0
6947,1058,140,Undirected,1,0.0,0.0
6948,1188,1398,Undirected,1,0.0,0.0
6949,1296,1060,Undirected,3,0.0,0.0
6950,1938,1547,Undirected,11,0.0,0.0
6951,1954,1954,Undirected,116,0.0,0.0
6952,1197,1871,Undirected,25,0.0,0.0
6953,640,1498,Undirected,3,0.0,0.0
6954,1538,1806,Undirected,1,0.0,0.0
6955,258,1395,Undirected,2,0.0,0.0
6956,1482,1482,Undirected,56,0.0,0.0
6957,1210,1757,Undirected,1,0.0,0.0
6958,1154,1594,Undirected,2,0.0,0.0
6959,228,734,Undirected,7,0.0,0.0
6960,980,911,Undirected,2,0.0,0.0
6961,813,813,Undirected,464,0.0,0.0
6962,492,1662,Undirected,4,0.0,0.0
6963,312,1348,Undirected,2,0.0,0.0
6964,680,680,Undirected,10,0.0,0.0
6965,753,734,Undirected,7,0.0,0.0
6966,1509,887,Undirected,73,0.0,0.0
6967,1488,1308,Undirected,4,0.0,0.0
6968,1700,1382,Undirected,12,0.0,0.0
6969,424,1219,Undirected,2,0.0,0.0
6970,1064,177,Undirected,11,0.0,0.0
6971,1276,734,Undirected,2,0.0,0.0
6972,1674,1054,Undirected,1,0.0,0.0
6973,1117,1117,Undirected,33,0.0,0.0
6974,1394,109,Undirected,3,0.0,0.0
6975,1680,304,Undirected,8,0.0,0.0
6976,594,375,Undirected,9,0.0,0.0
6977,871,871,Undirected,12,0.0,0.0
6978,1097,1308,Undirected,2,0.0,0.0
6979,1346,341,Undirected,10,0.0,0.0
6980,1908,229,Undirected,39,0.0,0.0
6981,892,470,Undirected,7,0.0,0.0
6982,764,764,Undirected,153,0.0,0.0
6983,1248,1681,Undirected,1,0.0,0.0
6984,1833,643,Undirected,2,0.0,0.0
6985,193,1731,Undirected,16,0.0,0.0
6986,1448,1268,Undirected,2,0.0,0.0
6987,154,154,Undirected,8,0.0,0.0
6988,136,1059,Undirected,10,0.0,0.0
6989,633,75,Undirected,4,0.0,0.0
6990,1219,1551,Undirected,1,0.0,0.0
6991,145,1762,Undirected,6,0.0,0.0
6992,732,1862,Undirected,2,0.0,0.0
6993,1346,1949,Undirected,39,0.0,0.0
6994,1226,266,Undirected,6,0.0,0.0
6995,1219,1838,Undirected,1,0.0,0.0
6996,1145,627,Undirected,1,0.0,0.0
6997,793,668,Undirected,5,0.0,0.0
6998,1244,391,Undirected,1,0.0,0.0
6999,136,1601,Undirected,1,0.0,0.0
7000,360,854,Undirected,2,0.0,0.0
7001,1346,102,Undirected,8,2.910841566239543e-07,0.2504466454544615
7002,1579,1053,Undirected,1,0.0,0.0
7003,1577,470,Undirected,25,0.0,0.0
7004,1848,1326,Undirected,1,0.0,0.0
7005,673,1645,Undirected,2,0.0,0.0
7006,1617,860,Undirected,7,0.0,0.0
7007,691,691,Undirected,16,0.0,0.0
7008,1098,695,Undirected,40,0.0,0.0
7009,538,1219,Undirected,1,0.0,0.0
7010,1546,125,Undirected,26,0.0,0.0
7011,1434,1251,Undirected,7,0.0,0.0
7012,1509,1254,Undirected,171,0.0,0.0
7013,496,275,Undirected,1,0.0,0.0
7014,1011,915,Undirected,6,0.0,0.0
7015,144,598,Undirected,19,0.0,0.0
7016,446,446,Undirected,56,0.0,0.0
7017,1598,967,Undirected,25,0.0,0.0
7018,88,778,Undirected,1,0.0,0.0
7019,109,1638,Undirected,5,0.0,0.0
7020,1376,382,Undirected,1,0.0,0.0
7021,253,1646,Undirected,1,0.0,0.0
7022,1068,742,Undirected,3,0.0,0.0
7023,345,345,Undirected,47,0.0,0.0
7024,640,681,Undirected,1,0.0,0.0
7025,464,1676,Undirected,11,0.0,0.0
7026,776,394,Undirected,1,0.0,0.0
7027,1604,973,Undirected,1,0.0,0.0
7028,214,214,Undirected,13,0.0,0.0
7029,1000,1338,Undirected,5,0.0,0.0
7030,1356,1679,Undirected,1,0.0,0.0
7031,1568,757,Undirected,4,0.0,0.0
7032,1177,215,Undirected,20,0.0,0.0
7033,1901,807,Undirected,3,0.0,0.0
7034,433,874,Undirected,1,0.0,0.0
7035,357,357,Undirected,26,0.0,0.0
7036,776,994,Undirected,2,0.0,0.0
7037,1803,1427,Undirected,4,0.0,0.0
7038,1867,1934,Undirected,2,2.650891343219052e-07,0.22808072142214558
7039,1545,84,Undirected,2,0.0,0.0
7040,1945,893,Undirected,1,0.0,0.0
7041,1457,1716,Undirected,5,0.0,0.0
7042,291,1637,Undirected,7,0.0,0.0
7043,424,1780,Undirected,29,0.0,0.0
7044,1716,1028,Undirected,4,0.0,0.0
7045,1192,1163,Undirected,11,0.0,0.0
7046,1984,1675,Undirected,2,0.0,0.0
7047,714,669,Undirected,3,0.0,0.0
7048,753,1394,Undirected,3,0.0,0.0
7049,1389,78,Undirected,83,0.0,0.0
7050,1393,1061,Undirected,2,0.0,0.0
7051,1235,1300,Undirected,1,0.0,0.0
7052,24,24,Undirected,29,0.0,0.0
7053,898,1703,Undirected,1,0.0,0.0
7054,538,1596,Undirected,24,0.0,0.0
7055,1983,1079,Undirected,9,0.0,0.0
7056,626,1647,Undirected,1,0.0,0.0
7057,1290,980,Undirected,2,0.0,0.0
7058,1075,508,Undirected,3,0.0,0.0
7059,1938,1555,Undirected,57,0.0,0.0
7060,140,1461,Undirected,2,0.0,0.0
7061,1246,1023,Undirected,3,0.0,0.0
7062,1257,830,Undirected,12,0.0,0.0
7063,1813,1286,Undirected,1,0.0,0.0
7064,872,1798,Undirected,6,0.0,0.0
7065,1265,1373,Undirected,1,0.0,0.0
7066,1724,1724,Undirected,8,0.0,0.0
7067,657,993,Undirected,2,0.0,0.0
7068,1830,1294,Undirected,1,0.0,0.0
7069,368,1401,Undirected,1,0.0,0.0
7070,1379,1379,Undirected,257,0.0,0.0
7071,1048,347,Undirected,3,0.0,0.0
7072,468,1013,Undirected,2,0.0,0.0
7073,394,1308,Undirected,1,0.0,0.0
7074,1475,1453,Undirected,1,0.0,0.0
7075,1741,1669,Undirected,5,0.0,0.0
7076,1180,1180,Undirected,59,0.0,0.0
7077,1768,1178,Undirected,6,0.0,0.0
7078,1481,1481,Undirected,26,0.0,0.0
7079,732,1573,Undirected,1,0.0,0.0
7080,1627,1995,Undirected,6,0.0,0.0
7081,539,1286,Undirected,1,0.0,0.0
7082,1637,1207,Undirected,11,0.0,0.0
7083,1499,1372,Undirected,12,0.0,0.0
7084,1827,1783,Undirected,8,0.0,0.0
7085,1794,579,Undirected,1,0.0,0.0
7086,1953,259,Undirected,1,0.0,0.0
7087,1561,729,Undirected,3,0.0,0.0
7088,1251,1357,Undirected,1,0.0,0.0
7089,833,249,Undirected,1,0.0,0.0
7090,585,1130,Undirected,10,0.0,0.0
7091,1745,869,Undirected,7,0.0,0.0
7092,1139,452,Undirected,1,0.0,0.0
7093,1172,1172,Undirected,43,0.0,0.0
7094,1573,1573,Undirected,6,0.0,0.0
7095,1763,1837,Undirected,9,0.0,0.0
7096,468,604,Undirected,2,0.0,0.0
7097,1356,1268,Undirected,1,0.0,0.0
7098,789,1038,Undirected,2,0.0,0.0
7099,193,339,Undirected,5,0.0,0.0
7100,1716,734,Undirected,1,0.0,0.0
7101,1499,1453,Undirected,3,0.0,0.0
7102,1824,947,Undirected,2,0.0,0.0
7103,1603,1427,Undirected,1,0.0,0.0
7104,347,1958,Undirected,1,0.0,0.0
7105,1065,451,Undirected,18,0.0,0.0
7106,635,1116,Undirected,1,0.0,0.0
7107,1932,1806,Undirected,1,0.0,0.0
7108,1363,1363,Undirected,14,0.0,0.0
7109,792,449,Undirected,2,0.0,0.0
7110,1521,1188,Undirected,17,0.0,0.0
7111,1216,1882,Undirected,1,0.0,0.0
7112,922,277,Undirected,2,0.0,0.0
7113,936,1401,Undirected,1,0.0,0.0
7114,1273,1500,Undirected,1,0.0,0.0
7115,1927,1927,Undirected,261,0.0,0.0
7116,363,1356,Undirected,2,0.0,0.0
7117,762,58,Undirected,11,0.0,0.0
7118,1115,1396,Undirected,1,0.0,0.0
7119,1835,750,Undirected,1,0.0,0.0
7120,40,929,Undirected,1,0.0,0.0
7121,760,1832,Undirected,5,0.0,0.0
7122,780,1837,Undirected,108,0.0,0.0
7123,1429,1310,Undirected,2,0.0,0.0
7124,1227,1935,Undirected,9,0.0,0.0
7125,1560,1679,Undirected,2,0.0,0.0
7126,640,1346,Undirected,5,3.082704529625308e-07,0.2652336071211638
7127,850,1823,Undirected,1,0.0,0.0
7128,1513,539,Undirected,13,0.0,0.0
7129,1404,567,Undirected,6,0.0,0.0
7130,1009,1685,Undirected,1,0.0,0.0
7131,1186,197,Undirected,1,0.0,0.0
7132,433,1883,Undirected,14,0.0,0.0
7133,1401,588,Undirected,3,0.0,0.0
7134,1534,1046,Undirected,2,0.0,0.0
7135,1466,567,Undirected,2,0.0,0.0
7136,1595,1518,Undirected,1,0.0,0.0
7137,33,991,Undirected,36,0.0,0.0
7138,1611,1611,Undirected,33,0.0,0.0
7139,1714,829,Undirected,2,0.0,0.0
7140,322,1086,Undirected,54,0.0,0.0
7141,1774,1639,Undirected,2,0.0,0.0
7142,1289,1743,Undirected,24,0.0,0.0
7143,233,734,Undirected,3,0.0,0.0
7144,1983,1639,Undirected,2,0.0,0.0
7145,1491,710,Undirected,43,0.0,0.0
7146,1618,1596,Undirected,8,0.0,0.0
7147,905,515,Undirected,1,0.0,0.0
7148,1032,1739,Undirected,13,0.0,0.0
7149,1877,917,Undirected,2,0.0,0.0
7150,1603,1710,Undirected,3,0.0,0.0
7151,1834,1484,Undirected,5,0.0,0.0
7152,898,1300,Undirected,1,0.0,0.0
7153,89,1413,Undirected,18,0.0,0.0
7154,137,228,Undirected,7,0.0,0.0
7155,19,1981,Undirected,2,0.0,0.0
7156,1641,1141,Undirected,3,0.0,0.0
7157,66,1662,Undirected,5,0.0,0.0
7158,995,1973,Undirected,1,0.0,0.0
7159,371,1556,Undirected,8,0.0,0.0
7160,720,1519,Undirected,6,0.0,0.0
7161,484,484,Undirected,49,0.0,0.0
7162,1696,765,Undirected,25,0.0,0.0
7163,369,887,Undirected,13,0.0,0.0
7164,1448,1283,Undirected,1,0.0,0.0
7165,1148,1268,Undirected,13,0.0,0.0
7166,432,1049,Undirected,3,0.0,0.0
7167,632,1133,Undirected,1,0.0,0.0
7168,1932,1390,Undirected,23,0.0,0.0
7169,1922,1922,Undirected,10,0.0,0.0
7170,1123,1998,Undirected,1,0.0,0.0
7171,970,716,Undirected,13,0.0,0.0
7172,411,972,Undirected,4,0.0,0.0
7173,769,1853,Undirected,1,0.0,0.0
7174,545,900,Undirected,1,0.0,0.0
7175,507,507,Undirected,4,0.0,0.0
7176,1617,838,Undirected,2,0.0,0.0
7177,1824,1824,Undirected,256,0.0,0.0
7178,1936,78,Undirected,2,0.0,0.0
7179,853,1974,Undirected,7,0.0,0.0
7180,781,781,Undirected,15,0.0,0.0
7181,627,1207,Undirected,147,0.0,0.0
7182,1720,1547,Undirected,3,0.0,0.0
7183,1595,1951,Undirected,1,0.0,0.0
7184,1354,1915,Undirected,1,0.0,0.0
7185,1360,466,Undirected,4,0.0,0.0
7186,510,935,Undirected,28,0.0,0.0
7187,917,1197,Undirected,1,0.0,0.0
7188,584,1766,Undirected,2,0.0,0.0
7189,1155,813,Undirected,47,0.0,0.0
7190,1155,1551,Undirected,1,0.0,0.0
7191,1674,275,Undirected,6,0.0,0.0
7192,720,970,Undirected,4,0.0,0.0
7193,770,1309,Undirected,15,0.0,0.0
7194,1392,1707,Undirected,1,0.0,0.0
7195,765,191,Undirected,2,5.10868738106052e-07,0.43954766624933334
7196,803,564,Undirected,1,0.0,0.0
7197,1363,1549,Undirected,1,0.0,0.0
7198,209,1245,Undirected,1,0.0,0.0
7199,433,1959,Undirected,5,0.0,0.0
7200,1838,1503,Undirected,2,0.0,0.0
7201,824,1687,Undirected,1,0.0,0.0
7202,1738,1460,Undirected,1,0.0,0.0
7203,921,1130,Undirected,1,0.0,0.0
7204,1193,1644,Undirected,3,0.0,0.0
7205,88,1201,Undirected,3,0.0,0.0
7206,456,1886,Undirected,1,0.0,0.0
7207,1824,1959,Undirected,2,0.0,0.0
7208,1838,1758,Undirected,10,0.0,0.0
7209,269,991,Undirected,6,0.0,0.0
7210,1827,1316,Undirected,4,0.0,0.0
7211,1672,733,Undirected,3,0.0,0.0
7212,1769,1359,Undirected,1,0.0,0.0
7213,1771,203,Undirected,2,0.0,0.0
7214,988,1765,Undirected,1,0.0,0.0
7215,1344,1774,Undirected,8,0.0,0.0
7216,1921,967,Undirected,1,0.0,0.0
7217,1771,1261,Undirected,6,0.0,0.0
7218,1754,1325,Undirected,3,0.0,0.0
7219,1713,731,Undirected,41,0.0,0.0
7220,1257,1090,Undirected,1,0.0,0.0
7221,514,27,Undirected,45,0.0,0.0
7222,808,659,Undirected,9,0.0,0.0
7223,1230,182,Undirected,25,0.0,0.0
7224,1555,1078,Undirected,6,0.0,0.0
7225,1890,1980,Undirected,42,0.0,0.0
7226,1916,1916,Undirected,197,0.0,0.0
7227,1377,1988,Undirected,1,0.0,0.0
7228,981,775,Undirected,2,0.0,0.0
7229,336,719,Undirected,1,0.0,0.0
7230,1848,853,Undirected,1,0.0,0.0
7231,1306,1306,Undirected,51,0.0,0.0
7232,620,511,Undirected,1,0.0,0.0
7233,840,1457,Undirected,15,0.0,0.0
7234,577,50,Undirected,6,0.0,0.0
7235,1530,739,Undirected,1,0.0,0.0
7236,708,381,Undirected,4,0.0,0.0
7237,1851,1851,Undirected,25,0.0,0.0
7238,1222,518,Undirected,10,4.5205099060790725e-07,0.3889413133480032
7239,1547,1326,Undirected,8,0.0,0.0
7240,1491,1476,Undirected,3,0.0,0.0
7241,1632,780,Undirected,4,0.0,0.0
7242,602,259,Undirected,1,0.0,0.0
7243,1297,7,Undirected,8,3.6185903934926117e-07,0.31134082865758583
7244,1154,949,Undirected,1,0.0,0.0
7245,1489,1489,Undirected,38,0.0,0.0
7246,758,1503,Undirected,3,0.0,0.0
7247,1157,1510,Undirected,6,0.0,0.0
7248,1568,1604,Undirected,1,0.0,0.0
7249,1681,980,Undirected,29,0.0,0.0
7250,865,434,Undirected,20,0.0,0.0
7251,336,1760,Undirected,4,0.0,0.0
7252,1411,286,Undirected,5,0.0,0.0
7253,1009,1803,Undirected,35,0.0,0.0
7254,1403,1596,Undirected,2,0.0,0.0
7255,489,1957,Undirected,63,0.0,0.0
7256,1401,916,Undirected,4,0.0,0.0
7257,33,1977,Undirected,8,0.0,0.0
7258,1652,118,Undirected,3,0.0,0.0
7259,1933,1591,Undirected,1,0.0,0.0
7260,1520,487,Undirected,30,0.0,0.0
7261,440,608,Undirected,1,0.0,0.0
7262,1549,1174,Undirected,1,0.0,0.0
7263,1490,757,Undirected,6,0.0,0.0
7264,1928,1326,Undirected,1,0.0,0.0
7265,1129,1457,Undirected,3,0.0,0.0
7266,1907,740,Undirected,1,0.0,0.0
7267,853,1503,Undirected,81,0.0,0.0
7268,1995,1700,Undirected,2,0.0,0.0
7269,1907,894,Undirected,9,0.0,0.0
7270,1394,1394,Undirected,30,0.0,0.0
7271,1754,1973,Undirected,2,0.0,0.0
7272,796,1277,Undirected,5,0.0,0.0
7273,1320,1598,Undirected,9,3.7824423519523484e-07,0.3254385294130408
7274,1641,1925,Undirected,34,0.0,0.0
7275,1570,1603,Undirected,6,0.0,0.0
7276,1305,1855,Undirected,6,0.0,0.0
7277,281,110,Undirected,1,0.0,0.0
7278,720,720,Undirected,95,0.0,0.0
7279,1672,1583,Undirected,12,0.0,0.0
7280,1434,1044,Undirected,1,0.0,0.0
7281,1728,1815,Undirected,3,0.0,0.0
7282,827,381,Undirected,1,0.0,0.0
7283,1459,1855,Undirected,4,0.0,0.0
7284,1737,1737,Undirected,8,0.0,0.0
7285,1938,1780,Undirected,16,0.0,0.0
7286,275,580,Undirected,4,0.0,0.0
7287,1330,611,Undirected,57,0.0,0.0
7288,1314,1109,Undirected,7,0.0,0.0
7289,971,142,Undirected,3,0.0,0.0
7290,770,742,Undirected,1,0.0,0.0
7291,1325,1325,Undirected,816,0.0,0.0
7292,377,1233,Undirected,1,0.0,0.0
7293,129,638,Undirected,1,0.0,0.0
7294,47,1791,Undirected,3,0.0,0.0
7295,725,725,Undirected,414,0.0,0.0
7296,755,755,Undirected,114,0.0,0.0
7297,1957,502,Undirected,21,0.0,0.0
7298,281,1276,Undirected,23,0.0,0.0
7299,1384,978,Undirected,18,0.0,0.0
7300,722,1165,Undirected,1,0.0,0.0
7301,1964,780,Undirected,4,0.0,0.0
7302,1160,1155,Undirected,2,0.0,0.0
7303,1371,1740,Undirected,5,0.0,0.0
7304,625,1996,Undirected,48,0.0,0.0
7305,1642,1642,Undirected,42,0.0,0.0
7306,763,1918,Undirected,4,0.0,0.0
7307,1909,959,Undirected,1,0.0,0.0
7308,842,1092,Undirected,5,0.0,0.0
7309,1370,359,Undirected,2,0.0,0.0
7310,460,1926,Undirected,2,0.0,0.0
7311,788,1055,Undirected,3,0.0,0.0
7312,780,1357,Undirected,3,0.0,0.0
7313,973,1879,Undirected,1,0.0,0.0
7314,525,525,Undirected,9,0.0,0.0
7315,814,1959,Undirected,3,0.0,0.0
7316,1600,1800,Undirected,5,0.0,0.0
7317,773,374,Undirected,1,0.0,0.0
7318,1824,980,Undirected,4,0.0,0.0
7319,818,869,Undirected,1,0.0,0.0
7320,1884,1222,Undirected,7,0.0,0.0
7321,1740,780,Undirected,1,0.0,0.0
7322,1636,901,Undirected,2,0.0,0.0
7323,529,1371,Undirected,3,0.0,0.0
7324,712,1636,Undirected,4,0.0,0.0
7325,1541,1541,Undirected,4,0.0,0.0
7326,1579,691,Undirected,2,0.0,0.0
7327,729,1925,Undirected,1,0.0,0.0
7328,251,989,Undirected,48,0.0,0.0
7329,1600,1945,Undirected,1,0.0,0.0
7330,104,104,Undirected,82,0.0,0.0
7331,515,1028,Undirected,16,0.0,0.0
7332,734,1631,Undirected,2,0.0,0.0
7333,1203,1203,Undirected,7,0.0,0.0
7334,684,1092,Undirected,9,0.0,0.0
7335,1611,350,Undirected,14,0.0,0.0
7336,1392,1758,Undirected,6,0.0,0.0
7337,1595,285,Undirected,15,0.0,0.0
7338,594,236,Undirected,33,0.0,0.0
7339,1810,1461,Undirected,2,0.0,0.0
7340,1756,759,Undirected,21,0.0,0.0
7341,1713,411,Undirected,4,0.0,0.0
7342,1480,943,Undirected,29,0.0,0.0
7343,814,567,Undirected,3,0.0,0.0
7344,928,554,Undirected,1,0.0,0.0
7345,1113,1094,Undirected,4,0.0,0.0
7346,494,1447,Undirected,2,0.0,0.0
7347,1979,1870,Undirected,1,0.0,0.0
7348,145,902,Undirected,12,0.0,0.0
7349,516,1653,Undirected,2,0.0,0.0
7350,1129,515,Undirected,14,0.0,0.0
7351,1257,1476,Undirected,27,0.0,0.0
7352,812,686,Undirected,2,0.0,0.0
7353,1027,227,Undirected,2,0.0,0.0
7354,1707,1758,Undirected,4,0.0,0.0
7355,1906,860,Undirected,3,0.0,0.0
7356,1141,1382,Undirected,5,0.0,0.0
7357,235,695,Undirected,2,0.0,0.0
7358,178,1837,Undirected,2,0.0,0.0
7359,1675,1837,Undirected,1,0.0,0.0
7360,1032,1404,Undirected,4,0.0,0.0
7361,626,1911,Undirected,2,0.0,0.0
7362,1298,899,Undirected,2,0.0,0.0
7363,1408,187,Undirected,1,0.0,0.0
7364,312,1725,Undirected,1,0.0,0.0
7365,1618,1836,Undirected,1,0.0,0.0
7366,1489,1343,Undirected,1,0.0,0.0
7367,50,1611,Undirected,3,0.0,0.0
7368,796,54,Undirected,3,0.0,0.0
7369,1604,1604,Undirected,40,0.0,0.0
7370,1873,1050,Undirected,2,0.0,0.0
7371,120,706,Undirected,57,0.0,0.0
7372,75,1771,Undirected,5,0.0,0.0
7373,877,885,Undirected,1,0.0,0.0
7374,559,559,Undirected,104,0.0,0.0
7375,1600,1774,Undirected,3,0.0,0.0
7376,1619,1356,Undirected,6,0.0,0.0
7377,1801,588,Undirected,1,0.0,0.0
7378,1435,1079,Undirected,4,0.0,0.0
7379,166,710,Undirected,8,0.0,0.0
7380,752,1689,Undirected,3,0.0,0.0
7381,758,1375,Undirected,99,0.0,0.0
7382,1312,1170,Undirected,1,0.0,0.0
7383,564,1671,Undirected,3,0.0,0.0
7384,1739,1900,Undirected,2,0.0,0.0
7385,667,1229,Undirected,1,0.0,0.0
7386,1809,1268,Undirected,54,0.0,0.0
7387,1307,1860,Undirected,5,0.0,0.0
7388,369,947,Undirected,4,0.0,0.0
7389,1457,1612,Undirected,2,0.0,0.0
7390,1902,1286,Undirected,3,0.0,0.0
7391,1097,1354,Undirected,5,0.0,0.0
7392,1800,1254,Undirected,1,0.0,0.0
7393,1259,510,Undirected,5,0.0,0.0
7394,1706,122,Undirected,2,0.0,0.0
7395,858,415,Undirected,4,0.0,0.0
7396,1960,1714,Undirected,1,0.0,0.0
7397,600,1051,Undirected,1,0.0,0.0
7398,1630,798,Undirected,3,0.0,0.0
7399,410,1999,Undirected,1,0.0,0.0
7400,737,1498,Undirected,21,0.0,0.0
7401,213,1998,Undirected,2,0.0,0.0
7402,1856,1900,Undirected,1,0.0,0.0
7403,1120,1421,Undirected,3,0.0,0.0
7404,528,1227,Undirected,12,0.0,0.0
7405,709,941,Undirected,1,0.0,0.0
7406,1525,159,Undirected,1,0.0,0.0
7407,1356,1077,Undirected,1,0.0,0.0
7408,1199,495,Undirected,1,0.0,0.0
7409,1855,1711,Undirected,7,0.0,0.0
7410,354,646,Undirected,1,0.0,0.0
7411,1509,1838,Undirected,2,0.0,0.0
7412,106,1238,Undirected,9,0.0,0.0
7413,417,1095,Undirected,4,0.0,0.0
7414,684,1615,Undirected,2,0.0,0.0
7415,1864,262,Undirected,11,0.0,0.0
7416,952,1951,Undirected,11,0.0,0.0
7417,1636,1887,Undirected,2,0.0,0.0
7418,378,1434,Undirected,5,0.0,0.0
7419,625,1499,Undirected,57,0.0,0.0
7420,1888,1199,Undirected,1,0.0,0.0
7421,129,412,Undirected,1,0.0,0.0
7422,857,47,Undirected,6,0.0,0.0
7423,1810,1637,Undirected,7,0.0,0.0
7424,881,881,Undirected,92,0.0,0.0
7425,456,214,Undirected,1,0.0,0.0
7426,1568,1866,Undirected,1,0.0,0.0
7427,833,668,Undirected,1,0.0,0.0
7428,1954,173,Undirected,15,0.0,0.0
7429,137,1211,Undirected,1,0.0,0.0
7430,1758,567,Undirected,4,0.0,0.0
7431,482,10,Undirected,7,0.0,0.0
7432,1418,1418,Undirected,30,0.0,0.0
7433,1497,1497,Undirected,36,0.0,0.0
7434,1788,1510,Undirected,3,0.0,0.0
7435,1970,935,Undirected,3,0.0,0.0
7436,518,1030,Undirected,1,0.0,0.0
7437,308,308,Undirected,217,0.0,0.0
7438,1513,1311,Undirected,1,0.0,0.0
7439,1440,555,Undirected,2,0.0,0.0
7440,1208,1152,Undirected,4,0.0,0.0
7441,1875,917,Undirected,1,0.0,0.0
7442,1737,1958,Undirected,1,0.0,0.0
7443,1292,1837,Undirected,2,0.0,0.0
7444,1997,1311,Undirected,1,0.0,0.0
7445,1486,807,Undirected,26,0.0,0.0
7446,1836,1678,Undirected,4,0.0,0.0
7447,769,1305,Undirected,34,0.0,0.0
7448,1884,485,Undirected,5,0.0,0.0
7449,1901,1486,Undirected,2,0.0,0.0
7450,211,1375,Undirected,2,0.0,0.0
7451,937,1900,Undirected,6,0.0,0.0
7452,1819,1819,Undirected,35,0.0,0.0
7453,1787,1548,Undirected,4,0.0,0.0
7454,1019,1029,Undirected,6,0.0,0.0
7455,617,789,Undirected,2,0.0,0.0
7456,1758,1959,Undirected,15,0.0,0.0
7457,648,634,Undirected,1,0.0,0.0
7458,1848,1827,Undirected,18,0.0,0.0
7459,556,1446,Undirected,2,0.0,0.0
7460,1329,1329,Undirected,106,0.0,0.0
7461,1592,186,Undirected,15,0.0,0.0
7462,1360,724,Undirected,1,0.0,0.0
7463,1451,511,Undirected,23,0.0,0.0
7464,834,1418,Undirected,2,0.0,0.0
7465,640,1137,Undirected,17,0.0,0.0
7466,1549,1855,Undirected,8,0.0,0.0
7467,75,751,Undirected,36,0.0,0.0
7468,625,28,Undirected,3,0.0,0.0
7469,1073,438,Undirected,22,0.0,0.0
7470,960,904,Undirected,5,0.0,0.0
7471,451,1052,Undirected,20,0.0,0.0
7472,1073,702,Undirected,2,5.688839845408344e-07,0.4894635531987417
7473,1602,1499,Undirected,12,0.0,0.0
7474,625,1318,Undirected,1,0.0,0.0
7475,766,766,Undirected,12,0.0,0.0
7476,57,1810,Undirected,1,0.0,0.0
7477,0,1046,Undirected,1,0.0,0.0
7478,1032,455,Undirected,2,0.0,0.0
7479,1427,399,Undirected,29,0.0,0.0
7480,1510,839,Undirected,6,0.0,0.0
7481,1305,598,Undirected,1,0.0,0.0
7482,460,732,Undirected,1,0.0,0.0
7483,1702,1702,Undirected,26,0.0,0.0
7484,1805,1343,Undirected,1,0.0,0.0
7485,693,693,Undirected,63,0.0,0.0
7486,1472,779,Undirected,9,0.0,0.0
7487,1546,778,Undirected,2,0.0,0.0
7488,560,560,Undirected,9,0.0,0.0
7489,1528,449,Undirected,2,0.0,0.0
7490,1371,1511,Undirected,1,0.0,0.0
7491,320,1185,Undirected,2,0.0,0.0
7492,1957,919,Undirected,2,0.0,0.0
7493,1233,1703,Undirected,1,0.0,0.0
7494,1217,1730,Undirected,1,0.0,0.0
7495,328,620,Undirected,1,0.0,0.0
7496,799,1447,Undirected,1,0.0,0.0
7497,1875,1647,Undirected,3,0.0,0.0
7498,1293,1293,Undirected,15,0.0,0.0
7499,1019,269,Undirected,37,0.0,0.0
7500,1672,100,Undirected,6,0.0,0.0
7501,432,800,Undirected,1,0.0,0.0
7502,1555,1902,Undirected,10,0.0,0.0
7503,794,1356,Undirected,4,0.0,0.0
7504,1776,862,Undirected,2,0.0,0.0
7505,769,301,Undirected,1,0.0,0.0
7506,440,1941,Undirected,2,0.0,0.0
7507,1476,550,Undirected,1,0.0,0.0
7508,273,1815,Undirected,1,0.0,0.0
7509,1689,545,Undirected,3,0.0,0.0
7510,1265,999,Undirected,1,0.0,0.0
7511,985,1325,Undirected,44,0.0,0.0
7512,328,444,Undirected,17,0.0,0.0
7513,819,661,Undirected,8,0.0,0.0
7514,657,350,Undirected,2,0.0,0.0
7515,945,5,Undirected,10,0.0,0.0
7516,1928,985,Undirected,2,0.0,0.0
7517,1253,135,Undirected,285,0.0,0.0
7518,1350,1662,Undirected,7,0.0,0.0
7519,1635,838,Undirected,4,0.0,0.0
7520,1882,804,Undirected,1,0.0,0.0
7521,1105,1087,Undirected,2,0.0,0.0
7522,1604,1814,Undirected,1,0.0,0.0
7523,595,1614,Undirected,7,0.0,0.0
7524,1584,719,Undirected,18,0.0,0.0
7525,1700,1700,Undirected,568,0.0,0.0
7526,1089,1639,Undirected,8,0.0,0.0
7527,1484,1087,Undirected,1,0.0,0.0
7528,1504,1672,Undirected,5,0.0,0.0
7529,681,730,Undirected,1,0.0,0.0
7530,1077,646,Undirected,2,0.0,0.0
7531,818,1222,Undirected,126,0.0,0.0
7532,923,566,Undirected,1,0.0,0.0
7533,1346,1346,Undirected,73,0.0,0.0
7534,988,1335,Undirected,15,0.0,0.0
7535,175,1935,Undirected,2,0.0,0.0
7536,586,494,Undirected,1,0.0,0.0
7537,1921,1082,Undirected,9,4.213505381918219e-07,0.362526872209333
7538,1240,1477,Undirected,2,0.0,0.0
7539,1848,1834,Undirected,15,0.0,0.0
7540,1320,659,Undirected,8,0.0,0.0
7541,1192,1537,Undirected,16,0.0,0.0
7542,1276,1941,Undirected,1,0.0,0.0
7543,1880,637,Undirected,11,0.0,0.0
7544,1032,1484,Undirected,4,0.0,0.0
7545,1770,693,Undirected,2,0.0,0.0
7546,72,72,Undirected,54,0.0,0.0
7547,1300,831,Undirected,2,0.0,0.0
7548,1969,1996,Undirected,9,0.0,0.0
7549,1739,1413,Undirected,4,0.0,0.0
7550,1768,568,Undirected,9,0.0,0.0
7551,1186,975,Undirected,3,0.0,0.0
7552,408,118,Undirected,32,0.0,0.0
7553,1109,198,Undirected,6,0.0,0.0
7554,1004,1846,Undirected,9,0.0,0.0
7555,882,1357,Undirected,1,0.0,0.0
7556,1219,1155,Undirected,44,0.0,0.0
7557,1873,582,Undirected,1,0.0,0.0
7558,819,804,Undirected,13,0.0,0.0
7559,775,1327,Undirected,1,0.0,0.0
7560,1011,1270,Undirected,4,0.0,0.0
7561,813,1511,Undirected,14,0.0,0.0
7562,1297,1810,Undirected,8,0.0,0.0
7563,924,924,Undirected,64,0.0,0.0
7564,736,1852,Undirected,1,0.0,0.0
7565,1304,345,Undirected,1,0.0,0.0
7566,1149,783,Undirected,2,0.0,0.0
7567,64,1183,Undirected,13,0.0,0.0
7568,19,999,Undirected,1,0.0,0.0
7569,1356,661,Undirected,3,0.0,0.0
7570,909,1079,Undirected,7,0.0,0.0
7571,441,557,Undirected,3,0.0,0.0
7572,1979,1270,Undirected,3,0.0,0.0
7573,1547,711,Undirected,1,0.0,0.0
7574,1873,118,Undirected,2,0.0,0.0
7575,1664,1766,Undirected,186,0.0,0.0
7576,848,959,Undirected,8,0.0,0.0
7577,1547,1375,Undirected,22,0.0,0.0
7578,1938,1499,Undirected,13,0.0,0.0
7579,1019,1020,Undirected,1,0.0,0.0
7580,183,511,Undirected,1,0.0,0.0
7581,184,1202,Undirected,12,0.0,0.0
7582,1425,1941,Undirected,2,0.0,0.0
7583,1568,1809,Undirected,10,0.0,0.0
7584,520,286,Undirected,1,0.0,0.0
7585,1365,1359,Undirected,3,0.0,0.0
7586,441,374,Undirected,1,0.0,0.0
7587,740,198,Undirected,11,0.0,0.0
7588,1862,1743,Undirected,1,0.0,0.0
7589,624,1625,Undirected,4,0.0,0.0
7590,1091,1549,Undirected,2,0.0,0.0
7591,378,1375,Undirected,5,0.0,0.0
7592,200,1444,Undirected,16,0.0,0.0
7593,761,1819,Undirected,7,4.0609649102363e-07,0.34940240337122586
7594,67,67,Undirected,104,0.0,0.0
7595,1195,1070,Undirected,1,0.0,0.0
7596,1515,1645,Undirected,1,0.0,0.0
7597,499,949,Undirected,3,0.0,0.0
7598,1705,518,Undirected,43,0.0,0.0
7599,1657,1657,Undirected,57,0.0,0.0
7600,109,1535,Undirected,1,0.0,0.0
7601,1947,220,Undirected,1,0.0,0.0
7602,512,1746,Undirected,2,0.0,0.0
7603,1761,837,Undirected,2,0.0,0.0
7604,1267,1267,Undirected,14,0.0,0.0
7605,502,502,Undirected,160,0.0,0.0
7606,601,61,Undirected,3,0.0,0.0
7607,690,331,Undirected,1,0.0,0.0
7608,1593,1111,Undirected,1,0.0,0.0
7609,177,926,Undirected,1,0.0,0.0
7610,1344,1568,Undirected,2,0.0,0.0
7611,18,1463,Undirected,3,0.0,0.0
7612,138,1996,Undirected,14,0.0,0.0
7613,75,1461,Undirected,1,0.0,0.0
7614,264,1776,Undirected,1,0.0,0.0
7615,689,1315,Undirected,20,0.0,0.0
7616,1009,1042,Undirected,1,0.0,0.0
7617,1300,1566,Undirected,4,3.319851067947452e-07,0.2856375190663429
7618,433,980,Undirected,13,0.0,0.0
7619,1242,709,Undirected,13,0.0,0.0
7620,580,399,Undirected,1,0.0,0.0
7621,1778,1636,Undirected,2,0.0,0.0
7622,1593,294,Undirected,1,0.0,0.0
7623,120,666,Undirected,15,3.5068620321975837e-07,0.3017278034716726
7624,612,1511,Undirected,4,0.0,0.0
7625,1059,1671,Undirected,1,0.0,0.0
7626,1682,710,Undirected,4,0.0,0.0
7627,1974,1959,Undirected,5,0.0,0.0
7628,1162,1805,Undirected,1,0.0,0.0
7629,1707,1141,Undirected,78,0.0,0.0
7630,681,68,Undirected,17,0.0,0.0
7631,734,70,Undirected,2,0.0,0.0
7632,1376,1048,Undirected,14,0.0,0.0
7633,849,849,Undirected,15,0.0,0.0
7634,501,31,Undirected,1,0.0,0.0
7635,1867,1261,Undirected,1,0.0,0.0
7636,1614,671,Undirected,4,0.0,0.0
7637,656,794,Undirected,1,0.0,0.0
7638,1444,757,Undirected,1,0.0,0.0
7639,494,494,Undirected,27,0.0,0.0
7640,1341,1341,Undirected,57,0.0,0.0
7641,1194,1547,Undirected,5,0.0,0.0
7642,1755,341,Undirected,1,0.0,0.0
7643,786,1682,Undirected,1,0.0,0.0
7644,635,782,Undirected,2,0.0,0.0
7645,1824,1251,Undirected,1,0.0,0.0
7646,935,935,Undirected,89,0.0,0.0
7647,1185,1498,Undirected,7,0.0,0.0
7648,985,1509,Undirected,7,0.0,0.0
7649,677,677,Undirected,282,0.0,0.0
7650,1568,1490,Undirected,26,0.0,0.0
7651,1882,1693,Undirected,1,0.0,0.0
7652,1948,68,Undirected,1,0.0,0.0
7653,1155,1734,Undirected,1,0.0,0.0
7654,482,150,Undirected,1,0.0,0.0
7655,1136,1847,Undirected,3,0.0,0.0
7656,1878,1303,Undirected,1,0.0,0.0
7657,754,754,Undirected,101,0.0,0.0
7658,842,221,Undirected,1,0.0,0.0
7659,1360,768,Undirected,1,0.0,0.0
7660,592,145,Undirected,24,0.0,0.0
7661,1483,172,Undirected,3,0.0,0.0
7662,1929,1422,Undirected,2,0.0,0.0
7663,104,1765,Undirected,2,0.0,0.0
7664,275,1837,Undirected,6,0.0,0.0
7665,1930,1250,Undirected,3,0.0,0.0
7666,661,1318,Undirected,1,0.0,0.0
7667,1211,228,Undirected,13,0.0,0.0
7668,153,153,Undirected,51,0.0,0.0
7669,1218,1735,Undirected,1,0.0,0.0
7670,1657,485,Undirected,1,0.0,0.0
7671,1418,1079,Undirected,2,0.0,0.0
7672,666,787,Undirected,1,0.0,0.0
7673,1682,1162,Undirected,9,0.0,0.0
7674,1632,1834,Undirected,2,0.0,0.0
7675,1612,391,Undirected,1,0.0,0.0
7676,1859,1859,Undirected,10,0.0,0.0
7677,1956,1526,Undirected,1,0.0,0.0
7678,1277,1309,Undirected,2,0.0,0.0
7679,9,1621,Undirected,1,0.0,0.0
7680,281,1791,Undirected,2,0.0,0.0
7681,980,813,Undirected,1,0.0,0.0
7682,1326,758,Undirected,9,0.0,0.0
7683,1834,1763,Undirected,60,0.0,0.0
7684,1835,21,Undirected,11,0.0,0.0
7685,1136,837,Undirected,1,0.0,0.0
7686,705,201,Undirected,5,0.0,0.0
7687,1627,780,Undirected,1,0.0,0.0
7688,1700,1159,Undirected,4,0.0,0.0
7689,1512,1004,Undirected,1,0.0,0.0
7690,1602,1739,Undirected,43,0.0,0.0
7691,1913,871,Undirected,5,0.0,0.0
7692,1924,1935,Undirected,19,0.0,0.0
7693,1837,1974,Undirected,34,0.0,0.0
7694,1043,1350,Undirected,6,0.0,0.0
7695,640,930,Undirected,36,6.050920177786965e-07,0.5206166759523143
7696,429,429,Undirected,7,0.0,0.0
7697,1619,710,Undirected,8,0.0,0.0
7698,816,574,Undirected,2,0.0,0.0
7699,568,106,Undirected,1,0.0,0.0
7700,1641,1757,Undirected,2,0.0,0.0
7701,1618,1415,Undirected,6,0.0,0.0
7702,1739,1837,Undirected,14,0.0,0.0
7703,1718,118,Undirected,7,0.0,0.0
7704,341,1383,Undirected,3,0.0,0.0
7705,1332,1478,Undirected,1,0.0,0.0
7706,33,575,Undirected,11,0.0,0.0
7707,1899,1899,Undirected,65,0.0,0.0
7708,1546,470,Undirected,5,0.0,0.0
7709,1211,1211,Undirected,210,0.0,0.0
7710,152,676,Undirected,7,0.0,0.0
7711,1971,1460,Undirected,1,0.0,0.0
7712,1308,983,Undirected,3,0.0,0.0
7713,1513,1167,Undirected,7,0.0,0.0
7714,1712,1712,Undirected,377,0.0,0.0
7715,442,807,Undirected,4,0.0,0.0
7716,0,1902,Undirected,9,0.0,0.0
7717,1873,1966,Undirected,2,0.0,0.0
7718,1289,842,Undirected,1,0.0,0.0
7719,374,1671,Undirected,2,0.0,0.0
7720,347,1149,Undirected,1,0.0,0.0
7721,1883,1883,Undirected,382,0.0,0.0
7722,1498,270,Undirected,2,0.0,0.0
7723,979,1783,Undirected,21,0.0,0.0
7724,1990,623,Undirected,3,0.0,0.0
7725,1684,1734,Undirected,2,0.0,0.0
7726,1105,586,Undirected,1,0.0,0.0
7727,898,1628,Undirected,11,0.0,0.0
7728,10,1956,Undirected,8,0.0,0.0
7729,1668,1668,Undirected,220,0.0,0.0
7730,1194,1499,Undirected,3,0.0,0.0
7731,1189,1973,Undirected,2,0.0,0.0
7732,1570,396,Undirected,1,0.0,0.0
7733,1186,1186,Undirected,155,0.0,0.0
7734,636,55,Undirected,26,0.0,0.0
7735,610,597,Undirected,1,0.0,0.0
7736,64,518,Undirected,6,0.0,0.0
7737,1914,556,Undirected,1,0.0,0.0
7738,1442,731,Undirected,1,0.0,0.0
7739,666,788,Undirected,2,0.0,0.0
7740,289,118,Undirected,1,0.0,0.0
7741,656,1257,Undirected,1,0.0,0.0
7742,277,575,Undirected,2,0.0,0.0
7743,904,1010,Undirected,4,0.0,0.0
7744,1780,1086,Undirected,8,0.0,0.0
7745,1650,1005,Undirected,2,0.0,0.0
7746,1464,1134,Undirected,3,0.0,0.0
7747,50,1683,Undirected,2,0.0,0.0
7748,580,1959,Undirected,1,0.0,0.0
7749,1964,772,Undirected,1,0.0,0.0
7750,1267,108,Undirected,10,0.0,0.0
7751,1001,787,Undirected,1,0.0,0.0
7752,640,1653,Undirected,17,0.0,0.0
7753,657,702,Undirected,3,5.47830610450707e-07,0.47134938656897885
7754,1089,609,Undirected,2,0.0,0.0
7755,1864,121,Undirected,1,0.0,0.0
7756,103,103,Undirected,48,0.0,0.0
7757,1280,113,Undirected,16,0.0,0.0
7758,1894,199,Undirected,2,0.0,0.0
7759,980,1959,Undirected,31,0.0,0.0
7760,863,799,Undirected,1,0.0,0.0
7761,1605,830,Undirected,2,0.0,0.0
7762,550,550,Undirected,31,0.0,0.0
7763,1720,911,Undirected,1,0.0,0.0
7764,1550,1855,Undirected,2,0.0,0.0
7765,731,109,Undirected,8,0.0,0.0
7766,739,606,Undirected,1,0.0,0.0
7767,57,1683,Undirected,16,0.0,0.0
7768,953,1903,Undirected,11,0.0,0.0
7769,914,270,Undirected,1,0.0,0.0
7770,1434,711,Undirected,4,0.0,0.0
7771,1073,9,Undirected,1,0.0,0.0
7772,33,1527,Undirected,110,0.0,0.0
7773,984,1354,Undirected,1,0.0,0.0
7774,124,588,Undirected,1,0.0,0.0
7775,1392,947,Undirected,49,0.0,0.0
7776,1278,1278,Undirected,40,0.0,0.0
7777,1434,1739,Undirected,33,0.0,0.0
7778,1786,349,Undirected,3,0.0,0.0
7779,450,250,Undirected,2,0.0,0.0
7780,1319,911,Undirected,2,0.0,0.0
7781,901,783,Undirected,20,0.0,0.0
7782,1251,812,Undirected,2,0.0,0.0
7783,1360,628,Undirected,7,0.0,0.0
7784,1980,615,Undirected,17,0.0,0.0
7785,1019,1019,Undirected,299,0.0,0.0
7786,458,20,Undirected,2,0.0,0.0
7787,1205,1205,Undirected,25,0.0,0.0
7788,1276,638,Undirected,8,0.0,0.0
7789,1769,1214,Undirected,2,0.0,0.0
7790,1610,215,Undirected,1,0.0,0.0
7791,1346,1743,Undirected,8,4.794855605496591e-07,0.412545813472941
7792,1498,1197,Undirected,1,0.0,0.0
7793,1259,1559,Undirected,18,0.0,0.0
7794,1137,516,Undirected,10,0.0,0.0
7795,1640,1682,Undirected,1,0.0,0.0
7796,1296,499,Undirected,5,0.0,0.0
7797,930,1346,Undirected,15,0.0,0.0
7798,544,1766,Undirected,3,0.0,0.0
7799,442,765,Undirected,1,0.0,0.0
7800,1480,1110,Undirected,5,0.0,0.0
7801,460,1173,Undirected,1,0.0,0.0
7802,901,222,Undirected,1,0.0,0.0
7803,902,1910,Undirected,1,0.0,0.0
7804,898,1549,Undirected,2,0.0,0.0
7805,1765,215,Undirected,4,0.0,0.0
7806,1320,839,Undirected,1,0.0,0.0
7807,1155,887,Undirected,3,0.0,0.0
7808,1670,1407,Undirected,6,0.0,0.0
7809,1528,1745,Undirected,2,0.0,0.0
7810,1770,314,Undirected,4,0.0,0.0
7811,1553,169,Undirected,6,0.0,0.0
7812,1882,1639,Undirected,2,0.0,0.0
7813,140,1726,Undirected,2,0.0,0.0
7814,995,1758,Undirected,4,0.0,0.0
7815,496,1783,Undirected,21,0.0,0.0
7816,1868,1868,Undirected,28,0.0,0.0
7817,1220,1348,Undirected,2,0.0,0.0
7818,1434,1420,Undirected,1,0.0,0.0
7819,1162,1734,Undirected,5,0.0,0.0
7820,1212,1092,Undirected,2,0.0,0.0
7821,1684,1996,Undirected,16,0.0,0.0
7822,736,1396,Undirected,1,0.0,0.0
7823,1970,1487,Undirected,4,0.0,0.0
7824,1124,1940,Undirected,1,0.0,0.0
7825,1420,1837,Undirected,8,0.0,0.0
7826,1210,1269,Undirected,1,0.0,0.0
7827,1251,1219,Undirected,6,0.0,0.0
7828,1998,1862,Undirected,13,4.4572415940463727e-07,0.38349775479231507
7829,733,1390,Undirected,2,0.0,0.0
7830,1357,686,Undirected,2,0.0,0.0
7831,1201,1893,Undirected,1,0.0,0.0
7832,1712,1969,Undirected,13,0.0,0.0
7833,1314,1030,Undirected,2,0.0,0.0
7834,1763,1973,Undirected,2,0.0,0.0
7835,1714,786,Undirected,8,0.0,0.0
7836,1808,1787,Undirected,6,0.0,0.0
7837,1834,1834,Undirected,641,0.0,0.0
7838,936,1795,Undirected,1,0.0,0.0
7839,281,1055,Undirected,7,0.0,0.0
7840,1217,1604,Undirected,5,0.0,0.0
7841,803,173,Undirected,20,0.0,0.0
7842,73,1601,Undirected,7,0.0,0.0
7843,1258,1223,Undirected,3,0.0,0.0
7844,985,1674,Undirected,19,0.0,0.0
7845,1376,1636,Undirected,25,0.0,0.0
7846,1984,874,Undirected,10,0.0,0.0
7847,1681,1837,Undirected,13,0.0,0.0
7848,1239,807,Undirected,1,0.0,0.0
7849,1522,1085,Undirected,1,0.0,0.0
7850,1453,1078,Undirected,1,0.0,0.0
7851,1434,1382,Undirected,3,0.0,0.0
7852,233,596,Undirected,4,0.0,0.0
7853,915,915,Undirected,25,0.0,0.0
7854,1490,1983,Undirected,9,0.0,0.0
7855,745,1147,Undirected,3,0.0,0.0
7856,813,1838,Undirected,9,0.0,0.0
7857,1915,1255,Undirected,2,0.0,0.0
7858,1824,1969,Undirected,68,0.0,0.0
7859,810,1118,Undirected,1,0.0,0.0
7860,331,651,Undirected,4,0.0,0.0
7861,1787,438,Undirected,3,0.0,0.0
7862,1296,1759,Undirected,1,0.0,0.0
7863,1097,1660,Undirected,1,0.0,0.0
7864,1802,1802,Undirected,24,0.0,0.0
7865,1380,1372,Undirected,154,0.0,0.0
7866,1436,1436,Undirected,8,0.0,0.0
7867,768,1689,Undirected,16,0.0,0.0
7868,992,1258,Undirected,4,0.0,0.0
7869,1769,1305,Undirected,1,0.0,0.0
7870,1220,405,Undirected,2,0.0,0.0
7871,1680,134,Undirected,13,0.0,0.0
7872,608,1791,Undirected,1,0.0,0.0
7873,594,1518,Undirected,2,0.0,0.0
7874,598,847,Undirected,4,0.0,0.0
7875,1512,1482,Undirected,2,0.0,0.0
7876,1680,633,Undirected,1,0.0,0.0
7877,802,428,Undirected,6,0.0,0.0
7878,1197,1998,Undirected,2,0.0,0.0
7879,972,972,Undirected,38,0.0,0.0
7880,764,909,Undirected,1,0.0,0.0
7881,250,250,Undirected,36,0.0,0.0
7882,1257,646,Undirected,2,0.0,0.0
7883,1345,801,Undirected,1,0.0,0.0
7884,643,718,Undirected,1,0.0,0.0
7885,538,764,Undirected,8,0.0,0.0
7886,1413,615,Undirected,30,0.0,0.0
7887,1296,949,Undirected,11,8.007998333456794e-07,0.6890022262565583
7888,777,1759,Undirected,1,0.0,0.0
7889,1697,1401,Undirected,4,0.0,0.0
7890,1788,1223,Undirected,6,0.0,0.0
7891,336,1695,Undirected,57,0.0,0.0
7892,1368,70,Undirected,4,0.0,0.0
7893,1800,1343,Undirected,1,0.0,0.0
7894,1425,409,Undirected,4,0.0,0.0
7895,680,1469,Undirected,3,0.0,0.0
7896,1173,1134,Undirected,2,0.0,0.0
7897,1538,1356,Undirected,1,0.0,0.0
7898,1230,1295,Undirected,2,0.0,0.0
7899,1752,878,Undirected,3,0.0,0.0
7900,1603,804,Undirected,2,0.0,0.0
7901,432,1650,Undirected,15,0.0,0.0
7902,424,1194,Undirected,1,0.0,0.0
7903,1516,1343,Undirected,1,0.0,0.0
7904,1033,539,Undirected,5,0.0,0.0
7905,1755,68,Undirected,40,3.8373968603771795e-07,0.3301667744838909
7906,1272,1403,Undirected,3,0.0,0.0
7907,1928,1160,Undirected,792,0.0,0.0
7908,1809,294,Undirected,1,0.0,0.0
7909,318,318,Undirected,30,0.0,0.0
7910,1155,1319,Undirected,5,0.0,0.0
7911,1528,1288,Undirected,7,0.0,0.0
7912,1153,598,Undirected,4,3.9039339009763294e-07,0.3358915720166032
7913,980,1804,Undirected,2,0.0,0.0
7914,1648,1033,Undirected,1,0.0,0.0
7915,1568,794,Undirected,2,0.0,0.0
7916,1656,1489,Undirected,10,0.0,0.0
7917,1420,1756,Undirected,3,0.0,0.0
7918,0,1937,Undirected,31,0.0,0.0
7919,1024,172,Undirected,17,0.0,0.0
7920,834,517,Undirected,5,0.0,0.0
7921,1664,1768,Undirected,21,2.9878959729894573e-07,0.2570763493558423
7922,985,1547,Undirected,25,0.0,0.0
7923,1059,1029,Undirected,1,0.0,0.0
7924,1164,509,Undirected,21,0.0,0.0
7925,706,706,Undirected,124,0.0,0.0
7926,635,671,Undirected,2,0.0,0.0
7927,497,795,Undirected,38,0.0,0.0
7928,1773,1926,Undirected,1,0.0,0.0
7929,1505,1437,Undirected,1,0.0,0.0
7930,1229,687,Undirected,2,0.0,0.0
7931,80,80,Undirected,252,0.0,0.0
7932,728,1681,Undirected,4,0.0,0.0
7933,1517,1517,Undirected,84,0.0,0.0
7934,800,217,Undirected,1,0.0,0.0
7935,984,1106,Undirected,7,5.731505824012371e-07,0.4931345022948187
7936,1255,791,Undirected,1,0.0,0.0
7937,665,665,Undirected,18,0.0,0.0
7938,442,1396,Undirected,1,0.0,0.0
7939,194,411,Undirected,1,0.0,0.0
7940,56,979,Undirected,2,0.0,0.0
7941,1803,1603,Undirected,2,0.0,0.0
7942,33,33,Undirected,396,0.0,0.0
7943,216,499,Undirected,1,0.0,0.0
7944,1235,191,Undirected,22,0.0,0.0
7945,697,1145,Undirected,4,0.0,0.0
7946,672,1089,Undirected,1,0.0,0.0
7947,1848,1086,Undirected,1,0.0,0.0
7948,1400,1159,Undirected,5,0.0,0.0
7949,1217,1340,Undirected,12,0.0,0.0
7950,338,1802,Undirected,4,0.0,0.0
7951,1416,1345,Undirected,1,0.0,0.0
7952,1453,1511,Undirected,7,0.0,0.0
7953,625,308,Undirected,15,0.0,0.0
7954,288,1450,Undirected,5,0.0,0.0
7955,1952,19,Undirected,56,0.0,0.0
7956,1289,377,Undirected,2,0.0,0.0
7957,123,123,Undirected,705,0.0,0.0
7958,336,879,Undirected,3,0.0,0.0
7959,1920,1628,Undirected,8,0.0,0.0
7960,392,1829,Undirected,5,0.0,0.0
7961,570,570,Undirected,7,0.0,0.0
7962,1361,822,Undirected,3,0.0,0.0
7963,555,444,Undirected,1,0.0,0.0
7964,1601,1601,Undirected,15,0.0,0.0
7965,1051,1558,Undirected,13,0.0,0.0
7966,600,600,Undirected,13,0.0,0.0
7967,1702,1647,Undirected,1,0.0,0.0
7968,1466,1372,Undirected,1,0.0,0.0
7969,178,771,Undirected,13,0.0,0.0
7970,1667,589,Undirected,2,0.0,0.0
7971,1714,517,Undirected,2,0.0,0.0
7972,1455,1511,Undirected,1,0.0,0.0
7973,777,1338,Undirected,1,0.0,0.0
7974,1605,1158,Undirected,1,0.0,0.0
7975,792,1948,Undirected,1,0.0,0.0
7976,1747,998,Undirected,5,0.0,0.0
7977,1220,1006,Undirected,1,0.0,0.0
7978,1720,1739,Undirected,1,0.0,0.0
7979,1992,740,Undirected,14,0.0,0.0
7980,1588,127,Undirected,1,0.0,0.0
7981,1230,1263,Undirected,1,0.0,0.0
7982,1555,1780,Undirected,8,0.0,0.0
7983,1185,717,Undirected,1,0.0,0.0
7984,496,1805,Undirected,1,0.0,0.0
7985,1040,1851,Undirected,1,0.0,0.0
7986,843,1726,Undirected,4,0.0,0.0
7987,40,1562,Undirected,3,0.0,0.0
7988,5,118,Undirected,9,0.0,0.0
7989,1348,1359,Undirected,4,0.0,0.0
7990,769,1647,Undirected,1,0.0,0.0
7991,1081,429,Undirected,1,0.0,0.0
7992,1401,483,Undirected,1,0.0,0.0
7993,1369,1650,Undirected,5,0.0,0.0
7994,1410,1139,Undirected,2,0.0,0.0
7995,459,1491,Undirected,1,0.0,0.0
7996,770,511,Undirected,7,0.0,0.0
7997,518,518,Undirected,432,0.0,0.0
7998,475,1093,Undirected,97,0.0,0.0
7999,1208,722,Undirected,5,0.0,0.0
8000,1577,1753,Undirected,2,0.0,0.0
8001,264,1323,Undirected,1,0.0,0.0
8002,1588,1764,Undirected,3,0.0,0.0
8003,1997,1415,Undirected,2,0.0,0.0
8004,1812,1879,Undirected,1,0.0,0.0
8005,983,1647,Undirected,1,0.0,0.0
8006,47,47,Undirected,61,0.0,0.0
8007,1509,1375,Undirected,10,0.0,0.0
8008,656,1490,Undirected,1,0.0,0.0
8009,1140,1055,Undirected,4,0.0,0.0
8010,840,391,Undirected,2,0.0,0.0
8011,1568,1603,Undirected,13,0.0,0.0
8012,1009,1937,Undirected,8,0.0,0.0
8013,1250,1220,Undirected,3,0.0,0.0
8014,853,1838,Undirected,9,0.0,0.0
8015,1777,1927,Undirected,2,0.0,0.0
8016,1395,1476,Undirected,6,0.0,0.0
8017,690,1964,Undirected,1,0.0,0.0
8018,946,946,Undirected,23,0.0,0.0
8019,858,1610,Undirected,6,0.0,0.0
8020,524,461,Undirected,5,0.0,0.0
8021,289,74,Undirected,23,0.0,0.0
8022,1732,1732,Undirected,6,0.0,0.0
8023,1464,1893,Undirected,5,0.0,0.0
8024,1516,942,Undirected,2,0.0,0.0
8025,832,1803,Undirected,2,0.0,0.0
8026,947,1254,Undirected,9,0.0,0.0
8027,1761,1426,Undirected,1,0.0,0.0
8028,521,61,Undirected,2,0.0,0.0
8029,1126,678,Undirected,2,0.0,0.0
8030,993,123,Undirected,1,0.0,0.0
8031,1296,290,Undirected,2,0.0,0.0
8032,1705,462,Undirected,1,0.0,0.0
8033,197,1231,Undirected,2,0.0,0.0
8034,1593,319,Undirected,1,0.0,0.0
8035,1938,1078,Undirected,27,0.0,0.0
8036,1089,388,Undirected,1,0.0,0.0
8037,1916,1381,Undirected,3,0.0,0.0
8038,1249,1249,Undirected,5,0.0,0.0
8039,1229,597,Undirected,2,0.0,0.0
8040,1592,513,Undirected,33,0.0,0.0
8041,896,1527,Undirected,26,0.0,0.0
8042,1777,1755,Undirected,1,0.0,0.0
8043,1412,1470,Undirected,1,0.0,0.0
8044,610,1287,Undirected,5,0.0,0.0
8045,509,438,Undirected,2,0.0,0.0
8046,545,1340,Undirected,3,4.0290566059478927e-07,0.3466570365797602
8047,1380,1484,Undirected,2,0.0,0.0
8048,1774,1046,Undirected,2,0.0,0.0
8049,1712,759,Undirected,13,0.0,0.0
8050,1233,1877,Undirected,1,0.0,0.0
8051,1702,1703,Undirected,1,0.0,0.0
8052,401,131,Undirected,3,0.0,0.0
8053,1204,1343,Undirected,1,0.0,0.0
8054,283,1899,Undirected,3,0.0,0.0
8055,1024,1942,Undirected,4,0.0,0.0
8056,1315,198,Undirected,2,0.0,0.0
8057,569,1749,Undirected,5,0.0,0.0
8058,1697,1270,Undirected,2,0.0,0.0
8059,577,199,Undirected,7,0.0,0.0
8060,976,976,Undirected,33,0.0,0.0
8061,443,772,Undirected,1,0.0,0.0
8062,1318,1783,Undirected,5,0.0,0.0
8063,396,1607,Undirected,1,0.0,0.0
8064,160,468,Undirected,1,0.0,0.0
8065,689,518,Undirected,5,0.0,0.0
8066,1874,1716,Undirected,10,0.0,0.0
8067,275,1739,Undirected,3,0.0,0.0
8068,945,1924,Undirected,2,0.0,0.0
8069,1930,1595,Undirected,2,0.0,0.0
8070,489,1311,Undirected,2,0.0,0.0
8071,1765,1229,Undirected,1,0.0,0.0
8072,400,207,Undirected,15,5.363251751439353e-07,0.46145019552232613
8073,1809,1571,Undirected,3,0.0,0.0
8074,1803,1604,Undirected,7,0.0,0.0
8075,586,1693,Undirected,3,0.0,0.0
8076,1716,638,Undirected,3,0.0,0.0
8077,1098,1110,Undirected,3,0.0,0.0
8078,793,164,Undirected,3,0.0,0.0
8079,1626,1823,Undirected,3,0.0,0.0
8080,1768,1238,Undirected,10,0.0,0.0
8081,1861,262,Undirected,3,0.0,0.0
8082,1945,1476,Undirected,9,0.0,0.0
8083,131,1629,Undirected,9,0.0,0.0
8084,1011,1011,Undirected,80,0.0,0.0
8085,381,613,Undirected,1,0.0,0.0
8086,1368,1023,Undirected,1,0.0,0.0
8087,70,1207,Undirected,5,0.0,0.0
8088,1680,682,Undirected,1,0.0,0.0
8089,1162,1162,Undirected,986,0.0,0.0
8090,979,1316,Undirected,8,0.0,0.0
8091,1027,1805,Undirected,1,0.0,0.0
8092,1873,406,Undirected,1,0.0,0.0
8093,564,173,Undirected,29,0.0,0.0
8094,1466,1828,Undirected,1,0.0,0.0
8095,1268,1046,Undirected,1,0.0,0.0
8096,1146,147,Undirected,7,0.0,0.0
8097,1404,758,Undirected,30,0.0,0.0
8098,1376,691,Undirected,3,0.0,0.0
8099,1285,1941,Undirected,2,0.0,0.0
8100,1242,613,Undirected,3,0.0,0.0
8101,1379,1815,Undirected,2,0.0,0.0
8102,1059,591,Undirected,1,0.0,0.0
8103,1824,322,Undirected,3,0.0,0.0
8104,1848,979,Undirected,5,0.0,0.0
8105,939,1029,Undirected,1,0.0,0.0
8106,1162,663,Undirected,8,0.0,0.0
8107,1378,1548,Undirected,15,0.0,0.0
8108,812,812,Undirected,126,0.0,0.0
8109,1986,283,Undirected,6,0.0,0.0
8110,251,1533,Undirected,49,0.0,0.0
8111,1978,506,Undirected,2,0.0,0.0
8112,1618,919,Undirected,2,0.0,0.0
8113,1627,1964,Undirected,6,0.0,0.0
8114,210,510,Undirected,4,0.0,0.0
8115,1174,1031,Undirected,2,0.0,0.0
8116,129,1207,Undirected,22,0.0,0.0
8117,1800,1491,Undirected,1,0.0,0.0
8118,1916,1348,Undirected,8,0.0,0.0
8119,1884,949,Undirected,12,0.0,0.0
8120,1969,1219,Undirected,4,0.0,0.0
8121,1195,1380,Undirected,3,0.0,0.0
8122,1848,1756,Undirected,10,0.0,0.0
8123,81,751,Undirected,4,0.0,0.0
8124,1162,1141,Undirected,3,0.0,0.0
8125,1440,1265,Undirected,2,0.0,0.0
8126,640,822,Undirected,9,0.0,0.0
8127,837,1007,Undirected,17,0.0,0.0
8128,625,1021,Undirected,21,0.0,0.0
8129,1040,13,Undirected,4,0.0,0.0
8130,1476,646,Undirected,3,0.0,0.0
8131,601,1542,Undirected,41,0.0,0.0
8132,768,999,Undirected,1,0.0,0.0
8133,1844,837,Undirected,2,0.0,0.0
8134,1761,1522,Undirected,6,0.0,0.0
8135,377,1363,Undirected,2,0.0,0.0
8136,1020,374,Undirected,9,0.0,0.0
8137,1457,1246,Undirected,4,0.0,0.0
8138,1700,1604,Undirected,2,0.0,0.0
8139,354,1159,Undirected,1,0.0,0.0
8140,286,286,Undirected,91,0.0,0.0
8141,818,20,Undirected,1,0.0,0.0
8142,1937,1837,Undirected,8,0.0,0.0
8143,1490,1627,Undirected,5,0.0,0.0
8144,59,493,Undirected,1,0.0,0.0
8145,1236,1549,Undirected,2,0.0,0.0
8146,832,1630,Undirected,1,0.0,0.0
8147,458,1870,Undirected,4,0.0,0.0
8148,1681,1551,Undirected,2,0.0,0.0
8149,863,863,Undirected,153,0.0,0.0
8150,1236,68,Undirected,1,0.0,0.0
8151,1728,1366,Undirected,13,0.0,0.0
8152,1018,980,Undirected,1,0.0,0.0
8153,1390,551,Undirected,7,0.0,0.0
8154,1841,1236,Undirected,2,0.0,0.0
8155,1883,1372,Undirected,3,0.0,0.0
8156,1682,1596,Undirected,2,0.0,0.0
8157,803,1020,Undirected,7,0.0,0.0
8158,160,837,Undirected,1,0.0,0.0
8159,1996,1316,Undirected,2,0.0,0.0
8160,1884,1030,Undirected,1,0.0,0.0
8161,1763,1455,Undirected,2,0.0,0.0
8162,508,1741,Undirected,10,0.0,0.0
8163,448,1071,Undirected,1,0.0,0.0
8164,1582,23,Undirected,176,0.0,0.0
8165,818,485,Undirected,5,0.0,0.0
8166,320,320,Undirected,91,0.0,0.0
8167,433,1754,Undirected,3,0.0,0.0
8168,1616,1079,Undirected,2,0.0,0.0
8169,1392,980,Undirected,1,0.0,0.0
8170,1028,1341,Undirected,1,0.0,0.0
8171,1563,831,Undirected,2,0.0,0.0
8172,1730,839,Undirected,20,0.0,0.0
8173,984,1998,Undirected,1,0.0,0.0
8174,9,709,Undirected,1,0.0,0.0
8175,1032,1509,Undirected,52,0.0,0.0
8176,803,3,Undirected,13,0.0,0.0
8177,1520,1520,Undirected,71,0.0,0.0
8178,1195,1316,Undirected,1,0.0,0.0
8179,543,543,Undirected,76,0.0,0.0
8180,1944,1809,Undirected,6,0.0,0.0
8181,460,191,Undirected,1,0.0,0.0
8182,1992,1820,Undirected,17,0.0,0.0
8183,485,773,Undirected,3,0.0,0.0
8184,1186,517,Undirected,2,0.0,0.0
8185,1194,1763,Undirected,15,0.0,0.0
8186,1632,850,Undirected,2,0.0,0.0
8187,1801,1230,Undirected,7,0.0,0.0
8188,1462,974,Undirected,4,0.0,0.0
8189,1220,1053,Undirected,1,0.0,0.0
8190,1916,1893,Undirected,16,0.0,0.0
8191,296,1122,Undirected,4,0.0,0.0
8192,579,1159,Undirected,1,0.0,0.0
8193,627,291,Undirected,4,0.0,0.0
8194,1817,1817,Undirected,75,0.0,0.0
8195,1273,981,Undirected,2,0.0,0.0
8196,1590,207,Undirected,14,3.6202284112299664e-07,0.31148176248657655
8197,766,1639,Undirected,1,0.0,0.0
8198,1248,1707,Undirected,1,0.0,0.0
8199,1676,821,Undirected,1,0.0,0.0
8200,377,1359,Undirected,1,0.0,0.0
8201,680,969,Undirected,1,0.0,0.0
8202,1398,479,Undirected,2,0.0,0.0
8203,1434,719,Undirected,17,0.0,0.0
8204,1394,788,Undirected,2,0.0,0.0
8205,909,1734,Undirected,1,0.0,0.0
8206,1875,599,Undirected,8,0.0,0.0
8207,1369,1308,Undirected,3,0.0,0.0
8208,914,1199,Undirected,6,0.0,0.0
8209,925,1390,Undirected,1,0.0,0.0
8210,1720,1453,Undirected,2,0.0,0.0
8211,640,1948,Undirected,8,0.0,0.0
8212,1768,1768,Undirected,46,0.0,0.0
8213,1528,825,Undirected,5,0.0,0.0
8214,153,770,Undirected,1,0.0,0.0
8215,565,565,Undirected,5,0.0,0.0
8216,1328,594,Undirected,2,0.0,0.0
8217,801,1794,Undirected,1,0.0,0.0
8218,1186,829,Undirected,3,0.0,0.0
8219,978,805,Undirected,1,0.0,0.0
8220,603,603,Undirected,8,0.0,0.0
8221,1043,510,Undirected,1,0.0,0.0
8222,1368,94,Undirected,1,0.0,0.0
8223,813,1021,Undirected,16,0.0,0.0
8224,1032,1466,Undirected,8,0.0,0.0
8225,1159,1983,Undirected,1,0.0,0.0
8226,113,113,Undirected,53,0.0,0.0
8227,1883,1453,Undirected,39,0.0,0.0
8228,1178,1630,Undirected,4,0.0,0.0
8229,1960,973,Undirected,1,0.0,0.0
8230,625,813,Undirected,16,0.0,0.0
8231,216,1657,Undirected,4,0.0,0.0
8232,769,1851,Undirected,7,0.0,0.0
8233,1915,1628,Undirected,2,0.0,0.0
8234,1418,1035,Undirected,2,0.0,0.0
8235,780,1375,Undirected,2,0.0,0.0
8236,1833,1809,Undirected,1,0.0,0.0
8237,706,82,Undirected,5,0.0,0.0
8238,1985,579,Undirected,4,0.0,0.0
8239,106,1630,Undirected,2,0.0,0.0
8240,1547,813,Undirected,1,0.0,0.0
8241,1360,900,Undirected,1,0.0,0.0
8242,730,1498,Undirected,32,0.0,0.0
8243,304,939,Undirected,4,0.0,0.0
8244,1354,635,Undirected,4,0.0,0.0
8245,433,1141,Undirected,2,0.0,0.0
8246,1376,347,Undirected,15,0.0,0.0
8247,1443,390,Undirected,19,0.0,0.0
8248,412,1055,Undirected,3,0.0,0.0
8249,1730,1730,Undirected,37,0.0,0.0
8250,1344,804,Undirected,1,0.0,0.0
8251,914,914,Undirected,155,0.0,0.0
8252,1836,1415,Undirected,4,0.0,0.0
8253,40,1341,Undirected,1,0.0,0.0
8254,1072,1811,Undirected,15,0.0,0.0
8255,709,702,Undirected,1,0.0,0.0
8256,225,1939,Undirected,133,0.0,0.0
8257,1584,1740,Undirected,1,0.0,0.0
8258,1462,1967,Undirected,2,0.0,0.0
8259,1259,1724,Undirected,12,0.0,0.0
8260,108,1695,Undirected,8,0.0,0.0
8261,1602,1551,Undirected,5,0.0,0.0
8262,1162,1700,Undirected,7,0.0,0.0
8263,228,1350,Undirected,7,0.0,0.0
8264,979,1375,Undirected,13,0.0,0.0
8265,1218,1218,Undirected,37,0.0,0.0
8266,1394,1350,Undirected,4,0.0,0.0
8267,1877,1365,Undirected,3,0.0,0.0
8268,1110,447,Undirected,11,0.0,0.0
8269,1763,1763,Undirected,387,0.0,0.0
8270,108,1477,Undirected,84,0.0,0.0
8271,89,1674,Undirected,5,0.0,0.0
8272,884,447,Undirected,1,0.0,0.0
8273,958,558,Undirected,1,0.0,0.0
8274,1296,291,Undirected,9,0.0,0.0
8275,893,1159,Undirected,1,0.0,0.0
8276,1738,278,Undirected,1,0.0,0.0
8277,496,1357,Undirected,2,0.0,0.0
8278,1186,1330,Undirected,7,0.0,0.0
8279,1365,1199,Undirected,1,0.0,0.0
8280,1924,1927,Undirected,1,0.0,0.0
8281,1348,470,Undirected,9,0.0,0.0
8282,827,167,Undirected,5,0.0,0.0
8283,1377,1780,Undirected,1,0.0,0.0
8284,1856,794,Undirected,27,0.0,0.0
8285,780,1437,Undirected,1,0.0,0.0
8286,1611,188,Undirected,5,0.0,0.0
8287,842,1235,Undirected,1,0.0,0.0
8288,1297,903,Undirected,2,0.0,0.0
8289,777,33,Undirected,4,0.0,0.0
8290,1338,1815,Undirected,2,0.0,0.0
8291,582,582,Undirected,137,0.0,0.0
8292,1834,1827,Undirected,1,0.0,0.0
8293,1752,1355,Undirected,1,0.0,0.0
8294,171,1979,Undirected,4,0.0,0.0
8295,1306,277,Undirected,2,0.0,0.0
8296,949,949,Undirected,104,0.0,0.0
8297,1667,387,Undirected,3,0.0,0.0
8298,633,1261,Undirected,1,0.0,0.0
8299,512,225,Undirected,1,0.0,0.0
8300,1448,1803,Undirected,6,0.0,0.0
8301,516,1862,Undirected,7,0.0,0.0
8302,996,1253,Undirected,5,0.0,0.0
8303,969,1159,Undirected,1,0.0,0.0
8304,1024,306,Undirected,4,0.0,0.0
8305,1292,399,Undirected,4,0.0,0.0
8306,993,250,Undirected,2,0.0,0.0
8307,1097,1847,Undirected,3,0.0,0.0
8308,856,604,Undirected,1,0.0,0.0
8309,814,1375,Undirected,44,0.0,0.0
8310,40,40,Undirected,58,0.0,0.0
8311,1340,1373,Undirected,1,0.0,0.0
8312,1637,590,Undirected,12,0.0,0.0
8313,1888,1869,Undirected,1,0.0,0.0
8314,740,582,Undirected,1,0.0,0.0
8315,267,1979,Undirected,1,0.0,0.0
8316,1378,1718,Undirected,10,0.0,0.0
8317,1689,1689,Undirected,150,0.0,0.0
8318,736,1082,Undirected,1,0.0,0.0
8319,1147,1147,Undirected,53,0.0,0.0
8320,1287,903,Undirected,1,0.0,0.0
8321,1219,980,Undirected,3,0.0,0.0
8322,546,906,Undirected,2,0.0,0.0
8323,1338,107,Undirected,1,0.0,0.0
8324,1499,1763,Undirected,44,0.0,0.0
8325,1195,1318,Undirected,5,0.0,0.0
8326,1030,1030,Undirected,1456,0.0,0.0
8327,1716,228,Undirected,2,0.0,0.0
8328,1363,675,Undirected,5,0.0,0.0
8329,162,1117,Undirected,2,0.0,0.0
8330,909,1375,Undirected,6,0.0,0.0
8331,816,1743,Undirected,3,0.0,0.0
8332,1208,1340,Undirected,6,0.0,0.0
8333,369,1404,Undirected,2,0.0,0.0
8334,1033,1513,Undirected,6,0.0,0.0
8335,1731,708,Undirected,9,0.0,0.0
8336,1875,1515,Undirected,1,0.0,0.0
8337,1352,1308,Undirected,1,0.0,0.0
8338,288,1332,Undirected,25,0.0,0.0
8339,1604,517,Undirected,1,0.0,0.0
8340,282,1259,Undirected,35,0.0,0.0
8341,1760,299,Undirected,1,0.0,0.0
8342,1834,1251,Undirected,1,0.0,0.0
8343,433,711,Undirected,3,0.0,0.0
8344,1464,547,Undirected,34,0.0,0.0
8345,1677,678,Undirected,1,0.0,0.0
8346,648,598,Undirected,1,0.0,0.0
8347,1032,1281,Undirected,2,0.0,0.0
8348,1458,1458,Undirected,22,0.0,0.0
8349,1697,916,Undirected,9,0.0,0.0
8350,864,566,Undirected,9,0.0,0.0
8351,1457,627,Undirected,4,0.0,0.0
8352,464,43,Undirected,2,0.0,0.0
8353,1938,1763,Undirected,6,0.0,0.0
8354,882,854,Undirected,1,0.0,0.0
8355,784,784,Undirected,103,0.0,0.0
8356,1977,1082,Undirected,1,0.0,0.0
8357,682,734,Undirected,10,0.0,0.0
8358,353,806,Undirected,2,0.0,0.0
8359,1202,1631,Undirected,1,0.0,0.0
8360,1216,253,Undirected,8,0.0,0.0
8361,1288,1966,Undirected,1,0.0,0.0
8362,165,1719,Undirected,1,0.0,0.0
8363,210,1923,Undirected,3,0.0,0.0
8364,324,342,Undirected,2,0.0,0.0
8365,1737,174,Undirected,4,0.0,0.0
8366,1813,1597,Undirected,4,0.0,0.0
8367,1866,1219,Undirected,1,0.0,0.0
8368,593,1002,Undirected,1,0.0,0.0
8369,1268,1503,Undirected,1,0.0,0.0
8370,289,1966,Undirected,9,0.0,0.0
8371,375,375,Undirected,12,0.0,0.0
8372,1329,572,Undirected,17,0.0,0.0
8373,1855,127,Undirected,2,0.0,0.0
8374,1992,1545,Undirected,1,0.0,0.0
8375,1842,1855,Undirected,2,0.0,0.0
8376,411,1237,Undirected,5,0.0,0.0
8377,635,1383,Undirected,1,0.0,0.0
8378,884,1230,Undirected,19,0.0,0.0
8379,75,1287,Undirected,14,0.0,0.0
8380,1442,450,Undirected,1,0.0,0.0
8381,408,291,Undirected,3,2.821626503504353e-07,0.24277064774809953
8382,1925,1607,Undirected,3,0.0,0.0
8383,811,1852,Undirected,2,0.0,0.0
8384,1530,1363,Undirected,2,0.0,0.0
8385,1706,1706,Undirected,81,0.0,0.0
8386,1344,799,Undirected,1,0.0,0.0
8387,929,1331,Undirected,1,0.0,0.0
8388,768,900,Undirected,3,0.0,0.0
8389,968,1547,Undirected,1,0.0,0.0
8390,1848,1739,Undirected,7,0.0,0.0
8391,1783,711,Undirected,22,0.0,0.0
8392,722,900,Undirected,2,0.0,0.0
8393,296,1479,Undirected,15,0.0,0.0
8394,465,637,Undirected,3,0.0,0.0
8395,592,493,Undirected,13,0.0,0.0
8396,1032,1155,Undirected,9,0.0,0.0
8397,612,1325,Undirected,2,0.0,0.0
8398,298,1878,Undirected,2,0.0,0.0
8399,1109,1030,Undirected,39,4.051903235314798e-07,0.3486227435942697
8400,1253,414,Undirected,10,0.0,0.0
8401,277,1767,Undirected,1,0.0,0.0
8402,1824,1018,Undirected,3,0.0,0.0
8403,1434,1813,Undirected,1,0.0,0.0
8404,115,1139,Undirected,11,0.0,0.0
8405,1264,1402,Undirected,1,0.0,0.0
8406,853,455,Undirected,2,0.0,0.0
8407,745,1567,Undirected,11,0.0,0.0
8408,323,323,Undirected,39,0.0,0.0
8409,1195,1326,Undirected,1,0.0,0.0
8410,1603,1077,Undirected,10,0.0,0.0
8411,1496,828,Undirected,33,0.0,0.0
8412,1050,339,Undirected,62,0.0,0.0
8413,441,903,Undirected,11,0.0,0.0
8414,1192,1442,Undirected,10,0.0,0.0
8415,1913,1913,Undirected,31,0.0,0.0
8416,1162,1435,Undirected,3,0.0,0.0
8417,565,351,Undirected,6,0.0,0.0
8418,1656,1828,Undirected,1,0.0,0.0
8419,1621,1621,Undirected,75,0.0,0.0
8420,1697,1229,Undirected,7,0.0,0.0
8421,384,1120,Undirected,4,0.0,0.0
8422,1254,1838,Undirected,8,0.0,0.0
8423,689,83,Undirected,5,0.0,0.0
8424,1900,1774,Undirected,13,0.0,0.0
8425,1219,676,Undirected,1,0.0,0.0
8426,1515,774,Undirected,2,0.0,0.0
8427,1920,635,Undirected,11,0.0,0.0
8428,1529,1413,Undirected,1,0.0,0.0
8429,804,1046,Undirected,2,0.0,0.0
8430,464,464,Undirected,26,0.0,0.0
8431,1809,1945,Undirected,2,0.0,0.0
8432,1476,1693,Undirected,1,0.0,0.0
8433,1856,968,Undirected,1,0.0,0.0
8434,252,1342,Undirected,22,0.0,0.0
8435,1869,1869,Undirected,12,0.0,0.0
8436,1129,725,Undirected,15,0.0,0.0
8437,1636,244,Undirected,1,0.0,0.0
8438,1795,548,Undirected,1,0.0,0.0
8439,1353,1412,Undirected,4,0.0,0.0
8440,1996,1503,Undirected,5,0.0,0.0
8441,203,7,Undirected,3,0.0,0.0
8442,1754,1959,Undirected,420,0.0,0.0
8443,1292,1534,Undirected,28,0.0,0.0
8444,1324,1324,Undirected,37,0.0,0.0
8445,1801,935,Undirected,4,0.0,0.0
8446,1738,700,Undirected,1,0.0,0.0
8447,376,1635,Undirected,6,0.0,0.0
8448,1674,1964,Undirected,1,0.0,0.0
8449,1562,438,Undirected,6,0.0,0.0
8450,786,1603,Undirected,1,0.0,0.0
8451,1611,1941,Undirected,1,0.0,0.0
8452,122,1871,Undirected,1,0.0,0.0
8453,1754,887,Undirected,141,0.0,0.0
8454,633,1461,Undirected,1,0.0,0.0
8455,804,1077,Undirected,2,0.0,0.0
8456,905,5,Undirected,4,0.0,0.0
8457,1484,1453,Undirected,107,0.0,0.0
8458,1774,1774,Undirected,225,0.0,0.0
8459,923,1308,Undirected,3,0.0,0.0
8460,1265,1265,Undirected,25,0.0,0.0
8461,1848,1938,Undirected,1,0.0,0.0
8462,808,733,Undirected,1,0.0,0.0
8463,1576,1163,Undirected,1,0.0,0.0
8464,1474,847,Undirected,1,0.0,0.0
8465,1448,1382,Undirected,10,0.0,0.0
8466,651,1556,Undirected,1,0.0,0.0
8467,51,1791,Undirected,3,0.0,0.0
8468,1602,711,Undirected,2,0.0,0.0
8469,756,1077,Undirected,2,0.0,0.0
8470,1394,1140,Undirected,3,0.0,0.0
8471,1808,1129,Undirected,8,0.0,0.0
8472,625,1420,Undirected,5,0.0,0.0
8473,1222,151,Undirected,1,0.0,0.0
8474,57,1332,Undirected,1,0.0,0.0
8475,880,1257,Undirected,1,0.0,0.0
8476,251,1997,Undirected,11,0.0,0.0
8477,1877,774,Undirected,94,0.0,0.0
8478,1937,410,Undirected,1,0.0,0.0
8479,739,957,Undirected,2,0.0,0.0
8480,1602,1780,Undirected,60,0.0,0.0
8481,405,1150,Undirected,2,0.0,0.0
8482,689,33,Undirected,2,0.0,0.0
8483,1666,755,Undirected,1,0.0,0.0
8484,1056,1538,Undirected,1,0.0,0.0
8485,37,1397,Undirected,5,0.0,0.0
8486,368,920,Undirected,2,0.0,0.0
8487,1873,1378,Undirected,5,0.0,0.0
8488,1801,1738,Undirected,1,0.0,0.0
8489,361,204,Undirected,1,0.0,0.0
8490,1404,1254,Undirected,2,0.0,0.0
8491,1763,1780,Undirected,6,0.0,0.0
8492,832,1836,Undirected,11,0.0,0.0
8493,264,277,Undirected,1,0.0,0.0
8494,1000,1527,Undirected,2,0.0,0.0
8495,1029,173,Undirected,1,0.0,0.0
8496,1913,1772,Undirected,2,0.0,0.0
8497,1824,985,Undirected,7,0.0,0.0
8498,1298,1644,Undirected,6,0.0,0.0
8499,1913,1418,Undirected,1,0.0,0.0
8500,1116,1653,Undirected,5,0.0,0.0
8501,408,1074,Undirected,35,0.0,0.0
8502,1001,1817,Undirected,1,0.0,0.0
8503,1716,1637,Undirected,1,0.0,0.0
8504,1250,1308,Undirected,1,0.0,0.0
8505,1434,1734,Undirected,3,0.0,0.0
8506,1062,1062,Undirected,10,0.0,0.0
8507,1359,1199,Undirected,50,0.0,0.0
8508,1833,1675,Undirected,1,0.0,0.0
8509,1645,599,Undirected,1,0.0,0.0
8510,1055,1055,Undirected,186,0.0,0.0
8511,1676,445,Undirected,1,0.0,0.0
8512,4,1407,Undirected,1,0.0,0.0
8513,994,994,Undirected,16,0.0,0.0
8514,1427,1427,Undirected,40,0.0,0.0
8515,1330,1268,Undirected,3,0.0,0.0
8516,1603,710,Undirected,43,0.0,0.0
8517,1641,1995,Undirected,4,0.0,0.0
8518,591,591,Undirected,196,0.0,0.0
8519,213,1647,Undirected,2,0.0,0.0
8520,1555,1286,Undirected,2,0.0,0.0
8521,1140,734,Undirected,5,0.0,0.0
8522,1640,1079,Undirected,1,0.0,0.0
8523,1834,758,Undirected,39,0.0,0.0
8524,1344,909,Undirected,4,0.0,0.0
8525,850,1813,Undirected,1,0.0,0.0
8526,1939,300,Undirected,28,0.0,0.0
8527,1628,270,Undirected,23,0.0,0.0
8528,939,1207,Undirected,5,0.0,0.0
8529,1466,1827,Undirected,1,0.0,0.0
8530,388,1054,Undirected,13,0.0,0.0
8531,172,172,Undirected,269,0.0,0.0
8532,1976,1976,Undirected,33,0.0,0.0
8533,43,1052,Undirected,2,0.0,0.0
8534,104,1540,Undirected,2,0.0,0.0
8535,625,1380,Undirected,10,0.0,0.0
8536,1716,70,Undirected,9,0.0,0.0
8537,900,1340,Undirected,1,0.0,0.0
8538,184,1512,Undirected,2,0.0,0.0
8539,410,1700,Undirected,65,0.0,0.0
8540,643,780,Undirected,1,0.0,0.0
8541,819,1077,Undirected,1,0.0,0.0
8542,969,1510,Undirected,5,0.0,0.0
8543,953,953,Undirected,20,0.0,0.0
8544,1928,1371,Undirected,2,0.0,0.0
8545,425,884,Undirected,16,0.0,0.0
8546,1664,1238,Undirected,6,0.0,0.0
8547,449,449,Undirected,17,0.0,0.0
8548,1563,1703,Undirected,1,0.0,0.0
8549,738,807,Undirected,2,0.0,0.0
8550,368,19,Undirected,3,0.0,0.0
8551,499,499,Undirected,81,0.0,0.0
8552,1992,462,Undirected,1,0.0,0.0
8553,1725,1654,Undirected,3,0.0,0.0
8554,622,759,Undirected,6,0.0,0.0
8555,832,1778,Undirected,13,0.0,0.0
8556,567,911,Undirected,2,0.0,0.0
8557,433,1529,Undirected,18,0.0,0.0
8558,659,516,Undirected,6,0.0,0.0
8559,471,471,Undirected,22,0.0,0.0
8560,1251,1996,Undirected,17,0.0,0.0
8561,1890,1382,Undirected,4,0.0,0.0
8562,1288,1858,Undirected,1,0.0,0.0
8563,1636,783,Undirected,1,0.0,0.0
8564,1356,519,Undirected,1,0.0,0.0
8565,1020,862,Undirected,3,0.0,0.0
8566,417,198,Undirected,2,0.0,0.0
8567,1149,901,Undirected,1,0.0,0.0
8568,1717,390,Undirected,1,0.0,0.0
8569,905,509,Undirected,1,0.0,0.0
8570,313,1925,Undirected,1,0.0,0.0
8571,1769,566,Undirected,1,0.0,0.0
8572,1812,975,Undirected,1,0.0,0.0
8573,528,1718,Undirected,1,0.0,0.0
8574,1707,1375,Undirected,1,0.0,0.0
8575,1001,21,Undirected,1,0.0,0.0
8576,144,648,Undirected,8,0.0,0.0
8577,1315,1030,Undirected,38,0.0,0.0
8578,275,1803,Undirected,3,0.0,0.0
8579,788,109,Undirected,3,0.0,0.0
8580,1426,1426,Undirected,90,0.0,0.0
8581,1677,1677,Undirected,76,0.0,0.0
8582,742,511,Undirected,3,0.0,0.0
8583,1883,275,Undirected,1,0.0,0.0
8584,469,1814,Undirected,29,0.0,0.0
8585,600,511,Undirected,4,0.0,0.0
8586,1896,1625,Undirected,7,0.0,0.0
8587,1290,686,Undirected,1,0.0,0.0
8588,1318,1734,Undirected,1,0.0,0.0
8589,388,1413,Undirected,15,0.0,0.0
8590,834,1035,Undirected,1,0.0,0.0
8591,1969,1780,Undirected,67,0.0,0.0
8592,504,1072,Undirected,10,0.0,0.0
8593,1616,1616,Undirected,2,0.0,0.0
8594,939,1020,Undirected,15,5.7969360272381e-07,0.49876406836235876
8595,100,398,Undirected,1,0.0,0.0
8596,1568,1925,Undirected,63,0.0,0.0
8597,1448,1947,Undirected,9,0.0,0.0
8598,1835,597,Undirected,5,0.0,0.0
8599,1809,1774,Undirected,26,0.0,0.0
8600,577,827,Undirected,3,5.778063577514297e-07,0.4971402968113222
8601,704,1422,Undirected,3,0.0,0.0
8602,473,1215,Undirected,5,0.0,0.0
8603,1984,1547,Undirected,1,0.0,0.0
8604,1834,612,Undirected,13,0.0,0.0
8605,1000,175,Undirected,3,0.0,0.0
8606,489,989,Undirected,20,0.0,0.0
8607,1035,1302,Undirected,1,0.0,0.0
8608,932,1022,Undirected,2,0.0,0.0
8609,356,932,Undirected,1,0.0,0.0
8610,794,719,Undirected,1,0.0,0.0
8611,674,1302,Undirected,1,0.0,0.0
8612,410,1283,Undirected,1,0.0,0.0
8613,0,850,Undirected,4,0.0,0.0
8614,880,333,Undirected,2,0.0,0.0
8615,1579,494,Undirected,3,0.0,0.0
8616,1744,878,Undirected,1,0.0,0.0
8617,197,678,Undirected,1,0.0,0.0
8618,659,1334,Undirected,1,0.0,0.0
8619,1484,1318,Undirected,15,0.0,0.0
8620,400,1696,Undirected,206,0.0,0.0
8621,656,147,Undirected,1,0.0,0.0
8622,681,1095,Undirected,1,0.0,0.0
8623,1461,1461,Undirected,32,0.0,0.0
8624,1296,754,Undirected,12,0.0,0.0
8625,460,1279,Undirected,1,0.0,0.0
8626,1382,1902,Undirected,8,0.0,0.0
8627,1600,1833,Undirected,1,0.0,0.0
8628,1357,1783,Undirected,2,0.0,0.0
8629,1722,1722,Undirected,9,0.0,0.0
8630,337,837,Undirected,1,0.0,0.0
8631,1434,1763,Undirected,6,0.0,0.0
8632,1116,119,Undirected,2,0.0,0.0
8633,1306,715,Undirected,4,0.0,0.0
8634,1568,710,Undirected,16,0.0,0.0
8635,1363,1196,Undirected,1,0.0,0.0
8636,347,783,Undirected,6,0.0,0.0
8637,845,845,Undirected,23,0.0,0.0
8638,1681,1511,Undirected,11,0.0,0.0
8639,690,517,Undirected,2,0.0,0.0
8640,1395,331,Undirected,8,0.0,0.0
8641,1780,813,Undirected,30,0.0,0.0
8642,1664,106,Undirected,261,0.0,0.0
8643,1996,1086,Undirected,1,0.0,0.0
8644,574,1383,Undirected,4,0.0,0.0
8645,694,63,Undirected,2,0.0,0.0
8646,1192,273,Undirected,20,0.0,0.0
8647,741,278,Undirected,2,0.0,0.0
8648,1833,1932,Undirected,1,0.0,0.0
8649,1484,1484,Undirected,1600,0.0,0.0
8650,420,1572,Undirected,2,0.0,0.0
8651,1140,981,Undirected,1,0.0,0.0
8652,327,327,Undirected,15,0.0,0.0
8653,1561,1925,Undirected,34,0.0,0.0
8654,115,1309,Undirected,1,0.0,0.0
8655,1257,718,Undirected,1,0.0,0.0
8656,1418,1395,Undirected,3,0.0,0.0
8657,1568,1639,Undirected,3,0.0,0.0
8658,1570,646,Undirected,3,0.0,0.0
8659,1186,651,Undirected,1,0.0,0.0
8660,1608,1428,Undirected,6,0.0,0.0
8661,1740,615,Undirected,2,0.0,0.0
8662,1597,399,Undirected,1,0.0,0.0
8663,1213,102,Undirected,1,0.0,0.0
8664,169,1460,Undirected,3,0.0,0.0
8665,827,411,Undirected,3,0.0,0.0
8666,240,240,Undirected,3,0.0,0.0
8667,772,1837,Undirected,1,0.0,0.0
8668,554,324,Undirected,1,0.0,0.0
8669,576,1435,Undirected,4,0.0,0.0
8670,177,1284,Undirected,3,0.0,0.0
8671,1828,1375,Undirected,6,0.0,0.0
8672,1060,1631,Undirected,1,0.0,0.0
8673,625,539,Undirected,1,0.0,0.0
8674,625,1987,Undirected,1,0.0,0.0
8675,1320,1173,Undirected,1,0.0,0.0
8676,755,893,Undirected,2,0.0,0.0
8677,250,1074,Undirected,8,6.142235309591237e-07,0.5284733620409208
8678,1392,1032,Undirected,72,0.0,0.0
8679,725,118,Undirected,8,4.4977916143990277e-07,0.3869866484127097
8680,40,1183,Undirected,10,0.0,0.0
8681,1186,749,Undirected,15,0.0,0.0
8682,771,1086,Undirected,1,0.0,0.0
8683,1406,1159,Undirected,1,0.0,0.0
8684,1469,1790,Undirected,1,0.0,0.0
8685,1584,580,Undirected,1,0.0,0.0
8686,1195,1973,Undirected,5,0.0,0.0
8687,1171,837,Undirected,1,0.0,0.0
8688,882,1382,Undirected,2,0.0,0.0
8689,1490,1042,Undirected,2,0.0,0.0
8690,460,975,Undirected,1,0.0,0.0
8691,1356,1254,Undirected,1,0.0,0.0
8692,496,1254,Undirected,226,0.0,0.0
8693,1873,1129,Undirected,2,0.0,0.0
8694,1800,1619,Undirected,6,0.0,0.0
8695,1965,662,Undirected,3,0.0,0.0
8696,1478,1478,Undirected,43,0.0,0.0
8697,400,439,Undirected,1,0.0,0.0
8698,1746,1746,Undirected,53,0.0,0.0
8699,1077,1077,Undirected,64,0.0,0.0
8700,690,1570,Undirected,1,0.0,0.0
8701,652,1543,Undirected,1,0.0,0.0
8702,1369,1049,Undirected,1,0.0,0.0
8703,1230,935,Undirected,3,0.0,0.0
8704,369,1783,Undirected,3,0.0,0.0
8705,1594,1261,Undirected,19,0.0,0.0
8706,1537,683,Undirected,6,0.0,0.0
8707,1484,1813,Undirected,3,0.0,0.0
8708,1289,635,Undirected,2,0.0,0.0
8709,561,777,Undirected,2,0.0,0.0
8710,1634,475,Undirected,1,0.0,0.0
8711,1560,696,Undirected,4,0.0,0.0
8712,205,1935,Undirected,1,0.0,0.0
8713,1675,1509,Undirected,7,0.0,0.0
8714,1072,1116,Undirected,2,0.0,0.0
8715,1028,438,Undirected,11,0.0,0.0
8716,1106,421,Undirected,1,0.0,0.0
8717,1569,873,Undirected,2,2.8279149249469373e-07,0.24331169885639942
8718,517,1630,Undirected,1,0.0,0.0
8719,1681,1219,Undirected,28,0.0,0.0
8720,0,1447,Undirected,1,0.0,0.0
8721,728,1372,Undirected,9,0.0,0.0
8722,819,1476,Undirected,4,0.0,0.0
8723,139,139,Undirected,19,0.0,0.0
8724,732,1644,Undirected,3,0.0,0.0
8725,76,951,Undirected,5,0.0,0.0
8726,1009,305,Undirected,4,0.0,0.0
8727,432,1772,Undirected,9,0.0,0.0
8728,1734,1983,Undirected,1,0.0,0.0
8729,1672,1162,Undirected,1,0.0,0.0
8730,612,813,Undirected,15,0.0,0.0
8731,1240,1695,Undirected,38,0.0,0.0
8732,458,797,Undirected,2,0.0,0.0
8733,1344,1686,Undirected,1,0.0,0.0
8734,611,1806,Undirected,26,0.0,0.0
8735,1598,1598,Undirected,83,0.0,0.0
8736,1678,1678,Undirected,191,0.0,0.0
8737,1130,806,Undirected,2,0.0,0.0
8738,1658,1053,Undirected,15,0.0,0.0
8739,1576,725,Undirected,274,0.0,0.0
8740,1410,511,Undirected,2,0.0,0.0
8741,1090,1090,Undirected,12,0.0,0.0
8742,1851,983,Undirected,1,0.0,0.0
8743,256,825,Undirected,1,0.0,0.0
8744,176,643,Undirected,2,0.0,0.0
8745,801,1220,Undirected,1,0.0,0.0
8746,1475,1155,Undirected,1,0.0,0.0
8747,450,532,Undirected,1,0.0,0.0
8748,741,943,Undirected,10,0.0,0.0
8749,993,621,Undirected,1,0.0,0.0
8750,1042,1587,Undirected,1,0.0,0.0
8751,1060,590,Undirected,3,0.0,0.0
8752,761,289,Undirected,1,0.0,0.0
8753,1805,759,Undirected,1,0.0,0.0
8754,909,1646,Undirected,2,0.0,0.0
8755,1392,1413,Undirected,2,0.0,0.0
8756,945,341,Undirected,6,0.0,0.0
8757,1803,1382,Undirected,14,0.0,0.0
8758,1029,1671,Undirected,1,0.0,0.0
8759,832,399,Undirected,6,0.0,0.0
8760,1364,1364,Undirected,13,0.0,0.0
8761,123,252,Undirected,1,0.0,0.0
8762,1721,461,Undirected,1,0.0,0.0
8763,1627,1603,Undirected,9,0.0,0.0
8764,1618,1618,Undirected,523,0.0,0.0
8765,1576,118,Undirected,1,0.0,0.0
8766,928,1348,Undirected,1,0.0,0.0
8767,864,1764,Undirected,3,0.0,0.0
8768,1298,191,Undirected,4,0.0,0.0
8769,1914,1614,Undirected,7,0.0,0.0
8770,1090,1357,Undirected,1,0.0,0.0
8771,921,921,Undirected,146,0.0,0.0
8772,496,710,Undirected,3,0.0,0.0
8773,151,151,Undirected,521,0.0,0.0
8774,840,773,Undirected,1,0.0,0.0
8775,740,518,Undirected,75,0.0,0.0
8776,1555,1555,Undirected,325,0.0,0.0
8777,613,1181,Undirected,2,0.0,0.0
8778,1360,551,Undirected,13,0.0,0.0
8779,1424,1636,Undirected,1,0.0,0.0
8780,1789,1789,Undirected,45,0.0,0.0
8781,1257,1223,Undirected,14,0.0,0.0
8782,1833,1814,Undirected,3,0.0,0.0
8783,496,1681,Undirected,2,0.0,0.0
8784,1698,612,Undirected,36,0.0,0.0
8785,750,750,Undirected,47,0.0,0.0
8786,1272,1311,Undirected,2,0.0,0.0
8787,665,702,Undirected,2,0.0,0.0
8788,1932,1812,Undirected,1,0.0,0.0
8789,195,1604,Undirected,1,0.0,0.0
8790,1385,1543,Undirected,2,0.0,0.0
8791,955,1871,Undirected,1,0.0,0.0
8792,1150,1550,Undirected,1,0.0,0.0
8793,801,1134,Undirected,2,0.0,0.0
8794,1042,1700,Undirected,133,0.0,0.0
8795,1739,1484,Undirected,49,0.0,0.0
8796,1362,1134,Undirected,3,0.0,0.0
8797,494,1919,Undirected,1,0.0,0.0
8798,826,826,Undirected,25,0.0,0.0
8799,1777,1082,Undirected,6,0.0,0.0
8800,1707,1740,Undirected,28,0.0,0.0
8801,368,368,Undirected,551,0.0,0.0
8802,593,789,Undirected,2,0.0,0.0
8803,706,935,Undirected,7,0.0,0.0
8804,1581,1455,Undirected,26,0.0,0.0
8805,745,2,Undirected,3,0.0,0.0
8806,1865,1865,Undirected,14,0.0,0.0
8807,1070,1823,Undirected,2,0.0,0.0
8808,1937,646,Undirected,3,0.0,0.0
8809,1484,637,Undirected,5,0.0,0.0
8810,772,1437,Undirected,16,0.0,0.0
8811,125,1359,Undirected,1,0.0,0.0
8812,1636,1678,Undirected,88,0.0,0.0
8813,1484,1734,Undirected,8,0.0,0.0
8814,1027,1868,Undirected,1,0.0,0.0
8815,1656,1113,Undirected,12,0.0,0.0
8816,1800,710,Undirected,13,0.0,0.0
8817,981,981,Undirected,23,0.0,0.0
8818,769,1159,Undirected,1,0.0,0.0
8819,442,1898,Undirected,5,0.0,0.0
8820,547,1963,Undirected,1,0.0,0.0
8821,659,460,Undirected,1,0.0,0.0
8822,409,1771,Undirected,3,0.0,0.0
8823,1152,274,Undirected,6,0.0,0.0
8824,1458,1510,Undirected,1,0.0,0.0
8825,1600,469,Undirected,2,0.0,0.0
8826,812,1974,Undirected,15,0.0,0.0
8827,986,1348,Undirected,2,0.0,0.0
8828,280,1804,Undirected,1,0.0,0.0
8829,1642,475,Undirected,4,0.0,0.0
8830,340,1223,Undirected,1,0.0,0.0
8831,57,657,Undirected,11,0.0,0.0
8832,1617,1635,Undirected,4,0.0,0.0
8833,1230,510,Undirected,22,0.0,0.0
8834,98,1692,Undirected,3,0.0,0.0
8835,585,916,Undirected,2,0.0,0.0
8836,1448,1994,Undirected,5,0.0,0.0
8837,40,1731,Undirected,16,0.0,0.0
8838,1442,1578,Undirected,1,0.0,0.0
8839,1900,1141,Undirected,13,0.0,0.0
8840,1938,1372,Undirected,4,0.0,0.0
8841,1889,540,Undirected,3,0.0,0.0
8842,1914,739,Undirected,4,0.0,0.0
8843,424,1837,Undirected,34,0.0,0.0
8844,398,398,Undirected,10,0.0,0.0
8845,1296,1652,Undirected,3,0.0,0.0
8846,1328,155,Undirected,4,0.0,0.0
8847,308,814,Undirected,2,0.0,0.0
8848,1448,1700,Undirected,34,0.0,0.0
8849,1395,1604,Undirected,1,0.0,0.0
8850,1103,1103,Undirected,1,0.0,0.0
8851,283,1815,Undirected,5,0.0,0.0
8852,1834,1783,Undirected,6,0.0,0.0
8853,1752,722,Undirected,1,0.0,0.0
8854,1402,1042,Undirected,2,0.0,0.0
8855,1837,567,Undirected,11,0.0,0.0
8856,1988,1988,Undirected,14,0.0,0.0
8857,899,1476,Undirected,1,0.0,0.0
8858,410,551,Undirected,5,0.0,0.0
8859,706,1559,Undirected,1,0.0,0.0
8860,155,1220,Undirected,1,0.0,0.0
8861,1035,1772,Undirected,2,0.0,0.0
8862,995,1453,Undirected,2,0.0,0.0
8863,772,1693,Undirected,3,0.0,0.0
8864,516,277,Undirected,1,0.0,0.0
8865,336,1162,Undirected,1,0.0,0.0
8866,1352,604,Undirected,2,0.0,0.0
8867,265,265,Undirected,39,0.0,0.0
8868,280,1684,Undirected,1,0.0,0.0
8869,432,1573,Undirected,1,0.0,0.0
8870,1923,1923,Undirected,12,0.0,0.0
8871,1848,1194,Undirected,4,0.0,0.0
8872,732,437,Undirected,11,0.0,0.0
8873,984,1794,Undirected,1,0.0,0.0
8874,115,885,Undirected,3,0.0,0.0
8875,258,1630,Undirected,1,0.0,0.0
8876,1484,1372,Undirected,43,0.0,0.0
8877,146,1927,Undirected,16,0.0,0.0
8878,1778,580,Undirected,13,0.0,0.0
8879,1033,1195,Undirected,1,0.0,0.0
8880,67,1879,Undirected,71,0.0,0.0
8881,1020,591,Undirected,15,0.0,0.0
8882,688,1230,Undirected,1,0.0,0.0
8883,331,631,Undirected,1,0.0,0.0
8884,722,555,Undirected,1,0.0,0.0
8885,1977,777,Undirected,1,0.0,0.0
8886,627,1683,Undirected,8,0.0,0.0
8887,978,1079,Undirected,2,0.0,0.0
8888,167,167,Undirected,91,0.0,0.0
8889,840,1860,Undirected,5,0.0,0.0
8890,384,1586,Undirected,12,0.0,0.0
8891,839,127,Undirected,5,0.0,0.0
8892,33,617,Undirected,1,0.0,0.0
8893,1325,1382,Undirected,5,0.0,0.0
8894,870,870,Undirected,30,0.0,0.0
8895,1201,1554,Undirected,32,0.0,0.0
8896,1852,1852,Undirected,17,0.0,0.0
8897,1459,646,Undirected,1,0.0,0.0
8898,1155,1509,Undirected,5,0.0,0.0
8899,129,734,Undirected,34,0.0,0.0
8900,1203,1614,Undirected,8,0.0,0.0
8901,1425,203,Undirected,3,0.0,0.0
8902,675,923,Undirected,2,0.0,0.0
8903,608,412,Undirected,1,0.0,0.0
8904,923,1013,Undirected,7,0.0,0.0
8905,936,1952,Undirected,2,0.0,0.0
8906,603,1700,Undirected,2,0.0,0.0
8907,1209,331,Undirected,11,0.0,0.0
8908,1753,986,Undirected,46,0.0,0.0
8909,1978,1806,Undirected,11,0.0,0.0
8910,528,5,Undirected,6,0.0,0.0
8911,251,251,Undirected,338,0.0,0.0
8912,1400,1400,Undirected,141,0.0,0.0
8913,1555,1086,Undirected,1,0.0,0.0
8914,816,1862,Undirected,12,0.0,0.0
8915,325,325,Undirected,5,0.0,0.0
8916,1496,1251,Undirected,7,0.0,0.0
8917,1547,1555,Undirected,1,0.0,0.0
8918,1352,1345,Undirected,2,0.0,0.0
8919,545,19,Undirected,5,0.0,0.0
8920,840,818,Undirected,1,0.0,0.0
8921,625,853,Undirected,29,0.0,0.0
8922,1395,1077,Undirected,2,0.0,0.0
8923,1195,758,Undirected,17,0.0,0.0
8924,556,1143,Undirected,2,0.0,0.0
8925,1525,1525,Undirected,14,0.0,0.0
8926,947,1325,Undirected,18,0.0,0.0
8927,1932,1301,Undirected,2,0.0,0.0
8928,1357,1070,Undirected,6,0.0,0.0
8929,44,1885,Undirected,25,0.0,0.0
8930,456,1285,Undirected,4,0.0,0.0
8931,1712,369,Undirected,2,0.0,0.0
8932,832,1167,Undirected,3,0.0,0.0
8933,1356,830,Undirected,6,0.0,0.0
8934,269,1029,Undirected,1,0.0,0.0
8935,692,45,Undirected,15,0.0,0.0
8936,1318,1318,Undirected,57,0.0,0.0
8937,1588,574,Undirected,1,0.0,0.0
8938,577,709,Undirected,5,0.0,0.0
8939,1356,1286,Undirected,9,0.0,0.0
8940,1033,1286,Undirected,2,0.0,0.0
8941,1042,1639,Undirected,5,0.0,0.0
8942,1732,1014,Undirected,6,0.0,0.0
8943,1696,1183,Undirected,4,3.0803639427512005e-07,0.2650322247656918
8944,1938,1783,Undirected,1,0.0,0.0
8945,1568,733,Undirected,1,0.0,0.0
8946,984,1345,Undirected,18,0.0,0.0
8947,1302,1302,Undirected,8,0.0,0.0
8948,129,1394,Undirected,1,0.0,0.0
8949,0,1268,Undirected,1,0.0,0.0
8950,1340,1126,Undirected,3,0.0,0.0
8951,1602,1326,Undirected,1,0.0,0.0
8952,865,1942,Undirected,8,0.0,0.0
8953,384,6,Undirected,25,0.0,0.0
8954,756,756,Undirected,11,0.0,0.0
8955,769,1359,Undirected,2,0.0,0.0
8956,400,1227,Undirected,3,0.0,0.0
8957,1244,535,Undirected,1,0.0,0.0
8958,1753,342,Undirected,1,0.0,0.0
8959,1938,1974,Undirected,109,0.0,0.0
8960,1773,1773,Undirected,6,0.0,0.0
8961,979,853,Undirected,2,0.0,0.0
8962,1362,1518,Undirected,8,0.0,0.0
8963,597,869,Undirected,3,0.0,0.0
8964,1681,1756,Undirected,1,0.0,0.0
8965,1281,1698,Undirected,1,0.0,0.0
8966,1720,1018,Undirected,1,0.0,0.0
8967,1848,271,Undirected,1,0.0,0.0
8968,989,382,Undirected,5,0.0,0.0
8969,1539,1966,Undirected,12,0.0,0.0
8970,860,614,Undirected,28,0.0,0.0
8971,1400,1491,Undirected,61,0.0,0.0
8972,1777,1767,Undirected,1,0.0,0.0
8973,1067,1343,Undirected,1,0.0,0.0
8974,1570,1627,Undirected,1,0.0,0.0
8975,76,709,Undirected,6,0.0,0.0
8976,1740,1780,Undirected,25,0.0,0.0
8977,1739,1838,Undirected,1,0.0,0.0
8978,852,894,Undirected,1,0.0,0.0
8979,273,1022,Undirected,12,2.8174831283633165e-07,0.24241415482970533
8980,1772,1062,Undirected,3,0.0,0.0
8981,1785,1125,Undirected,1,0.0,0.0
8982,675,1645,Undirected,1,0.0,0.0
8983,1949,1935,Undirected,12,0.0,0.0
8984,1559,1559,Undirected,35,0.0,0.0
8985,1281,1484,Undirected,2,0.0,0.0
8986,1359,1855,Undirected,1,0.0,0.0
8987,339,1147,Undirected,4,2.881142378242934e-07,0.24789134938725535
8988,1195,1758,Undirected,60,0.0,0.0
8989,1277,463,Undirected,3,0.0,0.0
8990,768,223,Undirected,2,0.0,0.0
8991,1307,391,Undirected,1,0.0,0.0
8992,1674,1555,Undirected,1,0.0,0.0
8993,1000,1366,Undirected,3,0.0,0.0
8994,1121,1761,Undirected,2,0.0,0.0
8995,810,1933,Undirected,8,0.0,0.0
8996,1395,804,Undirected,1,0.0,0.0
8997,499,157,Undirected,5,0.0,0.0
8998,1457,1817,Undirected,3,0.0,0.0
8999,1944,1641,Undirected,3,0.0,0.0
9000,1984,1343,Undirected,1,0.0,0.0
9001,1476,1150,Undirected,5,0.0,0.0
9002,500,1285,Undirected,1,0.0,0.0
9003,1136,285,Undirected,3,0.0,0.0
9004,947,686,Undirected,30,0.0,0.0
9005,1605,405,Undirected,2,0.0,0.0
9006,70,1023,Undirected,3,0.0,0.0
9007,1171,1485,Undirected,2,0.0,0.0
9008,83,283,Undirected,1,0.0,0.0
9009,1025,1025,Undirected,21,0.0,0.0
9010,1555,780,Undirected,6,0.0,0.0
9011,1848,1996,Undirected,9,0.0,0.0
9012,1696,1050,Undirected,6,0.0,0.0
9013,1338,1429,Undirected,13,0.0,0.0
9014,1817,1273,Undirected,1,0.0,0.0
9015,43,1990,Undirected,31,0.0,0.0
9016,1201,1546,Undirected,3,0.0,0.0
9017,985,1684,Undirected,57,0.0,0.0
9018,1036,510,Undirected,1,0.0,0.0
9019,1858,1237,Undirected,26,0.0,0.0
9020,1951,1687,Undirected,1,0.0,0.0
9021,916,869,Undirected,9,0.0,0.0
9022,288,1478,Undirected,2,0.0,0.0
9023,1944,340,Undirected,4,0.0,0.0
9024,566,1279,Undirected,1,0.0,0.0
9025,411,1015,Undirected,11,0.0,0.0
9026,1026,374,Undirected,1,0.0,0.0
9027,758,567,Undirected,5,0.0,0.0
9028,1777,861,Undirected,5,0.0,0.0
9029,985,612,Undirected,41,0.0,0.0
9030,1114,212,Undirected,3,0.0,0.0
9031,1381,1173,Undirected,1,0.0,0.0
9032,1129,1787,Undirected,28,0.0,0.0
9033,1691,412,Undirected,2,0.0,0.0
9034,515,1246,Undirected,7,0.0,0.0
9035,112,1075,Undirected,7,0.0,0.0
9036,1860,726,Undirected,1,0.0,0.0
9037,625,1254,Undirected,2,0.0,0.0
9038,1344,710,Undirected,2,0.0,0.0
9039,475,684,Undirected,28,0.0,0.0
9040,116,116,Undirected,37,0.0,0.0
9041,1682,1603,Undirected,12,0.0,0.0
9042,596,1287,Undirected,34,0.0,0.0
9043,819,1579,Undirected,1,0.0,0.0
9044,472,1382,Undirected,18,0.0,0.0
9045,937,794,Undirected,1,0.0,0.0
9046,424,1740,Undirected,11,0.0,0.0
9047,1570,459,Undirected,3,0.0,0.0
9048,609,1806,Undirected,7,0.0,0.0
9049,298,1622,Undirected,1,0.0,0.0
9050,1952,1649,Undirected,1,0.0,0.0
9051,1913,1395,Undirected,6,0.0,0.0
9052,1251,1086,Undirected,4,0.0,0.0
9053,336,108,Undirected,8,0.0,0.0
9054,584,106,Undirected,2,0.0,0.0
9055,1736,1635,Undirected,2,0.0,0.0
9056,863,1447,Undirected,1,0.0,0.0
9057,1235,732,Undirected,7,0.0,0.0
9058,1280,803,Undirected,39,0.0,0.0
9059,1848,1804,Undirected,2,0.0,0.0
9060,1972,1199,Undirected,1,0.0,0.0
9061,1893,125,Undirected,39,0.0,0.0
9062,1632,1984,Undirected,1,0.0,0.0
9063,612,1509,Undirected,7,0.0,0.0
9064,210,916,Undirected,10,0.0,0.0
9065,1640,1700,Undirected,3,0.0,0.0
9066,460,1406,Undirected,1,0.0,0.0
9067,1973,1838,Undirected,4,0.0,0.0
9068,176,1774,Undirected,20,0.0,0.0
9069,651,1630,Undirected,17,0.0,0.0
9070,1808,40,Undirected,5,0.0,0.0
9071,1051,998,Undirected,2,0.0,0.0
9072,1934,1934,Undirected,32,0.0,0.0
9073,1780,758,Undirected,19,0.0,0.0
9074,1050,740,Undirected,1,0.0,0.0
9075,1584,1639,Undirected,94,0.0,0.0
9076,1605,566,Undirected,3,0.0,0.0
9077,978,1734,Undirected,3,0.0,0.0
9078,1523,1523,Undirected,50,0.0,0.0
9079,1725,1279,Undirected,5,0.0,0.0
9080,834,628,Undirected,2,0.0,0.0
9081,1470,415,Undirected,3,0.0,0.0
9082,1339,1795,Undirected,2,0.0,0.0
9083,1529,1602,Undirected,7,0.0,0.0
9084,1967,1967,Undirected,112,0.0,0.0
9085,1273,652,Undirected,1,0.0,0.0
9086,169,1295,Undirected,3,0.0,0.0
9087,1760,643,Undirected,5,0.0,0.0
9088,320,822,Undirected,2,0.0,0.0
9089,947,1780,Undirected,17,0.0,0.0
9090,320,1116,Undirected,2,0.0,0.0
9091,1109,1109,Undirected,48,0.0,0.0
9092,1755,917,Undirected,1,0.0,0.0
9093,858,420,Undirected,1,0.0,0.0
9094,496,1959,Undirected,91,0.0,0.0
9095,450,1398,Undirected,3,0.0,0.0
9096,1963,1862,Undirected,2,3.113748779677983e-07,0.2679046313282237
9097,652,12,Undirected,10,0.0,0.0
9098,361,361,Undirected,6,0.0,0.0
9099,820,814,Undirected,7,0.0,0.0
9100,1627,1204,Undirected,1,0.0,0.0
9101,1441,1788,Undirected,2,0.0,0.0
9102,1995,1077,Undirected,20,0.0,0.0
9103,1560,1136,Undirected,1,0.0,0.0
9104,1072,490,Undirected,18,0.0,0.0
9105,184,753,Undirected,4,0.0,0.0
9106,353,353,Undirected,87,0.0,0.0
9107,1011,1140,Undirected,2,0.0,0.0
9108,752,931,Undirected,1,0.0,0.0
9109,420,52,Undirected,1,0.0,0.0
9110,1680,291,Undirected,3,0.0,0.0
9111,1805,1087,Undirected,6,0.0,0.0
9112,410,1812,Undirected,7,0.0,0.0
9113,1321,645,Undirected,17,0.0,0.0
9114,1392,1392,Undirected,135,0.0,0.0
9115,1689,999,Undirected,2,2.68005503045141e-07,0.23058994340150016
9116,1539,1227,Undirected,12,0.0,0.0
9117,1219,758,Undirected,26,0.0,0.0
9118,1593,651,Undirected,1,0.0,0.0
9119,1457,1954,Undirected,8,0.0,0.0
9120,289,1237,Undirected,4,0.0,0.0
9121,1451,614,Undirected,4,0.0,0.0
9122,288,1228,Undirected,18,0.0,0.0
9123,985,1780,Undirected,79,0.0,0.0
9124,1072,680,Undirected,2,0.0,0.0
9125,838,838,Undirected,12,0.0,0.0
9126,1883,308,Undirected,2,0.0,0.0
9127,880,506,Undirected,4,0.0,0.0
9128,788,1535,Undirected,39,0.0,0.0
9129,787,1230,Undirected,9,0.0,0.0
9130,1801,1259,Undirected,3,0.0,0.0
9131,1289,1300,Undirected,8,0.0,0.0
9132,1707,1413,Undirected,3,0.0,0.0
9133,309,1517,Undirected,15,0.0,0.0
9134,1864,145,Undirected,5,0.0,0.0
9135,917,1871,Undirected,1,0.0,0.0
9136,1082,1082,Undirected,528,0.0,0.0
9137,1162,819,Undirected,2,0.0,0.0
9138,1305,1911,Undirected,1,0.0,0.0
9139,1368,1368,Undirected,27,0.0,0.0
9140,1938,887,Undirected,1,0.0,0.0
9141,352,1542,Undirected,4,0.0,0.0
9142,875,1532,Undirected,1,0.0,0.0
9143,219,645,Undirected,22,0.0,0.0
9144,1101,151,Undirected,1,0.0,0.0
9145,902,199,Undirected,2,0.0,0.0
9146,1380,911,Undirected,1,0.0,0.0
9147,576,1089,Undirected,4,0.0,0.0
9148,1529,1827,Undirected,75,0.0,0.0
9149,1067,780,Undirected,1,0.0,0.0
9150,1322,822,Undirected,1,0.0,0.0
9151,1493,1493,Undirected,12,0.0,0.0
9152,1145,1055,Undirected,1,0.0,0.0
9153,1194,1018,Undirected,4,0.0,0.0
9154,1476,1356,Undirected,7,0.0,0.0
9155,1588,1725,Undirected,17,0.0,0.0
9156,1155,1325,Undirected,33,0.0,0.0
9157,1420,1357,Undirected,1,0.0,0.0
9158,1403,1403,Undirected,77,0.0,0.0
9159,1170,1532,Undirected,2,0.0,0.0
9160,1739,1734,Undirected,5,0.0,0.0
9161,1641,1603,Undirected,14,0.0,0.0
9162,1481,1429,Undirected,3,0.0,0.0
9163,737,1236,Undirected,3,0.0,0.0
9164,1674,1325,Undirected,40,0.0,0.0
9165,723,214,Undirected,1,0.0,0.0
9166,1740,1413,Undirected,10,0.0,0.0
9167,1161,1751,Undirected,3,0.0,0.0
9168,480,1171,Undirected,19,0.0,0.0
9169,947,1155,Undirected,14,0.0,0.0
9170,506,780,Undirected,3,0.0,0.0
9171,1848,887,Undirected,4,0.0,0.0
9172,1794,1091,Undirected,1,0.0,0.0
9173,400,818,Undirected,7,5.830347540010571e-07,0.5016387700948322
9174,462,1183,Undirected,1,0.0,0.0
9175,1945,1258,Undirected,1,0.0,0.0
9176,196,1557,Undirected,2,0.0,0.0
9177,1804,1804,Undirected,158,0.0,0.0
9178,1043,1445,Undirected,4,0.0,0.0
9179,1153,1774,Undirected,38,0.0,0.0
9180,1754,813,Undirected,1,0.0,0.0
9181,1376,1286,Undirected,2,0.0,0.0
9182,1217,1126,Undirected,1,0.0,0.0
9183,1194,995,Undirected,1,0.0,0.0
9184,1714,197,Undirected,1,0.0,0.0
9185,1740,820,Undirected,6,0.0,0.0
9186,1413,1455,Undirected,1,0.0,0.0
9187,1362,342,Undirected,11,0.0,0.0
9188,1137,1300,Undirected,9,0.0,0.0
9189,1568,1162,Undirected,64,0.0,0.0
9190,834,1079,Undirected,10,0.0,0.0
9191,830,1223,Undirected,1,0.0,0.0
9192,1754,1938,Undirected,1,0.0,0.0
9193,1707,1054,Undirected,2,0.0,0.0
9194,797,1662,Undirected,4,0.0,0.0
9195,1529,764,Undirected,1,0.0,0.0
9196,1172,1303,Undirected,2,0.0,0.0
9197,283,1366,Undirected,1,0.0,0.0
9198,1600,710,Undirected,2,0.0,0.0
9199,1704,727,Undirected,1,0.0,0.0
9200,345,1285,Undirected,18,0.0,0.0
9201,1936,1085,Undirected,5,0.0,0.0
9202,840,1296,Undirected,23,0.0,0.0
9203,1418,839,Undirected,10,0.0,0.0
9204,1845,991,Undirected,1,0.0,0.0
9205,239,239,Undirected,118,0.0,0.0
9206,1593,839,Undirected,1,0.0,0.0
9207,1466,1319,Undirected,2,0.0,0.0
9208,870,1270,Undirected,1,0.0,0.0
9209,1740,813,Undirected,5,0.0,0.0
9210,1655,1655,Undirected,34,0.0,0.0
9211,1359,111,Undirected,1,0.0,0.0
9212,1928,1834,Undirected,1,0.0,0.0
9213,825,1401,Undirected,4,0.0,0.0
9214,453,1542,Undirected,6,0.0,0.0
9215,54,54,Undirected,158,0.0,0.0
9216,693,70,Undirected,3,0.0,0.0
9217,1610,383,Undirected,1,0.0,0.0
9218,980,686,Undirected,2,0.0,0.0
9219,1972,1300,Undirected,1,0.0,0.0
9220,437,1926,Undirected,1,0.0,0.0
9221,1465,1970,Undirected,1,0.0,0.0
9222,529,1837,Undirected,187,0.0,0.0
9223,728,1453,Undirected,14,0.0,0.0
9224,363,661,Undirected,4,0.0,0.0
9225,1875,923,Undirected,49,0.0,0.0
9226,850,399,Undirected,6,0.0,0.0
9227,161,1441,Undirected,1,0.0,0.0
9228,681,1777,Undirected,1,0.0,0.0
9229,496,1754,Undirected,234,0.0,0.0
9230,8,8,Undirected,26,0.0,0.0
9231,377,1628,Undirected,6,0.0,0.0
9232,1235,23,Undirected,16,0.0,0.0
9233,1469,1725,Undirected,1,0.0,0.0
9234,1597,1382,Undirected,1,0.0,0.0
9235,1803,517,Undirected,3,0.0,0.0
9236,475,435,Undirected,4,0.0,0.0
9237,1121,1121,Undirected,11,0.0,0.0
9238,377,1106,Undirected,7,0.0,0.0
9239,1091,1359,Undirected,1,0.0,0.0
9240,1828,853,Undirected,14,0.0,0.0
9241,85,85,Undirected,10,0.0,0.0
9242,732,191,Undirected,1,0.0,0.0
9243,1637,903,Undirected,1,0.0,0.0
9244,1434,1484,Undirected,171,0.0,0.0
9245,752,1532,Undirected,4,0.0,0.0
9246,322,1843,Undirected,35,0.0,0.0
9247,456,1370,Undirected,2,0.0,0.0
9248,1272,919,Undirected,3,0.0,0.0
9249,1833,299,Undirected,5,0.0,0.0
9250,832,275,Undirected,1,0.0,0.0
9251,294,839,Undirected,4,0.0,0.0
9252,43,43,Undirected,26,0.0,0.0
9253,495,831,Undirected,2,0.0,0.0
9254,1837,399,Undirected,1,0.0,0.0
9255,1289,1091,Undirected,2,0.0,0.0
9256,461,71,Undirected,1,0.0,0.0
9257,610,181,Undirected,1,0.0,0.0
9258,1948,430,Undirected,28,0.0,0.0
9259,715,165,Undirected,3,0.0,0.0
9260,1420,686,Undirected,1,0.0,0.0
9261,290,751,Undirected,6,0.0,0.0
9262,840,939,Undirected,5,0.0,0.0
9263,1424,1351,Undirected,2,0.0,0.0
9264,1363,1566,Undirected,1,0.0,0.0
9265,694,918,Undirected,2,0.0,0.0
9266,1832,1611,Undirected,3,0.0,0.0
9267,1992,45,Undirected,1,0.0,0.0
9268,1697,107,Undirected,12,0.0,0.0
9269,728,1780,Undirected,1,0.0,0.0
9270,1538,1579,Undirected,2,0.0,0.0
9271,1268,1382,Undirected,5,0.0,0.0
9272,1656,1251,Undirected,2,0.0,0.0
9273,1041,1945,Undirected,1,0.0,0.0
9274,33,1306,Undirected,1,0.0,0.0
9275,1547,1316,Undirected,4,0.0,0.0
9276,1745,789,Undirected,1,0.0,0.0
9277,1754,947,Undirected,4,0.0,0.0
9278,233,570,Undirected,4,0.0,0.0
9279,1780,1343,Undirected,1,0.0,0.0
9280,1252,1327,Undirected,3,0.0,0.0
9281,517,1079,Undirected,34,0.0,0.0
9282,547,1732,Undirected,1,0.0,0.0
9283,1947,1343,Undirected,2,0.0,0.0
9284,1557,1557,Undirected,16,0.0,0.0
9285,1161,1022,Undirected,1,0.0,0.0
9286,1911,1711,Undirected,1,0.0,0.0
9287,312,191,Undirected,1,0.0,0.0
9288,1400,253,Undirected,3,0.0,0.0
9289,804,1150,Undirected,1,0.0,0.0
9290,1561,719,Undirected,12,0.0,0.0
9291,1683,638,Undirected,14,0.0,0.0
9292,1945,1603,Undirected,3,0.0,0.0
9293,948,421,Undirected,4,0.0,0.0
9294,1838,686,Undirected,3,0.0,0.0
9295,384,384,Undirected,435,0.0,0.0
9296,1513,1596,Undirected,1,0.0,0.0
9297,1268,1375,Undirected,1,0.0,0.0
9298,720,1747,Undirected,11,0.0,0.0
9299,1244,1244,Undirected,7,0.0,0.0
9300,656,1159,Undirected,1,0.0,0.0
9301,400,408,Undirected,1,0.0,0.0
9302,1948,1253,Undirected,18,0.0,0.0
9303,1809,1395,Undirected,2,0.0,0.0
9304,1289,1647,Undirected,13,0.0,0.0
9305,1185,1653,Undirected,4,0.0,0.0
9306,1162,1587,Undirected,24,0.0,0.0
9307,1683,613,Undirected,3,0.0,0.0
9308,852,1174,Undirected,1,0.0,0.0
9309,1883,758,Undirected,14,0.0,0.0
9310,271,719,Undirected,16,0.0,0.0
9311,333,333,Undirected,58,0.0,0.0
9312,460,1677,Undirected,8,0.0,0.0
9313,515,582,Undirected,9,0.0,0.0
9314,1315,5,Undirected,49,0.0,0.0
9315,930,811,Undirected,9,0.0,0.0
9316,1009,1646,Undirected,1,0.0,0.0
9317,1947,1630,Undirected,14,0.0,0.0
9318,296,585,Undirected,1,0.0,0.0
9319,138,1503,Undirected,2,0.0,0.0
9320,1723,1813,Undirected,1,0.0,0.0
9321,1673,1365,Undirected,7,0.0,0.0
9322,1323,931,Undirected,2,0.0,0.0
9323,1195,980,Undirected,17,0.0,0.0
9324,65,1678,Undirected,22,0.0,0.0
9325,1160,1453,Undirected,2,0.0,0.0
9326,760,760,Undirected,56,0.0,0.0
9327,1289,213,Undirected,2,0.0,0.0
9328,1078,711,Undirected,2,0.0,0.0
9329,1218,1159,Undirected,2,0.0,0.0
9330,66,1717,Undirected,3,0.0,0.0
9331,688,1670,Undirected,7,0.0,0.0
9332,803,134,Undirected,2,0.0,0.0
9333,693,949,Undirected,4,0.0,0.0
9334,378,1758,Undirected,4,0.0,0.0
9335,400,1109,Undirected,21,0.0,0.0
9336,1584,506,Undirected,6,0.0,0.0
9337,1684,612,Undirected,29,0.0,0.0
9338,1964,1357,Undirected,1,0.0,0.0
9339,695,695,Undirected,113,0.0,0.0
9340,1251,1783,Undirected,24,0.0,0.0
9341,1176,730,Undirected,4,0.0,0.0
9342,1240,1240,Undirected,149,0.0,0.0
9343,820,764,Undirected,3,0.0,0.0
9344,1112,1716,Undirected,2,0.0,0.0
9345,1376,642,Undirected,34,0.0,0.0
9346,850,1382,Undirected,1,0.0,0.0
9347,1992,1101,Undirected,6,0.0,0.0
9348,1497,1015,Undirected,8,0.0,0.0
9349,1945,1710,Undirected,2,0.0,0.0
9350,688,1692,Undirected,1,0.0,0.0
9351,1000,118,Undirected,3,0.0,0.0
9352,462,102,Undirected,1,0.0,0.0
9353,678,62,Undirected,1,0.0,0.0
9354,1000,509,Undirected,1,0.0,0.0
9355,985,1371,Undirected,3,0.0,0.0
9356,537,1798,Undirected,23,0.0,0.0
9357,625,1044,Undirected,1,0.0,0.0
9358,644,943,Undirected,5,0.0,0.0
9359,1316,308,Undirected,10,0.0,0.0
9360,1872,1571,Undirected,1,0.0,0.0
9361,1998,1998,Undirected,94,0.0,0.0
9362,1738,1098,Undirected,2,0.0,0.0
9363,1662,903,Undirected,20,0.0,0.0
9364,1833,879,Undirected,12,0.0,0.0
9365,1809,1814,Undirected,6,0.0,0.0
9366,1988,780,Undirected,4,0.0,0.0
9367,425,1670,Undirected,1,0.0,0.0
9368,1163,725,Undirected,1,0.0,0.0
9369,1549,1998,Undirected,72,0.0,0.0
9370,1072,68,Undirected,4,0.0,0.0
9371,893,893,Undirected,20,0.0,0.0
9372,811,205,Undirected,7,0.0,0.0
9373,1836,1836,Undirected,28,0.0,0.0
9374,1770,1183,Undirected,2,0.0,0.0
9375,1549,1647,Undirected,5,0.0,0.0
9376,229,1015,Undirected,5,0.0,0.0
9377,314,1366,Undirected,21,0.0,0.0
9378,1969,812,Undirected,5,0.0,0.0
9379,1527,575,Undirected,23,0.0,0.0
9380,1649,1649,Undirected,50,0.0,0.0
9381,1816,772,Undirected,1,0.0,0.0
9382,1395,899,Undirected,7,0.0,0.0
9383,185,185,Undirected,86,0.0,0.0
9384,1803,399,Undirected,32,0.0,0.0
9385,1505,519,Undirected,12,0.0,0.0
9386,1984,1974,Undirected,1,0.0,0.0
9387,1674,874,Undirected,1,0.0,0.0
9388,499,1287,Undirected,3,0.0,0.0
9389,1602,1740,Undirected,7,0.0,0.0
9390,1769,778,Undirected,1,0.0,0.0
9391,130,1403,Undirected,4,0.0,0.0
9392,556,1868,Undirected,2,0.0,0.0
9393,1739,1254,Undirected,13,0.0,0.0
9394,1214,727,Undirected,12,0.0,0.0
9395,682,1612,Undirected,3,0.0,0.0
9396,625,1357,Undirected,6,0.0,0.0
9397,1555,1739,Undirected,7,0.0,0.0
9398,1832,602,Undirected,1,0.0,0.0
9399,1554,1359,Undirected,2,0.0,0.0
9400,397,999,Undirected,1,0.0,0.0
9401,1075,405,Undirected,3,0.0,0.0
9402,572,572,Undirected,48,0.0,0.0
9403,1883,1325,Undirected,10,0.0,0.0
9404,632,264,Undirected,1,0.0,0.0
9405,1009,1774,Undirected,3,0.0,0.0
9406,237,910,Undirected,1,0.0,0.0
9407,625,1372,Undirected,1,0.0,0.0
9408,218,218,Undirected,115,0.0,0.0
9409,1078,758,Undirected,1,0.0,0.0
9410,1837,1902,Undirected,2,0.0,0.0
9411,1322,1566,Undirected,23,0.0,0.0
9412,1162,147,Undirected,2,0.0,0.0
9413,363,1357,Undirected,6,0.0,0.0
9414,1992,765,Undirected,2,0.0,0.0
9415,1945,643,Undirected,1,0.0,0.0
9416,1920,1647,Undirected,2,0.0,0.0
9417,1740,1054,Undirected,50,0.0,0.0
9418,1258,333,Undirected,1,0.0,0.0
9419,1588,191,Undirected,37,0.0,0.0
9420,1427,756,Undirected,1,0.0,0.0
9421,205,1366,Undirected,11,0.0,0.0
9422,1210,1210,Undirected,24,0.0,0.0
9423,1484,1758,Undirected,22,0.0,0.0
9424,120,1835,Undirected,2,0.0,0.0
9425,72,408,Undirected,2,0.0,0.0
9426,1969,1675,Undirected,10,0.0,0.0
9427,129,627,Undirected,38,0.0,0.0
9428,896,561,Undirected,1,0.0,0.0
9429,998,511,Undirected,9,0.0,0.0
9430,1451,1933,Undirected,6,0.0,0.0
9431,723,723,Undirected,4,0.0,0.0
9432,1938,1195,Undirected,41,0.0,0.0
9433,1644,1598,Undirected,3,0.0,0.0
9434,1584,1555,Undirected,1,0.0,0.0
9435,1764,324,Undirected,1,0.0,0.0
9436,1640,1902,Undirected,7,0.0,0.0
9437,1472,1039,Undirected,1,0.0,0.0
9438,1289,1628,Undirected,12,0.0,0.0
9439,721,1770,Undirected,1,0.0,0.0
9440,192,526,Undirected,2,0.0,0.0
9441,1861,70,Undirected,2,0.0,0.0
9442,1594,1662,Undirected,2,0.0,0.0
9443,290,1261,Undirected,3,0.0,0.0
9444,840,1845,Undirected,7,0.0,0.0
9445,728,1838,Undirected,7,0.0,0.0
9446,1072,940,Undirected,8,0.0,0.0
9447,1185,940,Undirected,1,0.0,0.0
9448,778,1554,Undirected,1,0.0,0.0
9449,1973,1318,Undirected,2,0.0,0.0
9450,1434,980,Undirected,5,0.0,0.0
9451,1827,1453,Undirected,145,0.0,0.0
9452,613,526,Undirected,2,0.0,0.0
9453,182,935,Undirected,4,0.0,0.0
9454,1400,1900,Undirected,1,0.0,0.0
9455,524,1871,Undirected,2,0.0,0.0
9456,238,238,Undirected,13,0.0,0.0
9457,1380,1974,Undirected,9,0.0,0.0
9458,1678,502,Undirected,12,0.0,0.0
9459,1503,1783,Undirected,8,0.0,0.0
9460,1827,1734,Undirected,3,0.0,0.0
9461,1350,1350,Undirected,68,0.0,0.0
9462,290,1535,Undirected,7,0.0,0.0
9463,657,1461,Undirected,1,0.0,0.0
9464,1424,661,Undirected,1,0.0,0.0
9465,1363,119,Undirected,2,0.0,0.0
9466,744,1108,Undirected,7,0.0,0.0
9467,129,1691,Undirected,39,0.0,0.0
9468,277,991,Undirected,9,0.0,0.0
9469,1394,1870,Undirected,5,0.0,0.0
9470,348,1135,Undirected,2,0.0,0.0
9471,307,556,Undirected,1,0.0,0.0
9472,785,1186,Undirected,1,0.0,0.0
9473,1309,1309,Undirected,48,0.0,0.0
9474,1912,475,Undirected,1,0.0,0.0
9475,1973,1783,Undirected,2,0.0,0.0
9476,984,1972,Undirected,1,0.0,0.0
9477,1490,603,Undirected,1,0.0,0.0
9478,105,959,Undirected,1,0.0,0.0
9479,1187,1187,Undirected,91,0.0,0.0
9480,579,1158,Undirected,1,0.0,0.0
9481,834,1803,Undirected,13,0.0,0.0
9482,216,939,Undirected,3,0.0,0.0
9483,1160,1160,Undirected,3446,0.0,0.0
9484,1925,887,Undirected,6,0.0,0.0
9485,824,599,Undirected,1,0.0,0.0
9486,913,1853,Undirected,1,0.0,0.0
9487,1555,1837,Undirected,22,0.0,0.0
9488,1192,499,Undirected,4,0.0,0.0
9489,765,414,Undirected,1,0.0,0.0
9490,1614,1647,Undirected,2,0.0,0.0
9491,905,438,Undirected,11,0.0,0.0
9492,1607,1607,Undirected,16,0.0,0.0
9493,1674,1734,Undirected,3,0.0,0.0
9494,985,1155,Undirected,15,0.0,0.0
9495,536,1717,Undirected,2,0.0,0.0
9496,368,936,Undirected,9,0.0,0.0
9497,1593,834,Undirected,1,0.0,0.0
9498,275,719,Undirected,12,0.0,0.0
9499,710,1639,Undirected,4,0.0,0.0
9500,819,1027,Undirected,2,0.0,0.0
9501,772,1087,Undirected,4,0.0,0.0
9502,352,662,Undirected,2,0.0,0.0
9503,513,1075,Undirected,1,0.0,0.0
9504,1057,684,Undirected,1,0.0,0.0
9505,397,895,Undirected,7,0.0,0.0
9506,1851,1203,Undirected,2,0.0,0.0
9507,769,769,Undirected,85,0.0,0.0
9508,1949,102,Undirected,5,3.343069238303978e-07,0.28763519319152525
9509,450,1147,Undirected,3,0.0,0.0
9510,1753,701,Undirected,6,0.0,0.0
9511,817,1492,Undirected,3,0.0,0.0
9512,1883,1828,Undirected,9,0.0,0.0
9513,765,991,Undirected,1,0.0,0.0
9514,1296,1565,Undirected,1,0.0,0.0
9515,1606,1630,Undirected,1,0.0,0.0
9516,1611,790,Undirected,2,0.0,0.0
9517,794,1668,Undirected,2,0.0,0.0
9518,853,758,Undirected,39,0.0,0.0
9519,675,852,Undirected,1,0.0,0.0
9520,1036,670,Undirected,1,0.0,0.0
9521,1067,1599,Undirected,2,0.0,0.0
9522,1434,1674,Undirected,1,0.0,0.0
9523,235,1110,Undirected,5,0.0,0.0
9524,1706,1948,Undirected,1,0.0,0.0
9525,1155,1316,Undirected,9,0.0,0.0
9526,1251,413,Undirected,9,0.0,0.0
9527,1441,1926,Undirected,1,0.0,0.0
9528,233,1297,Undirected,1,0.0,0.0
9529,273,1858,Undirected,1,0.0,0.0
9530,447,447,Undirected,423,0.0,0.0
9531,275,1983,Undirected,1,0.0,0.0
9532,602,1055,Undirected,18,0.0,0.0
9533,571,317,Undirected,6,0.0,0.0
9534,1344,643,Undirected,1,0.0,0.0
9535,1966,1935,Undirected,2,0.0,0.0
9536,1482,1004,Undirected,17,0.0,0.0
9537,1296,1247,Undirected,2,0.0,0.0
9538,542,863,Undirected,1,0.0,0.0
9539,1265,1689,Undirected,6,0.0,0.0
9540,980,1758,Undirected,11,0.0,0.0
9541,1001,390,Undirected,145,0.0,0.0
9542,617,1059,Undirected,2,0.0,0.0
9543,1675,1420,Undirected,3,0.0,0.0
9544,1427,1639,Undirected,4,0.0,0.0
9545,610,290,Undirected,1,0.0,0.0
9546,1344,1639,Undirected,13,0.0,0.0
9547,1448,399,Undirected,3,0.0,0.0
9548,1396,462,Undirected,2,0.0,0.0
9549,1073,657,Undirected,1,0.0,0.0
9550,1872,1809,Undirected,1,0.0,0.0
9551,1697,157,Undirected,2,0.0,0.0
9552,1258,643,Undirected,1,0.0,0.0
9553,1747,1451,Undirected,1,0.0,0.0
9554,263,263,Undirected,103,0.0,0.0
9555,1705,1101,Undirected,5,0.0,0.0
9556,433,1838,Undirected,7,0.0,0.0
9557,469,839,Undirected,1,0.0,0.0
9558,1837,758,Undirected,7,0.0,0.0
9559,1098,1339,Undirected,1,0.0,0.0
9560,130,1957,Undirected,14,0.0,0.0
9561,1195,1268,Undirected,2,0.0,0.0
9562,292,292,Undirected,137,0.0,0.0
9563,1131,845,Undirected,1,0.0,0.0
9564,1555,275,Undirected,19,0.0,0.0
9565,1740,1455,Undirected,11,0.0,0.0
9566,498,1931,Undirected,2,0.0,0.0
9567,637,853,Undirected,1,0.0,0.0
9568,625,985,Undirected,83,0.0,0.0
9569,1937,1937,Undirected,68,0.0,0.0
9570,939,1060,Undirected,3,0.0,0.0
9571,579,127,Undirected,12,0.0,0.0
9572,264,908,Undirected,1,0.0,0.0
9573,1336,1115,Undirected,1,0.0,0.0
9574,341,1767,Undirected,8,0.0,0.0
9575,249,753,Undirected,1,0.0,0.0
9576,1162,875,Undirected,1,0.0,0.0
9577,258,1356,Undirected,1,0.0,0.0
9578,993,20,Undirected,2,0.0,0.0
9579,979,1509,Undirected,40,0.0,0.0
9580,1354,421,Undirected,2,0.0,0.0
9581,584,331,Undirected,3,0.0,0.0
9582,1089,506,Undirected,3,0.0,0.0
9583,1963,127,Undirected,106,0.0,0.0
9584,1216,1741,Undirected,9,0.0,0.0
9585,1308,782,Undirected,1,0.0,0.0
9586,1362,1381,Undirected,13,0.0,0.0
9587,1066,735,Undirected,2,0.0,0.0
9588,1753,778,Undirected,1,0.0,0.0
9589,392,1228,Undirected,4,0.0,0.0
9590,609,1714,Undirected,1,0.0,0.0
9591,86,86,Undirected,9,0.0,0.0
9592,346,726,Undirected,1,0.0,0.0
9593,1162,538,Undirected,2,0.0,0.0
9594,1683,1894,Undirected,2,0.0,0.0
9595,1104,934,Undirected,18,0.0,0.0
9596,546,12,Undirected,1,0.0,0.0
9597,210,1043,Undirected,2,0.0,0.0
9598,107,916,Undirected,7,0.0,0.0
9599,682,228,Undirected,1,0.0,0.0
9600,1254,887,Undirected,134,0.0,0.0
9601,1832,188,Undirected,5,0.0,0.0
9602,1563,1115,Undirected,2,0.0,0.0
9603,137,137,Undirected,27,0.0,0.0
9604,1874,638,Undirected,5,0.0,0.0
9605,1358,1847,Undirected,1,0.0,0.0
9606,331,871,Undirected,3,0.0,0.0
9607,1837,1989,Undirected,8,0.0,0.0
9608,1011,1910,Undirected,6,5.24278941544759e-07,0.45108570564329764
9609,792,1852,Undirected,2,0.0,0.0
9610,1188,381,Undirected,1,0.0,0.0
9611,1739,719,Undirected,107,0.0,0.0
9612,1627,710,Undirected,7,0.0,0.0
9613,381,951,Undirected,1,0.0,0.0
9614,1646,839,Undirected,1,0.0,0.0
9615,657,1751,Undirected,1,0.0,0.0
9616,1748,983,Undirected,2,0.0,0.0
9617,1153,1538,Undirected,1,0.0,0.0
9618,1832,350,Undirected,1,0.0,0.0
9619,273,1442,Undirected,1,0.0,0.0
9620,1278,159,Undirected,7,0.0,0.0
9621,1740,758,Undirected,1,0.0,0.0
9622,530,524,Undirected,3,0.0,0.0
9623,1109,1527,Undirected,6,0.0,0.0
9624,1753,1554,Undirected,6,0.0,0.0
9625,1427,1079,Undirected,1,0.0,0.0
9626,969,1788,Undirected,1,0.0,0.0
9627,1218,405,Undirected,1,0.0,0.0
9628,1600,1944,Undirected,16,0.0,0.0
9629,1379,1652,Undirected,1,0.0,0.0
9630,1837,1415,Undirected,1,0.0,0.0
9631,194,1207,Undirected,6,0.0,0.0
9632,1318,1959,Undirected,2,0.0,0.0
9633,1700,1806,Undirected,1,0.0,0.0
9634,700,1110,Undirected,1,0.0,0.0
9635,897,962,Undirected,1,0.0,0.0
9636,1978,799,Undirected,50,0.0,0.0
9637,1357,1343,Undirected,1,0.0,0.0
9638,1141,1758,Undirected,9,0.0,0.0
9639,1082,1115,Undirected,2,4.839705063970504e-07,0.4164046275545853
9640,424,1834,Undirected,8,0.0,0.0
9641,1608,1143,Undirected,3,0.0,0.0
9642,1937,1823,Undirected,4,0.0,0.0
9643,1320,1926,Undirected,1,0.0,0.0
9644,1352,1679,Undirected,1,0.0,0.0
9645,1400,663,Undirected,1,0.0,0.0
9646,57,1207,Undirected,16,0.0,0.0
9647,1356,1382,Undirected,1,0.0,0.0
9648,1272,1272,Undirected,89,0.0,0.0
9649,1636,502,Undirected,22,0.0,0.0
9650,572,838,Undirected,3,0.0,0.0
9651,1097,994,Undirected,1,0.0,0.0
9652,1434,1783,Undirected,32,0.0,0.0
9653,1529,711,Undirected,1,0.0,0.0
9654,16,16,Undirected,26,0.0,0.0
9655,1758,1070,Undirected,1,0.0,0.0
9656,1900,909,Undirected,6,0.0,0.0
9657,1358,1687,Undirected,1,0.0,0.0
9658,1207,1207,Undirected,232,0.0,0.0
9659,122,635,Undirected,1,0.0,0.0
9660,1827,1372,Undirected,2,0.0,0.0
9661,1576,1164,Undirected,2,0.0,0.0
9662,995,1974,Undirected,2,0.0,0.0
9663,1737,1292,Undirected,4,0.0,0.0
9664,106,517,Undirected,3,0.0,0.0
9665,800,1750,Undirected,3,0.0,0.0
9666,909,1382,Undirected,7,0.0,0.0
9667,739,1647,Undirected,2,0.0,0.0
9668,1798,807,Undirected,2,0.0,0.0
9669,1998,1199,Undirected,2,0.0,0.0
9670,1357,1382,Undirected,2,0.0,0.0
9671,1359,1359,Undirected,86,0.0,0.0
9672,636,636,Undirected,34,0.0,0.0
9673,1737,1803,Undirected,2,0.0,0.0
9674,1600,1872,Undirected,1,0.0,0.0
9675,612,853,Undirected,77,0.0,0.0
9676,1531,1820,Undirected,1,0.0,0.0
9677,1248,1453,Undirected,3,0.0,0.0
9678,1490,1813,Undirected,2,0.0,0.0
9679,1640,1484,Undirected,1,0.0,0.0
9680,255,39,Undirected,1,0.0,0.0
9681,236,629,Undirected,4,0.0,0.0
9682,853,1734,Undirected,1,0.0,0.0
9683,1785,1785,Undirected,12,0.0,0.0
9684,1660,1647,Undirected,1,0.0,0.0
9685,171,311,Undirected,1,0.0,0.0
9686,1264,1613,Undirected,1,0.0,0.0
9687,1277,511,Undirected,1,0.0,0.0
9688,1954,1299,Undirected,18,0.0,0.0
9689,721,199,Undirected,2,0.0,0.0
9690,1155,1155,Undirected,626,0.0,0.0
9691,1535,1807,Undirected,3,0.0,0.0
9692,1289,732,Undirected,13,0.0,0.0
9693,1809,819,Undirected,1,0.0,0.0
9694,1828,367,Undirected,7,0.0,0.0
9695,515,1861,Undirected,5,0.0,0.0
9696,678,383,Undirected,1,0.0,0.0
9697,1873,438,Undirected,10,0.0,0.0
9698,1551,1783,Undirected,11,0.0,0.0
9699,1860,374,Undirected,1,0.0,0.0
9700,1605,1919,Undirected,3,0.0,0.0
9701,1018,1195,Undirected,1,0.0,0.0
9702,1571,643,Undirected,3,0.0,0.0
9703,697,1055,Undirected,3,0.0,0.0
9704,961,1244,Undirected,1,0.0,0.0
9705,1191,1439,Undirected,5,0.0,0.0
9706,1466,1783,Undirected,1,0.0,0.0
9707,1698,1318,Undirected,1,0.0,0.0
9708,995,1484,Undirected,86,0.0,0.0
9709,1084,1084,Undirected,2,0.0,0.0
9710,1522,379,Undirected,1,0.0,0.0
9711,1883,813,Undirected,2,0.0,0.0
9712,1800,1041,Undirected,1,0.0,0.0
9713,1640,1947,Undirected,1,0.0,0.0
9714,754,1060,Undirected,4,0.0,0.0
9715,1824,1375,Undirected,2,0.0,0.0
9716,656,1356,Undirected,3,0.0,0.0
9717,1081,1796,Undirected,1,0.0,0.0
9718,1567,1567,Undirected,49,0.0,0.0
9719,997,1983,Undirected,2,0.0,0.0
9720,1160,1372,Undirected,1,0.0,0.0
9721,782,1967,Undirected,1,0.0,0.0
9722,1257,1046,Undirected,1,0.0,0.0
9723,1909,1093,Undirected,5,0.0,0.0
9724,592,1846,Undirected,3,0.0,0.0
9725,1208,628,Undirected,18,0.0,0.0
9726,1217,1532,Undirected,12,0.0,0.0
9727,1803,1813,Undirected,1,0.0,0.0
9728,1652,1324,Undirected,5,0.0,0.0
9729,1129,1129,Undirected,222,0.0,0.0
9730,68,574,Undirected,4,0.0,0.0
9731,643,1599,Undirected,1,0.0,0.0
9732,1803,829,Undirected,1,0.0,0.0
9733,1369,1878,Undirected,1,0.0,0.0
9734,608,1552,Undirected,1,0.0,0.0
9735,1668,405,Undirected,2,0.0,0.0
9736,1645,255,Undirected,16,0.0,0.0
9737,70,70,Undirected,160,0.0,0.0
9738,761,1083,Undirected,3,0.0,0.0
9739,1464,984,Undirected,7,0.0,0.0
9740,626,1855,Undirected,13,0.0,0.0
9741,802,108,Undirected,14,0.0,0.0
9742,1490,1382,Undirected,2,0.0,0.0
9743,1769,1769,Undirected,21,0.0,0.0
9744,528,1331,Undirected,2,0.0,0.0
9745,1763,1155,Undirected,28,0.0,0.0
9746,94,94,Undirected,19,0.0,0.0
9747,369,1484,Undirected,3,0.0,0.0
9748,1362,1250,Undirected,24,0.0,0.0
9749,708,93,Undirected,3,0.0,0.0
9750,1948,341,Undirected,9,0.0,0.0
9751,1305,923,Undirected,2,0.0,0.0
9752,9,873,Undirected,1,0.0,0.0
9753,240,953,Undirected,4,0.0,0.0
9754,1040,1914,Undirected,2,0.0,0.0
9755,1721,1605,Undirected,9,0.0,0.0
9756,602,1228,Undirected,3,0.0,0.0
9757,1603,631,Undirected,1,0.0,0.0
9758,850,1427,Undirected,2,0.0,0.0
9759,836,742,Undirected,2,0.0,0.0
9760,1240,968,Undirected,3,0.0,0.0
9761,1045,109,Undirected,1,0.0,0.0
9762,1162,388,Undirected,2,0.0,0.0
9763,643,1805,Undirected,1,0.0,0.0
9764,1162,1619,Undirected,2,0.0,0.0
9765,400,689,Undirected,17,0.0,0.0
9766,1632,1382,Undirected,9,0.0,0.0
9767,1257,1571,Undirected,1,0.0,0.0
9768,1012,1012,Undirected,51,0.0,0.0
9769,230,1647,Undirected,3,0.0,0.0
9770,498,1546,Undirected,3,0.0,0.0
9771,1926,1406,Undirected,5,0.0,0.0
9772,1451,620,Undirected,12,0.0,0.0
9773,640,574,Undirected,9,0.0,0.0
9774,515,1548,Undirected,3,0.0,0.0
9775,858,126,Undirected,29,0.0,0.0
9776,1774,1087,Undirected,2,0.0,0.0
9777,266,1525,Undirected,10,0.0,0.0
9778,1816,718,Undirected,3,0.0,0.0
9779,369,1466,Undirected,79,0.0,0.0
9780,1938,1326,Undirected,2,0.0,0.0
9781,1480,741,Undirected,17,0.0,0.0
9782,1589,1589,Undirected,2,0.0,0.0
9783,947,947,Undirected,1822,0.0,0.0
9784,940,68,Undirected,30,0.0,0.0
9785,1820,237,Undirected,5,0.0,0.0
9786,472,1890,Undirected,3,0.0,0.0
9787,532,1935,Undirected,1,0.0,0.0
9788,582,1894,Undirected,1,0.0,0.0
9789,1739,1382,Undirected,4,0.0,0.0
9790,1872,863,Undirected,27,0.0,0.0
9791,1921,1820,Undirected,1,0.0,0.0
9792,1994,799,Undirected,5,0.0,0.0
9793,399,399,Undirected,198,0.0,0.0
9794,155,1510,Undirected,1,0.0,0.0
9795,1602,1325,Undirected,15,0.0,0.0
9796,721,526,Undirected,4,0.0,0.0
9797,680,574,Undirected,1,0.0,0.0
9798,1815,1815,Undirected,134,0.0,0.0
9799,569,607,Undirected,1,0.0,0.0
9800,1434,813,Undirected,3,0.0,0.0
9801,1187,1148,Undirected,1,0.0,0.0
9802,1883,455,Undirected,15,0.0,0.0
9803,275,814,Undirected,3,0.0,0.0
9804,1532,1126,Undirected,3,0.0,0.0
9805,1555,1375,Undirected,33,0.0,0.0
9806,1396,1493,Undirected,1,0.0,0.0
9807,1893,1031,Undirected,1,0.0,0.0
9808,1120,1615,Undirected,12,0.0,0.0
9809,555,1373,Undirected,1,0.0,0.0
9810,1989,1989,Undirected,384,0.0,0.0
9811,771,813,Undirected,5,0.0,0.0
9812,924,1300,Undirected,1,0.0,0.0
9813,340,1679,Undirected,1,0.0,0.0
9814,576,1700,Undirected,2,0.0,0.0
9815,635,1862,Undirected,3,0.0,0.0
9816,296,296,Undirected,100,0.0,0.0
9817,205,1949,Undirected,54,0.0,0.0
9818,1848,1734,Undirected,14,0.0,0.0
9819,1305,1428,Undirected,16,0.0,0.0
9820,134,1247,Undirected,49,1.0756443986511344e-06,0.9254764480090873
9821,780,686,Undirected,1,0.0,0.0
9822,580,1319,Undirected,16,0.0,0.0
9823,289,1858,Undirected,20,0.0,0.0
9824,1434,308,Undirected,1,0.0,0.0
9825,1315,1820,Undirected,2,0.0,0.0
9826,1296,725,Undirected,4,0.0,0.0
9827,1627,1686,Undirected,1,0.0,0.0
9828,1457,1860,Undirected,4,0.0,0.0
9829,1707,1739,Undirected,1,0.0,0.0
9830,1763,814,Undirected,1,0.0,0.0
9831,1269,663,Undirected,4,0.0,0.0
9832,1721,756,Undirected,3,0.0,0.0
9833,1203,957,Undirected,4,0.0,0.0
9834,1890,1866,Undirected,66,0.0,0.0
9835,1969,322,Undirected,2,0.0,0.0
9836,1000,449,Undirected,10,0.0,0.0
9837,512,1939,Undirected,1,0.0,0.0
9838,1547,1974,Undirected,21,0.0,0.0
9839,1338,1324,Undirected,5,0.0,0.0
9840,169,1098,Undirected,1,0.0,0.0
9841,1758,1511,Undirected,3,0.0,0.0
9842,1248,1195,Undirected,4,0.0,0.0
9843,347,1596,Undirected,8,0.0,0.0
9844,1384,1937,Undirected,3,0.0,0.0
9845,840,557,Undirected,1,0.0,0.0
9846,1800,1490,Undirected,5,0.0,0.0
9847,1697,1045,Undirected,2,0.0,0.0
9848,1480,1470,Undirected,3,0.0,0.0
9849,1052,1103,Undirected,1,0.0,0.0
9850,645,645,Undirected,38,0.0,0.0
9851,1905,838,Undirected,5,0.0,0.0
9852,512,512,Undirected,59,0.0,0.0
9853,440,1297,Undirected,1,0.0,0.0
9854,440,47,Undirected,7,0.0,0.0
9855,1618,502,Undirected,5,0.0,0.0
9856,530,1092,Undirected,3,0.0,0.0
9857,436,1951,Undirected,1,0.0,0.0
9858,1157,1294,Undirected,2,0.0,0.0
9859,356,356,Undirected,68,0.0,0.0
9860,1680,754,Undirected,8,0.0,0.0
9861,1380,711,Undirected,5,0.0,0.0
9862,166,1198,Undirected,11,0.0,0.0
9863,945,1927,Undirected,16,0.0,0.0
9864,328,1066,Undirected,1,0.0,0.0
9865,1842,1294,Undirected,2,0.0,0.0
9866,896,1205,Undirected,6,0.0,0.0
9867,907,205,Undirected,4,0.0,0.0
9868,288,1145,Undirected,1,0.0,0.0
9869,1568,1995,Undirected,4,0.0,0.0
9870,528,1366,Undirected,21,0.0,0.0
9871,1945,195,Undirected,1,0.0,0.0
9872,1428,1428,Undirected,25,0.0,0.0
9873,1608,285,Undirected,6,0.0,0.0
9874,1064,1591,Undirected,1,0.0,0.0
9875,345,218,Undirected,8,0.0,0.0
9876,1763,308,Undirected,47,0.0,0.0
9877,1921,191,Undirected,2,0.0,0.0
9878,1850,951,Undirected,9,0.0,0.0
9879,409,7,Undirected,2,0.0,0.0
9880,105,1909,Undirected,1,0.0,0.0
9881,818,157,Undirected,11,0.0,0.0
9882,458,869,Undirected,4,0.0,0.0
9883,1845,1327,Undirected,1,0.0,0.0
9884,642,1699,Undirected,1,0.0,0.0
9885,732,1598,Undirected,1,0.0,0.0
9886,587,587,Undirected,14,0.0,0.0
9887,1074,1594,Undirected,10,4.19368875843079e-07,0.3608218646492437
9888,1878,1878,Undirected,117,0.0,0.0
9889,1813,710,Undirected,1,0.0,0.0
9890,1765,415,Undirected,2,0.0,0.0
9891,137,1846,Undirected,1,0.0,0.0
9892,489,1778,Undirected,2,0.0,0.0
9893,368,124,Undirected,24,0.0,0.0
9894,1281,1281,Undirected,119,0.0,0.0
9895,1681,455,Undirected,2,0.0,0.0
9896,459,580,Undirected,1,0.0,0.0
9897,617,1306,Undirected,1,0.0,0.0
9898,153,1277,Undirected,3,0.0,0.0
9899,1123,1926,Undirected,1,0.0,0.0
9900,1602,813,Undirected,5,0.0,0.0
9901,1161,194,Undirected,1,0.0,0.0
9902,1985,819,Undirected,1,0.0,0.0
9903,1400,1269,Undirected,5,0.0,0.0
9904,122,122,Undirected,156,0.0,0.0
9905,1675,1734,Undirected,1,0.0,0.0
9906,969,1679,Undirected,6,0.0,0.0
9907,1729,739,Undirected,12,0.0,0.0
9908,625,322,Undirected,3,0.0,0.0
9909,64,442,Undirected,1,0.0,0.0
9910,210,653,Undirected,1,0.0,0.0
9911,995,1155,Undirected,4,0.0,0.0
9912,1689,197,Undirected,1,0.0,0.0
9913,1762,1543,Undirected,1,0.0,0.0
9914,1154,932,Undirected,1,0.0,0.0
9915,1049,1308,Undirected,4,0.0,0.0
9916,633,1228,Undirected,12,0.0,0.0
9917,648,1914,Undirected,1,0.0,0.0
9918,1296,1379,Undirected,25,0.0,0.0
9919,587,1087,Undirected,2,0.0,0.0
9920,1643,989,Undirected,24,0.0,0.0
9921,1194,814,Undirected,2,0.0,0.0
9922,1187,1639,Undirected,2,0.0,0.0
9923,1154,1394,Undirected,11,0.0,0.0
9924,328,1689,Undirected,23,0.0,0.0
9925,78,78,Undirected,136,0.0,0.0
9926,1141,1054,Undirected,11,0.0,0.0
9927,1779,423,Undirected,55,0.0,0.0
9928,1305,468,Undirected,3,0.0,0.0
9929,772,1159,Undirected,3,0.0,0.0
9930,833,761,Undirected,4,0.0,0.0
9931,880,1785,Undirected,1,0.0,0.0
9932,1082,243,Undirected,38,0.0,0.0
9933,1443,1724,Undirected,1,0.0,0.0
9934,1880,1484,Undirected,1,0.0,0.0
9935,1082,1315,Undirected,1,0.0,0.0
9936,442,1653,Undirected,1,0.0,0.0
9937,1236,1653,Undirected,23,0.0,0.0
9938,769,1579,Undirected,8,0.0,0.0
9939,1837,1254,Undirected,1,0.0,0.0
9940,1842,1502,Undirected,4,0.0,0.0
9941,1272,901,Undirected,15,0.0,0.0
9942,96,632,Undirected,4,0.0,0.0
9943,1476,1853,Undirected,1,0.0,0.0
9944,1072,1097,Undirected,3,3.019061519167251e-07,0.25975780979137814
9945,1300,1998,Undirected,2,0.0,0.0
9946,753,1716,Undirected,2,0.0,0.0
9947,1298,1794,Undirected,2,0.0,0.0
9948,968,937,Undirected,2,0.0,0.0
9949,496,813,Undirected,5,0.0,0.0
9950,1441,1510,Undirected,9,0.0,0.0
9951,1285,1181,Undirected,1,0.0,0.0
9952,1753,1546,Undirected,3,0.0,0.0
9953,1994,611,Undirected,4,0.0,0.0
9954,1824,853,Undirected,17,0.0,0.0
9955,1034,287,Undirected,6,0.0,0.0
9956,1593,517,Undirected,3,0.0,0.0
9957,1009,580,Undirected,3,0.0,0.0
9958,1819,709,Undirected,1,0.0,0.0
9959,1056,1056,Undirected,109,0.0,0.0
9960,1834,308,Undirected,18,0.0,0.0
9961,1274,510,Undirected,11,0.0,0.0
9962,1326,1375,Undirected,3,0.0,0.0
9963,1762,1751,Undirected,9,0.0,0.0
9964,1434,1996,Undirected,60,0.0,0.0
9965,1009,1964,Undirected,1,0.0,0.0
9966,227,605,Undirected,1,0.0,0.0
9967,1684,1783,Undirected,6,0.0,0.0
9968,1083,1652,Undirected,8,0.0,0.0
9969,424,1382,Undirected,1,0.0,0.0
9970,1809,1538,Undirected,1,0.0,0.0
9971,1602,1371,Undirected,4,0.0,0.0
9972,1195,1805,Undirected,4,0.0,0.0
9973,490,574,Undirected,1,0.0,0.0
9974,1974,1078,Undirected,17,0.0,0.0
9975,1609,1609,Undirected,12,0.0,0.0
9976,1018,1404,Undirected,7,0.0,0.0
9977,1064,1284,Undirected,3,0.0,0.0
9978,1056,459,Undirected,2,0.0,0.0
9979,1546,1554,Undirected,16,0.0,0.0
9980,1160,758,Undirected,4,0.0,0.0
9981,322,1195,Undirected,1,0.0,0.0
9982,472,1778,Undirected,8,0.0,0.0
9983,773,1845,Undirected,1,0.0,0.0
9984,1672,937,Undirected,1,0.0,0.0
9985,1739,271,Undirected,3,0.0,0.0
9986,1158,550,Undirected,4,0.0,0.0
9987,1380,1996,Undirected,6,0.0,0.0
9988,1985,1570,Undirected,1,0.0,0.0
9989,1627,804,Undirected,1,0.0,0.0
9990,320,1876,Undirected,190,0.0,0.0
9991,1068,1309,Undirected,1,0.0,0.0
9992,995,853,Undirected,14,0.0,0.0
9993,852,852,Undirected,7,0.0,0.0
9994,1611,1228,Undirected,1,0.0,0.0
9995,1666,1427,Undirected,1,0.0,0.0
9996,1450,1332,Undirected,34,0.0,0.0
9997,1194,1453,Undirected,6,0.0,0.0
9998,1208,1440,Undirected,3,0.0,0.0
9999,1339,1470,Undirected,3,0.0,0.0
10000,139,1260,Undirected,3,0.0,0.0
10001,1148,1148,Undirected,4,0.0,0.0
10002,1410,11,Undirected,5,0.0,0.0
10003,1619,1603,Undirected,2,0.0,0.0
10004,828,413,Undirected,22,0.0,0.0
10005,1594,1324,Undirected,2,0.0,0.0
10006,1937,1964,Undirected,1,0.0,0.0
10007,212,662,Undirected,1,0.0,0.0
10008,420,748,Undirected,3,0.0,0.0
10009,539,580,Undirected,1,0.0,0.0
10010,1194,1758,Undirected,4,0.0,0.0
10011,1813,1087,Undirected,2,0.0,0.0
10012,1749,471,Undirected,8,0.0,0.0
10013,1774,663,Undirected,1,0.0,0.0
10014,1381,1134,Undirected,9,0.0,0.0
10015,64,1918,Undirected,2,0.0,0.0
10016,495,495,Undirected,64,0.0,0.0
10017,273,949,Undirected,3,0.0,0.0
10018,1254,711,Undirected,28,0.0,0.0
10019,636,423,Undirected,1,0.0,0.0
10020,208,1376,Undirected,1,0.0,0.0
10021,633,18,Undirected,22,0.0,0.0
10022,1357,1959,Undirected,2,0.0,0.0
10023,1281,828,Undirected,1,0.0,0.0
10024,1075,1075,Undirected,8,0.0,0.0
10025,1486,1798,Undirected,8,0.0,0.0
10026,1906,511,Undirected,1,0.0,0.0
10027,1787,1028,Undirected,7,0.0,0.0
10028,546,1903,Undirected,3,0.0,0.0
10029,1892,597,Undirected,1,0.0,0.0
10030,1959,887,Undirected,37,0.0,0.0
10031,648,1851,Undirected,1,0.0,0.0
10032,67,611,Undirected,4,0.0,0.0
10033,1890,947,Undirected,3,0.0,0.0
10034,1753,1893,Undirected,29,0.0,0.0
10035,156,708,Undirected,22,0.0,0.0
10036,530,1359,Undirected,1,0.0,0.0
10037,1780,1974,Undirected,65,0.0,0.0
10038,1140,1028,Undirected,1,0.0,0.0
10039,176,1788,Undirected,8,0.0,0.0
10040,264,264,Undirected,32,0.0,0.0
10041,1701,1701,Undirected,24,0.0,0.0
10042,1602,1763,Undirected,9,0.0,0.0
10043,1516,1902,Undirected,3,0.0,0.0
10044,1532,789,Undirected,2,0.0,0.0
10045,258,1682,Undirected,1,0.0,0.0
10046,1184,567,Undirected,4,0.0,0.0
10047,1568,1812,Undirected,1,0.0,0.0
10048,1382,1079,Undirected,34,0.0,0.0
10049,1050,1562,Undirected,1,0.0,0.0
10050,466,1111,Undirected,13,0.0,0.0
10051,1082,1852,Undirected,1,0.0,0.0
10052,1264,1646,Undirected,1,0.0,0.0
10053,1848,1780,Undirected,8,0.0,0.0
10054,939,1287,Undirected,2,0.0,0.0
10055,1153,780,Undirected,1,0.0,0.0
10056,657,657,Undirected,78,0.0,0.0
10057,1170,886,Undirected,3,0.0,0.0
10058,363,1070,Undirected,1,0.0,0.0
10059,304,3,Undirected,5,0.0,0.0
10060,1615,543,Undirected,14,0.0,0.0
10061,1241,1235,Undirected,1,0.0,0.0
10062,1018,1382,Undirected,1,0.0,0.0
10063,1711,1711,Undirected,4,0.0,0.0
10064,269,1901,Undirected,6,0.0,0.0
10065,1978,1639,Undirected,2,0.0,0.0
10066,603,1444,Undirected,1,0.0,0.0
10067,906,30,Undirected,2,0.0,0.0
10068,689,1924,Undirected,23,0.0,0.0
10069,789,1205,Undirected,3,0.0,0.0
10070,738,45,Undirected,1,0.0,0.0
10071,1137,1549,Undirected,2,0.0,0.0
10072,741,741,Undirected,175,0.0,0.0
10073,1628,1998,Undirected,6,0.0,0.0
10074,1467,958,Undirected,1,0.0,0.0
10075,1697,1287,Undirected,6,0.0,0.0
10076,1929,269,Undirected,32,0.0,0.0
10077,1033,1596,Undirected,29,0.0,0.0
10078,1177,869,Undirected,12,0.0,0.0
10079,670,1230,Undirected,1,0.0,0.0
10080,384,881,Undirected,27,0.0,0.0
10081,761,339,Undirected,8,0.0,0.0
10082,600,183,Undirected,1,0.0,0.0
10083,736,925,Undirected,12,0.0,0.0
10084,1060,582,Undirected,1,0.0,0.0
10085,1344,651,Undirected,6,0.0,0.0
10086,704,1019,Undirected,1,0.0,0.0
10087,1466,711,Undirected,54,0.0,0.0
10088,1185,1315,Undirected,15,0.0,0.0
10089,1273,1252,Undirected,4,0.0,0.0
10090,1808,740,Undirected,28,0.0,0.0
10091,1890,1890,Undirected,272,0.0,0.0
10092,108,108,Undirected,104,0.0,0.0
10093,1853,1855,Undirected,3,0.0,0.0
10094,560,486,Undirected,1,0.0,0.0
10095,521,1708,Undirected,1,0.0,0.0
10096,1800,1882,Undirected,1,0.0,0.0
10097,1369,782,Undirected,3,0.0,0.0
10098,1969,853,Undirected,20,0.0,0.0
10099,1836,901,Undirected,10,0.0,0.0
10100,1496,413,Undirected,16,0.0,0.0
10101,450,93,Undirected,26,0.0,0.0
10102,1417,36,Undirected,1,0.0,0.0
10103,130,1167,Undirected,1,0.0,0.0
10104,1966,1030,Undirected,22,6.545766672895284e-07,0.5631929006950721
10105,1887,1887,Undirected,48,0.0,0.0
10106,537,269,Undirected,1,0.0,0.0
10107,1155,686,Undirected,4,0.0,0.0
10108,1969,819,Undirected,1,0.0,0.0
10109,443,1286,Undirected,1,0.0,0.0
10110,1496,293,Undirected,58,0.0,0.0
10111,349,415,Undirected,2,0.0,0.0
10112,1129,1884,Undirected,1,0.0,0.0
10113,499,1060,Undirected,5,0.0,0.0
10114,1733,47,Undirected,1,0.0,0.0
10115,210,534,Undirected,9,0.0,0.0
10116,1579,799,Undirected,4,0.0,0.0
10117,356,590,Undirected,1,0.0,0.0
10118,352,1868,Undirected,1,0.0,0.0
10119,174,1534,Undirected,4,0.0,0.0
10120,1820,807,Undirected,3,0.0,0.0
10121,1480,169,Undirected,3,0.0,0.0
10122,1194,1195,Undirected,3,0.0,0.0
10123,284,1150,Undirected,1,0.0,0.0
10124,604,604,Undirected,7,0.0,0.0
10125,1190,1102,Undirected,7,0.0,0.0
10126,324,1134,Undirected,1,0.0,0.0
10127,1072,516,Undirected,2,0.0,0.0
10128,1962,751,Undirected,3,0.0,0.0
10129,1809,719,Undirected,2,0.0,0.0
10130,1420,711,Undirected,17,0.0,0.0
10131,1837,1453,Undirected,92,0.0,0.0
10132,1130,1247,Undirected,6,0.0,0.0
10133,1288,689,Undirected,2,0.0,0.0
10134,737,1755,Undirected,8,0.0,0.0
10135,180,180,Undirected,16,0.0,0.0
10136,1184,1778,Undirected,1,0.0,0.0
10137,586,850,Undirected,1,0.0,0.0
10138,1400,1809,Undirected,27,0.0,0.0
10139,1484,1925,Undirected,5,0.0,0.0
10140,364,774,Undirected,14,3.5535558433382823e-07,0.3057453042863184
10141,1403,1311,Undirected,3,0.0,0.0
10142,1086,758,Undirected,6,0.0,0.0
10143,951,951,Undirected,88,0.0,0.0
10144,729,388,Undirected,6,0.0,0.0
10145,985,1375,Undirected,81,0.0,0.0
10146,945,295,Undirected,42,0.0,0.0
10147,789,589,Undirected,14,0.0,0.0
10148,1204,605,Undirected,13,0.0,0.0
10149,1141,1734,Undirected,2,0.0,0.0
10150,1490,1254,Undirected,3,0.0,0.0
10151,1379,949,Undirected,7,0.0,0.0
10152,1691,1691,Undirected,140,0.0,0.0
10153,538,1839,Undirected,145,0.0,0.0
10154,1754,1404,Undirected,3,0.0,0.0
10155,1816,1223,Undirected,5,0.0,0.0
10156,1510,1679,Undirected,6,0.0,0.0
10157,1984,1357,Undirected,1,0.0,0.0
10158,1969,1254,Undirected,55,0.0,0.0
10159,538,130,Undirected,33,0.0,0.0
10160,804,893,Undirected,2,0.0,0.0
10161,1827,1509,Undirected,3,0.0,0.0
10162,1779,1779,Undirected,28,0.0,0.0
10163,80,1259,Undirected,27,0.0,0.0
10164,538,901,Undirected,6,0.0,0.0
10165,1230,1230,Undirected,363,0.0,0.0
10166,269,1239,Undirected,2,0.0,0.0
10167,978,1187,Undirected,9,0.0,0.0
10168,608,281,Undirected,9,0.0,0.0
10169,590,1638,Undirected,4,0.0,0.0
10170,1641,719,Undirected,8,0.0,0.0
10171,880,772,Undirected,3,0.0,0.0
10172,42,1103,Undirected,2,0.0,0.0
10173,1643,1887,Undirected,13,0.0,0.0
10174,1157,1157,Undirected,228,0.0,0.0
10175,1888,626,Undirected,2,0.0,0.0
10176,1024,1024,Undirected,4,0.0,0.0
10177,1155,780,Undirected,1,0.0,0.0
10178,449,869,Undirected,3,0.0,0.0
10179,1883,1838,Undirected,10,0.0,0.0
10180,619,619,Undirected,6,0.0,0.0
10181,1553,1558,Undirected,1,0.0,0.0
10182,504,996,Undirected,2,0.0,0.0
10183,518,1183,Undirected,4,3.172394857821767e-07,0.2729504963146666
10184,1817,1631,Undirected,1,0.0,0.0
10185,868,77,Undirected,20,0.0,0.0
10186,1680,1637,Undirected,1,0.0,0.0
10187,729,1079,Undirected,1,0.0,0.0
10188,1824,1380,Undirected,1,0.0,0.0
10189,1466,719,Undirected,77,0.0,0.0
10190,1537,107,Undirected,2,0.0,0.0
10191,1632,1938,Undirected,9,0.0,0.0
10192,1059,1059,Undirected,28,0.0,0.0
10193,1257,1441,Undirected,2,0.0,0.0
10194,939,1317,Undirected,9,0.0,0.0
10195,341,822,Undirected,2,0.0,0.0
10196,906,902,Undirected,10,0.0,0.0
10197,975,383,Undirected,1,0.0,0.0
10198,1161,291,Undirected,4,0.0,0.0
10199,1779,55,Undirected,10,0.0,0.0
10200,1740,1375,Undirected,76,0.0,0.0
10201,1400,1603,Undirected,3,0.0,0.0
10202,1480,1098,Undirected,56,0.0,0.0
10203,646,1823,Undirected,1,0.0,0.0
10204,882,506,Undirected,39,0.0,0.0
10205,1259,670,Undirected,1,0.0,0.0
10206,274,1340,Undirected,19,0.0,0.0
10207,896,175,Undirected,2,0.0,0.0
10208,1755,1702,Undirected,4,0.0,0.0
10209,930,930,Undirected,298,0.0,0.0
10210,336,388,Undirected,1,0.0,0.0
10211,1242,381,Undirected,1,0.0,0.0
10212,1442,932,Undirected,3,0.0,0.0
10213,462,1527,Undirected,23,0.0,0.0
10214,1032,1420,Undirected,2,0.0,0.0
10215,1186,410,Undirected,1,0.0,0.0
10216,893,405,Undirected,1,0.0,0.0
10217,608,602,Undirected,3,0.0,0.0
10218,417,5,Undirected,20,0.0,0.0
10219,1948,135,Undirected,2,0.0,0.0
10220,1644,1855,Undirected,1,0.0,0.0
10221,728,985,Undirected,4,0.0,0.0
10222,627,1863,Undirected,2,0.0,0.0
10223,1866,1739,Undirected,4,0.0,0.0
10224,1905,183,Undirected,2,0.0,0.0
10225,1201,498,Undirected,1,0.0,0.0
10226,1170,1574,Undirected,2,0.0,0.0
10227,93,93,Undirected,77,0.0,0.0
10228,266,1642,Undirected,13,0.0,0.0
10229,955,1750,Undirected,1,0.0,0.0
10230,1944,830,Undirected,24,0.0,0.0
10231,1480,644,Undirected,2,0.0,0.0
10232,1613,271,Undirected,2,0.0,0.0
10233,1233,774,Undirected,1,0.0,0.0
10234,708,1181,Undirected,2,0.0,0.0
10235,1097,983,Undirected,5,0.0,0.0
10236,1568,1413,Undirected,10,0.0,0.0
10237,633,233,Undirected,1,0.0,0.0
10238,427,918,Undirected,8,0.0,0.0
10239,1937,1803,Undirected,3,0.0,0.0
10240,1561,757,Undirected,1,0.0,0.0
10241,1258,1579,Undirected,3,0.0,0.0
10242,276,1422,Undirected,4,0.0,0.0
10243,476,78,Undirected,2,0.0,0.0
10244,1162,879,Undirected,1,0.0,0.0
10245,1703,1383,Undirected,6,0.0,0.0
10246,1022,1022,Undirected,14,0.0,0.0
10247,341,1703,Undirected,5,0.0,0.0
10248,523,1663,Undirected,1,0.0,0.0
10249,185,1172,Undirected,15,0.0,0.0
10250,1635,1933,Undirected,1,0.0,0.0
10251,1787,151,Undirected,3,0.0,0.0
10252,1490,1162,Undirected,80,0.0,0.0
10253,152,1969,Undirected,1,0.0,0.0
10254,1809,1682,Undirected,1,0.0,0.0
10255,1249,420,Undirected,4,0.0,0.0
10256,525,893,Undirected,2,0.0,0.0
10257,1424,1286,Undirected,1,0.0,0.0
10258,1979,1765,Undirected,1,0.0,0.0
10259,1498,1755,Undirected,38,0.0,0.0
10260,1211,1716,Undirected,1,0.0,0.0
10261,1357,1774,Undirected,4,0.0,0.0
10262,1729,180,Undirected,3,0.0,0.0
10263,440,1897,Undirected,1,0.0,0.0
10264,761,709,Undirected,3,2.6351107337851344e-07,0.22672296951225462
10265,1576,1331,Undirected,3,0.0,0.0
10266,1928,812,Undirected,2,0.0,0.0
10267,803,374,Undirected,8,0.0,0.0
10268,1235,1862,Undirected,1,0.0,0.0
10269,585,397,Undirected,2,0.0,0.0
10270,1780,1054,Undirected,1,0.0,0.0
10271,1426,1085,Undirected,22,0.0,0.0
10272,5,341,Undirected,7,0.0,0.0
10273,920,670,Undirected,1,0.0,0.0
10274,450,1140,Undirected,1,0.0,0.0
10275,1530,1236,Undirected,1,0.0,0.0
10276,880,1693,Undirected,2,0.0,0.0
10277,43,926,Undirected,1,0.0,0.0
10278,720,891,Undirected,7,0.0,0.0
10279,1413,1695,Undirected,1,0.0,0.0
10280,1883,711,Undirected,44,0.0,0.0
10281,682,627,Undirected,1,0.0,0.0
10282,107,1229,Undirected,8,0.0,0.0
10283,1379,1935,Undirected,5,0.0,0.0
10284,757,1141,Undirected,1,0.0,0.0
10285,1032,89,Undirected,4,0.0,0.0
10286,601,453,Undirected,2,0.0,0.0
10287,1600,1490,Undirected,3,0.0,0.0
10288,1855,983,Undirected,4,0.0,0.0
10289,948,1549,Undirected,1,0.0,0.0
10290,74,1966,Undirected,21,0.0,0.0
10291,1070,1343,Undirected,1,0.0,0.0
10292,1522,1847,Undirected,1,0.0,0.0
10293,1344,1395,Undirected,7,0.0,0.0
10294,71,1303,Undirected,8,0.0,0.0
10295,1418,1995,Undirected,1,0.0,0.0
10296,936,667,Undirected,7,0.0,0.0
10297,1563,1363,Undirected,1,0.0,0.0
10298,984,1359,Undirected,3,0.0,0.0
10299,519,847,Undirected,1,0.0,0.0
10300,1898,894,Undirected,1,0.0,0.0
10301,1114,1123,Undirected,1,0.0,0.0
10302,509,207,Undirected,1,0.0,0.0
10303,1804,812,Undirected,40,0.0,0.0
10304,1316,1783,Undirected,1,0.0,0.0
10305,62,1231,Undirected,5,0.0,0.0
10306,1186,565,Undirected,1,0.0,0.0
10307,1824,1828,Undirected,1,0.0,0.0
10308,232,1625,Undirected,1,0.0,0.0
10309,1800,258,Undirected,1,0.0,0.0
10310,1120,1200,Undirected,2,0.0,0.0
10311,301,1694,Undirected,1,0.0,0.0
10312,1754,1484,Undirected,33,0.0,0.0
10313,1469,1031,Undirected,1,0.0,0.0
10314,141,141,Undirected,6,0.0,0.0
10315,54,463,Undirected,1,0.0,0.0
10316,1824,1357,Undirected,3,0.0,0.0
10317,1171,1708,Undirected,4,0.0,0.0
10318,1837,1079,Undirected,2,0.0,0.0
10319,1727,1727,Undirected,330,0.0,0.0
10320,1560,1305,Undirected,2,0.0,0.0
10321,620,182,Undirected,4,0.0,0.0
10322,1552,723,Undirected,2,0.0,0.0
10323,1384,1448,Undirected,1,0.0,0.0
10324,1699,1678,Undirected,2,0.0,0.0
10325,1877,599,Undirected,1,0.0,0.0
10326,1837,1382,Undirected,31,0.0,0.0
10327,1394,499,Undirected,1,0.0,0.0
10328,814,719,Undirected,1,0.0,0.0
10329,522,522,Undirected,11,0.0,0.0
10330,728,1827,Undirected,9,0.0,0.0
10331,980,1837,Undirected,9,0.0,0.0
10332,1241,1595,Undirected,1,0.0,0.0
10333,1780,686,Undirected,1,0.0,0.0
10334,1348,1358,Undirected,1,0.0,0.0
10335,584,1627,Undirected,1,0.0,0.0
10336,1592,1198,Undirected,4,0.0,0.0
10337,128,1375,Undirected,11,0.0,0.0
10338,834,899,Undirected,1,0.0,0.0
10339,867,61,Undirected,10,0.0,0.0
10340,860,1519,Undirected,9,0.0,0.0
10341,214,359,Undirected,2,0.0,0.0
10342,1800,690,Undirected,1,0.0,0.0
10343,1888,1091,Undirected,1,0.0,0.0
10344,148,148,Undirected,82,0.0,0.0
10345,549,549,Undirected,6,0.0,0.0
10346,1640,410,Undirected,1,0.0,0.0
10347,459,1710,Undirected,3,0.0,0.0
10348,1473,130,Undirected,1,0.0,0.0
10349,1422,1422,Undirected,5,0.0,0.0
10350,355,1779,Undirected,1,0.0,0.0
10351,729,729,Undirected,37,0.0,0.0
10352,1841,1197,Undirected,2,0.0,0.0
10353,1834,1974,Undirected,2,0.0,0.0
10354,1402,1435,Undirected,3,0.0,0.0
10355,843,1733,Undirected,3,0.0,0.0
10356,1700,1639,Undirected,1,0.0,0.0
10357,1932,516,Undirected,1,0.0,0.0
10358,598,598,Undirected,53,0.0,0.0
10359,1832,954,Undirected,2,0.0,0.0
10360,1320,1852,Undirected,1,0.0,0.0
10361,1124,1390,Undirected,4,0.0,0.0
10362,1334,551,Undirected,1,0.0,0.0
10363,947,1783,Undirected,1,0.0,0.0
10364,736,589,Undirected,6,4.1435189348006724e-07,0.3565052903028641
10365,1268,1734,Undirected,2,0.0,0.0
10366,1576,499,Undirected,1,0.0,0.0
10367,226,652,Undirected,3,0.0,0.0
10368,339,1494,Undirected,39,0.0,0.0
10369,66,903,Undirected,1,0.0,0.0
10370,1473,1957,Undirected,13,0.0,0.0
10371,176,1141,Undirected,2,0.0,0.0
10372,1768,699,Undirected,3,0.0,0.0
10373,816,640,Undirected,1,0.0,0.0
10374,952,859,Undirected,7,0.0,0.0
10375,1970,787,Undirected,10,0.0,0.0
10376,1491,1639,Undirected,2,0.0,0.0
10377,814,455,Undirected,3,0.0,0.0
10378,852,822,Undirected,1,0.0,0.0
10379,103,583,Undirected,2,0.0,0.0
10380,1499,1326,Undirected,4,0.0,0.0
10381,1155,1404,Undirected,18,0.0,0.0
10382,1508,749,Undirected,1,0.0,0.0
10383,336,1267,Undirected,3,0.0,0.0
10384,1712,625,Undirected,1,0.0,0.0
10385,777,1954,Undirected,2,0.0,0.0
10386,1253,1253,Undirected,158,0.0,0.0
10387,40,1946,Undirected,7,0.0,0.0
10388,1066,404,Undirected,40,0.0,0.0
10389,346,1252,Undirected,2,0.0,0.0
10390,1937,1162,Undirected,1,0.0,0.0
10391,1457,1845,Undirected,14,3.363331130490379e-07,0.2893785113396167
10392,89,1740,Undirected,11,0.0,0.0
10393,1516,1382,Undirected,1,0.0,0.0
10394,1000,731,Undirected,10,7.082325049846153e-07,0.6093579847574924
10395,291,1461,Undirected,4,0.0,0.0
10396,936,1339,Undirected,1,0.0,0.0
10397,1508,351,Undirected,18,0.0,0.0
10398,805,1742,Undirected,7,0.0,0.0
10399,1897,1074,Undirected,1,0.0,0.0
10400,706,851,Undirected,4,0.0,0.0
10401,1292,1823,Undirected,2,0.0,0.0
10402,216,731,Undirected,3,0.0,0.0
10403,1378,1935,Undirected,1,0.0,0.0
10404,1934,103,Undirected,5,0.0,0.0
10405,1020,269,Undirected,4,0.0,0.0
10406,617,991,Undirected,6,0.0,0.0
10407,1676,645,Undirected,2,0.0,0.0
10408,1720,1372,Undirected,31,0.0,0.0
10409,1602,1503,Undirected,3,0.0,0.0
10410,1331,949,Undirected,3,0.0,0.0
10411,1960,565,Undirected,1,0.0,0.0
10412,580,1604,Undirected,3,0.0,0.0
10413,1774,1223,Undirected,1,0.0,0.0
10414,1033,542,Undirected,1,0.0,0.0
10415,1356,1813,Undirected,2,0.0,0.0
10416,1873,1331,Undirected,2,0.0,0.0
10417,1620,630,Undirected,1,0.0,0.0
10418,1546,1362,Undirected,1,0.0,0.0
10419,914,1549,Undirected,3,0.0,0.0
10420,1864,1543,Undirected,6,0.0,0.0
10421,523,223,Undirected,1,0.0,0.0
10422,800,800,Undirected,7,0.0,0.0
10423,1259,1230,Undirected,2,0.0,0.0
10424,975,1231,Undirected,22,0.0,0.0
10425,1800,1538,Undirected,1,0.0,0.0
10426,1970,182,Undirected,3,0.0,0.0
10427,321,321,Undirected,9,0.0,0.0
10428,585,1177,Undirected,2,0.0,0.0
10429,1982,694,Undirected,6,0.0,0.0
10430,57,1611,Undirected,8,0.0,0.0
10431,483,1229,Undirected,1,0.0,0.0
10432,1032,813,Undirected,1,0.0,0.0
10433,1681,1375,Undirected,24,0.0,0.0
10434,1686,1046,Undirected,1,0.0,0.0
10435,728,1251,Undirected,1,0.0,0.0
10436,1584,1814,Undirected,1,0.0,0.0
10437,1504,719,Undirected,1,0.0,0.0
10438,960,684,Undirected,12,0.0,0.0
10439,1161,1060,Undirected,9,0.0,0.0
10440,832,1490,Undirected,2,0.0,0.0
10441,946,618,Undirected,4,0.0,0.0
10442,492,869,Undirected,11,0.0,0.0
10443,651,1604,Undirected,1,0.0,0.0
10444,141,350,Undirected,1,0.0,0.0
10445,1032,980,Undirected,17,0.0,0.0
10446,1887,1167,Undirected,1,0.0,0.0
10447,1463,1463,Undirected,169,0.0,0.0
10448,1112,1860,Undirected,9,0.0,0.0
10449,722,1139,Undirected,5,0.0,0.0
10450,1804,686,Undirected,9,0.0,0.0
10451,1580,446,Undirected,15,0.0,0.0
10452,1865,1338,Undirected,1,0.0,0.0
10453,1142,1142,Undirected,31,0.0,0.0
10454,378,814,Undirected,3,0.0,0.0
10455,942,239,Undirected,1,0.0,0.0
10456,496,1290,Undirected,4,0.0,0.0
10457,1476,1983,Undirected,2,0.0,0.0
10458,1602,1511,Undirected,3,0.0,0.0
10459,990,990,Undirected,7,0.0,0.0
10460,720,511,Undirected,9,0.0,0.0
10461,899,1159,Undirected,2,0.0,0.0
10462,227,1204,Undirected,1,0.0,0.0
10463,1576,1787,Undirected,1,0.0,0.0
10464,1345,1605,Undirected,10,0.0,0.0
10465,542,783,Undirected,12,0.0,0.0
10466,664,1426,Undirected,4,0.0,0.0
10467,1489,718,Undirected,7,0.0,0.0
10468,1115,1998,Undirected,3,0.0,0.0
10469,1129,582,Undirected,9,0.0,0.0
10470,1538,1964,Undirected,1,0.0,0.0
10471,1121,650,Undirected,3,0.0,0.0
10472,1286,1343,Undirected,6,0.0,0.0
10473,282,282,Undirected,50,0.0,0.0
10474,1754,1319,Undirected,55,0.0,0.0
10475,1785,587,Undirected,3,0.0,0.0
10476,1588,1510,Undirected,18,0.0,0.0
10477,1796,1677,Undirected,1,0.0,0.0
10478,1588,1006,Undirected,2,0.0,0.0
10479,827,827,Undirected,92,0.0,0.0
10480,21,597,Undirected,4,0.0,0.0
10481,1804,911,Undirected,1,0.0,0.0
10482,1509,711,Undirected,23,0.0,0.0
10483,558,558,Undirected,61,0.0,0.0
10484,1434,1974,Undirected,13,0.0,0.0
10485,1510,1775,Undirected,1,0.0,0.0
10486,1544,474,Undirected,1,0.0,0.0
10487,465,465,Undirected,120,0.0,0.0
10488,1872,1516,Undirected,1,0.0,0.0
10489,1320,191,Undirected,1,0.0,0.0
10490,1345,1348,Undirected,1,0.0,0.0
10491,1131,1131,Undirected,29,0.0,0.0
10492,647,647,Undirected,13,0.0,0.0
10493,874,1404,Undirected,1,0.0,0.0
10494,1025,19,Undirected,1,0.0,0.0
10495,1600,1693,Undirected,2,0.0,0.0
10496,1344,1218,Undirected,1,0.0,0.0
10497,1968,1968,Undirected,12,0.0,0.0
10498,907,414,Undirected,4,0.0,0.0
10499,1298,1308,Undirected,1,0.0,0.0
10500,1395,1599,Undirected,1,0.0,0.0
10501,1283,1646,Undirected,8,0.0,0.0
10502,1363,1271,Undirected,1,0.0,0.0
10503,1296,627,Undirected,15,0.0,0.0
10504,1874,1207,Undirected,7,0.0,0.0
10505,1410,1747,Undirected,16,0.0,0.0
10506,996,1302,Undirected,2,0.0,0.0
10507,1994,882,Undirected,1,0.0,0.0
10508,271,271,Undirected,47,0.0,0.0
10509,1875,1653,Undirected,3,0.0,0.0
10510,1568,947,Undirected,2,0.0,0.0
10511,1930,1114,Undirected,4,0.0,0.0
10512,819,1742,Undirected,1,0.0,0.0
10513,784,1958,Undirected,1,0.0,0.0
10514,706,510,Undirected,7,0.0,0.0
10515,1577,1348,Undirected,2,0.0,0.0
10516,89,814,Undirected,17,0.0,0.0
10517,893,1502,Undirected,1,0.0,0.0
10518,1202,1350,Undirected,2,0.0,0.0
10519,1267,1932,Undirected,1,0.0,0.0
10520,414,671,Undirected,2,0.0,0.0
10521,450,1910,Undirected,4,0.0,0.0
10522,1844,1967,Undirected,1,0.0,0.0
10523,1837,1823,Undirected,5,0.0,0.0
10524,1739,1325,Undirected,9,0.0,0.0
10525,1115,547,Undirected,9,0.0,0.0
10526,1999,1447,Undirected,4,0.0,0.0
10527,1248,1054,Undirected,1,0.0,0.0
10528,1937,978,Undirected,1,0.0,0.0
10529,1000,157,Undirected,5,0.0,0.0
10530,1704,578,Undirected,3,0.0,0.0
10531,129,1662,Undirected,2,0.0,0.0
10532,91,245,Undirected,5,0.0,0.0
10533,1914,1203,Undirected,2,0.0,0.0
10534,1121,379,Undirected,1,0.0,0.0
10535,1009,1402,Undirected,17,0.0,0.0
10536,1459,1159,Undirected,1,0.0,0.0
10537,566,1679,Undirected,1,0.0,0.0
10538,947,1837,Undirected,2,0.0,0.0
10539,1600,1579,Undirected,1,0.0,0.0
10540,1469,831,Undirected,1,0.0,0.0
10541,985,874,Undirected,1,0.0,0.0
10542,1877,1359,Undirected,15,0.0,0.0
10543,1384,399,Undirected,57,0.0,0.0
10544,1827,911,Undirected,3,0.0,0.0
10545,1810,1463,Undirected,2,0.0,0.0
10546,1682,1079,Undirected,3,0.0,0.0
10547,1226,159,Undirected,2,0.0,0.0
10548,350,350,Undirected,73,0.0,0.0
10549,1020,173,Undirected,16,0.0,0.0
10550,618,618,Undirected,23,0.0,0.0
10551,1809,710,Undirected,5,0.0,0.0
10552,1938,1551,Undirected,1,0.0,0.0
10553,1681,771,Undirected,1,0.0,0.0
10554,816,1082,Undirected,8,0.0,0.0
10555,1563,1743,Undirected,8,0.0,0.0
10556,1893,1381,Undirected,2,0.0,0.0
10557,506,799,Undirected,35,0.0,0.0
10558,1120,1715,Undirected,1,0.0,0.0
10559,1602,1086,Undirected,2,0.0,0.0
10560,408,949,Undirected,6,0.0,0.0
10561,1634,266,Undirected,10,0.0,0.0
10562,1476,839,Undirected,1,0.0,0.0
10563,1195,1509,Undirected,6,0.0,0.0
10564,956,853,Undirected,1,0.0,0.0
10565,928,1518,Undirected,11,0.0,0.0
10566,515,269,Undirected,3,0.0,0.0
10567,373,373,Undirected,14,0.0,0.0
10568,1698,1973,Undirected,1,0.0,0.0
10569,273,1537,Undirected,4,0.0,0.0
10570,281,1394,Undirected,3,0.0,0.0
10571,1529,980,Undirected,40,0.0,0.0
10572,1344,1627,Undirected,5,0.0,0.0
10573,1379,693,Undirected,4,0.0,0.0
10574,1308,1308,Undirected,65,0.0,0.0
10575,506,1356,Undirected,1,0.0,0.0
10576,969,1406,Undirected,1,0.0,0.0
10577,1161,20,Undirected,14,0.0,0.0
10578,1960,1418,Undirected,1,0.0,0.0
10579,179,179,Undirected,56,0.0,0.0
10580,75,596,Undirected,162,0.0,0.0
10581,1756,1783,Undirected,14,0.0,0.0
10582,702,702,Undirected,20,0.0,0.0
10583,682,70,Undirected,14,0.0,0.0
10584,1357,1357,Undirected,87,0.0,0.0
10585,1697,499,Undirected,3,0.0,0.0
10586,1390,294,Undirected,3,0.0,0.0
10587,1345,1114,Undirected,1,0.0,0.0
10588,1186,1532,Undirected,3,0.0,0.0
10589,1679,1679,Undirected,23,0.0,0.0
10590,979,1254,Undirected,2,0.0,0.0
10591,1298,1725,Undirected,1,0.0,0.0
10592,369,1754,Undirected,62,0.0,0.0
10593,1513,901,Undirected,4,0.0,0.0
10594,89,1707,Undirected,78,0.0,0.0
10595,1791,1791,Undirected,28,0.0,0.0
10596,842,1278,Undirected,1,0.0,0.0
10597,1937,580,Undirected,4,0.0,0.0
10598,1706,1308,Undirected,5,3.393557723283188e-07,0.29197918492359903
10599,753,1028,Undirected,1,0.0,0.0
10600,833,439,Undirected,4,0.0,0.0
10601,782,71,Undirected,9,0.0,0.0
10602,1563,574,Undirected,2,0.0,0.0
10603,1883,1551,Undirected,2,0.0,0.0
10604,68,1743,Undirected,9,0.0,0.0
10605,1576,1576,Undirected,529,0.0,0.0
10606,1115,1115,Undirected,43,0.0,0.0
10607,1509,1783,Undirected,55,0.0,0.0
10608,1089,909,Undirected,48,0.0,0.0
10609,676,1254,Undirected,2,0.0,0.0
10610,1184,1739,Undirected,1,0.0,0.0
10611,1571,1571,Undirected,7,0.0,0.0
10612,1896,1052,Undirected,3,0.0,0.0
10613,1490,1079,Undirected,5,0.0,0.0
10614,1819,381,Undirected,3,0.0,0.0
10615,498,470,Undirected,1,0.0,0.0
10616,1560,1560,Undirected,32,0.0,0.0
10617,531,531,Undirected,11,0.0,0.0
10618,1705,740,Undirected,21,0.0,0.0
10619,1296,939,Undirected,29,0.0,0.0
10620,915,171,Undirected,3,0.0,0.0
10621,1518,1518,Undirected,62,0.0,0.0
10622,1325,455,Undirected,21,0.0,0.0
10623,5,518,Undirected,34,0.0,0.0
10624,1338,869,Undirected,19,0.0,0.0
10625,983,983,Undirected,171,0.0,0.0
10626,825,1045,Undirected,2,0.0,0.0
10627,1750,495,Undirected,1,0.0,0.0
10628,1568,1641,Undirected,27,0.0,0.0
10629,1400,1983,Undirected,1,0.0,0.0
10630,840,693,Undirected,1,0.0,0.0
10631,1344,1178,Undirected,1,0.0,0.0
10632,1834,1509,Undirected,2,0.0,0.0
10633,604,1308,Undirected,1,0.0,0.0
10634,1640,275,Undirected,2,0.0,0.0
10635,1681,1883,Undirected,21,0.0,0.0
10636,1085,1423,Undirected,1,0.0,0.0
10637,797,30,Undirected,11,0.0,0.0
10638,1916,1998,Undirected,1,0.0,0.0
10639,1409,214,Undirected,2,0.0,0.0
10640,160,1305,Undirected,1,0.0,0.0
10641,786,1964,Undirected,2,0.0,0.0
10642,1693,1390,Undirected,1,0.0,0.0
10643,1434,1086,Undirected,4,0.0,0.0
10644,1282,863,Undirected,4,0.0,0.0
10645,1684,1316,Undirected,1,0.0,0.0
10646,976,1391,Undirected,2,0.0,0.0
10647,1636,1636,Undirected,85,0.0,0.0
10648,1002,523,Undirected,3,0.0,0.0
10649,1216,578,Undirected,1,0.0,0.0
10650,734,1535,Undirected,3,0.0,0.0
10651,1763,1734,Undirected,6,0.0,0.0
10652,1026,1026,Undirected,38,0.0,0.0
10653,1244,269,Undirected,2,0.0,0.0
10654,643,1204,Undirected,1,0.0,0.0
10655,1450,1478,Undirected,1,0.0,0.0
10656,1061,1061,Undirected,18,0.0,0.0
10657,817,611,Undirected,2,0.0,0.0
10658,697,1450,Undirected,13,0.0,0.0
10659,923,983,Undirected,3,0.0,0.0
10660,1219,1189,Undirected,1,0.0,0.0
10661,1937,1153,Undirected,1,0.0,0.0
10662,476,1085,Undirected,3,0.0,0.0
10663,635,1628,Undirected,11,0.0,0.0
10664,1202,563,Undirected,1,0.0,0.0
10665,1623,1623,Undirected,48,0.0,0.0
10666,465,1430,Undirected,1,0.0,0.0
10667,1627,819,Undirected,26,0.0,0.0
10668,188,1637,Undirected,4,0.0,0.0
10669,1110,1110,Undirected,54,0.0,0.0
10670,1987,1837,Undirected,8,0.0,0.0
10671,339,709,Undirected,3,0.0,0.0
10672,1226,1093,Undirected,7,0.0,0.0
10673,1816,1257,Undirected,2,0.0,0.0
10674,994,1764,Undirected,1,0.0,0.0
10675,1467,1615,Undirected,1,0.0,0.0
10676,1758,711,Undirected,4,0.0,0.0
10677,1448,506,Undirected,16,0.0,0.0
10678,458,1991,Undirected,3,0.0,0.0
10679,517,975,Undirected,2,0.0,0.0
10680,434,1942,Undirected,1,0.0,0.0
10681,875,925,Undirected,1,0.0,0.0
10682,729,937,Undirected,1,0.0,0.0
10683,1269,31,Undirected,10,0.0,0.0
10684,1640,0,Undirected,4,0.0,0.0
10685,1219,1484,Undirected,71,0.0,0.0
10686,736,910,Undirected,3,0.0,0.0
10687,986,986,Undirected,109,0.0,0.0
10688,1374,703,Undirected,30,0.0,0.0
10689,1984,1827,Undirected,1,0.0,0.0
10690,1156,967,Undirected,1,0.0,0.0
10691,1418,899,Undirected,4,0.0,0.0
10692,1184,1938,Undirected,1,0.0,0.0
10693,476,543,Undirected,2,0.0,0.0
10694,306,306,Undirected,255,0.0,0.0
10695,305,305,Undirected,4,0.0,0.0
10696,1194,1780,Undirected,4,0.0,0.0
10697,1254,1319,Undirected,53,0.0,0.0
10698,275,1141,Undirected,5,0.0,0.0
10699,792,811,Undirected,4,0.0,0.0
10700,1196,1965,Undirected,8,0.0,0.0
10701,1705,269,Undirected,1,0.0,0.0
10702,761,1621,Undirected,1,0.0,0.0
10703,1477,1695,Undirected,3,0.0,0.0
10704,1155,1372,Undirected,6,0.0,0.0
10705,1644,1644,Undirected,73,0.0,0.0
10706,464,1168,Undirected,2,0.0,0.0
10707,841,398,Undirected,7,0.0,0.0
10708,1097,1875,Undirected,1,0.0,0.0
10709,1569,250,Undirected,1,0.0,0.0
10710,1926,1231,Undirected,1,0.0,0.0
10711,1425,7,Undirected,3,0.0,0.0
10712,1141,253,Undirected,3,0.0,0.0
10713,347,1699,Undirected,1,0.0,0.0
10714,1357,1974,Undirected,1,0.0,0.0
10715,608,560,Undirected,1,0.0,0.0
10716,1371,308,Undirected,30,0.0,0.0
10717,538,1555,Undirected,46,0.0,0.0
10718,786,366,Undirected,7,0.0,0.0
10719,1049,1878,Undirected,1,0.0,0.0
10720,1800,1257,Undirected,14,0.0,0.0
10721,632,996,Undirected,9,0.0,0.0
10722,872,1861,Undirected,3,0.0,0.0
10723,1833,719,Undirected,1,0.0,0.0
10724,344,1875,Undirected,1,0.0,0.0
10725,424,625,Undirected,78,0.0,0.0
10726,1992,1030,Undirected,10,0.0,0.0
10727,701,701,Undirected,2,0.0,0.0
10728,281,188,Undirected,1,0.0,0.0
10729,1136,1844,Undirected,2,0.0,0.0
10730,130,901,Undirected,109,0.0,0.0
10731,1355,1436,Undirected,1,0.0,0.0
10732,923,1359,Undirected,2,0.0,0.0
10733,1382,1319,Undirected,1,0.0,0.0
10734,1033,1678,Undirected,1,0.0,0.0
10735,1312,1312,Undirected,14,0.0,0.0
10736,1236,894,Undirected,1,0.0,0.0
10737,269,269,Undirected,188,0.0,0.0
10738,1128,1792,Undirected,1,0.0,0.0
10739,1468,12,Undirected,13,0.0,0.0
10740,1057,266,Undirected,2,0.0,0.0
10741,1281,813,Undirected,3,0.0,0.0
10742,1382,1375,Undirected,10,0.0,0.0
10743,90,877,Undirected,3,0.0,0.0
10744,848,848,Undirected,48,0.0,0.0
10745,787,588,Undirected,3,0.0,0.0
10746,803,559,Undirected,4,0.0,0.0
10747,1299,1029,Undirected,1,0.0,0.0
10748,730,1871,Undirected,4,0.0,0.0
10749,1827,455,Undirected,15,0.0,0.0
10750,625,812,Undirected,28,0.0,0.0
10751,1354,1106,Undirected,1,0.0,0.0
10752,1664,1913,Undirected,27,0.0,0.0
10753,1538,1148,Undirected,1,0.0,0.0
10754,1602,1195,Undirected,241,0.0,0.0
10755,1170,398,Undirected,1,0.0,0.0
10756,932,1364,Undirected,1,0.0,0.0
10757,1432,1595,Undirected,1,0.0,0.0
10758,676,676,Undirected,493,0.0,0.0
10759,235,1541,Undirected,3,0.0,0.0
10760,1992,1873,Undirected,1,0.0,0.0
10761,1529,1195,Undirected,2,0.0,0.0
10762,1209,1178,Undirected,10,0.0,0.0
10763,834,551,Undirected,2,0.0,0.0
10764,443,1693,Undirected,1,0.0,0.0
10765,1848,1499,Undirected,9,0.0,0.0
10766,1584,1947,Undirected,5,0.0,0.0
10767,1553,891,Undirected,1,0.0,0.0
10768,1511,1511,Undirected,321,0.0,0.0
10769,1660,1308,Undirected,2,0.0,0.0
10770,1770,1770,Undirected,52,0.0,0.0
10771,1780,455,Undirected,1,0.0,0.0
10772,1515,1911,Undirected,1,0.0,0.0
10773,459,1774,Undirected,15,0.0,0.0
10774,1120,958,Undirected,1,0.0,0.0
10775,1371,909,Undirected,3,0.0,0.0
10776,1404,1404,Undirected,223,0.0,0.0
10777,1604,909,Undirected,6,0.0,0.0
10778,1873,655,Undirected,1,0.0,0.0
10779,1032,1758,Undirected,24,0.0,0.0
10780,1617,1747,Undirected,1,0.0,0.0
10781,1248,130,Undirected,2,0.0,0.0
10782,1841,1673,Undirected,1,0.0,0.0
10783,1697,1697,Undirected,136,0.0,0.0
10784,1141,719,Undirected,19,0.0,0.0
10785,1462,1775,Undirected,1,0.0,0.0
10786,1169,1242,Undirected,2,0.0,0.0
10787,107,397,Undirected,2,0.0,0.0
10788,1547,1739,Undirected,43,0.0,0.0
10789,378,1455,Undirected,6,0.0,0.0
10790,1456,493,Undirected,2,0.0,0.0
10791,50,1886,Undirected,1,0.0,0.0
10792,1162,1491,Undirected,65,0.0,0.0
10793,1920,842,Undirected,6,0.0,0.0
10794,1893,701,Undirected,5,0.0,0.0
10795,1523,1782,Undirected,1,0.0,0.0
10796,1114,1687,Undirected,3,0.0,0.0
10797,57,1858,Undirected,66,0.0,0.0
10798,1228,1637,Undirected,1,0.0,0.0
10799,872,833,Undirected,1,0.0,0.0
10800,1635,1747,Undirected,14,0.0,0.0
10801,272,1998,Undirected,5,0.0,0.0
10802,1251,567,Undirected,1,0.0,0.0
10803,1056,253,Undirected,1,0.0,0.0
10804,1467,1092,Undirected,10,0.0,0.0
10805,755,1854,Undirected,17,0.0,0.0
10806,158,158,Undirected,4,0.0,0.0
10807,1683,1207,Undirected,18,0.0,0.0
10808,1018,1739,Undirected,5,0.0,0.0
10809,880,880,Undirected,32,0.0,0.0
10810,597,1870,Undirected,1,0.0,0.0
10811,525,1639,Undirected,9,0.0,0.0
10812,369,980,Undirected,3,0.0,0.0
10813,1202,903,Undirected,8,0.0,0.0
10814,226,346,Undirected,3,0.0,0.0
10815,1276,1207,Undirected,7,0.0,0.0
10816,340,1788,Undirected,16,0.0,0.0
10817,1464,1115,Undirected,15,0.0,0.0
10818,235,404,Undirected,4,0.0,0.0
10819,1453,1382,Undirected,1,0.0,0.0
10820,1193,1932,Undirected,1,0.0,0.0
10821,1177,1130,Undirected,4,0.0,0.0
10822,1632,1251,Undirected,1,0.0,0.0
10823,1395,798,Undirected,1,0.0,0.0
10824,1510,1223,Undirected,2,0.0,0.0
10825,1297,1863,Undirected,8,0.0,0.0
10826,1000,1011,Undirected,1,0.0,0.0
10827,792,1777,Undirected,2,0.0,0.0
10828,625,1219,Undirected,25,0.0,0.0
10829,328,1119,Undirected,1,0.0,0.0
10830,1915,990,Undirected,2,0.0,0.0
10831,1268,525,Undirected,1,0.0,0.0
10832,1644,1926,Undirected,3,0.0,0.0
10833,577,702,Undirected,4,0.0,0.0
10834,1283,179,Undirected,1,0.0,0.0
10835,633,633,Undirected,204,0.0,0.0
10836,842,1628,Undirected,5,0.0,0.0
10837,1366,1366,Undirected,114,0.0,0.0
10838,243,243,Undirected,70,0.0,0.0
10839,1124,551,Undirected,2,0.0,0.0
10840,1681,1938,Undirected,7,0.0,0.0
10841,1809,1587,Undirected,7,0.0,0.0
10842,1619,1484,Undirected,1,0.0,0.0
10843,590,903,Undirected,1,0.0,0.0
10844,1290,1375,Undirected,1,0.0,0.0
10845,1940,839,Undirected,1,0.0,0.0
10846,1305,1125,Undirected,1,0.0,0.0
10847,1434,1195,Undirected,185,0.0,0.0
10848,1827,1325,Undirected,6,0.0,0.0
10849,1962,1020,Undirected,4,0.0,0.0
10850,1977,561,Undirected,34,0.0,0.0
10851,210,210,Undirected,54,0.0,0.0
10852,589,589,Undirected,73,0.0,0.0
10853,1268,1343,Undirected,1,0.0,0.0
10854,1857,1595,Undirected,1,0.0,0.0
10855,1410,1068,Undirected,5,0.0,0.0
10856,816,940,Undirected,2,0.0,0.0
10857,760,613,Undirected,1,0.0,0.0
10858,580,1837,Undirected,1,0.0,0.0
10859,1708,1917,Undirected,1,0.0,0.0
10860,1434,1511,Undirected,16,0.0,0.0
10861,1449,618,Undirected,7,0.0,0.0
10862,380,1903,Undirected,1,0.0,0.0
10863,1712,496,Undirected,8,0.0,0.0
10864,1032,814,Undirected,3,0.0,0.0
10865,1432,948,Undirected,1,0.0,0.0
10866,1302,351,Undirected,10,5.707822890302286e-07,0.49109684027603906
10867,1529,1758,Undirected,12,0.0,0.0
10868,1399,1399,Undirected,13,0.0,0.0
10869,21,1535,Undirected,31,0.0,0.0
10870,1136,599,Undirected,1,0.0,0.0
10871,1780,1375,Undirected,91,0.0,0.0
10872,1640,1640,Undirected,6,0.0,0.0
10873,1400,1774,Undirected,2,0.0,0.0
10874,806,806,Undirected,237,0.0,0.0
10875,947,455,Undirected,1,0.0,0.0
10876,1750,1871,Undirected,1,0.0,0.0
10877,625,887,Undirected,2,0.0,0.0
10878,1568,1800,Undirected,1,0.0,0.0
10879,291,1228,Undirected,4,0.0,0.0
10880,912,1861,Undirected,1,0.0,0.0
10881,57,602,Undirected,5,0.0,0.0
10882,1866,1054,Undirected,28,0.0,0.0
10883,865,303,Undirected,3,0.0,0.0
10884,1279,671,Undirected,1,0.0,0.0
10885,1932,191,Undirected,1,0.0,0.0
10886,369,1674,Undirected,1,0.0,0.0
10887,506,587,Undirected,1,0.0,0.0
10888,810,810,Undirected,14,0.0,0.0
10889,859,1847,Undirected,1,0.0,0.0
10890,1784,1649,Undirected,2,0.0,0.0
10891,1116,1862,Undirected,7,0.0,0.0
10892,528,1539,Undirected,30,0.0,0.0
10893,1232,1382,Undirected,1,0.0,0.0
10894,1808,207,Undirected,3,0.0,0.0
10895,1945,1077,Undirected,1,0.0,0.0
10896,1760,1240,Undirected,5,0.0,0.0
10897,68,1702,Undirected,1,0.0,0.0
10898,1834,1316,Undirected,29,0.0,0.0
10899,947,1740,Undirected,67,0.0,0.0
10900,185,461,Undirected,4,0.0,0.0
10901,1696,1873,Undirected,6,0.0,0.0
10902,1932,733,Undirected,1,0.0,0.0
10903,753,682,Undirected,3,0.0,0.0
10904,754,291,Undirected,35,0.0,0.0
10905,1308,1855,Undirected,18,0.0,0.0
10906,728,433,Undirected,4,0.0,0.0
10907,1032,1712,Undirected,69,0.0,0.0
10908,1365,1871,Undirected,15,0.0,0.0
10909,1632,580,Undirected,1,0.0,0.0
10910,858,403,Undirected,1,0.0,0.0
10911,908,678,Undirected,1,0.0,0.0
10912,1003,1295,Undirected,3,0.0,0.0
10913,1404,812,Undirected,4,0.0,0.0
10914,666,1388,Undirected,2,0.0,0.0
10915,1763,1783,Undirected,11,0.0,0.0
10916,1212,1278,Undirected,2,0.0,0.0
10917,1651,1651,Undirected,52,0.0,0.0
10918,1517,1013,Undirected,4,0.0,0.0
10919,799,799,Undirected,184,0.0,0.0
10920,1883,1959,Undirected,7,0.0,0.0
10921,1808,721,Undirected,2,0.0,0.0
10922,1947,766,Undirected,5,0.0,0.0
10923,970,810,Undirected,6,0.0,0.0
10924,1901,1903,Undirected,3,0.0,0.0
10925,1938,1054,Undirected,1,0.0,0.0
10926,969,516,Undirected,2,0.0,0.0
10927,1484,1086,Undirected,21,0.0,0.0
10928,978,1813,Undirected,1,0.0,0.0
10929,1308,85,Undirected,1,0.0,0.0
10930,818,1324,Undirected,16,0.0,0.0
10931,1241,1241,Undirected,9,0.0,0.0
10932,1752,1436,Undirected,1,0.0,0.0
10933,432,85,Undirected,2,0.0,0.0
10934,1945,839,Undirected,2,0.0,0.0
10935,1360,1593,Undirected,1,0.0,0.0
10936,567,711,Undirected,14,0.0,0.0
10937,812,1453,Undirected,2,0.0,0.0
10938,1195,759,Undirected,4,0.0,0.0
10939,790,790,Undirected,30,0.0,0.0
10940,842,1302,Undirected,1,0.0,0.0
10941,1758,759,Undirected,1,0.0,0.0
10942,955,1877,Undirected,2,0.0,0.0
10943,264,1347,Undirected,2,0.0,0.0
10944,1676,1604,Undirected,1,0.0,0.0
10945,1157,566,Undirected,1,0.0,0.0
10946,832,1627,Undirected,1,0.0,0.0
10947,769,983,Undirected,4,0.0,0.0
10948,1801,317,Undirected,9,0.0,0.0
10949,808,589,Undirected,1,2.7120673818532036e-07,0.23334426232928918
10950,1443,1717,Undirected,1,0.0,0.0
10951,1930,837,Undirected,12,0.0,0.0
10952,390,1350,Undirected,2,3.2366030212581093e-07,0.27847491898676624
10953,1640,1555,Undirected,4,0.0,0.0
10954,970,860,Undirected,2,0.0,0.0
10955,1315,1927,Undirected,42,0.0,0.0
10956,1413,1413,Undirected,50,0.0,0.0
10957,1097,1595,Undirected,4,0.0,0.0
10958,818,1548,Undirected,41,0.0,0.0
10959,680,1855,Undirected,3,0.0,0.0
10960,324,1151,Undirected,1,0.0,0.0
10961,304,181,Undirected,1,0.0,0.0
10962,875,875,Undirected,38,0.0,0.0
10963,274,1431,Undirected,9,0.0,0.0
10964,1964,1639,Undirected,7,0.0,0.0
10965,611,829,Undirected,1,0.0,0.0
10966,688,688,Undirected,54,0.0,0.0
10967,1971,700,Undirected,5,0.0,0.0
10968,1097,635,Undirected,1,0.0,0.0
10969,1155,1455,Undirected,12,0.0,0.0
10970,832,1402,Undirected,2,0.0,0.0
10971,859,859,Undirected,5,0.0,0.0
10972,1219,1268,Undirected,1,0.0,0.0
10973,502,1311,Undirected,2,0.0,0.0
10974,1837,1734,Undirected,1,0.0,0.0
10975,320,923,Undirected,3,0.0,0.0
10976,1600,1816,Undirected,3,0.0,0.0
10977,947,1316,Undirected,24,0.0,0.0
10978,1301,1695,Undirected,1,0.0,0.0
10979,1945,1162,Undirected,7,0.0,0.0
10980,1371,1325,Undirected,13,0.0,0.0
10981,651,651,Undirected,13,0.0,0.0
10982,461,823,Undirected,1,0.0,0.0
10983,644,644,Undirected,157,0.0,0.0
10984,1289,574,Undirected,13,0.0,0.0
10985,1042,1727,Undirected,12,0.0,0.0
10986,521,867,Undirected,1,0.0,0.0
10987,356,1941,Undirected,1,0.0,0.0
10988,162,162,Undirected,71,0.0,0.0
10989,1209,1766,Undirected,28,0.0,0.0
10990,753,70,Undirected,9,0.0,0.0
10991,1033,130,Undirected,36,0.0,0.0
10992,1897,1461,Undirected,1,0.0,0.0
10993,1840,605,Undirected,3,0.0,0.0
10994,433,1734,Undirected,1,0.0,0.0
10995,1067,1395,Undirected,1,0.0,0.0
10996,771,1318,Undirected,2,0.0,0.0
10997,1926,1926,Undirected,93,0.0,0.0
10998,1881,1063,Undirected,2,0.0,0.0
10999,435,558,Undirected,1,0.0,0.0
11000,5,1935,Undirected,8,4.294523582705358e-07,0.36949761800437403
11001,56,1973,Undirected,1,0.0,0.0
11002,984,566,Undirected,1,0.0,0.0
11003,1406,1694,Undirected,1,0.0,0.0
11004,899,908,Undirected,2,0.0,0.0
11005,1137,1811,Undirected,36,0.0,0.0
11006,443,661,Undirected,1,0.0,0.0
11007,349,349,Undirected,37,0.0,0.0
11008,1800,1441,Undirected,3,0.0,0.0
11009,676,1375,Undirected,1,0.0,0.0
11010,1570,1538,Undirected,3,0.0,0.0
11011,1913,690,Undirected,1,0.0,0.0
11012,1105,239,Undirected,29,0.0,0.0
11013,1154,1045,Undirected,13,0.0,0.0
11014,409,1297,Undirected,5,0.0,0.0
11015,1033,1167,Undirected,2,0.0,0.0
11016,1185,930,Undirected,7,0.0,0.0
11017,1920,1706,Undirected,9,0.0,0.0
11018,853,1189,Undirected,2,0.0,0.0
11019,658,354,Undirected,1,0.0,0.0
11020,1000,1935,Undirected,4,0.0,0.0
11021,1034,598,Undirected,1,0.0,0.0
11022,973,197,Undirected,13,0.0,0.0
11023,1998,1598,Undirected,3,0.0,0.0
11024,1987,28,Undirected,40,0.0,0.0
11025,396,1356,Undirected,1,0.0,0.0
11026,944,1366,Undirected,23,0.0,0.0
11027,821,1990,Undirected,1,0.0,0.0
11028,1462,1855,Undirected,2,0.0,0.0
11029,580,1079,Undirected,54,0.0,0.0
11030,1372,1973,Undirected,3,0.0,0.0
11031,1971,695,Undirected,2,0.0,0.0
11032,1928,1375,Undirected,19,0.0,0.0
11033,185,1782,Undirected,96,0.0,0.0
11034,1925,663,Undirected,1,0.0,0.0
11035,181,181,Undirected,22,0.0,0.0
11036,1929,1903,Undirected,1,0.0,0.0
11037,536,1249,Undirected,2,0.0,0.0
11038,80,1970,Undirected,10,0.0,0.0
11039,226,1543,Undirected,2,0.0,0.0
11040,994,285,Undirected,1,0.0,0.0
11041,802,1267,Undirected,12,0.0,0.0
11042,1672,1210,Undirected,1,0.0,0.0
11043,1384,1427,Undirected,7,0.0,0.0
11044,1777,1777,Undirected,197,0.0,0.0
11045,1498,1924,Undirected,2,0.0,0.0
11046,1669,710,Undirected,1,0.0,0.0
11047,1155,1503,Undirected,23,0.0,0.0
11048,1160,1380,Undirected,6,0.0,0.0
11049,1371,1195,Undirected,6,0.0,0.0
11050,556,1687,Undirected,1,0.0,0.0
11051,737,1563,Undirected,4,0.0,0.0
11052,1531,967,Undirected,1,0.0,0.0
11053,1110,943,Undirected,5,0.0,0.0
11054,1372,911,Undirected,1,0.0,0.0
11055,1360,1360,Undirected,63,0.0,0.0
11056,1261,1207,Undirected,1,0.0,0.0
11057,1876,102,Undirected,12,0.0,0.0
11058,233,409,Undirected,1,0.0,0.0
11059,1505,1679,Undirected,1,0.0,0.0
11060,1347,1347,Undirected,14,0.0,0.0
11061,1648,1437,Undirected,2,0.0,0.0
11062,1097,1855,Undirected,3,0.0,0.0
11063,377,414,Undirected,2,0.0,0.0
11064,980,1511,Undirected,2,0.0,0.0
11065,1568,729,Undirected,5,0.0,0.0
11066,568,1606,Undirected,13,0.0,0.0
11067,833,1683,Undirected,1,0.0,0.0
11068,1211,1751,Undirected,2,0.0,0.0
11069,1554,1554,Undirected,43,0.0,0.0
11070,1146,1343,Undirected,1,0.0,0.0
11071,1188,1188,Undirected,19,0.0,0.0
11072,720,1933,Undirected,34,0.0,0.0
11073,472,538,Undirected,59,0.0,0.0
11074,1884,175,Undirected,3,0.0,0.0
11075,1972,1660,Undirected,1,0.0,0.0
11076,1756,1509,Undirected,84,0.0,0.0
11077,1482,1892,Undirected,1,0.0,0.0
11078,496,1319,Undirected,4,0.0,0.0
11079,1755,822,Undirected,2,0.0,0.0
11080,1325,1455,Undirected,2,0.0,0.0
11081,1348,1005,Undirected,1,0.0,0.0
11082,281,1886,Undirected,1,0.0,0.0
11083,1250,191,Undirected,1,0.0,0.0
11084,1641,729,Undirected,1,0.0,0.0
11085,625,995,Undirected,229,0.0,0.0
11086,889,893,Undirected,1,0.0,0.0
11087,1529,812,Undirected,4,0.0,0.0
11088,1092,558,Undirected,3,0.0,0.0
11089,0,1292,Undirected,2,0.0,0.0
11090,410,1162,Undirected,3,0.0,0.0
11091,1114,1868,Undirected,18,0.0,0.0
11092,765,518,Undirected,10,0.0,0.0
11093,978,1427,Undirected,10,0.0,0.0
11094,1632,1448,Undirected,2,0.0,0.0
11095,1345,1842,Undirected,10,0.0,0.0
11096,213,1862,Undirected,8,0.0,0.0
11097,466,1714,Undirected,6,0.0,0.0
11098,1732,85,Undirected,5,0.0,0.0
11099,1745,1765,Undirected,22,0.0,0.0
11100,1451,998,Undirected,6,0.0,0.0
11101,1248,1382,Undirected,2,0.0,0.0
11102,1543,1543,Undirected,154,0.0,0.0
11103,125,125,Undirected,182,0.0,0.0
11104,778,778,Undirected,26,0.0,0.0
11105,1945,1009,Undirected,7,0.0,0.0
11106,1273,391,Undirected,1,0.0,0.0
11107,412,412,Undirected,28,0.0,0.0
11108,1803,1646,Undirected,1,0.0,0.0
11109,457,599,Undirected,2,0.0,0.0
11110,1511,887,Undirected,5,0.0,0.0
11111,1646,1646,Undirected,59,0.0,0.0
11112,622,887,Undirected,1,0.0,0.0
11113,210,563,Undirected,1,0.0,0.0
11114,1185,1095,Undirected,3,0.0,0.0
11115,176,1945,Undirected,1,0.0,0.0
11116,853,1551,Undirected,52,0.0,0.0
11117,1641,1162,Undirected,211,0.0,0.0
11118,769,213,Undirected,1,0.0,0.0
11119,1035,1606,Undirected,1,0.0,0.0
11120,5,1590,Undirected,10,0.0,0.0
11121,1056,550,Undirected,11,0.0,0.0
11122,805,805,Undirected,21,0.0,0.0
11123,1908,1190,Undirected,8,0.0,0.0
11124,1444,1079,Undirected,1,0.0,0.0
11125,1096,1366,Undirected,2,0.0,0.0
11126,770,975,Undirected,2,0.0,0.0
11127,1756,1319,Undirected,2,0.0,0.0
11128,1679,1919,Undirected,1,0.0,0.0
11129,336,643,Undirected,2,0.0,0.0
11130,1882,396,Undirected,1,0.0,0.0
11131,913,1203,Undirected,6,0.0,0.0
11132,1619,1619,Undirected,81,0.0,0.0
11133,1612,1246,Undirected,2,0.0,0.0
11134,1163,1652,Undirected,1,0.0,0.0
11135,1033,1149,Undirected,2,0.0,0.0
11136,1547,1837,Undirected,17,0.0,0.0
11137,940,1383,Undirected,24,0.0,0.0
11138,899,899,Undirected,44,0.0,0.0
11139,400,118,Undirected,30,0.0,0.0
11140,906,582,Undirected,5,0.0,0.0
11141,842,635,Undirected,2,0.0,0.0
11142,1603,1603,Undirected,71,0.0,0.0
11143,1636,989,Undirected,2,0.0,0.0
11144,352,352,Undirected,3,0.0,0.0
11145,1033,1382,Undirected,6,0.0,0.0
11146,336,1568,Undirected,3,0.0,0.0
11147,171,1270,Undirected,9,0.0,0.0
11148,1356,622,Undirected,2,0.0,0.0
11149,1756,980,Undirected,1,0.0,0.0
11150,1938,1375,Undirected,206,0.0,0.0
11151,1465,1259,Undirected,9,0.0,0.0
11152,1951,1951,Undirected,68,0.0,0.0
11153,1521,708,Undirected,15,0.0,0.0
11154,1276,1350,Undirected,1,0.0,0.0
11155,738,1030,Undirected,58,0.0,0.0
11156,1936,48,Undirected,2,0.0,0.0
11157,1425,1350,Undirected,3,0.0,0.0
11158,1498,1346,Undirected,12,0.0,0.0
11159,1236,717,Undirected,1,0.0,0.0
11160,1693,1495,Undirected,1,0.0,0.0
11161,108,454,Undirected,1,0.0,0.0
11162,1504,1641,Undirected,1,0.0,0.0
11163,472,1618,Undirected,5,0.0,0.0
11164,1236,516,Undirected,2,0.0,0.0
11165,1776,589,Undirected,6,0.0,0.0
11166,280,1466,Undirected,5,0.0,0.0
11167,1978,1994,Undirected,3,0.0,0.0
11168,1297,1332,Undirected,4,0.0,0.0
11169,1913,331,Undirected,26,0.0,0.0
11170,1153,1357,Undirected,1,0.0,0.0
11171,1418,517,Undirected,7,0.0,0.0
11172,1484,1581,Undirected,4,0.0,0.0
11173,544,544,Undirected,38,0.0,0.0
11174,1848,1848,Undirected,232,0.0,0.0
11175,200,1390,Undirected,3,0.0,0.0
11176,1189,887,Undirected,3,0.0,0.0
11177,0,1685,Undirected,1,0.0,0.0
11178,1632,882,Undirected,1,0.0,0.0
11179,1584,1448,Undirected,19,0.0,0.0
11180,893,1550,Undirected,3,0.0,0.0
11181,1795,620,Undirected,5,0.0,0.0
11182,608,1637,Undirected,1,0.0,0.0
11183,1401,1535,Undirected,4,0.0,0.0
11184,1032,1547,Undirected,2,0.0,0.0
11185,115,628,Undirected,4,0.0,0.0
11186,1123,1847,Undirected,1,0.0,0.0
11187,104,1482,Undirected,1,0.0,0.0
11188,1060,903,Undirected,6,0.0,0.0
11189,1305,1679,Undirected,1,0.0,0.0
11190,1827,308,Undirected,3,0.0,0.0
11191,1883,853,Undirected,7,0.0,0.0
11192,506,1813,Undirected,1,0.0,0.0
11193,1254,710,Undirected,6,0.0,0.0
11194,585,499,Undirected,3,0.0,0.0
11195,424,887,Undirected,3,0.0,0.0
11196,1056,1495,Undirected,29,0.0,0.0
11197,1322,1322,Undirected,113,0.0,0.0
11198,424,979,Undirected,3,0.0,0.0
11199,764,1141,Undirected,5,0.0,0.0
11200,1304,431,Undirected,5,0.0,0.0
11201,1840,1204,Undirected,9,0.0,0.0
11202,1328,405,Undirected,50,0.0,0.0
11203,1740,764,Undirected,69,0.0,0.0
11204,1602,887,Undirected,2,0.0,0.0
11205,1259,588,Undirected,1,0.0,0.0
11206,1777,1949,Undirected,8,0.0,0.0
11207,1416,1157,Undirected,1,0.0,0.0
11208,978,850,Undirected,8,0.0,0.0
11209,551,319,Undirected,3,0.0,0.0
11210,1114,494,Undirected,1,0.0,0.0
11211,1484,1756,Undirected,1,0.0,0.0
11212,1004,886,Undirected,1,0.0,0.0
11213,1584,1587,Undirected,1,0.0,0.0
11214,1106,1598,Undirected,16,0.0,0.0
11215,1833,388,Undirected,3,0.0,0.0
11216,1448,1402,Undirected,5,0.0,0.0
11217,1400,195,Undirected,94,0.0,0.0
11218,1171,453,Undirected,7,0.0,0.0
11219,1932,1605,Undirected,1,0.0,0.0
11220,1672,1695,Undirected,3,0.0,0.0
11221,690,1046,Undirected,1,0.0,0.0
11222,1260,357,Undirected,7,0.0,0.0
11223,1641,1734,Undirected,5,0.0,0.0
11224,1529,1529,Undirected,185,0.0,0.0
11225,1490,1444,Undirected,1,0.0,0.0
11226,1257,1125,Undirected,6,0.0,0.0
11227,1835,1835,Undirected,26,0.0,0.0
11228,89,1529,Undirected,6,0.0,0.0
11229,949,118,Undirected,10,0.0,0.0
11230,1937,1046,Undirected,7,0.0,0.0
11231,1056,481,Undirected,30,0.0,0.0
11232,738,198,Undirected,1,0.0,0.0
11233,19,19,Undirected,143,0.0,0.0
11234,1434,1404,Undirected,33,0.0,0.0
11235,1233,852,Undirected,1,0.0,0.0
11236,416,491,Undirected,1,0.0,0.0
11237,1082,1725,Undirected,1,0.0,0.0
11238,1395,1046,Undirected,1,0.0,0.0
11239,183,183,Undirected,18,0.0,0.0
11240,1852,1366,Undirected,2,0.0,0.0
11241,1632,612,Undirected,1,0.0,0.0
11242,1881,1356,Undirected,1,0.0,0.0
11243,1432,1348,Undirected,2,0.0,0.0
11244,850,1597,Undirected,2,0.0,0.0
11245,1632,813,Undirected,1,0.0,0.0
11246,1507,1502,Undirected,1,0.0,0.0
11247,516,1869,Undirected,1,0.0,0.0
11248,1989,1902,Undirected,3,0.0,0.0
11249,708,708,Undirected,194,0.0,0.0
11250,441,1716,Undirected,2,0.0,0.0
11251,424,1763,Undirected,46,0.0,0.0
11252,880,519,Undirected,1,0.0,0.0
11253,741,1110,Undirected,6,0.0,0.0
11254,1496,1484,Undirected,1,0.0,0.0
11255,1120,1909,Undirected,18,0.0,0.0
11256,1248,1827,Undirected,44,0.0,0.0
11257,1628,1308,Undirected,1,0.0,0.0
11258,1881,1491,Undirected,2,0.0,0.0
11259,598,1159,Undirected,1,0.0,0.0
11260,1705,1183,Undirected,6,4.6926939799559803e-07,0.40375590312276183
11261,235,235,Undirected,181,0.0,0.0
11262,1148,1476,Undirected,2,0.0,0.0
11263,1745,1745,Undirected,80,0.0,0.0
11264,930,1948,Undirected,38,0.0,0.0
11265,1787,20,Undirected,1,0.0,0.0
11266,128,1316,Undirected,9,0.0,0.0
11267,1848,813,Undirected,2,0.0,0.0
11268,947,1973,Undirected,4,0.0,0.0
11269,1387,1387,Undirected,1,0.0,0.0
11270,336,1504,Undirected,2,0.0,0.0
11271,1484,1837,Undirected,97,0.0,0.0
11272,292,1591,Undirected,36,0.0,0.0
11273,411,1055,Undirected,4,0.0,0.0
11274,410,1435,Undirected,20,0.0,0.0
11275,60,702,Undirected,1,0.0,0.0
11276,1289,414,Undirected,4,0.0,0.0
11277,1744,1752,Undirected,1,0.0,0.0
11278,1587,710,Undirected,3,0.0,0.0
11279,1083,949,Undirected,4,2.903075671561103e-07,0.24977847364678712
11280,1563,822,Undirected,2,0.0,0.0
11281,290,1771,Undirected,1,0.0,0.0
11282,1685,1710,Undirected,1,0.0,0.0
11283,56,1509,Undirected,3,0.0,0.0
11284,1700,1079,Undirected,43,0.0,0.0
11285,1659,76,Undirected,74,0.0,0.0
11286,449,83,Undirected,1,0.0,0.0
11287,1948,1174,Undirected,1,0.0,0.0
11288,1320,1644,Undirected,3,0.0,0.0
11289,802,879,Undirected,1,0.0,0.0
11290,1650,1650,Undirected,62,0.0,0.0
11291,399,1983,Undirected,5,0.0,0.0
11292,1697,731,Undirected,6,0.0,0.0
11293,787,884,Undirected,4,0.0,0.0
11294,1185,1101,Undirected,21,0.0,0.0
11295,408,250,Undirected,1,0.0,0.0
11296,625,1078,Undirected,7,0.0,0.0
11297,1219,1581,Undirected,19,0.0,0.0
11298,1833,733,Undirected,3,0.0,0.0
11299,1798,151,Undirected,5,0.0,0.0
11300,1498,341,Undirected,14,0.0,0.0
11301,720,11,Undirected,4,0.0,0.0
11302,1184,1382,Undirected,2,0.0,0.0
11303,1938,1155,Undirected,12,0.0,0.0
11304,1675,147,Undirected,3,0.0,0.0
11305,1600,1919,Undirected,1,0.0,0.0
11306,1581,1581,Undirected,64,0.0,0.0
11307,1816,804,Undirected,1,0.0,0.0
11308,1775,1855,Undirected,1,0.0,0.0
11309,723,1102,Undirected,2,0.0,0.0
11310,1283,1111,Undirected,1,0.0,0.0
11311,896,765,Undirected,12,0.0,0.0
11312,1785,1902,Undirected,1,0.0,0.0
11313,1739,163,Undirected,3,0.0,0.0
11314,480,1365,Undirected,2,0.0,0.0
11315,640,430,Undirected,1,0.0,0.0
11316,1553,183,Undirected,1,0.0,0.0
11317,1598,671,Undirected,1,0.0,0.0
11318,433,1375,Undirected,6,0.0,0.0
11319,269,693,Undirected,1,0.0,0.0
11320,1696,289,Undirected,1,0.0,0.0
11321,1273,562,Undirected,3,0.0,0.0
11322,490,1862,Undirected,1,0.0,0.0
11323,944,1578,Undirected,2,0.0,0.0
11324,1953,41,Undirected,1,0.0,0.0
11325,1549,230,Undirected,1,0.0,0.0
11326,38,38,Undirected,17,0.0,0.0
11327,1988,1070,Undirected,2,0.0,0.0
11328,250,310,Undirected,3,0.0,0.0
11329,1118,398,Undirected,1,0.0,0.0
11330,856,1721,Undirected,28,0.0,0.0
11331,1555,820,Undirected,20,0.0,0.0
11332,226,94,Undirected,1,0.0,0.0
11333,784,1618,Undirected,1,0.0,0.0
11334,536,563,Undirected,1,0.0,0.0
11335,1680,734,Undirected,1,0.0,0.0
11336,917,774,Undirected,1,0.0,0.0
11337,1289,1725,Undirected,1,0.0,0.0
11338,378,995,Undirected,9,0.0,0.0
11339,1195,1783,Undirected,45,0.0,0.0
11340,1484,780,Undirected,4,0.0,0.0
11341,1258,287,Undirected,1,0.0,0.0
11342,1808,438,Undirected,7,0.0,0.0
11343,1738,571,Undirected,5,0.0,0.0
11344,290,1045,Undirected,21,0.0,0.0
11345,467,1164,Undirected,1,0.0,0.0
11346,566,1134,Undirected,3,0.0,0.0
11347,411,1140,Undirected,6,0.0,0.0
11348,984,85,Undirected,9,0.0,0.0
11349,1833,1079,Undirected,1,0.0,0.0
11350,1547,271,Undirected,1,0.0,0.0
11351,656,1441,Undirected,1,0.0,0.0
11352,1562,439,Undirected,7,0.0,0.0
11353,825,1429,Undirected,3,0.0,0.0
11354,1734,1375,Undirected,32,0.0,0.0
11355,433,567,Undirected,5,0.0,0.0
11356,979,211,Undirected,73,0.0,0.0
11357,840,1379,Undirected,11,0.0,0.0
11358,45,462,Undirected,20,0.0,0.0
11359,1546,1151,Undirected,1,0.0,0.0
11360,1995,646,Undirected,2,0.0,0.0
11361,1774,494,Undirected,1,0.0,0.0
11362,1587,1491,Undirected,16,0.0,0.0
11363,1587,772,Undirected,5,0.0,0.0
11364,1544,1412,Undirected,1,0.0,0.0
11365,1355,373,Undirected,1,0.0,0.0
11366,703,1479,Undirected,9,0.0,0.0
11367,576,1616,Undirected,1,0.0,0.0
11368,1093,990,Undirected,1,0.0,0.0
11369,794,299,Undirected,1,0.0,0.0
11370,760,141,Undirected,2,0.0,0.0
11371,1233,1348,Undirected,5,0.0,0.0
11372,1026,564,Undirected,5,0.0,0.0
11373,1539,740,Undirected,1,0.0,0.0
11374,536,420,Undirected,2,0.0,0.0
11375,201,591,Undirected,2,0.0,0.0
11376,1600,1009,Undirected,1,0.0,0.0
11377,304,1657,Undirected,2,0.0,0.0
11378,576,1806,Undirected,27,0.0,0.0
11379,537,537,Undirected,49,0.0,0.0
11380,1089,1806,Undirected,30,0.0,0.0
11381,1738,447,Undirected,1,0.0,0.0
11382,808,1038,Undirected,1,0.0,0.0
11383,1139,292,Undirected,2,0.0,0.0
11384,1849,860,Undirected,1,0.0,0.0
11385,1504,1568,Undirected,4,0.0,0.0
11386,1448,880,Undirected,1,0.0,0.0
11387,834,1983,Undirected,3,0.0,0.0
11388,720,183,Undirected,2,0.0,0.0
11389,1648,1978,Undirected,3,0.0,0.0
11390,162,141,Undirected,3,0.0,0.0
11391,1697,869,Undirected,10,0.0,0.0
11392,928,470,Undirected,1,0.0,0.0
11393,281,1941,Undirected,6,0.0,0.0
11394,1137,1948,Undirected,2,0.0,0.0
11395,496,496,Undirected,907,0.0,0.0
11396,1944,1983,Undirected,1,0.0,0.0
11397,852,1702,Undirected,1,0.0,0.0
11398,819,759,Undirected,1,0.0,0.0
11399,1816,1816,Undirected,15,0.0,0.0
11400,1880,1430,Undirected,24,0.0,0.0
11401,496,369,Undirected,15,0.0,0.0
11402,456,1102,Undirected,1,0.0,0.0
11403,1803,1823,Undirected,1,0.0,0.0
11404,1824,1837,Undirected,14,0.0,0.0
11405,794,1900,Undirected,1,0.0,0.0
11406,1240,1856,Undirected,36,0.0,0.0
11407,80,666,Undirected,2,0.0,0.0
11408,760,1276,Undirected,3,0.0,0.0
11409,1384,1597,Undirected,3,0.0,0.0
11410,1740,1783,Undirected,10,0.0,0.0
11411,478,191,Undirected,1,0.0,0.0
11412,793,793,Undirected,44,0.0,0.0
11413,840,374,Undirected,4,0.0,0.0
11414,765,1030,Undirected,4,0.0,0.0
11415,1641,819,Undirected,1,0.0,0.0
11416,1256,486,Undirected,1,0.0,0.0
11417,1900,814,Undirected,3,0.0,0.0
11418,403,403,Undirected,15,0.0,0.0
11419,1547,1219,Undirected,12,0.0,0.0
11420,984,1855,Undirected,2,0.0,0.0
11421,784,69,Undirected,6,0.0,0.0
11422,1604,1879,Undirected,2,0.0,0.0
11423,896,1654,Undirected,4,0.0,0.0
11424,1296,1884,Undirected,1,0.0,0.0
11425,1866,1555,Undirected,9,0.0,0.0
11426,1290,1290,Undirected,13,0.0,0.0
11427,1680,75,Undirected,3,0.0,0.0
11428,1373,245,Undirected,5,0.0,0.0
11429,789,895,Undirected,1,0.0,0.0
11430,1763,1375,Undirected,98,0.0,0.0
11431,877,877,Undirected,45,0.0,0.0
11432,1833,454,Undirected,12,0.0,0.0
11433,744,744,Undirected,28,0.0,0.0
11434,1192,25,Undirected,4,0.0,0.0
11435,1042,1267,Undirected,4,0.0,0.0
11436,698,698,Undirected,52,0.0,0.0
11437,819,710,Undirected,3,0.0,0.0
11438,9,1659,Undirected,2,0.0,0.0
11439,993,199,Undirected,1,0.0,0.0
11440,458,1211,Undirected,16,0.0,0.0
11441,1714,1419,Undirected,3,0.0,0.0
11442,1779,965,Undirected,2,0.0,0.0
11443,133,133,Undirected,272,0.0,0.0
11444,994,1893,Undirected,1,0.0,0.0
11445,0,1382,Undirected,114,0.0,0.0
11446,458,458,Undirected,57,0.0,0.0
11447,1129,981,Undirected,1,0.0,0.0
11448,1317,1317,Undirected,36,0.0,0.0
11449,1404,308,Undirected,1,0.0,0.0
11450,1348,1308,Undirected,3,0.0,0.0
11451,33,485,Undirected,8,0.0,0.0
11452,443,1357,Undirected,1,0.0,0.0
11453,1089,1925,Undirected,2,0.0,0.0
11454,835,1174,Undirected,2,0.0,0.0
11455,1120,266,Undirected,1,0.0,0.0
11456,913,1998,Undirected,2,0.0,0.0
11457,896,689,Undirected,9,0.0,0.0
11458,654,654,Undirected,18,0.0,0.0
11459,1155,1783,Undirected,68,0.0,0.0
11460,1852,1310,Undirected,1,0.0,0.0
11461,1804,1375,Undirected,7,0.0,0.0
11462,255,255,Undirected,6,0.0,0.0
11463,1016,409,Undirected,3,0.0,0.0
11464,1108,1108,Undirected,40,0.0,0.0
11465,1009,1444,Undirected,1,0.0,0.0
11466,1184,1827,Undirected,2,0.0,0.0
11467,1484,1740,Undirected,3,0.0,0.0
11468,1720,1987,Undirected,13,0.0,0.0
11469,1854,1854,Undirected,32,0.0,0.0
11470,1202,228,Undirected,9,0.0,0.0
11471,1161,725,Undirected,5,0.0,0.0
11472,704,704,Undirected,46,0.0,0.0
11473,394,1362,Undirected,4,0.0,0.0
11474,1756,1316,Undirected,36,0.0,0.0
11475,1217,115,Undirected,1,0.0,0.0
11476,1824,1511,Undirected,1,0.0,0.0
11477,472,1596,Undirected,4,0.0,0.0
11478,804,605,Undirected,8,0.0,0.0
11479,435,1525,Undirected,1,0.0,0.0
11480,468,1919,Undirected,1,0.0,0.0
11481,984,776,Undirected,3,0.0,0.0
11482,1681,1195,Undirected,65,0.0,0.0
11483,1477,1806,Undirected,2,0.0,0.0
11484,1042,1646,Undirected,2,0.0,0.0
11485,1306,589,Undirected,26,0.0,0.0
11486,243,1531,Undirected,2,0.0,0.0
11487,1555,1382,Undirected,44,0.0,0.0
11488,749,1879,Undirected,5,0.0,0.0
11489,1947,1639,Undirected,5,0.0,0.0
11490,643,1781,Undirected,5,0.0,0.0
11491,1259,1670,Undirected,1,0.0,0.0
11492,818,1652,Undirected,2,0.0,0.0
11493,1572,1572,Undirected,8,0.0,0.0
11494,1072,1948,Undirected,5,0.0,0.0
11495,1969,1607,Undirected,1,0.0,0.0
11496,1969,1325,Undirected,31,0.0,0.0
11497,1257,459,Undirected,20,0.0,0.0
11498,289,1314,Undirected,2,0.0,0.0
11499,369,814,Undirected,4,0.0,0.0
11500,1204,804,Undirected,4,0.0,0.0
11501,1584,195,Undirected,7,0.0,0.0
11502,681,940,Undirected,1,0.0,0.0
11503,1777,924,Undirected,1,0.0,0.0
11504,1824,1602,Undirected,89,0.0,0.0
11505,1960,611,Undirected,2,0.0,0.0
11506,1834,887,Undirected,2,0.0,0.0
11507,432,1598,Undirected,2,0.0,0.0
11508,129,1228,Undirected,3,0.0,0.0
11509,262,30,Undirected,1,0.0,0.0
11510,22,1479,Undirected,1,0.0,0.0
11511,0,1626,Undirected,1,0.0,0.0
11512,1816,1868,Undirected,2,0.0,0.0
11513,58,58,Undirected,28,0.0,0.0
11514,1992,1977,Undirected,4,0.0,0.0
11515,1376,783,Undirected,58,0.0,0.0
11516,1938,1219,Undirected,30,0.0,0.0
11517,1179,1975,Undirected,2,0.0,0.0
11518,216,1867,Undirected,6,0.0,0.0
11519,1421,543,Undirected,26,0.0,0.0
11520,325,462,Undirected,6,0.0,0.0
11521,1377,1740,Undirected,2,0.0,0.0
11522,504,504,Undirected,43,0.0,0.0
11523,1698,1484,Undirected,2,0.0,0.0
11524,1666,399,Undirected,3,0.0,0.0
11525,1730,460,Undirected,21,0.0,0.0
11526,1593,1983,Undirected,4,0.0,0.0
11527,1155,1838,Undirected,4,0.0,0.0
11528,1795,1795,Undirected,294,0.0,0.0
11529,1871,1199,Undirected,90,0.0,0.0
11530,1725,671,Undirected,3,0.0,0.0
11531,819,772,Undirected,13,0.0,0.0
11532,923,1615,Undirected,6,0.0,0.0
11533,1992,1907,Undirected,10,0.0,0.0
11534,666,1535,Undirected,21,0.0,0.0
11535,1201,554,Undirected,1,0.0,0.0
11536,1988,1326,Undirected,1,0.0,0.0
11537,422,198,Undirected,1,0.0,0.0
11538,1838,1375,Undirected,25,0.0,0.0
11539,1296,1594,Undirected,1,0.0,0.0
11540,1724,1036,Undirected,4,0.0,0.0
11541,1809,1995,Undirected,14,0.0,0.0
11542,1568,1806,Undirected,3,0.0,0.0
11543,1778,686,Undirected,3,0.0,0.0
11544,194,1331,Undirected,29,0.0,0.0
11545,110,1478,Undirected,2,0.0,0.0
11546,1904,173,Undirected,1,0.0,0.0
11547,1738,1412,Undirected,3,0.0,0.0
11548,1137,930,Undirected,11,0.0,0.0
11549,1425,1394,Undirected,7,0.0,0.0
11550,1116,407,Undirected,1,0.0,0.0
11551,1147,1398,Undirected,2,0.0,0.0
11552,1640,1879,Undirected,1,0.0,0.0
11553,1265,1126,Undirected,1,0.0,0.0
11554,1904,321,Undirected,2,0.0,0.0
11555,1573,1549,Undirected,2,0.0,0.0
11556,836,1661,Undirected,4,0.0,0.0
11557,6,6,Undirected,73,0.0,0.0
11558,1592,1391,Undirected,1,0.0,0.0
11559,1641,1646,Undirected,1,0.0,0.0
11560,329,1781,Undirected,2,0.0,0.0
11561,547,1235,Undirected,5,0.0,0.0
11562,1330,1639,Undirected,2,0.0,0.0
11563,400,198,Undirected,24,0.0,0.0
11564,1554,1518,Undirected,3,0.0,0.0
11565,1850,27,Undirected,4,0.0,0.0
11566,195,1079,Undirected,1,0.0,0.0
11567,1635,860,Undirected,6,0.0,0.0
11568,450,1364,Undirected,2,0.0,0.0
11569,1602,1602,Undirected,413,0.0,0.0
11570,1499,1783,Undirected,4,0.0,0.0
11571,761,1539,Undirected,1,0.0,0.0
11572,1248,1286,Undirected,1,0.0,0.0
11573,1675,1695,Undirected,26,0.0,0.0
11574,68,822,Undirected,2,0.0,0.0
11575,574,1702,Undirected,14,0.0,0.0
11576,1451,700,Undirected,2,0.0,0.0
11577,1497,941,Undirected,10,0.0,0.0
11578,1709,446,Undirected,6,0.0,0.0
11579,434,434,Undirected,9,0.0,0.0
11580,1331,151,Undirected,202,0.0,0.0
11581,835,1875,Undirected,16,0.0,0.0
11582,1219,612,Undirected,1,0.0,0.0
11583,1841,1628,Undirected,6,0.0,0.0
11584,108,1806,Undirected,1,0.0,0.0
11585,1810,602,Undirected,5,0.0,0.0
11586,898,495,Undirected,1,0.0,0.0
11587,955,1703,Undirected,1,0.0,0.0
11588,850,1803,Undirected,2,0.0,0.0
11589,1115,1031,Undirected,7,0.0,0.0
11590,856,1027,Undirected,3,0.0,0.0
11591,1706,460,Undirected,1,0.0,0.0
11592,1875,68,Undirected,1,0.0,0.0
11593,106,1766,Undirected,87,2.8881107798269114e-07,0.24849090548166045
11594,1649,1004,Undirected,37,0.0,0.0
11595,801,566,Undirected,17,0.0,0.0
11596,1716,492,Undirected,1,0.0,0.0
11597,258,1599,Undirected,2,0.0,0.0
11598,600,998,Undirected,4,0.0,0.0
11599,1848,1325,Undirected,10,0.0,0.0
11600,1529,1974,Undirected,11,0.0,0.0
11601,1883,1739,Undirected,36,0.0,0.0
11602,1077,1854,Undirected,1,0.0,0.0
11603,1816,1857,Undirected,1,0.0,0.0
11604,1498,1563,Undirected,8,0.0,0.0
11605,984,1488,Undirected,1,0.0,0.0
11606,1280,1191,Undirected,8,0.0,0.0
11607,1605,1855,Undirected,18,0.0,0.0
11608,1041,710,Undirected,1,0.0,0.0
11609,945,68,Undirected,2,0.0,0.0
11610,176,1995,Undirected,1,0.0,0.0
11611,1818,1909,Undirected,4,0.0,0.0
11612,1879,1079,Undirected,4,0.0,0.0
11613,1370,47,Undirected,1,0.0,0.0
11614,414,414,Undirected,128,0.0,0.0
11615,1720,128,Undirected,3,0.0,0.0
11616,1905,1025,Undirected,1,0.0,0.0
11617,682,682,Undirected,84,0.0,0.0
11618,1932,1926,Undirected,2,0.0,0.0
11619,1250,1510,Undirected,12,0.0,0.0
11620,1410,1355,Undirected,5,0.0,0.0
11621,457,1271,Undirected,2,0.0,0.0
11622,612,1551,Undirected,2,0.0,0.0
11623,711,759,Undirected,1,0.0,0.0
11624,754,1863,Undirected,1,0.0,0.0
11625,1674,1980,Undirected,11,0.0,0.0
11626,1466,347,Undirected,1,0.0,0.0
11627,1139,1933,Undirected,1,0.0,0.0
11628,1225,563,Undirected,2,0.0,0.0
11629,710,1774,Undirected,21,0.0,0.0
11630,979,1684,Undirected,1,0.0,0.0
11631,1130,862,Undirected,2,0.0,0.0
11632,1428,974,Undirected,1,0.0,0.0
11633,281,1350,Undirected,12,0.0,0.0
11634,1498,1743,Undirected,46,3.797416177594375e-07,0.3267268662449592
11635,29,29,Undirected,61,0.0,0.0
11636,875,31,Undirected,1,0.0,0.0
11637,1761,476,Undirected,1,0.0,0.0
11638,1824,728,Undirected,1,0.0,0.0
11639,475,1278,Undirected,4,0.0,0.0
11640,640,417,Undirected,5,0.0,0.0
11641,1114,556,Undirected,3,0.0,0.0
11642,1665,1412,Undirected,5,0.0,0.0
11643,889,889,Undirected,57,0.0,0.0
11644,309,1855,Undirected,1,0.0,0.0
11645,784,876,Undirected,10,0.0,0.0
11646,1219,1980,Undirected,2,0.0,0.0
11647,81,1020,Undirected,3,0.0,0.0
11648,1828,711,Undirected,5,0.0,0.0
11649,1611,229,Undirected,9,0.0,0.0
11650,1504,1218,Undirected,1,0.0,0.0
11651,816,1137,Undirected,5,0.0,0.0
11652,356,1886,Undirected,6,0.0,0.0
11653,619,1607,Undirected,1,0.0,0.0
11654,1307,1019,Undirected,1,0.0,0.0
11655,816,1777,Undirected,20,0.0,0.0
11656,1498,295,Undirected,108,0.0,0.0
11657,1577,1764,Undirected,1,0.0,0.0
11658,485,991,Undirected,7,0.0,0.0
11659,1755,574,Undirected,1,0.0,0.0
11660,305,978,Undirected,1,0.0,0.0
11661,698,1491,Undirected,20,0.0,0.0
11662,1846,902,Undirected,1,0.0,0.0
11663,490,1549,Undirected,4,0.0,0.0
11664,1850,1494,Undirected,1,0.0,0.0
11665,1655,1439,Undirected,2,0.0,0.0
11666,489,251,Undirected,3,0.0,0.0
11667,300,300,Undirected,57,0.0,0.0
11668,1486,1327,Undirected,1,0.0,0.0
11669,648,1746,Undirected,3,0.0,0.0
11670,1034,1605,Undirected,3,0.0,0.0
11671,582,262,Undirected,7,0.0,0.0
11672,67,1556,Undirected,1,0.0,0.0
11673,1400,1162,Undirected,59,0.0,0.0
11674,1464,1091,Undirected,1,0.0,0.0
11675,952,1027,Undirected,1,0.0,0.0
11676,1827,1380,Undirected,8,0.0,0.0
11677,433,1219,Undirected,9,0.0,0.0
11678,1603,1983,Undirected,8,0.0,0.0
11679,736,1921,Undirected,1,0.0,0.0
11680,1841,270,Undirected,2,0.0,0.0
11681,1896,1896,Undirected,7,0.0,0.0
11682,290,1207,Undirected,8,0.0,0.0
11683,712,382,Undirected,39,0.0,0.0
11684,200,1814,Undirected,1,0.0,0.0
11685,858,91,Undirected,1,0.0,0.0
11686,1932,1646,Undirected,1,0.0,0.0
11687,1320,808,Undirected,6,0.0,0.0
11688,1848,758,Undirected,32,0.0,0.0
11689,1392,1511,Undirected,1,0.0,0.0
11690,394,990,Undirected,2,0.0,0.0
11691,596,181,Undirected,3,0.0,0.0
11692,1011,1892,Undirected,4,0.0,0.0
11693,1827,1838,Undirected,9,0.0,0.0
11694,1831,1831,Undirected,29,0.0,0.0
11695,1083,1015,Undirected,2,0.0,0.0
11696,1536,77,Undirected,1,0.0,0.0
11697,1587,253,Undirected,1,0.0,0.0
11698,1866,909,Undirected,1,0.0,0.0
11699,155,1502,Undirected,1,0.0,0.0
11700,690,690,Undirected,26,0.0,0.0
11701,1034,1550,Undirected,2,0.0,0.0
11702,1345,1345,Undirected,50,0.0,0.0
11703,1176,1841,Undirected,1,0.0,0.0
11704,352,1358,Undirected,1,0.0,0.0
11705,1104,1645,Undirected,13,0.0,0.0
11706,269,1527,Undirected,1,0.0,0.0
11707,416,296,Undirected,1,0.0,0.0
11708,464,1625,Undirected,9,0.0,0.0
11709,1794,990,Undirected,1,0.0,0.0
11710,1853,1725,Undirected,2,0.0,0.0
11711,1833,1267,Undirected,4,0.0,0.0
11712,1833,802,Undirected,12,0.0,0.0
11713,1603,1639,Undirected,2,0.0,0.0
11714,1242,1611,Undirected,7,0.0,0.0
11715,137,1791,Undirected,2,0.0,0.0
11716,1856,1856,Undirected,95,0.0,0.0
11717,899,1062,Undirected,1,0.0,0.0
11718,856,1062,Undirected,2,0.0,0.0
11719,1200,983,Undirected,1,0.0,0.0
11720,1137,213,Undirected,1,0.0,0.0
11721,1298,1647,Undirected,1,0.0,0.0
11722,1250,1502,Undirected,1,0.0,0.0
11723,1562,1770,Undirected,8,0.0,0.0
11724,490,490,Undirected,13,0.0,0.0
11725,646,1983,Undirected,1,0.0,0.0
11726,1788,1679,Undirected,15,0.0,0.0
11727,31,31,Undirected,336,0.0,0.0
11728,1950,1950,Undirected,90,0.0,0.0
11729,1632,771,Undirected,3,0.0,0.0
11730,233,233,Undirected,103,0.0,0.0
11731,1184,1839,Undirected,2,0.0,0.0
11732,1882,1619,Undirected,1,0.0,0.0
11733,1932,1406,Undirected,1,0.0,0.0
11734,1891,1891,Undirected,2,0.0,0.0
11735,1689,722,Undirected,1,0.0,0.0
11736,1721,699,Undirected,43,0.0,0.0
11737,1837,1086,Undirected,1,0.0,0.0
11738,905,518,Undirected,3,0.0,0.0
11739,178,1602,Undirected,2,0.0,0.0
11740,1305,1305,Undirected,52,0.0,0.0
11741,1325,1375,Undirected,129,0.0,0.0
11742,0,1995,Undirected,4,0.0,0.0
11743,1384,646,Undirected,3,0.0,0.0
11744,994,1847,Undirected,1,0.0,0.0
11745,1440,724,Undirected,1,0.0,0.0
11746,1159,839,Undirected,2,0.0,0.0
11747,1097,1998,Undirected,4,0.0,0.0
11748,1714,724,Undirected,4,0.0,0.0
11749,165,1918,Undirected,1,0.0,0.0
11750,450,1011,Undirected,2,0.0,0.0
11751,993,1751,Undirected,9,6.896704245321608e-07,0.5933873086619921
11752,1914,1885,Undirected,2,0.0,0.0
11753,1243,204,Undirected,9,0.0,0.0
11754,1312,841,Undirected,1,0.0,0.0
11755,1162,1204,Undirected,2,0.0,0.0
11756,1389,1389,Undirected,62,0.0,0.0
11757,960,1226,Undirected,2,0.0,0.0
11758,728,1739,Undirected,2,0.0,0.0
11759,1776,353,Undirected,1,0.0,0.0
11760,529,28,Undirected,3,0.0,0.0
11761,393,1519,Undirected,1,0.0,0.0
11762,547,1614,Undirected,1,0.0,0.0
11763,1502,1142,Undirected,3,0.0,0.0
11764,1032,911,Undirected,5,0.0,0.0
11765,588,1036,Undirected,1,0.0,0.0
11766,1083,118,Undirected,7,6.00155578203247e-07,0.516369400021879
11767,91,91,Undirected,84,0.0,0.0
11768,1938,995,Undirected,1,0.0,0.0
11769,811,1109,Undirected,9,0.0,0.0
11770,528,1899,Undirected,17,0.0,0.0
11771,1595,867,Undirected,1,0.0,0.0
11772,1739,686,Undirected,4,0.0,0.0
11773,275,1839,Undirected,1,0.0,0.0
11774,1944,1919,Undirected,1,0.0,0.0
11775,1420,887,Undirected,17,0.0,0.0
11776,1945,794,Undirected,1,0.0,0.0
11777,612,911,Undirected,1,0.0,0.0
11778,1166,1166,Undirected,170,0.0,0.0
11779,853,1086,Undirected,21,0.0,0.0
11780,690,819,Undirected,1,0.0,0.0
11781,1835,1724,Undirected,2,0.0,0.0
11782,256,311,Undirected,1,0.0,0.0
11783,916,870,Undirected,3,0.0,0.0
11784,620,620,Undirected,53,0.0,0.0
11785,585,1270,Undirected,1,0.0,0.0
11786,387,387,Undirected,39,0.0,0.0
11787,1665,1003,Undirected,20,0.0,0.0
11788,761,1683,Undirected,1,0.0,0.0
11789,419,1957,Undirected,2,0.0,0.0
11790,336,1672,Undirected,2,0.0,0.0
11791,1969,1434,Undirected,30,0.0,0.0
11792,1158,1158,Undirected,813,0.0,0.0
11793,792,1935,Undirected,1,0.0,0.0
11794,1866,814,Undirected,1,0.0,0.0
11795,402,402,Undirected,82,0.0,0.0
11796,728,1032,Undirected,1,0.0,0.0
11797,1938,711,Undirected,7,0.0,0.0
11798,787,935,Undirected,2,0.0,0.0
11799,1476,710,Undirected,11,0.0,0.0
11800,1385,1022,Undirected,1,0.0,0.0
11801,906,1207,Undirected,1,0.0,0.0
11802,120,1259,Undirected,84,0.0,0.0
11803,1219,1455,Undirected,68,0.0,0.0
11804,1888,213,Undirected,9,0.0,0.0
11805,1308,230,Undirected,2,0.0,0.0
11806,223,511,Undirected,1,0.0,0.0
11807,1404,813,Undirected,2,0.0,0.0
11808,1521,1819,Undirected,1,0.0,0.0
11809,616,1655,Undirected,2,0.0,0.0
11810,1984,1420,Undirected,3,0.0,0.0
11811,898,1811,Undirected,1,0.0,0.0
11812,1540,142,Undirected,4,0.0,0.0
11813,858,215,Undirected,1,0.0,0.0
11814,625,956,Undirected,2,0.0,0.0
11815,947,764,Undirected,3,0.0,0.0
11816,818,1787,Undirected,37,0.0,0.0
11817,1634,684,Undirected,3,0.0,0.0
11818,179,1111,Undirected,28,0.0,0.0
11819,1812,1604,Undirected,14,0.0,0.0
11820,1352,769,Undirected,1,0.0,0.0
11821,1400,580,Undirected,3,0.0,0.0
11822,1696,689,Undirected,11,0.0,0.0
11823,1651,589,Undirected,4,0.0,0.0
11824,1594,1863,Undirected,6,0.0,0.0
11825,1529,1739,Undirected,17,0.0,0.0
11826,1651,460,Undirected,1,0.0,0.0
11827,506,1806,Undirected,1,0.0,0.0
11828,880,1505,Undirected,4,0.0,0.0
11829,1431,1431,Undirected,16,0.0,0.0
11830,304,81,Undirected,2,0.0,0.0
11831,626,1123,Undirected,12,0.0,0.0
11832,1632,1632,Undirected,18,0.0,0.0
11833,1510,1727,Undirected,8,0.0,0.0
11834,947,1455,Undirected,24,0.0,0.0
11835,1745,353,Undirected,1,0.0,0.0
11836,556,1542,Undirected,1,0.0,0.0
11837,930,205,Undirected,14,0.0,0.0
11838,864,342,Undirected,7,0.0,0.0
11839,437,437,Undirected,40,0.0,0.0
11840,1896,232,Undirected,5,0.0,0.0
11841,1596,901,Undirected,64,0.0,0.0
11842,1803,1079,Undirected,23,0.0,0.0
11843,803,1191,Undirected,52,0.0,0.0
11844,1264,829,Undirected,2,0.0,0.0
11845,949,1022,Undirected,1,0.0,0.0
11846,1547,1086,Undirected,1,0.0,0.0
11847,899,1302,Undirected,1,0.0,0.0
11848,121,807,Undirected,24,0.0,0.0
11849,1856,147,Undirected,10,0.0,0.0
11850,803,1374,Undirected,63,0.0,0.0
11851,1305,1459,Undirected,1,0.0,0.0
11852,1178,756,Undirected,4,0.0,0.0
11853,947,1959,Undirected,32,0.0,0.0
11854,656,347,Undirected,3,0.0,0.0
11855,1555,1581,Undirected,4,0.0,0.0
11856,1112,1331,Undirected,11,0.0,0.0
11857,594,1830,Undirected,10,0.0,0.0
11858,469,1510,Undirected,2,0.0,0.0
11859,1769,1642,Undirected,1,0.0,0.0
11860,1298,1158,Undirected,2,0.0,0.0
11861,625,1509,Undirected,6,0.0,0.0
11862,444,1340,Undirected,7,0.0,0.0
11863,1995,1734,Undirected,1,0.0,0.0
11864,1491,1668,Undirected,31,0.0,0.0
11865,1217,1309,Undirected,1,0.0,0.0
11866,1574,215,Undirected,2,0.0,0.0
11867,201,703,Undirected,5,0.0,0.0
11868,576,576,Undirected,24,0.0,0.0
11869,336,937,Undirected,9,0.0,0.0
11870,48,650,Undirected,3,0.0,0.0
11871,816,1300,Undirected,6,0.0,0.0
11872,382,1167,Undirected,2,0.0,0.0
11873,547,1381,Undirected,13,0.0,0.0
11874,602,1829,Undirected,1,0.0,0.0
11875,1595,230,Undirected,1,0.0,0.0
11876,735,735,Undirected,8,0.0,0.0
11877,1444,1444,Undirected,12,0.0,0.0
11878,1504,253,Undirected,1,0.0,0.0
11879,1652,316,Undirected,10,0.0,0.0
11880,1883,814,Undirected,26,0.0,0.0
11881,1864,582,Undirected,11,0.0,0.0
11882,1897,47,Undirected,17,0.0,0.0
11883,1562,655,Undirected,2,0.0,0.0
11884,1464,898,Undirected,7,0.0,0.0
11885,1114,1196,Undirected,2,0.0,0.0
11886,1780,1758,Undirected,19,0.0,0.0
11887,1683,350,Undirected,2,0.0,0.0
11888,555,1532,Undirected,1,0.0,0.0
11889,104,484,Undirected,15,0.0,0.0
11890,72,1461,Undirected,1,0.0,0.0
11891,1455,887,Undirected,1,0.0,0.0
11892,1748,1644,Undirected,3,0.0,0.0
11893,1947,798,Undirected,1,0.0,0.0
11894,789,991,Undirected,3,0.0,0.0
11895,1641,1490,Undirected,6,0.0,0.0
11896,561,33,Undirected,2,0.0,0.0
11897,1258,815,Undirected,3,0.0,0.0
11898,1949,1743,Undirected,6,5.447674334464713e-07,0.46871385183551284
11899,1770,438,Undirected,3,0.0,0.0
11900,1638,1055,Undirected,1,0.0,0.0
11901,396,1823,Undirected,2,0.0,0.0
11902,1787,1831,Undirected,1,0.0,0.0
11903,1179,92,Undirected,3,0.0,0.0
11904,1573,1855,Undirected,1,0.0,0.0
11905,1969,814,Undirected,3,0.0,0.0
11906,1734,663,Undirected,7,0.0,0.0
11907,400,74,Undirected,3,0.0,0.0
11908,906,638,Undirected,1,0.0,0.0
11909,1657,825,Undirected,3,0.0,0.0
11910,1201,1518,Undirected,6,0.0,0.0
11911,1799,1799,Undirected,47,0.0,0.0
11912,625,1325,Undirected,25,0.0,0.0
11913,1562,1731,Undirected,8,0.0,0.0
11914,24,1891,Undirected,3,0.0,0.0
11915,1838,758,Undirected,5,0.0,0.0
11916,1603,772,Undirected,4,0.0,0.0
11917,454,454,Undirected,17,0.0,0.0
11918,1909,630,Undirected,2,0.0,0.0
11919,1257,1805,Undirected,1,0.0,0.0
11920,1634,959,Undirected,2,0.0,0.0
11921,1963,1853,Undirected,7,0.0,0.0
11922,432,1091,Undirected,4,0.0,0.0
11923,1336,680,Undirected,5,0.0,0.0
11924,496,1377,Undirected,2,0.0,0.0
11925,1289,263,Undirected,2,0.0,0.0
11926,1085,934,Undirected,8,0.0,0.0
11927,1754,347,Undirected,14,0.0,0.0
11928,1648,1286,Undirected,4,0.0,0.0
11929,1980,1413,Undirected,15,0.0,0.0
11930,741,246,Undirected,3,0.0,0.0
11931,1328,804,Undirected,1,0.0,0.0
11932,1810,1771,Undirected,3,0.0,0.0
11933,500,1102,Undirected,1,0.0,0.0
11934,233,1261,Undirected,8,0.0,0.0
11935,169,787,Undirected,1,0.0,0.0
11936,130,1355,Undirected,1,0.0,0.0
11937,1618,1957,Undirected,8,0.0,0.0
11938,1837,1509,Undirected,3,0.0,0.0
11939,1995,1710,Undirected,2,0.0,0.0
11940,1402,1700,Undirected,5,0.0,0.0
11941,811,1924,Undirected,5,0.0,0.0
11942,1442,683,Undirected,8,0.0,0.0
11943,1769,727,Undirected,1,0.0,0.0
11944,1300,1703,Undirected,2,0.0,0.0
11945,1658,1158,Undirected,2,0.0,0.0
11946,850,1947,Undirected,5,0.0,0.0
11947,1268,1477,Undirected,1,0.0,0.0
11948,1136,923,Undirected,7,0.0,0.0
11949,941,1015,Undirected,3,0.0,0.0
11950,1032,1756,Undirected,9,0.0,0.0
11951,1219,1086,Undirected,3,0.0,0.0
11952,1412,741,Undirected,4,0.0,0.0
11953,574,574,Undirected,121,0.0,0.0
11954,1413,1054,Undirected,32,0.0,0.0
11955,1780,1734,Undirected,4,0.0,0.0
11956,732,1279,Undirected,13,0.0,0.0
11957,1072,1998,Undirected,2,0.0,0.0
11958,1605,1510,Undirected,4,0.0,0.0
11959,480,677,Undirected,2,0.0,0.0
11960,808,1730,Undirected,24,0.0,0.0
11961,904,475,Undirected,11,0.0,0.0
11962,1401,1401,Undirected,36,0.0,0.0
11963,689,907,Undirected,4,0.0,0.0
11964,853,853,Undirected,1077,0.0,0.0
11965,585,1745,Undirected,3,0.0,0.0
11966,353,103,Undirected,3,0.0,0.0
11967,1755,1703,Undirected,12,0.0,0.0
11968,536,1225,Undirected,2,0.0,0.0
11969,764,1839,Undirected,1,0.0,0.0
11970,340,340,Undirected,23,0.0,0.0
11971,414,1767,Undirected,3,0.0,0.0
11972,1484,757,Undirected,1,0.0,0.0
11973,528,811,Undirected,64,0.0,0.0
11974,452,860,Undirected,6,0.0,0.0
11975,344,774,Undirected,5,0.0,0.0
11976,1145,1450,Undirected,6,0.0,0.0
11977,1382,1447,Undirected,1,0.0,0.0
11978,539,1453,Undirected,2,0.0,0.0
11979,1185,1841,Undirected,2,0.0,0.0
11980,768,1265,Undirected,2,0.0,0.0
11981,1754,1356,Undirected,2,0.0,0.0
11982,1466,1268,Undirected,1,0.0,0.0
11983,1528,559,Undirected,1,0.0,0.0
11984,806,1295,Undirected,3,0.0,0.0
11985,1162,799,Undirected,1,0.0,0.0
11986,1680,1680,Undirected,104,0.0,0.0
11987,1920,1650,Undirected,15,0.0,0.0
11988,765,765,Undirected,110,0.0,0.0
11989,1404,1783,Undirected,9,0.0,0.0
11990,1080,1080,Undirected,15,0.0,0.0
11991,1434,1372,Undirected,2,0.0,0.0
11992,1781,1006,Undirected,1,0.0,0.0
11993,1657,290,Undirected,2,0.0,0.0
11994,1009,1283,Undirected,39,0.0,0.0
11995,1907,1820,Undirected,4,0.0,0.0
11996,1785,1693,Undirected,2,0.0,0.0
11997,1466,947,Undirected,3,0.0,0.0
11998,1908,479,Undirected,27,0.0,0.0
11999,0,880,Undirected,1,0.0,0.0
12000,1996,1453,Undirected,2,0.0,0.0
12001,1262,1262,Undirected,41,0.0,0.0
12002,633,290,Undirected,8,0.0,0.0
12003,128,1325,Undirected,4,0.0,0.0
12004,1594,621,Undirected,22,0.0,0.0
12005,1141,1453,Undirected,10,0.0,0.0
12006,1739,1758,Undirected,23,0.0,0.0
12007,705,803,Undirected,1,0.0,0.0
12008,1740,814,Undirected,72,0.0,0.0
12009,1705,765,Undirected,3,0.0,0.0
12010,761,156,Undirected,1,0.0,0.0
12011,75,653,Undirected,3,0.0,0.0
12012,1785,1286,Undirected,3,0.0,0.0
12013,833,929,Undirected,4,0.0,0.0
12014,1628,1549,Undirected,3,0.0,0.0
12015,1547,1372,Undirected,3,0.0,0.0
12016,698,1510,Undirected,4,0.0,0.0
12017,564,1479,Undirected,1,0.0,0.0
12018,1032,759,Undirected,6,0.0,0.0
12019,520,520,Undirected,14,0.0,0.0
12020,1739,1316,Undirected,1,0.0,0.0
12021,198,1927,Undirected,1,0.0,0.0
12022,1960,1186,Undirected,44,0.0,0.0
12023,1730,1677,Undirected,5,0.0,0.0
12024,1929,1798,Undirected,3,0.0,0.0
12025,969,1123,Undirected,1,0.0,0.0
12026,269,1831,Undirected,1,0.0,0.0
12027,1721,468,Undirected,1,0.0,0.0
12028,1808,1861,Undirected,7,0.0,0.0
12029,640,907,Undirected,1,0.0,0.0
12030,749,1806,Undirected,3,0.0,0.0
12031,1498,1236,Undirected,3,0.0,0.0
12032,1684,1318,Undirected,1,0.0,0.0
12033,1772,1772,Undirected,15,0.0,0.0
12034,1268,1774,Undirected,7,0.0,0.0
12035,1226,842,Undirected,1,0.0,0.0
12036,896,1222,Undirected,2,0.0,0.0
12037,1293,518,Undirected,1,0.0,0.0
12038,1734,1783,Undirected,2,0.0,0.0
12039,267,1429,Undirected,2,0.0,0.0
12040,513,1769,Undirected,13,0.0,0.0
12041,1503,567,Undirected,4,0.0,0.0
12042,1434,759,Undirected,1,0.0,0.0
12043,730,677,Undirected,4,0.0,0.0
12044,256,886,Undirected,6,0.0,0.0
12045,1960,724,Undirected,1,0.0,0.0
12046,1098,1451,Undirected,1,0.0,0.0
12047,547,1725,Undirected,22,0.0,0.0
12048,1136,635,Undirected,4,0.0,0.0
12049,768,678,Undirected,7,0.0,0.0
12050,1251,1974,Undirected,3,0.0,0.0
12051,808,294,Undirected,1,0.0,0.0
12052,1932,1781,Undirected,4,0.0,0.0
12053,1403,1351,Undirected,1,0.0,0.0
12054,113,1439,Undirected,7,0.0,0.0
12055,1644,460,Undirected,9,0.0,0.0
12056,496,1969,Undirected,60,0.0,0.0
12057,497,972,Undirected,13,0.0,0.0
12058,559,1655,Undirected,1,0.0,0.0
12059,1745,449,Undirected,13,0.0,0.0
12060,1333,598,Undirected,7,0.0,0.0
12061,106,1603,Undirected,1,0.0,0.0
12062,680,1563,Undirected,1,0.0,0.0
12063,1969,1195,Undirected,43,0.0,0.0
12064,616,1479,Undirected,4,0.0,0.0
12065,964,964,Undirected,96,0.0,0.0
12066,378,1780,Undirected,22,0.0,0.0
12067,1529,1018,Undirected,9,0.0,0.0
12068,717,1549,Undirected,3,0.0,0.0
12069,176,1162,Undirected,7,0.0,0.0
12070,266,684,Undirected,28,0.0,0.0
12071,1641,1668,Undirected,1,0.0,0.0
12072,1882,253,Undirected,1,0.0,0.0
12073,1305,1250,Undirected,1,0.0,0.0
12074,898,1515,Undirected,1,0.0,0.0
12075,829,1879,Undirected,3,0.0,0.0
12076,1225,1274,Undirected,1,0.0,0.0
12077,1187,1823,Undirected,2,0.0,0.0
12078,706,1259,Undirected,81,0.0,0.0
12079,1154,1011,Undirected,8,0.0,0.0
12080,225,1851,Undirected,1,0.0,0.0
12081,1803,1292,Undirected,2,0.0,0.0
12082,778,566,Undirected,1,0.0,0.0
12083,1914,1851,Undirected,2,0.0,0.0
12084,1217,551,Undirected,6,0.0,0.0
12085,882,661,Undirected,3,0.0,0.0
12086,1985,1985,Undirected,3,0.0,0.0
12087,705,1374,Undirected,2,0.0,0.0
12088,1361,738,Undirected,4,0.0,0.0
12089,1674,947,Undirected,67,0.0,0.0
12090,1756,887,Undirected,6,0.0,0.0
12091,11,1451,Undirected,1,0.0,0.0
12092,1680,81,Undirected,3,0.0,0.0
12093,777,939,Undirected,1,0.0,0.0
12094,1977,967,Undirected,8,0.0,0.0
12095,108,879,Undirected,13,0.0,0.0
12096,1861,1327,Undirected,15,0.0,0.0
12097,1251,1484,Undirected,44,0.0,0.0
12098,828,828,Undirected,130,0.0,0.0
12099,400,949,Undirected,22,0.0,0.0
12100,51,1941,Undirected,2,0.0,0.0
12101,1291,204,Undirected,1,0.0,0.0
12102,827,1611,Undirected,1,0.0,0.0
12103,913,1914,Undirected,1,0.0,0.0
12104,1395,871,Undirected,3,0.0,0.0
12105,1137,1116,Undirected,32,0.0,0.0
12106,474,474,Undirected,29,0.0,0.0
12107,1498,1383,Undirected,21,0.0,0.0
12108,1930,1220,Undirected,1,0.0,0.0
12109,1682,646,Undirected,2,0.0,0.0
12110,1970,1259,Undirected,70,0.0,0.0
12111,376,376,Undirected,9,0.0,0.0
12112,572,1165,Undirected,1,0.0,0.0
12113,1373,415,Undirected,5,0.0,0.0
12114,625,1194,Undirected,29,0.0,0.0
12115,1969,1837,Undirected,11,0.0,0.0
12116,1154,499,Undirected,6,0.0,0.0
12117,1720,1674,Undirected,2,0.0,0.0
12118,1605,1462,Undirected,7,0.0,0.0
12119,1217,1139,Undirected,1,0.0,0.0
12120,1713,1045,Undirected,11,0.0,0.0
12121,712,1533,Undirected,3,0.0,0.0
12122,689,1935,Undirected,33,0.0,0.0
12123,1547,1499,Undirected,2,0.0,0.0
12124,1356,1063,Undirected,1,0.0,0.0
12125,1165,223,Undirected,1,0.0,0.0
12126,853,1758,Undirected,6,0.0,0.0
12127,501,501,Undirected,21,0.0,0.0
12128,48,1426,Undirected,9,0.0,0.0
12129,439,151,Undirected,1,0.0,0.0
12130,1401,1482,Undirected,2,0.0,0.0
12131,56,1434,Undirected,2,0.0,0.0
12132,968,178,Undirected,1,0.0,0.0
12133,129,1055,Undirected,2,0.0,0.0
12134,912,406,Undirected,2,0.0,0.0
12135,1032,1141,Undirected,8,0.0,0.0
12136,1682,1476,Undirected,4,0.0,0.0
12137,194,725,Undirected,4,0.0,0.0
12138,464,232,Undirected,14,0.0,0.0
12139,294,294,Undirected,14,0.0,0.0
12140,908,1126,Undirected,6,0.0,0.0
12141,1834,1155,Undirected,26,0.0,0.0
12142,1688,19,Undirected,1,0.0,0.0
12143,812,1837,Undirected,18,0.0,0.0
12144,296,789,Undirected,4,0.0,0.0
12145,801,1916,Undirected,1,0.0,0.0
12146,1649,1270,Undirected,5,0.0,0.0
12147,1299,1019,Undirected,1,0.0,0.0
12148,1563,1998,Undirected,3,0.0,0.0
12149,278,278,Undirected,138,0.0,0.0
12150,1106,842,Undirected,1,0.0,0.0
12151,163,1455,Undirected,7,0.0,0.0
12152,1587,1646,Undirected,2,0.0,0.0
12153,1584,1148,Undirected,1,0.0,0.0
12154,873,1228,Undirected,2,0.0,0.0
12155,1264,1640,Undirected,1,0.0,0.0
12156,1504,388,Undirected,16,0.0,0.0
12157,1874,1874,Undirected,39,0.0,0.0
12158,1464,1031,Undirected,2,0.0,0.0
12159,28,1804,Undirected,127,0.0,0.0
12160,1834,1551,Undirected,1,0.0,0.0
12161,107,107,Undirected,37,0.0,0.0
12162,432,1106,Undirected,15,0.0,0.0
12163,1900,388,Undirected,28,0.0,0.0
12164,1827,1740,Undirected,105,0.0,0.0
12165,1401,1259,Undirected,1,0.0,0.0
12166,1252,1861,Undirected,1,0.0,0.0
12167,740,207,Undirected,1,0.0,0.0
12168,1996,1511,Undirected,2,0.0,0.0
12169,1324,157,Undirected,4,0.0,0.0
12170,457,675,Undirected,1,0.0,0.0
12171,490,1348,Undirected,5,0.0,0.0
12172,1739,814,Undirected,101,0.0,0.0
12173,1563,1876,Undirected,2,0.0,0.0
12174,1824,758,Undirected,1,0.0,0.0
12175,1308,1174,Undirected,1,0.0,0.0
12176,1682,829,Undirected,1,0.0,0.0
12177,932,500,Undirected,1,0.0,0.0
12178,898,1972,Undirected,1,0.0,0.0
12179,1809,1267,Undirected,1,0.0,0.0
12180,761,708,Undirected,2,0.0,0.0
12181,1155,1021,Undirected,5,0.0,0.0
12182,1225,510,Undirected,2,0.0,0.0
12183,1811,1862,Undirected,47,0.0,0.0
12184,1781,1679,Undirected,1,0.0,0.0
12185,1211,902,Undirected,15,3.044475834419207e-07,0.2619444385915149
12186,1395,319,Undirected,1,0.0,0.0
12187,1680,1296,Undirected,7,0.0,0.0
12188,1548,1327,Undirected,1,0.0,0.0
12189,708,479,Undirected,7,0.0,0.0
12190,1863,1863,Undirected,52,0.0,0.0
12191,1106,1091,Undirected,1,0.0,0.0
12192,561,1831,Undirected,1,0.0,0.0
12193,1400,1600,Undirected,10,0.0,0.0
12194,985,1834,Undirected,236,0.0,0.0
12195,659,847,Undirected,1,0.0,0.0
12196,1195,719,Undirected,1,0.0,0.0
12197,1584,0,Undirected,38,0.0,0.0
12198,1808,1903,Undirected,1,0.0,0.0
12199,1689,444,Undirected,20,0.0,0.0
12200,840,1716,Undirected,1,0.0,0.0
12201,221,1469,Undirected,11,0.0,0.0
12202,1776,1776,Undirected,124,0.0,0.0
12203,699,782,Undirected,1,0.0,0.0
12204,915,1638,Undirected,5,0.0,0.0
12205,456,47,Undirected,1,0.0,0.0
12206,1492,1492,Undirected,9,0.0,0.0
12207,134,1191,Undirected,6,0.0,0.0
12208,1129,1023,Undirected,5,0.0,0.0
12209,1710,1814,Undirected,4,0.0,0.0
12210,668,725,Undirected,1,0.0,0.0
12211,184,1638,Undirected,1,0.0,0.0
12212,544,1772,Undirected,1,0.0,0.0
12213,492,109,Undirected,1,0.0,0.0
12214,1628,831,Undirected,2,0.0,0.0
12215,930,414,Undirected,6,0.0,0.0
12216,995,1837,Undirected,7,0.0,0.0
12217,1988,1254,Undirected,1,0.0,0.0
12218,1683,1683,Undirected,30,0.0,0.0
12219,1259,1443,Undirected,7,0.0,0.0
12220,882,799,Undirected,17,0.0,0.0
12221,21,1807,Undirected,5,0.0,0.0
12222,734,1863,Undirected,1,0.0,0.0
12223,1901,207,Undirected,1,0.0,0.0
12224,1392,1980,Undirected,3,0.0,0.0
12225,1938,1455,Undirected,14,0.0,0.0
12226,1883,541,Undirected,3,0.0,0.0
12227,109,109,Undirected,45,0.0,0.0
12228,1298,1006,Undirected,1,0.0,0.0
12229,794,1695,Undirected,8,0.0,0.0
12230,632,1390,Undirected,1,0.0,0.0
12231,954,954,Undirected,15,0.0,0.0
12232,277,269,Undirected,3,0.0,0.0
12233,1315,1718,Undirected,2,0.0,0.0
12234,803,1438,Undirected,89,0.0,0.0
12235,1680,903,Undirected,15,0.0,0.0
12236,1740,1740,Undirected,328,0.0,0.0
12237,1305,287,Undirected,4,0.0,0.0
12238,625,1674,Undirected,6,0.0,0.0
12239,1602,1959,Undirected,2,0.0,0.0
12240,681,1811,Undirected,1,0.0,0.0
12241,1009,1162,Undirected,2,0.0,0.0
12242,740,1918,Undirected,1,0.0,0.0
12243,1332,1863,Undirected,2,0.0,0.0
12244,508,1669,Undirected,12,0.0,0.0
12245,1675,1675,Undirected,127,0.0,0.0
12246,910,910,Undirected,35,0.0,0.0
12247,993,458,Undirected,2,0.0,0.0
12248,1644,1647,Undirected,2,0.0,0.0
12249,1776,397,Undirected,18,0.0,0.0
12250,1796,1126,Undirected,7,0.0,0.0
12251,1434,1453,Undirected,8,0.0,0.0
12252,1145,129,Undirected,3,0.0,0.0
12253,1189,1189,Undirected,108,0.0,0.0
12254,683,1364,Undirected,3,0.0,0.0
12255,819,1599,Undirected,24,0.0,0.0
12256,1938,1959,Undirected,1,0.0,0.0
12257,33,825,Undirected,1,0.0,0.0
12258,1086,1086,Undirected,212,0.0,0.0
12259,1018,1155,Undirected,2,0.0,0.0
12260,440,7,Undirected,1,0.0,0.0
12261,1112,1379,Undirected,6,0.0,0.0
12262,1136,1967,Undirected,5,0.0,0.0
12263,424,995,Undirected,4,0.0,0.0
12264,943,943,Undirected,67,0.0,0.0
12265,299,1223,Undirected,2,0.0,0.0
12266,961,1860,Undirected,8,0.0,0.0
12267,1420,1318,Undirected,5,0.0,0.0
12268,1714,580,Undirected,1,0.0,0.0
12269,1264,271,Undirected,2,0.0,0.0
12270,704,1293,Undirected,2,0.0,0.0
12271,1320,1701,Undirected,2,0.0,0.0
12272,1969,1783,Undirected,76,0.0,0.0
12273,1529,1380,Undirected,13,0.0,0.0
12274,899,1932,Undirected,1,0.0,0.0
12275,1758,1974,Undirected,1,0.0,0.0
12276,984,1289,Undirected,4,0.0,0.0
12277,420,670,Undirected,2,0.0,0.0
12278,921,806,Undirected,40,0.0,0.0
12279,402,35,Undirected,8,0.0,0.0
12280,1602,1828,Undirected,1,0.0,0.0
12281,995,995,Undirected,354,0.0,0.0
12282,1120,1120,Undirected,107,0.0,0.0
12283,1257,443,Undirected,1,0.0,0.0
12284,1558,1558,Undirected,101,0.0,0.0
12285,1184,1964,Undirected,1,0.0,0.0
12286,1375,1839,Undirected,1,0.0,0.0
12287,1787,1222,Undirected,1,0.0,0.0
12288,529,1675,Undirected,1,0.0,0.0
12289,984,547,Undirected,3,0.0,0.0
12290,966,1663,Undirected,2,0.0,0.0
12291,273,33,Undirected,1,0.0,0.0
12292,25,683,Undirected,1,0.0,0.0
12293,1538,519,Undirected,3,0.0,0.0
12294,1277,1277,Undirected,31,0.0,0.0
12295,304,1962,Undirected,15,0.0,0.0
12296,1268,1813,Undirected,5,0.0,0.0
12297,874,1420,Undirected,7,0.0,0.0
12298,1382,567,Undirected,8,0.0,0.0
12299,1747,395,Undirected,1,0.0,0.0
12300,410,1079,Undirected,24,0.0,0.0
12301,1344,1534,Undirected,1,0.0,0.0
12302,841,1786,Undirected,9,0.0,0.0
12303,780,1382,Undirected,28,0.0,0.0
12304,1184,1555,Undirected,2,0.0,0.0
12305,587,1627,Undirected,1,0.0,0.0
12306,1484,1838,Undirected,96,0.0,0.0
12307,490,1588,Undirected,1,0.0,0.0
12308,73,1349,Undirected,1,0.0,0.0
12309,1268,567,Undirected,2,0.0,0.0
12310,621,1461,Undirected,23,0.0,0.0
12311,1901,1918,Undirected,1,0.0,0.0
12312,672,1806,Undirected,1,0.0,0.0
12313,1809,1879,Undirected,2,0.0,0.0
12314,994,342,Undirected,1,0.0,0.0
12315,859,476,Undirected,2,0.0,0.0
12316,1660,948,Undirected,5,0.0,0.0
12317,538,1054,Undirected,1,0.0,0.0
12318,344,344,Undirected,19,0.0,0.0
12319,1568,1675,Undirected,5,0.0,0.0
12320,745,51,Undirected,6,0.0,0.0
12321,1457,269,Undirected,1,0.0,0.0
12322,1195,853,Undirected,58,0.0,0.0
12323,1354,1650,Undirected,1,0.0,0.0
12324,1258,1159,Undirected,1,0.0,0.0
12325,178,178,Undirected,417,0.0,0.0
12326,1980,1980,Undirected,102,0.0,0.0
12327,912,1273,Undirected,1,0.0,0.0
12328,1960,674,Undirected,7,0.0,0.0
12329,538,1866,Undirected,8,0.0,0.0
12330,1297,203,Undirected,2,0.0,0.0
12331,1963,1932,Undirected,1,0.0,0.0
12332,469,469,Undirected,54,0.0,0.0
12333,272,1851,Undirected,1,0.0,0.0
12334,1510,1294,Undirected,1,0.0,0.0
12335,1595,1348,Undirected,2,0.0,0.0
12336,588,670,Undirected,1,0.0,0.0
12337,1097,1853,Undirected,1,0.0,0.0
12338,1152,1265,Undirected,3,0.0,0.0
12339,379,379,Undirected,11,0.0,0.0
12340,1035,651,Undirected,16,0.0,0.0
12341,1155,814,Undirected,12,0.0,0.0
12342,1196,1951,Undirected,5,0.0,0.0
12343,1434,1675,Undirected,1,0.0,0.0
12344,940,574,Undirected,17,0.0,0.0
12345,1268,1959,Undirected,1,0.0,0.0
12346,1213,1998,Undirected,1,0.0,0.0
12347,1645,934,Undirected,61,0.0,0.0
12348,651,551,Undirected,4,0.0,0.0
12349,908,197,Undirected,4,0.0,0.0
12350,1988,1780,Undirected,5,0.0,0.0
12351,410,1900,Undirected,1,0.0,0.0
12352,625,1404,Undirected,46,0.0,0.0
12353,1176,1498,Undirected,8,0.0,0.0
12354,1691,110,Undirected,7,0.0,0.0
12355,780,780,Undirected,146,0.0,0.0
12356,669,1142,Undirected,2,0.0,0.0
12357,825,215,Undirected,6,0.0,0.0
12358,396,1639,Undirected,1,0.0,0.0
12359,235,964,Undirected,58,0.0,0.0
12360,1549,1359,Undirected,1,0.0,0.0
12361,858,19,Undirected,1,0.0,0.0
12362,544,1723,Undirected,11,0.0,0.0
12363,1948,213,Undirected,2,0.0,0.0
12364,1834,1780,Undirected,5,0.0,0.0
12365,1946,339,Undirected,2,0.0,0.0
12366,1714,1714,Undirected,132,0.0,0.0
12367,169,1795,Undirected,15,0.0,0.0
12368,1653,1703,Undirected,30,0.0,0.0
12369,866,1676,Undirected,1,0.0,0.0
12370,1476,1476,Undirected,120,0.0,0.0
12371,1158,1471,Undirected,1,0.0,0.0
12372,1588,1406,Undirected,5,0.0,0.0
12373,1713,290,Undirected,14,0.0,0.0
12374,1402,1806,Undirected,1,0.0,0.0
12375,1856,1301,Undirected,9,0.0,0.0
12376,1780,1070,Undirected,1,0.0,0.0
12377,577,1102,Undirected,3,0.0,0.0
12378,1801,1801,Undirected,13,0.0,0.0
12379,1346,1924,Undirected,6,0.0,0.0
12380,1497,156,Undirected,4,0.0,0.0
12381,113,1191,Undirected,5,0.0,0.0
12382,1404,1828,Undirected,16,0.0,0.0
12383,1783,1375,Undirected,19,0.0,0.0
12384,1717,510,Undirected,17,0.0,0.0
12385,797,918,Undirected,2,0.0,0.0
12386,631,631,Undirected,52,0.0,0.0
12387,1153,1964,Undirected,2,0.0,0.0
12388,1042,1983,Undirected,1,0.0,0.0
12389,1385,314,Undirected,4,0.0,0.0
12390,433,1602,Undirected,5,0.0,0.0
12391,1688,1981,Undirected,13,0.0,0.0
12392,969,1549,Undirected,3,0.0,0.0
12393,905,1222,Undirected,3,0.0,0.0
12394,1820,1101,Undirected,2,0.0,0.0
12395,1368,134,Undirected,2,0.0,0.0
12396,968,378,Undirected,2,0.0,0.0
12397,1800,819,Undirected,24,0.0,0.0
12398,358,358,Undirected,2,0.0,0.0
12399,339,1190,Undirected,1,0.0,0.0
12400,1760,1267,Undirected,1,0.0,0.0
12401,1774,830,Undirected,2,0.0,0.0
12402,1803,1803,Undirected,56,0.0,0.0
12403,1675,108,Undirected,2,0.0,0.0
12404,728,612,Undirected,1,0.0,0.0
12405,1877,1877,Undirected,505,0.0,0.0
12406,1308,1278,Undirected,2,0.0,0.0
12407,194,939,Undirected,1,0.0,0.0
12408,1713,1154,Undirected,9,0.0,0.0
12409,266,1092,Undirected,57,0.0,0.0
12410,341,1030,Undirected,1,0.0,0.0
12411,1928,1372,Undirected,14,0.0,0.0
12412,1579,598,Undirected,4,0.0,0.0
12413,228,1662,Undirected,7,0.0,0.0
12414,769,1614,Undirected,9,0.0,0.0
12415,1754,719,Undirected,3,0.0,0.0
12416,1600,1286,Undirected,1,0.0,0.0
12417,1861,1861,Undirected,74,0.0,0.0
12418,1385,1183,Undirected,1,0.0,0.0
12419,1549,421,Undirected,1,0.0,0.0
12420,1969,1155,Undirected,37,0.0,0.0
12421,100,1118,Undirected,2,0.0,0.0
12422,1883,1783,Undirected,3,0.0,0.0
12423,1010,475,Undirected,1,0.0,0.0
12424,1105,1262,Undirected,1,0.0,0.0
12425,1259,182,Undirected,16,0.0,0.0
12426,1737,1283,Undirected,1,0.0,0.0
12427,82,851,Undirected,2,0.0,0.0
12428,1904,1479,Undirected,1,0.0,0.0
12429,404,349,Undirected,2,0.0,0.0
12430,1185,1236,Undirected,11,0.0,0.0
12431,1218,253,Undirected,9,0.0,0.0
12432,832,506,Undirected,1,0.0,0.0
12433,1057,1515,Undirected,2,0.0,0.0
12434,1920,460,Undirected,2,0.0,0.0
12435,1793,580,Undirected,1,0.0,0.0
12436,385,1303,Undirected,3,0.0,0.0
12437,1000,83,Undirected,4,0.0,0.0
12438,1808,1894,Undirected,1,0.0,0.0
12439,1651,659,Undirected,1,0.0,0.0
12440,512,769,Undirected,9,0.0,0.0
12441,1136,1914,Undirected,1,0.0,0.0
12442,1549,917,Undirected,5,3.211171652868586e-07,0.2762868229473446
12443,1137,1647,Undirected,3,0.0,0.0
12444,1385,533,Undirected,1,0.0,0.0
12445,1796,79,Undirected,3,0.0,0.0
12446,728,567,Undirected,6,0.0,0.0
12447,616,173,Undirected,6,0.0,0.0
12448,1538,147,Undirected,1,0.0,0.0
12449,1926,1814,Undirected,1,0.0,0.0
12450,1987,758,Undirected,8,0.0,0.0
12451,1512,597,Undirected,3,0.0,0.0
12452,1372,1838,Undirected,2,0.0,0.0
12453,1795,670,Undirected,5,0.0,0.0
12454,42,926,Undirected,2,0.0,0.0
12455,1300,1174,Undirected,15,0.0,0.0
12456,1996,1551,Undirected,2,0.0,0.0
12457,13,495,Undirected,4,0.0,0.0
12458,1109,462,Undirected,29,0.0,0.0
12459,635,1199,Undirected,2,0.0,0.0
12460,370,1891,Undirected,1,0.0,0.0
12461,620,1230,Undirected,2,0.0,0.0
12462,1388,1807,Undirected,1,0.0,0.0
12463,606,1127,Undirected,8,0.0,0.0
12464,944,1935,Undirected,1,0.0,0.0
12465,1097,490,Undirected,4,0.0,0.0
12466,709,1190,Undirected,1,0.0,0.0
12467,1970,1110,Undirected,1,0.0,0.0
12468,1897,188,Undirected,1,0.0,0.0
12469,1944,1476,Undirected,2,0.0,0.0
12470,814,1054,Undirected,7,0.0,0.0
12471,290,1463,Undirected,16,0.0,0.0
12472,1234,996,Undirected,2,0.0,0.0
12473,985,1602,Undirected,4,0.0,0.0
12474,1505,1356,Undirected,3,0.0,0.0
12475,1484,814,Undirected,5,0.0,0.0
12476,1097,969,Undirected,3,0.0,0.0
12477,1404,1780,Undirected,10,0.0,0.0
12478,680,1137,Undirected,3,0.0,0.0
12479,1813,1813,Undirected,92,0.0,0.0
12480,1505,1258,Undirected,1,0.0,0.0
12481,814,1455,Undirected,9,0.0,0.0
12482,81,557,Undirected,1,0.0,0.0
12483,780,1599,Undirected,4,0.0,0.0
12484,1063,1063,Undirected,20,0.0,0.0
12485,1554,1362,Undirected,14,0.0,0.0
12486,473,1620,Undirected,4,0.0,0.0
12487,251,1957,Undirected,9,0.0,0.0
12488,1091,1855,Undirected,1,0.0,0.0
12489,834,1178,Undirected,1,0.0,0.0
12490,1618,783,Undirected,10,0.0,0.0
12491,1938,1484,Undirected,11,0.0,0.0
12492,356,613,Undirected,2,0.0,0.0
12493,898,1862,Undirected,1,0.0,0.0
12494,1862,1031,Undirected,10,0.0,0.0
12495,1576,1442,Undirected,11,0.0,0.0
12496,210,610,Undirected,2,0.0,0.0
12497,1448,1833,Undirected,1,0.0,0.0
12498,1154,1716,Undirected,1,0.0,0.0
12499,1195,1420,Undirected,20,0.0,0.0
12500,11,1519,Undirected,47,0.0,0.0
12501,1977,861,Undirected,1,0.0,0.0
12502,308,1783,Undirected,1,0.0,0.0
12503,810,1591,Undirected,1,0.0,0.0
12504,1696,1966,Undirected,40,4.323317546486094e-07,0.37197502925267456
12505,75,1261,Undirected,25,0.0,0.0
12506,1268,719,Undirected,10,0.0,0.0
12507,686,814,Undirected,6,0.0,0.0
12508,1187,1742,Undirected,2,0.0,0.0
12509,1161,1154,Undirected,1,0.0,0.0
12510,1009,772,Undirected,1,0.0,0.0
12511,1848,1674,Undirected,15,0.0,0.0
12512,1088,1088,Undirected,24,0.0,0.0
12513,1684,1325,Undirected,5,0.0,0.0
12514,1925,719,Undirected,20,0.0,0.0
12515,171,1991,Undirected,6,0.0,0.0
12516,904,189,Undirected,1,0.0,0.0
12517,1668,1158,Undirected,1,0.0,0.0
12518,1078,1382,Undirected,1,0.0,0.0
12519,1459,1926,Undirected,1,0.0,0.0
12520,819,1268,Undirected,1,0.0,0.0
12521,689,765,Undirected,3,0.0,0.0
12522,38,1887,Undirected,8,0.0,0.0
12523,1064,451,Undirected,4,0.0,0.0
12524,1420,804,Undirected,1,0.0,0.0
12525,1003,1470,Undirected,7,0.0,0.0
12526,1664,823,Undirected,18,0.0,0.0
12527,1848,1484,Undirected,9,0.0,0.0
12528,1113,718,Undirected,2,0.0,0.0
12529,17,1214,Undirected,4,0.0,0.0
12530,1984,1824,Undirected,9,0.0,0.0
12531,1988,1989,Undirected,1,0.0,0.0
12532,602,1276,Undirected,2,0.0,0.0
12533,1776,1205,Undirected,2,0.0,0.0
12534,1193,127,Undirected,4,0.0,0.0
12535,1834,1325,Undirected,39,0.0,0.0
12536,1948,516,Undirected,7,2.647264272201837e-07,0.22776865092692444
12537,67,628,Undirected,1,0.0,0.0
12538,940,1452,Undirected,1,0.0,0.0
12539,657,1074,Undirected,3,0.0,0.0
12540,1128,981,Undirected,3,0.0,0.0
12541,1724,1445,Undirected,1,0.0,0.0
12542,939,1332,Undirected,2,0.0,0.0
12543,1674,911,Undirected,1,0.0,0.0
12544,974,974,Undirected,5,0.0,0.0
12545,825,21,Undirected,3,0.0,0.0
12546,1382,1823,Undirected,2,0.0,0.0
12547,1042,1882,Undirected,1,0.0,0.0
12548,421,662,Undirected,1,0.0,0.0
12549,485,693,Undirected,2,0.0,0.0
12550,1780,1838,Undirected,6,0.0,0.0
12551,1845,1029,Undirected,5,0.0,0.0
12552,731,499,Undirected,6,0.0,0.0
12553,1834,1375,Undirected,137,0.0,0.0
12554,1453,911,Undirected,7,0.0,0.0
12555,1928,1828,Undirected,1,0.0,0.0
12556,774,983,Undirected,2,0.0,0.0
12557,1424,1489,Undirected,1,0.0,0.0
12558,1929,807,Undirected,7,0.0,0.0
12559,1194,455,Undirected,1,0.0,0.0
12560,1219,947,Undirected,4,0.0,0.0
12561,1360,1217,Undirected,16,0.0,0.0
12562,906,228,Undirected,2,0.0,0.0
12563,937,1042,Undirected,1,0.0,0.0
12564,432,1706,Undirected,3,0.0,0.0
12565,1945,580,Undirected,6,0.0,0.0
12566,1466,1466,Undirected,344,0.0,0.0
12567,378,1453,Undirected,2,0.0,0.0
12568,1890,1900,Undirected,5,0.0,0.0
12569,1849,511,Undirected,2,0.0,0.0
12570,1921,341,Undirected,1,0.0,0.0
12571,1579,1510,Undirected,1,0.0,0.0
12572,480,1542,Undirected,1,0.0,0.0
12573,1290,812,Undirected,2,0.0,0.0
12574,1178,1238,Undirected,1,0.0,0.0
12575,1097,1348,Undirected,7,0.0,0.0
12576,1354,1549,Undirected,2,0.0,0.0
12577,1384,1823,Undirected,3,0.0,0.0
12578,648,1885,Undirected,2,0.0,0.0
12579,625,1453,Undirected,32,0.0,0.0
12580,1740,567,Undirected,7,0.0,0.0
12581,1380,1078,Undirected,1,0.0,0.0
12582,1505,1027,Undirected,2,0.0,0.0
12583,1074,291,Undirected,2,0.0,0.0
12584,1035,517,Undirected,15,0.0,0.0
12585,92,527,Undirected,1,0.0,0.0
12586,633,129,Undirected,21,0.0,0.0
12587,1324,725,Undirected,1,0.0,0.0
12588,876,876,Undirected,103,0.0,0.0
12589,625,1828,Undirected,6,0.0,0.0
12590,1000,818,Undirected,23,0.0,0.0
12591,1248,1780,Undirected,5,0.0,0.0
12592,940,1862,Undirected,9,0.0,0.0
12593,1195,1756,Undirected,14,0.0,0.0
12594,1257,1333,Undirected,2,0.0,0.0
12595,793,1140,Undirected,2,0.0,0.0
12596,1771,1461,Undirected,3,0.0,0.0
12597,819,1195,Undirected,1,0.0,0.0
12598,265,210,Undirected,1,0.0,0.0
12599,1305,1847,Undirected,1,0.0,0.0
12600,1401,1230,Undirected,1,0.0,0.0
12601,1568,1561,Undirected,15,0.0,0.0
12602,391,391,Undirected,25,0.0,0.0
12603,1012,543,Undirected,2,0.0,0.0
12604,686,1758,Undirected,16,0.0,0.0
12605,1696,561,Undirected,2,0.0,0.0
12606,627,1716,Undirected,42,0.0,0.0
12607,792,1924,Undirected,3,0.0,0.0
12608,341,341,Undirected,58,0.0,0.0
12609,285,1358,Undirected,1,0.0,0.0
12610,1459,604,Undirected,1,0.0,0.0
12611,273,1331,Undirected,2,0.0,0.0
12612,1498,1498,Undirected,1195,0.0,0.0
12613,1120,1012,Undirected,7,0.0,0.0
12614,1074,1815,Undirected,2,0.0,0.0
12615,1673,524,Undirected,16,0.0,0.0
12616,1897,1897,Undirected,28,0.0,0.0
12617,1177,1338,Undirected,15,0.0,0.0
12618,1018,1974,Undirected,1,0.0,0.0
12619,1521,76,Undirected,2,0.0,0.0
12620,659,925,Undirected,2,0.0,0.0
12621,1314,949,Undirected,1,0.0,0.0
12622,1344,798,Undirected,1,0.0,0.0
12623,893,1198,Undirected,1,0.0,0.0
12624,0,1604,Undirected,6,0.0,0.0
12625,609,609,Undirected,66,0.0,0.0
12626,1641,663,Undirected,2,0.0,0.0
12627,1721,1721,Undirected,237,0.0,0.0
12628,1490,1063,Undirected,1,0.0,0.0
12629,659,839,Undirected,4,0.0,0.0
12630,446,1031,Undirected,17,0.0,0.0
12631,1097,1137,Undirected,3,3.438988623421128e-07,0.29588802581397516
12632,1971,614,Undirected,1,0.0,0.0
12633,1195,567,Undirected,24,0.0,0.0
12634,722,523,Undirected,1,0.0,0.0
12635,1584,388,Undirected,1,0.0,0.0
12636,1758,1054,Undirected,1,0.0,0.0
12637,1314,325,Undirected,2,0.0,0.0
12638,1978,611,Undirected,2,0.0,0.0
12639,49,1386,Undirected,13,0.0,0.0
12640,1191,559,Undirected,49,0.0,0.0
12641,1598,1862,Undirected,2,0.0,0.0
12642,1155,1382,Undirected,1,0.0,0.0
12643,832,1534,Undirected,47,0.0,0.0
12644,1600,1159,Undirected,10,0.0,0.0
12645,1288,499,Undirected,1,0.0,0.0
12646,504,1234,Undirected,8,0.0,0.0
12647,1778,1149,Undirected,6,0.0,0.0
12648,551,1079,Undirected,25,0.0,0.0
12649,1576,905,Undirected,5,0.0,0.0
12650,842,1948,Undirected,1,0.0,0.0
12651,1250,1660,Undirected,2,0.0,0.0
12652,1315,765,Undirected,2,0.0,0.0
12653,1074,818,Undirected,1,0.0,0.0
12654,1856,643,Undirected,2,0.0,0.0
12655,19,1119,Undirected,1,0.0,0.0
12656,468,309,Undirected,1,0.0,0.0
12657,1257,1027,Undirected,4,3.362952570836259e-07,0.28934594034826544
12658,1049,782,Undirected,86,0.0,0.0
12659,1677,1231,Undirected,2,0.0,0.0
12660,469,127,Undirected,1,0.0,0.0
12661,1162,1382,Undirected,16,0.0,0.0
12662,1382,1382,Undirected,320,0.0,0.0
12663,163,163,Undirected,12,0.0,0.0
12664,1257,1682,Undirected,1,0.0,0.0
12665,1344,1476,Undirected,5,0.0,0.0
12666,129,228,Undirected,2,0.0,0.0
12667,820,222,Undirected,1,0.0,0.0
12668,1969,813,Undirected,10,0.0,0.0
12669,1883,1195,Undirected,59,0.0,0.0
12670,936,870,Undirected,1,0.0,0.0
12671,1539,118,Undirected,13,0.0,0.0
12672,1998,1031,Undirected,1,0.0,0.0
12673,1739,980,Undirected,20,0.0,0.0
12674,819,1686,Undirected,5,0.0,0.0
12675,1640,764,Undirected,1,0.0,0.0
12676,1561,1561,Undirected,53,0.0,0.0
12677,1621,1815,Undirected,1,0.0,0.0
12678,583,583,Undirected,381,0.0,0.0
12679,1119,999,Undirected,2,0.0,0.0
12680,804,1437,Undirected,1,0.0,0.0
12681,625,1511,Undirected,7,0.0,0.0
12682,192,192,Undirected,69,0.0,0.0
12683,1162,1159,Undirected,13,0.0,0.0
12684,1705,1820,Undirected,1,0.0,0.0
12685,1101,894,Undirected,5,0.0,0.0
12686,220,220,Undirected,81,0.0,0.0
12687,1813,1774,Undirected,1,0.0,0.0
12688,394,342,Undirected,1,0.0,0.0
12689,587,1988,Undirected,1,0.0,0.0
12690,1434,1375,Undirected,17,0.0,0.0
12691,45,575,Undirected,3,0.0,0.0
12692,1200,1359,Undirected,4,0.0,0.0
12693,1490,1395,Undirected,1,0.0,0.0
12694,1786,1786,Undirected,276,0.0,0.0
12695,661,1382,Undirected,3,0.0,0.0
12696,1292,1292,Undirected,37,0.0,0.0
12697,1754,995,Undirected,3,0.0,0.0
12698,612,1758,Undirected,2,0.0,0.0
12699,1546,1893,Undirected,5,0.0,0.0
12700,1571,494,Undirected,3,0.0,0.0
12701,1242,1621,Undirected,4,0.0,0.0
12702,816,1469,Undirected,1,0.0,0.0
12703,936,19,Undirected,4,0.0,0.0
12704,371,1604,Undirected,1,0.0,0.0
12705,1529,1194,Undirected,4,0.0,0.0
12706,1056,1162,Undirected,4,0.0,0.0
12707,1600,1491,Undirected,9,0.0,0.0
12708,1380,853,Undirected,1,0.0,0.0
12709,906,1276,Undirected,1,0.0,0.0
12710,1685,1685,Undirected,7,0.0,0.0
12711,188,350,Undirected,2,0.0,0.0
12712,212,837,Undirected,5,0.0,0.0
12713,1552,1552,Undirected,2,0.0,0.0
12714,233,1450,Undirected,2,0.0,0.0
12715,819,396,Undirected,1,0.0,0.0
12716,1281,1973,Undirected,2,0.0,0.0
12717,2,1117,Undirected,4,0.0,0.0
12718,198,1030,Undirected,58,0.0,0.0
12719,187,783,Undirected,1,0.0,0.0
12720,33,1884,Undirected,1,0.0,0.0
12721,1934,182,Undirected,8,0.0,0.0
12722,988,484,Undirected,1,0.0,0.0
12723,1828,567,Undirected,3,0.0,0.0
12724,1756,1734,Undirected,7,0.0,0.0
12725,1531,574,Undirected,7,0.0,0.0
12726,978,978,Undirected,30,0.0,0.0
12727,528,1315,Undirected,11,0.0,0.0
12728,1089,1162,Undirected,2,0.0,0.0
12729,1466,1254,Undirected,38,0.0,0.0
12730,969,468,Undirected,1,0.0,0.0
12731,1409,359,Undirected,4,0.0,0.0
12732,538,909,Undirected,3,0.0,0.0
12733,1811,1948,Undirected,12,0.0,0.0
12734,1590,1590,Undirected,95,0.0,0.0
12735,939,1716,Undirected,26,0.0,0.0
12736,1258,830,Undirected,1,0.0,0.0
12737,1348,125,Undirected,2,0.0,0.0
12738,675,1855,Undirected,2,0.0,0.0
12739,148,789,Undirected,2,0.0,0.0
12740,642,1636,Undirected,20,0.0,0.0
12741,776,791,Undirected,1,0.0,0.0
12742,1273,1861,Undirected,6,0.0,0.0
12743,256,1229,Undirected,12,0.0,0.0
12744,1619,1437,Undirected,2,0.0,0.0
12745,1082,765,Undirected,5,0.0,0.0
12746,1713,1450,Undirected,9,0.0,0.0
12747,1010,684,Undirected,1,0.0,0.0
12748,1296,1338,Undirected,4,0.0,0.0
12749,1954,939,Undirected,5,0.0,0.0
12750,1825,159,Undirected,1,0.0,0.0
12751,628,628,Undirected,42,0.0,0.0
12752,939,1863,Undirected,2,0.0,0.0
12753,1666,1187,Undirected,2,0.0,0.0
12754,184,666,Undirected,2,0.0,0.0
12755,1989,661,Undirected,16,0.0,0.0
12756,692,1725,Undirected,2,4.724296780334732e-07,0.40647498458484577
12757,1553,1410,Undirected,10,0.0,0.0
12758,1905,292,Undirected,2,0.0,0.0
12759,529,1375,Undirected,2,0.0,0.0
12760,1372,813,Undirected,2,0.0,0.0
12761,937,388,Undirected,5,0.0,0.0
12762,1356,1607,Undirected,3,0.0,0.0
12763,1833,1806,Undirected,3,0.0,0.0
12764,913,913,Undirected,14,0.0,0.0
12765,1691,1332,Undirected,4,0.0,0.0
12766,1500,1798,Undirected,2,0.0,0.0
12767,759,1959,Undirected,8,0.0,0.0
12768,814,814,Undirected,385,0.0,0.0
12769,610,1923,Undirected,1,0.0,0.0
12770,1582,1582,Undirected,102,0.0,0.0
12771,129,1332,Undirected,13,0.0,0.0
12772,691,581,Undirected,10,0.0,0.0
12773,825,1934,Undirected,1,0.0,0.0
12774,1516,863,Undirected,34,0.0,0.0
12775,1620,1620,Undirected,83,0.0,0.0
12776,997,997,Undirected,12,0.0,0.0
12777,1320,922,Undirected,2,0.0,0.0
12778,1063,1599,Undirected,1,0.0,0.0
12779,1420,1780,Undirected,2,0.0,0.0
12780,1856,388,Undirected,1,0.0,0.0
12781,1308,679,Undirected,2,0.0,0.0
12782,216,825,Undirected,11,0.0,0.0
12783,129,1863,Undirected,1,0.0,0.0
12784,1936,1936,Undirected,21,0.0,0.0
12785,1681,1602,Undirected,36,0.0,0.0
12786,1424,868,Undirected,63,0.0,0.0
12787,1021,1021,Undirected,72,0.0,0.0
12788,472,130,Undirected,1,0.0,0.0
12789,496,1988,Undirected,13,0.0,0.0
12790,945,1777,Undirected,1,0.0,0.0
12791,1018,1455,Undirected,29,0.0,0.0
12792,1725,191,Undirected,74,0.0,0.0
12793,1713,109,Undirected,16,0.0,0.0
12794,864,324,Undirected,2,0.0,0.0
12795,1681,1529,Undirected,8,0.0,0.0
12796,266,558,Undirected,3,0.0,0.0
12797,1674,1974,Undirected,2,0.0,0.0
12798,1780,1509,Undirected,10,0.0,0.0
12799,1728,1270,Undirected,4,0.0,0.0
12800,1264,719,Undirected,4,0.0,0.0
12801,1009,1596,Undirected,1,0.0,0.0
12802,1027,1693,Undirected,1,0.0,0.0
12803,1528,1528,Undirected,62,0.0,0.0
12804,1258,147,Undirected,1,0.0,0.0
12805,1700,799,Undirected,22,0.0,0.0
12806,331,1766,Undirected,33,0.0,0.0
12807,1170,100,Undirected,10,0.0,0.0
12808,1371,271,Undirected,6,0.0,0.0
12809,612,1734,Undirected,2,0.0,0.0
12810,1679,1223,Undirected,2,0.0,0.0
12811,1042,1999,Undirected,4,0.0,0.0
12812,1605,646,Undirected,1,0.0,0.0
12813,1600,1476,Undirected,3,0.0,0.0
12814,1350,7,Undirected,14,2.9906891337224093e-07,0.25731667082984355
12815,1818,630,Undirected,1,0.0,0.0
12816,589,925,Undirected,1,0.0,0.0
12817,1410,1933,Undirected,20,0.0,0.0
12818,1376,502,Undirected,49,0.0,0.0
12819,1929,1019,Undirected,1,0.0,0.0
12820,1969,1834,Undirected,1,0.0,0.0
12821,1848,1434,Undirected,3,0.0,0.0
12822,1162,1879,Undirected,2,0.0,0.0
12823,497,1895,Undirected,4,0.0,0.0
12824,1882,1774,Undirected,1,0.0,0.0
12825,1576,1129,Undirected,2,0.0,0.0
12826,392,1810,Undirected,5,0.0,0.0
12827,1712,947,Undirected,20,0.0,0.0
12828,25,725,Undirected,1,0.0,0.0
12829,1450,1055,Undirected,14,0.0,0.0
12830,1042,1925,Undirected,4,0.0,0.0
12831,81,1657,Undirected,1,0.0,0.0
12832,1357,814,Undirected,1,0.0,0.0
12833,1385,1899,Undirected,2,0.0,0.0
12834,1600,1223,Undirected,1,0.0,0.0
12835,1602,1318,Undirected,1,0.0,0.0
12836,1619,1813,Undirected,1,0.0,0.0
12837,513,1150,Undirected,22,0.0,0.0
12838,698,1162,Undirected,2,0.0,0.0
12839,891,511,Undirected,1,0.0,0.0
12840,115,877,Undirected,6,0.0,0.0
12841,472,472,Undirected,55,0.0,0.0
12842,780,1813,Undirected,9,0.0,0.0
12843,249,683,Undirected,2,0.0,0.0
12844,659,1932,Undirected,19,0.0,0.0
12845,1246,1903,Undirected,1,0.0,0.0
12846,1348,1855,Undirected,2,0.0,0.0
12847,1281,1254,Undirected,5,0.0,0.0
12848,556,556,Undirected,154,0.0,0.0
12849,638,14,Undirected,1,0.0,0.0
12850,1096,1082,Undirected,2,0.0,0.0
12851,339,827,Undirected,22,0.0,0.0
12852,341,1134,Undirected,1,0.0,0.0
12853,1691,788,Undirected,1,0.0,0.0
12854,689,949,Undirected,4,0.0,0.0
12855,1462,1911,Undirected,1,0.0,0.0
12856,705,703,Undirected,3,0.0,0.0
12857,195,1491,Undirected,20,0.0,0.0
12858,1486,1486,Undirected,112,0.0,0.0
12859,1505,333,Undirected,3,0.0,0.0
12860,1042,1491,Undirected,6,0.0,0.0
12861,979,1453,Undirected,1,0.0,0.0
12862,1441,1158,Undirected,10,0.0,0.0
12863,1021,1086,Undirected,2,0.0,0.0
12864,64,740,Undirected,24,0.0,0.0
12865,576,1879,Undirected,26,0.0,0.0
12866,1704,1458,Undirected,2,0.0,0.0
12867,1616,1700,Undirected,3,0.0,0.0
12868,521,521,Undirected,8,0.0,0.0
12869,1400,1710,Undirected,1,0.0,0.0
12870,1515,1348,Undirected,1,0.0,0.0
12871,1681,1740,Undirected,2,0.0,0.0
12872,1348,342,Undirected,9,0.0,0.0
12873,392,560,Undirected,1,0.0,0.0
12874,1229,1270,Undirected,1,0.0,0.0
12875,1930,1951,Undirected,1,0.0,0.0
12876,1555,764,Undirected,46,0.0,0.0
12877,1136,1013,Undirected,3,0.0,0.0
12878,1798,1831,Undirected,2,0.0,0.0
12879,752,371,Undirected,7,0.0,0.0
12880,834,1111,Undirected,1,0.0,0.0
12881,1681,1434,Undirected,72,0.0,0.0
12882,1574,511,Undirected,2,0.0,0.0
12883,1666,517,Undirected,5,0.0,0.0
12884,1296,408,Undirected,9,0.0,0.0
12885,1288,81,Undirected,1,0.0,0.0
12886,1362,1588,Undirected,4,0.0,0.0
12887,1437,1437,Undirected,12,0.0,0.0
12888,1298,1963,Undirected,2,0.0,0.0
12889,706,1670,Undirected,4,0.0,0.0
12890,979,947,Undirected,1,0.0,0.0
12891,1828,1189,Undirected,2,0.0,0.0
12892,256,667,Undirected,1,0.0,0.0
12893,219,1676,Undirected,2,0.0,0.0
12894,864,1134,Undirected,2,0.0,0.0
12895,1227,1966,Undirected,8,0.0,0.0
12896,981,95,Undirected,1,0.0,0.0
12897,88,1554,Undirected,7,0.0,0.0
12898,60,60,Undirected,11,0.0,0.0
12899,500,1181,Undirected,5,0.0,0.0
12900,1097,1911,Undirected,1,0.0,0.0
12901,440,843,Undirected,3,0.0,0.0
12902,1762,20,Undirected,1,0.0,0.0
12903,961,1379,Undirected,1,0.0,0.0
12904,1585,989,Undirected,9,0.0,0.0
12905,113,348,Undirected,14,0.0,0.0
12906,1754,1754,Undirected,1110,0.0,0.0
12907,1811,1469,Undirected,4,0.0,0.0
12908,1920,1998,Undirected,2,0.0,0.0
12909,1141,1254,Undirected,24,0.0,0.0
12910,947,1375,Undirected,74,0.0,0.0
12911,787,750,Undirected,1,0.0,0.0
12912,984,1091,Undirected,4,0.0,0.0
12913,641,807,Undirected,1,0.0,0.0
12914,1232,1803,Undirected,1,0.0,0.0
12915,1174,1566,Undirected,2,0.0,0.0
12916,1817,1202,Undirected,3,0.0,0.0
12917,617,1205,Undirected,2,0.0,0.0
12918,1178,1035,Undirected,5,0.0,0.0
12919,739,1485,Undirected,13,0.0,0.0
12920,194,949,Undirected,2,0.0,0.0
12921,1681,378,Undirected,2,0.0,0.0
12922,1962,596,Undirected,32,0.0,0.0
12923,211,911,Undirected,1,0.0,0.0
12924,912,981,Undirected,14,0.0,0.0
12925,1995,893,Undirected,2,0.0,0.0
12926,961,1966,Undirected,1,0.0,0.0
12927,1577,1362,Undirected,24,0.0,0.0
12928,291,1463,Undirected,11,0.0,0.0
12929,1781,1781,Undirected,20,0.0,0.0
12930,1770,1506,Undirected,10,0.0,0.0
12931,1197,270,Undirected,1,0.0,0.0
12932,1195,813,Undirected,31,0.0,0.0
12933,984,312,Undirected,1,0.0,0.0
12934,617,1310,Undirected,1,0.0,0.0
12935,577,1611,Undirected,7,0.0,0.0
12936,435,1092,Undirected,2,0.0,0.0
12937,1971,317,Undirected,12,0.0,0.0
12938,1530,1917,Undirected,1,0.0,0.0
12939,1345,969,Undirected,3,0.0,0.0
12940,1304,582,Undirected,4,0.0,0.0
12941,1947,909,Undirected,1,0.0,0.0
12942,1740,719,Undirected,17,0.0,0.0
12943,1072,341,Undirected,1,0.0,0.0
12944,1963,1279,Undirected,13,0.0,0.0
12945,907,1924,Undirected,1,0.0,0.0
12946,118,1935,Undirected,20,0.0,0.0
12947,1648,382,Undirected,1,0.0,0.0
12948,306,1483,Undirected,37,0.0,0.0
12949,1605,1775,Undirected,6,0.0,0.0
12950,1800,1995,Undirected,7,0.0,0.0
12951,220,1326,Undirected,1,0.0,0.0
12952,913,1243,Undirected,1,0.0,0.0
12953,3,596,Undirected,181,0.0,0.0
12954,155,1775,Undirected,1,0.0,0.0
12955,746,260,Undirected,23,0.0,0.0
12956,1611,1683,Undirected,11,0.0,0.0
12957,1995,1995,Undirected,217,0.0,0.0
12958,66,427,Undirected,3,0.0,0.0
12959,1674,1155,Undirected,4,0.0,0.0
12960,1106,1106,Undirected,69,0.0,0.0
12961,1737,1382,Undirected,3,0.0,0.0
12962,1834,271,Undirected,10,0.0,0.0
12963,1618,1636,Undirected,4,0.0,0.0
12964,1696,1918,Undirected,1,0.0,0.0
12965,1233,1199,Undirected,1,0.0,0.0
12966,1788,1150,Undirected,1,0.0,0.0
12967,1508,996,Undirected,1,0.0,0.0
12968,1375,1319,Undirected,5,0.0,0.0
12969,157,1870,Undirected,4,0.0,0.0
12970,1833,1999,Undirected,2,0.0,0.0
12971,1755,1383,Undirected,26,0.0,0.0
12972,712,489,Undirected,1,0.0,0.0
12973,770,231,Undirected,1,0.0,0.0
12974,632,1598,Undirected,1,0.0,0.0
12975,411,1815,Undirected,2,0.0,0.0
12976,1018,378,Undirected,1,0.0,0.0
12977,730,898,Undirected,1,0.0,0.0
12978,1509,1318,Undirected,4,0.0,0.0
12979,659,454,Undirected,1,0.0,0.0
12980,914,1853,Undirected,3,2.8509883790045886e-07,0.24529692169875827
12981,1162,1596,Undirected,1,0.0,0.0
12982,791,791,Undirected,17,0.0,0.0
12983,1032,1684,Undirected,1,0.0,0.0
12984,1162,1675,Undirected,20,0.0,0.0
12985,728,947,Undirected,3,0.0,0.0
12986,757,909,Undirected,1,0.0,0.0
12987,736,617,Undirected,1,0.0,0.0
12988,1739,308,Undirected,15,0.0,0.0
12989,564,1029,Undirected,1,0.0,0.0
12990,1280,3,Undirected,1,0.0,0.0
12991,599,983,Undirected,4,0.0,0.0
12992,1850,655,Undirected,6,3.9526464219098095e-07,0.34008276112181485
12993,1267,1700,Undirected,2,0.0,0.0
12994,1032,612,Undirected,2,0.0,0.0
12995,1326,1455,Undirected,2,0.0,0.0
12996,1098,1098,Undirected,131,0.0,0.0
12997,1900,719,Undirected,3,0.0,0.0
12998,1536,382,Undirected,33,0.0,0.0
12999,712,1887,Undirected,56,0.0,0.0
13000,391,1831,Undirected,9,0.0,0.0
13001,1928,728,Undirected,3,0.0,0.0
13002,1037,223,Undirected,4,0.0,0.0
13003,424,1511,Undirected,3,0.0,0.0
13004,612,1996,Undirected,149,0.0,0.0
13005,257,257,Undirected,4,0.0,0.0
13006,1929,641,Undirected,5,0.0,0.0
13007,642,542,Undirected,5,0.0,0.0
13008,1756,1318,Undirected,1,0.0,0.0
13009,1720,728,Undirected,79,0.0,0.0
13010,776,1091,Undirected,2,0.0,0.0
13011,1837,1455,Undirected,2,0.0,0.0
13012,622,1511,Undirected,105,0.0,0.0
13013,1125,1125,Undirected,5,0.0,0.0
13014,1180,782,Undirected,48,0.0,0.0
13015,458,1762,Undirected,2,0.0,0.0
13016,1261,1287,Undirected,13,0.0,0.0
13017,256,1482,Undirected,38,0.0,0.0
13018,1745,1429,Undirected,18,0.0,0.0
13019,1218,1741,Undirected,4,0.0,0.0
13020,0,780,Undirected,3,0.0,0.0
13021,1848,985,Undirected,80,0.0,0.0
13022,1434,1357,Undirected,2,0.0,0.0
13023,1576,1222,Undirected,2,0.0,0.0
13024,1155,567,Undirected,8,0.0,0.0
13025,1920,1853,Undirected,12,4.6196621113440626e-07,0.39747229541382184
13026,1731,509,Undirected,1,0.0,0.0
13027,1906,53,Undirected,1,0.0,0.0
13028,1605,893,Undirected,3,0.0,0.0
13029,704,1239,Undirected,1,0.0,0.0
13030,1983,1983,Undirected,64,0.0,0.0
13031,407,407,Undirected,9,0.0,0.0
13032,794,579,Undirected,1,0.0,0.0
13033,1833,1356,Undirected,1,0.0,0.0
13034,980,812,Undirected,2,0.0,0.0
13035,1848,1984,Undirected,2,0.0,0.0
13036,1067,1902,Undirected,1,0.0,0.0
13037,432,1303,Undirected,2,0.0,0.0
13038,752,1556,Undirected,19,0.0,0.0
13039,0,1945,Undirected,4,0.0,0.0
13040,1385,262,Undirected,14,0.0,0.0
13041,406,1327,Undirected,2,0.0,0.0
13042,336,1900,Undirected,3,0.0,0.0
13043,1916,470,Undirected,2,0.0,0.0
13044,1785,1505,Undirected,1,0.0,0.0
13045,1913,1178,Undirected,11,0.0,0.0
13046,1195,1254,Undirected,8,0.0,0.0
13047,770,770,Undirected,87,0.0,0.0
13048,151,1327,Undirected,2,0.0,0.0
13049,490,1354,Undirected,1,0.0,0.0
13050,1714,1879,Undirected,1,0.0,0.0
13051,674,1508,Undirected,6,0.0,0.0
13052,404,404,Undirected,150,0.0,0.0
13053,1160,947,Undirected,2,0.0,0.0
13054,1058,1733,Undirected,2,0.0,0.0
13055,1396,45,Undirected,3,0.0,0.0
13056,1491,1269,Undirected,2,0.0,0.0
13057,1641,1254,Undirected,18,0.0,0.0
13058,952,1868,Undirected,19,0.0,0.0
13059,1257,1510,Undirected,6,0.0,0.0
13060,1616,1604,Undirected,2,0.0,0.0
13061,1208,1111,Undirected,46,0.0,0.0
13062,1162,506,Undirected,1,0.0,0.0
13063,1632,1602,Undirected,1,0.0,0.0
13064,1996,956,Undirected,4,0.0,0.0
13065,1848,1375,Undirected,44,0.0,0.0
13066,1776,789,Undirected,51,0.0,0.0
13067,160,1847,Undirected,1,0.0,0.0
13068,36,36,Undirected,138,0.0,0.0
13069,270,1199,Undirected,4,0.0,0.0
13070,1556,334,Undirected,1,0.0,0.0
13071,882,909,Undirected,1,0.0,0.0
13072,590,1870,Undirected,3,2.9368772128837985e-07,0.25268673314591056
13073,1411,1411,Undirected,3,0.0,0.0
13074,640,1647,Undirected,3,0.0,0.0
13075,1018,1602,Undirected,9,0.0,0.0
13076,1706,1650,Undirected,1,0.0,0.0
13077,1485,662,Undirected,1,0.0,0.0
13078,690,1774,Undirected,1,0.0,0.0
13079,1354,1628,Undirected,4,0.0,0.0
13080,1335,1335,Undirected,8,0.0,0.0
13081,1737,517,Undirected,1,0.0,0.0
13082,1640,1925,Undirected,1,0.0,0.0
13083,765,485,Undirected,1,0.0,0.0
13084,1344,631,Undirected,1,0.0,0.0
13085,1521,1986,Undirected,1,0.0,0.0
13086,1219,1453,Undirected,79,0.0,0.0
13087,1903,1903,Undirected,24,0.0,0.0
13088,787,1971,Undirected,8,0.0,0.0
13089,833,1341,Undirected,1,0.0,0.0
13090,1595,1588,Undirected,1,0.0,0.0
13091,940,495,Undirected,1,0.0,0.0
13092,1594,1463,Undirected,4,0.0,0.0
13093,794,772,Undirected,1,0.0,0.0
13094,64,807,Undirected,4,0.0,0.0
13095,1344,1232,Undirected,1,0.0,0.0
13096,400,1935,Undirected,4,0.0,0.0
13097,138,1021,Undirected,1,0.0,0.0
13098,1097,516,Undirected,1,0.0,0.0
13099,1043,1443,Undirected,7,0.0,0.0
13100,995,1195,Undirected,69,0.0,0.0
13101,1605,287,Undirected,1,0.0,0.0
13102,1042,1162,Undirected,33,0.0,0.0
13103,1533,1533,Undirected,68,0.0,0.0
13104,969,1644,Undirected,1,0.0,0.0
13105,1596,1997,Undirected,4,0.0,0.0
13106,456,1941,Undirected,2,0.0,0.0
13107,1668,1814,Undirected,39,0.0,0.0
13108,1700,1596,Undirected,2,0.0,0.0
13109,1424,1070,Undirected,2,0.0,0.0
13110,529,1938,Undirected,1,0.0,0.0
13111,1602,1382,Undirected,9,0.0,0.0
13112,1082,102,Undirected,5,6.00817811483915e-07,0.5169391806158323
13113,1299,1059,Undirected,8,0.0,0.0
13114,635,230,Undirected,1,0.0,0.0
13115,176,396,Undirected,11,0.0,0.0
13116,984,1235,Undirected,1,0.0,0.0
13117,1756,1044,Undirected,6,0.0,0.0
13118,445,878,Undirected,4,0.0,0.0
13119,816,898,Undirected,1,0.0,0.0
13120,459,710,Undirected,15,0.0,0.0
13121,880,1204,Undirected,1,0.0,0.0
13122,1897,702,Undirected,1,0.0,0.0
13123,909,719,Undirected,82,0.0,0.0
13124,229,350,Undirected,17,0.0,0.0
13125,1812,1812,Undirected,5,0.0,0.0
13126,1137,102,Undirected,4,0.0,0.0
13127,1509,1453,Undirected,2,0.0,0.0
13128,1026,1247,Undirected,39,0.0,0.0
13129,547,191,Undirected,8,0.0,0.0
13130,1627,1774,Undirected,36,0.0,0.0
13131,693,1183,Undirected,2,0.0,0.0
13132,1379,1860,Undirected,22,0.0,0.0
13133,1003,741,Undirected,3,0.0,0.0
13134,1570,1989,Undirected,1,0.0,0.0
13135,254,254,Undirected,29,0.0,0.0
13136,420,182,Undirected,1,0.0,0.0
13137,1712,280,Undirected,81,0.0,0.0
13138,585,585,Undirected,148,0.0,0.0
13139,1474,1911,Undirected,1,0.0,0.0
13140,1498,1315,Undirected,4,0.0,0.0
13141,1858,949,Undirected,3,0.0,0.0
13142,1625,1625,Undirected,24,0.0,0.0
13143,1219,1804,Undirected,2,0.0,0.0
13144,858,1335,Undirected,2,0.0,0.0
13145,1641,710,Undirected,35,0.0,0.0
13146,1837,1959,Undirected,9,0.0,0.0
13147,194,638,Undirected,2,0.0,0.0
13148,996,351,Undirected,10,0.0,0.0
13149,1381,566,Undirected,3,0.0,0.0
13150,12,12,Undirected,94,0.0,0.0
13151,1921,692,Undirected,3,0.0,0.0
13152,1050,314,Undirected,13,0.0,0.0
13153,1753,1518,Undirected,3,0.0,0.0
13154,129,1611,Undirected,3,0.0,0.0
13155,1556,1340,Undirected,2,0.0,0.0
13156,1018,1547,Undirected,6,0.0,0.0
13157,460,1598,Undirected,20,0.0,0.0
13158,1376,1403,Undirected,4,0.0,0.0
13159,761,27,Undirected,1,0.0,0.0
13160,1394,492,Undirected,6,0.0,0.0
13161,1568,1159,Undirected,2,0.0,0.0
13162,1457,693,Undirected,14,4.259908340896286e-07,0.36651934832002403
13163,441,563,Undirected,2,0.0,0.0
13164,1834,853,Undirected,8,0.0,0.0
13165,1365,111,Undirected,8,0.0,0.0
13166,105,1093,Undirected,1,0.0,0.0
13167,561,1884,Undirected,14,0.0,0.0
13168,195,253,Undirected,1,0.0,0.0
13169,1619,443,Undirected,1,0.0,0.0
13170,1235,1644,Undirected,1,0.0,0.0
13171,1549,983,Undirected,13,0.0,0.0
13172,1091,1308,Undirected,3,0.0,0.0
13173,280,1420,Undirected,1,0.0,0.0
13174,1944,1945,Undirected,1,0.0,0.0
13175,266,1278,Undirected,2,0.0,0.0
13176,1033,1033,Undirected,96,0.0,0.0
13177,1194,1484,Undirected,1,0.0,0.0
13178,1938,612,Undirected,1,0.0,0.0
13179,1632,909,Undirected,1,0.0,0.0
13180,506,766,Undirected,1,0.0,0.0
13181,1633,1910,Undirected,5,0.0,0.0
13182,1605,301,Undirected,1,0.0,0.0
13183,793,194,Undirected,1,0.0,0.0
13184,333,1223,Undirected,5,0.0,0.0
13185,1837,1758,Undirected,11,0.0,0.0
13186,1985,1125,Undirected,2,0.0,0.0
13187,304,591,Undirected,21,0.0,0.0
13188,1714,973,Undirected,1,0.0,0.0
13189,1412,1487,Undirected,1,0.0,0.0
13190,1651,1667,Undirected,2,0.0,0.0
13191,1490,1837,Undirected,1,0.0,0.0
13192,1808,1327,Undirected,4,0.0,0.0
13193,1448,798,Undirected,1,0.0,0.0
13194,1986,1154,Undirected,1,0.0,0.0
13195,848,1624,Undirected,8,0.0,0.0
13196,1088,1193,Undirected,2,0.0,0.0
13197,1297,290,Undirected,1,0.0,0.0
13198,706,390,Undirected,37,0.0,0.0
13199,824,1432,Undirected,1,0.0,0.0
13200,1866,1740,Undirected,37,0.0,0.0
13201,1938,820,Undirected,1,0.0,0.0
13202,1938,1251,Undirected,5,0.0,0.0
13203,985,1455,Undirected,15,0.0,0.0
13204,1638,1638,Undirected,76,0.0,0.0
13205,1921,922,Undirected,2,0.0,0.0
13206,1129,1901,Undirected,2,0.0,0.0
13207,1162,1079,Undirected,6,0.0,0.0
13208,803,1349,Undirected,18,0.0,0.0
13209,1084,1735,Undirected,1,0.0,0.0
13210,1148,1693,Undirected,1,0.0,0.0
13211,1528,870,Undirected,2,0.0,0.0
13212,1739,1455,Undirected,84,0.0,0.0
13213,322,995,Undirected,4,0.0,0.0
13214,708,1190,Undirected,1,0.0,0.0
13215,1568,1833,Undirected,4,0.0,0.0
13216,760,214,Undirected,1,0.0,0.0
13217,1091,1628,Undirected,3,0.0,0.0
13218,680,1549,Undirected,14,0.0,0.0
13219,1816,1538,Undirected,2,0.0,0.0
13220,597,1535,Undirected,7,0.0,0.0
13221,611,1268,Undirected,5,0.0,0.0
13222,1093,1093,Undirected,269,0.0,0.0
13223,147,598,Undirected,1,0.0,0.0
13224,1883,995,Undirected,3,0.0,0.0
13225,363,1902,Undirected,2,0.0,0.0
13226,172,1942,Undirected,19,0.0,0.0
13227,993,228,Undirected,12,0.0,0.0
13228,28,1974,Undirected,4,0.0,0.0
13229,1434,1318,Undirected,2,0.0,0.0
13230,1476,1727,Undirected,3,0.0,0.0
13231,944,205,Undirected,29,0.0,0.0
13232,1067,1989,Undirected,22,0.0,0.0
13233,793,249,Undirected,14,0.0,0.0
13234,1031,1855,Undirected,1,0.0,0.0
13235,1754,1415,Undirected,2,0.0,0.0
13236,1009,1427,Undirected,4,0.0,0.0
13237,11,1933,Undirected,4,0.0,0.0
13238,1848,1371,Undirected,6,0.0,0.0
13239,217,217,Undirected,83,0.0,0.0
13240,1272,1513,Undirected,9,0.0,0.0
13241,690,1268,Undirected,7,0.0,0.0
13242,1848,1959,Undirected,1,0.0,0.0
13243,1425,1261,Undirected,11,0.0,0.0
13244,1992,1082,Undirected,1,0.0,0.0
13245,1028,1751,Undirected,3,0.0,0.0
13246,753,1273,Undirected,3,0.0,0.0
13247,931,724,Undirected,2,0.0,0.0
13248,1528,107,Undirected,1,0.0,0.0
13249,806,103,Undirected,75,0.0,0.0
13250,232,1321,Undirected,8,0.0,0.0
13251,1837,1078,Undirected,5,0.0,0.0
13252,516,1647,Undirected,3,0.0,0.0
13253,789,789,Undirected,85,0.0,0.0
13254,1946,1946,Undirected,26,0.0,0.0
13255,1827,275,Undirected,6,0.0,0.0
13256,1155,1078,Undirected,1,0.0,0.0
13257,1700,1269,Undirected,1,0.0,0.0
13258,866,866,Undirected,4,0.0,0.0
13259,472,539,Undirected,1,0.0,0.0
13260,1635,1635,Undirected,57,0.0,0.0
13261,1155,980,Undirected,21,0.0,0.0
13262,1289,940,Undirected,9,0.0,0.0
13263,1833,1695,Undirected,5,0.0,0.0
13264,1348,1847,Undirected,4,0.0,0.0
13265,640,640,Undirected,122,0.0,0.0
13266,947,308,Undirected,3,0.0,0.0
13267,1536,1351,Undirected,5,0.0,0.0
13268,1828,637,Undirected,26,0.0,0.0
13269,1995,1597,Undirected,2,0.0,0.0
13270,1794,1694,Undirected,1,0.0,0.0
13271,1488,865,Undirected,1,0.0,0.0
13272,722,877,Undirected,1,0.0,0.0
13273,723,1414,Undirected,5,0.0,0.0
13274,1530,1851,Undirected,1,0.0,0.0
13275,96,418,Undirected,2,0.0,0.0
13276,1568,1032,Undirected,2,0.0,0.0
13277,1072,1566,Undirected,1,0.0,0.0
13278,694,694,Undirected,39,0.0,0.0
13279,561,1719,Undirected,1,0.0,0.0
13280,537,1293,Undirected,2,0.0,0.0
13281,616,569,Undirected,2,0.0,0.0
13282,354,669,Undirected,1,0.0,0.0
13283,48,476,Undirected,4,0.0,0.0
13284,1969,1484,Undirected,69,0.0,0.0
13285,972,1022,Undirected,1,0.0,0.0
13286,1996,1828,Undirected,3,0.0,0.0
13287,1645,677,Undirected,1,0.0,0.0
13288,1747,860,Undirected,11,0.0,0.0
13289,1303,1303,Undirected,71,0.0,0.0
13290,226,1182,Undirected,1,0.0,0.0
13291,336,829,Undirected,1,0.0,0.0
13292,1754,980,Undirected,49,0.0,0.0
13293,1192,1192,Undirected,160,0.0,0.0
13294,1633,1991,Undirected,2,0.0,0.0
13295,1049,1049,Undirected,109,0.0,0.0
13296,643,661,Undirected,1,0.0,0.0
13297,400,1808,Undirected,1,0.0,0.0
13298,1588,1173,Undirected,1,0.0,0.0
13299,72,1463,Undirected,1,0.0,0.0
13300,1892,1004,Undirected,3,0.0,0.0
13301,290,1637,Undirected,2,0.0,0.0
13302,1555,1675,Undirected,1,0.0,0.0
13303,1707,686,Undirected,6,0.0,0.0
13304,1352,1027,Undirected,1,0.0,0.0
13305,1027,1605,Undirected,5,0.0,0.0
13306,1832,1832,Undirected,35,0.0,0.0
13307,1610,1765,Undirected,1,0.0,0.0
13308,1106,1582,Undirected,1,0.0,0.0
13309,68,295,Undirected,1,0.0,0.0
13310,1556,973,Undirected,4,0.0,0.0
13311,13,574,Undirected,1,0.0,0.0
13312,1768,1766,Undirected,19,3.210231348439847e-07,0.27620591985299037
13313,1607,663,Undirected,1,0.0,0.0
13314,0,1812,Undirected,2,0.0,0.0
13315,1681,612,Undirected,1,0.0,0.0
13316,1368,1954,Undirected,6,0.0,0.0
13317,667,667,Undirected,147,0.0,0.0
13318,1092,1093,Undirected,1,0.0,0.0
13319,1448,942,Undirected,2,0.0,0.0
13320,788,1207,Undirected,1,0.0,0.0
13321,1448,1813,Undirected,42,0.0,0.0
13322,1568,1682,Undirected,1,0.0,0.0
13323,177,177,Undirected,483,0.0,0.0
13324,1448,587,Undirected,13,0.0,0.0
13325,1513,130,Undirected,7,0.0,0.0
13326,230,1703,Undirected,2,0.0,0.0
13327,1827,1959,Undirected,15,0.0,0.0
13328,979,1987,Undirected,4,0.0,0.0
13329,206,206,Undirected,10,0.0,0.0
13330,680,1031,Undirected,3,0.0,0.0
13331,1481,1022,Undirected,2,0.0,0.0
13332,248,404,Undirected,1,0.0,0.0
13333,1969,1974,Undirected,10,0.0,0.0
13334,1498,146,Undirected,30,0.0,0.0
13335,1211,1060,Undirected,22,0.0,0.0
13336,250,1652,Undirected,1,0.0,0.0
13337,1762,515,Undirected,3,0.0,0.0
13338,1155,1758,Undirected,12,0.0,0.0
13339,539,989,Undirected,1,0.0,0.0
13340,968,1675,Undirected,1,0.0,0.0
13341,528,689,Undirected,12,0.0,0.0
13342,1098,620,Undirected,2,0.0,0.0
13343,1928,1529,Undirected,1,0.0,0.0
13344,1908,1908,Undirected,64,0.0,0.0
13345,1042,195,Undirected,15,0.0,0.0
13346,1484,1455,Undirected,18,0.0,0.0
13347,1639,719,Undirected,1,0.0,0.0
13348,1312,1689,Undirected,1,0.0,0.0
13349,197,975,Undirected,23,0.0,0.0
13350,1358,1542,Undirected,2,0.0,0.0
13351,1901,1901,Undirected,81,0.0,0.0
13352,1937,882,Undirected,2,0.0,0.0
13353,1009,1809,Undirected,1,0.0,0.0
13354,1635,183,Undirected,6,0.0,0.0
13355,1786,1061,Undirected,20,0.0,0.0
13356,1798,1903,Undirected,2,0.0,0.0
13357,1874,693,Undirected,5,0.0,0.0
13358,1988,1964,Undirected,1,0.0,0.0
13359,1382,1774,Undirected,1,0.0,0.0
13360,1948,414,Undirected,7,0.0,0.0
13361,1561,909,Undirected,5,0.0,0.0
13362,1534,1823,Undirected,44,0.0,0.0
13363,1425,1297,Undirected,7,0.0,0.0
13364,1000,1324,Undirected,3,0.0,0.0
13365,1819,1324,Undirected,1,0.0,0.0
13366,45,1030,Undirected,56,0.0,0.0
13367,810,838,Undirected,1,0.0,0.0
13368,1918,1903,Undirected,1,0.0,0.0
13369,1586,1818,Undirected,1,0.0,0.0
13370,1184,1184,Undirected,21,0.0,0.0
13371,1376,1167,Undirected,5,0.0,0.0
13372,912,1486,Undirected,2,0.0,0.0
13373,690,258,Undirected,2,0.0,0.0
13374,1605,1847,Undirected,1,0.0,0.0
13375,1411,1917,Undirected,3,0.0,0.0
13376,1395,1772,Undirected,18,0.0,0.0
13377,635,1703,Undirected,1,0.0,0.0
13378,669,669,Undirected,131,0.0,0.0
13379,1602,455,Undirected,42,0.0,0.0
13380,909,1839,Undirected,1,0.0,0.0
13381,1776,895,Undirected,6,0.0,0.0
13382,266,1467,Undirected,15,0.0,0.0
13383,1739,853,Undirected,2,0.0,0.0
13384,1860,1020,Undirected,1,0.0,0.0
13385,1703,1743,Undirected,3,0.0,0.0
13386,955,286,Undirected,2,0.0,0.0
13387,1035,551,Undirected,2,0.0,0.0
13388,1984,812,Undirected,1,0.0,0.0
13389,825,1287,Undirected,12,0.0,0.0
13390,1043,788,Undirected,3,0.0,0.0
13391,1704,1995,Undirected,2,0.0,0.0
13392,1675,1740,Undirected,2,0.0,0.0
13393,240,1929,Undirected,1,0.0,0.0
13394,1338,1652,Undirected,1,0.0,0.0
13395,489,382,Undirected,4,0.0,0.0
13396,579,1963,Undirected,1,0.0,0.0
13397,625,178,Undirected,2,0.0,0.0
13398,1603,1476,Undirected,12,0.0,0.0
13399,1195,1780,Undirected,126,0.0,0.0
13400,466,1126,Undirected,1,0.0,0.0
13401,1323,429,Undirected,1,0.0,0.0
13402,1384,1803,Undirected,9,0.0,0.0
13403,1110,182,Undirected,1,0.0,0.0
13404,1401,1795,Undirected,7,4.938126387287998e-07,0.4248727250807242
13405,424,1316,Undirected,31,0.0,0.0
13406,1133,1133,Undirected,5,0.0,0.0
13407,1653,1549,Undirected,1,0.0,0.0
13408,579,1605,Undirected,1,0.0,0.0
13409,769,287,Undirected,1,0.0,0.0
13410,1681,1780,Undirected,55,0.0,0.0
13411,1825,1278,Undirected,1,0.0,0.0
13412,1051,1451,Undirected,2,0.0,0.0
13413,216,374,Undirected,5,0.0,0.0
13414,978,399,Undirected,43,0.0,0.0
13415,640,1213,Undirected,6,0.0,0.0
13416,1466,1375,Undirected,13,0.0,0.0
13417,1920,1289,Undirected,6,0.0,0.0
13418,1425,1043,Undirected,1,0.0,0.0
13419,163,1980,Undirected,11,0.0,0.0
13420,113,1135,Undirected,3,0.0,0.0
13421,536,66,Undirected,2,0.0,0.0
13422,564,591,Undirected,14,0.0,0.0
13423,1297,1771,Undirected,2,0.0,0.0
13424,1515,1271,Undirected,2,0.0,0.0
13425,1633,1751,Undirected,1,0.0,0.0
13426,979,1219,Undirected,3,0.0,0.0
13427,1355,716,Undirected,1,0.0,0.0
13428,1971,943,Undirected,2,0.0,0.0
13429,388,733,Undirected,3,0.0,0.0
13430,400,1050,Undirected,9,0.0,0.0
13431,1268,1806,Undirected,5,0.0,0.0
13432,281,788,Undirected,1,0.0,0.0
13433,1082,575,Undirected,6,0.0,0.0
13434,1632,639,Undirected,2,0.0,0.0
13435,1025,1165,Undirected,4,0.0,0.0
13436,272,1549,Undirected,2,0.0,0.0
13437,13,917,Undirected,7,0.0,0.0
13438,669,839,Undirected,1,0.0,0.0
13439,721,1762,Undirected,10,0.0,0.0
13440,1222,1527,Undirected,21,7.832364608958323e-07,0.673890831105588
13441,980,814,Undirected,7,0.0,0.0
13442,1824,1155,Undirected,35,0.0,0.0
13443,985,1251,Undirected,2,0.0,0.0
13444,1969,1740,Undirected,2,0.0,0.0
13445,1395,1597,Undirected,1,0.0,0.0
13446,615,1583,Undirected,4,0.0,0.0
13447,1729,1898,Undirected,1,0.0,0.0
13448,1769,186,Undirected,2,0.0,0.0
13449,1782,503,Undirected,1,0.0,0.0
13450,1937,399,Undirected,13,0.0,0.0
13451,1563,102,Undirected,5,0.0,0.0
13452,625,1195,Undirected,282,0.0,0.0
13453,1537,1429,Undirected,1,0.0,0.0
13454,1938,275,Undirected,1,0.0,0.0
13455,1220,550,Undirected,5,0.0,0.0
13456,1296,1083,Undirected,4,0.0,0.0
13457,880,1223,Undirected,3,0.0,0.0
13458,289,1109,Undirected,1,0.0,0.0
13459,1912,1469,Undirected,1,0.0,0.0
13460,424,1195,Undirected,54,0.0,0.0
13461,1959,1319,Undirected,220,0.0,0.0
13462,130,1415,Undirected,15,0.0,0.0
13463,626,1748,Undirected,1,0.0,0.0
13464,472,814,Undirected,1,0.0,0.0
13465,1114,1462,Undirected,7,0.0,0.0
13466,81,1652,Undirected,1,0.0,0.0
13467,601,662,Undirected,2,0.0,0.0
13468,568,1664,Undirected,1,0.0,0.0
13469,1057,1226,Undirected,8,0.0,0.0
13470,544,1630,Undirected,1,0.0,0.0
13471,476,476,Undirected,79,0.0,0.0
13472,625,1780,Undirected,190,0.0,0.0
13473,251,38,Undirected,2,0.0,0.0
13474,1318,1503,Undirected,2,0.0,0.0
13475,1001,1259,Undirected,10,0.0,0.0
13476,1674,758,Undirected,28,0.0,0.0
13477,533,533,Undirected,62,0.0,0.0
13478,1139,877,Undirected,4,0.0,0.0
13479,1049,1721,Undirected,98,0.0,0.0
13480,1757,1925,Undirected,4,0.0,0.0
13481,1696,462,Undirected,51,0.0,0.0
13482,1009,834,Undirected,9,0.0,0.0
13483,1484,1078,Undirected,1,0.0,0.0
13484,803,1247,Undirected,70,0.0,0.0
13485,1139,1747,Undirected,2,0.0,0.0
13486,472,1033,Undirected,2,0.0,0.0
13487,1137,1563,Undirected,4,0.0,0.0
13488,496,758,Undirected,1,0.0,0.0
13489,1800,1269,Undirected,2,0.0,0.0
13490,1883,1219,Undirected,8,0.0,0.0
13491,795,972,Undirected,7,0.0,0.0
13492,1824,874,Undirected,1,0.0,0.0
13493,690,1275,Undirected,2,0.0,0.0
13494,1882,1727,Undirected,1,0.0,0.0
13495,1186,1940,Undirected,2,0.0,0.0
13496,1618,1555,Undirected,20,0.0,0.0
13497,1681,1783,Undirected,41,0.0,0.0
13498,1754,1063,Undirected,1,0.0,0.0
13499,1097,923,Undirected,33,0.0,0.0
13500,1644,1694,Undirected,2,0.0,0.0
13501,689,5,Undirected,14,0.0,0.0
13502,1018,995,Undirected,18,0.0,0.0
13503,1188,941,Undirected,7,0.0,0.0
13504,1186,628,Undirected,3,0.0,0.0
13505,1257,1570,Undirected,8,0.0,0.0
13506,625,1837,Undirected,104,0.0,0.0
13507,561,1798,Undirected,1,0.0,0.0
13508,1005,982,Undirected,6,0.0,0.0
13509,1596,1382,Undirected,9,0.0,0.0
13510,195,1983,Undirected,5,0.0,0.0
13511,1964,1596,Undirected,4,0.0,0.0
13512,973,551,Undirected,5,0.0,0.0
13513,632,1124,Undirected,3,0.0,0.0
13514,283,731,Undirected,1,0.0,0.0
13515,833,582,Undirected,2,0.0,0.0
13516,868,1837,Undirected,1,0.0,0.0
13517,546,1327,Undirected,3,0.0,0.0
13518,1846,1846,Undirected,39,0.0,0.0
13519,762,762,Undirected,137,0.0,0.0
13520,1808,406,Undirected,4,0.0,0.0
13521,410,975,Undirected,4,0.0,0.0
13522,1560,1595,Undirected,4,0.0,0.0
13523,948,1588,Undirected,2,0.0,0.0
13524,810,511,Undirected,9,0.0,0.0
13525,1053,1855,Undirected,4,0.0,0.0
13526,1945,579,Undirected,1,0.0,0.0
13527,1968,1405,Undirected,1,0.0,0.0
13528,1712,1800,Undirected,2,0.0,0.0
13529,1385,1861,Undirected,1,0.0,0.0
13530,527,527,Undirected,8,0.0,0.0
13531,1308,1573,Undirected,2,0.0,0.0
13532,340,830,Undirected,8,0.0,0.0
13533,40,708,Undirected,2,0.0,0.0
13534,11,891,Undirected,6,0.0,0.0
13535,1948,1383,Undirected,1,0.0,0.0
13536,1594,75,Undirected,2,0.0,0.0
13537,1006,1727,Undirected,1,0.0,0.0
13538,1810,590,Undirected,1,0.0,0.0
13539,1161,1716,Undirected,7,0.0,0.0
13540,612,1959,Undirected,2,0.0,0.0
13541,545,999,Undirected,1,0.0,0.0
13542,1633,1074,Undirected,17,0.0,0.0
13543,301,1911,Undirected,1,0.0,0.0
13544,195,719,Undirected,1,0.0,0.0
13545,268,268,Undirected,4,0.0,0.0
13546,1837,813,Undirected,11,0.0,0.0
13547,538,783,Undirected,2,0.0,0.0
13548,1029,1655,Undirected,4,0.0,0.0
13549,1395,1975,Undirected,1,0.0,0.0
13550,128,1453,Undirected,3,0.0,0.0
13551,538,1149,Undirected,2,0.0,0.0
13552,145,145,Undirected,185,0.0,0.0
13553,738,1820,Undirected,16,0.0,0.0
13554,178,1404,Undirected,1,0.0,0.0
13555,74,1539,Undirected,2,0.0,0.0
13556,1025,223,Undirected,1,0.0,0.0
13557,1394,267,Undirected,3,0.0,0.0
13558,566,1510,Undirected,30,0.0,0.0
13559,1932,1639,Undirected,1,0.0,0.0
13560,1643,244,Undirected,6,0.0,0.0
13561,1785,1599,Undirected,5,0.0,0.0
13562,1363,923,Undirected,13,0.0,0.0
13563,865,865,Undirected,57,0.0,0.0
13564,1744,722,Undirected,4,0.0,0.0
13565,1434,1827,Undirected,13,0.0,0.0
13566,608,1370,Undirected,1,0.0,0.0
13567,820,1839,Undirected,5,0.0,0.0
13568,730,495,Undirected,3,0.0,0.0
13569,640,1702,Undirected,4,0.0,0.0
13570,1297,621,Undirected,1,0.0,0.0
13571,229,229,Undirected,224,0.0,0.0
13572,1042,410,Undirected,2,0.0,0.0
13573,1360,383,Undirected,1,0.0,0.0
13574,173,1479,Undirected,17,0.0,0.0
13575,772,1607,Undirected,1,0.0,0.0
13576,1156,254,Undirected,10,0.0,0.0
13577,712,712,Undirected,147,0.0,0.0
13578,1699,542,Undirected,1,0.0,0.0
13579,1970,1572,Undirected,1,0.0,0.0
13580,1899,1935,Undirected,6,0.0,0.0
13581,1560,1333,Undirected,1,0.0,0.0
13582,1460,246,Undirected,1,0.0,0.0
13583,873,350,Undirected,6,0.0,0.0
13584,538,1618,Undirected,136,0.0,0.0
13585,1344,1937,Undirected,32,0.0,0.0
13586,1220,1158,Undirected,3,0.0,0.0
13587,378,1740,Undirected,31,0.0,0.0
13588,1790,1383,Undirected,1,0.0,0.0
13589,1090,1146,Undirected,1,0.0,0.0
13590,1073,250,Undirected,3,3.587836720342076e-07,0.3086948054712725
13591,1464,1250,Undirected,1,0.0,0.0
13592,1254,1607,Undirected,3,0.0,0.0
13593,1427,1187,Undirected,42,0.0,0.0
13594,1315,1598,Undirected,2,0.0,0.0
13595,898,1031,Undirected,1,0.0,0.0
13596,1824,1499,Undirected,1,0.0,0.0
13597,1897,1791,Undirected,1,0.0,0.0
13598,1390,839,Undirected,16,0.0,0.0
13599,1233,1972,Undirected,2,0.0,0.0
13600,1129,753,Undirected,1,0.0,0.0
13601,640,1383,Undirected,2,0.0,0.0
13602,1375,1375,Undirected,2763,0.0,0.0
13603,845,1855,Undirected,1,0.0,0.0
13604,953,1500,Undirected,1,0.0,0.0
13605,1876,1743,Undirected,1,0.0,0.0
13606,195,1734,Undirected,1,0.0,0.0
13607,16,214,Undirected,3,0.0,0.0
13608,265,1717,Undirected,2,0.0,0.0
13609,577,1242,Undirected,6,0.0,0.0
13610,827,1908,Undirected,2,0.0,0.0
13611,1700,909,Undirected,20,0.0,0.0
13612,1448,1978,Undirected,6,0.0,0.0
13613,1384,1476,Undirected,2,0.0,0.0
13614,1380,308,Undirected,3,0.0,0.0
13615,1068,365,Undirected,24,0.0,0.0
13616,1824,1078,Undirected,1,0.0,0.0
13617,920,1335,Undirected,2,0.0,0.0
13618,1274,1670,Undirected,17,0.0,0.0
13619,1598,1767,Undirected,3,0.0,0.0
13620,9,310,Undirected,4,0.0,0.0
13621,939,564,Undirected,3,0.0,0.0
13622,453,61,Undirected,4,0.0,0.0
13623,1195,887,Undirected,15,0.0,0.0
13624,1758,1375,Undirected,12,0.0,0.0
13625,34,34,Undirected,41,0.0,0.0
13626,640,1531,Undirected,6,0.0,0.0
13627,1813,661,Undirected,1,0.0,0.0
13628,1652,725,Undirected,79,0.0,0.0
13629,1809,1435,Undirected,1,0.0,0.0
13630,1909,558,Undirected,12,0.0,0.0
13631,1716,1716,Undirected,72,0.0,0.0
13632,1568,909,Undirected,17,0.0,0.0
13633,1476,1814,Undirected,3,0.0,0.0
13634,1136,468,Undirected,4,0.0,0.0
13635,188,1941,Undirected,8,0.0,0.0
13636,1002,148,Undirected,6,0.0,0.0
13637,400,1527,Undirected,87,0.0,0.0
13638,787,1259,Undirected,16,0.0,0.0
13639,1529,455,Undirected,4,0.0,0.0
13640,1420,813,Undirected,1,0.0,0.0
13641,1837,1343,Undirected,4,0.0,0.0
13642,439,439,Undirected,18,0.0,0.0
13643,1009,1597,Undirected,4,0.0,0.0
13644,1753,1916,Undirected,1,0.0,0.0
13645,1889,1889,Undirected,3,0.0,0.0
13646,970,770,Undirected,6,0.0,0.0
13647,1763,1974,Undirected,19,0.0,0.0
13648,118,118,Undirected,293,0.0,0.0
13649,979,1484,Undirected,6,0.0,0.0
13650,816,842,Undirected,2,0.0,0.0
13651,1179,1179,Undirected,6,0.0,0.0
13652,1434,1455,Undirected,30,0.0,0.0
13653,1136,1462,Undirected,2,0.0,0.0
13654,1283,628,Undirected,2,0.0,0.0
13655,1872,239,Undirected,9,0.0,0.0
13656,666,1559,Undirected,2,0.0,0.0
13657,1681,1155,Undirected,10,0.0,0.0
13658,1739,455,Undirected,10,0.0,0.0
13659,64,1993,Undirected,6,0.0,0.0
13660,640,1811,Undirected,21,0.0,0.0
13661,1538,1571,Undirected,2,0.0,0.0
13662,256,1649,Undirected,4,0.0,0.0
13663,433,1195,Undirected,23,0.0,0.0
13664,1163,1324,Undirected,1,0.0,0.0
13665,947,1511,Undirected,17,0.0,0.0
13666,1602,1827,Undirected,29,0.0,0.0
13667,1344,1879,Undirected,1,0.0,0.0
13668,1161,1874,Undirected,1,0.0,0.0
13669,1804,1837,Undirected,5,0.0,0.0
13670,761,951,Undirected,2,0.0,0.0
13671,902,582,Undirected,34,0.0,0.0
13672,266,845,Undirected,5,0.0,0.0
13673,220,1094,Undirected,51,0.0,0.0
13674,1361,237,Undirected,3,0.0,0.0
13675,1834,1499,Undirected,1,0.0,0.0
13676,720,395,Undirected,1,0.0,0.0
13677,356,1181,Undirected,1,0.0,0.0
13678,376,1519,Undirected,2,0.0,0.0
13679,1057,1093,Undirected,2,0.0,0.0
13680,700,53,Undirected,16,0.0,0.0
13681,396,1382,Undirected,6,0.0,0.0
13682,1524,991,Undirected,6,0.0,0.0
13683,1578,683,Undirected,2,0.0,0.0
13684,1907,1101,Undirected,23,0.0,0.0
13685,1538,643,Undirected,2,0.0,0.0
13686,944,944,Undirected,47,0.0,0.0
13687,1969,759,Undirected,14,0.0,0.0
13688,1186,1302,Undirected,1,0.0,0.0
13689,692,1493,Undirected,2,0.0,0.0
13690,1827,853,Undirected,7,0.0,0.0
13691,1782,1622,Undirected,18,0.0,0.0
13692,1961,1961,Undirected,8,0.0,0.0
13693,771,711,Undirected,2,0.0,0.0
13694,392,1461,Undirected,2,0.0,0.0
13695,369,979,Undirected,7,0.0,0.0
13696,368,809,Undirected,7,0.0,0.0
13697,194,668,Undirected,1,0.0,0.0
13698,1763,1484,Undirected,16,0.0,0.0
13699,554,1518,Undirected,1,0.0,0.0
13700,625,1581,Undirected,1,0.0,0.0
13701,945,1315,Undirected,2,0.0,0.0
13702,1616,1382,Undirected,1,0.0,0.0
13703,1392,1466,Undirected,12,0.0,0.0
13704,1418,1814,Undirected,1,0.0,0.0
13705,211,1155,Undirected,1,0.0,0.0
13706,1682,1803,Undirected,2,0.0,0.0
13707,1662,918,Undirected,6,0.0,0.0
13708,917,1199,Undirected,2,0.0,0.0
13709,1344,1983,Undirected,6,0.0,0.0
13710,433,1837,Undirected,7,0.0,0.0
13711,1049,604,Undirected,1,0.0,0.0
13712,1951,1847,Undirected,2,0.0,0.0
13713,253,710,Undirected,2,0.0,0.0
13714,1016,66,Undirected,17,0.0,0.0
13715,808,1932,Undirected,5,0.0,0.0
13716,1881,1900,Undirected,2,0.0,0.0
13717,1484,1254,Undirected,4,0.0,0.0
13718,1370,486,Undirected,1,0.0,0.0
13719,1795,1934,Undirected,5,0.0,0.0
13720,1905,1355,Undirected,1,0.0,0.0
13721,1404,911,Undirected,3,0.0,0.0
13722,1547,995,Undirected,12,0.0,0.0
13723,178,639,Undirected,5,0.0,0.0
13724,424,1453,Undirected,12,0.0,0.0
13725,1568,195,Undirected,15,0.0,0.0
13726,627,638,Undirected,1,0.0,0.0
13727,49,987,Undirected,3,0.0,0.0
13728,1969,1420,Undirected,41,0.0,0.0
13729,859,837,Undirected,4,0.0,0.0
13730,145,582,Undirected,7,2.621736074522172e-07,0.22557222376732813
13731,695,447,Undirected,2,0.0,0.0
13732,1344,399,Undirected,11,0.0,0.0
13733,1945,780,Undirected,1,0.0,0.0
13734,33,1247,Undirected,1,0.0,0.0
13735,1258,1333,Undirected,8,0.0,0.0
13736,1160,1848,Undirected,3,0.0,0.0
13737,1290,911,Undirected,1,0.0,0.0
13738,675,599,Undirected,14,0.0,0.0
13739,1382,799,Undirected,1,0.0,0.0
13740,1696,1222,Undirected,15,6.517349757725211e-07,0.5607479304290666
13741,617,862,Undirected,1,0.0,0.0
13742,853,1453,Undirected,19,0.0,0.0
13743,20,157,Undirected,1,0.0,0.0
13744,1698,1996,Undirected,3,0.0,0.0
13745,930,822,Undirected,2,0.0,0.0
13746,1697,1807,Undirected,4,0.0,0.0
13747,1132,487,Undirected,3,0.0,0.0
13748,1729,257,Undirected,3,0.0,0.0
13749,1162,1983,Undirected,43,0.0,0.0
13750,1376,1382,Undirected,1,0.0,0.0
13751,49,553,Undirected,15,0.0,0.0
13752,650,650,Undirected,28,0.0,0.0
13753,680,1203,Undirected,1,0.0,0.0
13754,119,119,Undirected,48,0.0,0.0
13755,308,1326,Undirected,1,0.0,0.0
13756,284,284,Undirected,8,0.0,0.0
13757,1720,1938,Undirected,3,0.0,0.0
13758,808,660,Undirected,2,0.0,0.0
13759,1992,894,Undirected,1,0.0,0.0
13760,102,831,Undirected,1,0.0,0.0
13761,1993,1327,Undirected,8,0.0,0.0
13762,810,1661,Undirected,1,0.0,0.0
13763,304,304,Undirected,164,0.0,0.0
13764,1124,724,Undirected,1,0.0,0.0
13765,1584,1054,Undirected,3,0.0,0.0
13766,396,1774,Undirected,31,0.0,0.0
13767,811,102,Undirected,2,0.0,0.0
13768,1994,1806,Undirected,1,0.0,0.0
13769,562,1023,Undirected,2,0.0,0.0
13770,1592,1150,Undirected,14,0.0,0.0
13771,1834,1734,Undirected,50,0.0,0.0
13772,729,1806,Undirected,3,0.0,0.0
13773,1777,967,Undirected,12,0.0,0.0
13774,1513,1997,Undirected,1,0.0,0.0
13775,516,1116,Undirected,8,0.0,0.0
13776,633,1810,Undirected,8,0.0,0.0
13777,1032,1430,Undirected,1,0.0,0.0
13778,655,655,Undirected,145,0.0,0.0
13779,1114,1223,Undirected,1,0.0,0.0
13780,1568,396,Undirected,1,0.0,0.0
13781,248,248,Undirected,9,0.0,0.0
13782,1490,772,Undirected,1,0.0,0.0
13783,433,1434,Undirected,20,0.0,0.0
13784,1491,1223,Undirected,2,0.0,0.0
13785,537,740,Undirected,9,2.863588952270239e-07,0.2463810656596617
13786,1080,154,Undirected,6,0.0,0.0
13787,376,1747,Undirected,2,0.0,0.0
13788,1739,1219,Undirected,96,0.0,0.0
13789,1105,799,Undirected,2,0.0,0.0
13790,767,767,Undirected,8,0.0,0.0
13791,1547,663,Undirected,1,0.0,0.0
13792,1838,911,Undirected,1,0.0,0.0
13793,1250,1381,Undirected,6,0.0,0.0
13794,1268,853,Undirected,1,0.0,0.0
13795,1856,1760,Undirected,11,0.0,0.0
13796,1490,580,Undirected,13,0.0,0.0
13797,1434,758,Undirected,2,0.0,0.0
13798,1354,1354,Undirected,38,0.0,0.0
13799,611,643,Undirected,1,0.0,0.0
13800,1372,1828,Undirected,6,0.0,0.0
13801,1325,1959,Undirected,2,0.0,0.0
13802,289,194,Undirected,1,0.0,0.0
13803,1710,1983,Undirected,6,0.0,0.0
13804,552,552,Undirected,48,0.0,0.0
13805,441,70,Undirected,1,0.0,0.0
13806,738,1396,Undirected,18,0.0,0.0
13807,625,378,Undirected,14,0.0,0.0
13808,1105,1629,Undirected,2,0.0,0.0
13809,176,1805,Undirected,3,0.0,0.0
13810,367,367,Undirected,50,0.0,0.0
13811,1357,1813,Undirected,2,0.0,0.0
13812,1229,311,Undirected,60,0.0,0.0
13813,75,1463,Undirected,14,0.0,0.0
13814,89,1980,Undirected,50,0.0,0.0
13815,1162,1646,Undirected,13,0.0,0.0
13816,536,536,Undirected,15,0.0,0.0
13817,954,1611,Undirected,1,0.0,0.0
13818,628,1126,Undirected,1,0.0,0.0
13819,1195,1763,Undirected,40,0.0,0.0
13820,1706,1998,Undirected,2,0.0,0.0
13821,794,388,Undirected,8,0.0,0.0
13822,328,415,Undirected,3,0.0,0.0
13823,1273,1789,Undirected,1,0.0,0.0
13824,1674,163,Undirected,1,0.0,0.0
13825,1116,1174,Undirected,4,0.0,0.0
13826,715,715,Undirected,72,0.0,0.0
13827,1748,767,Undirected,2,0.0,0.0
13828,89,947,Undirected,48,0.0,0.0
13829,1689,555,Undirected,26,0.0,0.0
13830,1286,1087,Undirected,3,0.0,0.0
13831,1707,1900,Undirected,1,0.0,0.0
13832,1893,342,Undirected,4,0.0,0.0
13833,1233,1363,Undirected,3,0.0,0.0
13834,1215,1215,Undirected,3,0.0,0.0
13835,384,1012,Undirected,5,0.0,0.0
13836,1764,629,Undirected,1,0.0,0.0
13837,1800,1639,Undirected,1,0.0,0.0
13838,1754,1141,Undirected,14,0.0,0.0
13839,1918,1918,Undirected,22,0.0,0.0
13840,1141,1774,Undirected,11,0.0,0.0
13841,418,1651,Undirected,1,0.0,0.0
13842,289,1815,Undirected,20,0.0,0.0
13843,604,1855,Undirected,1,0.0,0.0
13844,1153,1570,Undirected,17,0.0,0.0
13845,1680,1332,Undirected,1,0.0,0.0
13846,1273,1543,Undirected,3,0.0,0.0
13847,738,1101,Undirected,4,0.0,0.0
13848,1894,1894,Undirected,15,0.0,0.0
13849,612,612,Undirected,298,0.0,0.0
13850,1945,1604,Undirected,2,0.0,0.0
13851,299,1925,Undirected,1,0.0,0.0
13852,1223,1159,Undirected,1,0.0,0.0
13853,1398,167,Undirected,2,0.0,0.0
13854,912,121,Undirected,3,0.0,0.0
13855,681,1563,Undirected,1,0.0,0.0
13856,432,461,Undirected,2,0.0,0.0
13857,970,1139,Undirected,11,0.0,0.0
13858,1588,1294,Undirected,5,0.0,0.0
13859,930,1095,Undirected,1,0.0,0.0
13860,1421,1615,Undirected,1,0.0,0.0
13861,931,1940,Undirected,2,0.0,0.0
13862,1684,1684,Undirected,154,0.0,0.0
13863,37,37,Undirected,204,0.0,0.0
13864,1731,76,Undirected,21,0.0,0.0
13865,442,738,Undirected,9,0.0,0.0
13866,1162,1812,Undirected,1,0.0,0.0
13867,804,1550,Undirected,1,0.0,0.0
13868,686,1375,Undirected,7,0.0,0.0
13869,1810,1691,Undirected,3,0.0,0.0
13870,1772,1303,Undirected,1,0.0,0.0
13871,1258,1146,Undirected,1,0.0,0.0
13872,1211,582,Undirected,4,0.0,0.0
13873,1883,1086,Undirected,2,0.0,0.0
13874,194,627,Undirected,17,0.0,0.0
13875,1875,1875,Undirected,48,0.0,0.0
13876,1217,1593,Undirected,1,0.0,0.0
13877,900,1165,Undirected,1,0.0,0.0
13878,226,1612,Undirected,2,0.0,0.0
13879,912,95,Undirected,3,0.0,0.0
13880,1907,910,Undirected,4,0.0,0.0
13881,1129,406,Undirected,4,0.0,0.0
13882,1363,1875,Undirected,3,0.0,0.0
13883,1538,1159,Undirected,2,0.0,0.0
13884,1308,669,Undirected,5,0.0,0.0
13885,930,907,Undirected,1,0.0,0.0
13886,1172,1062,Undirected,4,0.0,0.0
13887,27,951,Undirected,68,0.0,0.0
13888,424,1377,Undirected,1,0.0,0.0
13889,1453,1959,Undirected,11,0.0,0.0
13890,1155,1740,Undirected,5,0.0,0.0
13891,1162,1774,Undirected,102,0.0,0.0
13892,1529,758,Undirected,2,0.0,0.0
13893,1549,1853,Undirected,6,0.0,0.0
13894,1185,462,Undirected,1,0.0,0.0
13895,289,1083,Undirected,5,0.0,0.0
13896,1312,511,Undirected,2,0.0,0.0
13897,1867,1317,Undirected,2,0.0,0.0
13898,41,214,Undirected,1,0.0,0.0
13899,1603,1686,Undirected,1,0.0,0.0
13900,1602,758,Undirected,2,0.0,0.0
13901,489,489,Undirected,44,0.0,0.0
13902,593,895,Undirected,6,0.0,0.0
13903,81,1457,Undirected,1,0.0,0.0
13904,1874,725,Undirected,4,0.0,0.0
13905,1969,1883,Undirected,36,0.0,0.0
13906,106,1772,Undirected,1,0.0,0.0
13907,816,1948,Undirected,12,0.0,0.0
13908,1307,991,Undirected,1,0.0,0.0
13909,1602,853,Undirected,27,0.0,0.0
13910,267,1011,Undirected,3,0.0,0.0
13911,659,277,Undirected,1,0.0,0.0
13912,1576,1652,Undirected,5,0.0,0.0
13913,1633,1633,Undirected,23,0.0,0.0
13914,869,1429,Undirected,6,0.0,0.0
13915,1224,1224,Undirected,21,0.0,0.0
13916,1155,1086,Undirected,13,0.0,0.0
13917,1821,1231,Undirected,6,0.0,0.0
13918,1737,978,Undirected,4,0.0,0.0
13919,1529,853,Undirected,1,0.0,0.0
13920,1318,271,Undirected,2,0.0,0.0
13921,649,1790,Undirected,1,0.0,0.0
13922,1026,751,Undirected,10,0.0,0.0
13923,1453,567,Undirected,37,0.0,0.0
13924,184,682,Undirected,11,0.0,0.0
13925,1154,1815,Undirected,8,3.481399642902007e-07,0.2995370384165442
13926,852,1998,Undirected,13,0.0,0.0
13927,1289,1998,Undirected,28,0.0,0.0
13928,840,515,Undirected,1,0.0,0.0
13929,1858,499,Undirected,6,0.0,0.0
13930,715,277,Undirected,15,0.0,0.0
13931,1375,887,Undirected,26,0.0,0.0
13932,745,1285,Undirected,1,0.0,0.0
13933,1681,1503,Undirected,1,0.0,0.0
13934,1320,460,Undirected,5,0.0,0.0
13935,465,367,Undirected,11,0.0,0.0
13936,513,1214,Undirected,1,0.0,0.0
13937,702,1102,Undirected,4,0.0,0.0
13938,1813,1639,Undirected,3,0.0,0.0
13939,1547,1420,Undirected,1,0.0,0.0
13940,1738,1003,Undirected,1,0.0,0.0
13941,1967,983,Undirected,5,0.0,0.0
13942,1554,543,Undirected,2,0.0,0.0
13943,450,972,Undirected,3,0.0,0.0
13944,1858,1083,Undirected,3,0.0,0.0
13945,1082,341,Undirected,5,5.236136577266082e-07,0.45051330038956117
13946,80,851,Undirected,6,0.0,0.0
13947,421,421,Undirected,199,0.0,0.0
13948,1481,273,Undirected,25,0.0,0.0
13949,288,288,Undirected,91,0.0,0.0
13950,480,1871,Undirected,2,0.0,0.0
13951,394,1916,Undirected,1,0.0,0.0
13952,640,1924,Undirected,1,0.0,0.0
13953,1499,1837,Undirected,3,0.0,0.0
13954,680,516,Undirected,3,0.0,0.0
13955,724,1604,Undirected,1,0.0,0.0
13956,1440,371,Undirected,2,2.6709119943672653e-07,0.22980328337056574
13957,931,1677,Undirected,3,0.0,0.0
13958,1028,1028,Undirected,72,0.0,0.0
13959,1334,127,Undirected,2,0.0,0.0
13960,1884,1935,Undirected,1,0.0,0.0
13961,1837,1813,Undirected,5,0.0,0.0
13962,1680,1287,Undirected,4,0.0,0.0
13963,1073,1819,Undirected,3,0.0,0.0
13964,1203,1885,Undirected,2,0.0,0.0
13965,1680,1060,Undirected,8,0.0,0.0
13966,940,822,Undirected,3,0.0,0.0
13967,1476,580,Undirected,1,0.0,0.0
13968,841,841,Undirected,58,0.0,0.0
13969,1356,333,Undirected,1,0.0,0.0
13970,1336,1031,Undirected,2,0.0,0.0
13971,1761,1085,Undirected,23,0.0,0.0
13972,797,797,Undirected,14,0.0,0.0
13973,1780,1959,Undirected,9,0.0,0.0
13974,1004,869,Undirected,2,0.0,0.0
13975,1824,1754,Undirected,1,0.0,0.0
13976,858,1470,Undirected,1,0.0,0.0
13977,1070,1599,Undirected,2,0.0,0.0
13978,604,71,Undirected,6,0.0,0.0
13979,1757,710,Undirected,1,0.0,0.0
13980,738,1918,Undirected,2,0.0,0.0
13981,1356,1774,Undirected,25,0.0,0.0
13982,1780,887,Undirected,5,0.0,0.0
13983,1672,1866,Undirected,1,0.0,0.0
13984,929,693,Undirected,2,0.0,0.0
13985,290,1863,Undirected,2,0.0,0.0
13986,842,1573,Undirected,3,0.0,0.0
13987,792,1481,Undirected,4,0.0,0.0
13988,487,487,Undirected,14,0.0,0.0
13989,1395,839,Undirected,1,0.0,0.0
13990,256,597,Undirected,2,0.0,0.0
13991,746,746,Undirected,200,0.0,0.0
13992,1874,906,Undirected,1,0.0,0.0
13993,1980,1141,Undirected,9,0.0,0.0
13994,1964,1983,Undirected,3,0.0,0.0
13995,380,380,Undirected,5,0.0,0.0
13996,937,1695,Undirected,44,0.0,0.0
13997,169,998,Undirected,1,0.0,0.0
13998,555,555,Undirected,15,0.0,0.0
13999,1651,148,Undirected,24,0.0,0.0
14000,184,981,Undirected,4,0.0,0.0
14001,1818,1818,Undirected,43,0.0,0.0
14002,328,920,Undirected,2,0.0,0.0
14003,1308,1093,Undirected,2,0.0,0.0
14004,1641,1983,Undirected,8,0.0,0.0
14005,835,1566,Undirected,16,0.0,0.0
14006,315,315,Undirected,2,0.0,0.0
14007,984,1502,Undirected,1,0.0,0.0
14008,1384,1538,Undirected,1,0.0,0.0
14009,609,1879,Undirected,11,0.0,0.0
14010,1289,1185,Undirected,2,0.0,0.0
14011,411,1022,Undirected,2,0.0,0.0
14012,304,1479,Undirected,1,0.0,0.0
14013,1308,1158,Undirected,2,0.0,0.0
14014,1748,1549,Undirected,1,0.0,0.0
14015,737,1645,Undirected,1,0.0,0.0
14016,1817,1317,Undirected,4,0.0,0.0
14017,307,307,Undirected,2,0.0,0.0
14018,1250,1647,Undirected,1,0.0,0.0
14019,888,888,Undirected,9,0.0,0.0
14020,1555,1740,Undirected,43,0.0,0.0
14021,35,35,Undirected,87,0.0,0.0
14022,1804,1959,Undirected,2,0.0,0.0
14023,1648,1424,Undirected,2,0.0,0.0
14024,1220,1157,Undirected,2,0.0,0.0
14025,689,283,Undirected,2,0.0,0.0
14026,275,1316,Undirected,1,0.0,0.0
14027,1162,1510,Undirected,1,0.0,0.0
14028,472,901,Undirected,1,0.0,0.0
14029,1252,1789,Undirected,1,0.0,0.0
14030,1021,1189,Undirected,1,0.0,0.0
14031,1283,1079,Undirected,6,0.0,0.0
14032,832,1513,Undirected,8,0.0,0.0
14033,1652,1652,Undirected,168,0.0,0.0
14034,1568,1587,Undirected,2,0.0,0.0
14035,1320,62,Undirected,2,0.0,0.0
14036,544,37,Undirected,14,0.0,0.0
14037,1602,995,Undirected,44,0.0,0.0
14038,441,1631,Undirected,7,0.0,0.0
14039,983,1615,Undirected,1,0.0,0.0
14040,384,647,Undirected,8,0.0,0.0
14041,810,1139,Undirected,3,0.0,0.0
14042,1699,527,Undirected,1,0.0,0.0
14043,1576,249,Undirected,49,0.0,0.0
14044,1237,1815,Undirected,4,0.0,0.0
14045,1963,732,Undirected,25,0.0,0.0
14046,768,768,Undirected,67,0.0,0.0
14047,1901,1861,Undirected,2,0.0,0.0
14048,561,991,Undirected,3,0.0,0.0
14049,1837,1837,Undirected,349,0.0,0.0
14050,1577,375,Undirected,1,0.0,0.0
14051,1348,566,Undirected,6,2.934617566482845e-07,0.25249231484860585
14052,1380,1141,Undirected,1,0.0,0.0
14053,969,1027,Undirected,1,0.0,0.0
14054,1003,620,Undirected,12,0.0,0.0
14055,563,1543,Undirected,1,0.0,0.0
14056,1616,909,Undirected,1,0.0,0.0
14057,1627,1813,Undirected,9,0.0,0.0
14058,396,1813,Undirected,1,0.0,0.0
14059,1361,1907,Undirected,1,0.0,0.0
14060,1005,1005,Undirected,21,0.0,0.0
14061,3,751,Undirected,6,0.0,0.0
14062,1062,1303,Undirected,3,0.0,0.0
14063,561,1527,Undirected,10,0.0,0.0
14064,1824,1827,Undirected,1,0.0,0.0
14065,388,1925,Undirected,47,0.0,0.0
14066,1886,1886,Undirected,77,0.0,0.0
14067,1883,1740,Undirected,8,0.0,0.0
14068,432,899,Undirected,3,0.0,0.0
14069,593,999,Undirected,6,0.0,0.0
14070,1827,1195,Undirected,69,0.0,0.0
14071,1555,1974,Undirected,5,0.0,0.0
14072,1296,1815,Undirected,22,8.098721356891268e-07,0.6968079677809944
14073,270,831,Undirected,1,0.0,0.0
14074,1097,309,Undirected,14,0.0,0.0
14075,1769,579,Undirected,1,0.0,0.0
14076,913,595,Undirected,1,0.0,0.0
14077,17,1132,Undirected,117,0.0,0.0
14078,1987,1372,Undirected,20,0.0,0.0
14079,250,1083,Undirected,1,0.0,0.0
14080,672,1639,Undirected,1,0.0,0.0
14081,294,62,Undirected,1,0.0,0.0
14082,1740,455,Undirected,1,0.0,0.0
14083,1344,1685,Undirected,4,0.0,0.0
14084,865,1069,Undirected,1,0.0,0.0
14085,400,1590,Undirected,4,0.0,0.0
14086,1344,1516,Undirected,1,0.0,0.0
14087,832,1837,Undirected,10,0.0,0.0
14088,1529,1455,Undirected,47,0.0,0.0
14089,1595,1091,Undirected,1,0.0,0.0
14090,1720,567,Undirected,3,0.0,0.0
14091,1529,1484,Undirected,7,0.0,0.0
14092,616,616,Undirected,7,0.0,0.0
14093,699,1303,Undirected,17,0.0,0.0
14094,490,1916,Undirected,1,0.0,0.0
14095,489,1618,Undirected,1,0.0,0.0
14096,1760,802,Undirected,1,0.0,0.0
14097,402,18,Undirected,4,0.0,0.0
14098,1424,382,Undirected,7,0.0,0.0
14099,1000,1270,Undirected,4,0.0,0.0
14100,1072,635,Undirected,1,0.0,0.0
14101,1948,1549,Undirected,1,0.0,0.0
14102,290,499,Undirected,3,0.0,0.0
14103,1979,869,Undirected,16,0.0,0.0
14104,1879,799,Undirected,1,0.0,0.0
14105,1167,1167,Undirected,52,0.0,0.0
14106,1515,1877,Undirected,1,0.0,0.0
14107,1548,725,Undirected,2,0.0,0.0
14108,1553,1295,Undirected,1,0.0,0.0
14109,1890,1837,Undirected,1,0.0,0.0
14110,984,1893,Undirected,1,0.0,0.0
14111,1116,574,Undirected,1,0.0,0.0
14112,1721,782,Undirected,23,0.0,0.0
14113,945,1346,Undirected,2,0.0,0.0
14114,377,930,Undirected,7,0.0,0.0
14115,739,1199,Undirected,1,0.0,0.0
14116,614,695,Undirected,7,0.0,0.0
14117,468,1462,Undirected,5,0.0,0.0
14118,1053,669,Undirected,3,0.0,0.0
14119,1100,1437,Undirected,2,0.0,0.0
14120,1283,1812,Undirected,1,0.0,0.0
14121,905,1548,Undirected,8,0.0,0.0
14122,137,993,Undirected,3,0.0,0.0
14123,1163,590,Undirected,1,0.0,0.0
14124,1674,1780,Undirected,24,0.0,0.0
14125,1960,908,Undirected,2,0.0,0.0
14126,633,1863,Undirected,4,0.0,0.0
14127,1920,432,Undirected,48,0.0,0.0
14128,1040,1729,Undirected,6,0.0,0.0
14129,1141,1375,Undirected,25,0.0,0.0
14130,1587,1159,Undirected,3,0.0,0.0
14131,1372,1758,Undirected,4,0.0,0.0
14132,627,627,Undirected,530,0.0,0.0
14133,1512,256,Undirected,1,0.0,0.0
14134,769,1250,Undirected,10,0.0,0.0
14135,1187,399,Undirected,26,0.0,0.0
14136,393,716,Undirected,9,0.0,0.0
14137,0,506,Undirected,1,0.0,0.0
14138,1377,1989,Undirected,5,0.0,0.0
14139,1595,1013,Undirected,1,0.0,0.0
14140,945,1755,Undirected,4,0.0,0.0
14141,1200,543,Undirected,3,0.0,0.0
14142,928,1381,Undirected,5,0.0,0.0
14143,1257,1919,Undirected,2,0.0,0.0
14144,912,912,Undirected,37,0.0,0.0
14145,1725,437,Undirected,1,0.0,0.0
14146,433,433,Undirected,268,0.0,0.0
14147,57,1083,Undirected,10,0.0,0.0
14148,558,343,Undirected,3,0.0,0.0
14149,211,1316,Undirected,1,0.0,0.0
14150,1227,1227,Undirected,69,0.0,0.0
14151,1354,1308,Undirected,17,0.0,0.0
14152,1130,789,Undirected,1,0.0,0.0
14153,1586,558,Undirected,1,0.0,0.0
14154,1758,1783,Undirected,8,0.0,0.0
14155,949,1935,Undirected,4,0.0,0.0
14156,1499,1086,Undirected,24,0.0,0.0
14157,347,1415,Undirected,26,0.0,0.0
14158,48,1121,Undirected,5,0.0,0.0
14159,1378,118,Undirected,69,0.0,0.0
14160,1670,510,Undirected,18,0.0,0.0
14161,1908,613,Undirected,3,0.0,0.0
14162,1305,1605,Undirected,13,0.0,0.0
14163,389,389,Undirected,542,0.0,0.0
14164,1056,127,Undirected,13,0.0,0.0
14165,178,1420,Undirected,1,0.0,0.0
14166,1851,957,Undirected,1,0.0,0.0
14167,312,1841,Undirected,2,0.0,0.0
14168,1140,638,Undirected,10,0.0,0.0
14169,1803,1435,Undirected,1,0.0,0.0
14170,1344,1809,Undirected,40,0.0,0.0
14171,1124,1124,Undirected,56,0.0,0.0
14172,1682,1395,Undirected,8,0.0,0.0
14173,1162,1053,Undirected,16,0.0,0.0
14174,1568,1607,Undirected,4,0.0,0.0
14175,1016,1631,Undirected,1,0.0,0.0
14176,1042,1382,Undirected,2,0.0,0.0
14177,1235,1598,Undirected,7,0.0,0.0
14178,769,847,Undirected,1,0.0,0.0
14179,48,888,Undirected,12,0.0,0.0
14180,200,757,Undirected,2,0.0,0.0
14181,1754,979,Undirected,2,0.0,0.0
14182,239,1447,Undirected,2,0.0,0.0
14183,408,657,Undirected,18,0.0,0.0
14184,496,567,Undirected,1,0.0,0.0
14185,1345,1919,Undirected,1,0.0,0.0
14186,562,1246,Undirected,6,0.0,0.0
14187,961,1182,Undirected,9,0.0,0.0
14188,0,1596,Undirected,1,0.0,0.0
14189,857,993,Undirected,2,0.0,0.0
14190,1568,1879,Undirected,1,0.0,0.0
14191,1289,1563,Undirected,13,0.0,0.0
14192,1800,1675,Undirected,1,0.0,0.0
14193,949,1527,Undirected,13,0.0,0.0
14194,1555,580,Undirected,1,0.0,0.0
14195,1800,147,Undirected,2,0.0,0.0
14196,115,742,Undirected,13,0.0,0.0
14197,195,1700,Undirected,4,0.0,0.0
14198,902,902,Undirected,231,0.0,0.0
14199,844,182,Undirected,2,0.0,0.0
14200,1201,470,Undirected,17,0.0,0.0
14201,978,258,Undirected,2,0.0,0.0
14202,1900,1805,Undirected,2,0.0,0.0
14203,1776,870,Undirected,4,0.0,0.0
14204,304,1287,Undirected,17,0.0,0.0
14205,1955,964,Undirected,2,0.0,0.0
14206,1378,1539,Undirected,1,0.0,0.0
14207,1066,1981,Undirected,44,0.0,0.0
14208,409,129,Undirected,1,0.0,0.0
14209,296,591,Undirected,2,0.0,0.0
14210,758,711,Undirected,1,0.0,0.0
14211,1531,861,Undirected,1,0.0,0.0
14212,1828,1503,Undirected,24,0.0,0.0
14213,1432,1432,Undirected,8,0.0,0.0
14214,651,1766,Undirected,3,0.0,0.0
14215,826,1654,Undirected,6,0.0,0.0
14216,624,866,Undirected,2,0.0,0.0
14217,1929,1486,Undirected,5,0.0,0.0
14218,1155,1780,Undirected,54,0.0,0.0
14219,1089,1555,Undirected,2,0.0,0.0
14220,1176,495,Undirected,6,0.0,0.0
14221,777,1852,Undirected,2,0.0,0.0
14222,652,70,Undirected,3,0.0,0.0
14223,724,724,Undirected,13,0.0,0.0
14224,1111,551,Undirected,1,0.0,0.0
14225,374,591,Undirected,1,0.0,0.0
14226,1879,1879,Undirected,89,0.0,0.0
14227,1424,780,Undirected,1,0.0,0.0
14228,1502,1006,Undirected,1,0.0,0.0
14229,1420,1973,Undirected,3,0.0,0.0
14230,1696,1527,Undirected,63,0.0,0.0
14231,458,1011,Undirected,1,0.0,0.0
14232,1881,710,Undirected,3,0.0,0.0
14233,562,1982,Undirected,2,0.0,0.0
14234,689,1227,Undirected,9,0.0,0.0
14235,1161,228,Undirected,2,4.670422268893444e-07,0.40183966165196644
14236,1809,1159,Undirected,4,0.0,0.0
14237,842,122,Undirected,1,0.0,0.0
14238,1229,1445,Undirected,2,0.0,0.0
14239,155,405,Undirected,1,0.0,0.0
14240,1984,1780,Undirected,8,0.0,0.0
14241,1437,1774,Undirected,1,0.0,0.0
14242,360,1089,Undirected,1,0.0,0.0
14243,300,1271,Undirected,2,0.0,0.0
14244,579,1459,Undirected,8,0.0,0.0
14245,1947,1286,Undirected,7,0.0,0.0
14246,995,1503,Undirected,3,0.0,0.0
14247,1813,1630,Undirected,5,0.0,0.0
14248,470,1359,Undirected,1,0.0,0.0
14249,85,1014,Undirected,1,0.0,0.0
14250,882,868,Undirected,1,0.0,0.0
14251,1345,1679,Undirected,2,0.0,0.0
14252,1818,1525,Undirected,2,0.0,0.0
14253,1308,1711,Undirected,2,0.0,0.0
14254,765,575,Undirected,1,0.0,0.0
14255,1674,1382,Undirected,1,0.0,0.0
14256,352,837,Undirected,1,0.0,0.0
14257,752,1186,Undirected,1,0.0,0.0
14258,1450,1261,Undirected,1,0.0,0.0
14259,857,1425,Undirected,3,0.0,0.0
14260,1848,433,Undirected,1,0.0,0.0
14261,369,1827,Undirected,8,0.0,0.0
14262,1112,1874,Undirected,7,2.8328481455147443e-07,0.24373614948841726
14263,200,925,Undirected,1,0.0,0.0
14264,1595,1847,Undirected,1,0.0,0.0
14265,950,950,Undirected,6,0.0,0.0
14266,1400,772,Undirected,1,0.0,0.0
14267,1016,1425,Undirected,1,0.0,0.0
14268,336,336,Undirected,97,0.0,0.0
14269,399,1823,Undirected,15,0.0,0.0
14270,1675,1780,Undirected,1,0.0,0.0
14271,1859,420,Undirected,5,0.0,0.0
14272,682,1263,Undirected,3,0.0,0.0
14273,1899,205,Undirected,8,0.0,0.0
14274,1708,743,Undirected,14,0.0,0.0
14275,1353,1353,Undirected,27,0.0,0.0
14276,1512,1401,Undirected,6,0.0,0.0
14277,690,1035,Undirected,1,0.0,0.0
14278,1008,1008,Undirected,4,0.0,0.0
14279,1800,656,Undirected,1,0.0,0.0
14280,1568,1754,Undirected,4,0.0,0.0
14281,1547,1959,Undirected,1,0.0,0.0
14282,1060,1565,Undirected,5,0.0,0.0
14283,1248,1194,Undirected,1,0.0,0.0
14284,764,615,Undirected,4,0.0,0.0
14285,1637,1941,Undirected,3,0.0,0.0
14286,1658,1855,Undirected,1,0.0,0.0
14287,164,164,Undirected,29,0.0,0.0
14288,311,311,Undirected,78,0.0,0.0
14289,1568,1900,Undirected,11,0.0,0.0
14290,924,495,Undirected,27,0.0,0.0
14291,764,1413,Undirected,3,0.0,0.0
14292,1769,923,Undirected,3,0.0,0.0
14293,184,1140,Undirected,2,0.0,0.0
14294,1633,1324,Undirected,4,0.0,0.0
14295,230,599,Undirected,1,0.0,0.0
14296,1858,1858,Undirected,182,0.0,0.0
14297,769,1125,Undirected,2,0.0,0.0
14298,1499,1996,Undirected,3,0.0,0.0
14299,555,1340,Undirected,10,0.0,0.0
14300,1258,1258,Undirected,51,0.0,0.0
14301,1592,976,Undirected,10,0.0,0.0
14302,308,1325,Undirected,28,0.0,0.0
14303,1800,1437,Undirected,2,0.0,0.0
14304,401,401,Undirected,9,0.0,0.0
14305,584,584,Undirected,4,0.0,0.0
14306,755,78,Undirected,2,0.0,0.0
14307,1433,1433,Undirected,104,0.0,0.0
14308,1476,1223,Undirected,1,0.0,0.0
14309,1185,1185,Undirected,417,0.0,0.0
14310,1032,1254,Undirected,36,0.0,0.0
14311,1331,1183,Undirected,1,0.0,0.0
14312,323,1822,Undirected,15,0.0,0.0
14313,1987,911,Undirected,1,0.0,0.0
14314,1264,1584,Undirected,8,0.0,0.0
14315,490,301,Undirected,1,0.0,0.0
14316,519,519,Undirected,8,0.0,0.0
14317,1394,1060,Undirected,1,0.0,0.0
14318,1129,12,Undirected,1,0.0,0.0
14319,1685,1534,Undirected,3,0.0,0.0
14320,761,1073,Undirected,2,0.0,0.0
14321,33,1130,Undirected,11,0.0,0.0
14322,1139,1436,Undirected,1,0.0,0.0
14323,1866,615,Undirected,21,0.0,0.0
14324,962,837,Undirected,1,0.0,0.0
14325,646,1046,Undirected,1,0.0,0.0
14326,1924,341,Undirected,7,3.9300310446464323e-07,0.33813695086646073
14327,622,622,Undirected,154,0.0,0.0
14328,171,1004,Undirected,24,0.0,0.0
14329,1435,799,Undirected,7,0.0,0.0
14330,1126,383,Undirected,5,0.0,0.0
14331,1101,1030,Undirected,4,0.0,0.0
14332,328,404,Undirected,2,0.0,0.0
14333,689,1527,Undirected,6,0.0,0.0
14334,1340,678,Undirected,3,0.0,0.0
14335,1476,1125,Undirected,2,0.0,0.0
14336,825,1177,Undirected,14,0.0,0.0
14337,1162,1395,Undirected,2,0.0,0.0
14338,1694,1694,Undirected,7,0.0,0.0
14339,96,96,Undirected,35,0.0,0.0
14340,840,1565,Undirected,9,0.0,0.0
14341,448,806,Undirected,4,0.0,0.0
14342,1932,1444,Undirected,1,0.0,0.0
14343,1453,1254,Undirected,6,0.0,0.0
14344,1584,1646,Undirected,3,0.0,0.0
14345,1165,1165,Undirected,10,0.0,0.0
14346,1556,1556,Undirected,83,0.0,0.0
14347,449,1177,Undirected,1,0.0,0.0
14348,720,998,Undirected,14,0.0,0.0
14349,1824,1756,Undirected,1,0.0,0.0
14350,1681,1404,Undirected,3,0.0,0.0
14351,833,199,Undirected,3,0.0,0.0
14352,595,595,Undirected,4,0.0,0.0
14353,1460,860,Undirected,4,0.0,0.0
14354,1995,1685,Undirected,1,0.0,0.0
14355,1650,1062,Undirected,1,0.0,0.0
14356,1808,1028,Undirected,3,0.0,0.0
14357,1004,1270,Undirected,3,0.0,0.0
14358,1457,485,Undirected,2,0.0,0.0
14359,264,414,Undirected,2,0.0,0.0
14360,1928,1380,Undirected,37,0.0,0.0
14361,1884,1966,Undirected,1,0.0,0.0
14362,579,579,Undirected,17,0.0,0.0
14363,1836,1957,Undirected,7,0.0,0.0
14364,480,286,Undirected,1,0.0,0.0
14365,1240,719,Undirected,1,0.0,0.0
14366,400,725,Undirected,1,0.0,0.0
14367,1638,327,Undirected,1,0.0,0.0
14368,462,1918,Undirected,1,0.0,0.0
14369,1401,670,Undirected,6,0.0,0.0
14370,56,1783,Undirected,17,0.0,0.0
14371,1336,277,Undirected,2,0.0,0.0
14372,1523,1308,Undirected,10,0.0,0.0
14373,927,927,Undirected,2,0.0,0.0
14374,1244,1831,Undirected,6,0.0,0.0
14375,1395,517,Undirected,6,0.0,0.0
14376,1901,518,Undirected,17,0.0,0.0
14377,920,52,Undirected,3,0.0,0.0
14378,593,148,Undirected,2,0.0,0.0
14379,560,843,Undirected,2,0.0,0.0
14380,58,951,Undirected,3,0.0,0.0
14381,1509,911,Undirected,2,0.0,0.0
14382,1269,1814,Undirected,1,0.0,0.0
14383,1969,980,Undirected,6,0.0,0.0
14384,1819,941,Undirected,2,0.0,0.0
14385,1344,1619,Undirected,1,0.0,0.0
14386,128,369,Undirected,6,0.0,0.0
14387,560,47,Undirected,2,0.0,0.0
14388,1158,1647,Undirected,3,0.0,0.0
14389,1684,711,Undirected,4,0.0,0.0
14390,806,1934,Undirected,12,0.0,0.0
14391,1797,1797,Undirected,7,0.0,0.0
14392,176,580,Undirected,1,0.0,0.0
14393,562,357,Undirected,3,0.0,0.0
14394,1248,163,Undirected,4,0.0,0.0
14395,32,992,Undirected,2,0.0,0.0
14396,602,412,Undirected,1,0.0,0.0
14397,872,151,Undirected,3,0.0,0.0
14398,1570,1774,Undirected,20,0.0,0.0
14399,1553,716,Undirected,4,0.0,0.0
14400,1720,1529,Undirected,8,0.0,0.0
14401,1693,1774,Undirected,1,0.0,0.0
14402,1035,871,Undirected,1,0.0,0.0
14403,1878,823,Undirected,2,0.0,0.0
14404,1610,1532,Undirected,2,0.0,0.0
14405,1897,843,Undirected,1,0.0,0.0
14406,396,1318,Undirected,1,0.0,0.0
14407,1400,1584,Undirected,2,0.0,0.0
14408,1883,980,Undirected,2,0.0,0.0
14409,1611,613,Undirected,4,0.0,0.0
14410,1144,1868,Undirected,1,0.0,0.0
14411,1050,655,Undirected,45,0.0,0.0
14412,1288,818,Undirected,4,0.0,0.0
14413,842,1253,Undirected,1,0.0,0.0
14414,873,702,Undirected,1,0.0,0.0
14415,1531,213,Undirected,1,0.0,0.0
14416,1786,886,Undirected,1,0.0,0.0
14417,1251,1453,Undirected,8,0.0,0.0
14418,160,1650,Undirected,1,0.0,0.0
14419,1900,1925,Undirected,8,0.0,0.0
14420,1925,710,Undirected,2,0.0,0.0
14421,403,1071,Undirected,9,0.0,0.0
14422,1171,279,Undirected,1,0.0,0.0
14423,264,1730,Undirected,6,0.0,0.0
14424,1588,1855,Undirected,2,0.0,0.0
14425,290,596,Undirected,2,0.0,0.0
14426,273,499,Undirected,5,0.0,0.0
14427,1584,1516,Undirected,5,0.0,0.0
14428,1129,1860,Undirected,2,0.0,0.0
14429,1363,1517,Undirected,5,3.077023522484573e-07,0.26474481748805506
14430,1420,1404,Undirected,1,0.0,0.0
14431,1409,1370,Undirected,1,0.0,0.0
14432,1560,1857,Undirected,29,0.0,0.0
14433,1377,1827,Undirected,2,0.0,0.0
14434,880,1538,Undirected,3,0.0,0.0
14435,26,430,Undirected,2,0.0,0.0
14436,770,1399,Undirected,14,0.0,0.0
14437,593,770,Undirected,1,0.0,0.0
14438,1816,880,Undirected,5,0.0,0.0
14439,1881,819,Undirected,2,0.0,0.0
14440,1972,1972,Undirected,26,0.0,0.0
14441,1934,1295,Undirected,29,0.0,0.0
14442,1476,1046,Undirected,1,0.0,0.0
14443,1404,1503,Undirected,11,0.0,0.0
14444,280,369,Undirected,13,0.0,0.0
14445,195,1925,Undirected,1,0.0,0.0
14446,1450,602,Undirected,6,0.0,0.0
14447,505,505,Undirected,11,0.0,0.0
14448,433,771,Undirected,1,0.0,0.0
14449,1758,887,Undirected,4,0.0,0.0
14450,969,1775,Undirected,3,0.0,0.0
14451,1139,1139,Undirected,50,0.0,0.0
14452,1257,794,Undirected,1,0.0,0.0
14453,374,374,Undirected,34,0.0,0.0
14454,1964,1774,Undirected,22,0.0,0.0
14455,1435,1435,Undirected,74,0.0,0.0
14456,948,852,Undirected,1,0.0,0.0
14457,1843,1086,Undirected,46,0.0,0.0
14458,40,1385,Undirected,29,0.0,0.0
14459,283,1164,Undirected,8,0.0,0.0
14460,1720,1194,Undirected,1,0.0,0.0
14461,872,439,Undirected,1,0.0,0.0
14462,1195,1988,Undirected,1,0.0,0.0
14463,1219,1503,Undirected,14,0.0,0.0
14464,246,695,Undirected,5,0.0,0.0
14465,409,1863,Undirected,21,0.0,0.0
14466,1346,205,Undirected,10,0.0,0.0
14467,56,1032,Undirected,1,0.0,0.0
14468,1162,1077,Undirected,2,0.0,0.0
14469,264,1767,Undirected,4,0.0,0.0
14470,1587,1639,Undirected,2,0.0,0.0
14471,1216,893,Undirected,1,0.0,0.0
14472,1883,1141,Undirected,29,0.0,0.0
14473,980,1783,Undirected,17,0.0,0.0
14474,434,1851,Undirected,1,0.0,0.0
14475,1835,788,Undirected,1,0.0,0.0
14476,177,1799,Undirected,15,0.0,0.0
14477,1964,1964,Undirected,21,0.0,0.0
14478,1938,1739,Undirected,31,0.0,0.0
14479,104,999,Undirected,5,0.0,0.0
14480,1041,646,Undirected,1,0.0,0.0
14481,829,1983,Undirected,1,0.0,0.0
14482,1747,452,Undirected,1,0.0,0.0
14483,266,475,Undirected,24,0.0,0.0
14484,1984,813,Undirected,1,0.0,0.0
14485,1464,1841,Undirected,6,0.0,0.0
14486,116,1094,Undirected,9,0.0,0.0
14487,721,721,Undirected,162,0.0,0.0
14488,171,484,Undirected,5,0.0,0.0
14489,710,1063,Undirected,7,0.0,0.0
14490,499,725,Undirected,12,0.0,0.0
14491,363,363,Undirected,30,0.0,0.0
14492,336,1054,Undirected,1,0.0,0.0
14493,410,799,Undirected,1,0.0,0.0
14494,1568,1814,Undirected,3,0.0,0.0
14495,1928,711,Undirected,1,0.0,0.0
14496,1785,804,Undirected,1,0.0,0.0
14497,1357,1805,Undirected,3,0.0,0.0
14498,176,176,Undirected,33,0.0,0.0
14499,705,705,Undirected,25,0.0,0.0
14500,1640,719,Undirected,2,0.0,0.0
14501,1113,1357,Undirected,6,0.0,0.0
14502,1297,1594,Undirected,1,0.0,0.0
14503,1400,603,Undirected,2,0.0,0.0
14504,462,1966,Undirected,34,0.0,0.0
14505,1123,494,Undirected,4,0.0,0.0
14506,517,319,Undirected,6,0.0,0.0
14507,508,1269,Undirected,1,0.0,0.0
14508,1621,310,Undirected,4,0.0,0.0
14509,626,626,Undirected,38,0.0,0.0
14510,1448,1627,Undirected,1,0.0,0.0
14511,785,785,Undirected,12,0.0,0.0
14512,1681,1739,Undirected,77,0.0,0.0
14513,1272,502,Undirected,2,0.0,0.0
14514,132,132,Undirected,32,0.0,0.0
14515,377,852,Undirected,1,0.0,0.0
14516,818,949,Undirected,12,0.0,0.0
14517,899,460,Undirected,5,0.0,0.0
14518,1490,1734,Undirected,2,0.0,0.0
14519,1376,65,Undirected,13,0.0,0.0
14520,1093,1255,Undirected,8,0.0,0.0
14521,561,1156,Undirected,14,0.0,0.0
14522,26,996,Undirected,1,0.0,0.0
14523,1272,1839,Undirected,9,0.0,0.0
14524,557,557,Undirected,18,0.0,0.0
14525,1292,1958,Undirected,2,0.0,0.0
14526,837,1687,Undirected,1,0.0,0.0
14527,326,326,Undirected,7,0.0,0.0
14528,1241,516,Undirected,1,0.0,0.0
14529,1160,1763,Undirected,5,0.0,0.0
14530,1762,1731,Undirected,2,0.0,0.0
14531,1640,1268,Undirected,2,0.0,0.0
14532,1912,730,Undirected,17,0.0,0.0
14533,1885,1885,Undirected,41,0.0,0.0
14534,944,528,Undirected,8,0.0,0.0
14535,392,259,Undirected,2,0.0,0.0
14536,1377,1195,Undirected,1,0.0,0.0
14537,1403,1836,Undirected,2,0.0,0.0
14538,1755,1743,Undirected,35,0.0,0.0
14539,1106,671,Undirected,3,0.0,0.0
14540,754,1565,Undirected,5,0.0,0.0
14541,1577,1518,Undirected,3,0.0,0.0
14542,253,1269,Undirected,6,0.0,0.0
14543,1905,1635,Undirected,3,0.0,0.0
14544,1827,1484,Undirected,46,0.0,0.0
14545,1776,277,Undirected,2,0.0,0.0
14546,939,1759,Undirected,1,0.0,0.0
14547,400,765,Undirected,1,0.0,0.0
14548,1568,1710,Undirected,1,0.0,0.0
14549,1938,211,Undirected,1,0.0,0.0
14550,1985,1159,Undirected,1,0.0,0.0
14551,1657,449,Undirected,1,0.0,0.0
14552,510,1407,Undirected,5,0.0,0.0
14553,1251,1404,Undirected,3,0.0,0.0
14554,1464,1452,Undirected,3,0.0,0.0
14555,1018,1375,Undirected,1,0.0,0.0
14556,1162,909,Undirected,7,0.0,0.0
14557,1790,1790,Undirected,8,0.0,0.0
14558,833,1562,Undirected,17,0.0,0.0
14559,1305,1308,Undirected,1,0.0,0.0
14560,1479,591,Undirected,7,0.0,0.0
14561,804,1757,Undirected,3,0.0,0.0
14562,1564,1564,Undirected,7,0.0,0.0
14563,1026,939,Undirected,13,0.0,0.0
14564,1644,191,Undirected,11,0.0,0.0
14565,1130,591,Undirected,6,0.0,0.0
14566,859,92,Undirected,3,0.0,0.0
14567,884,1110,Undirected,1,0.0,0.0
14568,18,1810,Undirected,2,0.0,0.0
14569,65,65,Undirected,64,0.0,0.0
14570,1754,1251,Undirected,1,0.0,0.0
14571,1714,1803,Undirected,1,0.0,0.0
14572,1443,21,Undirected,1,0.0,0.0
14573,1755,1755,Undirected,148,0.0,0.0
14574,1427,755,Undirected,10,0.0,0.0
14575,1698,711,Undirected,2,0.0,0.0
14576,1841,1588,Undirected,1,0.0,0.0
14577,1240,1162,Undirected,3,0.0,0.0
14578,388,1806,Undirected,2,0.0,0.0
14579,1200,1769,Undirected,2,0.0,0.0
14580,1560,1919,Undirected,2,0.0,0.0
14581,1867,903,Undirected,6,0.0,0.0
14582,113,559,Undirected,4,0.0,0.0
14583,1434,1740,Undirected,11,0.0,0.0
14584,1755,831,Undirected,3,0.0,0.0
14585,769,1362,Undirected,3,0.0,0.0
14586,1841,1743,Undirected,2,0.0,0.0
14587,496,280,Undirected,2,0.0,0.0
14588,1682,1983,Undirected,15,0.0,0.0
14589,1023,1023,Undirected,64,0.0,0.0
14590,1257,1053,Undirected,2,0.0,0.0
14591,920,1609,Undirected,1,0.0,0.0
14592,1800,1788,Undirected,1,0.0,0.0
14593,287,1303,Undirected,1,0.0,0.0
14594,1978,882,Undirected,3,0.0,0.0
14595,1096,430,Undirected,2,0.0,0.0
14596,1077,871,Undirected,1,0.0,0.0
14597,812,758,Undirected,3,0.0,0.0
14598,1912,1354,Undirected,2,0.0,0.0
14599,1001,1230,Undirected,2,0.0,0.0
14600,1684,1484,Undirected,3,0.0,0.0
14601,1354,1794,Undirected,1,0.0,0.0
14602,1248,538,Undirected,2,0.0,0.0
14603,920,920,Undirected,23,0.0,0.0
14604,1042,1042,Undirected,147,0.0,0.0
14605,1549,1469,Undirected,4,0.0,0.0
14606,1200,1761,Undirected,1,0.0,0.0
14607,1605,1679,Undirected,6,0.0,0.0
14608,1568,764,Undirected,2,0.0,0.0
14609,979,1763,Undirected,6,0.0,0.0
14610,612,1484,Undirected,60,0.0,0.0
14611,1316,758,Undirected,16,0.0,0.0
14612,1338,949,Undirected,3,0.0,0.0
14613,1505,1223,Undirected,2,0.0,0.0
14614,792,792,Undirected,59,0.0,0.0
14615,1153,1675,Undirected,1,0.0,0.0
14616,461,1062,Undirected,1,0.0,0.0
14617,1527,1239,Undirected,1,0.0,0.0
14618,1161,668,Undirected,1,0.0,0.0
14619,732,1998,Undirected,2,0.0,0.0
14620,470,1518,Undirected,15,0.0,0.0
14621,1658,437,Undirected,4,0.0,0.0
14622,1995,1223,Undirected,1,0.0,0.0
14623,65,1636,Undirected,16,0.0,0.0
14624,1912,1300,Undirected,1,0.0,0.0
14625,1440,752,Undirected,2,0.0,0.0
14626,1491,1774,Undirected,4,0.0,0.0
14627,1768,190,Undirected,2,0.0,0.0
14628,1219,1380,Undirected,9,0.0,0.0
14629,1034,470,Undirected,1,0.0,0.0
14630,838,1663,Undirected,2,0.0,0.0
14631,1155,1739,Undirected,16,0.0,0.0
14632,971,463,Undirected,5,0.0,0.0
14633,1938,1404,Undirected,5,0.0,0.0
14634,1893,470,Undirected,24,0.0,0.0
14635,1594,1870,Undirected,2,0.0,0.0
14636,1404,637,Undirected,1,0.0,0.0
14637,1219,911,Undirected,19,0.0,0.0
14638,1962,1247,Undirected,12,0.0,0.0
14639,1150,1150,Undirected,42,0.0,0.0
14640,1568,719,Undirected,28,0.0,0.0
14641,794,459,Undirected,3,0.0,0.0
14642,266,266,Undirected,260,0.0,0.0
14643,1859,1412,Undirected,1,0.0,0.0
14644,633,1691,Undirected,2,0.0,0.0
14645,1995,1476,Undirected,10,0.0,0.0
14646,1136,1428,Undirected,1,0.0,0.0
14647,1441,1727,Undirected,2,0.0,0.0
14648,825,1270,Undirected,2,0.0,0.0
14649,1236,1647,Undirected,2,0.0,0.0
14650,1602,980,Undirected,8,0.0,0.0
14651,1384,1639,Undirected,1,0.0,0.0
14652,1960,1556,Undirected,2,0.0,0.0
14653,496,1837,Undirected,8,0.0,0.0
14654,226,562,Undirected,2,0.0,0.0
14655,218,59,Undirected,5,0.0,0.0
14656,1219,1404,Undirected,2,0.0,0.0
14657,1720,1848,Undirected,10,0.0,0.0
14658,1360,1556,Undirected,5,0.0,0.0
14659,293,293,Undirected,38,0.0,0.0
14660,856,71,Undirected,5,0.0,0.0
14661,1808,693,Undirected,3,0.0,0.0
14662,788,1350,Undirected,5,0.0,0.0
14663,914,1972,Undirected,5,0.0,0.0
14664,1720,764,Undirected,1,0.0,0.0
14665,1395,1606,Undirected,1,0.0,0.0
14666,1463,1287,Undirected,2,0.0,0.0
14667,1928,1316,Undirected,11,0.0,0.0
14668,1458,1159,Undirected,1,0.0,0.0
14669,754,499,Undirected,3,0.0,0.0
14670,121,1486,Undirected,68,0.0,0.0
14671,1350,903,Undirected,2,0.0,0.0
14672,369,1602,Undirected,1,0.0,0.0
14673,385,1027,Undirected,6,0.0,0.0
14674,1954,374,Undirected,3,0.0,0.0
14675,1274,670,Undirected,1,0.0,0.0
14676,1305,983,Undirected,27,0.0,0.0
14677,1097,1647,Undirected,9,0.0,0.0
14678,555,678,Undirected,2,0.0,0.0
14679,1685,1495,Undirected,1,0.0,0.0
14680,1786,1110,Undirected,1,0.0,0.0
14681,1344,850,Undirected,3,0.0,0.0
14682,881,6,Undirected,71,0.0,0.0
14683,1810,1478,Undirected,2,0.0,0.0
14684,51,1910,Undirected,3,0.0,0.0
14685,810,1635,Undirected,3,0.0,0.0
14686,128,947,Undirected,2,0.0,0.0
14687,1674,1219,Undirected,3,0.0,0.0
14688,96,1302,Undirected,6,0.0,0.0
14689,1918,1239,Undirected,2,0.0,0.0
14690,281,590,Undirected,3,0.0,0.0
14691,1548,1060,Undirected,4,3.1708731414014143e-07,0.27281956896457293
14692,1584,663,Undirected,3,0.0,0.0
14693,1106,1948,Undirected,3,0.0,0.0
14694,145,1506,Undirected,22,0.0,0.0
14695,1427,1823,Undirected,2,0.0,0.0
14696,1547,1763,Undirected,8,0.0,0.0
14697,1344,1210,Undirected,1,0.0,0.0
14698,1912,924,Undirected,6,0.0,0.0
14699,1944,1400,Undirected,19,0.0,0.0
14700,220,1357,Undirected,2,0.0,0.0
14701,1781,1806,Undirected,2,0.0,0.0
14702,1297,1450,Undirected,1,0.0,0.0
14703,1395,1686,Undirected,7,0.0,0.0
14704,1739,1086,Undirected,3,0.0,0.0
14705,84,84,Undirected,23,0.0,0.0
14706,1480,1480,Undirected,197,0.0,0.0
14707,1674,271,Undirected,5,0.0,0.0
14708,1593,1730,Undirected,1,0.0,0.0
14709,1258,1437,Undirected,1,0.0,0.0
14710,1282,239,Undirected,4,0.0,0.0
14711,1320,1862,Undirected,1,0.0,0.0
14712,1321,1321,Undirected,80,0.0,0.0
14713,973,973,Undirected,58,0.0,0.0
14714,1833,1159,Undirected,2,0.0,0.0
14715,1288,1227,Undirected,1,0.0,0.0
14716,1336,1336,Undirected,51,0.0,0.0
14717,1348,1381,Undirected,1,0.0,0.0
14718,1834,1740,Undirected,4,0.0,0.0
14719,1618,901,Undirected,50,0.0,0.0
14720,1634,1467,Undirected,3,0.0,0.0
14721,1857,556,Undirected,17,0.0,0.0
14722,1441,1220,Undirected,1,0.0,0.0
14723,107,687,Undirected,1,0.0,0.0
14724,1171,1171,Undirected,128,0.0,0.0
14725,1696,949,Undirected,2,0.0,0.0
14726,1568,1937,Undirected,1,0.0,0.0
14727,1235,478,Undirected,5,0.0,0.0
14728,1204,1046,Undirected,3,0.0,0.0
14729,1018,1453,Undirected,15,0.0,0.0
14730,1668,1644,Undirected,1,0.0,0.0
14731,1042,799,Undirected,1,0.0,0.0
14732,1379,1227,Undirected,1,0.0,0.0
14733,1576,668,Undirected,5,0.0,0.0
14734,1672,729,Undirected,2,0.0,0.0
14735,1344,506,Undirected,1,0.0,0.0
14736,770,1277,Undirected,12,0.0,0.0
14737,1320,264,Undirected,4,0.0,0.0
14738,682,1023,Undirected,4,0.0,0.0
14739,661,1070,Undirected,4,0.0,0.0
14740,451,1799,Undirected,5,0.0,0.0
14741,1737,1823,Undirected,16,0.0,0.0
14742,341,1718,Undirected,2,0.0,0.0
14743,914,1871,Undirected,3,0.0,0.0
14744,1442,109,Undirected,1,0.0,0.0
14745,1561,1218,Undirected,14,0.0,0.0
14746,1354,85,Undirected,2,0.0,0.0
14747,1621,702,Undirected,2,0.0,0.0
14748,1289,1573,Undirected,2,0.0,0.0
14749,1944,1269,Undirected,1,0.0,0.0
14750,1033,783,Undirected,20,0.0,0.0
14751,509,118,Undirected,8,0.0,0.0
14752,985,378,Undirected,4,0.0,0.0
14753,922,1205,Undirected,2,0.0,0.0
14754,832,978,Undirected,3,0.0,0.0
14755,1344,1268,Undirected,3,0.0,0.0
14756,1113,220,Undirected,37,0.0,0.0
14757,1377,1838,Undirected,1,0.0,0.0
14758,1186,1556,Undirected,51,0.0,0.0
14759,720,860,Undirected,1,0.0,0.0
14760,880,1437,Undirected,2,0.0,0.0
14761,1475,1475,Undirected,37,0.0,0.0
14762,1491,1995,Undirected,20,0.0,0.0
14763,83,1366,Undirected,1,0.0,0.0
14764,769,1203,Undirected,2,0.0,0.0
14765,553,572,Undirected,2,0.0,0.0
14766,160,1515,Undirected,1,0.0,0.0
14767,774,1199,Undirected,3,0.0,0.0
14768,680,1097,Undirected,1,0.0,0.0
14769,1848,1380,Undirected,5,0.0,0.0
14770,353,215,Undirected,1,0.0,0.0
14771,675,61,Undirected,1,0.0,0.0
14772,72,291,Undirected,1,0.0,0.0
14773,1002,1122,Undirected,1,0.0,0.0
14774,1945,1597,Undirected,1,0.0,0.0
14775,56,1503,Undirected,2,0.0,0.0
14776,1963,1158,Undirected,14,0.0,0.0
14777,578,578,Undirected,40,0.0,0.0
14778,475,1467,Undirected,1,0.0,0.0
14779,1787,1860,Undirected,1,0.0,0.0
14780,1767,1767,Undirected,22,0.0,0.0
14781,481,1053,Undirected,2,0.0,0.0
14782,460,62,Undirected,3,0.0,0.0
14783,1890,1141,Undirected,7,0.0,0.0
14784,1137,1998,Undirected,7,3.165657663757317e-07,0.27237083314344257
14785,937,1675,Undirected,39,0.0,0.0
14786,1448,799,Undirected,18,0.0,0.0
14787,976,186,Undirected,4,0.0,0.0
14788,290,590,Undirected,5,0.0,0.0
14789,1590,518,Undirected,84,0.0,0.0
14790,325,1527,Undirected,4,0.0,0.0
14791,813,1974,Undirected,2,0.0,0.0
14792,1346,1315,Undirected,6,0.0,0.0
14793,342,342,Undirected,47,0.0,0.0
14794,253,1854,Undirected,1,0.0,0.0
14795,960,475,Undirected,2,0.0,0.0
14796,984,778,Undirected,2,0.0,0.0
14797,40,833,Undirected,1,0.0,0.0
14798,1536,244,Undirected,1,0.0,0.0
14799,291,291,Undirected,68,0.0,0.0
14800,1280,564,Undirected,6,0.0,0.0
14801,518,207,Undirected,12,5.090087207908463e-07,0.43794732117221435
14802,1600,1042,Undirected,3,0.0,0.0
14803,1028,1324,Undirected,1,0.0,0.0
14804,1675,1356,Undirected,1,0.0,0.0
14805,1634,1634,Undirected,44,0.0,0.0
14806,1996,813,Undirected,13,0.0,0.0
14807,1360,966,Undirected,1,0.0,0.0
14808,1000,1815,Undirected,4,0.0,0.0
14809,1288,840,Undirected,1,0.0,0.0
14810,970,183,Undirected,5,0.0,0.0
14811,985,1739,Undirected,19,0.0,0.0
14812,145,745,Undirected,31,0.0,0.0
14813,1452,1725,Undirected,7,0.0,0.0
14814,1513,1778,Undirected,8,0.0,0.0
14815,993,590,Undirected,1,0.0,0.0
14816,1061,133,Undirected,2,0.0,0.0
14817,1331,1022,Undirected,3,0.0,0.0
14818,1584,1803,Undirected,1,0.0,0.0
14819,1805,1989,Undirected,3,0.0,0.0
14820,274,931,Undirected,2,0.0,0.0
14821,1995,1159,Undirected,8,0.0,0.0
14822,926,1103,Undirected,1,0.0,0.0
14823,1138,1138,Undirected,14,0.0,0.0
14824,690,1630,Undirected,5,0.0,0.0
14825,1602,1783,Undirected,12,0.0,0.0
14826,385,699,Undirected,2,0.0,0.0
14827,1809,506,Undirected,2,0.0,0.0
14828,597,597,Undirected,83,0.0,0.0
14829,1680,1288,Undirected,1,0.0,0.0
14830,1709,654,Undirected,2,0.0,0.0
14831,872,1903,Undirected,1,0.0,0.0
14832,1305,1517,Undirected,1,0.0,0.0
14833,1106,1963,Undirected,2,2.6625496792887233e-07,0.2290837959948376
14834,1809,1932,Undirected,3,0.0,0.0
14835,441,441,Undirected,47,0.0,0.0
14836,541,814,Undirected,1,0.0,0.0
14837,1930,1518,Undirected,1,0.0,0.0
14838,1069,1069,Undirected,4,0.0,0.0
14839,450,1022,Undirected,1,0.0,0.0
14840,1776,33,Undirected,6,0.0,0.0
14841,301,1711,Undirected,13,0.0,0.0
14842,1097,468,Undirected,3,0.0,0.0
14843,506,1382,Undirected,2,0.0,0.0
14844,177,1052,Undirected,107,0.0,0.0
14845,1356,1902,Undirected,1,0.0,0.0
14846,1648,1648,Undirected,28,0.0,0.0
14847,1681,567,Undirected,2,0.0,0.0
14848,1195,1837,Undirected,100,0.0,0.0
14849,1354,677,Undirected,1,0.0,0.0
14850,698,794,Undirected,1,0.0,0.0
14851,628,885,Undirected,1,0.0,0.0
14852,321,73,Undirected,1,0.0,0.0
14853,1915,1199,Undirected,1,0.0,0.0
14854,1358,1951,Undirected,1,0.0,0.0
14855,1258,1204,Undirected,1,0.0,0.0
14856,1640,1516,Undirected,1,0.0,0.0
14857,786,1983,Undirected,5,0.0,0.0
14858,1593,197,Undirected,4,0.0,0.0
14859,163,1054,Undirected,5,0.0,0.0
14860,96,351,Undirected,1,0.0,0.0
14861,1219,1783,Undirected,16,0.0,0.0
14862,211,1837,Undirected,1,0.0,0.0
14863,524,1092,Undirected,3,0.0,0.0
14864,1082,692,Undirected,58,0.0,0.0
14865,1603,1630,Undirected,1,0.0,0.0
14866,147,1333,Undirected,2,0.0,0.0
14867,1996,455,Undirected,1,0.0,0.0
14868,1916,1764,Undirected,23,0.0,0.0
14869,842,767,Undirected,1,0.0,0.0
14870,285,1951,Undirected,1,0.0,0.0
14871,1502,1502,Undirected,4,0.0,0.0
14872,563,797,Undirected,3,0.0,0.0
14873,1740,308,Undirected,2,0.0,0.0
14874,1938,1866,Undirected,1,0.0,0.0
14875,417,1743,Undirected,14,2.91055978555844e-07,0.2504224012540369
14876,872,872,Undirected,25,0.0,0.0
14877,1984,758,Undirected,3,0.0,0.0
14878,819,1204,Undirected,7,0.0,0.0
14879,611,1079,Undirected,2,0.0,0.0
14880,1152,1440,Undirected,12,0.0,0.0
14881,1248,1739,Undirected,35,0.0,0.0
14882,215,687,Undirected,1,0.0,0.0
14883,1938,28,Undirected,4,0.0,0.0
14884,1821,62,Undirected,16,0.0,0.0
14885,314,1899,Undirected,9,0.0,0.0
14886,1219,1141,Undirected,5,0.0,0.0
14887,1264,275,Undirected,2,0.0,0.0
14888,1251,1987,Undirected,2,0.0,0.0
14889,177,1065,Undirected,12,0.0,0.0
14890,807,807,Undirected,109,0.0,0.0
14891,1875,1271,Undirected,1,0.0,0.0
14892,1161,1028,Undirected,5,0.0,0.0
14893,1596,1983,Undirected,1,0.0,0.0
14894,1910,590,Undirected,1,0.0,0.0
14895,1523,982,Undirected,2,0.0,0.0
14896,269,1246,Undirected,3,0.0,0.0
14897,155,855,Undirected,2,0.0,0.0
14898,1194,1219,Undirected,6,0.0,0.0
14899,859,1965,Undirected,1,0.0,0.0
14900,433,686,Undirected,1,0.0,0.0
14901,1447,1447,Undirected,15,0.0,0.0
14902,1147,526,Undirected,2,0.0,0.0
14903,1784,83,Undirected,11,0.0,0.0
14904,1597,1630,Undirected,3,0.0,0.0
14905,1769,1595,Undirected,1,0.0,0.0
14906,1535,1535,Undirected,305,0.0,0.0
14907,952,556,Undirected,5,0.0,0.0
14908,1531,1862,Undirected,1,0.0,0.0
14909,794,1301,Undirected,1,0.0,0.0
14910,1808,912,Undirected,1,0.0,0.0
14911,787,1470,Undirected,2,0.0,0.0
14912,1900,253,Undirected,1,0.0,0.0
14913,1948,861,Undirected,2,0.0,0.0
14914,970,891,Undirected,4,0.0,0.0
14915,1912,842,Undirected,6,3.1066943052346627e-07,0.26729766958895723
14916,147,1695,Undirected,1,0.0,0.0
14917,832,832,Undirected,173,0.0,0.0
14918,875,1932,Undirected,3,0.0,0.0
14919,846,846,Undirected,4,0.0,0.0
14920,369,1780,Undirected,6,0.0,0.0
14921,1700,1774,Undirected,1,0.0,0.0
14922,267,267,Undirected,48,0.0,0.0
14923,787,670,Undirected,2,0.0,0.0
14924,601,601,Undirected,73,0.0,0.0
14925,1306,1019,Undirected,12,0.0,0.0
14926,1948,1300,Undirected,1,0.0,0.0
14927,1363,1660,Undirected,1,0.0,0.0
14928,670,510,Undirected,3,0.0,0.0
14929,1714,685,Undirected,63,0.0,0.0
14930,1304,1304,Undirected,45,0.0,0.0
14931,1780,1141,Undirected,7,0.0,0.0
14932,604,782,Undirected,3,0.0,0.0
14933,216,1287,Undirected,12,0.0,0.0
14934,1344,396,Undirected,51,0.0,0.0
14935,1969,455,Undirected,7,0.0,0.0
14936,867,867,Undirected,52,0.0,0.0
14937,780,1268,Undirected,4,0.0,0.0
14938,1890,764,Undirected,58,0.0,0.0
14939,319,1079,Undirected,4,0.0,0.0
14940,704,1156,Undirected,5,0.0,0.0
14941,1400,1458,Undirected,2,0.0,0.0
14942,635,1647,Undirected,7,0.0,0.0
14943,1219,1974,Undirected,24,0.0,0.0
14944,281,281,Undirected,75,0.0,0.0
14945,1610,1796,Undirected,1,0.0,0.0
14946,945,1498,Undirected,44,0.0,0.0
14947,1185,13,Undirected,1,0.0,0.0
14948,580,1382,Undirected,46,0.0,0.0
14949,1939,1939,Undirected,141,0.0,0.0
14950,773,991,Undirected,4,0.0,0.0
14951,813,814,Undirected,6,0.0,0.0
14952,684,684,Undirected,53,0.0,0.0
14953,1098,1412,Undirected,2,0.0,0.0
14954,777,374,Undirected,6,0.0,0.0
14955,739,1614,Undirected,6,0.0,0.0
14956,633,291,Undirected,4,0.0,0.0
14957,1248,783,Undirected,1,0.0,0.0
14958,768,722,Undirected,2,0.0,0.0
14959,1593,1186,Undirected,3,0.0,0.0
14960,1260,535,Undirected,7,0.0,0.0
14961,365,365,Undirected,92,0.0,0.0
14962,1682,1774,Undirected,1,0.0,0.0
14963,1400,1492,Undirected,1,0.0,0.0
14964,842,1308,Undirected,6,0.0,0.0
14965,433,1018,Undirected,3,0.0,0.0
14966,1602,1758,Undirected,36,0.0,0.0
14967,1529,163,Undirected,1,0.0,0.0
14968,186,186,Undirected,19,0.0,0.0
14969,396,1484,Undirected,1,0.0,0.0
14970,612,1086,Undirected,2,0.0,0.0
14971,539,1828,Undirected,1,0.0,0.0
14972,496,1780,Undirected,15,0.0,0.0
14973,328,900,Undirected,78,0.0,0.0
14974,400,1718,Undirected,1,0.0,0.0
14975,1078,1375,Undirected,6,0.0,0.0
14976,887,719,Undirected,2,0.0,0.0
14977,625,625,Undirected,1694,0.0,0.0
14978,1072,119,Undirected,1,0.0,0.0
14979,1809,1813,Undirected,1,0.0,0.0
14980,1033,764,Undirected,1,0.0,0.0
14981,1584,410,Undirected,11,0.0,0.0
14982,978,1639,Undirected,4,0.0,0.0
14983,235,900,Undirected,26,0.0,0.0
14984,1195,911,Undirected,2,0.0,0.0
14985,1377,1964,Undirected,1,0.0,0.0
14986,520,1411,Undirected,2,0.0,0.0
14987,388,909,Undirected,57,0.0,0.0
14988,1628,495,Undirected,1,0.0,0.0
14989,1328,893,Undirected,2,0.0,0.0
14990,433,612,Undirected,6,0.0,0.0
14991,1153,897,Undirected,1,0.0,0.0
14992,1233,1588,Undirected,2,0.0,0.0
14993,1203,1271,Undirected,1,0.0,0.0
14994,1322,923,Undirected,31,0.0,0.0
14995,1506,1183,Undirected,2,0.0,0.0
14996,134,134,Undirected,253,0.0,0.0
14997,1222,254,Undirected,5,0.0,0.0
14998,1356,1989,Undirected,6,0.0,0.0
14999,1858,1815,Undirected,16,8.336237920088708e-07,0.7172437163914964
15000,761,795,Undirected,1,0.0,0.0
15001,1547,719,Undirected,7,0.0,0.0
15002,737,940,Undirected,2,0.0,0.0
15003,1191,1135,Undirected,8,0.0,0.0
15004,1346,5,Undirected,28,0.0,0.0
15005,1448,1344,Undirected,10,0.0,0.0
15006,1248,1033,Undirected,5,0.0,0.0
15007,858,858,Undirected,230,0.0,0.0
15008,1527,207,Undirected,2,0.0,0.0
15009,585,1657,Undirected,3,0.0,0.0
15010,1728,1164,Undirected,8,0.0,0.0
15011,1480,1971,Undirected,13,0.0,0.0
15012,1921,1235,Undirected,1,0.0,0.0
15013,1808,1562,Undirected,1,0.0,0.0
15014,1842,1142,Undirected,7,0.0,0.0
15015,369,1684,Undirected,2,0.0,0.0
15016,1944,1042,Undirected,1,0.0,0.0
15017,1114,1605,Undirected,5,0.0,0.0
15018,1621,709,Undirected,14,0.0,0.0
15019,1728,689,Undirected,6,0.0,0.0
15020,753,1874,Undirected,1,0.0,0.0
15021,689,1949,Undirected,3,0.0,0.0
15022,1240,378,Undirected,1,0.0,0.0
15023,1299,1299,Undirected,53,0.0,0.0
15024,1009,1737,Undirected,3,0.0,0.0
15025,347,1678,Undirected,3,0.0,0.0
15026,1969,1698,Undirected,8,0.0,0.0
15027,849,186,Undirected,2,0.0,0.0
15028,1369,1180,Undirected,1,0.0,0.0
15029,728,1804,Undirected,7,0.0,0.0
15030,1202,1394,Undirected,3,0.0,0.0
15031,1684,1973,Undirected,1,0.0,0.0
15032,1997,1887,Undirected,1,0.0,0.0
15033,1568,1269,Undirected,4,0.0,0.0
15034,1020,1439,Undirected,1,0.0,0.0
15035,515,1787,Undirected,29,0.0,0.0
15036,1539,1924,Undirected,1,0.0,0.0
15037,53,182,Undirected,2,0.0,0.0
15038,1875,1359,Undirected,2,0.0,0.0
15039,1515,1615,Undirected,3,0.0,0.0
15040,184,1060,Undirected,1,0.0,0.0
15041,612,1973,Undirected,15,0.0,0.0
15042,1499,1375,Undirected,2,0.0,0.0
15043,1648,1837,Undirected,2,0.0,0.0
15044,396,1902,Undirected,1,0.0,0.0
15045,1754,1357,Undirected,2,0.0,0.0
15046,789,397,Undirected,1,0.0,0.0
15047,1989,1734,Undirected,1,0.0,0.0
15048,1883,1380,Undirected,23,0.0,0.0
15049,1356,1356,Undirected,138,0.0,0.0
15050,1917,957,Undirected,5,0.0,0.0
15051,113,1438,Undirected,12,0.0,0.0
15052,1948,1869,Undirected,1,0.0,0.0
15053,985,1763,Undirected,52,0.0,0.0
15054,1848,1511,Undirected,1,0.0,0.0
15055,905,1028,Undirected,5,5.089090504505594e-07,0.4378615655520333
15056,369,1607,Undirected,1,0.0,0.0
15057,833,793,Undirected,1,0.0,0.0
15058,1602,1434,Undirected,34,0.0,0.0
15059,515,20,Undirected,3,0.0,0.0
15060,730,924,Undirected,10,0.0,0.0
15061,1731,1183,Undirected,2,0.0,0.0
15062,1905,877,Undirected,2,0.0,0.0
15063,1112,151,Undirected,45,0.0,0.0
15064,1850,229,Undirected,10,0.0,0.0
15065,746,263,Undirected,89,0.0,0.0
15066,947,1684,Undirected,2,0.0,0.0
15067,1114,1007,Undirected,2,0.0,0.0
15068,655,1815,Undirected,6,0.0,0.0
15069,993,993,Undirected,53,0.0,0.0
15070,1930,1348,Undirected,8,0.0,0.0
15071,1491,1983,Undirected,4,0.0,0.0
15072,753,1060,Undirected,7,0.0,0.0
15073,832,1626,Undirected,45,0.0,0.0
15074,1659,1659,Undirected,48,0.0,0.0
15075,544,302,Undirected,6,0.0,0.0
15076,618,99,Undirected,11,0.0,0.0
15077,1329,452,Undirected,1,0.0,0.0
15078,897,1571,Undirected,2,0.0,0.0
15079,1352,566,Undirected,1,0.0,0.0
15080,1583,1583,Undirected,22,0.0,0.0
15081,914,635,Undirected,2,0.0,0.0
15082,786,786,Undirected,73,0.0,0.0
15083,1877,677,Undirected,4,0.0,0.0
15084,1306,991,Undirected,8,0.0,0.0
15085,1380,758,Undirected,34,0.0,0.0
15086,420,420,Undirected,75,0.0,0.0
15087,1710,1223,Undirected,1,0.0,0.0
15088,1696,341,Undirected,2,0.0,0.0
15089,1025,1689,Undirected,3,0.0,0.0
15090,269,1655,Undirected,9,0.0,0.0
15091,1568,410,Undirected,2,0.0,0.0
15092,763,151,Undirected,2,0.0,0.0
15093,1548,509,Undirected,2,0.0,0.0
15094,985,1827,Undirected,1,0.0,0.0
15095,480,774,Undirected,2,0.0,0.0
15096,697,1332,Undirected,7,0.0,0.0
15097,1824,1509,Undirected,2,0.0,0.0
15098,1873,518,Undirected,2,0.0,0.0
15099,736,1977,Undirected,2,0.0,0.0
15100,994,1916,Undirected,13,0.0,0.0
15101,864,554,Undirected,1,0.0,0.0
15102,250,702,Undirected,4,0.0,0.0
15103,740,237,Undirected,1,0.0,0.0
15104,405,1157,Undirected,45,0.0,0.0
15105,1817,427,Undirected,24,0.0,0.0
15106,1257,1989,Undirected,2,0.0,0.0
15107,1172,1878,Undirected,10,0.0,0.0
15108,945,1718,Undirected,4,0.0,0.0
15109,1594,754,Undirected,8,0.0,0.0
15110,1441,1441,Undirected,132,0.0,0.0
15111,1162,772,Undirected,2,0.0,0.0
15112,1560,1951,Undirected,1,0.0,0.0
15113,1219,1054,Undirected,1,0.0,0.0
15114,1866,1413,Undirected,4,0.0,0.0
15115,775,775,Undirected,4,0.0,0.0
15116,1740,980,Undirected,5,0.0,0.0
15117,947,1974,Undirected,4,0.0,0.0
15118,1947,799,Undirected,40,0.0,0.0
15119,680,1748,Undirected,1,0.0,0.0
15120,309,1605,Undirected,46,0.0,0.0
15121,1084,893,Undirected,3,0.0,0.0
15122,878,878,Undirected,51,0.0,0.0
15123,1577,1250,Undirected,1,0.0,0.0
15124,1882,710,Undirected,2,0.0,0.0
15125,1848,1141,Undirected,1,0.0,0.0
15126,1730,197,Undirected,1,0.0,0.0
15127,1276,500,Undirected,1,0.0,0.0
15128,1697,610,Undirected,1,0.0,0.0
15129,1946,613,Undirected,3,0.0,0.0
15130,1162,780,Undirected,1,0.0,0.0
15131,613,1886,Undirected,12,0.0,0.0
15132,169,860,Undirected,4,0.0,0.0
15133,396,804,Undirected,6,0.0,0.0
15134,1000,1296,Undirected,1,0.0,0.0
15135,541,758,Undirected,8,0.0,0.0
15136,1717,534,Undirected,16,0.0,0.0
15137,1682,1627,Undirected,2,0.0,0.0
15138,874,1141,Undirected,1,0.0,0.0
15139,732,1853,Undirected,1,0.0,0.0
15140,1120,543,Undirected,10,0.0,0.0
15141,1466,1883,Undirected,1,0.0,0.0
15142,1769,1391,Undirected,1,0.0,0.0
15143,719,639,Undirected,6,0.0,0.0
15144,1655,1135,Undirected,1,0.0,0.0
15145,1784,1004,Undirected,2,0.0,0.0
15146,992,1333,Undirected,3,0.0,0.0
15147,1619,1989,Undirected,3,0.0,0.0
15148,1433,921,Undirected,43,0.0,0.0
15149,1073,1815,Undirected,1,0.0,0.0
15150,1890,1555,Undirected,2,0.0,0.0
15151,835,835,Undirected,48,0.0,0.0
15152,1588,1549,Undirected,2,0.0,0.0
15153,1026,1020,Undirected,5,0.0,0.0
15154,1851,1428,Undirected,1,0.0,0.0
15155,1995,1639,Undirected,2,0.0,0.0
15156,64,121,Undirected,2,0.0,0.0
15157,740,1903,Undirected,1,0.0,0.0
15158,893,1741,Undirected,4,0.0,0.0
15159,377,377,Undirected,31,0.0,0.0
15160,362,1492,Undirected,10,0.0,0.0
15161,939,374,Undirected,3,0.0,0.0
15162,1553,393,Undirected,34,0.0,0.0
15163,780,661,Undirected,19,0.0,0.0
15164,1714,1532,Undirected,1,0.0,0.0
15165,159,159,Undirected,52,0.0,0.0
15166,562,70,Undirected,2,0.0,0.0
15167,1404,1453,Undirected,21,0.0,0.0
15168,804,798,Undirected,1,0.0,0.0
15169,786,1813,Undirected,1,0.0,0.0
15170,1883,1996,Undirected,1,0.0,0.0
15171,1545,781,Undirected,4,0.0,0.0
15172,1490,1356,Undirected,2,0.0,0.0
15173,516,1549,Undirected,2,0.0,0.0
15174,1330,1330,Undirected,105,0.0,0.0
15175,1283,1427,Undirected,3,0.0,0.0
15176,1738,1558,Undirected,2,0.0,0.0
15177,1112,1861,Undirected,2,0.0,0.0
15178,1650,1911,Undirected,1,0.0,0.0
15179,656,656,Undirected,5,0.0,0.0
15180,1498,1703,Undirected,8,3.3170846074759247e-07,0.2853994948629949
15181,1097,842,Undirected,2,0.0,0.0
15182,1754,1838,Undirected,22,0.0,0.0
15183,1248,1141,Undirected,23,0.0,0.0
15184,217,1530,Undirected,2,0.0,0.0
15185,56,56,Undirected,18,0.0,0.0
15186,137,590,Undirected,1,0.0,0.0
15187,1162,1964,Undirected,13,0.0,0.0
15188,369,1828,Undirected,1,0.0,0.0
15189,1824,178,Undirected,3,0.0,0.0
15190,1273,1246,Undirected,13,0.0,0.0
15191,1244,1860,Undirected,2,0.0,0.0
15192,1076,1470,Undirected,1,0.0,0.0
15193,1129,775,Undirected,2,0.0,0.0
15194,1954,70,Undirected,1,0.0,0.0
15195,625,1758,Undirected,35,0.0,0.0
15196,1384,1384,Undirected,58,0.0,0.0
15197,1964,1805,Undirected,1,0.0,0.0
15198,247,247,Undirected,4,0.0,0.0
15199,499,1815,Undirected,12,0.0,0.0
15200,1874,1331,Undirected,1,0.0,0.0
15201,1182,1182,Undirected,10,0.0,0.0
15202,89,1739,Undirected,1,0.0,0.0
15203,517,1302,Undirected,3,0.0,0.0
15204,1969,1758,Undirected,50,0.0,0.0
15205,1153,646,Undirected,1,0.0,0.0
15206,640,102,Undirected,6,0.0,0.0
15207,1319,1319,Undirected,250,0.0,0.0
15208,1984,1484,Undirected,21,0.0,0.0
15209,1578,1578,Undirected,50,0.0,0.0
15210,1721,1275,Undirected,2,0.0,0.0
15211,860,1110,Undirected,2,0.0,0.0
15212,1139,1635,Undirected,6,0.0,0.0
15213,1788,1693,Undirected,2,0.0,0.0
15214,1294,1294,Undirected,110,0.0,0.0
15215,1098,1003,Undirected,2,0.0,0.0
15216,621,1166,Undirected,2,0.0,0.0
15217,633,1594,Undirected,3,0.0,0.0
15218,748,748,Undirected,10,0.0,0.0
15219,20,1751,Undirected,2,0.0,0.0
15220,1011,1445,Undirected,2,0.0,0.0
15221,1232,580,Undirected,1,0.0,0.0
15222,1917,1917,Undirected,7,0.0,0.0
15223,1074,1637,Undirected,1,0.0,0.0
15224,1251,1780,Undirected,7,0.0,0.0
15225,1001,1717,Undirected,2,0.0,0.0
15226,432,782,Undirected,6,0.0,0.0
15227,1211,1285,Undirected,5,0.0,0.0
15228,1287,751,Undirected,1,0.0,0.0
15229,1344,1344,Undirected,204,0.0,0.0
15230,1603,1382,Undirected,3,0.0,0.0
15231,1018,1581,Undirected,2,0.0,0.0
15232,1561,253,Undirected,23,0.0,0.0
15233,1361,1236,Undirected,13,0.0,0.0
15234,861,1862,Undirected,1,0.0,0.0
15235,1366,1935,Undirected,11,0.0,0.0
15236,1484,1902,Undirected,4,0.0,0.0
15237,1395,1395,Undirected,50,0.0,0.0
15238,1315,1227,Undirected,2,0.0,0.0
15239,1155,1996,Undirected,2,0.0,0.0
15240,1298,732,Undirected,2,0.0,0.0
15241,1411,957,Undirected,4,0.0,0.0
15242,26,26,Undirected,29,0.0,0.0
15243,1513,1836,Undirected,2,0.0,0.0
15244,681,1289,Undirected,1,0.0,0.0
15245,492,797,Undirected,2,0.0,0.0
15246,1778,820,Undirected,4,0.0,0.0
15247,1930,1830,Undirected,2,0.0,0.0
15248,640,1563,Undirected,5,0.0,0.0
15249,1218,1925,Undirected,2,0.0,0.0
15250,616,321,Undirected,2,0.0,0.0
15251,717,1383,Undirected,2,0.0,0.0
15252,1357,1758,Undirected,7,0.0,0.0
15253,258,1627,Undirected,3,0.0,0.0
15254,1442,668,Undirected,1,0.0,0.0
15255,1845,485,Undirected,3,0.0,0.0
15256,896,1320,Undirected,2,0.0,0.0
15257,537,1907,Undirected,1,0.0,0.0
15258,169,548,Undirected,4,0.0,0.0
15259,408,840,Undirected,1,0.0,0.0
15260,576,1367,Undirected,1,0.0,0.0
15261,712,38,Undirected,39,0.0,0.0
15262,1785,1357,Undirected,1,0.0,0.0
15263,1969,1828,Undirected,12,0.0,0.0
15264,1584,1604,Undirected,7,0.0,0.0
15265,1095,1927,Undirected,14,0.0,0.0
15266,1052,1799,Undirected,5,0.0,0.0
15267,1640,1806,Undirected,2,0.0,0.0
15268,1737,1666,Undirected,2,0.0,0.0
15269,771,612,Undirected,4,0.0,0.0
15270,650,379,Undirected,1,0.0,0.0
15271,1400,1079,Undirected,1,0.0,0.0
15272,1025,115,Undirected,1,0.0,0.0
15273,1780,814,Undirected,20,0.0,0.0
15274,1817,1662,Undirected,4,0.0,0.0
15275,1860,1759,Undirected,1,0.0,0.0
15276,379,1515,Undirected,2,0.0,0.0
15277,1050,1183,Undirected,6,0.0,0.0
15278,673,379,Undirected,2,0.0,0.0
15279,1176,917,Undirected,1,0.0,0.0
15280,968,1268,Undirected,1,0.0,0.0
15281,818,725,Undirected,2,0.0,0.0
15282,961,961,Undirected,40,0.0,0.0
15283,956,637,Undirected,1,0.0,0.0
15284,164,981,Undirected,6,0.0,0.0
15285,1267,1477,Undirected,3,0.0,0.0
15286,597,1445,Undirected,3,0.0,0.0
15287,808,839,Undirected,1,0.0,0.0
15288,1402,399,Undirected,6,0.0,0.0
15289,1498,924,Undirected,38,0.0,0.0
15290,0,396,Undirected,2,0.0,0.0
15291,1660,1588,Undirected,5,0.0,0.0
15292,1371,1155,Undirected,4,0.0,0.0
15293,1788,1269,Undirected,1,0.0,0.0
15294,722,1676,Undirected,2,0.0,0.0
15295,1498,1927,Undirected,136,0.0,0.0
15296,1432,1753,Undirected,2,0.0,0.0
15297,1509,1141,Undirected,5,0.0,0.0
15298,738,237,Undirected,1,0.0,0.0
15299,1673,1628,Undirected,2,0.0,0.0
15300,1233,125,Undirected,1,0.0,0.0
15301,270,1871,Undirected,1,0.0,0.0
15302,1816,890,Undirected,1,0.0,0.0
15303,1344,331,Undirected,1,0.0,0.0
15304,896,585,Undirected,1,0.0,0.0
15305,1776,1177,Undirected,3,0.0,0.0
15306,637,637,Undirected,35,0.0,0.0
15307,1600,195,Undirected,2,0.0,0.0
15308,1698,138,Undirected,2,0.0,0.0
15309,643,643,Undirected,50,0.0,0.0
15310,970,1068,Undirected,8,0.0,0.0
15311,1584,1727,Undirected,1,0.0,0.0
15312,433,1325,Undirected,1,0.0,0.0
15313,1482,507,Undirected,1,0.0,0.0
15314,1828,1974,Undirected,9,0.0,0.0
15315,1964,1204,Undirected,3,0.0,0.0
15316,920,1649,Undirected,2,0.0,0.0
15317,1320,1932,Undirected,1,0.0,0.0
15318,1510,1159,Undirected,3,0.0,0.0
15319,1700,1646,Undirected,9,0.0,0.0
15320,1809,1579,Undirected,2,0.0,0.0
15321,1178,699,Undirected,1,0.0,0.0
15322,388,1583,Undirected,1,0.0,0.0
15323,374,1438,Undirected,13,0.0,0.0
15324,1484,853,Undirected,197,0.0,0.0
15325,1457,1457,Undirected,125,0.0,0.0
15326,1160,812,Undirected,3,0.0,0.0
15327,1220,1605,Undirected,6,0.0,0.0
15328,1505,468,Undirected,1,0.0,0.0
15329,1290,539,Undirected,3,0.0,0.0
15330,1568,1042,Undirected,65,0.0,0.0
15331,1257,1218,Undirected,1,0.0,0.0
15332,1861,1903,Undirected,1,0.0,0.0
15333,1396,1918,Undirected,9,0.0,0.0
15334,252,526,Undirected,2,0.0,0.0
15335,1089,1809,Undirected,2,0.0,0.0
15336,874,1756,Undirected,1,0.0,0.0
15337,953,380,Undirected,1,0.0,0.0
15338,1977,372,Undirected,4,0.0,0.0
15339,1948,1598,Undirected,6,0.0,0.0
15340,993,1350,Undirected,1,0.0,0.0
15341,16,760,Undirected,1,0.0,0.0
15342,947,1484,Undirected,1,0.0,0.0
15343,693,1894,Undirected,2,0.0,0.0
15344,1820,518,Undirected,1,0.0,0.0
15345,905,118,Undirected,19,0.0,0.0
15346,363,1067,Undirected,7,0.0,0.0
15347,1811,516,Undirected,4,0.0,0.0
15348,1321,821,Undirected,2,0.0,0.0
15349,1079,799,Undirected,1,0.0,0.0
15350,1595,1660,Undirected,5,0.0,0.0
15351,1001,427,Undirected,1,0.0,0.0
15352,1195,612,Undirected,16,0.0,0.0
15353,1848,625,Undirected,2,0.0,0.0
15354,850,850,Undirected,5,0.0,0.0
15355,924,1095,Undirected,2,0.0,0.0
15356,92,1868,Undirected,1,0.0,0.0
15357,1508,565,Undirected,13,0.0,0.0
15358,1032,711,Undirected,2,0.0,0.0
15359,1929,1500,Undirected,2,0.0,0.0
15360,1973,1973,Undirected,60,0.0,0.0
15361,739,1853,Undirected,1,0.0,0.0
15362,1116,1647,Undirected,1,0.0,0.0
15363,1140,1276,Undirected,23,0.0,0.0
15364,1289,221,Undirected,1,0.0,0.0
15365,1322,1363,Undirected,1,0.0,0.0
15366,33,869,Undirected,1,0.0,0.0
15367,700,860,Undirected,1,0.0,0.0
15368,556,1437,Undirected,1,0.0,0.0
15369,1488,845,Undirected,1,0.0,0.0
15370,1521,1521,Undirected,251,0.0,0.0
15371,625,1827,Undirected,26,0.0,0.0
15372,107,1429,Undirected,4,0.0,0.0
15373,1363,1013,Undirected,1,0.0,0.0
15374,1930,1615,Undirected,1,0.0,0.0
15375,1712,710,Undirected,2,0.0,0.0
15376,970,1355,Undirected,4,0.0,0.0
15377,819,1357,Undirected,16,0.0,0.0
15378,1448,1568,Undirected,1,0.0,0.0
15379,1505,1505,Undirected,21,0.0,0.0
15380,1257,1774,Undirected,25,0.0,0.0
15381,1344,1046,Undirected,3,0.0,0.0
15382,768,555,Undirected,1,0.0,0.0
15383,1076,1295,Undirected,6,0.0,0.0
15384,1248,1883,Undirected,1,0.0,0.0
15385,730,1628,Undirected,14,0.0,0.0
15386,1162,1148,Undirected,1,0.0,0.0
15387,1949,1949,Undirected,163,0.0,0.0
15388,1521,1497,Undirected,2,0.0,0.0
15389,848,558,Undirected,5,0.0,0.0
15390,1202,1535,Undirected,5,0.0,0.0
15391,1272,1837,Undirected,1,0.0,0.0
15392,1298,1298,Undirected,3,0.0,0.0
15393,1500,12,Undirected,9,0.0,0.0
15394,917,1703,Undirected,1,0.0,0.0
15395,1568,1700,Undirected,10,0.0,0.0
15396,1674,1739,Undirected,66,0.0,0.0
15397,1059,1667,Undirected,1,0.0,0.0
15398,752,752,Undirected,35,0.0,0.0
15399,392,188,Undirected,2,0.0,0.0
15400,169,169,Undirected,61,0.0,0.0
15401,1873,1548,Undirected,1,0.0,0.0
15402,851,1487,Undirected,1,0.0,0.0
15403,1218,1639,Undirected,2,0.0,0.0
15404,1755,1862,Undirected,3,0.0,0.0
15405,632,1767,Undirected,1,0.0,0.0
15406,468,468,Undirected,7,0.0,0.0
15407,1353,644,Undirected,3,0.0,0.0
15408,644,246,Undirected,33,0.0,0.0
15409,1125,1437,Undirected,1,0.0,0.0
15410,356,1276,Undirected,3,0.0,0.0
15411,745,1762,Undirected,10,5.187799733898923e-07,0.4463544343030081
15412,1273,682,Undirected,2,0.0,0.0
15413,1485,1485,Undirected,13,0.0,0.0
15414,1555,1838,Undirected,1,0.0,0.0
15415,1362,324,Undirected,5,0.0,0.0
15416,1296,1548,Undirected,1,0.0,0.0
15417,235,860,Undirected,8,0.0,0.0
15418,1814,1983,Undirected,2,0.0,0.0
15419,659,659,Undirected,131,0.0,0.0
15420,884,317,Undirected,1,0.0,0.0
15421,1713,499,Undirected,9,0.0,0.0
15422,1195,1044,Undirected,1,0.0,0.0
15423,1072,1647,Undirected,4,0.0,0.0
15424,625,612,Undirected,5,0.0,0.0
15425,1643,38,Undirected,10,0.0,0.0
15426,57,499,Undirected,2,0.0,0.0
15427,1269,1727,Undirected,70,0.0,0.0
15428,1217,1812,Undirected,2,0.0,0.0
15429,1897,1810,Undirected,2,0.0,0.0
15430,1990,1990,Undirected,61,0.0,0.0
15431,640,1095,Undirected,1,0.0,0.0
15432,1281,1684,Undirected,1,0.0,0.0
15433,1390,1390,Undirected,98,0.0,0.0
15434,117,117,Undirected,327,0.0,0.0
15435,1856,937,Undirected,7,0.0,0.0
15436,322,1996,Undirected,1,0.0,0.0
15437,716,716,Undirected,108,0.0,0.0
15438,1578,467,Undirected,69,0.0,0.0
15439,1254,1382,Undirected,1,0.0,0.0
15440,1696,207,Undirected,13,5.29157929616829e-07,0.45528355072711935
15441,1018,1551,Undirected,2,0.0,0.0
15442,1509,1511,Undirected,7,0.0,0.0
15443,625,980,Undirected,32,0.0,0.0
15444,1848,874,Undirected,1,0.0,0.0
15445,698,893,Undirected,2,0.0,0.0
15446,1539,198,Undirected,6,0.0,0.0
15447,1668,1198,Undirected,1,0.0,0.0
15448,1368,173,Undirected,1,0.0,0.0
15449,148,991,Undirected,7,0.0,0.0
15450,239,863,Undirected,20,0.0,0.0
15451,1003,278,Undirected,8,0.0,0.0
15452,891,860,Undirected,13,0.0,0.0
15453,739,599,Undirected,2,0.0,0.0
15454,1264,909,Undirected,7,0.0,0.0
15455,1984,1739,Undirected,1,0.0,0.0
15456,560,1,Undirected,1,0.0,0.0
15457,731,1935,Undirected,1,0.0,0.0
15458,652,391,Undirected,2,0.0,0.0
15459,1339,182,Undirected,7,0.0,0.0
15460,62,62,Undirected,72,0.0,0.0
15461,199,199,Undirected,61,0.0,0.0
15462,433,1581,Undirected,17,0.0,0.0
15463,1155,1837,Undirected,22,0.0,0.0
15464,1511,719,Undirected,11,0.0,0.0
15465,336,968,Undirected,4,0.0,0.0
15466,952,849,Undirected,1,0.0,0.0
15467,1440,1431,Undirected,2,0.0,0.0
15468,1018,1758,Undirected,4,0.0,0.0
15469,1115,1588,Undirected,1,0.0,0.0
15470,1570,1053,Undirected,13,0.0,0.0
15471,1818,475,Undirected,1,0.0,0.0
15472,1378,1731,Undirected,2,2.614584929591481e-07,0.22495694457115942
15473,964,1558,Undirected,1,0.0,0.0
15474,1079,399,Undirected,7,0.0,0.0
15475,1075,1741,Undirected,5,0.0,0.0
15476,1513,1149,Undirected,1,0.0,0.0
15477,1693,494,Undirected,2,0.0,0.0
15478,1202,682,Undirected,9,0.0,0.0
15479,1348,1764,Undirected,2,0.0,0.0
15480,1289,1653,Undirected,21,0.0,0.0
15481,1765,311,Undirected,3,0.0,0.0
15482,1817,1246,Undirected,4,0.0,0.0
15483,1499,1987,Undirected,2,0.0,0.0
15484,1325,1734,Undirected,10,0.0,0.0
15485,1018,812,Undirected,3,0.0,0.0
15486,625,1938,Undirected,89,0.0,0.0
15487,96,996,Undirected,1,0.0,0.0
15488,233,1045,Undirected,1,0.0,0.0
15489,1079,839,Undirected,2,0.0,0.0
15490,1884,765,Undirected,2,0.0,0.0
15491,466,1604,Undirected,1,0.0,0.0
15492,1158,1775,Undirected,1,0.0,0.0
15493,1060,70,Undirected,8,0.0,0.0
15494,1168,1168,Undirected,6,0.0,0.0
15495,979,812,Undirected,1,0.0,0.0
15496,1602,812,Undirected,6,0.0,0.0
15497,253,253,Undirected,88,0.0,0.0
15498,1984,1434,Undirected,6,0.0,0.0
15499,1900,1900,Undirected,51,0.0,0.0
15500,741,695,Undirected,1,0.0,0.0
15501,1041,1603,Undirected,3,0.0,0.0
15502,1969,1380,Undirected,4,0.0,0.0
15503,3,3,Undirected,281,0.0,0.0
15504,1504,729,Undirected,3,0.0,0.0
15505,460,1302,Undirected,5,0.0,0.0
15506,1378,518,Undirected,1,0.0,0.0
15507,1848,1195,Undirected,27,0.0,0.0
15508,610,1394,Undirected,4,0.0,0.0
15509,1593,1593,Undirected,14,0.0,0.0
15510,1754,710,Undirected,6,0.0,0.0
15511,1921,1767,Undirected,4,0.0,0.0
15512,936,1649,Undirected,2,0.0,0.0
15513,326,726,Undirected,6,0.0,0.0
15514,984,1193,Undirected,1,0.0,0.0
15515,547,1644,Undirected,5,0.0,0.0
15516,1651,62,Undirected,3,0.0,0.0
15517,678,975,Undirected,6,0.0,0.0
15518,1800,1774,Undirected,43,0.0,0.0
15519,252,252,Undirected,81,0.0,0.0
15520,1760,1477,Undirected,5,0.0,0.0
15521,1106,1573,Undirected,3,0.0,0.0
15522,360,799,Undirected,12,0.0,0.0
15523,1948,1302,Undirected,1,0.0,0.0
15524,1947,1382,Undirected,4,0.0,0.0
15525,778,1359,Undirected,1,0.0,0.0
15526,1141,1511,Undirected,2,0.0,0.0
15527,1633,458,Undirected,3,0.0,0.0
15528,680,1588,Undirected,1,0.0,0.0
15529,1442,467,Undirected,3,0.0,0.0
15530,1626,1626,Undirected,13,0.0,0.0
15531,1584,603,Undirected,1,0.0,0.0
15532,1517,782,Undirected,4,0.0,0.0
15533,825,1867,Undirected,18,0.0,0.0
15534,202,202,Undirected,9,0.0,0.0
15535,1872,1282,Undirected,4,0.0,0.0
15536,1354,831,Undirected,1,0.0,0.0
15537,1097,675,Undirected,4,0.0,0.0
15538,1361,1101,Undirected,11,0.0,0.0
15539,411,1941,Undirected,3,0.0,0.0
15540,1506,533,Undirected,1,0.0,0.0
15541,1378,1562,Undirected,1,0.0,0.0
15542,1185,1346,Undirected,15,0.0,0.0
15543,968,1964,Undirected,1,0.0,0.0
15544,1420,1959,Undirected,25,0.0,0.0
15545,430,430,Undirected,212,0.0,0.0
15546,1057,234,Undirected,7,0.0,0.0
15547,602,1691,Undirected,2,0.0,0.0
15548,1563,341,Undirected,2,0.0,0.0
15549,1394,597,Undirected,8,0.0,0.0
15550,1963,1406,Undirected,1,0.0,0.0
15551,819,1087,Undirected,63,0.0,0.0
15552,1371,758,Undirected,4,0.0,0.0
15553,1248,1155,Undirected,4,0.0,0.0
15554,1787,406,Undirected,1,0.0,0.0
15555,1129,1246,Undirected,4,0.0,0.0
15556,942,942,Undirected,33,0.0,0.0
15557,65,502,Undirected,6,0.0,0.0
15558,1615,1615,Undirected,12,0.0,0.0
15559,1072,213,Undirected,2,0.0,0.0
15560,1912,1212,Undirected,2,0.0,0.0
15561,1621,229,Undirected,15,0.0,0.0
15562,918,918,Undirected,49,0.0,0.0
15563,452,452,Undirected,8,0.0,0.0
15564,936,1765,Undirected,2,0.0,0.0
15565,1062,782,Undirected,4,0.0,0.0
15566,1701,1654,Undirected,1,0.0,0.0
15567,3,1439,Undirected,1,0.0,0.0
15568,777,777,Undirected,72,0.0,0.0
15569,728,1758,Undirected,8,0.0,0.0
15570,1634,558,Undirected,2,0.0,0.0
15571,649,831,Undirected,2,0.0,0.0
15572,1529,1434,Undirected,1,0.0,0.0
15573,1371,1827,Undirected,13,0.0,0.0
15574,1588,1502,Undirected,1,0.0,0.0
15575,1268,1837,Undirected,5,0.0,0.0
15576,115,373,Undirected,1,0.0,0.0
15577,930,1869,Undirected,1,0.0,0.0
15578,345,745,Undirected,5,0.0,0.0
15579,184,1273,Undirected,3,0.0,0.0
15580,1510,1855,Undirected,3,0.0,0.0
15581,1362,1916,Undirected,11,0.0,0.0
15582,745,1886,Undirected,3,0.0,0.0
15583,1402,1402,Undirected,6,0.0,0.0
15584,1614,847,Undirected,6,0.0,0.0
15585,1969,1141,Undirected,3,0.0,0.0
15586,1263,1807,Undirected,1,0.0,0.0
15587,195,1159,Undirected,2,0.0,0.0
15588,979,541,Undirected,16,0.0,0.0
15589,659,1644,Undirected,13,8.01047287788263e-07,0.6892151342202436
15590,1404,1141,Undirected,2,0.0,0.0
15591,1625,1321,Undirected,4,0.0,0.0
15592,963,31,Undirected,11,0.0,0.0
15593,1348,1518,Undirected,1,0.0,0.0
15594,1607,887,Undirected,1,0.0,0.0
15595,1916,1031,Undirected,2,0.0,0.0
15596,1328,710,Undirected,1,0.0,0.0
15597,594,1294,Undirected,1,0.0,0.0
15598,1926,1279,Undirected,17,0.0,0.0
15599,1824,1195,Undirected,134,0.0,0.0
15600,1756,308,Undirected,12,0.0,0.0
15601,1866,388,Undirected,2,0.0,0.0
15602,1226,1278,Undirected,19,0.0,0.0
15603,728,1883,Undirected,8,0.0,0.0
15604,1912,1912,Undirected,370,0.0,0.0
15605,1330,1556,Undirected,3,0.0,0.0
15606,1811,68,Undirected,5,0.0,0.0
15607,506,854,Undirected,12,0.0,0.0
15608,1744,445,Undirected,1,0.0,0.0
15609,1659,709,Undirected,5,0.0,0.0
15610,1188,156,Undirected,1,0.0,0.0
15611,585,1697,Undirected,9,0.0,0.0
15612,842,948,Undirected,1,0.0,0.0
15613,824,1007,Undirected,1,0.0,0.0
15614,1588,1869,Undirected,1,0.0,0.0
15615,979,1837,Undirected,2,0.0,0.0
15616,1466,639,Undirected,8,0.0,0.0
15617,57,627,Undirected,19,0.0,0.0
15618,970,1309,Undirected,2,0.0,0.0
15619,1567,167,Undirected,3,0.0,0.0
15620,129,129,Undirected,441,0.0,0.0
15621,346,346,Undirected,7,0.0,0.0
15622,1881,1596,Undirected,3,0.0,0.0
15623,178,813,Undirected,1,0.0,0.0
15624,1595,342,Undirected,1,0.0,0.0
15625,470,470,Undirected,99,0.0,0.0
15626,1674,1740,Undirected,28,0.0,0.0
15627,1009,1356,Undirected,1,0.0,0.0
15628,915,356,Undirected,1,0.0,0.0
15629,1830,1830,Undirected,20,0.0,0.0
15630,1999,1999,Undirected,6,0.0,0.0
15631,121,1789,Undirected,8,0.0,0.0
15632,1754,1511,Undirected,10,0.0,0.0
15633,1403,1997,Undirected,6,0.0,0.0
15634,1076,895,Undirected,1,0.0,0.0
15635,1899,1366,Undirected,21,0.0,0.0
15636,515,1060,Undirected,21,0.0,0.0
15637,777,485,Undirected,6,0.0,0.0
15638,278,943,Undirected,4,0.0,0.0
15639,986,1554,Undirected,1,0.0,0.0
15640,769,1091,Undirected,1,0.0,0.0
15641,1560,287,Undirected,1,0.0,0.0
15642,1937,1604,Undirected,1,0.0,0.0
15643,792,1227,Undirected,1,0.0,0.0
15644,1050,1966,Undirected,1,0.0,0.0
15645,228,1060,Undirected,5,0.0,0.0
15646,732,1588,Undirected,1,0.0,0.0
15647,813,1254,Undirected,6,0.0,0.0
15648,928,1250,Undirected,1,0.0,0.0
15649,432,1963,Undirected,2,0.0,0.0
15650,896,1977,Undirected,3,0.0,0.0
15651,1496,1254,Undirected,1,0.0,0.0
15652,1833,794,Undirected,7,0.0,0.0
15653,873,188,Undirected,2,0.0,0.0
15654,1362,1362,Undirected,105,0.0,0.0
15655,1137,68,Undirected,1,0.0,0.0
15656,301,1053,Undirected,1,0.0,0.0
15657,176,1441,Undirected,1,0.0,0.0
15658,1066,1340,Undirected,2,0.0,0.0
15659,82,1259,Undirected,1,0.0,0.0
15660,336,690,Undirected,2,0.0,0.0
15661,1912,435,Undirected,1,0.0,0.0
15662,1606,1550,Undirected,1,0.0,0.0
15663,207,207,Undirected,79,0.0,0.0
15664,914,1308,Undirected,3,3.1186331790395637e-07,0.2683248814199345
15665,1761,242,Undirected,12,0.0,0.0
15666,1602,1974,Undirected,38,0.0,0.0
15667,907,907,Undirected,373,0.0,0.0
15668,0,580,Undirected,8,0.0,0.0
15669,1032,1529,Undirected,4,0.0,0.0
15670,39,39,Undirected,112,0.0,0.0
15671,1186,334,Undirected,3,0.0,0.0
15672,830,1775,Undirected,1,0.0,0.0
15673,1873,1183,Undirected,9,0.0,0.0
15674,1756,1375,Undirected,63,0.0,0.0
15675,1057,1769,Undirected,2,0.0,0.0
15676,643,1900,Undirected,1,0.0,0.0
15677,120,1724,Undirected,6,0.0,0.0
15678,1394,915,Undirected,2,0.0,0.0
15679,1051,235,Undirected,11,0.0,0.0
15680,1204,1989,Undirected,1,0.0,0.0
15681,23,23,Undirected,350,0.0,0.0
15682,1630,1079,Undirected,3,0.0,0.0
15683,898,1199,Undirected,8,0.0,0.0
15684,909,1639,Undirected,2,0.0,0.0
15685,363,1734,Undirected,1,0.0,0.0
15686,1680,939,Undirected,16,0.0,0.0
15687,904,1017,Undirected,1,0.0,0.0
15688,1745,916,Undirected,1,0.0,0.0
15689,923,1174,Undirected,1,0.0,0.0
15690,1214,1214,Undirected,232,0.0,0.0
15691,1358,1358,Undirected,7,0.0,0.0
15692,1345,669,Undirected,29,0.0,0.0
15693,64,64,Undirected,80,0.0,0.0
15694,1551,1503,Undirected,47,0.0,0.0
15695,1510,127,Undirected,47,0.0,0.0
15696,832,130,Undirected,7,0.0,0.0
15697,1264,1264,Undirected,27,0.0,0.0
15698,424,1969,Undirected,6,0.0,0.0
15699,115,1663,Undirected,5,0.0,0.0
15700,1171,286,Undirected,2,0.0,0.0
15701,1745,895,Undirected,4,0.0,0.0
15702,1376,1408,Undirected,6,0.0,0.0
15703,1954,1671,Undirected,4,0.0,0.0
15704,970,742,Undirected,24,0.0,0.0
15705,102,1743,Undirected,17,0.0,0.0
15706,13,1653,Undirected,1,0.0,0.0
15707,99,99,Undirected,207,0.0,0.0
15708,1139,523,Undirected,2,0.0,0.0
15709,1853,1869,Undirected,1,0.0,0.0
15710,1408,1033,Undirected,3,0.0,0.0
15711,1378,438,Undirected,2,0.0,0.0
15712,1596,1415,Undirected,15,0.0,0.0
15713,777,1020,Undirected,7,0.0,0.0
15714,1632,1555,Undirected,9,0.0,0.0
15715,1594,1716,Undirected,2,0.0,0.0
15716,1586,46,Undirected,3,0.0,0.0
15717,880,1357,Undirected,3,0.0,0.0
15718,1220,1510,Undirected,5,0.0,0.0
15719,1706,221,Undirected,2,0.0,0.0
15720,819,780,Undirected,19,0.0,0.0
15721,1174,1174,Undirected,40,0.0,0.0
15722,1315,1590,Undirected,3,0.0,0.0
15723,937,1740,Undirected,2,0.0,0.0
15724,1588,324,Undirected,1,0.0,0.0
15725,1154,199,Undirected,2,0.0,0.0
15726,1547,1404,Undirected,5,0.0,0.0
15727,1361,13,Undirected,5,0.0,0.0
15728,1809,1476,Undirected,4,0.0,0.0
15729,1780,1511,Undirected,23,0.0,0.0
15730,819,756,Undirected,7,0.0,0.0
15731,1941,1791,Undirected,1,0.0,0.0
15732,1686,1983,Undirected,3,0.0,0.0
15733,488,1671,Undirected,1,0.0,0.0
15734,1465,1465,Undirected,33,0.0,0.0
15735,443,1788,Undirected,2,0.0,0.0
15736,712,244,Undirected,6,0.0,0.0
15737,442,442,Undirected,125,0.0,0.0
15738,1497,1022,Undirected,3,0.0,0.0
15739,1448,1009,Undirected,5,0.0,0.0
15740,728,1503,Undirected,1,0.0,0.0
15741,1228,1228,Undirected,87,0.0,0.0
15742,904,1909,Undirected,20,0.0,0.0
15743,1248,1219,Undirected,1,0.0,0.0
15744,1296,194,Undirected,18,0.0,0.0
15745,1467,684,Undirected,6,0.0,0.0
15746,1489,116,Undirected,3,0.0,0.0
15747,811,341,Undirected,4,3.5348609495203035e-07,0.3041368095134858
15748,985,1681,Undirected,7,0.0,0.0
15749,1705,738,Undirected,32,0.0,0.0
15750,1356,710,Undirected,3,0.0,0.0
15751,250,500,Undirected,2,0.0,0.0
15752,1347,1302,Undirected,5,0.0,0.0
15753,450,708,Undirected,17,0.0,0.0
15754,1969,1838,Undirected,14,0.0,0.0
15755,1584,710,Undirected,2,0.0,0.0
15756,1776,1310,Undirected,1,0.0,0.0
15757,985,1141,Undirected,2,0.0,0.0
15758,786,275,Undirected,38,0.0,0.0
15759,1235,460,Undirected,6,0.0,0.0
15760,985,1195,Undirected,6,0.0,0.0
15761,689,1378,Undirected,9,0.0,0.0
15762,722,966,Undirected,3,0.0,0.0
15763,1832,41,Undirected,1,0.0,0.0
15764,1681,1758,Undirected,19,0.0,0.0
15765,1946,1894,Undirected,1,0.0,0.0
15766,1289,1363,Undirected,3,0.0,0.0
15767,1235,516,Undirected,3,0.0,0.0
15768,593,1950,Undirected,3,0.0,0.0
15769,684,958,Undirected,1,0.0,0.0
15770,574,1862,Undirected,6,0.0,0.0
15771,1368,1191,Undirected,1,0.0,0.0
15772,1688,404,Undirected,1,0.0,0.0
15773,1130,1059,Undirected,2,0.0,0.0
15774,1600,1162,Undirected,26,0.0,0.0
15775,1944,1995,Undirected,27,0.0,0.0
15776,880,1619,Undirected,2,0.0,0.0
15777,625,1018,Undirected,15,0.0,0.0
15778,1584,1484,Undirected,3,0.0,0.0
15779,1350,1055,Undirected,1,0.0,0.0
15780,1969,1430,Undirected,2,0.0,0.0
15781,665,1409,Undirected,1,0.0,0.0
15782,1391,1391,Undirected,1,0.0,0.0
15783,1681,947,Undirected,6,0.0,0.0
15784,1396,1654,Undirected,1,0.0,0.0
15785,1211,1543,Undirected,40,0.0,0.0
15786,1832,281,Undirected,1,0.0,0.0
15787,873,873,Undirected,16,0.0,0.0
15788,625,711,Undirected,5,0.0,0.0
15789,459,1077,Undirected,1,0.0,0.0
15790,152,496,Undirected,1,0.0,0.0
15791,1096,944,Undirected,2,0.0,0.0
15792,66,1631,Undirected,4,0.0,0.0
15793,1577,1931,Undirected,1,0.0,0.0
15794,147,1301,Undirected,11,0.0,0.0
15795,1978,1879,Undirected,1,0.0,0.0
15796,827,613,Undirected,11,8.66870857443736e-07,0.7458492444488821
15797,1986,1341,Undirected,2,0.0,0.0
15798,1322,599,Undirected,2,0.0,0.0
15799,1489,854,Undirected,1,0.0,0.0
15800,917,1862,Undirected,1,0.0,0.0
15801,1466,308,Undirected,1,0.0,0.0
15802,296,1306,Undirected,7,0.0,0.0
15803,1603,399,Undirected,2,0.0,0.0
15804,388,1695,Undirected,11,0.0,0.0
15805,1275,699,Undirected,9,0.0,0.0
15806,1929,1929,Undirected,51,0.0,0.0
15807,1248,1254,Undirected,1,0.0,0.0
15808,1489,220,Undirected,23,0.0,0.0
15809,1160,1974,Undirected,5,0.0,0.0
15810,819,1756,Undirected,1,0.0,0.0
15811,244,382,Undirected,2,0.0,0.0
15812,1828,1141,Undirected,1,0.0,0.0
15813,1536,1887,Undirected,45,0.0,0.0
15814,739,675,Undirected,1,0.0,0.0
15815,496,1453,Undirected,14,0.0,0.0
15816,1305,1049,Undirected,1,0.0,0.0
15817,1484,1316,Undirected,1,0.0,0.0
15818,335,335,Undirected,8,0.0,0.0
15819,1196,837,Undirected,17,0.0,0.0
15820,722,1111,Undirected,2,0.0,0.0
15821,1880,1880,Undirected,161,0.0,0.0
15822,450,167,Undirected,9,0.0,0.0
15823,552,238,Undirected,9,0.0,0.0
15824,211,1380,Undirected,7,0.0,0.0
15825,1802,998,Undirected,3,0.0,0.0
15826,1288,1338,Undirected,8,0.0,0.0
15827,410,733,Undirected,1,0.0,0.0
15828,410,1604,Undirected,15,0.0,0.0
15829,1468,1468,Undirected,5,0.0,0.0
15830,994,1308,Undirected,1,0.0,0.0
15831,1305,1462,Undirected,3,0.0,0.0
15832,1484,1783,Undirected,103,0.0,0.0
15833,1681,1018,Undirected,23,0.0,0.0
15834,880,882,Undirected,1,0.0,0.0
15835,347,691,Undirected,3,0.0,0.0
15836,225,225,Undirected,178,0.0,0.0
15837,1568,814,Undirected,3,0.0,0.0
15838,1796,429,Undirected,2,0.0,0.0
15839,1129,391,Undirected,4,0.0,0.0
15840,1915,1915,Undirected,6,0.0,0.0
15841,1434,1021,Undirected,3,0.0,0.0
15842,1754,1372,Undirected,2,0.0,0.0
15843,107,870,Undirected,2,0.0,0.0
15844,1345,1588,Undirected,3,0.0,0.0
15845,216,1379,Undirected,4,0.0,0.0
15846,1453,1319,Undirected,3,0.0,0.0
15847,1839,1839,Undirected,80,0.0,0.0
15848,1938,758,Undirected,27,0.0,0.0
15849,1154,1535,Undirected,9,0.0,0.0
15850,1380,814,Undirected,1,0.0,0.0
15851,1204,772,Undirected,1,0.0,0.0
15852,1491,1492,Undirected,1,0.0,0.0
15853,1969,887,Undirected,84,0.0,0.0
15854,1680,1368,Undirected,6,0.0,0.0
15855,115,966,Undirected,2,0.0,0.0
15856,792,967,Undirected,4,0.0,0.0
15857,621,590,Undirected,1,0.0,0.0
15858,1834,1086,Undirected,1,0.0,0.0
15859,1577,1577,Undirected,12,0.0,0.0
15860,1357,718,Undirected,1,0.0,0.0
15861,1720,979,Undirected,53,0.0,0.0
15862,832,1382,Undirected,19,0.0,0.0
15863,585,181,Undirected,2,0.0,0.0
15864,1376,1618,Undirected,58,0.0,0.0
15865,1743,1095,Undirected,1,0.0,0.0
15866,994,1660,Undirected,1,0.0,0.0
15867,1912,1871,Undirected,24,0.0,0.0
15868,880,1844,Undirected,1,0.0,0.0
15869,1902,863,Undirected,4,0.0,0.0
15870,1202,1202,Undirected,113,0.0,0.0
15871,689,509,Undirected,1,0.0,0.0
15872,1195,1484,Undirected,402,0.0,0.0
15873,661,661,Undirected,21,0.0,0.0
15874,1265,858,Undirected,1,0.0,0.0
15875,1157,1462,Undirected,1,0.0,0.0
15876,1490,1596,Undirected,3,0.0,0.0
15877,819,1420,Undirected,1,0.0,0.0
15878,728,1996,Undirected,1,0.0,0.0
15879,1484,1420,Undirected,32,0.0,0.0
15880,1684,1959,Undirected,5,0.0,0.0
15881,1129,1379,Undirected,1,0.0,0.0
15882,1769,1525,Undirected,2,0.0,0.0
15883,381,381,Undirected,19,0.0,0.0
15884,1851,739,Undirected,2,0.0,0.0
15885,523,1747,Undirected,2,0.0,0.0
15886,120,510,Undirected,2,0.0,0.0
15887,710,710,Undirected,293,0.0,0.0
15888,1506,1506,Undirected,57,0.0,0.0
15889,1145,1691,Undirected,1,0.0,0.0
15890,857,534,Undirected,1,0.0,0.0
15891,656,1568,Undirected,1,0.0,0.0
15892,296,148,Undirected,5,5.058415018009879e-07,0.435222269487404
15893,1705,1590,Undirected,1,0.0,0.0
15894,1292,1087,Undirected,1,0.0,0.0
15895,555,1796,Undirected,2,0.0,0.0
15896,506,1492,Undirected,2,0.0,0.0
15897,275,1484,Undirected,1,0.0,0.0
15898,842,1523,Undirected,28,0.0,0.0
15899,756,78,Undirected,2,0.0,0.0
15900,1220,127,Undirected,1,0.0,0.0
15901,1603,1813,Undirected,3,0.0,0.0
15902,1507,1390,Undirected,2,0.0,0.0
15903,728,1086,Undirected,1,0.0,0.0
15904,13,1647,Undirected,1,0.0,0.0
15905,1960,1508,Undirected,4,5.476790520762614e-07,0.47121898686976244
15906,934,39,Undirected,46,0.0,0.0
15907,1841,852,Undirected,1,0.0,0.0
15908,780,804,Undirected,1,0.0,0.0
15909,1236,940,Undirected,1,0.0,0.0
15910,1484,1509,Undirected,1,0.0,0.0
15911,555,900,Undirected,1,0.0,0.0
15912,178,1078,Undirected,18,0.0,0.0
15913,1154,1867,Undirected,13,0.0,0.0
15914,811,1213,Undirected,1,0.0,0.0
15915,1588,1279,Undirected,1,0.0,0.0
15916,11,11,Undirected,48,0.0,0.0
15917,1384,1534,Undirected,2,0.0,0.0
15918,1632,1823,Undirected,1,0.0,0.0
15919,1954,862,Undirected,3,0.0,0.0
15920,1365,1365,Undirected,226,0.0,0.0
15921,176,1056,Undirected,1,0.0,0.0
15922,1579,1571,Undirected,6,0.0,0.0
15923,1000,1222,Undirected,5,0.0,0.0
15924,1251,828,Undirected,4,0.0,0.0
15925,62,383,Undirected,2,0.0,0.0
15926,337,1951,Undirected,1,0.0,0.0
15927,1932,839,Undirected,6,0.0,0.0
15928,131,131,Undirected,149,0.0,0.0
15929,1852,462,Undirected,1,0.0,0.0
15930,1521,93,Undirected,14,0.0,0.0
15931,1130,148,Undirected,1,0.0,0.0
15932,1549,574,Undirected,3,0.0,0.0
15933,473,370,Undirected,1,0.0,0.0
15934,1344,1162,Undirected,3,0.0,0.0
15935,579,1476,Undirected,1,0.0,0.0
15936,451,926,Undirected,5,0.0,0.0
15937,1285,1102,Undirected,2,0.0,0.0
15938,816,811,Undirected,2,0.0,0.0
15939,1460,1110,Undirected,1,0.0,0.0
15940,1778,1618,Undirected,116,0.0,0.0
15941,1047,1047,Undirected,20,0.0,0.0
15942,243,1820,Undirected,17,0.0,0.0
15943,1720,1484,Undirected,5,0.0,0.0
15944,766,863,Undirected,1,0.0,0.0
15945,1728,314,Undirected,1,0.0,0.0
15946,1372,567,Undirected,9,0.0,0.0
15947,1762,199,Undirected,2,0.0,0.0
15948,740,406,Undirected,2,0.0,0.0
15949,1933,998,Undirected,5,0.0,0.0
15950,596,596,Undirected,1074,0.0,0.0
15951,625,1484,Undirected,191,0.0,0.0
15952,1764,342,Undirected,6,0.0,0.0
15953,1547,1828,Undirected,1,0.0,0.0
15954,978,1597,Undirected,3,0.0,0.0
15955,1242,1494,Undirected,3,0.0,0.0
15956,345,51,Undirected,3,0.0,0.0
15957,1289,1298,Undirected,1,0.0,0.0
15958,485,485,Undirected,31,0.0,0.0
15959,1072,1563,Undirected,4,0.0,0.0
15960,1538,1258,Undirected,7,0.0,0.0
15961,1712,580,Undirected,10,0.0,0.0
15962,1996,1837,Undirected,1,0.0,0.0
15963,1924,414,Undirected,4,0.0,0.0
15964,754,1463,Undirected,5,0.0,0.0
15965,400,1884,Undirected,15,0.0,0.0
15966,1568,347,Undirected,3,0.0,0.0
15967,896,896,Undirected,142,0.0,0.0
15968,1720,853,Undirected,1,0.0,0.0
15969,369,1155,Undirected,3,0.0,0.0
15970,764,1382,Undirected,31,0.0,0.0
15971,1344,1597,Undirected,1,0.0,0.0
15972,1344,1603,Undirected,3,0.0,0.0
15973,496,1318,Undirected,5,0.0,0.0
15974,503,503,Undirected,3,0.0,0.0
15975,1561,388,Undirected,37,0.0,0.0
15976,432,635,Undirected,18,0.0,0.0
15977,1344,1710,Undirected,1,0.0,0.0
15978,940,1998,Undirected,1,0.0,0.0
15979,1320,1948,Undirected,1,0.0,0.0
15980,646,1079,Undirected,2,0.0,0.0
15981,1760,794,Undirected,2,0.0,0.0
15982,1481,1366,Undirected,1,0.0,0.0
15983,612,711,Undirected,17,0.0,0.0
15984,1357,911,Undirected,3,0.0,0.0
15985,1257,258,Undirected,2,0.0,0.0
15986,53,447,Undirected,10,0.0,0.0
15987,1720,1763,Undirected,1,0.0,0.0
15988,515,70,Undirected,5,0.0,0.0
15989,1254,1254,Undirected,962,0.0,0.0
15990,1584,661,Undirected,1,0.0,0.0
15991,1219,1511,Undirected,1,0.0,0.0
15992,1440,1796,Undirected,1,0.0,0.0
15993,1626,1292,Undirected,3,0.0,0.0
15994,1114,859,Undirected,3,0.0,0.0
15995,1299,1671,Undirected,1,0.0,0.0
15996,1617,572,Undirected,5,0.0,0.0
15997,625,1974,Undirected,115,0.0,0.0
15998,3,374,Undirected,2,0.0,0.0
15999,611,1556,Undirected,1,0.0,0.0
16000,1640,1978,Undirected,1,0.0,0.0
16001,1004,1004,Undirected,92,0.0,0.0
16002,1,1,Undirected,1,0.0,0.0
16003,1092,159,Undirected,9,0.0,0.0
16004,1240,1054,Undirected,1,0.0,0.0
16005,801,155,Undirected,4,0.0,0.0
16006,1760,1301,Undirected,1,0.0,0.0
16007,1420,1758,Undirected,4,0.0,0.0
16008,1820,1918,Undirected,2,0.0,0.0
16009,877,685,Undirected,2,0.0,0.0
16010,249,249,Undirected,114,0.0,0.0
16011,1883,887,Undirected,3,0.0,0.0
16012,729,1900,Undirected,3,0.0,0.0
16013,939,939,Undirected,131,0.0,0.0
16014,1804,1453,Undirected,8,0.0,0.0
16015,432,1359,Undirected,2,0.0,0.0
16016,1476,1254,Undirected,1,0.0,0.0
16017,625,567,Undirected,3,0.0,0.0
16018,1782,1878,Undirected,5,0.0,0.0
16019,962,1204,Undirected,1,0.0,0.0
16020,1675,759,Undirected,11,0.0,0.0
16021,1705,1705,Undirected,98,0.0,0.0
16022,339,655,Undirected,89,0.0,0.0
16023,766,799,Undirected,3,0.0,0.0
16024,1696,1030,Undirected,104,0.0,0.0
16025,984,801,Undirected,3,0.0,0.0
16026,1848,1044,Undirected,12,0.0,0.0
16027,102,1927,Undirected,2,0.0,0.0
16028,864,1362,Undirected,2,0.0,0.0
16029,832,347,Undirected,1,0.0,0.0
16030,608,760,Undirected,9,0.0,0.0
16031,1404,1973,Undirected,5,0.0,0.0
16032,1045,1247,Undirected,2,0.0,0.0
16033,1400,1587,Undirected,70,0.0,0.0
16034,1729,965,Undirected,1,0.0,0.0
16035,582,199,Undirected,2,0.0,0.0
16036,1948,1703,Undirected,1,0.0,0.0
16037,462,462,Undirected,127,0.0,0.0
16038,1644,767,Undirected,4,0.0,0.0
16039,75,3,Undirected,3,0.0,0.0
16040,1947,718,Undirected,1,0.0,0.0
16041,909,1879,Undirected,3,0.0,0.0
16042,769,626,Undirected,3,0.0,0.0
16043,842,1563,Undirected,2,0.0,0.0
16044,482,482,Undirected,26,0.0,0.0
16045,310,702,Undirected,1,0.0,0.0
16046,1160,1326,Undirected,1,0.0,0.0
16047,1425,797,Undirected,1,0.0,0.0
16048,1140,1140,Undirected,103,0.0,0.0
16049,1640,909,Undirected,3,0.0,0.0
16050,1312,600,Undirected,1,0.0,0.0
16051,953,1954,Undirected,1,0.0,0.0
16052,32,1146,Undirected,4,0.0,0.0
16053,1547,1511,Undirected,1,0.0,0.0
16054,418,62,Undirected,2,0.0,0.0
16055,697,697,Undirected,62,0.0,0.0
16056,1720,1316,Undirected,2,0.0,0.0
16057,1473,1836,Undirected,15,0.0,0.0
16058,840,1652,Undirected,1,0.0,0.0
16059,209,209,Undirected,3,0.0,0.0
16060,413,413,Undirected,45,0.0,0.0
16061,1595,923,Undirected,2,0.0,0.0
16062,1257,1395,Undirected,1,0.0,0.0
16063,1200,476,Undirected,3,0.0,0.0
16064,1162,611,Undirected,1,0.0,0.0
16065,625,455,Undirected,8,0.0,0.0
16066,1927,1743,Undirected,7,0.0,0.0
16067,1680,1594,Undirected,1,0.0,0.0
16068,577,1819,Undirected,2,0.0,0.0
16069,1097,1702,Undirected,1,0.0,0.0
16070,1291,1291,Undirected,19,0.0,0.0
16071,739,286,Undirected,3,0.0,0.0
16072,1185,1755,Undirected,3,0.0,0.0
16073,1253,351,Undirected,12,0.0,0.0
16074,1714,366,Undirected,5,0.0,0.0
16075,1834,1195,Undirected,7,0.0,0.0
16076,730,730,Undirected,106,0.0,0.0
16077,711,1375,Undirected,18,0.0,0.0
16078,1741,1150,Undirected,2,0.0,0.0
16079,1177,107,Undirected,5,0.0,0.0
16080,1547,1780,Undirected,8,0.0,0.0
16081,1929,1789,Undirected,3,0.0,0.0
16082,538,1268,Undirected,1,0.0,0.0
16083,1484,1974,Undirected,27,0.0,0.0
16084,632,632,Undirected,48,0.0,0.0
16085,364,1085,Undirected,2,0.0,0.0
16086,937,1781,Undirected,2,0.0,0.0
16087,1754,1739,Undirected,2,0.0,0.0
16088,1033,1838,Undirected,1,0.0,0.0
16089,1760,1695,Undirected,5,0.0,0.0
16090,306,114,Undirected,6,0.0,0.0
16091,1556,749,Undirected,1,0.0,0.0
16092,1412,1230,Undirected,3,0.0,0.0
16093,1130,374,Undirected,2,0.0,0.0
16094,1603,1395,Undirected,5,0.0,0.0
16095,1124,398,Undirected,2,0.0,0.0
16096,1392,1254,Undirected,2,0.0,0.0
16097,1251,1380,Undirected,6,0.0,0.0
16098,1309,1118,Undirected,1,0.0,0.0
16099,757,757,Undirected,23,0.0,0.0
16100,1356,1087,Undirected,2,0.0,0.0
16101,1333,815,Undirected,19,0.0,0.0
16102,1593,410,Undirected,2,0.0,0.0
16103,1420,1420,Undirected,118,0.0,0.0
16104,1474,300,Undirected,1,0.0,0.0
16105,824,859,Undirected,1,0.0,0.0
16106,122,1549,Undirected,1,0.0,0.0
16107,561,269,Undirected,2,0.0,0.0
16108,1901,1798,Undirected,2,0.0,0.0
16109,0,1639,Undirected,7,0.0,0.0
16110,1489,1813,Undirected,2,0.0,0.0
16111,364,1645,Undirected,2,0.0,0.0
16112,1870,1870,Undirected,18,0.0,0.0
16113,854,799,Undirected,24,0.0,0.0
16114,689,1884,Undirected,2,0.0,0.0
16115,1289,1841,Undirected,13,0.0,0.0
16116,891,292,Undirected,1,0.0,0.0
16117,534,534,Undirected,18,0.0,0.0
16118,575,575,Undirected,121,0.0,0.0
16119,128,1754,Undirected,1,0.0,0.0
16120,1729,1614,Undirected,1,0.0,0.0
16121,724,1556,Undirected,1,0.0,0.0
16122,771,676,Undirected,3,0.0,0.0
16123,1616,799,Undirected,1,0.0,0.0
16124,1448,1604,Undirected,3,0.0,0.0
16125,480,480,Undirected,26,0.0,0.0
16126,160,1271,Undirected,1,0.0,0.0
16127,1618,876,Undirected,1,0.0,0.0
16128,1803,1837,Undirected,1,0.0,0.0
16129,1162,643,Undirected,2,0.0,0.0
16130,82,82,Undirected,108,0.0,0.0
16131,417,945,Undirected,2,0.0,0.0
16132,1809,1027,Undirected,1,0.0,0.0
16133,1619,1063,Undirected,1,0.0,0.0
16134,1394,1043,Undirected,1,0.0,0.0
16135,1542,1542,Undirected,92,0.0,0.0
16136,1162,1693,Undirected,1,0.0,0.0
16137,1811,1563,Undirected,55,0.0,0.0
16138,1528,1020,Undirected,3,0.0,0.0
16139,1803,646,Undirected,1,0.0,0.0
16140,1448,850,Undirected,5,0.0,0.0
16141,41,41,Undirected,2,0.0,0.0
16142,906,652,Undirected,2,0.0,0.0
16143,1032,1973,Undirected,2,0.0,0.0
16144,1699,1699,Undirected,2,0.0,0.0
16145,1154,590,Undirected,5,0.0,0.0
16146,736,561,Undirected,1,0.0,0.0
16147,842,1998,Undirected,1,0.0,0.0
16148,1636,1997,Undirected,1,0.0,0.0
16149,400,655,Undirected,1,0.0,0.0
16150,930,430,Undirected,45,0.0,0.0
16151,1672,1672,Undirected,17,0.0,0.0
16152,1988,1973,Undirected,1,0.0,0.0
16153,387,1574,Undirected,2,0.0,0.0
16154,931,1796,Undirected,12,0.0,0.0
16155,1016,563,Undirected,1,0.0,0.0
16156,734,1207,Undirected,52,0.0,0.0
16157,516,852,Undirected,6,0.0,0.0
16158,909,854,Undirected,1,0.0,0.0
16159,1060,438,Undirected,1,0.0,0.0
16160,794,643,Undirected,1,0.0,0.0
16161,1714,1330,Undirected,1,0.0,0.0
16162,725,151,Undirected,18,3.4711505771022433e-07,0.29865521641071485
16163,71,71,Undirected,22,0.0,0.0
16164,1057,1564,Undirected,2,0.0,0.0
16165,74,74,Undirected,446,0.0,0.0
16166,1836,783,Undirected,2,0.0,0.0
16167,1042,1900,Undirected,2,0.0,0.0
16168,481,127,Undirected,2,0.0,0.0
16169,1756,1756,Undirected,169,0.0,0.0
16170,1858,939,Undirected,1,0.0,0.0
16171,1683,1237,Undirected,1,0.0,0.0
16172,1994,1994,Undirected,11,0.0,0.0
16173,1652,1548,Undirected,2,0.0,0.0
16174,1570,643,Undirected,4,0.0,0.0
16175,1274,1274,Undirected,77,0.0,0.0
16176,1036,1407,Undirected,1,0.0,0.0
16177,160,1097,Undirected,1,0.0,0.0
16178,205,205,Undirected,288,0.0,0.0
16179,1801,750,Undirected,4,0.0,0.0
16180,1788,1919,Undirected,2,0.0,0.0
16181,1465,1559,Undirected,1,0.0,0.0
16182,1762,582,Undirected,19,0.0,0.0
16183,1720,211,Undirected,22,0.0,0.0
16184,1760,108,Undirected,9,0.0,0.0
16185,101,101,Undirected,6,0.0,0.0
16186,1593,975,Undirected,1,0.0,0.0
16187,681,1185,Undirected,5,0.0,0.0
16188,1033,1602,Undirected,1,0.0,0.0
16189,689,693,Undirected,1,0.0,0.0
16190,1465,935,Undirected,1,0.0,0.0
16191,68,1647,Undirected,1,0.0,0.0
16192,460,460,Undirected,88,0.0,0.0
16193,1252,1903,Undirected,1,0.0,0.0
16194,1088,22,Undirected,1,0.0,0.0
16195,1155,1828,Undirected,9,0.0,0.0
16196,562,1500,Undirected,1,0.0,0.0
16197,22,559,Undirected,1,0.0,0.0
16198,1930,994,Undirected,1,0.0,0.0
16199,1685,646,Undirected,1,0.0,0.0
16200,1688,886,Undirected,1,0.0,0.0
16201,1115,516,Undirected,1,0.0,0.0
16202,1257,340,Undirected,5,0.0,0.0
16203,1011,869,Undirected,3,0.0,0.0
16204,552,1131,Undirected,6,0.0,0.0
16205,232,866,Undirected,1,0.0,0.0
16206,765,207,Undirected,7,0.0,0.0
16207,1257,772,Undirected,1,0.0,0.0
16208,1576,391,Undirected,1,0.0,0.0
16209,236,1830,Undirected,5,0.0,0.0
16210,1168,1321,Undirected,1,0.0,0.0
16211,1222,1222,Undirected,229,0.0,0.0
16212,1513,1626,Undirected,1,0.0,0.0
16213,1434,1555,Undirected,5,0.0,0.0
16214,1499,1357,Undirected,1,0.0,0.0
16215,1763,1453,Undirected,4,0.0,0.0
16216,1361,737,Undirected,7,0.0,0.0
16217,1740,1837,Undirected,4,0.0,0.0
16218,1875,1703,Undirected,1,0.0,0.0
16219,625,433,Undirected,28,0.0,0.0
16220,1632,1974,Undirected,7,0.0,0.0
16221,1078,1078,Undirected,33,0.0,0.0
16222,1410,891,Undirected,2,0.0,0.0
16223,1285,199,Undirected,2,0.0,0.0
16224,188,188,Undirected,38,0.0,0.0
16225,755,318,Undirected,18,0.0,0.0
16226,1371,1883,Undirected,1,0.0,0.0
16227,882,850,Undirected,2,0.0,0.0
16228,1395,1995,Undirected,12,0.0,0.0
16229,805,399,Undirected,3,0.0,0.0
16230,813,1734,Undirected,4,0.0,0.0
16231,1477,879,Undirected,10,0.0,0.0
16232,897,897,Undirected,2,0.0,0.0
16233,243,1493,Undirected,3,0.0,0.0
16234,1700,1999,Undirected,8,0.0,0.0
16235,773,326,Undirected,6,0.0,0.0
16236,376,11,Undirected,1,0.0,0.0
16237,538,1740,Undirected,9,0.0,0.0
16238,1093,46,Undirected,2,0.0,0.0
16239,585,869,Undirected,6,0.0,0.0
16240,1254,1375,Undirected,6,0.0,0.0
16241,688,1970,Undirected,2,0.0,0.0
16242,1664,1035,Undirected,8,0.0,0.0
16243,1141,909,Undirected,1,0.0,0.0
16244,1034,324,Undirected,1,0.0,0.0
16245,137,458,Undirected,6,0.0,0.0
16246,688,4,Undirected,2,0.0,0.0
16247,1817,903,Undirected,26,0.0,0.0
16248,163,1141,Undirected,2,0.0,0.0
16249,793,582,Undirected,1,0.0,0.0
16250,1622,1878,Undirected,5,0.0,0.0
16251,531,1107,Undirected,4,0.0,0.0
16252,264,999,Undirected,1,0.0,0.0
16253,280,686,Undirected,1,0.0,0.0
16254,1730,931,Undirected,6,0.0,0.0
16255,1718,1927,Undirected,1,0.0,0.0
16256,1354,1005,Undirected,2,0.0,0.0
16257,1463,1247,Undirected,1,0.0,0.0
16258,1853,1926,Undirected,14,0.0,0.0
16259,686,1319,Undirected,1,0.0,0.0
16260,546,262,Undirected,1,0.0,0.0
16261,1660,1174,Undirected,1,0.0,0.0
16262,768,444,Undirected,1,0.0,0.0
16263,601,599,Undirected,2,0.0,0.0
16264,1828,1973,Undirected,1,0.0,0.0
16265,1269,1854,Undirected,2,0.0,0.0
16266,337,679,Undirected,19,0.0,0.0
16267,1000,896,Undirected,3,0.0,0.0
16268,1691,1478,Undirected,1,0.0,0.0
16269,706,1036,Undirected,1,0.0,0.0
16270,995,1372,Undirected,1,0.0,0.0
16271,246,278,Undirected,2,0.0,0.0
16272,515,1327,Undirected,5,0.0,0.0
16273,1210,284,Undirected,6,0.0,0.0
16274,777,1860,Undirected,28,0.0,0.0
16275,1708,453,Undirected,7,0.0,0.0
16276,962,1114,Undirected,1,0.0,0.0
16277,1225,226,Undirected,6,0.0,0.0
16278,1161,1815,Undirected,8,0.0,0.0
16279,577,1886,Undirected,10,0.0,0.0
16280,538,1674,Undirected,1,0.0,0.0
16281,1945,1395,Undirected,6,0.0,0.0
16282,758,271,Undirected,2,0.0,0.0
16283,730,1197,Undirected,12,0.0,0.0
16284,1424,1424,Undirected,38,0.0,0.0
16285,1794,1794,Undirected,16,0.0,0.0
16286,1725,1406,Undirected,1,0.0,0.0
16287,509,509,Undirected,697,0.0,0.0
16288,1584,772,Undirected,1,0.0,0.0
16289,980,1141,Undirected,4,0.0,0.0
16290,1872,1538,Undirected,1,0.0,0.0
16291,1154,411,Undirected,5,0.0,0.0
16292,675,1485,Undirected,1,0.0,0.0
16293,1288,449,Undirected,1,0.0,0.0
16294,698,1668,Undirected,140,0.0,0.0
16295,1808,905,Undirected,1,0.0,0.0
16296,1499,1503,Undirected,14,0.0,0.0
16297,1740,1756,Undirected,1,0.0,0.0
16298,1466,1420,Undirected,1,0.0,0.0
16299,1869,1383,Undirected,1,0.0,0.0
16300,1787,693,Undirected,2,0.0,0.0
16301,1861,582,Undirected,8,0.0,0.0
16302,1394,1276,Undirected,1,0.0,0.0
16303,824,1951,Undirected,1,0.0,0.0
16304,1803,1630,Undirected,1,0.0,0.0
16305,729,1042,Undirected,2,0.0,0.0
16306,788,788,Undirected,39,0.0,0.0
16307,262,1543,Undirected,17,0.0,0.0
16308,120,1443,Undirected,18,0.0,0.0
16309,1501,1014,Undirected,2,0.0,0.0
16310,1289,1498,Undirected,12,7.671002163837595e-07,0.6600073262279851
16311,475,791,Undirected,2,0.0,0.0
16312,528,314,Undirected,2,0.0,0.0
16313,1498,5,Undirected,3,0.0,0.0
16314,577,1941,Undirected,2,0.0,0.0
16315,1660,230,Undirected,3,0.0,0.0
16316,1787,1884,Undirected,4,2.9651438058905033e-07,0.255118769804677
16317,1882,1882,Undirected,17,0.0,0.0
16318,592,1910,Undirected,2,0.0,0.0
16319,1659,1751,Undirected,1,0.0,0.0
16320,1011,157,Undirected,2,0.0,0.0
16321,1516,1516,Undirected,32,0.0,0.0
16322,1933,1933,Undirected,79,0.0,0.0
16323,1984,1219,Undirected,1,0.0,0.0
16324,512,1271,Undirected,9,0.0,0.0
16325,1868,1007,Undirected,6,0.0,0.0
16326,608,16,Undirected,2,0.0,0.0
16327,112,508,Undirected,1,0.0,0.0
16328,1136,1305,Undirected,5,0.0,0.0
16329,1209,1630,Undirected,2,0.0,0.0
16330,1809,1809,Undirected,288,0.0,0.0
16331,643,1356,Undirected,5,0.0,0.0
16332,1404,1511,Undirected,2,0.0,0.0
16333,1853,1853,Undirected,61,0.0,0.0
16334,1710,1710,Undirected,6,0.0,0.0
16335,1376,1149,Undirected,12,0.0,0.0
16336,1296,216,Undirected,1,0.0,0.0
16337,275,1596,Undirected,3,0.0,0.0
16338,610,1261,Undirected,10,0.0,0.0
16339,1809,1983,Undirected,6,0.0,0.0
16340,400,1331,Undirected,5,4.380808078358858e-07,0.37692147189658926
16341,281,356,Undirected,9,0.0,0.0
16342,1195,1404,Undirected,32,0.0,0.0
16343,1371,719,Undirected,9,0.0,0.0
16344,1434,1067,Undirected,1,0.0,0.0
16345,1938,1834,Undirected,3,0.0,0.0
16346,732,1173,Undirected,1,0.0,0.0
16347,1871,1871,Undirected,142,0.0,0.0
16348,1459,1853,Undirected,1,0.0,0.0
16349,916,916,Undirected,152,0.0,0.0
16350,1907,1315,Undirected,1,0.0,0.0
16351,1602,567,Undirected,10,0.0,0.0
16352,1098,700,Undirected,1,0.0,0.0
16353,1809,494,Undirected,1,0.0,0.0
16354,1219,887,Undirected,3,0.0,0.0
16355,57,1055,Undirected,1,0.0,0.0
16356,824,1363,Undirected,7,0.0,0.0
16357,1554,1348,Undirected,5,0.0,0.0
16358,1504,1042,Undirected,2,0.0,0.0
16359,400,740,Undirected,31,0.0,0.0
16360,827,709,Undirected,9,0.0,0.0
16361,804,1599,Undirected,1,0.0,0.0
16362,9,9,Undirected,31,0.0,0.0
16363,466,628,Undirected,2,0.0,0.0
16364,1984,1837,Undirected,5,0.0,0.0
16365,780,798,Undirected,1,0.0,0.0
16366,1667,1667,Undirected,14,0.0,0.0
16367,1743,1383,Undirected,4,0.0,0.0
16368,552,266,Undirected,3,0.0,0.0
16369,1400,1734,Undirected,2,0.0,0.0
16370,1117,1102,Undirected,1,0.0,0.0
16371,1808,1993,Undirected,7,0.0,0.0
16372,1072,1549,Undirected,6,3.211168468960153e-07,0.2762865490062288
16373,852,1647,Undirected,2,0.0,0.0
16374,1521,509,Undirected,21,0.0,0.0
16375,528,205,Undirected,30,0.0,0.0
16376,628,1079,Undirected,1,0.0,0.0
16377,1451,1460,Undirected,1,0.0,0.0
16378,1932,1814,Undirected,3,0.0,0.0
16379,1678,783,Undirected,2,0.0,0.0
16380,369,1375,Undirected,17,0.0,0.0
16381,1691,1350,Undirected,5,0.0,0.0
16382,274,724,Undirected,2,0.0,0.0
16383,954,1276,Undirected,1,0.0,0.0
16384,1930,1510,Undirected,3,0.0,0.0
16385,1376,901,Undirected,36,0.0,0.0
16386,211,541,Undirected,12,0.0,0.0
16387,1457,194,Undirected,5,0.0,0.0
16388,1962,1479,Undirected,5,0.0,0.0
16389,614,614,Undirected,56,0.0,0.0
16390,1596,1596,Undirected,84,0.0,0.0
16391,1945,1356,Undirected,2,0.0,0.0
16392,921,1799,Undirected,6,0.0,0.0
16393,1913,1238,Undirected,1,0.0,0.0
16394,0,1983,Undirected,1,0.0,0.0
16395,1000,1652,Undirected,2,0.0,0.0
16396,952,837,Undirected,3,0.0,0.0
16397,275,685,Undirected,5,0.0,0.0
16398,1720,1555,Undirected,1,0.0,0.0
16399,763,1966,Undirected,3,0.0,0.0
16400,1490,710,Undirected,27,0.0,0.0
16401,1763,1086,Undirected,8,0.0,0.0
16402,1144,1144,Undirected,6,0.0,0.0
16403,577,500,Undirected,2,0.0,0.0
16404,13,1199,Undirected,1,0.0,0.0
16405,1594,1771,Undirected,6,0.0,0.0
16406,659,1701,Undirected,4,0.0,0.0
16407,1095,495,Undirected,1,0.0,0.0
16408,663,663,Undirected,26,0.0,0.0
16409,734,903,Undirected,5,0.0,0.0
16410,1875,1660,Undirected,7,0.0,0.0
16411,1536,868,Undirected,12,0.0,0.0
16412,1240,909,Undirected,4,0.0,0.0
16413,620,700,Undirected,1,0.0,0.0
16414,1490,1415,Undirected,1,0.0,0.0
16415,1082,516,Undirected,1,0.0,0.0
16416,1177,1429,Undirected,10,0.0,0.0
16417,216,1045,Undirected,16,0.0,0.0
16418,1371,1555,Undirected,1,0.0,0.0
16419,1844,1462,Undirected,8,0.0,0.0
16420,408,1324,Undirected,5,0.0,0.0
16421,1484,1959,Undirected,12,0.0,0.0
16422,539,251,Undirected,3,0.0,0.0
16423,538,1837,Undirected,4,0.0,0.0
16424,606,606,Undirected,7,0.0,0.0
16425,1265,1610,Undirected,4,0.0,0.0
16426,1020,485,Undirected,11,0.0,0.0
16427,72,1569,Undirected,6,0.0,0.0
16428,313,887,Undirected,1,0.0,0.0
16429,712,989,Undirected,26,0.0,0.0
16430,537,1901,Undirected,1,0.0,0.0
16431,1484,887,Undirected,15,0.0,0.0
16432,794,1162,Undirected,12,0.0,0.0
16433,842,1174,Undirected,2,0.0,0.0
16434,922,922,Undirected,16,0.0,0.0
16435,1754,1453,Undirected,12,0.0,0.0
16436,1235,1452,Undirected,6,0.0,0.0
16437,349,1950,Undirected,20,0.0,0.0
16438,824,952,Undirected,1,0.0,0.0
16439,1087,1087,Undirected,49,0.0,0.0
16440,1475,1551,Undirected,2,0.0,0.0
16441,1654,1767,Undirected,2,0.0,0.0
16442,1209,631,Undirected,2,0.0,0.0
16443,1116,599,Undirected,1,0.0,0.0
16444,1097,1091,Undirected,1,0.0,0.0
16445,1002,742,Undirected,3,0.0,0.0
16446,369,1319,Undirected,61,0.0,0.0
16447,1185,822,Undirected,14,0.0,0.0
16448,1734,1959,Undirected,1,0.0,0.0
16449,125,470,Undirected,2,0.0,0.0
16450,1171,743,Undirected,9,0.0,0.0
16451,400,1030,Undirected,127,0.0,0.0
16452,1253,430,Undirected,51,0.0,0.0
16453,1848,1316,Undirected,12,0.0,0.0
16454,1753,1348,Undirected,6,0.0,0.0
16455,1352,714,Undirected,1,0.0,0.0
16456,1220,1476,Undirected,2,0.0,0.0
16457,1460,700,Undirected,5,0.0,0.0
16458,883,804,Undirected,1,0.0,0.0
16459,1185,1949,Undirected,1,0.0,0.0
16460,1499,853,Undirected,12,0.0,0.0
16461,1833,428,Undirected,1,0.0,0.0
16462,1032,1195,Undirected,5,0.0,0.0
16463,476,1421,Undirected,2,0.0,0.0
16464,1248,1455,Undirected,12,0.0,0.0
16465,984,948,Undirected,2,0.0,0.0
16466,1842,1605,Undirected,14,0.0,0.0
16467,1641,1774,Undirected,20,0.0,0.0
16468,787,21,Undirected,5,5.035325202227641e-07,0.4332356388944193
16469,913,1091,Undirected,1,0.0,0.0
16470,911,911,Undirected,465,0.0,0.0
16471,1354,1998,Undirected,3,0.0,0.0
16472,1490,1435,Undirected,1,0.0,0.0
16473,1420,759,Undirected,2,0.0,0.0
16474,1464,1235,Undirected,11,0.0,0.0
16475,279,279,Undirected,3,0.0,0.0
16476,424,308,Undirected,2,0.0,0.0
16477,1907,13,Undirected,2,0.0,0.0
16478,1169,141,Undirected,4,0.0,0.0
16479,612,1453,Undirected,1,0.0,0.0
16480,1529,1547,Undirected,1,0.0,0.0
16481,909,1806,Undirected,32,0.0,0.0
16482,57,1463,Undirected,4,0.0,0.0
16483,625,1086,Undirected,10,0.0,0.0
16484,1809,1947,Undirected,10,0.0,0.0
16485,173,1247,Undirected,9,0.0,0.0
16486,1314,1966,Undirected,13,0.0,0.0
16487,1822,959,Undirected,13,0.0,0.0
16488,264,922,Undirected,1,0.0,0.0
16489,1998,1174,Undirected,2,0.0,0.0
16490,0,1395,Undirected,4,0.0,0.0
16491,1236,237,Undirected,4,0.0,0.0
16492,237,518,Undirected,2,0.0,0.0
16493,1987,1804,Undirected,62,0.0,0.0
16494,256,484,Undirected,17,0.0,0.0
16495,1696,738,Undirected,33,0.0,0.0
16496,1740,1382,Undirected,15,0.0,0.0
16497,1628,1095,Undirected,1,0.0,0.0
16498,1870,1662,Undirected,1,0.0,0.0
16499,195,1668,Undirected,2,0.0,0.0
16500,1289,852,Undirected,4,0.0,0.0
16501,1612,1252,Undirected,1,0.0,0.0
16502,1793,1793,Undirected,6,0.0,0.0
16503,1106,1308,Undirected,1,0.0,0.0
16504,1827,271,Undirected,1,0.0,0.0
16505,1065,1065,Undirected,33,0.0,0.0
16506,1969,1503,Undirected,6,0.0,0.0
16507,1248,580,Undirected,1,0.0,0.0
16508,1195,1739,Undirected,191,0.0,0.0
16509,1924,5,Undirected,7,0.0,0.0
16510,1947,780,Undirected,7,0.0,0.0
16511,633,1332,Undirected,89,0.0,0.0
16512,852,1703,Undirected,1,0.0,0.0
16513,1780,780,Undirected,1,0.0,0.0
16514,930,831,Undirected,1,0.0,0.0
16515,677,1359,Undirected,15,0.0,0.0
16516,216,1020,Undirected,2,0.0,0.0
16517,971,971,Undirected,25,0.0,0.0
16518,831,1743,Undirected,6,0.0,0.0
16519,1657,374,Undirected,1,0.0,0.0
16520,280,947,Undirected,16,0.0,0.0
16521,837,1965,Undirected,8,0.0,0.0
16522,1430,1430,Undirected,56,0.0,0.0
16523,1708,1708,Undirected,42,0.0,0.0
16524,277,789,Undirected,2,0.0,0.0
16525,1838,1838,Undirected,148,0.0,0.0
16526,884,884,Undirected,10,0.0,0.0
16527,1254,759,Undirected,34,0.0,0.0
16528,1379,1966,Undirected,2,0.0,0.0
16529,1706,1106,Undirected,3,0.0,0.0
16530,1924,1852,Undirected,1,0.0,0.0
16531,273,1338,Undirected,2,0.0,0.0
16532,1645,39,Undirected,26,0.0,0.0
16533,1925,1254,Undirected,12,0.0,0.0
16534,1484,956,Undirected,1,0.0,0.0
16535,864,470,Undirected,1,0.0,0.0
16536,1681,1674,Undirected,1,0.0,0.0
16537,868,868,Undirected,73,0.0,0.0
16538,1009,1046,Undirected,1,0.0,0.0
16539,1628,677,Undirected,1,0.0,0.0
16540,460,861,Undirected,2,0.0,0.0
16541,67,334,Undirected,3,0.0,0.0
16542,1739,909,Undirected,15,0.0,0.0
16543,119,407,Undirected,2,0.0,0.0
16544,304,1565,Undirected,1,0.0,0.0
16545,1464,1381,Undirected,8,0.0,0.0
16546,626,1605,Undirected,1,0.0,0.0
16547,160,160,Undirected,12,0.0,0.0
16548,1885,1614,Undirected,13,0.0,0.0
16549,1362,1348,Undirected,26,0.0,0.0
16550,577,613,Undirected,13,0.0,0.0
16551,1419,1419,Undirected,9,0.0,0.0
16552,1547,1547,Undirected,196,0.0,0.0
16553,1165,1663,Undirected,2,0.0,0.0
16554,640,831,Undirected,2,0.0,0.0
16555,22,1135,Undirected,1,0.0,0.0
16556,1937,1079,Undirected,2,0.0,0.0
16557,144,1851,Undirected,1,0.0,0.0
16558,1404,980,Undirected,3,0.0,0.0
16559,1313,1138,Undirected,4,0.0,0.0
16560,288,1463,Undirected,2,0.0,0.0
16561,1610,126,Undirected,8,0.0,0.0
16562,970,1747,Undirected,27,0.0,0.0
16563,1250,994,Undirected,2,0.0,0.0
16564,1577,1358,Undirected,1,0.0,0.0
16565,728,1959,Undirected,1,0.0,0.0
16566,1637,1463,Undirected,2,0.0,0.0
16567,400,1378,Undirected,9,0.0,0.0
16568,50,613,Undirected,21,0.0,0.0
16569,573,335,Undirected,1,0.0,0.0
16570,1368,1655,Undirected,3,0.0,0.0
16571,1650,1308,Undirected,7,0.0,0.0
16572,1248,1604,Undirected,1,0.0,0.0
16573,1837,271,Undirected,1,0.0,0.0
16574,1713,590,Undirected,3,0.0,0.0
16575,819,643,Undirected,4,0.0,0.0
16576,432,1062,Undirected,3,0.0,0.0
16577,1834,1044,Undirected,1,0.0,0.0
16578,1809,1148,Undirected,19,0.0,0.0
16579,60,500,Undirected,2,0.0,0.0
16580,1811,102,Undirected,3,0.0,0.0
16581,1289,1949,Undirected,1,0.0,0.0
16582,1594,123,Undirected,10,0.0,0.0
16583,818,1845,Undirected,1,0.0,0.0
16584,1992,1156,Undirected,4,0.0,0.0
16585,528,1949,Undirected,93,0.0,0.0
16586,1289,1137,Undirected,10,0.0,0.0
16587,1689,274,Undirected,2,0.0,0.0
16588,683,683,Undirected,27,0.0,0.0
16589,1963,460,Undirected,2,0.0,0.0
16590,578,710,Undirected,2,0.0,0.0
16591,195,1334,Undirected,3,0.0,0.0
16592,748,358,Undirected,1,0.0,0.0
16593,1832,873,Undirected,2,0.0,0.0
16594,599,599,Undirected,119,0.0,0.0
16595,424,1268,Undirected,3,0.0,0.0
16596,1584,909,Undirected,40,0.0,0.0
16597,144,1746,Undirected,12,0.0,0.0
16598,1041,1686,Undirected,1,0.0,0.0
16599,1198,710,Undirected,2,0.0,0.0
16600,947,1382,Undirected,1,0.0,0.0
16601,1033,347,Undirected,42,0.0,0.0
16602,1220,566,Undirected,13,0.0,0.0
16603,1529,567,Undirected,5,0.0,0.0
16604,1708,1542,Undirected,1,0.0,0.0
16605,1307,726,Undirected,2,0.0,0.0
16606,1371,1839,Undirected,2,0.0,0.0
16607,1300,102,Undirected,6,0.0,0.0
16608,1568,1371,Undirected,1,0.0,0.0
16609,690,1148,Undirected,3,0.0,0.0
16610,1664,1209,Undirected,16,0.0,0.0
16611,1875,1871,Undirected,4,0.0,0.0
16612,538,275,Undirected,6,0.0,0.0
16613,1938,541,Undirected,65,0.0,0.0
16614,733,1583,Undirected,5,0.0,0.0
16615,1042,1710,Undirected,1,0.0,0.0
16616,1074,499,Undirected,2,0.0,0.0
16617,780,1774,Undirected,8,0.0,0.0
16618,1017,377,Undirected,1,0.0,0.0
16619,1162,1538,Undirected,5,0.0,0.0
16620,1371,1380,Undirected,3,0.0,0.0
16621,1584,1700,Undirected,188,0.0,0.0
16622,541,541,Undirected,583,0.0,0.0
16623,1666,1666,Undirected,17,0.0,0.0
16624,664,476,Undirected,1,0.0,0.0
16625,229,709,Undirected,4,0.0,0.0
16626,484,1765,Undirected,1,0.0,0.0
16627,842,1197,Undirected,1,0.0,0.0
16628,1120,684,Undirected,5,0.0,0.0
16629,1210,253,Undirected,7,0.0,0.0
16630,1082,738,Undirected,22,0.0,0.0
16631,1095,1095,Undirected,25,0.0,0.0
16632,984,1647,Undirected,1,0.0,0.0
16633,582,775,Undirected,1,0.0,0.0
16634,1754,1675,Undirected,26,0.0,0.0
16635,1277,365,Undirected,5,0.0,0.0
16636,1787,1500,Undirected,1,0.0,0.0
16637,1632,758,Undirected,3,0.0,0.0
16638,965,965,Undirected,17,0.0,0.0
16639,184,694,Undirected,1,0.0,0.0
16640,1083,1683,Undirected,3,0.0,0.0
16641,1435,1700,Undirected,131,0.0,0.0
16642,1837,1783,Undirected,16,0.0,0.0
16643,1344,978,Undirected,7,0.0,0.0
16644,1602,1883,Undirected,99,0.0,0.0
16645,1123,1679,Undirected,1,0.0,0.0
16646,73,73,Undirected,36,0.0,0.0
16647,517,551,Undirected,3,0.0,0.0
16648,1603,871,Undirected,1,0.0,0.0
16649,414,135,Undirected,2,0.0,0.0
16650,369,1511,Undirected,2,0.0,0.0
16651,930,341,Undirected,5,0.0,0.0
16652,1874,939,Undirected,1,0.0,0.0
16653,1344,1727,Undirected,1,0.0,0.0
16654,425,1835,Undirected,3,0.0,0.0
16655,1640,1343,Undirected,4,0.0,0.0
16656,1297,1662,Undirected,1,0.0,0.0
16657,57,1228,Undirected,37,0.0,0.0
16658,1945,1686,Undirected,24,0.0,0.0
16659,1046,1079,Undirected,1,0.0,0.0
16660,79,79,Undirected,15,0.0,0.0
16661,1873,1562,Undirected,1,0.0,0.0
16662,928,1916,Undirected,1,0.0,0.0
16663,1018,1018,Undirected,324,0.0,0.0
16664,1619,307,Undirected,2,0.0,0.0
16665,1001,282,Undirected,1,0.0,0.0
16666,1285,1791,Undirected,5,0.0,0.0
16667,1980,1758,Undirected,1,0.0,0.0
16668,472,1516,Undirected,1,0.0,0.0
16669,1193,1193,Undirected,74,0.0,0.0
16670,588,182,Undirected,10,0.0,0.0
16671,580,1087,Undirected,3,0.0,0.0
16672,1250,405,Undirected,1,0.0,0.0
16673,1452,191,Undirected,22,0.0,0.0
16674,1758,1758,Undirected,233,0.0,0.0
16675,1176,1095,Undirected,2,0.0,0.0
16676,460,1853,Undirected,2,0.0,0.0
16677,1002,1002,Undirected,12,0.0,0.0
16678,1361,518,Undirected,10,0.0,0.0
16679,1123,852,Undirected,1,0.0,0.0
16680,1705,1082,Undirected,1,0.0,0.0
16681,1354,1359,Undirected,1,0.0,0.0
16682,215,583,Undirected,1,0.0,0.0
16683,1899,1164,Undirected,2,0.0,0.0
16684,226,1246,Undirected,1,0.0,0.0
16685,917,917,Undirected,23,0.0,0.0
16686,1497,1935,Undirected,5,0.0,0.0
16687,951,1895,Undirected,10,0.0,0.0
16688,935,1407,Undirected,3,0.0,0.0
16689,1104,39,Undirected,7,0.0,0.0
16690,1309,551,Undirected,1,0.0,0.0
16691,675,1517,Undirected,10,0.0,0.0
16692,1594,590,Undirected,5,0.0,0.0
16693,0,1490,Undirected,1,0.0,0.0
16694,985,1734,Undirected,29,0.0,0.0
16695,1568,1089,Undirected,1,0.0,0.0
16696,1271,1271,Undirected,7,0.0,0.0
16697,275,663,Undirected,1,0.0,0.0
16698,296,181,Undirected,1,0.0,0.0
16699,1653,574,Undirected,3,0.0,0.0
16700,1705,165,Undirected,2,0.0,0.0
16701,612,637,Undirected,1,0.0,0.0
16702,1115,1862,Undirected,2,0.0,0.0
16703,1528,1657,Undirected,1,0.0,0.0
16704,829,1079,Undirected,1,0.0,0.0
16705,776,1972,Undirected,2,0.0,0.0
16706,1377,780,Undirected,1,0.0,0.0
16707,1587,1587,Undirected,70,0.0,0.0
16708,1154,1858,Undirected,1,0.0,0.0
16709,128,1319,Undirected,8,0.0,0.0
16710,822,822,Undirected,46,0.0,0.0
16711,1712,1319,Undirected,107,0.0,0.0
16712,1955,452,Undirected,2,0.0,0.0
16713,1484,1356,Undirected,4,0.0,0.0
16714,1656,1503,Undirected,2,0.0,0.0
16715,1818,558,Undirected,1,0.0,0.0
16716,304,1247,Undirected,7,0.0,0.0
16717,1248,1964,Undirected,1,0.0,0.0
16718,1969,1356,Undirected,1,0.0,0.0
16719,1770,1731,Undirected,1,0.0,0.0
16720,1997,901,Undirected,47,0.0,0.0
16721,259,1478,Undirected,2,0.0,0.0
16722,1017,1467,Undirected,2,0.0,0.0
16723,1039,1039,Undirected,72,0.0,0.0
16724,1368,557,Undirected,2,0.0,0.0
16725,909,909,Undirected,213,0.0,0.0
16726,516,1582,Undirected,2,0.0,0.0
16727,1264,1089,Undirected,3,0.0,0.0
16728,1129,693,Undirected,1,0.0,0.0
16729,843,47,Undirected,8,0.0,0.0
16730,1352,1605,Undirected,2,0.0,0.0
16731,1299,173,Undirected,4,0.0,0.0
16732,1660,1967,Undirected,1,0.0,0.0
16733,1386,315,Undirected,1,0.0,0.0
16734,129,1202,Undirected,1,0.0,0.0
16735,1984,1268,Undirected,5,0.0,0.0
16736,1438,1439,Undirected,4,0.0,0.0
16737,1129,1543,Undirected,4,0.0,0.0
16738,1708,1143,Undirected,2,0.0,0.0
16739,1712,1707,Undirected,1,0.0,0.0
16740,1568,1254,Undirected,2,0.0,0.0
16741,163,820,Undirected,4,0.0,0.0
16742,1184,909,Undirected,3,0.0,0.0
16743,1480,447,Undirected,18,0.0,0.0
16744,1707,814,Undirected,54,0.0,0.0
16745,1672,1900,Undirected,11,0.0,0.0
16746,558,959,Undirected,1,0.0,0.0
16747,811,811,Undirected,119,0.0,0.0
16748,1960,1960,Undirected,48,0.0,0.0
16749,1824,433,Undirected,14,0.0,0.0
16750,640,1654,Undirected,1,0.0,0.0
16751,675,1847,Undirected,1,0.0,0.0
16752,1137,1566,Undirected,2,0.0,0.0
16753,1841,948,Undirected,7,0.0,0.0
16754,539,1380,Undirected,1,0.0,0.0
16755,1570,598,Undirected,2,0.0,0.0
16756,277,1205,Undirected,2,0.0,0.0
16757,778,125,Undirected,2,0.0,0.0
16758,496,1375,Undirected,1,0.0,0.0
16759,1713,1535,Undirected,1,0.0,0.0
16760,1402,1803,Undirected,4,0.0,0.0
16761,362,362,Undirected,38,0.0,0.0
16762,1548,207,Undirected,14,0.0,0.0
16763,160,769,Undirected,2,0.0,0.0
16764,1971,53,Undirected,21,0.0,0.0
16765,1865,1022,Undirected,1,0.0,0.0
16766,1926,1159,Undirected,2,0.0,0.0
16767,308,1054,Undirected,1,0.0,0.0
16768,432,1180,Undirected,1,0.0,0.0
16769,616,1019,Undirected,3,0.0,0.0
16770,1648,1516,Undirected,1,0.0,0.0
16771,1824,1325,Undirected,5,0.0,0.0
16772,1434,1434,Undirected,390,0.0,0.0
16773,725,391,Undirected,12,0.0,0.0
16774,1732,950,Undirected,1,0.0,0.0
16775,1392,1509,Undirected,11,0.0,0.0
16776,1948,1116,Undirected,1,0.0,0.0
16777,1169,1169,Undirected,5,0.0,0.0
16778,1545,1156,Undirected,10,0.0,0.0
16779,573,573,Undirected,12,0.0,0.0
16780,128,128,Undirected,64,0.0,0.0
16781,1156,765,Undirected,3,0.0,0.0
16782,677,111,Undirected,5,0.0,0.0
16783,717,574,Undirected,1,0.0,0.0
16784,433,853,Undirected,28,0.0,0.0
16785,1848,1453,Undirected,3,0.0,0.0
16786,1600,1587,Undirected,8,0.0,0.0
16787,400,518,Undirected,8,0.0,0.0
16788,441,228,Undirected,4,0.0,0.0
16789,600,720,Undirected,2,0.0,0.0
16790,785,1714,Undirected,1,0.0,0.0
16791,1219,271,Undirected,2,0.0,0.0
16792,351,351,Undirected,203,0.0,0.0
16793,1251,911,Undirected,2,0.0,0.0
16794,738,422,Undirected,3,0.0,0.0
16795,1595,662,Undirected,1,0.0,0.0
16796,545,444,Undirected,2,0.0,0.0
16797,1101,198,Undirected,13,0.0,0.0
16798,1153,1989,Undirected,10,0.0,0.0
16799,1208,115,Undirected,1,0.0,0.0
16800,897,1809,Undirected,1,0.0,0.0
16801,1128,268,Undirected,2,0.0,0.0
16802,1137,1653,Undirected,1,0.0,0.0
16803,811,1935,Undirected,1,0.0,0.0
16804,69,69,Undirected,80,0.0,0.0
16805,1787,725,Undirected,18,0.0,0.0
16806,0,1035,Undirected,5,0.0,0.0
16807,1494,1494,Undirected,124,0.0,0.0
16808,1227,1109,Undirected,4,0.0,0.0
16809,1888,913,Undirected,3,0.0,0.0
16810,392,18,Undirected,7,0.0,0.0
16811,1306,789,Undirected,4,0.0,0.0
16812,1371,1499,Undirected,3,0.0,0.0
16813,1890,615,Undirected,87,0.0,0.0
16814,1853,1279,Undirected,10,0.0,0.0
16815,1141,1838,Undirected,9,0.0,0.0
16816,692,692,Undirected,34,0.0,0.0
16817,1714,611,Undirected,2,0.0,0.0
16818,612,758,Undirected,29,0.0,0.0
16819,1937,1382,Undirected,6,0.0,0.0
16820,1504,1240,Undirected,1,0.0,0.0
16821,57,411,Undirected,5,0.0,0.0
16822,902,30,Undirected,4,0.0,0.0
16823,793,199,Undirected,1,0.0,0.0
16824,1203,286,Undirected,3,0.0,0.0
16825,171,171,Undirected,118,0.0,0.0
16826,301,1855,Undirected,8,0.0,0.0
16827,1827,567,Undirected,5,0.0,0.0
16828,392,1733,Undirected,1,0.0,0.0
16829,1684,758,Undirected,117,0.0,0.0
16830,544,331,Undirected,2,0.0,0.0
16831,1600,494,Undirected,1,0.0,0.0
16832,1769,1226,Undirected,1,0.0,0.0
16833,142,463,Undirected,1,0.0,0.0
16834,155,155,Undirected,14,0.0,0.0
16835,1634,1092,Undirected,51,0.0,0.0
16836,1605,1159,Undirected,1,0.0,0.0
16837,1800,1476,Undirected,11,0.0,0.0
16838,1866,1371,Undirected,2,0.0,0.0
16839,1502,1926,Undirected,1,0.0,0.0
16840,1713,1713,Undirected,148,0.0,0.0
16841,753,199,Undirected,1,0.0,0.0
16842,1227,967,Undirected,1,0.0,0.0
16843,558,543,Undirected,3,0.0,0.0
16844,1152,1066,Undirected,1,0.0,0.0
16845,1681,813,Undirected,9,0.0,0.0
16846,266,1818,Undirected,40,0.0,0.0
16847,880,1159,Undirected,1,0.0,0.0
16848,1742,1742,Undirected,6,0.0,0.0
16849,1197,1750,Undirected,1,0.0,0.0
16850,1233,948,Undirected,12,0.0,0.0
16851,1547,308,Undirected,14,0.0,0.0
16852,1928,1987,Undirected,8,0.0,0.0
16853,1194,1602,Undirected,6,0.0,0.0
16854,659,1926,Undirected,50,0.0,0.0
16855,33,374,Undirected,2,0.0,0.0
16856,1713,57,Undirected,16,0.0,0.0
16857,1378,951,Undirected,1,0.0,0.0
16858,1762,1762,Undirected,59,0.0,0.0
16859,432,1523,Undirected,1,0.0,0.0
16860,1356,780,Undirected,1,0.0,0.0
16861,852,1383,Undirected,2,0.0,0.0
16862,49,1066,Undirected,1,0.0,0.0
16863,1251,711,Undirected,3,0.0,0.0
16864,258,819,Undirected,9,0.0,0.0
16865,1160,211,Undirected,329,0.0,0.0
16866,690,1989,Undirected,1,0.0,0.0
16867,1514,99,Undirected,31,0.0,0.0
16868,1136,983,Undirected,2,0.0,0.0
16869,296,589,Undirected,8,0.0,0.0
16870,1772,1606,Undirected,1,0.0,0.0
16871,176,1603,Undirected,2,0.0,0.0
16872,1513,1957,Undirected,6,0.0,0.0
16873,1603,580,Undirected,12,0.0,0.0
16874,931,383,Undirected,2,0.0,0.0
16875,1269,1269,Undirected,98,0.0,0.0
16876,1251,758,Undirected,10,0.0,0.0
16877,1106,732,Undirected,11,7.203425010490894e-07,0.6197773353878753
16878,451,623,Undirected,3,0.0,0.0
16879,1693,1693,Undirected,4,0.0,0.0
16880,1272,130,Undirected,10,0.0,0.0
16881,868,1887,Undirected,1,0.0,0.0
16882,269,173,Undirected,1,0.0,0.0
16883,1932,127,Undirected,13,0.0,0.0
16884,122,1180,Undirected,16,0.0,0.0
16885,454,879,Undirected,5,0.0,0.0
16886,708,1398,Undirected,1,0.0,0.0
16887,1760,1579,Undirected,3,0.0,0.0
16888,1150,166,Undirected,11,0.0,0.0
16889,1603,1964,Undirected,1,0.0,0.0
16890,1873,1787,Undirected,4,0.0,0.0
16891,385,385,Undirected,20,0.0,0.0
16892,424,1974,Undirected,10,0.0,0.0
16893,218,389,Undirected,48,0.0,0.0
16894,1248,1392,Undirected,4,0.0,0.0
16895,1361,442,Undirected,34,0.0,0.0
16896,1627,1087,Undirected,5,0.0,0.0
16897,1338,939,Undirected,1,0.0,0.0
16898,1232,978,Undirected,1,0.0,0.0
16899,848,990,Undirected,1,0.0,0.0
16900,816,1031,Undirected,1,0.0,0.0
16901,993,1941,Undirected,4,0.0,0.0
16902,978,819,Undirected,1,0.0,0.0
16903,1595,1851,Undirected,1,0.0,0.0
16904,275,1604,Undirected,3,0.0,0.0
16905,280,980,Undirected,4,0.0,0.0
16906,1324,1935,Undirected,1,0.0,0.0
16907,0,1627,Undirected,4,0.0,0.0
16908,810,231,Undirected,1,0.0,0.0
16909,770,1532,Undirected,1,0.0,0.0
16910,1054,1455,Undirected,1,0.0,0.0
16911,196,1260,Undirected,1,0.0,0.0
16912,1503,911,Undirected,3,0.0,0.0
16913,1018,853,Undirected,6,0.0,0.0
16914,1141,1607,Undirected,1,0.0,0.0
16915,1310,215,Undirected,1,0.0,0.0
16916,1988,1319,Undirected,2,0.0,0.0
16917,970,1410,Undirected,23,0.0,0.0
16918,33,949,Undirected,6,0.0,0.0
16919,840,1657,Undirected,2,0.0,0.0
16920,1464,1614,Undirected,1,0.0,0.0
16921,1819,1015,Undirected,1,0.0,0.0
16922,1026,290,Undirected,3,0.0,0.0
16923,100,1061,Undirected,5,0.0,0.0
16924,1696,1101,Undirected,1,0.0,0.0
16925,0,909,Undirected,3,0.0,0.0
16926,816,930,Undirected,5,0.0,0.0
16927,1482,1229,Undirected,9,0.0,0.0
16928,1728,509,Undirected,1,0.0,0.0
16929,584,1599,Undirected,1,0.0,0.0
16930,809,1110,Undirected,1,0.0,0.0
16931,1000,1442,Undirected,3,0.0,0.0
16932,1392,1827,Undirected,1,0.0,0.0
16933,781,151,Undirected,1,0.0,0.0
16934,1233,342,Undirected,8,0.0,0.0
16935,1320,96,Undirected,2,0.0,0.0
16936,1161,1819,Undirected,2,0.0,0.0
16937,995,1404,Undirected,25,0.0,0.0
16938,468,1605,Undirected,6,0.0,0.0
16939,767,351,Undirected,2,0.0,0.0
16940,1570,871,Undirected,1,0.0,0.0
16941,1834,1883,Undirected,1,0.0,0.0
16942,1344,1823,Undirected,2,0.0,0.0
16943,1135,1135,Undirected,5,0.0,0.0
16944,1371,1758,Undirected,1,0.0,0.0
16945,1600,819,Undirected,2,0.0,0.0
16946,1945,1593,Undirected,2,0.0,0.0
16947,1824,625,Undirected,287,0.0,0.0
16948,1257,1204,Undirected,8,0.0,0.0
16949,1192,1576,Undirected,43,0.0,0.0
16950,1547,1827,Undirected,13,0.0,0.0
16951,1202,1612,Undirected,1,0.0,0.0
16952,896,1315,Undirected,1,0.0,0.0
16953,297,297,Undirected,54,0.0,0.0
16954,304,751,Undirected,21,0.0,0.0
16955,1465,282,Undirected,7,0.0,0.0
16956,1955,1955,Undirected,1,0.0,0.0
16957,1298,127,Undirected,2,0.0,0.0
16958,668,86,Undirected,1,0.0,0.0
16959,1640,1964,Undirected,1,0.0,0.0
16960,876,1958,Undirected,5,0.0,0.0
16961,1928,1928,Undirected,484,0.0,0.0
16962,74,1109,Undirected,49,0.0,0.0
16963,1219,1316,Undirected,11,0.0,0.0
16964,176,1900,Undirected,2,0.0,0.0
16965,1980,1054,Undirected,15,0.0,0.0
16966,706,1970,Undirected,1,0.0,0.0
16967,283,499,Undirected,1,0.0,0.0
16968,1155,758,Undirected,39,0.0,0.0
16969,1809,1491,Undirected,17,0.0,0.0
16970,819,1356,Undirected,45,0.0,0.0
16971,1438,1191,Undirected,7,0.0,0.0
16972,626,1549,Undirected,1,0.0,0.0
16973,1581,1453,Undirected,3,0.0,0.0
16974,130,347,Undirected,3,0.0,0.0
16975,728,814,Undirected,1,0.0,0.0
16976,1721,604,Undirected,2,0.0,0.0
16977,330,330,Undirected,9,0.0,0.0
16978,1988,887,Undirected,1,0.0,0.0
16979,1091,635,Undirected,6,0.0,0.0
16980,817,261,Undirected,7,0.0,0.0
16981,986,701,Undirected,6,0.0,0.0
16982,1548,1590,Undirected,10,0.0,0.0
16983,1344,1700,Undirected,32,0.0,0.0
16984,1376,1957,Undirected,13,0.0,0.0
16985,1837,1087,Undirected,23,0.0,0.0
16986,627,1332,Undirected,23,0.0,0.0
16987,889,1077,Undirected,9,0.0,0.0
16988,1078,1455,Undirected,2,0.0,0.0
16989,1530,1530,Undirected,8,0.0,0.0
16990,1697,449,Undirected,2,0.0,0.0
16991,940,1924,Undirected,1,0.0,0.0
16992,989,989,Undirected,127,0.0,0.0
16993,1730,1302,Undirected,2,0.0,0.0
16994,1285,1886,Undirected,11,0.0,0.0
16995,371,1796,Undirected,2,0.0,0.0
16996,62,975,Undirected,46,0.0,0.0
16997,1305,1159,Undirected,1,0.0,0.0
16998,1860,1884,Undirected,2,0.0,0.0
16999,1769,1847,Undirected,1,0.0,0.0
17000,1416,1757,Undirected,5,0.0,0.0
17001,980,1375,Undirected,51,0.0,0.0
17002,56,985,Undirected,3,0.0,0.0
17003,1046,1046,Undirected,13,0.0,0.0
17004,713,37,Undirected,18,0.0,0.0
17005,1429,1429,Undirected,50,0.0,0.0
17006,1375,911,Undirected,2,0.0,0.0
17007,1410,1519,Undirected,13,0.0,0.0
17008,1248,814,Undirected,27,0.0,0.0
17009,191,191,Undirected,133,0.0,0.0
17010,1274,1717,Undirected,11,0.0,0.0
17011,1155,1987,Undirected,3,0.0,0.0
17012,1584,854,Undirected,1,0.0,0.0
17013,793,1028,Undirected,3,0.0,0.0
17014,408,20,Undirected,5,0.0,0.0
17015,450,1819,Undirected,2,0.0,0.0
17016,1851,965,Undirected,2,0.0,0.0
17017,672,672,Undirected,31,0.0,0.0
17018,1468,1831,Undirected,2,0.0,0.0
17019,980,1325,Undirected,2,0.0,0.0
17020,1571,1516,Undirected,5,0.0,0.0
17021,728,1404,Undirected,4,0.0,0.0
17022,1250,1855,Undirected,2,0.0,0.0
17023,917,1359,Undirected,1,0.0,0.0
17024,1418,1812,Undirected,2,0.0,0.0
17025,496,1484,Undirected,6,0.0,0.0
17026,1018,1484,Undirected,112,0.0,0.0
17027,1913,1630,Undirected,27,0.0,0.0
17028,1618,1375,Undirected,1,0.0,0.0
17029,1334,1334,Undirected,11,0.0,0.0
17030,957,957,Undirected,26,0.0,0.0
17031,1194,1375,Undirected,3,0.0,0.0
17032,480,1199,Undirected,1,0.0,0.0
17033,1827,686,Undirected,7,0.0,0.0
17034,660,660,Undirected,26,0.0,0.0
17035,1240,1925,Undirected,13,0.0,0.0
17036,229,381,Undirected,1,0.0,0.0
17037,1680,1247,Undirected,14,7.015392770550623e-07,0.6035991811810262
17038,874,1780,Undirected,3,0.0,0.0
17039,931,197,Undirected,6,0.0,0.0
17040,1152,1796,Undirected,6,0.0,0.0
17041,1421,1421,Undirected,12,0.0,0.0
17042,1760,1162,Undirected,1,0.0,0.0
17043,1235,1582,Undirected,16,0.0,0.0
17044,1079,975,Undirected,2,0.0,0.0
17045,1977,1156,Undirected,8,0.0,0.0
17046,1940,1302,Undirected,1,0.0,0.0
17047,986,778,Undirected,2,0.0,0.0
17048,1565,94,Undirected,4,0.0,0.0
17049,1355,877,Undirected,2,0.0,0.0
17050,1355,183,Undirected,1,0.0,0.0
17051,265,1801,Undirected,3,0.0,0.0
17052,1944,1639,Undirected,4,0.0,0.0
17053,1476,1686,Undirected,1,0.0,0.0
17054,801,1142,Undirected,1,0.0,0.0
17055,1026,173,Undirected,1,0.0,0.0
17056,1681,1681,Undirected,245,0.0,0.0
17057,1321,43,Undirected,4,0.0,0.0
17058,689,818,Undirected,6,4.089050134419836e-07,0.3518188351912132
17059,1499,887,Undirected,1,0.0,0.0
17060,1338,499,Undirected,4,0.0,0.0
17061,1737,1964,Undirected,1,0.0,0.0
17062,687,895,Undirected,2,0.0,0.0
17063,311,1119,Undirected,2,0.0,0.0
17064,1633,509,Undirected,2,0.0,0.0
17065,1681,1754,Undirected,7,0.0,0.0
17066,1434,1989,Undirected,1,0.0,0.0
17067,1086,567,Undirected,1,0.0,0.0
17068,1716,1207,Undirected,41,0.0,0.0
17069,1296,1463,Undirected,12,0.0,0.0
17070,1945,1995,Undirected,2,0.0,0.0
17071,580,1983,Undirected,16,0.0,0.0
17072,1883,1078,Undirected,1,0.0,0.0
17073,1246,1327,Undirected,2,0.0,0.0
17074,843,1461,Undirected,7,0.0,0.0
17075,1848,1032,Undirected,1,0.0,0.0
17076,42,1799,Undirected,20,0.0,0.0
17077,626,1644,Undirected,1,0.0,0.0
17078,1453,1086,Undirected,3,0.0,0.0
17079,1001,1443,Undirected,6,0.0,0.0
17080,200,200,Undirected,37,0.0,0.0
17081,1484,1343,Undirected,3,0.0,0.0
17082,854,854,Undirected,5,0.0,0.0
17083,1257,1605,Undirected,5,0.0,0.0
17084,970,11,Undirected,5,0.0,0.0
17085,1681,887,Undirected,4,0.0,0.0
17086,969,830,Undirected,4,0.0,0.0
17087,269,1845,Undirected,16,0.0,0.0
17088,1313,658,Undirected,2,0.0,0.0
17089,539,1988,Undirected,1,0.0,0.0
17090,347,710,Undirected,2,0.0,0.0
17091,1541,614,Undirected,3,0.0,0.0
17092,1827,1251,Undirected,2,0.0,0.0
17093,1258,819,Undirected,2,0.0,0.0
17094,464,866,Undirected,4,0.0,0.0
17095,1884,740,Undirected,4,0.0,0.0
17096,1507,1926,Undirected,1,0.0,0.0
17097,1602,1404,Undirected,32,0.0,0.0
17098,1432,1359,Undirected,2,0.0,0.0
17099,1680,1716,Undirected,1,0.0,0.0
17100,1307,269,Undirected,5,0.0,0.0
17101,32,147,Undirected,1,0.0,0.0
17102,1379,1429,Undirected,1,0.0,0.0
17103,1929,515,Undirected,1,0.0,0.0
17104,953,1252,Undirected,1,0.0,0.0
17105,1774,1959,Undirected,1,0.0,0.0
17106,250,941,Undirected,1,0.0,0.0
17107,1568,663,Undirected,15,0.0,0.0
17108,1324,509,Undirected,3,0.0,0.0
17109,51,1285,Undirected,7,0.0,0.0
17110,604,1911,Undirected,1,0.0,0.0
17111,1105,1286,Undirected,1,0.0,0.0
17112,1552,214,Undirected,1,0.0,0.0
17113,1162,603,Undirected,1,0.0,0.0
17114,1739,1380,Undirected,1,0.0,0.0
17115,1204,396,Undirected,4,0.0,0.0
17116,1948,351,Undirected,2,0.0,0.0
17117,1974,1455,Undirected,6,0.0,0.0
17118,969,1926,Undirected,2,0.0,0.0
17119,74,1237,Undirected,1,0.0,0.0
17120,1067,1292,Undirected,1,0.0,0.0
17121,4,4,Undirected,290,0.0,0.0
17122,81,754,Undirected,9,0.0,0.0
17123,687,1119,Undirected,13,0.0,0.0
17124,584,1344,Undirected,1,0.0,0.0
17125,128,887,Undirected,2,0.0,0.0
17126,875,660,Undirected,3,0.0,0.0
17127,1028,693,Undirected,1,0.0,0.0
17128,1570,1570,Undirected,38,0.0,0.0
17129,1603,195,Undirected,3,0.0,0.0
17130,1944,1257,Undirected,3,0.0,0.0
17131,1705,1907,Undirected,1,0.0,0.0
17132,1451,860,Undirected,8,0.0,0.0
17133,1204,1204,Undirected,135,0.0,0.0
17134,1785,586,Undirected,2,0.0,0.0
17135,1682,1418,Undirected,3,0.0,0.0
17136,1041,1041,Undirected,3,0.0,0.0
17137,1928,758,Undirected,15,0.0,0.0
17138,778,1518,Undirected,20,0.0,0.0
17139,958,1615,Undirected,2,0.0,0.0
17140,1441,127,Undirected,89,0.0,0.0
17141,896,967,Undirected,2,0.0,0.0
17142,808,632,Undirected,3,2.893990128783136e-07,0.24899676029719578
17143,1385,438,Undirected,7,0.0,0.0
17144,243,692,Undirected,2,0.0,0.0
17145,942,1447,Undirected,1,0.0,0.0
17146,359,47,Undirected,1,0.0,0.0
17147,70,903,Undirected,1,0.0,0.0
17148,813,1318,Undirected,1,0.0,0.0
17149,1654,1654,Undirected,17,0.0,0.0
17150,1153,850,Undirected,1,0.0,0.0
17151,1384,850,Undirected,7,0.0,0.0
17152,720,393,Undirected,3,0.0,0.0
17153,1400,1641,Undirected,5,0.0,0.0
17154,1619,804,Undirected,3,0.0,0.0
17155,910,1239,Undirected,4,0.0,0.0
17156,193,761,Undirected,6,0.0,0.0
17157,434,303,Undirected,2,0.0,0.0
17158,356,638,Undirected,2,0.0,0.0
17159,1681,853,Undirected,17,0.0,0.0
17160,1803,580,Undirected,8,0.0,0.0
17161,408,1652,Undirected,2,0.0,0.0
17162,1200,1200,Undirected,20,0.0,0.0
17163,1837,1375,Undirected,44,0.0,0.0
17164,1129,1861,Undirected,52,0.0,0.0
17165,794,794,Undirected,26,0.0,0.0
17166,1490,1685,Undirected,1,0.0,0.0
17167,1208,1360,Undirected,8,0.0,0.0
17168,1171,662,Undirected,3,0.0,0.0
17169,208,542,Undirected,13,0.0,0.0
17170,577,1683,Undirected,2,0.0,0.0
17171,410,195,Undirected,1,0.0,0.0
17172,457,1383,Undirected,7,0.0,0.0
17173,1224,395,Undirected,2,0.0,0.0
17174,449,1979,Undirected,2,0.0,0.0
17175,301,301,Undirected,11,0.0,0.0
17176,880,1087,Undirected,1,0.0,0.0
17177,1640,799,Undirected,1,0.0,0.0
17178,230,1271,Undirected,1,0.0,0.0
17179,939,693,Undirected,1,0.0,0.0
17180,38,382,Undirected,3,0.0,0.0
17181,1320,1767,Undirected,4,0.0,0.0
17182,1665,943,Undirected,6,0.0,0.0
17183,1434,1380,Undirected,3,0.0,0.0
17184,1644,1869,Undirected,4,0.0,0.0
17185,1018,1996,Undirected,21,0.0,0.0
17186,1392,814,Undirected,2,0.0,0.0
17187,1642,982,Undirected,3,0.0,0.0
17188,1834,1739,Undirected,3,0.0,0.0
17189,228,1638,Undirected,1,0.0,0.0
17190,1533,1957,Undirected,8,0.0,0.0
17191,128,1959,Undirected,15,0.0,0.0
17192,601,1530,Undirected,1,0.0,0.0
17193,1545,1545,Undirected,4,0.0,0.0
17194,116,718,Undirected,4,0.0,0.0
17195,731,1815,Undirected,2,0.0,0.0
17196,1827,1155,Undirected,35,0.0,0.0
17197,1553,1460,Undirected,8,0.0,0.0
17198,588,510,Undirected,2,0.0,0.0
17199,1248,1529,Undirected,26,0.0,0.0
17200,1105,131,Undirected,11,0.0,0.0
17201,1091,671,Undirected,2,0.0,0.0
17202,1076,349,Undirected,9,0.0,0.0
17203,1504,1162,Undirected,3,0.0,0.0
17204,744,283,Undirected,2,0.0,0.0
17205,442,165,Undirected,7,0.0,0.0
17206,458,1154,Undirected,3,0.0,0.0
17207,1345,1510,Undirected,15,0.0,0.0
17208,698,1159,Undirected,2,0.0,0.0
17209,741,447,Undirected,4,0.0,0.0
17210,187,1636,Undirected,2,0.0,0.0
17211,829,829,Undirected,7,0.0,0.0
17212,635,1469,Undirected,1,0.0,0.0
17213,1346,263,Undirected,1,0.0,0.0
17214,1777,831,Undirected,3,0.0,0.0
17215,195,1774,Undirected,1,0.0,0.0
17216,626,852,Undirected,1,0.0,0.0
17217,1195,1375,Undirected,58,0.0,0.0
17218,1474,1203,Undirected,1,0.0,0.0
17219,1147,709,Undirected,7,0.0,0.0
17220,1681,1254,Undirected,4,0.0,0.0
17221,1673,1650,Undirected,1,0.0,0.0
17222,1162,829,Undirected,1,0.0,0.0
17223,915,1229,Undirected,2,0.0,0.0
17224,1786,100,Undirected,53,0.0,0.0
17225,1438,559,Undirected,3,0.0,0.0
17226,296,703,Undirected,1,0.0,0.0
17227,1611,411,Undirected,2,0.0,0.0
17228,1913,1627,Undirected,1,0.0,0.0
17229,1048,1678,Undirected,2,0.0,0.0
17230,1697,83,Undirected,1,0.0,0.0
17231,561,765,Undirected,4,0.0,0.0
17232,1512,1807,Undirected,2,0.0,0.0
17233,400,485,Undirected,1,0.0,0.0
17234,1375,1511,Undirected,12,0.0,0.0
17235,1517,599,Undirected,20,0.0,0.0
17236,1027,893,Undirected,1,0.0,0.0
17237,520,957,Undirected,2,0.0,0.0
17238,787,1076,Undirected,2,0.0,0.0
17239,1922,1085,Undirected,9,0.0,0.0
17240,148,1524,Undirected,1,0.0,0.0
17241,1499,1974,Undirected,14,0.0,0.0
17242,862,862,Undirected,38,0.0,0.0
17243,1902,1343,Undirected,10,0.0,0.0
17244,516,983,Undirected,1,0.0,0.0
17245,1033,1793,Undirected,1,0.0,0.0
17246,1776,617,Undirected,1,0.0,0.0
17247,1858,731,Undirected,1,0.0,0.0
17248,1988,1357,Undirected,6,0.0,0.0
17249,1561,1607,Undirected,1,0.0,0.0
17250,931,931,Undirected,59,0.0,0.0
17251,1627,1382,Undirected,10,0.0,0.0
17252,1786,620,Undirected,1,0.0,0.0
17253,539,1596,Undirected,2,0.0,0.0
17254,1254,719,Undirected,10,0.0,0.0
17255,1343,1343,Undirected,11,0.0,0.0
17256,1362,1893,Undirected,72,4.2123597739833233e-07,0.36242830495386014
17257,1427,1175,Undirected,1,0.0,0.0
17258,1542,279,Undirected,1,0.0,0.0
17259,138,138,Undirected,119,0.0,0.0
17260,281,1425,Undirected,1,0.0,0.0
17261,1280,1247,Undirected,6,0.0,0.0
17262,605,1975,Undirected,2,0.0,0.0
17263,1995,580,Undirected,7,0.0,0.0
17264,1820,1820,Undirected,177,0.0,0.0
17265,1505,1919,Undirected,4,0.0,0.0
17266,74,325,Undirected,2,0.0,0.0
17267,1130,1020,Undirected,8,0.0,0.0
17268,1513,1618,Undirected,13,0.0,0.0
17269,1569,140,Undirected,3,0.0,0.0
17270,210,1717,Undirected,26,0.0,0.0
17271,1840,1840,Undirected,36,0.0,0.0
17272,377,1841,Undirected,3,0.0,0.0
17273,906,356,Undirected,6,0.0,0.0
17274,225,1266,Undirected,35,0.0,0.0
17275,929,655,Undirected,3,0.0,0.0
17276,166,727,Undirected,7,0.0,0.0
17277,1529,814,Undirected,35,0.0,0.0
17278,625,1371,Undirected,8,0.0,0.0
17279,1945,978,Undirected,1,0.0,0.0
17280,1162,347,Undirected,3,0.0,0.0
17281,720,1410,Undirected,4,0.0,0.0
17282,127,1159,Undirected,3,0.0,0.0
17283,916,1004,Undirected,6,0.0,0.0
17284,672,1219,Undirected,2,0.0,0.0
17285,1357,1319,Undirected,1,0.0,0.0
17286,1837,1534,Undirected,3,0.0,0.0
17287,457,1549,Undirected,2,0.0,0.0
17288,819,1813,Undirected,1,0.0,0.0
17289,1032,1325,Undirected,6,0.0,0.0
17290,1248,764,Undirected,14,0.0,0.0
17291,769,1123,Undirected,1,0.0,0.0
17292,1174,1647,Undirected,1,0.0,0.0
17293,1536,1424,Undirected,6,0.0,0.0
17294,1603,331,Undirected,1,0.0,0.0
17295,524,982,Undirected,5,0.0,0.0
17296,1253,1302,Undirected,2,0.0,0.0
17297,1857,1967,Undirected,1,0.0,0.0
17298,56,1251,Undirected,1,0.0,0.0
17299,409,1662,Undirected,22,0.0,0.0
17300,1984,1964,Undirected,1,0.0,0.0
17301,945,831,Undirected,1,0.0,0.0
17302,860,511,Undirected,5,0.0,0.0
17303,275,820,Undirected,13,0.0,0.0
17304,1705,1030,Undirected,1,0.0,0.0
17305,173,173,Undirected,209,0.0,0.0
17306,1592,594,Undirected,3,0.0,0.0
17307,1316,1455,Undirected,1,0.0,0.0
17308,253,1741,Undirected,1,0.0,0.0
17309,336,1806,Undirected,1,0.0,0.0
17310,1600,830,Undirected,4,0.0,0.0
17311,859,1951,Undirected,5,0.0,0.0
17312,1860,485,Undirected,1,0.0,0.0
17313,1549,1197,Undirected,1,0.0,0.0
17314,1842,1250,Undirected,3,0.0,0.0
17315,852,1917,Undirected,1,0.0,0.0
17316,1777,1811,Undirected,3,0.0,0.0
17317,1402,1283,Undirected,14,0.0,0.0
17318,1739,1511,Undirected,20,0.0,0.0
17319,1745,1979,Undirected,2,0.0,0.0
17320,513,186,Undirected,1,0.0,0.0
17321,1345,324,Undirected,1,0.0,0.0
17322,989,1957,Undirected,9,0.0,0.0
17323,59,389,Undirected,6,0.0,0.0
17324,1475,1925,Undirected,1,0.0,0.0
17325,1584,1268,Undirected,29,0.0,0.0
17326,1193,516,Undirected,3,0.0,0.0
17327,939,1655,Undirected,1,0.0,0.0
17328,203,203,Undirected,58,0.0,0.0
17329,1247,559,Undirected,8,0.0,0.0
17330,1193,1926,Undirected,27,0.0,0.0
17331,1453,1503,Undirected,1,0.0,0.0
17332,1573,191,Undirected,1,0.0,0.0
17333,794,1254,Undirected,1,0.0,0.0
17334,1338,267,Undirected,1,0.0,0.0
17335,1938,1827,Undirected,33,0.0,0.0
17336,831,1383,Undirected,2,0.0,0.0
17337,1029,991,Undirected,5,0.0,0.0
17338,1827,1455,Undirected,60,0.0,0.0
17339,1033,1900,Undirected,1,0.0,0.0
17340,1977,1527,Undirected,6,0.0,0.0
17341,1372,28,Undirected,9,0.0,0.0
17342,380,1293,Undirected,1,0.0,0.0
17343,1406,1406,Undirected,7,0.0,0.0
17344,313,1684,Undirected,1,0.0,0.0
17345,1813,798,Undirected,1,0.0,0.0
17346,769,1711,Undirected,1,0.0,0.0
17347,806,1799,Undirected,12,0.0,0.0
17348,1579,1693,Undirected,3,0.0,0.0
17349,1689,415,Undirected,2,0.0,0.0
17350,1400,1814,Undirected,6,0.0,0.0
17351,1264,609,Undirected,3,0.0,0.0
17352,585,107,Undirected,2,0.0,0.0
17353,850,587,Undirected,1,0.0,0.0
17354,1674,1707,Undirected,3,0.0,0.0
17355,684,1525,Undirected,4,0.0,0.0
17356,1345,405,Undirected,1,0.0,0.0
17357,1673,1673,Undirected,51,0.0,0.0
17358,1538,1538,Undirected,14,0.0,0.0
17359,1584,1491,Undirected,2,0.0,0.0
17360,1494,1015,Undirected,5,0.0,0.0
17361,1944,580,Undirected,3,0.0,0.0
17362,1220,1502,Undirected,2,0.0,0.0
17363,1998,1855,Undirected,3,0.0,0.0
17364,1640,1434,Undirected,2,0.0,0.0
17365,1162,1357,Undirected,1,0.0,0.0
17366,416,416,Undirected,7,0.0,0.0
17367,512,1305,Undirected,6,0.0,0.0
17368,1633,1011,Undirected,2,0.0,0.0
17369,456,1791,Undirected,2,0.0,0.0
17370,1,1733,Undirected,1,0.0,0.0
17371,874,275,Undirected,1,0.0,0.0
17372,1198,1150,Undirected,27,0.0,0.0
17373,924,1383,Undirected,1,0.0,0.0
17374,472,1902,Undirected,2,0.0,0.0
17375,450,1164,Undirected,26,0.0,0.0
17376,1400,1619,Undirected,4,0.0,0.0
17377,1462,830,Undirected,6,0.0,0.0
17378,1211,1028,Undirected,15,0.0,0.0
17379,1622,1622,Undirected,15,0.0,0.0
17380,1219,1756,Undirected,1,0.0,0.0
17381,1434,1155,Undirected,30,0.0,0.0
17382,1265,1663,Undirected,1,0.0,0.0
17383,730,1927,Undirected,2,0.0,0.0
17384,360,766,Undirected,2,0.0,0.0
17385,2,526,Undirected,1,0.0,0.0
17386,1618,1219,Undirected,1,0.0,0.0
17387,160,626,Undirected,1,0.0,0.0
17388,1448,1607,Undirected,1,0.0,0.0
17389,1098,1460,Undirected,1,0.0,0.0
17390,1644,1469,Undirected,1,0.0,0.0
17391,1568,772,Undirected,1,0.0,0.0
17392,496,1087,Undirected,1,0.0,0.0
17393,768,1340,Undirected,3,0.0,0.0
17394,1760,1833,Undirected,32,0.0,0.0
17395,1675,1484,Undirected,7,0.0,0.0
17396,680,852,Undirected,1,0.0,0.0
17397,1604,1813,Undirected,1,0.0,0.0
17398,1305,1123,Undirected,1,0.0,0.0
17399,657,1810,Undirected,2,3.605289074934077e-07,0.3101963930923724
17400,1441,579,Undirected,1,0.0,0.0
17401,988,1229,Undirected,3,0.0,0.0
17402,1964,1046,Undirected,1,0.0,0.0
17403,802,454,Undirected,1,0.0,0.0
17404,408,408,Undirected,79,0.0,0.0
17405,1001,670,Undirected,6,0.0,0.0
17406,459,1476,Undirected,12,0.0,0.0
17407,650,934,Undirected,4,0.0,0.0
17408,233,1535,Undirected,7,0.0,0.0
17409,1603,1995,Undirected,67,0.0,0.0
17410,1847,1855,Undirected,1,0.0,0.0
17411,929,1050,Undirected,1,0.0,0.0
17412,1563,1300,Undirected,9,0.0,0.0
17413,947,719,Undirected,4,0.0,0.0
17414,1974,1783,Undirected,11,0.0,0.0
17415,1881,1415,Undirected,1,0.0,0.0
17416,1716,1060,Undirected,7,0.0,0.0
17417,1443,588,Undirected,5,0.0,0.0
17418,21,1263,Undirected,10,0.0,0.0
17419,394,470,Undirected,1,0.0,0.0
17420,1126,975,Undirected,4,0.0,0.0
17421,816,1563,Undirected,40,0.0,0.0
17422,1560,769,Undirected,3,0.0,0.0
17423,1930,1007,Undirected,1,0.0,0.0
17424,443,443,Undirected,14,0.0,0.0
17425,1193,1459,Undirected,1,0.0,0.0
17426,213,1614,Undirected,2,0.0,0.0
17427,61,61,Undirected,84,0.0,0.0
17428,852,1549,Undirected,4,0.0,0.0
17429,1890,1375,Undirected,1,0.0,0.0
17430,1946,1683,Undirected,4,0.0,0.0
17431,610,653,Undirected,1,0.0,0.0
17432,1836,1596,Undirected,7,0.0,0.0
17433,1227,1366,Undirected,4,0.0,0.0
17434,440,1425,Undirected,6,0.0,0.0
17435,626,1614,Undirected,2,0.0,0.0
17436,318,503,Undirected,1,0.0,0.0
17437,363,1989,Undirected,12,0.0,0.0
17438,1009,1686,Undirected,1,0.0,0.0
17439,749,565,Undirected,1,0.0,0.0
17440,1498,967,Undirected,1,0.0,0.0
17441,426,4,Undirected,12,0.0,0.0
17442,1811,1703,Undirected,1,0.0,0.0
17443,417,1300,Undirected,1,0.0,0.0
17444,1162,1932,Undirected,2,0.0,0.0
17445,1957,1957,Undirected,94,0.0,0.0
17446,1360,770,Undirected,3,0.0,0.0
17447,1646,1814,Undirected,1,0.0,0.0
17448,1621,1015,Undirected,2,0.0,0.0
17449,832,1639,Undirected,1,0.0,0.0
17450,1484,661,Undirected,1,0.0,0.0
17451,1643,1533,Undirected,1,0.0,0.0
17452,568,823,Undirected,1,0.0,0.0
17453,1041,459,Undirected,1,0.0,0.0
17454,1259,844,Undirected,1,0.0,0.0
17455,1096,341,Undirected,2,0.0,0.0
17456,1322,1694,Undirected,1,0.0,0.0
17457,1359,1215,Undirected,1,0.0,0.0
17458,1575,63,Undirected,12,0.0,0.0
17459,1827,1141,Undirected,141,0.0,0.0
17460,947,1758,Undirected,76,0.0,0.0
17461,1673,1875,Undirected,1,0.0,0.0
17462,737,1530,Undirected,7,0.0,0.0
17463,1756,813,Undirected,2,0.0,0.0
17464,1162,1837,Undirected,2,0.0,0.0
17465,1639,399,Undirected,6,0.0,0.0
17466,216,1713,Undirected,1,0.0,0.0
17467,1681,1827,Undirected,128,0.0,0.0
17468,130,130,Undirected,423,0.0,0.0
17469,1618,1839,Undirected,22,0.0,0.0
17470,913,1647,Undirected,1,0.0,0.0
17471,842,1300,Undirected,1,0.0,0.0
17472,1605,1550,Undirected,5,0.0,0.0
17473,1129,1252,Undirected,1,0.0,0.0
17474,580,710,Undirected,3,0.0,0.0
17475,1556,1879,Undirected,6,0.0,0.0
17476,378,1959,Undirected,4,0.0,0.0
17477,1841,1363,Undirected,2,0.0,0.0
17478,771,1404,Undirected,10,0.0,0.0
17479,1675,1739,Undirected,1,0.0,0.0
17480,1777,68,Undirected,1,0.0,0.0
17481,834,834,Undirected,28,0.0,0.0
17482,1767,967,Undirected,2,0.0,0.0
17483,1800,579,Undirected,1,0.0,0.0
17484,337,1595,Undirected,1,0.0,0.0
17485,1345,1308,Undirected,1,0.0,0.0
17486,234,234,Undirected,8,0.0,0.0
17487,1308,566,Undirected,1,0.0,0.0
17488,980,1455,Undirected,34,0.0,0.0
17489,1920,1354,Undirected,1,0.0,0.0
17490,1162,1813,Undirected,6,0.0,0.0
17491,378,1996,Undirected,1,0.0,0.0
17492,1792,95,Undirected,32,0.0,0.0
17493,1195,1996,Undirected,20,0.0,0.0
17494,57,1045,Undirected,2,0.0,0.0
17495,814,1319,Undirected,2,0.0,0.0
17496,1739,1925,Undirected,8,0.0,0.0
17497,1946,1770,Undirected,9,0.0,0.0
17498,1385,145,Undirected,4,0.0,0.0
17499,161,161,Undirected,50,0.0,0.0
17500,568,1238,Undirected,2,0.0,0.0
17501,893,1854,Undirected,6,0.0,0.0
17502,826,1614,Undirected,2,0.0,0.0
17503,1507,1501,Undirected,1,0.0,0.0
17504,450,1181,Undirected,2,0.0,0.0
17505,1672,1561,Undirected,2,0.0,0.0
17506,1250,1294,Undirected,1,0.0,0.0
17507,1521,941,Undirected,2,0.0,0.0
17508,1681,1996,Undirected,19,0.0,0.0
17509,32,32,Undirected,37,0.0,0.0
17510,582,439,Undirected,3,0.0,0.0
17511,289,325,Undirected,4,0.0,0.0
17512,496,1141,Undirected,20,0.0,0.0
17513,1673,377,Undirected,5,0.0,0.0
17514,1712,1254,Undirected,101,0.0,0.0
17515,1315,740,Undirected,9,0.0,0.0
17516,1001,1445,Undirected,1,0.0,0.0
17517,1905,1340,Undirected,2,0.0,0.0
17518,625,1783,Undirected,110,0.0,0.0
17519,1728,1899,Undirected,1,0.0,0.0
17520,1217,770,Undirected,17,0.0,0.0
17521,1745,215,Undirected,5,0.0,0.0
17522,1730,1507,Undirected,1,0.0,0.0
17523,984,994,Undirected,2,0.0,0.0
17524,936,620,Undirected,1,0.0,0.0
17525,1609,1323,Undirected,1,0.0,0.0
17526,258,871,Undirected,1,0.0,0.0
17527,670,670,Undirected,26,0.0,0.0
17528,1288,1815,Undirected,2,0.0,0.0
17529,1435,1999,Undirected,3,0.0,0.0
17530,1248,1413,Undirected,5,0.0,0.0
17531,201,1439,Undirected,9,0.0,0.0
17532,1730,1940,Undirected,3,0.0,0.0
17533,1821,1126,Undirected,1,0.0,0.0
17534,833,1946,Undirected,18,0.0,0.0
17535,1315,118,Undirected,3,0.0,0.0
17536,1627,1837,Undirected,7,0.0,0.0
17537,1568,1584,Undirected,31,0.0,0.0
17538,1916,669,Undirected,1,0.0,0.0
17539,1738,1971,Undirected,1,0.0,0.0
17540,70,63,Undirected,1,0.0,0.0
17541,210,597,Undirected,2,0.0,0.0
17542,1988,1484,Undirected,1,0.0,0.0
17543,1684,1509,Undirected,6,0.0,0.0
17544,730,270,Undirected,43,0.0,0.0
17545,1008,1663,Undirected,1,0.0,0.0
17546,1097,996,Undirected,1,0.0,0.0
17547,1568,1435,Undirected,8,0.0,0.0
17548,1593,785,Undirected,1,0.0,0.0
17549,120,1559,Undirected,23,0.0,0.0
17550,1995,871,Undirected,2,0.0,0.0
17551,1587,1334,Undirected,3,0.0,0.0
17552,450,941,Undirected,8,0.0,0.0
17553,1079,1639,Undirected,5,0.0,0.0
17554,947,814,Undirected,96,0.0,0.0
17555,1763,612,Undirected,4,0.0,0.0
17556,1826,1187,Undirected,1,0.0,0.0
17557,1476,1734,Undirected,1,0.0,0.0
17558,258,1989,Undirected,12,0.0,0.0
17559,1053,1605,Undirected,3,0.0,0.0
17560,1947,1268,Undirected,7,0.0,0.0
17561,819,1964,Undirected,3,0.0,0.0
17562,74,283,Undirected,3,0.0,0.0
17563,1506,199,Undirected,1,0.0,0.0
17564,819,1989,Undirected,196,0.0,0.0
17565,354,1476,Undirected,1,0.0,0.0
17566,1383,1383,Undirected,302,0.0,0.0
17567,1835,1443,Undirected,1,0.0,0.0
17568,1621,350,Undirected,11,0.0,0.0
17569,400,1222,Undirected,3,0.0,0.0
17570,1276,1276,Undirected,66,0.0,0.0
17571,1594,903,Undirected,17,0.0,0.0
17572,1988,814,Undirected,3,0.0,0.0
17573,1488,303,Undirected,3,0.0,0.0
17574,299,847,Undirected,2,0.0,0.0
17575,1242,827,Undirected,10,4.075482301322974e-07,0.3506514689131561
17576,360,1978,Undirected,3,0.0,0.0
17577,57,129,Undirected,4,0.0,0.0
17578,728,1375,Undirected,11,0.0,0.0
17579,1660,1847,Undirected,3,0.0,0.0
17580,1326,1086,Undirected,1,0.0,0.0
17581,1147,381,Undirected,2,0.0,0.0
17582,1484,711,Undirected,21,0.0,0.0
17583,1129,546,Undirected,5,0.0,0.0
17584,1824,1996,Undirected,11,0.0,0.0
17585,189,189,Undirected,306,0.0,0.0
17586,1680,290,Undirected,6,0.0,0.0
17587,1758,1318,Undirected,1,0.0,0.0
17588,545,1066,Undirected,4,0.0,0.0
17589,1185,5,Undirected,16,0.0,0.0
17590,1793,1803,Undirected,1,0.0,0.0
17591,816,1185,Undirected,2,0.0,0.0
17592,1348,917,Undirected,1,0.0,0.0
17593,1272,1380,Undirected,1,0.0,0.0
17594,1254,1087,Undirected,1,0.0,0.0
17595,68,1383,Undirected,22,0.0,0.0
17596,1209,106,Undirected,5,0.0,0.0
17597,1631,1631,Undirected,8,0.0,0.0
17598,1185,1300,Undirected,7,0.0,0.0
17599,376,1410,Undirected,3,0.0,0.0
17600,1042,909,Undirected,3,0.0,0.0
17601,1484,812,Undirected,5,0.0,0.0
17602,1593,1283,Undirected,2,0.0,0.0
17603,104,1335,Undirected,9,0.0,0.0
17604,1811,1598,Undirected,1,0.0,0.0
17605,1660,1013,Undirected,1,0.0,0.0
17606,1272,1596,Undirected,1,0.0,0.0
17607,1947,1094,Undirected,7,0.0,0.0
17608,1392,1754,Undirected,25,0.0,0.0
17609,1619,771,Undirected,1,0.0,0.0
17610,1834,1455,Undirected,1,0.0,0.0
17611,178,1434,Undirected,29,0.0,0.0
17612,250,411,Undirected,3,0.0,0.0
17613,689,655,Undirected,5,0.0,0.0
17614,120,80,Undirected,13,0.0,0.0
17615,1484,1973,Undirected,11,0.0,0.0
17616,1970,1692,Undirected,2,0.0,0.0
17617,1250,1462,Undirected,2,0.0,0.0
17618,1809,772,Undirected,7,0.0,0.0
17619,1162,1803,Undirected,1,0.0,0.0
17620,561,1222,Undirected,7,3.1854792914864995e-07,0.27407627126477396
17621,1659,1147,Undirected,6,0.0,0.0
17622,1529,1938,Undirected,15,0.0,0.0
17623,948,948,Undirected,135,0.0,0.0
17624,539,1957,Undirected,4,0.0,0.0
17625,1005,1782,Undirected,1,0.0,0.0
17626,1969,771,Undirected,7,0.0,0.0
17627,827,60,Undirected,6,0.0,0.0
17628,1038,999,Undirected,1,0.0,0.0
17629,1052,926,Undirected,4,0.0,0.0
17630,115,115,Undirected,135,0.0,0.0
17631,1730,1418,Undirected,4,0.0,0.0
17632,1507,1644,Undirected,1,0.0,0.0
17633,649,490,Undirected,5,0.0,0.0
17634,1096,205,Undirected,2,0.0,0.0
17635,1356,1854,Undirected,1,0.0,0.0
17636,411,411,Undirected,154,0.0,0.0
17637,1813,1902,Undirected,7,0.0,0.0
17638,832,901,Undirected,15,0.0,0.0
17639,1140,1638,Undirected,3,0.0,0.0
17640,1666,106,Undirected,2,0.0,0.0
17641,793,1894,Undirected,6,0.0,0.0
17642,1969,1969,Undirected,646,0.0,0.0
17643,746,1014,Undirected,4,0.0,0.0
17644,1126,551,Undirected,3,0.0,0.0
17645,1392,1434,Undirected,1,0.0,0.0
17646,496,1827,Undirected,5,0.0,0.0
17647,1778,130,Undirected,117,0.0,0.0
17648,1274,1004,Undirected,1,0.0,0.0
17649,1316,1734,Undirected,5,0.0,0.0
17650,1584,1435,Undirected,18,0.0,0.0
17651,466,1340,Undirected,1,0.0,0.0
17652,922,1654,Undirected,2,0.0,0.0
17653,1648,772,Undirected,5,0.0,0.0
17654,496,1509,Undirected,206,0.0,0.0
17655,1988,1758,Undirected,7,0.0,0.0
17656,16,723,Undirected,4,0.0,0.0
17657,816,1115,Undirected,2,0.0,0.0
17658,317,447,Undirected,5,0.0,0.0
17659,1674,1883,Undirected,2,0.0,0.0
17660,657,1228,Undirected,3,0.0,0.0
17661,969,1919,Undirected,1,0.0,0.0
17662,1160,979,Undirected,278,0.0,0.0
17663,1491,1814,Undirected,27,0.0,0.0
17664,258,1579,Undirected,1,0.0,0.0
17665,585,825,Undirected,3,0.0,0.0
17666,1628,599,Undirected,1,0.0,0.0
17667,461,782,Undirected,1,0.0,0.0
17668,1809,794,Undirected,1,0.0,0.0
17669,995,567,Undirected,4,0.0,0.0
17670,0,1837,Undirected,1,0.0,0.0
17671,1430,367,Undirected,11,0.0,0.0
17672,515,515,Undirected,126,0.0,0.0
17673,1188,972,Undirected,2,0.0,0.0
17674,1305,1034,Undirected,5,0.0,0.0
17675,1954,1759,Undirected,1,0.0,0.0
17676,1874,151,Undirected,3,0.0,0.0
17677,250,1941,Undirected,7,0.0,0.0
17678,1356,1053,Undirected,1,0.0,0.0
17679,1778,919,Undirected,5,0.0,0.0
17680,1905,1802,Undirected,1,0.0,0.0
17681,290,627,Undirected,7,0.0,0.0
17682,970,1933,Undirected,16,0.0,0.0
17683,1509,813,Undirected,7,0.0,0.0
17684,1544,278,Undirected,4,0.0,0.0
17685,221,1998,Undirected,1,0.0,0.0
17686,1498,1907,Undirected,1,0.0,0.0
17687,1371,1837,Undirected,3,0.0,0.0
17688,1448,603,Undirected,3,0.0,0.0
17689,1555,1219,Undirected,9,0.0,0.0
17690,1651,910,Undirected,2,0.0,0.0
17691,1093,558,Undirected,6,0.0,0.0
17692,1217,1676,Undirected,1,0.0,0.0
17693,1834,541,Undirected,1,0.0,0.0
17694,1837,1685,Undirected,1,0.0,0.0
17695,888,1121,Undirected,1,0.0,0.0
17696,535,535,Undirected,36,0.0,0.0
17697,1666,1686,Undirected,2,0.0,0.0
17698,1832,141,Undirected,3,0.0,0.0
17699,576,1978,Undirected,3,0.0,0.0
17700,1068,231,Undirected,1,0.0,0.0
17701,1986,450,Undirected,2,0.0,0.0
17702,1305,1027,Undirected,1,0.0,0.0
17703,1033,642,Undirected,1,0.0,0.0
17704,281,1285,Undirected,7,0.0,0.0
17705,353,895,Undirected,1,0.0,0.0
17706,1009,646,Undirected,7,0.0,0.0
17707,893,710,Undirected,1,0.0,0.0
17708,1434,612,Undirected,37,0.0,0.0
17709,1345,549,Undirected,1,0.0,0.0
17710,496,1466,Undirected,7,0.0,0.0
17711,1382,399,Undirected,1,0.0,0.0
17712,608,1810,Undirected,3,0.0,0.0
17713,1909,958,Undirected,2,0.0,0.0
17714,208,1836,Undirected,1,0.0,0.0
17715,1814,1999,Undirected,1,0.0,0.0
17716,1001,1662,Undirected,1,0.0,0.0
17717,462,198,Undirected,3,0.0,0.0
17718,205,430,Undirected,1,0.0,0.0
17719,1072,1137,Undirected,26,0.0,0.0
17720,1986,1986,Undirected,28,0.0,0.0
17721,1681,313,Undirected,2,0.0,0.0
17722,1675,1254,Undirected,4,0.0,0.0
17723,1841,1755,Undirected,2,0.0,0.0
17724,1273,515,Undirected,5,0.0,0.0
17725,1289,68,Undirected,7,0.0,0.0
17726,1065,1553,Undirected,1,0.0,0.0
17727,1547,814,Undirected,5,0.0,0.0
17728,1473,1636,Undirected,30,0.0,0.0
17729,1651,789,Undirected,7,0.0,0.0
17730,169,1849,Undirected,6,0.0,0.0
17731,1476,1269,Undirected,2,0.0,0.0
17732,1367,1367,Undirected,9,0.0,0.0
17733,1178,1766,Undirected,42,0.0,0.0
17734,374,1247,Undirected,14,0.0,0.0
17735,700,943,Undirected,7,0.0,0.0
17736,1587,1435,Undirected,1,0.0,0.0
17737,1392,1529,Undirected,8,0.0,0.0
17738,1416,1510,Undirected,1,0.0,0.0
17739,208,1699,Undirected,1,0.0,0.0
17740,1110,1558,Undirected,55,0.0,0.0
17741,1916,191,Undirected,1,0.0,0.0
17742,1681,1499,Undirected,1,0.0,0.0
17743,1580,654,Undirected,14,0.0,0.0
17744,1969,612,Undirected,34,0.0,0.0
17745,672,1499,Undirected,1,0.0,0.0
17746,1434,567,Undirected,6,0.0,0.0
17747,833,1331,Undirected,10,0.0,0.0
17748,1155,1420,Undirected,1,0.0,0.0
17749,540,540,Undirected,7,0.0,0.0
17750,369,911,Undirected,47,0.0,0.0
17751,1123,1517,Undirected,1,0.0,0.0
17752,1314,1379,Undirected,2,0.0,0.0
17753,1460,1558,Undirected,1,0.0,0.0
17754,1574,806,Undirected,2,0.0,0.0
17755,1460,1460,Undirected,14,0.0,0.0
17756,496,887,Undirected,53,0.0,0.0
17757,1888,1614,Undirected,1,0.0,0.0
17758,1120,343,Undirected,4,0.0,0.0
17759,1954,1307,Undirected,2,0.0,0.0
17760,1585,1311,Undirected,2,0.0,0.0
17761,731,731,Undirected,74,0.0,0.0
17762,1071,215,Undirected,10,0.0,0.0
17763,1257,1538,Undirected,3,0.0,0.0
17764,1331,1815,Undirected,9,0.0,0.0
17765,1193,1279,Undirected,6,0.0,0.0
17766,89,1758,Undirected,1,0.0,0.0
17767,1848,1969,Undirected,2,0.0,0.0
17768,1497,795,Undirected,9,0.0,0.0
17769,1547,1380,Undirected,1,0.0,0.0
17770,1344,1427,Undirected,1,0.0,0.0
17771,221,1549,Undirected,1,0.0,0.0
17772,1441,1308,Undirected,1,0.0,0.0
17773,1434,1325,Undirected,1,0.0,0.0
17774,1818,530,Undirected,1,0.0,0.0
17775,1153,643,Undirected,15,0.0,0.0
17776,446,654,Undirected,4,0.0,0.0
17777,1753,1005,Undirected,1,0.0,0.0
17778,1097,1644,Undirected,2,0.0,0.0
17779,187,1149,Undirected,1,0.0,0.0
17780,1594,290,Undirected,3,0.0,0.0
17781,842,1005,Undirected,7,0.0,0.0
17782,528,118,Undirected,1,0.0,0.0
17783,1474,1614,Undirected,1,0.0,0.0
17784,212,212,Undirected,2,0.0,0.0
17785,1033,1326,Undirected,1,0.0,0.0
17786,1538,1781,Undirected,1,0.0,0.0
17787,296,1776,Undirected,22,3.649415463697801e-07,0.31399299479342996
17788,1579,1356,Undirected,1,0.0,0.0
17789,657,291,Undirected,17,0.0,0.0
17790,368,1076,Undirected,1,0.0,0.0
17791,1216,804,Undirected,2,0.0,0.0
17792,18,18,Undirected,71,0.0,0.0
17793,1602,1453,Undirected,49,0.0,0.0
17794,200,875,Undirected,13,0.0,0.0
17795,925,149,Undirected,1,0.0,0.0
17796,1848,612,Undirected,7,0.0,0.0
17797,1044,308,Undirected,1,0.0,0.0
17798,1529,1453,Undirected,21,0.0,0.0
17799,221,221,Undirected,160,0.0,0.0
17800,985,1783,Undirected,53,0.0,0.0
17801,1382,1286,Undirected,1,0.0,0.0
17802,1995,1318,Undirected,1,0.0,0.0
17803,1162,1356,Undirected,6,0.0,0.0
17804,686,1087,Undirected,1,0.0,0.0
17805,1227,949,Undirected,12,0.0,0.0
17806,1403,382,Undirected,4,0.0,0.0
17807,1561,1882,Undirected,1,0.0,0.0
17808,1796,1340,Undirected,5,0.0,0.0
17809,985,1996,Undirected,32,0.0,0.0
17810,640,1777,Undirected,5,0.0,0.0
17811,809,1970,Undirected,2,0.0,0.0
17812,1618,1827,Undirected,1,0.0,0.0
17813,1442,499,Undirected,2,0.0,0.0
17814,216,1247,Undirected,30,0.0,0.0
17815,1170,1950,Undirected,9,0.0,0.0
17816,1268,1646,Undirected,2,0.0,0.0
17817,1824,1763,Undirected,17,0.0,0.0
17818,82,1047,Undirected,1,0.0,0.0
17819,126,126,Undirected,31,0.0,0.0
17820,1448,1630,Undirected,2,0.0,0.0
17821,1786,1950,Undirected,1,0.0,0.0
17822,1491,253,Undirected,1,0.0,0.0
17823,1384,755,Undirected,3,0.0,0.0
17824,632,1948,Undirected,3,0.0,0.0
17825,1106,635,Undirected,4,0.0,0.0
17826,1432,1931,Undirected,1,0.0,0.0
17827,1776,806,Undirected,1,0.0,0.0
17828,110,110,Undirected,9,0.0,0.0
17829,1995,1356,Undirected,4,0.0,0.0
17830,1307,1439,Undirected,3,0.0,0.0
17831,1016,1717,Undirected,2,0.0,0.0
17832,1032,979,Undirected,1,0.0,0.0
17833,1176,737,Undirected,4,0.0,0.0
17834,1777,1235,Undirected,4,3.317449644068822e-07,0.28543090234020685
17835,1827,1756,Undirected,7,0.0,0.0
17836,1846,1991,Undirected,2,0.0,0.0
17837,1440,966,Undirected,1,0.0,0.0
17838,405,1198,Undirected,5,0.0,0.0
17839,1064,445,Undirected,10,0.0,0.0
17840,1587,893,Undirected,1,0.0,0.0
17841,369,1254,Undirected,6,0.0,0.0
17842,765,1527,Undirected,27,0.0,0.0
17843,640,516,Undirected,4,0.0,0.0
17844,1628,1703,Undirected,2,0.0,0.0
17845,1651,1507,Undirected,1,0.0,0.0
17846,1754,1804,Undirected,1,0.0,0.0
17847,1400,1668,Undirected,4,0.0,0.0
17848,1385,532,Undirected,3,0.0,0.0
17849,83,83,Undirected,44,0.0,0.0
17850,1232,1232,Undirected,1,0.0,0.0
17851,776,1255,Undirected,1,0.0,0.0
17852,893,1150,Undirected,3,0.0,0.0
17853,178,1382,Undirected,1,0.0,0.0
17854,1434,455,Undirected,1,0.0,0.0
17855,1315,1935,Undirected,12,5.746116273536916e-07,0.4943915745155961
17856,816,1072,Undirected,4,0.0,0.0
17857,1394,590,Undirected,4,0.0,0.0
17858,906,70,Undirected,21,0.0,0.0
17859,1332,134,Undirected,21,0.0,0.0
17860,842,530,Undirected,13,0.0,0.0
17861,991,1719,Undirected,2,0.0,0.0
17862,275,1268,Undirected,1,0.0,0.0
17863,1675,1476,Undirected,2,0.0,0.0
17864,1171,1877,Undirected,3,0.0,0.0
17865,1040,739,Undirected,19,0.0,0.0
17866,1588,516,Undirected,1,0.0,0.0
17867,1443,510,Undirected,3,0.0,0.0
17868,1482,988,Undirected,4,0.0,0.0
17869,1283,1604,Undirected,2,0.0,0.0
17870,1787,1023,Undirected,4,0.0,0.0
17871,1296,818,Undirected,7,0.0,0.0
17872,1360,1399,Undirected,5,0.0,0.0
17873,681,1755,Undirected,101,0.0,0.0
17874,415,415,Undirected,60,0.0,0.0
17875,1498,495,Undirected,83,0.0,0.0
17876,963,1727,Undirected,24,0.0,0.0
17877,1451,1451,Undirected,130,0.0,0.0
17878,122,604,Undirected,10,0.0,0.0
17879,1979,492,Undirected,3,0.0,0.0
17880,1603,839,Undirected,2,0.0,0.0
17881,1682,459,Undirected,1,0.0,0.0
17882,1557,15,Undirected,4,0.0,0.0
17883,783,1415,Undirected,9,0.0,0.0
17884,1018,1783,Undirected,3,0.0,0.0
17885,341,1654,Undirected,1,0.0,0.0
17886,1987,1078,Undirected,1,0.0,0.0
17887,1306,22,Undirected,5,0.0,0.0
17888,456,456,Undirected,28,0.0,0.0
17889,643,830,Undirected,1,0.0,0.0
17890,433,947,Undirected,4,0.0,0.0
17891,1547,1455,Undirected,5,0.0,0.0
17892,1336,1235,Undirected,2,0.0,0.0
17893,411,590,Undirected,1,0.0,0.0
17894,746,1623,Undirected,55,0.0,0.0
17895,1992,1884,Undirected,6,0.0,0.0
17896,1289,1703,Undirected,19,0.0,0.0
17897,1466,1141,Undirected,8,0.0,0.0
17898,312,312,Undirected,28,0.0,0.0
17899,440,993,Undirected,3,0.0,0.0
17900,1181,1910,Undirected,4,0.0,0.0
17901,1760,909,Undirected,1,0.0,0.0
17902,304,1026,Undirected,2,0.0,0.0
17903,612,1756,Undirected,2,0.0,0.0
17904,1497,1986,Undirected,2,0.0,0.0
17905,210,1004,Undirected,2,0.0,0.0
17906,1512,1202,Undirected,1,0.0,0.0
17907,1027,1919,Undirected,1,0.0,0.0
17908,561,561,Undirected,58,0.0,0.0
17909,1657,1287,Undirected,16,8.530475032020222e-07,0.7339557331739335
17910,491,491,Undirected,4,0.0,0.0
17911,1283,115,Undirected,1,0.0,0.0
17912,1013,1013,Undirected,74,0.0,0.0
17913,1517,1855,Undirected,1,0.0,0.0
17914,1739,1740,Undirected,169,0.0,0.0
17915,635,1855,Undirected,1,0.0,0.0
17916,1553,1139,Undirected,1,0.0,0.0
17917,1129,740,Undirected,2,0.0,0.0
17918,1060,734,Undirected,5,0.0,0.0
17919,1082,1109,Undirected,8,0.0,0.0
17920,1109,949,Undirected,2,0.0,0.0
17921,51,51,Undirected,44,0.0,0.0
17922,1027,1204,Undirected,2,0.0,0.0
17923,339,1015,Undirected,2,0.0,0.0
17924,816,341,Undirected,14,0.0,0.0
17925,1257,1159,Undirected,3,0.0,0.0
17926,56,1969,Undirected,7,0.0,0.0
17927,529,1987,Undirected,8,0.0,0.0
17928,1344,362,Undirected,1,0.0,0.0
17929,1336,478,Undirected,10,0.0,0.0
17930,1379,374,Undirected,4,0.0,0.0
17931,1740,1734,Undirected,1,0.0,0.0
17932,374,134,Undirected,10,3.3370089979525516e-07,0.2871137746147584
17933,840,1884,Undirected,3,2.7840735795049173e-07,0.23953962207093943
17934,260,260,Undirected,32,0.0,0.0
17935,985,308,Undirected,39,0.0,0.0
17936,211,1804,Undirected,4,0.0,0.0
17937,1905,115,Undirected,5,0.0,0.0
17938,1737,1983,Undirected,1,0.0,0.0
17939,1646,719,Undirected,3,0.0,0.0
17940,1826,1826,Undirected,17,0.0,0.0
17941,590,590,Undirected,33,0.0,0.0
17942,769,1885,Undirected,4,0.0,0.0
17943,898,635,Undirected,1,0.0,0.0
17944,451,451,Undirected,98,0.0,0.0
17945,1248,728,Undirected,1,0.0,0.0
17946,1219,1254,Undirected,2,0.0,0.0
17947,1288,374,Undirected,9,0.0,0.0
17948,1499,1219,Undirected,4,0.0,0.0
17949,1984,1162,Undirected,1,0.0,0.0
17950,371,551,Undirected,2,0.0,0.0
17951,1674,1455,Undirected,13,0.0,0.0
17952,561,139,Undirected,1,0.0,0.0
17953,1871,1271,Undirected,1,0.0,0.0
17954,563,94,Undirected,2,0.0,0.0
17955,1521,156,Undirected,22,0.0,0.0
17956,610,869,Undirected,3,0.0,0.0
17957,1910,1910,Undirected,20,0.0,0.0
17958,884,182,Undirected,1,0.0,0.0
17959,521,1143,Undirected,12,0.0,0.0
17960,329,1932,Undirected,1,0.0,0.0
17961,306,1942,Undirected,5,0.0,0.0
17962,1674,1375,Undirected,251,0.0,0.0
17963,743,743,Undirected,24,0.0,0.0
17964,482,1526,Undirected,20,0.0,0.0
17965,1220,1588,Undirected,11,0.0,0.0
17966,1778,901,Undirected,67,0.0,0.0
17967,393,1410,Undirected,4,0.0,0.0
17968,1803,1964,Undirected,3,0.0,0.0
17969,1155,812,Undirected,2,0.0,0.0
17970,1666,1803,Undirected,1,0.0,0.0
17971,745,1731,Undirected,1,0.0,0.0
17972,1162,1668,Undirected,1,0.0,0.0
17973,176,1964,Undirected,5,0.0,0.0
17974,226,563,Undirected,5,0.0,0.0
17975,1794,1142,Undirected,1,0.0,0.0
17976,1028,1543,Undirected,6,0.0,0.0
17977,613,1494,Undirected,4,3.920143505894718e-07,0.33728623437921235
17978,1363,1116,Undirected,2,0.0,0.0
17979,1974,1319,Undirected,1,0.0,0.0
17980,844,844,Undirected,11,0.0,0.0
17981,571,571,Undirected,48,0.0,0.0
17982,1916,1151,Undirected,13,0.0,0.0
17983,880,1343,Undirected,4,0.0,0.0
17984,1641,388,Undirected,3,0.0,0.0
17985,968,1434,Undirected,6,0.0,0.0
17986,960,1467,Undirected,2,0.0,0.0
17987,397,1429,Undirected,6,0.0,0.0
17988,400,1966,Undirected,32,0.0,0.0
17989,1529,541,Undirected,2,0.0,0.0
17990,1790,1359,Undirected,1,0.0,0.0
17991,624,1676,Undirected,4,0.0,0.0
17992,1170,1786,Undirected,7,0.0,0.0
17993,162,500,Undirected,1,0.0,0.0
17994,1845,1845,Undirected,44,0.0,0.0
17995,995,1996,Undirected,38,0.0,0.0
17996,1881,1774,Undirected,2,0.0,0.0
17997,1499,1380,Undirected,24,0.0,0.0
17998,1873,740,Undirected,33,0.0,0.0
17999,249,1341,Undirected,4,0.0,0.0
18000,811,907,Undirected,1,0.0,0.0
18001,1048,1033,Undirected,3,0.0,0.0
18002,1491,663,Undirected,1,0.0,0.0
18003,1555,567,Undirected,25,0.0,0.0
18004,1442,1011,Undirected,2,0.0,0.0
18005,513,727,Undirected,1,0.0,0.0
18006,610,1594,Undirected,10,0.0,0.0
18007,1945,1627,Undirected,1,0.0,0.0
18008,1416,1218,Undirected,7,0.0,0.0
18009,1097,1549,Undirected,13,0.0,0.0
18010,1054,719,Undirected,9,0.0,0.0
18011,114,114,Undirected,10,0.0,0.0
18012,1033,661,Undirected,1,0.0,0.0
18013,1465,851,Undirected,12,0.0,0.0
18014,1094,1343,Undirected,1,0.0,0.0
18015,1678,542,Undirected,1,0.0,0.0
18016,280,1392,Undirected,61,0.0,0.0
18017,1380,1581,Undirected,5,0.0,0.0
18018,778,324,Undirected,21,0.0,0.0
18019,945,1383,Undirected,2,0.0,0.0
18020,433,1380,Undirected,1,0.0,0.0
18021,1713,1497,Undirected,1,0.0,0.0
18022,1218,1476,Undirected,2,0.0,0.0
18023,1299,1860,Undirected,3,0.0,0.0
18024,761,229,Undirected,3,2.8126941686873407e-07,0.24200211629762738
18025,1920,1197,Undirected,1,0.0,0.0
18026,484,1270,Undirected,1,0.0,0.0
18027,992,992,Undirected,1,0.0,0.0
18028,45,45,Undirected,354,0.0,0.0
18029,1170,1170,Undirected,52,0.0,0.0
18030,1248,275,Undirected,3,0.0,0.0
18031,1666,1772,Undirected,3,0.0,0.0
18032,1509,622,Undirected,2,0.0,0.0
18033,1264,749,Undirected,1,0.0,0.0
18034,1457,1500,Undirected,1,0.0,0.0
18035,1116,1031,Undirected,5,0.0,0.0
18036,1555,1883,Undirected,8,0.0,0.0
18037,1160,1375,Undirected,44,0.0,0.0
18038,1427,1292,Undirected,1,0.0,0.0
18039,640,1300,Undirected,6,0.0,0.0
18040,1177,806,Undirected,1,0.0,0.0
18041,328,555,Undirected,1,0.0,0.0
18042,1254,1758,Undirected,1,0.0,0.0
18043,1001,706,Undirected,29,0.0,0.0
18044,291,228,Undirected,5,0.0,0.0
18045,1328,1198,Undirected,2,0.0,0.0
18046,744,1986,Undirected,20,0.0,0.0
18047,1746,598,Undirected,35,0.0,0.0
18048,1032,1602,Undirected,3,0.0,0.0
18049,625,814,Undirected,15,0.0,0.0
18050,347,1382,Undirected,6,0.0,0.0
18051,1674,1404,Undirected,1,0.0,0.0
18052,1989,1774,Undirected,11,0.0,0.0
18053,580,580,Undirected,226,0.0,0.0
18054,689,1590,Undirected,4,0.0,0.0
18055,640,1289,Undirected,23,0.0,0.0
18056,1720,28,Undirected,1,0.0,0.0
18057,66,534,Undirected,1,0.0,0.0
18058,978,1803,Undirected,12,0.0,0.0
18059,769,1985,Undirected,2,0.0,0.0
18060,538,719,Undirected,13,0.0,0.0
18061,754,20,Undirected,1,0.0,0.0
18062,223,223,Undirected,6,0.0,0.0
18063,1597,1597,Undirected,6,0.0,0.0
18064,1752,810,Undirected,1,0.0,0.0
18065,594,1157,Undirected,3,0.0,0.0
18066,267,1716,Undirected,2,0.0,0.0
18067,1868,662,Undirected,3,0.0,0.0
18068,729,253,Undirected,2,0.0,0.0
18069,1938,911,Undirected,1,0.0,0.0
18070,632,1347,Undirected,1,0.0,0.0
18071,1107,1470,Undirected,2,0.0,0.0
18072,1929,1252,Undirected,1,0.0,0.0
18073,1155,541,Undirected,1,0.0,0.0
18074,1325,813,Undirected,1,0.0,0.0
18075,1240,336,Undirected,21,0.0,0.0
18076,1754,711,Undirected,74,0.0,0.0
18077,1674,1380,Undirected,1,0.0,0.0
18078,1883,612,Undirected,4,0.0,0.0
18079,1162,1758,Undirected,3,0.0,0.0
18080,1960,749,Undirected,3,0.0,0.0
18081,1756,1254,Undirected,30,0.0,0.0
18082,610,157,Undirected,1,0.0,0.0
18083,991,575,Undirected,4,0.0,0.0
18084,1761,934,Undirected,5,0.0,0.0
18085,1064,247,Undirected,2,0.0,0.0
18086,1441,1053,Undirected,4,0.0,0.0
18087,576,909,Undirected,12,0.0,0.0
18088,1820,462,Undirected,8,0.0,0.0
18089,320,1289,Undirected,1,0.0,0.0
18090,1805,1758,Undirected,6,0.0,0.0
18091,267,1991,Undirected,2,0.0,0.0
18092,962,1027,Undirected,1,0.0,0.0
18093,1608,1595,Undirected,4,0.0,0.0
18094,369,686,Undirected,2,0.0,0.0
18095,1978,108,Undirected,1,0.0,0.0
18096,728,1783,Undirected,9,0.0,0.0
18097,1475,567,Undirected,56,0.0,0.0
18098,926,1799,Undirected,4,0.0,0.0
18099,194,1022,Undirected,2,0.0,0.0
18100,1235,1235,Undirected,109,0.0,0.0
18101,806,1071,Undirected,3,0.0,0.0
18102,649,1563,Undirected,6,0.0,0.0
18103,511,511,Undirected,54,0.0,0.0
18104,457,1703,Undirected,3,0.0,0.0
18105,1290,1959,Undirected,2,0.0,0.0
18106,331,1606,Undirected,1,0.0,0.0
18107,958,958,Undirected,13,0.0,0.0
18108,1698,1684,Undirected,5,0.0,0.0
18109,1155,1959,Undirected,29,0.0,0.0
18110,374,703,Undirected,2,0.0,0.0
18111,1296,1288,Undirected,1,0.0,0.0
18112,1983,1879,Undirected,1,0.0,0.0
18113,410,1630,Undirected,1,0.0,0.0
18114,801,1510,Undirected,2,0.0,0.0
18115,1811,1743,Undirected,7,0.0,0.0
18116,1195,814,Undirected,16,0.0,0.0
18117,224,224,Undirected,15,0.0,0.0
18118,914,1095,Undirected,1,0.0,0.0
18119,697,627,Undirected,4,0.0,0.0
18120,474,548,Undirected,2,0.0,0.0
18121,978,1395,Undirected,1,0.0,0.0
18122,722,373,Undirected,2,0.0,0.0
18123,1154,1652,Undirected,1,0.0,0.0
18124,553,987,Undirected,2,0.0,0.0
18125,1107,588,Undirected,3,0.0,0.0
18126,1458,1995,Undirected,1,0.0,0.0
18127,1549,1703,Undirected,1,0.0,0.0
18128,764,1837,Undirected,7,0.0,0.0
18129,1602,612,Undirected,2,0.0,0.0
18130,1681,1834,Undirected,1,0.0,0.0
18131,1728,1548,Undirected,1,0.0,0.0
18132,1562,339,Undirected,7,0.0,0.0
18133,1377,887,Undirected,1,0.0,0.0
18134,1162,1639,Undirected,10,0.0,0.0
18135,677,1871,Undirected,27,0.0,0.0
18136,832,1737,Undirected,5,0.0,0.0
18137,1300,1300,Undirected,77,0.0,0.0
18138,1568,1491,Undirected,14,0.0,0.0
18139,91,415,Undirected,2,0.0,0.0
18140,777,1524,Undirected,2,0.0,0.0
18141,1604,1382,Undirected,4,0.0,0.0
18142,1978,909,Undirected,35,0.0,0.0
18143,1640,1568,Undirected,1,0.0,0.0
18144,1484,1607,Undirected,2,0.0,0.0
18145,1392,1712,Undirected,28,0.0,0.0
18146,1380,887,Undirected,2,0.0,0.0
18147,786,820,Undirected,1,0.0,0.0
18148,1881,1619,Undirected,2,0.0,0.0
18149,968,275,Undirected,2,0.0,0.0
18150,1425,534,Undirected,5,4.305410478225289e-07,0.3704343184053864
18151,1555,1989,Undirected,1,0.0,0.0
18152,1997,1839,Undirected,2,0.0,0.0
18153,961,1759,Undirected,2,0.0,0.0
18154,1124,1532,Undirected,3,0.0,0.0
18155,768,600,Undirected,1,0.0,0.0
18156,896,414,Undirected,6,0.0,0.0
18157,931,1399,Undirected,6,0.0,0.0
18158,1233,1628,Undirected,2,0.0,0.0
18159,1441,839,Undirected,2,0.0,0.0
18160,1612,1023,Undirected,1,0.0,0.0
18161,1524,925,Undirected,1,0.0,0.0
18162,1602,1484,Undirected,94,0.0,0.0
18163,1385,906,Undirected,3,0.0,0.0
18164,1226,1642,Undirected,16,0.0,0.0
18165,860,1933,Undirected,5,0.0,0.0
18166,1586,1467,Undirected,1,0.0,0.0
18167,851,851,Undirected,79,0.0,0.0
18168,1749,607,Undirected,1,0.0,0.0
18169,1913,106,Undirected,16,0.0,0.0
18170,312,1916,Undirected,1,0.0,0.0
18171,728,813,Undirected,1,0.0,0.0
18172,1298,1853,Undirected,5,0.0,0.0
18173,1842,669,Undirected,126,0.0,0.0
18174,826,1644,Undirected,7,0.0,0.0
18175,1053,1159,Undirected,5,0.0,0.0
18176,1033,1957,Undirected,1,0.0,0.0
18177,216,1317,Undirected,5,0.0,0.0
18178,1404,1455,Undirected,4,0.0,0.0
18179,1185,341,Undirected,26,0.0,0.0
18180,561,740,Undirected,1,0.0,0.0
18181,843,621,Undirected,1,0.0,0.0
18182,1250,85,Undirected,2,0.0,0.0
18183,704,807,Undirected,1,0.0,0.0
18184,1196,92,Undirected,12,0.0,0.0
18185,778,470,Undirected,4,0.0,0.0
18186,1499,956,Undirected,6,0.0,0.0
18187,1297,291,Undirected,4,0.0,0.0
18188,1195,1325,Undirected,2,0.0,0.0
18189,332,332,Undirected,13,0.0,0.0
18190,201,1349,Undirected,27,0.0,0.0
18191,1804,1372,Undirected,1,0.0,0.0
18192,1490,1159,Undirected,5,0.0,0.0
18193,816,1116,Undirected,6,0.0,0.0
18194,1826,997,Undirected,13,0.0,0.0
18195,130,222,Undirected,1,0.0,0.0
18196,1360,1677,Undirected,1,0.0,0.0
18197,1139,1355,Undirected,3,0.0,0.0
18198,1644,671,Undirected,1,0.0,0.0
18199,249,652,Undirected,1,0.0,0.0
18200,425,935,Undirected,8,0.0,0.0
18201,1529,1325,Undirected,1,0.0,0.0
18202,780,758,Undirected,1,0.0,0.0
18203,256,483,Undirected,2,0.0,0.0
18204,1688,1688,Undirected,32,0.0,0.0
18205,1630,1630,Undirected,167,0.0,0.0
18206,250,1910,Undirected,2,0.0,0.0
18207,1197,1095,Undirected,1,0.0,0.0
18208,1306,925,Undirected,2,2.8582202436371456e-07,0.2459191459580966
18209,1881,347,Undirected,6,0.0,0.0
18210,1036,1036,Undirected,4,0.0,0.0
18211,424,529,Undirected,2,0.0,0.0
18212,627,1045,Undirected,10,0.0,0.0
18213,283,1935,Undirected,2,0.0,0.0
18214,1739,758,Undirected,7,0.0,0.0
18215,853,1455,Undirected,13,0.0,0.0
18216,771,567,Undirected,1,0.0,0.0
18217,1439,1439,Undirected,25,0.0,0.0
18218,1529,1375,Undirected,13,0.0,0.0
18219,275,275,Undirected,109,0.0,0.0
18220,809,182,Undirected,1,0.0,0.0
18221,1740,1141,Undirected,56,0.0,0.0
18222,1018,1780,Undirected,13,0.0,0.0
18223,874,874,Undirected,8,0.0,0.0
18224,729,749,Undirected,1,0.0,0.0
18225,32,1333,Undirected,7,0.0,0.0
18226,598,1814,Undirected,1,0.0,0.0
18227,1298,1701,Undirected,3,0.0,0.0
18228,819,1254,Undirected,1,0.0,0.0
18229,1768,1303,Undirected,1,0.0,0.0
18230,18,1726,Undirected,6,0.0,0.0
18231,1246,1543,Undirected,1,0.0,0.0
18232,1995,1813,Undirected,3,0.0,0.0
18233,1681,1318,Undirected,1,0.0,0.0
18234,1361,1361,Undirected,125,0.0,0.0
18235,195,469,Undirected,2,0.0,0.0
18236,1800,1319,Undirected,1,0.0,0.0
18237,506,643,Undirected,1,0.0,0.0
18238,1184,275,Undirected,10,0.0,0.0
18239,1668,469,Undirected,16,0.0,0.0
18240,1776,1574,Undirected,2,0.0,0.0
18241,433,1827,Undirected,85,0.0,0.0
18242,1382,1087,Undirected,1,0.0,0.0
18243,1696,1378,Undirected,2,0.0,0.0
18244,1919,519,Undirected,3,0.0,0.0
18245,1299,269,Undirected,5,0.0,0.0
18246,176,804,Undirected,1,0.0,0.0
18247,288,129,Undirected,5,0.0,0.0
18248,1348,1406,Undirected,1,0.0,0.0
18249,508,508,Undirected,36,0.0,0.0
18250,1193,659,Undirected,9,0.0,0.0
18251,1971,1412,Undirected,1,0.0,0.0
18252,337,1972,Undirected,1,0.0,0.0
18253,1344,1384,Undirected,7,0.0,0.0
18254,328,368,Undirected,1,0.0,0.0
18255,1507,294,Undirected,6,0.0,0.0
18256,1457,1379,Undirected,11,0.0,0.0
18257,921,42,Undirected,29,0.0,0.0
18258,1286,1607,Undirected,1,0.0,0.0
18259,1266,1266,Undirected,29,0.0,0.0
18260,264,1124,Undirected,1,0.0,0.0
18261,51,1102,Undirected,1,0.0,0.0
18262,1217,931,Undirected,1,0.0,0.0
18263,1880,465,Undirected,46,0.0,0.0
18264,1490,1491,Undirected,19,0.0,0.0
18265,556,92,Undirected,1,0.0,0.0
18266,592,592,Undirected,364,0.0,0.0
18267,336,1477,Undirected,15,0.0,0.0
18268,635,635,Undirected,62,0.0,0.0
18269,1529,28,Undirected,2,0.0,0.0
18270,1096,213,Undirected,1,0.0,0.0
18271,362,1357,Undirected,1,0.0,0.0
18272,1064,1799,Undirected,5,0.0,0.0
18273,1315,341,Undirected,22,0.0,0.0
18274,16,500,Undirected,2,0.0,0.0
18275,1648,506,Undirected,2,0.0,0.0
18276,179,628,Undirected,20,0.0,0.0
18277,50,1276,Undirected,2,0.0,0.0
18278,1833,108,Undirected,13,0.0,0.0
18279,66,66,Undirected,54,0.0,0.0
18280,778,1381,Undirected,5,0.0,0.0
18281,1787,1060,Undirected,4,0.0,0.0
18282,1408,65,Undirected,2,0.0,0.0
18283,1056,1158,Undirected,35,0.0,0.0
18284,1753,1362,Undirected,15,0.0,0.0
18285,1739,1375,Undirected,130,0.0,0.0
18286,1570,1035,Undirected,1,0.0,0.0
18287,1787,391,Undirected,1,0.0,0.0
18288,674,565,Undirected,4,0.0,0.0
18289,409,1691,Undirected,2,0.0,0.0
18290,1992,738,Undirected,3,0.0,0.0
18291,96,1124,Undirected,29,0.0,0.0
18292,1276,1637,Undirected,2,0.0,0.0
18293,930,1106,Undirected,17,0.0,0.0
18294,1969,1754,Undirected,94,0.0,0.0
18295,1242,1190,Undirected,3,0.0,0.0
18296,1272,1555,Undirected,1,0.0,0.0
18297,1073,1161,Undirected,3,0.0,0.0
18298,417,417,Undirected,477,0.0,0.0
18299,898,342,Undirected,1,0.0,0.0
18300,1154,731,Undirected,9,0.0,0.0
18301,1760,1146,Undirected,2,0.0,0.0
18302,1083,1083,Undirected,66,0.0,0.0
18303,1912,1498,Undirected,3,0.0,0.0
18304,523,838,Undirected,3,0.0,0.0
18305,1865,1537,Undirected,2,0.0,0.0
18306,201,1667,Undirected,2,0.0,0.0
18307,1344,786,Undirected,1,0.0,0.0
18308,467,171,Undirected,1,0.0,0.0
18309,1338,1154,Undirected,3,0.0,0.0
18310,1739,1404,Undirected,3,0.0,0.0
18311,1400,710,Undirected,8,0.0,0.0
18312,1874,1894,Undirected,1,0.0,0.0
18313,811,1949,Undirected,4,0.0,0.0
18314,1953,350,Undirected,1,0.0,0.0
18315,1371,1739,Undirected,24,0.0,0.0
18316,1484,813,Undirected,43,0.0,0.0
18317,1651,1524,Undirected,2,0.0,0.0
18318,1784,484,Undirected,3,0.0,0.0
18319,1173,1173,Undirected,11,0.0,0.0
18320,1236,852,Undirected,1,0.0,0.0
18321,369,1509,Undirected,35,0.0,0.0
18322,952,1687,Undirected,3,0.0,0.0
18323,1689,1126,Undirected,2,0.0,0.0
18324,1598,414,Undirected,12,0.0,0.0
18325,1764,1893,Undirected,3,0.0,0.0
18326,926,926,Undirected,42,0.0,0.0
18327,1816,519,Undirected,3,0.0,0.0
18328,1360,1340,Undirected,7,0.0,0.0
18329,1376,1837,Undirected,2,0.0,0.0
18330,1009,1710,Undirected,1,0.0,0.0
18331,494,1814,Undirected,2,0.0,0.0
18332,1997,1286,Undirected,1,0.0,0.0
18333,1176,1199,Undirected,1,0.0,0.0
18334,1033,1357,Undirected,5,0.0,0.0
18335,1122,491,Undirected,6,0.0,0.0
18336,1860,1327,Undirected,3,0.0,0.0
18337,1674,1547,Undirected,3,0.0,0.0
18338,1777,1862,Undirected,5,0.0,0.0
18339,948,1628,Undirected,2,0.0,0.0
18340,1594,1287,Undirected,3,0.0,0.0
18341,739,13,Undirected,10,0.0,0.0
18342,417,341,Undirected,1,0.0,0.0
18343,58,514,Undirected,16,0.0,0.0
18344,761,1015,Undirected,3,0.0,0.0
18345,1548,1548,Undirected,174,0.0,0.0
18346,1853,1158,Undirected,8,0.0,0.0
18347,834,1604,Undirected,2,0.0,0.0
18348,853,711,Undirected,1,0.0,0.0
18349,291,1863,Undirected,13,0.0,0.0
18350,897,1204,Undirected,2,0.0,0.0
18351,1476,1788,Undirected,5,0.0,0.0
18352,960,960,Undirected,16,0.0,0.0
18353,1404,853,Undirected,46,0.0,0.0
18354,308,541,Undirected,1,0.0,0.0
18355,116,1973,Undirected,1,0.0,0.0
18356,1816,1919,Undirected,3,0.0,0.0
18357,1473,1311,Undirected,2,0.0,0.0
18358,1809,829,Undirected,1,0.0,0.0
18359,1258,1679,Undirected,1,0.0,0.0
18360,1361,894,Undirected,1,0.0,0.0
18361,209,1629,Undirected,4,0.0,0.0
18362,1862,1855,Undirected,1,0.0,0.0
18363,1136,1136,Undirected,12,0.0,0.0
18364,1141,758,Undirected,1,0.0,0.0
18365,733,839,Undirected,2,0.0,0.0
18366,1441,1605,Undirected,1,0.0,0.0
18367,465,1828,Undirected,17,0.0,0.0
18368,80,884,Undirected,1,0.0,0.0
18369,1938,567,Undirected,74,0.0,0.0
18370,909,271,Undirected,4,0.0,0.0
18371,1316,887,Undirected,2,0.0,0.0
18372,1648,863,Undirected,3,0.0,0.0
18373,1739,612,Undirected,1,0.0,0.0
18374,1833,1700,Undirected,15,0.0,0.0
18375,1300,1598,Undirected,2,0.0,0.0
18376,1812,799,Undirected,5,0.0,0.0
18377,1491,1646,Undirected,2,0.0,0.0
18378,1092,1092,Undirected,112,0.0,0.0
18379,1345,1294,Undirected,2,0.0,0.0
18380,1755,1653,Undirected,22,0.0,0.0
18381,120,1043,Undirected,7,3.066120808156213e-07,0.26380675604851966
18382,1817,918,Undirected,9,0.0,0.0
18383,433,637,Undirected,1,0.0,0.0
18384,776,1564,Undirected,4,0.0,0.0
18385,1032,1828,Undirected,1,0.0,0.0
18386,334,1806,Undirected,1,0.0,0.0
18387,1272,529,Undirected,1,0.0,0.0
18388,265,706,Undirected,1,0.0,0.0
18389,129,1276,Undirected,6,0.0,0.0
18390,1811,1213,Undirected,11,0.0,0.0
18391,1969,985,Undirected,9,0.0,0.0
18392,1674,455,Undirected,1,0.0,0.0
18393,273,1379,Undirected,2,0.0,0.0
18394,537,1239,Undirected,3,0.0,0.0
18395,978,1947,Undirected,1,0.0,0.0
18396,493,493,Undirected,5,0.0,0.0
18397,986,1893,Undirected,49,0.0,0.0
18398,360,360,Undirected,30,0.0,0.0
18399,1789,1486,Undirected,3,0.0,0.0
18400,1570,756,Undirected,5,0.0,0.0
18401,576,799,Undirected,2,0.0,0.0
18402,106,331,Undirected,3,0.0,0.0
18403,760,954,Undirected,7,0.0,0.0
18404,1203,1644,Undirected,2,0.0,0.0
18405,1547,567,Undirected,8,0.0,0.0
18406,1068,1277,Undirected,7,0.0,0.0
18407,1660,1660,Undirected,51,0.0,0.0
18408,1177,1934,Undirected,5,2.7016402513992266e-07,0.23244711977292248
18409,11,860,Undirected,2,0.0,0.0
18410,1570,1693,Undirected,1,0.0,0.0
18411,1588,1158,Undirected,2,0.0,0.0
18412,675,309,Undirected,1,0.0,0.0
18413,792,1767,Undirected,1,0.0,0.0
18414,1816,1505,Undirected,4,0.0,0.0
18415,459,1053,Undirected,2,0.0,0.0
18416,270,270,Undirected,109,0.0,0.0
18417,1463,1863,Undirected,1,0.0,0.0
18418,857,281,Undirected,1,0.0,0.0
18419,1528,1247,Undirected,3,0.0,0.0
18420,1969,947,Undirected,7,0.0,0.0
18421,675,1647,Undirected,1,0.0,0.0
18422,1257,1356,Undirected,11,0.0,0.0
18423,1272,251,Undirected,4,0.0,0.0
18424,1470,1470,Undirected,17,0.0,0.0
18425,1667,148,Undirected,6,0.0,0.0
18426,182,1407,Undirected,5,0.0,0.0
18427,1883,1251,Undirected,1,0.0,0.0
18428,1413,814,Undirected,2,0.0,0.0
18429,1920,298,Undirected,1,0.0,0.0
18430,1259,750,Undirected,2,0.0,0.0
18431,984,1031,Undirected,8,4.609207872772481e-07,0.39657282049515913
18432,761,761,Undirected,64,0.0,0.0
18433,1178,517,Undirected,9,0.0,0.0
18434,468,1967,Undirected,16,0.0,0.0
18435,1728,157,Undirected,1,0.0,0.0
18436,369,567,Undirected,1,0.0,0.0
18437,371,371,Undirected,16,0.0,0.0
18438,1827,1739,Undirected,417,0.0,0.0
18439,1632,275,Undirected,4,0.0,0.0
18440,770,62,Undirected,3,0.0,0.0
18441,1453,1453,Undirected,364,0.0,0.0
18442,1116,1702,Undirected,1,0.0,0.0
18443,1273,70,Undirected,31,0.0,0.0
18444,1741,1741,Undirected,132,0.0,0.0
18445,745,745,Undirected,52,0.0,0.0
18446,1562,1331,Undirected,4,0.0,0.0
18447,592,1011,Undirected,4,0.0,0.0
18448,516,1654,Undirected,6,0.0,0.0
18449,355,355,Undirected,23,0.0,0.0
18450,1873,151,Undirected,4,0.0,0.0
18451,1490,347,Undirected,5,0.0,0.0
18452,1345,1855,Undirected,5,0.0,0.0
18453,1116,1383,Undirected,7,0.0,0.0
18454,1214,1198,Undirected,1,0.0,0.0
18455,1275,1308,Undirected,2,0.0,0.0
18456,264,1205,Undirected,3,0.0,0.0
18457,1154,869,Undirected,7,0.0,0.0
18458,160,1363,Undirected,1,0.0,0.0
18459,1739,1780,Undirected,113,0.0,0.0
18460,33,1429,Undirected,6,3.174879211926871e-07,0.2731642482958671
18461,558,1359,Undirected,1,0.0,0.0
18462,1457,1023,Undirected,5,0.0,0.0
18463,1924,68,Undirected,1,0.0,0.0
18464,1925,1639,Undirected,3,0.0,0.0
18465,227,1844,Undirected,2,0.0,0.0
18466,577,60,Undirected,2,0.0,0.0
18467,369,1959,Undirected,114,0.0,0.0
18468,1248,89,Undirected,24,0.0,0.0
18469,1641,1754,Undirected,3,0.0,0.0
18470,1296,1716,Undirected,14,0.0,0.0
18471,960,1093,Undirected,22,0.0,0.0
18472,216,1026,Undirected,5,0.0,0.0
18473,1778,1997,Undirected,11,0.0,0.0
18474,1594,291,Undirected,5,0.0,0.0
18475,1969,1018,Undirected,9,0.0,0.0
18476,212,1951,Undirected,1,0.0,0.0
18477,150,1039,Undirected,5,0.0,0.0
18478,1097,626,Undirected,7,0.0,0.0
18479,1579,772,Undirected,9,3.5083690386396304e-07,0.30185746518616313
18480,1072,1703,Undirected,1,0.0,0.0
18481,528,1924,Undirected,41,0.0,0.0
18482,1819,1751,Undirected,2,0.0,0.0
18483,1752,1752,Undirected,15,0.0,0.0
18484,1845,151,Undirected,3,0.0,0.0
18485,1944,1159,Undirected,3,0.0,0.0
18486,1860,773,Undirected,2,0.0,0.0
18487,1289,516,Undirected,5,0.0,0.0
18488,1993,1486,Undirected,2,0.0,0.0
18489,1648,819,Undirected,2,0.0,0.0
18490,979,1756,Undirected,1,0.0,0.0
18491,1738,1230,Undirected,4,0.0,0.0
18492,1139,838,Undirected,1,0.0,0.0
18493,1720,820,Undirected,1,0.0,0.0
18494,1091,1998,Undirected,2,0.0,0.0
18495,1657,939,Undirected,1,0.0,0.0
18496,225,300,Undirected,1,0.0,0.0
18497,1139,1165,Undirected,1,0.0,0.0
18498,1018,455,Undirected,4,0.0,0.0
18499,496,1602,Undirected,4,0.0,0.0
18500,1147,167,Undirected,5,0.0,0.0
18501,308,1509,Undirected,1,0.0,0.0
18502,1185,1743,Undirected,9,0.0,0.0
18503,1676,1676,Undirected,46,0.0,0.0
18504,1412,644,Undirected,3,0.0,0.0
18505,337,1114,Undirected,1,0.0,0.0
18506,772,598,Undirected,3,3.002826320504379e-07,0.2583609453620111
18507,1011,171,Undirected,21,0.0,0.0
18508,336,1833,Undirected,7,0.0,0.0
18509,1670,1670,Undirected,51,0.0,0.0
18510,0,1159,Undirected,1,0.0,0.0
18511,1083,350,Undirected,1,0.0,0.0
18512,1773,1302,Undirected,3,0.0,0.0
18513,1698,887,Undirected,2,0.0,0.0
18514,1735,31,Undirected,32,0.0,0.0
18515,1988,710,Undirected,2,0.0,0.0
18516,1233,1841,Undirected,14,0.0,0.0
18517,1248,1032,Undirected,5,0.0,0.0
18518,602,1478,Undirected,7,0.0,0.0
18519,1274,916,Undirected,4,0.0,0.0
18520,1813,1382,Undirected,42,0.0,0.0
18521,1820,1293,Undirected,1,0.0,0.0
18522,1996,1974,Undirected,5,0.0,0.0
18523,1595,974,Undirected,2,0.0,0.0
18524,1521,283,Undirected,1,0.0,0.0
18525,1137,1174,Undirected,2,0.0,0.0
18526,432,1308,Undirected,27,3.621033741759864e-07,0.31155105252696697
18527,1716,903,Undirected,5,0.0,0.0
18528,612,1404,Undirected,22,0.0,0.0
18529,1637,621,Undirected,1,0.0,0.0
18530,657,621,Undirected,3,0.0,0.0
18531,1457,1874,Undirected,4,0.0,0.0
18532,1049,71,Undirected,1,0.0,0.0
18533,1718,518,Undirected,2,0.0,0.0
18534,1177,1177,Undirected,184,0.0,0.0
18535,1593,724,Undirected,2,0.0,0.0
18536,1157,1198,Undirected,1,0.0,0.0
18537,538,1382,Undirected,15,0.0,0.0
18538,590,199,Undirected,1,0.0,0.0
18539,1740,909,Undirected,1,0.0,0.0
18540,1956,276,Undirected,2,0.0,0.0
18541,1570,1162,Undirected,14,0.0,0.0
18542,482,1039,Undirected,8,0.0,0.0
18543,141,1102,Undirected,1,0.0,0.0
18544,761,655,Undirected,3,0.0,0.0
18545,1086,1343,Undirected,1,0.0,0.0
18546,528,74,Undirected,4,0.0,0.0
18547,1570,1077,Undirected,5,0.0,0.0
18548,1280,134,Undirected,25,0.0,0.0
18549,903,903,Undirected,121,0.0,0.0
18550,1978,854,Undirected,5,0.0,0.0
18551,216,1429,Undirected,2,0.0,0.0
18552,1384,1395,Undirected,1,0.0,0.0
18553,1602,378,Undirected,2,0.0,0.0
18554,1868,837,Undirected,11,0.0,0.0
18555,995,812,Undirected,8,0.0,0.0
18556,689,341,Undirected,5,0.0,0.0
18557,1362,1359,Undirected,3,0.0,0.0
18558,537,1831,Undirected,2,0.0,0.0
18559,1112,793,Undirected,1,0.0,0.0
18560,1963,1644,Undirected,1,0.0,0.0
18561,1515,1199,Undirected,5,0.0,0.0
18562,1097,1967,Undirected,10,0.0,0.0
18563,1848,711,Undirected,1,0.0,0.0
18564,1131,132,Undirected,1,0.0,0.0
18565,1906,1003,Undirected,1,0.0,0.0
18566,1971,620,Undirected,1,0.0,0.0
18567,987,987,Undirected,5,0.0,0.0
18568,829,1925,Undirected,1,0.0,0.0
18569,1013,983,Undirected,4,0.0,0.0
18570,1385,1946,Undirected,1,0.0,0.0
18571,1569,188,Undirected,2,0.0,0.0
18572,782,1303,Undirected,4,0.0,0.0
18573,497,497,Undirected,124,0.0,0.0
18574,1160,1804,Undirected,5,0.0,0.0
18575,1322,835,Undirected,29,0.0,0.0
18576,1705,1901,Undirected,4,0.0,0.0
18577,275,366,Undirected,3,0.0,0.0
18578,978,772,Undirected,1,0.0,0.0
18579,1619,1204,Undirected,2,0.0,0.0
18580,1673,677,Undirected,25,0.0,0.0
18581,1237,1237,Undirected,31,0.0,0.0
18582,1561,1727,Undirected,1,0.0,0.0
18583,1664,1606,Undirected,1,0.0,0.0
18584,1104,1104,Undirected,18,0.0,0.0
18585,147,1356,Undirected,2,0.0,0.0
18586,1344,1806,Undirected,2,0.0,0.0
18587,1219,1372,Undirected,2,0.0,0.0
18588,1257,1995,Undirected,5,0.0,0.0
18589,1154,157,Undirected,1,0.0,0.0
18590,872,1331,Undirected,2,0.0,0.0
18591,1809,525,Undirected,4,0.0,0.0
18592,1476,253,Undirected,3,0.0,0.0
18593,1071,1071,Undirected,54,0.0,0.0
18594,1153,772,Undirected,18,0.0,0.0
18595,274,274,Undirected,50,0.0,0.0
18596,451,247,Undirected,1,0.0,0.0
18597,0,1809,Undirected,1,0.0,0.0
18598,1808,582,Undirected,20,0.0,0.0
18599,1547,1484,Undirected,25,0.0,0.0
18600,1956,1956,Undirected,5,0.0,0.0
18601,1862,767,Undirected,1,0.0,0.0
18602,1536,1643,Undirected,2,0.0,0.0
18603,657,1161,Undirected,4,0.0,0.0
18604,1371,814,Undirected,1,0.0,0.0
18605,1992,967,Undirected,1,0.0,0.0
18606,370,791,Undirected,3,0.0,0.0
18607,600,1797,Undirected,1,0.0,0.0
18608,940,191,Undirected,7,0.0,0.0
18609,882,1268,Undirected,1,0.0,0.0
18610,384,1421,Undirected,1,0.0,0.0
18611,1641,1809,Undirected,10,0.0,0.0
18612,1116,68,Undirected,8,0.0,0.0
18613,1441,1963,Undirected,3,0.0,0.0
18614,657,9,Undirected,2,0.0,0.0
18615,1849,1589,Undirected,6,0.0,0.0
18616,461,461,Undirected,89,0.0,0.0
18617,1555,814,Undirected,15,0.0,0.0
18618,1011,927,Undirected,1,0.0,0.0
18619,1425,1594,Undirected,6,0.0,0.0
18620,308,758,Undirected,9,0.0,0.0
18621,91,1470,Undirected,1,0.0,0.0
18622,1338,731,Undirected,11,0.0,0.0
18623,1368,1246,Undirected,10,0.0,0.0
18624,1363,1628,Undirected,1,0.0,0.0
18625,1827,1980,Undirected,16,0.0,0.0
18626,1257,396,Undirected,2,0.0,0.0
18627,1632,506,Undirected,1,0.0,0.0
18628,0,1344,Undirected,103,0.0,0.0
18629,640,1755,Undirected,20,0.0,0.0
18630,1248,1778,Undirected,2,0.0,0.0
18631,1724,1559,Undirected,1,0.0,0.0
18632,1432,1518,Undirected,1,0.0,0.0
18633,1123,1158,Undirected,3,0.0,0.0
18634,966,966,Undirected,4,0.0,0.0
18635,794,147,Undirected,2,0.0,0.0
18636,28,758,Undirected,1,0.0,0.0
18637,366,366,Undirected,11,0.0,0.0
18638,729,1218,Undirected,10,0.0,0.0
18639,1258,598,Undirected,14,0.0,0.0
18640,776,1573,Undirected,1,0.0,0.0
18641,1476,804,Undirected,1,0.0,0.0
18642,457,955,Undirected,1,0.0,0.0
18643,1748,1998,Undirected,4,0.0,0.0
18644,1472,276,Undirected,19,0.0,0.0
18645,1316,1325,Undirected,38,0.0,0.0
18646,1984,995,Undirected,35,0.0,0.0
18647,432,889,Undirected,1,0.0,0.0
18648,1438,1438,Undirected,96,0.0,0.0
18649,797,534,Undirected,4,0.0,0.0
18650,586,1947,Undirected,3,0.0,0.0
18651,1898,1101,Undirected,3,0.0,0.0
18652,795,339,Undirected,2,0.0,0.0
18653,1152,1689,Undirected,3,0.0,0.0
18654,635,1853,Undirected,5,0.0,0.0
18655,435,1212,Undirected,1,0.0,0.0
18656,1635,511,Undirected,2,0.0,0.0
18657,1090,1675,Undirected,5,0.0,0.0
18658,864,778,Undirected,1,0.0,0.0
18659,1240,299,Undirected,1,0.0,0.0
18660,378,1783,Undirected,3,0.0,0.0
18661,1730,908,Undirected,6,0.0,0.0
18662,1787,70,Undirected,1,0.0,0.0
18663,776,776,Undirected,78,0.0,0.0
18664,1671,1439,Undirected,3,0.0,0.0
18665,91,1572,Undirected,37,0.0,0.0
18666,1547,758,Undirected,13,0.0,0.0
18667,1531,1531,Undirected,12,0.0,0.0
18668,320,1647,Undirected,1,0.0,0.0
18669,1002,223,Undirected,3,0.0,0.0
18670,1676,1284,Undirected,5,0.0,0.0
18671,457,739,Undirected,2,0.0,0.0
18672,698,1814,Undirected,8,0.0,0.0
18673,424,813,Undirected,2,0.0,0.0
18674,1472,1472,Undirected,4,0.0,0.0
18675,489,1643,Undirected,2,0.0,0.0
18676,681,1498,Undirected,12,0.0,0.0
18677,1642,1359,Undirected,1,0.0,0.0
18678,74,1366,Undirected,10,0.0,0.0
18679,1561,1641,Undirected,2,0.0,0.0
18680,1451,246,Undirected,1,0.0,0.0
18681,353,921,Undirected,5,0.0,0.0
18682,952,186,Undirected,4,0.0,0.0
18683,594,629,Undirected,2,0.0,0.0
18684,584,544,Undirected,2,0.0,0.0
18685,538,820,Undirected,7,0.0,0.0
18686,1695,1695,Undirected,77,0.0,0.0
18687,1864,1486,Undirected,7,0.0,0.0
18688,1763,1326,Undirected,5,0.0,0.0
18689,1403,989,Undirected,6,0.0,0.0
18690,968,1195,Undirected,2,0.0,0.0
18691,978,882,Undirected,4,0.0,0.0
18692,1458,1077,Undirected,1,0.0,0.0
18693,1570,772,Undirected,1,0.0,0.0
18694,1808,533,Undirected,4,0.0,0.0
18695,1315,1767,Undirected,1,0.0,0.0
18696,1720,1325,Undirected,4,0.0,0.0
18697,1473,502,Undirected,55,0.0,0.0
18698,819,1995,Undirected,8,0.0,0.0
18699,682,903,Undirected,7,0.0,0.0
18700,213,671,Undirected,4,0.0,0.0
18701,347,980,Undirected,2,0.0,0.0
18702,1560,1605,Undirected,1,0.0,0.0
18703,356,500,Undirected,4,0.0,0.0
18704,968,1833,Undirected,1,0.0,0.0
18705,1136,675,Undirected,1,0.0,0.0
18706,1193,732,Undirected,23,0.0,0.0
18707,1769,1605,Undirected,1,0.0,0.0
18708,1824,813,Undirected,10,0.0,0.0
18709,144,144,Undirected,57,0.0,0.0
18710,1097,394,Undirected,1,0.0,0.0
18711,1625,1387,Undirected,1,0.0,0.0
18712,155,1157,Undirected,6,0.0,0.0
18713,376,1068,Undirected,1,0.0,0.0
18714,1136,1517,Undirected,1,0.0,0.0
18715,1739,1453,Undirected,29,0.0,0.0
18716,1592,1592,Undirected,32,0.0,0.0
18717,1346,1927,Undirected,13,0.0,0.0
18718,1554,1931,Undirected,4,0.0,0.0
18719,1488,354,Undirected,1,0.0,0.0
18720,1268,1639,Undirected,100,0.0,0.0
18721,1201,1753,Undirected,7,0.0,0.0
18722,808,1814,Undirected,1,0.0,0.0
18723,1808,439,Undirected,4,0.0,0.0
18724,808,460,Undirected,2,0.0,0.0
18725,438,1815,Undirected,6,0.0,0.0
18726,387,261,Undirected,1,0.0,0.0
18727,1873,1590,Undirected,7,0.0,0.0
18728,1499,1739,Undirected,3,0.0,0.0
18729,569,569,Undirected,6,0.0,0.0
18730,433,1739,Undirected,7,0.0,0.0
18731,1783,1783,Undirected,594,0.0,0.0
18732,1681,812,Undirected,2,0.0,0.0
18733,1342,1342,Undirected,41,0.0,0.0
18734,1828,1086,Undirected,1,0.0,0.0
18735,181,1263,Undirected,5,0.0,0.0
18736,1712,1959,Undirected,108,0.0,0.0
18737,457,457,Undirected,70,0.0,0.0
18738,1920,1920,Undirected,119,0.0,0.0
18739,761,509,Undirected,1,0.0,0.0
18740,1827,814,Undirected,243,0.0,0.0
18741,985,1219,Undirected,3,0.0,0.0
18742,1106,414,Undirected,13,0.0,0.0
18743,1066,1066,Undirected,67,0.0,0.0
18744,833,438,Undirected,1,0.0,0.0
18745,1202,906,Undirected,4,0.0,0.0
18746,410,1879,Undirected,4,0.0,0.0
18747,1824,1086,Undirected,10,0.0,0.0
18748,1154,1350,Undirected,1,0.0,0.0
18749,643,1125,Undirected,6,0.0,0.0
18750,780,567,Undirected,4,0.0,0.0
18751,141,214,Undirected,2,0.0,0.0
18752,281,228,Undirected,3,0.0,0.0
18753,602,602,Undirected,45,0.0,0.0
18754,764,1455,Undirected,4,0.0,0.0
18755,1631,1863,Undirected,6,0.0,0.0
18756,1257,1162,Undirected,39,0.0,0.0
18757,564,134,Undirected,9,0.0,0.0
18758,236,236,Undirected,93,0.0,0.0
18759,753,902,Undirected,1,0.0,0.0
18760,563,228,Undirected,6,0.0,0.0
18761,1466,771,Undirected,69,0.0,0.0
18762,1731,1731,Undirected,125,0.0,0.0
18763,1883,1780,Undirected,41,0.0,0.0
18764,1434,887,Undirected,1,0.0,0.0
18765,92,837,Undirected,7,0.0,0.0
18766,1273,1273,Undirected,71,0.0,0.0
18767,686,1959,Undirected,2,0.0,0.0
18768,1877,495,Undirected,2,0.0,0.0
18769,1816,1679,Undirected,1,0.0,0.0
18770,1712,1758,Undirected,1,0.0,0.0
18771,1379,1884,Undirected,7,5.201222779301207e-07,0.4475093431554084
18772,1657,1020,Undirected,9,0.0,0.0
18773,592,1456,Undirected,16,0.0,0.0
18774,1240,802,Undirected,13,0.0,0.0
18775,745,1910,Undirected,5,0.0,0.0
18776,1964,396,Undirected,2,0.0,0.0
18777,1257,1257,Undirected,110,0.0,0.0
18778,1696,485,Undirected,3,0.0,0.0
18779,427,1662,Undirected,5,0.0,0.0
18780,425,425,Undirected,230,0.0,0.0
18781,1235,1654,Undirected,3,0.0,0.0
18782,1811,1116,Undirected,34,0.0,0.0
18783,1734,719,Undirected,13,0.0,0.0
18784,1484,1286,Undirected,3,0.0,0.0
18785,1466,1078,Undirected,1,0.0,0.0
18786,1349,1191,Undirected,3,0.0,0.0
18787,1129,70,Undirected,7,0.0,0.0
18788,937,643,Undirected,1,0.0,0.0
18789,1454,1454,Undirected,21,0.0,0.0
18790,1307,326,Undirected,1,0.0,0.0
18791,1344,410,Undirected,4,0.0,0.0
18792,169,1558,Undirected,25,0.0,0.0
18793,199,1543,Undirected,1,0.0,0.0
18794,1147,310,Undirected,1,0.0,0.0
18795,1176,270,Undirected,5,0.0,0.0
18796,923,1893,Undirected,1,0.0,0.0
18797,1096,528,Undirected,3,0.0,0.0
18798,1436,373,Undirected,14,0.0,0.0
18799,682,1060,Undirected,32,0.0,0.0
18800,577,657,Undirected,1,0.0,0.0
18801,152,1254,Undirected,1,0.0,0.0
18802,1778,1555,Undirected,8,0.0,0.0
18803,1568,1890,Undirected,2,0.0,0.0
18804,1082,462,Undirected,74,0.0,0.0
18805,1116,1300,Undirected,4,0.0,0.0
18806,1000,689,Undirected,15,0.0,0.0
18807,597,1807,Undirected,4,0.0,0.0
18808,1293,1101,Undirected,2,0.0,0.0
18809,1837,1958,Undirected,2,0.0,0.0
18810,1257,1462,Undirected,1,0.0,0.0
18811,693,1815,Undirected,9,0.0,0.0
18812,813,1551,Undirected,16,0.0,0.0
18813,478,478,Undirected,13,0.0,0.0
18814,13,13,Undirected,71,0.0,0.0
18815,492,1870,Undirected,1,0.0,0.0
18816,1864,902,Undirected,4,0.0,0.0
18817,3,1247,Undirected,10,0.0,0.0
18818,1308,421,Undirected,2,0.0,0.0
18819,1769,983,Undirected,1,0.0,0.0
18820,1748,671,Undirected,1,0.0,0.0
18821,9,665,Undirected,3,0.0,0.0
18822,1097,1233,Undirected,1,0.0,0.0
18823,1360,1676,Undirected,1,0.0,0.0
18824,1490,1619,Undirected,2,0.0,0.0
18825,107,1765,Undirected,1,0.0,0.0
18826,887,711,Undirected,67,0.0,0.0
18827,810,183,Undirected,2,0.0,0.0
18828,93,167,Undirected,1,0.0,0.0
18829,542,799,Undirected,1,0.0,0.0
18830,561,372,Undirected,1,0.0,0.0
18831,1615,1359,Undirected,2,0.0,0.0
18832,1315,462,Undirected,6,0.0,0.0
18833,392,110,Undirected,1,0.0,0.0
18834,553,553,Undirected,20,0.0,0.0
18835,1553,1933,Undirected,6,0.0,0.0
18836,1894,1327,Undirected,1,0.0,0.0
18837,1811,213,Undirected,6,0.0,0.0
18838,1864,1385,Undirected,3,0.0,0.0
18839,1713,1163,Undirected,1,0.0,0.0
18840,1164,1341,Undirected,1,0.0,0.0
18841,609,749,Undirected,3,0.0,0.0
18842,648,1474,Undirected,7,0.0,0.0
18843,1155,1499,Undirected,5,0.0,0.0
18844,620,588,Undirected,2,0.0,0.0
18845,625,1555,Undirected,1,0.0,0.0
18846,1588,566,Undirected,30,0.0,0.0
18847,611,719,Undirected,1,0.0,0.0
18848,1632,1155,Undirected,3,0.0,0.0
18849,1404,1837,Undirected,2,0.0,0.0
18850,89,1827,Undirected,8,0.0,0.0
18851,1646,1079,Undirected,4,0.0,0.0
18852,217,1199,Undirected,1,0.0,0.0
18853,1194,1938,Undirected,14,0.0,0.0
18854,787,182,Undirected,34,0.0,0.0
18855,1320,1654,Undirected,1,0.0,0.0
18856,975,975,Undirected,212,0.0,0.0
18857,1816,1579,Undirected,4,0.0,0.0
18858,392,1726,Undirected,2,0.0,0.0
18859,1850,709,Undirected,8,0.0,0.0
18860,1101,1949,Undirected,1,0.0,0.0
18861,210,1870,Undirected,10,0.0,0.0
18862,1824,1453,Undirected,20,0.0,0.0
18863,1185,1383,Undirected,1,0.0,0.0
18864,791,1871,Undirected,1,0.0,0.0
18865,1860,269,Undirected,23,0.0,0.0
18866,1296,1657,Undirected,2,0.0,0.0
18867,1632,978,Undirected,2,0.0,0.0
18868,1649,484,Undirected,3,0.0,0.0
18869,1415,1415,Undirected,24,0.0,0.0
18870,862,991,Undirected,2,0.0,0.0
18871,1219,1837,Undirected,16,0.0,0.0
18872,1041,1958,Undirected,1,0.0,0.0
18873,1333,830,Undirected,1,0.0,0.0
18874,1834,1684,Undirected,2,0.0,0.0
18875,1525,630,Undirected,1,0.0,0.0
18876,1561,1900,Undirected,1,0.0,0.0
18877,338,338,Undirected,6,0.0,0.0
18878,1809,1646,Undirected,5,0.0,0.0
18879,819,1774,Undirected,129,0.0,0.0
18880,912,1327,Undirected,1,0.0,0.0
18881,1628,1647,Undirected,1,0.0,0.0
18882,1805,661,Undirected,5,0.0,0.0
18883,1857,1857,Undirected,23,0.0,0.0
18884,930,1563,Undirected,3,0.0,0.0
18885,1320,1977,Undirected,1,0.0,0.0
18886,1499,1499,Undirected,230,0.0,0.0
18887,92,1007,Undirected,6,0.0,0.0
18888,625,1883,Undirected,82,0.0,0.0
18889,1178,1395,Undirected,9,0.0,0.0
18890,664,664,Undirected,19,0.0,0.0
18891,1084,1727,Undirected,7,0.0,0.0
18892,1448,1616,Undirected,1,0.0,0.0
18893,433,1938,Undirected,3,0.0,0.0
18894,852,1588,Undirected,1,0.0,0.0
18895,880,690,Undirected,1,0.0,0.0
18896,1066,987,Undirected,1,0.0,0.0
18897,130,1997,Undirected,46,0.0,0.0
18898,1268,1925,Undirected,2,0.0,0.0
18899,1499,1189,Undirected,2,0.0,0.0
18900,1344,1148,Undirected,1,0.0,0.0
18901,985,1316,Undirected,33,0.0,0.0
18902,420,1670,Undirected,31,0.0,0.0
18903,316,725,Undirected,11,0.0,0.0
18904,709,1494,Undirected,16,4.4519461437102175e-07,0.3830421381801839
18905,626,604,Undirected,1,0.0,0.0
18906,780,1630,Undirected,1,0.0,0.0
18907,777,1657,Undirected,1,0.0,0.0
18908,1497,1815,Undirected,8,0.0,0.0
18909,930,1469,Undirected,1,0.0,0.0
18910,190,190,Undirected,29,0.0,0.0
18911,1993,1903,Undirected,4,0.0,0.0
18912,774,1847,Undirected,1,0.0,0.0
18913,1195,1141,Undirected,31,0.0,0.0
18914,1420,980,Undirected,4,0.0,0.0
18915,635,1308,Undirected,3,0.0,0.0
18916,1076,133,Undirected,112,0.0,0.0
18917,1960,1593,Undirected,1,0.0,0.0
18918,489,1997,Undirected,2,0.0,0.0
18919,408,818,Undirected,2,0.0,0.0
18920,1904,36,Undirected,41,0.0,0.0
18921,1200,934,Undirected,2,0.0,0.0
18922,1682,819,Undirected,1,0.0,0.0
18923,1240,538,Undirected,1,0.0,0.0
18924,1674,1316,Undirected,56,0.0,0.0
18925,27,1895,Undirected,38,0.0,0.0
18926,1530,1411,Undirected,2,0.0,0.0
18927,442,237,Undirected,2,0.0,0.0
18928,1756,1404,Undirected,1,0.0,0.0
18929,1824,1455,Undirected,2,0.0,0.0
18930,1098,614,Undirected,3,0.0,0.0
18931,1778,347,Undirected,1,0.0,0.0
18932,1954,1845,Undirected,19,0.0,0.0
18933,1488,1855,Undirected,1,0.0,0.0
18934,1584,1079,Undirected,38,0.0,0.0
18935,978,1627,Undirected,2,0.0,0.0
18936,1784,403,Undirected,5,0.0,0.0
18937,1018,758,Undirected,4,0.0,0.0
18938,1763,1758,Undirected,5,0.0,0.0
18939,200,660,Undirected,13,0.0,0.0
18940,1568,829,Undirected,2,0.0,0.0
18941,147,147,Undirected,50,0.0,0.0
18942,1296,1296,Undirected,194,0.0,0.0
18943,273,194,Undirected,1,0.0,0.0
18944,150,150,Undirected,17,0.0,0.0
18945,689,561,Undirected,1,0.0,0.0
18946,1688,1689,Undirected,1,0.0,0.0
18947,1853,437,Undirected,1,0.0,0.0
18948,832,0,Undirected,6,0.0,0.0
18949,1394,1207,Undirected,3,0.0,0.0
18950,610,1060,Undirected,1,0.0,0.0
18951,1202,734,Undirected,30,0.0,0.0
18952,341,1949,Undirected,2,0.0,0.0
18953,814,758,Undirected,6,0.0,0.0
18954,1973,1375,Undirected,1,0.0,0.0
18955,1344,1079,Undirected,22,0.0,0.0
18956,621,621,Undirected,98,0.0,0.0
18957,1529,1838,Undirected,1,0.0,0.0
18958,1344,1584,Undirected,89,0.0,0.0
18959,1187,1854,Undirected,6,0.0,0.0
18960,1137,675,Undirected,1,0.0,0.0
18961,1240,388,Undirected,5,0.0,0.0
18962,1640,1477,Undirected,2,0.0,0.0
18963,1440,931,Undirected,1,0.0,0.0
18964,130,783,Undirected,55,0.0,0.0
18965,1255,1255,Undirected,24,0.0,0.0
18966,586,1286,Undirected,7,0.0,0.0
18967,204,204,Undirected,29,0.0,0.0
18968,1086,1503,Undirected,9,0.0,0.0
18969,1360,179,Undirected,1,0.0,0.0
18970,1352,983,Undirected,4,0.0,0.0
18971,1074,1751,Undirected,2,0.0,0.0
18972,1945,1571,Undirected,2,0.0,0.0
18973,769,1914,Undirected,3,0.0,0.0
18974,516,1725,Undirected,8,0.0,0.0
18975,1984,424,Undirected,10,0.0,0.0
18976,1248,1376,Undirected,1,0.0,0.0
18977,1777,1315,Undirected,11,0.0,0.0
18978,852,574,Undirected,1,0.0,0.0
18979,400,693,Undirected,5,0.0,0.0
18980,1248,1674,Undirected,5,0.0,0.0
18981,312,1588,Undirected,9,0.0,0.0
18982,1780,1316,Undirected,10,0.0,0.0
18983,1613,1613,Undirected,15,0.0,0.0
18984,1153,1258,Undirected,7,3.2665087292387087e-07,0.28104798387994
18985,1785,1813,Undirected,2,0.0,0.0
18986,1750,1199,Undirected,3,0.0,0.0
18987,1788,1356,Undirected,10,0.0,0.0
18988,305,1666,Undirected,1,0.0,0.0
18989,1971,447,Undirected,14,0.0,0.0
18990,11,523,Undirected,1,0.0,0.0
18991,1735,1735,Undirected,30,0.0,0.0
18992,869,870,Undirected,2,0.0,0.0
18993,1959,911,Undirected,41,0.0,0.0
18994,1375,567,Undirected,77,0.0,0.0
18995,1218,1727,Undirected,10,0.0,0.0
18996,1795,1558,Undirected,1,0.0,0.0
18997,1912,1628,Undirected,5,0.0,0.0
18998,280,1357,Undirected,1,0.0,0.0
18999,1697,1535,Undirected,16,0.0,0.0
19000,395,716,Undirected,7,0.0,0.0
19001,1945,1685,Undirected,7,0.0,0.0
19002,432,842,Undirected,2,0.0,0.0
19003,579,1053,Undirected,27,0.0,0.0
19004,1620,791,Undirected,19,0.0,0.0
19005,736,765,Undirected,1,0.0,0.0
19006,627,70,Undirected,2,0.0,0.0
19007,1069,1943,Undirected,1,0.0,0.0
19008,715,1719,Undirected,8,0.0,0.0
19009,480,1877,Undirected,7,0.0,0.0
19010,939,557,Undirected,5,0.0,0.0
19011,1361,1653,Undirected,11,0.0,0.0
19012,1378,5,Undirected,47,0.0,0.0
19013,1257,147,Undirected,14,0.0,0.0
19014,1696,518,Undirected,65,0.0,0.0
19015,339,339,Undirected,553,0.0,0.0
19016,1289,1116,Undirected,18,0.0,0.0
19017,1476,566,Undirected,1,0.0,0.0
19018,914,1197,Undirected,19,0.0,0.0
19019,269,773,Undirected,2,0.0,0.0
19020,237,1030,Undirected,1,0.0,0.0
19021,1949,462,Undirected,2,0.0,0.0
19022,1982,1903,Undirected,1,0.0,0.0
19023,754,903,Undirected,1,0.0,0.0
19024,1379,411,Undirected,1,0.0,0.0
19025,1809,1619,Undirected,6,0.0,0.0
19026,1480,53,Undirected,10,0.0,0.0
19027,1264,1330,Undirected,8,0.0,0.0
19028,299,1159,Undirected,2,0.0,0.0
19029,16,1886,Undirected,6,0.0,0.0
19030,163,1581,Undirected,1,0.0,0.0
19031,1336,1644,Undirected,1,0.0,0.0
19032,1766,631,Undirected,1,0.0,0.0
19033,0,1603,Undirected,5,0.0,0.0
19034,1434,1343,Undirected,3,0.0,0.0
19035,905,905,Undirected,167,0.0,0.0
19036,933,247,Undirected,1,0.0,0.0
19037,1395,631,Undirected,1,0.0,0.0
19038,1458,1668,Undirected,8,0.0,0.0
19039,1000,499,Undirected,6,3.3252452825876436e-07,0.28610163328580646
19040,566,1006,Undirected,2,0.0,0.0
19041,1930,594,Undirected,2,0.0,0.0
19042,1235,341,Undirected,5,0.0,0.0
19043,612,1372,Undirected,2,0.0,0.0
19044,323,1715,Undirected,6,0.0,0.0
19045,1171,1358,Undirected,5,0.0,0.0
19046,1693,1286,Undirected,1,0.0,0.0
19047,717,822,Undirected,6,0.0,0.0
19048,401,1629,Undirected,15,0.0,0.0
19049,468,983,Undirected,2,0.0,0.0
19050,585,1979,Undirected,1,0.0,0.0
19051,160,974,Undirected,1,0.0,0.0
19052,1612,1612,Undirected,18,0.0,0.0
19053,1308,1005,Undirected,1,0.0,0.0
19054,612,1503,Undirected,7,0.0,0.0
19055,856,856,Undirected,112,0.0,0.0
19056,33,870,Undirected,1,0.0,0.0
19057,985,995,Undirected,33,0.0,0.0
19058,539,539,Undirected,48,0.0,0.0
19059,1739,757,Undirected,2,0.0,0.0
19060,1484,1268,Undirected,9,0.0,0.0
19061,1772,517,Undirected,6,2.6790226183679555e-07,0.23050111543297494
19062,691,527,Undirected,4,0.0,0.0
19063,1254,1511,Undirected,40,0.0,0.0
19064,308,1758,Undirected,5,0.0,0.0
19065,1560,212,Undirected,1,0.0,0.0
19066,104,1688,Undirected,6,0.0,0.0
19067,1357,1087,Undirected,8,0.0,0.0
19068,1155,612,Undirected,18,0.0,0.0
19069,1966,1815,Undirected,3,0.0,0.0
19070,1114,1114,Undirected,36,0.0,0.0
19071,835,1363,Undirected,5,0.0,0.0
19072,1624,990,Undirected,1,0.0,0.0
19073,901,502,Undirected,2,0.0,0.0
19074,640,1236,Undirected,2,0.0,0.0
19075,891,891,Undirected,24,0.0,0.0
19076,92,1965,Undirected,27,0.0,0.0
19077,782,983,Undirected,2,0.0,0.0
19078,1619,772,Undirected,7,0.0,0.0
19079,1176,677,Undirected,2,0.0,0.0
19080,1763,1357,Undirected,2,0.0,0.0
19081,1883,1763,Undirected,2,0.0,0.0
19082,298,1650,Undirected,24,0.0,0.0
19083,815,815,Undirected,34,0.0,0.0
19084,906,1543,Undirected,37,0.0,0.0
19085,1017,630,Undirected,2,0.0,0.0
19086,936,1784,Undirected,1,0.0,0.0
19087,644,447,Undirected,1,0.0,0.0
19088,1966,1966,Undirected,131,0.0,0.0
19089,1011,327,Undirected,2,0.0,0.0
19090,249,1442,Undirected,4,0.0,0.0
19091,908,1772,Undirected,6,0.0,0.0
19092,1853,421,Undirected,3,0.0,0.0
19093,1345,85,Undirected,1,0.0,0.0
19094,538,1827,Undirected,2,0.0,0.0
19095,1344,780,Undirected,5,0.0,0.0
19096,92,92,Undirected,93,0.0,0.0
19097,1257,969,Undirected,1,0.0,0.0
19098,592,59,Undirected,1,0.0,0.0
19099,368,182,Undirected,4,0.0,0.0
19100,1137,1115,Undirected,2,0.0,0.0
19101,970,998,Undirected,7,0.0,0.0
19102,1336,1701,Undirected,2,0.0,0.0
19103,1778,275,Undirected,2,0.0,0.0
19104,464,1896,Undirected,6,0.0,0.0
19105,1958,1958,Undirected,4,0.0,0.0
19106,788,734,Undirected,2,0.0,0.0
19107,393,1933,Undirected,4,0.0,0.0
19108,1577,1201,Undirected,3,0.0,0.0
19109,1853,1647,Undirected,1,0.0,0.0
19110,489,1403,Undirected,32,0.0,0.0
19111,499,1652,Undirected,11,0.0,0.0
19112,1712,1988,Undirected,3,0.0,0.0
19113,1149,1149,Undirected,3,0.0,0.0
19114,1260,1260,Undirected,5,0.0,0.0
19115,1434,853,Undirected,129,0.0,0.0
19116,852,1653,Undirected,1,0.0,0.0
19117,1153,1437,Undirected,19,0.0,0.0
19118,1824,979,Undirected,1,0.0,0.0
19119,896,1528,Undirected,1,0.0,0.0
19120,833,229,Undirected,1,0.0,0.0
19121,313,1420,Undirected,4,0.0,0.0
19122,1700,1812,Undirected,2,0.0,0.0
19123,1427,1742,Undirected,3,0.0,0.0
19124,217,606,Undirected,2,0.0,0.0
19125,1778,1836,Undirected,10,0.0,0.0
19126,1528,1205,Undirected,3,0.0,0.0
19127,1787,1845,Undirected,2,0.0,0.0
19128,1697,870,Undirected,1,0.0,0.0
19129,1995,1630,Undirected,1,0.0,0.0
19130,980,1974,Undirected,5,0.0,0.0
19131,1129,1874,Undirected,2,0.0,0.0
19132,1992,1293,Undirected,2,0.0,0.0
19133,1101,237,Undirected,5,0.0,0.0
19134,481,1510,Undirected,1,0.0,0.0
19135,1320,1390,Undirected,2,0.0,0.0
19136,904,46,Undirected,1,0.0,0.0
19137,1687,1687,Undirected,4,0.0,0.0
19138,969,1220,Undirected,1,0.0,0.0
19139,936,215,Undirected,4,0.0,0.0
19140,560,110,Undirected,1,0.0,0.0
19141,611,334,Undirected,27,0.0,0.0
19142,1106,1628,Undirected,3,0.0,0.0
19143,1824,1974,Undirected,27,0.0,0.0
19144,1504,1695,Undirected,3,0.0,0.0
19145,1187,1175,Undirected,1,0.0,0.0
19146,528,792,Undirected,2,0.0,0.0
19147,1400,1218,Undirected,2,0.0,0.0
19148,1137,822,Undirected,1,0.0,0.0
19149,1265,371,Undirected,1,0.0,0.0
19150,1032,1754,Undirected,89,0.0,0.0
19151,1762,438,Undirected,18,0.0,0.0
19152,1790,831,Undirected,3,0.0,0.0
19153,1971,741,Undirected,3,0.0,0.0
19154,754,1287,Undirected,5,0.0,0.0
19155,1185,417,Undirected,19,0.0,0.0
19156,1896,1337,Undirected,3,0.0,0.0
19157,1141,686,Undirected,27,0.0,0.0
19158,1289,341,Undirected,3,0.0,0.0
19159,1841,1703,Undirected,5,0.0,0.0
19160,1404,1375,Undirected,20,0.0,0.0
19161,1315,1924,Undirected,8,0.0,0.0
19162,433,1155,Undirected,8,0.0,0.0
19163,1904,1904,Undirected,33,0.0,0.0
19164,228,797,Undirected,6,0.0,0.0
19165,1884,118,Undirected,2,0.0,0.0
19166,1152,1340,Undirected,3,0.0,0.0
19167,1176,1628,Undirected,1,0.0,0.0
19168,832,419,Undirected,1,0.0,0.0
19169,1051,451,Undirected,1,0.0,0.0
19170,1251,612,Undirected,4,0.0,0.0
19171,1178,651,Undirected,2,0.0,0.0
19172,1875,1549,Undirected,4,0.0,0.0
19173,1769,1150,Undirected,1,0.0,0.0
19174,505,1218,Undirected,2,0.0,0.0
19175,1665,1665,Undirected,104,0.0,0.0
19176,1426,476,Undirected,4,0.0,0.0
19177,216,1338,Undirected,6,0.0,0.0
19178,256,916,Undirected,5,0.0,0.0
19179,1547,1382,Undirected,2,0.0,0.0
19180,1689,1335,Undirected,1,0.0,0.0
19181,1480,1451,Undirected,1,0.0,0.0
19182,1960,1773,Undirected,1,0.0,0.0
19183,1890,1413,Undirected,42,0.0,0.0
19184,842,524,Undirected,8,0.0,0.0
19185,1618,130,Undirected,52,0.0,0.0
19186,1595,1007,Undirected,1,0.0,0.0
19187,648,512,Undirected,1,0.0,0.0
19188,1312,235,Undirected,1,0.0,0.0
19189,1487,1487,Undirected,12,0.0,0.0
19190,1475,1375,Undirected,4,0.0,0.0
19191,1586,1586,Undirected,50,0.0,0.0
19192,832,780,Undirected,5,0.0,0.0
19193,1720,1720,Undirected,479,0.0,0.0
19194,1780,1503,Undirected,1,0.0,0.0
19195,1418,1604,Undirected,1,0.0,0.0
19196,1348,1348,Undirected,106,0.0,0.0
19197,1022,1815,Undirected,4,0.0,0.0
19198,332,1557,Undirected,4,0.0,0.0
19199,834,1879,Undirected,1,0.0,0.0
19200,993,281,Undirected,1,0.0,0.0
19201,1644,213,Undirected,11,0.0,0.0
19202,421,1855,Undirected,4,0.0,0.0
19203,1401,1807,Undirected,2,0.0,0.0
19204,1033,901,Undirected,9,0.0,0.0
19205,266,1093,Undirected,16,0.0,0.0
19206,770,387,Undirected,2,0.0,0.0
19207,1000,1657,Undirected,13,0.0,0.0
19208,1824,1484,Undirected,150,0.0,0.0
19209,90,1635,Undirected,3,0.0,0.0
19210,228,1207,Undirected,4,0.0,0.0
19211,1406,1158,Undirected,2,0.0,0.0
19212,1938,1839,Undirected,1,0.0,0.0
19213,377,842,Undirected,3,0.0,0.0
19214,811,462,Undirected,3,0.0,0.0
19215,76,1190,Undirected,6,0.0,0.0
19216,1938,1453,Undirected,42,0.0,0.0
19217,1476,1926,Undirected,2,0.0,0.0
19218,378,813,Undirected,3,0.0,0.0
19219,939,1860,Undirected,4,0.0,0.0
19220,1754,1925,Undirected,3,0.0,0.0
19221,1427,1854,Undirected,3,0.0,0.0
19222,57,1815,Undirected,1,0.0,0.0
19223,328,235,Undirected,43,0.0,0.0
19224,832,1376,Undirected,17,0.0,0.0
19225,1851,662,Undirected,1,0.0,0.0
19226,853,1783,Undirected,27,0.0,0.0
19227,1575,1575,Undirected,32,0.0,0.0
19228,328,964,Undirected,33,0.0,0.0
19229,1585,38,Undirected,1,0.0,0.0
19230,1945,1714,Undirected,1,0.0,0.0
19231,230,230,Undirected,19,0.0,0.0
19232,640,1703,Undirected,4,0.0,0.0
19233,1425,1425,Undirected,39,0.0,0.0
19234,1993,740,Undirected,7,0.0,0.0
19235,1114,1595,Undirected,1,0.0,0.0
19236,1984,1555,Undirected,4,0.0,0.0
19237,1796,1556,Undirected,1,0.0,0.0
19238,712,251,Undirected,4,0.0,0.0
19239,1550,1550,Undirected,25,0.0,0.0
19240,310,310,Undirected,35,0.0,0.0
19241,896,1852,Undirected,2,0.0,0.0
19242,840,725,Undirected,7,0.0,0.0
19243,1072,852,Undirected,2,0.0,0.0
19244,107,731,Undirected,1,0.0,0.0
19245,986,1362,Undirected,3,0.0,0.0
19246,479,479,Undirected,91,0.0,0.0
19247,1824,814,Undirected,1,0.0,0.0
19248,710,727,Undirected,1,0.0,0.0
19249,1360,1604,Undirected,6,0.0,0.0
19250,980,1973,Undirected,4,0.0,0.0
19251,797,1846,Undirected,5,3.0797433221393375e-07,0.2649788270294001
19252,1733,1733,Undirected,17,0.0,0.0
19253,995,1357,Undirected,4,0.0,0.0
19254,1229,869,Undirected,2,0.0,0.0
19255,1600,1600,Undirected,56,0.0,0.0
19256,780,1989,Undirected,27,0.0,0.0
19257,661,1087,Undirected,23,0.0,0.0
19258,417,1346,Undirected,24,0.0,0.0
19259,1318,711,Undirected,13,0.0,0.0
19260,1752,523,Undirected,1,0.0,0.0
19261,877,1663,Undirected,1,0.0,0.0
19262,698,1476,Undirected,3,0.0,0.0
19263,1137,1469,Undirected,2,0.0,0.0
19264,769,1644,Undirected,1,0.0,0.0
19265,1504,1890,Undirected,1,0.0,0.0
19266,1841,1174,Undirected,1,0.0,0.0
19267,435,1278,Undirected,2,0.0,0.0
19268,1357,1286,Undirected,3,0.0,0.0
19269,1772,1100,Undirected,1,0.0,0.0
19270,1001,1001,Undirected,252,0.0,0.0
19271,765,1654,Undirected,9,0.0,0.0
19272,922,925,Undirected,1,0.0,0.0
19273,1154,492,Undirected,8,0.0,0.0
19274,2,1567,Undirected,7,0.0,0.0
19275,1938,1804,Undirected,3,0.0,0.0
19276,1803,1700,Undirected,1,0.0,0.0
19277,515,438,Undirected,3,0.0,0.0
19278,128,1834,Undirected,1,0.0,0.0
19279,347,911,Undirected,1,0.0,0.0
19280,1681,1838,Undirected,5,0.0,0.0
19281,1453,1974,Undirected,43,0.0,0.0
19282,1654,671,Undirected,2,0.0,0.0
19283,577,1190,Undirected,8,0.0,0.0
19284,717,1653,Undirected,3,0.0,0.0
19285,152,1281,Undirected,38,0.0,0.0
19286,1563,68,Undirected,2,0.0,0.0
19287,929,533,Undirected,2,0.0,0.0
19288,186,1391,Undirected,1,0.0,0.0
19289,693,1966,Undirected,4,0.0,0.0
19290,1148,1774,Undirected,4,0.0,0.0
19291,452,1591,Undirected,1,0.0,0.0
19292,1420,1684,Undirected,3,0.0,0.0
19293,1893,1199,Undirected,1,0.0,0.0
19294,1944,443,Undirected,10,0.0,0.0
19295,16,1941,Undirected,1,0.0,0.0
19296,1539,5,Undirected,9,4.4569762042401185e-07,0.3834749208505832
19297,1944,1800,Undirected,1,0.0,0.0
19298,587,1484,Undirected,1,0.0,0.0
19299,1098,246,Undirected,12,0.0,0.0
19300,1385,1762,Undirected,3,0.0,0.0
19301,1978,1978,Undirected,21,0.0,0.0
19302,1042,1269,Undirected,2,0.0,0.0
19303,484,1229,Undirected,4,0.0,0.0
19304,33,818,Undirected,10,3.946956564496158e-07,0.3395932100178006
19305,378,1219,Undirected,1,0.0,0.0
19306,1912,1289,Undirected,1,0.0,0.0
19307,1555,1839,Undirected,48,0.0,0.0
19308,1468,1244,Undirected,1,0.0,0.0
19309,1736,1849,Undirected,4,0.0,0.0
19310,1009,1627,Undirected,1,0.0,0.0
19311,1418,197,Undirected,1,0.0,0.0
19312,1296,1020,Undirected,3,0.0,0.0
19313,418,789,Undirected,3,0.0,0.0
19314,1344,580,Undirected,1,0.0,0.0
19315,1883,1837,Undirected,26,0.0,0.0
19316,128,979,Undirected,5,0.0,0.0
19317,544,1768,Undirected,1,0.0,0.0
19318,1943,1943,Undirected,12,0.0,0.0
19319,1833,1477,Undirected,1,0.0,0.0
19320,1491,772,Undirected,1,0.0,0.0
19321,433,758,Undirected,11,0.0,0.0
19322,1289,1777,Undirected,8,5.266360169091594e-07,0.45311371577254717
19323,275,1734,Undirected,2,0.0,0.0
19324,1257,1258,Undirected,1,0.0,0.0
19325,1009,1700,Undirected,1,0.0,0.0
19326,947,1509,Undirected,13,0.0,0.0
19327,1480,695,Undirected,69,0.0,0.0
19328,1344,1964,Undirected,6,0.0,0.0
19329,1937,780,Undirected,3,0.0,0.0
19330,731,869,Undirected,15,0.0,0.0
19331,1486,406,Undirected,2,0.0,0.0
19332,806,583,Undirected,2,0.0,0.0
19333,1824,1758,Undirected,30,0.0,0.0
19334,1809,1269,Undirected,1,0.0,0.0
19335,1955,838,Undirected,1,0.0,0.0
19336,1147,941,Undirected,3,0.0,0.0
19337,450,381,Undirected,1,0.0,0.0
19338,1714,1604,Undirected,4,0.0,0.0
19339,1280,1439,Undirected,2,0.0,0.0
19340,1217,1677,Undirected,1,0.0,0.0
19341,969,1428,Undirected,1,0.0,0.0
19342,890,890,Undirected,5,0.0,0.0
19343,1528,1776,Undirected,3,0.0,0.0
19344,155,1006,Undirected,1,0.0,0.0
19345,1853,1614,Undirected,2,0.0,0.0
19346,396,396,Undirected,65,0.0,0.0
19347,1763,1838,Undirected,1,0.0,0.0
19348,1492,1774,Undirected,1,0.0,0.0
19349,1123,1932,Undirected,1,0.0,0.0
19350,900,404,Undirected,4,0.0,0.0
19351,368,667,Undirected,44,0.0,0.0
19352,364,1877,Undirected,8,0.0,0.0
19353,517,1983,Undirected,1,0.0,0.0
19354,561,967,Undirected,7,0.0,0.0
19355,342,1294,Undirected,1,0.0,0.0
19356,272,680,Undirected,1,0.0,0.0
19357,1555,1195,Undirected,1,0.0,0.0
19358,1777,1300,Undirected,12,0.0,0.0
19359,1331,725,Undirected,17,0.0,0.0
19360,452,623,Undirected,1,0.0,0.0
19361,1273,1129,Undirected,16,0.0,0.0
19362,1600,307,Undirected,1,0.0,0.0
19363,1141,1319,Undirected,3,0.0,0.0
19364,251,1311,Undirected,38,0.0,0.0
19365,112,1741,Undirected,1,0.0,0.0
19366,1376,130,Undirected,149,0.0,0.0
19367,1869,1725,Undirected,1,0.0,0.0
19368,1390,1926,Undirected,4,0.0,0.0
19369,1153,690,Undirected,2,0.0,0.0
19370,477,999,Undirected,1,0.0,0.0
19371,1045,134,Undirected,13,0.0,0.0
19372,1803,877,Undirected,1,0.0,0.0
19373,985,1453,Undirected,1,0.0,0.0
19374,1319,1511,Undirected,1,0.0,0.0
19375,1417,1417,Undirected,35,0.0,0.0
19376,613,199,Undirected,1,0.0,0.0
19377,869,1287,Undirected,4,0.0,0.0
19378,1888,1549,Undirected,1,0.0,0.0
19379,213,1694,Undirected,1,0.0,0.0
19380,1205,991,Undirected,9,0.0,0.0
19381,879,879,Undirected,54,0.0,0.0
19382,592,218,Undirected,13,0.0,0.0
19383,793,981,Undirected,4,0.0,0.0
19384,1996,1756,Undirected,1,0.0,0.0
19385,516,341,Undirected,4,0.0,0.0
19386,1211,30,Undirected,1,0.0,0.0
19387,1820,1527,Undirected,6,0.0,0.0
19388,433,1404,Undirected,3,0.0,0.0
19389,1338,1338,Undirected,57,0.0,0.0
19390,1026,773,Undirected,1,0.0,0.0
19391,1783,911,Undirected,4,0.0,0.0
19392,1010,189,Undirected,67,0.0,0.0
19393,1584,798,Undirected,2,0.0,0.0
19394,305,834,Undirected,1,0.0,0.0
19395,1155,1973,Undirected,7,0.0,0.0
19396,1947,942,Undirected,1,0.0,0.0
19397,752,1265,Undirected,9,0.0,0.0
19398,1642,684,Undirected,7,0.0,0.0
19399,1105,1516,Undirected,2,0.0,0.0
19400,675,675,Undirected,17,0.0,0.0
19401,1881,1778,Undirected,1,0.0,0.0
19402,178,1974,Undirected,8,0.0,0.0
19403,1265,1335,Undirected,2,0.0,0.0
19404,648,648,Undirected,11,0.0,0.0
19405,1073,1659,Undirected,6,3.8623786713145574e-07,0.3323161909341743
19406,1610,1373,Undirected,1,0.0,0.0
19407,1024,1069,Undirected,1,0.0,0.0
19408,724,1532,Undirected,1,0.0,0.0
19409,1761,1761,Undirected,35,0.0,0.0
19410,1937,1619,Undirected,1,0.0,0.0
19411,321,1439,Undirected,1,0.0,0.0
19412,716,1933,Undirected,25,0.0,0.0
19413,1169,350,Undirected,2,0.0,0.0
19414,1322,1549,Undirected,1,0.0,0.0
19415,1565,1565,Undirected,18,0.0,0.0
19416,1235,1725,Undirected,6,0.0,0.0
19417,657,873,Undirected,1,0.0,0.0
19418,1308,309,Undirected,1,0.0,0.0
19419,1029,591,Undirected,5,0.0,0.0
19420,1327,1327,Undirected,50,0.0,0.0
19421,732,732,Undirected,53,0.0,0.0
19422,1195,1838,Undirected,29,0.0,0.0
19423,996,430,Undirected,3,0.0,0.0
19424,210,797,Undirected,1,0.0,0.0
19425,1962,591,Undirected,8,0.0,0.0
19426,1680,751,Undirected,14,0.0,0.0
19427,1194,1739,Undirected,8,0.0,0.0
19428,601,1171,Undirected,39,0.0,0.0
19429,228,1543,Undirected,2,0.0,0.0
19430,432,990,Undirected,1,0.0,0.0
19431,809,809,Undirected,9,0.0,0.0
19432,873,359,Undirected,1,0.0,0.0
19433,1272,539,Undirected,17,0.0,0.0
19434,256,449,Undirected,1,0.0,0.0
19435,1553,620,Undirected,22,0.0,0.0
19436,515,1543,Undirected,53,0.0,0.0
19437,378,947,Undirected,2,0.0,0.0
19438,1627,1989,Undirected,2,0.0,0.0
19439,1588,1308,Undirected,1,0.0,0.0
19440,1759,1759,Undirected,13,0.0,0.0
19441,1995,1774,Undirected,9,0.0,0.0
19442,442,1918,Undirected,2,0.0,0.0
19443,1809,690,Undirected,20,0.0,0.0
19444,1964,1813,Undirected,2,0.0,0.0
19445,1800,1627,Undirected,19,0.0,0.0
19446,149,149,Undirected,10,0.0,0.0
19447,867,285,Undirected,1,0.0,0.0
19448,561,1921,Undirected,1,0.0,0.0
19449,1363,955,Undirected,2,0.0,0.0
19450,1824,1783,Undirected,23,0.0,0.0
19451,1961,187,Undirected,6,0.0,0.0
19452,1700,1814,Undirected,4,0.0,0.0
19453,1400,893,Undirected,2,0.0,0.0
19454,592,915,Undirected,1,0.0,0.0
19455,690,1639,Undirected,5,0.0,0.0
19456,1129,269,Undirected,3,0.0,0.0
19457,1273,1327,Undirected,1,0.0,0.0
19458,740,151,Undirected,13,0.0,0.0
19459,97,97,Undirected,16,0.0,0.0
19460,761,1378,Undirected,4,0.0,0.0
19461,198,198,Undirected,270,0.0,0.0
19462,1285,1638,Undirected,7,0.0,0.0
19463,874,995,Undirected,1,0.0,0.0
19464,1773,1133,Undirected,1,0.0,0.0
19465,898,1197,Undirected,2,0.0,0.0
19466,999,1399,Undirected,2,3.166646931459937e-07,0.2724559490014993
19467,1195,1974,Undirected,27,0.0,0.0
19468,1828,1453,Undirected,3,0.0,0.0
19469,1763,1316,Undirected,54,0.0,0.0
19470,880,1356,Undirected,25,0.0,0.0
19471,1474,1794,Undirected,1,0.0,0.0
19472,1432,88,Undirected,3,0.0,0.0
19473,123,1166,Undirected,49,0.0,0.0
19474,1714,1340,Undirected,1,0.0,0.0
19475,410,1231,Undirected,2,0.0,0.0
19476,956,956,Undirected,124,0.0,0.0
19477,1818,845,Undirected,1,0.0,0.0
19478,1174,1383,Undirected,1,0.0,0.0
19479,1170,895,Undirected,3,0.0,0.0
19480,352,556,Undirected,1,0.0,0.0
19481,882,1403,Undirected,2,0.0,0.0
19482,584,1382,Undirected,1,0.0,0.0
19483,1969,1318,Undirected,8,0.0,0.0
19484,1612,357,Undirected,1,0.0,0.0
19485,1018,567,Undirected,1,0.0,0.0
19486,1892,1892,Undirected,8,0.0,0.0
19487,566,1847,Undirected,4,0.0,0.0
19488,1396,1396,Undirected,42,0.0,0.0
19489,216,134,Undirected,22,0.0,0.0
19490,16,1102,Undirected,5,0.0,0.0
19491,1325,758,Undirected,8,0.0,0.0
19492,1669,1669,Undirected,98,0.0,0.0
19493,1227,325,Undirected,2,0.0,0.0
19494,880,1947,Undirected,11,0.0,0.0
19495,1025,444,Undirected,1,0.0,0.0
19496,640,1998,Undirected,2,0.0,0.0
19497,1979,1892,Undirected,1,0.0,0.0
19498,833,693,Undirected,6,0.0,0.0
19499,850,1995,Undirected,1,0.0,0.0
19500,1251,1973,Undirected,1,0.0,0.0
19501,641,1486,Undirected,1,0.0,0.0
19502,466,722,Undirected,3,0.0,0.0
19503,1714,1079,Undirected,7,0.0,0.0
19504,1241,948,Undirected,4,0.0,0.0
19505,706,1717,Undirected,4,0.0,0.0
19506,1026,903,Undirected,1,0.0,0.0
19507,1785,1627,Undirected,1,0.0,0.0
19508,371,973,Undirected,6,0.0,0.0
19509,282,851,Undirected,19,0.0,0.0
19510,540,1206,Undirected,3,0.0,0.0
19511,217,1750,Undirected,32,0.0,0.0
19512,1533,38,Undirected,6,0.0,0.0
19513,1720,1380,Undirected,24,0.0,0.0
19514,1170,19,Undirected,11,0.0,0.0
19515,904,1642,Undirected,1,0.0,0.0
19516,1928,1251,Undirected,1,0.0,0.0
19517,1705,1918,Undirected,14,0.0,0.0
19518,1641,580,Undirected,1,0.0,0.0
19519,1744,628,Undirected,1,0.0,0.0
19520,408,499,Undirected,1,0.0,0.0
19521,1459,983,Undirected,2,0.0,0.0
19522,1345,566,Undirected,8,0.0,0.0
19523,1966,1527,Undirected,1,0.0,0.0
19524,1133,1253,Undirected,1,0.0,0.0
19525,1112,1543,Undirected,1,0.0,0.0
19526,304,1463,Undirected,6,4.089942909811574e-07,0.3518956489225404
19527,811,1767,Undirected,1,0.0,0.0
19528,1020,1479,Undirected,5,0.0,0.0
19529,1400,1945,Undirected,1,0.0,0.0
19530,1042,388,Undirected,14,0.0,0.0
19531,1210,1435,Undirected,1,0.0,0.0
19532,1594,653,Undirected,4,0.0,0.0
19533,400,400,Undirected,635,0.0,0.0
19534,1032,369,Undirected,3,0.0,0.0
19535,331,756,Undirected,3,0.0,0.0
19536,1394,1638,Undirected,5,0.0,0.0
19537,1641,1932,Undirected,1,0.0,0.0
19538,1396,692,Undirected,1,0.0,0.0
19539,1691,1055,Undirected,9,0.0,0.0
19540,1268,1268,Undirected,98,0.0,0.0
19541,1734,271,Undirected,10,0.0,0.0
19542,1289,831,Undirected,16,6.182704115713059e-07,0.531955268049241
19543,825,1310,Undirected,2,0.0,0.0
19544,1662,390,Undirected,3,4.088747105564339e-07,0.3517927628136523
19545,856,1303,Undirected,22,0.0,0.0
19546,210,492,Undirected,7,2.7564602825797304e-07,0.23716379452159422
19547,1297,734,Undirected,3,0.0,0.0
19548,825,825,Undirected,65,0.0,0.0
19549,579,1220,Undirected,1,0.0,0.0
19550,1668,1727,Undirected,4,0.0,0.0
19551,614,998,Undirected,8,0.0,0.0
19552,936,415,Undirected,3,0.0,0.0
19553,438,438,Undirected,120,0.0,0.0
19554,906,734,Undirected,2,0.0,0.0
19555,1097,1097,Undirected,58,0.0,0.0
19556,275,1054,Undirected,1,0.0,0.0
19557,1568,1734,Undirected,1,0.0,0.0
19558,1945,1490,Undirected,7,0.0,0.0
19559,1314,462,Undirected,6,0.0,0.0
19560,1756,1684,Undirected,4,0.0,0.0
19561,1130,1287,Undirected,2,0.0,0.0
19562,1435,1879,Undirected,5,0.0,0.0
19563,409,903,Undirected,36,0.0,0.0
19564,1584,690,Undirected,1,0.0,0.0
19565,1371,947,Undirected,1,0.0,0.0
19566,1380,1453,Undirected,20,0.0,0.0
19567,608,110,Undirected,4,0.0,0.0
19568,1285,1910,Undirected,3,0.0,0.0
19569,492,492,Undirected,213,0.0,0.0
19570,1054,1695,Undirected,1,0.0,0.0
19571,1473,1678,Undirected,20,0.0,0.0
19572,1305,1474,Undirected,1,0.0,0.0
19573,1297,1691,Undirected,21,0.0,0.0
19574,1195,1372,Undirected,11,0.0,0.0
19575,1632,1484,Undirected,3,0.0,0.0
19576,1834,979,Undirected,11,0.0,0.0
19577,818,207,Undirected,34,0.0,0.0
19578,1602,322,Undirected,1,0.0,0.0
19579,907,68,Undirected,2,0.0,0.0
19580,1754,1420,Undirected,70,0.0,0.0
19581,1289,1948,Undirected,5,0.0,0.0
19582,427,427,Undirected,45,0.0,0.0
19583,80,1559,Undirected,11,0.0,0.0
19584,771,1758,Undirected,1,0.0,0.0
19585,686,686,Undirected,101,0.0,0.0
19586,813,1959,Undirected,2,0.0,0.0
19587,1330,334,Undirected,29,0.0,0.0
19588,290,291,Undirected,4,0.0,0.0
19589,1033,1839,Undirected,1,0.0,0.0
19590,1635,523,Undirected,2,0.0,0.0
19591,698,1492,Undirected,1,0.0,0.0
19592,1963,1926,Undirected,7,0.0,0.0
19593,1107,741,Undirected,1,0.0,0.0
19594,1720,1883,Undirected,1,0.0,0.0
19595,1044,1780,Undirected,1,0.0,0.0
19596,1513,1513,Undirected,23,0.0,0.0
19597,1730,659,Undirected,3,0.0,0.0
19598,1453,1551,Undirected,1,0.0,0.0
19599,1257,1855,Undirected,1,0.0,0.0
19600,1824,1848,Undirected,2,0.0,0.0
19601,1420,1509,Undirected,49,0.0,0.0
19602,847,847,Undirected,6,0.0,0.0
19603,1432,125,Undirected,1,0.0,0.0
19604,1593,551,Undirected,5,0.0,0.0
19605,299,815,Undirected,2,0.0,0.0
19606,1682,871,Undirected,2,0.0,0.0
19607,1541,695,Undirected,3,0.0,0.0
19608,1248,1375,Undirected,3,0.0,0.0
19609,1880,1828,Undirected,27,0.0,0.0
19610,1696,1901,Undirected,2,0.0,0.0
19611,260,263,Undirected,2,0.0,0.0
19612,1847,1007,Undirected,1,0.0,0.0
19613,415,1335,Undirected,1,0.0,0.0
19614,1024,434,Undirected,1,0.0,0.0
19615,68,341,Undirected,9,0.0,0.0
19616,1930,1605,Undirected,4,0.0,0.0
19617,970,511,Undirected,12,0.0,0.0
19618,1937,603,Undirected,2,0.0,0.0
19619,859,556,Undirected,2,0.0,0.0
19620,1464,1588,Undirected,5,0.0,0.0
19621,1276,1055,Undirected,6,0.0,0.0
19622,1792,1792,Undirected,19,0.0,0.0
19623,1605,1294,Undirected,2,0.0,0.0
19624,690,396,Undirected,1,0.0,0.0
19625,1027,396,Undirected,1,0.0,0.0
19626,1466,1758,Undirected,6,0.0,0.0
19627,1875,1877,Undirected,16,0.0,0.0
19628,22,22,Undirected,19,0.0,0.0
19629,250,188,Undirected,5,0.0,0.0
19630,1361,1498,Undirected,2,0.0,0.0
19631,979,1319,Undirected,2,0.0,0.0
19632,969,1748,Undirected,10,0.0,0.0
19633,1273,1023,Undirected,5,0.0,0.0
19634,1060,1543,Undirected,15,0.0,0.0
19635,995,758,Undirected,3,0.0,0.0
19636,1236,822,Undirected,9,0.0,0.0
19637,449,789,Undirected,2,0.0,0.0
19638,970,115,Undirected,1,0.0,0.0
19639,1126,1126,Undirected,12,0.0,0.0
19640,548,741,Undirected,1,0.0,0.0
19641,1932,1644,Undirected,1,0.0,0.0
19642,993,1638,Undirected,1,0.0,0.0
19643,1504,1583,Undirected,17,0.0,0.0
19644,369,711,Undirected,16,0.0,0.0
19645,1827,1827,Undirected,1118,0.0,0.0
19646,1930,1294,Undirected,4,0.0,0.0
19647,433,995,Undirected,21,0.0,0.0
19648,1897,621,Undirected,11,0.0,0.0
19649,1346,907,Undirected,2,0.0,0.0
19650,625,1455,Undirected,52,0.0,0.0
19651,1957,1311,Undirected,11,0.0,0.0
19652,728,1380,Undirected,28,0.0,0.0
19653,250,1819,Undirected,5,0.0,0.0
19654,1360,1152,Undirected,1,0.0,0.0
19655,1243,1614,Undirected,1,0.0,0.0
19656,1824,686,Undirected,3,0.0,0.0
19657,1584,1538,Undirected,1,0.0,0.0
19658,1930,468,Undirected,2,0.0,0.0
19659,1998,1647,Undirected,15,0.0,0.0
19660,120,120,Undirected,384,0.0,0.0
19661,1240,937,Undirected,19,0.0,0.0
19662,691,1149,Undirected,1,0.0,0.0
19663,832,1964,Undirected,6,0.0,0.0
19664,1288,1429,Undirected,1,0.0,0.0
19665,1664,1664,Undirected,572,0.0,0.0
19666,1395,1579,Undirected,2,0.0,0.0
19667,1884,1884,Undirected,39,0.0,0.0
19668,1134,1151,Undirected,1,0.0,0.0
19669,924,1927,Undirected,3,0.0,0.0
19670,1796,383,Undirected,12,0.0,0.0
19671,1657,949,Undirected,3,0.0,0.0
19672,1682,947,Undirected,1,0.0,0.0
19673,1185,1927,Undirected,29,0.0,0.0
19674,1466,1434,Undirected,7,0.0,0.0
19675,1585,489,Undirected,2,0.0,0.0
19676,1193,1853,Undirected,2,0.0,0.0
19677,1316,1509,Undirected,2,0.0,0.0
19678,432,1354,Undirected,4,0.0,0.0
19679,770,1574,Undirected,3,0.0,0.0
19680,1404,1372,Undirected,12,0.0,0.0
19681,1517,1967,Undirected,12,0.0,0.0
19682,1980,814,Undirected,30,0.0,0.0
19683,1236,1703,Undirected,7,0.0,0.0
19684,1824,1194,Undirected,2,0.0,0.0
19685,1513,1837,Undirected,1,0.0,0.0
19686,1402,1427,Undirected,1,0.0,0.0
19687,1112,391,Undirected,4,0.0,0.0
19688,689,811,Undirected,3,0.0,0.0
19689,1352,1862,Undirected,1,0.0,0.0
19690,816,1213,Undirected,4,0.0,0.0
19691,1689,383,Undirected,1,0.0,0.0
19692,1183,655,Undirected,4,0.0,0.0
19693,1298,1279,Undirected,5,0.0,0.0
19694,1408,1678,Undirected,9,0.0,0.0
19695,63,63,Undirected,13,0.0,0.0
19696,585,1287,Undirected,3,0.0,0.0
19697,1800,459,Undirected,10,0.0,0.0
19698,1083,310,Undirected,1,0.0,0.0
19699,740,5,Undirected,10,0.0,0.0
19700,1184,719,Undirected,1,0.0,0.0
19701,187,1167,Undirected,12,0.0,0.0
19702,1568,603,Undirected,1,0.0,0.0
19703,214,1102,Undirected,3,0.0,0.0
19704,1450,788,Undirected,3,0.0,0.0
19705,1041,1682,Undirected,3,0.0,0.0
19706,392,97,Undirected,1,0.0,0.0
19707,945,1743,Undirected,6,0.0,0.0
19708,622,1783,Undirected,2,0.0,0.0
19709,1577,1554,Undirected,4,0.0,0.0
19710,1944,459,Undirected,6,0.0,0.0
19711,424,1674,Undirected,8,0.0,0.0
19712,27,795,Undirected,29,0.0,0.0
19713,1155,1195,Undirected,83,0.0,0.0
19714,1324,927,Undirected,1,0.0,0.0
19715,1369,122,Undirected,3,0.0,0.0
19716,1841,677,Undirected,1,0.0,0.0
19717,1801,1036,Undirected,1,0.0,0.0
19718,624,624,Undirected,21,0.0,0.0
19719,952,1930,Undirected,1,0.0,0.0
19720,433,1681,Undirected,97,0.0,0.0
19721,580,1639,Undirected,4,0.0,0.0
19722,1482,483,Undirected,6,0.0,0.0
19723,1944,195,Undirected,7,0.0,0.0
19724,591,1671,Undirected,3,0.0,0.0
19725,291,1716,Undirected,2,0.0,0.0
19726,635,948,Undirected,1,0.0,0.0
19727,273,1429,Undirected,8,0.0,0.0
19728,810,998,Undirected,5,0.0,0.0
19729,1828,911,Undirected,3,0.0,0.0
19730,1777,811,Undirected,1,0.0,0.0
19731,1718,1718,Undirected,33,0.0,0.0
19732,467,1991,Undirected,2,0.0,0.0
19733,651,517,Undirected,8,0.0,0.0
19734,978,1570,Undirected,1,0.0,0.0
19735,1154,1324,Undirected,7,0.0,0.0
19736,1274,1230,Undirected,2,0.0,0.0
19737,382,1087,Undirected,1,0.0,0.0
19738,753,1023,Undirected,1,0.0,0.0
19739,1392,496,Undirected,2,0.0,0.0
19740,1644,847,Undirected,1,0.0,0.0
19741,216,1310,Undirected,4,0.0,0.0
19742,201,803,Undirected,40,0.0,0.0
19743,1336,1396,Undirected,4,0.0,0.0
19744,1610,1610,Undirected,19,0.0,0.0
19745,1484,1189,Undirected,2,0.0,0.0
19746,1584,1879,Undirected,10,0.0,0.0
19747,1787,1246,Undirected,1,0.0,0.0
19748,1235,1173,Undirected,2,0.0,0.0
19749,1192,1652,Undirected,26,0.0,0.0
19750,228,1631,Undirected,3,0.0,0.0
19751,1186,1879,Undirected,27,0.0,0.0
19752,1448,854,Undirected,2,0.0,0.0
19753,811,175,Undirected,2,0.0,0.0
19754,1653,1653,Undirected,196,0.0,0.0
19755,1172,1782,Undirected,34,0.0,0.0
19756,1332,1463,Undirected,23,0.0,0.0
19757,1712,89,Undirected,1,0.0,0.0
19758,1781,879,Undirected,2,0.0,0.0
19759,1083,725,Undirected,1,0.0,0.0
19760,1251,853,Undirected,110,0.0,0.0
19761,1632,1283,Undirected,2,0.0,0.0
19762,840,1060,Undirected,1,0.0,0.0
19763,1236,1236,Undirected,32,0.0,0.0
19764,1637,1637,Undirected,53,0.0,0.0
19765,160,512,Undirected,2,0.0,0.0
19766,153,970,Undirected,1,0.0,0.0
19767,760,50,Undirected,20,0.0,0.0
19768,1345,893,Undirected,1,0.0,0.0
19769,1459,1550,Undirected,1,0.0,0.0
19770,1696,118,Undirected,1,0.0,0.0
19771,1996,1021,Undirected,1,0.0,0.0
19772,818,499,Undirected,11,0.0,0.0
19773,703,703,Undirected,90,0.0,0.0
19774,406,406,Undirected,32,0.0,0.0
19775,1837,1326,Undirected,2,0.0,0.0
19776,1810,843,Undirected,2,0.0,0.0
19777,1809,798,Undirected,2,0.0,0.0
19778,1563,1755,Undirected,7,0.0,0.0
19779,476,1389,Undirected,1,0.0,0.0
19780,939,134,Undirected,7,0.0,0.0
19781,1936,476,Undirected,6,0.0,0.0
19782,1760,937,Undirected,4,0.0,0.0
19783,137,1394,Undirected,1,0.0,0.0
19784,729,1879,Undirected,1,0.0,0.0
19785,1450,35,Undirected,5,0.0,0.0
19786,440,1810,Undirected,7,0.0,0.0
19787,1754,1509,Undirected,246,0.0,0.0
19788,228,582,Undirected,1,0.0,0.0
19789,1289,1963,Undirected,1,0.0,0.0
19790,768,1373,Undirected,3,0.0,0.0
19791,681,1743,Undirected,3,0.0,0.0
19792,1938,1141,Undirected,1,0.0,0.0
19793,1640,580,Undirected,1,0.0,0.0
19794,730,1095,Undirected,8,0.0,0.0
19795,1404,1086,Undirected,2,0.0,0.0
19796,1439,991,Undirected,1,0.0,0.0
19797,1678,527,Undirected,1,0.0,0.0
19798,1180,1308,Undirected,1,0.0,0.0
19799,728,711,Undirected,2,0.0,0.0
19800,1281,612,Undirected,1,0.0,0.0
19801,920,1482,Undirected,2,0.0,0.0
19802,1762,1770,Undirected,1,0.0,0.0
19803,819,1675,Undirected,3,0.0,0.0
19804,1648,1087,Undirected,11,0.0,0.0
19805,794,580,Undirected,1,0.0,0.0
19806,1161,1207,Undirected,3,0.0,0.0
19807,1776,1306,Undirected,5,0.0,0.0
19808,772,661,Undirected,1,0.0,0.0
19809,672,1994,Undirected,1,0.0,0.0
19810,395,395,Undirected,6,0.0,0.0
19811,417,1755,Undirected,9,0.0,0.0
19812,910,967,Undirected,1,0.0,0.0
19813,155,1781,Undirected,6,0.0,0.0
19814,811,1315,Undirected,2,0.0,0.0
19815,1194,1828,Undirected,1,0.0,0.0
19816,657,1637,Undirected,1,0.0,0.0
19817,1299,1439,Undirected,1,0.0,0.0
19818,40,761,Undirected,2,0.0,0.0
19819,1991,1991,Undirected,52,0.0,0.0
19820,585,1429,Undirected,3,0.0,0.0
19821,605,605,Undirected,49,0.0,0.0
19822,569,173,Undirected,2,0.0,0.0
19823,85,446,Undirected,1,0.0,0.0
19824,1643,1636,Undirected,2,0.0,0.0
19825,969,604,Undirected,1,0.0,0.0
19826,1146,1146,Undirected,16,0.0,0.0
19827,1507,659,Undirected,4,0.0,0.0
19828,1563,1563,Undirected,196,0.0,0.0
19829,1847,1847,Undirected,21,0.0,0.0
19830,1584,1837,Undirected,1,0.0,0.0
19831,795,1188,Undirected,1,0.0,0.0
19832,1032,1681,Undirected,20,0.0,0.0
19833,107,869,Undirected,9,0.0,0.0
19834,666,1230,Undirected,1,0.0,0.0
19835,27,27,Undirected,443,0.0,0.0
19836,681,822,Undirected,3,0.0,0.0
19837,1344,1995,Undirected,2,0.0,0.0
19838,1161,499,Undirected,1,0.0,0.0
19839,357,1182,Undirected,3,0.0,0.0
19840,643,799,Undirected,3,0.0,0.0
19841,40,533,Undirected,19,0.0,0.0
19842,1297,1478,Undirected,2,0.0,0.0
19843,1292,772,Undirected,1,0.0,0.0
19844,1888,1888,Undirected,17,0.0,0.0
19845,898,1359,Undirected,1,0.0,0.0
19846,1605,1711,Undirected,1,0.0,0.0
19847,1948,1654,Undirected,1,0.0,0.0
19848,1105,661,Undirected,1,0.0,0.0
19849,1850,339,Undirected,7,3.1137120602698334e-07,0.26790147201763087
19850,1020,557,Undirected,2,0.0,0.0
19851,1448,1435,Undirected,7,0.0,0.0
19852,908,973,Undirected,8,0.0,0.0
19853,1972,1628,Undirected,1,0.0,0.0
19854,1725,1862,Undirected,2,0.0,0.0
19855,848,158,Undirected,2,0.0,0.0
19856,64,738,Undirected,3,0.0,0.0
19857,808,1507,Undirected,5,0.0,0.0
19858,625,947,Undirected,3,0.0,0.0
19859,1049,1967,Undirected,1,0.0,0.0
19860,1185,1876,Undirected,2,0.0,0.0
19861,1353,182,Undirected,3,0.0,0.0
19862,1213,119,Undirected,1,0.0,0.0
19863,965,423,Undirected,2,0.0,0.0
19864,768,1797,Undirected,6,0.0,0.0
19865,1534,1983,Undirected,1,0.0,0.0
19866,1740,1839,Undirected,1,0.0,0.0
19867,1987,211,Undirected,2,0.0,0.0
19868,1268,909,Undirected,3,0.0,0.0
19869,1809,611,Undirected,19,0.0,0.0
19870,819,1509,Undirected,1,0.0,0.0
19871,1594,1060,Undirected,1,0.0,0.0
19872,1331,693,Undirected,12,0.0,0.0
19873,1337,1337,Undirected,9,0.0,0.0
19874,485,1966,Undirected,1,0.0,0.0
19875,680,1428,Undirected,1,0.0,0.0
19876,1624,1634,Undirected,9,0.0,0.0
19877,603,1491,Undirected,2,0.0,0.0
19878,1584,1925,Undirected,1,0.0,0.0
19879,642,642,Undirected,77,0.0,0.0
19880,1251,956,Undirected,1,0.0,0.0
19881,1954,1860,Undirected,4,0.0,0.0
19882,1093,1278,Undirected,15,0.0,0.0
19883,276,276,Undirected,91,0.0,0.0
19884,1476,1855,Undirected,4,0.0,0.0
19885,1596,580,Undirected,13,0.0,0.0
19886,1909,46,Undirected,2,0.0,0.0
19887,1304,902,Undirected,7,0.0,0.0
19888,1969,1455,Undirected,1,0.0,0.0
19889,1289,717,Undirected,3,0.0,0.0
19890,1152,1431,Undirected,1,0.0,0.0
19891,984,1963,Undirected,1,0.0,0.0
19892,794,1983,Undirected,1,0.0,0.0
19893,825,1154,Undirected,1,0.0,0.0
19894,1000,869,Undirected,7,0.0,0.0
19895,1370,1370,Undirected,2,0.0,0.0
19896,856,1768,Undirected,3,0.0,0.0
19897,1146,1223,Undirected,2,0.0,0.0
19898,1553,1747,Undirected,9,0.0,0.0
19899,1568,1079,Undirected,4,0.0,0.0
19900,81,290,Undirected,1,0.0,0.0
19901,1017,1212,Undirected,2,0.0,0.0
19902,680,626,Undirected,1,0.0,0.0
19903,40,693,Undirected,1,0.0,0.0
19904,722,338,Undirected,1,0.0,0.0
19905,441,291,Undirected,1,0.0,0.0
19906,1741,710,Undirected,2,0.0,0.0
19907,1289,948,Undirected,2,0.0,0.0
19908,1214,487,Undirected,3,0.0,0.0
19909,1464,778,Undirected,1,0.0,0.0
19910,1682,517,Undirected,1,0.0,0.0
19911,1153,1257,Undirected,8,0.0,0.0
19912,1297,1297,Undirected,68,0.0,0.0
19913,1944,586,Undirected,1,0.0,0.0
19914,468,1517,Undirected,1,0.0,0.0
19915,612,1838,Undirected,2,0.0,0.0
19916,1198,1198,Undirected,18,0.0,0.0
19917,1296,1457,Undirected,38,0.0,0.0
19918,1838,1511,Undirected,1,0.0,0.0
19919,914,1628,Undirected,5,0.0,0.0
19920,571,1412,Undirected,4,0.0,0.0
19921,524,524,Undirected,262,0.0,0.0
19922,1380,1758,Undirected,3,0.0,0.0
19923,1356,1959,Undirected,1,0.0,0.0
19924,1757,253,Undirected,43,0.0,0.0
19925,734,734,Undirected,151,0.0,0.0
19926,1893,1518,Undirected,2,0.0,0.0
19927,417,681,Undirected,5,0.0,0.0
19928,1283,1803,Undirected,52,0.0,0.0
19929,1186,67,Undirected,1,0.0,0.0
19930,1484,759,Undirected,2,0.0,0.0
19931,1226,1525,Undirected,3,0.0,0.0
19932,829,879,Undirected,1,0.0,0.0
19933,1405,1373,Undirected,1,0.0,0.0
19934,1032,1511,Undirected,1,0.0,0.0
19935,128,1371,Undirected,4,0.0,0.0
19936,1872,1447,Undirected,1,0.0,0.0
19937,1405,1405,Undirected,7,0.0,0.0
19938,1356,598,Undirected,2,0.0,0.0
19939,1434,1902,Undirected,3,0.0,0.0
19940,450,411,Undirected,3,0.0,0.0
19941,256,1697,Undirected,3,0.0,0.0
19942,1194,1996,Undirected,3,0.0,0.0
19943,148,1277,Undirected,1,0.0,0.0
19944,918,1631,Undirected,1,0.0,0.0
19945,1740,1758,Undirected,4,0.0,0.0
19946,226,262,Undirected,1,0.0,0.0
19947,1765,397,Undirected,5,0.0,0.0
19948,450,1494,Undirected,1,0.0,0.0
19949,0,1700,Undirected,80,0.0,0.0
19950,882,539,Undirected,1,0.0,0.0
19951,923,1549,Undirected,1,0.0,0.0
19952,1641,1685,Undirected,2,0.0,0.0
19953,1247,591,Undirected,20,0.0,0.0
19954,462,422,Undirected,1,0.0,0.0
19955,1362,1764,Undirected,10,0.0,0.0
19956,921,103,Undirected,4,0.0,0.0
19957,368,588,Undirected,11,0.0,0.0
19958,1479,1191,Undirected,8,0.0,0.0
19959,563,563,Undirected,48,0.0,0.0
19960,868,780,Undirected,2,0.0,0.0
19961,904,959,Undirected,1,0.0,0.0
19962,1584,1042,Undirected,35,0.0,0.0
19963,932,1941,Undirected,1,0.0,0.0
19964,87,87,Undirected,19,0.0,0.0
19965,1547,1195,Undirected,18,0.0,0.0
19966,1796,197,Undirected,1,0.0,0.0
19967,1244,12,Undirected,11,0.0,0.0
19968,625,1804,Undirected,1,0.0,0.0
19969,401,1262,Undirected,10,0.0,0.0
19970,1736,1051,Undirected,2,0.0,0.0
19971,102,102,Undirected,265,0.0,0.0
19972,15,15,Undirected,21,0.0,0.0
19973,1096,1949,Undirected,4,0.0,0.0
19974,808,418,Undirected,3,3.4443415837903725e-07,0.2963485905466205
19975,1368,939,Undirected,5,0.0,0.0
19976,788,1638,Undirected,1,0.0,0.0
19977,630,630,Undirected,22,0.0,0.0
19978,1673,730,Undirected,20,0.0,0.0
19979,1115,191,Undirected,6,0.0,0.0
19980,1800,1800,Undirected,39,0.0,0.0
19981,634,1266,Undirected,6,0.0,0.0
19982,1941,1638,Undirected,1,0.0,0.0
19983,1786,1076,Undirected,42,0.0,0.0
19984,153,365,Undirected,1,0.0,0.0
19985,1352,1842,Undirected,1,0.0,0.0
19986,1042,663,Undirected,15,0.0,0.0
19987,374,559,Undirected,2,0.0,0.0
19988,1605,1605,Undirected,88,0.0,0.0
19989,148,1574,Undirected,7,0.0,0.0
19990,1448,882,Undirected,4,0.0,0.0
19991,483,1004,Undirected,5,0.0,0.0
19992,662,1847,Undirected,4,0.0,0.0
19993,1384,1666,Undirected,1,0.0,0.0
19994,765,910,Undirected,4,0.0,0.0
19995,936,936,Undirected,35,0.0,0.0
19996,740,1183,Undirected,2,0.0,0.0
19997,1793,347,Undirected,1,0.0,0.0
19998,1378,1378,Undirected,208,0.0,0.0
19999,1600,299,Undirected,13,0.0,0.0
20000,1921,1921,Undirected,14,0.0,0.0
20001,1683,1716,Undirected,2,0.0,0.0
20002,251,1351,Undirected,1,0.0,0.0
20003,1969,1375,Undirected,11,0.0,0.0
20004,1848,1883,Undirected,1,0.0,0.0
20005,1684,887,Undirected,2,0.0,0.0
20006,632,1253,Undirected,15,0.0,0.0
20007,1752,970,Undirected,1,0.0,0.0
20008,1795,1259,Undirected,1,0.0,0.0
20009,1654,910,Undirected,2,0.0,0.0
20010,496,1641,Undirected,2,0.0,0.0
20011,633,1450,Undirected,9,0.0,0.0
20012,1020,1020,Undirected,154,0.0,0.0
20013,1441,1668,Undirected,2,0.0,0.0
20014,1083,411,Undirected,3,0.0,0.0
20015,1648,1153,Undirected,1,0.0,0.0
20016,1641,195,Undirected,4,0.0,0.0
20017,1681,1466,Undirected,1,0.0,0.0
20018,1146,1675,Undirected,2,0.0,0.0
20019,410,410,Undirected,21,0.0,0.0
20020,1348,1549,Undirected,9,0.0,0.0
20021,368,415,Undirected,1,0.0,0.0
20022,1960,334,Undirected,2,0.0,0.0
20023,1098,1541,Undirected,3,0.0,0.0
20024,556,1007,Undirected,5,0.0,0.0
20025,1996,711,Undirected,1,0.0,0.0
20026,603,195,Undirected,2,0.0,0.0
20027,1827,1254,Undirected,35,0.0,0.0
20028,725,949,Undirected,1,0.0,0.0
20029,769,1694,Undirected,1,0.0,0.0
20030,1371,820,Undirected,1,0.0,0.0
20031,1218,1510,Undirected,12,0.0,0.0
20032,1201,1201,Undirected,36,0.0,0.0
20033,1935,1935,Undirected,154,0.0,0.0
20034,625,1547,Undirected,171,0.0,0.0
20035,620,695,Undirected,2,0.0,0.0
20036,1110,1487,Undirected,1,0.0,0.0
20037,1476,1158,Undirected,5,0.0,0.0
20038,642,901,Undirected,3,0.0,0.0
20039,1003,1412,Undirected,6,0.0,0.0
20040,972,1181,Undirected,1,0.0,0.0
20041,628,334,Undirected,1,0.0,0.0
20042,281,1638,Undirected,17,0.0,0.0
20043,1703,1095,Undirected,1,0.0,0.0
20044,105,1634,Undirected,26,0.0,0.0
20045,761,1731,Undirected,10,0.0,0.0
20046,1240,1607,Undirected,1,0.0,0.0
20047,769,1911,Undirected,2,0.0,0.0
20048,1082,1527,Undirected,6,0.0,0.0
20049,486,486,Undirected,1,0.0,0.0
20050,49,245,Undirected,6,0.0,0.0
20051,564,1247,Undirected,2,0.0,0.0
20052,1282,1282,Undirected,1,0.0,0.0
20053,475,1212,Undirected,1,0.0,0.0
20054,1185,1703,Undirected,1,0.0,0.0
20055,1042,794,Undirected,2,0.0,0.0
20056,968,625,Undirected,2,0.0,0.0
20057,130,1836,Undirected,15,0.0,0.0
20058,1619,1087,Undirected,1,0.0,0.0
20059,1686,1159,Undirected,1,0.0,0.0
20060,1497,972,Undirected,4,0.0,0.0
20061,472,542,Undirected,1,0.0,0.0
20062,1632,1078,Undirected,2,0.0,0.0
20063,1053,1053,Undirected,97,0.0,0.0
20064,67,749,Undirected,4,0.0,0.0
20065,1185,1654,Undirected,1,0.0,0.0
20066,1797,1663,Undirected,1,0.0,0.0
20067,819,1837,Undirected,20,0.0,0.0
20068,753,1140,Undirected,2,0.0,0.0
20069,1681,814,Undirected,4,0.0,0.0
20070,1507,62,Undirected,6,0.0,0.0
20071,120,390,Undirected,52,0.0,0.0
20072,1510,1919,Undirected,2,0.0,0.0
20073,784,347,Undirected,5,0.0,0.0
20074,1395,710,Undirected,4,0.0,0.0
20075,1873,439,Undirected,2,0.0,0.0
20076,1048,1836,Undirected,1,0.0,0.0
20077,666,1443,Undirected,6,0.0,0.0
20078,221,1573,Undirected,1,0.0,0.0
20079,1296,1787,Undirected,3,0.0,0.0
20080,1124,1302,Undirected,1,0.0,0.0
20081,1689,931,Undirected,8,0.0,0.0
20082,1360,1532,Undirected,3,0.0,0.0
20083,134,751,Undirected,6,0.0,0.0
20084,689,689,Undirected,238,0.0,0.0
20085,1044,1734,Undirected,1,0.0,0.0
20086,1435,1812,Undirected,3,0.0,0.0
20087,1932,1668,Undirected,3,0.0,0.0
20088,1065,1052,Undirected,5,0.0,0.0
20089,1576,740,Undirected,1,0.0,0.0
20090,336,1856,Undirected,9,0.0,0.0
20091,1257,1788,Undirected,24,0.0,0.0
20092,718,718,Undirected,12,0.0,0.0
20093,727,727,Undirected,8,0.0,0.0
20094,462,1239,Undirected,1,0.0,0.0
20095,290,1394,Undirected,1,0.0,0.0
20096,1721,385,Undirected,20,0.0,0.0
20097,1097,599,Undirected,10,0.0,0.0
20098,1787,740,Undirected,3,2.801856174967716e-07,0.24106962337117685
20099,66,918,Undirected,2,0.0,0.0
20100,1314,1527,Undirected,8,0.0,0.0
20101,738,738,Undirected,134,0.0,0.0
20102,787,447,Undirected,9,0.0,0.0
20103,372,372,Undirected,52,0.0,0.0
20104,1194,1371,Undirected,25,0.0,0.0
20105,1352,1462,Undirected,1,0.0,0.0
20106,1996,1455,Undirected,8,0.0,0.0
20107,1356,340,Undirected,2,0.0,0.0
20108,55,55,Undirected,53,0.0,0.0
20109,1250,1250,Undirected,65,0.0,0.0
20110,1780,1021,Undirected,3,0.0,0.0
20111,1042,580,Undirected,1,0.0,0.0
20112,1900,1054,Undirected,7,0.0,0.0
20113,1490,1646,Undirected,1,0.0,0.0
20114,1529,1316,Undirected,2,0.0,0.0
20115,1498,917,Undirected,1,0.0,0.0
20116,1960,899,Undirected,1,0.0,0.0
20117,462,1030,Undirected,192,6.218901426550537e-07,0.5350696577772365
20118,1626,539,Undirected,3,0.0,0.0
20119,1827,719,Undirected,50,0.0,0.0
20120,1659,310,Undirected,2,0.0,0.0
20121,1851,1885,Undirected,1,0.0,0.0
20122,1152,931,Undirected,19,0.0,0.0
20123,544,1664,Undirected,2,0.0,0.0
20124,338,695,Undirected,1,0.0,0.0
20125,1648,799,Undirected,15,0.0,0.0
20126,275,1079,Undirected,4,0.0,0.0
20127,70,775,Undirected,7,0.0,0.0
20128,1120,1467,Undirected,4,0.0,0.0
20129,1696,1696,Undirected,354,0.0,0.0
20130,1233,1359,Undirected,8,0.0,0.0
20131,1401,1004,Undirected,2,0.0,0.0
20132,304,1020,Undirected,13,0.0,0.0
20133,971,54,Undirected,16,0.0,0.0
20134,1176,417,Undirected,2,0.0,0.0
20135,1175,1175,Undirected,11,0.0,0.0
20136,1082,198,Undirected,1,0.0,0.0
20137,1501,1501,Undirected,22,0.0,0.0
20138,1273,249,Undirected,1,0.0,0.0
20139,628,1111,Undirected,19,0.0,0.0
20140,455,1375,Undirected,1,0.0,0.0
20141,1723,1723,Undirected,36,0.0,0.0
20142,1082,910,Undirected,1,0.0,0.0
20143,1604,799,Undirected,3,0.0,0.0
20144,1648,1105,Undirected,4,0.0,0.0
20145,1758,1455,Undirected,4,0.0,0.0
20146,1845,1246,Undirected,8,0.0,0.0
20147,1123,1159,Undirected,1,0.0,0.0
20148,794,1675,Undirected,6,0.0,0.0
20149,1371,1763,Undirected,23,0.0,0.0
20150,140,1733,Undirected,4,0.0,0.0
20151,233,1394,Undirected,4,0.0,0.0
20152,0,1402,Undirected,1,0.0,0.0
20153,1062,71,Undirected,1,0.0,0.0
20154,1137,1743,Undirected,4,0.0,0.0
20155,307,1063,Undirected,1,0.0,0.0
20156,1042,1814,Undirected,11,0.0,0.0
20157,1241,230,Undirected,2,0.0,0.0
20158,1563,1116,Undirected,20,0.0,0.0
20159,1761,1645,Undirected,4,0.0,0.0
20160,1240,1301,Undirected,1,0.0,0.0
20161,936,1177,Undirected,1,0.0,0.0
20162,81,374,Undirected,2,0.0,0.0
20163,347,686,Undirected,1,0.0,0.0
20164,769,1518,Undirected,1,0.0,0.0
20165,1521,450,Undirected,160,0.0,0.0
20166,1777,1573,Undirected,1,0.0,0.0
20167,506,719,Undirected,1,0.0,0.0
20168,1547,812,Undirected,8,0.0,0.0
20169,1220,1855,Undirected,3,0.0,0.0
20170,811,1227,Undirected,11,0.0,0.0
20171,984,1916,Undirected,12,0.0,0.0
20172,1377,1754,Undirected,1,0.0,0.0
20173,1096,1213,Undirected,11,0.0,0.0
20174,939,1045,Undirected,2,0.0,0.0
20175,1900,1583,Undirected,5,0.0,0.0
20176,1109,1966,Undirected,15,0.0,0.0
20177,721,1731,Undirected,1,0.0,0.0
20178,1008,52,Undirected,2,0.0,0.0
20179,1867,1867,Undirected,59,0.0,0.0
20180,1312,752,Undirected,1,0.0,0.0
20181,1162,1781,Undirected,1,0.0,0.0
20182,193,1770,Undirected,1,0.0,0.0
20183,1184,1837,Undirected,3,0.0,0.0
20184,1993,380,Undirected,1,0.0,0.0
20185,1320,1507,Undirected,1,0.0,0.0
20186,1636,1836,Undirected,1,0.0,0.0
20187,1725,1598,Undirected,1,0.0,0.0
20188,681,831,Undirected,2,0.0,0.0
20189,1464,1469,Undirected,3,0.0,0.0
20190,48,938,Undirected,4,0.0,0.0
20191,1715,959,Undirected,1,0.0,0.0
20192,1119,415,Undirected,2,0.0,0.0
20193,785,973,Undirected,5,0.0,0.0
20194,1654,767,Undirected,1,0.0,0.0
20195,1400,1027,Undirected,1,0.0,0.0
20196,160,983,Undirected,2,0.0,0.0
20197,111,111,Undirected,11,0.0,0.0
20198,1776,1130,Undirected,85,0.0,0.0
20199,104,477,Undirected,3,0.0,0.0
20200,0,1162,Undirected,7,0.0,0.0
20201,1827,1555,Undirected,8,0.0,0.0
20202,1161,438,Undirected,4,0.0,0.0
20203,1764,1764,Undirected,62,0.0,0.0
20204,1250,547,Undirected,3,0.0,0.0
20205,937,1833,Undirected,3,0.0,0.0
20206,985,1018,Undirected,5,0.0,0.0
20207,1204,1813,Undirected,1,0.0,0.0
20208,1154,1154,Undirected,102,0.0,0.0
20209,1929,1982,Undirected,7,0.0,0.0
20210,608,47,Undirected,1,0.0,0.0
20211,713,1397,Undirected,28,0.0,0.0
20212,1074,1941,Undirected,3,6.805863863624331e-07,0.5855714697198277
20213,1554,470,Undirected,17,0.0,0.0
20214,409,203,Undirected,8,0.0,0.0
20215,1819,1028,Undirected,1,0.0,0.0
20216,882,1947,Undirected,14,0.0,0.0
20217,1042,603,Undirected,3,0.0,0.0
20218,1240,1042,Undirected,1,0.0,0.0
20219,1827,711,Undirected,2,0.0,0.0
20220,904,904,Undirected,149,0.0,0.0
20221,1814,839,Undirected,9,7.22903417585951e-07,0.6219807289472659
20222,1682,334,Undirected,2,0.0,0.0
20223,1158,127,Undirected,134,0.0,0.0
20224,657,1463,Undirected,4,0.0,0.0
20225,1600,1995,Undirected,9,0.0,0.0
20226,1274,588,Undirected,5,0.0,0.0
20227,1056,1668,Undirected,1,0.0,0.0
20228,1143,1143,Undirected,49,0.0,0.0
20229,1213,1213,Undirected,32,0.0,0.0
20230,1547,1453,Undirected,26,0.0,0.0
20231,320,835,Undirected,1,0.0,0.0
20232,1590,438,Undirected,1,0.0,0.0
20233,1604,551,Undirected,13,0.0,0.0
20234,874,1484,Undirected,3,0.0,0.0
20235,994,859,Undirected,1,0.0,0.0
20236,1032,1434,Undirected,5,0.0,0.0
20237,2,2,Undirected,66,0.0,0.0
20238,1162,580,Undirected,18,0.0,0.0
20239,580,1685,Undirected,1,0.0,0.0
20240,988,988,Undirected,19,0.0,0.0
20241,674,351,Undirected,13,7.848846041152926e-07,0.675308881285061
20242,979,758,Undirected,3,0.0,0.0
20243,1912,1197,Undirected,84,0.0,0.0
20244,1648,1382,Undirected,1,0.0,0.0
20245,1536,989,Undirected,1,0.0,0.0
20246,506,506,Undirected,70,0.0,0.0
20247,613,479,Undirected,8,0.0,0.0
20248,1547,980,Undirected,1,0.0,0.0
20249,1139,1663,Undirected,10,0.0,0.0
20250,1720,541,Undirected,31,0.0,0.0
20251,113,1374,Undirected,4,0.0,0.0
20252,1246,1246,Undirected,31,0.0,0.0
20253,1667,1524,Undirected,1,0.0,0.0
20254,1680,1026,Undirected,1,0.0,0.0
20255,1371,1219,Undirected,1,0.0,0.0
20256,269,807,Undirected,1,0.0,0.0
20257,665,359,Undirected,2,0.0,0.0
20258,1032,1740,Undirected,2,0.0,0.0
20259,1316,911,Undirected,3,0.0,0.0
20260,1042,772,Undirected,1,0.0,0.0
20261,405,405,Undirected,101,0.0,0.0
20262,1938,853,Undirected,2,0.0,0.0
20263,822,894,Undirected,1,0.0,0.0
20264,1632,567,Undirected,15,0.0,0.0
20265,972,1398,Undirected,1,0.0,0.0
20266,1900,615,Undirected,18,0.0,0.0
20267,1905,742,Undirected,11,0.0,0.0
20268,1032,686,Undirected,2,0.0,0.0
20269,787,1412,Undirected,5,0.0,0.0
20270,930,1811,Undirected,20,0.0,0.0
20271,1459,1053,Undirected,11,0.0,0.0
20272,1162,839,Undirected,2,2.6144992033734334e-07,0.2249495687510576
20273,1843,1843,Undirected,153,0.0,0.0
20274,684,1093,Undirected,63,0.0,0.0
20275,739,1271,Undirected,1,0.0,0.0
20276,1375,719,Undirected,53,0.0,0.0
20277,1018,1828,Undirected,1,0.0,0.0
20278,1928,308,Undirected,2,0.0,0.0
20279,1827,1763,Undirected,2,0.0,0.0
20280,1720,758,Undirected,5,0.0,0.0
20281,825,1535,Undirected,12,0.0,0.0
20282,1480,700,Undirected,29,0.0,0.0
20283,1315,1109,Undirected,2,0.0,0.0
20284,1455,719,Undirected,1,0.0,0.0
20285,587,1382,Undirected,7,0.0,0.0
20286,1013,599,Undirected,1,0.0,0.0
20287,1602,814,Undirected,22,0.0,0.0
20288,728,1155,Undirected,50,0.0,0.0
20289,1724,1717,Undirected,1,0.0,0.0
20290,1584,1902,Undirected,1,0.0,0.0
20291,1560,815,Undirected,16,0.0,0.0
20292,397,397,Undirected,101,0.0,0.0
20293,1629,1262,Undirected,11,0.0,0.0
20294,1435,1382,Undirected,5,0.0,0.0
20295,872,1327,Undirected,1,0.0,0.0
20296,1529,1754,Undirected,1,0.0,0.0
20297,1837,887,Undirected,3,0.0,0.0
20298,1556,1126,Undirected,2,0.0,0.0
20299,784,804,Undirected,3,0.0,0.0
20300,1594,1461,Undirected,1,0.0,0.0
20301,318,1854,Undirected,5,0.0,0.0
20302,1993,1993,Undirected,31,0.0,0.0
20303,1176,1383,Undirected,3,0.0,0.0
20304,1152,1152,Undirected,15,0.0,0.0
20305,906,1140,Undirected,8,0.0,0.0
20306,1657,1154,Undirected,2,0.0,0.0
20307,1731,1190,Undirected,13,0.0,0.0
20308,1946,708,Undirected,1,0.0,0.0
20309,1032,1883,Undirected,5,0.0,0.0
20310,1448,1448,Undirected,69,0.0,0.0
20311,567,567,Undirected,258,0.0,0.0
20312,292,998,Undirected,1,0.0,0.0
20313,437,149,Undirected,10,0.0,0.0
20314,1188,1164,Undirected,2,0.0,0.0
20315,1267,454,Undirected,4,0.0,0.0
20316,1184,820,Undirected,2,0.0,0.0
20317,1760,879,Undirected,22,0.0,0.0
20318,459,1223,Undirected,2,0.0,0.0
20319,1305,1967,Undirected,4,0.0,0.0
20320,1448,1427,Undirected,1,0.0,0.0
20321,496,1774,Undirected,2,0.0,0.0
20322,1320,1298,Undirected,2,0.0,0.0
20323,1532,1532,Undirected,26,0.0,0.0
20324,1196,1196,Undirected,24,0.0,0.0
20325,1619,1774,Undirected,16,0.0,0.0
20326,904,1093,Undirected,25,0.0,0.0
20327,1753,1769,Undirected,1,0.0,0.0
20328,1308,1647,Undirected,1,0.0,0.0
20329,1112,961,Undirected,3,0.0,0.0
20330,609,611,Undirected,2,0.0,0.0
20331,1514,1514,Undirected,7,0.0,0.0
20332,1969,1925,Undirected,2,0.0,0.0
20333,432,298,Undirected,5,0.0,0.0
20334,162,1102,Undirected,5,0.0,0.0
20335,1524,1524,Undirected,4,0.0,0.0
20336,418,659,Undirected,1,0.0,0.0
20337,832,187,Undirected,3,0.0,0.0
20338,630,46,Undirected,4,0.0,0.0
20339,177,451,Undirected,77,0.0,0.0
20340,1776,215,Undirected,15,0.0,0.0
20341,1850,1015,Undirected,18,0.0,0.0
20342,1721,71,Undirected,9,0.0,0.0
20343,720,1635,Undirected,1,0.0,0.0
20344,684,1212,Undirected,1,0.0,0.0
20345,1882,1516,Undirected,1,0.0,0.0
20346,640,1116,Undirected,2,0.0,0.0
20347,1841,1383,Undirected,3,0.0,0.0
20348,1529,686,Undirected,9,0.0,0.0
20349,468,1308,Undirected,1,0.0,0.0
20350,1073,1548,Undirected,3,0.0,0.0
20351,1841,68,Undirected,1,0.0,0.0
20352,1148,1495,Undirected,1,0.0,0.0
20353,1150,727,Undirected,1,0.0,0.0
20354,1048,581,Undirected,2,0.0,0.0
20355,1185,1082,Undirected,1,0.0,0.0
20356,1938,1740,Undirected,30,0.0,0.0
20357,915,1004,Undirected,2,0.0,0.0
20358,1602,1547,Undirected,87,0.0,0.0
20359,1977,1767,Undirected,2,0.0,0.0
20360,1754,1162,Undirected,1,0.0,0.0
20361,728,1529,Undirected,3,0.0,0.0
20362,1442,1163,Undirected,2,0.0,0.0
20363,1881,1141,Undirected,1,0.0,0.0
20364,1800,1162,Undirected,37,0.0,0.0
20365,1778,1141,Undirected,1,0.0,0.0
20366,1992,561,Undirected,6,0.0,0.0
20367,1425,290,Undirected,1,0.0,0.0
20368,1520,1214,Undirected,2,0.0,0.0
20369,1651,925,Undirected,8,0.0,0.0
20370,472,780,Undirected,2,0.0,0.0
20371,1321,1676,Undirected,42,0.0,0.0
20372,728,1602,Undirected,5,0.0,0.0
20373,1177,397,Undirected,3,0.0,0.0
20374,689,1222,Undirected,6,0.0,0.0
20375,1202,788,Undirected,8,0.0,0.0
20376,1553,970,Undirected,1,0.0,0.0
20377,1928,1499,Undirected,1,0.0,0.0
20378,880,258,Undirected,2,0.0,0.0
20379,1348,230,Undirected,1,0.0,0.0
20380,17,17,Undirected,167,0.0,0.0
20381,1903,151,Undirected,1,0.0,0.0
20382,1656,220,Undirected,20,0.0,0.0
20383,1529,1804,Undirected,64,0.0,0.0
20384,1969,1551,Undirected,1,0.0,0.0
20385,1707,1707,Undirected,72,0.0,0.0
20386,433,1758,Undirected,7,0.0,0.0
20387,1424,1357,Undirected,1,0.0,0.0
20388,1696,1314,Undirected,2,0.0,0.0
20389,1376,1678,Undirected,43,0.0,0.0
20390,1116,1549,Undirected,2,0.0,0.0
20391,1064,1676,Undirected,1,0.0,0.0
20392,751,591,Undirected,4,0.0,0.0
20393,1824,812,Undirected,20,0.0,0.0
20394,1216,1669,Undirected,9,0.0,0.0
20395,467,467,Undirected,168,0.0,0.0
20396,260,1623,Undirected,16,0.0,0.0
20397,348,703,Undirected,1,0.0,0.0
20398,532,532,Undirected,18,0.0,0.0
20399,1553,11,Undirected,1,0.0,0.0
20400,1239,1239,Undirected,13,0.0,0.0
20401,1528,789,Undirected,7,0.0,0.0
20402,1827,1900,Undirected,1,0.0,0.0
20403,814,1086,Undirected,2,0.0,0.0
20404,714,1142,Undirected,5,0.0,0.0
20405,1400,1727,Undirected,13,0.0,0.0
20406,1195,1357,Undirected,26,0.0,0.0
20407,803,591,Undirected,6,0.0,0.0
20408,1809,799,Undirected,3,0.0,0.0
20409,1968,1386,Undirected,20,0.0,0.0
20410,1820,45,Undirected,10,0.0,0.0
20411,405,1294,Undirected,12,0.0,0.0
20412,57,1637,Undirected,19,0.0,0.0
20413,907,341,Undirected,5,0.0,0.0
20414,1754,759,Undirected,35,0.0,0.0
20415,1331,1884,Undirected,1,0.0,0.0
20416,1097,1517,Undirected,3,0.0,0.0
20417,1374,559,Undirected,2,0.0,0.0
20418,1356,1223,Undirected,28,0.0,0.0
20419,808,875,Undirected,3,0.0,0.0
20420,1945,772,Undirected,1,0.0,0.0
20421,1689,1610,Undirected,4,0.0,0.0
20422,1199,1647,Undirected,1,0.0,0.0
20423,1579,643,Undirected,8,2.7096532731361896e-07,0.23313655420908405
20424,1313,354,Undirected,4,0.0,0.0
20425,257,355,Undirected,1,0.0,0.0
20426,1077,710,Undirected,6,0.0,0.0
20427,1181,1181,Undirected,60,0.0,0.0
20428,1289,1095,Undirected,1,0.0,0.0
20429,761,1494,Undirected,1,0.0,0.0
20430,894,894,Undirected,16,0.0,0.0
20431,1376,187,Undirected,2,0.0,0.0
20432,771,710,Undirected,1,0.0,0.0
20433,1410,860,Undirected,6,0.0,0.0
20434,1056,839,Undirected,2,0.0,0.0
20435,1869,767,Undirected,3,0.0,0.0
20436,1745,397,Undirected,26,0.0,0.0
20437,720,1451,Undirected,27,0.0,0.0
20438,1652,1060,Undirected,1,0.0,0.0
20439,1380,1837,Undirected,1,0.0,0.0
20440,1560,1258,Undirected,2,0.0,0.0
20441,1814,1159,Undirected,13,0.0,0.0
20442,0,410,Undirected,2,0.0,0.0
20443,1026,1671,Undirected,3,0.0,0.0
20444,467,1022,Undirected,2,0.0,0.0
20445,1907,1293,Undirected,1,0.0,0.0
20446,1288,1527,Undirected,3,0.0,0.0
20447,1588,1588,Undirected,129,0.0,0.0
20448,1806,719,Undirected,2,0.0,0.0
20449,1941,1941,Undirected,33,0.0,0.0
20450,721,1190,Undirected,4,0.0,0.0
20451,1897,1409,Undirected,2,0.0,0.0
20452,1315,518,Undirected,9,0.0,0.0
20453,1827,1375,Undirected,203,0.0,0.0
20454,816,1289,Undirected,1,0.0,0.0
20455,801,324,Undirected,1,0.0,0.0
20456,1914,965,Undirected,2,0.0,0.0
20457,76,381,Undirected,2,0.0,0.0
20458,384,543,Undirected,3,0.0,0.0
20459,1618,686,Undirected,1,0.0,0.0
20460,424,1959,Undirected,17,0.0,0.0
20461,1374,1479,Undirected,2,0.0,0.0
20462,1154,1211,Undirected,1,0.0,0.0
20463,1765,687,Undirected,4,0.0,0.0
20464,1051,1051,Undirected,131,0.0,0.0
20465,1300,341,Undirected,7,0.0,0.0
