,interaction_class,interaction_type,association_type,assoc_member_pair_idxs,donor_feature_type,acceptor_feature_type
0,sEH_TPPU_System-0:1_HydrogenBond_0_InxClass,HydrogenBond,sEH_TPPU_System-0:1,"(0, 1)",TPPUFeature1Type,sEHFeature501Type
1,sEH_TPPU_System-0:1_HydrogenBond_1_InxClass,HydrogenBond,sEH_TPPU_System-0:1,"(0, 1)",TPPUFeature1Type,sEHFeature502Type
2,sEH_TPPU_System-0:1_HydrogenBond_2_InxClass,HydrogenBond,sEH_TPPU_System-0:1,"(0, 1)",TPPUFeature1Type,sEHFeature503Type
3,sEH_TPPU_System-0:1_HydrogenBond_3_InxClass,HydrogenBond,sEH_TPPU_System-0:1,"(0, 1)",TPPUFeature1Type,sEHFeature504Type
4,sEH_TPPU_System-0:1_HydrogenBond_4_InxClass,HydrogenBond,sEH_TPPU_System-0:1,"(0, 1)",TPPUFeature1Type,sEHFeature505Type
5,sEH_TPPU_System-0:1_HydrogenBond_5_InxClass,HydrogenBond,sEH_TPPU_System-0:1,"(0, 1)",TPPUFeature1Type,sEHFeature506Type
6,sEH_TPPU_System-0:1_HydrogenBond_6_InxClass,HydrogenBond,sEH_TPPU_System-0:1,"(0, 1)",TPPUFeature1Type,sEHFeature507Type
7,sEH_TPPU_System-0:1_HydrogenBond_7_InxClass,HydrogenBond,sEH_TPPU_System-0:1,"(0, 1)",TPPUFeature1Type,sEHFeature508Type
8,sEH_TPPU_System-0:1_HydrogenBond_8_InxClass,HydrogenBond,sEH_TPPU_System-0:1,"(0, 1)",TPPUFeature1Type,sEHFeature509Type
9,sEH_TPPU_System-0:1_HydrogenBond_9_InxClass,HydrogenBond,sEH_TPPU_System-0:1,"(0, 1)",TPPUFeature1Type,sEHFeature510Type
10,sEH_TPPU_System-0:1_HydrogenBond_10_InxClass,HydrogenBond,sEH_TPPU_System-0:1,"(0, 1)",TPPUFeature1Type,sEHFeature511Type
11,sEH_TPPU_System-0:1_HydrogenBond_11_InxClass,HydrogenBond,sEH_TPPU_System-0:1,"(0, 1)",TPPUFeature1Type,sEHFeature512Type
12,sEH_TPPU_System-0:1_HydrogenBond_12_InxClass,HydrogenBond,sEH_TPPU_System-0:1,"(0, 1)",TPPUFeature1Type,sEHFeature513Type
13,sEH_TPPU_System-0:1_HydrogenBond_13_InxClass,HydrogenBond,sEH_TPPU_System-0:1,"(0, 1)",TPPUFeature1Type,sEHFeature514Type
14,sEH_TPPU_System-0:1_HydrogenBond_14_InxClass,HydrogenBond,sEH_TPPU_System-0:1,"(0, 1)",TPPUFeature1Type,sEHFeature515Type
15,sEH_TPPU_System-0:1_HydrogenBond_15_InxClass,HydrogenBond,sEH_TPPU_System-0:1,"(0, 1)",TPPUFeature1Type,sEHFeature516Type
16,sEH_TPPU_System-0:1_HydrogenBond_16_InxClass,HydrogenBond,sEH_TPPU_System-0:1,"(0, 1)",TPPUFeature1Type,sEHFeature517Type
17,sEH_TPPU_System-0:1_HydrogenBond_17_InxClass,HydrogenBond,sEH_TPPU_System-0:1,"(0, 1)",TPPUFeature1Type,sEHFeature518Type
18,sEH_TPPU_System-0:1_HydrogenBond_18_InxClass,HydrogenBond,sEH_TPPU_System-0:1,"(0, 1)",TPPUFeature1Type,sEHFeature519Type
19,sEH_TPPU_System-0:1_HydrogenBond_19_InxClass,HydrogenBond,sEH_TPPU_System-0:1,"(0, 1)",TPPUFeature1Type,sEHFeature520Type
20,sEH_TPPU_System-0:1_HydrogenBond_20_InxClass,HydrogenBond,sEH_TPPU_System-0:1,"(0, 1)",TPPUFeature1Type,sEHFeature521Type
21,sEH_TPPU_System-0:1_HydrogenBond_21_InxClass,HydrogenBond,sEH_TPPU_System-0:1,"(0, 1)",TPPUFeature1Type,sEHFeature522Type
22,sEH_TPPU_System-0:1_HydrogenBond_22_InxClass,HydrogenBond,sEH_TPPU_System-0:1,"(0, 1)",TPPUFeature1Type,sEHFeature523Type
23,sEH_TPPU_System-0:1_HydrogenBond_23_InxClass,HydrogenBond,sEH_TPPU_System-0:1,"(0, 1)",TPPUFeature1Type,sEHFeature524Type
24,sEH_TPPU_System-0:1_HydrogenBond_24_InxClass,HydrogenBond,sEH_TPPU_System-0:1,"(0, 1)",TPPUFeature1Type,sEHFeature525Type
25,sEH_TPPU_System-0:1_HydrogenBond_25_InxClass,HydrogenBond,sEH_TPPU_System-0:1,"(0, 1)",TPPUFeature1Type,sEHFeature526Type
26,sEH_TPPU_System-0:1_HydrogenBond_26_InxClass,HydrogenBond,sEH_TPPU_System-0:1,"(0, 1)",TPPUFeature1Type,sEHFeature527Type
27,sEH_TPPU_System-0:1_HydrogenBond_27_InxClass,HydrogenBond,sEH_TPPU_System-0:1,"(0, 1)",TPPUFeature1Type,sEHFeature528Type
28,sEH_TPPU_System-0:1_HydrogenBond_28_InxClass,HydrogenBond,sEH_TPPU_System-0:1,"(0, 1)",TPPUFeature1Type,sEHFeature529Type
29,sEH_TPPU_System-0:1_HydrogenBond_29_InxClass,HydrogenBond,sEH_TPPU_System-0:1,"(0, 1)",TPPUFeature1Type,sEHFeature530Type
30,sEH_TPPU_System-0:1_HydrogenBond_30_InxClass,HydrogenBond,sEH_TPPU_System-0:1,"(0, 1)",TPPUFeature1Type,sEHFeature531Type
31,sEH_TPPU_System-0:1_HydrogenBond_31_InxClass,HydrogenBond,sEH_TPPU_System-0:1,"(0, 1)",TPPUFeature1Type,sEHFeature532Type
32,sEH_TPPU_System-0:1_HydrogenBond_32_InxClass,HydrogenBond,sEH_TPPU_System-0:1,"(0, 1)",TPPUFeature1Type,sEHFeature533Type
33,sEH_TPPU_System-0:1_HydrogenBond_33_InxClass,HydrogenBond,sEH_TPPU_System-0:1,"(0, 1)",TPPUFeature1Type,sEHFeature534Type
34,sEH_TPPU_System-0:1_HydrogenBond_34_InxClass,HydrogenBond,sEH_TPPU_System-0:1,"(0, 1)",TPPUFeature1Type,sEHFeature535Type
35,sEH_TPPU_System-0:1_HydrogenBond_35_InxClass,HydrogenBond,sEH_TPPU_System-0:1,"(0, 1)",TPPUFeature1Type,sEHFeature536Type
36,sEH_TPPU_System-0:1_HydrogenBond_36_InxClass,HydrogenBond,sEH_TPPU_System-0:1,"(0, 1)",TPPUFeature1Type,sEHFeature537Type
37,sEH_TPPU_System-0:1_HydrogenBond_37_InxClass,HydrogenBond,sEH_TPPU_System-0:1,"(0, 1)",TPPUFeature1Type,sEHFeature538Type
38,sEH_TPPU_System-0:1_HydrogenBond_38_InxClass,HydrogenBond,sEH_TPPU_System-0:1,"(0, 1)",TPPUFeature1Type,sEHFeature539Type
39,sEH_TPPU_System-0:1_HydrogenBond_39_InxClass,HydrogenBond,sEH_TPPU_System-0:1,"(0, 1)",TPPUFeature1Type,sEHFeature540Type
40,sEH_TPPU_System-0:1_HydrogenBond_40_InxClass,HydrogenBond,sEH_TPPU_System-0:1,"(0, 1)",TPPUFeature1Type,sEHFeature541Type
41,sEH_TPPU_System-0:1_HydrogenBond_41_InxClass,HydrogenBond,sEH_TPPU_System-0:1,"(0, 1)",TPPUFeature1Type,sEHFeature542Type
42,sEH_TPPU_System-0:1_HydrogenBond_42_InxClass,HydrogenBond,sEH_TPPU_System-0:1,"(0, 1)",TPPUFeature1Type,sEHFeature543Type
43,sEH_TPPU_System-0:1_HydrogenBond_43_InxClass,HydrogenBond,sEH_TPPU_System-0:1,"(0, 1)",TPPUFeature1Type,sEHFeature544Type
44,sEH_TPPU_System-0:1_HydrogenBond_44_InxClass,HydrogenBond,sEH_TPPU_System-0:1,"(0, 1)",TPPUFeature1Type,sEHFeature545Type
45,sEH_TPPU_System-0:1_HydrogenBond_45_InxClass,HydrogenBond,sEH_TPPU_System-0:1,"(0, 1)",TPPUFeature1Type,sEHFeature546Type
46,sEH_TPPU_System-0:1_HydrogenBond_46_InxClass,HydrogenBond,sEH_TPPU_System-0:1,"(0, 1)",TPPUFeature1Type,sEHFeature547Type
47,sEH_TPPU_System-0:1_HydrogenBond_47_InxClass,HydrogenBond,sEH_TPPU_System-0:1,"(0, 1)",TPPUFeature1Type,sEHFeature548Type
48,sEH_TPPU_System-0:1_HydrogenBond_48_InxClass,HydrogenBond,sEH_TPPU_System-0:1,"(0, 1)",TPPUFeature1Type,sEHFeature549Type
49,sEH_TPPU_System-0:1_HydrogenBond_49_InxClass,HydrogenBond,sEH_TPPU_System-0:1,"(0, 1)",TPPUFeature1Type,sEHFeature550Type
50,sEH_TPPU_System-0:1_HydrogenBond_50_InxClass,HydrogenBond,sEH_TPPU_System-0:1,"(0, 1)",TPPUFeature1Type,sEHFeature551Type
51,sEH_TPPU_System-0:1_HydrogenBond_51_InxClass,HydrogenBond,sEH_TPPU_System-0:1,"(0, 1)",TPPUFeature1Type,sEHFeature552Type
52,sEH_TPPU_System-0:1_HydrogenBond_52_InxClass,HydrogenBond,sEH_TPPU_System-0:1,"(0, 1)",TPPUFeature1Type,sEHFeature553Type
53,sEH_TPPU_System-0:1_HydrogenBond_53_InxClass,HydrogenBond,sEH_TPPU_System-0:1,"(0, 1)",TPPUFeature1Type,sEHFeature554Type
54,sEH_TPPU_System-0:1_HydrogenBond_54_InxClass,HydrogenBond,sEH_TPPU_System-0:1,"(0, 1)",TPPUFeature1Type,sEHFeature555Type
55,sEH_TPPU_System-0:1_HydrogenBond_55_InxClass,HydrogenBond,sEH_TPPU_System-0:1,"(0, 1)",TPPUFeature1Type,sEHFeature556Type
56,sEH_TPPU_System-0:1_HydrogenBond_56_InxClass,HydrogenBond,sEH_TPPU_System-0:1,"(0, 1)",TPPUFeature1Type,sEHFeature557Type
57,sEH_TPPU_System-0:1_HydrogenBond_57_InxClass,HydrogenBond,sEH_TPPU_System-0:1,"(0, 1)",TPPUFeature1Type,sEHFeature558Type
58,sEH_TPPU_System-0:1_HydrogenBond_58_InxClass,HydrogenBond,sEH_TPPU_System-0:1,"(0, 1)",TPPUFeature1Type,sEHFeature559Type
59,sEH_TPPU_System-0:1_HydrogenBond_59_InxClass,HydrogenBond,sEH_TPPU_System-0:1,"(0, 1)",TPPUFeature1Type,sEHFeature560Type
60,sEH_TPPU_System-0:1_HydrogenBond_60_InxClass,HydrogenBond,sEH_TPPU_System-0:1,"(0, 1)",TPPUFeature1Type,sEHFeature561Type
61,sEH_TPPU_System-0:1_HydrogenBond_61_InxClass,HydrogenBond,sEH_TPPU_System-0:1,"(0, 1)",TPPUFeature1Type,sEHFeature562Type
62,sEH_TPPU_System-0:1_HydrogenBond_62_InxClass,HydrogenBond,sEH_TPPU_System-0:1,"(0, 1)",TPPUFeature1Type,sEHFeature563Type
63,sEH_TPPU_System-0:1_HydrogenBond_63_InxClass,HydrogenBond,sEH_TPPU_System-0:1,"(0, 1)",TPPUFeature1Type,sEHFeature564Type
64,sEH_TPPU_System-0:1_HydrogenBond_64_InxClass,HydrogenBond,sEH_TPPU_System-0:1,"(0, 1)",TPPUFeature1Type,sEHFeature565Type
65,sEH_TPPU_System-0:1_HydrogenBond_65_InxClass,HydrogenBond,sEH_TPPU_System-0:1,"(0, 1)",TPPUFeature1Type,sEHFeature566Type
66,sEH_TPPU_System-0:1_HydrogenBond_66_InxClass,HydrogenBond,sEH_TPPU_System-0:1,"(0, 1)",TPPUFeature1Type,sEHFeature567Type
67,sEH_TPPU_System-0:1_HydrogenBond_67_InxClass,HydrogenBond,sEH_TPPU_System-0:1,"(0, 1)",TPPUFeature1Type,sEHFeature568Type
68,sEH_TPPU_System-0:1_HydrogenBond_68_InxClass,HydrogenBond,sEH_TPPU_System-0:1,"(0, 1)",TPPUFeature1Type,sEHFeature569Type
69,sEH_TPPU_System-0:1_HydrogenBond_69_InxClass,HydrogenBond,sEH_TPPU_System-0:1,"(0, 1)",TPPUFeature1Type,sEHFeature570Type
70,sEH_TPPU_System-0:1_HydrogenBond_70_InxClass,HydrogenBond,sEH_TPPU_System-0:1,"(0, 1)",TPPUFeature1Type,sEHFeature571Type
71,sEH_TPPU_System-0:1_HydrogenBond_71_InxClass,HydrogenBond,sEH_TPPU_System-0:1,"(0, 1)",TPPUFeature1Type,sEHFeature572Type
72,sEH_TPPU_System-0:1_HydrogenBond_72_InxClass,HydrogenBond,sEH_TPPU_System-0:1,"(0, 1)",TPPUFeature1Type,sEHFeature573Type
73,sEH_TPPU_System-0:1_HydrogenBond_73_InxClass,HydrogenBond,sEH_TPPU_System-0:1,"(0, 1)",TPPUFeature1Type,sEHFeature574Type
74,sEH_TPPU_System-0:1_HydrogenBond_74_InxClass,HydrogenBond,sEH_TPPU_System-0:1,"(0, 1)",TPPUFeature1Type,sEHFeature575Type
75,sEH_TPPU_System-0:1_HydrogenBond_75_InxClass,HydrogenBond,sEH_TPPU_System-0:1,"(0, 1)",TPPUFeature1Type,sEHFeature576Type
76,sEH_TPPU_System-0:1_HydrogenBond_76_InxClass,HydrogenBond,sEH_TPPU_System-0:1,"(0, 1)",TPPUFeature1Type,sEHFeature577Type
77,sEH_TPPU_System-0:1_HydrogenBond_77_InxClass,HydrogenBond,sEH_TPPU_System-0:1,"(0, 1)",TPPUFeature1Type,sEHFeature578Type
78,sEH_TPPU_System-0:1_HydrogenBond_78_InxClass,HydrogenBond,sEH_TPPU_System-0:1,"(0, 1)",TPPUFeature1Type,sEHFeature579Type
79,sEH_TPPU_System-0:1_HydrogenBond_79_InxClass,HydrogenBond,sEH_TPPU_System-0:1,"(0, 1)",TPPUFeature1Type,sEHFeature580Type
80,sEH_TPPU_System-0:1_HydrogenBond_80_InxClass,HydrogenBond,sEH_TPPU_System-0:1,"(0, 1)",TPPUFeature1Type,sEHFeature581Type
81,sEH_TPPU_System-0:1_HydrogenBond_81_InxClass,HydrogenBond,sEH_TPPU_System-0:1,"(0, 1)",TPPUFeature1Type,sEHFeature582Type
82,sEH_TPPU_System-0:1_HydrogenBond_82_InxClass,HydrogenBond,sEH_TPPU_System-0:1,"(0, 1)",TPPUFeature1Type,sEHFeature583Type
83,sEH_TPPU_System-0:1_HydrogenBond_83_InxClass,HydrogenBond,sEH_TPPU_System-0:1,"(0, 1)",TPPUFeature1Type,sEHFeature584Type
84,sEH_TPPU_System-0:1_HydrogenBond_84_InxClass,HydrogenBond,sEH_TPPU_System-0:1,"(0, 1)",TPPUFeature1Type,sEHFeature585Type
85,sEH_TPPU_System-0:1_HydrogenBond_85_InxClass,HydrogenBond,sEH_TPPU_System-0:1,"(0, 1)",TPPUFeature1Type,sEHFeature586Type
86,sEH_TPPU_System-0:1_HydrogenBond_86_InxClass,HydrogenBond,sEH_TPPU_System-0:1,"(0, 1)",TPPUFeature1Type,sEHFeature587Type
87,sEH_TPPU_System-0:1_HydrogenBond_87_InxClass,HydrogenBond,sEH_TPPU_System-0:1,"(0, 1)",TPPUFeature1Type,sEHFeature588Type
88,sEH_TPPU_System-0:1_HydrogenBond_88_InxClass,HydrogenBond,sEH_TPPU_System-0:1,"(0, 1)",TPPUFeature1Type,sEHFeature589Type
89,sEH_TPPU_System-0:1_HydrogenBond_89_InxClass,HydrogenBond,sEH_TPPU_System-0:1,"(0, 1)",TPPUFeature1Type,sEHFeature590Type
90,sEH_TPPU_System-0:1_HydrogenBond_90_InxClass,HydrogenBond,sEH_TPPU_System-0:1,"(0, 1)",TPPUFeature1Type,sEHFeature591Type
91,sEH_TPPU_System-0:1_HydrogenBond_91_InxClass,HydrogenBond,sEH_TPPU_System-0:1,"(0, 1)",TPPUFeature1Type,sEHFeature592Type
92,sEH_TPPU_System-0:1_HydrogenBond_92_InxClass,HydrogenBond,sEH_TPPU_System-0:1,"(0, 1)",TPPUFeature1Type,sEHFeature593Type
93,sEH_TPPU_System-0:1_HydrogenBond_93_InxClass,HydrogenBond,sEH_TPPU_System-0:1,"(0, 1)",TPPUFeature1Type,sEHFeature594Type
94,sEH_TPPU_System-0:1_HydrogenBond_94_InxClass,HydrogenBond,sEH_TPPU_System-0:1,"(0, 1)",TPPUFeature1Type,sEHFeature595Type
95,sEH_TPPU_System-0:1_HydrogenBond_95_InxClass,HydrogenBond,sEH_TPPU_System-0:1,"(0, 1)",TPPUFeature1Type,sEHFeature596Type
96,sEH_TPPU_System-0:1_HydrogenBond_96_InxClass,HydrogenBond,sEH_TPPU_System-0:1,"(0, 1)",TPPUFeature1Type,sEHFeature597Type
97,sEH_TPPU_System-0:1_HydrogenBond_97_InxClass,HydrogenBond,sEH_TPPU_System-0:1,"(0, 1)",TPPUFeature1Type,sEHFeature598Type
98,sEH_TPPU_System-0:1_HydrogenBond_98_InxClass,HydrogenBond,sEH_TPPU_System-0:1,"(0, 1)",TPPUFeature1Type,sEHFeature599Type
99,sEH_TPPU_System-0:1_HydrogenBond_99_InxClass,HydrogenBond,sEH_TPPU_System-0:1,"(0, 1)",TPPUFeature1Type,sEHFeature600Type
100,sEH_TPPU_System-0:1_HydrogenBond_100_InxClass,HydrogenBond,sEH_TPPU_System-0:1,"(0, 1)",TPPUFeature1Type,sEHFeature601Type
101,sEH_TPPU_System-0:1_HydrogenBond_101_InxClass,HydrogenBond,sEH_TPPU_System-0:1,"(0, 1)",TPPUFeature1Type,sEHFeature602Type
102,sEH_TPPU_System-0:1_HydrogenBond_102_InxClass,HydrogenBond,sEH_TPPU_System-0:1,"(0, 1)",TPPUFeature1Type,sEHFeature603Type
103,sEH_TPPU_System-0:1_HydrogenBond_103_InxClass,HydrogenBond,sEH_TPPU_System-0:1,"(0, 1)",TPPUFeature1Type,sEHFeature604Type
104,sEH_TPPU_System-0:1_HydrogenBond_104_InxClass,HydrogenBond,sEH_TPPU_System-0:1,"(0, 1)",TPPUFeature1Type,sEHFeature605Type
105,sEH_TPPU_System-0:1_HydrogenBond_105_InxClass,HydrogenBond,sEH_TPPU_System-0:1,"(0, 1)",TPPUFeature1Type,sEHFeature606Type
106,sEH_TPPU_System-0:1_HydrogenBond_106_InxClass,HydrogenBond,sEH_TPPU_System-0:1,"(0, 1)",TPPUFeature1Type,sEHFeature607Type
107,sEH_TPPU_System-0:1_HydrogenBond_107_InxClass,HydrogenBond,sEH_TPPU_System-0:1,"(0, 1)",TPPUFeature1Type,sEHFeature608Type
108,sEH_TPPU_System-0:1_HydrogenBond_108_InxClass,HydrogenBond,sEH_TPPU_System-0:1,"(0, 1)",TPPUFeature1Type,sEHFeature609Type
109,sEH_TPPU_System-0:1_HydrogenBond_109_InxClass,HydrogenBond,sEH_TPPU_System-0:1,"(0, 1)",TPPUFeature1Type,sEHFeature610Type
110,sEH_TPPU_System-0:1_HydrogenBond_110_InxClass,HydrogenBond,sEH_TPPU_System-0:1,"(0, 1)",TPPUFeature1Type,sEHFeature611Type
111,sEH_TPPU_System-0:1_HydrogenBond_111_InxClass,HydrogenBond,sEH_TPPU_System-0:1,"(0, 1)",TPPUFeature1Type,sEHFeature612Type
112,sEH_TPPU_System-0:1_HydrogenBond_112_InxClass,HydrogenBond,sEH_TPPU_System-0:1,"(0, 1)",TPPUFeature1Type,sEHFeature613Type
113,sEH_TPPU_System-0:1_HydrogenBond_113_InxClass,HydrogenBond,sEH_TPPU_System-0:1,"(0, 1)",TPPUFeature1Type,sEHFeature614Type
114,sEH_TPPU_System-0:1_HydrogenBond_114_InxClass,HydrogenBond,sEH_TPPU_System-0:1,"(0, 1)",TPPUFeature1Type,sEHFeature615Type
115,sEH_TPPU_System-0:1_HydrogenBond_115_InxClass,HydrogenBond,sEH_TPPU_System-0:1,"(0, 1)",TPPUFeature1Type,sEHFeature616Type
116,sEH_TPPU_System-0:1_HydrogenBond_116_InxClass,HydrogenBond,sEH_TPPU_System-0:1,"(0, 1)",TPPUFeature1Type,sEHFeature617Type
117,sEH_TPPU_System-0:1_HydrogenBond_117_InxClass,HydrogenBond,sEH_TPPU_System-0:1,"(0, 1)",TPPUFeature1Type,sEHFeature618Type
118,sEH_TPPU_System-0:1_HydrogenBond_118_InxClass,HydrogenBond,sEH_TPPU_System-0:1,"(0, 1)",TPPUFeature1Type,sEHFeature619Type
119,sEH_TPPU_System-0:1_HydrogenBond_119_InxClass,HydrogenBond,sEH_TPPU_System-0:1,"(0, 1)",TPPUFeature1Type,sEHFeature620Type
120,sEH_TPPU_System-0:1_HydrogenBond_120_InxClass,HydrogenBond,sEH_TPPU_System-0:1,"(0, 1)",TPPUFeature1Type,sEHFeature621Type
121,sEH_TPPU_System-0:1_HydrogenBond_121_InxClass,HydrogenBond,sEH_TPPU_System-0:1,"(0, 1)",TPPUFeature1Type,sEHFeature622Type
122,sEH_TPPU_System-0:1_HydrogenBond_122_InxClass,HydrogenBond,sEH_TPPU_System-0:1,"(0, 1)",TPPUFeature1Type,sEHFeature623Type
123,sEH_TPPU_System-0:1_HydrogenBond_123_InxClass,HydrogenBond,sEH_TPPU_System-0:1,"(0, 1)",TPPUFeature1Type,sEHFeature624Type
124,sEH_TPPU_System-0:1_HydrogenBond_124_InxClass,HydrogenBond,sEH_TPPU_System-0:1,"(0, 1)",TPPUFeature1Type,sEHFeature625Type
125,sEH_TPPU_System-0:1_HydrogenBond_125_InxClass,HydrogenBond,sEH_TPPU_System-0:1,"(0, 1)",TPPUFeature1Type,sEHFeature626Type
126,sEH_TPPU_System-0:1_HydrogenBond_126_InxClass,HydrogenBond,sEH_TPPU_System-0:1,"(0, 1)",TPPUFeature1Type,sEHFeature627Type
127,sEH_TPPU_System-0:1_HydrogenBond_127_InxClass,HydrogenBond,sEH_TPPU_System-0:1,"(0, 1)",TPPUFeature1Type,sEHFeature628Type
128,sEH_TPPU_System-0:1_HydrogenBond_128_InxClass,HydrogenBond,sEH_TPPU_System-0:1,"(0, 1)",TPPUFeature1Type,sEHFeature629Type
129,sEH_TPPU_System-0:1_HydrogenBond_129_InxClass,HydrogenBond,sEH_TPPU_System-0:1,"(0, 1)",TPPUFeature1Type,sEHFeature630Type
130,sEH_TPPU_System-0:1_HydrogenBond_130_InxClass,HydrogenBond,sEH_TPPU_System-0:1,"(0, 1)",TPPUFeature1Type,sEHFeature631Type
131,sEH_TPPU_System-0:1_HydrogenBond_131_InxClass,HydrogenBond,sEH_TPPU_System-0:1,"(0, 1)",TPPUFeature1Type,sEHFeature632Type
132,sEH_TPPU_System-0:1_HydrogenBond_132_InxClass,HydrogenBond,sEH_TPPU_System-0:1,"(0, 1)",TPPUFeature1Type,sEHFeature633Type
133,sEH_TPPU_System-0:1_HydrogenBond_133_InxClass,HydrogenBond,sEH_TPPU_System-0:1,"(0, 1)",TPPUFeature1Type,sEHFeature634Type
134,sEH_TPPU_System-0:1_HydrogenBond_134_InxClass,HydrogenBond,sEH_TPPU_System-0:1,"(0, 1)",TPPUFeature1Type,sEHFeature635Type
135,sEH_TPPU_System-0:1_HydrogenBond_135_InxClass,HydrogenBond,sEH_TPPU_System-0:1,"(0, 1)",TPPUFeature1Type,sEHFeature636Type
136,sEH_TPPU_System-0:1_HydrogenBond_136_InxClass,HydrogenBond,sEH_TPPU_System-0:1,"(0, 1)",TPPUFeature1Type,sEHFeature637Type
137,sEH_TPPU_System-0:1_HydrogenBond_137_InxClass,HydrogenBond,sEH_TPPU_System-0:1,"(0, 1)",TPPUFeature1Type,sEHFeature638Type
138,sEH_TPPU_System-0:1_HydrogenBond_138_InxClass,HydrogenBond,sEH_TPPU_System-0:1,"(0, 1)",TPPUFeature1Type,sEHFeature639Type
139,sEH_TPPU_System-0:1_HydrogenBond_139_InxClass,HydrogenBond,sEH_TPPU_System-0:1,"(0, 1)",TPPUFeature1Type,sEHFeature640Type
140,sEH_TPPU_System-0:1_HydrogenBond_140_InxClass,HydrogenBond,sEH_TPPU_System-0:1,"(0, 1)",TPPUFeature1Type,sEHFeature641Type
141,sEH_TPPU_System-0:1_HydrogenBond_141_InxClass,HydrogenBond,sEH_TPPU_System-0:1,"(0, 1)",TPPUFeature1Type,sEHFeature642Type
142,sEH_TPPU_System-0:1_HydrogenBond_142_InxClass,HydrogenBond,sEH_TPPU_System-0:1,"(0, 1)",TPPUFeature1Type,sEHFeature643Type
143,sEH_TPPU_System-0:1_HydrogenBond_143_InxClass,HydrogenBond,sEH_TPPU_System-0:1,"(0, 1)",TPPUFeature1Type,sEHFeature644Type
144,sEH_TPPU_System-0:1_HydrogenBond_144_InxClass,HydrogenBond,sEH_TPPU_System-0:1,"(0, 1)",TPPUFeature1Type,sEHFeature645Type
145,sEH_TPPU_System-0:1_HydrogenBond_145_InxClass,HydrogenBond,sEH_TPPU_System-0:1,"(0, 1)",TPPUFeature1Type,sEHFeature646Type
146,sEH_TPPU_System-0:1_HydrogenBond_146_InxClass,HydrogenBond,sEH_TPPU_System-0:1,"(0, 1)",TPPUFeature1Type,sEHFeature647Type
147,sEH_TPPU_System-0:1_HydrogenBond_147_InxClass,HydrogenBond,sEH_TPPU_System-0:1,"(0, 1)",TPPUFeature1Type,sEHFeature648Type
148,sEH_TPPU_System-0:1_HydrogenBond_148_InxClass,HydrogenBond,sEH_TPPU_System-0:1,"(0, 1)",TPPUFeature1Type,sEHFeature649Type
149,sEH_TPPU_System-0:1_HydrogenBond_149_InxClass,HydrogenBond,sEH_TPPU_System-0:1,"(0, 1)",TPPUFeature1Type,sEHFeature650Type
150,sEH_TPPU_System-0:1_HydrogenBond_150_InxClass,HydrogenBond,sEH_TPPU_System-0:1,"(0, 1)",TPPUFeature1Type,sEHFeature651Type
151,sEH_TPPU_System-0:1_HydrogenBond_151_InxClass,HydrogenBond,sEH_TPPU_System-0:1,"(0, 1)",TPPUFeature1Type,sEHFeature652Type
152,sEH_TPPU_System-0:1_HydrogenBond_152_InxClass,HydrogenBond,sEH_TPPU_System-0:1,"(0, 1)",TPPUFeature1Type,sEHFeature653Type
153,sEH_TPPU_System-0:1_HydrogenBond_153_InxClass,HydrogenBond,sEH_TPPU_System-0:1,"(0, 1)",TPPUFeature1Type,sEHFeature654Type
154,sEH_TPPU_System-0:1_HydrogenBond_154_InxClass,HydrogenBond,sEH_TPPU_System-0:1,"(0, 1)",TPPUFeature1Type,sEHFeature655Type
155,sEH_TPPU_System-0:1_HydrogenBond_155_InxClass,HydrogenBond,sEH_TPPU_System-0:1,"(0, 1)",TPPUFeature1Type,sEHFeature656Type
156,sEH_TPPU_System-0:1_HydrogenBond_156_InxClass,HydrogenBond,sEH_TPPU_System-0:1,"(0, 1)",TPPUFeature1Type,sEHFeature657Type
157,sEH_TPPU_System-0:1_HydrogenBond_157_InxClass,HydrogenBond,sEH_TPPU_System-0:1,"(0, 1)",TPPUFeature1Type,sEHFeature658Type
158,sEH_TPPU_System-0:1_HydrogenBond_158_InxClass,HydrogenBond,sEH_TPPU_System-0:1,"(0, 1)",TPPUFeature1Type,sEHFeature659Type
159,sEH_TPPU_System-0:1_HydrogenBond_159_InxClass,HydrogenBond,sEH_TPPU_System-0:1,"(0, 1)",TPPUFeature1Type,sEHFeature660Type
160,sEH_TPPU_System-0:1_HydrogenBond_160_InxClass,HydrogenBond,sEH_TPPU_System-0:1,"(0, 1)",TPPUFeature1Type,sEHFeature661Type
161,sEH_TPPU_System-0:1_HydrogenBond_161_InxClass,HydrogenBond,sEH_TPPU_System-0:1,"(0, 1)",TPPUFeature1Type,sEHFeature662Type
162,sEH_TPPU_System-0:1_HydrogenBond_162_InxClass,HydrogenBond,sEH_TPPU_System-0:1,"(0, 1)",TPPUFeature1Type,sEHFeature663Type
163,sEH_TPPU_System-0:1_HydrogenBond_163_InxClass,HydrogenBond,sEH_TPPU_System-0:1,"(0, 1)",TPPUFeature1Type,sEHFeature664Type
164,sEH_TPPU_System-0:1_HydrogenBond_164_InxClass,HydrogenBond,sEH_TPPU_System-0:1,"(0, 1)",TPPUFeature1Type,sEHFeature665Type
165,sEH_TPPU_System-0:1_HydrogenBond_165_InxClass,HydrogenBond,sEH_TPPU_System-0:1,"(0, 1)",TPPUFeature1Type,sEHFeature666Type
166,sEH_TPPU_System-0:1_HydrogenBond_166_InxClass,HydrogenBond,sEH_TPPU_System-0:1,"(0, 1)",TPPUFeature1Type,sEHFeature667Type
167,sEH_TPPU_System-0:1_HydrogenBond_167_InxClass,HydrogenBond,sEH_TPPU_System-0:1,"(0, 1)",TPPUFeature1Type,sEHFeature668Type
168,sEH_TPPU_System-0:1_HydrogenBond_168_InxClass,HydrogenBond,sEH_TPPU_System-0:1,"(0, 1)",TPPUFeature1Type,sEHFeature669Type
169,sEH_TPPU_System-0:1_HydrogenBond_169_InxClass,HydrogenBond,sEH_TPPU_System-0:1,"(0, 1)",TPPUFeature1Type,sEHFeature670Type
170,sEH_TPPU_System-0:1_HydrogenBond_170_InxClass,HydrogenBond,sEH_TPPU_System-0:1,"(0, 1)",TPPUFeature1Type,sEHFeature671Type
171,sEH_TPPU_System-0:1_HydrogenBond_171_InxClass,HydrogenBond,sEH_TPPU_System-0:1,"(0, 1)",TPPUFeature1Type,sEHFeature672Type
172,sEH_TPPU_System-0:1_HydrogenBond_172_InxClass,HydrogenBond,sEH_TPPU_System-0:1,"(0, 1)",TPPUFeature1Type,sEHFeature673Type
173,sEH_TPPU_System-0:1_HydrogenBond_173_InxClass,HydrogenBond,sEH_TPPU_System-0:1,"(0, 1)",TPPUFeature1Type,sEHFeature674Type
174,sEH_TPPU_System-0:1_HydrogenBond_174_InxClass,HydrogenBond,sEH_TPPU_System-0:1,"(0, 1)",TPPUFeature1Type,sEHFeature675Type
175,sEH_TPPU_System-0:1_HydrogenBond_175_InxClass,HydrogenBond,sEH_TPPU_System-0:1,"(0, 1)",TPPUFeature1Type,sEHFeature676Type
176,sEH_TPPU_System-0:1_HydrogenBond_176_InxClass,HydrogenBond,sEH_TPPU_System-0:1,"(0, 1)",TPPUFeature1Type,sEHFeature677Type
177,sEH_TPPU_System-0:1_HydrogenBond_177_InxClass,HydrogenBond,sEH_TPPU_System-0:1,"(0, 1)",TPPUFeature1Type,sEHFeature678Type
178,sEH_TPPU_System-0:1_HydrogenBond_178_InxClass,HydrogenBond,sEH_TPPU_System-0:1,"(0, 1)",TPPUFeature1Type,sEHFeature679Type
179,sEH_TPPU_System-0:1_HydrogenBond_179_InxClass,HydrogenBond,sEH_TPPU_System-0:1,"(0, 1)",TPPUFeature1Type,sEHFeature680Type
180,sEH_TPPU_System-0:1_HydrogenBond_180_InxClass,HydrogenBond,sEH_TPPU_System-0:1,"(0, 1)",TPPUFeature1Type,sEHFeature681Type
181,sEH_TPPU_System-0:1_HydrogenBond_181_InxClass,HydrogenBond,sEH_TPPU_System-0:1,"(0, 1)",TPPUFeature1Type,sEHFeature682Type
182,sEH_TPPU_System-0:1_HydrogenBond_182_InxClass,HydrogenBond,sEH_TPPU_System-0:1,"(0, 1)",TPPUFeature1Type,sEHFeature683Type
183,sEH_TPPU_System-0:1_HydrogenBond_183_InxClass,HydrogenBond,sEH_TPPU_System-0:1,"(0, 1)",TPPUFeature1Type,sEHFeature684Type
184,sEH_TPPU_System-0:1_HydrogenBond_184_InxClass,HydrogenBond,sEH_TPPU_System-0:1,"(0, 1)",TPPUFeature1Type,sEHFeature685Type
185,sEH_TPPU_System-0:1_HydrogenBond_185_InxClass,HydrogenBond,sEH_TPPU_System-0:1,"(0, 1)",TPPUFeature1Type,sEHFeature686Type
186,sEH_TPPU_System-0:1_HydrogenBond_186_InxClass,HydrogenBond,sEH_TPPU_System-0:1,"(0, 1)",TPPUFeature1Type,sEHFeature687Type
187,sEH_TPPU_System-0:1_HydrogenBond_187_InxClass,HydrogenBond,sEH_TPPU_System-0:1,"(0, 1)",TPPUFeature1Type,sEHFeature688Type
188,sEH_TPPU_System-0:1_HydrogenBond_188_InxClass,HydrogenBond,sEH_TPPU_System-0:1,"(0, 1)",TPPUFeature1Type,sEHFeature689Type
189,sEH_TPPU_System-0:1_HydrogenBond_189_InxClass,HydrogenBond,sEH_TPPU_System-0:1,"(0, 1)",TPPUFeature1Type,sEHFeature690Type
190,sEH_TPPU_System-0:1_HydrogenBond_190_InxClass,HydrogenBond,sEH_TPPU_System-0:1,"(0, 1)",TPPUFeature1Type,sEHFeature691Type
191,sEH_TPPU_System-0:1_HydrogenBond_191_InxClass,HydrogenBond,sEH_TPPU_System-0:1,"(0, 1)",TPPUFeature1Type,sEHFeature692Type
192,sEH_TPPU_System-0:1_HydrogenBond_192_InxClass,HydrogenBond,sEH_TPPU_System-0:1,"(0, 1)",TPPUFeature1Type,sEHFeature693Type
193,sEH_TPPU_System-0:1_HydrogenBond_193_InxClass,HydrogenBond,sEH_TPPU_System-0:1,"(0, 1)",TPPUFeature1Type,sEHFeature694Type
194,sEH_TPPU_System-0:1_HydrogenBond_194_InxClass,HydrogenBond,sEH_TPPU_System-0:1,"(0, 1)",TPPUFeature1Type,sEHFeature695Type
195,sEH_TPPU_System-0:1_HydrogenBond_195_InxClass,HydrogenBond,sEH_TPPU_System-0:1,"(0, 1)",TPPUFeature1Type,sEHFeature696Type
196,sEH_TPPU_System-0:1_HydrogenBond_196_InxClass,HydrogenBond,sEH_TPPU_System-0:1,"(0, 1)",TPPUFeature1Type,sEHFeature697Type
197,sEH_TPPU_System-0:1_HydrogenBond_197_InxClass,HydrogenBond,sEH_TPPU_System-0:1,"(0, 1)",TPPUFeature1Type,sEHFeature698Type
198,sEH_TPPU_System-0:1_HydrogenBond_198_InxClass,HydrogenBond,sEH_TPPU_System-0:1,"(0, 1)",TPPUFeature1Type,sEHFeature699Type
199,sEH_TPPU_System-0:1_HydrogenBond_199_InxClass,HydrogenBond,sEH_TPPU_System-0:1,"(0, 1)",TPPUFeature1Type,sEHFeature700Type
200,sEH_TPPU_System-0:1_HydrogenBond_200_InxClass,HydrogenBond,sEH_TPPU_System-0:1,"(0, 1)",TPPUFeature1Type,sEHFeature701Type
201,sEH_TPPU_System-0:1_HydrogenBond_201_InxClass,HydrogenBond,sEH_TPPU_System-0:1,"(0, 1)",TPPUFeature1Type,sEHFeature702Type
202,sEH_TPPU_System-0:1_HydrogenBond_202_InxClass,HydrogenBond,sEH_TPPU_System-0:1,"(0, 1)",TPPUFeature1Type,sEHFeature703Type
203,sEH_TPPU_System-0:1_HydrogenBond_203_InxClass,HydrogenBond,sEH_TPPU_System-0:1,"(0, 1)",TPPUFeature1Type,sEHFeature704Type
204,sEH_TPPU_System-0:1_HydrogenBond_204_InxClass,HydrogenBond,sEH_TPPU_System-0:1,"(0, 1)",TPPUFeature1Type,sEHFeature705Type
205,sEH_TPPU_System-0:1_HydrogenBond_205_InxClass,HydrogenBond,sEH_TPPU_System-0:1,"(0, 1)",TPPUFeature1Type,sEHFeature706Type
206,sEH_TPPU_System-0:1_HydrogenBond_206_InxClass,HydrogenBond,sEH_TPPU_System-0:1,"(0, 1)",TPPUFeature1Type,sEHFeature707Type
207,sEH_TPPU_System-0:1_HydrogenBond_207_InxClass,HydrogenBond,sEH_TPPU_System-0:1,"(0, 1)",TPPUFeature1Type,sEHFeature708Type
208,sEH_TPPU_System-0:1_HydrogenBond_208_InxClass,HydrogenBond,sEH_TPPU_System-0:1,"(0, 1)",TPPUFeature1Type,sEHFeature709Type
209,sEH_TPPU_System-0:1_HydrogenBond_209_InxClass,HydrogenBond,sEH_TPPU_System-0:1,"(0, 1)",TPPUFeature1Type,sEHFeature710Type
210,sEH_TPPU_System-0:1_HydrogenBond_210_InxClass,HydrogenBond,sEH_TPPU_System-0:1,"(0, 1)",TPPUFeature1Type,sEHFeature711Type
211,sEH_TPPU_System-0:1_HydrogenBond_211_InxClass,HydrogenBond,sEH_TPPU_System-0:1,"(0, 1)",TPPUFeature1Type,sEHFeature712Type
212,sEH_TPPU_System-0:1_HydrogenBond_212_InxClass,HydrogenBond,sEH_TPPU_System-0:1,"(0, 1)",TPPUFeature1Type,sEHFeature713Type
213,sEH_TPPU_System-0:1_HydrogenBond_213_InxClass,HydrogenBond,sEH_TPPU_System-0:1,"(0, 1)",TPPUFeature1Type,sEHFeature714Type
214,sEH_TPPU_System-0:1_HydrogenBond_214_InxClass,HydrogenBond,sEH_TPPU_System-0:1,"(0, 1)",TPPUFeature1Type,sEHFeature715Type
215,sEH_TPPU_System-0:1_HydrogenBond_215_InxClass,HydrogenBond,sEH_TPPU_System-0:1,"(0, 1)",TPPUFeature1Type,sEHFeature716Type
216,sEH_TPPU_System-0:1_HydrogenBond_216_InxClass,HydrogenBond,sEH_TPPU_System-0:1,"(0, 1)",TPPUFeature1Type,sEHFeature717Type
217,sEH_TPPU_System-0:1_HydrogenBond_217_InxClass,HydrogenBond,sEH_TPPU_System-0:1,"(0, 1)",TPPUFeature1Type,sEHFeature718Type
218,sEH_TPPU_System-0:1_HydrogenBond_218_InxClass,HydrogenBond,sEH_TPPU_System-0:1,"(0, 1)",TPPUFeature1Type,sEHFeature719Type
219,sEH_TPPU_System-0:1_HydrogenBond_219_InxClass,HydrogenBond,sEH_TPPU_System-0:1,"(0, 1)",TPPUFeature1Type,sEHFeature720Type
220,sEH_TPPU_System-0:1_HydrogenBond_220_InxClass,HydrogenBond,sEH_TPPU_System-0:1,"(0, 1)",TPPUFeature1Type,sEHFeature721Type
221,sEH_TPPU_System-0:1_HydrogenBond_221_InxClass,HydrogenBond,sEH_TPPU_System-0:1,"(0, 1)",TPPUFeature1Type,sEHFeature722Type
222,sEH_TPPU_System-0:1_HydrogenBond_222_InxClass,HydrogenBond,sEH_TPPU_System-0:1,"(0, 1)",TPPUFeature1Type,sEHFeature723Type
223,sEH_TPPU_System-0:1_HydrogenBond_223_InxClass,HydrogenBond,sEH_TPPU_System-0:1,"(0, 1)",TPPUFeature1Type,sEHFeature724Type
224,sEH_TPPU_System-0:1_HydrogenBond_224_InxClass,HydrogenBond,sEH_TPPU_System-0:1,"(0, 1)",TPPUFeature1Type,sEHFeature725Type
225,sEH_TPPU_System-0:1_HydrogenBond_225_InxClass,HydrogenBond,sEH_TPPU_System-0:1,"(0, 1)",TPPUFeature1Type,sEHFeature726Type
226,sEH_TPPU_System-0:1_HydrogenBond_226_InxClass,HydrogenBond,sEH_TPPU_System-0:1,"(0, 1)",TPPUFeature1Type,sEHFeature727Type
227,sEH_TPPU_System-0:1_HydrogenBond_227_InxClass,HydrogenBond,sEH_TPPU_System-0:1,"(0, 1)",TPPUFeature1Type,sEHFeature728Type
228,sEH_TPPU_System-0:1_HydrogenBond_228_InxClass,HydrogenBond,sEH_TPPU_System-0:1,"(0, 1)",TPPUFeature1Type,sEHFeature729Type
229,sEH_TPPU_System-0:1_HydrogenBond_229_InxClass,HydrogenBond,sEH_TPPU_System-0:1,"(0, 1)",TPPUFeature1Type,sEHFeature730Type
230,sEH_TPPU_System-0:1_HydrogenBond_230_InxClass,HydrogenBond,sEH_TPPU_System-0:1,"(0, 1)",TPPUFeature1Type,sEHFeature731Type
231,sEH_TPPU_System-0:1_HydrogenBond_231_InxClass,HydrogenBond,sEH_TPPU_System-0:1,"(0, 1)",TPPUFeature1Type,sEHFeature732Type
232,sEH_TPPU_System-0:1_HydrogenBond_232_InxClass,HydrogenBond,sEH_TPPU_System-0:1,"(0, 1)",TPPUFeature1Type,sEHFeature733Type
233,sEH_TPPU_System-0:1_HydrogenBond_233_InxClass,HydrogenBond,sEH_TPPU_System-0:1,"(0, 1)",TPPUFeature1Type,sEHFeature734Type
234,sEH_TPPU_System-0:1_HydrogenBond_234_InxClass,HydrogenBond,sEH_TPPU_System-0:1,"(0, 1)",TPPUFeature1Type,sEHFeature735Type
235,sEH_TPPU_System-0:1_HydrogenBond_235_InxClass,HydrogenBond,sEH_TPPU_System-0:1,"(0, 1)",TPPUFeature1Type,sEHFeature736Type
236,sEH_TPPU_System-0:1_HydrogenBond_236_InxClass,HydrogenBond,sEH_TPPU_System-0:1,"(0, 1)",TPPUFeature1Type,sEHFeature737Type
237,sEH_TPPU_System-0:1_HydrogenBond_237_InxClass,HydrogenBond,sEH_TPPU_System-0:1,"(0, 1)",TPPUFeature1Type,sEHFeature738Type
238,sEH_TPPU_System-0:1_HydrogenBond_238_InxClass,HydrogenBond,sEH_TPPU_System-0:1,"(0, 1)",TPPUFeature1Type,sEHFeature739Type
239,sEH_TPPU_System-0:1_HydrogenBond_239_InxClass,HydrogenBond,sEH_TPPU_System-0:1,"(0, 1)",TPPUFeature1Type,sEHFeature740Type
240,sEH_TPPU_System-0:1_HydrogenBond_240_InxClass,HydrogenBond,sEH_TPPU_System-0:1,"(0, 1)",TPPUFeature1Type,sEHFeature741Type
241,sEH_TPPU_System-0:1_HydrogenBond_241_InxClass,HydrogenBond,sEH_TPPU_System-0:1,"(0, 1)",TPPUFeature1Type,sEHFeature742Type
242,sEH_TPPU_System-0:1_HydrogenBond_242_InxClass,HydrogenBond,sEH_TPPU_System-0:1,"(0, 1)",TPPUFeature1Type,sEHFeature743Type
243,sEH_TPPU_System-0:1_HydrogenBond_243_InxClass,HydrogenBond,sEH_TPPU_System-0:1,"(0, 1)",TPPUFeature1Type,sEHFeature744Type
244,sEH_TPPU_System-0:1_HydrogenBond_244_InxClass,HydrogenBond,sEH_TPPU_System-0:1,"(0, 1)",TPPUFeature1Type,sEHFeature745Type
245,sEH_TPPU_System-0:1_HydrogenBond_245_InxClass,HydrogenBond,sEH_TPPU_System-0:1,"(0, 1)",TPPUFeature1Type,sEHFeature746Type
246,sEH_TPPU_System-0:1_HydrogenBond_246_InxClass,HydrogenBond,sEH_TPPU_System-0:1,"(0, 1)",TPPUFeature1Type,sEHFeature747Type
247,sEH_TPPU_System-0:1_HydrogenBond_247_InxClass,HydrogenBond,sEH_TPPU_System-0:1,"(0, 1)",TPPUFeature1Type,sEHFeature748Type
248,sEH_TPPU_System-0:1_HydrogenBond_248_InxClass,HydrogenBond,sEH_TPPU_System-0:1,"(0, 1)",TPPUFeature1Type,sEHFeature749Type
249,sEH_TPPU_System-0:1_HydrogenBond_249_InxClass,HydrogenBond,sEH_TPPU_System-0:1,"(0, 1)",TPPUFeature1Type,sEHFeature750Type
250,sEH_TPPU_System-0:1_HydrogenBond_250_InxClass,HydrogenBond,sEH_TPPU_System-0:1,"(0, 1)",TPPUFeature1Type,sEHFeature751Type
251,sEH_TPPU_System-0:1_HydrogenBond_251_InxClass,HydrogenBond,sEH_TPPU_System-0:1,"(0, 1)",TPPUFeature1Type,sEHFeature752Type
252,sEH_TPPU_System-0:1_HydrogenBond_252_InxClass,HydrogenBond,sEH_TPPU_System-0:1,"(0, 1)",TPPUFeature1Type,sEHFeature753Type
253,sEH_TPPU_System-0:1_HydrogenBond_253_InxClass,HydrogenBond,sEH_TPPU_System-0:1,"(0, 1)",TPPUFeature1Type,sEHFeature754Type
254,sEH_TPPU_System-0:1_HydrogenBond_254_InxClass,HydrogenBond,sEH_TPPU_System-0:1,"(0, 1)",TPPUFeature1Type,sEHFeature755Type
255,sEH_TPPU_System-0:1_HydrogenBond_255_InxClass,HydrogenBond,sEH_TPPU_System-0:1,"(0, 1)",TPPUFeature1Type,sEHFeature756Type
256,sEH_TPPU_System-0:1_HydrogenBond_256_InxClass,HydrogenBond,sEH_TPPU_System-0:1,"(0, 1)",TPPUFeature1Type,sEHFeature757Type
257,sEH_TPPU_System-0:1_HydrogenBond_257_InxClass,HydrogenBond,sEH_TPPU_System-0:1,"(0, 1)",TPPUFeature1Type,sEHFeature758Type
258,sEH_TPPU_System-0:1_HydrogenBond_258_InxClass,HydrogenBond,sEH_TPPU_System-0:1,"(0, 1)",TPPUFeature1Type,sEHFeature759Type
259,sEH_TPPU_System-0:1_HydrogenBond_259_InxClass,HydrogenBond,sEH_TPPU_System-0:1,"(0, 1)",TPPUFeature1Type,sEHFeature760Type
260,sEH_TPPU_System-0:1_HydrogenBond_260_InxClass,HydrogenBond,sEH_TPPU_System-0:1,"(0, 1)",TPPUFeature1Type,sEHFeature761Type
261,sEH_TPPU_System-0:1_HydrogenBond_261_InxClass,HydrogenBond,sEH_TPPU_System-0:1,"(0, 1)",TPPUFeature1Type,sEHFeature762Type
262,sEH_TPPU_System-0:1_HydrogenBond_262_InxClass,HydrogenBond,sEH_TPPU_System-0:1,"(0, 1)",TPPUFeature1Type,sEHFeature763Type
263,sEH_TPPU_System-0:1_HydrogenBond_263_InxClass,HydrogenBond,sEH_TPPU_System-0:1,"(0, 1)",TPPUFeature1Type,sEHFeature764Type
264,sEH_TPPU_System-0:1_HydrogenBond_264_InxClass,HydrogenBond,sEH_TPPU_System-0:1,"(0, 1)",TPPUFeature1Type,sEHFeature765Type
265,sEH_TPPU_System-0:1_HydrogenBond_265_InxClass,HydrogenBond,sEH_TPPU_System-0:1,"(0, 1)",TPPUFeature1Type,sEHFeature766Type
266,sEH_TPPU_System-0:1_HydrogenBond_266_InxClass,HydrogenBond,sEH_TPPU_System-0:1,"(0, 1)",TPPUFeature1Type,sEHFeature767Type
267,sEH_TPPU_System-0:1_HydrogenBond_267_InxClass,HydrogenBond,sEH_TPPU_System-0:1,"(0, 1)",TPPUFeature1Type,sEHFeature768Type
268,sEH_TPPU_System-0:1_HydrogenBond_268_InxClass,HydrogenBond,sEH_TPPU_System-0:1,"(0, 1)",TPPUFeature1Type,sEHFeature769Type
269,sEH_TPPU_System-0:1_HydrogenBond_269_InxClass,HydrogenBond,sEH_TPPU_System-0:1,"(0, 1)",TPPUFeature1Type,sEHFeature770Type
270,sEH_TPPU_System-0:1_HydrogenBond_270_InxClass,HydrogenBond,sEH_TPPU_System-0:1,"(0, 1)",TPPUFeature1Type,sEHFeature771Type
271,sEH_TPPU_System-0:1_HydrogenBond_271_InxClass,HydrogenBond,sEH_TPPU_System-0:1,"(0, 1)",TPPUFeature1Type,sEHFeature772Type
272,sEH_TPPU_System-0:1_HydrogenBond_272_InxClass,HydrogenBond,sEH_TPPU_System-0:1,"(0, 1)",TPPUFeature1Type,sEHFeature773Type
273,sEH_TPPU_System-0:1_HydrogenBond_273_InxClass,HydrogenBond,sEH_TPPU_System-0:1,"(0, 1)",TPPUFeature1Type,sEHFeature774Type
274,sEH_TPPU_System-0:1_HydrogenBond_274_InxClass,HydrogenBond,sEH_TPPU_System-0:1,"(0, 1)",TPPUFeature1Type,sEHFeature775Type
275,sEH_TPPU_System-0:1_HydrogenBond_275_InxClass,HydrogenBond,sEH_TPPU_System-0:1,"(0, 1)",TPPUFeature1Type,sEHFeature776Type
276,sEH_TPPU_System-0:1_HydrogenBond_276_InxClass,HydrogenBond,sEH_TPPU_System-0:1,"(0, 1)",TPPUFeature1Type,sEHFeature777Type
277,sEH_TPPU_System-0:1_HydrogenBond_277_InxClass,HydrogenBond,sEH_TPPU_System-0:1,"(0, 1)",TPPUFeature1Type,sEHFeature778Type
278,sEH_TPPU_System-0:1_HydrogenBond_278_InxClass,HydrogenBond,sEH_TPPU_System-0:1,"(0, 1)",TPPUFeature1Type,sEHFeature779Type
279,sEH_TPPU_System-0:1_HydrogenBond_279_InxClass,HydrogenBond,sEH_TPPU_System-0:1,"(0, 1)",TPPUFeature1Type,sEHFeature780Type
280,sEH_TPPU_System-0:1_HydrogenBond_280_InxClass,HydrogenBond,sEH_TPPU_System-0:1,"(0, 1)",TPPUFeature1Type,sEHFeature781Type
281,sEH_TPPU_System-0:1_HydrogenBond_281_InxClass,HydrogenBond,sEH_TPPU_System-0:1,"(0, 1)",TPPUFeature1Type,sEHFeature782Type
282,sEH_TPPU_System-0:1_HydrogenBond_282_InxClass,HydrogenBond,sEH_TPPU_System-0:1,"(0, 1)",TPPUFeature1Type,sEHFeature783Type
283,sEH_TPPU_System-0:1_HydrogenBond_283_InxClass,HydrogenBond,sEH_TPPU_System-0:1,"(0, 1)",TPPUFeature1Type,sEHFeature784Type
284,sEH_TPPU_System-0:1_HydrogenBond_284_InxClass,HydrogenBond,sEH_TPPU_System-0:1,"(0, 1)",TPPUFeature1Type,sEHFeature785Type
285,sEH_TPPU_System-0:1_HydrogenBond_285_InxClass,HydrogenBond,sEH_TPPU_System-0:1,"(0, 1)",TPPUFeature1Type,sEHFeature786Type
286,sEH_TPPU_System-0:1_HydrogenBond_286_InxClass,HydrogenBond,sEH_TPPU_System-0:1,"(0, 1)",TPPUFeature1Type,sEHFeature787Type
287,sEH_TPPU_System-0:1_HydrogenBond_287_InxClass,HydrogenBond,sEH_TPPU_System-0:1,"(0, 1)",TPPUFeature1Type,sEHFeature788Type
288,sEH_TPPU_System-0:1_HydrogenBond_288_InxClass,HydrogenBond,sEH_TPPU_System-0:1,"(0, 1)",TPPUFeature1Type,sEHFeature789Type
289,sEH_TPPU_System-0:1_HydrogenBond_289_InxClass,HydrogenBond,sEH_TPPU_System-0:1,"(0, 1)",TPPUFeature1Type,sEHFeature790Type
290,sEH_TPPU_System-0:1_HydrogenBond_290_InxClass,HydrogenBond,sEH_TPPU_System-0:1,"(0, 1)",TPPUFeature1Type,sEHFeature791Type
291,sEH_TPPU_System-0:1_HydrogenBond_291_InxClass,HydrogenBond,sEH_TPPU_System-0:1,"(0, 1)",TPPUFeature1Type,sEHFeature792Type
292,sEH_TPPU_System-0:1_HydrogenBond_292_InxClass,HydrogenBond,sEH_TPPU_System-0:1,"(0, 1)",TPPUFeature1Type,sEHFeature793Type
293,sEH_TPPU_System-0:1_HydrogenBond_293_InxClass,HydrogenBond,sEH_TPPU_System-0:1,"(0, 1)",TPPUFeature1Type,sEHFeature794Type
294,sEH_TPPU_System-0:1_HydrogenBond_294_InxClass,HydrogenBond,sEH_TPPU_System-0:1,"(0, 1)",TPPUFeature1Type,sEHFeature795Type
295,sEH_TPPU_System-0:1_HydrogenBond_295_InxClass,HydrogenBond,sEH_TPPU_System-0:1,"(0, 1)",TPPUFeature1Type,sEHFeature796Type
296,sEH_TPPU_System-0:1_HydrogenBond_296_InxClass,HydrogenBond,sEH_TPPU_System-0:1,"(0, 1)",TPPUFeature1Type,sEHFeature797Type
297,sEH_TPPU_System-0:1_HydrogenBond_297_InxClass,HydrogenBond,sEH_TPPU_System-0:1,"(0, 1)",TPPUFeature1Type,sEHFeature798Type
298,sEH_TPPU_System-0:1_HydrogenBond_298_InxClass,HydrogenBond,sEH_TPPU_System-0:1,"(0, 1)",TPPUFeature1Type,sEHFeature799Type
299,sEH_TPPU_System-0:1_HydrogenBond_299_InxClass,HydrogenBond,sEH_TPPU_System-0:1,"(0, 1)",TPPUFeature1Type,sEHFeature800Type
300,sEH_TPPU_System-0:1_HydrogenBond_300_InxClass,HydrogenBond,sEH_TPPU_System-0:1,"(0, 1)",TPPUFeature1Type,sEHFeature801Type
301,sEH_TPPU_System-0:1_HydrogenBond_301_InxClass,HydrogenBond,sEH_TPPU_System-0:1,"(0, 1)",TPPUFeature1Type,sEHFeature802Type
302,sEH_TPPU_System-0:1_HydrogenBond_302_InxClass,HydrogenBond,sEH_TPPU_System-0:1,"(0, 1)",TPPUFeature1Type,sEHFeature803Type
303,sEH_TPPU_System-0:1_HydrogenBond_303_InxClass,HydrogenBond,sEH_TPPU_System-0:1,"(0, 1)",TPPUFeature1Type,sEHFeature804Type
304,sEH_TPPU_System-0:1_HydrogenBond_304_InxClass,HydrogenBond,sEH_TPPU_System-0:1,"(0, 1)",TPPUFeature1Type,sEHFeature805Type
305,sEH_TPPU_System-0:1_HydrogenBond_305_InxClass,HydrogenBond,sEH_TPPU_System-0:1,"(0, 1)",TPPUFeature1Type,sEHFeature806Type
306,sEH_TPPU_System-0:1_HydrogenBond_306_InxClass,HydrogenBond,sEH_TPPU_System-0:1,"(0, 1)",TPPUFeature1Type,sEHFeature807Type
307,sEH_TPPU_System-0:1_HydrogenBond_307_InxClass,HydrogenBond,sEH_TPPU_System-0:1,"(0, 1)",TPPUFeature1Type,sEHFeature808Type
308,sEH_TPPU_System-0:1_HydrogenBond_308_InxClass,HydrogenBond,sEH_TPPU_System-0:1,"(0, 1)",TPPUFeature1Type,sEHFeature809Type
309,sEH_TPPU_System-0:1_HydrogenBond_309_InxClass,HydrogenBond,sEH_TPPU_System-0:1,"(0, 1)",TPPUFeature1Type,sEHFeature810Type
310,sEH_TPPU_System-0:1_HydrogenBond_310_InxClass,HydrogenBond,sEH_TPPU_System-0:1,"(0, 1)",TPPUFeature1Type,sEHFeature811Type
311,sEH_TPPU_System-0:1_HydrogenBond_311_InxClass,HydrogenBond,sEH_TPPU_System-0:1,"(0, 1)",TPPUFeature1Type,sEHFeature812Type
312,sEH_TPPU_System-0:1_HydrogenBond_312_InxClass,HydrogenBond,sEH_TPPU_System-0:1,"(0, 1)",TPPUFeature1Type,sEHFeature813Type
313,sEH_TPPU_System-0:1_HydrogenBond_313_InxClass,HydrogenBond,sEH_TPPU_System-0:1,"(0, 1)",TPPUFeature1Type,sEHFeature814Type
314,sEH_TPPU_System-0:1_HydrogenBond_314_InxClass,HydrogenBond,sEH_TPPU_System-0:1,"(0, 1)",TPPUFeature1Type,sEHFeature815Type
315,sEH_TPPU_System-0:1_HydrogenBond_315_InxClass,HydrogenBond,sEH_TPPU_System-0:1,"(0, 1)",TPPUFeature1Type,sEHFeature816Type
316,sEH_TPPU_System-0:1_HydrogenBond_316_InxClass,HydrogenBond,sEH_TPPU_System-0:1,"(0, 1)",TPPUFeature1Type,sEHFeature817Type
317,sEH_TPPU_System-0:1_HydrogenBond_317_InxClass,HydrogenBond,sEH_TPPU_System-0:1,"(0, 1)",TPPUFeature1Type,sEHFeature818Type
318,sEH_TPPU_System-0:1_HydrogenBond_318_InxClass,HydrogenBond,sEH_TPPU_System-0:1,"(0, 1)",TPPUFeature1Type,sEHFeature819Type
319,sEH_TPPU_System-0:1_HydrogenBond_319_InxClass,HydrogenBond,sEH_TPPU_System-0:1,"(0, 1)",TPPUFeature1Type,sEHFeature820Type
320,sEH_TPPU_System-0:1_HydrogenBond_320_InxClass,HydrogenBond,sEH_TPPU_System-0:1,"(0, 1)",TPPUFeature1Type,sEHFeature821Type
321,sEH_TPPU_System-0:1_HydrogenBond_321_InxClass,HydrogenBond,sEH_TPPU_System-0:1,"(0, 1)",TPPUFeature1Type,sEHFeature822Type
322,sEH_TPPU_System-0:1_HydrogenBond_322_InxClass,HydrogenBond,sEH_TPPU_System-0:1,"(0, 1)",TPPUFeature1Type,sEHFeature823Type
323,sEH_TPPU_System-0:1_HydrogenBond_323_InxClass,HydrogenBond,sEH_TPPU_System-0:1,"(0, 1)",TPPUFeature1Type,sEHFeature824Type
324,sEH_TPPU_System-0:1_HydrogenBond_324_InxClass,HydrogenBond,sEH_TPPU_System-0:1,"(0, 1)",TPPUFeature1Type,sEHFeature825Type
325,sEH_TPPU_System-0:1_HydrogenBond_325_InxClass,HydrogenBond,sEH_TPPU_System-0:1,"(0, 1)",TPPUFeature1Type,sEHFeature826Type
326,sEH_TPPU_System-0:1_HydrogenBond_326_InxClass,HydrogenBond,sEH_TPPU_System-0:1,"(0, 1)",TPPUFeature1Type,sEHFeature827Type
327,sEH_TPPU_System-0:1_HydrogenBond_327_InxClass,HydrogenBond,sEH_TPPU_System-0:1,"(0, 1)",TPPUFeature1Type,sEHFeature828Type
328,sEH_TPPU_System-0:1_HydrogenBond_328_InxClass,HydrogenBond,sEH_TPPU_System-0:1,"(0, 1)",TPPUFeature1Type,sEHFeature829Type
329,sEH_TPPU_System-0:1_HydrogenBond_329_InxClass,HydrogenBond,sEH_TPPU_System-0:1,"(0, 1)",TPPUFeature1Type,sEHFeature830Type
330,sEH_TPPU_System-0:1_HydrogenBond_330_InxClass,HydrogenBond,sEH_TPPU_System-0:1,"(0, 1)",TPPUFeature1Type,sEHFeature831Type
331,sEH_TPPU_System-0:1_HydrogenBond_331_InxClass,HydrogenBond,sEH_TPPU_System-0:1,"(0, 1)",TPPUFeature1Type,sEHFeature832Type
332,sEH_TPPU_System-0:1_HydrogenBond_332_InxClass,HydrogenBond,sEH_TPPU_System-0:1,"(0, 1)",TPPUFeature1Type,sEHFeature833Type
333,sEH_TPPU_System-0:1_HydrogenBond_333_InxClass,HydrogenBond,sEH_TPPU_System-0:1,"(0, 1)",TPPUFeature1Type,sEHFeature834Type
334,sEH_TPPU_System-0:1_HydrogenBond_334_InxClass,HydrogenBond,sEH_TPPU_System-0:1,"(0, 1)",TPPUFeature1Type,sEHFeature835Type
335,sEH_TPPU_System-0:1_HydrogenBond_335_InxClass,HydrogenBond,sEH_TPPU_System-0:1,"(0, 1)",TPPUFeature1Type,sEHFeature836Type
336,sEH_TPPU_System-0:1_HydrogenBond_336_InxClass,HydrogenBond,sEH_TPPU_System-0:1,"(0, 1)",TPPUFeature1Type,sEHFeature837Type
337,sEH_TPPU_System-0:1_HydrogenBond_337_InxClass,HydrogenBond,sEH_TPPU_System-0:1,"(0, 1)",TPPUFeature1Type,sEHFeature838Type
338,sEH_TPPU_System-0:1_HydrogenBond_338_InxClass,HydrogenBond,sEH_TPPU_System-0:1,"(0, 1)",TPPUFeature1Type,sEHFeature839Type
339,sEH_TPPU_System-0:1_HydrogenBond_339_InxClass,HydrogenBond,sEH_TPPU_System-0:1,"(0, 1)",TPPUFeature1Type,sEHFeature840Type
340,sEH_TPPU_System-0:1_HydrogenBond_340_InxClass,HydrogenBond,sEH_TPPU_System-0:1,"(0, 1)",TPPUFeature1Type,sEHFeature841Type
341,sEH_TPPU_System-0:1_HydrogenBond_341_InxClass,HydrogenBond,sEH_TPPU_System-0:1,"(0, 1)",TPPUFeature1Type,sEHFeature842Type
342,sEH_TPPU_System-0:1_HydrogenBond_342_InxClass,HydrogenBond,sEH_TPPU_System-0:1,"(0, 1)",TPPUFeature1Type,sEHFeature843Type
343,sEH_TPPU_System-0:1_HydrogenBond_343_InxClass,HydrogenBond,sEH_TPPU_System-0:1,"(0, 1)",TPPUFeature1Type,sEHFeature844Type
344,sEH_TPPU_System-0:1_HydrogenBond_344_InxClass,HydrogenBond,sEH_TPPU_System-0:1,"(0, 1)",TPPUFeature1Type,sEHFeature845Type
345,sEH_TPPU_System-0:1_HydrogenBond_345_InxClass,HydrogenBond,sEH_TPPU_System-0:1,"(0, 1)",TPPUFeature1Type,sEHFeature846Type
346,sEH_TPPU_System-0:1_HydrogenBond_346_InxClass,HydrogenBond,sEH_TPPU_System-0:1,"(0, 1)",TPPUFeature1Type,sEHFeature847Type
347,sEH_TPPU_System-0:1_HydrogenBond_347_InxClass,HydrogenBond,sEH_TPPU_System-0:1,"(0, 1)",TPPUFeature1Type,sEHFeature848Type
348,sEH_TPPU_System-0:1_HydrogenBond_348_InxClass,HydrogenBond,sEH_TPPU_System-0:1,"(0, 1)",TPPUFeature1Type,sEHFeature849Type
349,sEH_TPPU_System-0:1_HydrogenBond_349_InxClass,HydrogenBond,sEH_TPPU_System-0:1,"(0, 1)",TPPUFeature1Type,sEHFeature850Type
350,sEH_TPPU_System-0:1_HydrogenBond_350_InxClass,HydrogenBond,sEH_TPPU_System-0:1,"(0, 1)",TPPUFeature1Type,sEHFeature851Type
351,sEH_TPPU_System-0:1_HydrogenBond_351_InxClass,HydrogenBond,sEH_TPPU_System-0:1,"(0, 1)",TPPUFeature1Type,sEHFeature852Type
352,sEH_TPPU_System-0:1_HydrogenBond_352_InxClass,HydrogenBond,sEH_TPPU_System-0:1,"(0, 1)",TPPUFeature1Type,sEHFeature853Type
353,sEH_TPPU_System-0:1_HydrogenBond_353_InxClass,HydrogenBond,sEH_TPPU_System-0:1,"(0, 1)",TPPUFeature1Type,sEHFeature854Type
354,sEH_TPPU_System-0:1_HydrogenBond_354_InxClass,HydrogenBond,sEH_TPPU_System-0:1,"(0, 1)",TPPUFeature1Type,sEHFeature855Type
355,sEH_TPPU_System-0:1_HydrogenBond_355_InxClass,HydrogenBond,sEH_TPPU_System-0:1,"(0, 1)",TPPUFeature1Type,sEHFeature856Type
356,sEH_TPPU_System-0:1_HydrogenBond_356_InxClass,HydrogenBond,sEH_TPPU_System-0:1,"(0, 1)",TPPUFeature1Type,sEHFeature857Type
357,sEH_TPPU_System-0:1_HydrogenBond_357_InxClass,HydrogenBond,sEH_TPPU_System-0:1,"(0, 1)",TPPUFeature1Type,sEHFeature858Type
358,sEH_TPPU_System-0:1_HydrogenBond_358_InxClass,HydrogenBond,sEH_TPPU_System-0:1,"(0, 1)",TPPUFeature1Type,sEHFeature859Type
359,sEH_TPPU_System-0:1_HydrogenBond_359_InxClass,HydrogenBond,sEH_TPPU_System-0:1,"(0, 1)",TPPUFeature1Type,sEHFeature860Type
360,sEH_TPPU_System-0:1_HydrogenBond_360_InxClass,HydrogenBond,sEH_TPPU_System-0:1,"(0, 1)",TPPUFeature1Type,sEHFeature861Type
361,sEH_TPPU_System-0:1_HydrogenBond_361_InxClass,HydrogenBond,sEH_TPPU_System-0:1,"(0, 1)",TPPUFeature1Type,sEHFeature862Type
362,sEH_TPPU_System-0:1_HydrogenBond_362_InxClass,HydrogenBond,sEH_TPPU_System-0:1,"(0, 1)",TPPUFeature1Type,sEHFeature863Type
363,sEH_TPPU_System-0:1_HydrogenBond_363_InxClass,HydrogenBond,sEH_TPPU_System-0:1,"(0, 1)",TPPUFeature1Type,sEHFeature864Type
364,sEH_TPPU_System-0:1_HydrogenBond_364_InxClass,HydrogenBond,sEH_TPPU_System-0:1,"(0, 1)",TPPUFeature1Type,sEHFeature865Type
365,sEH_TPPU_System-0:1_HydrogenBond_365_InxClass,HydrogenBond,sEH_TPPU_System-0:1,"(0, 1)",TPPUFeature1Type,sEHFeature866Type
366,sEH_TPPU_System-0:1_HydrogenBond_366_InxClass,HydrogenBond,sEH_TPPU_System-0:1,"(0, 1)",TPPUFeature1Type,sEHFeature867Type
367,sEH_TPPU_System-0:1_HydrogenBond_367_InxClass,HydrogenBond,sEH_TPPU_System-0:1,"(0, 1)",TPPUFeature1Type,sEHFeature868Type
368,sEH_TPPU_System-0:1_HydrogenBond_368_InxClass,HydrogenBond,sEH_TPPU_System-0:1,"(0, 1)",TPPUFeature1Type,sEHFeature869Type
369,sEH_TPPU_System-0:1_HydrogenBond_369_InxClass,HydrogenBond,sEH_TPPU_System-0:1,"(0, 1)",TPPUFeature1Type,sEHFeature870Type
370,sEH_TPPU_System-0:1_HydrogenBond_370_InxClass,HydrogenBond,sEH_TPPU_System-0:1,"(0, 1)",TPPUFeature1Type,sEHFeature871Type
371,sEH_TPPU_System-0:1_HydrogenBond_371_InxClass,HydrogenBond,sEH_TPPU_System-0:1,"(0, 1)",TPPUFeature1Type,sEHFeature872Type
372,sEH_TPPU_System-0:1_HydrogenBond_372_InxClass,HydrogenBond,sEH_TPPU_System-0:1,"(0, 1)",TPPUFeature1Type,sEHFeature873Type
373,sEH_TPPU_System-0:1_HydrogenBond_373_InxClass,HydrogenBond,sEH_TPPU_System-0:1,"(0, 1)",TPPUFeature1Type,sEHFeature874Type
374,sEH_TPPU_System-0:1_HydrogenBond_374_InxClass,HydrogenBond,sEH_TPPU_System-0:1,"(0, 1)",TPPUFeature1Type,sEHFeature875Type
375,sEH_TPPU_System-0:1_HydrogenBond_375_InxClass,HydrogenBond,sEH_TPPU_System-0:1,"(0, 1)",TPPUFeature1Type,sEHFeature876Type
376,sEH_TPPU_System-0:1_HydrogenBond_376_InxClass,HydrogenBond,sEH_TPPU_System-0:1,"(0, 1)",TPPUFeature1Type,sEHFeature877Type
377,sEH_TPPU_System-0:1_HydrogenBond_377_InxClass,HydrogenBond,sEH_TPPU_System-0:1,"(0, 1)",TPPUFeature1Type,sEHFeature878Type
378,sEH_TPPU_System-0:1_HydrogenBond_378_InxClass,HydrogenBond,sEH_TPPU_System-0:1,"(0, 1)",TPPUFeature1Type,sEHFeature879Type
379,sEH_TPPU_System-0:1_HydrogenBond_379_InxClass,HydrogenBond,sEH_TPPU_System-0:1,"(0, 1)",TPPUFeature1Type,sEHFeature880Type
380,sEH_TPPU_System-0:1_HydrogenBond_380_InxClass,HydrogenBond,sEH_TPPU_System-0:1,"(0, 1)",TPPUFeature1Type,sEHFeature881Type
381,sEH_TPPU_System-0:1_HydrogenBond_381_InxClass,HydrogenBond,sEH_TPPU_System-0:1,"(0, 1)",TPPUFeature1Type,sEHFeature882Type
382,sEH_TPPU_System-0:1_HydrogenBond_382_InxClass,HydrogenBond,sEH_TPPU_System-0:1,"(0, 1)",TPPUFeature1Type,sEHFeature883Type
383,sEH_TPPU_System-0:1_HydrogenBond_383_InxClass,HydrogenBond,sEH_TPPU_System-0:1,"(0, 1)",TPPUFeature1Type,sEHFeature884Type
384,sEH_TPPU_System-0:1_HydrogenBond_384_InxClass,HydrogenBond,sEH_TPPU_System-0:1,"(0, 1)",TPPUFeature1Type,sEHFeature885Type
385,sEH_TPPU_System-0:1_HydrogenBond_385_InxClass,HydrogenBond,sEH_TPPU_System-0:1,"(0, 1)",TPPUFeature1Type,sEHFeature886Type
386,sEH_TPPU_System-0:1_HydrogenBond_386_InxClass,HydrogenBond,sEH_TPPU_System-0:1,"(0, 1)",TPPUFeature1Type,sEHFeature887Type
387,sEH_TPPU_System-0:1_HydrogenBond_387_InxClass,HydrogenBond,sEH_TPPU_System-0:1,"(0, 1)",TPPUFeature1Type,sEHFeature888Type
388,sEH_TPPU_System-0:1_HydrogenBond_388_InxClass,HydrogenBond,sEH_TPPU_System-0:1,"(0, 1)",TPPUFeature1Type,sEHFeature889Type
389,sEH_TPPU_System-0:1_HydrogenBond_389_InxClass,HydrogenBond,sEH_TPPU_System-0:1,"(0, 1)",TPPUFeature1Type,sEHFeature890Type
390,sEH_TPPU_System-0:1_HydrogenBond_390_InxClass,HydrogenBond,sEH_TPPU_System-0:1,"(0, 1)",TPPUFeature1Type,sEHFeature891Type
391,sEH_TPPU_System-0:1_HydrogenBond_391_InxClass,HydrogenBond,sEH_TPPU_System-0:1,"(0, 1)",TPPUFeature1Type,sEHFeature892Type
392,sEH_TPPU_System-0:1_HydrogenBond_392_InxClass,HydrogenBond,sEH_TPPU_System-0:1,"(0, 1)",TPPUFeature1Type,sEHFeature893Type
393,sEH_TPPU_System-0:1_HydrogenBond_393_InxClass,HydrogenBond,sEH_TPPU_System-0:1,"(0, 1)",TPPUFeature1Type,sEHFeature894Type
394,sEH_TPPU_System-0:1_HydrogenBond_394_InxClass,HydrogenBond,sEH_TPPU_System-0:1,"(0, 1)",TPPUFeature1Type,sEHFeature895Type
395,sEH_TPPU_System-0:1_HydrogenBond_395_InxClass,HydrogenBond,sEH_TPPU_System-0:1,"(0, 1)",TPPUFeature1Type,sEHFeature896Type
396,sEH_TPPU_System-0:1_HydrogenBond_396_InxClass,HydrogenBond,sEH_TPPU_System-0:1,"(0, 1)",TPPUFeature1Type,sEHFeature897Type
397,sEH_TPPU_System-0:1_HydrogenBond_397_InxClass,HydrogenBond,sEH_TPPU_System-0:1,"(0, 1)",TPPUFeature1Type,sEHFeature898Type
398,sEH_TPPU_System-0:1_HydrogenBond_398_InxClass,HydrogenBond,sEH_TPPU_System-0:1,"(0, 1)",TPPUFeature1Type,sEHFeature899Type
399,sEH_TPPU_System-0:1_HydrogenBond_399_InxClass,HydrogenBond,sEH_TPPU_System-0:1,"(0, 1)",TPPUFeature1Type,sEHFeature900Type
400,sEH_TPPU_System-0:1_HydrogenBond_400_InxClass,HydrogenBond,sEH_TPPU_System-0:1,"(0, 1)",TPPUFeature1Type,sEHFeature901Type
401,sEH_TPPU_System-0:1_HydrogenBond_401_InxClass,HydrogenBond,sEH_TPPU_System-0:1,"(0, 1)",TPPUFeature1Type,sEHFeature902Type
402,sEH_TPPU_System-0:1_HydrogenBond_402_InxClass,HydrogenBond,sEH_TPPU_System-0:1,"(0, 1)",TPPUFeature1Type,sEHFeature903Type
403,sEH_TPPU_System-0:1_HydrogenBond_403_InxClass,HydrogenBond,sEH_TPPU_System-0:1,"(0, 1)",TPPUFeature1Type,sEHFeature904Type
404,sEH_TPPU_System-0:1_HydrogenBond_404_InxClass,HydrogenBond,sEH_TPPU_System-0:1,"(0, 1)",TPPUFeature1Type,sEHFeature905Type
405,sEH_TPPU_System-0:1_HydrogenBond_405_InxClass,HydrogenBond,sEH_TPPU_System-0:1,"(0, 1)",TPPUFeature1Type,sEHFeature906Type
406,sEH_TPPU_System-0:1_HydrogenBond_406_InxClass,HydrogenBond,sEH_TPPU_System-0:1,"(0, 1)",TPPUFeature1Type,sEHFeature907Type
407,sEH_TPPU_System-0:1_HydrogenBond_407_InxClass,HydrogenBond,sEH_TPPU_System-0:1,"(0, 1)",TPPUFeature1Type,sEHFeature908Type
408,sEH_TPPU_System-0:1_HydrogenBond_408_InxClass,HydrogenBond,sEH_TPPU_System-0:1,"(0, 1)",TPPUFeature1Type,sEHFeature909Type
409,sEH_TPPU_System-0:1_HydrogenBond_409_InxClass,HydrogenBond,sEH_TPPU_System-0:1,"(0, 1)",TPPUFeature1Type,sEHFeature910Type
410,sEH_TPPU_System-0:1_HydrogenBond_410_InxClass,HydrogenBond,sEH_TPPU_System-0:1,"(0, 1)",TPPUFeature1Type,sEHFeature911Type
411,sEH_TPPU_System-0:1_HydrogenBond_411_InxClass,HydrogenBond,sEH_TPPU_System-0:1,"(0, 1)",TPPUFeature1Type,sEHFeature912Type
412,sEH_TPPU_System-0:1_HydrogenBond_412_InxClass,HydrogenBond,sEH_TPPU_System-0:1,"(0, 1)",TPPUFeature1Type,sEHFeature913Type
413,sEH_TPPU_System-0:1_HydrogenBond_413_InxClass,HydrogenBond,sEH_TPPU_System-0:1,"(0, 1)",TPPUFeature1Type,sEHFeature914Type
414,sEH_TPPU_System-0:1_HydrogenBond_414_InxClass,HydrogenBond,sEH_TPPU_System-0:1,"(0, 1)",TPPUFeature1Type,sEHFeature915Type
415,sEH_TPPU_System-0:1_HydrogenBond_415_InxClass,HydrogenBond,sEH_TPPU_System-0:1,"(0, 1)",TPPUFeature1Type,sEHFeature916Type
416,sEH_TPPU_System-0:1_HydrogenBond_416_InxClass,HydrogenBond,sEH_TPPU_System-0:1,"(0, 1)",TPPUFeature1Type,sEHFeature917Type
417,sEH_TPPU_System-0:1_HydrogenBond_417_InxClass,HydrogenBond,sEH_TPPU_System-0:1,"(0, 1)",TPPUFeature1Type,sEHFeature918Type
418,sEH_TPPU_System-0:1_HydrogenBond_418_InxClass,HydrogenBond,sEH_TPPU_System-0:1,"(0, 1)",TPPUFeature1Type,sEHFeature919Type
419,sEH_TPPU_System-0:1_HydrogenBond_419_InxClass,HydrogenBond,sEH_TPPU_System-0:1,"(0, 1)",TPPUFeature1Type,sEHFeature920Type
420,sEH_TPPU_System-0:1_HydrogenBond_420_InxClass,HydrogenBond,sEH_TPPU_System-0:1,"(0, 1)",TPPUFeature1Type,sEHFeature921Type
421,sEH_TPPU_System-0:1_HydrogenBond_421_InxClass,HydrogenBond,sEH_TPPU_System-0:1,"(0, 1)",TPPUFeature1Type,sEHFeature922Type
422,sEH_TPPU_System-0:1_HydrogenBond_422_InxClass,HydrogenBond,sEH_TPPU_System-0:1,"(0, 1)",TPPUFeature1Type,sEHFeature923Type
423,sEH_TPPU_System-0:1_HydrogenBond_423_InxClass,HydrogenBond,sEH_TPPU_System-0:1,"(0, 1)",TPPUFeature1Type,sEHFeature924Type
424,sEH_TPPU_System-0:1_HydrogenBond_424_InxClass,HydrogenBond,sEH_TPPU_System-0:1,"(0, 1)",TPPUFeature1Type,sEHFeature925Type
425,sEH_TPPU_System-0:1_HydrogenBond_425_InxClass,HydrogenBond,sEH_TPPU_System-0:1,"(0, 1)",TPPUFeature1Type,sEHFeature926Type
426,sEH_TPPU_System-0:1_HydrogenBond_426_InxClass,HydrogenBond,sEH_TPPU_System-0:1,"(0, 1)",TPPUFeature1Type,sEHFeature927Type
427,sEH_TPPU_System-0:1_HydrogenBond_427_InxClass,HydrogenBond,sEH_TPPU_System-0:1,"(0, 1)",TPPUFeature1Type,sEHFeature928Type
428,sEH_TPPU_System-0:1_HydrogenBond_428_InxClass,HydrogenBond,sEH_TPPU_System-0:1,"(0, 1)",TPPUFeature1Type,sEHFeature929Type
429,sEH_TPPU_System-0:1_HydrogenBond_429_InxClass,HydrogenBond,sEH_TPPU_System-0:1,"(0, 1)",TPPUFeature1Type,sEHFeature930Type
430,sEH_TPPU_System-0:1_HydrogenBond_430_InxClass,HydrogenBond,sEH_TPPU_System-0:1,"(0, 1)",TPPUFeature1Type,sEHFeature931Type
431,sEH_TPPU_System-0:1_HydrogenBond_431_InxClass,HydrogenBond,sEH_TPPU_System-0:1,"(0, 1)",TPPUFeature1Type,sEHFeature932Type
432,sEH_TPPU_System-0:1_HydrogenBond_432_InxClass,HydrogenBond,sEH_TPPU_System-0:1,"(0, 1)",TPPUFeature1Type,sEHFeature933Type
433,sEH_TPPU_System-0:1_HydrogenBond_433_InxClass,HydrogenBond,sEH_TPPU_System-0:1,"(0, 1)",TPPUFeature1Type,sEHFeature934Type
434,sEH_TPPU_System-0:1_HydrogenBond_434_InxClass,HydrogenBond,sEH_TPPU_System-0:1,"(0, 1)",TPPUFeature1Type,sEHFeature935Type
435,sEH_TPPU_System-0:1_HydrogenBond_435_InxClass,HydrogenBond,sEH_TPPU_System-0:1,"(0, 1)",TPPUFeature1Type,sEHFeature936Type
436,sEH_TPPU_System-0:1_HydrogenBond_436_InxClass,HydrogenBond,sEH_TPPU_System-0:1,"(0, 1)",TPPUFeature1Type,sEHFeature937Type
437,sEH_TPPU_System-0:1_HydrogenBond_437_InxClass,HydrogenBond,sEH_TPPU_System-0:1,"(0, 1)",TPPUFeature1Type,sEHFeature938Type
438,sEH_TPPU_System-0:1_HydrogenBond_438_InxClass,HydrogenBond,sEH_TPPU_System-0:1,"(0, 1)",TPPUFeature1Type,sEHFeature939Type
439,sEH_TPPU_System-0:1_HydrogenBond_439_InxClass,HydrogenBond,sEH_TPPU_System-0:1,"(0, 1)",TPPUFeature1Type,sEHFeature940Type
440,sEH_TPPU_System-0:1_HydrogenBond_440_InxClass,HydrogenBond,sEH_TPPU_System-0:1,"(0, 1)",TPPUFeature1Type,sEHFeature941Type
441,sEH_TPPU_System-0:1_HydrogenBond_441_InxClass,HydrogenBond,sEH_TPPU_System-0:1,"(0, 1)",TPPUFeature1Type,sEHFeature942Type
442,sEH_TPPU_System-0:1_HydrogenBond_442_InxClass,HydrogenBond,sEH_TPPU_System-0:1,"(0, 1)",TPPUFeature1Type,sEHFeature943Type
443,sEH_TPPU_System-0:1_HydrogenBond_443_InxClass,HydrogenBond,sEH_TPPU_System-0:1,"(0, 1)",TPPUFeature1Type,sEHFeature944Type
444,sEH_TPPU_System-0:1_HydrogenBond_444_InxClass,HydrogenBond,sEH_TPPU_System-0:1,"(0, 1)",TPPUFeature1Type,sEHFeature945Type
445,sEH_TPPU_System-0:1_HydrogenBond_445_InxClass,HydrogenBond,sEH_TPPU_System-0:1,"(0, 1)",TPPUFeature1Type,sEHFeature946Type
446,sEH_TPPU_System-0:1_HydrogenBond_446_InxClass,HydrogenBond,sEH_TPPU_System-0:1,"(0, 1)",TPPUFeature1Type,sEHFeature947Type
447,sEH_TPPU_System-0:1_HydrogenBond_447_InxClass,HydrogenBond,sEH_TPPU_System-0:1,"(0, 1)",TPPUFeature1Type,sEHFeature948Type
448,sEH_TPPU_System-0:1_HydrogenBond_448_InxClass,HydrogenBond,sEH_TPPU_System-0:1,"(0, 1)",TPPUFeature1Type,sEHFeature949Type
449,sEH_TPPU_System-0:1_HydrogenBond_449_InxClass,HydrogenBond,sEH_TPPU_System-0:1,"(0, 1)",TPPUFeature1Type,sEHFeature950Type
450,sEH_TPPU_System-0:1_HydrogenBond_450_InxClass,HydrogenBond,sEH_TPPU_System-0:1,"(0, 1)",TPPUFeature1Type,sEHFeature951Type
451,sEH_TPPU_System-0:1_HydrogenBond_451_InxClass,HydrogenBond,sEH_TPPU_System-0:1,"(0, 1)",TPPUFeature1Type,sEHFeature952Type
452,sEH_TPPU_System-0:1_HydrogenBond_452_InxClass,HydrogenBond,sEH_TPPU_System-0:1,"(0, 1)",TPPUFeature1Type,sEHFeature953Type
453,sEH_TPPU_System-0:1_HydrogenBond_453_InxClass,HydrogenBond,sEH_TPPU_System-0:1,"(0, 1)",TPPUFeature1Type,sEHFeature954Type
454,sEH_TPPU_System-0:1_HydrogenBond_454_InxClass,HydrogenBond,sEH_TPPU_System-0:1,"(0, 1)",TPPUFeature1Type,sEHFeature955Type
455,sEH_TPPU_System-0:1_HydrogenBond_455_InxClass,HydrogenBond,sEH_TPPU_System-0:1,"(0, 1)",TPPUFeature1Type,sEHFeature956Type
456,sEH_TPPU_System-0:1_HydrogenBond_456_InxClass,HydrogenBond,sEH_TPPU_System-0:1,"(0, 1)",TPPUFeature1Type,sEHFeature957Type
457,sEH_TPPU_System-0:1_HydrogenBond_457_InxClass,HydrogenBond,sEH_TPPU_System-0:1,"(0, 1)",TPPUFeature1Type,sEHFeature958Type
458,sEH_TPPU_System-0:1_HydrogenBond_458_InxClass,HydrogenBond,sEH_TPPU_System-0:1,"(0, 1)",TPPUFeature1Type,sEHFeature959Type
459,sEH_TPPU_System-0:1_HydrogenBond_459_InxClass,HydrogenBond,sEH_TPPU_System-0:1,"(0, 1)",TPPUFeature1Type,sEHFeature960Type
460,sEH_TPPU_System-0:1_HydrogenBond_460_InxClass,HydrogenBond,sEH_TPPU_System-0:1,"(0, 1)",TPPUFeature1Type,sEHFeature961Type
461,sEH_TPPU_System-0:1_HydrogenBond_461_InxClass,HydrogenBond,sEH_TPPU_System-0:1,"(0, 1)",TPPUFeature1Type,sEHFeature962Type
462,sEH_TPPU_System-0:1_HydrogenBond_462_InxClass,HydrogenBond,sEH_TPPU_System-0:1,"(0, 1)",TPPUFeature2Type,sEHFeature501Type
463,sEH_TPPU_System-0:1_HydrogenBond_463_InxClass,HydrogenBond,sEH_TPPU_System-0:1,"(0, 1)",TPPUFeature2Type,sEHFeature502Type
464,sEH_TPPU_System-0:1_HydrogenBond_464_InxClass,HydrogenBond,sEH_TPPU_System-0:1,"(0, 1)",TPPUFeature2Type,sEHFeature503Type
465,sEH_TPPU_System-0:1_HydrogenBond_465_InxClass,HydrogenBond,sEH_TPPU_System-0:1,"(0, 1)",TPPUFeature2Type,sEHFeature504Type
466,sEH_TPPU_System-0:1_HydrogenBond_466_InxClass,HydrogenBond,sEH_TPPU_System-0:1,"(0, 1)",TPPUFeature2Type,sEHFeature505Type
467,sEH_TPPU_System-0:1_HydrogenBond_467_InxClass,HydrogenBond,sEH_TPPU_System-0:1,"(0, 1)",TPPUFeature2Type,sEHFeature506Type
468,sEH_TPPU_System-0:1_HydrogenBond_468_InxClass,HydrogenBond,sEH_TPPU_System-0:1,"(0, 1)",TPPUFeature2Type,sEHFeature507Type
469,sEH_TPPU_System-0:1_HydrogenBond_469_InxClass,HydrogenBond,sEH_TPPU_System-0:1,"(0, 1)",TPPUFeature2Type,sEHFeature508Type
470,sEH_TPPU_System-0:1_HydrogenBond_470_InxClass,HydrogenBond,sEH_TPPU_System-0:1,"(0, 1)",TPPUFeature2Type,sEHFeature509Type
471,sEH_TPPU_System-0:1_HydrogenBond_471_InxClass,HydrogenBond,sEH_TPPU_System-0:1,"(0, 1)",TPPUFeature2Type,sEHFeature510Type
472,sEH_TPPU_System-0:1_HydrogenBond_472_InxClass,HydrogenBond,sEH_TPPU_System-0:1,"(0, 1)",TPPUFeature2Type,sEHFeature511Type
473,sEH_TPPU_System-0:1_HydrogenBond_473_InxClass,HydrogenBond,sEH_TPPU_System-0:1,"(0, 1)",TPPUFeature2Type,sEHFeature512Type
474,sEH_TPPU_System-0:1_HydrogenBond_474_InxClass,HydrogenBond,sEH_TPPU_System-0:1,"(0, 1)",TPPUFeature2Type,sEHFeature513Type
475,sEH_TPPU_System-0:1_HydrogenBond_475_InxClass,HydrogenBond,sEH_TPPU_System-0:1,"(0, 1)",TPPUFeature2Type,sEHFeature514Type
476,sEH_TPPU_System-0:1_HydrogenBond_476_InxClass,HydrogenBond,sEH_TPPU_System-0:1,"(0, 1)",TPPUFeature2Type,sEHFeature515Type
477,sEH_TPPU_System-0:1_HydrogenBond_477_InxClass,HydrogenBond,sEH_TPPU_System-0:1,"(0, 1)",TPPUFeature2Type,sEHFeature516Type
478,sEH_TPPU_System-0:1_HydrogenBond_478_InxClass,HydrogenBond,sEH_TPPU_System-0:1,"(0, 1)",TPPUFeature2Type,sEHFeature517Type
479,sEH_TPPU_System-0:1_HydrogenBond_479_InxClass,HydrogenBond,sEH_TPPU_System-0:1,"(0, 1)",TPPUFeature2Type,sEHFeature518Type
480,sEH_TPPU_System-0:1_HydrogenBond_480_InxClass,HydrogenBond,sEH_TPPU_System-0:1,"(0, 1)",TPPUFeature2Type,sEHFeature519Type
481,sEH_TPPU_System-0:1_HydrogenBond_481_InxClass,HydrogenBond,sEH_TPPU_System-0:1,"(0, 1)",TPPUFeature2Type,sEHFeature520Type
482,sEH_TPPU_System-0:1_HydrogenBond_482_InxClass,HydrogenBond,sEH_TPPU_System-0:1,"(0, 1)",TPPUFeature2Type,sEHFeature521Type
483,sEH_TPPU_System-0:1_HydrogenBond_483_InxClass,HydrogenBond,sEH_TPPU_System-0:1,"(0, 1)",TPPUFeature2Type,sEHFeature522Type
484,sEH_TPPU_System-0:1_HydrogenBond_484_InxClass,HydrogenBond,sEH_TPPU_System-0:1,"(0, 1)",TPPUFeature2Type,sEHFeature523Type
485,sEH_TPPU_System-0:1_HydrogenBond_485_InxClass,HydrogenBond,sEH_TPPU_System-0:1,"(0, 1)",TPPUFeature2Type,sEHFeature524Type
486,sEH_TPPU_System-0:1_HydrogenBond_486_InxClass,HydrogenBond,sEH_TPPU_System-0:1,"(0, 1)",TPPUFeature2Type,sEHFeature525Type
487,sEH_TPPU_System-0:1_HydrogenBond_487_InxClass,HydrogenBond,sEH_TPPU_System-0:1,"(0, 1)",TPPUFeature2Type,sEHFeature526Type
488,sEH_TPPU_System-0:1_HydrogenBond_488_InxClass,HydrogenBond,sEH_TPPU_System-0:1,"(0, 1)",TPPUFeature2Type,sEHFeature527Type
489,sEH_TPPU_System-0:1_HydrogenBond_489_InxClass,HydrogenBond,sEH_TPPU_System-0:1,"(0, 1)",TPPUFeature2Type,sEHFeature528Type
490,sEH_TPPU_System-0:1_HydrogenBond_490_InxClass,HydrogenBond,sEH_TPPU_System-0:1,"(0, 1)",TPPUFeature2Type,sEHFeature529Type
491,sEH_TPPU_System-0:1_HydrogenBond_491_InxClass,HydrogenBond,sEH_TPPU_System-0:1,"(0, 1)",TPPUFeature2Type,sEHFeature530Type
492,sEH_TPPU_System-0:1_HydrogenBond_492_InxClass,HydrogenBond,sEH_TPPU_System-0:1,"(0, 1)",TPPUFeature2Type,sEHFeature531Type
493,sEH_TPPU_System-0:1_HydrogenBond_493_InxClass,HydrogenBond,sEH_TPPU_System-0:1,"(0, 1)",TPPUFeature2Type,sEHFeature532Type
494,sEH_TPPU_System-0:1_HydrogenBond_494_InxClass,HydrogenBond,sEH_TPPU_System-0:1,"(0, 1)",TPPUFeature2Type,sEHFeature533Type
495,sEH_TPPU_System-0:1_HydrogenBond_495_InxClass,HydrogenBond,sEH_TPPU_System-0:1,"(0, 1)",TPPUFeature2Type,sEHFeature534Type
496,sEH_TPPU_System-0:1_HydrogenBond_496_InxClass,HydrogenBond,sEH_TPPU_System-0:1,"(0, 1)",TPPUFeature2Type,sEHFeature535Type
497,sEH_TPPU_System-0:1_HydrogenBond_497_InxClass,HydrogenBond,sEH_TPPU_System-0:1,"(0, 1)",TPPUFeature2Type,sEHFeature536Type
498,sEH_TPPU_System-0:1_HydrogenBond_498_InxClass,HydrogenBond,sEH_TPPU_System-0:1,"(0, 1)",TPPUFeature2Type,sEHFeature537Type
499,sEH_TPPU_System-0:1_HydrogenBond_499_InxClass,HydrogenBond,sEH_TPPU_System-0:1,"(0, 1)",TPPUFeature2Type,sEHFeature538Type
500,sEH_TPPU_System-0:1_HydrogenBond_500_InxClass,HydrogenBond,sEH_TPPU_System-0:1,"(0, 1)",TPPUFeature2Type,sEHFeature539Type
501,sEH_TPPU_System-0:1_HydrogenBond_501_InxClass,HydrogenBond,sEH_TPPU_System-0:1,"(0, 1)",TPPUFeature2Type,sEHFeature540Type
502,sEH_TPPU_System-0:1_HydrogenBond_502_InxClass,HydrogenBond,sEH_TPPU_System-0:1,"(0, 1)",TPPUFeature2Type,sEHFeature541Type
503,sEH_TPPU_System-0:1_HydrogenBond_503_InxClass,HydrogenBond,sEH_TPPU_System-0:1,"(0, 1)",TPPUFeature2Type,sEHFeature542Type
504,sEH_TPPU_System-0:1_HydrogenBond_504_InxClass,HydrogenBond,sEH_TPPU_System-0:1,"(0, 1)",TPPUFeature2Type,sEHFeature543Type
505,sEH_TPPU_System-0:1_HydrogenBond_505_InxClass,HydrogenBond,sEH_TPPU_System-0:1,"(0, 1)",TPPUFeature2Type,sEHFeature544Type
506,sEH_TPPU_System-0:1_HydrogenBond_506_InxClass,HydrogenBond,sEH_TPPU_System-0:1,"(0, 1)",TPPUFeature2Type,sEHFeature545Type
507,sEH_TPPU_System-0:1_HydrogenBond_507_InxClass,HydrogenBond,sEH_TPPU_System-0:1,"(0, 1)",TPPUFeature2Type,sEHFeature546Type
508,sEH_TPPU_System-0:1_HydrogenBond_508_InxClass,HydrogenBond,sEH_TPPU_System-0:1,"(0, 1)",TPPUFeature2Type,sEHFeature547Type
509,sEH_TPPU_System-0:1_HydrogenBond_509_InxClass,HydrogenBond,sEH_TPPU_System-0:1,"(0, 1)",TPPUFeature2Type,sEHFeature548Type
510,sEH_TPPU_System-0:1_HydrogenBond_510_InxClass,HydrogenBond,sEH_TPPU_System-0:1,"(0, 1)",TPPUFeature2Type,sEHFeature549Type
511,sEH_TPPU_System-0:1_HydrogenBond_511_InxClass,HydrogenBond,sEH_TPPU_System-0:1,"(0, 1)",TPPUFeature2Type,sEHFeature550Type
512,sEH_TPPU_System-0:1_HydrogenBond_512_InxClass,HydrogenBond,sEH_TPPU_System-0:1,"(0, 1)",TPPUFeature2Type,sEHFeature551Type
513,sEH_TPPU_System-0:1_HydrogenBond_513_InxClass,HydrogenBond,sEH_TPPU_System-0:1,"(0, 1)",TPPUFeature2Type,sEHFeature552Type
514,sEH_TPPU_System-0:1_HydrogenBond_514_InxClass,HydrogenBond,sEH_TPPU_System-0:1,"(0, 1)",TPPUFeature2Type,sEHFeature553Type
515,sEH_TPPU_System-0:1_HydrogenBond_515_InxClass,HydrogenBond,sEH_TPPU_System-0:1,"(0, 1)",TPPUFeature2Type,sEHFeature554Type
516,sEH_TPPU_System-0:1_HydrogenBond_516_InxClass,HydrogenBond,sEH_TPPU_System-0:1,"(0, 1)",TPPUFeature2Type,sEHFeature555Type
517,sEH_TPPU_System-0:1_HydrogenBond_517_InxClass,HydrogenBond,sEH_TPPU_System-0:1,"(0, 1)",TPPUFeature2Type,sEHFeature556Type
518,sEH_TPPU_System-0:1_HydrogenBond_518_InxClass,HydrogenBond,sEH_TPPU_System-0:1,"(0, 1)",TPPUFeature2Type,sEHFeature557Type
519,sEH_TPPU_System-0:1_HydrogenBond_519_InxClass,HydrogenBond,sEH_TPPU_System-0:1,"(0, 1)",TPPUFeature2Type,sEHFeature558Type
520,sEH_TPPU_System-0:1_HydrogenBond_520_InxClass,HydrogenBond,sEH_TPPU_System-0:1,"(0, 1)",TPPUFeature2Type,sEHFeature559Type
521,sEH_TPPU_System-0:1_HydrogenBond_521_InxClass,HydrogenBond,sEH_TPPU_System-0:1,"(0, 1)",TPPUFeature2Type,sEHFeature560Type
522,sEH_TPPU_System-0:1_HydrogenBond_522_InxClass,HydrogenBond,sEH_TPPU_System-0:1,"(0, 1)",TPPUFeature2Type,sEHFeature561Type
523,sEH_TPPU_System-0:1_HydrogenBond_523_InxClass,HydrogenBond,sEH_TPPU_System-0:1,"(0, 1)",TPPUFeature2Type,sEHFeature562Type
524,sEH_TPPU_System-0:1_HydrogenBond_524_InxClass,HydrogenBond,sEH_TPPU_System-0:1,"(0, 1)",TPPUFeature2Type,sEHFeature563Type
525,sEH_TPPU_System-0:1_HydrogenBond_525_InxClass,HydrogenBond,sEH_TPPU_System-0:1,"(0, 1)",TPPUFeature2Type,sEHFeature564Type
526,sEH_TPPU_System-0:1_HydrogenBond_526_InxClass,HydrogenBond,sEH_TPPU_System-0:1,"(0, 1)",TPPUFeature2Type,sEHFeature565Type
527,sEH_TPPU_System-0:1_HydrogenBond_527_InxClass,HydrogenBond,sEH_TPPU_System-0:1,"(0, 1)",TPPUFeature2Type,sEHFeature566Type
528,sEH_TPPU_System-0:1_HydrogenBond_528_InxClass,HydrogenBond,sEH_TPPU_System-0:1,"(0, 1)",TPPUFeature2Type,sEHFeature567Type
529,sEH_TPPU_System-0:1_HydrogenBond_529_InxClass,HydrogenBond,sEH_TPPU_System-0:1,"(0, 1)",TPPUFeature2Type,sEHFeature568Type
530,sEH_TPPU_System-0:1_HydrogenBond_530_InxClass,HydrogenBond,sEH_TPPU_System-0:1,"(0, 1)",TPPUFeature2Type,sEHFeature569Type
531,sEH_TPPU_System-0:1_HydrogenBond_531_InxClass,HydrogenBond,sEH_TPPU_System-0:1,"(0, 1)",TPPUFeature2Type,sEHFeature570Type
532,sEH_TPPU_System-0:1_HydrogenBond_532_InxClass,HydrogenBond,sEH_TPPU_System-0:1,"(0, 1)",TPPUFeature2Type,sEHFeature571Type
533,sEH_TPPU_System-0:1_HydrogenBond_533_InxClass,HydrogenBond,sEH_TPPU_System-0:1,"(0, 1)",TPPUFeature2Type,sEHFeature572Type
534,sEH_TPPU_System-0:1_HydrogenBond_534_InxClass,HydrogenBond,sEH_TPPU_System-0:1,"(0, 1)",TPPUFeature2Type,sEHFeature573Type
535,sEH_TPPU_System-0:1_HydrogenBond_535_InxClass,HydrogenBond,sEH_TPPU_System-0:1,"(0, 1)",TPPUFeature2Type,sEHFeature574Type
536,sEH_TPPU_System-0:1_HydrogenBond_536_InxClass,HydrogenBond,sEH_TPPU_System-0:1,"(0, 1)",TPPUFeature2Type,sEHFeature575Type
537,sEH_TPPU_System-0:1_HydrogenBond_537_InxClass,HydrogenBond,sEH_TPPU_System-0:1,"(0, 1)",TPPUFeature2Type,sEHFeature576Type
538,sEH_TPPU_System-0:1_HydrogenBond_538_InxClass,HydrogenBond,sEH_TPPU_System-0:1,"(0, 1)",TPPUFeature2Type,sEHFeature577Type
539,sEH_TPPU_System-0:1_HydrogenBond_539_InxClass,HydrogenBond,sEH_TPPU_System-0:1,"(0, 1)",TPPUFeature2Type,sEHFeature578Type
540,sEH_TPPU_System-0:1_HydrogenBond_540_InxClass,HydrogenBond,sEH_TPPU_System-0:1,"(0, 1)",TPPUFeature2Type,sEHFeature579Type
541,sEH_TPPU_System-0:1_HydrogenBond_541_InxClass,HydrogenBond,sEH_TPPU_System-0:1,"(0, 1)",TPPUFeature2Type,sEHFeature580Type
542,sEH_TPPU_System-0:1_HydrogenBond_542_InxClass,HydrogenBond,sEH_TPPU_System-0:1,"(0, 1)",TPPUFeature2Type,sEHFeature581Type
543,sEH_TPPU_System-0:1_HydrogenBond_543_InxClass,HydrogenBond,sEH_TPPU_System-0:1,"(0, 1)",TPPUFeature2Type,sEHFeature582Type
544,sEH_TPPU_System-0:1_HydrogenBond_544_InxClass,HydrogenBond,sEH_TPPU_System-0:1,"(0, 1)",TPPUFeature2Type,sEHFeature583Type
545,sEH_TPPU_System-0:1_HydrogenBond_545_InxClass,HydrogenBond,sEH_TPPU_System-0:1,"(0, 1)",TPPUFeature2Type,sEHFeature584Type
546,sEH_TPPU_System-0:1_HydrogenBond_546_InxClass,HydrogenBond,sEH_TPPU_System-0:1,"(0, 1)",TPPUFeature2Type,sEHFeature585Type
547,sEH_TPPU_System-0:1_HydrogenBond_547_InxClass,HydrogenBond,sEH_TPPU_System-0:1,"(0, 1)",TPPUFeature2Type,sEHFeature586Type
548,sEH_TPPU_System-0:1_HydrogenBond_548_InxClass,HydrogenBond,sEH_TPPU_System-0:1,"(0, 1)",TPPUFeature2Type,sEHFeature587Type
549,sEH_TPPU_System-0:1_HydrogenBond_549_InxClass,HydrogenBond,sEH_TPPU_System-0:1,"(0, 1)",TPPUFeature2Type,sEHFeature588Type
550,sEH_TPPU_System-0:1_HydrogenBond_550_InxClass,HydrogenBond,sEH_TPPU_System-0:1,"(0, 1)",TPPUFeature2Type,sEHFeature589Type
551,sEH_TPPU_System-0:1_HydrogenBond_551_InxClass,HydrogenBond,sEH_TPPU_System-0:1,"(0, 1)",TPPUFeature2Type,sEHFeature590Type
552,sEH_TPPU_System-0:1_HydrogenBond_552_InxClass,HydrogenBond,sEH_TPPU_System-0:1,"(0, 1)",TPPUFeature2Type,sEHFeature591Type
553,sEH_TPPU_System-0:1_HydrogenBond_553_InxClass,HydrogenBond,sEH_TPPU_System-0:1,"(0, 1)",TPPUFeature2Type,sEHFeature592Type
554,sEH_TPPU_System-0:1_HydrogenBond_554_InxClass,HydrogenBond,sEH_TPPU_System-0:1,"(0, 1)",TPPUFeature2Type,sEHFeature593Type
555,sEH_TPPU_System-0:1_HydrogenBond_555_InxClass,HydrogenBond,sEH_TPPU_System-0:1,"(0, 1)",TPPUFeature2Type,sEHFeature594Type
556,sEH_TPPU_System-0:1_HydrogenBond_556_InxClass,HydrogenBond,sEH_TPPU_System-0:1,"(0, 1)",TPPUFeature2Type,sEHFeature595Type
557,sEH_TPPU_System-0:1_HydrogenBond_557_InxClass,HydrogenBond,sEH_TPPU_System-0:1,"(0, 1)",TPPUFeature2Type,sEHFeature596Type
558,sEH_TPPU_System-0:1_HydrogenBond_558_InxClass,HydrogenBond,sEH_TPPU_System-0:1,"(0, 1)",TPPUFeature2Type,sEHFeature597Type
559,sEH_TPPU_System-0:1_HydrogenBond_559_InxClass,HydrogenBond,sEH_TPPU_System-0:1,"(0, 1)",TPPUFeature2Type,sEHFeature598Type
560,sEH_TPPU_System-0:1_HydrogenBond_560_InxClass,HydrogenBond,sEH_TPPU_System-0:1,"(0, 1)",TPPUFeature2Type,sEHFeature599Type
561,sEH_TPPU_System-0:1_HydrogenBond_561_InxClass,HydrogenBond,sEH_TPPU_System-0:1,"(0, 1)",TPPUFeature2Type,sEHFeature600Type
562,sEH_TPPU_System-0:1_HydrogenBond_562_InxClass,HydrogenBond,sEH_TPPU_System-0:1,"(0, 1)",TPPUFeature2Type,sEHFeature601Type
563,sEH_TPPU_System-0:1_HydrogenBond_563_InxClass,HydrogenBond,sEH_TPPU_System-0:1,"(0, 1)",TPPUFeature2Type,sEHFeature602Type
564,sEH_TPPU_System-0:1_HydrogenBond_564_InxClass,HydrogenBond,sEH_TPPU_System-0:1,"(0, 1)",TPPUFeature2Type,sEHFeature603Type
565,sEH_TPPU_System-0:1_HydrogenBond_565_InxClass,HydrogenBond,sEH_TPPU_System-0:1,"(0, 1)",TPPUFeature2Type,sEHFeature604Type
566,sEH_TPPU_System-0:1_HydrogenBond_566_InxClass,HydrogenBond,sEH_TPPU_System-0:1,"(0, 1)",TPPUFeature2Type,sEHFeature605Type
567,sEH_TPPU_System-0:1_HydrogenBond_567_InxClass,HydrogenBond,sEH_TPPU_System-0:1,"(0, 1)",TPPUFeature2Type,sEHFeature606Type
568,sEH_TPPU_System-0:1_HydrogenBond_568_InxClass,HydrogenBond,sEH_TPPU_System-0:1,"(0, 1)",TPPUFeature2Type,sEHFeature607Type
569,sEH_TPPU_System-0:1_HydrogenBond_569_InxClass,HydrogenBond,sEH_TPPU_System-0:1,"(0, 1)",TPPUFeature2Type,sEHFeature608Type
570,sEH_TPPU_System-0:1_HydrogenBond_570_InxClass,HydrogenBond,sEH_TPPU_System-0:1,"(0, 1)",TPPUFeature2Type,sEHFeature609Type
571,sEH_TPPU_System-0:1_HydrogenBond_571_InxClass,HydrogenBond,sEH_TPPU_System-0:1,"(0, 1)",TPPUFeature2Type,sEHFeature610Type
572,sEH_TPPU_System-0:1_HydrogenBond_572_InxClass,HydrogenBond,sEH_TPPU_System-0:1,"(0, 1)",TPPUFeature2Type,sEHFeature611Type
573,sEH_TPPU_System-0:1_HydrogenBond_573_InxClass,HydrogenBond,sEH_TPPU_System-0:1,"(0, 1)",TPPUFeature2Type,sEHFeature612Type
574,sEH_TPPU_System-0:1_HydrogenBond_574_InxClass,HydrogenBond,sEH_TPPU_System-0:1,"(0, 1)",TPPUFeature2Type,sEHFeature613Type
575,sEH_TPPU_System-0:1_HydrogenBond_575_InxClass,HydrogenBond,sEH_TPPU_System-0:1,"(0, 1)",TPPUFeature2Type,sEHFeature614Type
576,sEH_TPPU_System-0:1_HydrogenBond_576_InxClass,HydrogenBond,sEH_TPPU_System-0:1,"(0, 1)",TPPUFeature2Type,sEHFeature615Type
577,sEH_TPPU_System-0:1_HydrogenBond_577_InxClass,HydrogenBond,sEH_TPPU_System-0:1,"(0, 1)",TPPUFeature2Type,sEHFeature616Type
578,sEH_TPPU_System-0:1_HydrogenBond_578_InxClass,HydrogenBond,sEH_TPPU_System-0:1,"(0, 1)",TPPUFeature2Type,sEHFeature617Type
579,sEH_TPPU_System-0:1_HydrogenBond_579_InxClass,HydrogenBond,sEH_TPPU_System-0:1,"(0, 1)",TPPUFeature2Type,sEHFeature618Type
580,sEH_TPPU_System-0:1_HydrogenBond_580_InxClass,HydrogenBond,sEH_TPPU_System-0:1,"(0, 1)",TPPUFeature2Type,sEHFeature619Type
581,sEH_TPPU_System-0:1_HydrogenBond_581_InxClass,HydrogenBond,sEH_TPPU_System-0:1,"(0, 1)",TPPUFeature2Type,sEHFeature620Type
582,sEH_TPPU_System-0:1_HydrogenBond_582_InxClass,HydrogenBond,sEH_TPPU_System-0:1,"(0, 1)",TPPUFeature2Type,sEHFeature621Type
583,sEH_TPPU_System-0:1_HydrogenBond_583_InxClass,HydrogenBond,sEH_TPPU_System-0:1,"(0, 1)",TPPUFeature2Type,sEHFeature622Type
584,sEH_TPPU_System-0:1_HydrogenBond_584_InxClass,HydrogenBond,sEH_TPPU_System-0:1,"(0, 1)",TPPUFeature2Type,sEHFeature623Type
585,sEH_TPPU_System-0:1_HydrogenBond_585_InxClass,HydrogenBond,sEH_TPPU_System-0:1,"(0, 1)",TPPUFeature2Type,sEHFeature624Type
586,sEH_TPPU_System-0:1_HydrogenBond_586_InxClass,HydrogenBond,sEH_TPPU_System-0:1,"(0, 1)",TPPUFeature2Type,sEHFeature625Type
587,sEH_TPPU_System-0:1_HydrogenBond_587_InxClass,HydrogenBond,sEH_TPPU_System-0:1,"(0, 1)",TPPUFeature2Type,sEHFeature626Type
588,sEH_TPPU_System-0:1_HydrogenBond_588_InxClass,HydrogenBond,sEH_TPPU_System-0:1,"(0, 1)",TPPUFeature2Type,sEHFeature627Type
589,sEH_TPPU_System-0:1_HydrogenBond_589_InxClass,HydrogenBond,sEH_TPPU_System-0:1,"(0, 1)",TPPUFeature2Type,sEHFeature628Type
590,sEH_TPPU_System-0:1_HydrogenBond_590_InxClass,HydrogenBond,sEH_TPPU_System-0:1,"(0, 1)",TPPUFeature2Type,sEHFeature629Type
591,sEH_TPPU_System-0:1_HydrogenBond_591_InxClass,HydrogenBond,sEH_TPPU_System-0:1,"(0, 1)",TPPUFeature2Type,sEHFeature630Type
592,sEH_TPPU_System-0:1_HydrogenBond_592_InxClass,HydrogenBond,sEH_TPPU_System-0:1,"(0, 1)",TPPUFeature2Type,sEHFeature631Type
593,sEH_TPPU_System-0:1_HydrogenBond_593_InxClass,HydrogenBond,sEH_TPPU_System-0:1,"(0, 1)",TPPUFeature2Type,sEHFeature632Type
594,sEH_TPPU_System-0:1_HydrogenBond_594_InxClass,HydrogenBond,sEH_TPPU_System-0:1,"(0, 1)",TPPUFeature2Type,sEHFeature633Type
595,sEH_TPPU_System-0:1_HydrogenBond_595_InxClass,HydrogenBond,sEH_TPPU_System-0:1,"(0, 1)",TPPUFeature2Type,sEHFeature634Type
596,sEH_TPPU_System-0:1_HydrogenBond_596_InxClass,HydrogenBond,sEH_TPPU_System-0:1,"(0, 1)",TPPUFeature2Type,sEHFeature635Type
597,sEH_TPPU_System-0:1_HydrogenBond_597_InxClass,HydrogenBond,sEH_TPPU_System-0:1,"(0, 1)",TPPUFeature2Type,sEHFeature636Type
598,sEH_TPPU_System-0:1_HydrogenBond_598_InxClass,HydrogenBond,sEH_TPPU_System-0:1,"(0, 1)",TPPUFeature2Type,sEHFeature637Type
599,sEH_TPPU_System-0:1_HydrogenBond_599_InxClass,HydrogenBond,sEH_TPPU_System-0:1,"(0, 1)",TPPUFeature2Type,sEHFeature638Type
600,sEH_TPPU_System-0:1_HydrogenBond_600_InxClass,HydrogenBond,sEH_TPPU_System-0:1,"(0, 1)",TPPUFeature2Type,sEHFeature639Type
601,sEH_TPPU_System-0:1_HydrogenBond_601_InxClass,HydrogenBond,sEH_TPPU_System-0:1,"(0, 1)",TPPUFeature2Type,sEHFeature640Type
602,sEH_TPPU_System-0:1_HydrogenBond_602_InxClass,HydrogenBond,sEH_TPPU_System-0:1,"(0, 1)",TPPUFeature2Type,sEHFeature641Type
603,sEH_TPPU_System-0:1_HydrogenBond_603_InxClass,HydrogenBond,sEH_TPPU_System-0:1,"(0, 1)",TPPUFeature2Type,sEHFeature642Type
604,sEH_TPPU_System-0:1_HydrogenBond_604_InxClass,HydrogenBond,sEH_TPPU_System-0:1,"(0, 1)",TPPUFeature2Type,sEHFeature643Type
605,sEH_TPPU_System-0:1_HydrogenBond_605_InxClass,HydrogenBond,sEH_TPPU_System-0:1,"(0, 1)",TPPUFeature2Type,sEHFeature644Type
606,sEH_TPPU_System-0:1_HydrogenBond_606_InxClass,HydrogenBond,sEH_TPPU_System-0:1,"(0, 1)",TPPUFeature2Type,sEHFeature645Type
607,sEH_TPPU_System-0:1_HydrogenBond_607_InxClass,HydrogenBond,sEH_TPPU_System-0:1,"(0, 1)",TPPUFeature2Type,sEHFeature646Type
608,sEH_TPPU_System-0:1_HydrogenBond_608_InxClass,HydrogenBond,sEH_TPPU_System-0:1,"(0, 1)",TPPUFeature2Type,sEHFeature647Type
609,sEH_TPPU_System-0:1_HydrogenBond_609_InxClass,HydrogenBond,sEH_TPPU_System-0:1,"(0, 1)",TPPUFeature2Type,sEHFeature648Type
610,sEH_TPPU_System-0:1_HydrogenBond_610_InxClass,HydrogenBond,sEH_TPPU_System-0:1,"(0, 1)",TPPUFeature2Type,sEHFeature649Type
611,sEH_TPPU_System-0:1_HydrogenBond_611_InxClass,HydrogenBond,sEH_TPPU_System-0:1,"(0, 1)",TPPUFeature2Type,sEHFeature650Type
612,sEH_TPPU_System-0:1_HydrogenBond_612_InxClass,HydrogenBond,sEH_TPPU_System-0:1,"(0, 1)",TPPUFeature2Type,sEHFeature651Type
613,sEH_TPPU_System-0:1_HydrogenBond_613_InxClass,HydrogenBond,sEH_TPPU_System-0:1,"(0, 1)",TPPUFeature2Type,sEHFeature652Type
614,sEH_TPPU_System-0:1_HydrogenBond_614_InxClass,HydrogenBond,sEH_TPPU_System-0:1,"(0, 1)",TPPUFeature2Type,sEHFeature653Type
615,sEH_TPPU_System-0:1_HydrogenBond_615_InxClass,HydrogenBond,sEH_TPPU_System-0:1,"(0, 1)",TPPUFeature2Type,sEHFeature654Type
616,sEH_TPPU_System-0:1_HydrogenBond_616_InxClass,HydrogenBond,sEH_TPPU_System-0:1,"(0, 1)",TPPUFeature2Type,sEHFeature655Type
617,sEH_TPPU_System-0:1_HydrogenBond_617_InxClass,HydrogenBond,sEH_TPPU_System-0:1,"(0, 1)",TPPUFeature2Type,sEHFeature656Type
618,sEH_TPPU_System-0:1_HydrogenBond_618_InxClass,HydrogenBond,sEH_TPPU_System-0:1,"(0, 1)",TPPUFeature2Type,sEHFeature657Type
619,sEH_TPPU_System-0:1_HydrogenBond_619_InxClass,HydrogenBond,sEH_TPPU_System-0:1,"(0, 1)",TPPUFeature2Type,sEHFeature658Type
620,sEH_TPPU_System-0:1_HydrogenBond_620_InxClass,HydrogenBond,sEH_TPPU_System-0:1,"(0, 1)",TPPUFeature2Type,sEHFeature659Type
621,sEH_TPPU_System-0:1_HydrogenBond_621_InxClass,HydrogenBond,sEH_TPPU_System-0:1,"(0, 1)",TPPUFeature2Type,sEHFeature660Type
622,sEH_TPPU_System-0:1_HydrogenBond_622_InxClass,HydrogenBond,sEH_TPPU_System-0:1,"(0, 1)",TPPUFeature2Type,sEHFeature661Type
623,sEH_TPPU_System-0:1_HydrogenBond_623_InxClass,HydrogenBond,sEH_TPPU_System-0:1,"(0, 1)",TPPUFeature2Type,sEHFeature662Type
624,sEH_TPPU_System-0:1_HydrogenBond_624_InxClass,HydrogenBond,sEH_TPPU_System-0:1,"(0, 1)",TPPUFeature2Type,sEHFeature663Type
625,sEH_TPPU_System-0:1_HydrogenBond_625_InxClass,HydrogenBond,sEH_TPPU_System-0:1,"(0, 1)",TPPUFeature2Type,sEHFeature664Type
626,sEH_TPPU_System-0:1_HydrogenBond_626_InxClass,HydrogenBond,sEH_TPPU_System-0:1,"(0, 1)",TPPUFeature2Type,sEHFeature665Type
627,sEH_TPPU_System-0:1_HydrogenBond_627_InxClass,HydrogenBond,sEH_TPPU_System-0:1,"(0, 1)",TPPUFeature2Type,sEHFeature666Type
628,sEH_TPPU_System-0:1_HydrogenBond_628_InxClass,HydrogenBond,sEH_TPPU_System-0:1,"(0, 1)",TPPUFeature2Type,sEHFeature667Type
629,sEH_TPPU_System-0:1_HydrogenBond_629_InxClass,HydrogenBond,sEH_TPPU_System-0:1,"(0, 1)",TPPUFeature2Type,sEHFeature668Type
630,sEH_TPPU_System-0:1_HydrogenBond_630_InxClass,HydrogenBond,sEH_TPPU_System-0:1,"(0, 1)",TPPUFeature2Type,sEHFeature669Type
631,sEH_TPPU_System-0:1_HydrogenBond_631_InxClass,HydrogenBond,sEH_TPPU_System-0:1,"(0, 1)",TPPUFeature2Type,sEHFeature670Type
632,sEH_TPPU_System-0:1_HydrogenBond_632_InxClass,HydrogenBond,sEH_TPPU_System-0:1,"(0, 1)",TPPUFeature2Type,sEHFeature671Type
633,sEH_TPPU_System-0:1_HydrogenBond_633_InxClass,HydrogenBond,sEH_TPPU_System-0:1,"(0, 1)",TPPUFeature2Type,sEHFeature672Type
634,sEH_TPPU_System-0:1_HydrogenBond_634_InxClass,HydrogenBond,sEH_TPPU_System-0:1,"(0, 1)",TPPUFeature2Type,sEHFeature673Type
635,sEH_TPPU_System-0:1_HydrogenBond_635_InxClass,HydrogenBond,sEH_TPPU_System-0:1,"(0, 1)",TPPUFeature2Type,sEHFeature674Type
636,sEH_TPPU_System-0:1_HydrogenBond_636_InxClass,HydrogenBond,sEH_TPPU_System-0:1,"(0, 1)",TPPUFeature2Type,sEHFeature675Type
637,sEH_TPPU_System-0:1_HydrogenBond_637_InxClass,HydrogenBond,sEH_TPPU_System-0:1,"(0, 1)",TPPUFeature2Type,sEHFeature676Type
638,sEH_TPPU_System-0:1_HydrogenBond_638_InxClass,HydrogenBond,sEH_TPPU_System-0:1,"(0, 1)",TPPUFeature2Type,sEHFeature677Type
639,sEH_TPPU_System-0:1_HydrogenBond_639_InxClass,HydrogenBond,sEH_TPPU_System-0:1,"(0, 1)",TPPUFeature2Type,sEHFeature678Type
640,sEH_TPPU_System-0:1_HydrogenBond_640_InxClass,HydrogenBond,sEH_TPPU_System-0:1,"(0, 1)",TPPUFeature2Type,sEHFeature679Type
641,sEH_TPPU_System-0:1_HydrogenBond_641_InxClass,HydrogenBond,sEH_TPPU_System-0:1,"(0, 1)",TPPUFeature2Type,sEHFeature680Type
642,sEH_TPPU_System-0:1_HydrogenBond_642_InxClass,HydrogenBond,sEH_TPPU_System-0:1,"(0, 1)",TPPUFeature2Type,sEHFeature681Type
643,sEH_TPPU_System-0:1_HydrogenBond_643_InxClass,HydrogenBond,sEH_TPPU_System-0:1,"(0, 1)",TPPUFeature2Type,sEHFeature682Type
644,sEH_TPPU_System-0:1_HydrogenBond_644_InxClass,HydrogenBond,sEH_TPPU_System-0:1,"(0, 1)",TPPUFeature2Type,sEHFeature683Type
645,sEH_TPPU_System-0:1_HydrogenBond_645_InxClass,HydrogenBond,sEH_TPPU_System-0:1,"(0, 1)",TPPUFeature2Type,sEHFeature684Type
646,sEH_TPPU_System-0:1_HydrogenBond_646_InxClass,HydrogenBond,sEH_TPPU_System-0:1,"(0, 1)",TPPUFeature2Type,sEHFeature685Type
647,sEH_TPPU_System-0:1_HydrogenBond_647_InxClass,HydrogenBond,sEH_TPPU_System-0:1,"(0, 1)",TPPUFeature2Type,sEHFeature686Type
648,sEH_TPPU_System-0:1_HydrogenBond_648_InxClass,HydrogenBond,sEH_TPPU_System-0:1,"(0, 1)",TPPUFeature2Type,sEHFeature687Type
649,sEH_TPPU_System-0:1_HydrogenBond_649_InxClass,HydrogenBond,sEH_TPPU_System-0:1,"(0, 1)",TPPUFeature2Type,sEHFeature688Type
650,sEH_TPPU_System-0:1_HydrogenBond_650_InxClass,HydrogenBond,sEH_TPPU_System-0:1,"(0, 1)",TPPUFeature2Type,sEHFeature689Type
651,sEH_TPPU_System-0:1_HydrogenBond_651_InxClass,HydrogenBond,sEH_TPPU_System-0:1,"(0, 1)",TPPUFeature2Type,sEHFeature690Type
652,sEH_TPPU_System-0:1_HydrogenBond_652_InxClass,HydrogenBond,sEH_TPPU_System-0:1,"(0, 1)",TPPUFeature2Type,sEHFeature691Type
653,sEH_TPPU_System-0:1_HydrogenBond_653_InxClass,HydrogenBond,sEH_TPPU_System-0:1,"(0, 1)",TPPUFeature2Type,sEHFeature692Type
654,sEH_TPPU_System-0:1_HydrogenBond_654_InxClass,HydrogenBond,sEH_TPPU_System-0:1,"(0, 1)",TPPUFeature2Type,sEHFeature693Type
655,sEH_TPPU_System-0:1_HydrogenBond_655_InxClass,HydrogenBond,sEH_TPPU_System-0:1,"(0, 1)",TPPUFeature2Type,sEHFeature694Type
656,sEH_TPPU_System-0:1_HydrogenBond_656_InxClass,HydrogenBond,sEH_TPPU_System-0:1,"(0, 1)",TPPUFeature2Type,sEHFeature695Type
657,sEH_TPPU_System-0:1_HydrogenBond_657_InxClass,HydrogenBond,sEH_TPPU_System-0:1,"(0, 1)",TPPUFeature2Type,sEHFeature696Type
658,sEH_TPPU_System-0:1_HydrogenBond_658_InxClass,HydrogenBond,sEH_TPPU_System-0:1,"(0, 1)",TPPUFeature2Type,sEHFeature697Type
659,sEH_TPPU_System-0:1_HydrogenBond_659_InxClass,HydrogenBond,sEH_TPPU_System-0:1,"(0, 1)",TPPUFeature2Type,sEHFeature698Type
660,sEH_TPPU_System-0:1_HydrogenBond_660_InxClass,HydrogenBond,sEH_TPPU_System-0:1,"(0, 1)",TPPUFeature2Type,sEHFeature699Type
661,sEH_TPPU_System-0:1_HydrogenBond_661_InxClass,HydrogenBond,sEH_TPPU_System-0:1,"(0, 1)",TPPUFeature2Type,sEHFeature700Type
662,sEH_TPPU_System-0:1_HydrogenBond_662_InxClass,HydrogenBond,sEH_TPPU_System-0:1,"(0, 1)",TPPUFeature2Type,sEHFeature701Type
663,sEH_TPPU_System-0:1_HydrogenBond_663_InxClass,HydrogenBond,sEH_TPPU_System-0:1,"(0, 1)",TPPUFeature2Type,sEHFeature702Type
664,sEH_TPPU_System-0:1_HydrogenBond_664_InxClass,HydrogenBond,sEH_TPPU_System-0:1,"(0, 1)",TPPUFeature2Type,sEHFeature703Type
665,sEH_TPPU_System-0:1_HydrogenBond_665_InxClass,HydrogenBond,sEH_TPPU_System-0:1,"(0, 1)",TPPUFeature2Type,sEHFeature704Type
666,sEH_TPPU_System-0:1_HydrogenBond_666_InxClass,HydrogenBond,sEH_TPPU_System-0:1,"(0, 1)",TPPUFeature2Type,sEHFeature705Type
667,sEH_TPPU_System-0:1_HydrogenBond_667_InxClass,HydrogenBond,sEH_TPPU_System-0:1,"(0, 1)",TPPUFeature2Type,sEHFeature706Type
668,sEH_TPPU_System-0:1_HydrogenBond_668_InxClass,HydrogenBond,sEH_TPPU_System-0:1,"(0, 1)",TPPUFeature2Type,sEHFeature707Type
669,sEH_TPPU_System-0:1_HydrogenBond_669_InxClass,HydrogenBond,sEH_TPPU_System-0:1,"(0, 1)",TPPUFeature2Type,sEHFeature708Type
670,sEH_TPPU_System-0:1_HydrogenBond_670_InxClass,HydrogenBond,sEH_TPPU_System-0:1,"(0, 1)",TPPUFeature2Type,sEHFeature709Type
671,sEH_TPPU_System-0:1_HydrogenBond_671_InxClass,HydrogenBond,sEH_TPPU_System-0:1,"(0, 1)",TPPUFeature2Type,sEHFeature710Type
672,sEH_TPPU_System-0:1_HydrogenBond_672_InxClass,HydrogenBond,sEH_TPPU_System-0:1,"(0, 1)",TPPUFeature2Type,sEHFeature711Type
673,sEH_TPPU_System-0:1_HydrogenBond_673_InxClass,HydrogenBond,sEH_TPPU_System-0:1,"(0, 1)",TPPUFeature2Type,sEHFeature712Type
674,sEH_TPPU_System-0:1_HydrogenBond_674_InxClass,HydrogenBond,sEH_TPPU_System-0:1,"(0, 1)",TPPUFeature2Type,sEHFeature713Type
675,sEH_TPPU_System-0:1_HydrogenBond_675_InxClass,HydrogenBond,sEH_TPPU_System-0:1,"(0, 1)",TPPUFeature2Type,sEHFeature714Type
676,sEH_TPPU_System-0:1_HydrogenBond_676_InxClass,HydrogenBond,sEH_TPPU_System-0:1,"(0, 1)",TPPUFeature2Type,sEHFeature715Type
677,sEH_TPPU_System-0:1_HydrogenBond_677_InxClass,HydrogenBond,sEH_TPPU_System-0:1,"(0, 1)",TPPUFeature2Type,sEHFeature716Type
678,sEH_TPPU_System-0:1_HydrogenBond_678_InxClass,HydrogenBond,sEH_TPPU_System-0:1,"(0, 1)",TPPUFeature2Type,sEHFeature717Type
679,sEH_TPPU_System-0:1_HydrogenBond_679_InxClass,HydrogenBond,sEH_TPPU_System-0:1,"(0, 1)",TPPUFeature2Type,sEHFeature718Type
680,sEH_TPPU_System-0:1_HydrogenBond_680_InxClass,HydrogenBond,sEH_TPPU_System-0:1,"(0, 1)",TPPUFeature2Type,sEHFeature719Type
681,sEH_TPPU_System-0:1_HydrogenBond_681_InxClass,HydrogenBond,sEH_TPPU_System-0:1,"(0, 1)",TPPUFeature2Type,sEHFeature720Type
682,sEH_TPPU_System-0:1_HydrogenBond_682_InxClass,HydrogenBond,sEH_TPPU_System-0:1,"(0, 1)",TPPUFeature2Type,sEHFeature721Type
683,sEH_TPPU_System-0:1_HydrogenBond_683_InxClass,HydrogenBond,sEH_TPPU_System-0:1,"(0, 1)",TPPUFeature2Type,sEHFeature722Type
684,sEH_TPPU_System-0:1_HydrogenBond_684_InxClass,HydrogenBond,sEH_TPPU_System-0:1,"(0, 1)",TPPUFeature2Type,sEHFeature723Type
685,sEH_TPPU_System-0:1_HydrogenBond_685_InxClass,HydrogenBond,sEH_TPPU_System-0:1,"(0, 1)",TPPUFeature2Type,sEHFeature724Type
686,sEH_TPPU_System-0:1_HydrogenBond_686_InxClass,HydrogenBond,sEH_TPPU_System-0:1,"(0, 1)",TPPUFeature2Type,sEHFeature725Type
687,sEH_TPPU_System-0:1_HydrogenBond_687_InxClass,HydrogenBond,sEH_TPPU_System-0:1,"(0, 1)",TPPUFeature2Type,sEHFeature726Type
688,sEH_TPPU_System-0:1_HydrogenBond_688_InxClass,HydrogenBond,sEH_TPPU_System-0:1,"(0, 1)",TPPUFeature2Type,sEHFeature727Type
689,sEH_TPPU_System-0:1_HydrogenBond_689_InxClass,HydrogenBond,sEH_TPPU_System-0:1,"(0, 1)",TPPUFeature2Type,sEHFeature728Type
690,sEH_TPPU_System-0:1_HydrogenBond_690_InxClass,HydrogenBond,sEH_TPPU_System-0:1,"(0, 1)",TPPUFeature2Type,sEHFeature729Type
691,sEH_TPPU_System-0:1_HydrogenBond_691_InxClass,HydrogenBond,sEH_TPPU_System-0:1,"(0, 1)",TPPUFeature2Type,sEHFeature730Type
692,sEH_TPPU_System-0:1_HydrogenBond_692_InxClass,HydrogenBond,sEH_TPPU_System-0:1,"(0, 1)",TPPUFeature2Type,sEHFeature731Type
693,sEH_TPPU_System-0:1_HydrogenBond_693_InxClass,HydrogenBond,sEH_TPPU_System-0:1,"(0, 1)",TPPUFeature2Type,sEHFeature732Type
694,sEH_TPPU_System-0:1_HydrogenBond_694_InxClass,HydrogenBond,sEH_TPPU_System-0:1,"(0, 1)",TPPUFeature2Type,sEHFeature733Type
695,sEH_TPPU_System-0:1_HydrogenBond_695_InxClass,HydrogenBond,sEH_TPPU_System-0:1,"(0, 1)",TPPUFeature2Type,sEHFeature734Type
696,sEH_TPPU_System-0:1_HydrogenBond_696_InxClass,HydrogenBond,sEH_TPPU_System-0:1,"(0, 1)",TPPUFeature2Type,sEHFeature735Type
697,sEH_TPPU_System-0:1_HydrogenBond_697_InxClass,HydrogenBond,sEH_TPPU_System-0:1,"(0, 1)",TPPUFeature2Type,sEHFeature736Type
698,sEH_TPPU_System-0:1_HydrogenBond_698_InxClass,HydrogenBond,sEH_TPPU_System-0:1,"(0, 1)",TPPUFeature2Type,sEHFeature737Type
699,sEH_TPPU_System-0:1_HydrogenBond_699_InxClass,HydrogenBond,sEH_TPPU_System-0:1,"(0, 1)",TPPUFeature2Type,sEHFeature738Type
700,sEH_TPPU_System-0:1_HydrogenBond_700_InxClass,HydrogenBond,sEH_TPPU_System-0:1,"(0, 1)",TPPUFeature2Type,sEHFeature739Type
701,sEH_TPPU_System-0:1_HydrogenBond_701_InxClass,HydrogenBond,sEH_TPPU_System-0:1,"(0, 1)",TPPUFeature2Type,sEHFeature740Type
702,sEH_TPPU_System-0:1_HydrogenBond_702_InxClass,HydrogenBond,sEH_TPPU_System-0:1,"(0, 1)",TPPUFeature2Type,sEHFeature741Type
703,sEH_TPPU_System-0:1_HydrogenBond_703_InxClass,HydrogenBond,sEH_TPPU_System-0:1,"(0, 1)",TPPUFeature2Type,sEHFeature742Type
704,sEH_TPPU_System-0:1_HydrogenBond_704_InxClass,HydrogenBond,sEH_TPPU_System-0:1,"(0, 1)",TPPUFeature2Type,sEHFeature743Type
705,sEH_TPPU_System-0:1_HydrogenBond_705_InxClass,HydrogenBond,sEH_TPPU_System-0:1,"(0, 1)",TPPUFeature2Type,sEHFeature744Type
706,sEH_TPPU_System-0:1_HydrogenBond_706_InxClass,HydrogenBond,sEH_TPPU_System-0:1,"(0, 1)",TPPUFeature2Type,sEHFeature745Type
707,sEH_TPPU_System-0:1_HydrogenBond_707_InxClass,HydrogenBond,sEH_TPPU_System-0:1,"(0, 1)",TPPUFeature2Type,sEHFeature746Type
708,sEH_TPPU_System-0:1_HydrogenBond_708_InxClass,HydrogenBond,sEH_TPPU_System-0:1,"(0, 1)",TPPUFeature2Type,sEHFeature747Type
709,sEH_TPPU_System-0:1_HydrogenBond_709_InxClass,HydrogenBond,sEH_TPPU_System-0:1,"(0, 1)",TPPUFeature2Type,sEHFeature748Type
710,sEH_TPPU_System-0:1_HydrogenBond_710_InxClass,HydrogenBond,sEH_TPPU_System-0:1,"(0, 1)",TPPUFeature2Type,sEHFeature749Type
711,sEH_TPPU_System-0:1_HydrogenBond_711_InxClass,HydrogenBond,sEH_TPPU_System-0:1,"(0, 1)",TPPUFeature2Type,sEHFeature750Type
712,sEH_TPPU_System-0:1_HydrogenBond_712_InxClass,HydrogenBond,sEH_TPPU_System-0:1,"(0, 1)",TPPUFeature2Type,sEHFeature751Type
713,sEH_TPPU_System-0:1_HydrogenBond_713_InxClass,HydrogenBond,sEH_TPPU_System-0:1,"(0, 1)",TPPUFeature2Type,sEHFeature752Type
714,sEH_TPPU_System-0:1_HydrogenBond_714_InxClass,HydrogenBond,sEH_TPPU_System-0:1,"(0, 1)",TPPUFeature2Type,sEHFeature753Type
715,sEH_TPPU_System-0:1_HydrogenBond_715_InxClass,HydrogenBond,sEH_TPPU_System-0:1,"(0, 1)",TPPUFeature2Type,sEHFeature754Type
716,sEH_TPPU_System-0:1_HydrogenBond_716_InxClass,HydrogenBond,sEH_TPPU_System-0:1,"(0, 1)",TPPUFeature2Type,sEHFeature755Type
717,sEH_TPPU_System-0:1_HydrogenBond_717_InxClass,HydrogenBond,sEH_TPPU_System-0:1,"(0, 1)",TPPUFeature2Type,sEHFeature756Type
718,sEH_TPPU_System-0:1_HydrogenBond_718_InxClass,HydrogenBond,sEH_TPPU_System-0:1,"(0, 1)",TPPUFeature2Type,sEHFeature757Type
719,sEH_TPPU_System-0:1_HydrogenBond_719_InxClass,HydrogenBond,sEH_TPPU_System-0:1,"(0, 1)",TPPUFeature2Type,sEHFeature758Type
720,sEH_TPPU_System-0:1_HydrogenBond_720_InxClass,HydrogenBond,sEH_TPPU_System-0:1,"(0, 1)",TPPUFeature2Type,sEHFeature759Type
721,sEH_TPPU_System-0:1_HydrogenBond_721_InxClass,HydrogenBond,sEH_TPPU_System-0:1,"(0, 1)",TPPUFeature2Type,sEHFeature760Type
722,sEH_TPPU_System-0:1_HydrogenBond_722_InxClass,HydrogenBond,sEH_TPPU_System-0:1,"(0, 1)",TPPUFeature2Type,sEHFeature761Type
723,sEH_TPPU_System-0:1_HydrogenBond_723_InxClass,HydrogenBond,sEH_TPPU_System-0:1,"(0, 1)",TPPUFeature2Type,sEHFeature762Type
724,sEH_TPPU_System-0:1_HydrogenBond_724_InxClass,HydrogenBond,sEH_TPPU_System-0:1,"(0, 1)",TPPUFeature2Type,sEHFeature763Type
725,sEH_TPPU_System-0:1_HydrogenBond_725_InxClass,HydrogenBond,sEH_TPPU_System-0:1,"(0, 1)",TPPUFeature2Type,sEHFeature764Type
726,sEH_TPPU_System-0:1_HydrogenBond_726_InxClass,HydrogenBond,sEH_TPPU_System-0:1,"(0, 1)",TPPUFeature2Type,sEHFeature765Type
727,sEH_TPPU_System-0:1_HydrogenBond_727_InxClass,HydrogenBond,sEH_TPPU_System-0:1,"(0, 1)",TPPUFeature2Type,sEHFeature766Type
728,sEH_TPPU_System-0:1_HydrogenBond_728_InxClass,HydrogenBond,sEH_TPPU_System-0:1,"(0, 1)",TPPUFeature2Type,sEHFeature767Type
729,sEH_TPPU_System-0:1_HydrogenBond_729_InxClass,HydrogenBond,sEH_TPPU_System-0:1,"(0, 1)",TPPUFeature2Type,sEHFeature768Type
730,sEH_TPPU_System-0:1_HydrogenBond_730_InxClass,HydrogenBond,sEH_TPPU_System-0:1,"(0, 1)",TPPUFeature2Type,sEHFeature769Type
731,sEH_TPPU_System-0:1_HydrogenBond_731_InxClass,HydrogenBond,sEH_TPPU_System-0:1,"(0, 1)",TPPUFeature2Type,sEHFeature770Type
732,sEH_TPPU_System-0:1_HydrogenBond_732_InxClass,HydrogenBond,sEH_TPPU_System-0:1,"(0, 1)",TPPUFeature2Type,sEHFeature771Type
733,sEH_TPPU_System-0:1_HydrogenBond_733_InxClass,HydrogenBond,sEH_TPPU_System-0:1,"(0, 1)",TPPUFeature2Type,sEHFeature772Type
734,sEH_TPPU_System-0:1_HydrogenBond_734_InxClass,HydrogenBond,sEH_TPPU_System-0:1,"(0, 1)",TPPUFeature2Type,sEHFeature773Type
735,sEH_TPPU_System-0:1_HydrogenBond_735_InxClass,HydrogenBond,sEH_TPPU_System-0:1,"(0, 1)",TPPUFeature2Type,sEHFeature774Type
736,sEH_TPPU_System-0:1_HydrogenBond_736_InxClass,HydrogenBond,sEH_TPPU_System-0:1,"(0, 1)",TPPUFeature2Type,sEHFeature775Type
737,sEH_TPPU_System-0:1_HydrogenBond_737_InxClass,HydrogenBond,sEH_TPPU_System-0:1,"(0, 1)",TPPUFeature2Type,sEHFeature776Type
738,sEH_TPPU_System-0:1_HydrogenBond_738_InxClass,HydrogenBond,sEH_TPPU_System-0:1,"(0, 1)",TPPUFeature2Type,sEHFeature777Type
739,sEH_TPPU_System-0:1_HydrogenBond_739_InxClass,HydrogenBond,sEH_TPPU_System-0:1,"(0, 1)",TPPUFeature2Type,sEHFeature778Type
740,sEH_TPPU_System-0:1_HydrogenBond_740_InxClass,HydrogenBond,sEH_TPPU_System-0:1,"(0, 1)",TPPUFeature2Type,sEHFeature779Type
741,sEH_TPPU_System-0:1_HydrogenBond_741_InxClass,HydrogenBond,sEH_TPPU_System-0:1,"(0, 1)",TPPUFeature2Type,sEHFeature780Type
742,sEH_TPPU_System-0:1_HydrogenBond_742_InxClass,HydrogenBond,sEH_TPPU_System-0:1,"(0, 1)",TPPUFeature2Type,sEHFeature781Type
743,sEH_TPPU_System-0:1_HydrogenBond_743_InxClass,HydrogenBond,sEH_TPPU_System-0:1,"(0, 1)",TPPUFeature2Type,sEHFeature782Type
744,sEH_TPPU_System-0:1_HydrogenBond_744_InxClass,HydrogenBond,sEH_TPPU_System-0:1,"(0, 1)",TPPUFeature2Type,sEHFeature783Type
745,sEH_TPPU_System-0:1_HydrogenBond_745_InxClass,HydrogenBond,sEH_TPPU_System-0:1,"(0, 1)",TPPUFeature2Type,sEHFeature784Type
746,sEH_TPPU_System-0:1_HydrogenBond_746_InxClass,HydrogenBond,sEH_TPPU_System-0:1,"(0, 1)",TPPUFeature2Type,sEHFeature785Type
747,sEH_TPPU_System-0:1_HydrogenBond_747_InxClass,HydrogenBond,sEH_TPPU_System-0:1,"(0, 1)",TPPUFeature2Type,sEHFeature786Type
748,sEH_TPPU_System-0:1_HydrogenBond_748_InxClass,HydrogenBond,sEH_TPPU_System-0:1,"(0, 1)",TPPUFeature2Type,sEHFeature787Type
749,sEH_TPPU_System-0:1_HydrogenBond_749_InxClass,HydrogenBond,sEH_TPPU_System-0:1,"(0, 1)",TPPUFeature2Type,sEHFeature788Type
750,sEH_TPPU_System-0:1_HydrogenBond_750_InxClass,HydrogenBond,sEH_TPPU_System-0:1,"(0, 1)",TPPUFeature2Type,sEHFeature789Type
751,sEH_TPPU_System-0:1_HydrogenBond_751_InxClass,HydrogenBond,sEH_TPPU_System-0:1,"(0, 1)",TPPUFeature2Type,sEHFeature790Type
752,sEH_TPPU_System-0:1_HydrogenBond_752_InxClass,HydrogenBond,sEH_TPPU_System-0:1,"(0, 1)",TPPUFeature2Type,sEHFeature791Type
753,sEH_TPPU_System-0:1_HydrogenBond_753_InxClass,HydrogenBond,sEH_TPPU_System-0:1,"(0, 1)",TPPUFeature2Type,sEHFeature792Type
754,sEH_TPPU_System-0:1_HydrogenBond_754_InxClass,HydrogenBond,sEH_TPPU_System-0:1,"(0, 1)",TPPUFeature2Type,sEHFeature793Type
755,sEH_TPPU_System-0:1_HydrogenBond_755_InxClass,HydrogenBond,sEH_TPPU_System-0:1,"(0, 1)",TPPUFeature2Type,sEHFeature794Type
756,sEH_TPPU_System-0:1_HydrogenBond_756_InxClass,HydrogenBond,sEH_TPPU_System-0:1,"(0, 1)",TPPUFeature2Type,sEHFeature795Type
757,sEH_TPPU_System-0:1_HydrogenBond_757_InxClass,HydrogenBond,sEH_TPPU_System-0:1,"(0, 1)",TPPUFeature2Type,sEHFeature796Type
758,sEH_TPPU_System-0:1_HydrogenBond_758_InxClass,HydrogenBond,sEH_TPPU_System-0:1,"(0, 1)",TPPUFeature2Type,sEHFeature797Type
759,sEH_TPPU_System-0:1_HydrogenBond_759_InxClass,HydrogenBond,sEH_TPPU_System-0:1,"(0, 1)",TPPUFeature2Type,sEHFeature798Type
760,sEH_TPPU_System-0:1_HydrogenBond_760_InxClass,HydrogenBond,sEH_TPPU_System-0:1,"(0, 1)",TPPUFeature2Type,sEHFeature799Type
761,sEH_TPPU_System-0:1_HydrogenBond_761_InxClass,HydrogenBond,sEH_TPPU_System-0:1,"(0, 1)",TPPUFeature2Type,sEHFeature800Type
762,sEH_TPPU_System-0:1_HydrogenBond_762_InxClass,HydrogenBond,sEH_TPPU_System-0:1,"(0, 1)",TPPUFeature2Type,sEHFeature801Type
763,sEH_TPPU_System-0:1_HydrogenBond_763_InxClass,HydrogenBond,sEH_TPPU_System-0:1,"(0, 1)",TPPUFeature2Type,sEHFeature802Type
764,sEH_TPPU_System-0:1_HydrogenBond_764_InxClass,HydrogenBond,sEH_TPPU_System-0:1,"(0, 1)",TPPUFeature2Type,sEHFeature803Type
765,sEH_TPPU_System-0:1_HydrogenBond_765_InxClass,HydrogenBond,sEH_TPPU_System-0:1,"(0, 1)",TPPUFeature2Type,sEHFeature804Type
766,sEH_TPPU_System-0:1_HydrogenBond_766_InxClass,HydrogenBond,sEH_TPPU_System-0:1,"(0, 1)",TPPUFeature2Type,sEHFeature805Type
767,sEH_TPPU_System-0:1_HydrogenBond_767_InxClass,HydrogenBond,sEH_TPPU_System-0:1,"(0, 1)",TPPUFeature2Type,sEHFeature806Type
768,sEH_TPPU_System-0:1_HydrogenBond_768_InxClass,HydrogenBond,sEH_TPPU_System-0:1,"(0, 1)",TPPUFeature2Type,sEHFeature807Type
769,sEH_TPPU_System-0:1_HydrogenBond_769_InxClass,HydrogenBond,sEH_TPPU_System-0:1,"(0, 1)",TPPUFeature2Type,sEHFeature808Type
770,sEH_TPPU_System-0:1_HydrogenBond_770_InxClass,HydrogenBond,sEH_TPPU_System-0:1,"(0, 1)",TPPUFeature2Type,sEHFeature809Type
771,sEH_TPPU_System-0:1_HydrogenBond_771_InxClass,HydrogenBond,sEH_TPPU_System-0:1,"(0, 1)",TPPUFeature2Type,sEHFeature810Type
772,sEH_TPPU_System-0:1_HydrogenBond_772_InxClass,HydrogenBond,sEH_TPPU_System-0:1,"(0, 1)",TPPUFeature2Type,sEHFeature811Type
773,sEH_TPPU_System-0:1_HydrogenBond_773_InxClass,HydrogenBond,sEH_TPPU_System-0:1,"(0, 1)",TPPUFeature2Type,sEHFeature812Type
774,sEH_TPPU_System-0:1_HydrogenBond_774_InxClass,HydrogenBond,sEH_TPPU_System-0:1,"(0, 1)",TPPUFeature2Type,sEHFeature813Type
775,sEH_TPPU_System-0:1_HydrogenBond_775_InxClass,HydrogenBond,sEH_TPPU_System-0:1,"(0, 1)",TPPUFeature2Type,sEHFeature814Type
776,sEH_TPPU_System-0:1_HydrogenBond_776_InxClass,HydrogenBond,sEH_TPPU_System-0:1,"(0, 1)",TPPUFeature2Type,sEHFeature815Type
777,sEH_TPPU_System-0:1_HydrogenBond_777_InxClass,HydrogenBond,sEH_TPPU_System-0:1,"(0, 1)",TPPUFeature2Type,sEHFeature816Type
778,sEH_TPPU_System-0:1_HydrogenBond_778_InxClass,HydrogenBond,sEH_TPPU_System-0:1,"(0, 1)",TPPUFeature2Type,sEHFeature817Type
779,sEH_TPPU_System-0:1_HydrogenBond_779_InxClass,HydrogenBond,sEH_TPPU_System-0:1,"(0, 1)",TPPUFeature2Type,sEHFeature818Type
780,sEH_TPPU_System-0:1_HydrogenBond_780_InxClass,HydrogenBond,sEH_TPPU_System-0:1,"(0, 1)",TPPUFeature2Type,sEHFeature819Type
781,sEH_TPPU_System-0:1_HydrogenBond_781_InxClass,HydrogenBond,sEH_TPPU_System-0:1,"(0, 1)",TPPUFeature2Type,sEHFeature820Type
782,sEH_TPPU_System-0:1_HydrogenBond_782_InxClass,HydrogenBond,sEH_TPPU_System-0:1,"(0, 1)",TPPUFeature2Type,sEHFeature821Type
783,sEH_TPPU_System-0:1_HydrogenBond_783_InxClass,HydrogenBond,sEH_TPPU_System-0:1,"(0, 1)",TPPUFeature2Type,sEHFeature822Type
784,sEH_TPPU_System-0:1_HydrogenBond_784_InxClass,HydrogenBond,sEH_TPPU_System-0:1,"(0, 1)",TPPUFeature2Type,sEHFeature823Type
785,sEH_TPPU_System-0:1_HydrogenBond_785_InxClass,HydrogenBond,sEH_TPPU_System-0:1,"(0, 1)",TPPUFeature2Type,sEHFeature824Type
786,sEH_TPPU_System-0:1_HydrogenBond_786_InxClass,HydrogenBond,sEH_TPPU_System-0:1,"(0, 1)",TPPUFeature2Type,sEHFeature825Type
787,sEH_TPPU_System-0:1_HydrogenBond_787_InxClass,HydrogenBond,sEH_TPPU_System-0:1,"(0, 1)",TPPUFeature2Type,sEHFeature826Type
788,sEH_TPPU_System-0:1_HydrogenBond_788_InxClass,HydrogenBond,sEH_TPPU_System-0:1,"(0, 1)",TPPUFeature2Type,sEHFeature827Type
789,sEH_TPPU_System-0:1_HydrogenBond_789_InxClass,HydrogenBond,sEH_TPPU_System-0:1,"(0, 1)",TPPUFeature2Type,sEHFeature828Type
790,sEH_TPPU_System-0:1_HydrogenBond_790_InxClass,HydrogenBond,sEH_TPPU_System-0:1,"(0, 1)",TPPUFeature2Type,sEHFeature829Type
791,sEH_TPPU_System-0:1_HydrogenBond_791_InxClass,HydrogenBond,sEH_TPPU_System-0:1,"(0, 1)",TPPUFeature2Type,sEHFeature830Type
792,sEH_TPPU_System-0:1_HydrogenBond_792_InxClass,HydrogenBond,sEH_TPPU_System-0:1,"(0, 1)",TPPUFeature2Type,sEHFeature831Type
793,sEH_TPPU_System-0:1_HydrogenBond_793_InxClass,HydrogenBond,sEH_TPPU_System-0:1,"(0, 1)",TPPUFeature2Type,sEHFeature832Type
794,sEH_TPPU_System-0:1_HydrogenBond_794_InxClass,HydrogenBond,sEH_TPPU_System-0:1,"(0, 1)",TPPUFeature2Type,sEHFeature833Type
795,sEH_TPPU_System-0:1_HydrogenBond_795_InxClass,HydrogenBond,sEH_TPPU_System-0:1,"(0, 1)",TPPUFeature2Type,sEHFeature834Type
796,sEH_TPPU_System-0:1_HydrogenBond_796_InxClass,HydrogenBond,sEH_TPPU_System-0:1,"(0, 1)",TPPUFeature2Type,sEHFeature835Type
797,sEH_TPPU_System-0:1_HydrogenBond_797_InxClass,HydrogenBond,sEH_TPPU_System-0:1,"(0, 1)",TPPUFeature2Type,sEHFeature836Type
798,sEH_TPPU_System-0:1_HydrogenBond_798_InxClass,HydrogenBond,sEH_TPPU_System-0:1,"(0, 1)",TPPUFeature2Type,sEHFeature837Type
799,sEH_TPPU_System-0:1_HydrogenBond_799_InxClass,HydrogenBond,sEH_TPPU_System-0:1,"(0, 1)",TPPUFeature2Type,sEHFeature838Type
800,sEH_TPPU_System-0:1_HydrogenBond_800_InxClass,HydrogenBond,sEH_TPPU_System-0:1,"(0, 1)",TPPUFeature2Type,sEHFeature839Type
801,sEH_TPPU_System-0:1_HydrogenBond_801_InxClass,HydrogenBond,sEH_TPPU_System-0:1,"(0, 1)",TPPUFeature2Type,sEHFeature840Type
802,sEH_TPPU_System-0:1_HydrogenBond_802_InxClass,HydrogenBond,sEH_TPPU_System-0:1,"(0, 1)",TPPUFeature2Type,sEHFeature841Type
803,sEH_TPPU_System-0:1_HydrogenBond_803_InxClass,HydrogenBond,sEH_TPPU_System-0:1,"(0, 1)",TPPUFeature2Type,sEHFeature842Type
804,sEH_TPPU_System-0:1_HydrogenBond_804_InxClass,HydrogenBond,sEH_TPPU_System-0:1,"(0, 1)",TPPUFeature2Type,sEHFeature843Type
805,sEH_TPPU_System-0:1_HydrogenBond_805_InxClass,HydrogenBond,sEH_TPPU_System-0:1,"(0, 1)",TPPUFeature2Type,sEHFeature844Type
806,sEH_TPPU_System-0:1_HydrogenBond_806_InxClass,HydrogenBond,sEH_TPPU_System-0:1,"(0, 1)",TPPUFeature2Type,sEHFeature845Type
807,sEH_TPPU_System-0:1_HydrogenBond_807_InxClass,HydrogenBond,sEH_TPPU_System-0:1,"(0, 1)",TPPUFeature2Type,sEHFeature846Type
808,sEH_TPPU_System-0:1_HydrogenBond_808_InxClass,HydrogenBond,sEH_TPPU_System-0:1,"(0, 1)",TPPUFeature2Type,sEHFeature847Type
809,sEH_TPPU_System-0:1_HydrogenBond_809_InxClass,HydrogenBond,sEH_TPPU_System-0:1,"(0, 1)",TPPUFeature2Type,sEHFeature848Type
810,sEH_TPPU_System-0:1_HydrogenBond_810_InxClass,HydrogenBond,sEH_TPPU_System-0:1,"(0, 1)",TPPUFeature2Type,sEHFeature849Type
811,sEH_TPPU_System-0:1_HydrogenBond_811_InxClass,HydrogenBond,sEH_TPPU_System-0:1,"(0, 1)",TPPUFeature2Type,sEHFeature850Type
812,sEH_TPPU_System-0:1_HydrogenBond_812_InxClass,HydrogenBond,sEH_TPPU_System-0:1,"(0, 1)",TPPUFeature2Type,sEHFeature851Type
813,sEH_TPPU_System-0:1_HydrogenBond_813_InxClass,HydrogenBond,sEH_TPPU_System-0:1,"(0, 1)",TPPUFeature2Type,sEHFeature852Type
814,sEH_TPPU_System-0:1_HydrogenBond_814_InxClass,HydrogenBond,sEH_TPPU_System-0:1,"(0, 1)",TPPUFeature2Type,sEHFeature853Type
815,sEH_TPPU_System-0:1_HydrogenBond_815_InxClass,HydrogenBond,sEH_TPPU_System-0:1,"(0, 1)",TPPUFeature2Type,sEHFeature854Type
816,sEH_TPPU_System-0:1_HydrogenBond_816_InxClass,HydrogenBond,sEH_TPPU_System-0:1,"(0, 1)",TPPUFeature2Type,sEHFeature855Type
817,sEH_TPPU_System-0:1_HydrogenBond_817_InxClass,HydrogenBond,sEH_TPPU_System-0:1,"(0, 1)",TPPUFeature2Type,sEHFeature856Type
818,sEH_TPPU_System-0:1_HydrogenBond_818_InxClass,HydrogenBond,sEH_TPPU_System-0:1,"(0, 1)",TPPUFeature2Type,sEHFeature857Type
819,sEH_TPPU_System-0:1_HydrogenBond_819_InxClass,HydrogenBond,sEH_TPPU_System-0:1,"(0, 1)",TPPUFeature2Type,sEHFeature858Type
820,sEH_TPPU_System-0:1_HydrogenBond_820_InxClass,HydrogenBond,sEH_TPPU_System-0:1,"(0, 1)",TPPUFeature2Type,sEHFeature859Type
821,sEH_TPPU_System-0:1_HydrogenBond_821_InxClass,HydrogenBond,sEH_TPPU_System-0:1,"(0, 1)",TPPUFeature2Type,sEHFeature860Type
822,sEH_TPPU_System-0:1_HydrogenBond_822_InxClass,HydrogenBond,sEH_TPPU_System-0:1,"(0, 1)",TPPUFeature2Type,sEHFeature861Type
823,sEH_TPPU_System-0:1_HydrogenBond_823_InxClass,HydrogenBond,sEH_TPPU_System-0:1,"(0, 1)",TPPUFeature2Type,sEHFeature862Type
824,sEH_TPPU_System-0:1_HydrogenBond_824_InxClass,HydrogenBond,sEH_TPPU_System-0:1,"(0, 1)",TPPUFeature2Type,sEHFeature863Type
825,sEH_TPPU_System-0:1_HydrogenBond_825_InxClass,HydrogenBond,sEH_TPPU_System-0:1,"(0, 1)",TPPUFeature2Type,sEHFeature864Type
826,sEH_TPPU_System-0:1_HydrogenBond_826_InxClass,HydrogenBond,sEH_TPPU_System-0:1,"(0, 1)",TPPUFeature2Type,sEHFeature865Type
827,sEH_TPPU_System-0:1_HydrogenBond_827_InxClass,HydrogenBond,sEH_TPPU_System-0:1,"(0, 1)",TPPUFeature2Type,sEHFeature866Type
828,sEH_TPPU_System-0:1_HydrogenBond_828_InxClass,HydrogenBond,sEH_TPPU_System-0:1,"(0, 1)",TPPUFeature2Type,sEHFeature867Type
829,sEH_TPPU_System-0:1_HydrogenBond_829_InxClass,HydrogenBond,sEH_TPPU_System-0:1,"(0, 1)",TPPUFeature2Type,sEHFeature868Type
830,sEH_TPPU_System-0:1_HydrogenBond_830_InxClass,HydrogenBond,sEH_TPPU_System-0:1,"(0, 1)",TPPUFeature2Type,sEHFeature869Type
831,sEH_TPPU_System-0:1_HydrogenBond_831_InxClass,HydrogenBond,sEH_TPPU_System-0:1,"(0, 1)",TPPUFeature2Type,sEHFeature870Type
832,sEH_TPPU_System-0:1_HydrogenBond_832_InxClass,HydrogenBond,sEH_TPPU_System-0:1,"(0, 1)",TPPUFeature2Type,sEHFeature871Type
833,sEH_TPPU_System-0:1_HydrogenBond_833_InxClass,HydrogenBond,sEH_TPPU_System-0:1,"(0, 1)",TPPUFeature2Type,sEHFeature872Type
834,sEH_TPPU_System-0:1_HydrogenBond_834_InxClass,HydrogenBond,sEH_TPPU_System-0:1,"(0, 1)",TPPUFeature2Type,sEHFeature873Type
835,sEH_TPPU_System-0:1_HydrogenBond_835_InxClass,HydrogenBond,sEH_TPPU_System-0:1,"(0, 1)",TPPUFeature2Type,sEHFeature874Type
836,sEH_TPPU_System-0:1_HydrogenBond_836_InxClass,HydrogenBond,sEH_TPPU_System-0:1,"(0, 1)",TPPUFeature2Type,sEHFeature875Type
837,sEH_TPPU_System-0:1_HydrogenBond_837_InxClass,HydrogenBond,sEH_TPPU_System-0:1,"(0, 1)",TPPUFeature2Type,sEHFeature876Type
838,sEH_TPPU_System-0:1_HydrogenBond_838_InxClass,HydrogenBond,sEH_TPPU_System-0:1,"(0, 1)",TPPUFeature2Type,sEHFeature877Type
839,sEH_TPPU_System-0:1_HydrogenBond_839_InxClass,HydrogenBond,sEH_TPPU_System-0:1,"(0, 1)",TPPUFeature2Type,sEHFeature878Type
840,sEH_TPPU_System-0:1_HydrogenBond_840_InxClass,HydrogenBond,sEH_TPPU_System-0:1,"(0, 1)",TPPUFeature2Type,sEHFeature879Type
841,sEH_TPPU_System-0:1_HydrogenBond_841_InxClass,HydrogenBond,sEH_TPPU_System-0:1,"(0, 1)",TPPUFeature2Type,sEHFeature880Type
842,sEH_TPPU_System-0:1_HydrogenBond_842_InxClass,HydrogenBond,sEH_TPPU_System-0:1,"(0, 1)",TPPUFeature2Type,sEHFeature881Type
843,sEH_TPPU_System-0:1_HydrogenBond_843_InxClass,HydrogenBond,sEH_TPPU_System-0:1,"(0, 1)",TPPUFeature2Type,sEHFeature882Type
844,sEH_TPPU_System-0:1_HydrogenBond_844_InxClass,HydrogenBond,sEH_TPPU_System-0:1,"(0, 1)",TPPUFeature2Type,sEHFeature883Type
845,sEH_TPPU_System-0:1_HydrogenBond_845_InxClass,HydrogenBond,sEH_TPPU_System-0:1,"(0, 1)",TPPUFeature2Type,sEHFeature884Type
846,sEH_TPPU_System-0:1_HydrogenBond_846_InxClass,HydrogenBond,sEH_TPPU_System-0:1,"(0, 1)",TPPUFeature2Type,sEHFeature885Type
847,sEH_TPPU_System-0:1_HydrogenBond_847_InxClass,HydrogenBond,sEH_TPPU_System-0:1,"(0, 1)",TPPUFeature2Type,sEHFeature886Type
848,sEH_TPPU_System-0:1_HydrogenBond_848_InxClass,HydrogenBond,sEH_TPPU_System-0:1,"(0, 1)",TPPUFeature2Type,sEHFeature887Type
849,sEH_TPPU_System-0:1_HydrogenBond_849_InxClass,HydrogenBond,sEH_TPPU_System-0:1,"(0, 1)",TPPUFeature2Type,sEHFeature888Type
850,sEH_TPPU_System-0:1_HydrogenBond_850_InxClass,HydrogenBond,sEH_TPPU_System-0:1,"(0, 1)",TPPUFeature2Type,sEHFeature889Type
851,sEH_TPPU_System-0:1_HydrogenBond_851_InxClass,HydrogenBond,sEH_TPPU_System-0:1,"(0, 1)",TPPUFeature2Type,sEHFeature890Type
852,sEH_TPPU_System-0:1_HydrogenBond_852_InxClass,HydrogenBond,sEH_TPPU_System-0:1,"(0, 1)",TPPUFeature2Type,sEHFeature891Type
853,sEH_TPPU_System-0:1_HydrogenBond_853_InxClass,HydrogenBond,sEH_TPPU_System-0:1,"(0, 1)",TPPUFeature2Type,sEHFeature892Type
854,sEH_TPPU_System-0:1_HydrogenBond_854_InxClass,HydrogenBond,sEH_TPPU_System-0:1,"(0, 1)",TPPUFeature2Type,sEHFeature893Type
855,sEH_TPPU_System-0:1_HydrogenBond_855_InxClass,HydrogenBond,sEH_TPPU_System-0:1,"(0, 1)",TPPUFeature2Type,sEHFeature894Type
856,sEH_TPPU_System-0:1_HydrogenBond_856_InxClass,HydrogenBond,sEH_TPPU_System-0:1,"(0, 1)",TPPUFeature2Type,sEHFeature895Type
857,sEH_TPPU_System-0:1_HydrogenBond_857_InxClass,HydrogenBond,sEH_TPPU_System-0:1,"(0, 1)",TPPUFeature2Type,sEHFeature896Type
858,sEH_TPPU_System-0:1_HydrogenBond_858_InxClass,HydrogenBond,sEH_TPPU_System-0:1,"(0, 1)",TPPUFeature2Type,sEHFeature897Type
859,sEH_TPPU_System-0:1_HydrogenBond_859_InxClass,HydrogenBond,sEH_TPPU_System-0:1,"(0, 1)",TPPUFeature2Type,sEHFeature898Type
860,sEH_TPPU_System-0:1_HydrogenBond_860_InxClass,HydrogenBond,sEH_TPPU_System-0:1,"(0, 1)",TPPUFeature2Type,sEHFeature899Type
861,sEH_TPPU_System-0:1_HydrogenBond_861_InxClass,HydrogenBond,sEH_TPPU_System-0:1,"(0, 1)",TPPUFeature2Type,sEHFeature900Type
862,sEH_TPPU_System-0:1_HydrogenBond_862_InxClass,HydrogenBond,sEH_TPPU_System-0:1,"(0, 1)",TPPUFeature2Type,sEHFeature901Type
863,sEH_TPPU_System-0:1_HydrogenBond_863_InxClass,HydrogenBond,sEH_TPPU_System-0:1,"(0, 1)",TPPUFeature2Type,sEHFeature902Type
864,sEH_TPPU_System-0:1_HydrogenBond_864_InxClass,HydrogenBond,sEH_TPPU_System-0:1,"(0, 1)",TPPUFeature2Type,sEHFeature903Type
865,sEH_TPPU_System-0:1_HydrogenBond_865_InxClass,HydrogenBond,sEH_TPPU_System-0:1,"(0, 1)",TPPUFeature2Type,sEHFeature904Type
866,sEH_TPPU_System-0:1_HydrogenBond_866_InxClass,HydrogenBond,sEH_TPPU_System-0:1,"(0, 1)",TPPUFeature2Type,sEHFeature905Type
867,sEH_TPPU_System-0:1_HydrogenBond_867_InxClass,HydrogenBond,sEH_TPPU_System-0:1,"(0, 1)",TPPUFeature2Type,sEHFeature906Type
868,sEH_TPPU_System-0:1_HydrogenBond_868_InxClass,HydrogenBond,sEH_TPPU_System-0:1,"(0, 1)",TPPUFeature2Type,sEHFeature907Type
869,sEH_TPPU_System-0:1_HydrogenBond_869_InxClass,HydrogenBond,sEH_TPPU_System-0:1,"(0, 1)",TPPUFeature2Type,sEHFeature908Type
870,sEH_TPPU_System-0:1_HydrogenBond_870_InxClass,HydrogenBond,sEH_TPPU_System-0:1,"(0, 1)",TPPUFeature2Type,sEHFeature909Type
871,sEH_TPPU_System-0:1_HydrogenBond_871_InxClass,HydrogenBond,sEH_TPPU_System-0:1,"(0, 1)",TPPUFeature2Type,sEHFeature910Type
872,sEH_TPPU_System-0:1_HydrogenBond_872_InxClass,HydrogenBond,sEH_TPPU_System-0:1,"(0, 1)",TPPUFeature2Type,sEHFeature911Type
873,sEH_TPPU_System-0:1_HydrogenBond_873_InxClass,HydrogenBond,sEH_TPPU_System-0:1,"(0, 1)",TPPUFeature2Type,sEHFeature912Type
874,sEH_TPPU_System-0:1_HydrogenBond_874_InxClass,HydrogenBond,sEH_TPPU_System-0:1,"(0, 1)",TPPUFeature2Type,sEHFeature913Type
875,sEH_TPPU_System-0:1_HydrogenBond_875_InxClass,HydrogenBond,sEH_TPPU_System-0:1,"(0, 1)",TPPUFeature2Type,sEHFeature914Type
876,sEH_TPPU_System-0:1_HydrogenBond_876_InxClass,HydrogenBond,sEH_TPPU_System-0:1,"(0, 1)",TPPUFeature2Type,sEHFeature915Type
877,sEH_TPPU_System-0:1_HydrogenBond_877_InxClass,HydrogenBond,sEH_TPPU_System-0:1,"(0, 1)",TPPUFeature2Type,sEHFeature916Type
878,sEH_TPPU_System-0:1_HydrogenBond_878_InxClass,HydrogenBond,sEH_TPPU_System-0:1,"(0, 1)",TPPUFeature2Type,sEHFeature917Type
879,sEH_TPPU_System-0:1_HydrogenBond_879_InxClass,HydrogenBond,sEH_TPPU_System-0:1,"(0, 1)",TPPUFeature2Type,sEHFeature918Type
880,sEH_TPPU_System-0:1_HydrogenBond_880_InxClass,HydrogenBond,sEH_TPPU_System-0:1,"(0, 1)",TPPUFeature2Type,sEHFeature919Type
881,sEH_TPPU_System-0:1_HydrogenBond_881_InxClass,HydrogenBond,sEH_TPPU_System-0:1,"(0, 1)",TPPUFeature2Type,sEHFeature920Type
882,sEH_TPPU_System-0:1_HydrogenBond_882_InxClass,HydrogenBond,sEH_TPPU_System-0:1,"(0, 1)",TPPUFeature2Type,sEHFeature921Type
883,sEH_TPPU_System-0:1_HydrogenBond_883_InxClass,HydrogenBond,sEH_TPPU_System-0:1,"(0, 1)",TPPUFeature2Type,sEHFeature922Type
884,sEH_TPPU_System-0:1_HydrogenBond_884_InxClass,HydrogenBond,sEH_TPPU_System-0:1,"(0, 1)",TPPUFeature2Type,sEHFeature923Type
885,sEH_TPPU_System-0:1_HydrogenBond_885_InxClass,HydrogenBond,sEH_TPPU_System-0:1,"(0, 1)",TPPUFeature2Type,sEHFeature924Type
886,sEH_TPPU_System-0:1_HydrogenBond_886_InxClass,HydrogenBond,sEH_TPPU_System-0:1,"(0, 1)",TPPUFeature2Type,sEHFeature925Type
887,sEH_TPPU_System-0:1_HydrogenBond_887_InxClass,HydrogenBond,sEH_TPPU_System-0:1,"(0, 1)",TPPUFeature2Type,sEHFeature926Type
888,sEH_TPPU_System-0:1_HydrogenBond_888_InxClass,HydrogenBond,sEH_TPPU_System-0:1,"(0, 1)",TPPUFeature2Type,sEHFeature927Type
889,sEH_TPPU_System-0:1_HydrogenBond_889_InxClass,HydrogenBond,sEH_TPPU_System-0:1,"(0, 1)",TPPUFeature2Type,sEHFeature928Type
890,sEH_TPPU_System-0:1_HydrogenBond_890_InxClass,HydrogenBond,sEH_TPPU_System-0:1,"(0, 1)",TPPUFeature2Type,sEHFeature929Type
891,sEH_TPPU_System-0:1_HydrogenBond_891_InxClass,HydrogenBond,sEH_TPPU_System-0:1,"(0, 1)",TPPUFeature2Type,sEHFeature930Type
892,sEH_TPPU_System-0:1_HydrogenBond_892_InxClass,HydrogenBond,sEH_TPPU_System-0:1,"(0, 1)",TPPUFeature2Type,sEHFeature931Type
893,sEH_TPPU_System-0:1_HydrogenBond_893_InxClass,HydrogenBond,sEH_TPPU_System-0:1,"(0, 1)",TPPUFeature2Type,sEHFeature932Type
894,sEH_TPPU_System-0:1_HydrogenBond_894_InxClass,HydrogenBond,sEH_TPPU_System-0:1,"(0, 1)",TPPUFeature2Type,sEHFeature933Type
895,sEH_TPPU_System-0:1_HydrogenBond_895_InxClass,HydrogenBond,sEH_TPPU_System-0:1,"(0, 1)",TPPUFeature2Type,sEHFeature934Type
896,sEH_TPPU_System-0:1_HydrogenBond_896_InxClass,HydrogenBond,sEH_TPPU_System-0:1,"(0, 1)",TPPUFeature2Type,sEHFeature935Type
897,sEH_TPPU_System-0:1_HydrogenBond_897_InxClass,HydrogenBond,sEH_TPPU_System-0:1,"(0, 1)",TPPUFeature2Type,sEHFeature936Type
898,sEH_TPPU_System-0:1_HydrogenBond_898_InxClass,HydrogenBond,sEH_TPPU_System-0:1,"(0, 1)",TPPUFeature2Type,sEHFeature937Type
899,sEH_TPPU_System-0:1_HydrogenBond_899_InxClass,HydrogenBond,sEH_TPPU_System-0:1,"(0, 1)",TPPUFeature2Type,sEHFeature938Type
900,sEH_TPPU_System-0:1_HydrogenBond_900_InxClass,HydrogenBond,sEH_TPPU_System-0:1,"(0, 1)",TPPUFeature2Type,sEHFeature939Type
901,sEH_TPPU_System-0:1_HydrogenBond_901_InxClass,HydrogenBond,sEH_TPPU_System-0:1,"(0, 1)",TPPUFeature2Type,sEHFeature940Type
902,sEH_TPPU_System-0:1_HydrogenBond_902_InxClass,HydrogenBond,sEH_TPPU_System-0:1,"(0, 1)",TPPUFeature2Type,sEHFeature941Type
903,sEH_TPPU_System-0:1_HydrogenBond_903_InxClass,HydrogenBond,sEH_TPPU_System-0:1,"(0, 1)",TPPUFeature2Type,sEHFeature942Type
904,sEH_TPPU_System-0:1_HydrogenBond_904_InxClass,HydrogenBond,sEH_TPPU_System-0:1,"(0, 1)",TPPUFeature2Type,sEHFeature943Type
905,sEH_TPPU_System-0:1_HydrogenBond_905_InxClass,HydrogenBond,sEH_TPPU_System-0:1,"(0, 1)",TPPUFeature2Type,sEHFeature944Type
906,sEH_TPPU_System-0:1_HydrogenBond_906_InxClass,HydrogenBond,sEH_TPPU_System-0:1,"(0, 1)",TPPUFeature2Type,sEHFeature945Type
907,sEH_TPPU_System-0:1_HydrogenBond_907_InxClass,HydrogenBond,sEH_TPPU_System-0:1,"(0, 1)",TPPUFeature2Type,sEHFeature946Type
908,sEH_TPPU_System-0:1_HydrogenBond_908_InxClass,HydrogenBond,sEH_TPPU_System-0:1,"(0, 1)",TPPUFeature2Type,sEHFeature947Type
909,sEH_TPPU_System-0:1_HydrogenBond_909_InxClass,HydrogenBond,sEH_TPPU_System-0:1,"(0, 1)",TPPUFeature2Type,sEHFeature948Type
910,sEH_TPPU_System-0:1_HydrogenBond_910_InxClass,HydrogenBond,sEH_TPPU_System-0:1,"(0, 1)",TPPUFeature2Type,sEHFeature949Type
911,sEH_TPPU_System-0:1_HydrogenBond_911_InxClass,HydrogenBond,sEH_TPPU_System-0:1,"(0, 1)",TPPUFeature2Type,sEHFeature950Type
912,sEH_TPPU_System-0:1_HydrogenBond_912_InxClass,HydrogenBond,sEH_TPPU_System-0:1,"(0, 1)",TPPUFeature2Type,sEHFeature951Type
913,sEH_TPPU_System-0:1_HydrogenBond_913_InxClass,HydrogenBond,sEH_TPPU_System-0:1,"(0, 1)",TPPUFeature2Type,sEHFeature952Type
914,sEH_TPPU_System-0:1_HydrogenBond_914_InxClass,HydrogenBond,sEH_TPPU_System-0:1,"(0, 1)",TPPUFeature2Type,sEHFeature953Type
915,sEH_TPPU_System-0:1_HydrogenBond_915_InxClass,HydrogenBond,sEH_TPPU_System-0:1,"(0, 1)",TPPUFeature2Type,sEHFeature954Type
916,sEH_TPPU_System-0:1_HydrogenBond_916_InxClass,HydrogenBond,sEH_TPPU_System-0:1,"(0, 1)",TPPUFeature2Type,sEHFeature955Type
917,sEH_TPPU_System-0:1_HydrogenBond_917_InxClass,HydrogenBond,sEH_TPPU_System-0:1,"(0, 1)",TPPUFeature2Type,sEHFeature956Type
918,sEH_TPPU_System-0:1_HydrogenBond_918_InxClass,HydrogenBond,sEH_TPPU_System-0:1,"(0, 1)",TPPUFeature2Type,sEHFeature957Type
919,sEH_TPPU_System-0:1_HydrogenBond_919_InxClass,HydrogenBond,sEH_TPPU_System-0:1,"(0, 1)",TPPUFeature2Type,sEHFeature958Type
920,sEH_TPPU_System-0:1_HydrogenBond_920_InxClass,HydrogenBond,sEH_TPPU_System-0:1,"(0, 1)",TPPUFeature2Type,sEHFeature959Type
921,sEH_TPPU_System-0:1_HydrogenBond_921_InxClass,HydrogenBond,sEH_TPPU_System-0:1,"(0, 1)",TPPUFeature2Type,sEHFeature960Type
922,sEH_TPPU_System-0:1_HydrogenBond_922_InxClass,HydrogenBond,sEH_TPPU_System-0:1,"(0, 1)",TPPUFeature2Type,sEHFeature961Type
923,sEH_TPPU_System-0:1_HydrogenBond_923_InxClass,HydrogenBond,sEH_TPPU_System-0:1,"(0, 1)",TPPUFeature2Type,sEHFeature962Type
924,sEH_TPPU_System-0:1_HydrogenBond_924_InxClass,HydrogenBond,sEH_TPPU_System-0:1,"(0, 1)",TPPUFeature3Type,sEHFeature501Type
925,sEH_TPPU_System-0:1_HydrogenBond_925_InxClass,HydrogenBond,sEH_TPPU_System-0:1,"(0, 1)",TPPUFeature3Type,sEHFeature502Type
926,sEH_TPPU_System-0:1_HydrogenBond_926_InxClass,HydrogenBond,sEH_TPPU_System-0:1,"(0, 1)",TPPUFeature3Type,sEHFeature503Type
927,sEH_TPPU_System-0:1_HydrogenBond_927_InxClass,HydrogenBond,sEH_TPPU_System-0:1,"(0, 1)",TPPUFeature3Type,sEHFeature504Type
928,sEH_TPPU_System-0:1_HydrogenBond_928_InxClass,HydrogenBond,sEH_TPPU_System-0:1,"(0, 1)",TPPUFeature3Type,sEHFeature505Type
929,sEH_TPPU_System-0:1_HydrogenBond_929_InxClass,HydrogenBond,sEH_TPPU_System-0:1,"(0, 1)",TPPUFeature3Type,sEHFeature506Type
930,sEH_TPPU_System-0:1_HydrogenBond_930_InxClass,HydrogenBond,sEH_TPPU_System-0:1,"(0, 1)",TPPUFeature3Type,sEHFeature507Type
931,sEH_TPPU_System-0:1_HydrogenBond_931_InxClass,HydrogenBond,sEH_TPPU_System-0:1,"(0, 1)",TPPUFeature3Type,sEHFeature508Type
932,sEH_TPPU_System-0:1_HydrogenBond_932_InxClass,HydrogenBond,sEH_TPPU_System-0:1,"(0, 1)",TPPUFeature3Type,sEHFeature509Type
933,sEH_TPPU_System-0:1_HydrogenBond_933_InxClass,HydrogenBond,sEH_TPPU_System-0:1,"(0, 1)",TPPUFeature3Type,sEHFeature510Type
934,sEH_TPPU_System-0:1_HydrogenBond_934_InxClass,HydrogenBond,sEH_TPPU_System-0:1,"(0, 1)",TPPUFeature3Type,sEHFeature511Type
935,sEH_TPPU_System-0:1_HydrogenBond_935_InxClass,HydrogenBond,sEH_TPPU_System-0:1,"(0, 1)",TPPUFeature3Type,sEHFeature512Type
936,sEH_TPPU_System-0:1_HydrogenBond_936_InxClass,HydrogenBond,sEH_TPPU_System-0:1,"(0, 1)",TPPUFeature3Type,sEHFeature513Type
937,sEH_TPPU_System-0:1_HydrogenBond_937_InxClass,HydrogenBond,sEH_TPPU_System-0:1,"(0, 1)",TPPUFeature3Type,sEHFeature514Type
938,sEH_TPPU_System-0:1_HydrogenBond_938_InxClass,HydrogenBond,sEH_TPPU_System-0:1,"(0, 1)",TPPUFeature3Type,sEHFeature515Type
939,sEH_TPPU_System-0:1_HydrogenBond_939_InxClass,HydrogenBond,sEH_TPPU_System-0:1,"(0, 1)",TPPUFeature3Type,sEHFeature516Type
940,sEH_TPPU_System-0:1_HydrogenBond_940_InxClass,HydrogenBond,sEH_TPPU_System-0:1,"(0, 1)",TPPUFeature3Type,sEHFeature517Type
941,sEH_TPPU_System-0:1_HydrogenBond_941_InxClass,HydrogenBond,sEH_TPPU_System-0:1,"(0, 1)",TPPUFeature3Type,sEHFeature518Type
942,sEH_TPPU_System-0:1_HydrogenBond_942_InxClass,HydrogenBond,sEH_TPPU_System-0:1,"(0, 1)",TPPUFeature3Type,sEHFeature519Type
943,sEH_TPPU_System-0:1_HydrogenBond_943_InxClass,HydrogenBond,sEH_TPPU_System-0:1,"(0, 1)",TPPUFeature3Type,sEHFeature520Type
944,sEH_TPPU_System-0:1_HydrogenBond_944_InxClass,HydrogenBond,sEH_TPPU_System-0:1,"(0, 1)",TPPUFeature3Type,sEHFeature521Type
945,sEH_TPPU_System-0:1_HydrogenBond_945_InxClass,HydrogenBond,sEH_TPPU_System-0:1,"(0, 1)",TPPUFeature3Type,sEHFeature522Type
946,sEH_TPPU_System-0:1_HydrogenBond_946_InxClass,HydrogenBond,sEH_TPPU_System-0:1,"(0, 1)",TPPUFeature3Type,sEHFeature523Type
947,sEH_TPPU_System-0:1_HydrogenBond_947_InxClass,HydrogenBond,sEH_TPPU_System-0:1,"(0, 1)",TPPUFeature3Type,sEHFeature524Type
948,sEH_TPPU_System-0:1_HydrogenBond_948_InxClass,HydrogenBond,sEH_TPPU_System-0:1,"(0, 1)",TPPUFeature3Type,sEHFeature525Type
949,sEH_TPPU_System-0:1_HydrogenBond_949_InxClass,HydrogenBond,sEH_TPPU_System-0:1,"(0, 1)",TPPUFeature3Type,sEHFeature526Type
950,sEH_TPPU_System-0:1_HydrogenBond_950_InxClass,HydrogenBond,sEH_TPPU_System-0:1,"(0, 1)",TPPUFeature3Type,sEHFeature527Type
951,sEH_TPPU_System-0:1_HydrogenBond_951_InxClass,HydrogenBond,sEH_TPPU_System-0:1,"(0, 1)",TPPUFeature3Type,sEHFeature528Type
952,sEH_TPPU_System-0:1_HydrogenBond_952_InxClass,HydrogenBond,sEH_TPPU_System-0:1,"(0, 1)",TPPUFeature3Type,sEHFeature529Type
953,sEH_TPPU_System-0:1_HydrogenBond_953_InxClass,HydrogenBond,sEH_TPPU_System-0:1,"(0, 1)",TPPUFeature3Type,sEHFeature530Type
954,sEH_TPPU_System-0:1_HydrogenBond_954_InxClass,HydrogenBond,sEH_TPPU_System-0:1,"(0, 1)",TPPUFeature3Type,sEHFeature531Type
955,sEH_TPPU_System-0:1_HydrogenBond_955_InxClass,HydrogenBond,sEH_TPPU_System-0:1,"(0, 1)",TPPUFeature3Type,sEHFeature532Type
956,sEH_TPPU_System-0:1_HydrogenBond_956_InxClass,HydrogenBond,sEH_TPPU_System-0:1,"(0, 1)",TPPUFeature3Type,sEHFeature533Type
957,sEH_TPPU_System-0:1_HydrogenBond_957_InxClass,HydrogenBond,sEH_TPPU_System-0:1,"(0, 1)",TPPUFeature3Type,sEHFeature534Type
958,sEH_TPPU_System-0:1_HydrogenBond_958_InxClass,HydrogenBond,sEH_TPPU_System-0:1,"(0, 1)",TPPUFeature3Type,sEHFeature535Type
959,sEH_TPPU_System-0:1_HydrogenBond_959_InxClass,HydrogenBond,sEH_TPPU_System-0:1,"(0, 1)",TPPUFeature3Type,sEHFeature536Type
960,sEH_TPPU_System-0:1_HydrogenBond_960_InxClass,HydrogenBond,sEH_TPPU_System-0:1,"(0, 1)",TPPUFeature3Type,sEHFeature537Type
961,sEH_TPPU_System-0:1_HydrogenBond_961_InxClass,HydrogenBond,sEH_TPPU_System-0:1,"(0, 1)",TPPUFeature3Type,sEHFeature538Type
962,sEH_TPPU_System-0:1_HydrogenBond_962_InxClass,HydrogenBond,sEH_TPPU_System-0:1,"(0, 1)",TPPUFeature3Type,sEHFeature539Type
963,sEH_TPPU_System-0:1_HydrogenBond_963_InxClass,HydrogenBond,sEH_TPPU_System-0:1,"(0, 1)",TPPUFeature3Type,sEHFeature540Type
964,sEH_TPPU_System-0:1_HydrogenBond_964_InxClass,HydrogenBond,sEH_TPPU_System-0:1,"(0, 1)",TPPUFeature3Type,sEHFeature541Type
965,sEH_TPPU_System-0:1_HydrogenBond_965_InxClass,HydrogenBond,sEH_TPPU_System-0:1,"(0, 1)",TPPUFeature3Type,sEHFeature542Type
966,sEH_TPPU_System-0:1_HydrogenBond_966_InxClass,HydrogenBond,sEH_TPPU_System-0:1,"(0, 1)",TPPUFeature3Type,sEHFeature543Type
967,sEH_TPPU_System-0:1_HydrogenBond_967_InxClass,HydrogenBond,sEH_TPPU_System-0:1,"(0, 1)",TPPUFeature3Type,sEHFeature544Type
968,sEH_TPPU_System-0:1_HydrogenBond_968_InxClass,HydrogenBond,sEH_TPPU_System-0:1,"(0, 1)",TPPUFeature3Type,sEHFeature545Type
969,sEH_TPPU_System-0:1_HydrogenBond_969_InxClass,HydrogenBond,sEH_TPPU_System-0:1,"(0, 1)",TPPUFeature3Type,sEHFeature546Type
970,sEH_TPPU_System-0:1_HydrogenBond_970_InxClass,HydrogenBond,sEH_TPPU_System-0:1,"(0, 1)",TPPUFeature3Type,sEHFeature547Type
971,sEH_TPPU_System-0:1_HydrogenBond_971_InxClass,HydrogenBond,sEH_TPPU_System-0:1,"(0, 1)",TPPUFeature3Type,sEHFeature548Type
972,sEH_TPPU_System-0:1_HydrogenBond_972_InxClass,HydrogenBond,sEH_TPPU_System-0:1,"(0, 1)",TPPUFeature3Type,sEHFeature549Type
973,sEH_TPPU_System-0:1_HydrogenBond_973_InxClass,HydrogenBond,sEH_TPPU_System-0:1,"(0, 1)",TPPUFeature3Type,sEHFeature550Type
974,sEH_TPPU_System-0:1_HydrogenBond_974_InxClass,HydrogenBond,sEH_TPPU_System-0:1,"(0, 1)",TPPUFeature3Type,sEHFeature551Type
975,sEH_TPPU_System-0:1_HydrogenBond_975_InxClass,HydrogenBond,sEH_TPPU_System-0:1,"(0, 1)",TPPUFeature3Type,sEHFeature552Type
976,sEH_TPPU_System-0:1_HydrogenBond_976_InxClass,HydrogenBond,sEH_TPPU_System-0:1,"(0, 1)",TPPUFeature3Type,sEHFeature553Type
977,sEH_TPPU_System-0:1_HydrogenBond_977_InxClass,HydrogenBond,sEH_TPPU_System-0:1,"(0, 1)",TPPUFeature3Type,sEHFeature554Type
978,sEH_TPPU_System-0:1_HydrogenBond_978_InxClass,HydrogenBond,sEH_TPPU_System-0:1,"(0, 1)",TPPUFeature3Type,sEHFeature555Type
979,sEH_TPPU_System-0:1_HydrogenBond_979_InxClass,HydrogenBond,sEH_TPPU_System-0:1,"(0, 1)",TPPUFeature3Type,sEHFeature556Type
980,sEH_TPPU_System-0:1_HydrogenBond_980_InxClass,HydrogenBond,sEH_TPPU_System-0:1,"(0, 1)",TPPUFeature3Type,sEHFeature557Type
981,sEH_TPPU_System-0:1_HydrogenBond_981_InxClass,HydrogenBond,sEH_TPPU_System-0:1,"(0, 1)",TPPUFeature3Type,sEHFeature558Type
982,sEH_TPPU_System-0:1_HydrogenBond_982_InxClass,HydrogenBond,sEH_TPPU_System-0:1,"(0, 1)",TPPUFeature3Type,sEHFeature559Type
983,sEH_TPPU_System-0:1_HydrogenBond_983_InxClass,HydrogenBond,sEH_TPPU_System-0:1,"(0, 1)",TPPUFeature3Type,sEHFeature560Type
984,sEH_TPPU_System-0:1_HydrogenBond_984_InxClass,HydrogenBond,sEH_TPPU_System-0:1,"(0, 1)",TPPUFeature3Type,sEHFeature561Type
985,sEH_TPPU_System-0:1_HydrogenBond_985_InxClass,HydrogenBond,sEH_TPPU_System-0:1,"(0, 1)",TPPUFeature3Type,sEHFeature562Type
986,sEH_TPPU_System-0:1_HydrogenBond_986_InxClass,HydrogenBond,sEH_TPPU_System-0:1,"(0, 1)",TPPUFeature3Type,sEHFeature563Type
987,sEH_TPPU_System-0:1_HydrogenBond_987_InxClass,HydrogenBond,sEH_TPPU_System-0:1,"(0, 1)",TPPUFeature3Type,sEHFeature564Type
988,sEH_TPPU_System-0:1_HydrogenBond_988_InxClass,HydrogenBond,sEH_TPPU_System-0:1,"(0, 1)",TPPUFeature3Type,sEHFeature565Type
989,sEH_TPPU_System-0:1_HydrogenBond_989_InxClass,HydrogenBond,sEH_TPPU_System-0:1,"(0, 1)",TPPUFeature3Type,sEHFeature566Type
990,sEH_TPPU_System-0:1_HydrogenBond_990_InxClass,HydrogenBond,sEH_TPPU_System-0:1,"(0, 1)",TPPUFeature3Type,sEHFeature567Type
991,sEH_TPPU_System-0:1_HydrogenBond_991_InxClass,HydrogenBond,sEH_TPPU_System-0:1,"(0, 1)",TPPUFeature3Type,sEHFeature568Type
992,sEH_TPPU_System-0:1_HydrogenBond_992_InxClass,HydrogenBond,sEH_TPPU_System-0:1,"(0, 1)",TPPUFeature3Type,sEHFeature569Type
993,sEH_TPPU_System-0:1_HydrogenBond_993_InxClass,HydrogenBond,sEH_TPPU_System-0:1,"(0, 1)",TPPUFeature3Type,sEHFeature570Type
994,sEH_TPPU_System-0:1_HydrogenBond_994_InxClass,HydrogenBond,sEH_TPPU_System-0:1,"(0, 1)",TPPUFeature3Type,sEHFeature571Type
995,sEH_TPPU_System-0:1_HydrogenBond_995_InxClass,HydrogenBond,sEH_TPPU_System-0:1,"(0, 1)",TPPUFeature3Type,sEHFeature572Type
996,sEH_TPPU_System-0:1_HydrogenBond_996_InxClass,HydrogenBond,sEH_TPPU_System-0:1,"(0, 1)",TPPUFeature3Type,sEHFeature573Type
997,sEH_TPPU_System-0:1_HydrogenBond_997_InxClass,HydrogenBond,sEH_TPPU_System-0:1,"(0, 1)",TPPUFeature3Type,sEHFeature574Type
998,sEH_TPPU_System-0:1_HydrogenBond_998_InxClass,HydrogenBond,sEH_TPPU_System-0:1,"(0, 1)",TPPUFeature3Type,sEHFeature575Type
999,sEH_TPPU_System-0:1_HydrogenBond_999_InxClass,HydrogenBond,sEH_TPPU_System-0:1,"(0, 1)",TPPUFeature3Type,sEHFeature576Type
1000,sEH_TPPU_System-0:1_HydrogenBond_1000_InxClass,HydrogenBond,sEH_TPPU_System-0:1,"(0, 1)",TPPUFeature3Type,sEHFeature577Type
1001,sEH_TPPU_System-0:1_HydrogenBond_1001_InxClass,HydrogenBond,sEH_TPPU_System-0:1,"(0, 1)",TPPUFeature3Type,sEHFeature578Type
1002,sEH_TPPU_System-0:1_HydrogenBond_1002_InxClass,HydrogenBond,sEH_TPPU_System-0:1,"(0, 1)",TPPUFeature3Type,sEHFeature579Type
1003,sEH_TPPU_System-0:1_HydrogenBond_1003_InxClass,HydrogenBond,sEH_TPPU_System-0:1,"(0, 1)",TPPUFeature3Type,sEHFeature580Type
1004,sEH_TPPU_System-0:1_HydrogenBond_1004_InxClass,HydrogenBond,sEH_TPPU_System-0:1,"(0, 1)",TPPUFeature3Type,sEHFeature581Type
1005,sEH_TPPU_System-0:1_HydrogenBond_1005_InxClass,HydrogenBond,sEH_TPPU_System-0:1,"(0, 1)",TPPUFeature3Type,sEHFeature582Type
1006,sEH_TPPU_System-0:1_HydrogenBond_1006_InxClass,HydrogenBond,sEH_TPPU_System-0:1,"(0, 1)",TPPUFeature3Type,sEHFeature583Type
1007,sEH_TPPU_System-0:1_HydrogenBond_1007_InxClass,HydrogenBond,sEH_TPPU_System-0:1,"(0, 1)",TPPUFeature3Type,sEHFeature584Type
1008,sEH_TPPU_System-0:1_HydrogenBond_1008_InxClass,HydrogenBond,sEH_TPPU_System-0:1,"(0, 1)",TPPUFeature3Type,sEHFeature585Type
1009,sEH_TPPU_System-0:1_HydrogenBond_1009_InxClass,HydrogenBond,sEH_TPPU_System-0:1,"(0, 1)",TPPUFeature3Type,sEHFeature586Type
1010,sEH_TPPU_System-0:1_HydrogenBond_1010_InxClass,HydrogenBond,sEH_TPPU_System-0:1,"(0, 1)",TPPUFeature3Type,sEHFeature587Type
1011,sEH_TPPU_System-0:1_HydrogenBond_1011_InxClass,HydrogenBond,sEH_TPPU_System-0:1,"(0, 1)",TPPUFeature3Type,sEHFeature588Type
1012,sEH_TPPU_System-0:1_HydrogenBond_1012_InxClass,HydrogenBond,sEH_TPPU_System-0:1,"(0, 1)",TPPUFeature3Type,sEHFeature589Type
1013,sEH_TPPU_System-0:1_HydrogenBond_1013_InxClass,HydrogenBond,sEH_TPPU_System-0:1,"(0, 1)",TPPUFeature3Type,sEHFeature590Type
1014,sEH_TPPU_System-0:1_HydrogenBond_1014_InxClass,HydrogenBond,sEH_TPPU_System-0:1,"(0, 1)",TPPUFeature3Type,sEHFeature591Type
1015,sEH_TPPU_System-0:1_HydrogenBond_1015_InxClass,HydrogenBond,sEH_TPPU_System-0:1,"(0, 1)",TPPUFeature3Type,sEHFeature592Type
1016,sEH_TPPU_System-0:1_HydrogenBond_1016_InxClass,HydrogenBond,sEH_TPPU_System-0:1,"(0, 1)",TPPUFeature3Type,sEHFeature593Type
1017,sEH_TPPU_System-0:1_HydrogenBond_1017_InxClass,HydrogenBond,sEH_TPPU_System-0:1,"(0, 1)",TPPUFeature3Type,sEHFeature594Type
1018,sEH_TPPU_System-0:1_HydrogenBond_1018_InxClass,HydrogenBond,sEH_TPPU_System-0:1,"(0, 1)",TPPUFeature3Type,sEHFeature595Type
1019,sEH_TPPU_System-0:1_HydrogenBond_1019_InxClass,HydrogenBond,sEH_TPPU_System-0:1,"(0, 1)",TPPUFeature3Type,sEHFeature596Type
1020,sEH_TPPU_System-0:1_HydrogenBond_1020_InxClass,HydrogenBond,sEH_TPPU_System-0:1,"(0, 1)",TPPUFeature3Type,sEHFeature597Type
1021,sEH_TPPU_System-0:1_HydrogenBond_1021_InxClass,HydrogenBond,sEH_TPPU_System-0:1,"(0, 1)",TPPUFeature3Type,sEHFeature598Type
1022,sEH_TPPU_System-0:1_HydrogenBond_1022_InxClass,HydrogenBond,sEH_TPPU_System-0:1,"(0, 1)",TPPUFeature3Type,sEHFeature599Type
1023,sEH_TPPU_System-0:1_HydrogenBond_1023_InxClass,HydrogenBond,sEH_TPPU_System-0:1,"(0, 1)",TPPUFeature3Type,sEHFeature600Type
1024,sEH_TPPU_System-0:1_HydrogenBond_1024_InxClass,HydrogenBond,sEH_TPPU_System-0:1,"(0, 1)",TPPUFeature3Type,sEHFeature601Type
1025,sEH_TPPU_System-0:1_HydrogenBond_1025_InxClass,HydrogenBond,sEH_TPPU_System-0:1,"(0, 1)",TPPUFeature3Type,sEHFeature602Type
1026,sEH_TPPU_System-0:1_HydrogenBond_1026_InxClass,HydrogenBond,sEH_TPPU_System-0:1,"(0, 1)",TPPUFeature3Type,sEHFeature603Type
1027,sEH_TPPU_System-0:1_HydrogenBond_1027_InxClass,HydrogenBond,sEH_TPPU_System-0:1,"(0, 1)",TPPUFeature3Type,sEHFeature604Type
1028,sEH_TPPU_System-0:1_HydrogenBond_1028_InxClass,HydrogenBond,sEH_TPPU_System-0:1,"(0, 1)",TPPUFeature3Type,sEHFeature605Type
1029,sEH_TPPU_System-0:1_HydrogenBond_1029_InxClass,HydrogenBond,sEH_TPPU_System-0:1,"(0, 1)",TPPUFeature3Type,sEHFeature606Type
1030,sEH_TPPU_System-0:1_HydrogenBond_1030_InxClass,HydrogenBond,sEH_TPPU_System-0:1,"(0, 1)",TPPUFeature3Type,sEHFeature607Type
1031,sEH_TPPU_System-0:1_HydrogenBond_1031_InxClass,HydrogenBond,sEH_TPPU_System-0:1,"(0, 1)",TPPUFeature3Type,sEHFeature608Type
1032,sEH_TPPU_System-0:1_HydrogenBond_1032_InxClass,HydrogenBond,sEH_TPPU_System-0:1,"(0, 1)",TPPUFeature3Type,sEHFeature609Type
1033,sEH_TPPU_System-0:1_HydrogenBond_1033_InxClass,HydrogenBond,sEH_TPPU_System-0:1,"(0, 1)",TPPUFeature3Type,sEHFeature610Type
1034,sEH_TPPU_System-0:1_HydrogenBond_1034_InxClass,HydrogenBond,sEH_TPPU_System-0:1,"(0, 1)",TPPUFeature3Type,sEHFeature611Type
1035,sEH_TPPU_System-0:1_HydrogenBond_1035_InxClass,HydrogenBond,sEH_TPPU_System-0:1,"(0, 1)",TPPUFeature3Type,sEHFeature612Type
1036,sEH_TPPU_System-0:1_HydrogenBond_1036_InxClass,HydrogenBond,sEH_TPPU_System-0:1,"(0, 1)",TPPUFeature3Type,sEHFeature613Type
1037,sEH_TPPU_System-0:1_HydrogenBond_1037_InxClass,HydrogenBond,sEH_TPPU_System-0:1,"(0, 1)",TPPUFeature3Type,sEHFeature614Type
1038,sEH_TPPU_System-0:1_HydrogenBond_1038_InxClass,HydrogenBond,sEH_TPPU_System-0:1,"(0, 1)",TPPUFeature3Type,sEHFeature615Type
1039,sEH_TPPU_System-0:1_HydrogenBond_1039_InxClass,HydrogenBond,sEH_TPPU_System-0:1,"(0, 1)",TPPUFeature3Type,sEHFeature616Type
1040,sEH_TPPU_System-0:1_HydrogenBond_1040_InxClass,HydrogenBond,sEH_TPPU_System-0:1,"(0, 1)",TPPUFeature3Type,sEHFeature617Type
1041,sEH_TPPU_System-0:1_HydrogenBond_1041_InxClass,HydrogenBond,sEH_TPPU_System-0:1,"(0, 1)",TPPUFeature3Type,sEHFeature618Type
1042,sEH_TPPU_System-0:1_HydrogenBond_1042_InxClass,HydrogenBond,sEH_TPPU_System-0:1,"(0, 1)",TPPUFeature3Type,sEHFeature619Type
1043,sEH_TPPU_System-0:1_HydrogenBond_1043_InxClass,HydrogenBond,sEH_TPPU_System-0:1,"(0, 1)",TPPUFeature3Type,sEHFeature620Type
1044,sEH_TPPU_System-0:1_HydrogenBond_1044_InxClass,HydrogenBond,sEH_TPPU_System-0:1,"(0, 1)",TPPUFeature3Type,sEHFeature621Type
1045,sEH_TPPU_System-0:1_HydrogenBond_1045_InxClass,HydrogenBond,sEH_TPPU_System-0:1,"(0, 1)",TPPUFeature3Type,sEHFeature622Type
1046,sEH_TPPU_System-0:1_HydrogenBond_1046_InxClass,HydrogenBond,sEH_TPPU_System-0:1,"(0, 1)",TPPUFeature3Type,sEHFeature623Type
1047,sEH_TPPU_System-0:1_HydrogenBond_1047_InxClass,HydrogenBond,sEH_TPPU_System-0:1,"(0, 1)",TPPUFeature3Type,sEHFeature624Type
1048,sEH_TPPU_System-0:1_HydrogenBond_1048_InxClass,HydrogenBond,sEH_TPPU_System-0:1,"(0, 1)",TPPUFeature3Type,sEHFeature625Type
1049,sEH_TPPU_System-0:1_HydrogenBond_1049_InxClass,HydrogenBond,sEH_TPPU_System-0:1,"(0, 1)",TPPUFeature3Type,sEHFeature626Type
1050,sEH_TPPU_System-0:1_HydrogenBond_1050_InxClass,HydrogenBond,sEH_TPPU_System-0:1,"(0, 1)",TPPUFeature3Type,sEHFeature627Type
1051,sEH_TPPU_System-0:1_HydrogenBond_1051_InxClass,HydrogenBond,sEH_TPPU_System-0:1,"(0, 1)",TPPUFeature3Type,sEHFeature628Type
1052,sEH_TPPU_System-0:1_HydrogenBond_1052_InxClass,HydrogenBond,sEH_TPPU_System-0:1,"(0, 1)",TPPUFeature3Type,sEHFeature629Type
1053,sEH_TPPU_System-0:1_HydrogenBond_1053_InxClass,HydrogenBond,sEH_TPPU_System-0:1,"(0, 1)",TPPUFeature3Type,sEHFeature630Type
1054,sEH_TPPU_System-0:1_HydrogenBond_1054_InxClass,HydrogenBond,sEH_TPPU_System-0:1,"(0, 1)",TPPUFeature3Type,sEHFeature631Type
1055,sEH_TPPU_System-0:1_HydrogenBond_1055_InxClass,HydrogenBond,sEH_TPPU_System-0:1,"(0, 1)",TPPUFeature3Type,sEHFeature632Type
1056,sEH_TPPU_System-0:1_HydrogenBond_1056_InxClass,HydrogenBond,sEH_TPPU_System-0:1,"(0, 1)",TPPUFeature3Type,sEHFeature633Type
1057,sEH_TPPU_System-0:1_HydrogenBond_1057_InxClass,HydrogenBond,sEH_TPPU_System-0:1,"(0, 1)",TPPUFeature3Type,sEHFeature634Type
1058,sEH_TPPU_System-0:1_HydrogenBond_1058_InxClass,HydrogenBond,sEH_TPPU_System-0:1,"(0, 1)",TPPUFeature3Type,sEHFeature635Type
1059,sEH_TPPU_System-0:1_HydrogenBond_1059_InxClass,HydrogenBond,sEH_TPPU_System-0:1,"(0, 1)",TPPUFeature3Type,sEHFeature636Type
1060,sEH_TPPU_System-0:1_HydrogenBond_1060_InxClass,HydrogenBond,sEH_TPPU_System-0:1,"(0, 1)",TPPUFeature3Type,sEHFeature637Type
1061,sEH_TPPU_System-0:1_HydrogenBond_1061_InxClass,HydrogenBond,sEH_TPPU_System-0:1,"(0, 1)",TPPUFeature3Type,sEHFeature638Type
1062,sEH_TPPU_System-0:1_HydrogenBond_1062_InxClass,HydrogenBond,sEH_TPPU_System-0:1,"(0, 1)",TPPUFeature3Type,sEHFeature639Type
1063,sEH_TPPU_System-0:1_HydrogenBond_1063_InxClass,HydrogenBond,sEH_TPPU_System-0:1,"(0, 1)",TPPUFeature3Type,sEHFeature640Type
1064,sEH_TPPU_System-0:1_HydrogenBond_1064_InxClass,HydrogenBond,sEH_TPPU_System-0:1,"(0, 1)",TPPUFeature3Type,sEHFeature641Type
1065,sEH_TPPU_System-0:1_HydrogenBond_1065_InxClass,HydrogenBond,sEH_TPPU_System-0:1,"(0, 1)",TPPUFeature3Type,sEHFeature642Type
1066,sEH_TPPU_System-0:1_HydrogenBond_1066_InxClass,HydrogenBond,sEH_TPPU_System-0:1,"(0, 1)",TPPUFeature3Type,sEHFeature643Type
1067,sEH_TPPU_System-0:1_HydrogenBond_1067_InxClass,HydrogenBond,sEH_TPPU_System-0:1,"(0, 1)",TPPUFeature3Type,sEHFeature644Type
1068,sEH_TPPU_System-0:1_HydrogenBond_1068_InxClass,HydrogenBond,sEH_TPPU_System-0:1,"(0, 1)",TPPUFeature3Type,sEHFeature645Type
1069,sEH_TPPU_System-0:1_HydrogenBond_1069_InxClass,HydrogenBond,sEH_TPPU_System-0:1,"(0, 1)",TPPUFeature3Type,sEHFeature646Type
1070,sEH_TPPU_System-0:1_HydrogenBond_1070_InxClass,HydrogenBond,sEH_TPPU_System-0:1,"(0, 1)",TPPUFeature3Type,sEHFeature647Type
1071,sEH_TPPU_System-0:1_HydrogenBond_1071_InxClass,HydrogenBond,sEH_TPPU_System-0:1,"(0, 1)",TPPUFeature3Type,sEHFeature648Type
1072,sEH_TPPU_System-0:1_HydrogenBond_1072_InxClass,HydrogenBond,sEH_TPPU_System-0:1,"(0, 1)",TPPUFeature3Type,sEHFeature649Type
1073,sEH_TPPU_System-0:1_HydrogenBond_1073_InxClass,HydrogenBond,sEH_TPPU_System-0:1,"(0, 1)",TPPUFeature3Type,sEHFeature650Type
1074,sEH_TPPU_System-0:1_HydrogenBond_1074_InxClass,HydrogenBond,sEH_TPPU_System-0:1,"(0, 1)",TPPUFeature3Type,sEHFeature651Type
1075,sEH_TPPU_System-0:1_HydrogenBond_1075_InxClass,HydrogenBond,sEH_TPPU_System-0:1,"(0, 1)",TPPUFeature3Type,sEHFeature652Type
1076,sEH_TPPU_System-0:1_HydrogenBond_1076_InxClass,HydrogenBond,sEH_TPPU_System-0:1,"(0, 1)",TPPUFeature3Type,sEHFeature653Type
1077,sEH_TPPU_System-0:1_HydrogenBond_1077_InxClass,HydrogenBond,sEH_TPPU_System-0:1,"(0, 1)",TPPUFeature3Type,sEHFeature654Type
1078,sEH_TPPU_System-0:1_HydrogenBond_1078_InxClass,HydrogenBond,sEH_TPPU_System-0:1,"(0, 1)",TPPUFeature3Type,sEHFeature655Type
1079,sEH_TPPU_System-0:1_HydrogenBond_1079_InxClass,HydrogenBond,sEH_TPPU_System-0:1,"(0, 1)",TPPUFeature3Type,sEHFeature656Type
1080,sEH_TPPU_System-0:1_HydrogenBond_1080_InxClass,HydrogenBond,sEH_TPPU_System-0:1,"(0, 1)",TPPUFeature3Type,sEHFeature657Type
1081,sEH_TPPU_System-0:1_HydrogenBond_1081_InxClass,HydrogenBond,sEH_TPPU_System-0:1,"(0, 1)",TPPUFeature3Type,sEHFeature658Type
1082,sEH_TPPU_System-0:1_HydrogenBond_1082_InxClass,HydrogenBond,sEH_TPPU_System-0:1,"(0, 1)",TPPUFeature3Type,sEHFeature659Type
1083,sEH_TPPU_System-0:1_HydrogenBond_1083_InxClass,HydrogenBond,sEH_TPPU_System-0:1,"(0, 1)",TPPUFeature3Type,sEHFeature660Type
1084,sEH_TPPU_System-0:1_HydrogenBond_1084_InxClass,HydrogenBond,sEH_TPPU_System-0:1,"(0, 1)",TPPUFeature3Type,sEHFeature661Type
1085,sEH_TPPU_System-0:1_HydrogenBond_1085_InxClass,HydrogenBond,sEH_TPPU_System-0:1,"(0, 1)",TPPUFeature3Type,sEHFeature662Type
1086,sEH_TPPU_System-0:1_HydrogenBond_1086_InxClass,HydrogenBond,sEH_TPPU_System-0:1,"(0, 1)",TPPUFeature3Type,sEHFeature663Type
1087,sEH_TPPU_System-0:1_HydrogenBond_1087_InxClass,HydrogenBond,sEH_TPPU_System-0:1,"(0, 1)",TPPUFeature3Type,sEHFeature664Type
1088,sEH_TPPU_System-0:1_HydrogenBond_1088_InxClass,HydrogenBond,sEH_TPPU_System-0:1,"(0, 1)",TPPUFeature3Type,sEHFeature665Type
1089,sEH_TPPU_System-0:1_HydrogenBond_1089_InxClass,HydrogenBond,sEH_TPPU_System-0:1,"(0, 1)",TPPUFeature3Type,sEHFeature666Type
1090,sEH_TPPU_System-0:1_HydrogenBond_1090_InxClass,HydrogenBond,sEH_TPPU_System-0:1,"(0, 1)",TPPUFeature3Type,sEHFeature667Type
1091,sEH_TPPU_System-0:1_HydrogenBond_1091_InxClass,HydrogenBond,sEH_TPPU_System-0:1,"(0, 1)",TPPUFeature3Type,sEHFeature668Type
1092,sEH_TPPU_System-0:1_HydrogenBond_1092_InxClass,HydrogenBond,sEH_TPPU_System-0:1,"(0, 1)",TPPUFeature3Type,sEHFeature669Type
1093,sEH_TPPU_System-0:1_HydrogenBond_1093_InxClass,HydrogenBond,sEH_TPPU_System-0:1,"(0, 1)",TPPUFeature3Type,sEHFeature670Type
1094,sEH_TPPU_System-0:1_HydrogenBond_1094_InxClass,HydrogenBond,sEH_TPPU_System-0:1,"(0, 1)",TPPUFeature3Type,sEHFeature671Type
1095,sEH_TPPU_System-0:1_HydrogenBond_1095_InxClass,HydrogenBond,sEH_TPPU_System-0:1,"(0, 1)",TPPUFeature3Type,sEHFeature672Type
1096,sEH_TPPU_System-0:1_HydrogenBond_1096_InxClass,HydrogenBond,sEH_TPPU_System-0:1,"(0, 1)",TPPUFeature3Type,sEHFeature673Type
1097,sEH_TPPU_System-0:1_HydrogenBond_1097_InxClass,HydrogenBond,sEH_TPPU_System-0:1,"(0, 1)",TPPUFeature3Type,sEHFeature674Type
1098,sEH_TPPU_System-0:1_HydrogenBond_1098_InxClass,HydrogenBond,sEH_TPPU_System-0:1,"(0, 1)",TPPUFeature3Type,sEHFeature675Type
1099,sEH_TPPU_System-0:1_HydrogenBond_1099_InxClass,HydrogenBond,sEH_TPPU_System-0:1,"(0, 1)",TPPUFeature3Type,sEHFeature676Type
1100,sEH_TPPU_System-0:1_HydrogenBond_1100_InxClass,HydrogenBond,sEH_TPPU_System-0:1,"(0, 1)",TPPUFeature3Type,sEHFeature677Type
1101,sEH_TPPU_System-0:1_HydrogenBond_1101_InxClass,HydrogenBond,sEH_TPPU_System-0:1,"(0, 1)",TPPUFeature3Type,sEHFeature678Type
1102,sEH_TPPU_System-0:1_HydrogenBond_1102_InxClass,HydrogenBond,sEH_TPPU_System-0:1,"(0, 1)",TPPUFeature3Type,sEHFeature679Type
1103,sEH_TPPU_System-0:1_HydrogenBond_1103_InxClass,HydrogenBond,sEH_TPPU_System-0:1,"(0, 1)",TPPUFeature3Type,sEHFeature680Type
1104,sEH_TPPU_System-0:1_HydrogenBond_1104_InxClass,HydrogenBond,sEH_TPPU_System-0:1,"(0, 1)",TPPUFeature3Type,sEHFeature681Type
1105,sEH_TPPU_System-0:1_HydrogenBond_1105_InxClass,HydrogenBond,sEH_TPPU_System-0:1,"(0, 1)",TPPUFeature3Type,sEHFeature682Type
1106,sEH_TPPU_System-0:1_HydrogenBond_1106_InxClass,HydrogenBond,sEH_TPPU_System-0:1,"(0, 1)",TPPUFeature3Type,sEHFeature683Type
1107,sEH_TPPU_System-0:1_HydrogenBond_1107_InxClass,HydrogenBond,sEH_TPPU_System-0:1,"(0, 1)",TPPUFeature3Type,sEHFeature684Type
1108,sEH_TPPU_System-0:1_HydrogenBond_1108_InxClass,HydrogenBond,sEH_TPPU_System-0:1,"(0, 1)",TPPUFeature3Type,sEHFeature685Type
1109,sEH_TPPU_System-0:1_HydrogenBond_1109_InxClass,HydrogenBond,sEH_TPPU_System-0:1,"(0, 1)",TPPUFeature3Type,sEHFeature686Type
1110,sEH_TPPU_System-0:1_HydrogenBond_1110_InxClass,HydrogenBond,sEH_TPPU_System-0:1,"(0, 1)",TPPUFeature3Type,sEHFeature687Type
1111,sEH_TPPU_System-0:1_HydrogenBond_1111_InxClass,HydrogenBond,sEH_TPPU_System-0:1,"(0, 1)",TPPUFeature3Type,sEHFeature688Type
1112,sEH_TPPU_System-0:1_HydrogenBond_1112_InxClass,HydrogenBond,sEH_TPPU_System-0:1,"(0, 1)",TPPUFeature3Type,sEHFeature689Type
1113,sEH_TPPU_System-0:1_HydrogenBond_1113_InxClass,HydrogenBond,sEH_TPPU_System-0:1,"(0, 1)",TPPUFeature3Type,sEHFeature690Type
1114,sEH_TPPU_System-0:1_HydrogenBond_1114_InxClass,HydrogenBond,sEH_TPPU_System-0:1,"(0, 1)",TPPUFeature3Type,sEHFeature691Type
1115,sEH_TPPU_System-0:1_HydrogenBond_1115_InxClass,HydrogenBond,sEH_TPPU_System-0:1,"(0, 1)",TPPUFeature3Type,sEHFeature692Type
1116,sEH_TPPU_System-0:1_HydrogenBond_1116_InxClass,HydrogenBond,sEH_TPPU_System-0:1,"(0, 1)",TPPUFeature3Type,sEHFeature693Type
1117,sEH_TPPU_System-0:1_HydrogenBond_1117_InxClass,HydrogenBond,sEH_TPPU_System-0:1,"(0, 1)",TPPUFeature3Type,sEHFeature694Type
1118,sEH_TPPU_System-0:1_HydrogenBond_1118_InxClass,HydrogenBond,sEH_TPPU_System-0:1,"(0, 1)",TPPUFeature3Type,sEHFeature695Type
1119,sEH_TPPU_System-0:1_HydrogenBond_1119_InxClass,HydrogenBond,sEH_TPPU_System-0:1,"(0, 1)",TPPUFeature3Type,sEHFeature696Type
1120,sEH_TPPU_System-0:1_HydrogenBond_1120_InxClass,HydrogenBond,sEH_TPPU_System-0:1,"(0, 1)",TPPUFeature3Type,sEHFeature697Type
1121,sEH_TPPU_System-0:1_HydrogenBond_1121_InxClass,HydrogenBond,sEH_TPPU_System-0:1,"(0, 1)",TPPUFeature3Type,sEHFeature698Type
1122,sEH_TPPU_System-0:1_HydrogenBond_1122_InxClass,HydrogenBond,sEH_TPPU_System-0:1,"(0, 1)",TPPUFeature3Type,sEHFeature699Type
1123,sEH_TPPU_System-0:1_HydrogenBond_1123_InxClass,HydrogenBond,sEH_TPPU_System-0:1,"(0, 1)",TPPUFeature3Type,sEHFeature700Type
1124,sEH_TPPU_System-0:1_HydrogenBond_1124_InxClass,HydrogenBond,sEH_TPPU_System-0:1,"(0, 1)",TPPUFeature3Type,sEHFeature701Type
1125,sEH_TPPU_System-0:1_HydrogenBond_1125_InxClass,HydrogenBond,sEH_TPPU_System-0:1,"(0, 1)",TPPUFeature3Type,sEHFeature702Type
1126,sEH_TPPU_System-0:1_HydrogenBond_1126_InxClass,HydrogenBond,sEH_TPPU_System-0:1,"(0, 1)",TPPUFeature3Type,sEHFeature703Type
1127,sEH_TPPU_System-0:1_HydrogenBond_1127_InxClass,HydrogenBond,sEH_TPPU_System-0:1,"(0, 1)",TPPUFeature3Type,sEHFeature704Type
1128,sEH_TPPU_System-0:1_HydrogenBond_1128_InxClass,HydrogenBond,sEH_TPPU_System-0:1,"(0, 1)",TPPUFeature3Type,sEHFeature705Type
1129,sEH_TPPU_System-0:1_HydrogenBond_1129_InxClass,HydrogenBond,sEH_TPPU_System-0:1,"(0, 1)",TPPUFeature3Type,sEHFeature706Type
1130,sEH_TPPU_System-0:1_HydrogenBond_1130_InxClass,HydrogenBond,sEH_TPPU_System-0:1,"(0, 1)",TPPUFeature3Type,sEHFeature707Type
1131,sEH_TPPU_System-0:1_HydrogenBond_1131_InxClass,HydrogenBond,sEH_TPPU_System-0:1,"(0, 1)",TPPUFeature3Type,sEHFeature708Type
1132,sEH_TPPU_System-0:1_HydrogenBond_1132_InxClass,HydrogenBond,sEH_TPPU_System-0:1,"(0, 1)",TPPUFeature3Type,sEHFeature709Type
1133,sEH_TPPU_System-0:1_HydrogenBond_1133_InxClass,HydrogenBond,sEH_TPPU_System-0:1,"(0, 1)",TPPUFeature3Type,sEHFeature710Type
1134,sEH_TPPU_System-0:1_HydrogenBond_1134_InxClass,HydrogenBond,sEH_TPPU_System-0:1,"(0, 1)",TPPUFeature3Type,sEHFeature711Type
1135,sEH_TPPU_System-0:1_HydrogenBond_1135_InxClass,HydrogenBond,sEH_TPPU_System-0:1,"(0, 1)",TPPUFeature3Type,sEHFeature712Type
1136,sEH_TPPU_System-0:1_HydrogenBond_1136_InxClass,HydrogenBond,sEH_TPPU_System-0:1,"(0, 1)",TPPUFeature3Type,sEHFeature713Type
1137,sEH_TPPU_System-0:1_HydrogenBond_1137_InxClass,HydrogenBond,sEH_TPPU_System-0:1,"(0, 1)",TPPUFeature3Type,sEHFeature714Type
1138,sEH_TPPU_System-0:1_HydrogenBond_1138_InxClass,HydrogenBond,sEH_TPPU_System-0:1,"(0, 1)",TPPUFeature3Type,sEHFeature715Type
1139,sEH_TPPU_System-0:1_HydrogenBond_1139_InxClass,HydrogenBond,sEH_TPPU_System-0:1,"(0, 1)",TPPUFeature3Type,sEHFeature716Type
1140,sEH_TPPU_System-0:1_HydrogenBond_1140_InxClass,HydrogenBond,sEH_TPPU_System-0:1,"(0, 1)",TPPUFeature3Type,sEHFeature717Type
1141,sEH_TPPU_System-0:1_HydrogenBond_1141_InxClass,HydrogenBond,sEH_TPPU_System-0:1,"(0, 1)",TPPUFeature3Type,sEHFeature718Type
1142,sEH_TPPU_System-0:1_HydrogenBond_1142_InxClass,HydrogenBond,sEH_TPPU_System-0:1,"(0, 1)",TPPUFeature3Type,sEHFeature719Type
1143,sEH_TPPU_System-0:1_HydrogenBond_1143_InxClass,HydrogenBond,sEH_TPPU_System-0:1,"(0, 1)",TPPUFeature3Type,sEHFeature720Type
1144,sEH_TPPU_System-0:1_HydrogenBond_1144_InxClass,HydrogenBond,sEH_TPPU_System-0:1,"(0, 1)",TPPUFeature3Type,sEHFeature721Type
1145,sEH_TPPU_System-0:1_HydrogenBond_1145_InxClass,HydrogenBond,sEH_TPPU_System-0:1,"(0, 1)",TPPUFeature3Type,sEHFeature722Type
1146,sEH_TPPU_System-0:1_HydrogenBond_1146_InxClass,HydrogenBond,sEH_TPPU_System-0:1,"(0, 1)",TPPUFeature3Type,sEHFeature723Type
1147,sEH_TPPU_System-0:1_HydrogenBond_1147_InxClass,HydrogenBond,sEH_TPPU_System-0:1,"(0, 1)",TPPUFeature3Type,sEHFeature724Type
1148,sEH_TPPU_System-0:1_HydrogenBond_1148_InxClass,HydrogenBond,sEH_TPPU_System-0:1,"(0, 1)",TPPUFeature3Type,sEHFeature725Type
1149,sEH_TPPU_System-0:1_HydrogenBond_1149_InxClass,HydrogenBond,sEH_TPPU_System-0:1,"(0, 1)",TPPUFeature3Type,sEHFeature726Type
1150,sEH_TPPU_System-0:1_HydrogenBond_1150_InxClass,HydrogenBond,sEH_TPPU_System-0:1,"(0, 1)",TPPUFeature3Type,sEHFeature727Type
1151,sEH_TPPU_System-0:1_HydrogenBond_1151_InxClass,HydrogenBond,sEH_TPPU_System-0:1,"(0, 1)",TPPUFeature3Type,sEHFeature728Type
1152,sEH_TPPU_System-0:1_HydrogenBond_1152_InxClass,HydrogenBond,sEH_TPPU_System-0:1,"(0, 1)",TPPUFeature3Type,sEHFeature729Type
1153,sEH_TPPU_System-0:1_HydrogenBond_1153_InxClass,HydrogenBond,sEH_TPPU_System-0:1,"(0, 1)",TPPUFeature3Type,sEHFeature730Type
1154,sEH_TPPU_System-0:1_HydrogenBond_1154_InxClass,HydrogenBond,sEH_TPPU_System-0:1,"(0, 1)",TPPUFeature3Type,sEHFeature731Type
1155,sEH_TPPU_System-0:1_HydrogenBond_1155_InxClass,HydrogenBond,sEH_TPPU_System-0:1,"(0, 1)",TPPUFeature3Type,sEHFeature732Type
1156,sEH_TPPU_System-0:1_HydrogenBond_1156_InxClass,HydrogenBond,sEH_TPPU_System-0:1,"(0, 1)",TPPUFeature3Type,sEHFeature733Type
1157,sEH_TPPU_System-0:1_HydrogenBond_1157_InxClass,HydrogenBond,sEH_TPPU_System-0:1,"(0, 1)",TPPUFeature3Type,sEHFeature734Type
1158,sEH_TPPU_System-0:1_HydrogenBond_1158_InxClass,HydrogenBond,sEH_TPPU_System-0:1,"(0, 1)",TPPUFeature3Type,sEHFeature735Type
1159,sEH_TPPU_System-0:1_HydrogenBond_1159_InxClass,HydrogenBond,sEH_TPPU_System-0:1,"(0, 1)",TPPUFeature3Type,sEHFeature736Type
1160,sEH_TPPU_System-0:1_HydrogenBond_1160_InxClass,HydrogenBond,sEH_TPPU_System-0:1,"(0, 1)",TPPUFeature3Type,sEHFeature737Type
1161,sEH_TPPU_System-0:1_HydrogenBond_1161_InxClass,HydrogenBond,sEH_TPPU_System-0:1,"(0, 1)",TPPUFeature3Type,sEHFeature738Type
1162,sEH_TPPU_System-0:1_HydrogenBond_1162_InxClass,HydrogenBond,sEH_TPPU_System-0:1,"(0, 1)",TPPUFeature3Type,sEHFeature739Type
1163,sEH_TPPU_System-0:1_HydrogenBond_1163_InxClass,HydrogenBond,sEH_TPPU_System-0:1,"(0, 1)",TPPUFeature3Type,sEHFeature740Type
1164,sEH_TPPU_System-0:1_HydrogenBond_1164_InxClass,HydrogenBond,sEH_TPPU_System-0:1,"(0, 1)",TPPUFeature3Type,sEHFeature741Type
1165,sEH_TPPU_System-0:1_HydrogenBond_1165_InxClass,HydrogenBond,sEH_TPPU_System-0:1,"(0, 1)",TPPUFeature3Type,sEHFeature742Type
1166,sEH_TPPU_System-0:1_HydrogenBond_1166_InxClass,HydrogenBond,sEH_TPPU_System-0:1,"(0, 1)",TPPUFeature3Type,sEHFeature743Type
1167,sEH_TPPU_System-0:1_HydrogenBond_1167_InxClass,HydrogenBond,sEH_TPPU_System-0:1,"(0, 1)",TPPUFeature3Type,sEHFeature744Type
1168,sEH_TPPU_System-0:1_HydrogenBond_1168_InxClass,HydrogenBond,sEH_TPPU_System-0:1,"(0, 1)",TPPUFeature3Type,sEHFeature745Type
1169,sEH_TPPU_System-0:1_HydrogenBond_1169_InxClass,HydrogenBond,sEH_TPPU_System-0:1,"(0, 1)",TPPUFeature3Type,sEHFeature746Type
1170,sEH_TPPU_System-0:1_HydrogenBond_1170_InxClass,HydrogenBond,sEH_TPPU_System-0:1,"(0, 1)",TPPUFeature3Type,sEHFeature747Type
1171,sEH_TPPU_System-0:1_HydrogenBond_1171_InxClass,HydrogenBond,sEH_TPPU_System-0:1,"(0, 1)",TPPUFeature3Type,sEHFeature748Type
1172,sEH_TPPU_System-0:1_HydrogenBond_1172_InxClass,HydrogenBond,sEH_TPPU_System-0:1,"(0, 1)",TPPUFeature3Type,sEHFeature749Type
1173,sEH_TPPU_System-0:1_HydrogenBond_1173_InxClass,HydrogenBond,sEH_TPPU_System-0:1,"(0, 1)",TPPUFeature3Type,sEHFeature750Type
1174,sEH_TPPU_System-0:1_HydrogenBond_1174_InxClass,HydrogenBond,sEH_TPPU_System-0:1,"(0, 1)",TPPUFeature3Type,sEHFeature751Type
1175,sEH_TPPU_System-0:1_HydrogenBond_1175_InxClass,HydrogenBond,sEH_TPPU_System-0:1,"(0, 1)",TPPUFeature3Type,sEHFeature752Type
1176,sEH_TPPU_System-0:1_HydrogenBond_1176_InxClass,HydrogenBond,sEH_TPPU_System-0:1,"(0, 1)",TPPUFeature3Type,sEHFeature753Type
1177,sEH_TPPU_System-0:1_HydrogenBond_1177_InxClass,HydrogenBond,sEH_TPPU_System-0:1,"(0, 1)",TPPUFeature3Type,sEHFeature754Type
1178,sEH_TPPU_System-0:1_HydrogenBond_1178_InxClass,HydrogenBond,sEH_TPPU_System-0:1,"(0, 1)",TPPUFeature3Type,sEHFeature755Type
1179,sEH_TPPU_System-0:1_HydrogenBond_1179_InxClass,HydrogenBond,sEH_TPPU_System-0:1,"(0, 1)",TPPUFeature3Type,sEHFeature756Type
1180,sEH_TPPU_System-0:1_HydrogenBond_1180_InxClass,HydrogenBond,sEH_TPPU_System-0:1,"(0, 1)",TPPUFeature3Type,sEHFeature757Type
1181,sEH_TPPU_System-0:1_HydrogenBond_1181_InxClass,HydrogenBond,sEH_TPPU_System-0:1,"(0, 1)",TPPUFeature3Type,sEHFeature758Type
1182,sEH_TPPU_System-0:1_HydrogenBond_1182_InxClass,HydrogenBond,sEH_TPPU_System-0:1,"(0, 1)",TPPUFeature3Type,sEHFeature759Type
1183,sEH_TPPU_System-0:1_HydrogenBond_1183_InxClass,HydrogenBond,sEH_TPPU_System-0:1,"(0, 1)",TPPUFeature3Type,sEHFeature760Type
1184,sEH_TPPU_System-0:1_HydrogenBond_1184_InxClass,HydrogenBond,sEH_TPPU_System-0:1,"(0, 1)",TPPUFeature3Type,sEHFeature761Type
1185,sEH_TPPU_System-0:1_HydrogenBond_1185_InxClass,HydrogenBond,sEH_TPPU_System-0:1,"(0, 1)",TPPUFeature3Type,sEHFeature762Type
1186,sEH_TPPU_System-0:1_HydrogenBond_1186_InxClass,HydrogenBond,sEH_TPPU_System-0:1,"(0, 1)",TPPUFeature3Type,sEHFeature763Type
1187,sEH_TPPU_System-0:1_HydrogenBond_1187_InxClass,HydrogenBond,sEH_TPPU_System-0:1,"(0, 1)",TPPUFeature3Type,sEHFeature764Type
1188,sEH_TPPU_System-0:1_HydrogenBond_1188_InxClass,HydrogenBond,sEH_TPPU_System-0:1,"(0, 1)",TPPUFeature3Type,sEHFeature765Type
1189,sEH_TPPU_System-0:1_HydrogenBond_1189_InxClass,HydrogenBond,sEH_TPPU_System-0:1,"(0, 1)",TPPUFeature3Type,sEHFeature766Type
1190,sEH_TPPU_System-0:1_HydrogenBond_1190_InxClass,HydrogenBond,sEH_TPPU_System-0:1,"(0, 1)",TPPUFeature3Type,sEHFeature767Type
1191,sEH_TPPU_System-0:1_HydrogenBond_1191_InxClass,HydrogenBond,sEH_TPPU_System-0:1,"(0, 1)",TPPUFeature3Type,sEHFeature768Type
1192,sEH_TPPU_System-0:1_HydrogenBond_1192_InxClass,HydrogenBond,sEH_TPPU_System-0:1,"(0, 1)",TPPUFeature3Type,sEHFeature769Type
1193,sEH_TPPU_System-0:1_HydrogenBond_1193_InxClass,HydrogenBond,sEH_TPPU_System-0:1,"(0, 1)",TPPUFeature3Type,sEHFeature770Type
1194,sEH_TPPU_System-0:1_HydrogenBond_1194_InxClass,HydrogenBond,sEH_TPPU_System-0:1,"(0, 1)",TPPUFeature3Type,sEHFeature771Type
1195,sEH_TPPU_System-0:1_HydrogenBond_1195_InxClass,HydrogenBond,sEH_TPPU_System-0:1,"(0, 1)",TPPUFeature3Type,sEHFeature772Type
1196,sEH_TPPU_System-0:1_HydrogenBond_1196_InxClass,HydrogenBond,sEH_TPPU_System-0:1,"(0, 1)",TPPUFeature3Type,sEHFeature773Type
1197,sEH_TPPU_System-0:1_HydrogenBond_1197_InxClass,HydrogenBond,sEH_TPPU_System-0:1,"(0, 1)",TPPUFeature3Type,sEHFeature774Type
1198,sEH_TPPU_System-0:1_HydrogenBond_1198_InxClass,HydrogenBond,sEH_TPPU_System-0:1,"(0, 1)",TPPUFeature3Type,sEHFeature775Type
1199,sEH_TPPU_System-0:1_HydrogenBond_1199_InxClass,HydrogenBond,sEH_TPPU_System-0:1,"(0, 1)",TPPUFeature3Type,sEHFeature776Type
1200,sEH_TPPU_System-0:1_HydrogenBond_1200_InxClass,HydrogenBond,sEH_TPPU_System-0:1,"(0, 1)",TPPUFeature3Type,sEHFeature777Type
1201,sEH_TPPU_System-0:1_HydrogenBond_1201_InxClass,HydrogenBond,sEH_TPPU_System-0:1,"(0, 1)",TPPUFeature3Type,sEHFeature778Type
1202,sEH_TPPU_System-0:1_HydrogenBond_1202_InxClass,HydrogenBond,sEH_TPPU_System-0:1,"(0, 1)",TPPUFeature3Type,sEHFeature779Type
1203,sEH_TPPU_System-0:1_HydrogenBond_1203_InxClass,HydrogenBond,sEH_TPPU_System-0:1,"(0, 1)",TPPUFeature3Type,sEHFeature780Type
1204,sEH_TPPU_System-0:1_HydrogenBond_1204_InxClass,HydrogenBond,sEH_TPPU_System-0:1,"(0, 1)",TPPUFeature3Type,sEHFeature781Type
1205,sEH_TPPU_System-0:1_HydrogenBond_1205_InxClass,HydrogenBond,sEH_TPPU_System-0:1,"(0, 1)",TPPUFeature3Type,sEHFeature782Type
1206,sEH_TPPU_System-0:1_HydrogenBond_1206_InxClass,HydrogenBond,sEH_TPPU_System-0:1,"(0, 1)",TPPUFeature3Type,sEHFeature783Type
1207,sEH_TPPU_System-0:1_HydrogenBond_1207_InxClass,HydrogenBond,sEH_TPPU_System-0:1,"(0, 1)",TPPUFeature3Type,sEHFeature784Type
1208,sEH_TPPU_System-0:1_HydrogenBond_1208_InxClass,HydrogenBond,sEH_TPPU_System-0:1,"(0, 1)",TPPUFeature3Type,sEHFeature785Type
1209,sEH_TPPU_System-0:1_HydrogenBond_1209_InxClass,HydrogenBond,sEH_TPPU_System-0:1,"(0, 1)",TPPUFeature3Type,sEHFeature786Type
1210,sEH_TPPU_System-0:1_HydrogenBond_1210_InxClass,HydrogenBond,sEH_TPPU_System-0:1,"(0, 1)",TPPUFeature3Type,sEHFeature787Type
1211,sEH_TPPU_System-0:1_HydrogenBond_1211_InxClass,HydrogenBond,sEH_TPPU_System-0:1,"(0, 1)",TPPUFeature3Type,sEHFeature788Type
1212,sEH_TPPU_System-0:1_HydrogenBond_1212_InxClass,HydrogenBond,sEH_TPPU_System-0:1,"(0, 1)",TPPUFeature3Type,sEHFeature789Type
1213,sEH_TPPU_System-0:1_HydrogenBond_1213_InxClass,HydrogenBond,sEH_TPPU_System-0:1,"(0, 1)",TPPUFeature3Type,sEHFeature790Type
1214,sEH_TPPU_System-0:1_HydrogenBond_1214_InxClass,HydrogenBond,sEH_TPPU_System-0:1,"(0, 1)",TPPUFeature3Type,sEHFeature791Type
1215,sEH_TPPU_System-0:1_HydrogenBond_1215_InxClass,HydrogenBond,sEH_TPPU_System-0:1,"(0, 1)",TPPUFeature3Type,sEHFeature792Type
1216,sEH_TPPU_System-0:1_HydrogenBond_1216_InxClass,HydrogenBond,sEH_TPPU_System-0:1,"(0, 1)",TPPUFeature3Type,sEHFeature793Type
1217,sEH_TPPU_System-0:1_HydrogenBond_1217_InxClass,HydrogenBond,sEH_TPPU_System-0:1,"(0, 1)",TPPUFeature3Type,sEHFeature794Type
1218,sEH_TPPU_System-0:1_HydrogenBond_1218_InxClass,HydrogenBond,sEH_TPPU_System-0:1,"(0, 1)",TPPUFeature3Type,sEHFeature795Type
1219,sEH_TPPU_System-0:1_HydrogenBond_1219_InxClass,HydrogenBond,sEH_TPPU_System-0:1,"(0, 1)",TPPUFeature3Type,sEHFeature796Type
1220,sEH_TPPU_System-0:1_HydrogenBond_1220_InxClass,HydrogenBond,sEH_TPPU_System-0:1,"(0, 1)",TPPUFeature3Type,sEHFeature797Type
1221,sEH_TPPU_System-0:1_HydrogenBond_1221_InxClass,HydrogenBond,sEH_TPPU_System-0:1,"(0, 1)",TPPUFeature3Type,sEHFeature798Type
1222,sEH_TPPU_System-0:1_HydrogenBond_1222_InxClass,HydrogenBond,sEH_TPPU_System-0:1,"(0, 1)",TPPUFeature3Type,sEHFeature799Type
1223,sEH_TPPU_System-0:1_HydrogenBond_1223_InxClass,HydrogenBond,sEH_TPPU_System-0:1,"(0, 1)",TPPUFeature3Type,sEHFeature800Type
1224,sEH_TPPU_System-0:1_HydrogenBond_1224_InxClass,HydrogenBond,sEH_TPPU_System-0:1,"(0, 1)",TPPUFeature3Type,sEHFeature801Type
1225,sEH_TPPU_System-0:1_HydrogenBond_1225_InxClass,HydrogenBond,sEH_TPPU_System-0:1,"(0, 1)",TPPUFeature3Type,sEHFeature802Type
1226,sEH_TPPU_System-0:1_HydrogenBond_1226_InxClass,HydrogenBond,sEH_TPPU_System-0:1,"(0, 1)",TPPUFeature3Type,sEHFeature803Type
1227,sEH_TPPU_System-0:1_HydrogenBond_1227_InxClass,HydrogenBond,sEH_TPPU_System-0:1,"(0, 1)",TPPUFeature3Type,sEHFeature804Type
1228,sEH_TPPU_System-0:1_HydrogenBond_1228_InxClass,HydrogenBond,sEH_TPPU_System-0:1,"(0, 1)",TPPUFeature3Type,sEHFeature805Type
1229,sEH_TPPU_System-0:1_HydrogenBond_1229_InxClass,HydrogenBond,sEH_TPPU_System-0:1,"(0, 1)",TPPUFeature3Type,sEHFeature806Type
1230,sEH_TPPU_System-0:1_HydrogenBond_1230_InxClass,HydrogenBond,sEH_TPPU_System-0:1,"(0, 1)",TPPUFeature3Type,sEHFeature807Type
1231,sEH_TPPU_System-0:1_HydrogenBond_1231_InxClass,HydrogenBond,sEH_TPPU_System-0:1,"(0, 1)",TPPUFeature3Type,sEHFeature808Type
1232,sEH_TPPU_System-0:1_HydrogenBond_1232_InxClass,HydrogenBond,sEH_TPPU_System-0:1,"(0, 1)",TPPUFeature3Type,sEHFeature809Type
1233,sEH_TPPU_System-0:1_HydrogenBond_1233_InxClass,HydrogenBond,sEH_TPPU_System-0:1,"(0, 1)",TPPUFeature3Type,sEHFeature810Type
1234,sEH_TPPU_System-0:1_HydrogenBond_1234_InxClass,HydrogenBond,sEH_TPPU_System-0:1,"(0, 1)",TPPUFeature3Type,sEHFeature811Type
1235,sEH_TPPU_System-0:1_HydrogenBond_1235_InxClass,HydrogenBond,sEH_TPPU_System-0:1,"(0, 1)",TPPUFeature3Type,sEHFeature812Type
1236,sEH_TPPU_System-0:1_HydrogenBond_1236_InxClass,HydrogenBond,sEH_TPPU_System-0:1,"(0, 1)",TPPUFeature3Type,sEHFeature813Type
1237,sEH_TPPU_System-0:1_HydrogenBond_1237_InxClass,HydrogenBond,sEH_TPPU_System-0:1,"(0, 1)",TPPUFeature3Type,sEHFeature814Type
1238,sEH_TPPU_System-0:1_HydrogenBond_1238_InxClass,HydrogenBond,sEH_TPPU_System-0:1,"(0, 1)",TPPUFeature3Type,sEHFeature815Type
1239,sEH_TPPU_System-0:1_HydrogenBond_1239_InxClass,HydrogenBond,sEH_TPPU_System-0:1,"(0, 1)",TPPUFeature3Type,sEHFeature816Type
1240,sEH_TPPU_System-0:1_HydrogenBond_1240_InxClass,HydrogenBond,sEH_TPPU_System-0:1,"(0, 1)",TPPUFeature3Type,sEHFeature817Type
1241,sEH_TPPU_System-0:1_HydrogenBond_1241_InxClass,HydrogenBond,sEH_TPPU_System-0:1,"(0, 1)",TPPUFeature3Type,sEHFeature818Type
1242,sEH_TPPU_System-0:1_HydrogenBond_1242_InxClass,HydrogenBond,sEH_TPPU_System-0:1,"(0, 1)",TPPUFeature3Type,sEHFeature819Type
1243,sEH_TPPU_System-0:1_HydrogenBond_1243_InxClass,HydrogenBond,sEH_TPPU_System-0:1,"(0, 1)",TPPUFeature3Type,sEHFeature820Type
1244,sEH_TPPU_System-0:1_HydrogenBond_1244_InxClass,HydrogenBond,sEH_TPPU_System-0:1,"(0, 1)",TPPUFeature3Type,sEHFeature821Type
1245,sEH_TPPU_System-0:1_HydrogenBond_1245_InxClass,HydrogenBond,sEH_TPPU_System-0:1,"(0, 1)",TPPUFeature3Type,sEHFeature822Type
1246,sEH_TPPU_System-0:1_HydrogenBond_1246_InxClass,HydrogenBond,sEH_TPPU_System-0:1,"(0, 1)",TPPUFeature3Type,sEHFeature823Type
1247,sEH_TPPU_System-0:1_HydrogenBond_1247_InxClass,HydrogenBond,sEH_TPPU_System-0:1,"(0, 1)",TPPUFeature3Type,sEHFeature824Type
1248,sEH_TPPU_System-0:1_HydrogenBond_1248_InxClass,HydrogenBond,sEH_TPPU_System-0:1,"(0, 1)",TPPUFeature3Type,sEHFeature825Type
1249,sEH_TPPU_System-0:1_HydrogenBond_1249_InxClass,HydrogenBond,sEH_TPPU_System-0:1,"(0, 1)",TPPUFeature3Type,sEHFeature826Type
1250,sEH_TPPU_System-0:1_HydrogenBond_1250_InxClass,HydrogenBond,sEH_TPPU_System-0:1,"(0, 1)",TPPUFeature3Type,sEHFeature827Type
1251,sEH_TPPU_System-0:1_HydrogenBond_1251_InxClass,HydrogenBond,sEH_TPPU_System-0:1,"(0, 1)",TPPUFeature3Type,sEHFeature828Type
1252,sEH_TPPU_System-0:1_HydrogenBond_1252_InxClass,HydrogenBond,sEH_TPPU_System-0:1,"(0, 1)",TPPUFeature3Type,sEHFeature829Type
1253,sEH_TPPU_System-0:1_HydrogenBond_1253_InxClass,HydrogenBond,sEH_TPPU_System-0:1,"(0, 1)",TPPUFeature3Type,sEHFeature830Type
1254,sEH_TPPU_System-0:1_HydrogenBond_1254_InxClass,HydrogenBond,sEH_TPPU_System-0:1,"(0, 1)",TPPUFeature3Type,sEHFeature831Type
1255,sEH_TPPU_System-0:1_HydrogenBond_1255_InxClass,HydrogenBond,sEH_TPPU_System-0:1,"(0, 1)",TPPUFeature3Type,sEHFeature832Type
1256,sEH_TPPU_System-0:1_HydrogenBond_1256_InxClass,HydrogenBond,sEH_TPPU_System-0:1,"(0, 1)",TPPUFeature3Type,sEHFeature833Type
1257,sEH_TPPU_System-0:1_HydrogenBond_1257_InxClass,HydrogenBond,sEH_TPPU_System-0:1,"(0, 1)",TPPUFeature3Type,sEHFeature834Type
1258,sEH_TPPU_System-0:1_HydrogenBond_1258_InxClass,HydrogenBond,sEH_TPPU_System-0:1,"(0, 1)",TPPUFeature3Type,sEHFeature835Type
1259,sEH_TPPU_System-0:1_HydrogenBond_1259_InxClass,HydrogenBond,sEH_TPPU_System-0:1,"(0, 1)",TPPUFeature3Type,sEHFeature836Type
1260,sEH_TPPU_System-0:1_HydrogenBond_1260_InxClass,HydrogenBond,sEH_TPPU_System-0:1,"(0, 1)",TPPUFeature3Type,sEHFeature837Type
1261,sEH_TPPU_System-0:1_HydrogenBond_1261_InxClass,HydrogenBond,sEH_TPPU_System-0:1,"(0, 1)",TPPUFeature3Type,sEHFeature838Type
1262,sEH_TPPU_System-0:1_HydrogenBond_1262_InxClass,HydrogenBond,sEH_TPPU_System-0:1,"(0, 1)",TPPUFeature3Type,sEHFeature839Type
1263,sEH_TPPU_System-0:1_HydrogenBond_1263_InxClass,HydrogenBond,sEH_TPPU_System-0:1,"(0, 1)",TPPUFeature3Type,sEHFeature840Type
1264,sEH_TPPU_System-0:1_HydrogenBond_1264_InxClass,HydrogenBond,sEH_TPPU_System-0:1,"(0, 1)",TPPUFeature3Type,sEHFeature841Type
1265,sEH_TPPU_System-0:1_HydrogenBond_1265_InxClass,HydrogenBond,sEH_TPPU_System-0:1,"(0, 1)",TPPUFeature3Type,sEHFeature842Type
1266,sEH_TPPU_System-0:1_HydrogenBond_1266_InxClass,HydrogenBond,sEH_TPPU_System-0:1,"(0, 1)",TPPUFeature3Type,sEHFeature843Type
1267,sEH_TPPU_System-0:1_HydrogenBond_1267_InxClass,HydrogenBond,sEH_TPPU_System-0:1,"(0, 1)",TPPUFeature3Type,sEHFeature844Type
1268,sEH_TPPU_System-0:1_HydrogenBond_1268_InxClass,HydrogenBond,sEH_TPPU_System-0:1,"(0, 1)",TPPUFeature3Type,sEHFeature845Type
1269,sEH_TPPU_System-0:1_HydrogenBond_1269_InxClass,HydrogenBond,sEH_TPPU_System-0:1,"(0, 1)",TPPUFeature3Type,sEHFeature846Type
1270,sEH_TPPU_System-0:1_HydrogenBond_1270_InxClass,HydrogenBond,sEH_TPPU_System-0:1,"(0, 1)",TPPUFeature3Type,sEHFeature847Type
1271,sEH_TPPU_System-0:1_HydrogenBond_1271_InxClass,HydrogenBond,sEH_TPPU_System-0:1,"(0, 1)",TPPUFeature3Type,sEHFeature848Type
1272,sEH_TPPU_System-0:1_HydrogenBond_1272_InxClass,HydrogenBond,sEH_TPPU_System-0:1,"(0, 1)",TPPUFeature3Type,sEHFeature849Type
1273,sEH_TPPU_System-0:1_HydrogenBond_1273_InxClass,HydrogenBond,sEH_TPPU_System-0:1,"(0, 1)",TPPUFeature3Type,sEHFeature850Type
1274,sEH_TPPU_System-0:1_HydrogenBond_1274_InxClass,HydrogenBond,sEH_TPPU_System-0:1,"(0, 1)",TPPUFeature3Type,sEHFeature851Type
1275,sEH_TPPU_System-0:1_HydrogenBond_1275_InxClass,HydrogenBond,sEH_TPPU_System-0:1,"(0, 1)",TPPUFeature3Type,sEHFeature852Type
1276,sEH_TPPU_System-0:1_HydrogenBond_1276_InxClass,HydrogenBond,sEH_TPPU_System-0:1,"(0, 1)",TPPUFeature3Type,sEHFeature853Type
1277,sEH_TPPU_System-0:1_HydrogenBond_1277_InxClass,HydrogenBond,sEH_TPPU_System-0:1,"(0, 1)",TPPUFeature3Type,sEHFeature854Type
1278,sEH_TPPU_System-0:1_HydrogenBond_1278_InxClass,HydrogenBond,sEH_TPPU_System-0:1,"(0, 1)",TPPUFeature3Type,sEHFeature855Type
1279,sEH_TPPU_System-0:1_HydrogenBond_1279_InxClass,HydrogenBond,sEH_TPPU_System-0:1,"(0, 1)",TPPUFeature3Type,sEHFeature856Type
1280,sEH_TPPU_System-0:1_HydrogenBond_1280_InxClass,HydrogenBond,sEH_TPPU_System-0:1,"(0, 1)",TPPUFeature3Type,sEHFeature857Type
1281,sEH_TPPU_System-0:1_HydrogenBond_1281_InxClass,HydrogenBond,sEH_TPPU_System-0:1,"(0, 1)",TPPUFeature3Type,sEHFeature858Type
1282,sEH_TPPU_System-0:1_HydrogenBond_1282_InxClass,HydrogenBond,sEH_TPPU_System-0:1,"(0, 1)",TPPUFeature3Type,sEHFeature859Type
1283,sEH_TPPU_System-0:1_HydrogenBond_1283_InxClass,HydrogenBond,sEH_TPPU_System-0:1,"(0, 1)",TPPUFeature3Type,sEHFeature860Type
1284,sEH_TPPU_System-0:1_HydrogenBond_1284_InxClass,HydrogenBond,sEH_TPPU_System-0:1,"(0, 1)",TPPUFeature3Type,sEHFeature861Type
1285,sEH_TPPU_System-0:1_HydrogenBond_1285_InxClass,HydrogenBond,sEH_TPPU_System-0:1,"(0, 1)",TPPUFeature3Type,sEHFeature862Type
1286,sEH_TPPU_System-0:1_HydrogenBond_1286_InxClass,HydrogenBond,sEH_TPPU_System-0:1,"(0, 1)",TPPUFeature3Type,sEHFeature863Type
1287,sEH_TPPU_System-0:1_HydrogenBond_1287_InxClass,HydrogenBond,sEH_TPPU_System-0:1,"(0, 1)",TPPUFeature3Type,sEHFeature864Type
1288,sEH_TPPU_System-0:1_HydrogenBond_1288_InxClass,HydrogenBond,sEH_TPPU_System-0:1,"(0, 1)",TPPUFeature3Type,sEHFeature865Type
1289,sEH_TPPU_System-0:1_HydrogenBond_1289_InxClass,HydrogenBond,sEH_TPPU_System-0:1,"(0, 1)",TPPUFeature3Type,sEHFeature866Type
1290,sEH_TPPU_System-0:1_HydrogenBond_1290_InxClass,HydrogenBond,sEH_TPPU_System-0:1,"(0, 1)",TPPUFeature3Type,sEHFeature867Type
1291,sEH_TPPU_System-0:1_HydrogenBond_1291_InxClass,HydrogenBond,sEH_TPPU_System-0:1,"(0, 1)",TPPUFeature3Type,sEHFeature868Type
1292,sEH_TPPU_System-0:1_HydrogenBond_1292_InxClass,HydrogenBond,sEH_TPPU_System-0:1,"(0, 1)",TPPUFeature3Type,sEHFeature869Type
1293,sEH_TPPU_System-0:1_HydrogenBond_1293_InxClass,HydrogenBond,sEH_TPPU_System-0:1,"(0, 1)",TPPUFeature3Type,sEHFeature870Type
1294,sEH_TPPU_System-0:1_HydrogenBond_1294_InxClass,HydrogenBond,sEH_TPPU_System-0:1,"(0, 1)",TPPUFeature3Type,sEHFeature871Type
1295,sEH_TPPU_System-0:1_HydrogenBond_1295_InxClass,HydrogenBond,sEH_TPPU_System-0:1,"(0, 1)",TPPUFeature3Type,sEHFeature872Type
1296,sEH_TPPU_System-0:1_HydrogenBond_1296_InxClass,HydrogenBond,sEH_TPPU_System-0:1,"(0, 1)",TPPUFeature3Type,sEHFeature873Type
1297,sEH_TPPU_System-0:1_HydrogenBond_1297_InxClass,HydrogenBond,sEH_TPPU_System-0:1,"(0, 1)",TPPUFeature3Type,sEHFeature874Type
1298,sEH_TPPU_System-0:1_HydrogenBond_1298_InxClass,HydrogenBond,sEH_TPPU_System-0:1,"(0, 1)",TPPUFeature3Type,sEHFeature875Type
1299,sEH_TPPU_System-0:1_HydrogenBond_1299_InxClass,HydrogenBond,sEH_TPPU_System-0:1,"(0, 1)",TPPUFeature3Type,sEHFeature876Type
1300,sEH_TPPU_System-0:1_HydrogenBond_1300_InxClass,HydrogenBond,sEH_TPPU_System-0:1,"(0, 1)",TPPUFeature3Type,sEHFeature877Type
1301,sEH_TPPU_System-0:1_HydrogenBond_1301_InxClass,HydrogenBond,sEH_TPPU_System-0:1,"(0, 1)",TPPUFeature3Type,sEHFeature878Type
1302,sEH_TPPU_System-0:1_HydrogenBond_1302_InxClass,HydrogenBond,sEH_TPPU_System-0:1,"(0, 1)",TPPUFeature3Type,sEHFeature879Type
1303,sEH_TPPU_System-0:1_HydrogenBond_1303_InxClass,HydrogenBond,sEH_TPPU_System-0:1,"(0, 1)",TPPUFeature3Type,sEHFeature880Type
1304,sEH_TPPU_System-0:1_HydrogenBond_1304_InxClass,HydrogenBond,sEH_TPPU_System-0:1,"(0, 1)",TPPUFeature3Type,sEHFeature881Type
1305,sEH_TPPU_System-0:1_HydrogenBond_1305_InxClass,HydrogenBond,sEH_TPPU_System-0:1,"(0, 1)",TPPUFeature3Type,sEHFeature882Type
1306,sEH_TPPU_System-0:1_HydrogenBond_1306_InxClass,HydrogenBond,sEH_TPPU_System-0:1,"(0, 1)",TPPUFeature3Type,sEHFeature883Type
1307,sEH_TPPU_System-0:1_HydrogenBond_1307_InxClass,HydrogenBond,sEH_TPPU_System-0:1,"(0, 1)",TPPUFeature3Type,sEHFeature884Type
1308,sEH_TPPU_System-0:1_HydrogenBond_1308_InxClass,HydrogenBond,sEH_TPPU_System-0:1,"(0, 1)",TPPUFeature3Type,sEHFeature885Type
1309,sEH_TPPU_System-0:1_HydrogenBond_1309_InxClass,HydrogenBond,sEH_TPPU_System-0:1,"(0, 1)",TPPUFeature3Type,sEHFeature886Type
1310,sEH_TPPU_System-0:1_HydrogenBond_1310_InxClass,HydrogenBond,sEH_TPPU_System-0:1,"(0, 1)",TPPUFeature3Type,sEHFeature887Type
1311,sEH_TPPU_System-0:1_HydrogenBond_1311_InxClass,HydrogenBond,sEH_TPPU_System-0:1,"(0, 1)",TPPUFeature3Type,sEHFeature888Type
1312,sEH_TPPU_System-0:1_HydrogenBond_1312_InxClass,HydrogenBond,sEH_TPPU_System-0:1,"(0, 1)",TPPUFeature3Type,sEHFeature889Type
1313,sEH_TPPU_System-0:1_HydrogenBond_1313_InxClass,HydrogenBond,sEH_TPPU_System-0:1,"(0, 1)",TPPUFeature3Type,sEHFeature890Type
1314,sEH_TPPU_System-0:1_HydrogenBond_1314_InxClass,HydrogenBond,sEH_TPPU_System-0:1,"(0, 1)",TPPUFeature3Type,sEHFeature891Type
1315,sEH_TPPU_System-0:1_HydrogenBond_1315_InxClass,HydrogenBond,sEH_TPPU_System-0:1,"(0, 1)",TPPUFeature3Type,sEHFeature892Type
1316,sEH_TPPU_System-0:1_HydrogenBond_1316_InxClass,HydrogenBond,sEH_TPPU_System-0:1,"(0, 1)",TPPUFeature3Type,sEHFeature893Type
1317,sEH_TPPU_System-0:1_HydrogenBond_1317_InxClass,HydrogenBond,sEH_TPPU_System-0:1,"(0, 1)",TPPUFeature3Type,sEHFeature894Type
1318,sEH_TPPU_System-0:1_HydrogenBond_1318_InxClass,HydrogenBond,sEH_TPPU_System-0:1,"(0, 1)",TPPUFeature3Type,sEHFeature895Type
1319,sEH_TPPU_System-0:1_HydrogenBond_1319_InxClass,HydrogenBond,sEH_TPPU_System-0:1,"(0, 1)",TPPUFeature3Type,sEHFeature896Type
1320,sEH_TPPU_System-0:1_HydrogenBond_1320_InxClass,HydrogenBond,sEH_TPPU_System-0:1,"(0, 1)",TPPUFeature3Type,sEHFeature897Type
1321,sEH_TPPU_System-0:1_HydrogenBond_1321_InxClass,HydrogenBond,sEH_TPPU_System-0:1,"(0, 1)",TPPUFeature3Type,sEHFeature898Type
1322,sEH_TPPU_System-0:1_HydrogenBond_1322_InxClass,HydrogenBond,sEH_TPPU_System-0:1,"(0, 1)",TPPUFeature3Type,sEHFeature899Type
1323,sEH_TPPU_System-0:1_HydrogenBond_1323_InxClass,HydrogenBond,sEH_TPPU_System-0:1,"(0, 1)",TPPUFeature3Type,sEHFeature900Type
1324,sEH_TPPU_System-0:1_HydrogenBond_1324_InxClass,HydrogenBond,sEH_TPPU_System-0:1,"(0, 1)",TPPUFeature3Type,sEHFeature901Type
1325,sEH_TPPU_System-0:1_HydrogenBond_1325_InxClass,HydrogenBond,sEH_TPPU_System-0:1,"(0, 1)",TPPUFeature3Type,sEHFeature902Type
1326,sEH_TPPU_System-0:1_HydrogenBond_1326_InxClass,HydrogenBond,sEH_TPPU_System-0:1,"(0, 1)",TPPUFeature3Type,sEHFeature903Type
1327,sEH_TPPU_System-0:1_HydrogenBond_1327_InxClass,HydrogenBond,sEH_TPPU_System-0:1,"(0, 1)",TPPUFeature3Type,sEHFeature904Type
1328,sEH_TPPU_System-0:1_HydrogenBond_1328_InxClass,HydrogenBond,sEH_TPPU_System-0:1,"(0, 1)",TPPUFeature3Type,sEHFeature905Type
1329,sEH_TPPU_System-0:1_HydrogenBond_1329_InxClass,HydrogenBond,sEH_TPPU_System-0:1,"(0, 1)",TPPUFeature3Type,sEHFeature906Type
1330,sEH_TPPU_System-0:1_HydrogenBond_1330_InxClass,HydrogenBond,sEH_TPPU_System-0:1,"(0, 1)",TPPUFeature3Type,sEHFeature907Type
1331,sEH_TPPU_System-0:1_HydrogenBond_1331_InxClass,HydrogenBond,sEH_TPPU_System-0:1,"(0, 1)",TPPUFeature3Type,sEHFeature908Type
1332,sEH_TPPU_System-0:1_HydrogenBond_1332_InxClass,HydrogenBond,sEH_TPPU_System-0:1,"(0, 1)",TPPUFeature3Type,sEHFeature909Type
1333,sEH_TPPU_System-0:1_HydrogenBond_1333_InxClass,HydrogenBond,sEH_TPPU_System-0:1,"(0, 1)",TPPUFeature3Type,sEHFeature910Type
1334,sEH_TPPU_System-0:1_HydrogenBond_1334_InxClass,HydrogenBond,sEH_TPPU_System-0:1,"(0, 1)",TPPUFeature3Type,sEHFeature911Type
1335,sEH_TPPU_System-0:1_HydrogenBond_1335_InxClass,HydrogenBond,sEH_TPPU_System-0:1,"(0, 1)",TPPUFeature3Type,sEHFeature912Type
1336,sEH_TPPU_System-0:1_HydrogenBond_1336_InxClass,HydrogenBond,sEH_TPPU_System-0:1,"(0, 1)",TPPUFeature3Type,sEHFeature913Type
1337,sEH_TPPU_System-0:1_HydrogenBond_1337_InxClass,HydrogenBond,sEH_TPPU_System-0:1,"(0, 1)",TPPUFeature3Type,sEHFeature914Type
1338,sEH_TPPU_System-0:1_HydrogenBond_1338_InxClass,HydrogenBond,sEH_TPPU_System-0:1,"(0, 1)",TPPUFeature3Type,sEHFeature915Type
1339,sEH_TPPU_System-0:1_HydrogenBond_1339_InxClass,HydrogenBond,sEH_TPPU_System-0:1,"(0, 1)",TPPUFeature3Type,sEHFeature916Type
1340,sEH_TPPU_System-0:1_HydrogenBond_1340_InxClass,HydrogenBond,sEH_TPPU_System-0:1,"(0, 1)",TPPUFeature3Type,sEHFeature917Type
1341,sEH_TPPU_System-0:1_HydrogenBond_1341_InxClass,HydrogenBond,sEH_TPPU_System-0:1,"(0, 1)",TPPUFeature3Type,sEHFeature918Type
1342,sEH_TPPU_System-0:1_HydrogenBond_1342_InxClass,HydrogenBond,sEH_TPPU_System-0:1,"(0, 1)",TPPUFeature3Type,sEHFeature919Type
1343,sEH_TPPU_System-0:1_HydrogenBond_1343_InxClass,HydrogenBond,sEH_TPPU_System-0:1,"(0, 1)",TPPUFeature3Type,sEHFeature920Type
1344,sEH_TPPU_System-0:1_HydrogenBond_1344_InxClass,HydrogenBond,sEH_TPPU_System-0:1,"(0, 1)",TPPUFeature3Type,sEHFeature921Type
1345,sEH_TPPU_System-0:1_HydrogenBond_1345_InxClass,HydrogenBond,sEH_TPPU_System-0:1,"(0, 1)",TPPUFeature3Type,sEHFeature922Type
1346,sEH_TPPU_System-0:1_HydrogenBond_1346_InxClass,HydrogenBond,sEH_TPPU_System-0:1,"(0, 1)",TPPUFeature3Type,sEHFeature923Type
1347,sEH_TPPU_System-0:1_HydrogenBond_1347_InxClass,HydrogenBond,sEH_TPPU_System-0:1,"(0, 1)",TPPUFeature3Type,sEHFeature924Type
1348,sEH_TPPU_System-0:1_HydrogenBond_1348_InxClass,HydrogenBond,sEH_TPPU_System-0:1,"(0, 1)",TPPUFeature3Type,sEHFeature925Type
1349,sEH_TPPU_System-0:1_HydrogenBond_1349_InxClass,HydrogenBond,sEH_TPPU_System-0:1,"(0, 1)",TPPUFeature3Type,sEHFeature926Type
1350,sEH_TPPU_System-0:1_HydrogenBond_1350_InxClass,HydrogenBond,sEH_TPPU_System-0:1,"(0, 1)",TPPUFeature3Type,sEHFeature927Type
1351,sEH_TPPU_System-0:1_HydrogenBond_1351_InxClass,HydrogenBond,sEH_TPPU_System-0:1,"(0, 1)",TPPUFeature3Type,sEHFeature928Type
1352,sEH_TPPU_System-0:1_HydrogenBond_1352_InxClass,HydrogenBond,sEH_TPPU_System-0:1,"(0, 1)",TPPUFeature3Type,sEHFeature929Type
1353,sEH_TPPU_System-0:1_HydrogenBond_1353_InxClass,HydrogenBond,sEH_TPPU_System-0:1,"(0, 1)",TPPUFeature3Type,sEHFeature930Type
1354,sEH_TPPU_System-0:1_HydrogenBond_1354_InxClass,HydrogenBond,sEH_TPPU_System-0:1,"(0, 1)",TPPUFeature3Type,sEHFeature931Type
1355,sEH_TPPU_System-0:1_HydrogenBond_1355_InxClass,HydrogenBond,sEH_TPPU_System-0:1,"(0, 1)",TPPUFeature3Type,sEHFeature932Type
1356,sEH_TPPU_System-0:1_HydrogenBond_1356_InxClass,HydrogenBond,sEH_TPPU_System-0:1,"(0, 1)",TPPUFeature3Type,sEHFeature933Type
1357,sEH_TPPU_System-0:1_HydrogenBond_1357_InxClass,HydrogenBond,sEH_TPPU_System-0:1,"(0, 1)",TPPUFeature3Type,sEHFeature934Type
1358,sEH_TPPU_System-0:1_HydrogenBond_1358_InxClass,HydrogenBond,sEH_TPPU_System-0:1,"(0, 1)",TPPUFeature3Type,sEHFeature935Type
1359,sEH_TPPU_System-0:1_HydrogenBond_1359_InxClass,HydrogenBond,sEH_TPPU_System-0:1,"(0, 1)",TPPUFeature3Type,sEHFeature936Type
1360,sEH_TPPU_System-0:1_HydrogenBond_1360_InxClass,HydrogenBond,sEH_TPPU_System-0:1,"(0, 1)",TPPUFeature3Type,sEHFeature937Type
1361,sEH_TPPU_System-0:1_HydrogenBond_1361_InxClass,HydrogenBond,sEH_TPPU_System-0:1,"(0, 1)",TPPUFeature3Type,sEHFeature938Type
1362,sEH_TPPU_System-0:1_HydrogenBond_1362_InxClass,HydrogenBond,sEH_TPPU_System-0:1,"(0, 1)",TPPUFeature3Type,sEHFeature939Type
1363,sEH_TPPU_System-0:1_HydrogenBond_1363_InxClass,HydrogenBond,sEH_TPPU_System-0:1,"(0, 1)",TPPUFeature3Type,sEHFeature940Type
1364,sEH_TPPU_System-0:1_HydrogenBond_1364_InxClass,HydrogenBond,sEH_TPPU_System-0:1,"(0, 1)",TPPUFeature3Type,sEHFeature941Type
1365,sEH_TPPU_System-0:1_HydrogenBond_1365_InxClass,HydrogenBond,sEH_TPPU_System-0:1,"(0, 1)",TPPUFeature3Type,sEHFeature942Type
1366,sEH_TPPU_System-0:1_HydrogenBond_1366_InxClass,HydrogenBond,sEH_TPPU_System-0:1,"(0, 1)",TPPUFeature3Type,sEHFeature943Type
1367,sEH_TPPU_System-0:1_HydrogenBond_1367_InxClass,HydrogenBond,sEH_TPPU_System-0:1,"(0, 1)",TPPUFeature3Type,sEHFeature944Type
1368,sEH_TPPU_System-0:1_HydrogenBond_1368_InxClass,HydrogenBond,sEH_TPPU_System-0:1,"(0, 1)",TPPUFeature3Type,sEHFeature945Type
1369,sEH_TPPU_System-0:1_HydrogenBond_1369_InxClass,HydrogenBond,sEH_TPPU_System-0:1,"(0, 1)",TPPUFeature3Type,sEHFeature946Type
1370,sEH_TPPU_System-0:1_HydrogenBond_1370_InxClass,HydrogenBond,sEH_TPPU_System-0:1,"(0, 1)",TPPUFeature3Type,sEHFeature947Type
1371,sEH_TPPU_System-0:1_HydrogenBond_1371_InxClass,HydrogenBond,sEH_TPPU_System-0:1,"(0, 1)",TPPUFeature3Type,sEHFeature948Type
1372,sEH_TPPU_System-0:1_HydrogenBond_1372_InxClass,HydrogenBond,sEH_TPPU_System-0:1,"(0, 1)",TPPUFeature3Type,sEHFeature949Type
1373,sEH_TPPU_System-0:1_HydrogenBond_1373_InxClass,HydrogenBond,sEH_TPPU_System-0:1,"(0, 1)",TPPUFeature3Type,sEHFeature950Type
1374,sEH_TPPU_System-0:1_HydrogenBond_1374_InxClass,HydrogenBond,sEH_TPPU_System-0:1,"(0, 1)",TPPUFeature3Type,sEHFeature951Type
1375,sEH_TPPU_System-0:1_HydrogenBond_1375_InxClass,HydrogenBond,sEH_TPPU_System-0:1,"(0, 1)",TPPUFeature3Type,sEHFeature952Type
1376,sEH_TPPU_System-0:1_HydrogenBond_1376_InxClass,HydrogenBond,sEH_TPPU_System-0:1,"(0, 1)",TPPUFeature3Type,sEHFeature953Type
1377,sEH_TPPU_System-0:1_HydrogenBond_1377_InxClass,HydrogenBond,sEH_TPPU_System-0:1,"(0, 1)",TPPUFeature3Type,sEHFeature954Type
1378,sEH_TPPU_System-0:1_HydrogenBond_1378_InxClass,HydrogenBond,sEH_TPPU_System-0:1,"(0, 1)",TPPUFeature3Type,sEHFeature955Type
1379,sEH_TPPU_System-0:1_HydrogenBond_1379_InxClass,HydrogenBond,sEH_TPPU_System-0:1,"(0, 1)",TPPUFeature3Type,sEHFeature956Type
1380,sEH_TPPU_System-0:1_HydrogenBond_1380_InxClass,HydrogenBond,sEH_TPPU_System-0:1,"(0, 1)",TPPUFeature3Type,sEHFeature957Type
1381,sEH_TPPU_System-0:1_HydrogenBond_1381_InxClass,HydrogenBond,sEH_TPPU_System-0:1,"(0, 1)",TPPUFeature3Type,sEHFeature958Type
1382,sEH_TPPU_System-0:1_HydrogenBond_1382_InxClass,HydrogenBond,sEH_TPPU_System-0:1,"(0, 1)",TPPUFeature3Type,sEHFeature959Type
1383,sEH_TPPU_System-0:1_HydrogenBond_1383_InxClass,HydrogenBond,sEH_TPPU_System-0:1,"(0, 1)",TPPUFeature3Type,sEHFeature960Type
1384,sEH_TPPU_System-0:1_HydrogenBond_1384_InxClass,HydrogenBond,sEH_TPPU_System-0:1,"(0, 1)",TPPUFeature3Type,sEHFeature961Type
1385,sEH_TPPU_System-0:1_HydrogenBond_1385_InxClass,HydrogenBond,sEH_TPPU_System-0:1,"(0, 1)",TPPUFeature3Type,sEHFeature962Type
1386,sEH_TPPU_System-0:1_HydrogenBond_1386_InxClass,HydrogenBond,sEH_TPPU_System-0:1,"(0, 1)",TPPUFeature4Type,sEHFeature501Type
1387,sEH_TPPU_System-0:1_HydrogenBond_1387_InxClass,HydrogenBond,sEH_TPPU_System-0:1,"(0, 1)",TPPUFeature4Type,sEHFeature502Type
1388,sEH_TPPU_System-0:1_HydrogenBond_1388_InxClass,HydrogenBond,sEH_TPPU_System-0:1,"(0, 1)",TPPUFeature4Type,sEHFeature503Type
1389,sEH_TPPU_System-0:1_HydrogenBond_1389_InxClass,HydrogenBond,sEH_TPPU_System-0:1,"(0, 1)",TPPUFeature4Type,sEHFeature504Type
1390,sEH_TPPU_System-0:1_HydrogenBond_1390_InxClass,HydrogenBond,sEH_TPPU_System-0:1,"(0, 1)",TPPUFeature4Type,sEHFeature505Type
1391,sEH_TPPU_System-0:1_HydrogenBond_1391_InxClass,HydrogenBond,sEH_TPPU_System-0:1,"(0, 1)",TPPUFeature4Type,sEHFeature506Type
1392,sEH_TPPU_System-0:1_HydrogenBond_1392_InxClass,HydrogenBond,sEH_TPPU_System-0:1,"(0, 1)",TPPUFeature4Type,sEHFeature507Type
1393,sEH_TPPU_System-0:1_HydrogenBond_1393_InxClass,HydrogenBond,sEH_TPPU_System-0:1,"(0, 1)",TPPUFeature4Type,sEHFeature508Type
1394,sEH_TPPU_System-0:1_HydrogenBond_1394_InxClass,HydrogenBond,sEH_TPPU_System-0:1,"(0, 1)",TPPUFeature4Type,sEHFeature509Type
1395,sEH_TPPU_System-0:1_HydrogenBond_1395_InxClass,HydrogenBond,sEH_TPPU_System-0:1,"(0, 1)",TPPUFeature4Type,sEHFeature510Type
1396,sEH_TPPU_System-0:1_HydrogenBond_1396_InxClass,HydrogenBond,sEH_TPPU_System-0:1,"(0, 1)",TPPUFeature4Type,sEHFeature511Type
1397,sEH_TPPU_System-0:1_HydrogenBond_1397_InxClass,HydrogenBond,sEH_TPPU_System-0:1,"(0, 1)",TPPUFeature4Type,sEHFeature512Type
1398,sEH_TPPU_System-0:1_HydrogenBond_1398_InxClass,HydrogenBond,sEH_TPPU_System-0:1,"(0, 1)",TPPUFeature4Type,sEHFeature513Type
1399,sEH_TPPU_System-0:1_HydrogenBond_1399_InxClass,HydrogenBond,sEH_TPPU_System-0:1,"(0, 1)",TPPUFeature4Type,sEHFeature514Type
1400,sEH_TPPU_System-0:1_HydrogenBond_1400_InxClass,HydrogenBond,sEH_TPPU_System-0:1,"(0, 1)",TPPUFeature4Type,sEHFeature515Type
1401,sEH_TPPU_System-0:1_HydrogenBond_1401_InxClass,HydrogenBond,sEH_TPPU_System-0:1,"(0, 1)",TPPUFeature4Type,sEHFeature516Type
1402,sEH_TPPU_System-0:1_HydrogenBond_1402_InxClass,HydrogenBond,sEH_TPPU_System-0:1,"(0, 1)",TPPUFeature4Type,sEHFeature517Type
1403,sEH_TPPU_System-0:1_HydrogenBond_1403_InxClass,HydrogenBond,sEH_TPPU_System-0:1,"(0, 1)",TPPUFeature4Type,sEHFeature518Type
1404,sEH_TPPU_System-0:1_HydrogenBond_1404_InxClass,HydrogenBond,sEH_TPPU_System-0:1,"(0, 1)",TPPUFeature4Type,sEHFeature519Type
1405,sEH_TPPU_System-0:1_HydrogenBond_1405_InxClass,HydrogenBond,sEH_TPPU_System-0:1,"(0, 1)",TPPUFeature4Type,sEHFeature520Type
1406,sEH_TPPU_System-0:1_HydrogenBond_1406_InxClass,HydrogenBond,sEH_TPPU_System-0:1,"(0, 1)",TPPUFeature4Type,sEHFeature521Type
1407,sEH_TPPU_System-0:1_HydrogenBond_1407_InxClass,HydrogenBond,sEH_TPPU_System-0:1,"(0, 1)",TPPUFeature4Type,sEHFeature522Type
1408,sEH_TPPU_System-0:1_HydrogenBond_1408_InxClass,HydrogenBond,sEH_TPPU_System-0:1,"(0, 1)",TPPUFeature4Type,sEHFeature523Type
1409,sEH_TPPU_System-0:1_HydrogenBond_1409_InxClass,HydrogenBond,sEH_TPPU_System-0:1,"(0, 1)",TPPUFeature4Type,sEHFeature524Type
1410,sEH_TPPU_System-0:1_HydrogenBond_1410_InxClass,HydrogenBond,sEH_TPPU_System-0:1,"(0, 1)",TPPUFeature4Type,sEHFeature525Type
1411,sEH_TPPU_System-0:1_HydrogenBond_1411_InxClass,HydrogenBond,sEH_TPPU_System-0:1,"(0, 1)",TPPUFeature4Type,sEHFeature526Type
1412,sEH_TPPU_System-0:1_HydrogenBond_1412_InxClass,HydrogenBond,sEH_TPPU_System-0:1,"(0, 1)",TPPUFeature4Type,sEHFeature527Type
1413,sEH_TPPU_System-0:1_HydrogenBond_1413_InxClass,HydrogenBond,sEH_TPPU_System-0:1,"(0, 1)",TPPUFeature4Type,sEHFeature528Type
1414,sEH_TPPU_System-0:1_HydrogenBond_1414_InxClass,HydrogenBond,sEH_TPPU_System-0:1,"(0, 1)",TPPUFeature4Type,sEHFeature529Type
1415,sEH_TPPU_System-0:1_HydrogenBond_1415_InxClass,HydrogenBond,sEH_TPPU_System-0:1,"(0, 1)",TPPUFeature4Type,sEHFeature530Type
1416,sEH_TPPU_System-0:1_HydrogenBond_1416_InxClass,HydrogenBond,sEH_TPPU_System-0:1,"(0, 1)",TPPUFeature4Type,sEHFeature531Type
1417,sEH_TPPU_System-0:1_HydrogenBond_1417_InxClass,HydrogenBond,sEH_TPPU_System-0:1,"(0, 1)",TPPUFeature4Type,sEHFeature532Type
1418,sEH_TPPU_System-0:1_HydrogenBond_1418_InxClass,HydrogenBond,sEH_TPPU_System-0:1,"(0, 1)",TPPUFeature4Type,sEHFeature533Type
1419,sEH_TPPU_System-0:1_HydrogenBond_1419_InxClass,HydrogenBond,sEH_TPPU_System-0:1,"(0, 1)",TPPUFeature4Type,sEHFeature534Type
1420,sEH_TPPU_System-0:1_HydrogenBond_1420_InxClass,HydrogenBond,sEH_TPPU_System-0:1,"(0, 1)",TPPUFeature4Type,sEHFeature535Type
1421,sEH_TPPU_System-0:1_HydrogenBond_1421_InxClass,HydrogenBond,sEH_TPPU_System-0:1,"(0, 1)",TPPUFeature4Type,sEHFeature536Type
1422,sEH_TPPU_System-0:1_HydrogenBond_1422_InxClass,HydrogenBond,sEH_TPPU_System-0:1,"(0, 1)",TPPUFeature4Type,sEHFeature537Type
1423,sEH_TPPU_System-0:1_HydrogenBond_1423_InxClass,HydrogenBond,sEH_TPPU_System-0:1,"(0, 1)",TPPUFeature4Type,sEHFeature538Type
1424,sEH_TPPU_System-0:1_HydrogenBond_1424_InxClass,HydrogenBond,sEH_TPPU_System-0:1,"(0, 1)",TPPUFeature4Type,sEHFeature539Type
1425,sEH_TPPU_System-0:1_HydrogenBond_1425_InxClass,HydrogenBond,sEH_TPPU_System-0:1,"(0, 1)",TPPUFeature4Type,sEHFeature540Type
1426,sEH_TPPU_System-0:1_HydrogenBond_1426_InxClass,HydrogenBond,sEH_TPPU_System-0:1,"(0, 1)",TPPUFeature4Type,sEHFeature541Type
1427,sEH_TPPU_System-0:1_HydrogenBond_1427_InxClass,HydrogenBond,sEH_TPPU_System-0:1,"(0, 1)",TPPUFeature4Type,sEHFeature542Type
1428,sEH_TPPU_System-0:1_HydrogenBond_1428_InxClass,HydrogenBond,sEH_TPPU_System-0:1,"(0, 1)",TPPUFeature4Type,sEHFeature543Type
1429,sEH_TPPU_System-0:1_HydrogenBond_1429_InxClass,HydrogenBond,sEH_TPPU_System-0:1,"(0, 1)",TPPUFeature4Type,sEHFeature544Type
1430,sEH_TPPU_System-0:1_HydrogenBond_1430_InxClass,HydrogenBond,sEH_TPPU_System-0:1,"(0, 1)",TPPUFeature4Type,sEHFeature545Type
1431,sEH_TPPU_System-0:1_HydrogenBond_1431_InxClass,HydrogenBond,sEH_TPPU_System-0:1,"(0, 1)",TPPUFeature4Type,sEHFeature546Type
1432,sEH_TPPU_System-0:1_HydrogenBond_1432_InxClass,HydrogenBond,sEH_TPPU_System-0:1,"(0, 1)",TPPUFeature4Type,sEHFeature547Type
1433,sEH_TPPU_System-0:1_HydrogenBond_1433_InxClass,HydrogenBond,sEH_TPPU_System-0:1,"(0, 1)",TPPUFeature4Type,sEHFeature548Type
1434,sEH_TPPU_System-0:1_HydrogenBond_1434_InxClass,HydrogenBond,sEH_TPPU_System-0:1,"(0, 1)",TPPUFeature4Type,sEHFeature549Type
1435,sEH_TPPU_System-0:1_HydrogenBond_1435_InxClass,HydrogenBond,sEH_TPPU_System-0:1,"(0, 1)",TPPUFeature4Type,sEHFeature550Type
1436,sEH_TPPU_System-0:1_HydrogenBond_1436_InxClass,HydrogenBond,sEH_TPPU_System-0:1,"(0, 1)",TPPUFeature4Type,sEHFeature551Type
1437,sEH_TPPU_System-0:1_HydrogenBond_1437_InxClass,HydrogenBond,sEH_TPPU_System-0:1,"(0, 1)",TPPUFeature4Type,sEHFeature552Type
1438,sEH_TPPU_System-0:1_HydrogenBond_1438_InxClass,HydrogenBond,sEH_TPPU_System-0:1,"(0, 1)",TPPUFeature4Type,sEHFeature553Type
1439,sEH_TPPU_System-0:1_HydrogenBond_1439_InxClass,HydrogenBond,sEH_TPPU_System-0:1,"(0, 1)",TPPUFeature4Type,sEHFeature554Type
1440,sEH_TPPU_System-0:1_HydrogenBond_1440_InxClass,HydrogenBond,sEH_TPPU_System-0:1,"(0, 1)",TPPUFeature4Type,sEHFeature555Type
1441,sEH_TPPU_System-0:1_HydrogenBond_1441_InxClass,HydrogenBond,sEH_TPPU_System-0:1,"(0, 1)",TPPUFeature4Type,sEHFeature556Type
1442,sEH_TPPU_System-0:1_HydrogenBond_1442_InxClass,HydrogenBond,sEH_TPPU_System-0:1,"(0, 1)",TPPUFeature4Type,sEHFeature557Type
1443,sEH_TPPU_System-0:1_HydrogenBond_1443_InxClass,HydrogenBond,sEH_TPPU_System-0:1,"(0, 1)",TPPUFeature4Type,sEHFeature558Type
1444,sEH_TPPU_System-0:1_HydrogenBond_1444_InxClass,HydrogenBond,sEH_TPPU_System-0:1,"(0, 1)",TPPUFeature4Type,sEHFeature559Type
1445,sEH_TPPU_System-0:1_HydrogenBond_1445_InxClass,HydrogenBond,sEH_TPPU_System-0:1,"(0, 1)",TPPUFeature4Type,sEHFeature560Type
1446,sEH_TPPU_System-0:1_HydrogenBond_1446_InxClass,HydrogenBond,sEH_TPPU_System-0:1,"(0, 1)",TPPUFeature4Type,sEHFeature561Type
1447,sEH_TPPU_System-0:1_HydrogenBond_1447_InxClass,HydrogenBond,sEH_TPPU_System-0:1,"(0, 1)",TPPUFeature4Type,sEHFeature562Type
1448,sEH_TPPU_System-0:1_HydrogenBond_1448_InxClass,HydrogenBond,sEH_TPPU_System-0:1,"(0, 1)",TPPUFeature4Type,sEHFeature563Type
1449,sEH_TPPU_System-0:1_HydrogenBond_1449_InxClass,HydrogenBond,sEH_TPPU_System-0:1,"(0, 1)",TPPUFeature4Type,sEHFeature564Type
1450,sEH_TPPU_System-0:1_HydrogenBond_1450_InxClass,HydrogenBond,sEH_TPPU_System-0:1,"(0, 1)",TPPUFeature4Type,sEHFeature565Type
1451,sEH_TPPU_System-0:1_HydrogenBond_1451_InxClass,HydrogenBond,sEH_TPPU_System-0:1,"(0, 1)",TPPUFeature4Type,sEHFeature566Type
1452,sEH_TPPU_System-0:1_HydrogenBond_1452_InxClass,HydrogenBond,sEH_TPPU_System-0:1,"(0, 1)",TPPUFeature4Type,sEHFeature567Type
1453,sEH_TPPU_System-0:1_HydrogenBond_1453_InxClass,HydrogenBond,sEH_TPPU_System-0:1,"(0, 1)",TPPUFeature4Type,sEHFeature568Type
1454,sEH_TPPU_System-0:1_HydrogenBond_1454_InxClass,HydrogenBond,sEH_TPPU_System-0:1,"(0, 1)",TPPUFeature4Type,sEHFeature569Type
1455,sEH_TPPU_System-0:1_HydrogenBond_1455_InxClass,HydrogenBond,sEH_TPPU_System-0:1,"(0, 1)",TPPUFeature4Type,sEHFeature570Type
1456,sEH_TPPU_System-0:1_HydrogenBond_1456_InxClass,HydrogenBond,sEH_TPPU_System-0:1,"(0, 1)",TPPUFeature4Type,sEHFeature571Type
1457,sEH_TPPU_System-0:1_HydrogenBond_1457_InxClass,HydrogenBond,sEH_TPPU_System-0:1,"(0, 1)",TPPUFeature4Type,sEHFeature572Type
1458,sEH_TPPU_System-0:1_HydrogenBond_1458_InxClass,HydrogenBond,sEH_TPPU_System-0:1,"(0, 1)",TPPUFeature4Type,sEHFeature573Type
1459,sEH_TPPU_System-0:1_HydrogenBond_1459_InxClass,HydrogenBond,sEH_TPPU_System-0:1,"(0, 1)",TPPUFeature4Type,sEHFeature574Type
1460,sEH_TPPU_System-0:1_HydrogenBond_1460_InxClass,HydrogenBond,sEH_TPPU_System-0:1,"(0, 1)",TPPUFeature4Type,sEHFeature575Type
1461,sEH_TPPU_System-0:1_HydrogenBond_1461_InxClass,HydrogenBond,sEH_TPPU_System-0:1,"(0, 1)",TPPUFeature4Type,sEHFeature576Type
1462,sEH_TPPU_System-0:1_HydrogenBond_1462_InxClass,HydrogenBond,sEH_TPPU_System-0:1,"(0, 1)",TPPUFeature4Type,sEHFeature577Type
1463,sEH_TPPU_System-0:1_HydrogenBond_1463_InxClass,HydrogenBond,sEH_TPPU_System-0:1,"(0, 1)",TPPUFeature4Type,sEHFeature578Type
1464,sEH_TPPU_System-0:1_HydrogenBond_1464_InxClass,HydrogenBond,sEH_TPPU_System-0:1,"(0, 1)",TPPUFeature4Type,sEHFeature579Type
1465,sEH_TPPU_System-0:1_HydrogenBond_1465_InxClass,HydrogenBond,sEH_TPPU_System-0:1,"(0, 1)",TPPUFeature4Type,sEHFeature580Type
1466,sEH_TPPU_System-0:1_HydrogenBond_1466_InxClass,HydrogenBond,sEH_TPPU_System-0:1,"(0, 1)",TPPUFeature4Type,sEHFeature581Type
1467,sEH_TPPU_System-0:1_HydrogenBond_1467_InxClass,HydrogenBond,sEH_TPPU_System-0:1,"(0, 1)",TPPUFeature4Type,sEHFeature582Type
1468,sEH_TPPU_System-0:1_HydrogenBond_1468_InxClass,HydrogenBond,sEH_TPPU_System-0:1,"(0, 1)",TPPUFeature4Type,sEHFeature583Type
1469,sEH_TPPU_System-0:1_HydrogenBond_1469_InxClass,HydrogenBond,sEH_TPPU_System-0:1,"(0, 1)",TPPUFeature4Type,sEHFeature584Type
1470,sEH_TPPU_System-0:1_HydrogenBond_1470_InxClass,HydrogenBond,sEH_TPPU_System-0:1,"(0, 1)",TPPUFeature4Type,sEHFeature585Type
1471,sEH_TPPU_System-0:1_HydrogenBond_1471_InxClass,HydrogenBond,sEH_TPPU_System-0:1,"(0, 1)",TPPUFeature4Type,sEHFeature586Type
1472,sEH_TPPU_System-0:1_HydrogenBond_1472_InxClass,HydrogenBond,sEH_TPPU_System-0:1,"(0, 1)",TPPUFeature4Type,sEHFeature587Type
1473,sEH_TPPU_System-0:1_HydrogenBond_1473_InxClass,HydrogenBond,sEH_TPPU_System-0:1,"(0, 1)",TPPUFeature4Type,sEHFeature588Type
1474,sEH_TPPU_System-0:1_HydrogenBond_1474_InxClass,HydrogenBond,sEH_TPPU_System-0:1,"(0, 1)",TPPUFeature4Type,sEHFeature589Type
1475,sEH_TPPU_System-0:1_HydrogenBond_1475_InxClass,HydrogenBond,sEH_TPPU_System-0:1,"(0, 1)",TPPUFeature4Type,sEHFeature590Type
1476,sEH_TPPU_System-0:1_HydrogenBond_1476_InxClass,HydrogenBond,sEH_TPPU_System-0:1,"(0, 1)",TPPUFeature4Type,sEHFeature591Type
1477,sEH_TPPU_System-0:1_HydrogenBond_1477_InxClass,HydrogenBond,sEH_TPPU_System-0:1,"(0, 1)",TPPUFeature4Type,sEHFeature592Type
1478,sEH_TPPU_System-0:1_HydrogenBond_1478_InxClass,HydrogenBond,sEH_TPPU_System-0:1,"(0, 1)",TPPUFeature4Type,sEHFeature593Type
1479,sEH_TPPU_System-0:1_HydrogenBond_1479_InxClass,HydrogenBond,sEH_TPPU_System-0:1,"(0, 1)",TPPUFeature4Type,sEHFeature594Type
1480,sEH_TPPU_System-0:1_HydrogenBond_1480_InxClass,HydrogenBond,sEH_TPPU_System-0:1,"(0, 1)",TPPUFeature4Type,sEHFeature595Type
1481,sEH_TPPU_System-0:1_HydrogenBond_1481_InxClass,HydrogenBond,sEH_TPPU_System-0:1,"(0, 1)",TPPUFeature4Type,sEHFeature596Type
1482,sEH_TPPU_System-0:1_HydrogenBond_1482_InxClass,HydrogenBond,sEH_TPPU_System-0:1,"(0, 1)",TPPUFeature4Type,sEHFeature597Type
1483,sEH_TPPU_System-0:1_HydrogenBond_1483_InxClass,HydrogenBond,sEH_TPPU_System-0:1,"(0, 1)",TPPUFeature4Type,sEHFeature598Type
1484,sEH_TPPU_System-0:1_HydrogenBond_1484_InxClass,HydrogenBond,sEH_TPPU_System-0:1,"(0, 1)",TPPUFeature4Type,sEHFeature599Type
1485,sEH_TPPU_System-0:1_HydrogenBond_1485_InxClass,HydrogenBond,sEH_TPPU_System-0:1,"(0, 1)",TPPUFeature4Type,sEHFeature600Type
1486,sEH_TPPU_System-0:1_HydrogenBond_1486_InxClass,HydrogenBond,sEH_TPPU_System-0:1,"(0, 1)",TPPUFeature4Type,sEHFeature601Type
1487,sEH_TPPU_System-0:1_HydrogenBond_1487_InxClass,HydrogenBond,sEH_TPPU_System-0:1,"(0, 1)",TPPUFeature4Type,sEHFeature602Type
1488,sEH_TPPU_System-0:1_HydrogenBond_1488_InxClass,HydrogenBond,sEH_TPPU_System-0:1,"(0, 1)",TPPUFeature4Type,sEHFeature603Type
1489,sEH_TPPU_System-0:1_HydrogenBond_1489_InxClass,HydrogenBond,sEH_TPPU_System-0:1,"(0, 1)",TPPUFeature4Type,sEHFeature604Type
1490,sEH_TPPU_System-0:1_HydrogenBond_1490_InxClass,HydrogenBond,sEH_TPPU_System-0:1,"(0, 1)",TPPUFeature4Type,sEHFeature605Type
1491,sEH_TPPU_System-0:1_HydrogenBond_1491_InxClass,HydrogenBond,sEH_TPPU_System-0:1,"(0, 1)",TPPUFeature4Type,sEHFeature606Type
1492,sEH_TPPU_System-0:1_HydrogenBond_1492_InxClass,HydrogenBond,sEH_TPPU_System-0:1,"(0, 1)",TPPUFeature4Type,sEHFeature607Type
1493,sEH_TPPU_System-0:1_HydrogenBond_1493_InxClass,HydrogenBond,sEH_TPPU_System-0:1,"(0, 1)",TPPUFeature4Type,sEHFeature608Type
1494,sEH_TPPU_System-0:1_HydrogenBond_1494_InxClass,HydrogenBond,sEH_TPPU_System-0:1,"(0, 1)",TPPUFeature4Type,sEHFeature609Type
1495,sEH_TPPU_System-0:1_HydrogenBond_1495_InxClass,HydrogenBond,sEH_TPPU_System-0:1,"(0, 1)",TPPUFeature4Type,sEHFeature610Type
1496,sEH_TPPU_System-0:1_HydrogenBond_1496_InxClass,HydrogenBond,sEH_TPPU_System-0:1,"(0, 1)",TPPUFeature4Type,sEHFeature611Type
1497,sEH_TPPU_System-0:1_HydrogenBond_1497_InxClass,HydrogenBond,sEH_TPPU_System-0:1,"(0, 1)",TPPUFeature4Type,sEHFeature612Type
1498,sEH_TPPU_System-0:1_HydrogenBond_1498_InxClass,HydrogenBond,sEH_TPPU_System-0:1,"(0, 1)",TPPUFeature4Type,sEHFeature613Type
1499,sEH_TPPU_System-0:1_HydrogenBond_1499_InxClass,HydrogenBond,sEH_TPPU_System-0:1,"(0, 1)",TPPUFeature4Type,sEHFeature614Type
1500,sEH_TPPU_System-0:1_HydrogenBond_1500_InxClass,HydrogenBond,sEH_TPPU_System-0:1,"(0, 1)",TPPUFeature4Type,sEHFeature615Type
1501,sEH_TPPU_System-0:1_HydrogenBond_1501_InxClass,HydrogenBond,sEH_TPPU_System-0:1,"(0, 1)",TPPUFeature4Type,sEHFeature616Type
1502,sEH_TPPU_System-0:1_HydrogenBond_1502_InxClass,HydrogenBond,sEH_TPPU_System-0:1,"(0, 1)",TPPUFeature4Type,sEHFeature617Type
1503,sEH_TPPU_System-0:1_HydrogenBond_1503_InxClass,HydrogenBond,sEH_TPPU_System-0:1,"(0, 1)",TPPUFeature4Type,sEHFeature618Type
1504,sEH_TPPU_System-0:1_HydrogenBond_1504_InxClass,HydrogenBond,sEH_TPPU_System-0:1,"(0, 1)",TPPUFeature4Type,sEHFeature619Type
1505,sEH_TPPU_System-0:1_HydrogenBond_1505_InxClass,HydrogenBond,sEH_TPPU_System-0:1,"(0, 1)",TPPUFeature4Type,sEHFeature620Type
1506,sEH_TPPU_System-0:1_HydrogenBond_1506_InxClass,HydrogenBond,sEH_TPPU_System-0:1,"(0, 1)",TPPUFeature4Type,sEHFeature621Type
1507,sEH_TPPU_System-0:1_HydrogenBond_1507_InxClass,HydrogenBond,sEH_TPPU_System-0:1,"(0, 1)",TPPUFeature4Type,sEHFeature622Type
1508,sEH_TPPU_System-0:1_HydrogenBond_1508_InxClass,HydrogenBond,sEH_TPPU_System-0:1,"(0, 1)",TPPUFeature4Type,sEHFeature623Type
1509,sEH_TPPU_System-0:1_HydrogenBond_1509_InxClass,HydrogenBond,sEH_TPPU_System-0:1,"(0, 1)",TPPUFeature4Type,sEHFeature624Type
1510,sEH_TPPU_System-0:1_HydrogenBond_1510_InxClass,HydrogenBond,sEH_TPPU_System-0:1,"(0, 1)",TPPUFeature4Type,sEHFeature625Type
1511,sEH_TPPU_System-0:1_HydrogenBond_1511_InxClass,HydrogenBond,sEH_TPPU_System-0:1,"(0, 1)",TPPUFeature4Type,sEHFeature626Type
1512,sEH_TPPU_System-0:1_HydrogenBond_1512_InxClass,HydrogenBond,sEH_TPPU_System-0:1,"(0, 1)",TPPUFeature4Type,sEHFeature627Type
1513,sEH_TPPU_System-0:1_HydrogenBond_1513_InxClass,HydrogenBond,sEH_TPPU_System-0:1,"(0, 1)",TPPUFeature4Type,sEHFeature628Type
1514,sEH_TPPU_System-0:1_HydrogenBond_1514_InxClass,HydrogenBond,sEH_TPPU_System-0:1,"(0, 1)",TPPUFeature4Type,sEHFeature629Type
1515,sEH_TPPU_System-0:1_HydrogenBond_1515_InxClass,HydrogenBond,sEH_TPPU_System-0:1,"(0, 1)",TPPUFeature4Type,sEHFeature630Type
1516,sEH_TPPU_System-0:1_HydrogenBond_1516_InxClass,HydrogenBond,sEH_TPPU_System-0:1,"(0, 1)",TPPUFeature4Type,sEHFeature631Type
1517,sEH_TPPU_System-0:1_HydrogenBond_1517_InxClass,HydrogenBond,sEH_TPPU_System-0:1,"(0, 1)",TPPUFeature4Type,sEHFeature632Type
1518,sEH_TPPU_System-0:1_HydrogenBond_1518_InxClass,HydrogenBond,sEH_TPPU_System-0:1,"(0, 1)",TPPUFeature4Type,sEHFeature633Type
1519,sEH_TPPU_System-0:1_HydrogenBond_1519_InxClass,HydrogenBond,sEH_TPPU_System-0:1,"(0, 1)",TPPUFeature4Type,sEHFeature634Type
1520,sEH_TPPU_System-0:1_HydrogenBond_1520_InxClass,HydrogenBond,sEH_TPPU_System-0:1,"(0, 1)",TPPUFeature4Type,sEHFeature635Type
1521,sEH_TPPU_System-0:1_HydrogenBond_1521_InxClass,HydrogenBond,sEH_TPPU_System-0:1,"(0, 1)",TPPUFeature4Type,sEHFeature636Type
1522,sEH_TPPU_System-0:1_HydrogenBond_1522_InxClass,HydrogenBond,sEH_TPPU_System-0:1,"(0, 1)",TPPUFeature4Type,sEHFeature637Type
1523,sEH_TPPU_System-0:1_HydrogenBond_1523_InxClass,HydrogenBond,sEH_TPPU_System-0:1,"(0, 1)",TPPUFeature4Type,sEHFeature638Type
1524,sEH_TPPU_System-0:1_HydrogenBond_1524_InxClass,HydrogenBond,sEH_TPPU_System-0:1,"(0, 1)",TPPUFeature4Type,sEHFeature639Type
1525,sEH_TPPU_System-0:1_HydrogenBond_1525_InxClass,HydrogenBond,sEH_TPPU_System-0:1,"(0, 1)",TPPUFeature4Type,sEHFeature640Type
1526,sEH_TPPU_System-0:1_HydrogenBond_1526_InxClass,HydrogenBond,sEH_TPPU_System-0:1,"(0, 1)",TPPUFeature4Type,sEHFeature641Type
1527,sEH_TPPU_System-0:1_HydrogenBond_1527_InxClass,HydrogenBond,sEH_TPPU_System-0:1,"(0, 1)",TPPUFeature4Type,sEHFeature642Type
1528,sEH_TPPU_System-0:1_HydrogenBond_1528_InxClass,HydrogenBond,sEH_TPPU_System-0:1,"(0, 1)",TPPUFeature4Type,sEHFeature643Type
1529,sEH_TPPU_System-0:1_HydrogenBond_1529_InxClass,HydrogenBond,sEH_TPPU_System-0:1,"(0, 1)",TPPUFeature4Type,sEHFeature644Type
1530,sEH_TPPU_System-0:1_HydrogenBond_1530_InxClass,HydrogenBond,sEH_TPPU_System-0:1,"(0, 1)",TPPUFeature4Type,sEHFeature645Type
1531,sEH_TPPU_System-0:1_HydrogenBond_1531_InxClass,HydrogenBond,sEH_TPPU_System-0:1,"(0, 1)",TPPUFeature4Type,sEHFeature646Type
1532,sEH_TPPU_System-0:1_HydrogenBond_1532_InxClass,HydrogenBond,sEH_TPPU_System-0:1,"(0, 1)",TPPUFeature4Type,sEHFeature647Type
1533,sEH_TPPU_System-0:1_HydrogenBond_1533_InxClass,HydrogenBond,sEH_TPPU_System-0:1,"(0, 1)",TPPUFeature4Type,sEHFeature648Type
1534,sEH_TPPU_System-0:1_HydrogenBond_1534_InxClass,HydrogenBond,sEH_TPPU_System-0:1,"(0, 1)",TPPUFeature4Type,sEHFeature649Type
1535,sEH_TPPU_System-0:1_HydrogenBond_1535_InxClass,HydrogenBond,sEH_TPPU_System-0:1,"(0, 1)",TPPUFeature4Type,sEHFeature650Type
1536,sEH_TPPU_System-0:1_HydrogenBond_1536_InxClass,HydrogenBond,sEH_TPPU_System-0:1,"(0, 1)",TPPUFeature4Type,sEHFeature651Type
1537,sEH_TPPU_System-0:1_HydrogenBond_1537_InxClass,HydrogenBond,sEH_TPPU_System-0:1,"(0, 1)",TPPUFeature4Type,sEHFeature652Type
1538,sEH_TPPU_System-0:1_HydrogenBond_1538_InxClass,HydrogenBond,sEH_TPPU_System-0:1,"(0, 1)",TPPUFeature4Type,sEHFeature653Type
1539,sEH_TPPU_System-0:1_HydrogenBond_1539_InxClass,HydrogenBond,sEH_TPPU_System-0:1,"(0, 1)",TPPUFeature4Type,sEHFeature654Type
1540,sEH_TPPU_System-0:1_HydrogenBond_1540_InxClass,HydrogenBond,sEH_TPPU_System-0:1,"(0, 1)",TPPUFeature4Type,sEHFeature655Type
1541,sEH_TPPU_System-0:1_HydrogenBond_1541_InxClass,HydrogenBond,sEH_TPPU_System-0:1,"(0, 1)",TPPUFeature4Type,sEHFeature656Type
1542,sEH_TPPU_System-0:1_HydrogenBond_1542_InxClass,HydrogenBond,sEH_TPPU_System-0:1,"(0, 1)",TPPUFeature4Type,sEHFeature657Type
1543,sEH_TPPU_System-0:1_HydrogenBond_1543_InxClass,HydrogenBond,sEH_TPPU_System-0:1,"(0, 1)",TPPUFeature4Type,sEHFeature658Type
1544,sEH_TPPU_System-0:1_HydrogenBond_1544_InxClass,HydrogenBond,sEH_TPPU_System-0:1,"(0, 1)",TPPUFeature4Type,sEHFeature659Type
1545,sEH_TPPU_System-0:1_HydrogenBond_1545_InxClass,HydrogenBond,sEH_TPPU_System-0:1,"(0, 1)",TPPUFeature4Type,sEHFeature660Type
1546,sEH_TPPU_System-0:1_HydrogenBond_1546_InxClass,HydrogenBond,sEH_TPPU_System-0:1,"(0, 1)",TPPUFeature4Type,sEHFeature661Type
1547,sEH_TPPU_System-0:1_HydrogenBond_1547_InxClass,HydrogenBond,sEH_TPPU_System-0:1,"(0, 1)",TPPUFeature4Type,sEHFeature662Type
1548,sEH_TPPU_System-0:1_HydrogenBond_1548_InxClass,HydrogenBond,sEH_TPPU_System-0:1,"(0, 1)",TPPUFeature4Type,sEHFeature663Type
1549,sEH_TPPU_System-0:1_HydrogenBond_1549_InxClass,HydrogenBond,sEH_TPPU_System-0:1,"(0, 1)",TPPUFeature4Type,sEHFeature664Type
1550,sEH_TPPU_System-0:1_HydrogenBond_1550_InxClass,HydrogenBond,sEH_TPPU_System-0:1,"(0, 1)",TPPUFeature4Type,sEHFeature665Type
1551,sEH_TPPU_System-0:1_HydrogenBond_1551_InxClass,HydrogenBond,sEH_TPPU_System-0:1,"(0, 1)",TPPUFeature4Type,sEHFeature666Type
1552,sEH_TPPU_System-0:1_HydrogenBond_1552_InxClass,HydrogenBond,sEH_TPPU_System-0:1,"(0, 1)",TPPUFeature4Type,sEHFeature667Type
1553,sEH_TPPU_System-0:1_HydrogenBond_1553_InxClass,HydrogenBond,sEH_TPPU_System-0:1,"(0, 1)",TPPUFeature4Type,sEHFeature668Type
1554,sEH_TPPU_System-0:1_HydrogenBond_1554_InxClass,HydrogenBond,sEH_TPPU_System-0:1,"(0, 1)",TPPUFeature4Type,sEHFeature669Type
1555,sEH_TPPU_System-0:1_HydrogenBond_1555_InxClass,HydrogenBond,sEH_TPPU_System-0:1,"(0, 1)",TPPUFeature4Type,sEHFeature670Type
1556,sEH_TPPU_System-0:1_HydrogenBond_1556_InxClass,HydrogenBond,sEH_TPPU_System-0:1,"(0, 1)",TPPUFeature4Type,sEHFeature671Type
1557,sEH_TPPU_System-0:1_HydrogenBond_1557_InxClass,HydrogenBond,sEH_TPPU_System-0:1,"(0, 1)",TPPUFeature4Type,sEHFeature672Type
1558,sEH_TPPU_System-0:1_HydrogenBond_1558_InxClass,HydrogenBond,sEH_TPPU_System-0:1,"(0, 1)",TPPUFeature4Type,sEHFeature673Type
1559,sEH_TPPU_System-0:1_HydrogenBond_1559_InxClass,HydrogenBond,sEH_TPPU_System-0:1,"(0, 1)",TPPUFeature4Type,sEHFeature674Type
1560,sEH_TPPU_System-0:1_HydrogenBond_1560_InxClass,HydrogenBond,sEH_TPPU_System-0:1,"(0, 1)",TPPUFeature4Type,sEHFeature675Type
1561,sEH_TPPU_System-0:1_HydrogenBond_1561_InxClass,HydrogenBond,sEH_TPPU_System-0:1,"(0, 1)",TPPUFeature4Type,sEHFeature676Type
1562,sEH_TPPU_System-0:1_HydrogenBond_1562_InxClass,HydrogenBond,sEH_TPPU_System-0:1,"(0, 1)",TPPUFeature4Type,sEHFeature677Type
1563,sEH_TPPU_System-0:1_HydrogenBond_1563_InxClass,HydrogenBond,sEH_TPPU_System-0:1,"(0, 1)",TPPUFeature4Type,sEHFeature678Type
1564,sEH_TPPU_System-0:1_HydrogenBond_1564_InxClass,HydrogenBond,sEH_TPPU_System-0:1,"(0, 1)",TPPUFeature4Type,sEHFeature679Type
1565,sEH_TPPU_System-0:1_HydrogenBond_1565_InxClass,HydrogenBond,sEH_TPPU_System-0:1,"(0, 1)",TPPUFeature4Type,sEHFeature680Type
1566,sEH_TPPU_System-0:1_HydrogenBond_1566_InxClass,HydrogenBond,sEH_TPPU_System-0:1,"(0, 1)",TPPUFeature4Type,sEHFeature681Type
1567,sEH_TPPU_System-0:1_HydrogenBond_1567_InxClass,HydrogenBond,sEH_TPPU_System-0:1,"(0, 1)",TPPUFeature4Type,sEHFeature682Type
1568,sEH_TPPU_System-0:1_HydrogenBond_1568_InxClass,HydrogenBond,sEH_TPPU_System-0:1,"(0, 1)",TPPUFeature4Type,sEHFeature683Type
1569,sEH_TPPU_System-0:1_HydrogenBond_1569_InxClass,HydrogenBond,sEH_TPPU_System-0:1,"(0, 1)",TPPUFeature4Type,sEHFeature684Type
1570,sEH_TPPU_System-0:1_HydrogenBond_1570_InxClass,HydrogenBond,sEH_TPPU_System-0:1,"(0, 1)",TPPUFeature4Type,sEHFeature685Type
1571,sEH_TPPU_System-0:1_HydrogenBond_1571_InxClass,HydrogenBond,sEH_TPPU_System-0:1,"(0, 1)",TPPUFeature4Type,sEHFeature686Type
1572,sEH_TPPU_System-0:1_HydrogenBond_1572_InxClass,HydrogenBond,sEH_TPPU_System-0:1,"(0, 1)",TPPUFeature4Type,sEHFeature687Type
1573,sEH_TPPU_System-0:1_HydrogenBond_1573_InxClass,HydrogenBond,sEH_TPPU_System-0:1,"(0, 1)",TPPUFeature4Type,sEHFeature688Type
1574,sEH_TPPU_System-0:1_HydrogenBond_1574_InxClass,HydrogenBond,sEH_TPPU_System-0:1,"(0, 1)",TPPUFeature4Type,sEHFeature689Type
1575,sEH_TPPU_System-0:1_HydrogenBond_1575_InxClass,HydrogenBond,sEH_TPPU_System-0:1,"(0, 1)",TPPUFeature4Type,sEHFeature690Type
1576,sEH_TPPU_System-0:1_HydrogenBond_1576_InxClass,HydrogenBond,sEH_TPPU_System-0:1,"(0, 1)",TPPUFeature4Type,sEHFeature691Type
1577,sEH_TPPU_System-0:1_HydrogenBond_1577_InxClass,HydrogenBond,sEH_TPPU_System-0:1,"(0, 1)",TPPUFeature4Type,sEHFeature692Type
1578,sEH_TPPU_System-0:1_HydrogenBond_1578_InxClass,HydrogenBond,sEH_TPPU_System-0:1,"(0, 1)",TPPUFeature4Type,sEHFeature693Type
1579,sEH_TPPU_System-0:1_HydrogenBond_1579_InxClass,HydrogenBond,sEH_TPPU_System-0:1,"(0, 1)",TPPUFeature4Type,sEHFeature694Type
1580,sEH_TPPU_System-0:1_HydrogenBond_1580_InxClass,HydrogenBond,sEH_TPPU_System-0:1,"(0, 1)",TPPUFeature4Type,sEHFeature695Type
1581,sEH_TPPU_System-0:1_HydrogenBond_1581_InxClass,HydrogenBond,sEH_TPPU_System-0:1,"(0, 1)",TPPUFeature4Type,sEHFeature696Type
1582,sEH_TPPU_System-0:1_HydrogenBond_1582_InxClass,HydrogenBond,sEH_TPPU_System-0:1,"(0, 1)",TPPUFeature4Type,sEHFeature697Type
1583,sEH_TPPU_System-0:1_HydrogenBond_1583_InxClass,HydrogenBond,sEH_TPPU_System-0:1,"(0, 1)",TPPUFeature4Type,sEHFeature698Type
1584,sEH_TPPU_System-0:1_HydrogenBond_1584_InxClass,HydrogenBond,sEH_TPPU_System-0:1,"(0, 1)",TPPUFeature4Type,sEHFeature699Type
1585,sEH_TPPU_System-0:1_HydrogenBond_1585_InxClass,HydrogenBond,sEH_TPPU_System-0:1,"(0, 1)",TPPUFeature4Type,sEHFeature700Type
1586,sEH_TPPU_System-0:1_HydrogenBond_1586_InxClass,HydrogenBond,sEH_TPPU_System-0:1,"(0, 1)",TPPUFeature4Type,sEHFeature701Type
1587,sEH_TPPU_System-0:1_HydrogenBond_1587_InxClass,HydrogenBond,sEH_TPPU_System-0:1,"(0, 1)",TPPUFeature4Type,sEHFeature702Type
1588,sEH_TPPU_System-0:1_HydrogenBond_1588_InxClass,HydrogenBond,sEH_TPPU_System-0:1,"(0, 1)",TPPUFeature4Type,sEHFeature703Type
1589,sEH_TPPU_System-0:1_HydrogenBond_1589_InxClass,HydrogenBond,sEH_TPPU_System-0:1,"(0, 1)",TPPUFeature4Type,sEHFeature704Type
1590,sEH_TPPU_System-0:1_HydrogenBond_1590_InxClass,HydrogenBond,sEH_TPPU_System-0:1,"(0, 1)",TPPUFeature4Type,sEHFeature705Type
1591,sEH_TPPU_System-0:1_HydrogenBond_1591_InxClass,HydrogenBond,sEH_TPPU_System-0:1,"(0, 1)",TPPUFeature4Type,sEHFeature706Type
1592,sEH_TPPU_System-0:1_HydrogenBond_1592_InxClass,HydrogenBond,sEH_TPPU_System-0:1,"(0, 1)",TPPUFeature4Type,sEHFeature707Type
1593,sEH_TPPU_System-0:1_HydrogenBond_1593_InxClass,HydrogenBond,sEH_TPPU_System-0:1,"(0, 1)",TPPUFeature4Type,sEHFeature708Type
1594,sEH_TPPU_System-0:1_HydrogenBond_1594_InxClass,HydrogenBond,sEH_TPPU_System-0:1,"(0, 1)",TPPUFeature4Type,sEHFeature709Type
1595,sEH_TPPU_System-0:1_HydrogenBond_1595_InxClass,HydrogenBond,sEH_TPPU_System-0:1,"(0, 1)",TPPUFeature4Type,sEHFeature710Type
1596,sEH_TPPU_System-0:1_HydrogenBond_1596_InxClass,HydrogenBond,sEH_TPPU_System-0:1,"(0, 1)",TPPUFeature4Type,sEHFeature711Type
1597,sEH_TPPU_System-0:1_HydrogenBond_1597_InxClass,HydrogenBond,sEH_TPPU_System-0:1,"(0, 1)",TPPUFeature4Type,sEHFeature712Type
1598,sEH_TPPU_System-0:1_HydrogenBond_1598_InxClass,HydrogenBond,sEH_TPPU_System-0:1,"(0, 1)",TPPUFeature4Type,sEHFeature713Type
1599,sEH_TPPU_System-0:1_HydrogenBond_1599_InxClass,HydrogenBond,sEH_TPPU_System-0:1,"(0, 1)",TPPUFeature4Type,sEHFeature714Type
1600,sEH_TPPU_System-0:1_HydrogenBond_1600_InxClass,HydrogenBond,sEH_TPPU_System-0:1,"(0, 1)",TPPUFeature4Type,sEHFeature715Type
1601,sEH_TPPU_System-0:1_HydrogenBond_1601_InxClass,HydrogenBond,sEH_TPPU_System-0:1,"(0, 1)",TPPUFeature4Type,sEHFeature716Type
1602,sEH_TPPU_System-0:1_HydrogenBond_1602_InxClass,HydrogenBond,sEH_TPPU_System-0:1,"(0, 1)",TPPUFeature4Type,sEHFeature717Type
1603,sEH_TPPU_System-0:1_HydrogenBond_1603_InxClass,HydrogenBond,sEH_TPPU_System-0:1,"(0, 1)",TPPUFeature4Type,sEHFeature718Type
1604,sEH_TPPU_System-0:1_HydrogenBond_1604_InxClass,HydrogenBond,sEH_TPPU_System-0:1,"(0, 1)",TPPUFeature4Type,sEHFeature719Type
1605,sEH_TPPU_System-0:1_HydrogenBond_1605_InxClass,HydrogenBond,sEH_TPPU_System-0:1,"(0, 1)",TPPUFeature4Type,sEHFeature720Type
1606,sEH_TPPU_System-0:1_HydrogenBond_1606_InxClass,HydrogenBond,sEH_TPPU_System-0:1,"(0, 1)",TPPUFeature4Type,sEHFeature721Type
1607,sEH_TPPU_System-0:1_HydrogenBond_1607_InxClass,HydrogenBond,sEH_TPPU_System-0:1,"(0, 1)",TPPUFeature4Type,sEHFeature722Type
1608,sEH_TPPU_System-0:1_HydrogenBond_1608_InxClass,HydrogenBond,sEH_TPPU_System-0:1,"(0, 1)",TPPUFeature4Type,sEHFeature723Type
1609,sEH_TPPU_System-0:1_HydrogenBond_1609_InxClass,HydrogenBond,sEH_TPPU_System-0:1,"(0, 1)",TPPUFeature4Type,sEHFeature724Type
1610,sEH_TPPU_System-0:1_HydrogenBond_1610_InxClass,HydrogenBond,sEH_TPPU_System-0:1,"(0, 1)",TPPUFeature4Type,sEHFeature725Type
1611,sEH_TPPU_System-0:1_HydrogenBond_1611_InxClass,HydrogenBond,sEH_TPPU_System-0:1,"(0, 1)",TPPUFeature4Type,sEHFeature726Type
1612,sEH_TPPU_System-0:1_HydrogenBond_1612_InxClass,HydrogenBond,sEH_TPPU_System-0:1,"(0, 1)",TPPUFeature4Type,sEHFeature727Type
1613,sEH_TPPU_System-0:1_HydrogenBond_1613_InxClass,HydrogenBond,sEH_TPPU_System-0:1,"(0, 1)",TPPUFeature4Type,sEHFeature728Type
1614,sEH_TPPU_System-0:1_HydrogenBond_1614_InxClass,HydrogenBond,sEH_TPPU_System-0:1,"(0, 1)",TPPUFeature4Type,sEHFeature729Type
1615,sEH_TPPU_System-0:1_HydrogenBond_1615_InxClass,HydrogenBond,sEH_TPPU_System-0:1,"(0, 1)",TPPUFeature4Type,sEHFeature730Type
1616,sEH_TPPU_System-0:1_HydrogenBond_1616_InxClass,HydrogenBond,sEH_TPPU_System-0:1,"(0, 1)",TPPUFeature4Type,sEHFeature731Type
1617,sEH_TPPU_System-0:1_HydrogenBond_1617_InxClass,HydrogenBond,sEH_TPPU_System-0:1,"(0, 1)",TPPUFeature4Type,sEHFeature732Type
1618,sEH_TPPU_System-0:1_HydrogenBond_1618_InxClass,HydrogenBond,sEH_TPPU_System-0:1,"(0, 1)",TPPUFeature4Type,sEHFeature733Type
1619,sEH_TPPU_System-0:1_HydrogenBond_1619_InxClass,HydrogenBond,sEH_TPPU_System-0:1,"(0, 1)",TPPUFeature4Type,sEHFeature734Type
1620,sEH_TPPU_System-0:1_HydrogenBond_1620_InxClass,HydrogenBond,sEH_TPPU_System-0:1,"(0, 1)",TPPUFeature4Type,sEHFeature735Type
1621,sEH_TPPU_System-0:1_HydrogenBond_1621_InxClass,HydrogenBond,sEH_TPPU_System-0:1,"(0, 1)",TPPUFeature4Type,sEHFeature736Type
1622,sEH_TPPU_System-0:1_HydrogenBond_1622_InxClass,HydrogenBond,sEH_TPPU_System-0:1,"(0, 1)",TPPUFeature4Type,sEHFeature737Type
1623,sEH_TPPU_System-0:1_HydrogenBond_1623_InxClass,HydrogenBond,sEH_TPPU_System-0:1,"(0, 1)",TPPUFeature4Type,sEHFeature738Type
1624,sEH_TPPU_System-0:1_HydrogenBond_1624_InxClass,HydrogenBond,sEH_TPPU_System-0:1,"(0, 1)",TPPUFeature4Type,sEHFeature739Type
1625,sEH_TPPU_System-0:1_HydrogenBond_1625_InxClass,HydrogenBond,sEH_TPPU_System-0:1,"(0, 1)",TPPUFeature4Type,sEHFeature740Type
1626,sEH_TPPU_System-0:1_HydrogenBond_1626_InxClass,HydrogenBond,sEH_TPPU_System-0:1,"(0, 1)",TPPUFeature4Type,sEHFeature741Type
1627,sEH_TPPU_System-0:1_HydrogenBond_1627_InxClass,HydrogenBond,sEH_TPPU_System-0:1,"(0, 1)",TPPUFeature4Type,sEHFeature742Type
1628,sEH_TPPU_System-0:1_HydrogenBond_1628_InxClass,HydrogenBond,sEH_TPPU_System-0:1,"(0, 1)",TPPUFeature4Type,sEHFeature743Type
1629,sEH_TPPU_System-0:1_HydrogenBond_1629_InxClass,HydrogenBond,sEH_TPPU_System-0:1,"(0, 1)",TPPUFeature4Type,sEHFeature744Type
1630,sEH_TPPU_System-0:1_HydrogenBond_1630_InxClass,HydrogenBond,sEH_TPPU_System-0:1,"(0, 1)",TPPUFeature4Type,sEHFeature745Type
1631,sEH_TPPU_System-0:1_HydrogenBond_1631_InxClass,HydrogenBond,sEH_TPPU_System-0:1,"(0, 1)",TPPUFeature4Type,sEHFeature746Type
1632,sEH_TPPU_System-0:1_HydrogenBond_1632_InxClass,HydrogenBond,sEH_TPPU_System-0:1,"(0, 1)",TPPUFeature4Type,sEHFeature747Type
1633,sEH_TPPU_System-0:1_HydrogenBond_1633_InxClass,HydrogenBond,sEH_TPPU_System-0:1,"(0, 1)",TPPUFeature4Type,sEHFeature748Type
1634,sEH_TPPU_System-0:1_HydrogenBond_1634_InxClass,HydrogenBond,sEH_TPPU_System-0:1,"(0, 1)",TPPUFeature4Type,sEHFeature749Type
1635,sEH_TPPU_System-0:1_HydrogenBond_1635_InxClass,HydrogenBond,sEH_TPPU_System-0:1,"(0, 1)",TPPUFeature4Type,sEHFeature750Type
1636,sEH_TPPU_System-0:1_HydrogenBond_1636_InxClass,HydrogenBond,sEH_TPPU_System-0:1,"(0, 1)",TPPUFeature4Type,sEHFeature751Type
1637,sEH_TPPU_System-0:1_HydrogenBond_1637_InxClass,HydrogenBond,sEH_TPPU_System-0:1,"(0, 1)",TPPUFeature4Type,sEHFeature752Type
1638,sEH_TPPU_System-0:1_HydrogenBond_1638_InxClass,HydrogenBond,sEH_TPPU_System-0:1,"(0, 1)",TPPUFeature4Type,sEHFeature753Type
1639,sEH_TPPU_System-0:1_HydrogenBond_1639_InxClass,HydrogenBond,sEH_TPPU_System-0:1,"(0, 1)",TPPUFeature4Type,sEHFeature754Type
1640,sEH_TPPU_System-0:1_HydrogenBond_1640_InxClass,HydrogenBond,sEH_TPPU_System-0:1,"(0, 1)",TPPUFeature4Type,sEHFeature755Type
1641,sEH_TPPU_System-0:1_HydrogenBond_1641_InxClass,HydrogenBond,sEH_TPPU_System-0:1,"(0, 1)",TPPUFeature4Type,sEHFeature756Type
1642,sEH_TPPU_System-0:1_HydrogenBond_1642_InxClass,HydrogenBond,sEH_TPPU_System-0:1,"(0, 1)",TPPUFeature4Type,sEHFeature757Type
1643,sEH_TPPU_System-0:1_HydrogenBond_1643_InxClass,HydrogenBond,sEH_TPPU_System-0:1,"(0, 1)",TPPUFeature4Type,sEHFeature758Type
1644,sEH_TPPU_System-0:1_HydrogenBond_1644_InxClass,HydrogenBond,sEH_TPPU_System-0:1,"(0, 1)",TPPUFeature4Type,sEHFeature759Type
1645,sEH_TPPU_System-0:1_HydrogenBond_1645_InxClass,HydrogenBond,sEH_TPPU_System-0:1,"(0, 1)",TPPUFeature4Type,sEHFeature760Type
1646,sEH_TPPU_System-0:1_HydrogenBond_1646_InxClass,HydrogenBond,sEH_TPPU_System-0:1,"(0, 1)",TPPUFeature4Type,sEHFeature761Type
1647,sEH_TPPU_System-0:1_HydrogenBond_1647_InxClass,HydrogenBond,sEH_TPPU_System-0:1,"(0, 1)",TPPUFeature4Type,sEHFeature762Type
1648,sEH_TPPU_System-0:1_HydrogenBond_1648_InxClass,HydrogenBond,sEH_TPPU_System-0:1,"(0, 1)",TPPUFeature4Type,sEHFeature763Type
1649,sEH_TPPU_System-0:1_HydrogenBond_1649_InxClass,HydrogenBond,sEH_TPPU_System-0:1,"(0, 1)",TPPUFeature4Type,sEHFeature764Type
1650,sEH_TPPU_System-0:1_HydrogenBond_1650_InxClass,HydrogenBond,sEH_TPPU_System-0:1,"(0, 1)",TPPUFeature4Type,sEHFeature765Type
1651,sEH_TPPU_System-0:1_HydrogenBond_1651_InxClass,HydrogenBond,sEH_TPPU_System-0:1,"(0, 1)",TPPUFeature4Type,sEHFeature766Type
1652,sEH_TPPU_System-0:1_HydrogenBond_1652_InxClass,HydrogenBond,sEH_TPPU_System-0:1,"(0, 1)",TPPUFeature4Type,sEHFeature767Type
1653,sEH_TPPU_System-0:1_HydrogenBond_1653_InxClass,HydrogenBond,sEH_TPPU_System-0:1,"(0, 1)",TPPUFeature4Type,sEHFeature768Type
1654,sEH_TPPU_System-0:1_HydrogenBond_1654_InxClass,HydrogenBond,sEH_TPPU_System-0:1,"(0, 1)",TPPUFeature4Type,sEHFeature769Type
1655,sEH_TPPU_System-0:1_HydrogenBond_1655_InxClass,HydrogenBond,sEH_TPPU_System-0:1,"(0, 1)",TPPUFeature4Type,sEHFeature770Type
1656,sEH_TPPU_System-0:1_HydrogenBond_1656_InxClass,HydrogenBond,sEH_TPPU_System-0:1,"(0, 1)",TPPUFeature4Type,sEHFeature771Type
1657,sEH_TPPU_System-0:1_HydrogenBond_1657_InxClass,HydrogenBond,sEH_TPPU_System-0:1,"(0, 1)",TPPUFeature4Type,sEHFeature772Type
1658,sEH_TPPU_System-0:1_HydrogenBond_1658_InxClass,HydrogenBond,sEH_TPPU_System-0:1,"(0, 1)",TPPUFeature4Type,sEHFeature773Type
1659,sEH_TPPU_System-0:1_HydrogenBond_1659_InxClass,HydrogenBond,sEH_TPPU_System-0:1,"(0, 1)",TPPUFeature4Type,sEHFeature774Type
1660,sEH_TPPU_System-0:1_HydrogenBond_1660_InxClass,HydrogenBond,sEH_TPPU_System-0:1,"(0, 1)",TPPUFeature4Type,sEHFeature775Type
1661,sEH_TPPU_System-0:1_HydrogenBond_1661_InxClass,HydrogenBond,sEH_TPPU_System-0:1,"(0, 1)",TPPUFeature4Type,sEHFeature776Type
1662,sEH_TPPU_System-0:1_HydrogenBond_1662_InxClass,HydrogenBond,sEH_TPPU_System-0:1,"(0, 1)",TPPUFeature4Type,sEHFeature777Type
1663,sEH_TPPU_System-0:1_HydrogenBond_1663_InxClass,HydrogenBond,sEH_TPPU_System-0:1,"(0, 1)",TPPUFeature4Type,sEHFeature778Type
1664,sEH_TPPU_System-0:1_HydrogenBond_1664_InxClass,HydrogenBond,sEH_TPPU_System-0:1,"(0, 1)",TPPUFeature4Type,sEHFeature779Type
1665,sEH_TPPU_System-0:1_HydrogenBond_1665_InxClass,HydrogenBond,sEH_TPPU_System-0:1,"(0, 1)",TPPUFeature4Type,sEHFeature780Type
1666,sEH_TPPU_System-0:1_HydrogenBond_1666_InxClass,HydrogenBond,sEH_TPPU_System-0:1,"(0, 1)",TPPUFeature4Type,sEHFeature781Type
1667,sEH_TPPU_System-0:1_HydrogenBond_1667_InxClass,HydrogenBond,sEH_TPPU_System-0:1,"(0, 1)",TPPUFeature4Type,sEHFeature782Type
1668,sEH_TPPU_System-0:1_HydrogenBond_1668_InxClass,HydrogenBond,sEH_TPPU_System-0:1,"(0, 1)",TPPUFeature4Type,sEHFeature783Type
1669,sEH_TPPU_System-0:1_HydrogenBond_1669_InxClass,HydrogenBond,sEH_TPPU_System-0:1,"(0, 1)",TPPUFeature4Type,sEHFeature784Type
1670,sEH_TPPU_System-0:1_HydrogenBond_1670_InxClass,HydrogenBond,sEH_TPPU_System-0:1,"(0, 1)",TPPUFeature4Type,sEHFeature785Type
1671,sEH_TPPU_System-0:1_HydrogenBond_1671_InxClass,HydrogenBond,sEH_TPPU_System-0:1,"(0, 1)",TPPUFeature4Type,sEHFeature786Type
1672,sEH_TPPU_System-0:1_HydrogenBond_1672_InxClass,HydrogenBond,sEH_TPPU_System-0:1,"(0, 1)",TPPUFeature4Type,sEHFeature787Type
1673,sEH_TPPU_System-0:1_HydrogenBond_1673_InxClass,HydrogenBond,sEH_TPPU_System-0:1,"(0, 1)",TPPUFeature4Type,sEHFeature788Type
1674,sEH_TPPU_System-0:1_HydrogenBond_1674_InxClass,HydrogenBond,sEH_TPPU_System-0:1,"(0, 1)",TPPUFeature4Type,sEHFeature789Type
1675,sEH_TPPU_System-0:1_HydrogenBond_1675_InxClass,HydrogenBond,sEH_TPPU_System-0:1,"(0, 1)",TPPUFeature4Type,sEHFeature790Type
1676,sEH_TPPU_System-0:1_HydrogenBond_1676_InxClass,HydrogenBond,sEH_TPPU_System-0:1,"(0, 1)",TPPUFeature4Type,sEHFeature791Type
1677,sEH_TPPU_System-0:1_HydrogenBond_1677_InxClass,HydrogenBond,sEH_TPPU_System-0:1,"(0, 1)",TPPUFeature4Type,sEHFeature792Type
1678,sEH_TPPU_System-0:1_HydrogenBond_1678_InxClass,HydrogenBond,sEH_TPPU_System-0:1,"(0, 1)",TPPUFeature4Type,sEHFeature793Type
1679,sEH_TPPU_System-0:1_HydrogenBond_1679_InxClass,HydrogenBond,sEH_TPPU_System-0:1,"(0, 1)",TPPUFeature4Type,sEHFeature794Type
1680,sEH_TPPU_System-0:1_HydrogenBond_1680_InxClass,HydrogenBond,sEH_TPPU_System-0:1,"(0, 1)",TPPUFeature4Type,sEHFeature795Type
1681,sEH_TPPU_System-0:1_HydrogenBond_1681_InxClass,HydrogenBond,sEH_TPPU_System-0:1,"(0, 1)",TPPUFeature4Type,sEHFeature796Type
1682,sEH_TPPU_System-0:1_HydrogenBond_1682_InxClass,HydrogenBond,sEH_TPPU_System-0:1,"(0, 1)",TPPUFeature4Type,sEHFeature797Type
1683,sEH_TPPU_System-0:1_HydrogenBond_1683_InxClass,HydrogenBond,sEH_TPPU_System-0:1,"(0, 1)",TPPUFeature4Type,sEHFeature798Type
1684,sEH_TPPU_System-0:1_HydrogenBond_1684_InxClass,HydrogenBond,sEH_TPPU_System-0:1,"(0, 1)",TPPUFeature4Type,sEHFeature799Type
1685,sEH_TPPU_System-0:1_HydrogenBond_1685_InxClass,HydrogenBond,sEH_TPPU_System-0:1,"(0, 1)",TPPUFeature4Type,sEHFeature800Type
1686,sEH_TPPU_System-0:1_HydrogenBond_1686_InxClass,HydrogenBond,sEH_TPPU_System-0:1,"(0, 1)",TPPUFeature4Type,sEHFeature801Type
1687,sEH_TPPU_System-0:1_HydrogenBond_1687_InxClass,HydrogenBond,sEH_TPPU_System-0:1,"(0, 1)",TPPUFeature4Type,sEHFeature802Type
1688,sEH_TPPU_System-0:1_HydrogenBond_1688_InxClass,HydrogenBond,sEH_TPPU_System-0:1,"(0, 1)",TPPUFeature4Type,sEHFeature803Type
1689,sEH_TPPU_System-0:1_HydrogenBond_1689_InxClass,HydrogenBond,sEH_TPPU_System-0:1,"(0, 1)",TPPUFeature4Type,sEHFeature804Type
1690,sEH_TPPU_System-0:1_HydrogenBond_1690_InxClass,HydrogenBond,sEH_TPPU_System-0:1,"(0, 1)",TPPUFeature4Type,sEHFeature805Type
1691,sEH_TPPU_System-0:1_HydrogenBond_1691_InxClass,HydrogenBond,sEH_TPPU_System-0:1,"(0, 1)",TPPUFeature4Type,sEHFeature806Type
1692,sEH_TPPU_System-0:1_HydrogenBond_1692_InxClass,HydrogenBond,sEH_TPPU_System-0:1,"(0, 1)",TPPUFeature4Type,sEHFeature807Type
1693,sEH_TPPU_System-0:1_HydrogenBond_1693_InxClass,HydrogenBond,sEH_TPPU_System-0:1,"(0, 1)",TPPUFeature4Type,sEHFeature808Type
1694,sEH_TPPU_System-0:1_HydrogenBond_1694_InxClass,HydrogenBond,sEH_TPPU_System-0:1,"(0, 1)",TPPUFeature4Type,sEHFeature809Type
1695,sEH_TPPU_System-0:1_HydrogenBond_1695_InxClass,HydrogenBond,sEH_TPPU_System-0:1,"(0, 1)",TPPUFeature4Type,sEHFeature810Type
1696,sEH_TPPU_System-0:1_HydrogenBond_1696_InxClass,HydrogenBond,sEH_TPPU_System-0:1,"(0, 1)",TPPUFeature4Type,sEHFeature811Type
1697,sEH_TPPU_System-0:1_HydrogenBond_1697_InxClass,HydrogenBond,sEH_TPPU_System-0:1,"(0, 1)",TPPUFeature4Type,sEHFeature812Type
1698,sEH_TPPU_System-0:1_HydrogenBond_1698_InxClass,HydrogenBond,sEH_TPPU_System-0:1,"(0, 1)",TPPUFeature4Type,sEHFeature813Type
1699,sEH_TPPU_System-0:1_HydrogenBond_1699_InxClass,HydrogenBond,sEH_TPPU_System-0:1,"(0, 1)",TPPUFeature4Type,sEHFeature814Type
1700,sEH_TPPU_System-0:1_HydrogenBond_1700_InxClass,HydrogenBond,sEH_TPPU_System-0:1,"(0, 1)",TPPUFeature4Type,sEHFeature815Type
1701,sEH_TPPU_System-0:1_HydrogenBond_1701_InxClass,HydrogenBond,sEH_TPPU_System-0:1,"(0, 1)",TPPUFeature4Type,sEHFeature816Type
1702,sEH_TPPU_System-0:1_HydrogenBond_1702_InxClass,HydrogenBond,sEH_TPPU_System-0:1,"(0, 1)",TPPUFeature4Type,sEHFeature817Type
1703,sEH_TPPU_System-0:1_HydrogenBond_1703_InxClass,HydrogenBond,sEH_TPPU_System-0:1,"(0, 1)",TPPUFeature4Type,sEHFeature818Type
1704,sEH_TPPU_System-0:1_HydrogenBond_1704_InxClass,HydrogenBond,sEH_TPPU_System-0:1,"(0, 1)",TPPUFeature4Type,sEHFeature819Type
1705,sEH_TPPU_System-0:1_HydrogenBond_1705_InxClass,HydrogenBond,sEH_TPPU_System-0:1,"(0, 1)",TPPUFeature4Type,sEHFeature820Type
1706,sEH_TPPU_System-0:1_HydrogenBond_1706_InxClass,HydrogenBond,sEH_TPPU_System-0:1,"(0, 1)",TPPUFeature4Type,sEHFeature821Type
1707,sEH_TPPU_System-0:1_HydrogenBond_1707_InxClass,HydrogenBond,sEH_TPPU_System-0:1,"(0, 1)",TPPUFeature4Type,sEHFeature822Type
1708,sEH_TPPU_System-0:1_HydrogenBond_1708_InxClass,HydrogenBond,sEH_TPPU_System-0:1,"(0, 1)",TPPUFeature4Type,sEHFeature823Type
1709,sEH_TPPU_System-0:1_HydrogenBond_1709_InxClass,HydrogenBond,sEH_TPPU_System-0:1,"(0, 1)",TPPUFeature4Type,sEHFeature824Type
1710,sEH_TPPU_System-0:1_HydrogenBond_1710_InxClass,HydrogenBond,sEH_TPPU_System-0:1,"(0, 1)",TPPUFeature4Type,sEHFeature825Type
1711,sEH_TPPU_System-0:1_HydrogenBond_1711_InxClass,HydrogenBond,sEH_TPPU_System-0:1,"(0, 1)",TPPUFeature4Type,sEHFeature826Type
1712,sEH_TPPU_System-0:1_HydrogenBond_1712_InxClass,HydrogenBond,sEH_TPPU_System-0:1,"(0, 1)",TPPUFeature4Type,sEHFeature827Type
1713,sEH_TPPU_System-0:1_HydrogenBond_1713_InxClass,HydrogenBond,sEH_TPPU_System-0:1,"(0, 1)",TPPUFeature4Type,sEHFeature828Type
1714,sEH_TPPU_System-0:1_HydrogenBond_1714_InxClass,HydrogenBond,sEH_TPPU_System-0:1,"(0, 1)",TPPUFeature4Type,sEHFeature829Type
1715,sEH_TPPU_System-0:1_HydrogenBond_1715_InxClass,HydrogenBond,sEH_TPPU_System-0:1,"(0, 1)",TPPUFeature4Type,sEHFeature830Type
1716,sEH_TPPU_System-0:1_HydrogenBond_1716_InxClass,HydrogenBond,sEH_TPPU_System-0:1,"(0, 1)",TPPUFeature4Type,sEHFeature831Type
1717,sEH_TPPU_System-0:1_HydrogenBond_1717_InxClass,HydrogenBond,sEH_TPPU_System-0:1,"(0, 1)",TPPUFeature4Type,sEHFeature832Type
1718,sEH_TPPU_System-0:1_HydrogenBond_1718_InxClass,HydrogenBond,sEH_TPPU_System-0:1,"(0, 1)",TPPUFeature4Type,sEHFeature833Type
1719,sEH_TPPU_System-0:1_HydrogenBond_1719_InxClass,HydrogenBond,sEH_TPPU_System-0:1,"(0, 1)",TPPUFeature4Type,sEHFeature834Type
1720,sEH_TPPU_System-0:1_HydrogenBond_1720_InxClass,HydrogenBond,sEH_TPPU_System-0:1,"(0, 1)",TPPUFeature4Type,sEHFeature835Type
1721,sEH_TPPU_System-0:1_HydrogenBond_1721_InxClass,HydrogenBond,sEH_TPPU_System-0:1,"(0, 1)",TPPUFeature4Type,sEHFeature836Type
1722,sEH_TPPU_System-0:1_HydrogenBond_1722_InxClass,HydrogenBond,sEH_TPPU_System-0:1,"(0, 1)",TPPUFeature4Type,sEHFeature837Type
1723,sEH_TPPU_System-0:1_HydrogenBond_1723_InxClass,HydrogenBond,sEH_TPPU_System-0:1,"(0, 1)",TPPUFeature4Type,sEHFeature838Type
1724,sEH_TPPU_System-0:1_HydrogenBond_1724_InxClass,HydrogenBond,sEH_TPPU_System-0:1,"(0, 1)",TPPUFeature4Type,sEHFeature839Type
1725,sEH_TPPU_System-0:1_HydrogenBond_1725_InxClass,HydrogenBond,sEH_TPPU_System-0:1,"(0, 1)",TPPUFeature4Type,sEHFeature840Type
1726,sEH_TPPU_System-0:1_HydrogenBond_1726_InxClass,HydrogenBond,sEH_TPPU_System-0:1,"(0, 1)",TPPUFeature4Type,sEHFeature841Type
1727,sEH_TPPU_System-0:1_HydrogenBond_1727_InxClass,HydrogenBond,sEH_TPPU_System-0:1,"(0, 1)",TPPUFeature4Type,sEHFeature842Type
1728,sEH_TPPU_System-0:1_HydrogenBond_1728_InxClass,HydrogenBond,sEH_TPPU_System-0:1,"(0, 1)",TPPUFeature4Type,sEHFeature843Type
1729,sEH_TPPU_System-0:1_HydrogenBond_1729_InxClass,HydrogenBond,sEH_TPPU_System-0:1,"(0, 1)",TPPUFeature4Type,sEHFeature844Type
1730,sEH_TPPU_System-0:1_HydrogenBond_1730_InxClass,HydrogenBond,sEH_TPPU_System-0:1,"(0, 1)",TPPUFeature4Type,sEHFeature845Type
1731,sEH_TPPU_System-0:1_HydrogenBond_1731_InxClass,HydrogenBond,sEH_TPPU_System-0:1,"(0, 1)",TPPUFeature4Type,sEHFeature846Type
1732,sEH_TPPU_System-0:1_HydrogenBond_1732_InxClass,HydrogenBond,sEH_TPPU_System-0:1,"(0, 1)",TPPUFeature4Type,sEHFeature847Type
1733,sEH_TPPU_System-0:1_HydrogenBond_1733_InxClass,HydrogenBond,sEH_TPPU_System-0:1,"(0, 1)",TPPUFeature4Type,sEHFeature848Type
1734,sEH_TPPU_System-0:1_HydrogenBond_1734_InxClass,HydrogenBond,sEH_TPPU_System-0:1,"(0, 1)",TPPUFeature4Type,sEHFeature849Type
1735,sEH_TPPU_System-0:1_HydrogenBond_1735_InxClass,HydrogenBond,sEH_TPPU_System-0:1,"(0, 1)",TPPUFeature4Type,sEHFeature850Type
1736,sEH_TPPU_System-0:1_HydrogenBond_1736_InxClass,HydrogenBond,sEH_TPPU_System-0:1,"(0, 1)",TPPUFeature4Type,sEHFeature851Type
1737,sEH_TPPU_System-0:1_HydrogenBond_1737_InxClass,HydrogenBond,sEH_TPPU_System-0:1,"(0, 1)",TPPUFeature4Type,sEHFeature852Type
1738,sEH_TPPU_System-0:1_HydrogenBond_1738_InxClass,HydrogenBond,sEH_TPPU_System-0:1,"(0, 1)",TPPUFeature4Type,sEHFeature853Type
1739,sEH_TPPU_System-0:1_HydrogenBond_1739_InxClass,HydrogenBond,sEH_TPPU_System-0:1,"(0, 1)",TPPUFeature4Type,sEHFeature854Type
1740,sEH_TPPU_System-0:1_HydrogenBond_1740_InxClass,HydrogenBond,sEH_TPPU_System-0:1,"(0, 1)",TPPUFeature4Type,sEHFeature855Type
1741,sEH_TPPU_System-0:1_HydrogenBond_1741_InxClass,HydrogenBond,sEH_TPPU_System-0:1,"(0, 1)",TPPUFeature4Type,sEHFeature856Type
1742,sEH_TPPU_System-0:1_HydrogenBond_1742_InxClass,HydrogenBond,sEH_TPPU_System-0:1,"(0, 1)",TPPUFeature4Type,sEHFeature857Type
1743,sEH_TPPU_System-0:1_HydrogenBond_1743_InxClass,HydrogenBond,sEH_TPPU_System-0:1,"(0, 1)",TPPUFeature4Type,sEHFeature858Type
1744,sEH_TPPU_System-0:1_HydrogenBond_1744_InxClass,HydrogenBond,sEH_TPPU_System-0:1,"(0, 1)",TPPUFeature4Type,sEHFeature859Type
1745,sEH_TPPU_System-0:1_HydrogenBond_1745_InxClass,HydrogenBond,sEH_TPPU_System-0:1,"(0, 1)",TPPUFeature4Type,sEHFeature860Type
1746,sEH_TPPU_System-0:1_HydrogenBond_1746_InxClass,HydrogenBond,sEH_TPPU_System-0:1,"(0, 1)",TPPUFeature4Type,sEHFeature861Type
1747,sEH_TPPU_System-0:1_HydrogenBond_1747_InxClass,HydrogenBond,sEH_TPPU_System-0:1,"(0, 1)",TPPUFeature4Type,sEHFeature862Type
1748,sEH_TPPU_System-0:1_HydrogenBond_1748_InxClass,HydrogenBond,sEH_TPPU_System-0:1,"(0, 1)",TPPUFeature4Type,sEHFeature863Type
1749,sEH_TPPU_System-0:1_HydrogenBond_1749_InxClass,HydrogenBond,sEH_TPPU_System-0:1,"(0, 1)",TPPUFeature4Type,sEHFeature864Type
1750,sEH_TPPU_System-0:1_HydrogenBond_1750_InxClass,HydrogenBond,sEH_TPPU_System-0:1,"(0, 1)",TPPUFeature4Type,sEHFeature865Type
1751,sEH_TPPU_System-0:1_HydrogenBond_1751_InxClass,HydrogenBond,sEH_TPPU_System-0:1,"(0, 1)",TPPUFeature4Type,sEHFeature866Type
1752,sEH_TPPU_System-0:1_HydrogenBond_1752_InxClass,HydrogenBond,sEH_TPPU_System-0:1,"(0, 1)",TPPUFeature4Type,sEHFeature867Type
1753,sEH_TPPU_System-0:1_HydrogenBond_1753_InxClass,HydrogenBond,sEH_TPPU_System-0:1,"(0, 1)",TPPUFeature4Type,sEHFeature868Type
1754,sEH_TPPU_System-0:1_HydrogenBond_1754_InxClass,HydrogenBond,sEH_TPPU_System-0:1,"(0, 1)",TPPUFeature4Type,sEHFeature869Type
1755,sEH_TPPU_System-0:1_HydrogenBond_1755_InxClass,HydrogenBond,sEH_TPPU_System-0:1,"(0, 1)",TPPUFeature4Type,sEHFeature870Type
1756,sEH_TPPU_System-0:1_HydrogenBond_1756_InxClass,HydrogenBond,sEH_TPPU_System-0:1,"(0, 1)",TPPUFeature4Type,sEHFeature871Type
1757,sEH_TPPU_System-0:1_HydrogenBond_1757_InxClass,HydrogenBond,sEH_TPPU_System-0:1,"(0, 1)",TPPUFeature4Type,sEHFeature872Type
1758,sEH_TPPU_System-0:1_HydrogenBond_1758_InxClass,HydrogenBond,sEH_TPPU_System-0:1,"(0, 1)",TPPUFeature4Type,sEHFeature873Type
1759,sEH_TPPU_System-0:1_HydrogenBond_1759_InxClass,HydrogenBond,sEH_TPPU_System-0:1,"(0, 1)",TPPUFeature4Type,sEHFeature874Type
1760,sEH_TPPU_System-0:1_HydrogenBond_1760_InxClass,HydrogenBond,sEH_TPPU_System-0:1,"(0, 1)",TPPUFeature4Type,sEHFeature875Type
1761,sEH_TPPU_System-0:1_HydrogenBond_1761_InxClass,HydrogenBond,sEH_TPPU_System-0:1,"(0, 1)",TPPUFeature4Type,sEHFeature876Type
1762,sEH_TPPU_System-0:1_HydrogenBond_1762_InxClass,HydrogenBond,sEH_TPPU_System-0:1,"(0, 1)",TPPUFeature4Type,sEHFeature877Type
1763,sEH_TPPU_System-0:1_HydrogenBond_1763_InxClass,HydrogenBond,sEH_TPPU_System-0:1,"(0, 1)",TPPUFeature4Type,sEHFeature878Type
1764,sEH_TPPU_System-0:1_HydrogenBond_1764_InxClass,HydrogenBond,sEH_TPPU_System-0:1,"(0, 1)",TPPUFeature4Type,sEHFeature879Type
1765,sEH_TPPU_System-0:1_HydrogenBond_1765_InxClass,HydrogenBond,sEH_TPPU_System-0:1,"(0, 1)",TPPUFeature4Type,sEHFeature880Type
1766,sEH_TPPU_System-0:1_HydrogenBond_1766_InxClass,HydrogenBond,sEH_TPPU_System-0:1,"(0, 1)",TPPUFeature4Type,sEHFeature881Type
1767,sEH_TPPU_System-0:1_HydrogenBond_1767_InxClass,HydrogenBond,sEH_TPPU_System-0:1,"(0, 1)",TPPUFeature4Type,sEHFeature882Type
1768,sEH_TPPU_System-0:1_HydrogenBond_1768_InxClass,HydrogenBond,sEH_TPPU_System-0:1,"(0, 1)",TPPUFeature4Type,sEHFeature883Type
1769,sEH_TPPU_System-0:1_HydrogenBond_1769_InxClass,HydrogenBond,sEH_TPPU_System-0:1,"(0, 1)",TPPUFeature4Type,sEHFeature884Type
1770,sEH_TPPU_System-0:1_HydrogenBond_1770_InxClass,HydrogenBond,sEH_TPPU_System-0:1,"(0, 1)",TPPUFeature4Type,sEHFeature885Type
1771,sEH_TPPU_System-0:1_HydrogenBond_1771_InxClass,HydrogenBond,sEH_TPPU_System-0:1,"(0, 1)",TPPUFeature4Type,sEHFeature886Type
1772,sEH_TPPU_System-0:1_HydrogenBond_1772_InxClass,HydrogenBond,sEH_TPPU_System-0:1,"(0, 1)",TPPUFeature4Type,sEHFeature887Type
1773,sEH_TPPU_System-0:1_HydrogenBond_1773_InxClass,HydrogenBond,sEH_TPPU_System-0:1,"(0, 1)",TPPUFeature4Type,sEHFeature888Type
1774,sEH_TPPU_System-0:1_HydrogenBond_1774_InxClass,HydrogenBond,sEH_TPPU_System-0:1,"(0, 1)",TPPUFeature4Type,sEHFeature889Type
1775,sEH_TPPU_System-0:1_HydrogenBond_1775_InxClass,HydrogenBond,sEH_TPPU_System-0:1,"(0, 1)",TPPUFeature4Type,sEHFeature890Type
1776,sEH_TPPU_System-0:1_HydrogenBond_1776_InxClass,HydrogenBond,sEH_TPPU_System-0:1,"(0, 1)",TPPUFeature4Type,sEHFeature891Type
1777,sEH_TPPU_System-0:1_HydrogenBond_1777_InxClass,HydrogenBond,sEH_TPPU_System-0:1,"(0, 1)",TPPUFeature4Type,sEHFeature892Type
1778,sEH_TPPU_System-0:1_HydrogenBond_1778_InxClass,HydrogenBond,sEH_TPPU_System-0:1,"(0, 1)",TPPUFeature4Type,sEHFeature893Type
1779,sEH_TPPU_System-0:1_HydrogenBond_1779_InxClass,HydrogenBond,sEH_TPPU_System-0:1,"(0, 1)",TPPUFeature4Type,sEHFeature894Type
1780,sEH_TPPU_System-0:1_HydrogenBond_1780_InxClass,HydrogenBond,sEH_TPPU_System-0:1,"(0, 1)",TPPUFeature4Type,sEHFeature895Type
1781,sEH_TPPU_System-0:1_HydrogenBond_1781_InxClass,HydrogenBond,sEH_TPPU_System-0:1,"(0, 1)",TPPUFeature4Type,sEHFeature896Type
1782,sEH_TPPU_System-0:1_HydrogenBond_1782_InxClass,HydrogenBond,sEH_TPPU_System-0:1,"(0, 1)",TPPUFeature4Type,sEHFeature897Type
1783,sEH_TPPU_System-0:1_HydrogenBond_1783_InxClass,HydrogenBond,sEH_TPPU_System-0:1,"(0, 1)",TPPUFeature4Type,sEHFeature898Type
1784,sEH_TPPU_System-0:1_HydrogenBond_1784_InxClass,HydrogenBond,sEH_TPPU_System-0:1,"(0, 1)",TPPUFeature4Type,sEHFeature899Type
1785,sEH_TPPU_System-0:1_HydrogenBond_1785_InxClass,HydrogenBond,sEH_TPPU_System-0:1,"(0, 1)",TPPUFeature4Type,sEHFeature900Type
1786,sEH_TPPU_System-0:1_HydrogenBond_1786_InxClass,HydrogenBond,sEH_TPPU_System-0:1,"(0, 1)",TPPUFeature4Type,sEHFeature901Type
1787,sEH_TPPU_System-0:1_HydrogenBond_1787_InxClass,HydrogenBond,sEH_TPPU_System-0:1,"(0, 1)",TPPUFeature4Type,sEHFeature902Type
1788,sEH_TPPU_System-0:1_HydrogenBond_1788_InxClass,HydrogenBond,sEH_TPPU_System-0:1,"(0, 1)",TPPUFeature4Type,sEHFeature903Type
1789,sEH_TPPU_System-0:1_HydrogenBond_1789_InxClass,HydrogenBond,sEH_TPPU_System-0:1,"(0, 1)",TPPUFeature4Type,sEHFeature904Type
1790,sEH_TPPU_System-0:1_HydrogenBond_1790_InxClass,HydrogenBond,sEH_TPPU_System-0:1,"(0, 1)",TPPUFeature4Type,sEHFeature905Type
1791,sEH_TPPU_System-0:1_HydrogenBond_1791_InxClass,HydrogenBond,sEH_TPPU_System-0:1,"(0, 1)",TPPUFeature4Type,sEHFeature906Type
1792,sEH_TPPU_System-0:1_HydrogenBond_1792_InxClass,HydrogenBond,sEH_TPPU_System-0:1,"(0, 1)",TPPUFeature4Type,sEHFeature907Type
1793,sEH_TPPU_System-0:1_HydrogenBond_1793_InxClass,HydrogenBond,sEH_TPPU_System-0:1,"(0, 1)",TPPUFeature4Type,sEHFeature908Type
1794,sEH_TPPU_System-0:1_HydrogenBond_1794_InxClass,HydrogenBond,sEH_TPPU_System-0:1,"(0, 1)",TPPUFeature4Type,sEHFeature909Type
1795,sEH_TPPU_System-0:1_HydrogenBond_1795_InxClass,HydrogenBond,sEH_TPPU_System-0:1,"(0, 1)",TPPUFeature4Type,sEHFeature910Type
1796,sEH_TPPU_System-0:1_HydrogenBond_1796_InxClass,HydrogenBond,sEH_TPPU_System-0:1,"(0, 1)",TPPUFeature4Type,sEHFeature911Type
1797,sEH_TPPU_System-0:1_HydrogenBond_1797_InxClass,HydrogenBond,sEH_TPPU_System-0:1,"(0, 1)",TPPUFeature4Type,sEHFeature912Type
1798,sEH_TPPU_System-0:1_HydrogenBond_1798_InxClass,HydrogenBond,sEH_TPPU_System-0:1,"(0, 1)",TPPUFeature4Type,sEHFeature913Type
1799,sEH_TPPU_System-0:1_HydrogenBond_1799_InxClass,HydrogenBond,sEH_TPPU_System-0:1,"(0, 1)",TPPUFeature4Type,sEHFeature914Type
1800,sEH_TPPU_System-0:1_HydrogenBond_1800_InxClass,HydrogenBond,sEH_TPPU_System-0:1,"(0, 1)",TPPUFeature4Type,sEHFeature915Type
1801,sEH_TPPU_System-0:1_HydrogenBond_1801_InxClass,HydrogenBond,sEH_TPPU_System-0:1,"(0, 1)",TPPUFeature4Type,sEHFeature916Type
1802,sEH_TPPU_System-0:1_HydrogenBond_1802_InxClass,HydrogenBond,sEH_TPPU_System-0:1,"(0, 1)",TPPUFeature4Type,sEHFeature917Type
1803,sEH_TPPU_System-0:1_HydrogenBond_1803_InxClass,HydrogenBond,sEH_TPPU_System-0:1,"(0, 1)",TPPUFeature4Type,sEHFeature918Type
1804,sEH_TPPU_System-0:1_HydrogenBond_1804_InxClass,HydrogenBond,sEH_TPPU_System-0:1,"(0, 1)",TPPUFeature4Type,sEHFeature919Type
1805,sEH_TPPU_System-0:1_HydrogenBond_1805_InxClass,HydrogenBond,sEH_TPPU_System-0:1,"(0, 1)",TPPUFeature4Type,sEHFeature920Type
1806,sEH_TPPU_System-0:1_HydrogenBond_1806_InxClass,HydrogenBond,sEH_TPPU_System-0:1,"(0, 1)",TPPUFeature4Type,sEHFeature921Type
1807,sEH_TPPU_System-0:1_HydrogenBond_1807_InxClass,HydrogenBond,sEH_TPPU_System-0:1,"(0, 1)",TPPUFeature4Type,sEHFeature922Type
1808,sEH_TPPU_System-0:1_HydrogenBond_1808_InxClass,HydrogenBond,sEH_TPPU_System-0:1,"(0, 1)",TPPUFeature4Type,sEHFeature923Type
1809,sEH_TPPU_System-0:1_HydrogenBond_1809_InxClass,HydrogenBond,sEH_TPPU_System-0:1,"(0, 1)",TPPUFeature4Type,sEHFeature924Type
1810,sEH_TPPU_System-0:1_HydrogenBond_1810_InxClass,HydrogenBond,sEH_TPPU_System-0:1,"(0, 1)",TPPUFeature4Type,sEHFeature925Type
1811,sEH_TPPU_System-0:1_HydrogenBond_1811_InxClass,HydrogenBond,sEH_TPPU_System-0:1,"(0, 1)",TPPUFeature4Type,sEHFeature926Type
1812,sEH_TPPU_System-0:1_HydrogenBond_1812_InxClass,HydrogenBond,sEH_TPPU_System-0:1,"(0, 1)",TPPUFeature4Type,sEHFeature927Type
1813,sEH_TPPU_System-0:1_HydrogenBond_1813_InxClass,HydrogenBond,sEH_TPPU_System-0:1,"(0, 1)",TPPUFeature4Type,sEHFeature928Type
1814,sEH_TPPU_System-0:1_HydrogenBond_1814_InxClass,HydrogenBond,sEH_TPPU_System-0:1,"(0, 1)",TPPUFeature4Type,sEHFeature929Type
1815,sEH_TPPU_System-0:1_HydrogenBond_1815_InxClass,HydrogenBond,sEH_TPPU_System-0:1,"(0, 1)",TPPUFeature4Type,sEHFeature930Type
1816,sEH_TPPU_System-0:1_HydrogenBond_1816_InxClass,HydrogenBond,sEH_TPPU_System-0:1,"(0, 1)",TPPUFeature4Type,sEHFeature931Type
1817,sEH_TPPU_System-0:1_HydrogenBond_1817_InxClass,HydrogenBond,sEH_TPPU_System-0:1,"(0, 1)",TPPUFeature4Type,sEHFeature932Type
1818,sEH_TPPU_System-0:1_HydrogenBond_1818_InxClass,HydrogenBond,sEH_TPPU_System-0:1,"(0, 1)",TPPUFeature4Type,sEHFeature933Type
1819,sEH_TPPU_System-0:1_HydrogenBond_1819_InxClass,HydrogenBond,sEH_TPPU_System-0:1,"(0, 1)",TPPUFeature4Type,sEHFeature934Type
1820,sEH_TPPU_System-0:1_HydrogenBond_1820_InxClass,HydrogenBond,sEH_TPPU_System-0:1,"(0, 1)",TPPUFeature4Type,sEHFeature935Type
1821,sEH_TPPU_System-0:1_HydrogenBond_1821_InxClass,HydrogenBond,sEH_TPPU_System-0:1,"(0, 1)",TPPUFeature4Type,sEHFeature936Type
1822,sEH_TPPU_System-0:1_HydrogenBond_1822_InxClass,HydrogenBond,sEH_TPPU_System-0:1,"(0, 1)",TPPUFeature4Type,sEHFeature937Type
1823,sEH_TPPU_System-0:1_HydrogenBond_1823_InxClass,HydrogenBond,sEH_TPPU_System-0:1,"(0, 1)",TPPUFeature4Type,sEHFeature938Type
1824,sEH_TPPU_System-0:1_HydrogenBond_1824_InxClass,HydrogenBond,sEH_TPPU_System-0:1,"(0, 1)",TPPUFeature4Type,sEHFeature939Type
1825,sEH_TPPU_System-0:1_HydrogenBond_1825_InxClass,HydrogenBond,sEH_TPPU_System-0:1,"(0, 1)",TPPUFeature4Type,sEHFeature940Type
1826,sEH_TPPU_System-0:1_HydrogenBond_1826_InxClass,HydrogenBond,sEH_TPPU_System-0:1,"(0, 1)",TPPUFeature4Type,sEHFeature941Type
1827,sEH_TPPU_System-0:1_HydrogenBond_1827_InxClass,HydrogenBond,sEH_TPPU_System-0:1,"(0, 1)",TPPUFeature4Type,sEHFeature942Type
1828,sEH_TPPU_System-0:1_HydrogenBond_1828_InxClass,HydrogenBond,sEH_TPPU_System-0:1,"(0, 1)",TPPUFeature4Type,sEHFeature943Type
1829,sEH_TPPU_System-0:1_HydrogenBond_1829_InxClass,HydrogenBond,sEH_TPPU_System-0:1,"(0, 1)",TPPUFeature4Type,sEHFeature944Type
1830,sEH_TPPU_System-0:1_HydrogenBond_1830_InxClass,HydrogenBond,sEH_TPPU_System-0:1,"(0, 1)",TPPUFeature4Type,sEHFeature945Type
1831,sEH_TPPU_System-0:1_HydrogenBond_1831_InxClass,HydrogenBond,sEH_TPPU_System-0:1,"(0, 1)",TPPUFeature4Type,sEHFeature946Type
1832,sEH_TPPU_System-0:1_HydrogenBond_1832_InxClass,HydrogenBond,sEH_TPPU_System-0:1,"(0, 1)",TPPUFeature4Type,sEHFeature947Type
1833,sEH_TPPU_System-0:1_HydrogenBond_1833_InxClass,HydrogenBond,sEH_TPPU_System-0:1,"(0, 1)",TPPUFeature4Type,sEHFeature948Type
1834,sEH_TPPU_System-0:1_HydrogenBond_1834_InxClass,HydrogenBond,sEH_TPPU_System-0:1,"(0, 1)",TPPUFeature4Type,sEHFeature949Type
1835,sEH_TPPU_System-0:1_HydrogenBond_1835_InxClass,HydrogenBond,sEH_TPPU_System-0:1,"(0, 1)",TPPUFeature4Type,sEHFeature950Type
1836,sEH_TPPU_System-0:1_HydrogenBond_1836_InxClass,HydrogenBond,sEH_TPPU_System-0:1,"(0, 1)",TPPUFeature4Type,sEHFeature951Type
1837,sEH_TPPU_System-0:1_HydrogenBond_1837_InxClass,HydrogenBond,sEH_TPPU_System-0:1,"(0, 1)",TPPUFeature4Type,sEHFeature952Type
1838,sEH_TPPU_System-0:1_HydrogenBond_1838_InxClass,HydrogenBond,sEH_TPPU_System-0:1,"(0, 1)",TPPUFeature4Type,sEHFeature953Type
1839,sEH_TPPU_System-0:1_HydrogenBond_1839_InxClass,HydrogenBond,sEH_TPPU_System-0:1,"(0, 1)",TPPUFeature4Type,sEHFeature954Type
1840,sEH_TPPU_System-0:1_HydrogenBond_1840_InxClass,HydrogenBond,sEH_TPPU_System-0:1,"(0, 1)",TPPUFeature4Type,sEHFeature955Type
1841,sEH_TPPU_System-0:1_HydrogenBond_1841_InxClass,HydrogenBond,sEH_TPPU_System-0:1,"(0, 1)",TPPUFeature4Type,sEHFeature956Type
1842,sEH_TPPU_System-0:1_HydrogenBond_1842_InxClass,HydrogenBond,sEH_TPPU_System-0:1,"(0, 1)",TPPUFeature4Type,sEHFeature957Type
1843,sEH_TPPU_System-0:1_HydrogenBond_1843_InxClass,HydrogenBond,sEH_TPPU_System-0:1,"(0, 1)",TPPUFeature4Type,sEHFeature958Type
1844,sEH_TPPU_System-0:1_HydrogenBond_1844_InxClass,HydrogenBond,sEH_TPPU_System-0:1,"(0, 1)",TPPUFeature4Type,sEHFeature959Type
1845,sEH_TPPU_System-0:1_HydrogenBond_1845_InxClass,HydrogenBond,sEH_TPPU_System-0:1,"(0, 1)",TPPUFeature4Type,sEHFeature960Type
1846,sEH_TPPU_System-0:1_HydrogenBond_1846_InxClass,HydrogenBond,sEH_TPPU_System-0:1,"(0, 1)",TPPUFeature4Type,sEHFeature961Type
1847,sEH_TPPU_System-0:1_HydrogenBond_1847_InxClass,HydrogenBond,sEH_TPPU_System-0:1,"(0, 1)",TPPUFeature4Type,sEHFeature962Type
1848,sEH_TPPU_System-0:1_HydrogenBond_1848_InxClass,HydrogenBond,sEH_TPPU_System-0:1,"(0, 1)",TPPUFeature5Type,sEHFeature501Type
1849,sEH_TPPU_System-0:1_HydrogenBond_1849_InxClass,HydrogenBond,sEH_TPPU_System-0:1,"(0, 1)",TPPUFeature5Type,sEHFeature502Type
1850,sEH_TPPU_System-0:1_HydrogenBond_1850_InxClass,HydrogenBond,sEH_TPPU_System-0:1,"(0, 1)",TPPUFeature5Type,sEHFeature503Type
1851,sEH_TPPU_System-0:1_HydrogenBond_1851_InxClass,HydrogenBond,sEH_TPPU_System-0:1,"(0, 1)",TPPUFeature5Type,sEHFeature504Type
1852,sEH_TPPU_System-0:1_HydrogenBond_1852_InxClass,HydrogenBond,sEH_TPPU_System-0:1,"(0, 1)",TPPUFeature5Type,sEHFeature505Type
1853,sEH_TPPU_System-0:1_HydrogenBond_1853_InxClass,HydrogenBond,sEH_TPPU_System-0:1,"(0, 1)",TPPUFeature5Type,sEHFeature506Type
1854,sEH_TPPU_System-0:1_HydrogenBond_1854_InxClass,HydrogenBond,sEH_TPPU_System-0:1,"(0, 1)",TPPUFeature5Type,sEHFeature507Type
1855,sEH_TPPU_System-0:1_HydrogenBond_1855_InxClass,HydrogenBond,sEH_TPPU_System-0:1,"(0, 1)",TPPUFeature5Type,sEHFeature508Type
1856,sEH_TPPU_System-0:1_HydrogenBond_1856_InxClass,HydrogenBond,sEH_TPPU_System-0:1,"(0, 1)",TPPUFeature5Type,sEHFeature509Type
1857,sEH_TPPU_System-0:1_HydrogenBond_1857_InxClass,HydrogenBond,sEH_TPPU_System-0:1,"(0, 1)",TPPUFeature5Type,sEHFeature510Type
1858,sEH_TPPU_System-0:1_HydrogenBond_1858_InxClass,HydrogenBond,sEH_TPPU_System-0:1,"(0, 1)",TPPUFeature5Type,sEHFeature511Type
1859,sEH_TPPU_System-0:1_HydrogenBond_1859_InxClass,HydrogenBond,sEH_TPPU_System-0:1,"(0, 1)",TPPUFeature5Type,sEHFeature512Type
1860,sEH_TPPU_System-0:1_HydrogenBond_1860_InxClass,HydrogenBond,sEH_TPPU_System-0:1,"(0, 1)",TPPUFeature5Type,sEHFeature513Type
1861,sEH_TPPU_System-0:1_HydrogenBond_1861_InxClass,HydrogenBond,sEH_TPPU_System-0:1,"(0, 1)",TPPUFeature5Type,sEHFeature514Type
1862,sEH_TPPU_System-0:1_HydrogenBond_1862_InxClass,HydrogenBond,sEH_TPPU_System-0:1,"(0, 1)",TPPUFeature5Type,sEHFeature515Type
1863,sEH_TPPU_System-0:1_HydrogenBond_1863_InxClass,HydrogenBond,sEH_TPPU_System-0:1,"(0, 1)",TPPUFeature5Type,sEHFeature516Type
1864,sEH_TPPU_System-0:1_HydrogenBond_1864_InxClass,HydrogenBond,sEH_TPPU_System-0:1,"(0, 1)",TPPUFeature5Type,sEHFeature517Type
1865,sEH_TPPU_System-0:1_HydrogenBond_1865_InxClass,HydrogenBond,sEH_TPPU_System-0:1,"(0, 1)",TPPUFeature5Type,sEHFeature518Type
1866,sEH_TPPU_System-0:1_HydrogenBond_1866_InxClass,HydrogenBond,sEH_TPPU_System-0:1,"(0, 1)",TPPUFeature5Type,sEHFeature519Type
1867,sEH_TPPU_System-0:1_HydrogenBond_1867_InxClass,HydrogenBond,sEH_TPPU_System-0:1,"(0, 1)",TPPUFeature5Type,sEHFeature520Type
1868,sEH_TPPU_System-0:1_HydrogenBond_1868_InxClass,HydrogenBond,sEH_TPPU_System-0:1,"(0, 1)",TPPUFeature5Type,sEHFeature521Type
1869,sEH_TPPU_System-0:1_HydrogenBond_1869_InxClass,HydrogenBond,sEH_TPPU_System-0:1,"(0, 1)",TPPUFeature5Type,sEHFeature522Type
1870,sEH_TPPU_System-0:1_HydrogenBond_1870_InxClass,HydrogenBond,sEH_TPPU_System-0:1,"(0, 1)",TPPUFeature5Type,sEHFeature523Type
1871,sEH_TPPU_System-0:1_HydrogenBond_1871_InxClass,HydrogenBond,sEH_TPPU_System-0:1,"(0, 1)",TPPUFeature5Type,sEHFeature524Type
1872,sEH_TPPU_System-0:1_HydrogenBond_1872_InxClass,HydrogenBond,sEH_TPPU_System-0:1,"(0, 1)",TPPUFeature5Type,sEHFeature525Type
1873,sEH_TPPU_System-0:1_HydrogenBond_1873_InxClass,HydrogenBond,sEH_TPPU_System-0:1,"(0, 1)",TPPUFeature5Type,sEHFeature526Type
1874,sEH_TPPU_System-0:1_HydrogenBond_1874_InxClass,HydrogenBond,sEH_TPPU_System-0:1,"(0, 1)",TPPUFeature5Type,sEHFeature527Type
1875,sEH_TPPU_System-0:1_HydrogenBond_1875_InxClass,HydrogenBond,sEH_TPPU_System-0:1,"(0, 1)",TPPUFeature5Type,sEHFeature528Type
1876,sEH_TPPU_System-0:1_HydrogenBond_1876_InxClass,HydrogenBond,sEH_TPPU_System-0:1,"(0, 1)",TPPUFeature5Type,sEHFeature529Type
1877,sEH_TPPU_System-0:1_HydrogenBond_1877_InxClass,HydrogenBond,sEH_TPPU_System-0:1,"(0, 1)",TPPUFeature5Type,sEHFeature530Type
1878,sEH_TPPU_System-0:1_HydrogenBond_1878_InxClass,HydrogenBond,sEH_TPPU_System-0:1,"(0, 1)",TPPUFeature5Type,sEHFeature531Type
1879,sEH_TPPU_System-0:1_HydrogenBond_1879_InxClass,HydrogenBond,sEH_TPPU_System-0:1,"(0, 1)",TPPUFeature5Type,sEHFeature532Type
1880,sEH_TPPU_System-0:1_HydrogenBond_1880_InxClass,HydrogenBond,sEH_TPPU_System-0:1,"(0, 1)",TPPUFeature5Type,sEHFeature533Type
1881,sEH_TPPU_System-0:1_HydrogenBond_1881_InxClass,HydrogenBond,sEH_TPPU_System-0:1,"(0, 1)",TPPUFeature5Type,sEHFeature534Type
1882,sEH_TPPU_System-0:1_HydrogenBond_1882_InxClass,HydrogenBond,sEH_TPPU_System-0:1,"(0, 1)",TPPUFeature5Type,sEHFeature535Type
1883,sEH_TPPU_System-0:1_HydrogenBond_1883_InxClass,HydrogenBond,sEH_TPPU_System-0:1,"(0, 1)",TPPUFeature5Type,sEHFeature536Type
1884,sEH_TPPU_System-0:1_HydrogenBond_1884_InxClass,HydrogenBond,sEH_TPPU_System-0:1,"(0, 1)",TPPUFeature5Type,sEHFeature537Type
1885,sEH_TPPU_System-0:1_HydrogenBond_1885_InxClass,HydrogenBond,sEH_TPPU_System-0:1,"(0, 1)",TPPUFeature5Type,sEHFeature538Type
1886,sEH_TPPU_System-0:1_HydrogenBond_1886_InxClass,HydrogenBond,sEH_TPPU_System-0:1,"(0, 1)",TPPUFeature5Type,sEHFeature539Type
1887,sEH_TPPU_System-0:1_HydrogenBond_1887_InxClass,HydrogenBond,sEH_TPPU_System-0:1,"(0, 1)",TPPUFeature5Type,sEHFeature540Type
1888,sEH_TPPU_System-0:1_HydrogenBond_1888_InxClass,HydrogenBond,sEH_TPPU_System-0:1,"(0, 1)",TPPUFeature5Type,sEHFeature541Type
1889,sEH_TPPU_System-0:1_HydrogenBond_1889_InxClass,HydrogenBond,sEH_TPPU_System-0:1,"(0, 1)",TPPUFeature5Type,sEHFeature542Type
1890,sEH_TPPU_System-0:1_HydrogenBond_1890_InxClass,HydrogenBond,sEH_TPPU_System-0:1,"(0, 1)",TPPUFeature5Type,sEHFeature543Type
1891,sEH_TPPU_System-0:1_HydrogenBond_1891_InxClass,HydrogenBond,sEH_TPPU_System-0:1,"(0, 1)",TPPUFeature5Type,sEHFeature544Type
1892,sEH_TPPU_System-0:1_HydrogenBond_1892_InxClass,HydrogenBond,sEH_TPPU_System-0:1,"(0, 1)",TPPUFeature5Type,sEHFeature545Type
1893,sEH_TPPU_System-0:1_HydrogenBond_1893_InxClass,HydrogenBond,sEH_TPPU_System-0:1,"(0, 1)",TPPUFeature5Type,sEHFeature546Type
1894,sEH_TPPU_System-0:1_HydrogenBond_1894_InxClass,HydrogenBond,sEH_TPPU_System-0:1,"(0, 1)",TPPUFeature5Type,sEHFeature547Type
1895,sEH_TPPU_System-0:1_HydrogenBond_1895_InxClass,HydrogenBond,sEH_TPPU_System-0:1,"(0, 1)",TPPUFeature5Type,sEHFeature548Type
1896,sEH_TPPU_System-0:1_HydrogenBond_1896_InxClass,HydrogenBond,sEH_TPPU_System-0:1,"(0, 1)",TPPUFeature5Type,sEHFeature549Type
1897,sEH_TPPU_System-0:1_HydrogenBond_1897_InxClass,HydrogenBond,sEH_TPPU_System-0:1,"(0, 1)",TPPUFeature5Type,sEHFeature550Type
1898,sEH_TPPU_System-0:1_HydrogenBond_1898_InxClass,HydrogenBond,sEH_TPPU_System-0:1,"(0, 1)",TPPUFeature5Type,sEHFeature551Type
1899,sEH_TPPU_System-0:1_HydrogenBond_1899_InxClass,HydrogenBond,sEH_TPPU_System-0:1,"(0, 1)",TPPUFeature5Type,sEHFeature552Type
1900,sEH_TPPU_System-0:1_HydrogenBond_1900_InxClass,HydrogenBond,sEH_TPPU_System-0:1,"(0, 1)",TPPUFeature5Type,sEHFeature553Type
1901,sEH_TPPU_System-0:1_HydrogenBond_1901_InxClass,HydrogenBond,sEH_TPPU_System-0:1,"(0, 1)",TPPUFeature5Type,sEHFeature554Type
1902,sEH_TPPU_System-0:1_HydrogenBond_1902_InxClass,HydrogenBond,sEH_TPPU_System-0:1,"(0, 1)",TPPUFeature5Type,sEHFeature555Type
1903,sEH_TPPU_System-0:1_HydrogenBond_1903_InxClass,HydrogenBond,sEH_TPPU_System-0:1,"(0, 1)",TPPUFeature5Type,sEHFeature556Type
1904,sEH_TPPU_System-0:1_HydrogenBond_1904_InxClass,HydrogenBond,sEH_TPPU_System-0:1,"(0, 1)",TPPUFeature5Type,sEHFeature557Type
1905,sEH_TPPU_System-0:1_HydrogenBond_1905_InxClass,HydrogenBond,sEH_TPPU_System-0:1,"(0, 1)",TPPUFeature5Type,sEHFeature558Type
1906,sEH_TPPU_System-0:1_HydrogenBond_1906_InxClass,HydrogenBond,sEH_TPPU_System-0:1,"(0, 1)",TPPUFeature5Type,sEHFeature559Type
1907,sEH_TPPU_System-0:1_HydrogenBond_1907_InxClass,HydrogenBond,sEH_TPPU_System-0:1,"(0, 1)",TPPUFeature5Type,sEHFeature560Type
1908,sEH_TPPU_System-0:1_HydrogenBond_1908_InxClass,HydrogenBond,sEH_TPPU_System-0:1,"(0, 1)",TPPUFeature5Type,sEHFeature561Type
1909,sEH_TPPU_System-0:1_HydrogenBond_1909_InxClass,HydrogenBond,sEH_TPPU_System-0:1,"(0, 1)",TPPUFeature5Type,sEHFeature562Type
1910,sEH_TPPU_System-0:1_HydrogenBond_1910_InxClass,HydrogenBond,sEH_TPPU_System-0:1,"(0, 1)",TPPUFeature5Type,sEHFeature563Type
1911,sEH_TPPU_System-0:1_HydrogenBond_1911_InxClass,HydrogenBond,sEH_TPPU_System-0:1,"(0, 1)",TPPUFeature5Type,sEHFeature564Type
1912,sEH_TPPU_System-0:1_HydrogenBond_1912_InxClass,HydrogenBond,sEH_TPPU_System-0:1,"(0, 1)",TPPUFeature5Type,sEHFeature565Type
1913,sEH_TPPU_System-0:1_HydrogenBond_1913_InxClass,HydrogenBond,sEH_TPPU_System-0:1,"(0, 1)",TPPUFeature5Type,sEHFeature566Type
1914,sEH_TPPU_System-0:1_HydrogenBond_1914_InxClass,HydrogenBond,sEH_TPPU_System-0:1,"(0, 1)",TPPUFeature5Type,sEHFeature567Type
1915,sEH_TPPU_System-0:1_HydrogenBond_1915_InxClass,HydrogenBond,sEH_TPPU_System-0:1,"(0, 1)",TPPUFeature5Type,sEHFeature568Type
1916,sEH_TPPU_System-0:1_HydrogenBond_1916_InxClass,HydrogenBond,sEH_TPPU_System-0:1,"(0, 1)",TPPUFeature5Type,sEHFeature569Type
1917,sEH_TPPU_System-0:1_HydrogenBond_1917_InxClass,HydrogenBond,sEH_TPPU_System-0:1,"(0, 1)",TPPUFeature5Type,sEHFeature570Type
1918,sEH_TPPU_System-0:1_HydrogenBond_1918_InxClass,HydrogenBond,sEH_TPPU_System-0:1,"(0, 1)",TPPUFeature5Type,sEHFeature571Type
1919,sEH_TPPU_System-0:1_HydrogenBond_1919_InxClass,HydrogenBond,sEH_TPPU_System-0:1,"(0, 1)",TPPUFeature5Type,sEHFeature572Type
1920,sEH_TPPU_System-0:1_HydrogenBond_1920_InxClass,HydrogenBond,sEH_TPPU_System-0:1,"(0, 1)",TPPUFeature5Type,sEHFeature573Type
1921,sEH_TPPU_System-0:1_HydrogenBond_1921_InxClass,HydrogenBond,sEH_TPPU_System-0:1,"(0, 1)",TPPUFeature5Type,sEHFeature574Type
1922,sEH_TPPU_System-0:1_HydrogenBond_1922_InxClass,HydrogenBond,sEH_TPPU_System-0:1,"(0, 1)",TPPUFeature5Type,sEHFeature575Type
1923,sEH_TPPU_System-0:1_HydrogenBond_1923_InxClass,HydrogenBond,sEH_TPPU_System-0:1,"(0, 1)",TPPUFeature5Type,sEHFeature576Type
1924,sEH_TPPU_System-0:1_HydrogenBond_1924_InxClass,HydrogenBond,sEH_TPPU_System-0:1,"(0, 1)",TPPUFeature5Type,sEHFeature577Type
1925,sEH_TPPU_System-0:1_HydrogenBond_1925_InxClass,HydrogenBond,sEH_TPPU_System-0:1,"(0, 1)",TPPUFeature5Type,sEHFeature578Type
1926,sEH_TPPU_System-0:1_HydrogenBond_1926_InxClass,HydrogenBond,sEH_TPPU_System-0:1,"(0, 1)",TPPUFeature5Type,sEHFeature579Type
1927,sEH_TPPU_System-0:1_HydrogenBond_1927_InxClass,HydrogenBond,sEH_TPPU_System-0:1,"(0, 1)",TPPUFeature5Type,sEHFeature580Type
1928,sEH_TPPU_System-0:1_HydrogenBond_1928_InxClass,HydrogenBond,sEH_TPPU_System-0:1,"(0, 1)",TPPUFeature5Type,sEHFeature581Type
1929,sEH_TPPU_System-0:1_HydrogenBond_1929_InxClass,HydrogenBond,sEH_TPPU_System-0:1,"(0, 1)",TPPUFeature5Type,sEHFeature582Type
1930,sEH_TPPU_System-0:1_HydrogenBond_1930_InxClass,HydrogenBond,sEH_TPPU_System-0:1,"(0, 1)",TPPUFeature5Type,sEHFeature583Type
1931,sEH_TPPU_System-0:1_HydrogenBond_1931_InxClass,HydrogenBond,sEH_TPPU_System-0:1,"(0, 1)",TPPUFeature5Type,sEHFeature584Type
1932,sEH_TPPU_System-0:1_HydrogenBond_1932_InxClass,HydrogenBond,sEH_TPPU_System-0:1,"(0, 1)",TPPUFeature5Type,sEHFeature585Type
1933,sEH_TPPU_System-0:1_HydrogenBond_1933_InxClass,HydrogenBond,sEH_TPPU_System-0:1,"(0, 1)",TPPUFeature5Type,sEHFeature586Type
1934,sEH_TPPU_System-0:1_HydrogenBond_1934_InxClass,HydrogenBond,sEH_TPPU_System-0:1,"(0, 1)",TPPUFeature5Type,sEHFeature587Type
1935,sEH_TPPU_System-0:1_HydrogenBond_1935_InxClass,HydrogenBond,sEH_TPPU_System-0:1,"(0, 1)",TPPUFeature5Type,sEHFeature588Type
1936,sEH_TPPU_System-0:1_HydrogenBond_1936_InxClass,HydrogenBond,sEH_TPPU_System-0:1,"(0, 1)",TPPUFeature5Type,sEHFeature589Type
1937,sEH_TPPU_System-0:1_HydrogenBond_1937_InxClass,HydrogenBond,sEH_TPPU_System-0:1,"(0, 1)",TPPUFeature5Type,sEHFeature590Type
1938,sEH_TPPU_System-0:1_HydrogenBond_1938_InxClass,HydrogenBond,sEH_TPPU_System-0:1,"(0, 1)",TPPUFeature5Type,sEHFeature591Type
1939,sEH_TPPU_System-0:1_HydrogenBond_1939_InxClass,HydrogenBond,sEH_TPPU_System-0:1,"(0, 1)",TPPUFeature5Type,sEHFeature592Type
1940,sEH_TPPU_System-0:1_HydrogenBond_1940_InxClass,HydrogenBond,sEH_TPPU_System-0:1,"(0, 1)",TPPUFeature5Type,sEHFeature593Type
1941,sEH_TPPU_System-0:1_HydrogenBond_1941_InxClass,HydrogenBond,sEH_TPPU_System-0:1,"(0, 1)",TPPUFeature5Type,sEHFeature594Type
1942,sEH_TPPU_System-0:1_HydrogenBond_1942_InxClass,HydrogenBond,sEH_TPPU_System-0:1,"(0, 1)",TPPUFeature5Type,sEHFeature595Type
1943,sEH_TPPU_System-0:1_HydrogenBond_1943_InxClass,HydrogenBond,sEH_TPPU_System-0:1,"(0, 1)",TPPUFeature5Type,sEHFeature596Type
1944,sEH_TPPU_System-0:1_HydrogenBond_1944_InxClass,HydrogenBond,sEH_TPPU_System-0:1,"(0, 1)",TPPUFeature5Type,sEHFeature597Type
1945,sEH_TPPU_System-0:1_HydrogenBond_1945_InxClass,HydrogenBond,sEH_TPPU_System-0:1,"(0, 1)",TPPUFeature5Type,sEHFeature598Type
1946,sEH_TPPU_System-0:1_HydrogenBond_1946_InxClass,HydrogenBond,sEH_TPPU_System-0:1,"(0, 1)",TPPUFeature5Type,sEHFeature599Type
1947,sEH_TPPU_System-0:1_HydrogenBond_1947_InxClass,HydrogenBond,sEH_TPPU_System-0:1,"(0, 1)",TPPUFeature5Type,sEHFeature600Type
1948,sEH_TPPU_System-0:1_HydrogenBond_1948_InxClass,HydrogenBond,sEH_TPPU_System-0:1,"(0, 1)",TPPUFeature5Type,sEHFeature601Type
1949,sEH_TPPU_System-0:1_HydrogenBond_1949_InxClass,HydrogenBond,sEH_TPPU_System-0:1,"(0, 1)",TPPUFeature5Type,sEHFeature602Type
1950,sEH_TPPU_System-0:1_HydrogenBond_1950_InxClass,HydrogenBond,sEH_TPPU_System-0:1,"(0, 1)",TPPUFeature5Type,sEHFeature603Type
1951,sEH_TPPU_System-0:1_HydrogenBond_1951_InxClass,HydrogenBond,sEH_TPPU_System-0:1,"(0, 1)",TPPUFeature5Type,sEHFeature604Type
1952,sEH_TPPU_System-0:1_HydrogenBond_1952_InxClass,HydrogenBond,sEH_TPPU_System-0:1,"(0, 1)",TPPUFeature5Type,sEHFeature605Type
1953,sEH_TPPU_System-0:1_HydrogenBond_1953_InxClass,HydrogenBond,sEH_TPPU_System-0:1,"(0, 1)",TPPUFeature5Type,sEHFeature606Type
1954,sEH_TPPU_System-0:1_HydrogenBond_1954_InxClass,HydrogenBond,sEH_TPPU_System-0:1,"(0, 1)",TPPUFeature5Type,sEHFeature607Type
1955,sEH_TPPU_System-0:1_HydrogenBond_1955_InxClass,HydrogenBond,sEH_TPPU_System-0:1,"(0, 1)",TPPUFeature5Type,sEHFeature608Type
1956,sEH_TPPU_System-0:1_HydrogenBond_1956_InxClass,HydrogenBond,sEH_TPPU_System-0:1,"(0, 1)",TPPUFeature5Type,sEHFeature609Type
1957,sEH_TPPU_System-0:1_HydrogenBond_1957_InxClass,HydrogenBond,sEH_TPPU_System-0:1,"(0, 1)",TPPUFeature5Type,sEHFeature610Type
1958,sEH_TPPU_System-0:1_HydrogenBond_1958_InxClass,HydrogenBond,sEH_TPPU_System-0:1,"(0, 1)",TPPUFeature5Type,sEHFeature611Type
1959,sEH_TPPU_System-0:1_HydrogenBond_1959_InxClass,HydrogenBond,sEH_TPPU_System-0:1,"(0, 1)",TPPUFeature5Type,sEHFeature612Type
1960,sEH_TPPU_System-0:1_HydrogenBond_1960_InxClass,HydrogenBond,sEH_TPPU_System-0:1,"(0, 1)",TPPUFeature5Type,sEHFeature613Type
1961,sEH_TPPU_System-0:1_HydrogenBond_1961_InxClass,HydrogenBond,sEH_TPPU_System-0:1,"(0, 1)",TPPUFeature5Type,sEHFeature614Type
1962,sEH_TPPU_System-0:1_HydrogenBond_1962_InxClass,HydrogenBond,sEH_TPPU_System-0:1,"(0, 1)",TPPUFeature5Type,sEHFeature615Type
1963,sEH_TPPU_System-0:1_HydrogenBond_1963_InxClass,HydrogenBond,sEH_TPPU_System-0:1,"(0, 1)",TPPUFeature5Type,sEHFeature616Type
1964,sEH_TPPU_System-0:1_HydrogenBond_1964_InxClass,HydrogenBond,sEH_TPPU_System-0:1,"(0, 1)",TPPUFeature5Type,sEHFeature617Type
1965,sEH_TPPU_System-0:1_HydrogenBond_1965_InxClass,HydrogenBond,sEH_TPPU_System-0:1,"(0, 1)",TPPUFeature5Type,sEHFeature618Type
1966,sEH_TPPU_System-0:1_HydrogenBond_1966_InxClass,HydrogenBond,sEH_TPPU_System-0:1,"(0, 1)",TPPUFeature5Type,sEHFeature619Type
1967,sEH_TPPU_System-0:1_HydrogenBond_1967_InxClass,HydrogenBond,sEH_TPPU_System-0:1,"(0, 1)",TPPUFeature5Type,sEHFeature620Type
1968,sEH_TPPU_System-0:1_HydrogenBond_1968_InxClass,HydrogenBond,sEH_TPPU_System-0:1,"(0, 1)",TPPUFeature5Type,sEHFeature621Type
1969,sEH_TPPU_System-0:1_HydrogenBond_1969_InxClass,HydrogenBond,sEH_TPPU_System-0:1,"(0, 1)",TPPUFeature5Type,sEHFeature622Type
1970,sEH_TPPU_System-0:1_HydrogenBond_1970_InxClass,HydrogenBond,sEH_TPPU_System-0:1,"(0, 1)",TPPUFeature5Type,sEHFeature623Type
1971,sEH_TPPU_System-0:1_HydrogenBond_1971_InxClass,HydrogenBond,sEH_TPPU_System-0:1,"(0, 1)",TPPUFeature5Type,sEHFeature624Type
1972,sEH_TPPU_System-0:1_HydrogenBond_1972_InxClass,HydrogenBond,sEH_TPPU_System-0:1,"(0, 1)",TPPUFeature5Type,sEHFeature625Type
1973,sEH_TPPU_System-0:1_HydrogenBond_1973_InxClass,HydrogenBond,sEH_TPPU_System-0:1,"(0, 1)",TPPUFeature5Type,sEHFeature626Type
1974,sEH_TPPU_System-0:1_HydrogenBond_1974_InxClass,HydrogenBond,sEH_TPPU_System-0:1,"(0, 1)",TPPUFeature5Type,sEHFeature627Type
1975,sEH_TPPU_System-0:1_HydrogenBond_1975_InxClass,HydrogenBond,sEH_TPPU_System-0:1,"(0, 1)",TPPUFeature5Type,sEHFeature628Type
1976,sEH_TPPU_System-0:1_HydrogenBond_1976_InxClass,HydrogenBond,sEH_TPPU_System-0:1,"(0, 1)",TPPUFeature5Type,sEHFeature629Type
1977,sEH_TPPU_System-0:1_HydrogenBond_1977_InxClass,HydrogenBond,sEH_TPPU_System-0:1,"(0, 1)",TPPUFeature5Type,sEHFeature630Type
1978,sEH_TPPU_System-0:1_HydrogenBond_1978_InxClass,HydrogenBond,sEH_TPPU_System-0:1,"(0, 1)",TPPUFeature5Type,sEHFeature631Type
1979,sEH_TPPU_System-0:1_HydrogenBond_1979_InxClass,HydrogenBond,sEH_TPPU_System-0:1,"(0, 1)",TPPUFeature5Type,sEHFeature632Type
1980,sEH_TPPU_System-0:1_HydrogenBond_1980_InxClass,HydrogenBond,sEH_TPPU_System-0:1,"(0, 1)",TPPUFeature5Type,sEHFeature633Type
1981,sEH_TPPU_System-0:1_HydrogenBond_1981_InxClass,HydrogenBond,sEH_TPPU_System-0:1,"(0, 1)",TPPUFeature5Type,sEHFeature634Type
1982,sEH_TPPU_System-0:1_HydrogenBond_1982_InxClass,HydrogenBond,sEH_TPPU_System-0:1,"(0, 1)",TPPUFeature5Type,sEHFeature635Type
1983,sEH_TPPU_System-0:1_HydrogenBond_1983_InxClass,HydrogenBond,sEH_TPPU_System-0:1,"(0, 1)",TPPUFeature5Type,sEHFeature636Type
1984,sEH_TPPU_System-0:1_HydrogenBond_1984_InxClass,HydrogenBond,sEH_TPPU_System-0:1,"(0, 1)",TPPUFeature5Type,sEHFeature637Type
1985,sEH_TPPU_System-0:1_HydrogenBond_1985_InxClass,HydrogenBond,sEH_TPPU_System-0:1,"(0, 1)",TPPUFeature5Type,sEHFeature638Type
1986,sEH_TPPU_System-0:1_HydrogenBond_1986_InxClass,HydrogenBond,sEH_TPPU_System-0:1,"(0, 1)",TPPUFeature5Type,sEHFeature639Type
1987,sEH_TPPU_System-0:1_HydrogenBond_1987_InxClass,HydrogenBond,sEH_TPPU_System-0:1,"(0, 1)",TPPUFeature5Type,sEHFeature640Type
1988,sEH_TPPU_System-0:1_HydrogenBond_1988_InxClass,HydrogenBond,sEH_TPPU_System-0:1,"(0, 1)",TPPUFeature5Type,sEHFeature641Type
1989,sEH_TPPU_System-0:1_HydrogenBond_1989_InxClass,HydrogenBond,sEH_TPPU_System-0:1,"(0, 1)",TPPUFeature5Type,sEHFeature642Type
1990,sEH_TPPU_System-0:1_HydrogenBond_1990_InxClass,HydrogenBond,sEH_TPPU_System-0:1,"(0, 1)",TPPUFeature5Type,sEHFeature643Type
1991,sEH_TPPU_System-0:1_HydrogenBond_1991_InxClass,HydrogenBond,sEH_TPPU_System-0:1,"(0, 1)",TPPUFeature5Type,sEHFeature644Type
1992,sEH_TPPU_System-0:1_HydrogenBond_1992_InxClass,HydrogenBond,sEH_TPPU_System-0:1,"(0, 1)",TPPUFeature5Type,sEHFeature645Type
1993,sEH_TPPU_System-0:1_HydrogenBond_1993_InxClass,HydrogenBond,sEH_TPPU_System-0:1,"(0, 1)",TPPUFeature5Type,sEHFeature646Type
1994,sEH_TPPU_System-0:1_HydrogenBond_1994_InxClass,HydrogenBond,sEH_TPPU_System-0:1,"(0, 1)",TPPUFeature5Type,sEHFeature647Type
1995,sEH_TPPU_System-0:1_HydrogenBond_1995_InxClass,HydrogenBond,sEH_TPPU_System-0:1,"(0, 1)",TPPUFeature5Type,sEHFeature648Type
1996,sEH_TPPU_System-0:1_HydrogenBond_1996_InxClass,HydrogenBond,sEH_TPPU_System-0:1,"(0, 1)",TPPUFeature5Type,sEHFeature649Type
1997,sEH_TPPU_System-0:1_HydrogenBond_1997_InxClass,HydrogenBond,sEH_TPPU_System-0:1,"(0, 1)",TPPUFeature5Type,sEHFeature650Type
1998,sEH_TPPU_System-0:1_HydrogenBond_1998_InxClass,HydrogenBond,sEH_TPPU_System-0:1,"(0, 1)",TPPUFeature5Type,sEHFeature651Type
1999,sEH_TPPU_System-0:1_HydrogenBond_1999_InxClass,HydrogenBond,sEH_TPPU_System-0:1,"(0, 1)",TPPUFeature5Type,sEHFeature652Type
2000,sEH_TPPU_System-0:1_HydrogenBond_2000_InxClass,HydrogenBond,sEH_TPPU_System-0:1,"(0, 1)",TPPUFeature5Type,sEHFeature653Type
2001,sEH_TPPU_System-0:1_HydrogenBond_2001_InxClass,HydrogenBond,sEH_TPPU_System-0:1,"(0, 1)",TPPUFeature5Type,sEHFeature654Type
2002,sEH_TPPU_System-0:1_HydrogenBond_2002_InxClass,HydrogenBond,sEH_TPPU_System-0:1,"(0, 1)",TPPUFeature5Type,sEHFeature655Type
2003,sEH_TPPU_System-0:1_HydrogenBond_2003_InxClass,HydrogenBond,sEH_TPPU_System-0:1,"(0, 1)",TPPUFeature5Type,sEHFeature656Type
2004,sEH_TPPU_System-0:1_HydrogenBond_2004_InxClass,HydrogenBond,sEH_TPPU_System-0:1,"(0, 1)",TPPUFeature5Type,sEHFeature657Type
2005,sEH_TPPU_System-0:1_HydrogenBond_2005_InxClass,HydrogenBond,sEH_TPPU_System-0:1,"(0, 1)",TPPUFeature5Type,sEHFeature658Type
2006,sEH_TPPU_System-0:1_HydrogenBond_2006_InxClass,HydrogenBond,sEH_TPPU_System-0:1,"(0, 1)",TPPUFeature5Type,sEHFeature659Type
2007,sEH_TPPU_System-0:1_HydrogenBond_2007_InxClass,HydrogenBond,sEH_TPPU_System-0:1,"(0, 1)",TPPUFeature5Type,sEHFeature660Type
2008,sEH_TPPU_System-0:1_HydrogenBond_2008_InxClass,HydrogenBond,sEH_TPPU_System-0:1,"(0, 1)",TPPUFeature5Type,sEHFeature661Type
2009,sEH_TPPU_System-0:1_HydrogenBond_2009_InxClass,HydrogenBond,sEH_TPPU_System-0:1,"(0, 1)",TPPUFeature5Type,sEHFeature662Type
2010,sEH_TPPU_System-0:1_HydrogenBond_2010_InxClass,HydrogenBond,sEH_TPPU_System-0:1,"(0, 1)",TPPUFeature5Type,sEHFeature663Type
2011,sEH_TPPU_System-0:1_HydrogenBond_2011_InxClass,HydrogenBond,sEH_TPPU_System-0:1,"(0, 1)",TPPUFeature5Type,sEHFeature664Type
2012,sEH_TPPU_System-0:1_HydrogenBond_2012_InxClass,HydrogenBond,sEH_TPPU_System-0:1,"(0, 1)",TPPUFeature5Type,sEHFeature665Type
2013,sEH_TPPU_System-0:1_HydrogenBond_2013_InxClass,HydrogenBond,sEH_TPPU_System-0:1,"(0, 1)",TPPUFeature5Type,sEHFeature666Type
2014,sEH_TPPU_System-0:1_HydrogenBond_2014_InxClass,HydrogenBond,sEH_TPPU_System-0:1,"(0, 1)",TPPUFeature5Type,sEHFeature667Type
2015,sEH_TPPU_System-0:1_HydrogenBond_2015_InxClass,HydrogenBond,sEH_TPPU_System-0:1,"(0, 1)",TPPUFeature5Type,sEHFeature668Type
2016,sEH_TPPU_System-0:1_HydrogenBond_2016_InxClass,HydrogenBond,sEH_TPPU_System-0:1,"(0, 1)",TPPUFeature5Type,sEHFeature669Type
2017,sEH_TPPU_System-0:1_HydrogenBond_2017_InxClass,HydrogenBond,sEH_TPPU_System-0:1,"(0, 1)",TPPUFeature5Type,sEHFeature670Type
2018,sEH_TPPU_System-0:1_HydrogenBond_2018_InxClass,HydrogenBond,sEH_TPPU_System-0:1,"(0, 1)",TPPUFeature5Type,sEHFeature671Type
2019,sEH_TPPU_System-0:1_HydrogenBond_2019_InxClass,HydrogenBond,sEH_TPPU_System-0:1,"(0, 1)",TPPUFeature5Type,sEHFeature672Type
2020,sEH_TPPU_System-0:1_HydrogenBond_2020_InxClass,HydrogenBond,sEH_TPPU_System-0:1,"(0, 1)",TPPUFeature5Type,sEHFeature673Type
2021,sEH_TPPU_System-0:1_HydrogenBond_2021_InxClass,HydrogenBond,sEH_TPPU_System-0:1,"(0, 1)",TPPUFeature5Type,sEHFeature674Type
2022,sEH_TPPU_System-0:1_HydrogenBond_2022_InxClass,HydrogenBond,sEH_TPPU_System-0:1,"(0, 1)",TPPUFeature5Type,sEHFeature675Type
2023,sEH_TPPU_System-0:1_HydrogenBond_2023_InxClass,HydrogenBond,sEH_TPPU_System-0:1,"(0, 1)",TPPUFeature5Type,sEHFeature676Type
2024,sEH_TPPU_System-0:1_HydrogenBond_2024_InxClass,HydrogenBond,sEH_TPPU_System-0:1,"(0, 1)",TPPUFeature5Type,sEHFeature677Type
2025,sEH_TPPU_System-0:1_HydrogenBond_2025_InxClass,HydrogenBond,sEH_TPPU_System-0:1,"(0, 1)",TPPUFeature5Type,sEHFeature678Type
2026,sEH_TPPU_System-0:1_HydrogenBond_2026_InxClass,HydrogenBond,sEH_TPPU_System-0:1,"(0, 1)",TPPUFeature5Type,sEHFeature679Type
2027,sEH_TPPU_System-0:1_HydrogenBond_2027_InxClass,HydrogenBond,sEH_TPPU_System-0:1,"(0, 1)",TPPUFeature5Type,sEHFeature680Type
2028,sEH_TPPU_System-0:1_HydrogenBond_2028_InxClass,HydrogenBond,sEH_TPPU_System-0:1,"(0, 1)",TPPUFeature5Type,sEHFeature681Type
2029,sEH_TPPU_System-0:1_HydrogenBond_2029_InxClass,HydrogenBond,sEH_TPPU_System-0:1,"(0, 1)",TPPUFeature5Type,sEHFeature682Type
2030,sEH_TPPU_System-0:1_HydrogenBond_2030_InxClass,HydrogenBond,sEH_TPPU_System-0:1,"(0, 1)",TPPUFeature5Type,sEHFeature683Type
2031,sEH_TPPU_System-0:1_HydrogenBond_2031_InxClass,HydrogenBond,sEH_TPPU_System-0:1,"(0, 1)",TPPUFeature5Type,sEHFeature684Type
2032,sEH_TPPU_System-0:1_HydrogenBond_2032_InxClass,HydrogenBond,sEH_TPPU_System-0:1,"(0, 1)",TPPUFeature5Type,sEHFeature685Type
2033,sEH_TPPU_System-0:1_HydrogenBond_2033_InxClass,HydrogenBond,sEH_TPPU_System-0:1,"(0, 1)",TPPUFeature5Type,sEHFeature686Type
2034,sEH_TPPU_System-0:1_HydrogenBond_2034_InxClass,HydrogenBond,sEH_TPPU_System-0:1,"(0, 1)",TPPUFeature5Type,sEHFeature687Type
2035,sEH_TPPU_System-0:1_HydrogenBond_2035_InxClass,HydrogenBond,sEH_TPPU_System-0:1,"(0, 1)",TPPUFeature5Type,sEHFeature688Type
2036,sEH_TPPU_System-0:1_HydrogenBond_2036_InxClass,HydrogenBond,sEH_TPPU_System-0:1,"(0, 1)",TPPUFeature5Type,sEHFeature689Type
2037,sEH_TPPU_System-0:1_HydrogenBond_2037_InxClass,HydrogenBond,sEH_TPPU_System-0:1,"(0, 1)",TPPUFeature5Type,sEHFeature690Type
2038,sEH_TPPU_System-0:1_HydrogenBond_2038_InxClass,HydrogenBond,sEH_TPPU_System-0:1,"(0, 1)",TPPUFeature5Type,sEHFeature691Type
2039,sEH_TPPU_System-0:1_HydrogenBond_2039_InxClass,HydrogenBond,sEH_TPPU_System-0:1,"(0, 1)",TPPUFeature5Type,sEHFeature692Type
2040,sEH_TPPU_System-0:1_HydrogenBond_2040_InxClass,HydrogenBond,sEH_TPPU_System-0:1,"(0, 1)",TPPUFeature5Type,sEHFeature693Type
2041,sEH_TPPU_System-0:1_HydrogenBond_2041_InxClass,HydrogenBond,sEH_TPPU_System-0:1,"(0, 1)",TPPUFeature5Type,sEHFeature694Type
2042,sEH_TPPU_System-0:1_HydrogenBond_2042_InxClass,HydrogenBond,sEH_TPPU_System-0:1,"(0, 1)",TPPUFeature5Type,sEHFeature695Type
2043,sEH_TPPU_System-0:1_HydrogenBond_2043_InxClass,HydrogenBond,sEH_TPPU_System-0:1,"(0, 1)",TPPUFeature5Type,sEHFeature696Type
2044,sEH_TPPU_System-0:1_HydrogenBond_2044_InxClass,HydrogenBond,sEH_TPPU_System-0:1,"(0, 1)",TPPUFeature5Type,sEHFeature697Type
2045,sEH_TPPU_System-0:1_HydrogenBond_2045_InxClass,HydrogenBond,sEH_TPPU_System-0:1,"(0, 1)",TPPUFeature5Type,sEHFeature698Type
2046,sEH_TPPU_System-0:1_HydrogenBond_2046_InxClass,HydrogenBond,sEH_TPPU_System-0:1,"(0, 1)",TPPUFeature5Type,sEHFeature699Type
2047,sEH_TPPU_System-0:1_HydrogenBond_2047_InxClass,HydrogenBond,sEH_TPPU_System-0:1,"(0, 1)",TPPUFeature5Type,sEHFeature700Type
2048,sEH_TPPU_System-0:1_HydrogenBond_2048_InxClass,HydrogenBond,sEH_TPPU_System-0:1,"(0, 1)",TPPUFeature5Type,sEHFeature701Type
2049,sEH_TPPU_System-0:1_HydrogenBond_2049_InxClass,HydrogenBond,sEH_TPPU_System-0:1,"(0, 1)",TPPUFeature5Type,sEHFeature702Type
2050,sEH_TPPU_System-0:1_HydrogenBond_2050_InxClass,HydrogenBond,sEH_TPPU_System-0:1,"(0, 1)",TPPUFeature5Type,sEHFeature703Type
2051,sEH_TPPU_System-0:1_HydrogenBond_2051_InxClass,HydrogenBond,sEH_TPPU_System-0:1,"(0, 1)",TPPUFeature5Type,sEHFeature704Type
2052,sEH_TPPU_System-0:1_HydrogenBond_2052_InxClass,HydrogenBond,sEH_TPPU_System-0:1,"(0, 1)",TPPUFeature5Type,sEHFeature705Type
2053,sEH_TPPU_System-0:1_HydrogenBond_2053_InxClass,HydrogenBond,sEH_TPPU_System-0:1,"(0, 1)",TPPUFeature5Type,sEHFeature706Type
2054,sEH_TPPU_System-0:1_HydrogenBond_2054_InxClass,HydrogenBond,sEH_TPPU_System-0:1,"(0, 1)",TPPUFeature5Type,sEHFeature707Type
2055,sEH_TPPU_System-0:1_HydrogenBond_2055_InxClass,HydrogenBond,sEH_TPPU_System-0:1,"(0, 1)",TPPUFeature5Type,sEHFeature708Type
2056,sEH_TPPU_System-0:1_HydrogenBond_2056_InxClass,HydrogenBond,sEH_TPPU_System-0:1,"(0, 1)",TPPUFeature5Type,sEHFeature709Type
2057,sEH_TPPU_System-0:1_HydrogenBond_2057_InxClass,HydrogenBond,sEH_TPPU_System-0:1,"(0, 1)",TPPUFeature5Type,sEHFeature710Type
2058,sEH_TPPU_System-0:1_HydrogenBond_2058_InxClass,HydrogenBond,sEH_TPPU_System-0:1,"(0, 1)",TPPUFeature5Type,sEHFeature711Type
2059,sEH_TPPU_System-0:1_HydrogenBond_2059_InxClass,HydrogenBond,sEH_TPPU_System-0:1,"(0, 1)",TPPUFeature5Type,sEHFeature712Type
2060,sEH_TPPU_System-0:1_HydrogenBond_2060_InxClass,HydrogenBond,sEH_TPPU_System-0:1,"(0, 1)",TPPUFeature5Type,sEHFeature713Type
2061,sEH_TPPU_System-0:1_HydrogenBond_2061_InxClass,HydrogenBond,sEH_TPPU_System-0:1,"(0, 1)",TPPUFeature5Type,sEHFeature714Type
2062,sEH_TPPU_System-0:1_HydrogenBond_2062_InxClass,HydrogenBond,sEH_TPPU_System-0:1,"(0, 1)",TPPUFeature5Type,sEHFeature715Type
2063,sEH_TPPU_System-0:1_HydrogenBond_2063_InxClass,HydrogenBond,sEH_TPPU_System-0:1,"(0, 1)",TPPUFeature5Type,sEHFeature716Type
2064,sEH_TPPU_System-0:1_HydrogenBond_2064_InxClass,HydrogenBond,sEH_TPPU_System-0:1,"(0, 1)",TPPUFeature5Type,sEHFeature717Type
2065,sEH_TPPU_System-0:1_HydrogenBond_2065_InxClass,HydrogenBond,sEH_TPPU_System-0:1,"(0, 1)",TPPUFeature5Type,sEHFeature718Type
2066,sEH_TPPU_System-0:1_HydrogenBond_2066_InxClass,HydrogenBond,sEH_TPPU_System-0:1,"(0, 1)",TPPUFeature5Type,sEHFeature719Type
2067,sEH_TPPU_System-0:1_HydrogenBond_2067_InxClass,HydrogenBond,sEH_TPPU_System-0:1,"(0, 1)",TPPUFeature5Type,sEHFeature720Type
2068,sEH_TPPU_System-0:1_HydrogenBond_2068_InxClass,HydrogenBond,sEH_TPPU_System-0:1,"(0, 1)",TPPUFeature5Type,sEHFeature721Type
2069,sEH_TPPU_System-0:1_HydrogenBond_2069_InxClass,HydrogenBond,sEH_TPPU_System-0:1,"(0, 1)",TPPUFeature5Type,sEHFeature722Type
2070,sEH_TPPU_System-0:1_HydrogenBond_2070_InxClass,HydrogenBond,sEH_TPPU_System-0:1,"(0, 1)",TPPUFeature5Type,sEHFeature723Type
2071,sEH_TPPU_System-0:1_HydrogenBond_2071_InxClass,HydrogenBond,sEH_TPPU_System-0:1,"(0, 1)",TPPUFeature5Type,sEHFeature724Type
2072,sEH_TPPU_System-0:1_HydrogenBond_2072_InxClass,HydrogenBond,sEH_TPPU_System-0:1,"(0, 1)",TPPUFeature5Type,sEHFeature725Type
2073,sEH_TPPU_System-0:1_HydrogenBond_2073_InxClass,HydrogenBond,sEH_TPPU_System-0:1,"(0, 1)",TPPUFeature5Type,sEHFeature726Type
2074,sEH_TPPU_System-0:1_HydrogenBond_2074_InxClass,HydrogenBond,sEH_TPPU_System-0:1,"(0, 1)",TPPUFeature5Type,sEHFeature727Type
2075,sEH_TPPU_System-0:1_HydrogenBond_2075_InxClass,HydrogenBond,sEH_TPPU_System-0:1,"(0, 1)",TPPUFeature5Type,sEHFeature728Type
2076,sEH_TPPU_System-0:1_HydrogenBond_2076_InxClass,HydrogenBond,sEH_TPPU_System-0:1,"(0, 1)",TPPUFeature5Type,sEHFeature729Type
2077,sEH_TPPU_System-0:1_HydrogenBond_2077_InxClass,HydrogenBond,sEH_TPPU_System-0:1,"(0, 1)",TPPUFeature5Type,sEHFeature730Type
2078,sEH_TPPU_System-0:1_HydrogenBond_2078_InxClass,HydrogenBond,sEH_TPPU_System-0:1,"(0, 1)",TPPUFeature5Type,sEHFeature731Type
2079,sEH_TPPU_System-0:1_HydrogenBond_2079_InxClass,HydrogenBond,sEH_TPPU_System-0:1,"(0, 1)",TPPUFeature5Type,sEHFeature732Type
2080,sEH_TPPU_System-0:1_HydrogenBond_2080_InxClass,HydrogenBond,sEH_TPPU_System-0:1,"(0, 1)",TPPUFeature5Type,sEHFeature733Type
2081,sEH_TPPU_System-0:1_HydrogenBond_2081_InxClass,HydrogenBond,sEH_TPPU_System-0:1,"(0, 1)",TPPUFeature5Type,sEHFeature734Type
2082,sEH_TPPU_System-0:1_HydrogenBond_2082_InxClass,HydrogenBond,sEH_TPPU_System-0:1,"(0, 1)",TPPUFeature5Type,sEHFeature735Type
2083,sEH_TPPU_System-0:1_HydrogenBond_2083_InxClass,HydrogenBond,sEH_TPPU_System-0:1,"(0, 1)",TPPUFeature5Type,sEHFeature736Type
2084,sEH_TPPU_System-0:1_HydrogenBond_2084_InxClass,HydrogenBond,sEH_TPPU_System-0:1,"(0, 1)",TPPUFeature5Type,sEHFeature737Type
2085,sEH_TPPU_System-0:1_HydrogenBond_2085_InxClass,HydrogenBond,sEH_TPPU_System-0:1,"(0, 1)",TPPUFeature5Type,sEHFeature738Type
2086,sEH_TPPU_System-0:1_HydrogenBond_2086_InxClass,HydrogenBond,sEH_TPPU_System-0:1,"(0, 1)",TPPUFeature5Type,sEHFeature739Type
2087,sEH_TPPU_System-0:1_HydrogenBond_2087_InxClass,HydrogenBond,sEH_TPPU_System-0:1,"(0, 1)",TPPUFeature5Type,sEHFeature740Type
2088,sEH_TPPU_System-0:1_HydrogenBond_2088_InxClass,HydrogenBond,sEH_TPPU_System-0:1,"(0, 1)",TPPUFeature5Type,sEHFeature741Type
2089,sEH_TPPU_System-0:1_HydrogenBond_2089_InxClass,HydrogenBond,sEH_TPPU_System-0:1,"(0, 1)",TPPUFeature5Type,sEHFeature742Type
2090,sEH_TPPU_System-0:1_HydrogenBond_2090_InxClass,HydrogenBond,sEH_TPPU_System-0:1,"(0, 1)",TPPUFeature5Type,sEHFeature743Type
2091,sEH_TPPU_System-0:1_HydrogenBond_2091_InxClass,HydrogenBond,sEH_TPPU_System-0:1,"(0, 1)",TPPUFeature5Type,sEHFeature744Type
2092,sEH_TPPU_System-0:1_HydrogenBond_2092_InxClass,HydrogenBond,sEH_TPPU_System-0:1,"(0, 1)",TPPUFeature5Type,sEHFeature745Type
2093,sEH_TPPU_System-0:1_HydrogenBond_2093_InxClass,HydrogenBond,sEH_TPPU_System-0:1,"(0, 1)",TPPUFeature5Type,sEHFeature746Type
2094,sEH_TPPU_System-0:1_HydrogenBond_2094_InxClass,HydrogenBond,sEH_TPPU_System-0:1,"(0, 1)",TPPUFeature5Type,sEHFeature747Type
2095,sEH_TPPU_System-0:1_HydrogenBond_2095_InxClass,HydrogenBond,sEH_TPPU_System-0:1,"(0, 1)",TPPUFeature5Type,sEHFeature748Type
2096,sEH_TPPU_System-0:1_HydrogenBond_2096_InxClass,HydrogenBond,sEH_TPPU_System-0:1,"(0, 1)",TPPUFeature5Type,sEHFeature749Type
2097,sEH_TPPU_System-0:1_HydrogenBond_2097_InxClass,HydrogenBond,sEH_TPPU_System-0:1,"(0, 1)",TPPUFeature5Type,sEHFeature750Type
2098,sEH_TPPU_System-0:1_HydrogenBond_2098_InxClass,HydrogenBond,sEH_TPPU_System-0:1,"(0, 1)",TPPUFeature5Type,sEHFeature751Type
2099,sEH_TPPU_System-0:1_HydrogenBond_2099_InxClass,HydrogenBond,sEH_TPPU_System-0:1,"(0, 1)",TPPUFeature5Type,sEHFeature752Type
2100,sEH_TPPU_System-0:1_HydrogenBond_2100_InxClass,HydrogenBond,sEH_TPPU_System-0:1,"(0, 1)",TPPUFeature5Type,sEHFeature753Type
2101,sEH_TPPU_System-0:1_HydrogenBond_2101_InxClass,HydrogenBond,sEH_TPPU_System-0:1,"(0, 1)",TPPUFeature5Type,sEHFeature754Type
2102,sEH_TPPU_System-0:1_HydrogenBond_2102_InxClass,HydrogenBond,sEH_TPPU_System-0:1,"(0, 1)",TPPUFeature5Type,sEHFeature755Type
2103,sEH_TPPU_System-0:1_HydrogenBond_2103_InxClass,HydrogenBond,sEH_TPPU_System-0:1,"(0, 1)",TPPUFeature5Type,sEHFeature756Type
2104,sEH_TPPU_System-0:1_HydrogenBond_2104_InxClass,HydrogenBond,sEH_TPPU_System-0:1,"(0, 1)",TPPUFeature5Type,sEHFeature757Type
2105,sEH_TPPU_System-0:1_HydrogenBond_2105_InxClass,HydrogenBond,sEH_TPPU_System-0:1,"(0, 1)",TPPUFeature5Type,sEHFeature758Type
2106,sEH_TPPU_System-0:1_HydrogenBond_2106_InxClass,HydrogenBond,sEH_TPPU_System-0:1,"(0, 1)",TPPUFeature5Type,sEHFeature759Type
2107,sEH_TPPU_System-0:1_HydrogenBond_2107_InxClass,HydrogenBond,sEH_TPPU_System-0:1,"(0, 1)",TPPUFeature5Type,sEHFeature760Type
2108,sEH_TPPU_System-0:1_HydrogenBond_2108_InxClass,HydrogenBond,sEH_TPPU_System-0:1,"(0, 1)",TPPUFeature5Type,sEHFeature761Type
2109,sEH_TPPU_System-0:1_HydrogenBond_2109_InxClass,HydrogenBond,sEH_TPPU_System-0:1,"(0, 1)",TPPUFeature5Type,sEHFeature762Type
2110,sEH_TPPU_System-0:1_HydrogenBond_2110_InxClass,HydrogenBond,sEH_TPPU_System-0:1,"(0, 1)",TPPUFeature5Type,sEHFeature763Type
2111,sEH_TPPU_System-0:1_HydrogenBond_2111_InxClass,HydrogenBond,sEH_TPPU_System-0:1,"(0, 1)",TPPUFeature5Type,sEHFeature764Type
2112,sEH_TPPU_System-0:1_HydrogenBond_2112_InxClass,HydrogenBond,sEH_TPPU_System-0:1,"(0, 1)",TPPUFeature5Type,sEHFeature765Type
2113,sEH_TPPU_System-0:1_HydrogenBond_2113_InxClass,HydrogenBond,sEH_TPPU_System-0:1,"(0, 1)",TPPUFeature5Type,sEHFeature766Type
2114,sEH_TPPU_System-0:1_HydrogenBond_2114_InxClass,HydrogenBond,sEH_TPPU_System-0:1,"(0, 1)",TPPUFeature5Type,sEHFeature767Type
2115,sEH_TPPU_System-0:1_HydrogenBond_2115_InxClass,HydrogenBond,sEH_TPPU_System-0:1,"(0, 1)",TPPUFeature5Type,sEHFeature768Type
2116,sEH_TPPU_System-0:1_HydrogenBond_2116_InxClass,HydrogenBond,sEH_TPPU_System-0:1,"(0, 1)",TPPUFeature5Type,sEHFeature769Type
2117,sEH_TPPU_System-0:1_HydrogenBond_2117_InxClass,HydrogenBond,sEH_TPPU_System-0:1,"(0, 1)",TPPUFeature5Type,sEHFeature770Type
2118,sEH_TPPU_System-0:1_HydrogenBond_2118_InxClass,HydrogenBond,sEH_TPPU_System-0:1,"(0, 1)",TPPUFeature5Type,sEHFeature771Type
2119,sEH_TPPU_System-0:1_HydrogenBond_2119_InxClass,HydrogenBond,sEH_TPPU_System-0:1,"(0, 1)",TPPUFeature5Type,sEHFeature772Type
2120,sEH_TPPU_System-0:1_HydrogenBond_2120_InxClass,HydrogenBond,sEH_TPPU_System-0:1,"(0, 1)",TPPUFeature5Type,sEHFeature773Type
2121,sEH_TPPU_System-0:1_HydrogenBond_2121_InxClass,HydrogenBond,sEH_TPPU_System-0:1,"(0, 1)",TPPUFeature5Type,sEHFeature774Type
2122,sEH_TPPU_System-0:1_HydrogenBond_2122_InxClass,HydrogenBond,sEH_TPPU_System-0:1,"(0, 1)",TPPUFeature5Type,sEHFeature775Type
2123,sEH_TPPU_System-0:1_HydrogenBond_2123_InxClass,HydrogenBond,sEH_TPPU_System-0:1,"(0, 1)",TPPUFeature5Type,sEHFeature776Type
2124,sEH_TPPU_System-0:1_HydrogenBond_2124_InxClass,HydrogenBond,sEH_TPPU_System-0:1,"(0, 1)",TPPUFeature5Type,sEHFeature777Type
2125,sEH_TPPU_System-0:1_HydrogenBond_2125_InxClass,HydrogenBond,sEH_TPPU_System-0:1,"(0, 1)",TPPUFeature5Type,sEHFeature778Type
2126,sEH_TPPU_System-0:1_HydrogenBond_2126_InxClass,HydrogenBond,sEH_TPPU_System-0:1,"(0, 1)",TPPUFeature5Type,sEHFeature779Type
2127,sEH_TPPU_System-0:1_HydrogenBond_2127_InxClass,HydrogenBond,sEH_TPPU_System-0:1,"(0, 1)",TPPUFeature5Type,sEHFeature780Type
2128,sEH_TPPU_System-0:1_HydrogenBond_2128_InxClass,HydrogenBond,sEH_TPPU_System-0:1,"(0, 1)",TPPUFeature5Type,sEHFeature781Type
2129,sEH_TPPU_System-0:1_HydrogenBond_2129_InxClass,HydrogenBond,sEH_TPPU_System-0:1,"(0, 1)",TPPUFeature5Type,sEHFeature782Type
2130,sEH_TPPU_System-0:1_HydrogenBond_2130_InxClass,HydrogenBond,sEH_TPPU_System-0:1,"(0, 1)",TPPUFeature5Type,sEHFeature783Type
2131,sEH_TPPU_System-0:1_HydrogenBond_2131_InxClass,HydrogenBond,sEH_TPPU_System-0:1,"(0, 1)",TPPUFeature5Type,sEHFeature784Type
2132,sEH_TPPU_System-0:1_HydrogenBond_2132_InxClass,HydrogenBond,sEH_TPPU_System-0:1,"(0, 1)",TPPUFeature5Type,sEHFeature785Type
2133,sEH_TPPU_System-0:1_HydrogenBond_2133_InxClass,HydrogenBond,sEH_TPPU_System-0:1,"(0, 1)",TPPUFeature5Type,sEHFeature786Type
2134,sEH_TPPU_System-0:1_HydrogenBond_2134_InxClass,HydrogenBond,sEH_TPPU_System-0:1,"(0, 1)",TPPUFeature5Type,sEHFeature787Type
2135,sEH_TPPU_System-0:1_HydrogenBond_2135_InxClass,HydrogenBond,sEH_TPPU_System-0:1,"(0, 1)",TPPUFeature5Type,sEHFeature788Type
2136,sEH_TPPU_System-0:1_HydrogenBond_2136_InxClass,HydrogenBond,sEH_TPPU_System-0:1,"(0, 1)",TPPUFeature5Type,sEHFeature789Type
2137,sEH_TPPU_System-0:1_HydrogenBond_2137_InxClass,HydrogenBond,sEH_TPPU_System-0:1,"(0, 1)",TPPUFeature5Type,sEHFeature790Type
2138,sEH_TPPU_System-0:1_HydrogenBond_2138_InxClass,HydrogenBond,sEH_TPPU_System-0:1,"(0, 1)",TPPUFeature5Type,sEHFeature791Type
2139,sEH_TPPU_System-0:1_HydrogenBond_2139_InxClass,HydrogenBond,sEH_TPPU_System-0:1,"(0, 1)",TPPUFeature5Type,sEHFeature792Type
2140,sEH_TPPU_System-0:1_HydrogenBond_2140_InxClass,HydrogenBond,sEH_TPPU_System-0:1,"(0, 1)",TPPUFeature5Type,sEHFeature793Type
2141,sEH_TPPU_System-0:1_HydrogenBond_2141_InxClass,HydrogenBond,sEH_TPPU_System-0:1,"(0, 1)",TPPUFeature5Type,sEHFeature794Type
2142,sEH_TPPU_System-0:1_HydrogenBond_2142_InxClass,HydrogenBond,sEH_TPPU_System-0:1,"(0, 1)",TPPUFeature5Type,sEHFeature795Type
2143,sEH_TPPU_System-0:1_HydrogenBond_2143_InxClass,HydrogenBond,sEH_TPPU_System-0:1,"(0, 1)",TPPUFeature5Type,sEHFeature796Type
2144,sEH_TPPU_System-0:1_HydrogenBond_2144_InxClass,HydrogenBond,sEH_TPPU_System-0:1,"(0, 1)",TPPUFeature5Type,sEHFeature797Type
2145,sEH_TPPU_System-0:1_HydrogenBond_2145_InxClass,HydrogenBond,sEH_TPPU_System-0:1,"(0, 1)",TPPUFeature5Type,sEHFeature798Type
2146,sEH_TPPU_System-0:1_HydrogenBond_2146_InxClass,HydrogenBond,sEH_TPPU_System-0:1,"(0, 1)",TPPUFeature5Type,sEHFeature799Type
2147,sEH_TPPU_System-0:1_HydrogenBond_2147_InxClass,HydrogenBond,sEH_TPPU_System-0:1,"(0, 1)",TPPUFeature5Type,sEHFeature800Type
2148,sEH_TPPU_System-0:1_HydrogenBond_2148_InxClass,HydrogenBond,sEH_TPPU_System-0:1,"(0, 1)",TPPUFeature5Type,sEHFeature801Type
2149,sEH_TPPU_System-0:1_HydrogenBond_2149_InxClass,HydrogenBond,sEH_TPPU_System-0:1,"(0, 1)",TPPUFeature5Type,sEHFeature802Type
2150,sEH_TPPU_System-0:1_HydrogenBond_2150_InxClass,HydrogenBond,sEH_TPPU_System-0:1,"(0, 1)",TPPUFeature5Type,sEHFeature803Type
2151,sEH_TPPU_System-0:1_HydrogenBond_2151_InxClass,HydrogenBond,sEH_TPPU_System-0:1,"(0, 1)",TPPUFeature5Type,sEHFeature804Type
2152,sEH_TPPU_System-0:1_HydrogenBond_2152_InxClass,HydrogenBond,sEH_TPPU_System-0:1,"(0, 1)",TPPUFeature5Type,sEHFeature805Type
2153,sEH_TPPU_System-0:1_HydrogenBond_2153_InxClass,HydrogenBond,sEH_TPPU_System-0:1,"(0, 1)",TPPUFeature5Type,sEHFeature806Type
2154,sEH_TPPU_System-0:1_HydrogenBond_2154_InxClass,HydrogenBond,sEH_TPPU_System-0:1,"(0, 1)",TPPUFeature5Type,sEHFeature807Type
2155,sEH_TPPU_System-0:1_HydrogenBond_2155_InxClass,HydrogenBond,sEH_TPPU_System-0:1,"(0, 1)",TPPUFeature5Type,sEHFeature808Type
2156,sEH_TPPU_System-0:1_HydrogenBond_2156_InxClass,HydrogenBond,sEH_TPPU_System-0:1,"(0, 1)",TPPUFeature5Type,sEHFeature809Type
2157,sEH_TPPU_System-0:1_HydrogenBond_2157_InxClass,HydrogenBond,sEH_TPPU_System-0:1,"(0, 1)",TPPUFeature5Type,sEHFeature810Type
2158,sEH_TPPU_System-0:1_HydrogenBond_2158_InxClass,HydrogenBond,sEH_TPPU_System-0:1,"(0, 1)",TPPUFeature5Type,sEHFeature811Type
2159,sEH_TPPU_System-0:1_HydrogenBond_2159_InxClass,HydrogenBond,sEH_TPPU_System-0:1,"(0, 1)",TPPUFeature5Type,sEHFeature812Type
2160,sEH_TPPU_System-0:1_HydrogenBond_2160_InxClass,HydrogenBond,sEH_TPPU_System-0:1,"(0, 1)",TPPUFeature5Type,sEHFeature813Type
2161,sEH_TPPU_System-0:1_HydrogenBond_2161_InxClass,HydrogenBond,sEH_TPPU_System-0:1,"(0, 1)",TPPUFeature5Type,sEHFeature814Type
2162,sEH_TPPU_System-0:1_HydrogenBond_2162_InxClass,HydrogenBond,sEH_TPPU_System-0:1,"(0, 1)",TPPUFeature5Type,sEHFeature815Type
2163,sEH_TPPU_System-0:1_HydrogenBond_2163_InxClass,HydrogenBond,sEH_TPPU_System-0:1,"(0, 1)",TPPUFeature5Type,sEHFeature816Type
2164,sEH_TPPU_System-0:1_HydrogenBond_2164_InxClass,HydrogenBond,sEH_TPPU_System-0:1,"(0, 1)",TPPUFeature5Type,sEHFeature817Type
2165,sEH_TPPU_System-0:1_HydrogenBond_2165_InxClass,HydrogenBond,sEH_TPPU_System-0:1,"(0, 1)",TPPUFeature5Type,sEHFeature818Type
2166,sEH_TPPU_System-0:1_HydrogenBond_2166_InxClass,HydrogenBond,sEH_TPPU_System-0:1,"(0, 1)",TPPUFeature5Type,sEHFeature819Type
2167,sEH_TPPU_System-0:1_HydrogenBond_2167_InxClass,HydrogenBond,sEH_TPPU_System-0:1,"(0, 1)",TPPUFeature5Type,sEHFeature820Type
2168,sEH_TPPU_System-0:1_HydrogenBond_2168_InxClass,HydrogenBond,sEH_TPPU_System-0:1,"(0, 1)",TPPUFeature5Type,sEHFeature821Type
2169,sEH_TPPU_System-0:1_HydrogenBond_2169_InxClass,HydrogenBond,sEH_TPPU_System-0:1,"(0, 1)",TPPUFeature5Type,sEHFeature822Type
2170,sEH_TPPU_System-0:1_HydrogenBond_2170_InxClass,HydrogenBond,sEH_TPPU_System-0:1,"(0, 1)",TPPUFeature5Type,sEHFeature823Type
2171,sEH_TPPU_System-0:1_HydrogenBond_2171_InxClass,HydrogenBond,sEH_TPPU_System-0:1,"(0, 1)",TPPUFeature5Type,sEHFeature824Type
2172,sEH_TPPU_System-0:1_HydrogenBond_2172_InxClass,HydrogenBond,sEH_TPPU_System-0:1,"(0, 1)",TPPUFeature5Type,sEHFeature825Type
2173,sEH_TPPU_System-0:1_HydrogenBond_2173_InxClass,HydrogenBond,sEH_TPPU_System-0:1,"(0, 1)",TPPUFeature5Type,sEHFeature826Type
2174,sEH_TPPU_System-0:1_HydrogenBond_2174_InxClass,HydrogenBond,sEH_TPPU_System-0:1,"(0, 1)",TPPUFeature5Type,sEHFeature827Type
2175,sEH_TPPU_System-0:1_HydrogenBond_2175_InxClass,HydrogenBond,sEH_TPPU_System-0:1,"(0, 1)",TPPUFeature5Type,sEHFeature828Type
2176,sEH_TPPU_System-0:1_HydrogenBond_2176_InxClass,HydrogenBond,sEH_TPPU_System-0:1,"(0, 1)",TPPUFeature5Type,sEHFeature829Type
2177,sEH_TPPU_System-0:1_HydrogenBond_2177_InxClass,HydrogenBond,sEH_TPPU_System-0:1,"(0, 1)",TPPUFeature5Type,sEHFeature830Type
2178,sEH_TPPU_System-0:1_HydrogenBond_2178_InxClass,HydrogenBond,sEH_TPPU_System-0:1,"(0, 1)",TPPUFeature5Type,sEHFeature831Type
2179,sEH_TPPU_System-0:1_HydrogenBond_2179_InxClass,HydrogenBond,sEH_TPPU_System-0:1,"(0, 1)",TPPUFeature5Type,sEHFeature832Type
2180,sEH_TPPU_System-0:1_HydrogenBond_2180_InxClass,HydrogenBond,sEH_TPPU_System-0:1,"(0, 1)",TPPUFeature5Type,sEHFeature833Type
2181,sEH_TPPU_System-0:1_HydrogenBond_2181_InxClass,HydrogenBond,sEH_TPPU_System-0:1,"(0, 1)",TPPUFeature5Type,sEHFeature834Type
2182,sEH_TPPU_System-0:1_HydrogenBond_2182_InxClass,HydrogenBond,sEH_TPPU_System-0:1,"(0, 1)",TPPUFeature5Type,sEHFeature835Type
2183,sEH_TPPU_System-0:1_HydrogenBond_2183_InxClass,HydrogenBond,sEH_TPPU_System-0:1,"(0, 1)",TPPUFeature5Type,sEHFeature836Type
2184,sEH_TPPU_System-0:1_HydrogenBond_2184_InxClass,HydrogenBond,sEH_TPPU_System-0:1,"(0, 1)",TPPUFeature5Type,sEHFeature837Type
2185,sEH_TPPU_System-0:1_HydrogenBond_2185_InxClass,HydrogenBond,sEH_TPPU_System-0:1,"(0, 1)",TPPUFeature5Type,sEHFeature838Type
2186,sEH_TPPU_System-0:1_HydrogenBond_2186_InxClass,HydrogenBond,sEH_TPPU_System-0:1,"(0, 1)",TPPUFeature5Type,sEHFeature839Type
2187,sEH_TPPU_System-0:1_HydrogenBond_2187_InxClass,HydrogenBond,sEH_TPPU_System-0:1,"(0, 1)",TPPUFeature5Type,sEHFeature840Type
2188,sEH_TPPU_System-0:1_HydrogenBond_2188_InxClass,HydrogenBond,sEH_TPPU_System-0:1,"(0, 1)",TPPUFeature5Type,sEHFeature841Type
2189,sEH_TPPU_System-0:1_HydrogenBond_2189_InxClass,HydrogenBond,sEH_TPPU_System-0:1,"(0, 1)",TPPUFeature5Type,sEHFeature842Type
2190,sEH_TPPU_System-0:1_HydrogenBond_2190_InxClass,HydrogenBond,sEH_TPPU_System-0:1,"(0, 1)",TPPUFeature5Type,sEHFeature843Type
2191,sEH_TPPU_System-0:1_HydrogenBond_2191_InxClass,HydrogenBond,sEH_TPPU_System-0:1,"(0, 1)",TPPUFeature5Type,sEHFeature844Type
2192,sEH_TPPU_System-0:1_HydrogenBond_2192_InxClass,HydrogenBond,sEH_TPPU_System-0:1,"(0, 1)",TPPUFeature5Type,sEHFeature845Type
2193,sEH_TPPU_System-0:1_HydrogenBond_2193_InxClass,HydrogenBond,sEH_TPPU_System-0:1,"(0, 1)",TPPUFeature5Type,sEHFeature846Type
2194,sEH_TPPU_System-0:1_HydrogenBond_2194_InxClass,HydrogenBond,sEH_TPPU_System-0:1,"(0, 1)",TPPUFeature5Type,sEHFeature847Type
2195,sEH_TPPU_System-0:1_HydrogenBond_2195_InxClass,HydrogenBond,sEH_TPPU_System-0:1,"(0, 1)",TPPUFeature5Type,sEHFeature848Type
2196,sEH_TPPU_System-0:1_HydrogenBond_2196_InxClass,HydrogenBond,sEH_TPPU_System-0:1,"(0, 1)",TPPUFeature5Type,sEHFeature849Type
2197,sEH_TPPU_System-0:1_HydrogenBond_2197_InxClass,HydrogenBond,sEH_TPPU_System-0:1,"(0, 1)",TPPUFeature5Type,sEHFeature850Type
2198,sEH_TPPU_System-0:1_HydrogenBond_2198_InxClass,HydrogenBond,sEH_TPPU_System-0:1,"(0, 1)",TPPUFeature5Type,sEHFeature851Type
2199,sEH_TPPU_System-0:1_HydrogenBond_2199_InxClass,HydrogenBond,sEH_TPPU_System-0:1,"(0, 1)",TPPUFeature5Type,sEHFeature852Type
2200,sEH_TPPU_System-0:1_HydrogenBond_2200_InxClass,HydrogenBond,sEH_TPPU_System-0:1,"(0, 1)",TPPUFeature5Type,sEHFeature853Type
2201,sEH_TPPU_System-0:1_HydrogenBond_2201_InxClass,HydrogenBond,sEH_TPPU_System-0:1,"(0, 1)",TPPUFeature5Type,sEHFeature854Type
2202,sEH_TPPU_System-0:1_HydrogenBond_2202_InxClass,HydrogenBond,sEH_TPPU_System-0:1,"(0, 1)",TPPUFeature5Type,sEHFeature855Type
2203,sEH_TPPU_System-0:1_HydrogenBond_2203_InxClass,HydrogenBond,sEH_TPPU_System-0:1,"(0, 1)",TPPUFeature5Type,sEHFeature856Type
2204,sEH_TPPU_System-0:1_HydrogenBond_2204_InxClass,HydrogenBond,sEH_TPPU_System-0:1,"(0, 1)",TPPUFeature5Type,sEHFeature857Type
2205,sEH_TPPU_System-0:1_HydrogenBond_2205_InxClass,HydrogenBond,sEH_TPPU_System-0:1,"(0, 1)",TPPUFeature5Type,sEHFeature858Type
2206,sEH_TPPU_System-0:1_HydrogenBond_2206_InxClass,HydrogenBond,sEH_TPPU_System-0:1,"(0, 1)",TPPUFeature5Type,sEHFeature859Type
2207,sEH_TPPU_System-0:1_HydrogenBond_2207_InxClass,HydrogenBond,sEH_TPPU_System-0:1,"(0, 1)",TPPUFeature5Type,sEHFeature860Type
2208,sEH_TPPU_System-0:1_HydrogenBond_2208_InxClass,HydrogenBond,sEH_TPPU_System-0:1,"(0, 1)",TPPUFeature5Type,sEHFeature861Type
2209,sEH_TPPU_System-0:1_HydrogenBond_2209_InxClass,HydrogenBond,sEH_TPPU_System-0:1,"(0, 1)",TPPUFeature5Type,sEHFeature862Type
2210,sEH_TPPU_System-0:1_HydrogenBond_2210_InxClass,HydrogenBond,sEH_TPPU_System-0:1,"(0, 1)",TPPUFeature5Type,sEHFeature863Type
2211,sEH_TPPU_System-0:1_HydrogenBond_2211_InxClass,HydrogenBond,sEH_TPPU_System-0:1,"(0, 1)",TPPUFeature5Type,sEHFeature864Type
2212,sEH_TPPU_System-0:1_HydrogenBond_2212_InxClass,HydrogenBond,sEH_TPPU_System-0:1,"(0, 1)",TPPUFeature5Type,sEHFeature865Type
2213,sEH_TPPU_System-0:1_HydrogenBond_2213_InxClass,HydrogenBond,sEH_TPPU_System-0:1,"(0, 1)",TPPUFeature5Type,sEHFeature866Type
2214,sEH_TPPU_System-0:1_HydrogenBond_2214_InxClass,HydrogenBond,sEH_TPPU_System-0:1,"(0, 1)",TPPUFeature5Type,sEHFeature867Type
2215,sEH_TPPU_System-0:1_HydrogenBond_2215_InxClass,HydrogenBond,sEH_TPPU_System-0:1,"(0, 1)",TPPUFeature5Type,sEHFeature868Type
2216,sEH_TPPU_System-0:1_HydrogenBond_2216_InxClass,HydrogenBond,sEH_TPPU_System-0:1,"(0, 1)",TPPUFeature5Type,sEHFeature869Type
2217,sEH_TPPU_System-0:1_HydrogenBond_2217_InxClass,HydrogenBond,sEH_TPPU_System-0:1,"(0, 1)",TPPUFeature5Type,sEHFeature870Type
2218,sEH_TPPU_System-0:1_HydrogenBond_2218_InxClass,HydrogenBond,sEH_TPPU_System-0:1,"(0, 1)",TPPUFeature5Type,sEHFeature871Type
2219,sEH_TPPU_System-0:1_HydrogenBond_2219_InxClass,HydrogenBond,sEH_TPPU_System-0:1,"(0, 1)",TPPUFeature5Type,sEHFeature872Type
2220,sEH_TPPU_System-0:1_HydrogenBond_2220_InxClass,HydrogenBond,sEH_TPPU_System-0:1,"(0, 1)",TPPUFeature5Type,sEHFeature873Type
2221,sEH_TPPU_System-0:1_HydrogenBond_2221_InxClass,HydrogenBond,sEH_TPPU_System-0:1,"(0, 1)",TPPUFeature5Type,sEHFeature874Type
2222,sEH_TPPU_System-0:1_HydrogenBond_2222_InxClass,HydrogenBond,sEH_TPPU_System-0:1,"(0, 1)",TPPUFeature5Type,sEHFeature875Type
2223,sEH_TPPU_System-0:1_HydrogenBond_2223_InxClass,HydrogenBond,sEH_TPPU_System-0:1,"(0, 1)",TPPUFeature5Type,sEHFeature876Type
2224,sEH_TPPU_System-0:1_HydrogenBond_2224_InxClass,HydrogenBond,sEH_TPPU_System-0:1,"(0, 1)",TPPUFeature5Type,sEHFeature877Type
2225,sEH_TPPU_System-0:1_HydrogenBond_2225_InxClass,HydrogenBond,sEH_TPPU_System-0:1,"(0, 1)",TPPUFeature5Type,sEHFeature878Type
2226,sEH_TPPU_System-0:1_HydrogenBond_2226_InxClass,HydrogenBond,sEH_TPPU_System-0:1,"(0, 1)",TPPUFeature5Type,sEHFeature879Type
2227,sEH_TPPU_System-0:1_HydrogenBond_2227_InxClass,HydrogenBond,sEH_TPPU_System-0:1,"(0, 1)",TPPUFeature5Type,sEHFeature880Type
2228,sEH_TPPU_System-0:1_HydrogenBond_2228_InxClass,HydrogenBond,sEH_TPPU_System-0:1,"(0, 1)",TPPUFeature5Type,sEHFeature881Type
2229,sEH_TPPU_System-0:1_HydrogenBond_2229_InxClass,HydrogenBond,sEH_TPPU_System-0:1,"(0, 1)",TPPUFeature5Type,sEHFeature882Type
2230,sEH_TPPU_System-0:1_HydrogenBond_2230_InxClass,HydrogenBond,sEH_TPPU_System-0:1,"(0, 1)",TPPUFeature5Type,sEHFeature883Type
2231,sEH_TPPU_System-0:1_HydrogenBond_2231_InxClass,HydrogenBond,sEH_TPPU_System-0:1,"(0, 1)",TPPUFeature5Type,sEHFeature884Type
2232,sEH_TPPU_System-0:1_HydrogenBond_2232_InxClass,HydrogenBond,sEH_TPPU_System-0:1,"(0, 1)",TPPUFeature5Type,sEHFeature885Type
2233,sEH_TPPU_System-0:1_HydrogenBond_2233_InxClass,HydrogenBond,sEH_TPPU_System-0:1,"(0, 1)",TPPUFeature5Type,sEHFeature886Type
2234,sEH_TPPU_System-0:1_HydrogenBond_2234_InxClass,HydrogenBond,sEH_TPPU_System-0:1,"(0, 1)",TPPUFeature5Type,sEHFeature887Type
2235,sEH_TPPU_System-0:1_HydrogenBond_2235_InxClass,HydrogenBond,sEH_TPPU_System-0:1,"(0, 1)",TPPUFeature5Type,sEHFeature888Type
2236,sEH_TPPU_System-0:1_HydrogenBond_2236_InxClass,HydrogenBond,sEH_TPPU_System-0:1,"(0, 1)",TPPUFeature5Type,sEHFeature889Type
2237,sEH_TPPU_System-0:1_HydrogenBond_2237_InxClass,HydrogenBond,sEH_TPPU_System-0:1,"(0, 1)",TPPUFeature5Type,sEHFeature890Type
2238,sEH_TPPU_System-0:1_HydrogenBond_2238_InxClass,HydrogenBond,sEH_TPPU_System-0:1,"(0, 1)",TPPUFeature5Type,sEHFeature891Type
2239,sEH_TPPU_System-0:1_HydrogenBond_2239_InxClass,HydrogenBond,sEH_TPPU_System-0:1,"(0, 1)",TPPUFeature5Type,sEHFeature892Type
2240,sEH_TPPU_System-0:1_HydrogenBond_2240_InxClass,HydrogenBond,sEH_TPPU_System-0:1,"(0, 1)",TPPUFeature5Type,sEHFeature893Type
2241,sEH_TPPU_System-0:1_HydrogenBond_2241_InxClass,HydrogenBond,sEH_TPPU_System-0:1,"(0, 1)",TPPUFeature5Type,sEHFeature894Type
2242,sEH_TPPU_System-0:1_HydrogenBond_2242_InxClass,HydrogenBond,sEH_TPPU_System-0:1,"(0, 1)",TPPUFeature5Type,sEHFeature895Type
2243,sEH_TPPU_System-0:1_HydrogenBond_2243_InxClass,HydrogenBond,sEH_TPPU_System-0:1,"(0, 1)",TPPUFeature5Type,sEHFeature896Type
2244,sEH_TPPU_System-0:1_HydrogenBond_2244_InxClass,HydrogenBond,sEH_TPPU_System-0:1,"(0, 1)",TPPUFeature5Type,sEHFeature897Type
2245,sEH_TPPU_System-0:1_HydrogenBond_2245_InxClass,HydrogenBond,sEH_TPPU_System-0:1,"(0, 1)",TPPUFeature5Type,sEHFeature898Type
2246,sEH_TPPU_System-0:1_HydrogenBond_2246_InxClass,HydrogenBond,sEH_TPPU_System-0:1,"(0, 1)",TPPUFeature5Type,sEHFeature899Type
2247,sEH_TPPU_System-0:1_HydrogenBond_2247_InxClass,HydrogenBond,sEH_TPPU_System-0:1,"(0, 1)",TPPUFeature5Type,sEHFeature900Type
2248,sEH_TPPU_System-0:1_HydrogenBond_2248_InxClass,HydrogenBond,sEH_TPPU_System-0:1,"(0, 1)",TPPUFeature5Type,sEHFeature901Type
2249,sEH_TPPU_System-0:1_HydrogenBond_2249_InxClass,HydrogenBond,sEH_TPPU_System-0:1,"(0, 1)",TPPUFeature5Type,sEHFeature902Type
2250,sEH_TPPU_System-0:1_HydrogenBond_2250_InxClass,HydrogenBond,sEH_TPPU_System-0:1,"(0, 1)",TPPUFeature5Type,sEHFeature903Type
2251,sEH_TPPU_System-0:1_HydrogenBond_2251_InxClass,HydrogenBond,sEH_TPPU_System-0:1,"(0, 1)",TPPUFeature5Type,sEHFeature904Type
2252,sEH_TPPU_System-0:1_HydrogenBond_2252_InxClass,HydrogenBond,sEH_TPPU_System-0:1,"(0, 1)",TPPUFeature5Type,sEHFeature905Type
2253,sEH_TPPU_System-0:1_HydrogenBond_2253_InxClass,HydrogenBond,sEH_TPPU_System-0:1,"(0, 1)",TPPUFeature5Type,sEHFeature906Type
2254,sEH_TPPU_System-0:1_HydrogenBond_2254_InxClass,HydrogenBond,sEH_TPPU_System-0:1,"(0, 1)",TPPUFeature5Type,sEHFeature907Type
2255,sEH_TPPU_System-0:1_HydrogenBond_2255_InxClass,HydrogenBond,sEH_TPPU_System-0:1,"(0, 1)",TPPUFeature5Type,sEHFeature908Type
2256,sEH_TPPU_System-0:1_HydrogenBond_2256_InxClass,HydrogenBond,sEH_TPPU_System-0:1,"(0, 1)",TPPUFeature5Type,sEHFeature909Type
2257,sEH_TPPU_System-0:1_HydrogenBond_2257_InxClass,HydrogenBond,sEH_TPPU_System-0:1,"(0, 1)",TPPUFeature5Type,sEHFeature910Type
2258,sEH_TPPU_System-0:1_HydrogenBond_2258_InxClass,HydrogenBond,sEH_TPPU_System-0:1,"(0, 1)",TPPUFeature5Type,sEHFeature911Type
2259,sEH_TPPU_System-0:1_HydrogenBond_2259_InxClass,HydrogenBond,sEH_TPPU_System-0:1,"(0, 1)",TPPUFeature5Type,sEHFeature912Type
2260,sEH_TPPU_System-0:1_HydrogenBond_2260_InxClass,HydrogenBond,sEH_TPPU_System-0:1,"(0, 1)",TPPUFeature5Type,sEHFeature913Type
2261,sEH_TPPU_System-0:1_HydrogenBond_2261_InxClass,HydrogenBond,sEH_TPPU_System-0:1,"(0, 1)",TPPUFeature5Type,sEHFeature914Type
2262,sEH_TPPU_System-0:1_HydrogenBond_2262_InxClass,HydrogenBond,sEH_TPPU_System-0:1,"(0, 1)",TPPUFeature5Type,sEHFeature915Type
2263,sEH_TPPU_System-0:1_HydrogenBond_2263_InxClass,HydrogenBond,sEH_TPPU_System-0:1,"(0, 1)",TPPUFeature5Type,sEHFeature916Type
2264,sEH_TPPU_System-0:1_HydrogenBond_2264_InxClass,HydrogenBond,sEH_TPPU_System-0:1,"(0, 1)",TPPUFeature5Type,sEHFeature917Type
2265,sEH_TPPU_System-0:1_HydrogenBond_2265_InxClass,HydrogenBond,sEH_TPPU_System-0:1,"(0, 1)",TPPUFeature5Type,sEHFeature918Type
2266,sEH_TPPU_System-0:1_HydrogenBond_2266_InxClass,HydrogenBond,sEH_TPPU_System-0:1,"(0, 1)",TPPUFeature5Type,sEHFeature919Type
2267,sEH_TPPU_System-0:1_HydrogenBond_2267_InxClass,HydrogenBond,sEH_TPPU_System-0:1,"(0, 1)",TPPUFeature5Type,sEHFeature920Type
2268,sEH_TPPU_System-0:1_HydrogenBond_2268_InxClass,HydrogenBond,sEH_TPPU_System-0:1,"(0, 1)",TPPUFeature5Type,sEHFeature921Type
2269,sEH_TPPU_System-0:1_HydrogenBond_2269_InxClass,HydrogenBond,sEH_TPPU_System-0:1,"(0, 1)",TPPUFeature5Type,sEHFeature922Type
2270,sEH_TPPU_System-0:1_HydrogenBond_2270_InxClass,HydrogenBond,sEH_TPPU_System-0:1,"(0, 1)",TPPUFeature5Type,sEHFeature923Type
2271,sEH_TPPU_System-0:1_HydrogenBond_2271_InxClass,HydrogenBond,sEH_TPPU_System-0:1,"(0, 1)",TPPUFeature5Type,sEHFeature924Type
2272,sEH_TPPU_System-0:1_HydrogenBond_2272_InxClass,HydrogenBond,sEH_TPPU_System-0:1,"(0, 1)",TPPUFeature5Type,sEHFeature925Type
2273,sEH_TPPU_System-0:1_HydrogenBond_2273_InxClass,HydrogenBond,sEH_TPPU_System-0:1,"(0, 1)",TPPUFeature5Type,sEHFeature926Type
2274,sEH_TPPU_System-0:1_HydrogenBond_2274_InxClass,HydrogenBond,sEH_TPPU_System-0:1,"(0, 1)",TPPUFeature5Type,sEHFeature927Type
2275,sEH_TPPU_System-0:1_HydrogenBond_2275_InxClass,HydrogenBond,sEH_TPPU_System-0:1,"(0, 1)",TPPUFeature5Type,sEHFeature928Type
2276,sEH_TPPU_System-0:1_HydrogenBond_2276_InxClass,HydrogenBond,sEH_TPPU_System-0:1,"(0, 1)",TPPUFeature5Type,sEHFeature929Type
2277,sEH_TPPU_System-0:1_HydrogenBond_2277_InxClass,HydrogenBond,sEH_TPPU_System-0:1,"(0, 1)",TPPUFeature5Type,sEHFeature930Type
2278,sEH_TPPU_System-0:1_HydrogenBond_2278_InxClass,HydrogenBond,sEH_TPPU_System-0:1,"(0, 1)",TPPUFeature5Type,sEHFeature931Type
2279,sEH_TPPU_System-0:1_HydrogenBond_2279_InxClass,HydrogenBond,sEH_TPPU_System-0:1,"(0, 1)",TPPUFeature5Type,sEHFeature932Type
2280,sEH_TPPU_System-0:1_HydrogenBond_2280_InxClass,HydrogenBond,sEH_TPPU_System-0:1,"(0, 1)",TPPUFeature5Type,sEHFeature933Type
2281,sEH_TPPU_System-0:1_HydrogenBond_2281_InxClass,HydrogenBond,sEH_TPPU_System-0:1,"(0, 1)",TPPUFeature5Type,sEHFeature934Type
2282,sEH_TPPU_System-0:1_HydrogenBond_2282_InxClass,HydrogenBond,sEH_TPPU_System-0:1,"(0, 1)",TPPUFeature5Type,sEHFeature935Type
2283,sEH_TPPU_System-0:1_HydrogenBond_2283_InxClass,HydrogenBond,sEH_TPPU_System-0:1,"(0, 1)",TPPUFeature5Type,sEHFeature936Type
2284,sEH_TPPU_System-0:1_HydrogenBond_2284_InxClass,HydrogenBond,sEH_TPPU_System-0:1,"(0, 1)",TPPUFeature5Type,sEHFeature937Type
2285,sEH_TPPU_System-0:1_HydrogenBond_2285_InxClass,HydrogenBond,sEH_TPPU_System-0:1,"(0, 1)",TPPUFeature5Type,sEHFeature938Type
2286,sEH_TPPU_System-0:1_HydrogenBond_2286_InxClass,HydrogenBond,sEH_TPPU_System-0:1,"(0, 1)",TPPUFeature5Type,sEHFeature939Type
2287,sEH_TPPU_System-0:1_HydrogenBond_2287_InxClass,HydrogenBond,sEH_TPPU_System-0:1,"(0, 1)",TPPUFeature5Type,sEHFeature940Type
2288,sEH_TPPU_System-0:1_HydrogenBond_2288_InxClass,HydrogenBond,sEH_TPPU_System-0:1,"(0, 1)",TPPUFeature5Type,sEHFeature941Type
2289,sEH_TPPU_System-0:1_HydrogenBond_2289_InxClass,HydrogenBond,sEH_TPPU_System-0:1,"(0, 1)",TPPUFeature5Type,sEHFeature942Type
2290,sEH_TPPU_System-0:1_HydrogenBond_2290_InxClass,HydrogenBond,sEH_TPPU_System-0:1,"(0, 1)",TPPUFeature5Type,sEHFeature943Type
2291,sEH_TPPU_System-0:1_HydrogenBond_2291_InxClass,HydrogenBond,sEH_TPPU_System-0:1,"(0, 1)",TPPUFeature5Type,sEHFeature944Type
2292,sEH_TPPU_System-0:1_HydrogenBond_2292_InxClass,HydrogenBond,sEH_TPPU_System-0:1,"(0, 1)",TPPUFeature5Type,sEHFeature945Type
2293,sEH_TPPU_System-0:1_HydrogenBond_2293_InxClass,HydrogenBond,sEH_TPPU_System-0:1,"(0, 1)",TPPUFeature5Type,sEHFeature946Type
2294,sEH_TPPU_System-0:1_HydrogenBond_2294_InxClass,HydrogenBond,sEH_TPPU_System-0:1,"(0, 1)",TPPUFeature5Type,sEHFeature947Type
2295,sEH_TPPU_System-0:1_HydrogenBond_2295_InxClass,HydrogenBond,sEH_TPPU_System-0:1,"(0, 1)",TPPUFeature5Type,sEHFeature948Type
2296,sEH_TPPU_System-0:1_HydrogenBond_2296_InxClass,HydrogenBond,sEH_TPPU_System-0:1,"(0, 1)",TPPUFeature5Type,sEHFeature949Type
2297,sEH_TPPU_System-0:1_HydrogenBond_2297_InxClass,HydrogenBond,sEH_TPPU_System-0:1,"(0, 1)",TPPUFeature5Type,sEHFeature950Type
2298,sEH_TPPU_System-0:1_HydrogenBond_2298_InxClass,HydrogenBond,sEH_TPPU_System-0:1,"(0, 1)",TPPUFeature5Type,sEHFeature951Type
2299,sEH_TPPU_System-0:1_HydrogenBond_2299_InxClass,HydrogenBond,sEH_TPPU_System-0:1,"(0, 1)",TPPUFeature5Type,sEHFeature952Type
2300,sEH_TPPU_System-0:1_HydrogenBond_2300_InxClass,HydrogenBond,sEH_TPPU_System-0:1,"(0, 1)",TPPUFeature5Type,sEHFeature953Type
2301,sEH_TPPU_System-0:1_HydrogenBond_2301_InxClass,HydrogenBond,sEH_TPPU_System-0:1,"(0, 1)",TPPUFeature5Type,sEHFeature954Type
2302,sEH_TPPU_System-0:1_HydrogenBond_2302_InxClass,HydrogenBond,sEH_TPPU_System-0:1,"(0, 1)",TPPUFeature5Type,sEHFeature955Type
2303,sEH_TPPU_System-0:1_HydrogenBond_2303_InxClass,HydrogenBond,sEH_TPPU_System-0:1,"(0, 1)",TPPUFeature5Type,sEHFeature956Type
2304,sEH_TPPU_System-0:1_HydrogenBond_2304_InxClass,HydrogenBond,sEH_TPPU_System-0:1,"(0, 1)",TPPUFeature5Type,sEHFeature957Type
2305,sEH_TPPU_System-0:1_HydrogenBond_2305_InxClass,HydrogenBond,sEH_TPPU_System-0:1,"(0, 1)",TPPUFeature5Type,sEHFeature958Type
2306,sEH_TPPU_System-0:1_HydrogenBond_2306_InxClass,HydrogenBond,sEH_TPPU_System-0:1,"(0, 1)",TPPUFeature5Type,sEHFeature959Type
2307,sEH_TPPU_System-0:1_HydrogenBond_2307_InxClass,HydrogenBond,sEH_TPPU_System-0:1,"(0, 1)",TPPUFeature5Type,sEHFeature960Type
2308,sEH_TPPU_System-0:1_HydrogenBond_2308_InxClass,HydrogenBond,sEH_TPPU_System-0:1,"(0, 1)",TPPUFeature5Type,sEHFeature961Type
2309,sEH_TPPU_System-0:1_HydrogenBond_2309_InxClass,HydrogenBond,sEH_TPPU_System-0:1,"(0, 1)",TPPUFeature5Type,sEHFeature962Type
2310,sEH_TPPU_System-1:0_HydrogenBond_0_InxClass,HydrogenBond,sEH_TPPU_System-1:0,"(1, 0)",sEHFeature1Type,TPPUFeature6Type
2311,sEH_TPPU_System-1:0_HydrogenBond_1_InxClass,HydrogenBond,sEH_TPPU_System-1:0,"(1, 0)",sEHFeature1Type,TPPUFeature7Type
2312,sEH_TPPU_System-1:0_HydrogenBond_2_InxClass,HydrogenBond,sEH_TPPU_System-1:0,"(1, 0)",sEHFeature1Type,TPPUFeature8Type
2313,sEH_TPPU_System-1:0_HydrogenBond_3_InxClass,HydrogenBond,sEH_TPPU_System-1:0,"(1, 0)",sEHFeature2Type,TPPUFeature6Type
2314,sEH_TPPU_System-1:0_HydrogenBond_4_InxClass,HydrogenBond,sEH_TPPU_System-1:0,"(1, 0)",sEHFeature2Type,TPPUFeature7Type
2315,sEH_TPPU_System-1:0_HydrogenBond_5_InxClass,HydrogenBond,sEH_TPPU_System-1:0,"(1, 0)",sEHFeature2Type,TPPUFeature8Type
2316,sEH_TPPU_System-1:0_HydrogenBond_6_InxClass,HydrogenBond,sEH_TPPU_System-1:0,"(1, 0)",sEHFeature3Type,TPPUFeature6Type
2317,sEH_TPPU_System-1:0_HydrogenBond_7_InxClass,HydrogenBond,sEH_TPPU_System-1:0,"(1, 0)",sEHFeature3Type,TPPUFeature7Type
2318,sEH_TPPU_System-1:0_HydrogenBond_8_InxClass,HydrogenBond,sEH_TPPU_System-1:0,"(1, 0)",sEHFeature3Type,TPPUFeature8Type
2319,sEH_TPPU_System-1:0_HydrogenBond_9_InxClass,HydrogenBond,sEH_TPPU_System-1:0,"(1, 0)",sEHFeature4Type,TPPUFeature6Type
2320,sEH_TPPU_System-1:0_HydrogenBond_10_InxClass,HydrogenBond,sEH_TPPU_System-1:0,"(1, 0)",sEHFeature4Type,TPPUFeature7Type
2321,sEH_TPPU_System-1:0_HydrogenBond_11_InxClass,HydrogenBond,sEH_TPPU_System-1:0,"(1, 0)",sEHFeature4Type,TPPUFeature8Type
2322,sEH_TPPU_System-1:0_HydrogenBond_12_InxClass,HydrogenBond,sEH_TPPU_System-1:0,"(1, 0)",sEHFeature5Type,TPPUFeature6Type
2323,sEH_TPPU_System-1:0_HydrogenBond_13_InxClass,HydrogenBond,sEH_TPPU_System-1:0,"(1, 0)",sEHFeature5Type,TPPUFeature7Type
2324,sEH_TPPU_System-1:0_HydrogenBond_14_InxClass,HydrogenBond,sEH_TPPU_System-1:0,"(1, 0)",sEHFeature5Type,TPPUFeature8Type
2325,sEH_TPPU_System-1:0_HydrogenBond_15_InxClass,HydrogenBond,sEH_TPPU_System-1:0,"(1, 0)",sEHFeature6Type,TPPUFeature6Type
2326,sEH_TPPU_System-1:0_HydrogenBond_16_InxClass,HydrogenBond,sEH_TPPU_System-1:0,"(1, 0)",sEHFeature6Type,TPPUFeature7Type
2327,sEH_TPPU_System-1:0_HydrogenBond_17_InxClass,HydrogenBond,sEH_TPPU_System-1:0,"(1, 0)",sEHFeature6Type,TPPUFeature8Type
2328,sEH_TPPU_System-1:0_HydrogenBond_18_InxClass,HydrogenBond,sEH_TPPU_System-1:0,"(1, 0)",sEHFeature7Type,TPPUFeature6Type
2329,sEH_TPPU_System-1:0_HydrogenBond_19_InxClass,HydrogenBond,sEH_TPPU_System-1:0,"(1, 0)",sEHFeature7Type,TPPUFeature7Type
2330,sEH_TPPU_System-1:0_HydrogenBond_20_InxClass,HydrogenBond,sEH_TPPU_System-1:0,"(1, 0)",sEHFeature7Type,TPPUFeature8Type
2331,sEH_TPPU_System-1:0_HydrogenBond_21_InxClass,HydrogenBond,sEH_TPPU_System-1:0,"(1, 0)",sEHFeature8Type,TPPUFeature6Type
2332,sEH_TPPU_System-1:0_HydrogenBond_22_InxClass,HydrogenBond,sEH_TPPU_System-1:0,"(1, 0)",sEHFeature8Type,TPPUFeature7Type
2333,sEH_TPPU_System-1:0_HydrogenBond_23_InxClass,HydrogenBond,sEH_TPPU_System-1:0,"(1, 0)",sEHFeature8Type,TPPUFeature8Type
2334,sEH_TPPU_System-1:0_HydrogenBond_24_InxClass,HydrogenBond,sEH_TPPU_System-1:0,"(1, 0)",sEHFeature9Type,TPPUFeature6Type
2335,sEH_TPPU_System-1:0_HydrogenBond_25_InxClass,HydrogenBond,sEH_TPPU_System-1:0,"(1, 0)",sEHFeature9Type,TPPUFeature7Type
2336,sEH_TPPU_System-1:0_HydrogenBond_26_InxClass,HydrogenBond,sEH_TPPU_System-1:0,"(1, 0)",sEHFeature9Type,TPPUFeature8Type
2337,sEH_TPPU_System-1:0_HydrogenBond_27_InxClass,HydrogenBond,sEH_TPPU_System-1:0,"(1, 0)",sEHFeature10Type,TPPUFeature6Type
2338,sEH_TPPU_System-1:0_HydrogenBond_28_InxClass,HydrogenBond,sEH_TPPU_System-1:0,"(1, 0)",sEHFeature10Type,TPPUFeature7Type
2339,sEH_TPPU_System-1:0_HydrogenBond_29_InxClass,HydrogenBond,sEH_TPPU_System-1:0,"(1, 0)",sEHFeature10Type,TPPUFeature8Type
2340,sEH_TPPU_System-1:0_HydrogenBond_30_InxClass,HydrogenBond,sEH_TPPU_System-1:0,"(1, 0)",sEHFeature11Type,TPPUFeature6Type
2341,sEH_TPPU_System-1:0_HydrogenBond_31_InxClass,HydrogenBond,sEH_TPPU_System-1:0,"(1, 0)",sEHFeature11Type,TPPUFeature7Type
2342,sEH_TPPU_System-1:0_HydrogenBond_32_InxClass,HydrogenBond,sEH_TPPU_System-1:0,"(1, 0)",sEHFeature11Type,TPPUFeature8Type
2343,sEH_TPPU_System-1:0_HydrogenBond_33_InxClass,HydrogenBond,sEH_TPPU_System-1:0,"(1, 0)",sEHFeature12Type,TPPUFeature6Type
2344,sEH_TPPU_System-1:0_HydrogenBond_34_InxClass,HydrogenBond,sEH_TPPU_System-1:0,"(1, 0)",sEHFeature12Type,TPPUFeature7Type
2345,sEH_TPPU_System-1:0_HydrogenBond_35_InxClass,HydrogenBond,sEH_TPPU_System-1:0,"(1, 0)",sEHFeature12Type,TPPUFeature8Type
2346,sEH_TPPU_System-1:0_HydrogenBond_36_InxClass,HydrogenBond,sEH_TPPU_System-1:0,"(1, 0)",sEHFeature13Type,TPPUFeature6Type
2347,sEH_TPPU_System-1:0_HydrogenBond_37_InxClass,HydrogenBond,sEH_TPPU_System-1:0,"(1, 0)",sEHFeature13Type,TPPUFeature7Type
2348,sEH_TPPU_System-1:0_HydrogenBond_38_InxClass,HydrogenBond,sEH_TPPU_System-1:0,"(1, 0)",sEHFeature13Type,TPPUFeature8Type
2349,sEH_TPPU_System-1:0_HydrogenBond_39_InxClass,HydrogenBond,sEH_TPPU_System-1:0,"(1, 0)",sEHFeature14Type,TPPUFeature6Type
2350,sEH_TPPU_System-1:0_HydrogenBond_40_InxClass,HydrogenBond,sEH_TPPU_System-1:0,"(1, 0)",sEHFeature14Type,TPPUFeature7Type
2351,sEH_TPPU_System-1:0_HydrogenBond_41_InxClass,HydrogenBond,sEH_TPPU_System-1:0,"(1, 0)",sEHFeature14Type,TPPUFeature8Type
2352,sEH_TPPU_System-1:0_HydrogenBond_42_InxClass,HydrogenBond,sEH_TPPU_System-1:0,"(1, 0)",sEHFeature15Type,TPPUFeature6Type
2353,sEH_TPPU_System-1:0_HydrogenBond_43_InxClass,HydrogenBond,sEH_TPPU_System-1:0,"(1, 0)",sEHFeature15Type,TPPUFeature7Type
2354,sEH_TPPU_System-1:0_HydrogenBond_44_InxClass,HydrogenBond,sEH_TPPU_System-1:0,"(1, 0)",sEHFeature15Type,TPPUFeature8Type
2355,sEH_TPPU_System-1:0_HydrogenBond_45_InxClass,HydrogenBond,sEH_TPPU_System-1:0,"(1, 0)",sEHFeature16Type,TPPUFeature6Type
2356,sEH_TPPU_System-1:0_HydrogenBond_46_InxClass,HydrogenBond,sEH_TPPU_System-1:0,"(1, 0)",sEHFeature16Type,TPPUFeature7Type
2357,sEH_TPPU_System-1:0_HydrogenBond_47_InxClass,HydrogenBond,sEH_TPPU_System-1:0,"(1, 0)",sEHFeature16Type,TPPUFeature8Type
2358,sEH_TPPU_System-1:0_HydrogenBond_48_InxClass,HydrogenBond,sEH_TPPU_System-1:0,"(1, 0)",sEHFeature17Type,TPPUFeature6Type
2359,sEH_TPPU_System-1:0_HydrogenBond_49_InxClass,HydrogenBond,sEH_TPPU_System-1:0,"(1, 0)",sEHFeature17Type,TPPUFeature7Type
2360,sEH_TPPU_System-1:0_HydrogenBond_50_InxClass,HydrogenBond,sEH_TPPU_System-1:0,"(1, 0)",sEHFeature17Type,TPPUFeature8Type
2361,sEH_TPPU_System-1:0_HydrogenBond_51_InxClass,HydrogenBond,sEH_TPPU_System-1:0,"(1, 0)",sEHFeature18Type,TPPUFeature6Type
2362,sEH_TPPU_System-1:0_HydrogenBond_52_InxClass,HydrogenBond,sEH_TPPU_System-1:0,"(1, 0)",sEHFeature18Type,TPPUFeature7Type
2363,sEH_TPPU_System-1:0_HydrogenBond_53_InxClass,HydrogenBond,sEH_TPPU_System-1:0,"(1, 0)",sEHFeature18Type,TPPUFeature8Type
2364,sEH_TPPU_System-1:0_HydrogenBond_54_InxClass,HydrogenBond,sEH_TPPU_System-1:0,"(1, 0)",sEHFeature19Type,TPPUFeature6Type
2365,sEH_TPPU_System-1:0_HydrogenBond_55_InxClass,HydrogenBond,sEH_TPPU_System-1:0,"(1, 0)",sEHFeature19Type,TPPUFeature7Type
2366,sEH_TPPU_System-1:0_HydrogenBond_56_InxClass,HydrogenBond,sEH_TPPU_System-1:0,"(1, 0)",sEHFeature19Type,TPPUFeature8Type
2367,sEH_TPPU_System-1:0_HydrogenBond_57_InxClass,HydrogenBond,sEH_TPPU_System-1:0,"(1, 0)",sEHFeature20Type,TPPUFeature6Type
2368,sEH_TPPU_System-1:0_HydrogenBond_58_InxClass,HydrogenBond,sEH_TPPU_System-1:0,"(1, 0)",sEHFeature20Type,TPPUFeature7Type
2369,sEH_TPPU_System-1:0_HydrogenBond_59_InxClass,HydrogenBond,sEH_TPPU_System-1:0,"(1, 0)",sEHFeature20Type,TPPUFeature8Type
2370,sEH_TPPU_System-1:0_HydrogenBond_60_InxClass,HydrogenBond,sEH_TPPU_System-1:0,"(1, 0)",sEHFeature21Type,TPPUFeature6Type
2371,sEH_TPPU_System-1:0_HydrogenBond_61_InxClass,HydrogenBond,sEH_TPPU_System-1:0,"(1, 0)",sEHFeature21Type,TPPUFeature7Type
2372,sEH_TPPU_System-1:0_HydrogenBond_62_InxClass,HydrogenBond,sEH_TPPU_System-1:0,"(1, 0)",sEHFeature21Type,TPPUFeature8Type
2373,sEH_TPPU_System-1:0_HydrogenBond_63_InxClass,HydrogenBond,sEH_TPPU_System-1:0,"(1, 0)",sEHFeature22Type,TPPUFeature6Type
2374,sEH_TPPU_System-1:0_HydrogenBond_64_InxClass,HydrogenBond,sEH_TPPU_System-1:0,"(1, 0)",sEHFeature22Type,TPPUFeature7Type
2375,sEH_TPPU_System-1:0_HydrogenBond_65_InxClass,HydrogenBond,sEH_TPPU_System-1:0,"(1, 0)",sEHFeature22Type,TPPUFeature8Type
2376,sEH_TPPU_System-1:0_HydrogenBond_66_InxClass,HydrogenBond,sEH_TPPU_System-1:0,"(1, 0)",sEHFeature23Type,TPPUFeature6Type
2377,sEH_TPPU_System-1:0_HydrogenBond_67_InxClass,HydrogenBond,sEH_TPPU_System-1:0,"(1, 0)",sEHFeature23Type,TPPUFeature7Type
2378,sEH_TPPU_System-1:0_HydrogenBond_68_InxClass,HydrogenBond,sEH_TPPU_System-1:0,"(1, 0)",sEHFeature23Type,TPPUFeature8Type
2379,sEH_TPPU_System-1:0_HydrogenBond_69_InxClass,HydrogenBond,sEH_TPPU_System-1:0,"(1, 0)",sEHFeature24Type,TPPUFeature6Type
2380,sEH_TPPU_System-1:0_HydrogenBond_70_InxClass,HydrogenBond,sEH_TPPU_System-1:0,"(1, 0)",sEHFeature24Type,TPPUFeature7Type
2381,sEH_TPPU_System-1:0_HydrogenBond_71_InxClass,HydrogenBond,sEH_TPPU_System-1:0,"(1, 0)",sEHFeature24Type,TPPUFeature8Type
2382,sEH_TPPU_System-1:0_HydrogenBond_72_InxClass,HydrogenBond,sEH_TPPU_System-1:0,"(1, 0)",sEHFeature25Type,TPPUFeature6Type
2383,sEH_TPPU_System-1:0_HydrogenBond_73_InxClass,HydrogenBond,sEH_TPPU_System-1:0,"(1, 0)",sEHFeature25Type,TPPUFeature7Type
2384,sEH_TPPU_System-1:0_HydrogenBond_74_InxClass,HydrogenBond,sEH_TPPU_System-1:0,"(1, 0)",sEHFeature25Type,TPPUFeature8Type
2385,sEH_TPPU_System-1:0_HydrogenBond_75_InxClass,HydrogenBond,sEH_TPPU_System-1:0,"(1, 0)",sEHFeature26Type,TPPUFeature6Type
2386,sEH_TPPU_System-1:0_HydrogenBond_76_InxClass,HydrogenBond,sEH_TPPU_System-1:0,"(1, 0)",sEHFeature26Type,TPPUFeature7Type
2387,sEH_TPPU_System-1:0_HydrogenBond_77_InxClass,HydrogenBond,sEH_TPPU_System-1:0,"(1, 0)",sEHFeature26Type,TPPUFeature8Type
2388,sEH_TPPU_System-1:0_HydrogenBond_78_InxClass,HydrogenBond,sEH_TPPU_System-1:0,"(1, 0)",sEHFeature27Type,TPPUFeature6Type
2389,sEH_TPPU_System-1:0_HydrogenBond_79_InxClass,HydrogenBond,sEH_TPPU_System-1:0,"(1, 0)",sEHFeature27Type,TPPUFeature7Type
2390,sEH_TPPU_System-1:0_HydrogenBond_80_InxClass,HydrogenBond,sEH_TPPU_System-1:0,"(1, 0)",sEHFeature27Type,TPPUFeature8Type
2391,sEH_TPPU_System-1:0_HydrogenBond_81_InxClass,HydrogenBond,sEH_TPPU_System-1:0,"(1, 0)",sEHFeature28Type,TPPUFeature6Type
2392,sEH_TPPU_System-1:0_HydrogenBond_82_InxClass,HydrogenBond,sEH_TPPU_System-1:0,"(1, 0)",sEHFeature28Type,TPPUFeature7Type
2393,sEH_TPPU_System-1:0_HydrogenBond_83_InxClass,HydrogenBond,sEH_TPPU_System-1:0,"(1, 0)",sEHFeature28Type,TPPUFeature8Type
2394,sEH_TPPU_System-1:0_HydrogenBond_84_InxClass,HydrogenBond,sEH_TPPU_System-1:0,"(1, 0)",sEHFeature29Type,TPPUFeature6Type
2395,sEH_TPPU_System-1:0_HydrogenBond_85_InxClass,HydrogenBond,sEH_TPPU_System-1:0,"(1, 0)",sEHFeature29Type,TPPUFeature7Type
2396,sEH_TPPU_System-1:0_HydrogenBond_86_InxClass,HydrogenBond,sEH_TPPU_System-1:0,"(1, 0)",sEHFeature29Type,TPPUFeature8Type
2397,sEH_TPPU_System-1:0_HydrogenBond_87_InxClass,HydrogenBond,sEH_TPPU_System-1:0,"(1, 0)",sEHFeature30Type,TPPUFeature6Type
2398,sEH_TPPU_System-1:0_HydrogenBond_88_InxClass,HydrogenBond,sEH_TPPU_System-1:0,"(1, 0)",sEHFeature30Type,TPPUFeature7Type
2399,sEH_TPPU_System-1:0_HydrogenBond_89_InxClass,HydrogenBond,sEH_TPPU_System-1:0,"(1, 0)",sEHFeature30Type,TPPUFeature8Type
2400,sEH_TPPU_System-1:0_HydrogenBond_90_InxClass,HydrogenBond,sEH_TPPU_System-1:0,"(1, 0)",sEHFeature31Type,TPPUFeature6Type
2401,sEH_TPPU_System-1:0_HydrogenBond_91_InxClass,HydrogenBond,sEH_TPPU_System-1:0,"(1, 0)",sEHFeature31Type,TPPUFeature7Type
2402,sEH_TPPU_System-1:0_HydrogenBond_92_InxClass,HydrogenBond,sEH_TPPU_System-1:0,"(1, 0)",sEHFeature31Type,TPPUFeature8Type
2403,sEH_TPPU_System-1:0_HydrogenBond_93_InxClass,HydrogenBond,sEH_TPPU_System-1:0,"(1, 0)",sEHFeature32Type,TPPUFeature6Type
2404,sEH_TPPU_System-1:0_HydrogenBond_94_InxClass,HydrogenBond,sEH_TPPU_System-1:0,"(1, 0)",sEHFeature32Type,TPPUFeature7Type
2405,sEH_TPPU_System-1:0_HydrogenBond_95_InxClass,HydrogenBond,sEH_TPPU_System-1:0,"(1, 0)",sEHFeature32Type,TPPUFeature8Type
2406,sEH_TPPU_System-1:0_HydrogenBond_96_InxClass,HydrogenBond,sEH_TPPU_System-1:0,"(1, 0)",sEHFeature33Type,TPPUFeature6Type
2407,sEH_TPPU_System-1:0_HydrogenBond_97_InxClass,HydrogenBond,sEH_TPPU_System-1:0,"(1, 0)",sEHFeature33Type,TPPUFeature7Type
2408,sEH_TPPU_System-1:0_HydrogenBond_98_InxClass,HydrogenBond,sEH_TPPU_System-1:0,"(1, 0)",sEHFeature33Type,TPPUFeature8Type
2409,sEH_TPPU_System-1:0_HydrogenBond_99_InxClass,HydrogenBond,sEH_TPPU_System-1:0,"(1, 0)",sEHFeature34Type,TPPUFeature6Type
2410,sEH_TPPU_System-1:0_HydrogenBond_100_InxClass,HydrogenBond,sEH_TPPU_System-1:0,"(1, 0)",sEHFeature34Type,TPPUFeature7Type
2411,sEH_TPPU_System-1:0_HydrogenBond_101_InxClass,HydrogenBond,sEH_TPPU_System-1:0,"(1, 0)",sEHFeature34Type,TPPUFeature8Type
2412,sEH_TPPU_System-1:0_HydrogenBond_102_InxClass,HydrogenBond,sEH_TPPU_System-1:0,"(1, 0)",sEHFeature35Type,TPPUFeature6Type
2413,sEH_TPPU_System-1:0_HydrogenBond_103_InxClass,HydrogenBond,sEH_TPPU_System-1:0,"(1, 0)",sEHFeature35Type,TPPUFeature7Type
2414,sEH_TPPU_System-1:0_HydrogenBond_104_InxClass,HydrogenBond,sEH_TPPU_System-1:0,"(1, 0)",sEHFeature35Type,TPPUFeature8Type
2415,sEH_TPPU_System-1:0_HydrogenBond_105_InxClass,HydrogenBond,sEH_TPPU_System-1:0,"(1, 0)",sEHFeature36Type,TPPUFeature6Type
2416,sEH_TPPU_System-1:0_HydrogenBond_106_InxClass,HydrogenBond,sEH_TPPU_System-1:0,"(1, 0)",sEHFeature36Type,TPPUFeature7Type
2417,sEH_TPPU_System-1:0_HydrogenBond_107_InxClass,HydrogenBond,sEH_TPPU_System-1:0,"(1, 0)",sEHFeature36Type,TPPUFeature8Type
2418,sEH_TPPU_System-1:0_HydrogenBond_108_InxClass,HydrogenBond,sEH_TPPU_System-1:0,"(1, 0)",sEHFeature37Type,TPPUFeature6Type
2419,sEH_TPPU_System-1:0_HydrogenBond_109_InxClass,HydrogenBond,sEH_TPPU_System-1:0,"(1, 0)",sEHFeature37Type,TPPUFeature7Type
2420,sEH_TPPU_System-1:0_HydrogenBond_110_InxClass,HydrogenBond,sEH_TPPU_System-1:0,"(1, 0)",sEHFeature37Type,TPPUFeature8Type
2421,sEH_TPPU_System-1:0_HydrogenBond_111_InxClass,HydrogenBond,sEH_TPPU_System-1:0,"(1, 0)",sEHFeature38Type,TPPUFeature6Type
2422,sEH_TPPU_System-1:0_HydrogenBond_112_InxClass,HydrogenBond,sEH_TPPU_System-1:0,"(1, 0)",sEHFeature38Type,TPPUFeature7Type
2423,sEH_TPPU_System-1:0_HydrogenBond_113_InxClass,HydrogenBond,sEH_TPPU_System-1:0,"(1, 0)",sEHFeature38Type,TPPUFeature8Type
2424,sEH_TPPU_System-1:0_HydrogenBond_114_InxClass,HydrogenBond,sEH_TPPU_System-1:0,"(1, 0)",sEHFeature39Type,TPPUFeature6Type
2425,sEH_TPPU_System-1:0_HydrogenBond_115_InxClass,HydrogenBond,sEH_TPPU_System-1:0,"(1, 0)",sEHFeature39Type,TPPUFeature7Type
2426,sEH_TPPU_System-1:0_HydrogenBond_116_InxClass,HydrogenBond,sEH_TPPU_System-1:0,"(1, 0)",sEHFeature39Type,TPPUFeature8Type
2427,sEH_TPPU_System-1:0_HydrogenBond_117_InxClass,HydrogenBond,sEH_TPPU_System-1:0,"(1, 0)",sEHFeature40Type,TPPUFeature6Type
2428,sEH_TPPU_System-1:0_HydrogenBond_118_InxClass,HydrogenBond,sEH_TPPU_System-1:0,"(1, 0)",sEHFeature40Type,TPPUFeature7Type
2429,sEH_TPPU_System-1:0_HydrogenBond_119_InxClass,HydrogenBond,sEH_TPPU_System-1:0,"(1, 0)",sEHFeature40Type,TPPUFeature8Type
2430,sEH_TPPU_System-1:0_HydrogenBond_120_InxClass,HydrogenBond,sEH_TPPU_System-1:0,"(1, 0)",sEHFeature41Type,TPPUFeature6Type
2431,sEH_TPPU_System-1:0_HydrogenBond_121_InxClass,HydrogenBond,sEH_TPPU_System-1:0,"(1, 0)",sEHFeature41Type,TPPUFeature7Type
2432,sEH_TPPU_System-1:0_HydrogenBond_122_InxClass,HydrogenBond,sEH_TPPU_System-1:0,"(1, 0)",sEHFeature41Type,TPPUFeature8Type
2433,sEH_TPPU_System-1:0_HydrogenBond_123_InxClass,HydrogenBond,sEH_TPPU_System-1:0,"(1, 0)",sEHFeature42Type,TPPUFeature6Type
2434,sEH_TPPU_System-1:0_HydrogenBond_124_InxClass,HydrogenBond,sEH_TPPU_System-1:0,"(1, 0)",sEHFeature42Type,TPPUFeature7Type
2435,sEH_TPPU_System-1:0_HydrogenBond_125_InxClass,HydrogenBond,sEH_TPPU_System-1:0,"(1, 0)",sEHFeature42Type,TPPUFeature8Type
2436,sEH_TPPU_System-1:0_HydrogenBond_126_InxClass,HydrogenBond,sEH_TPPU_System-1:0,"(1, 0)",sEHFeature43Type,TPPUFeature6Type
2437,sEH_TPPU_System-1:0_HydrogenBond_127_InxClass,HydrogenBond,sEH_TPPU_System-1:0,"(1, 0)",sEHFeature43Type,TPPUFeature7Type
2438,sEH_TPPU_System-1:0_HydrogenBond_128_InxClass,HydrogenBond,sEH_TPPU_System-1:0,"(1, 0)",sEHFeature43Type,TPPUFeature8Type
2439,sEH_TPPU_System-1:0_HydrogenBond_129_InxClass,HydrogenBond,sEH_TPPU_System-1:0,"(1, 0)",sEHFeature44Type,TPPUFeature6Type
2440,sEH_TPPU_System-1:0_HydrogenBond_130_InxClass,HydrogenBond,sEH_TPPU_System-1:0,"(1, 0)",sEHFeature44Type,TPPUFeature7Type
2441,sEH_TPPU_System-1:0_HydrogenBond_131_InxClass,HydrogenBond,sEH_TPPU_System-1:0,"(1, 0)",sEHFeature44Type,TPPUFeature8Type
2442,sEH_TPPU_System-1:0_HydrogenBond_132_InxClass,HydrogenBond,sEH_TPPU_System-1:0,"(1, 0)",sEHFeature45Type,TPPUFeature6Type
2443,sEH_TPPU_System-1:0_HydrogenBond_133_InxClass,HydrogenBond,sEH_TPPU_System-1:0,"(1, 0)",sEHFeature45Type,TPPUFeature7Type
2444,sEH_TPPU_System-1:0_HydrogenBond_134_InxClass,HydrogenBond,sEH_TPPU_System-1:0,"(1, 0)",sEHFeature45Type,TPPUFeature8Type
2445,sEH_TPPU_System-1:0_HydrogenBond_135_InxClass,HydrogenBond,sEH_TPPU_System-1:0,"(1, 0)",sEHFeature46Type,TPPUFeature6Type
2446,sEH_TPPU_System-1:0_HydrogenBond_136_InxClass,HydrogenBond,sEH_TPPU_System-1:0,"(1, 0)",sEHFeature46Type,TPPUFeature7Type
2447,sEH_TPPU_System-1:0_HydrogenBond_137_InxClass,HydrogenBond,sEH_TPPU_System-1:0,"(1, 0)",sEHFeature46Type,TPPUFeature8Type
2448,sEH_TPPU_System-1:0_HydrogenBond_138_InxClass,HydrogenBond,sEH_TPPU_System-1:0,"(1, 0)",sEHFeature47Type,TPPUFeature6Type
2449,sEH_TPPU_System-1:0_HydrogenBond_139_InxClass,HydrogenBond,sEH_TPPU_System-1:0,"(1, 0)",sEHFeature47Type,TPPUFeature7Type
2450,sEH_TPPU_System-1:0_HydrogenBond_140_InxClass,HydrogenBond,sEH_TPPU_System-1:0,"(1, 0)",sEHFeature47Type,TPPUFeature8Type
2451,sEH_TPPU_System-1:0_HydrogenBond_141_InxClass,HydrogenBond,sEH_TPPU_System-1:0,"(1, 0)",sEHFeature48Type,TPPUFeature6Type
2452,sEH_TPPU_System-1:0_HydrogenBond_142_InxClass,HydrogenBond,sEH_TPPU_System-1:0,"(1, 0)",sEHFeature48Type,TPPUFeature7Type
2453,sEH_TPPU_System-1:0_HydrogenBond_143_InxClass,HydrogenBond,sEH_TPPU_System-1:0,"(1, 0)",sEHFeature48Type,TPPUFeature8Type
2454,sEH_TPPU_System-1:0_HydrogenBond_144_InxClass,HydrogenBond,sEH_TPPU_System-1:0,"(1, 0)",sEHFeature49Type,TPPUFeature6Type
2455,sEH_TPPU_System-1:0_HydrogenBond_145_InxClass,HydrogenBond,sEH_TPPU_System-1:0,"(1, 0)",sEHFeature49Type,TPPUFeature7Type
2456,sEH_TPPU_System-1:0_HydrogenBond_146_InxClass,HydrogenBond,sEH_TPPU_System-1:0,"(1, 0)",sEHFeature49Type,TPPUFeature8Type
2457,sEH_TPPU_System-1:0_HydrogenBond_147_InxClass,HydrogenBond,sEH_TPPU_System-1:0,"(1, 0)",sEHFeature50Type,TPPUFeature6Type
2458,sEH_TPPU_System-1:0_HydrogenBond_148_InxClass,HydrogenBond,sEH_TPPU_System-1:0,"(1, 0)",sEHFeature50Type,TPPUFeature7Type
2459,sEH_TPPU_System-1:0_HydrogenBond_149_InxClass,HydrogenBond,sEH_TPPU_System-1:0,"(1, 0)",sEHFeature50Type,TPPUFeature8Type
2460,sEH_TPPU_System-1:0_HydrogenBond_150_InxClass,HydrogenBond,sEH_TPPU_System-1:0,"(1, 0)",sEHFeature51Type,TPPUFeature6Type
2461,sEH_TPPU_System-1:0_HydrogenBond_151_InxClass,HydrogenBond,sEH_TPPU_System-1:0,"(1, 0)",sEHFeature51Type,TPPUFeature7Type
2462,sEH_TPPU_System-1:0_HydrogenBond_152_InxClass,HydrogenBond,sEH_TPPU_System-1:0,"(1, 0)",sEHFeature51Type,TPPUFeature8Type
2463,sEH_TPPU_System-1:0_HydrogenBond_153_InxClass,HydrogenBond,sEH_TPPU_System-1:0,"(1, 0)",sEHFeature52Type,TPPUFeature6Type
2464,sEH_TPPU_System-1:0_HydrogenBond_154_InxClass,HydrogenBond,sEH_TPPU_System-1:0,"(1, 0)",sEHFeature52Type,TPPUFeature7Type
2465,sEH_TPPU_System-1:0_HydrogenBond_155_InxClass,HydrogenBond,sEH_TPPU_System-1:0,"(1, 0)",sEHFeature52Type,TPPUFeature8Type
2466,sEH_TPPU_System-1:0_HydrogenBond_156_InxClass,HydrogenBond,sEH_TPPU_System-1:0,"(1, 0)",sEHFeature53Type,TPPUFeature6Type
2467,sEH_TPPU_System-1:0_HydrogenBond_157_InxClass,HydrogenBond,sEH_TPPU_System-1:0,"(1, 0)",sEHFeature53Type,TPPUFeature7Type
2468,sEH_TPPU_System-1:0_HydrogenBond_158_InxClass,HydrogenBond,sEH_TPPU_System-1:0,"(1, 0)",sEHFeature53Type,TPPUFeature8Type
2469,sEH_TPPU_System-1:0_HydrogenBond_159_InxClass,HydrogenBond,sEH_TPPU_System-1:0,"(1, 0)",sEHFeature54Type,TPPUFeature6Type
2470,sEH_TPPU_System-1:0_HydrogenBond_160_InxClass,HydrogenBond,sEH_TPPU_System-1:0,"(1, 0)",sEHFeature54Type,TPPUFeature7Type
2471,sEH_TPPU_System-1:0_HydrogenBond_161_InxClass,HydrogenBond,sEH_TPPU_System-1:0,"(1, 0)",sEHFeature54Type,TPPUFeature8Type
2472,sEH_TPPU_System-1:0_HydrogenBond_162_InxClass,HydrogenBond,sEH_TPPU_System-1:0,"(1, 0)",sEHFeature55Type,TPPUFeature6Type
2473,sEH_TPPU_System-1:0_HydrogenBond_163_InxClass,HydrogenBond,sEH_TPPU_System-1:0,"(1, 0)",sEHFeature55Type,TPPUFeature7Type
2474,sEH_TPPU_System-1:0_HydrogenBond_164_InxClass,HydrogenBond,sEH_TPPU_System-1:0,"(1, 0)",sEHFeature55Type,TPPUFeature8Type
2475,sEH_TPPU_System-1:0_HydrogenBond_165_InxClass,HydrogenBond,sEH_TPPU_System-1:0,"(1, 0)",sEHFeature56Type,TPPUFeature6Type
2476,sEH_TPPU_System-1:0_HydrogenBond_166_InxClass,HydrogenBond,sEH_TPPU_System-1:0,"(1, 0)",sEHFeature56Type,TPPUFeature7Type
2477,sEH_TPPU_System-1:0_HydrogenBond_167_InxClass,HydrogenBond,sEH_TPPU_System-1:0,"(1, 0)",sEHFeature56Type,TPPUFeature8Type
2478,sEH_TPPU_System-1:0_HydrogenBond_168_InxClass,HydrogenBond,sEH_TPPU_System-1:0,"(1, 0)",sEHFeature57Type,TPPUFeature6Type
2479,sEH_TPPU_System-1:0_HydrogenBond_169_InxClass,HydrogenBond,sEH_TPPU_System-1:0,"(1, 0)",sEHFeature57Type,TPPUFeature7Type
2480,sEH_TPPU_System-1:0_HydrogenBond_170_InxClass,HydrogenBond,sEH_TPPU_System-1:0,"(1, 0)",sEHFeature57Type,TPPUFeature8Type
2481,sEH_TPPU_System-1:0_HydrogenBond_171_InxClass,HydrogenBond,sEH_TPPU_System-1:0,"(1, 0)",sEHFeature58Type,TPPUFeature6Type
2482,sEH_TPPU_System-1:0_HydrogenBond_172_InxClass,HydrogenBond,sEH_TPPU_System-1:0,"(1, 0)",sEHFeature58Type,TPPUFeature7Type
2483,sEH_TPPU_System-1:0_HydrogenBond_173_InxClass,HydrogenBond,sEH_TPPU_System-1:0,"(1, 0)",sEHFeature58Type,TPPUFeature8Type
2484,sEH_TPPU_System-1:0_HydrogenBond_174_InxClass,HydrogenBond,sEH_TPPU_System-1:0,"(1, 0)",sEHFeature59Type,TPPUFeature6Type
2485,sEH_TPPU_System-1:0_HydrogenBond_175_InxClass,HydrogenBond,sEH_TPPU_System-1:0,"(1, 0)",sEHFeature59Type,TPPUFeature7Type
2486,sEH_TPPU_System-1:0_HydrogenBond_176_InxClass,HydrogenBond,sEH_TPPU_System-1:0,"(1, 0)",sEHFeature59Type,TPPUFeature8Type
2487,sEH_TPPU_System-1:0_HydrogenBond_177_InxClass,HydrogenBond,sEH_TPPU_System-1:0,"(1, 0)",sEHFeature60Type,TPPUFeature6Type
2488,sEH_TPPU_System-1:0_HydrogenBond_178_InxClass,HydrogenBond,sEH_TPPU_System-1:0,"(1, 0)",sEHFeature60Type,TPPUFeature7Type
2489,sEH_TPPU_System-1:0_HydrogenBond_179_InxClass,HydrogenBond,sEH_TPPU_System-1:0,"(1, 0)",sEHFeature60Type,TPPUFeature8Type
2490,sEH_TPPU_System-1:0_HydrogenBond_180_InxClass,HydrogenBond,sEH_TPPU_System-1:0,"(1, 0)",sEHFeature61Type,TPPUFeature6Type
2491,sEH_TPPU_System-1:0_HydrogenBond_181_InxClass,HydrogenBond,sEH_TPPU_System-1:0,"(1, 0)",sEHFeature61Type,TPPUFeature7Type
2492,sEH_TPPU_System-1:0_HydrogenBond_182_InxClass,HydrogenBond,sEH_TPPU_System-1:0,"(1, 0)",sEHFeature61Type,TPPUFeature8Type
2493,sEH_TPPU_System-1:0_HydrogenBond_183_InxClass,HydrogenBond,sEH_TPPU_System-1:0,"(1, 0)",sEHFeature62Type,TPPUFeature6Type
2494,sEH_TPPU_System-1:0_HydrogenBond_184_InxClass,HydrogenBond,sEH_TPPU_System-1:0,"(1, 0)",sEHFeature62Type,TPPUFeature7Type
2495,sEH_TPPU_System-1:0_HydrogenBond_185_InxClass,HydrogenBond,sEH_TPPU_System-1:0,"(1, 0)",sEHFeature62Type,TPPUFeature8Type
2496,sEH_TPPU_System-1:0_HydrogenBond_186_InxClass,HydrogenBond,sEH_TPPU_System-1:0,"(1, 0)",sEHFeature63Type,TPPUFeature6Type
2497,sEH_TPPU_System-1:0_HydrogenBond_187_InxClass,HydrogenBond,sEH_TPPU_System-1:0,"(1, 0)",sEHFeature63Type,TPPUFeature7Type
2498,sEH_TPPU_System-1:0_HydrogenBond_188_InxClass,HydrogenBond,sEH_TPPU_System-1:0,"(1, 0)",sEHFeature63Type,TPPUFeature8Type
2499,sEH_TPPU_System-1:0_HydrogenBond_189_InxClass,HydrogenBond,sEH_TPPU_System-1:0,"(1, 0)",sEHFeature64Type,TPPUFeature6Type
2500,sEH_TPPU_System-1:0_HydrogenBond_190_InxClass,HydrogenBond,sEH_TPPU_System-1:0,"(1, 0)",sEHFeature64Type,TPPUFeature7Type
2501,sEH_TPPU_System-1:0_HydrogenBond_191_InxClass,HydrogenBond,sEH_TPPU_System-1:0,"(1, 0)",sEHFeature64Type,TPPUFeature8Type
2502,sEH_TPPU_System-1:0_HydrogenBond_192_InxClass,HydrogenBond,sEH_TPPU_System-1:0,"(1, 0)",sEHFeature65Type,TPPUFeature6Type
2503,sEH_TPPU_System-1:0_HydrogenBond_193_InxClass,HydrogenBond,sEH_TPPU_System-1:0,"(1, 0)",sEHFeature65Type,TPPUFeature7Type
2504,sEH_TPPU_System-1:0_HydrogenBond_194_InxClass,HydrogenBond,sEH_TPPU_System-1:0,"(1, 0)",sEHFeature65Type,TPPUFeature8Type
2505,sEH_TPPU_System-1:0_HydrogenBond_195_InxClass,HydrogenBond,sEH_TPPU_System-1:0,"(1, 0)",sEHFeature66Type,TPPUFeature6Type
2506,sEH_TPPU_System-1:0_HydrogenBond_196_InxClass,HydrogenBond,sEH_TPPU_System-1:0,"(1, 0)",sEHFeature66Type,TPPUFeature7Type
2507,sEH_TPPU_System-1:0_HydrogenBond_197_InxClass,HydrogenBond,sEH_TPPU_System-1:0,"(1, 0)",sEHFeature66Type,TPPUFeature8Type
2508,sEH_TPPU_System-1:0_HydrogenBond_198_InxClass,HydrogenBond,sEH_TPPU_System-1:0,"(1, 0)",sEHFeature67Type,TPPUFeature6Type
2509,sEH_TPPU_System-1:0_HydrogenBond_199_InxClass,HydrogenBond,sEH_TPPU_System-1:0,"(1, 0)",sEHFeature67Type,TPPUFeature7Type
2510,sEH_TPPU_System-1:0_HydrogenBond_200_InxClass,HydrogenBond,sEH_TPPU_System-1:0,"(1, 0)",sEHFeature67Type,TPPUFeature8Type
2511,sEH_TPPU_System-1:0_HydrogenBond_201_InxClass,HydrogenBond,sEH_TPPU_System-1:0,"(1, 0)",sEHFeature68Type,TPPUFeature6Type
2512,sEH_TPPU_System-1:0_HydrogenBond_202_InxClass,HydrogenBond,sEH_TPPU_System-1:0,"(1, 0)",sEHFeature68Type,TPPUFeature7Type
2513,sEH_TPPU_System-1:0_HydrogenBond_203_InxClass,HydrogenBond,sEH_TPPU_System-1:0,"(1, 0)",sEHFeature68Type,TPPUFeature8Type
2514,sEH_TPPU_System-1:0_HydrogenBond_204_InxClass,HydrogenBond,sEH_TPPU_System-1:0,"(1, 0)",sEHFeature69Type,TPPUFeature6Type
2515,sEH_TPPU_System-1:0_HydrogenBond_205_InxClass,HydrogenBond,sEH_TPPU_System-1:0,"(1, 0)",sEHFeature69Type,TPPUFeature7Type
2516,sEH_TPPU_System-1:0_HydrogenBond_206_InxClass,HydrogenBond,sEH_TPPU_System-1:0,"(1, 0)",sEHFeature69Type,TPPUFeature8Type
2517,sEH_TPPU_System-1:0_HydrogenBond_207_InxClass,HydrogenBond,sEH_TPPU_System-1:0,"(1, 0)",sEHFeature70Type,TPPUFeature6Type
2518,sEH_TPPU_System-1:0_HydrogenBond_208_InxClass,HydrogenBond,sEH_TPPU_System-1:0,"(1, 0)",sEHFeature70Type,TPPUFeature7Type
2519,sEH_TPPU_System-1:0_HydrogenBond_209_InxClass,HydrogenBond,sEH_TPPU_System-1:0,"(1, 0)",sEHFeature70Type,TPPUFeature8Type
2520,sEH_TPPU_System-1:0_HydrogenBond_210_InxClass,HydrogenBond,sEH_TPPU_System-1:0,"(1, 0)",sEHFeature71Type,TPPUFeature6Type
2521,sEH_TPPU_System-1:0_HydrogenBond_211_InxClass,HydrogenBond,sEH_TPPU_System-1:0,"(1, 0)",sEHFeature71Type,TPPUFeature7Type
2522,sEH_TPPU_System-1:0_HydrogenBond_212_InxClass,HydrogenBond,sEH_TPPU_System-1:0,"(1, 0)",sEHFeature71Type,TPPUFeature8Type
2523,sEH_TPPU_System-1:0_HydrogenBond_213_InxClass,HydrogenBond,sEH_TPPU_System-1:0,"(1, 0)",sEHFeature72Type,TPPUFeature6Type
2524,sEH_TPPU_System-1:0_HydrogenBond_214_InxClass,HydrogenBond,sEH_TPPU_System-1:0,"(1, 0)",sEHFeature72Type,TPPUFeature7Type
2525,sEH_TPPU_System-1:0_HydrogenBond_215_InxClass,HydrogenBond,sEH_TPPU_System-1:0,"(1, 0)",sEHFeature72Type,TPPUFeature8Type
2526,sEH_TPPU_System-1:0_HydrogenBond_216_InxClass,HydrogenBond,sEH_TPPU_System-1:0,"(1, 0)",sEHFeature73Type,TPPUFeature6Type
2527,sEH_TPPU_System-1:0_HydrogenBond_217_InxClass,HydrogenBond,sEH_TPPU_System-1:0,"(1, 0)",sEHFeature73Type,TPPUFeature7Type
2528,sEH_TPPU_System-1:0_HydrogenBond_218_InxClass,HydrogenBond,sEH_TPPU_System-1:0,"(1, 0)",sEHFeature73Type,TPPUFeature8Type
2529,sEH_TPPU_System-1:0_HydrogenBond_219_InxClass,HydrogenBond,sEH_TPPU_System-1:0,"(1, 0)",sEHFeature74Type,TPPUFeature6Type
2530,sEH_TPPU_System-1:0_HydrogenBond_220_InxClass,HydrogenBond,sEH_TPPU_System-1:0,"(1, 0)",sEHFeature74Type,TPPUFeature7Type
2531,sEH_TPPU_System-1:0_HydrogenBond_221_InxClass,HydrogenBond,sEH_TPPU_System-1:0,"(1, 0)",sEHFeature74Type,TPPUFeature8Type
2532,sEH_TPPU_System-1:0_HydrogenBond_222_InxClass,HydrogenBond,sEH_TPPU_System-1:0,"(1, 0)",sEHFeature75Type,TPPUFeature6Type
2533,sEH_TPPU_System-1:0_HydrogenBond_223_InxClass,HydrogenBond,sEH_TPPU_System-1:0,"(1, 0)",sEHFeature75Type,TPPUFeature7Type
2534,sEH_TPPU_System-1:0_HydrogenBond_224_InxClass,HydrogenBond,sEH_TPPU_System-1:0,"(1, 0)",sEHFeature75Type,TPPUFeature8Type
2535,sEH_TPPU_System-1:0_HydrogenBond_225_InxClass,HydrogenBond,sEH_TPPU_System-1:0,"(1, 0)",sEHFeature76Type,TPPUFeature6Type
2536,sEH_TPPU_System-1:0_HydrogenBond_226_InxClass,HydrogenBond,sEH_TPPU_System-1:0,"(1, 0)",sEHFeature76Type,TPPUFeature7Type
2537,sEH_TPPU_System-1:0_HydrogenBond_227_InxClass,HydrogenBond,sEH_TPPU_System-1:0,"(1, 0)",sEHFeature76Type,TPPUFeature8Type
2538,sEH_TPPU_System-1:0_HydrogenBond_228_InxClass,HydrogenBond,sEH_TPPU_System-1:0,"(1, 0)",sEHFeature77Type,TPPUFeature6Type
2539,sEH_TPPU_System-1:0_HydrogenBond_229_InxClass,HydrogenBond,sEH_TPPU_System-1:0,"(1, 0)",sEHFeature77Type,TPPUFeature7Type
2540,sEH_TPPU_System-1:0_HydrogenBond_230_InxClass,HydrogenBond,sEH_TPPU_System-1:0,"(1, 0)",sEHFeature77Type,TPPUFeature8Type
2541,sEH_TPPU_System-1:0_HydrogenBond_231_InxClass,HydrogenBond,sEH_TPPU_System-1:0,"(1, 0)",sEHFeature78Type,TPPUFeature6Type
2542,sEH_TPPU_System-1:0_HydrogenBond_232_InxClass,HydrogenBond,sEH_TPPU_System-1:0,"(1, 0)",sEHFeature78Type,TPPUFeature7Type
2543,sEH_TPPU_System-1:0_HydrogenBond_233_InxClass,HydrogenBond,sEH_TPPU_System-1:0,"(1, 0)",sEHFeature78Type,TPPUFeature8Type
2544,sEH_TPPU_System-1:0_HydrogenBond_234_InxClass,HydrogenBond,sEH_TPPU_System-1:0,"(1, 0)",sEHFeature79Type,TPPUFeature6Type
2545,sEH_TPPU_System-1:0_HydrogenBond_235_InxClass,HydrogenBond,sEH_TPPU_System-1:0,"(1, 0)",sEHFeature79Type,TPPUFeature7Type
2546,sEH_TPPU_System-1:0_HydrogenBond_236_InxClass,HydrogenBond,sEH_TPPU_System-1:0,"(1, 0)",sEHFeature79Type,TPPUFeature8Type
2547,sEH_TPPU_System-1:0_HydrogenBond_237_InxClass,HydrogenBond,sEH_TPPU_System-1:0,"(1, 0)",sEHFeature80Type,TPPUFeature6Type
2548,sEH_TPPU_System-1:0_HydrogenBond_238_InxClass,HydrogenBond,sEH_TPPU_System-1:0,"(1, 0)",sEHFeature80Type,TPPUFeature7Type
2549,sEH_TPPU_System-1:0_HydrogenBond_239_InxClass,HydrogenBond,sEH_TPPU_System-1:0,"(1, 0)",sEHFeature80Type,TPPUFeature8Type
2550,sEH_TPPU_System-1:0_HydrogenBond_240_InxClass,HydrogenBond,sEH_TPPU_System-1:0,"(1, 0)",sEHFeature81Type,TPPUFeature6Type
2551,sEH_TPPU_System-1:0_HydrogenBond_241_InxClass,HydrogenBond,sEH_TPPU_System-1:0,"(1, 0)",sEHFeature81Type,TPPUFeature7Type
2552,sEH_TPPU_System-1:0_HydrogenBond_242_InxClass,HydrogenBond,sEH_TPPU_System-1:0,"(1, 0)",sEHFeature81Type,TPPUFeature8Type
2553,sEH_TPPU_System-1:0_HydrogenBond_243_InxClass,HydrogenBond,sEH_TPPU_System-1:0,"(1, 0)",sEHFeature82Type,TPPUFeature6Type
2554,sEH_TPPU_System-1:0_HydrogenBond_244_InxClass,HydrogenBond,sEH_TPPU_System-1:0,"(1, 0)",sEHFeature82Type,TPPUFeature7Type
2555,sEH_TPPU_System-1:0_HydrogenBond_245_InxClass,HydrogenBond,sEH_TPPU_System-1:0,"(1, 0)",sEHFeature82Type,TPPUFeature8Type
2556,sEH_TPPU_System-1:0_HydrogenBond_246_InxClass,HydrogenBond,sEH_TPPU_System-1:0,"(1, 0)",sEHFeature83Type,TPPUFeature6Type
2557,sEH_TPPU_System-1:0_HydrogenBond_247_InxClass,HydrogenBond,sEH_TPPU_System-1:0,"(1, 0)",sEHFeature83Type,TPPUFeature7Type
2558,sEH_TPPU_System-1:0_HydrogenBond_248_InxClass,HydrogenBond,sEH_TPPU_System-1:0,"(1, 0)",sEHFeature83Type,TPPUFeature8Type
2559,sEH_TPPU_System-1:0_HydrogenBond_249_InxClass,HydrogenBond,sEH_TPPU_System-1:0,"(1, 0)",sEHFeature84Type,TPPUFeature6Type
2560,sEH_TPPU_System-1:0_HydrogenBond_250_InxClass,HydrogenBond,sEH_TPPU_System-1:0,"(1, 0)",sEHFeature84Type,TPPUFeature7Type
2561,sEH_TPPU_System-1:0_HydrogenBond_251_InxClass,HydrogenBond,sEH_TPPU_System-1:0,"(1, 0)",sEHFeature84Type,TPPUFeature8Type
2562,sEH_TPPU_System-1:0_HydrogenBond_252_InxClass,HydrogenBond,sEH_TPPU_System-1:0,"(1, 0)",sEHFeature85Type,TPPUFeature6Type
2563,sEH_TPPU_System-1:0_HydrogenBond_253_InxClass,HydrogenBond,sEH_TPPU_System-1:0,"(1, 0)",sEHFeature85Type,TPPUFeature7Type
2564,sEH_TPPU_System-1:0_HydrogenBond_254_InxClass,HydrogenBond,sEH_TPPU_System-1:0,"(1, 0)",sEHFeature85Type,TPPUFeature8Type
2565,sEH_TPPU_System-1:0_HydrogenBond_255_InxClass,HydrogenBond,sEH_TPPU_System-1:0,"(1, 0)",sEHFeature86Type,TPPUFeature6Type
2566,sEH_TPPU_System-1:0_HydrogenBond_256_InxClass,HydrogenBond,sEH_TPPU_System-1:0,"(1, 0)",sEHFeature86Type,TPPUFeature7Type
2567,sEH_TPPU_System-1:0_HydrogenBond_257_InxClass,HydrogenBond,sEH_TPPU_System-1:0,"(1, 0)",sEHFeature86Type,TPPUFeature8Type
2568,sEH_TPPU_System-1:0_HydrogenBond_258_InxClass,HydrogenBond,sEH_TPPU_System-1:0,"(1, 0)",sEHFeature87Type,TPPUFeature6Type
2569,sEH_TPPU_System-1:0_HydrogenBond_259_InxClass,HydrogenBond,sEH_TPPU_System-1:0,"(1, 0)",sEHFeature87Type,TPPUFeature7Type
2570,sEH_TPPU_System-1:0_HydrogenBond_260_InxClass,HydrogenBond,sEH_TPPU_System-1:0,"(1, 0)",sEHFeature87Type,TPPUFeature8Type
2571,sEH_TPPU_System-1:0_HydrogenBond_261_InxClass,HydrogenBond,sEH_TPPU_System-1:0,"(1, 0)",sEHFeature88Type,TPPUFeature6Type
2572,sEH_TPPU_System-1:0_HydrogenBond_262_InxClass,HydrogenBond,sEH_TPPU_System-1:0,"(1, 0)",sEHFeature88Type,TPPUFeature7Type
2573,sEH_TPPU_System-1:0_HydrogenBond_263_InxClass,HydrogenBond,sEH_TPPU_System-1:0,"(1, 0)",sEHFeature88Type,TPPUFeature8Type
2574,sEH_TPPU_System-1:0_HydrogenBond_264_InxClass,HydrogenBond,sEH_TPPU_System-1:0,"(1, 0)",sEHFeature89Type,TPPUFeature6Type
2575,sEH_TPPU_System-1:0_HydrogenBond_265_InxClass,HydrogenBond,sEH_TPPU_System-1:0,"(1, 0)",sEHFeature89Type,TPPUFeature7Type
2576,sEH_TPPU_System-1:0_HydrogenBond_266_InxClass,HydrogenBond,sEH_TPPU_System-1:0,"(1, 0)",sEHFeature89Type,TPPUFeature8Type
2577,sEH_TPPU_System-1:0_HydrogenBond_267_InxClass,HydrogenBond,sEH_TPPU_System-1:0,"(1, 0)",sEHFeature90Type,TPPUFeature6Type
2578,sEH_TPPU_System-1:0_HydrogenBond_268_InxClass,HydrogenBond,sEH_TPPU_System-1:0,"(1, 0)",sEHFeature90Type,TPPUFeature7Type
2579,sEH_TPPU_System-1:0_HydrogenBond_269_InxClass,HydrogenBond,sEH_TPPU_System-1:0,"(1, 0)",sEHFeature90Type,TPPUFeature8Type
2580,sEH_TPPU_System-1:0_HydrogenBond_270_InxClass,HydrogenBond,sEH_TPPU_System-1:0,"(1, 0)",sEHFeature91Type,TPPUFeature6Type
2581,sEH_TPPU_System-1:0_HydrogenBond_271_InxClass,HydrogenBond,sEH_TPPU_System-1:0,"(1, 0)",sEHFeature91Type,TPPUFeature7Type
2582,sEH_TPPU_System-1:0_HydrogenBond_272_InxClass,HydrogenBond,sEH_TPPU_System-1:0,"(1, 0)",sEHFeature91Type,TPPUFeature8Type
2583,sEH_TPPU_System-1:0_HydrogenBond_273_InxClass,HydrogenBond,sEH_TPPU_System-1:0,"(1, 0)",sEHFeature92Type,TPPUFeature6Type
2584,sEH_TPPU_System-1:0_HydrogenBond_274_InxClass,HydrogenBond,sEH_TPPU_System-1:0,"(1, 0)",sEHFeature92Type,TPPUFeature7Type
2585,sEH_TPPU_System-1:0_HydrogenBond_275_InxClass,HydrogenBond,sEH_TPPU_System-1:0,"(1, 0)",sEHFeature92Type,TPPUFeature8Type
2586,sEH_TPPU_System-1:0_HydrogenBond_276_InxClass,HydrogenBond,sEH_TPPU_System-1:0,"(1, 0)",sEHFeature93Type,TPPUFeature6Type
2587,sEH_TPPU_System-1:0_HydrogenBond_277_InxClass,HydrogenBond,sEH_TPPU_System-1:0,"(1, 0)",sEHFeature93Type,TPPUFeature7Type
2588,sEH_TPPU_System-1:0_HydrogenBond_278_InxClass,HydrogenBond,sEH_TPPU_System-1:0,"(1, 0)",sEHFeature93Type,TPPUFeature8Type
2589,sEH_TPPU_System-1:0_HydrogenBond_279_InxClass,HydrogenBond,sEH_TPPU_System-1:0,"(1, 0)",sEHFeature94Type,TPPUFeature6Type
2590,sEH_TPPU_System-1:0_HydrogenBond_280_InxClass,HydrogenBond,sEH_TPPU_System-1:0,"(1, 0)",sEHFeature94Type,TPPUFeature7Type
2591,sEH_TPPU_System-1:0_HydrogenBond_281_InxClass,HydrogenBond,sEH_TPPU_System-1:0,"(1, 0)",sEHFeature94Type,TPPUFeature8Type
2592,sEH_TPPU_System-1:0_HydrogenBond_282_InxClass,HydrogenBond,sEH_TPPU_System-1:0,"(1, 0)",sEHFeature95Type,TPPUFeature6Type
2593,sEH_TPPU_System-1:0_HydrogenBond_283_InxClass,HydrogenBond,sEH_TPPU_System-1:0,"(1, 0)",sEHFeature95Type,TPPUFeature7Type
2594,sEH_TPPU_System-1:0_HydrogenBond_284_InxClass,HydrogenBond,sEH_TPPU_System-1:0,"(1, 0)",sEHFeature95Type,TPPUFeature8Type
2595,sEH_TPPU_System-1:0_HydrogenBond_285_InxClass,HydrogenBond,sEH_TPPU_System-1:0,"(1, 0)",sEHFeature96Type,TPPUFeature6Type
2596,sEH_TPPU_System-1:0_HydrogenBond_286_InxClass,HydrogenBond,sEH_TPPU_System-1:0,"(1, 0)",sEHFeature96Type,TPPUFeature7Type
2597,sEH_TPPU_System-1:0_HydrogenBond_287_InxClass,HydrogenBond,sEH_TPPU_System-1:0,"(1, 0)",sEHFeature96Type,TPPUFeature8Type
2598,sEH_TPPU_System-1:0_HydrogenBond_288_InxClass,HydrogenBond,sEH_TPPU_System-1:0,"(1, 0)",sEHFeature97Type,TPPUFeature6Type
2599,sEH_TPPU_System-1:0_HydrogenBond_289_InxClass,HydrogenBond,sEH_TPPU_System-1:0,"(1, 0)",sEHFeature97Type,TPPUFeature7Type
2600,sEH_TPPU_System-1:0_HydrogenBond_290_InxClass,HydrogenBond,sEH_TPPU_System-1:0,"(1, 0)",sEHFeature97Type,TPPUFeature8Type
2601,sEH_TPPU_System-1:0_HydrogenBond_291_InxClass,HydrogenBond,sEH_TPPU_System-1:0,"(1, 0)",sEHFeature98Type,TPPUFeature6Type
2602,sEH_TPPU_System-1:0_HydrogenBond_292_InxClass,HydrogenBond,sEH_TPPU_System-1:0,"(1, 0)",sEHFeature98Type,TPPUFeature7Type
2603,sEH_TPPU_System-1:0_HydrogenBond_293_InxClass,HydrogenBond,sEH_TPPU_System-1:0,"(1, 0)",sEHFeature98Type,TPPUFeature8Type
2604,sEH_TPPU_System-1:0_HydrogenBond_294_InxClass,HydrogenBond,sEH_TPPU_System-1:0,"(1, 0)",sEHFeature99Type,TPPUFeature6Type
2605,sEH_TPPU_System-1:0_HydrogenBond_295_InxClass,HydrogenBond,sEH_TPPU_System-1:0,"(1, 0)",sEHFeature99Type,TPPUFeature7Type
2606,sEH_TPPU_System-1:0_HydrogenBond_296_InxClass,HydrogenBond,sEH_TPPU_System-1:0,"(1, 0)",sEHFeature99Type,TPPUFeature8Type
2607,sEH_TPPU_System-1:0_HydrogenBond_297_InxClass,HydrogenBond,sEH_TPPU_System-1:0,"(1, 0)",sEHFeature100Type,TPPUFeature6Type
2608,sEH_TPPU_System-1:0_HydrogenBond_298_InxClass,HydrogenBond,sEH_TPPU_System-1:0,"(1, 0)",sEHFeature100Type,TPPUFeature7Type
2609,sEH_TPPU_System-1:0_HydrogenBond_299_InxClass,HydrogenBond,sEH_TPPU_System-1:0,"(1, 0)",sEHFeature100Type,TPPUFeature8Type
2610,sEH_TPPU_System-1:0_HydrogenBond_300_InxClass,HydrogenBond,sEH_TPPU_System-1:0,"(1, 0)",sEHFeature101Type,TPPUFeature6Type
2611,sEH_TPPU_System-1:0_HydrogenBond_301_InxClass,HydrogenBond,sEH_TPPU_System-1:0,"(1, 0)",sEHFeature101Type,TPPUFeature7Type
2612,sEH_TPPU_System-1:0_HydrogenBond_302_InxClass,HydrogenBond,sEH_TPPU_System-1:0,"(1, 0)",sEHFeature101Type,TPPUFeature8Type
2613,sEH_TPPU_System-1:0_HydrogenBond_303_InxClass,HydrogenBond,sEH_TPPU_System-1:0,"(1, 0)",sEHFeature102Type,TPPUFeature6Type
2614,sEH_TPPU_System-1:0_HydrogenBond_304_InxClass,HydrogenBond,sEH_TPPU_System-1:0,"(1, 0)",sEHFeature102Type,TPPUFeature7Type
2615,sEH_TPPU_System-1:0_HydrogenBond_305_InxClass,HydrogenBond,sEH_TPPU_System-1:0,"(1, 0)",sEHFeature102Type,TPPUFeature8Type
2616,sEH_TPPU_System-1:0_HydrogenBond_306_InxClass,HydrogenBond,sEH_TPPU_System-1:0,"(1, 0)",sEHFeature103Type,TPPUFeature6Type
2617,sEH_TPPU_System-1:0_HydrogenBond_307_InxClass,HydrogenBond,sEH_TPPU_System-1:0,"(1, 0)",sEHFeature103Type,TPPUFeature7Type
2618,sEH_TPPU_System-1:0_HydrogenBond_308_InxClass,HydrogenBond,sEH_TPPU_System-1:0,"(1, 0)",sEHFeature103Type,TPPUFeature8Type
2619,sEH_TPPU_System-1:0_HydrogenBond_309_InxClass,HydrogenBond,sEH_TPPU_System-1:0,"(1, 0)",sEHFeature104Type,TPPUFeature6Type
2620,sEH_TPPU_System-1:0_HydrogenBond_310_InxClass,HydrogenBond,sEH_TPPU_System-1:0,"(1, 0)",sEHFeature104Type,TPPUFeature7Type
2621,sEH_TPPU_System-1:0_HydrogenBond_311_InxClass,HydrogenBond,sEH_TPPU_System-1:0,"(1, 0)",sEHFeature104Type,TPPUFeature8Type
2622,sEH_TPPU_System-1:0_HydrogenBond_312_InxClass,HydrogenBond,sEH_TPPU_System-1:0,"(1, 0)",sEHFeature105Type,TPPUFeature6Type
2623,sEH_TPPU_System-1:0_HydrogenBond_313_InxClass,HydrogenBond,sEH_TPPU_System-1:0,"(1, 0)",sEHFeature105Type,TPPUFeature7Type
2624,sEH_TPPU_System-1:0_HydrogenBond_314_InxClass,HydrogenBond,sEH_TPPU_System-1:0,"(1, 0)",sEHFeature105Type,TPPUFeature8Type
2625,sEH_TPPU_System-1:0_HydrogenBond_315_InxClass,HydrogenBond,sEH_TPPU_System-1:0,"(1, 0)",sEHFeature106Type,TPPUFeature6Type
2626,sEH_TPPU_System-1:0_HydrogenBond_316_InxClass,HydrogenBond,sEH_TPPU_System-1:0,"(1, 0)",sEHFeature106Type,TPPUFeature7Type
2627,sEH_TPPU_System-1:0_HydrogenBond_317_InxClass,HydrogenBond,sEH_TPPU_System-1:0,"(1, 0)",sEHFeature106Type,TPPUFeature8Type
2628,sEH_TPPU_System-1:0_HydrogenBond_318_InxClass,HydrogenBond,sEH_TPPU_System-1:0,"(1, 0)",sEHFeature107Type,TPPUFeature6Type
2629,sEH_TPPU_System-1:0_HydrogenBond_319_InxClass,HydrogenBond,sEH_TPPU_System-1:0,"(1, 0)",sEHFeature107Type,TPPUFeature7Type
2630,sEH_TPPU_System-1:0_HydrogenBond_320_InxClass,HydrogenBond,sEH_TPPU_System-1:0,"(1, 0)",sEHFeature107Type,TPPUFeature8Type
2631,sEH_TPPU_System-1:0_HydrogenBond_321_InxClass,HydrogenBond,sEH_TPPU_System-1:0,"(1, 0)",sEHFeature108Type,TPPUFeature6Type
2632,sEH_TPPU_System-1:0_HydrogenBond_322_InxClass,HydrogenBond,sEH_TPPU_System-1:0,"(1, 0)",sEHFeature108Type,TPPUFeature7Type
2633,sEH_TPPU_System-1:0_HydrogenBond_323_InxClass,HydrogenBond,sEH_TPPU_System-1:0,"(1, 0)",sEHFeature108Type,TPPUFeature8Type
2634,sEH_TPPU_System-1:0_HydrogenBond_324_InxClass,HydrogenBond,sEH_TPPU_System-1:0,"(1, 0)",sEHFeature109Type,TPPUFeature6Type
2635,sEH_TPPU_System-1:0_HydrogenBond_325_InxClass,HydrogenBond,sEH_TPPU_System-1:0,"(1, 0)",sEHFeature109Type,TPPUFeature7Type
2636,sEH_TPPU_System-1:0_HydrogenBond_326_InxClass,HydrogenBond,sEH_TPPU_System-1:0,"(1, 0)",sEHFeature109Type,TPPUFeature8Type
2637,sEH_TPPU_System-1:0_HydrogenBond_327_InxClass,HydrogenBond,sEH_TPPU_System-1:0,"(1, 0)",sEHFeature110Type,TPPUFeature6Type
2638,sEH_TPPU_System-1:0_HydrogenBond_328_InxClass,HydrogenBond,sEH_TPPU_System-1:0,"(1, 0)",sEHFeature110Type,TPPUFeature7Type
2639,sEH_TPPU_System-1:0_HydrogenBond_329_InxClass,HydrogenBond,sEH_TPPU_System-1:0,"(1, 0)",sEHFeature110Type,TPPUFeature8Type
2640,sEH_TPPU_System-1:0_HydrogenBond_330_InxClass,HydrogenBond,sEH_TPPU_System-1:0,"(1, 0)",sEHFeature111Type,TPPUFeature6Type
2641,sEH_TPPU_System-1:0_HydrogenBond_331_InxClass,HydrogenBond,sEH_TPPU_System-1:0,"(1, 0)",sEHFeature111Type,TPPUFeature7Type
2642,sEH_TPPU_System-1:0_HydrogenBond_332_InxClass,HydrogenBond,sEH_TPPU_System-1:0,"(1, 0)",sEHFeature111Type,TPPUFeature8Type
2643,sEH_TPPU_System-1:0_HydrogenBond_333_InxClass,HydrogenBond,sEH_TPPU_System-1:0,"(1, 0)",sEHFeature112Type,TPPUFeature6Type
2644,sEH_TPPU_System-1:0_HydrogenBond_334_InxClass,HydrogenBond,sEH_TPPU_System-1:0,"(1, 0)",sEHFeature112Type,TPPUFeature7Type
2645,sEH_TPPU_System-1:0_HydrogenBond_335_InxClass,HydrogenBond,sEH_TPPU_System-1:0,"(1, 0)",sEHFeature112Type,TPPUFeature8Type
2646,sEH_TPPU_System-1:0_HydrogenBond_336_InxClass,HydrogenBond,sEH_TPPU_System-1:0,"(1, 0)",sEHFeature113Type,TPPUFeature6Type
2647,sEH_TPPU_System-1:0_HydrogenBond_337_InxClass,HydrogenBond,sEH_TPPU_System-1:0,"(1, 0)",sEHFeature113Type,TPPUFeature7Type
2648,sEH_TPPU_System-1:0_HydrogenBond_338_InxClass,HydrogenBond,sEH_TPPU_System-1:0,"(1, 0)",sEHFeature113Type,TPPUFeature8Type
2649,sEH_TPPU_System-1:0_HydrogenBond_339_InxClass,HydrogenBond,sEH_TPPU_System-1:0,"(1, 0)",sEHFeature114Type,TPPUFeature6Type
2650,sEH_TPPU_System-1:0_HydrogenBond_340_InxClass,HydrogenBond,sEH_TPPU_System-1:0,"(1, 0)",sEHFeature114Type,TPPUFeature7Type
2651,sEH_TPPU_System-1:0_HydrogenBond_341_InxClass,HydrogenBond,sEH_TPPU_System-1:0,"(1, 0)",sEHFeature114Type,TPPUFeature8Type
2652,sEH_TPPU_System-1:0_HydrogenBond_342_InxClass,HydrogenBond,sEH_TPPU_System-1:0,"(1, 0)",sEHFeature115Type,TPPUFeature6Type
2653,sEH_TPPU_System-1:0_HydrogenBond_343_InxClass,HydrogenBond,sEH_TPPU_System-1:0,"(1, 0)",sEHFeature115Type,TPPUFeature7Type
2654,sEH_TPPU_System-1:0_HydrogenBond_344_InxClass,HydrogenBond,sEH_TPPU_System-1:0,"(1, 0)",sEHFeature115Type,TPPUFeature8Type
2655,sEH_TPPU_System-1:0_HydrogenBond_345_InxClass,HydrogenBond,sEH_TPPU_System-1:0,"(1, 0)",sEHFeature116Type,TPPUFeature6Type
2656,sEH_TPPU_System-1:0_HydrogenBond_346_InxClass,HydrogenBond,sEH_TPPU_System-1:0,"(1, 0)",sEHFeature116Type,TPPUFeature7Type
2657,sEH_TPPU_System-1:0_HydrogenBond_347_InxClass,HydrogenBond,sEH_TPPU_System-1:0,"(1, 0)",sEHFeature116Type,TPPUFeature8Type
2658,sEH_TPPU_System-1:0_HydrogenBond_348_InxClass,HydrogenBond,sEH_TPPU_System-1:0,"(1, 0)",sEHFeature117Type,TPPUFeature6Type
2659,sEH_TPPU_System-1:0_HydrogenBond_349_InxClass,HydrogenBond,sEH_TPPU_System-1:0,"(1, 0)",sEHFeature117Type,TPPUFeature7Type
2660,sEH_TPPU_System-1:0_HydrogenBond_350_InxClass,HydrogenBond,sEH_TPPU_System-1:0,"(1, 0)",sEHFeature117Type,TPPUFeature8Type
2661,sEH_TPPU_System-1:0_HydrogenBond_351_InxClass,HydrogenBond,sEH_TPPU_System-1:0,"(1, 0)",sEHFeature118Type,TPPUFeature6Type
2662,sEH_TPPU_System-1:0_HydrogenBond_352_InxClass,HydrogenBond,sEH_TPPU_System-1:0,"(1, 0)",sEHFeature118Type,TPPUFeature7Type
2663,sEH_TPPU_System-1:0_HydrogenBond_353_InxClass,HydrogenBond,sEH_TPPU_System-1:0,"(1, 0)",sEHFeature118Type,TPPUFeature8Type
2664,sEH_TPPU_System-1:0_HydrogenBond_354_InxClass,HydrogenBond,sEH_TPPU_System-1:0,"(1, 0)",sEHFeature119Type,TPPUFeature6Type
2665,sEH_TPPU_System-1:0_HydrogenBond_355_InxClass,HydrogenBond,sEH_TPPU_System-1:0,"(1, 0)",sEHFeature119Type,TPPUFeature7Type
2666,sEH_TPPU_System-1:0_HydrogenBond_356_InxClass,HydrogenBond,sEH_TPPU_System-1:0,"(1, 0)",sEHFeature119Type,TPPUFeature8Type
2667,sEH_TPPU_System-1:0_HydrogenBond_357_InxClass,HydrogenBond,sEH_TPPU_System-1:0,"(1, 0)",sEHFeature120Type,TPPUFeature6Type
2668,sEH_TPPU_System-1:0_HydrogenBond_358_InxClass,HydrogenBond,sEH_TPPU_System-1:0,"(1, 0)",sEHFeature120Type,TPPUFeature7Type
2669,sEH_TPPU_System-1:0_HydrogenBond_359_InxClass,HydrogenBond,sEH_TPPU_System-1:0,"(1, 0)",sEHFeature120Type,TPPUFeature8Type
2670,sEH_TPPU_System-1:0_HydrogenBond_360_InxClass,HydrogenBond,sEH_TPPU_System-1:0,"(1, 0)",sEHFeature121Type,TPPUFeature6Type
2671,sEH_TPPU_System-1:0_HydrogenBond_361_InxClass,HydrogenBond,sEH_TPPU_System-1:0,"(1, 0)",sEHFeature121Type,TPPUFeature7Type
2672,sEH_TPPU_System-1:0_HydrogenBond_362_InxClass,HydrogenBond,sEH_TPPU_System-1:0,"(1, 0)",sEHFeature121Type,TPPUFeature8Type
2673,sEH_TPPU_System-1:0_HydrogenBond_363_InxClass,HydrogenBond,sEH_TPPU_System-1:0,"(1, 0)",sEHFeature122Type,TPPUFeature6Type
2674,sEH_TPPU_System-1:0_HydrogenBond_364_InxClass,HydrogenBond,sEH_TPPU_System-1:0,"(1, 0)",sEHFeature122Type,TPPUFeature7Type
2675,sEH_TPPU_System-1:0_HydrogenBond_365_InxClass,HydrogenBond,sEH_TPPU_System-1:0,"(1, 0)",sEHFeature122Type,TPPUFeature8Type
2676,sEH_TPPU_System-1:0_HydrogenBond_366_InxClass,HydrogenBond,sEH_TPPU_System-1:0,"(1, 0)",sEHFeature123Type,TPPUFeature6Type
2677,sEH_TPPU_System-1:0_HydrogenBond_367_InxClass,HydrogenBond,sEH_TPPU_System-1:0,"(1, 0)",sEHFeature123Type,TPPUFeature7Type
2678,sEH_TPPU_System-1:0_HydrogenBond_368_InxClass,HydrogenBond,sEH_TPPU_System-1:0,"(1, 0)",sEHFeature123Type,TPPUFeature8Type
2679,sEH_TPPU_System-1:0_HydrogenBond_369_InxClass,HydrogenBond,sEH_TPPU_System-1:0,"(1, 0)",sEHFeature124Type,TPPUFeature6Type
2680,sEH_TPPU_System-1:0_HydrogenBond_370_InxClass,HydrogenBond,sEH_TPPU_System-1:0,"(1, 0)",sEHFeature124Type,TPPUFeature7Type
2681,sEH_TPPU_System-1:0_HydrogenBond_371_InxClass,HydrogenBond,sEH_TPPU_System-1:0,"(1, 0)",sEHFeature124Type,TPPUFeature8Type
2682,sEH_TPPU_System-1:0_HydrogenBond_372_InxClass,HydrogenBond,sEH_TPPU_System-1:0,"(1, 0)",sEHFeature125Type,TPPUFeature6Type
2683,sEH_TPPU_System-1:0_HydrogenBond_373_InxClass,HydrogenBond,sEH_TPPU_System-1:0,"(1, 0)",sEHFeature125Type,TPPUFeature7Type
2684,sEH_TPPU_System-1:0_HydrogenBond_374_InxClass,HydrogenBond,sEH_TPPU_System-1:0,"(1, 0)",sEHFeature125Type,TPPUFeature8Type
2685,sEH_TPPU_System-1:0_HydrogenBond_375_InxClass,HydrogenBond,sEH_TPPU_System-1:0,"(1, 0)",sEHFeature126Type,TPPUFeature6Type
2686,sEH_TPPU_System-1:0_HydrogenBond_376_InxClass,HydrogenBond,sEH_TPPU_System-1:0,"(1, 0)",sEHFeature126Type,TPPUFeature7Type
2687,sEH_TPPU_System-1:0_HydrogenBond_377_InxClass,HydrogenBond,sEH_TPPU_System-1:0,"(1, 0)",sEHFeature126Type,TPPUFeature8Type
2688,sEH_TPPU_System-1:0_HydrogenBond_378_InxClass,HydrogenBond,sEH_TPPU_System-1:0,"(1, 0)",sEHFeature127Type,TPPUFeature6Type
2689,sEH_TPPU_System-1:0_HydrogenBond_379_InxClass,HydrogenBond,sEH_TPPU_System-1:0,"(1, 0)",sEHFeature127Type,TPPUFeature7Type
2690,sEH_TPPU_System-1:0_HydrogenBond_380_InxClass,HydrogenBond,sEH_TPPU_System-1:0,"(1, 0)",sEHFeature127Type,TPPUFeature8Type
2691,sEH_TPPU_System-1:0_HydrogenBond_381_InxClass,HydrogenBond,sEH_TPPU_System-1:0,"(1, 0)",sEHFeature128Type,TPPUFeature6Type
2692,sEH_TPPU_System-1:0_HydrogenBond_382_InxClass,HydrogenBond,sEH_TPPU_System-1:0,"(1, 0)",sEHFeature128Type,TPPUFeature7Type
2693,sEH_TPPU_System-1:0_HydrogenBond_383_InxClass,HydrogenBond,sEH_TPPU_System-1:0,"(1, 0)",sEHFeature128Type,TPPUFeature8Type
2694,sEH_TPPU_System-1:0_HydrogenBond_384_InxClass,HydrogenBond,sEH_TPPU_System-1:0,"(1, 0)",sEHFeature129Type,TPPUFeature6Type
2695,sEH_TPPU_System-1:0_HydrogenBond_385_InxClass,HydrogenBond,sEH_TPPU_System-1:0,"(1, 0)",sEHFeature129Type,TPPUFeature7Type
2696,sEH_TPPU_System-1:0_HydrogenBond_386_InxClass,HydrogenBond,sEH_TPPU_System-1:0,"(1, 0)",sEHFeature129Type,TPPUFeature8Type
2697,sEH_TPPU_System-1:0_HydrogenBond_387_InxClass,HydrogenBond,sEH_TPPU_System-1:0,"(1, 0)",sEHFeature130Type,TPPUFeature6Type
2698,sEH_TPPU_System-1:0_HydrogenBond_388_InxClass,HydrogenBond,sEH_TPPU_System-1:0,"(1, 0)",sEHFeature130Type,TPPUFeature7Type
2699,sEH_TPPU_System-1:0_HydrogenBond_389_InxClass,HydrogenBond,sEH_TPPU_System-1:0,"(1, 0)",sEHFeature130Type,TPPUFeature8Type
2700,sEH_TPPU_System-1:0_HydrogenBond_390_InxClass,HydrogenBond,sEH_TPPU_System-1:0,"(1, 0)",sEHFeature131Type,TPPUFeature6Type
2701,sEH_TPPU_System-1:0_HydrogenBond_391_InxClass,HydrogenBond,sEH_TPPU_System-1:0,"(1, 0)",sEHFeature131Type,TPPUFeature7Type
2702,sEH_TPPU_System-1:0_HydrogenBond_392_InxClass,HydrogenBond,sEH_TPPU_System-1:0,"(1, 0)",sEHFeature131Type,TPPUFeature8Type
2703,sEH_TPPU_System-1:0_HydrogenBond_393_InxClass,HydrogenBond,sEH_TPPU_System-1:0,"(1, 0)",sEHFeature132Type,TPPUFeature6Type
2704,sEH_TPPU_System-1:0_HydrogenBond_394_InxClass,HydrogenBond,sEH_TPPU_System-1:0,"(1, 0)",sEHFeature132Type,TPPUFeature7Type
2705,sEH_TPPU_System-1:0_HydrogenBond_395_InxClass,HydrogenBond,sEH_TPPU_System-1:0,"(1, 0)",sEHFeature132Type,TPPUFeature8Type
2706,sEH_TPPU_System-1:0_HydrogenBond_396_InxClass,HydrogenBond,sEH_TPPU_System-1:0,"(1, 0)",sEHFeature133Type,TPPUFeature6Type
2707,sEH_TPPU_System-1:0_HydrogenBond_397_InxClass,HydrogenBond,sEH_TPPU_System-1:0,"(1, 0)",sEHFeature133Type,TPPUFeature7Type
2708,sEH_TPPU_System-1:0_HydrogenBond_398_InxClass,HydrogenBond,sEH_TPPU_System-1:0,"(1, 0)",sEHFeature133Type,TPPUFeature8Type
2709,sEH_TPPU_System-1:0_HydrogenBond_399_InxClass,HydrogenBond,sEH_TPPU_System-1:0,"(1, 0)",sEHFeature134Type,TPPUFeature6Type
2710,sEH_TPPU_System-1:0_HydrogenBond_400_InxClass,HydrogenBond,sEH_TPPU_System-1:0,"(1, 0)",sEHFeature134Type,TPPUFeature7Type
2711,sEH_TPPU_System-1:0_HydrogenBond_401_InxClass,HydrogenBond,sEH_TPPU_System-1:0,"(1, 0)",sEHFeature134Type,TPPUFeature8Type
2712,sEH_TPPU_System-1:0_HydrogenBond_402_InxClass,HydrogenBond,sEH_TPPU_System-1:0,"(1, 0)",sEHFeature135Type,TPPUFeature6Type
2713,sEH_TPPU_System-1:0_HydrogenBond_403_InxClass,HydrogenBond,sEH_TPPU_System-1:0,"(1, 0)",sEHFeature135Type,TPPUFeature7Type
2714,sEH_TPPU_System-1:0_HydrogenBond_404_InxClass,HydrogenBond,sEH_TPPU_System-1:0,"(1, 0)",sEHFeature135Type,TPPUFeature8Type
2715,sEH_TPPU_System-1:0_HydrogenBond_405_InxClass,HydrogenBond,sEH_TPPU_System-1:0,"(1, 0)",sEHFeature136Type,TPPUFeature6Type
2716,sEH_TPPU_System-1:0_HydrogenBond_406_InxClass,HydrogenBond,sEH_TPPU_System-1:0,"(1, 0)",sEHFeature136Type,TPPUFeature7Type
2717,sEH_TPPU_System-1:0_HydrogenBond_407_InxClass,HydrogenBond,sEH_TPPU_System-1:0,"(1, 0)",sEHFeature136Type,TPPUFeature8Type
2718,sEH_TPPU_System-1:0_HydrogenBond_408_InxClass,HydrogenBond,sEH_TPPU_System-1:0,"(1, 0)",sEHFeature137Type,TPPUFeature6Type
2719,sEH_TPPU_System-1:0_HydrogenBond_409_InxClass,HydrogenBond,sEH_TPPU_System-1:0,"(1, 0)",sEHFeature137Type,TPPUFeature7Type
2720,sEH_TPPU_System-1:0_HydrogenBond_410_InxClass,HydrogenBond,sEH_TPPU_System-1:0,"(1, 0)",sEHFeature137Type,TPPUFeature8Type
2721,sEH_TPPU_System-1:0_HydrogenBond_411_InxClass,HydrogenBond,sEH_TPPU_System-1:0,"(1, 0)",sEHFeature138Type,TPPUFeature6Type
2722,sEH_TPPU_System-1:0_HydrogenBond_412_InxClass,HydrogenBond,sEH_TPPU_System-1:0,"(1, 0)",sEHFeature138Type,TPPUFeature7Type
2723,sEH_TPPU_System-1:0_HydrogenBond_413_InxClass,HydrogenBond,sEH_TPPU_System-1:0,"(1, 0)",sEHFeature138Type,TPPUFeature8Type
2724,sEH_TPPU_System-1:0_HydrogenBond_414_InxClass,HydrogenBond,sEH_TPPU_System-1:0,"(1, 0)",sEHFeature139Type,TPPUFeature6Type
2725,sEH_TPPU_System-1:0_HydrogenBond_415_InxClass,HydrogenBond,sEH_TPPU_System-1:0,"(1, 0)",sEHFeature139Type,TPPUFeature7Type
2726,sEH_TPPU_System-1:0_HydrogenBond_416_InxClass,HydrogenBond,sEH_TPPU_System-1:0,"(1, 0)",sEHFeature139Type,TPPUFeature8Type
2727,sEH_TPPU_System-1:0_HydrogenBond_417_InxClass,HydrogenBond,sEH_TPPU_System-1:0,"(1, 0)",sEHFeature140Type,TPPUFeature6Type
2728,sEH_TPPU_System-1:0_HydrogenBond_418_InxClass,HydrogenBond,sEH_TPPU_System-1:0,"(1, 0)",sEHFeature140Type,TPPUFeature7Type
2729,sEH_TPPU_System-1:0_HydrogenBond_419_InxClass,HydrogenBond,sEH_TPPU_System-1:0,"(1, 0)",sEHFeature140Type,TPPUFeature8Type
2730,sEH_TPPU_System-1:0_HydrogenBond_420_InxClass,HydrogenBond,sEH_TPPU_System-1:0,"(1, 0)",sEHFeature141Type,TPPUFeature6Type
2731,sEH_TPPU_System-1:0_HydrogenBond_421_InxClass,HydrogenBond,sEH_TPPU_System-1:0,"(1, 0)",sEHFeature141Type,TPPUFeature7Type
2732,sEH_TPPU_System-1:0_HydrogenBond_422_InxClass,HydrogenBond,sEH_TPPU_System-1:0,"(1, 0)",sEHFeature141Type,TPPUFeature8Type
2733,sEH_TPPU_System-1:0_HydrogenBond_423_InxClass,HydrogenBond,sEH_TPPU_System-1:0,"(1, 0)",sEHFeature142Type,TPPUFeature6Type
2734,sEH_TPPU_System-1:0_HydrogenBond_424_InxClass,HydrogenBond,sEH_TPPU_System-1:0,"(1, 0)",sEHFeature142Type,TPPUFeature7Type
2735,sEH_TPPU_System-1:0_HydrogenBond_425_InxClass,HydrogenBond,sEH_TPPU_System-1:0,"(1, 0)",sEHFeature142Type,TPPUFeature8Type
2736,sEH_TPPU_System-1:0_HydrogenBond_426_InxClass,HydrogenBond,sEH_TPPU_System-1:0,"(1, 0)",sEHFeature143Type,TPPUFeature6Type
2737,sEH_TPPU_System-1:0_HydrogenBond_427_InxClass,HydrogenBond,sEH_TPPU_System-1:0,"(1, 0)",sEHFeature143Type,TPPUFeature7Type
2738,sEH_TPPU_System-1:0_HydrogenBond_428_InxClass,HydrogenBond,sEH_TPPU_System-1:0,"(1, 0)",sEHFeature143Type,TPPUFeature8Type
2739,sEH_TPPU_System-1:0_HydrogenBond_429_InxClass,HydrogenBond,sEH_TPPU_System-1:0,"(1, 0)",sEHFeature144Type,TPPUFeature6Type
2740,sEH_TPPU_System-1:0_HydrogenBond_430_InxClass,HydrogenBond,sEH_TPPU_System-1:0,"(1, 0)",sEHFeature144Type,TPPUFeature7Type
2741,sEH_TPPU_System-1:0_HydrogenBond_431_InxClass,HydrogenBond,sEH_TPPU_System-1:0,"(1, 0)",sEHFeature144Type,TPPUFeature8Type
2742,sEH_TPPU_System-1:0_HydrogenBond_432_InxClass,HydrogenBond,sEH_TPPU_System-1:0,"(1, 0)",sEHFeature145Type,TPPUFeature6Type
2743,sEH_TPPU_System-1:0_HydrogenBond_433_InxClass,HydrogenBond,sEH_TPPU_System-1:0,"(1, 0)",sEHFeature145Type,TPPUFeature7Type
2744,sEH_TPPU_System-1:0_HydrogenBond_434_InxClass,HydrogenBond,sEH_TPPU_System-1:0,"(1, 0)",sEHFeature145Type,TPPUFeature8Type
2745,sEH_TPPU_System-1:0_HydrogenBond_435_InxClass,HydrogenBond,sEH_TPPU_System-1:0,"(1, 0)",sEHFeature146Type,TPPUFeature6Type
2746,sEH_TPPU_System-1:0_HydrogenBond_436_InxClass,HydrogenBond,sEH_TPPU_System-1:0,"(1, 0)",sEHFeature146Type,TPPUFeature7Type
2747,sEH_TPPU_System-1:0_HydrogenBond_437_InxClass,HydrogenBond,sEH_TPPU_System-1:0,"(1, 0)",sEHFeature146Type,TPPUFeature8Type
2748,sEH_TPPU_System-1:0_HydrogenBond_438_InxClass,HydrogenBond,sEH_TPPU_System-1:0,"(1, 0)",sEHFeature147Type,TPPUFeature6Type
2749,sEH_TPPU_System-1:0_HydrogenBond_439_InxClass,HydrogenBond,sEH_TPPU_System-1:0,"(1, 0)",sEHFeature147Type,TPPUFeature7Type
2750,sEH_TPPU_System-1:0_HydrogenBond_440_InxClass,HydrogenBond,sEH_TPPU_System-1:0,"(1, 0)",sEHFeature147Type,TPPUFeature8Type
2751,sEH_TPPU_System-1:0_HydrogenBond_441_InxClass,HydrogenBond,sEH_TPPU_System-1:0,"(1, 0)",sEHFeature148Type,TPPUFeature6Type
2752,sEH_TPPU_System-1:0_HydrogenBond_442_InxClass,HydrogenBond,sEH_TPPU_System-1:0,"(1, 0)",sEHFeature148Type,TPPUFeature7Type
2753,sEH_TPPU_System-1:0_HydrogenBond_443_InxClass,HydrogenBond,sEH_TPPU_System-1:0,"(1, 0)",sEHFeature148Type,TPPUFeature8Type
2754,sEH_TPPU_System-1:0_HydrogenBond_444_InxClass,HydrogenBond,sEH_TPPU_System-1:0,"(1, 0)",sEHFeature149Type,TPPUFeature6Type
2755,sEH_TPPU_System-1:0_HydrogenBond_445_InxClass,HydrogenBond,sEH_TPPU_System-1:0,"(1, 0)",sEHFeature149Type,TPPUFeature7Type
2756,sEH_TPPU_System-1:0_HydrogenBond_446_InxClass,HydrogenBond,sEH_TPPU_System-1:0,"(1, 0)",sEHFeature149Type,TPPUFeature8Type
2757,sEH_TPPU_System-1:0_HydrogenBond_447_InxClass,HydrogenBond,sEH_TPPU_System-1:0,"(1, 0)",sEHFeature150Type,TPPUFeature6Type
2758,sEH_TPPU_System-1:0_HydrogenBond_448_InxClass,HydrogenBond,sEH_TPPU_System-1:0,"(1, 0)",sEHFeature150Type,TPPUFeature7Type
2759,sEH_TPPU_System-1:0_HydrogenBond_449_InxClass,HydrogenBond,sEH_TPPU_System-1:0,"(1, 0)",sEHFeature150Type,TPPUFeature8Type
2760,sEH_TPPU_System-1:0_HydrogenBond_450_InxClass,HydrogenBond,sEH_TPPU_System-1:0,"(1, 0)",sEHFeature151Type,TPPUFeature6Type
2761,sEH_TPPU_System-1:0_HydrogenBond_451_InxClass,HydrogenBond,sEH_TPPU_System-1:0,"(1, 0)",sEHFeature151Type,TPPUFeature7Type
2762,sEH_TPPU_System-1:0_HydrogenBond_452_InxClass,HydrogenBond,sEH_TPPU_System-1:0,"(1, 0)",sEHFeature151Type,TPPUFeature8Type
2763,sEH_TPPU_System-1:0_HydrogenBond_453_InxClass,HydrogenBond,sEH_TPPU_System-1:0,"(1, 0)",sEHFeature152Type,TPPUFeature6Type
2764,sEH_TPPU_System-1:0_HydrogenBond_454_InxClass,HydrogenBond,sEH_TPPU_System-1:0,"(1, 0)",sEHFeature152Type,TPPUFeature7Type
2765,sEH_TPPU_System-1:0_HydrogenBond_455_InxClass,HydrogenBond,sEH_TPPU_System-1:0,"(1, 0)",sEHFeature152Type,TPPUFeature8Type
2766,sEH_TPPU_System-1:0_HydrogenBond_456_InxClass,HydrogenBond,sEH_TPPU_System-1:0,"(1, 0)",sEHFeature153Type,TPPUFeature6Type
2767,sEH_TPPU_System-1:0_HydrogenBond_457_InxClass,HydrogenBond,sEH_TPPU_System-1:0,"(1, 0)",sEHFeature153Type,TPPUFeature7Type
2768,sEH_TPPU_System-1:0_HydrogenBond_458_InxClass,HydrogenBond,sEH_TPPU_System-1:0,"(1, 0)",sEHFeature153Type,TPPUFeature8Type
2769,sEH_TPPU_System-1:0_HydrogenBond_459_InxClass,HydrogenBond,sEH_TPPU_System-1:0,"(1, 0)",sEHFeature154Type,TPPUFeature6Type
2770,sEH_TPPU_System-1:0_HydrogenBond_460_InxClass,HydrogenBond,sEH_TPPU_System-1:0,"(1, 0)",sEHFeature154Type,TPPUFeature7Type
2771,sEH_TPPU_System-1:0_HydrogenBond_461_InxClass,HydrogenBond,sEH_TPPU_System-1:0,"(1, 0)",sEHFeature154Type,TPPUFeature8Type
2772,sEH_TPPU_System-1:0_HydrogenBond_462_InxClass,HydrogenBond,sEH_TPPU_System-1:0,"(1, 0)",sEHFeature155Type,TPPUFeature6Type
2773,sEH_TPPU_System-1:0_HydrogenBond_463_InxClass,HydrogenBond,sEH_TPPU_System-1:0,"(1, 0)",sEHFeature155Type,TPPUFeature7Type
2774,sEH_TPPU_System-1:0_HydrogenBond_464_InxClass,HydrogenBond,sEH_TPPU_System-1:0,"(1, 0)",sEHFeature155Type,TPPUFeature8Type
2775,sEH_TPPU_System-1:0_HydrogenBond_465_InxClass,HydrogenBond,sEH_TPPU_System-1:0,"(1, 0)",sEHFeature156Type,TPPUFeature6Type
2776,sEH_TPPU_System-1:0_HydrogenBond_466_InxClass,HydrogenBond,sEH_TPPU_System-1:0,"(1, 0)",sEHFeature156Type,TPPUFeature7Type
2777,sEH_TPPU_System-1:0_HydrogenBond_467_InxClass,HydrogenBond,sEH_TPPU_System-1:0,"(1, 0)",sEHFeature156Type,TPPUFeature8Type
2778,sEH_TPPU_System-1:0_HydrogenBond_468_InxClass,HydrogenBond,sEH_TPPU_System-1:0,"(1, 0)",sEHFeature157Type,TPPUFeature6Type
2779,sEH_TPPU_System-1:0_HydrogenBond_469_InxClass,HydrogenBond,sEH_TPPU_System-1:0,"(1, 0)",sEHFeature157Type,TPPUFeature7Type
2780,sEH_TPPU_System-1:0_HydrogenBond_470_InxClass,HydrogenBond,sEH_TPPU_System-1:0,"(1, 0)",sEHFeature157Type,TPPUFeature8Type
2781,sEH_TPPU_System-1:0_HydrogenBond_471_InxClass,HydrogenBond,sEH_TPPU_System-1:0,"(1, 0)",sEHFeature158Type,TPPUFeature6Type
2782,sEH_TPPU_System-1:0_HydrogenBond_472_InxClass,HydrogenBond,sEH_TPPU_System-1:0,"(1, 0)",sEHFeature158Type,TPPUFeature7Type
2783,sEH_TPPU_System-1:0_HydrogenBond_473_InxClass,HydrogenBond,sEH_TPPU_System-1:0,"(1, 0)",sEHFeature158Type,TPPUFeature8Type
2784,sEH_TPPU_System-1:0_HydrogenBond_474_InxClass,HydrogenBond,sEH_TPPU_System-1:0,"(1, 0)",sEHFeature159Type,TPPUFeature6Type
2785,sEH_TPPU_System-1:0_HydrogenBond_475_InxClass,HydrogenBond,sEH_TPPU_System-1:0,"(1, 0)",sEHFeature159Type,TPPUFeature7Type
2786,sEH_TPPU_System-1:0_HydrogenBond_476_InxClass,HydrogenBond,sEH_TPPU_System-1:0,"(1, 0)",sEHFeature159Type,TPPUFeature8Type
2787,sEH_TPPU_System-1:0_HydrogenBond_477_InxClass,HydrogenBond,sEH_TPPU_System-1:0,"(1, 0)",sEHFeature160Type,TPPUFeature6Type
2788,sEH_TPPU_System-1:0_HydrogenBond_478_InxClass,HydrogenBond,sEH_TPPU_System-1:0,"(1, 0)",sEHFeature160Type,TPPUFeature7Type
2789,sEH_TPPU_System-1:0_HydrogenBond_479_InxClass,HydrogenBond,sEH_TPPU_System-1:0,"(1, 0)",sEHFeature160Type,TPPUFeature8Type
2790,sEH_TPPU_System-1:0_HydrogenBond_480_InxClass,HydrogenBond,sEH_TPPU_System-1:0,"(1, 0)",sEHFeature161Type,TPPUFeature6Type
2791,sEH_TPPU_System-1:0_HydrogenBond_481_InxClass,HydrogenBond,sEH_TPPU_System-1:0,"(1, 0)",sEHFeature161Type,TPPUFeature7Type
2792,sEH_TPPU_System-1:0_HydrogenBond_482_InxClass,HydrogenBond,sEH_TPPU_System-1:0,"(1, 0)",sEHFeature161Type,TPPUFeature8Type
2793,sEH_TPPU_System-1:0_HydrogenBond_483_InxClass,HydrogenBond,sEH_TPPU_System-1:0,"(1, 0)",sEHFeature162Type,TPPUFeature6Type
2794,sEH_TPPU_System-1:0_HydrogenBond_484_InxClass,HydrogenBond,sEH_TPPU_System-1:0,"(1, 0)",sEHFeature162Type,TPPUFeature7Type
2795,sEH_TPPU_System-1:0_HydrogenBond_485_InxClass,HydrogenBond,sEH_TPPU_System-1:0,"(1, 0)",sEHFeature162Type,TPPUFeature8Type
2796,sEH_TPPU_System-1:0_HydrogenBond_486_InxClass,HydrogenBond,sEH_TPPU_System-1:0,"(1, 0)",sEHFeature163Type,TPPUFeature6Type
2797,sEH_TPPU_System-1:0_HydrogenBond_487_InxClass,HydrogenBond,sEH_TPPU_System-1:0,"(1, 0)",sEHFeature163Type,TPPUFeature7Type
2798,sEH_TPPU_System-1:0_HydrogenBond_488_InxClass,HydrogenBond,sEH_TPPU_System-1:0,"(1, 0)",sEHFeature163Type,TPPUFeature8Type
2799,sEH_TPPU_System-1:0_HydrogenBond_489_InxClass,HydrogenBond,sEH_TPPU_System-1:0,"(1, 0)",sEHFeature164Type,TPPUFeature6Type
2800,sEH_TPPU_System-1:0_HydrogenBond_490_InxClass,HydrogenBond,sEH_TPPU_System-1:0,"(1, 0)",sEHFeature164Type,TPPUFeature7Type
2801,sEH_TPPU_System-1:0_HydrogenBond_491_InxClass,HydrogenBond,sEH_TPPU_System-1:0,"(1, 0)",sEHFeature164Type,TPPUFeature8Type
2802,sEH_TPPU_System-1:0_HydrogenBond_492_InxClass,HydrogenBond,sEH_TPPU_System-1:0,"(1, 0)",sEHFeature165Type,TPPUFeature6Type
2803,sEH_TPPU_System-1:0_HydrogenBond_493_InxClass,HydrogenBond,sEH_TPPU_System-1:0,"(1, 0)",sEHFeature165Type,TPPUFeature7Type
2804,sEH_TPPU_System-1:0_HydrogenBond_494_InxClass,HydrogenBond,sEH_TPPU_System-1:0,"(1, 0)",sEHFeature165Type,TPPUFeature8Type
2805,sEH_TPPU_System-1:0_HydrogenBond_495_InxClass,HydrogenBond,sEH_TPPU_System-1:0,"(1, 0)",sEHFeature166Type,TPPUFeature6Type
2806,sEH_TPPU_System-1:0_HydrogenBond_496_InxClass,HydrogenBond,sEH_TPPU_System-1:0,"(1, 0)",sEHFeature166Type,TPPUFeature7Type
2807,sEH_TPPU_System-1:0_HydrogenBond_497_InxClass,HydrogenBond,sEH_TPPU_System-1:0,"(1, 0)",sEHFeature166Type,TPPUFeature8Type
2808,sEH_TPPU_System-1:0_HydrogenBond_498_InxClass,HydrogenBond,sEH_TPPU_System-1:0,"(1, 0)",sEHFeature167Type,TPPUFeature6Type
2809,sEH_TPPU_System-1:0_HydrogenBond_499_InxClass,HydrogenBond,sEH_TPPU_System-1:0,"(1, 0)",sEHFeature167Type,TPPUFeature7Type
2810,sEH_TPPU_System-1:0_HydrogenBond_500_InxClass,HydrogenBond,sEH_TPPU_System-1:0,"(1, 0)",sEHFeature167Type,TPPUFeature8Type
2811,sEH_TPPU_System-1:0_HydrogenBond_501_InxClass,HydrogenBond,sEH_TPPU_System-1:0,"(1, 0)",sEHFeature168Type,TPPUFeature6Type
2812,sEH_TPPU_System-1:0_HydrogenBond_502_InxClass,HydrogenBond,sEH_TPPU_System-1:0,"(1, 0)",sEHFeature168Type,TPPUFeature7Type
2813,sEH_TPPU_System-1:0_HydrogenBond_503_InxClass,HydrogenBond,sEH_TPPU_System-1:0,"(1, 0)",sEHFeature168Type,TPPUFeature8Type
2814,sEH_TPPU_System-1:0_HydrogenBond_504_InxClass,HydrogenBond,sEH_TPPU_System-1:0,"(1, 0)",sEHFeature169Type,TPPUFeature6Type
2815,sEH_TPPU_System-1:0_HydrogenBond_505_InxClass,HydrogenBond,sEH_TPPU_System-1:0,"(1, 0)",sEHFeature169Type,TPPUFeature7Type
2816,sEH_TPPU_System-1:0_HydrogenBond_506_InxClass,HydrogenBond,sEH_TPPU_System-1:0,"(1, 0)",sEHFeature169Type,TPPUFeature8Type
2817,sEH_TPPU_System-1:0_HydrogenBond_507_InxClass,HydrogenBond,sEH_TPPU_System-1:0,"(1, 0)",sEHFeature170Type,TPPUFeature6Type
2818,sEH_TPPU_System-1:0_HydrogenBond_508_InxClass,HydrogenBond,sEH_TPPU_System-1:0,"(1, 0)",sEHFeature170Type,TPPUFeature7Type
2819,sEH_TPPU_System-1:0_HydrogenBond_509_InxClass,HydrogenBond,sEH_TPPU_System-1:0,"(1, 0)",sEHFeature170Type,TPPUFeature8Type
2820,sEH_TPPU_System-1:0_HydrogenBond_510_InxClass,HydrogenBond,sEH_TPPU_System-1:0,"(1, 0)",sEHFeature171Type,TPPUFeature6Type
2821,sEH_TPPU_System-1:0_HydrogenBond_511_InxClass,HydrogenBond,sEH_TPPU_System-1:0,"(1, 0)",sEHFeature171Type,TPPUFeature7Type
2822,sEH_TPPU_System-1:0_HydrogenBond_512_InxClass,HydrogenBond,sEH_TPPU_System-1:0,"(1, 0)",sEHFeature171Type,TPPUFeature8Type
2823,sEH_TPPU_System-1:0_HydrogenBond_513_InxClass,HydrogenBond,sEH_TPPU_System-1:0,"(1, 0)",sEHFeature172Type,TPPUFeature6Type
2824,sEH_TPPU_System-1:0_HydrogenBond_514_InxClass,HydrogenBond,sEH_TPPU_System-1:0,"(1, 0)",sEHFeature172Type,TPPUFeature7Type
2825,sEH_TPPU_System-1:0_HydrogenBond_515_InxClass,HydrogenBond,sEH_TPPU_System-1:0,"(1, 0)",sEHFeature172Type,TPPUFeature8Type
2826,sEH_TPPU_System-1:0_HydrogenBond_516_InxClass,HydrogenBond,sEH_TPPU_System-1:0,"(1, 0)",sEHFeature173Type,TPPUFeature6Type
2827,sEH_TPPU_System-1:0_HydrogenBond_517_InxClass,HydrogenBond,sEH_TPPU_System-1:0,"(1, 0)",sEHFeature173Type,TPPUFeature7Type
2828,sEH_TPPU_System-1:0_HydrogenBond_518_InxClass,HydrogenBond,sEH_TPPU_System-1:0,"(1, 0)",sEHFeature173Type,TPPUFeature8Type
2829,sEH_TPPU_System-1:0_HydrogenBond_519_InxClass,HydrogenBond,sEH_TPPU_System-1:0,"(1, 0)",sEHFeature174Type,TPPUFeature6Type
2830,sEH_TPPU_System-1:0_HydrogenBond_520_InxClass,HydrogenBond,sEH_TPPU_System-1:0,"(1, 0)",sEHFeature174Type,TPPUFeature7Type
2831,sEH_TPPU_System-1:0_HydrogenBond_521_InxClass,HydrogenBond,sEH_TPPU_System-1:0,"(1, 0)",sEHFeature174Type,TPPUFeature8Type
2832,sEH_TPPU_System-1:0_HydrogenBond_522_InxClass,HydrogenBond,sEH_TPPU_System-1:0,"(1, 0)",sEHFeature175Type,TPPUFeature6Type
2833,sEH_TPPU_System-1:0_HydrogenBond_523_InxClass,HydrogenBond,sEH_TPPU_System-1:0,"(1, 0)",sEHFeature175Type,TPPUFeature7Type
2834,sEH_TPPU_System-1:0_HydrogenBond_524_InxClass,HydrogenBond,sEH_TPPU_System-1:0,"(1, 0)",sEHFeature175Type,TPPUFeature8Type
2835,sEH_TPPU_System-1:0_HydrogenBond_525_InxClass,HydrogenBond,sEH_TPPU_System-1:0,"(1, 0)",sEHFeature176Type,TPPUFeature6Type
2836,sEH_TPPU_System-1:0_HydrogenBond_526_InxClass,HydrogenBond,sEH_TPPU_System-1:0,"(1, 0)",sEHFeature176Type,TPPUFeature7Type
2837,sEH_TPPU_System-1:0_HydrogenBond_527_InxClass,HydrogenBond,sEH_TPPU_System-1:0,"(1, 0)",sEHFeature176Type,TPPUFeature8Type
2838,sEH_TPPU_System-1:0_HydrogenBond_528_InxClass,HydrogenBond,sEH_TPPU_System-1:0,"(1, 0)",sEHFeature177Type,TPPUFeature6Type
2839,sEH_TPPU_System-1:0_HydrogenBond_529_InxClass,HydrogenBond,sEH_TPPU_System-1:0,"(1, 0)",sEHFeature177Type,TPPUFeature7Type
2840,sEH_TPPU_System-1:0_HydrogenBond_530_InxClass,HydrogenBond,sEH_TPPU_System-1:0,"(1, 0)",sEHFeature177Type,TPPUFeature8Type
2841,sEH_TPPU_System-1:0_HydrogenBond_531_InxClass,HydrogenBond,sEH_TPPU_System-1:0,"(1, 0)",sEHFeature178Type,TPPUFeature6Type
2842,sEH_TPPU_System-1:0_HydrogenBond_532_InxClass,HydrogenBond,sEH_TPPU_System-1:0,"(1, 0)",sEHFeature178Type,TPPUFeature7Type
2843,sEH_TPPU_System-1:0_HydrogenBond_533_InxClass,HydrogenBond,sEH_TPPU_System-1:0,"(1, 0)",sEHFeature178Type,TPPUFeature8Type
2844,sEH_TPPU_System-1:0_HydrogenBond_534_InxClass,HydrogenBond,sEH_TPPU_System-1:0,"(1, 0)",sEHFeature179Type,TPPUFeature6Type
2845,sEH_TPPU_System-1:0_HydrogenBond_535_InxClass,HydrogenBond,sEH_TPPU_System-1:0,"(1, 0)",sEHFeature179Type,TPPUFeature7Type
2846,sEH_TPPU_System-1:0_HydrogenBond_536_InxClass,HydrogenBond,sEH_TPPU_System-1:0,"(1, 0)",sEHFeature179Type,TPPUFeature8Type
2847,sEH_TPPU_System-1:0_HydrogenBond_537_InxClass,HydrogenBond,sEH_TPPU_System-1:0,"(1, 0)",sEHFeature180Type,TPPUFeature6Type
2848,sEH_TPPU_System-1:0_HydrogenBond_538_InxClass,HydrogenBond,sEH_TPPU_System-1:0,"(1, 0)",sEHFeature180Type,TPPUFeature7Type
2849,sEH_TPPU_System-1:0_HydrogenBond_539_InxClass,HydrogenBond,sEH_TPPU_System-1:0,"(1, 0)",sEHFeature180Type,TPPUFeature8Type
2850,sEH_TPPU_System-1:0_HydrogenBond_540_InxClass,HydrogenBond,sEH_TPPU_System-1:0,"(1, 0)",sEHFeature181Type,TPPUFeature6Type
2851,sEH_TPPU_System-1:0_HydrogenBond_541_InxClass,HydrogenBond,sEH_TPPU_System-1:0,"(1, 0)",sEHFeature181Type,TPPUFeature7Type
2852,sEH_TPPU_System-1:0_HydrogenBond_542_InxClass,HydrogenBond,sEH_TPPU_System-1:0,"(1, 0)",sEHFeature181Type,TPPUFeature8Type
2853,sEH_TPPU_System-1:0_HydrogenBond_543_InxClass,HydrogenBond,sEH_TPPU_System-1:0,"(1, 0)",sEHFeature182Type,TPPUFeature6Type
2854,sEH_TPPU_System-1:0_HydrogenBond_544_InxClass,HydrogenBond,sEH_TPPU_System-1:0,"(1, 0)",sEHFeature182Type,TPPUFeature7Type
2855,sEH_TPPU_System-1:0_HydrogenBond_545_InxClass,HydrogenBond,sEH_TPPU_System-1:0,"(1, 0)",sEHFeature182Type,TPPUFeature8Type
2856,sEH_TPPU_System-1:0_HydrogenBond_546_InxClass,HydrogenBond,sEH_TPPU_System-1:0,"(1, 0)",sEHFeature183Type,TPPUFeature6Type
2857,sEH_TPPU_System-1:0_HydrogenBond_547_InxClass,HydrogenBond,sEH_TPPU_System-1:0,"(1, 0)",sEHFeature183Type,TPPUFeature7Type
2858,sEH_TPPU_System-1:0_HydrogenBond_548_InxClass,HydrogenBond,sEH_TPPU_System-1:0,"(1, 0)",sEHFeature183Type,TPPUFeature8Type
2859,sEH_TPPU_System-1:0_HydrogenBond_549_InxClass,HydrogenBond,sEH_TPPU_System-1:0,"(1, 0)",sEHFeature184Type,TPPUFeature6Type
2860,sEH_TPPU_System-1:0_HydrogenBond_550_InxClass,HydrogenBond,sEH_TPPU_System-1:0,"(1, 0)",sEHFeature184Type,TPPUFeature7Type
2861,sEH_TPPU_System-1:0_HydrogenBond_551_InxClass,HydrogenBond,sEH_TPPU_System-1:0,"(1, 0)",sEHFeature184Type,TPPUFeature8Type
2862,sEH_TPPU_System-1:0_HydrogenBond_552_InxClass,HydrogenBond,sEH_TPPU_System-1:0,"(1, 0)",sEHFeature185Type,TPPUFeature6Type
2863,sEH_TPPU_System-1:0_HydrogenBond_553_InxClass,HydrogenBond,sEH_TPPU_System-1:0,"(1, 0)",sEHFeature185Type,TPPUFeature7Type
2864,sEH_TPPU_System-1:0_HydrogenBond_554_InxClass,HydrogenBond,sEH_TPPU_System-1:0,"(1, 0)",sEHFeature185Type,TPPUFeature8Type
2865,sEH_TPPU_System-1:0_HydrogenBond_555_InxClass,HydrogenBond,sEH_TPPU_System-1:0,"(1, 0)",sEHFeature186Type,TPPUFeature6Type
2866,sEH_TPPU_System-1:0_HydrogenBond_556_InxClass,HydrogenBond,sEH_TPPU_System-1:0,"(1, 0)",sEHFeature186Type,TPPUFeature7Type
2867,sEH_TPPU_System-1:0_HydrogenBond_557_InxClass,HydrogenBond,sEH_TPPU_System-1:0,"(1, 0)",sEHFeature186Type,TPPUFeature8Type
2868,sEH_TPPU_System-1:0_HydrogenBond_558_InxClass,HydrogenBond,sEH_TPPU_System-1:0,"(1, 0)",sEHFeature187Type,TPPUFeature6Type
2869,sEH_TPPU_System-1:0_HydrogenBond_559_InxClass,HydrogenBond,sEH_TPPU_System-1:0,"(1, 0)",sEHFeature187Type,TPPUFeature7Type
2870,sEH_TPPU_System-1:0_HydrogenBond_560_InxClass,HydrogenBond,sEH_TPPU_System-1:0,"(1, 0)",sEHFeature187Type,TPPUFeature8Type
2871,sEH_TPPU_System-1:0_HydrogenBond_561_InxClass,HydrogenBond,sEH_TPPU_System-1:0,"(1, 0)",sEHFeature188Type,TPPUFeature6Type
2872,sEH_TPPU_System-1:0_HydrogenBond_562_InxClass,HydrogenBond,sEH_TPPU_System-1:0,"(1, 0)",sEHFeature188Type,TPPUFeature7Type
2873,sEH_TPPU_System-1:0_HydrogenBond_563_InxClass,HydrogenBond,sEH_TPPU_System-1:0,"(1, 0)",sEHFeature188Type,TPPUFeature8Type
2874,sEH_TPPU_System-1:0_HydrogenBond_564_InxClass,HydrogenBond,sEH_TPPU_System-1:0,"(1, 0)",sEHFeature189Type,TPPUFeature6Type
2875,sEH_TPPU_System-1:0_HydrogenBond_565_InxClass,HydrogenBond,sEH_TPPU_System-1:0,"(1, 0)",sEHFeature189Type,TPPUFeature7Type
2876,sEH_TPPU_System-1:0_HydrogenBond_566_InxClass,HydrogenBond,sEH_TPPU_System-1:0,"(1, 0)",sEHFeature189Type,TPPUFeature8Type
2877,sEH_TPPU_System-1:0_HydrogenBond_567_InxClass,HydrogenBond,sEH_TPPU_System-1:0,"(1, 0)",sEHFeature190Type,TPPUFeature6Type
2878,sEH_TPPU_System-1:0_HydrogenBond_568_InxClass,HydrogenBond,sEH_TPPU_System-1:0,"(1, 0)",sEHFeature190Type,TPPUFeature7Type
2879,sEH_TPPU_System-1:0_HydrogenBond_569_InxClass,HydrogenBond,sEH_TPPU_System-1:0,"(1, 0)",sEHFeature190Type,TPPUFeature8Type
2880,sEH_TPPU_System-1:0_HydrogenBond_570_InxClass,HydrogenBond,sEH_TPPU_System-1:0,"(1, 0)",sEHFeature191Type,TPPUFeature6Type
2881,sEH_TPPU_System-1:0_HydrogenBond_571_InxClass,HydrogenBond,sEH_TPPU_System-1:0,"(1, 0)",sEHFeature191Type,TPPUFeature7Type
2882,sEH_TPPU_System-1:0_HydrogenBond_572_InxClass,HydrogenBond,sEH_TPPU_System-1:0,"(1, 0)",sEHFeature191Type,TPPUFeature8Type
2883,sEH_TPPU_System-1:0_HydrogenBond_573_InxClass,HydrogenBond,sEH_TPPU_System-1:0,"(1, 0)",sEHFeature192Type,TPPUFeature6Type
2884,sEH_TPPU_System-1:0_HydrogenBond_574_InxClass,HydrogenBond,sEH_TPPU_System-1:0,"(1, 0)",sEHFeature192Type,TPPUFeature7Type
2885,sEH_TPPU_System-1:0_HydrogenBond_575_InxClass,HydrogenBond,sEH_TPPU_System-1:0,"(1, 0)",sEHFeature192Type,TPPUFeature8Type
2886,sEH_TPPU_System-1:0_HydrogenBond_576_InxClass,HydrogenBond,sEH_TPPU_System-1:0,"(1, 0)",sEHFeature193Type,TPPUFeature6Type
2887,sEH_TPPU_System-1:0_HydrogenBond_577_InxClass,HydrogenBond,sEH_TPPU_System-1:0,"(1, 0)",sEHFeature193Type,TPPUFeature7Type
2888,sEH_TPPU_System-1:0_HydrogenBond_578_InxClass,HydrogenBond,sEH_TPPU_System-1:0,"(1, 0)",sEHFeature193Type,TPPUFeature8Type
2889,sEH_TPPU_System-1:0_HydrogenBond_579_InxClass,HydrogenBond,sEH_TPPU_System-1:0,"(1, 0)",sEHFeature194Type,TPPUFeature6Type
2890,sEH_TPPU_System-1:0_HydrogenBond_580_InxClass,HydrogenBond,sEH_TPPU_System-1:0,"(1, 0)",sEHFeature194Type,TPPUFeature7Type
2891,sEH_TPPU_System-1:0_HydrogenBond_581_InxClass,HydrogenBond,sEH_TPPU_System-1:0,"(1, 0)",sEHFeature194Type,TPPUFeature8Type
2892,sEH_TPPU_System-1:0_HydrogenBond_582_InxClass,HydrogenBond,sEH_TPPU_System-1:0,"(1, 0)",sEHFeature195Type,TPPUFeature6Type
2893,sEH_TPPU_System-1:0_HydrogenBond_583_InxClass,HydrogenBond,sEH_TPPU_System-1:0,"(1, 0)",sEHFeature195Type,TPPUFeature7Type
2894,sEH_TPPU_System-1:0_HydrogenBond_584_InxClass,HydrogenBond,sEH_TPPU_System-1:0,"(1, 0)",sEHFeature195Type,TPPUFeature8Type
2895,sEH_TPPU_System-1:0_HydrogenBond_585_InxClass,HydrogenBond,sEH_TPPU_System-1:0,"(1, 0)",sEHFeature196Type,TPPUFeature6Type
2896,sEH_TPPU_System-1:0_HydrogenBond_586_InxClass,HydrogenBond,sEH_TPPU_System-1:0,"(1, 0)",sEHFeature196Type,TPPUFeature7Type
2897,sEH_TPPU_System-1:0_HydrogenBond_587_InxClass,HydrogenBond,sEH_TPPU_System-1:0,"(1, 0)",sEHFeature196Type,TPPUFeature8Type
2898,sEH_TPPU_System-1:0_HydrogenBond_588_InxClass,HydrogenBond,sEH_TPPU_System-1:0,"(1, 0)",sEHFeature197Type,TPPUFeature6Type
2899,sEH_TPPU_System-1:0_HydrogenBond_589_InxClass,HydrogenBond,sEH_TPPU_System-1:0,"(1, 0)",sEHFeature197Type,TPPUFeature7Type
2900,sEH_TPPU_System-1:0_HydrogenBond_590_InxClass,HydrogenBond,sEH_TPPU_System-1:0,"(1, 0)",sEHFeature197Type,TPPUFeature8Type
2901,sEH_TPPU_System-1:0_HydrogenBond_591_InxClass,HydrogenBond,sEH_TPPU_System-1:0,"(1, 0)",sEHFeature198Type,TPPUFeature6Type
2902,sEH_TPPU_System-1:0_HydrogenBond_592_InxClass,HydrogenBond,sEH_TPPU_System-1:0,"(1, 0)",sEHFeature198Type,TPPUFeature7Type
2903,sEH_TPPU_System-1:0_HydrogenBond_593_InxClass,HydrogenBond,sEH_TPPU_System-1:0,"(1, 0)",sEHFeature198Type,TPPUFeature8Type
2904,sEH_TPPU_System-1:0_HydrogenBond_594_InxClass,HydrogenBond,sEH_TPPU_System-1:0,"(1, 0)",sEHFeature199Type,TPPUFeature6Type
2905,sEH_TPPU_System-1:0_HydrogenBond_595_InxClass,HydrogenBond,sEH_TPPU_System-1:0,"(1, 0)",sEHFeature199Type,TPPUFeature7Type
2906,sEH_TPPU_System-1:0_HydrogenBond_596_InxClass,HydrogenBond,sEH_TPPU_System-1:0,"(1, 0)",sEHFeature199Type,TPPUFeature8Type
2907,sEH_TPPU_System-1:0_HydrogenBond_597_InxClass,HydrogenBond,sEH_TPPU_System-1:0,"(1, 0)",sEHFeature200Type,TPPUFeature6Type
2908,sEH_TPPU_System-1:0_HydrogenBond_598_InxClass,HydrogenBond,sEH_TPPU_System-1:0,"(1, 0)",sEHFeature200Type,TPPUFeature7Type
2909,sEH_TPPU_System-1:0_HydrogenBond_599_InxClass,HydrogenBond,sEH_TPPU_System-1:0,"(1, 0)",sEHFeature200Type,TPPUFeature8Type
2910,sEH_TPPU_System-1:0_HydrogenBond_600_InxClass,HydrogenBond,sEH_TPPU_System-1:0,"(1, 0)",sEHFeature201Type,TPPUFeature6Type
2911,sEH_TPPU_System-1:0_HydrogenBond_601_InxClass,HydrogenBond,sEH_TPPU_System-1:0,"(1, 0)",sEHFeature201Type,TPPUFeature7Type
2912,sEH_TPPU_System-1:0_HydrogenBond_602_InxClass,HydrogenBond,sEH_TPPU_System-1:0,"(1, 0)",sEHFeature201Type,TPPUFeature8Type
2913,sEH_TPPU_System-1:0_HydrogenBond_603_InxClass,HydrogenBond,sEH_TPPU_System-1:0,"(1, 0)",sEHFeature202Type,TPPUFeature6Type
2914,sEH_TPPU_System-1:0_HydrogenBond_604_InxClass,HydrogenBond,sEH_TPPU_System-1:0,"(1, 0)",sEHFeature202Type,TPPUFeature7Type
2915,sEH_TPPU_System-1:0_HydrogenBond_605_InxClass,HydrogenBond,sEH_TPPU_System-1:0,"(1, 0)",sEHFeature202Type,TPPUFeature8Type
2916,sEH_TPPU_System-1:0_HydrogenBond_606_InxClass,HydrogenBond,sEH_TPPU_System-1:0,"(1, 0)",sEHFeature203Type,TPPUFeature6Type
2917,sEH_TPPU_System-1:0_HydrogenBond_607_InxClass,HydrogenBond,sEH_TPPU_System-1:0,"(1, 0)",sEHFeature203Type,TPPUFeature7Type
2918,sEH_TPPU_System-1:0_HydrogenBond_608_InxClass,HydrogenBond,sEH_TPPU_System-1:0,"(1, 0)",sEHFeature203Type,TPPUFeature8Type
2919,sEH_TPPU_System-1:0_HydrogenBond_609_InxClass,HydrogenBond,sEH_TPPU_System-1:0,"(1, 0)",sEHFeature204Type,TPPUFeature6Type
2920,sEH_TPPU_System-1:0_HydrogenBond_610_InxClass,HydrogenBond,sEH_TPPU_System-1:0,"(1, 0)",sEHFeature204Type,TPPUFeature7Type
2921,sEH_TPPU_System-1:0_HydrogenBond_611_InxClass,HydrogenBond,sEH_TPPU_System-1:0,"(1, 0)",sEHFeature204Type,TPPUFeature8Type
2922,sEH_TPPU_System-1:0_HydrogenBond_612_InxClass,HydrogenBond,sEH_TPPU_System-1:0,"(1, 0)",sEHFeature205Type,TPPUFeature6Type
2923,sEH_TPPU_System-1:0_HydrogenBond_613_InxClass,HydrogenBond,sEH_TPPU_System-1:0,"(1, 0)",sEHFeature205Type,TPPUFeature7Type
2924,sEH_TPPU_System-1:0_HydrogenBond_614_InxClass,HydrogenBond,sEH_TPPU_System-1:0,"(1, 0)",sEHFeature205Type,TPPUFeature8Type
2925,sEH_TPPU_System-1:0_HydrogenBond_615_InxClass,HydrogenBond,sEH_TPPU_System-1:0,"(1, 0)",sEHFeature206Type,TPPUFeature6Type
2926,sEH_TPPU_System-1:0_HydrogenBond_616_InxClass,HydrogenBond,sEH_TPPU_System-1:0,"(1, 0)",sEHFeature206Type,TPPUFeature7Type
2927,sEH_TPPU_System-1:0_HydrogenBond_617_InxClass,HydrogenBond,sEH_TPPU_System-1:0,"(1, 0)",sEHFeature206Type,TPPUFeature8Type
2928,sEH_TPPU_System-1:0_HydrogenBond_618_InxClass,HydrogenBond,sEH_TPPU_System-1:0,"(1, 0)",sEHFeature207Type,TPPUFeature6Type
2929,sEH_TPPU_System-1:0_HydrogenBond_619_InxClass,HydrogenBond,sEH_TPPU_System-1:0,"(1, 0)",sEHFeature207Type,TPPUFeature7Type
2930,sEH_TPPU_System-1:0_HydrogenBond_620_InxClass,HydrogenBond,sEH_TPPU_System-1:0,"(1, 0)",sEHFeature207Type,TPPUFeature8Type
2931,sEH_TPPU_System-1:0_HydrogenBond_621_InxClass,HydrogenBond,sEH_TPPU_System-1:0,"(1, 0)",sEHFeature208Type,TPPUFeature6Type
2932,sEH_TPPU_System-1:0_HydrogenBond_622_InxClass,HydrogenBond,sEH_TPPU_System-1:0,"(1, 0)",sEHFeature208Type,TPPUFeature7Type
2933,sEH_TPPU_System-1:0_HydrogenBond_623_InxClass,HydrogenBond,sEH_TPPU_System-1:0,"(1, 0)",sEHFeature208Type,TPPUFeature8Type
2934,sEH_TPPU_System-1:0_HydrogenBond_624_InxClass,HydrogenBond,sEH_TPPU_System-1:0,"(1, 0)",sEHFeature209Type,TPPUFeature6Type
2935,sEH_TPPU_System-1:0_HydrogenBond_625_InxClass,HydrogenBond,sEH_TPPU_System-1:0,"(1, 0)",sEHFeature209Type,TPPUFeature7Type
2936,sEH_TPPU_System-1:0_HydrogenBond_626_InxClass,HydrogenBond,sEH_TPPU_System-1:0,"(1, 0)",sEHFeature209Type,TPPUFeature8Type
2937,sEH_TPPU_System-1:0_HydrogenBond_627_InxClass,HydrogenBond,sEH_TPPU_System-1:0,"(1, 0)",sEHFeature210Type,TPPUFeature6Type
2938,sEH_TPPU_System-1:0_HydrogenBond_628_InxClass,HydrogenBond,sEH_TPPU_System-1:0,"(1, 0)",sEHFeature210Type,TPPUFeature7Type
2939,sEH_TPPU_System-1:0_HydrogenBond_629_InxClass,HydrogenBond,sEH_TPPU_System-1:0,"(1, 0)",sEHFeature210Type,TPPUFeature8Type
2940,sEH_TPPU_System-1:0_HydrogenBond_630_InxClass,HydrogenBond,sEH_TPPU_System-1:0,"(1, 0)",sEHFeature211Type,TPPUFeature6Type
2941,sEH_TPPU_System-1:0_HydrogenBond_631_InxClass,HydrogenBond,sEH_TPPU_System-1:0,"(1, 0)",sEHFeature211Type,TPPUFeature7Type
2942,sEH_TPPU_System-1:0_HydrogenBond_632_InxClass,HydrogenBond,sEH_TPPU_System-1:0,"(1, 0)",sEHFeature211Type,TPPUFeature8Type
2943,sEH_TPPU_System-1:0_HydrogenBond_633_InxClass,HydrogenBond,sEH_TPPU_System-1:0,"(1, 0)",sEHFeature212Type,TPPUFeature6Type
2944,sEH_TPPU_System-1:0_HydrogenBond_634_InxClass,HydrogenBond,sEH_TPPU_System-1:0,"(1, 0)",sEHFeature212Type,TPPUFeature7Type
2945,sEH_TPPU_System-1:0_HydrogenBond_635_InxClass,HydrogenBond,sEH_TPPU_System-1:0,"(1, 0)",sEHFeature212Type,TPPUFeature8Type
2946,sEH_TPPU_System-1:0_HydrogenBond_636_InxClass,HydrogenBond,sEH_TPPU_System-1:0,"(1, 0)",sEHFeature213Type,TPPUFeature6Type
2947,sEH_TPPU_System-1:0_HydrogenBond_637_InxClass,HydrogenBond,sEH_TPPU_System-1:0,"(1, 0)",sEHFeature213Type,TPPUFeature7Type
2948,sEH_TPPU_System-1:0_HydrogenBond_638_InxClass,HydrogenBond,sEH_TPPU_System-1:0,"(1, 0)",sEHFeature213Type,TPPUFeature8Type
2949,sEH_TPPU_System-1:0_HydrogenBond_639_InxClass,HydrogenBond,sEH_TPPU_System-1:0,"(1, 0)",sEHFeature214Type,TPPUFeature6Type
2950,sEH_TPPU_System-1:0_HydrogenBond_640_InxClass,HydrogenBond,sEH_TPPU_System-1:0,"(1, 0)",sEHFeature214Type,TPPUFeature7Type
2951,sEH_TPPU_System-1:0_HydrogenBond_641_InxClass,HydrogenBond,sEH_TPPU_System-1:0,"(1, 0)",sEHFeature214Type,TPPUFeature8Type
2952,sEH_TPPU_System-1:0_HydrogenBond_642_InxClass,HydrogenBond,sEH_TPPU_System-1:0,"(1, 0)",sEHFeature215Type,TPPUFeature6Type
2953,sEH_TPPU_System-1:0_HydrogenBond_643_InxClass,HydrogenBond,sEH_TPPU_System-1:0,"(1, 0)",sEHFeature215Type,TPPUFeature7Type
2954,sEH_TPPU_System-1:0_HydrogenBond_644_InxClass,HydrogenBond,sEH_TPPU_System-1:0,"(1, 0)",sEHFeature215Type,TPPUFeature8Type
2955,sEH_TPPU_System-1:0_HydrogenBond_645_InxClass,HydrogenBond,sEH_TPPU_System-1:0,"(1, 0)",sEHFeature216Type,TPPUFeature6Type
2956,sEH_TPPU_System-1:0_HydrogenBond_646_InxClass,HydrogenBond,sEH_TPPU_System-1:0,"(1, 0)",sEHFeature216Type,TPPUFeature7Type
2957,sEH_TPPU_System-1:0_HydrogenBond_647_InxClass,HydrogenBond,sEH_TPPU_System-1:0,"(1, 0)",sEHFeature216Type,TPPUFeature8Type
2958,sEH_TPPU_System-1:0_HydrogenBond_648_InxClass,HydrogenBond,sEH_TPPU_System-1:0,"(1, 0)",sEHFeature217Type,TPPUFeature6Type
2959,sEH_TPPU_System-1:0_HydrogenBond_649_InxClass,HydrogenBond,sEH_TPPU_System-1:0,"(1, 0)",sEHFeature217Type,TPPUFeature7Type
2960,sEH_TPPU_System-1:0_HydrogenBond_650_InxClass,HydrogenBond,sEH_TPPU_System-1:0,"(1, 0)",sEHFeature217Type,TPPUFeature8Type
2961,sEH_TPPU_System-1:0_HydrogenBond_651_InxClass,HydrogenBond,sEH_TPPU_System-1:0,"(1, 0)",sEHFeature218Type,TPPUFeature6Type
2962,sEH_TPPU_System-1:0_HydrogenBond_652_InxClass,HydrogenBond,sEH_TPPU_System-1:0,"(1, 0)",sEHFeature218Type,TPPUFeature7Type
2963,sEH_TPPU_System-1:0_HydrogenBond_653_InxClass,HydrogenBond,sEH_TPPU_System-1:0,"(1, 0)",sEHFeature218Type,TPPUFeature8Type
2964,sEH_TPPU_System-1:0_HydrogenBond_654_InxClass,HydrogenBond,sEH_TPPU_System-1:0,"(1, 0)",sEHFeature219Type,TPPUFeature6Type
2965,sEH_TPPU_System-1:0_HydrogenBond_655_InxClass,HydrogenBond,sEH_TPPU_System-1:0,"(1, 0)",sEHFeature219Type,TPPUFeature7Type
2966,sEH_TPPU_System-1:0_HydrogenBond_656_InxClass,HydrogenBond,sEH_TPPU_System-1:0,"(1, 0)",sEHFeature219Type,TPPUFeature8Type
2967,sEH_TPPU_System-1:0_HydrogenBond_657_InxClass,HydrogenBond,sEH_TPPU_System-1:0,"(1, 0)",sEHFeature220Type,TPPUFeature6Type
2968,sEH_TPPU_System-1:0_HydrogenBond_658_InxClass,HydrogenBond,sEH_TPPU_System-1:0,"(1, 0)",sEHFeature220Type,TPPUFeature7Type
2969,sEH_TPPU_System-1:0_HydrogenBond_659_InxClass,HydrogenBond,sEH_TPPU_System-1:0,"(1, 0)",sEHFeature220Type,TPPUFeature8Type
2970,sEH_TPPU_System-1:0_HydrogenBond_660_InxClass,HydrogenBond,sEH_TPPU_System-1:0,"(1, 0)",sEHFeature221Type,TPPUFeature6Type
2971,sEH_TPPU_System-1:0_HydrogenBond_661_InxClass,HydrogenBond,sEH_TPPU_System-1:0,"(1, 0)",sEHFeature221Type,TPPUFeature7Type
2972,sEH_TPPU_System-1:0_HydrogenBond_662_InxClass,HydrogenBond,sEH_TPPU_System-1:0,"(1, 0)",sEHFeature221Type,TPPUFeature8Type
2973,sEH_TPPU_System-1:0_HydrogenBond_663_InxClass,HydrogenBond,sEH_TPPU_System-1:0,"(1, 0)",sEHFeature222Type,TPPUFeature6Type
2974,sEH_TPPU_System-1:0_HydrogenBond_664_InxClass,HydrogenBond,sEH_TPPU_System-1:0,"(1, 0)",sEHFeature222Type,TPPUFeature7Type
2975,sEH_TPPU_System-1:0_HydrogenBond_665_InxClass,HydrogenBond,sEH_TPPU_System-1:0,"(1, 0)",sEHFeature222Type,TPPUFeature8Type
2976,sEH_TPPU_System-1:0_HydrogenBond_666_InxClass,HydrogenBond,sEH_TPPU_System-1:0,"(1, 0)",sEHFeature223Type,TPPUFeature6Type
2977,sEH_TPPU_System-1:0_HydrogenBond_667_InxClass,HydrogenBond,sEH_TPPU_System-1:0,"(1, 0)",sEHFeature223Type,TPPUFeature7Type
2978,sEH_TPPU_System-1:0_HydrogenBond_668_InxClass,HydrogenBond,sEH_TPPU_System-1:0,"(1, 0)",sEHFeature223Type,TPPUFeature8Type
2979,sEH_TPPU_System-1:0_HydrogenBond_669_InxClass,HydrogenBond,sEH_TPPU_System-1:0,"(1, 0)",sEHFeature224Type,TPPUFeature6Type
2980,sEH_TPPU_System-1:0_HydrogenBond_670_InxClass,HydrogenBond,sEH_TPPU_System-1:0,"(1, 0)",sEHFeature224Type,TPPUFeature7Type
2981,sEH_TPPU_System-1:0_HydrogenBond_671_InxClass,HydrogenBond,sEH_TPPU_System-1:0,"(1, 0)",sEHFeature224Type,TPPUFeature8Type
2982,sEH_TPPU_System-1:0_HydrogenBond_672_InxClass,HydrogenBond,sEH_TPPU_System-1:0,"(1, 0)",sEHFeature225Type,TPPUFeature6Type
2983,sEH_TPPU_System-1:0_HydrogenBond_673_InxClass,HydrogenBond,sEH_TPPU_System-1:0,"(1, 0)",sEHFeature225Type,TPPUFeature7Type
2984,sEH_TPPU_System-1:0_HydrogenBond_674_InxClass,HydrogenBond,sEH_TPPU_System-1:0,"(1, 0)",sEHFeature225Type,TPPUFeature8Type
2985,sEH_TPPU_System-1:0_HydrogenBond_675_InxClass,HydrogenBond,sEH_TPPU_System-1:0,"(1, 0)",sEHFeature226Type,TPPUFeature6Type
2986,sEH_TPPU_System-1:0_HydrogenBond_676_InxClass,HydrogenBond,sEH_TPPU_System-1:0,"(1, 0)",sEHFeature226Type,TPPUFeature7Type
2987,sEH_TPPU_System-1:0_HydrogenBond_677_InxClass,HydrogenBond,sEH_TPPU_System-1:0,"(1, 0)",sEHFeature226Type,TPPUFeature8Type
2988,sEH_TPPU_System-1:0_HydrogenBond_678_InxClass,HydrogenBond,sEH_TPPU_System-1:0,"(1, 0)",sEHFeature227Type,TPPUFeature6Type
2989,sEH_TPPU_System-1:0_HydrogenBond_679_InxClass,HydrogenBond,sEH_TPPU_System-1:0,"(1, 0)",sEHFeature227Type,TPPUFeature7Type
2990,sEH_TPPU_System-1:0_HydrogenBond_680_InxClass,HydrogenBond,sEH_TPPU_System-1:0,"(1, 0)",sEHFeature227Type,TPPUFeature8Type
2991,sEH_TPPU_System-1:0_HydrogenBond_681_InxClass,HydrogenBond,sEH_TPPU_System-1:0,"(1, 0)",sEHFeature228Type,TPPUFeature6Type
2992,sEH_TPPU_System-1:0_HydrogenBond_682_InxClass,HydrogenBond,sEH_TPPU_System-1:0,"(1, 0)",sEHFeature228Type,TPPUFeature7Type
2993,sEH_TPPU_System-1:0_HydrogenBond_683_InxClass,HydrogenBond,sEH_TPPU_System-1:0,"(1, 0)",sEHFeature228Type,TPPUFeature8Type
2994,sEH_TPPU_System-1:0_HydrogenBond_684_InxClass,HydrogenBond,sEH_TPPU_System-1:0,"(1, 0)",sEHFeature229Type,TPPUFeature6Type
2995,sEH_TPPU_System-1:0_HydrogenBond_685_InxClass,HydrogenBond,sEH_TPPU_System-1:0,"(1, 0)",sEHFeature229Type,TPPUFeature7Type
2996,sEH_TPPU_System-1:0_HydrogenBond_686_InxClass,HydrogenBond,sEH_TPPU_System-1:0,"(1, 0)",sEHFeature229Type,TPPUFeature8Type
2997,sEH_TPPU_System-1:0_HydrogenBond_687_InxClass,HydrogenBond,sEH_TPPU_System-1:0,"(1, 0)",sEHFeature230Type,TPPUFeature6Type
2998,sEH_TPPU_System-1:0_HydrogenBond_688_InxClass,HydrogenBond,sEH_TPPU_System-1:0,"(1, 0)",sEHFeature230Type,TPPUFeature7Type
2999,sEH_TPPU_System-1:0_HydrogenBond_689_InxClass,HydrogenBond,sEH_TPPU_System-1:0,"(1, 0)",sEHFeature230Type,TPPUFeature8Type
3000,sEH_TPPU_System-1:0_HydrogenBond_690_InxClass,HydrogenBond,sEH_TPPU_System-1:0,"(1, 0)",sEHFeature231Type,TPPUFeature6Type
3001,sEH_TPPU_System-1:0_HydrogenBond_691_InxClass,HydrogenBond,sEH_TPPU_System-1:0,"(1, 0)",sEHFeature231Type,TPPUFeature7Type
3002,sEH_TPPU_System-1:0_HydrogenBond_692_InxClass,HydrogenBond,sEH_TPPU_System-1:0,"(1, 0)",sEHFeature231Type,TPPUFeature8Type
3003,sEH_TPPU_System-1:0_HydrogenBond_693_InxClass,HydrogenBond,sEH_TPPU_System-1:0,"(1, 0)",sEHFeature232Type,TPPUFeature6Type
3004,sEH_TPPU_System-1:0_HydrogenBond_694_InxClass,HydrogenBond,sEH_TPPU_System-1:0,"(1, 0)",sEHFeature232Type,TPPUFeature7Type
3005,sEH_TPPU_System-1:0_HydrogenBond_695_InxClass,HydrogenBond,sEH_TPPU_System-1:0,"(1, 0)",sEHFeature232Type,TPPUFeature8Type
3006,sEH_TPPU_System-1:0_HydrogenBond_696_InxClass,HydrogenBond,sEH_TPPU_System-1:0,"(1, 0)",sEHFeature233Type,TPPUFeature6Type
3007,sEH_TPPU_System-1:0_HydrogenBond_697_InxClass,HydrogenBond,sEH_TPPU_System-1:0,"(1, 0)",sEHFeature233Type,TPPUFeature7Type
3008,sEH_TPPU_System-1:0_HydrogenBond_698_InxClass,HydrogenBond,sEH_TPPU_System-1:0,"(1, 0)",sEHFeature233Type,TPPUFeature8Type
3009,sEH_TPPU_System-1:0_HydrogenBond_699_InxClass,HydrogenBond,sEH_TPPU_System-1:0,"(1, 0)",sEHFeature234Type,TPPUFeature6Type
3010,sEH_TPPU_System-1:0_HydrogenBond_700_InxClass,HydrogenBond,sEH_TPPU_System-1:0,"(1, 0)",sEHFeature234Type,TPPUFeature7Type
3011,sEH_TPPU_System-1:0_HydrogenBond_701_InxClass,HydrogenBond,sEH_TPPU_System-1:0,"(1, 0)",sEHFeature234Type,TPPUFeature8Type
3012,sEH_TPPU_System-1:0_HydrogenBond_702_InxClass,HydrogenBond,sEH_TPPU_System-1:0,"(1, 0)",sEHFeature235Type,TPPUFeature6Type
3013,sEH_TPPU_System-1:0_HydrogenBond_703_InxClass,HydrogenBond,sEH_TPPU_System-1:0,"(1, 0)",sEHFeature235Type,TPPUFeature7Type
3014,sEH_TPPU_System-1:0_HydrogenBond_704_InxClass,HydrogenBond,sEH_TPPU_System-1:0,"(1, 0)",sEHFeature235Type,TPPUFeature8Type
3015,sEH_TPPU_System-1:0_HydrogenBond_705_InxClass,HydrogenBond,sEH_TPPU_System-1:0,"(1, 0)",sEHFeature236Type,TPPUFeature6Type
3016,sEH_TPPU_System-1:0_HydrogenBond_706_InxClass,HydrogenBond,sEH_TPPU_System-1:0,"(1, 0)",sEHFeature236Type,TPPUFeature7Type
3017,sEH_TPPU_System-1:0_HydrogenBond_707_InxClass,HydrogenBond,sEH_TPPU_System-1:0,"(1, 0)",sEHFeature236Type,TPPUFeature8Type
3018,sEH_TPPU_System-1:0_HydrogenBond_708_InxClass,HydrogenBond,sEH_TPPU_System-1:0,"(1, 0)",sEHFeature237Type,TPPUFeature6Type
3019,sEH_TPPU_System-1:0_HydrogenBond_709_InxClass,HydrogenBond,sEH_TPPU_System-1:0,"(1, 0)",sEHFeature237Type,TPPUFeature7Type
3020,sEH_TPPU_System-1:0_HydrogenBond_710_InxClass,HydrogenBond,sEH_TPPU_System-1:0,"(1, 0)",sEHFeature237Type,TPPUFeature8Type
3021,sEH_TPPU_System-1:0_HydrogenBond_711_InxClass,HydrogenBond,sEH_TPPU_System-1:0,"(1, 0)",sEHFeature238Type,TPPUFeature6Type
3022,sEH_TPPU_System-1:0_HydrogenBond_712_InxClass,HydrogenBond,sEH_TPPU_System-1:0,"(1, 0)",sEHFeature238Type,TPPUFeature7Type
3023,sEH_TPPU_System-1:0_HydrogenBond_713_InxClass,HydrogenBond,sEH_TPPU_System-1:0,"(1, 0)",sEHFeature238Type,TPPUFeature8Type
3024,sEH_TPPU_System-1:0_HydrogenBond_714_InxClass,HydrogenBond,sEH_TPPU_System-1:0,"(1, 0)",sEHFeature239Type,TPPUFeature6Type
3025,sEH_TPPU_System-1:0_HydrogenBond_715_InxClass,HydrogenBond,sEH_TPPU_System-1:0,"(1, 0)",sEHFeature239Type,TPPUFeature7Type
3026,sEH_TPPU_System-1:0_HydrogenBond_716_InxClass,HydrogenBond,sEH_TPPU_System-1:0,"(1, 0)",sEHFeature239Type,TPPUFeature8Type
3027,sEH_TPPU_System-1:0_HydrogenBond_717_InxClass,HydrogenBond,sEH_TPPU_System-1:0,"(1, 0)",sEHFeature240Type,TPPUFeature6Type
3028,sEH_TPPU_System-1:0_HydrogenBond_718_InxClass,HydrogenBond,sEH_TPPU_System-1:0,"(1, 0)",sEHFeature240Type,TPPUFeature7Type
3029,sEH_TPPU_System-1:0_HydrogenBond_719_InxClass,HydrogenBond,sEH_TPPU_System-1:0,"(1, 0)",sEHFeature240Type,TPPUFeature8Type
3030,sEH_TPPU_System-1:0_HydrogenBond_720_InxClass,HydrogenBond,sEH_TPPU_System-1:0,"(1, 0)",sEHFeature241Type,TPPUFeature6Type
3031,sEH_TPPU_System-1:0_HydrogenBond_721_InxClass,HydrogenBond,sEH_TPPU_System-1:0,"(1, 0)",sEHFeature241Type,TPPUFeature7Type
3032,sEH_TPPU_System-1:0_HydrogenBond_722_InxClass,HydrogenBond,sEH_TPPU_System-1:0,"(1, 0)",sEHFeature241Type,TPPUFeature8Type
3033,sEH_TPPU_System-1:0_HydrogenBond_723_InxClass,HydrogenBond,sEH_TPPU_System-1:0,"(1, 0)",sEHFeature242Type,TPPUFeature6Type
3034,sEH_TPPU_System-1:0_HydrogenBond_724_InxClass,HydrogenBond,sEH_TPPU_System-1:0,"(1, 0)",sEHFeature242Type,TPPUFeature7Type
3035,sEH_TPPU_System-1:0_HydrogenBond_725_InxClass,HydrogenBond,sEH_TPPU_System-1:0,"(1, 0)",sEHFeature242Type,TPPUFeature8Type
3036,sEH_TPPU_System-1:0_HydrogenBond_726_InxClass,HydrogenBond,sEH_TPPU_System-1:0,"(1, 0)",sEHFeature243Type,TPPUFeature6Type
3037,sEH_TPPU_System-1:0_HydrogenBond_727_InxClass,HydrogenBond,sEH_TPPU_System-1:0,"(1, 0)",sEHFeature243Type,TPPUFeature7Type
3038,sEH_TPPU_System-1:0_HydrogenBond_728_InxClass,HydrogenBond,sEH_TPPU_System-1:0,"(1, 0)",sEHFeature243Type,TPPUFeature8Type
3039,sEH_TPPU_System-1:0_HydrogenBond_729_InxClass,HydrogenBond,sEH_TPPU_System-1:0,"(1, 0)",sEHFeature244Type,TPPUFeature6Type
3040,sEH_TPPU_System-1:0_HydrogenBond_730_InxClass,HydrogenBond,sEH_TPPU_System-1:0,"(1, 0)",sEHFeature244Type,TPPUFeature7Type
3041,sEH_TPPU_System-1:0_HydrogenBond_731_InxClass,HydrogenBond,sEH_TPPU_System-1:0,"(1, 0)",sEHFeature244Type,TPPUFeature8Type
3042,sEH_TPPU_System-1:0_HydrogenBond_732_InxClass,HydrogenBond,sEH_TPPU_System-1:0,"(1, 0)",sEHFeature245Type,TPPUFeature6Type
3043,sEH_TPPU_System-1:0_HydrogenBond_733_InxClass,HydrogenBond,sEH_TPPU_System-1:0,"(1, 0)",sEHFeature245Type,TPPUFeature7Type
3044,sEH_TPPU_System-1:0_HydrogenBond_734_InxClass,HydrogenBond,sEH_TPPU_System-1:0,"(1, 0)",sEHFeature245Type,TPPUFeature8Type
3045,sEH_TPPU_System-1:0_HydrogenBond_735_InxClass,HydrogenBond,sEH_TPPU_System-1:0,"(1, 0)",sEHFeature246Type,TPPUFeature6Type
3046,sEH_TPPU_System-1:0_HydrogenBond_736_InxClass,HydrogenBond,sEH_TPPU_System-1:0,"(1, 0)",sEHFeature246Type,TPPUFeature7Type
3047,sEH_TPPU_System-1:0_HydrogenBond_737_InxClass,HydrogenBond,sEH_TPPU_System-1:0,"(1, 0)",sEHFeature246Type,TPPUFeature8Type
3048,sEH_TPPU_System-1:0_HydrogenBond_738_InxClass,HydrogenBond,sEH_TPPU_System-1:0,"(1, 0)",sEHFeature247Type,TPPUFeature6Type
3049,sEH_TPPU_System-1:0_HydrogenBond_739_InxClass,HydrogenBond,sEH_TPPU_System-1:0,"(1, 0)",sEHFeature247Type,TPPUFeature7Type
3050,sEH_TPPU_System-1:0_HydrogenBond_740_InxClass,HydrogenBond,sEH_TPPU_System-1:0,"(1, 0)",sEHFeature247Type,TPPUFeature8Type
3051,sEH_TPPU_System-1:0_HydrogenBond_741_InxClass,HydrogenBond,sEH_TPPU_System-1:0,"(1, 0)",sEHFeature248Type,TPPUFeature6Type
3052,sEH_TPPU_System-1:0_HydrogenBond_742_InxClass,HydrogenBond,sEH_TPPU_System-1:0,"(1, 0)",sEHFeature248Type,TPPUFeature7Type
3053,sEH_TPPU_System-1:0_HydrogenBond_743_InxClass,HydrogenBond,sEH_TPPU_System-1:0,"(1, 0)",sEHFeature248Type,TPPUFeature8Type
3054,sEH_TPPU_System-1:0_HydrogenBond_744_InxClass,HydrogenBond,sEH_TPPU_System-1:0,"(1, 0)",sEHFeature249Type,TPPUFeature6Type
3055,sEH_TPPU_System-1:0_HydrogenBond_745_InxClass,HydrogenBond,sEH_TPPU_System-1:0,"(1, 0)",sEHFeature249Type,TPPUFeature7Type
3056,sEH_TPPU_System-1:0_HydrogenBond_746_InxClass,HydrogenBond,sEH_TPPU_System-1:0,"(1, 0)",sEHFeature249Type,TPPUFeature8Type
3057,sEH_TPPU_System-1:0_HydrogenBond_747_InxClass,HydrogenBond,sEH_TPPU_System-1:0,"(1, 0)",sEHFeature250Type,TPPUFeature6Type
3058,sEH_TPPU_System-1:0_HydrogenBond_748_InxClass,HydrogenBond,sEH_TPPU_System-1:0,"(1, 0)",sEHFeature250Type,TPPUFeature7Type
3059,sEH_TPPU_System-1:0_HydrogenBond_749_InxClass,HydrogenBond,sEH_TPPU_System-1:0,"(1, 0)",sEHFeature250Type,TPPUFeature8Type
3060,sEH_TPPU_System-1:0_HydrogenBond_750_InxClass,HydrogenBond,sEH_TPPU_System-1:0,"(1, 0)",sEHFeature251Type,TPPUFeature6Type
3061,sEH_TPPU_System-1:0_HydrogenBond_751_InxClass,HydrogenBond,sEH_TPPU_System-1:0,"(1, 0)",sEHFeature251Type,TPPUFeature7Type
3062,sEH_TPPU_System-1:0_HydrogenBond_752_InxClass,HydrogenBond,sEH_TPPU_System-1:0,"(1, 0)",sEHFeature251Type,TPPUFeature8Type
3063,sEH_TPPU_System-1:0_HydrogenBond_753_InxClass,HydrogenBond,sEH_TPPU_System-1:0,"(1, 0)",sEHFeature252Type,TPPUFeature6Type
3064,sEH_TPPU_System-1:0_HydrogenBond_754_InxClass,HydrogenBond,sEH_TPPU_System-1:0,"(1, 0)",sEHFeature252Type,TPPUFeature7Type
3065,sEH_TPPU_System-1:0_HydrogenBond_755_InxClass,HydrogenBond,sEH_TPPU_System-1:0,"(1, 0)",sEHFeature252Type,TPPUFeature8Type
3066,sEH_TPPU_System-1:0_HydrogenBond_756_InxClass,HydrogenBond,sEH_TPPU_System-1:0,"(1, 0)",sEHFeature253Type,TPPUFeature6Type
3067,sEH_TPPU_System-1:0_HydrogenBond_757_InxClass,HydrogenBond,sEH_TPPU_System-1:0,"(1, 0)",sEHFeature253Type,TPPUFeature7Type
3068,sEH_TPPU_System-1:0_HydrogenBond_758_InxClass,HydrogenBond,sEH_TPPU_System-1:0,"(1, 0)",sEHFeature253Type,TPPUFeature8Type
3069,sEH_TPPU_System-1:0_HydrogenBond_759_InxClass,HydrogenBond,sEH_TPPU_System-1:0,"(1, 0)",sEHFeature254Type,TPPUFeature6Type
3070,sEH_TPPU_System-1:0_HydrogenBond_760_InxClass,HydrogenBond,sEH_TPPU_System-1:0,"(1, 0)",sEHFeature254Type,TPPUFeature7Type
3071,sEH_TPPU_System-1:0_HydrogenBond_761_InxClass,HydrogenBond,sEH_TPPU_System-1:0,"(1, 0)",sEHFeature254Type,TPPUFeature8Type
3072,sEH_TPPU_System-1:0_HydrogenBond_762_InxClass,HydrogenBond,sEH_TPPU_System-1:0,"(1, 0)",sEHFeature255Type,TPPUFeature6Type
3073,sEH_TPPU_System-1:0_HydrogenBond_763_InxClass,HydrogenBond,sEH_TPPU_System-1:0,"(1, 0)",sEHFeature255Type,TPPUFeature7Type
3074,sEH_TPPU_System-1:0_HydrogenBond_764_InxClass,HydrogenBond,sEH_TPPU_System-1:0,"(1, 0)",sEHFeature255Type,TPPUFeature8Type
3075,sEH_TPPU_System-1:0_HydrogenBond_765_InxClass,HydrogenBond,sEH_TPPU_System-1:0,"(1, 0)",sEHFeature256Type,TPPUFeature6Type
3076,sEH_TPPU_System-1:0_HydrogenBond_766_InxClass,HydrogenBond,sEH_TPPU_System-1:0,"(1, 0)",sEHFeature256Type,TPPUFeature7Type
3077,sEH_TPPU_System-1:0_HydrogenBond_767_InxClass,HydrogenBond,sEH_TPPU_System-1:0,"(1, 0)",sEHFeature256Type,TPPUFeature8Type
3078,sEH_TPPU_System-1:0_HydrogenBond_768_InxClass,HydrogenBond,sEH_TPPU_System-1:0,"(1, 0)",sEHFeature257Type,TPPUFeature6Type
3079,sEH_TPPU_System-1:0_HydrogenBond_769_InxClass,HydrogenBond,sEH_TPPU_System-1:0,"(1, 0)",sEHFeature257Type,TPPUFeature7Type
3080,sEH_TPPU_System-1:0_HydrogenBond_770_InxClass,HydrogenBond,sEH_TPPU_System-1:0,"(1, 0)",sEHFeature257Type,TPPUFeature8Type
3081,sEH_TPPU_System-1:0_HydrogenBond_771_InxClass,HydrogenBond,sEH_TPPU_System-1:0,"(1, 0)",sEHFeature258Type,TPPUFeature6Type
3082,sEH_TPPU_System-1:0_HydrogenBond_772_InxClass,HydrogenBond,sEH_TPPU_System-1:0,"(1, 0)",sEHFeature258Type,TPPUFeature7Type
3083,sEH_TPPU_System-1:0_HydrogenBond_773_InxClass,HydrogenBond,sEH_TPPU_System-1:0,"(1, 0)",sEHFeature258Type,TPPUFeature8Type
3084,sEH_TPPU_System-1:0_HydrogenBond_774_InxClass,HydrogenBond,sEH_TPPU_System-1:0,"(1, 0)",sEHFeature259Type,TPPUFeature6Type
3085,sEH_TPPU_System-1:0_HydrogenBond_775_InxClass,HydrogenBond,sEH_TPPU_System-1:0,"(1, 0)",sEHFeature259Type,TPPUFeature7Type
3086,sEH_TPPU_System-1:0_HydrogenBond_776_InxClass,HydrogenBond,sEH_TPPU_System-1:0,"(1, 0)",sEHFeature259Type,TPPUFeature8Type
3087,sEH_TPPU_System-1:0_HydrogenBond_777_InxClass,HydrogenBond,sEH_TPPU_System-1:0,"(1, 0)",sEHFeature260Type,TPPUFeature6Type
3088,sEH_TPPU_System-1:0_HydrogenBond_778_InxClass,HydrogenBond,sEH_TPPU_System-1:0,"(1, 0)",sEHFeature260Type,TPPUFeature7Type
3089,sEH_TPPU_System-1:0_HydrogenBond_779_InxClass,HydrogenBond,sEH_TPPU_System-1:0,"(1, 0)",sEHFeature260Type,TPPUFeature8Type
3090,sEH_TPPU_System-1:0_HydrogenBond_780_InxClass,HydrogenBond,sEH_TPPU_System-1:0,"(1, 0)",sEHFeature261Type,TPPUFeature6Type
3091,sEH_TPPU_System-1:0_HydrogenBond_781_InxClass,HydrogenBond,sEH_TPPU_System-1:0,"(1, 0)",sEHFeature261Type,TPPUFeature7Type
3092,sEH_TPPU_System-1:0_HydrogenBond_782_InxClass,HydrogenBond,sEH_TPPU_System-1:0,"(1, 0)",sEHFeature261Type,TPPUFeature8Type
3093,sEH_TPPU_System-1:0_HydrogenBond_783_InxClass,HydrogenBond,sEH_TPPU_System-1:0,"(1, 0)",sEHFeature262Type,TPPUFeature6Type
3094,sEH_TPPU_System-1:0_HydrogenBond_784_InxClass,HydrogenBond,sEH_TPPU_System-1:0,"(1, 0)",sEHFeature262Type,TPPUFeature7Type
3095,sEH_TPPU_System-1:0_HydrogenBond_785_InxClass,HydrogenBond,sEH_TPPU_System-1:0,"(1, 0)",sEHFeature262Type,TPPUFeature8Type
3096,sEH_TPPU_System-1:0_HydrogenBond_786_InxClass,HydrogenBond,sEH_TPPU_System-1:0,"(1, 0)",sEHFeature263Type,TPPUFeature6Type
3097,sEH_TPPU_System-1:0_HydrogenBond_787_InxClass,HydrogenBond,sEH_TPPU_System-1:0,"(1, 0)",sEHFeature263Type,TPPUFeature7Type
3098,sEH_TPPU_System-1:0_HydrogenBond_788_InxClass,HydrogenBond,sEH_TPPU_System-1:0,"(1, 0)",sEHFeature263Type,TPPUFeature8Type
3099,sEH_TPPU_System-1:0_HydrogenBond_789_InxClass,HydrogenBond,sEH_TPPU_System-1:0,"(1, 0)",sEHFeature264Type,TPPUFeature6Type
3100,sEH_TPPU_System-1:0_HydrogenBond_790_InxClass,HydrogenBond,sEH_TPPU_System-1:0,"(1, 0)",sEHFeature264Type,TPPUFeature7Type
3101,sEH_TPPU_System-1:0_HydrogenBond_791_InxClass,HydrogenBond,sEH_TPPU_System-1:0,"(1, 0)",sEHFeature264Type,TPPUFeature8Type
3102,sEH_TPPU_System-1:0_HydrogenBond_792_InxClass,HydrogenBond,sEH_TPPU_System-1:0,"(1, 0)",sEHFeature265Type,TPPUFeature6Type
3103,sEH_TPPU_System-1:0_HydrogenBond_793_InxClass,HydrogenBond,sEH_TPPU_System-1:0,"(1, 0)",sEHFeature265Type,TPPUFeature7Type
3104,sEH_TPPU_System-1:0_HydrogenBond_794_InxClass,HydrogenBond,sEH_TPPU_System-1:0,"(1, 0)",sEHFeature265Type,TPPUFeature8Type
3105,sEH_TPPU_System-1:0_HydrogenBond_795_InxClass,HydrogenBond,sEH_TPPU_System-1:0,"(1, 0)",sEHFeature266Type,TPPUFeature6Type
3106,sEH_TPPU_System-1:0_HydrogenBond_796_InxClass,HydrogenBond,sEH_TPPU_System-1:0,"(1, 0)",sEHFeature266Type,TPPUFeature7Type
3107,sEH_TPPU_System-1:0_HydrogenBond_797_InxClass,HydrogenBond,sEH_TPPU_System-1:0,"(1, 0)",sEHFeature266Type,TPPUFeature8Type
3108,sEH_TPPU_System-1:0_HydrogenBond_798_InxClass,HydrogenBond,sEH_TPPU_System-1:0,"(1, 0)",sEHFeature267Type,TPPUFeature6Type
3109,sEH_TPPU_System-1:0_HydrogenBond_799_InxClass,HydrogenBond,sEH_TPPU_System-1:0,"(1, 0)",sEHFeature267Type,TPPUFeature7Type
3110,sEH_TPPU_System-1:0_HydrogenBond_800_InxClass,HydrogenBond,sEH_TPPU_System-1:0,"(1, 0)",sEHFeature267Type,TPPUFeature8Type
3111,sEH_TPPU_System-1:0_HydrogenBond_801_InxClass,HydrogenBond,sEH_TPPU_System-1:0,"(1, 0)",sEHFeature268Type,TPPUFeature6Type
3112,sEH_TPPU_System-1:0_HydrogenBond_802_InxClass,HydrogenBond,sEH_TPPU_System-1:0,"(1, 0)",sEHFeature268Type,TPPUFeature7Type
3113,sEH_TPPU_System-1:0_HydrogenBond_803_InxClass,HydrogenBond,sEH_TPPU_System-1:0,"(1, 0)",sEHFeature268Type,TPPUFeature8Type
3114,sEH_TPPU_System-1:0_HydrogenBond_804_InxClass,HydrogenBond,sEH_TPPU_System-1:0,"(1, 0)",sEHFeature269Type,TPPUFeature6Type
3115,sEH_TPPU_System-1:0_HydrogenBond_805_InxClass,HydrogenBond,sEH_TPPU_System-1:0,"(1, 0)",sEHFeature269Type,TPPUFeature7Type
3116,sEH_TPPU_System-1:0_HydrogenBond_806_InxClass,HydrogenBond,sEH_TPPU_System-1:0,"(1, 0)",sEHFeature269Type,TPPUFeature8Type
3117,sEH_TPPU_System-1:0_HydrogenBond_807_InxClass,HydrogenBond,sEH_TPPU_System-1:0,"(1, 0)",sEHFeature270Type,TPPUFeature6Type
3118,sEH_TPPU_System-1:0_HydrogenBond_808_InxClass,HydrogenBond,sEH_TPPU_System-1:0,"(1, 0)",sEHFeature270Type,TPPUFeature7Type
3119,sEH_TPPU_System-1:0_HydrogenBond_809_InxClass,HydrogenBond,sEH_TPPU_System-1:0,"(1, 0)",sEHFeature270Type,TPPUFeature8Type
3120,sEH_TPPU_System-1:0_HydrogenBond_810_InxClass,HydrogenBond,sEH_TPPU_System-1:0,"(1, 0)",sEHFeature271Type,TPPUFeature6Type
3121,sEH_TPPU_System-1:0_HydrogenBond_811_InxClass,HydrogenBond,sEH_TPPU_System-1:0,"(1, 0)",sEHFeature271Type,TPPUFeature7Type
3122,sEH_TPPU_System-1:0_HydrogenBond_812_InxClass,HydrogenBond,sEH_TPPU_System-1:0,"(1, 0)",sEHFeature271Type,TPPUFeature8Type
3123,sEH_TPPU_System-1:0_HydrogenBond_813_InxClass,HydrogenBond,sEH_TPPU_System-1:0,"(1, 0)",sEHFeature272Type,TPPUFeature6Type
3124,sEH_TPPU_System-1:0_HydrogenBond_814_InxClass,HydrogenBond,sEH_TPPU_System-1:0,"(1, 0)",sEHFeature272Type,TPPUFeature7Type
3125,sEH_TPPU_System-1:0_HydrogenBond_815_InxClass,HydrogenBond,sEH_TPPU_System-1:0,"(1, 0)",sEHFeature272Type,TPPUFeature8Type
3126,sEH_TPPU_System-1:0_HydrogenBond_816_InxClass,HydrogenBond,sEH_TPPU_System-1:0,"(1, 0)",sEHFeature273Type,TPPUFeature6Type
3127,sEH_TPPU_System-1:0_HydrogenBond_817_InxClass,HydrogenBond,sEH_TPPU_System-1:0,"(1, 0)",sEHFeature273Type,TPPUFeature7Type
3128,sEH_TPPU_System-1:0_HydrogenBond_818_InxClass,HydrogenBond,sEH_TPPU_System-1:0,"(1, 0)",sEHFeature273Type,TPPUFeature8Type
3129,sEH_TPPU_System-1:0_HydrogenBond_819_InxClass,HydrogenBond,sEH_TPPU_System-1:0,"(1, 0)",sEHFeature274Type,TPPUFeature6Type
3130,sEH_TPPU_System-1:0_HydrogenBond_820_InxClass,HydrogenBond,sEH_TPPU_System-1:0,"(1, 0)",sEHFeature274Type,TPPUFeature7Type
3131,sEH_TPPU_System-1:0_HydrogenBond_821_InxClass,HydrogenBond,sEH_TPPU_System-1:0,"(1, 0)",sEHFeature274Type,TPPUFeature8Type
3132,sEH_TPPU_System-1:0_HydrogenBond_822_InxClass,HydrogenBond,sEH_TPPU_System-1:0,"(1, 0)",sEHFeature275Type,TPPUFeature6Type
3133,sEH_TPPU_System-1:0_HydrogenBond_823_InxClass,HydrogenBond,sEH_TPPU_System-1:0,"(1, 0)",sEHFeature275Type,TPPUFeature7Type
3134,sEH_TPPU_System-1:0_HydrogenBond_824_InxClass,HydrogenBond,sEH_TPPU_System-1:0,"(1, 0)",sEHFeature275Type,TPPUFeature8Type
3135,sEH_TPPU_System-1:0_HydrogenBond_825_InxClass,HydrogenBond,sEH_TPPU_System-1:0,"(1, 0)",sEHFeature276Type,TPPUFeature6Type
3136,sEH_TPPU_System-1:0_HydrogenBond_826_InxClass,HydrogenBond,sEH_TPPU_System-1:0,"(1, 0)",sEHFeature276Type,TPPUFeature7Type
3137,sEH_TPPU_System-1:0_HydrogenBond_827_InxClass,HydrogenBond,sEH_TPPU_System-1:0,"(1, 0)",sEHFeature276Type,TPPUFeature8Type
3138,sEH_TPPU_System-1:0_HydrogenBond_828_InxClass,HydrogenBond,sEH_TPPU_System-1:0,"(1, 0)",sEHFeature277Type,TPPUFeature6Type
3139,sEH_TPPU_System-1:0_HydrogenBond_829_InxClass,HydrogenBond,sEH_TPPU_System-1:0,"(1, 0)",sEHFeature277Type,TPPUFeature7Type
3140,sEH_TPPU_System-1:0_HydrogenBond_830_InxClass,HydrogenBond,sEH_TPPU_System-1:0,"(1, 0)",sEHFeature277Type,TPPUFeature8Type
3141,sEH_TPPU_System-1:0_HydrogenBond_831_InxClass,HydrogenBond,sEH_TPPU_System-1:0,"(1, 0)",sEHFeature278Type,TPPUFeature6Type
3142,sEH_TPPU_System-1:0_HydrogenBond_832_InxClass,HydrogenBond,sEH_TPPU_System-1:0,"(1, 0)",sEHFeature278Type,TPPUFeature7Type
3143,sEH_TPPU_System-1:0_HydrogenBond_833_InxClass,HydrogenBond,sEH_TPPU_System-1:0,"(1, 0)",sEHFeature278Type,TPPUFeature8Type
3144,sEH_TPPU_System-1:0_HydrogenBond_834_InxClass,HydrogenBond,sEH_TPPU_System-1:0,"(1, 0)",sEHFeature279Type,TPPUFeature6Type
3145,sEH_TPPU_System-1:0_HydrogenBond_835_InxClass,HydrogenBond,sEH_TPPU_System-1:0,"(1, 0)",sEHFeature279Type,TPPUFeature7Type
3146,sEH_TPPU_System-1:0_HydrogenBond_836_InxClass,HydrogenBond,sEH_TPPU_System-1:0,"(1, 0)",sEHFeature279Type,TPPUFeature8Type
3147,sEH_TPPU_System-1:0_HydrogenBond_837_InxClass,HydrogenBond,sEH_TPPU_System-1:0,"(1, 0)",sEHFeature280Type,TPPUFeature6Type
3148,sEH_TPPU_System-1:0_HydrogenBond_838_InxClass,HydrogenBond,sEH_TPPU_System-1:0,"(1, 0)",sEHFeature280Type,TPPUFeature7Type
3149,sEH_TPPU_System-1:0_HydrogenBond_839_InxClass,HydrogenBond,sEH_TPPU_System-1:0,"(1, 0)",sEHFeature280Type,TPPUFeature8Type
3150,sEH_TPPU_System-1:0_HydrogenBond_840_InxClass,HydrogenBond,sEH_TPPU_System-1:0,"(1, 0)",sEHFeature281Type,TPPUFeature6Type
3151,sEH_TPPU_System-1:0_HydrogenBond_841_InxClass,HydrogenBond,sEH_TPPU_System-1:0,"(1, 0)",sEHFeature281Type,TPPUFeature7Type
3152,sEH_TPPU_System-1:0_HydrogenBond_842_InxClass,HydrogenBond,sEH_TPPU_System-1:0,"(1, 0)",sEHFeature281Type,TPPUFeature8Type
3153,sEH_TPPU_System-1:0_HydrogenBond_843_InxClass,HydrogenBond,sEH_TPPU_System-1:0,"(1, 0)",sEHFeature282Type,TPPUFeature6Type
3154,sEH_TPPU_System-1:0_HydrogenBond_844_InxClass,HydrogenBond,sEH_TPPU_System-1:0,"(1, 0)",sEHFeature282Type,TPPUFeature7Type
3155,sEH_TPPU_System-1:0_HydrogenBond_845_InxClass,HydrogenBond,sEH_TPPU_System-1:0,"(1, 0)",sEHFeature282Type,TPPUFeature8Type
3156,sEH_TPPU_System-1:0_HydrogenBond_846_InxClass,HydrogenBond,sEH_TPPU_System-1:0,"(1, 0)",sEHFeature283Type,TPPUFeature6Type
3157,sEH_TPPU_System-1:0_HydrogenBond_847_InxClass,HydrogenBond,sEH_TPPU_System-1:0,"(1, 0)",sEHFeature283Type,TPPUFeature7Type
3158,sEH_TPPU_System-1:0_HydrogenBond_848_InxClass,HydrogenBond,sEH_TPPU_System-1:0,"(1, 0)",sEHFeature283Type,TPPUFeature8Type
3159,sEH_TPPU_System-1:0_HydrogenBond_849_InxClass,HydrogenBond,sEH_TPPU_System-1:0,"(1, 0)",sEHFeature284Type,TPPUFeature6Type
3160,sEH_TPPU_System-1:0_HydrogenBond_850_InxClass,HydrogenBond,sEH_TPPU_System-1:0,"(1, 0)",sEHFeature284Type,TPPUFeature7Type
3161,sEH_TPPU_System-1:0_HydrogenBond_851_InxClass,HydrogenBond,sEH_TPPU_System-1:0,"(1, 0)",sEHFeature284Type,TPPUFeature8Type
3162,sEH_TPPU_System-1:0_HydrogenBond_852_InxClass,HydrogenBond,sEH_TPPU_System-1:0,"(1, 0)",sEHFeature285Type,TPPUFeature6Type
3163,sEH_TPPU_System-1:0_HydrogenBond_853_InxClass,HydrogenBond,sEH_TPPU_System-1:0,"(1, 0)",sEHFeature285Type,TPPUFeature7Type
3164,sEH_TPPU_System-1:0_HydrogenBond_854_InxClass,HydrogenBond,sEH_TPPU_System-1:0,"(1, 0)",sEHFeature285Type,TPPUFeature8Type
3165,sEH_TPPU_System-1:0_HydrogenBond_855_InxClass,HydrogenBond,sEH_TPPU_System-1:0,"(1, 0)",sEHFeature286Type,TPPUFeature6Type
3166,sEH_TPPU_System-1:0_HydrogenBond_856_InxClass,HydrogenBond,sEH_TPPU_System-1:0,"(1, 0)",sEHFeature286Type,TPPUFeature7Type
3167,sEH_TPPU_System-1:0_HydrogenBond_857_InxClass,HydrogenBond,sEH_TPPU_System-1:0,"(1, 0)",sEHFeature286Type,TPPUFeature8Type
3168,sEH_TPPU_System-1:0_HydrogenBond_858_InxClass,HydrogenBond,sEH_TPPU_System-1:0,"(1, 0)",sEHFeature287Type,TPPUFeature6Type
3169,sEH_TPPU_System-1:0_HydrogenBond_859_InxClass,HydrogenBond,sEH_TPPU_System-1:0,"(1, 0)",sEHFeature287Type,TPPUFeature7Type
3170,sEH_TPPU_System-1:0_HydrogenBond_860_InxClass,HydrogenBond,sEH_TPPU_System-1:0,"(1, 0)",sEHFeature287Type,TPPUFeature8Type
3171,sEH_TPPU_System-1:0_HydrogenBond_861_InxClass,HydrogenBond,sEH_TPPU_System-1:0,"(1, 0)",sEHFeature288Type,TPPUFeature6Type
3172,sEH_TPPU_System-1:0_HydrogenBond_862_InxClass,HydrogenBond,sEH_TPPU_System-1:0,"(1, 0)",sEHFeature288Type,TPPUFeature7Type
3173,sEH_TPPU_System-1:0_HydrogenBond_863_InxClass,HydrogenBond,sEH_TPPU_System-1:0,"(1, 0)",sEHFeature288Type,TPPUFeature8Type
3174,sEH_TPPU_System-1:0_HydrogenBond_864_InxClass,HydrogenBond,sEH_TPPU_System-1:0,"(1, 0)",sEHFeature289Type,TPPUFeature6Type
3175,sEH_TPPU_System-1:0_HydrogenBond_865_InxClass,HydrogenBond,sEH_TPPU_System-1:0,"(1, 0)",sEHFeature289Type,TPPUFeature7Type
3176,sEH_TPPU_System-1:0_HydrogenBond_866_InxClass,HydrogenBond,sEH_TPPU_System-1:0,"(1, 0)",sEHFeature289Type,TPPUFeature8Type
3177,sEH_TPPU_System-1:0_HydrogenBond_867_InxClass,HydrogenBond,sEH_TPPU_System-1:0,"(1, 0)",sEHFeature290Type,TPPUFeature6Type
3178,sEH_TPPU_System-1:0_HydrogenBond_868_InxClass,HydrogenBond,sEH_TPPU_System-1:0,"(1, 0)",sEHFeature290Type,TPPUFeature7Type
3179,sEH_TPPU_System-1:0_HydrogenBond_869_InxClass,HydrogenBond,sEH_TPPU_System-1:0,"(1, 0)",sEHFeature290Type,TPPUFeature8Type
3180,sEH_TPPU_System-1:0_HydrogenBond_870_InxClass,HydrogenBond,sEH_TPPU_System-1:0,"(1, 0)",sEHFeature291Type,TPPUFeature6Type
3181,sEH_TPPU_System-1:0_HydrogenBond_871_InxClass,HydrogenBond,sEH_TPPU_System-1:0,"(1, 0)",sEHFeature291Type,TPPUFeature7Type
3182,sEH_TPPU_System-1:0_HydrogenBond_872_InxClass,HydrogenBond,sEH_TPPU_System-1:0,"(1, 0)",sEHFeature291Type,TPPUFeature8Type
3183,sEH_TPPU_System-1:0_HydrogenBond_873_InxClass,HydrogenBond,sEH_TPPU_System-1:0,"(1, 0)",sEHFeature292Type,TPPUFeature6Type
3184,sEH_TPPU_System-1:0_HydrogenBond_874_InxClass,HydrogenBond,sEH_TPPU_System-1:0,"(1, 0)",sEHFeature292Type,TPPUFeature7Type
3185,sEH_TPPU_System-1:0_HydrogenBond_875_InxClass,HydrogenBond,sEH_TPPU_System-1:0,"(1, 0)",sEHFeature292Type,TPPUFeature8Type
3186,sEH_TPPU_System-1:0_HydrogenBond_876_InxClass,HydrogenBond,sEH_TPPU_System-1:0,"(1, 0)",sEHFeature293Type,TPPUFeature6Type
3187,sEH_TPPU_System-1:0_HydrogenBond_877_InxClass,HydrogenBond,sEH_TPPU_System-1:0,"(1, 0)",sEHFeature293Type,TPPUFeature7Type
3188,sEH_TPPU_System-1:0_HydrogenBond_878_InxClass,HydrogenBond,sEH_TPPU_System-1:0,"(1, 0)",sEHFeature293Type,TPPUFeature8Type
3189,sEH_TPPU_System-1:0_HydrogenBond_879_InxClass,HydrogenBond,sEH_TPPU_System-1:0,"(1, 0)",sEHFeature294Type,TPPUFeature6Type
3190,sEH_TPPU_System-1:0_HydrogenBond_880_InxClass,HydrogenBond,sEH_TPPU_System-1:0,"(1, 0)",sEHFeature294Type,TPPUFeature7Type
3191,sEH_TPPU_System-1:0_HydrogenBond_881_InxClass,HydrogenBond,sEH_TPPU_System-1:0,"(1, 0)",sEHFeature294Type,TPPUFeature8Type
3192,sEH_TPPU_System-1:0_HydrogenBond_882_InxClass,HydrogenBond,sEH_TPPU_System-1:0,"(1, 0)",sEHFeature295Type,TPPUFeature6Type
3193,sEH_TPPU_System-1:0_HydrogenBond_883_InxClass,HydrogenBond,sEH_TPPU_System-1:0,"(1, 0)",sEHFeature295Type,TPPUFeature7Type
3194,sEH_TPPU_System-1:0_HydrogenBond_884_InxClass,HydrogenBond,sEH_TPPU_System-1:0,"(1, 0)",sEHFeature295Type,TPPUFeature8Type
3195,sEH_TPPU_System-1:0_HydrogenBond_885_InxClass,HydrogenBond,sEH_TPPU_System-1:0,"(1, 0)",sEHFeature296Type,TPPUFeature6Type
3196,sEH_TPPU_System-1:0_HydrogenBond_886_InxClass,HydrogenBond,sEH_TPPU_System-1:0,"(1, 0)",sEHFeature296Type,TPPUFeature7Type
3197,sEH_TPPU_System-1:0_HydrogenBond_887_InxClass,HydrogenBond,sEH_TPPU_System-1:0,"(1, 0)",sEHFeature296Type,TPPUFeature8Type
3198,sEH_TPPU_System-1:0_HydrogenBond_888_InxClass,HydrogenBond,sEH_TPPU_System-1:0,"(1, 0)",sEHFeature297Type,TPPUFeature6Type
3199,sEH_TPPU_System-1:0_HydrogenBond_889_InxClass,HydrogenBond,sEH_TPPU_System-1:0,"(1, 0)",sEHFeature297Type,TPPUFeature7Type
3200,sEH_TPPU_System-1:0_HydrogenBond_890_InxClass,HydrogenBond,sEH_TPPU_System-1:0,"(1, 0)",sEHFeature297Type,TPPUFeature8Type
3201,sEH_TPPU_System-1:0_HydrogenBond_891_InxClass,HydrogenBond,sEH_TPPU_System-1:0,"(1, 0)",sEHFeature298Type,TPPUFeature6Type
3202,sEH_TPPU_System-1:0_HydrogenBond_892_InxClass,HydrogenBond,sEH_TPPU_System-1:0,"(1, 0)",sEHFeature298Type,TPPUFeature7Type
3203,sEH_TPPU_System-1:0_HydrogenBond_893_InxClass,HydrogenBond,sEH_TPPU_System-1:0,"(1, 0)",sEHFeature298Type,TPPUFeature8Type
3204,sEH_TPPU_System-1:0_HydrogenBond_894_InxClass,HydrogenBond,sEH_TPPU_System-1:0,"(1, 0)",sEHFeature299Type,TPPUFeature6Type
3205,sEH_TPPU_System-1:0_HydrogenBond_895_InxClass,HydrogenBond,sEH_TPPU_System-1:0,"(1, 0)",sEHFeature299Type,TPPUFeature7Type
3206,sEH_TPPU_System-1:0_HydrogenBond_896_InxClass,HydrogenBond,sEH_TPPU_System-1:0,"(1, 0)",sEHFeature299Type,TPPUFeature8Type
3207,sEH_TPPU_System-1:0_HydrogenBond_897_InxClass,HydrogenBond,sEH_TPPU_System-1:0,"(1, 0)",sEHFeature300Type,TPPUFeature6Type
3208,sEH_TPPU_System-1:0_HydrogenBond_898_InxClass,HydrogenBond,sEH_TPPU_System-1:0,"(1, 0)",sEHFeature300Type,TPPUFeature7Type
3209,sEH_TPPU_System-1:0_HydrogenBond_899_InxClass,HydrogenBond,sEH_TPPU_System-1:0,"(1, 0)",sEHFeature300Type,TPPUFeature8Type
3210,sEH_TPPU_System-1:0_HydrogenBond_900_InxClass,HydrogenBond,sEH_TPPU_System-1:0,"(1, 0)",sEHFeature301Type,TPPUFeature6Type
3211,sEH_TPPU_System-1:0_HydrogenBond_901_InxClass,HydrogenBond,sEH_TPPU_System-1:0,"(1, 0)",sEHFeature301Type,TPPUFeature7Type
3212,sEH_TPPU_System-1:0_HydrogenBond_902_InxClass,HydrogenBond,sEH_TPPU_System-1:0,"(1, 0)",sEHFeature301Type,TPPUFeature8Type
3213,sEH_TPPU_System-1:0_HydrogenBond_903_InxClass,HydrogenBond,sEH_TPPU_System-1:0,"(1, 0)",sEHFeature302Type,TPPUFeature6Type
3214,sEH_TPPU_System-1:0_HydrogenBond_904_InxClass,HydrogenBond,sEH_TPPU_System-1:0,"(1, 0)",sEHFeature302Type,TPPUFeature7Type
3215,sEH_TPPU_System-1:0_HydrogenBond_905_InxClass,HydrogenBond,sEH_TPPU_System-1:0,"(1, 0)",sEHFeature302Type,TPPUFeature8Type
3216,sEH_TPPU_System-1:0_HydrogenBond_906_InxClass,HydrogenBond,sEH_TPPU_System-1:0,"(1, 0)",sEHFeature303Type,TPPUFeature6Type
3217,sEH_TPPU_System-1:0_HydrogenBond_907_InxClass,HydrogenBond,sEH_TPPU_System-1:0,"(1, 0)",sEHFeature303Type,TPPUFeature7Type
3218,sEH_TPPU_System-1:0_HydrogenBond_908_InxClass,HydrogenBond,sEH_TPPU_System-1:0,"(1, 0)",sEHFeature303Type,TPPUFeature8Type
3219,sEH_TPPU_System-1:0_HydrogenBond_909_InxClass,HydrogenBond,sEH_TPPU_System-1:0,"(1, 0)",sEHFeature304Type,TPPUFeature6Type
3220,sEH_TPPU_System-1:0_HydrogenBond_910_InxClass,HydrogenBond,sEH_TPPU_System-1:0,"(1, 0)",sEHFeature304Type,TPPUFeature7Type
3221,sEH_TPPU_System-1:0_HydrogenBond_911_InxClass,HydrogenBond,sEH_TPPU_System-1:0,"(1, 0)",sEHFeature304Type,TPPUFeature8Type
3222,sEH_TPPU_System-1:0_HydrogenBond_912_InxClass,HydrogenBond,sEH_TPPU_System-1:0,"(1, 0)",sEHFeature305Type,TPPUFeature6Type
3223,sEH_TPPU_System-1:0_HydrogenBond_913_InxClass,HydrogenBond,sEH_TPPU_System-1:0,"(1, 0)",sEHFeature305Type,TPPUFeature7Type
3224,sEH_TPPU_System-1:0_HydrogenBond_914_InxClass,HydrogenBond,sEH_TPPU_System-1:0,"(1, 0)",sEHFeature305Type,TPPUFeature8Type
3225,sEH_TPPU_System-1:0_HydrogenBond_915_InxClass,HydrogenBond,sEH_TPPU_System-1:0,"(1, 0)",sEHFeature306Type,TPPUFeature6Type
3226,sEH_TPPU_System-1:0_HydrogenBond_916_InxClass,HydrogenBond,sEH_TPPU_System-1:0,"(1, 0)",sEHFeature306Type,TPPUFeature7Type
3227,sEH_TPPU_System-1:0_HydrogenBond_917_InxClass,HydrogenBond,sEH_TPPU_System-1:0,"(1, 0)",sEHFeature306Type,TPPUFeature8Type
3228,sEH_TPPU_System-1:0_HydrogenBond_918_InxClass,HydrogenBond,sEH_TPPU_System-1:0,"(1, 0)",sEHFeature307Type,TPPUFeature6Type
3229,sEH_TPPU_System-1:0_HydrogenBond_919_InxClass,HydrogenBond,sEH_TPPU_System-1:0,"(1, 0)",sEHFeature307Type,TPPUFeature7Type
3230,sEH_TPPU_System-1:0_HydrogenBond_920_InxClass,HydrogenBond,sEH_TPPU_System-1:0,"(1, 0)",sEHFeature307Type,TPPUFeature8Type
3231,sEH_TPPU_System-1:0_HydrogenBond_921_InxClass,HydrogenBond,sEH_TPPU_System-1:0,"(1, 0)",sEHFeature308Type,TPPUFeature6Type
3232,sEH_TPPU_System-1:0_HydrogenBond_922_InxClass,HydrogenBond,sEH_TPPU_System-1:0,"(1, 0)",sEHFeature308Type,TPPUFeature7Type
3233,sEH_TPPU_System-1:0_HydrogenBond_923_InxClass,HydrogenBond,sEH_TPPU_System-1:0,"(1, 0)",sEHFeature308Type,TPPUFeature8Type
3234,sEH_TPPU_System-1:0_HydrogenBond_924_InxClass,HydrogenBond,sEH_TPPU_System-1:0,"(1, 0)",sEHFeature309Type,TPPUFeature6Type
3235,sEH_TPPU_System-1:0_HydrogenBond_925_InxClass,HydrogenBond,sEH_TPPU_System-1:0,"(1, 0)",sEHFeature309Type,TPPUFeature7Type
3236,sEH_TPPU_System-1:0_HydrogenBond_926_InxClass,HydrogenBond,sEH_TPPU_System-1:0,"(1, 0)",sEHFeature309Type,TPPUFeature8Type
3237,sEH_TPPU_System-1:0_HydrogenBond_927_InxClass,HydrogenBond,sEH_TPPU_System-1:0,"(1, 0)",sEHFeature310Type,TPPUFeature6Type
3238,sEH_TPPU_System-1:0_HydrogenBond_928_InxClass,HydrogenBond,sEH_TPPU_System-1:0,"(1, 0)",sEHFeature310Type,TPPUFeature7Type
3239,sEH_TPPU_System-1:0_HydrogenBond_929_InxClass,HydrogenBond,sEH_TPPU_System-1:0,"(1, 0)",sEHFeature310Type,TPPUFeature8Type
3240,sEH_TPPU_System-1:0_HydrogenBond_930_InxClass,HydrogenBond,sEH_TPPU_System-1:0,"(1, 0)",sEHFeature311Type,TPPUFeature6Type
3241,sEH_TPPU_System-1:0_HydrogenBond_931_InxClass,HydrogenBond,sEH_TPPU_System-1:0,"(1, 0)",sEHFeature311Type,TPPUFeature7Type
3242,sEH_TPPU_System-1:0_HydrogenBond_932_InxClass,HydrogenBond,sEH_TPPU_System-1:0,"(1, 0)",sEHFeature311Type,TPPUFeature8Type
3243,sEH_TPPU_System-1:0_HydrogenBond_933_InxClass,HydrogenBond,sEH_TPPU_System-1:0,"(1, 0)",sEHFeature312Type,TPPUFeature6Type
3244,sEH_TPPU_System-1:0_HydrogenBond_934_InxClass,HydrogenBond,sEH_TPPU_System-1:0,"(1, 0)",sEHFeature312Type,TPPUFeature7Type
3245,sEH_TPPU_System-1:0_HydrogenBond_935_InxClass,HydrogenBond,sEH_TPPU_System-1:0,"(1, 0)",sEHFeature312Type,TPPUFeature8Type
3246,sEH_TPPU_System-1:0_HydrogenBond_936_InxClass,HydrogenBond,sEH_TPPU_System-1:0,"(1, 0)",sEHFeature313Type,TPPUFeature6Type
3247,sEH_TPPU_System-1:0_HydrogenBond_937_InxClass,HydrogenBond,sEH_TPPU_System-1:0,"(1, 0)",sEHFeature313Type,TPPUFeature7Type
3248,sEH_TPPU_System-1:0_HydrogenBond_938_InxClass,HydrogenBond,sEH_TPPU_System-1:0,"(1, 0)",sEHFeature313Type,TPPUFeature8Type
3249,sEH_TPPU_System-1:0_HydrogenBond_939_InxClass,HydrogenBond,sEH_TPPU_System-1:0,"(1, 0)",sEHFeature314Type,TPPUFeature6Type
3250,sEH_TPPU_System-1:0_HydrogenBond_940_InxClass,HydrogenBond,sEH_TPPU_System-1:0,"(1, 0)",sEHFeature314Type,TPPUFeature7Type
3251,sEH_TPPU_System-1:0_HydrogenBond_941_InxClass,HydrogenBond,sEH_TPPU_System-1:0,"(1, 0)",sEHFeature314Type,TPPUFeature8Type
3252,sEH_TPPU_System-1:0_HydrogenBond_942_InxClass,HydrogenBond,sEH_TPPU_System-1:0,"(1, 0)",sEHFeature315Type,TPPUFeature6Type
3253,sEH_TPPU_System-1:0_HydrogenBond_943_InxClass,HydrogenBond,sEH_TPPU_System-1:0,"(1, 0)",sEHFeature315Type,TPPUFeature7Type
3254,sEH_TPPU_System-1:0_HydrogenBond_944_InxClass,HydrogenBond,sEH_TPPU_System-1:0,"(1, 0)",sEHFeature315Type,TPPUFeature8Type
3255,sEH_TPPU_System-1:0_HydrogenBond_945_InxClass,HydrogenBond,sEH_TPPU_System-1:0,"(1, 0)",sEHFeature316Type,TPPUFeature6Type
3256,sEH_TPPU_System-1:0_HydrogenBond_946_InxClass,HydrogenBond,sEH_TPPU_System-1:0,"(1, 0)",sEHFeature316Type,TPPUFeature7Type
3257,sEH_TPPU_System-1:0_HydrogenBond_947_InxClass,HydrogenBond,sEH_TPPU_System-1:0,"(1, 0)",sEHFeature316Type,TPPUFeature8Type
3258,sEH_TPPU_System-1:0_HydrogenBond_948_InxClass,HydrogenBond,sEH_TPPU_System-1:0,"(1, 0)",sEHFeature317Type,TPPUFeature6Type
3259,sEH_TPPU_System-1:0_HydrogenBond_949_InxClass,HydrogenBond,sEH_TPPU_System-1:0,"(1, 0)",sEHFeature317Type,TPPUFeature7Type
3260,sEH_TPPU_System-1:0_HydrogenBond_950_InxClass,HydrogenBond,sEH_TPPU_System-1:0,"(1, 0)",sEHFeature317Type,TPPUFeature8Type
3261,sEH_TPPU_System-1:0_HydrogenBond_951_InxClass,HydrogenBond,sEH_TPPU_System-1:0,"(1, 0)",sEHFeature318Type,TPPUFeature6Type
3262,sEH_TPPU_System-1:0_HydrogenBond_952_InxClass,HydrogenBond,sEH_TPPU_System-1:0,"(1, 0)",sEHFeature318Type,TPPUFeature7Type
3263,sEH_TPPU_System-1:0_HydrogenBond_953_InxClass,HydrogenBond,sEH_TPPU_System-1:0,"(1, 0)",sEHFeature318Type,TPPUFeature8Type
3264,sEH_TPPU_System-1:0_HydrogenBond_954_InxClass,HydrogenBond,sEH_TPPU_System-1:0,"(1, 0)",sEHFeature319Type,TPPUFeature6Type
3265,sEH_TPPU_System-1:0_HydrogenBond_955_InxClass,HydrogenBond,sEH_TPPU_System-1:0,"(1, 0)",sEHFeature319Type,TPPUFeature7Type
3266,sEH_TPPU_System-1:0_HydrogenBond_956_InxClass,HydrogenBond,sEH_TPPU_System-1:0,"(1, 0)",sEHFeature319Type,TPPUFeature8Type
3267,sEH_TPPU_System-1:0_HydrogenBond_957_InxClass,HydrogenBond,sEH_TPPU_System-1:0,"(1, 0)",sEHFeature320Type,TPPUFeature6Type
3268,sEH_TPPU_System-1:0_HydrogenBond_958_InxClass,HydrogenBond,sEH_TPPU_System-1:0,"(1, 0)",sEHFeature320Type,TPPUFeature7Type
3269,sEH_TPPU_System-1:0_HydrogenBond_959_InxClass,HydrogenBond,sEH_TPPU_System-1:0,"(1, 0)",sEHFeature320Type,TPPUFeature8Type
3270,sEH_TPPU_System-1:0_HydrogenBond_960_InxClass,HydrogenBond,sEH_TPPU_System-1:0,"(1, 0)",sEHFeature321Type,TPPUFeature6Type
3271,sEH_TPPU_System-1:0_HydrogenBond_961_InxClass,HydrogenBond,sEH_TPPU_System-1:0,"(1, 0)",sEHFeature321Type,TPPUFeature7Type
3272,sEH_TPPU_System-1:0_HydrogenBond_962_InxClass,HydrogenBond,sEH_TPPU_System-1:0,"(1, 0)",sEHFeature321Type,TPPUFeature8Type
3273,sEH_TPPU_System-1:0_HydrogenBond_963_InxClass,HydrogenBond,sEH_TPPU_System-1:0,"(1, 0)",sEHFeature322Type,TPPUFeature6Type
3274,sEH_TPPU_System-1:0_HydrogenBond_964_InxClass,HydrogenBond,sEH_TPPU_System-1:0,"(1, 0)",sEHFeature322Type,TPPUFeature7Type
3275,sEH_TPPU_System-1:0_HydrogenBond_965_InxClass,HydrogenBond,sEH_TPPU_System-1:0,"(1, 0)",sEHFeature322Type,TPPUFeature8Type
3276,sEH_TPPU_System-1:0_HydrogenBond_966_InxClass,HydrogenBond,sEH_TPPU_System-1:0,"(1, 0)",sEHFeature323Type,TPPUFeature6Type
3277,sEH_TPPU_System-1:0_HydrogenBond_967_InxClass,HydrogenBond,sEH_TPPU_System-1:0,"(1, 0)",sEHFeature323Type,TPPUFeature7Type
3278,sEH_TPPU_System-1:0_HydrogenBond_968_InxClass,HydrogenBond,sEH_TPPU_System-1:0,"(1, 0)",sEHFeature323Type,TPPUFeature8Type
3279,sEH_TPPU_System-1:0_HydrogenBond_969_InxClass,HydrogenBond,sEH_TPPU_System-1:0,"(1, 0)",sEHFeature324Type,TPPUFeature6Type
3280,sEH_TPPU_System-1:0_HydrogenBond_970_InxClass,HydrogenBond,sEH_TPPU_System-1:0,"(1, 0)",sEHFeature324Type,TPPUFeature7Type
3281,sEH_TPPU_System-1:0_HydrogenBond_971_InxClass,HydrogenBond,sEH_TPPU_System-1:0,"(1, 0)",sEHFeature324Type,TPPUFeature8Type
3282,sEH_TPPU_System-1:0_HydrogenBond_972_InxClass,HydrogenBond,sEH_TPPU_System-1:0,"(1, 0)",sEHFeature325Type,TPPUFeature6Type
3283,sEH_TPPU_System-1:0_HydrogenBond_973_InxClass,HydrogenBond,sEH_TPPU_System-1:0,"(1, 0)",sEHFeature325Type,TPPUFeature7Type
3284,sEH_TPPU_System-1:0_HydrogenBond_974_InxClass,HydrogenBond,sEH_TPPU_System-1:0,"(1, 0)",sEHFeature325Type,TPPUFeature8Type
3285,sEH_TPPU_System-1:0_HydrogenBond_975_InxClass,HydrogenBond,sEH_TPPU_System-1:0,"(1, 0)",sEHFeature326Type,TPPUFeature6Type
3286,sEH_TPPU_System-1:0_HydrogenBond_976_InxClass,HydrogenBond,sEH_TPPU_System-1:0,"(1, 0)",sEHFeature326Type,TPPUFeature7Type
3287,sEH_TPPU_System-1:0_HydrogenBond_977_InxClass,HydrogenBond,sEH_TPPU_System-1:0,"(1, 0)",sEHFeature326Type,TPPUFeature8Type
3288,sEH_TPPU_System-1:0_HydrogenBond_978_InxClass,HydrogenBond,sEH_TPPU_System-1:0,"(1, 0)",sEHFeature327Type,TPPUFeature6Type
3289,sEH_TPPU_System-1:0_HydrogenBond_979_InxClass,HydrogenBond,sEH_TPPU_System-1:0,"(1, 0)",sEHFeature327Type,TPPUFeature7Type
3290,sEH_TPPU_System-1:0_HydrogenBond_980_InxClass,HydrogenBond,sEH_TPPU_System-1:0,"(1, 0)",sEHFeature327Type,TPPUFeature8Type
3291,sEH_TPPU_System-1:0_HydrogenBond_981_InxClass,HydrogenBond,sEH_TPPU_System-1:0,"(1, 0)",sEHFeature328Type,TPPUFeature6Type
3292,sEH_TPPU_System-1:0_HydrogenBond_982_InxClass,HydrogenBond,sEH_TPPU_System-1:0,"(1, 0)",sEHFeature328Type,TPPUFeature7Type
3293,sEH_TPPU_System-1:0_HydrogenBond_983_InxClass,HydrogenBond,sEH_TPPU_System-1:0,"(1, 0)",sEHFeature328Type,TPPUFeature8Type
3294,sEH_TPPU_System-1:0_HydrogenBond_984_InxClass,HydrogenBond,sEH_TPPU_System-1:0,"(1, 0)",sEHFeature329Type,TPPUFeature6Type
3295,sEH_TPPU_System-1:0_HydrogenBond_985_InxClass,HydrogenBond,sEH_TPPU_System-1:0,"(1, 0)",sEHFeature329Type,TPPUFeature7Type
3296,sEH_TPPU_System-1:0_HydrogenBond_986_InxClass,HydrogenBond,sEH_TPPU_System-1:0,"(1, 0)",sEHFeature329Type,TPPUFeature8Type
3297,sEH_TPPU_System-1:0_HydrogenBond_987_InxClass,HydrogenBond,sEH_TPPU_System-1:0,"(1, 0)",sEHFeature330Type,TPPUFeature6Type
3298,sEH_TPPU_System-1:0_HydrogenBond_988_InxClass,HydrogenBond,sEH_TPPU_System-1:0,"(1, 0)",sEHFeature330Type,TPPUFeature7Type
3299,sEH_TPPU_System-1:0_HydrogenBond_989_InxClass,HydrogenBond,sEH_TPPU_System-1:0,"(1, 0)",sEHFeature330Type,TPPUFeature8Type
3300,sEH_TPPU_System-1:0_HydrogenBond_990_InxClass,HydrogenBond,sEH_TPPU_System-1:0,"(1, 0)",sEHFeature331Type,TPPUFeature6Type
3301,sEH_TPPU_System-1:0_HydrogenBond_991_InxClass,HydrogenBond,sEH_TPPU_System-1:0,"(1, 0)",sEHFeature331Type,TPPUFeature7Type
3302,sEH_TPPU_System-1:0_HydrogenBond_992_InxClass,HydrogenBond,sEH_TPPU_System-1:0,"(1, 0)",sEHFeature331Type,TPPUFeature8Type
3303,sEH_TPPU_System-1:0_HydrogenBond_993_InxClass,HydrogenBond,sEH_TPPU_System-1:0,"(1, 0)",sEHFeature332Type,TPPUFeature6Type
3304,sEH_TPPU_System-1:0_HydrogenBond_994_InxClass,HydrogenBond,sEH_TPPU_System-1:0,"(1, 0)",sEHFeature332Type,TPPUFeature7Type
3305,sEH_TPPU_System-1:0_HydrogenBond_995_InxClass,HydrogenBond,sEH_TPPU_System-1:0,"(1, 0)",sEHFeature332Type,TPPUFeature8Type
3306,sEH_TPPU_System-1:0_HydrogenBond_996_InxClass,HydrogenBond,sEH_TPPU_System-1:0,"(1, 0)",sEHFeature333Type,TPPUFeature6Type
3307,sEH_TPPU_System-1:0_HydrogenBond_997_InxClass,HydrogenBond,sEH_TPPU_System-1:0,"(1, 0)",sEHFeature333Type,TPPUFeature7Type
3308,sEH_TPPU_System-1:0_HydrogenBond_998_InxClass,HydrogenBond,sEH_TPPU_System-1:0,"(1, 0)",sEHFeature333Type,TPPUFeature8Type
3309,sEH_TPPU_System-1:0_HydrogenBond_999_InxClass,HydrogenBond,sEH_TPPU_System-1:0,"(1, 0)",sEHFeature334Type,TPPUFeature6Type
3310,sEH_TPPU_System-1:0_HydrogenBond_1000_InxClass,HydrogenBond,sEH_TPPU_System-1:0,"(1, 0)",sEHFeature334Type,TPPUFeature7Type
3311,sEH_TPPU_System-1:0_HydrogenBond_1001_InxClass,HydrogenBond,sEH_TPPU_System-1:0,"(1, 0)",sEHFeature334Type,TPPUFeature8Type
3312,sEH_TPPU_System-1:0_HydrogenBond_1002_InxClass,HydrogenBond,sEH_TPPU_System-1:0,"(1, 0)",sEHFeature335Type,TPPUFeature6Type
3313,sEH_TPPU_System-1:0_HydrogenBond_1003_InxClass,HydrogenBond,sEH_TPPU_System-1:0,"(1, 0)",sEHFeature335Type,TPPUFeature7Type
3314,sEH_TPPU_System-1:0_HydrogenBond_1004_InxClass,HydrogenBond,sEH_TPPU_System-1:0,"(1, 0)",sEHFeature335Type,TPPUFeature8Type
3315,sEH_TPPU_System-1:0_HydrogenBond_1005_InxClass,HydrogenBond,sEH_TPPU_System-1:0,"(1, 0)",sEHFeature336Type,TPPUFeature6Type
3316,sEH_TPPU_System-1:0_HydrogenBond_1006_InxClass,HydrogenBond,sEH_TPPU_System-1:0,"(1, 0)",sEHFeature336Type,TPPUFeature7Type
3317,sEH_TPPU_System-1:0_HydrogenBond_1007_InxClass,HydrogenBond,sEH_TPPU_System-1:0,"(1, 0)",sEHFeature336Type,TPPUFeature8Type
3318,sEH_TPPU_System-1:0_HydrogenBond_1008_InxClass,HydrogenBond,sEH_TPPU_System-1:0,"(1, 0)",sEHFeature337Type,TPPUFeature6Type
3319,sEH_TPPU_System-1:0_HydrogenBond_1009_InxClass,HydrogenBond,sEH_TPPU_System-1:0,"(1, 0)",sEHFeature337Type,TPPUFeature7Type
3320,sEH_TPPU_System-1:0_HydrogenBond_1010_InxClass,HydrogenBond,sEH_TPPU_System-1:0,"(1, 0)",sEHFeature337Type,TPPUFeature8Type
3321,sEH_TPPU_System-1:0_HydrogenBond_1011_InxClass,HydrogenBond,sEH_TPPU_System-1:0,"(1, 0)",sEHFeature338Type,TPPUFeature6Type
3322,sEH_TPPU_System-1:0_HydrogenBond_1012_InxClass,HydrogenBond,sEH_TPPU_System-1:0,"(1, 0)",sEHFeature338Type,TPPUFeature7Type
3323,sEH_TPPU_System-1:0_HydrogenBond_1013_InxClass,HydrogenBond,sEH_TPPU_System-1:0,"(1, 0)",sEHFeature338Type,TPPUFeature8Type
3324,sEH_TPPU_System-1:0_HydrogenBond_1014_InxClass,HydrogenBond,sEH_TPPU_System-1:0,"(1, 0)",sEHFeature339Type,TPPUFeature6Type
3325,sEH_TPPU_System-1:0_HydrogenBond_1015_InxClass,HydrogenBond,sEH_TPPU_System-1:0,"(1, 0)",sEHFeature339Type,TPPUFeature7Type
3326,sEH_TPPU_System-1:0_HydrogenBond_1016_InxClass,HydrogenBond,sEH_TPPU_System-1:0,"(1, 0)",sEHFeature339Type,TPPUFeature8Type
3327,sEH_TPPU_System-1:0_HydrogenBond_1017_InxClass,HydrogenBond,sEH_TPPU_System-1:0,"(1, 0)",sEHFeature340Type,TPPUFeature6Type
3328,sEH_TPPU_System-1:0_HydrogenBond_1018_InxClass,HydrogenBond,sEH_TPPU_System-1:0,"(1, 0)",sEHFeature340Type,TPPUFeature7Type
3329,sEH_TPPU_System-1:0_HydrogenBond_1019_InxClass,HydrogenBond,sEH_TPPU_System-1:0,"(1, 0)",sEHFeature340Type,TPPUFeature8Type
3330,sEH_TPPU_System-1:0_HydrogenBond_1020_InxClass,HydrogenBond,sEH_TPPU_System-1:0,"(1, 0)",sEHFeature341Type,TPPUFeature6Type
3331,sEH_TPPU_System-1:0_HydrogenBond_1021_InxClass,HydrogenBond,sEH_TPPU_System-1:0,"(1, 0)",sEHFeature341Type,TPPUFeature7Type
3332,sEH_TPPU_System-1:0_HydrogenBond_1022_InxClass,HydrogenBond,sEH_TPPU_System-1:0,"(1, 0)",sEHFeature341Type,TPPUFeature8Type
3333,sEH_TPPU_System-1:0_HydrogenBond_1023_InxClass,HydrogenBond,sEH_TPPU_System-1:0,"(1, 0)",sEHFeature342Type,TPPUFeature6Type
3334,sEH_TPPU_System-1:0_HydrogenBond_1024_InxClass,HydrogenBond,sEH_TPPU_System-1:0,"(1, 0)",sEHFeature342Type,TPPUFeature7Type
3335,sEH_TPPU_System-1:0_HydrogenBond_1025_InxClass,HydrogenBond,sEH_TPPU_System-1:0,"(1, 0)",sEHFeature342Type,TPPUFeature8Type
3336,sEH_TPPU_System-1:0_HydrogenBond_1026_InxClass,HydrogenBond,sEH_TPPU_System-1:0,"(1, 0)",sEHFeature343Type,TPPUFeature6Type
3337,sEH_TPPU_System-1:0_HydrogenBond_1027_InxClass,HydrogenBond,sEH_TPPU_System-1:0,"(1, 0)",sEHFeature343Type,TPPUFeature7Type
3338,sEH_TPPU_System-1:0_HydrogenBond_1028_InxClass,HydrogenBond,sEH_TPPU_System-1:0,"(1, 0)",sEHFeature343Type,TPPUFeature8Type
3339,sEH_TPPU_System-1:0_HydrogenBond_1029_InxClass,HydrogenBond,sEH_TPPU_System-1:0,"(1, 0)",sEHFeature344Type,TPPUFeature6Type
3340,sEH_TPPU_System-1:0_HydrogenBond_1030_InxClass,HydrogenBond,sEH_TPPU_System-1:0,"(1, 0)",sEHFeature344Type,TPPUFeature7Type
3341,sEH_TPPU_System-1:0_HydrogenBond_1031_InxClass,HydrogenBond,sEH_TPPU_System-1:0,"(1, 0)",sEHFeature344Type,TPPUFeature8Type
3342,sEH_TPPU_System-1:0_HydrogenBond_1032_InxClass,HydrogenBond,sEH_TPPU_System-1:0,"(1, 0)",sEHFeature345Type,TPPUFeature6Type
3343,sEH_TPPU_System-1:0_HydrogenBond_1033_InxClass,HydrogenBond,sEH_TPPU_System-1:0,"(1, 0)",sEHFeature345Type,TPPUFeature7Type
3344,sEH_TPPU_System-1:0_HydrogenBond_1034_InxClass,HydrogenBond,sEH_TPPU_System-1:0,"(1, 0)",sEHFeature345Type,TPPUFeature8Type
3345,sEH_TPPU_System-1:0_HydrogenBond_1035_InxClass,HydrogenBond,sEH_TPPU_System-1:0,"(1, 0)",sEHFeature346Type,TPPUFeature6Type
3346,sEH_TPPU_System-1:0_HydrogenBond_1036_InxClass,HydrogenBond,sEH_TPPU_System-1:0,"(1, 0)",sEHFeature346Type,TPPUFeature7Type
3347,sEH_TPPU_System-1:0_HydrogenBond_1037_InxClass,HydrogenBond,sEH_TPPU_System-1:0,"(1, 0)",sEHFeature346Type,TPPUFeature8Type
3348,sEH_TPPU_System-1:0_HydrogenBond_1038_InxClass,HydrogenBond,sEH_TPPU_System-1:0,"(1, 0)",sEHFeature347Type,TPPUFeature6Type
3349,sEH_TPPU_System-1:0_HydrogenBond_1039_InxClass,HydrogenBond,sEH_TPPU_System-1:0,"(1, 0)",sEHFeature347Type,TPPUFeature7Type
3350,sEH_TPPU_System-1:0_HydrogenBond_1040_InxClass,HydrogenBond,sEH_TPPU_System-1:0,"(1, 0)",sEHFeature347Type,TPPUFeature8Type
3351,sEH_TPPU_System-1:0_HydrogenBond_1041_InxClass,HydrogenBond,sEH_TPPU_System-1:0,"(1, 0)",sEHFeature348Type,TPPUFeature6Type
3352,sEH_TPPU_System-1:0_HydrogenBond_1042_InxClass,HydrogenBond,sEH_TPPU_System-1:0,"(1, 0)",sEHFeature348Type,TPPUFeature7Type
3353,sEH_TPPU_System-1:0_HydrogenBond_1043_InxClass,HydrogenBond,sEH_TPPU_System-1:0,"(1, 0)",sEHFeature348Type,TPPUFeature8Type
3354,sEH_TPPU_System-1:0_HydrogenBond_1044_InxClass,HydrogenBond,sEH_TPPU_System-1:0,"(1, 0)",sEHFeature349Type,TPPUFeature6Type
3355,sEH_TPPU_System-1:0_HydrogenBond_1045_InxClass,HydrogenBond,sEH_TPPU_System-1:0,"(1, 0)",sEHFeature349Type,TPPUFeature7Type
3356,sEH_TPPU_System-1:0_HydrogenBond_1046_InxClass,HydrogenBond,sEH_TPPU_System-1:0,"(1, 0)",sEHFeature349Type,TPPUFeature8Type
3357,sEH_TPPU_System-1:0_HydrogenBond_1047_InxClass,HydrogenBond,sEH_TPPU_System-1:0,"(1, 0)",sEHFeature350Type,TPPUFeature6Type
3358,sEH_TPPU_System-1:0_HydrogenBond_1048_InxClass,HydrogenBond,sEH_TPPU_System-1:0,"(1, 0)",sEHFeature350Type,TPPUFeature7Type
3359,sEH_TPPU_System-1:0_HydrogenBond_1049_InxClass,HydrogenBond,sEH_TPPU_System-1:0,"(1, 0)",sEHFeature350Type,TPPUFeature8Type
3360,sEH_TPPU_System-1:0_HydrogenBond_1050_InxClass,HydrogenBond,sEH_TPPU_System-1:0,"(1, 0)",sEHFeature351Type,TPPUFeature6Type
3361,sEH_TPPU_System-1:0_HydrogenBond_1051_InxClass,HydrogenBond,sEH_TPPU_System-1:0,"(1, 0)",sEHFeature351Type,TPPUFeature7Type
3362,sEH_TPPU_System-1:0_HydrogenBond_1052_InxClass,HydrogenBond,sEH_TPPU_System-1:0,"(1, 0)",sEHFeature351Type,TPPUFeature8Type
3363,sEH_TPPU_System-1:0_HydrogenBond_1053_InxClass,HydrogenBond,sEH_TPPU_System-1:0,"(1, 0)",sEHFeature352Type,TPPUFeature6Type
3364,sEH_TPPU_System-1:0_HydrogenBond_1054_InxClass,HydrogenBond,sEH_TPPU_System-1:0,"(1, 0)",sEHFeature352Type,TPPUFeature7Type
3365,sEH_TPPU_System-1:0_HydrogenBond_1055_InxClass,HydrogenBond,sEH_TPPU_System-1:0,"(1, 0)",sEHFeature352Type,TPPUFeature8Type
3366,sEH_TPPU_System-1:0_HydrogenBond_1056_InxClass,HydrogenBond,sEH_TPPU_System-1:0,"(1, 0)",sEHFeature353Type,TPPUFeature6Type
3367,sEH_TPPU_System-1:0_HydrogenBond_1057_InxClass,HydrogenBond,sEH_TPPU_System-1:0,"(1, 0)",sEHFeature353Type,TPPUFeature7Type
3368,sEH_TPPU_System-1:0_HydrogenBond_1058_InxClass,HydrogenBond,sEH_TPPU_System-1:0,"(1, 0)",sEHFeature353Type,TPPUFeature8Type
3369,sEH_TPPU_System-1:0_HydrogenBond_1059_InxClass,HydrogenBond,sEH_TPPU_System-1:0,"(1, 0)",sEHFeature354Type,TPPUFeature6Type
3370,sEH_TPPU_System-1:0_HydrogenBond_1060_InxClass,HydrogenBond,sEH_TPPU_System-1:0,"(1, 0)",sEHFeature354Type,TPPUFeature7Type
3371,sEH_TPPU_System-1:0_HydrogenBond_1061_InxClass,HydrogenBond,sEH_TPPU_System-1:0,"(1, 0)",sEHFeature354Type,TPPUFeature8Type
3372,sEH_TPPU_System-1:0_HydrogenBond_1062_InxClass,HydrogenBond,sEH_TPPU_System-1:0,"(1, 0)",sEHFeature355Type,TPPUFeature6Type
3373,sEH_TPPU_System-1:0_HydrogenBond_1063_InxClass,HydrogenBond,sEH_TPPU_System-1:0,"(1, 0)",sEHFeature355Type,TPPUFeature7Type
3374,sEH_TPPU_System-1:0_HydrogenBond_1064_InxClass,HydrogenBond,sEH_TPPU_System-1:0,"(1, 0)",sEHFeature355Type,TPPUFeature8Type
3375,sEH_TPPU_System-1:0_HydrogenBond_1065_InxClass,HydrogenBond,sEH_TPPU_System-1:0,"(1, 0)",sEHFeature356Type,TPPUFeature6Type
3376,sEH_TPPU_System-1:0_HydrogenBond_1066_InxClass,HydrogenBond,sEH_TPPU_System-1:0,"(1, 0)",sEHFeature356Type,TPPUFeature7Type
3377,sEH_TPPU_System-1:0_HydrogenBond_1067_InxClass,HydrogenBond,sEH_TPPU_System-1:0,"(1, 0)",sEHFeature356Type,TPPUFeature8Type
3378,sEH_TPPU_System-1:0_HydrogenBond_1068_InxClass,HydrogenBond,sEH_TPPU_System-1:0,"(1, 0)",sEHFeature357Type,TPPUFeature6Type
3379,sEH_TPPU_System-1:0_HydrogenBond_1069_InxClass,HydrogenBond,sEH_TPPU_System-1:0,"(1, 0)",sEHFeature357Type,TPPUFeature7Type
3380,sEH_TPPU_System-1:0_HydrogenBond_1070_InxClass,HydrogenBond,sEH_TPPU_System-1:0,"(1, 0)",sEHFeature357Type,TPPUFeature8Type
3381,sEH_TPPU_System-1:0_HydrogenBond_1071_InxClass,HydrogenBond,sEH_TPPU_System-1:0,"(1, 0)",sEHFeature358Type,TPPUFeature6Type
3382,sEH_TPPU_System-1:0_HydrogenBond_1072_InxClass,HydrogenBond,sEH_TPPU_System-1:0,"(1, 0)",sEHFeature358Type,TPPUFeature7Type
3383,sEH_TPPU_System-1:0_HydrogenBond_1073_InxClass,HydrogenBond,sEH_TPPU_System-1:0,"(1, 0)",sEHFeature358Type,TPPUFeature8Type
3384,sEH_TPPU_System-1:0_HydrogenBond_1074_InxClass,HydrogenBond,sEH_TPPU_System-1:0,"(1, 0)",sEHFeature359Type,TPPUFeature6Type
3385,sEH_TPPU_System-1:0_HydrogenBond_1075_InxClass,HydrogenBond,sEH_TPPU_System-1:0,"(1, 0)",sEHFeature359Type,TPPUFeature7Type
3386,sEH_TPPU_System-1:0_HydrogenBond_1076_InxClass,HydrogenBond,sEH_TPPU_System-1:0,"(1, 0)",sEHFeature359Type,TPPUFeature8Type
3387,sEH_TPPU_System-1:0_HydrogenBond_1077_InxClass,HydrogenBond,sEH_TPPU_System-1:0,"(1, 0)",sEHFeature360Type,TPPUFeature6Type
3388,sEH_TPPU_System-1:0_HydrogenBond_1078_InxClass,HydrogenBond,sEH_TPPU_System-1:0,"(1, 0)",sEHFeature360Type,TPPUFeature7Type
3389,sEH_TPPU_System-1:0_HydrogenBond_1079_InxClass,HydrogenBond,sEH_TPPU_System-1:0,"(1, 0)",sEHFeature360Type,TPPUFeature8Type
3390,sEH_TPPU_System-1:0_HydrogenBond_1080_InxClass,HydrogenBond,sEH_TPPU_System-1:0,"(1, 0)",sEHFeature361Type,TPPUFeature6Type
3391,sEH_TPPU_System-1:0_HydrogenBond_1081_InxClass,HydrogenBond,sEH_TPPU_System-1:0,"(1, 0)",sEHFeature361Type,TPPUFeature7Type
3392,sEH_TPPU_System-1:0_HydrogenBond_1082_InxClass,HydrogenBond,sEH_TPPU_System-1:0,"(1, 0)",sEHFeature361Type,TPPUFeature8Type
3393,sEH_TPPU_System-1:0_HydrogenBond_1083_InxClass,HydrogenBond,sEH_TPPU_System-1:0,"(1, 0)",sEHFeature362Type,TPPUFeature6Type
3394,sEH_TPPU_System-1:0_HydrogenBond_1084_InxClass,HydrogenBond,sEH_TPPU_System-1:0,"(1, 0)",sEHFeature362Type,TPPUFeature7Type
3395,sEH_TPPU_System-1:0_HydrogenBond_1085_InxClass,HydrogenBond,sEH_TPPU_System-1:0,"(1, 0)",sEHFeature362Type,TPPUFeature8Type
3396,sEH_TPPU_System-1:0_HydrogenBond_1086_InxClass,HydrogenBond,sEH_TPPU_System-1:0,"(1, 0)",sEHFeature363Type,TPPUFeature6Type
3397,sEH_TPPU_System-1:0_HydrogenBond_1087_InxClass,HydrogenBond,sEH_TPPU_System-1:0,"(1, 0)",sEHFeature363Type,TPPUFeature7Type
3398,sEH_TPPU_System-1:0_HydrogenBond_1088_InxClass,HydrogenBond,sEH_TPPU_System-1:0,"(1, 0)",sEHFeature363Type,TPPUFeature8Type
3399,sEH_TPPU_System-1:0_HydrogenBond_1089_InxClass,HydrogenBond,sEH_TPPU_System-1:0,"(1, 0)",sEHFeature364Type,TPPUFeature6Type
3400,sEH_TPPU_System-1:0_HydrogenBond_1090_InxClass,HydrogenBond,sEH_TPPU_System-1:0,"(1, 0)",sEHFeature364Type,TPPUFeature7Type
3401,sEH_TPPU_System-1:0_HydrogenBond_1091_InxClass,HydrogenBond,sEH_TPPU_System-1:0,"(1, 0)",sEHFeature364Type,TPPUFeature8Type
3402,sEH_TPPU_System-1:0_HydrogenBond_1092_InxClass,HydrogenBond,sEH_TPPU_System-1:0,"(1, 0)",sEHFeature365Type,TPPUFeature6Type
3403,sEH_TPPU_System-1:0_HydrogenBond_1093_InxClass,HydrogenBond,sEH_TPPU_System-1:0,"(1, 0)",sEHFeature365Type,TPPUFeature7Type
3404,sEH_TPPU_System-1:0_HydrogenBond_1094_InxClass,HydrogenBond,sEH_TPPU_System-1:0,"(1, 0)",sEHFeature365Type,TPPUFeature8Type
3405,sEH_TPPU_System-1:0_HydrogenBond_1095_InxClass,HydrogenBond,sEH_TPPU_System-1:0,"(1, 0)",sEHFeature366Type,TPPUFeature6Type
3406,sEH_TPPU_System-1:0_HydrogenBond_1096_InxClass,HydrogenBond,sEH_TPPU_System-1:0,"(1, 0)",sEHFeature366Type,TPPUFeature7Type
3407,sEH_TPPU_System-1:0_HydrogenBond_1097_InxClass,HydrogenBond,sEH_TPPU_System-1:0,"(1, 0)",sEHFeature366Type,TPPUFeature8Type
3408,sEH_TPPU_System-1:0_HydrogenBond_1098_InxClass,HydrogenBond,sEH_TPPU_System-1:0,"(1, 0)",sEHFeature367Type,TPPUFeature6Type
3409,sEH_TPPU_System-1:0_HydrogenBond_1099_InxClass,HydrogenBond,sEH_TPPU_System-1:0,"(1, 0)",sEHFeature367Type,TPPUFeature7Type
3410,sEH_TPPU_System-1:0_HydrogenBond_1100_InxClass,HydrogenBond,sEH_TPPU_System-1:0,"(1, 0)",sEHFeature367Type,TPPUFeature8Type
3411,sEH_TPPU_System-1:0_HydrogenBond_1101_InxClass,HydrogenBond,sEH_TPPU_System-1:0,"(1, 0)",sEHFeature368Type,TPPUFeature6Type
3412,sEH_TPPU_System-1:0_HydrogenBond_1102_InxClass,HydrogenBond,sEH_TPPU_System-1:0,"(1, 0)",sEHFeature368Type,TPPUFeature7Type
3413,sEH_TPPU_System-1:0_HydrogenBond_1103_InxClass,HydrogenBond,sEH_TPPU_System-1:0,"(1, 0)",sEHFeature368Type,TPPUFeature8Type
3414,sEH_TPPU_System-1:0_HydrogenBond_1104_InxClass,HydrogenBond,sEH_TPPU_System-1:0,"(1, 0)",sEHFeature369Type,TPPUFeature6Type
3415,sEH_TPPU_System-1:0_HydrogenBond_1105_InxClass,HydrogenBond,sEH_TPPU_System-1:0,"(1, 0)",sEHFeature369Type,TPPUFeature7Type
3416,sEH_TPPU_System-1:0_HydrogenBond_1106_InxClass,HydrogenBond,sEH_TPPU_System-1:0,"(1, 0)",sEHFeature369Type,TPPUFeature8Type
3417,sEH_TPPU_System-1:0_HydrogenBond_1107_InxClass,HydrogenBond,sEH_TPPU_System-1:0,"(1, 0)",sEHFeature370Type,TPPUFeature6Type
3418,sEH_TPPU_System-1:0_HydrogenBond_1108_InxClass,HydrogenBond,sEH_TPPU_System-1:0,"(1, 0)",sEHFeature370Type,TPPUFeature7Type
3419,sEH_TPPU_System-1:0_HydrogenBond_1109_InxClass,HydrogenBond,sEH_TPPU_System-1:0,"(1, 0)",sEHFeature370Type,TPPUFeature8Type
3420,sEH_TPPU_System-1:0_HydrogenBond_1110_InxClass,HydrogenBond,sEH_TPPU_System-1:0,"(1, 0)",sEHFeature371Type,TPPUFeature6Type
3421,sEH_TPPU_System-1:0_HydrogenBond_1111_InxClass,HydrogenBond,sEH_TPPU_System-1:0,"(1, 0)",sEHFeature371Type,TPPUFeature7Type
3422,sEH_TPPU_System-1:0_HydrogenBond_1112_InxClass,HydrogenBond,sEH_TPPU_System-1:0,"(1, 0)",sEHFeature371Type,TPPUFeature8Type
3423,sEH_TPPU_System-1:0_HydrogenBond_1113_InxClass,HydrogenBond,sEH_TPPU_System-1:0,"(1, 0)",sEHFeature372Type,TPPUFeature6Type
3424,sEH_TPPU_System-1:0_HydrogenBond_1114_InxClass,HydrogenBond,sEH_TPPU_System-1:0,"(1, 0)",sEHFeature372Type,TPPUFeature7Type
3425,sEH_TPPU_System-1:0_HydrogenBond_1115_InxClass,HydrogenBond,sEH_TPPU_System-1:0,"(1, 0)",sEHFeature372Type,TPPUFeature8Type
3426,sEH_TPPU_System-1:0_HydrogenBond_1116_InxClass,HydrogenBond,sEH_TPPU_System-1:0,"(1, 0)",sEHFeature373Type,TPPUFeature6Type
3427,sEH_TPPU_System-1:0_HydrogenBond_1117_InxClass,HydrogenBond,sEH_TPPU_System-1:0,"(1, 0)",sEHFeature373Type,TPPUFeature7Type
3428,sEH_TPPU_System-1:0_HydrogenBond_1118_InxClass,HydrogenBond,sEH_TPPU_System-1:0,"(1, 0)",sEHFeature373Type,TPPUFeature8Type
3429,sEH_TPPU_System-1:0_HydrogenBond_1119_InxClass,HydrogenBond,sEH_TPPU_System-1:0,"(1, 0)",sEHFeature374Type,TPPUFeature6Type
3430,sEH_TPPU_System-1:0_HydrogenBond_1120_InxClass,HydrogenBond,sEH_TPPU_System-1:0,"(1, 0)",sEHFeature374Type,TPPUFeature7Type
3431,sEH_TPPU_System-1:0_HydrogenBond_1121_InxClass,HydrogenBond,sEH_TPPU_System-1:0,"(1, 0)",sEHFeature374Type,TPPUFeature8Type
3432,sEH_TPPU_System-1:0_HydrogenBond_1122_InxClass,HydrogenBond,sEH_TPPU_System-1:0,"(1, 0)",sEHFeature375Type,TPPUFeature6Type
3433,sEH_TPPU_System-1:0_HydrogenBond_1123_InxClass,HydrogenBond,sEH_TPPU_System-1:0,"(1, 0)",sEHFeature375Type,TPPUFeature7Type
3434,sEH_TPPU_System-1:0_HydrogenBond_1124_InxClass,HydrogenBond,sEH_TPPU_System-1:0,"(1, 0)",sEHFeature375Type,TPPUFeature8Type
3435,sEH_TPPU_System-1:0_HydrogenBond_1125_InxClass,HydrogenBond,sEH_TPPU_System-1:0,"(1, 0)",sEHFeature376Type,TPPUFeature6Type
3436,sEH_TPPU_System-1:0_HydrogenBond_1126_InxClass,HydrogenBond,sEH_TPPU_System-1:0,"(1, 0)",sEHFeature376Type,TPPUFeature7Type
3437,sEH_TPPU_System-1:0_HydrogenBond_1127_InxClass,HydrogenBond,sEH_TPPU_System-1:0,"(1, 0)",sEHFeature376Type,TPPUFeature8Type
3438,sEH_TPPU_System-1:0_HydrogenBond_1128_InxClass,HydrogenBond,sEH_TPPU_System-1:0,"(1, 0)",sEHFeature377Type,TPPUFeature6Type
3439,sEH_TPPU_System-1:0_HydrogenBond_1129_InxClass,HydrogenBond,sEH_TPPU_System-1:0,"(1, 0)",sEHFeature377Type,TPPUFeature7Type
3440,sEH_TPPU_System-1:0_HydrogenBond_1130_InxClass,HydrogenBond,sEH_TPPU_System-1:0,"(1, 0)",sEHFeature377Type,TPPUFeature8Type
3441,sEH_TPPU_System-1:0_HydrogenBond_1131_InxClass,HydrogenBond,sEH_TPPU_System-1:0,"(1, 0)",sEHFeature378Type,TPPUFeature6Type
3442,sEH_TPPU_System-1:0_HydrogenBond_1132_InxClass,HydrogenBond,sEH_TPPU_System-1:0,"(1, 0)",sEHFeature378Type,TPPUFeature7Type
3443,sEH_TPPU_System-1:0_HydrogenBond_1133_InxClass,HydrogenBond,sEH_TPPU_System-1:0,"(1, 0)",sEHFeature378Type,TPPUFeature8Type
3444,sEH_TPPU_System-1:0_HydrogenBond_1134_InxClass,HydrogenBond,sEH_TPPU_System-1:0,"(1, 0)",sEHFeature379Type,TPPUFeature6Type
3445,sEH_TPPU_System-1:0_HydrogenBond_1135_InxClass,HydrogenBond,sEH_TPPU_System-1:0,"(1, 0)",sEHFeature379Type,TPPUFeature7Type
3446,sEH_TPPU_System-1:0_HydrogenBond_1136_InxClass,HydrogenBond,sEH_TPPU_System-1:0,"(1, 0)",sEHFeature379Type,TPPUFeature8Type
3447,sEH_TPPU_System-1:0_HydrogenBond_1137_InxClass,HydrogenBond,sEH_TPPU_System-1:0,"(1, 0)",sEHFeature380Type,TPPUFeature6Type
3448,sEH_TPPU_System-1:0_HydrogenBond_1138_InxClass,HydrogenBond,sEH_TPPU_System-1:0,"(1, 0)",sEHFeature380Type,TPPUFeature7Type
3449,sEH_TPPU_System-1:0_HydrogenBond_1139_InxClass,HydrogenBond,sEH_TPPU_System-1:0,"(1, 0)",sEHFeature380Type,TPPUFeature8Type
3450,sEH_TPPU_System-1:0_HydrogenBond_1140_InxClass,HydrogenBond,sEH_TPPU_System-1:0,"(1, 0)",sEHFeature381Type,TPPUFeature6Type
3451,sEH_TPPU_System-1:0_HydrogenBond_1141_InxClass,HydrogenBond,sEH_TPPU_System-1:0,"(1, 0)",sEHFeature381Type,TPPUFeature7Type
3452,sEH_TPPU_System-1:0_HydrogenBond_1142_InxClass,HydrogenBond,sEH_TPPU_System-1:0,"(1, 0)",sEHFeature381Type,TPPUFeature8Type
3453,sEH_TPPU_System-1:0_HydrogenBond_1143_InxClass,HydrogenBond,sEH_TPPU_System-1:0,"(1, 0)",sEHFeature382Type,TPPUFeature6Type
3454,sEH_TPPU_System-1:0_HydrogenBond_1144_InxClass,HydrogenBond,sEH_TPPU_System-1:0,"(1, 0)",sEHFeature382Type,TPPUFeature7Type
3455,sEH_TPPU_System-1:0_HydrogenBond_1145_InxClass,HydrogenBond,sEH_TPPU_System-1:0,"(1, 0)",sEHFeature382Type,TPPUFeature8Type
3456,sEH_TPPU_System-1:0_HydrogenBond_1146_InxClass,HydrogenBond,sEH_TPPU_System-1:0,"(1, 0)",sEHFeature383Type,TPPUFeature6Type
3457,sEH_TPPU_System-1:0_HydrogenBond_1147_InxClass,HydrogenBond,sEH_TPPU_System-1:0,"(1, 0)",sEHFeature383Type,TPPUFeature7Type
3458,sEH_TPPU_System-1:0_HydrogenBond_1148_InxClass,HydrogenBond,sEH_TPPU_System-1:0,"(1, 0)",sEHFeature383Type,TPPUFeature8Type
3459,sEH_TPPU_System-1:0_HydrogenBond_1149_InxClass,HydrogenBond,sEH_TPPU_System-1:0,"(1, 0)",sEHFeature384Type,TPPUFeature6Type
3460,sEH_TPPU_System-1:0_HydrogenBond_1150_InxClass,HydrogenBond,sEH_TPPU_System-1:0,"(1, 0)",sEHFeature384Type,TPPUFeature7Type
3461,sEH_TPPU_System-1:0_HydrogenBond_1151_InxClass,HydrogenBond,sEH_TPPU_System-1:0,"(1, 0)",sEHFeature384Type,TPPUFeature8Type
3462,sEH_TPPU_System-1:0_HydrogenBond_1152_InxClass,HydrogenBond,sEH_TPPU_System-1:0,"(1, 0)",sEHFeature385Type,TPPUFeature6Type
3463,sEH_TPPU_System-1:0_HydrogenBond_1153_InxClass,HydrogenBond,sEH_TPPU_System-1:0,"(1, 0)",sEHFeature385Type,TPPUFeature7Type
3464,sEH_TPPU_System-1:0_HydrogenBond_1154_InxClass,HydrogenBond,sEH_TPPU_System-1:0,"(1, 0)",sEHFeature385Type,TPPUFeature8Type
3465,sEH_TPPU_System-1:0_HydrogenBond_1155_InxClass,HydrogenBond,sEH_TPPU_System-1:0,"(1, 0)",sEHFeature386Type,TPPUFeature6Type
3466,sEH_TPPU_System-1:0_HydrogenBond_1156_InxClass,HydrogenBond,sEH_TPPU_System-1:0,"(1, 0)",sEHFeature386Type,TPPUFeature7Type
3467,sEH_TPPU_System-1:0_HydrogenBond_1157_InxClass,HydrogenBond,sEH_TPPU_System-1:0,"(1, 0)",sEHFeature386Type,TPPUFeature8Type
3468,sEH_TPPU_System-1:0_HydrogenBond_1158_InxClass,HydrogenBond,sEH_TPPU_System-1:0,"(1, 0)",sEHFeature387Type,TPPUFeature6Type
3469,sEH_TPPU_System-1:0_HydrogenBond_1159_InxClass,HydrogenBond,sEH_TPPU_System-1:0,"(1, 0)",sEHFeature387Type,TPPUFeature7Type
3470,sEH_TPPU_System-1:0_HydrogenBond_1160_InxClass,HydrogenBond,sEH_TPPU_System-1:0,"(1, 0)",sEHFeature387Type,TPPUFeature8Type
3471,sEH_TPPU_System-1:0_HydrogenBond_1161_InxClass,HydrogenBond,sEH_TPPU_System-1:0,"(1, 0)",sEHFeature388Type,TPPUFeature6Type
3472,sEH_TPPU_System-1:0_HydrogenBond_1162_InxClass,HydrogenBond,sEH_TPPU_System-1:0,"(1, 0)",sEHFeature388Type,TPPUFeature7Type
3473,sEH_TPPU_System-1:0_HydrogenBond_1163_InxClass,HydrogenBond,sEH_TPPU_System-1:0,"(1, 0)",sEHFeature388Type,TPPUFeature8Type
3474,sEH_TPPU_System-1:0_HydrogenBond_1164_InxClass,HydrogenBond,sEH_TPPU_System-1:0,"(1, 0)",sEHFeature389Type,TPPUFeature6Type
3475,sEH_TPPU_System-1:0_HydrogenBond_1165_InxClass,HydrogenBond,sEH_TPPU_System-1:0,"(1, 0)",sEHFeature389Type,TPPUFeature7Type
3476,sEH_TPPU_System-1:0_HydrogenBond_1166_InxClass,HydrogenBond,sEH_TPPU_System-1:0,"(1, 0)",sEHFeature389Type,TPPUFeature8Type
3477,sEH_TPPU_System-1:0_HydrogenBond_1167_InxClass,HydrogenBond,sEH_TPPU_System-1:0,"(1, 0)",sEHFeature390Type,TPPUFeature6Type
3478,sEH_TPPU_System-1:0_HydrogenBond_1168_InxClass,HydrogenBond,sEH_TPPU_System-1:0,"(1, 0)",sEHFeature390Type,TPPUFeature7Type
3479,sEH_TPPU_System-1:0_HydrogenBond_1169_InxClass,HydrogenBond,sEH_TPPU_System-1:0,"(1, 0)",sEHFeature390Type,TPPUFeature8Type
3480,sEH_TPPU_System-1:0_HydrogenBond_1170_InxClass,HydrogenBond,sEH_TPPU_System-1:0,"(1, 0)",sEHFeature391Type,TPPUFeature6Type
3481,sEH_TPPU_System-1:0_HydrogenBond_1171_InxClass,HydrogenBond,sEH_TPPU_System-1:0,"(1, 0)",sEHFeature391Type,TPPUFeature7Type
3482,sEH_TPPU_System-1:0_HydrogenBond_1172_InxClass,HydrogenBond,sEH_TPPU_System-1:0,"(1, 0)",sEHFeature391Type,TPPUFeature8Type
3483,sEH_TPPU_System-1:0_HydrogenBond_1173_InxClass,HydrogenBond,sEH_TPPU_System-1:0,"(1, 0)",sEHFeature392Type,TPPUFeature6Type
3484,sEH_TPPU_System-1:0_HydrogenBond_1174_InxClass,HydrogenBond,sEH_TPPU_System-1:0,"(1, 0)",sEHFeature392Type,TPPUFeature7Type
3485,sEH_TPPU_System-1:0_HydrogenBond_1175_InxClass,HydrogenBond,sEH_TPPU_System-1:0,"(1, 0)",sEHFeature392Type,TPPUFeature8Type
3486,sEH_TPPU_System-1:0_HydrogenBond_1176_InxClass,HydrogenBond,sEH_TPPU_System-1:0,"(1, 0)",sEHFeature393Type,TPPUFeature6Type
3487,sEH_TPPU_System-1:0_HydrogenBond_1177_InxClass,HydrogenBond,sEH_TPPU_System-1:0,"(1, 0)",sEHFeature393Type,TPPUFeature7Type
3488,sEH_TPPU_System-1:0_HydrogenBond_1178_InxClass,HydrogenBond,sEH_TPPU_System-1:0,"(1, 0)",sEHFeature393Type,TPPUFeature8Type
3489,sEH_TPPU_System-1:0_HydrogenBond_1179_InxClass,HydrogenBond,sEH_TPPU_System-1:0,"(1, 0)",sEHFeature394Type,TPPUFeature6Type
3490,sEH_TPPU_System-1:0_HydrogenBond_1180_InxClass,HydrogenBond,sEH_TPPU_System-1:0,"(1, 0)",sEHFeature394Type,TPPUFeature7Type
3491,sEH_TPPU_System-1:0_HydrogenBond_1181_InxClass,HydrogenBond,sEH_TPPU_System-1:0,"(1, 0)",sEHFeature394Type,TPPUFeature8Type
3492,sEH_TPPU_System-1:0_HydrogenBond_1182_InxClass,HydrogenBond,sEH_TPPU_System-1:0,"(1, 0)",sEHFeature395Type,TPPUFeature6Type
3493,sEH_TPPU_System-1:0_HydrogenBond_1183_InxClass,HydrogenBond,sEH_TPPU_System-1:0,"(1, 0)",sEHFeature395Type,TPPUFeature7Type
3494,sEH_TPPU_System-1:0_HydrogenBond_1184_InxClass,HydrogenBond,sEH_TPPU_System-1:0,"(1, 0)",sEHFeature395Type,TPPUFeature8Type
3495,sEH_TPPU_System-1:0_HydrogenBond_1185_InxClass,HydrogenBond,sEH_TPPU_System-1:0,"(1, 0)",sEHFeature396Type,TPPUFeature6Type
3496,sEH_TPPU_System-1:0_HydrogenBond_1186_InxClass,HydrogenBond,sEH_TPPU_System-1:0,"(1, 0)",sEHFeature396Type,TPPUFeature7Type
3497,sEH_TPPU_System-1:0_HydrogenBond_1187_InxClass,HydrogenBond,sEH_TPPU_System-1:0,"(1, 0)",sEHFeature396Type,TPPUFeature8Type
3498,sEH_TPPU_System-1:0_HydrogenBond_1188_InxClass,HydrogenBond,sEH_TPPU_System-1:0,"(1, 0)",sEHFeature397Type,TPPUFeature6Type
3499,sEH_TPPU_System-1:0_HydrogenBond_1189_InxClass,HydrogenBond,sEH_TPPU_System-1:0,"(1, 0)",sEHFeature397Type,TPPUFeature7Type
3500,sEH_TPPU_System-1:0_HydrogenBond_1190_InxClass,HydrogenBond,sEH_TPPU_System-1:0,"(1, 0)",sEHFeature397Type,TPPUFeature8Type
3501,sEH_TPPU_System-1:0_HydrogenBond_1191_InxClass,HydrogenBond,sEH_TPPU_System-1:0,"(1, 0)",sEHFeature398Type,TPPUFeature6Type
3502,sEH_TPPU_System-1:0_HydrogenBond_1192_InxClass,HydrogenBond,sEH_TPPU_System-1:0,"(1, 0)",sEHFeature398Type,TPPUFeature7Type
3503,sEH_TPPU_System-1:0_HydrogenBond_1193_InxClass,HydrogenBond,sEH_TPPU_System-1:0,"(1, 0)",sEHFeature398Type,TPPUFeature8Type
3504,sEH_TPPU_System-1:0_HydrogenBond_1194_InxClass,HydrogenBond,sEH_TPPU_System-1:0,"(1, 0)",sEHFeature399Type,TPPUFeature6Type
3505,sEH_TPPU_System-1:0_HydrogenBond_1195_InxClass,HydrogenBond,sEH_TPPU_System-1:0,"(1, 0)",sEHFeature399Type,TPPUFeature7Type
3506,sEH_TPPU_System-1:0_HydrogenBond_1196_InxClass,HydrogenBond,sEH_TPPU_System-1:0,"(1, 0)",sEHFeature399Type,TPPUFeature8Type
3507,sEH_TPPU_System-1:0_HydrogenBond_1197_InxClass,HydrogenBond,sEH_TPPU_System-1:0,"(1, 0)",sEHFeature400Type,TPPUFeature6Type
3508,sEH_TPPU_System-1:0_HydrogenBond_1198_InxClass,HydrogenBond,sEH_TPPU_System-1:0,"(1, 0)",sEHFeature400Type,TPPUFeature7Type
3509,sEH_TPPU_System-1:0_HydrogenBond_1199_InxClass,HydrogenBond,sEH_TPPU_System-1:0,"(1, 0)",sEHFeature400Type,TPPUFeature8Type
3510,sEH_TPPU_System-1:0_HydrogenBond_1200_InxClass,HydrogenBond,sEH_TPPU_System-1:0,"(1, 0)",sEHFeature401Type,TPPUFeature6Type
3511,sEH_TPPU_System-1:0_HydrogenBond_1201_InxClass,HydrogenBond,sEH_TPPU_System-1:0,"(1, 0)",sEHFeature401Type,TPPUFeature7Type
3512,sEH_TPPU_System-1:0_HydrogenBond_1202_InxClass,HydrogenBond,sEH_TPPU_System-1:0,"(1, 0)",sEHFeature401Type,TPPUFeature8Type
3513,sEH_TPPU_System-1:0_HydrogenBond_1203_InxClass,HydrogenBond,sEH_TPPU_System-1:0,"(1, 0)",sEHFeature402Type,TPPUFeature6Type
3514,sEH_TPPU_System-1:0_HydrogenBond_1204_InxClass,HydrogenBond,sEH_TPPU_System-1:0,"(1, 0)",sEHFeature402Type,TPPUFeature7Type
3515,sEH_TPPU_System-1:0_HydrogenBond_1205_InxClass,HydrogenBond,sEH_TPPU_System-1:0,"(1, 0)",sEHFeature402Type,TPPUFeature8Type
3516,sEH_TPPU_System-1:0_HydrogenBond_1206_InxClass,HydrogenBond,sEH_TPPU_System-1:0,"(1, 0)",sEHFeature403Type,TPPUFeature6Type
3517,sEH_TPPU_System-1:0_HydrogenBond_1207_InxClass,HydrogenBond,sEH_TPPU_System-1:0,"(1, 0)",sEHFeature403Type,TPPUFeature7Type
3518,sEH_TPPU_System-1:0_HydrogenBond_1208_InxClass,HydrogenBond,sEH_TPPU_System-1:0,"(1, 0)",sEHFeature403Type,TPPUFeature8Type
3519,sEH_TPPU_System-1:0_HydrogenBond_1209_InxClass,HydrogenBond,sEH_TPPU_System-1:0,"(1, 0)",sEHFeature404Type,TPPUFeature6Type
3520,sEH_TPPU_System-1:0_HydrogenBond_1210_InxClass,HydrogenBond,sEH_TPPU_System-1:0,"(1, 0)",sEHFeature404Type,TPPUFeature7Type
3521,sEH_TPPU_System-1:0_HydrogenBond_1211_InxClass,HydrogenBond,sEH_TPPU_System-1:0,"(1, 0)",sEHFeature404Type,TPPUFeature8Type
3522,sEH_TPPU_System-1:0_HydrogenBond_1212_InxClass,HydrogenBond,sEH_TPPU_System-1:0,"(1, 0)",sEHFeature405Type,TPPUFeature6Type
3523,sEH_TPPU_System-1:0_HydrogenBond_1213_InxClass,HydrogenBond,sEH_TPPU_System-1:0,"(1, 0)",sEHFeature405Type,TPPUFeature7Type
3524,sEH_TPPU_System-1:0_HydrogenBond_1214_InxClass,HydrogenBond,sEH_TPPU_System-1:0,"(1, 0)",sEHFeature405Type,TPPUFeature8Type
3525,sEH_TPPU_System-1:0_HydrogenBond_1215_InxClass,HydrogenBond,sEH_TPPU_System-1:0,"(1, 0)",sEHFeature406Type,TPPUFeature6Type
3526,sEH_TPPU_System-1:0_HydrogenBond_1216_InxClass,HydrogenBond,sEH_TPPU_System-1:0,"(1, 0)",sEHFeature406Type,TPPUFeature7Type
3527,sEH_TPPU_System-1:0_HydrogenBond_1217_InxClass,HydrogenBond,sEH_TPPU_System-1:0,"(1, 0)",sEHFeature406Type,TPPUFeature8Type
3528,sEH_TPPU_System-1:0_HydrogenBond_1218_InxClass,HydrogenBond,sEH_TPPU_System-1:0,"(1, 0)",sEHFeature407Type,TPPUFeature6Type
3529,sEH_TPPU_System-1:0_HydrogenBond_1219_InxClass,HydrogenBond,sEH_TPPU_System-1:0,"(1, 0)",sEHFeature407Type,TPPUFeature7Type
3530,sEH_TPPU_System-1:0_HydrogenBond_1220_InxClass,HydrogenBond,sEH_TPPU_System-1:0,"(1, 0)",sEHFeature407Type,TPPUFeature8Type
3531,sEH_TPPU_System-1:0_HydrogenBond_1221_InxClass,HydrogenBond,sEH_TPPU_System-1:0,"(1, 0)",sEHFeature408Type,TPPUFeature6Type
3532,sEH_TPPU_System-1:0_HydrogenBond_1222_InxClass,HydrogenBond,sEH_TPPU_System-1:0,"(1, 0)",sEHFeature408Type,TPPUFeature7Type
3533,sEH_TPPU_System-1:0_HydrogenBond_1223_InxClass,HydrogenBond,sEH_TPPU_System-1:0,"(1, 0)",sEHFeature408Type,TPPUFeature8Type
3534,sEH_TPPU_System-1:0_HydrogenBond_1224_InxClass,HydrogenBond,sEH_TPPU_System-1:0,"(1, 0)",sEHFeature409Type,TPPUFeature6Type
3535,sEH_TPPU_System-1:0_HydrogenBond_1225_InxClass,HydrogenBond,sEH_TPPU_System-1:0,"(1, 0)",sEHFeature409Type,TPPUFeature7Type
3536,sEH_TPPU_System-1:0_HydrogenBond_1226_InxClass,HydrogenBond,sEH_TPPU_System-1:0,"(1, 0)",sEHFeature409Type,TPPUFeature8Type
3537,sEH_TPPU_System-1:0_HydrogenBond_1227_InxClass,HydrogenBond,sEH_TPPU_System-1:0,"(1, 0)",sEHFeature410Type,TPPUFeature6Type
3538,sEH_TPPU_System-1:0_HydrogenBond_1228_InxClass,HydrogenBond,sEH_TPPU_System-1:0,"(1, 0)",sEHFeature410Type,TPPUFeature7Type
3539,sEH_TPPU_System-1:0_HydrogenBond_1229_InxClass,HydrogenBond,sEH_TPPU_System-1:0,"(1, 0)",sEHFeature410Type,TPPUFeature8Type
3540,sEH_TPPU_System-1:0_HydrogenBond_1230_InxClass,HydrogenBond,sEH_TPPU_System-1:0,"(1, 0)",sEHFeature411Type,TPPUFeature6Type
3541,sEH_TPPU_System-1:0_HydrogenBond_1231_InxClass,HydrogenBond,sEH_TPPU_System-1:0,"(1, 0)",sEHFeature411Type,TPPUFeature7Type
3542,sEH_TPPU_System-1:0_HydrogenBond_1232_InxClass,HydrogenBond,sEH_TPPU_System-1:0,"(1, 0)",sEHFeature411Type,TPPUFeature8Type
3543,sEH_TPPU_System-1:0_HydrogenBond_1233_InxClass,HydrogenBond,sEH_TPPU_System-1:0,"(1, 0)",sEHFeature412Type,TPPUFeature6Type
3544,sEH_TPPU_System-1:0_HydrogenBond_1234_InxClass,HydrogenBond,sEH_TPPU_System-1:0,"(1, 0)",sEHFeature412Type,TPPUFeature7Type
3545,sEH_TPPU_System-1:0_HydrogenBond_1235_InxClass,HydrogenBond,sEH_TPPU_System-1:0,"(1, 0)",sEHFeature412Type,TPPUFeature8Type
3546,sEH_TPPU_System-1:0_HydrogenBond_1236_InxClass,HydrogenBond,sEH_TPPU_System-1:0,"(1, 0)",sEHFeature413Type,TPPUFeature6Type
3547,sEH_TPPU_System-1:0_HydrogenBond_1237_InxClass,HydrogenBond,sEH_TPPU_System-1:0,"(1, 0)",sEHFeature413Type,TPPUFeature7Type
3548,sEH_TPPU_System-1:0_HydrogenBond_1238_InxClass,HydrogenBond,sEH_TPPU_System-1:0,"(1, 0)",sEHFeature413Type,TPPUFeature8Type
3549,sEH_TPPU_System-1:0_HydrogenBond_1239_InxClass,HydrogenBond,sEH_TPPU_System-1:0,"(1, 0)",sEHFeature414Type,TPPUFeature6Type
3550,sEH_TPPU_System-1:0_HydrogenBond_1240_InxClass,HydrogenBond,sEH_TPPU_System-1:0,"(1, 0)",sEHFeature414Type,TPPUFeature7Type
3551,sEH_TPPU_System-1:0_HydrogenBond_1241_InxClass,HydrogenBond,sEH_TPPU_System-1:0,"(1, 0)",sEHFeature414Type,TPPUFeature8Type
3552,sEH_TPPU_System-1:0_HydrogenBond_1242_InxClass,HydrogenBond,sEH_TPPU_System-1:0,"(1, 0)",sEHFeature415Type,TPPUFeature6Type
3553,sEH_TPPU_System-1:0_HydrogenBond_1243_InxClass,HydrogenBond,sEH_TPPU_System-1:0,"(1, 0)",sEHFeature415Type,TPPUFeature7Type
3554,sEH_TPPU_System-1:0_HydrogenBond_1244_InxClass,HydrogenBond,sEH_TPPU_System-1:0,"(1, 0)",sEHFeature415Type,TPPUFeature8Type
3555,sEH_TPPU_System-1:0_HydrogenBond_1245_InxClass,HydrogenBond,sEH_TPPU_System-1:0,"(1, 0)",sEHFeature416Type,TPPUFeature6Type
3556,sEH_TPPU_System-1:0_HydrogenBond_1246_InxClass,HydrogenBond,sEH_TPPU_System-1:0,"(1, 0)",sEHFeature416Type,TPPUFeature7Type
3557,sEH_TPPU_System-1:0_HydrogenBond_1247_InxClass,HydrogenBond,sEH_TPPU_System-1:0,"(1, 0)",sEHFeature416Type,TPPUFeature8Type
3558,sEH_TPPU_System-1:0_HydrogenBond_1248_InxClass,HydrogenBond,sEH_TPPU_System-1:0,"(1, 0)",sEHFeature417Type,TPPUFeature6Type
3559,sEH_TPPU_System-1:0_HydrogenBond_1249_InxClass,HydrogenBond,sEH_TPPU_System-1:0,"(1, 0)",sEHFeature417Type,TPPUFeature7Type
3560,sEH_TPPU_System-1:0_HydrogenBond_1250_InxClass,HydrogenBond,sEH_TPPU_System-1:0,"(1, 0)",sEHFeature417Type,TPPUFeature8Type
3561,sEH_TPPU_System-1:0_HydrogenBond_1251_InxClass,HydrogenBond,sEH_TPPU_System-1:0,"(1, 0)",sEHFeature418Type,TPPUFeature6Type
3562,sEH_TPPU_System-1:0_HydrogenBond_1252_InxClass,HydrogenBond,sEH_TPPU_System-1:0,"(1, 0)",sEHFeature418Type,TPPUFeature7Type
3563,sEH_TPPU_System-1:0_HydrogenBond_1253_InxClass,HydrogenBond,sEH_TPPU_System-1:0,"(1, 0)",sEHFeature418Type,TPPUFeature8Type
3564,sEH_TPPU_System-1:0_HydrogenBond_1254_InxClass,HydrogenBond,sEH_TPPU_System-1:0,"(1, 0)",sEHFeature419Type,TPPUFeature6Type
3565,sEH_TPPU_System-1:0_HydrogenBond_1255_InxClass,HydrogenBond,sEH_TPPU_System-1:0,"(1, 0)",sEHFeature419Type,TPPUFeature7Type
3566,sEH_TPPU_System-1:0_HydrogenBond_1256_InxClass,HydrogenBond,sEH_TPPU_System-1:0,"(1, 0)",sEHFeature419Type,TPPUFeature8Type
3567,sEH_TPPU_System-1:0_HydrogenBond_1257_InxClass,HydrogenBond,sEH_TPPU_System-1:0,"(1, 0)",sEHFeature420Type,TPPUFeature6Type
3568,sEH_TPPU_System-1:0_HydrogenBond_1258_InxClass,HydrogenBond,sEH_TPPU_System-1:0,"(1, 0)",sEHFeature420Type,TPPUFeature7Type
3569,sEH_TPPU_System-1:0_HydrogenBond_1259_InxClass,HydrogenBond,sEH_TPPU_System-1:0,"(1, 0)",sEHFeature420Type,TPPUFeature8Type
3570,sEH_TPPU_System-1:0_HydrogenBond_1260_InxClass,HydrogenBond,sEH_TPPU_System-1:0,"(1, 0)",sEHFeature421Type,TPPUFeature6Type
3571,sEH_TPPU_System-1:0_HydrogenBond_1261_InxClass,HydrogenBond,sEH_TPPU_System-1:0,"(1, 0)",sEHFeature421Type,TPPUFeature7Type
3572,sEH_TPPU_System-1:0_HydrogenBond_1262_InxClass,HydrogenBond,sEH_TPPU_System-1:0,"(1, 0)",sEHFeature421Type,TPPUFeature8Type
3573,sEH_TPPU_System-1:0_HydrogenBond_1263_InxClass,HydrogenBond,sEH_TPPU_System-1:0,"(1, 0)",sEHFeature422Type,TPPUFeature6Type
3574,sEH_TPPU_System-1:0_HydrogenBond_1264_InxClass,HydrogenBond,sEH_TPPU_System-1:0,"(1, 0)",sEHFeature422Type,TPPUFeature7Type
3575,sEH_TPPU_System-1:0_HydrogenBond_1265_InxClass,HydrogenBond,sEH_TPPU_System-1:0,"(1, 0)",sEHFeature422Type,TPPUFeature8Type
3576,sEH_TPPU_System-1:0_HydrogenBond_1266_InxClass,HydrogenBond,sEH_TPPU_System-1:0,"(1, 0)",sEHFeature423Type,TPPUFeature6Type
3577,sEH_TPPU_System-1:0_HydrogenBond_1267_InxClass,HydrogenBond,sEH_TPPU_System-1:0,"(1, 0)",sEHFeature423Type,TPPUFeature7Type
3578,sEH_TPPU_System-1:0_HydrogenBond_1268_InxClass,HydrogenBond,sEH_TPPU_System-1:0,"(1, 0)",sEHFeature423Type,TPPUFeature8Type
3579,sEH_TPPU_System-1:0_HydrogenBond_1269_InxClass,HydrogenBond,sEH_TPPU_System-1:0,"(1, 0)",sEHFeature424Type,TPPUFeature6Type
3580,sEH_TPPU_System-1:0_HydrogenBond_1270_InxClass,HydrogenBond,sEH_TPPU_System-1:0,"(1, 0)",sEHFeature424Type,TPPUFeature7Type
3581,sEH_TPPU_System-1:0_HydrogenBond_1271_InxClass,HydrogenBond,sEH_TPPU_System-1:0,"(1, 0)",sEHFeature424Type,TPPUFeature8Type
3582,sEH_TPPU_System-1:0_HydrogenBond_1272_InxClass,HydrogenBond,sEH_TPPU_System-1:0,"(1, 0)",sEHFeature425Type,TPPUFeature6Type
3583,sEH_TPPU_System-1:0_HydrogenBond_1273_InxClass,HydrogenBond,sEH_TPPU_System-1:0,"(1, 0)",sEHFeature425Type,TPPUFeature7Type
3584,sEH_TPPU_System-1:0_HydrogenBond_1274_InxClass,HydrogenBond,sEH_TPPU_System-1:0,"(1, 0)",sEHFeature425Type,TPPUFeature8Type
3585,sEH_TPPU_System-1:0_HydrogenBond_1275_InxClass,HydrogenBond,sEH_TPPU_System-1:0,"(1, 0)",sEHFeature426Type,TPPUFeature6Type
3586,sEH_TPPU_System-1:0_HydrogenBond_1276_InxClass,HydrogenBond,sEH_TPPU_System-1:0,"(1, 0)",sEHFeature426Type,TPPUFeature7Type
3587,sEH_TPPU_System-1:0_HydrogenBond_1277_InxClass,HydrogenBond,sEH_TPPU_System-1:0,"(1, 0)",sEHFeature426Type,TPPUFeature8Type
3588,sEH_TPPU_System-1:0_HydrogenBond_1278_InxClass,HydrogenBond,sEH_TPPU_System-1:0,"(1, 0)",sEHFeature427Type,TPPUFeature6Type
3589,sEH_TPPU_System-1:0_HydrogenBond_1279_InxClass,HydrogenBond,sEH_TPPU_System-1:0,"(1, 0)",sEHFeature427Type,TPPUFeature7Type
3590,sEH_TPPU_System-1:0_HydrogenBond_1280_InxClass,HydrogenBond,sEH_TPPU_System-1:0,"(1, 0)",sEHFeature427Type,TPPUFeature8Type
3591,sEH_TPPU_System-1:0_HydrogenBond_1281_InxClass,HydrogenBond,sEH_TPPU_System-1:0,"(1, 0)",sEHFeature428Type,TPPUFeature6Type
3592,sEH_TPPU_System-1:0_HydrogenBond_1282_InxClass,HydrogenBond,sEH_TPPU_System-1:0,"(1, 0)",sEHFeature428Type,TPPUFeature7Type
3593,sEH_TPPU_System-1:0_HydrogenBond_1283_InxClass,HydrogenBond,sEH_TPPU_System-1:0,"(1, 0)",sEHFeature428Type,TPPUFeature8Type
3594,sEH_TPPU_System-1:0_HydrogenBond_1284_InxClass,HydrogenBond,sEH_TPPU_System-1:0,"(1, 0)",sEHFeature429Type,TPPUFeature6Type
3595,sEH_TPPU_System-1:0_HydrogenBond_1285_InxClass,HydrogenBond,sEH_TPPU_System-1:0,"(1, 0)",sEHFeature429Type,TPPUFeature7Type
3596,sEH_TPPU_System-1:0_HydrogenBond_1286_InxClass,HydrogenBond,sEH_TPPU_System-1:0,"(1, 0)",sEHFeature429Type,TPPUFeature8Type
3597,sEH_TPPU_System-1:0_HydrogenBond_1287_InxClass,HydrogenBond,sEH_TPPU_System-1:0,"(1, 0)",sEHFeature430Type,TPPUFeature6Type
3598,sEH_TPPU_System-1:0_HydrogenBond_1288_InxClass,HydrogenBond,sEH_TPPU_System-1:0,"(1, 0)",sEHFeature430Type,TPPUFeature7Type
3599,sEH_TPPU_System-1:0_HydrogenBond_1289_InxClass,HydrogenBond,sEH_TPPU_System-1:0,"(1, 0)",sEHFeature430Type,TPPUFeature8Type
3600,sEH_TPPU_System-1:0_HydrogenBond_1290_InxClass,HydrogenBond,sEH_TPPU_System-1:0,"(1, 0)",sEHFeature431Type,TPPUFeature6Type
3601,sEH_TPPU_System-1:0_HydrogenBond_1291_InxClass,HydrogenBond,sEH_TPPU_System-1:0,"(1, 0)",sEHFeature431Type,TPPUFeature7Type
3602,sEH_TPPU_System-1:0_HydrogenBond_1292_InxClass,HydrogenBond,sEH_TPPU_System-1:0,"(1, 0)",sEHFeature431Type,TPPUFeature8Type
3603,sEH_TPPU_System-1:0_HydrogenBond_1293_InxClass,HydrogenBond,sEH_TPPU_System-1:0,"(1, 0)",sEHFeature432Type,TPPUFeature6Type
3604,sEH_TPPU_System-1:0_HydrogenBond_1294_InxClass,HydrogenBond,sEH_TPPU_System-1:0,"(1, 0)",sEHFeature432Type,TPPUFeature7Type
3605,sEH_TPPU_System-1:0_HydrogenBond_1295_InxClass,HydrogenBond,sEH_TPPU_System-1:0,"(1, 0)",sEHFeature432Type,TPPUFeature8Type
3606,sEH_TPPU_System-1:0_HydrogenBond_1296_InxClass,HydrogenBond,sEH_TPPU_System-1:0,"(1, 0)",sEHFeature433Type,TPPUFeature6Type
3607,sEH_TPPU_System-1:0_HydrogenBond_1297_InxClass,HydrogenBond,sEH_TPPU_System-1:0,"(1, 0)",sEHFeature433Type,TPPUFeature7Type
3608,sEH_TPPU_System-1:0_HydrogenBond_1298_InxClass,HydrogenBond,sEH_TPPU_System-1:0,"(1, 0)",sEHFeature433Type,TPPUFeature8Type
3609,sEH_TPPU_System-1:0_HydrogenBond_1299_InxClass,HydrogenBond,sEH_TPPU_System-1:0,"(1, 0)",sEHFeature434Type,TPPUFeature6Type
3610,sEH_TPPU_System-1:0_HydrogenBond_1300_InxClass,HydrogenBond,sEH_TPPU_System-1:0,"(1, 0)",sEHFeature434Type,TPPUFeature7Type
3611,sEH_TPPU_System-1:0_HydrogenBond_1301_InxClass,HydrogenBond,sEH_TPPU_System-1:0,"(1, 0)",sEHFeature434Type,TPPUFeature8Type
3612,sEH_TPPU_System-1:0_HydrogenBond_1302_InxClass,HydrogenBond,sEH_TPPU_System-1:0,"(1, 0)",sEHFeature435Type,TPPUFeature6Type
3613,sEH_TPPU_System-1:0_HydrogenBond_1303_InxClass,HydrogenBond,sEH_TPPU_System-1:0,"(1, 0)",sEHFeature435Type,TPPUFeature7Type
3614,sEH_TPPU_System-1:0_HydrogenBond_1304_InxClass,HydrogenBond,sEH_TPPU_System-1:0,"(1, 0)",sEHFeature435Type,TPPUFeature8Type
3615,sEH_TPPU_System-1:0_HydrogenBond_1305_InxClass,HydrogenBond,sEH_TPPU_System-1:0,"(1, 0)",sEHFeature436Type,TPPUFeature6Type
3616,sEH_TPPU_System-1:0_HydrogenBond_1306_InxClass,HydrogenBond,sEH_TPPU_System-1:0,"(1, 0)",sEHFeature436Type,TPPUFeature7Type
3617,sEH_TPPU_System-1:0_HydrogenBond_1307_InxClass,HydrogenBond,sEH_TPPU_System-1:0,"(1, 0)",sEHFeature436Type,TPPUFeature8Type
3618,sEH_TPPU_System-1:0_HydrogenBond_1308_InxClass,HydrogenBond,sEH_TPPU_System-1:0,"(1, 0)",sEHFeature437Type,TPPUFeature6Type
3619,sEH_TPPU_System-1:0_HydrogenBond_1309_InxClass,HydrogenBond,sEH_TPPU_System-1:0,"(1, 0)",sEHFeature437Type,TPPUFeature7Type
3620,sEH_TPPU_System-1:0_HydrogenBond_1310_InxClass,HydrogenBond,sEH_TPPU_System-1:0,"(1, 0)",sEHFeature437Type,TPPUFeature8Type
3621,sEH_TPPU_System-1:0_HydrogenBond_1311_InxClass,HydrogenBond,sEH_TPPU_System-1:0,"(1, 0)",sEHFeature438Type,TPPUFeature6Type
3622,sEH_TPPU_System-1:0_HydrogenBond_1312_InxClass,HydrogenBond,sEH_TPPU_System-1:0,"(1, 0)",sEHFeature438Type,TPPUFeature7Type
3623,sEH_TPPU_System-1:0_HydrogenBond_1313_InxClass,HydrogenBond,sEH_TPPU_System-1:0,"(1, 0)",sEHFeature438Type,TPPUFeature8Type
3624,sEH_TPPU_System-1:0_HydrogenBond_1314_InxClass,HydrogenBond,sEH_TPPU_System-1:0,"(1, 0)",sEHFeature439Type,TPPUFeature6Type
3625,sEH_TPPU_System-1:0_HydrogenBond_1315_InxClass,HydrogenBond,sEH_TPPU_System-1:0,"(1, 0)",sEHFeature439Type,TPPUFeature7Type
3626,sEH_TPPU_System-1:0_HydrogenBond_1316_InxClass,HydrogenBond,sEH_TPPU_System-1:0,"(1, 0)",sEHFeature439Type,TPPUFeature8Type
3627,sEH_TPPU_System-1:0_HydrogenBond_1317_InxClass,HydrogenBond,sEH_TPPU_System-1:0,"(1, 0)",sEHFeature440Type,TPPUFeature6Type
3628,sEH_TPPU_System-1:0_HydrogenBond_1318_InxClass,HydrogenBond,sEH_TPPU_System-1:0,"(1, 0)",sEHFeature440Type,TPPUFeature7Type
3629,sEH_TPPU_System-1:0_HydrogenBond_1319_InxClass,HydrogenBond,sEH_TPPU_System-1:0,"(1, 0)",sEHFeature440Type,TPPUFeature8Type
3630,sEH_TPPU_System-1:0_HydrogenBond_1320_InxClass,HydrogenBond,sEH_TPPU_System-1:0,"(1, 0)",sEHFeature441Type,TPPUFeature6Type
3631,sEH_TPPU_System-1:0_HydrogenBond_1321_InxClass,HydrogenBond,sEH_TPPU_System-1:0,"(1, 0)",sEHFeature441Type,TPPUFeature7Type
3632,sEH_TPPU_System-1:0_HydrogenBond_1322_InxClass,HydrogenBond,sEH_TPPU_System-1:0,"(1, 0)",sEHFeature441Type,TPPUFeature8Type
3633,sEH_TPPU_System-1:0_HydrogenBond_1323_InxClass,HydrogenBond,sEH_TPPU_System-1:0,"(1, 0)",sEHFeature442Type,TPPUFeature6Type
3634,sEH_TPPU_System-1:0_HydrogenBond_1324_InxClass,HydrogenBond,sEH_TPPU_System-1:0,"(1, 0)",sEHFeature442Type,TPPUFeature7Type
3635,sEH_TPPU_System-1:0_HydrogenBond_1325_InxClass,HydrogenBond,sEH_TPPU_System-1:0,"(1, 0)",sEHFeature442Type,TPPUFeature8Type
3636,sEH_TPPU_System-1:0_HydrogenBond_1326_InxClass,HydrogenBond,sEH_TPPU_System-1:0,"(1, 0)",sEHFeature443Type,TPPUFeature6Type
3637,sEH_TPPU_System-1:0_HydrogenBond_1327_InxClass,HydrogenBond,sEH_TPPU_System-1:0,"(1, 0)",sEHFeature443Type,TPPUFeature7Type
3638,sEH_TPPU_System-1:0_HydrogenBond_1328_InxClass,HydrogenBond,sEH_TPPU_System-1:0,"(1, 0)",sEHFeature443Type,TPPUFeature8Type
3639,sEH_TPPU_System-1:0_HydrogenBond_1329_InxClass,HydrogenBond,sEH_TPPU_System-1:0,"(1, 0)",sEHFeature444Type,TPPUFeature6Type
3640,sEH_TPPU_System-1:0_HydrogenBond_1330_InxClass,HydrogenBond,sEH_TPPU_System-1:0,"(1, 0)",sEHFeature444Type,TPPUFeature7Type
3641,sEH_TPPU_System-1:0_HydrogenBond_1331_InxClass,HydrogenBond,sEH_TPPU_System-1:0,"(1, 0)",sEHFeature444Type,TPPUFeature8Type
3642,sEH_TPPU_System-1:0_HydrogenBond_1332_InxClass,HydrogenBond,sEH_TPPU_System-1:0,"(1, 0)",sEHFeature445Type,TPPUFeature6Type
3643,sEH_TPPU_System-1:0_HydrogenBond_1333_InxClass,HydrogenBond,sEH_TPPU_System-1:0,"(1, 0)",sEHFeature445Type,TPPUFeature7Type
3644,sEH_TPPU_System-1:0_HydrogenBond_1334_InxClass,HydrogenBond,sEH_TPPU_System-1:0,"(1, 0)",sEHFeature445Type,TPPUFeature8Type
3645,sEH_TPPU_System-1:0_HydrogenBond_1335_InxClass,HydrogenBond,sEH_TPPU_System-1:0,"(1, 0)",sEHFeature446Type,TPPUFeature6Type
3646,sEH_TPPU_System-1:0_HydrogenBond_1336_InxClass,HydrogenBond,sEH_TPPU_System-1:0,"(1, 0)",sEHFeature446Type,TPPUFeature7Type
3647,sEH_TPPU_System-1:0_HydrogenBond_1337_InxClass,HydrogenBond,sEH_TPPU_System-1:0,"(1, 0)",sEHFeature446Type,TPPUFeature8Type
3648,sEH_TPPU_System-1:0_HydrogenBond_1338_InxClass,HydrogenBond,sEH_TPPU_System-1:0,"(1, 0)",sEHFeature447Type,TPPUFeature6Type
3649,sEH_TPPU_System-1:0_HydrogenBond_1339_InxClass,HydrogenBond,sEH_TPPU_System-1:0,"(1, 0)",sEHFeature447Type,TPPUFeature7Type
3650,sEH_TPPU_System-1:0_HydrogenBond_1340_InxClass,HydrogenBond,sEH_TPPU_System-1:0,"(1, 0)",sEHFeature447Type,TPPUFeature8Type
3651,sEH_TPPU_System-1:0_HydrogenBond_1341_InxClass,HydrogenBond,sEH_TPPU_System-1:0,"(1, 0)",sEHFeature448Type,TPPUFeature6Type
3652,sEH_TPPU_System-1:0_HydrogenBond_1342_InxClass,HydrogenBond,sEH_TPPU_System-1:0,"(1, 0)",sEHFeature448Type,TPPUFeature7Type
3653,sEH_TPPU_System-1:0_HydrogenBond_1343_InxClass,HydrogenBond,sEH_TPPU_System-1:0,"(1, 0)",sEHFeature448Type,TPPUFeature8Type
3654,sEH_TPPU_System-1:0_HydrogenBond_1344_InxClass,HydrogenBond,sEH_TPPU_System-1:0,"(1, 0)",sEHFeature449Type,TPPUFeature6Type
3655,sEH_TPPU_System-1:0_HydrogenBond_1345_InxClass,HydrogenBond,sEH_TPPU_System-1:0,"(1, 0)",sEHFeature449Type,TPPUFeature7Type
3656,sEH_TPPU_System-1:0_HydrogenBond_1346_InxClass,HydrogenBond,sEH_TPPU_System-1:0,"(1, 0)",sEHFeature449Type,TPPUFeature8Type
3657,sEH_TPPU_System-1:0_HydrogenBond_1347_InxClass,HydrogenBond,sEH_TPPU_System-1:0,"(1, 0)",sEHFeature450Type,TPPUFeature6Type
3658,sEH_TPPU_System-1:0_HydrogenBond_1348_InxClass,HydrogenBond,sEH_TPPU_System-1:0,"(1, 0)",sEHFeature450Type,TPPUFeature7Type
3659,sEH_TPPU_System-1:0_HydrogenBond_1349_InxClass,HydrogenBond,sEH_TPPU_System-1:0,"(1, 0)",sEHFeature450Type,TPPUFeature8Type
3660,sEH_TPPU_System-1:0_HydrogenBond_1350_InxClass,HydrogenBond,sEH_TPPU_System-1:0,"(1, 0)",sEHFeature451Type,TPPUFeature6Type
3661,sEH_TPPU_System-1:0_HydrogenBond_1351_InxClass,HydrogenBond,sEH_TPPU_System-1:0,"(1, 0)",sEHFeature451Type,TPPUFeature7Type
3662,sEH_TPPU_System-1:0_HydrogenBond_1352_InxClass,HydrogenBond,sEH_TPPU_System-1:0,"(1, 0)",sEHFeature451Type,TPPUFeature8Type
3663,sEH_TPPU_System-1:0_HydrogenBond_1353_InxClass,HydrogenBond,sEH_TPPU_System-1:0,"(1, 0)",sEHFeature452Type,TPPUFeature6Type
3664,sEH_TPPU_System-1:0_HydrogenBond_1354_InxClass,HydrogenBond,sEH_TPPU_System-1:0,"(1, 0)",sEHFeature452Type,TPPUFeature7Type
3665,sEH_TPPU_System-1:0_HydrogenBond_1355_InxClass,HydrogenBond,sEH_TPPU_System-1:0,"(1, 0)",sEHFeature452Type,TPPUFeature8Type
3666,sEH_TPPU_System-1:0_HydrogenBond_1356_InxClass,HydrogenBond,sEH_TPPU_System-1:0,"(1, 0)",sEHFeature453Type,TPPUFeature6Type
3667,sEH_TPPU_System-1:0_HydrogenBond_1357_InxClass,HydrogenBond,sEH_TPPU_System-1:0,"(1, 0)",sEHFeature453Type,TPPUFeature7Type
3668,sEH_TPPU_System-1:0_HydrogenBond_1358_InxClass,HydrogenBond,sEH_TPPU_System-1:0,"(1, 0)",sEHFeature453Type,TPPUFeature8Type
3669,sEH_TPPU_System-1:0_HydrogenBond_1359_InxClass,HydrogenBond,sEH_TPPU_System-1:0,"(1, 0)",sEHFeature454Type,TPPUFeature6Type
3670,sEH_TPPU_System-1:0_HydrogenBond_1360_InxClass,HydrogenBond,sEH_TPPU_System-1:0,"(1, 0)",sEHFeature454Type,TPPUFeature7Type
3671,sEH_TPPU_System-1:0_HydrogenBond_1361_InxClass,HydrogenBond,sEH_TPPU_System-1:0,"(1, 0)",sEHFeature454Type,TPPUFeature8Type
3672,sEH_TPPU_System-1:0_HydrogenBond_1362_InxClass,HydrogenBond,sEH_TPPU_System-1:0,"(1, 0)",sEHFeature455Type,TPPUFeature6Type
3673,sEH_TPPU_System-1:0_HydrogenBond_1363_InxClass,HydrogenBond,sEH_TPPU_System-1:0,"(1, 0)",sEHFeature455Type,TPPUFeature7Type
3674,sEH_TPPU_System-1:0_HydrogenBond_1364_InxClass,HydrogenBond,sEH_TPPU_System-1:0,"(1, 0)",sEHFeature455Type,TPPUFeature8Type
3675,sEH_TPPU_System-1:0_HydrogenBond_1365_InxClass,HydrogenBond,sEH_TPPU_System-1:0,"(1, 0)",sEHFeature456Type,TPPUFeature6Type
3676,sEH_TPPU_System-1:0_HydrogenBond_1366_InxClass,HydrogenBond,sEH_TPPU_System-1:0,"(1, 0)",sEHFeature456Type,TPPUFeature7Type
3677,sEH_TPPU_System-1:0_HydrogenBond_1367_InxClass,HydrogenBond,sEH_TPPU_System-1:0,"(1, 0)",sEHFeature456Type,TPPUFeature8Type
3678,sEH_TPPU_System-1:0_HydrogenBond_1368_InxClass,HydrogenBond,sEH_TPPU_System-1:0,"(1, 0)",sEHFeature457Type,TPPUFeature6Type
3679,sEH_TPPU_System-1:0_HydrogenBond_1369_InxClass,HydrogenBond,sEH_TPPU_System-1:0,"(1, 0)",sEHFeature457Type,TPPUFeature7Type
3680,sEH_TPPU_System-1:0_HydrogenBond_1370_InxClass,HydrogenBond,sEH_TPPU_System-1:0,"(1, 0)",sEHFeature457Type,TPPUFeature8Type
3681,sEH_TPPU_System-1:0_HydrogenBond_1371_InxClass,HydrogenBond,sEH_TPPU_System-1:0,"(1, 0)",sEHFeature458Type,TPPUFeature6Type
3682,sEH_TPPU_System-1:0_HydrogenBond_1372_InxClass,HydrogenBond,sEH_TPPU_System-1:0,"(1, 0)",sEHFeature458Type,TPPUFeature7Type
3683,sEH_TPPU_System-1:0_HydrogenBond_1373_InxClass,HydrogenBond,sEH_TPPU_System-1:0,"(1, 0)",sEHFeature458Type,TPPUFeature8Type
3684,sEH_TPPU_System-1:0_HydrogenBond_1374_InxClass,HydrogenBond,sEH_TPPU_System-1:0,"(1, 0)",sEHFeature459Type,TPPUFeature6Type
3685,sEH_TPPU_System-1:0_HydrogenBond_1375_InxClass,HydrogenBond,sEH_TPPU_System-1:0,"(1, 0)",sEHFeature459Type,TPPUFeature7Type
3686,sEH_TPPU_System-1:0_HydrogenBond_1376_InxClass,HydrogenBond,sEH_TPPU_System-1:0,"(1, 0)",sEHFeature459Type,TPPUFeature8Type
3687,sEH_TPPU_System-1:0_HydrogenBond_1377_InxClass,HydrogenBond,sEH_TPPU_System-1:0,"(1, 0)",sEHFeature460Type,TPPUFeature6Type
3688,sEH_TPPU_System-1:0_HydrogenBond_1378_InxClass,HydrogenBond,sEH_TPPU_System-1:0,"(1, 0)",sEHFeature460Type,TPPUFeature7Type
3689,sEH_TPPU_System-1:0_HydrogenBond_1379_InxClass,HydrogenBond,sEH_TPPU_System-1:0,"(1, 0)",sEHFeature460Type,TPPUFeature8Type
3690,sEH_TPPU_System-1:0_HydrogenBond_1380_InxClass,HydrogenBond,sEH_TPPU_System-1:0,"(1, 0)",sEHFeature461Type,TPPUFeature6Type
3691,sEH_TPPU_System-1:0_HydrogenBond_1381_InxClass,HydrogenBond,sEH_TPPU_System-1:0,"(1, 0)",sEHFeature461Type,TPPUFeature7Type
3692,sEH_TPPU_System-1:0_HydrogenBond_1382_InxClass,HydrogenBond,sEH_TPPU_System-1:0,"(1, 0)",sEHFeature461Type,TPPUFeature8Type
3693,sEH_TPPU_System-1:0_HydrogenBond_1383_InxClass,HydrogenBond,sEH_TPPU_System-1:0,"(1, 0)",sEHFeature462Type,TPPUFeature6Type
3694,sEH_TPPU_System-1:0_HydrogenBond_1384_InxClass,HydrogenBond,sEH_TPPU_System-1:0,"(1, 0)",sEHFeature462Type,TPPUFeature7Type
3695,sEH_TPPU_System-1:0_HydrogenBond_1385_InxClass,HydrogenBond,sEH_TPPU_System-1:0,"(1, 0)",sEHFeature462Type,TPPUFeature8Type
3696,sEH_TPPU_System-1:0_HydrogenBond_1386_InxClass,HydrogenBond,sEH_TPPU_System-1:0,"(1, 0)",sEHFeature463Type,TPPUFeature6Type
3697,sEH_TPPU_System-1:0_HydrogenBond_1387_InxClass,HydrogenBond,sEH_TPPU_System-1:0,"(1, 0)",sEHFeature463Type,TPPUFeature7Type
3698,sEH_TPPU_System-1:0_HydrogenBond_1388_InxClass,HydrogenBond,sEH_TPPU_System-1:0,"(1, 0)",sEHFeature463Type,TPPUFeature8Type
3699,sEH_TPPU_System-1:0_HydrogenBond_1389_InxClass,HydrogenBond,sEH_TPPU_System-1:0,"(1, 0)",sEHFeature464Type,TPPUFeature6Type
3700,sEH_TPPU_System-1:0_HydrogenBond_1390_InxClass,HydrogenBond,sEH_TPPU_System-1:0,"(1, 0)",sEHFeature464Type,TPPUFeature7Type
3701,sEH_TPPU_System-1:0_HydrogenBond_1391_InxClass,HydrogenBond,sEH_TPPU_System-1:0,"(1, 0)",sEHFeature464Type,TPPUFeature8Type
3702,sEH_TPPU_System-1:0_HydrogenBond_1392_InxClass,HydrogenBond,sEH_TPPU_System-1:0,"(1, 0)",sEHFeature465Type,TPPUFeature6Type
3703,sEH_TPPU_System-1:0_HydrogenBond_1393_InxClass,HydrogenBond,sEH_TPPU_System-1:0,"(1, 0)",sEHFeature465Type,TPPUFeature7Type
3704,sEH_TPPU_System-1:0_HydrogenBond_1394_InxClass,HydrogenBond,sEH_TPPU_System-1:0,"(1, 0)",sEHFeature465Type,TPPUFeature8Type
3705,sEH_TPPU_System-1:0_HydrogenBond_1395_InxClass,HydrogenBond,sEH_TPPU_System-1:0,"(1, 0)",sEHFeature466Type,TPPUFeature6Type
3706,sEH_TPPU_System-1:0_HydrogenBond_1396_InxClass,HydrogenBond,sEH_TPPU_System-1:0,"(1, 0)",sEHFeature466Type,TPPUFeature7Type
3707,sEH_TPPU_System-1:0_HydrogenBond_1397_InxClass,HydrogenBond,sEH_TPPU_System-1:0,"(1, 0)",sEHFeature466Type,TPPUFeature8Type
3708,sEH_TPPU_System-1:0_HydrogenBond_1398_InxClass,HydrogenBond,sEH_TPPU_System-1:0,"(1, 0)",sEHFeature467Type,TPPUFeature6Type
3709,sEH_TPPU_System-1:0_HydrogenBond_1399_InxClass,HydrogenBond,sEH_TPPU_System-1:0,"(1, 0)",sEHFeature467Type,TPPUFeature7Type
3710,sEH_TPPU_System-1:0_HydrogenBond_1400_InxClass,HydrogenBond,sEH_TPPU_System-1:0,"(1, 0)",sEHFeature467Type,TPPUFeature8Type
3711,sEH_TPPU_System-1:0_HydrogenBond_1401_InxClass,HydrogenBond,sEH_TPPU_System-1:0,"(1, 0)",sEHFeature468Type,TPPUFeature6Type
3712,sEH_TPPU_System-1:0_HydrogenBond_1402_InxClass,HydrogenBond,sEH_TPPU_System-1:0,"(1, 0)",sEHFeature468Type,TPPUFeature7Type
3713,sEH_TPPU_System-1:0_HydrogenBond_1403_InxClass,HydrogenBond,sEH_TPPU_System-1:0,"(1, 0)",sEHFeature468Type,TPPUFeature8Type
3714,sEH_TPPU_System-1:0_HydrogenBond_1404_InxClass,HydrogenBond,sEH_TPPU_System-1:0,"(1, 0)",sEHFeature469Type,TPPUFeature6Type
3715,sEH_TPPU_System-1:0_HydrogenBond_1405_InxClass,HydrogenBond,sEH_TPPU_System-1:0,"(1, 0)",sEHFeature469Type,TPPUFeature7Type
3716,sEH_TPPU_System-1:0_HydrogenBond_1406_InxClass,HydrogenBond,sEH_TPPU_System-1:0,"(1, 0)",sEHFeature469Type,TPPUFeature8Type
3717,sEH_TPPU_System-1:0_HydrogenBond_1407_InxClass,HydrogenBond,sEH_TPPU_System-1:0,"(1, 0)",sEHFeature470Type,TPPUFeature6Type
3718,sEH_TPPU_System-1:0_HydrogenBond_1408_InxClass,HydrogenBond,sEH_TPPU_System-1:0,"(1, 0)",sEHFeature470Type,TPPUFeature7Type
3719,sEH_TPPU_System-1:0_HydrogenBond_1409_InxClass,HydrogenBond,sEH_TPPU_System-1:0,"(1, 0)",sEHFeature470Type,TPPUFeature8Type
3720,sEH_TPPU_System-1:0_HydrogenBond_1410_InxClass,HydrogenBond,sEH_TPPU_System-1:0,"(1, 0)",sEHFeature471Type,TPPUFeature6Type
3721,sEH_TPPU_System-1:0_HydrogenBond_1411_InxClass,HydrogenBond,sEH_TPPU_System-1:0,"(1, 0)",sEHFeature471Type,TPPUFeature7Type
3722,sEH_TPPU_System-1:0_HydrogenBond_1412_InxClass,HydrogenBond,sEH_TPPU_System-1:0,"(1, 0)",sEHFeature471Type,TPPUFeature8Type
3723,sEH_TPPU_System-1:0_HydrogenBond_1413_InxClass,HydrogenBond,sEH_TPPU_System-1:0,"(1, 0)",sEHFeature472Type,TPPUFeature6Type
3724,sEH_TPPU_System-1:0_HydrogenBond_1414_InxClass,HydrogenBond,sEH_TPPU_System-1:0,"(1, 0)",sEHFeature472Type,TPPUFeature7Type
3725,sEH_TPPU_System-1:0_HydrogenBond_1415_InxClass,HydrogenBond,sEH_TPPU_System-1:0,"(1, 0)",sEHFeature472Type,TPPUFeature8Type
3726,sEH_TPPU_System-1:0_HydrogenBond_1416_InxClass,HydrogenBond,sEH_TPPU_System-1:0,"(1, 0)",sEHFeature473Type,TPPUFeature6Type
3727,sEH_TPPU_System-1:0_HydrogenBond_1417_InxClass,HydrogenBond,sEH_TPPU_System-1:0,"(1, 0)",sEHFeature473Type,TPPUFeature7Type
3728,sEH_TPPU_System-1:0_HydrogenBond_1418_InxClass,HydrogenBond,sEH_TPPU_System-1:0,"(1, 0)",sEHFeature473Type,TPPUFeature8Type
3729,sEH_TPPU_System-1:0_HydrogenBond_1419_InxClass,HydrogenBond,sEH_TPPU_System-1:0,"(1, 0)",sEHFeature474Type,TPPUFeature6Type
3730,sEH_TPPU_System-1:0_HydrogenBond_1420_InxClass,HydrogenBond,sEH_TPPU_System-1:0,"(1, 0)",sEHFeature474Type,TPPUFeature7Type
3731,sEH_TPPU_System-1:0_HydrogenBond_1421_InxClass,HydrogenBond,sEH_TPPU_System-1:0,"(1, 0)",sEHFeature474Type,TPPUFeature8Type
3732,sEH_TPPU_System-1:0_HydrogenBond_1422_InxClass,HydrogenBond,sEH_TPPU_System-1:0,"(1, 0)",sEHFeature475Type,TPPUFeature6Type
3733,sEH_TPPU_System-1:0_HydrogenBond_1423_InxClass,HydrogenBond,sEH_TPPU_System-1:0,"(1, 0)",sEHFeature475Type,TPPUFeature7Type
3734,sEH_TPPU_System-1:0_HydrogenBond_1424_InxClass,HydrogenBond,sEH_TPPU_System-1:0,"(1, 0)",sEHFeature475Type,TPPUFeature8Type
3735,sEH_TPPU_System-1:0_HydrogenBond_1425_InxClass,HydrogenBond,sEH_TPPU_System-1:0,"(1, 0)",sEHFeature476Type,TPPUFeature6Type
3736,sEH_TPPU_System-1:0_HydrogenBond_1426_InxClass,HydrogenBond,sEH_TPPU_System-1:0,"(1, 0)",sEHFeature476Type,TPPUFeature7Type
3737,sEH_TPPU_System-1:0_HydrogenBond_1427_InxClass,HydrogenBond,sEH_TPPU_System-1:0,"(1, 0)",sEHFeature476Type,TPPUFeature8Type
3738,sEH_TPPU_System-1:0_HydrogenBond_1428_InxClass,HydrogenBond,sEH_TPPU_System-1:0,"(1, 0)",sEHFeature477Type,TPPUFeature6Type
3739,sEH_TPPU_System-1:0_HydrogenBond_1429_InxClass,HydrogenBond,sEH_TPPU_System-1:0,"(1, 0)",sEHFeature477Type,TPPUFeature7Type
3740,sEH_TPPU_System-1:0_HydrogenBond_1430_InxClass,HydrogenBond,sEH_TPPU_System-1:0,"(1, 0)",sEHFeature477Type,TPPUFeature8Type
3741,sEH_TPPU_System-1:0_HydrogenBond_1431_InxClass,HydrogenBond,sEH_TPPU_System-1:0,"(1, 0)",sEHFeature478Type,TPPUFeature6Type
3742,sEH_TPPU_System-1:0_HydrogenBond_1432_InxClass,HydrogenBond,sEH_TPPU_System-1:0,"(1, 0)",sEHFeature478Type,TPPUFeature7Type
3743,sEH_TPPU_System-1:0_HydrogenBond_1433_InxClass,HydrogenBond,sEH_TPPU_System-1:0,"(1, 0)",sEHFeature478Type,TPPUFeature8Type
3744,sEH_TPPU_System-1:0_HydrogenBond_1434_InxClass,HydrogenBond,sEH_TPPU_System-1:0,"(1, 0)",sEHFeature479Type,TPPUFeature6Type
3745,sEH_TPPU_System-1:0_HydrogenBond_1435_InxClass,HydrogenBond,sEH_TPPU_System-1:0,"(1, 0)",sEHFeature479Type,TPPUFeature7Type
3746,sEH_TPPU_System-1:0_HydrogenBond_1436_InxClass,HydrogenBond,sEH_TPPU_System-1:0,"(1, 0)",sEHFeature479Type,TPPUFeature8Type
3747,sEH_TPPU_System-1:0_HydrogenBond_1437_InxClass,HydrogenBond,sEH_TPPU_System-1:0,"(1, 0)",sEHFeature480Type,TPPUFeature6Type
3748,sEH_TPPU_System-1:0_HydrogenBond_1438_InxClass,HydrogenBond,sEH_TPPU_System-1:0,"(1, 0)",sEHFeature480Type,TPPUFeature7Type
3749,sEH_TPPU_System-1:0_HydrogenBond_1439_InxClass,HydrogenBond,sEH_TPPU_System-1:0,"(1, 0)",sEHFeature480Type,TPPUFeature8Type
3750,sEH_TPPU_System-1:0_HydrogenBond_1440_InxClass,HydrogenBond,sEH_TPPU_System-1:0,"(1, 0)",sEHFeature481Type,TPPUFeature6Type
3751,sEH_TPPU_System-1:0_HydrogenBond_1441_InxClass,HydrogenBond,sEH_TPPU_System-1:0,"(1, 0)",sEHFeature481Type,TPPUFeature7Type
3752,sEH_TPPU_System-1:0_HydrogenBond_1442_InxClass,HydrogenBond,sEH_TPPU_System-1:0,"(1, 0)",sEHFeature481Type,TPPUFeature8Type
3753,sEH_TPPU_System-1:0_HydrogenBond_1443_InxClass,HydrogenBond,sEH_TPPU_System-1:0,"(1, 0)",sEHFeature482Type,TPPUFeature6Type
3754,sEH_TPPU_System-1:0_HydrogenBond_1444_InxClass,HydrogenBond,sEH_TPPU_System-1:0,"(1, 0)",sEHFeature482Type,TPPUFeature7Type
3755,sEH_TPPU_System-1:0_HydrogenBond_1445_InxClass,HydrogenBond,sEH_TPPU_System-1:0,"(1, 0)",sEHFeature482Type,TPPUFeature8Type
3756,sEH_TPPU_System-1:0_HydrogenBond_1446_InxClass,HydrogenBond,sEH_TPPU_System-1:0,"(1, 0)",sEHFeature483Type,TPPUFeature6Type
3757,sEH_TPPU_System-1:0_HydrogenBond_1447_InxClass,HydrogenBond,sEH_TPPU_System-1:0,"(1, 0)",sEHFeature483Type,TPPUFeature7Type
3758,sEH_TPPU_System-1:0_HydrogenBond_1448_InxClass,HydrogenBond,sEH_TPPU_System-1:0,"(1, 0)",sEHFeature483Type,TPPUFeature8Type
3759,sEH_TPPU_System-1:0_HydrogenBond_1449_InxClass,HydrogenBond,sEH_TPPU_System-1:0,"(1, 0)",sEHFeature484Type,TPPUFeature6Type
3760,sEH_TPPU_System-1:0_HydrogenBond_1450_InxClass,HydrogenBond,sEH_TPPU_System-1:0,"(1, 0)",sEHFeature484Type,TPPUFeature7Type
3761,sEH_TPPU_System-1:0_HydrogenBond_1451_InxClass,HydrogenBond,sEH_TPPU_System-1:0,"(1, 0)",sEHFeature484Type,TPPUFeature8Type
3762,sEH_TPPU_System-1:0_HydrogenBond_1452_InxClass,HydrogenBond,sEH_TPPU_System-1:0,"(1, 0)",sEHFeature485Type,TPPUFeature6Type
3763,sEH_TPPU_System-1:0_HydrogenBond_1453_InxClass,HydrogenBond,sEH_TPPU_System-1:0,"(1, 0)",sEHFeature485Type,TPPUFeature7Type
3764,sEH_TPPU_System-1:0_HydrogenBond_1454_InxClass,HydrogenBond,sEH_TPPU_System-1:0,"(1, 0)",sEHFeature485Type,TPPUFeature8Type
3765,sEH_TPPU_System-1:0_HydrogenBond_1455_InxClass,HydrogenBond,sEH_TPPU_System-1:0,"(1, 0)",sEHFeature486Type,TPPUFeature6Type
3766,sEH_TPPU_System-1:0_HydrogenBond_1456_InxClass,HydrogenBond,sEH_TPPU_System-1:0,"(1, 0)",sEHFeature486Type,TPPUFeature7Type
3767,sEH_TPPU_System-1:0_HydrogenBond_1457_InxClass,HydrogenBond,sEH_TPPU_System-1:0,"(1, 0)",sEHFeature486Type,TPPUFeature8Type
3768,sEH_TPPU_System-1:0_HydrogenBond_1458_InxClass,HydrogenBond,sEH_TPPU_System-1:0,"(1, 0)",sEHFeature487Type,TPPUFeature6Type
3769,sEH_TPPU_System-1:0_HydrogenBond_1459_InxClass,HydrogenBond,sEH_TPPU_System-1:0,"(1, 0)",sEHFeature487Type,TPPUFeature7Type
3770,sEH_TPPU_System-1:0_HydrogenBond_1460_InxClass,HydrogenBond,sEH_TPPU_System-1:0,"(1, 0)",sEHFeature487Type,TPPUFeature8Type
3771,sEH_TPPU_System-1:0_HydrogenBond_1461_InxClass,HydrogenBond,sEH_TPPU_System-1:0,"(1, 0)",sEHFeature488Type,TPPUFeature6Type
3772,sEH_TPPU_System-1:0_HydrogenBond_1462_InxClass,HydrogenBond,sEH_TPPU_System-1:0,"(1, 0)",sEHFeature488Type,TPPUFeature7Type
3773,sEH_TPPU_System-1:0_HydrogenBond_1463_InxClass,HydrogenBond,sEH_TPPU_System-1:0,"(1, 0)",sEHFeature488Type,TPPUFeature8Type
3774,sEH_TPPU_System-1:0_HydrogenBond_1464_InxClass,HydrogenBond,sEH_TPPU_System-1:0,"(1, 0)",sEHFeature489Type,TPPUFeature6Type
3775,sEH_TPPU_System-1:0_HydrogenBond_1465_InxClass,HydrogenBond,sEH_TPPU_System-1:0,"(1, 0)",sEHFeature489Type,TPPUFeature7Type
3776,sEH_TPPU_System-1:0_HydrogenBond_1466_InxClass,HydrogenBond,sEH_TPPU_System-1:0,"(1, 0)",sEHFeature489Type,TPPUFeature8Type
3777,sEH_TPPU_System-1:0_HydrogenBond_1467_InxClass,HydrogenBond,sEH_TPPU_System-1:0,"(1, 0)",sEHFeature490Type,TPPUFeature6Type
3778,sEH_TPPU_System-1:0_HydrogenBond_1468_InxClass,HydrogenBond,sEH_TPPU_System-1:0,"(1, 0)",sEHFeature490Type,TPPUFeature7Type
3779,sEH_TPPU_System-1:0_HydrogenBond_1469_InxClass,HydrogenBond,sEH_TPPU_System-1:0,"(1, 0)",sEHFeature490Type,TPPUFeature8Type
3780,sEH_TPPU_System-1:0_HydrogenBond_1470_InxClass,HydrogenBond,sEH_TPPU_System-1:0,"(1, 0)",sEHFeature491Type,TPPUFeature6Type
3781,sEH_TPPU_System-1:0_HydrogenBond_1471_InxClass,HydrogenBond,sEH_TPPU_System-1:0,"(1, 0)",sEHFeature491Type,TPPUFeature7Type
3782,sEH_TPPU_System-1:0_HydrogenBond_1472_InxClass,HydrogenBond,sEH_TPPU_System-1:0,"(1, 0)",sEHFeature491Type,TPPUFeature8Type
3783,sEH_TPPU_System-1:0_HydrogenBond_1473_InxClass,HydrogenBond,sEH_TPPU_System-1:0,"(1, 0)",sEHFeature492Type,TPPUFeature6Type
3784,sEH_TPPU_System-1:0_HydrogenBond_1474_InxClass,HydrogenBond,sEH_TPPU_System-1:0,"(1, 0)",sEHFeature492Type,TPPUFeature7Type
3785,sEH_TPPU_System-1:0_HydrogenBond_1475_InxClass,HydrogenBond,sEH_TPPU_System-1:0,"(1, 0)",sEHFeature492Type,TPPUFeature8Type
3786,sEH_TPPU_System-1:0_HydrogenBond_1476_InxClass,HydrogenBond,sEH_TPPU_System-1:0,"(1, 0)",sEHFeature493Type,TPPUFeature6Type
3787,sEH_TPPU_System-1:0_HydrogenBond_1477_InxClass,HydrogenBond,sEH_TPPU_System-1:0,"(1, 0)",sEHFeature493Type,TPPUFeature7Type
3788,sEH_TPPU_System-1:0_HydrogenBond_1478_InxClass,HydrogenBond,sEH_TPPU_System-1:0,"(1, 0)",sEHFeature493Type,TPPUFeature8Type
3789,sEH_TPPU_System-1:0_HydrogenBond_1479_InxClass,HydrogenBond,sEH_TPPU_System-1:0,"(1, 0)",sEHFeature494Type,TPPUFeature6Type
3790,sEH_TPPU_System-1:0_HydrogenBond_1480_InxClass,HydrogenBond,sEH_TPPU_System-1:0,"(1, 0)",sEHFeature494Type,TPPUFeature7Type
3791,sEH_TPPU_System-1:0_HydrogenBond_1481_InxClass,HydrogenBond,sEH_TPPU_System-1:0,"(1, 0)",sEHFeature494Type,TPPUFeature8Type
3792,sEH_TPPU_System-1:0_HydrogenBond_1482_InxClass,HydrogenBond,sEH_TPPU_System-1:0,"(1, 0)",sEHFeature495Type,TPPUFeature6Type
3793,sEH_TPPU_System-1:0_HydrogenBond_1483_InxClass,HydrogenBond,sEH_TPPU_System-1:0,"(1, 0)",sEHFeature495Type,TPPUFeature7Type
3794,sEH_TPPU_System-1:0_HydrogenBond_1484_InxClass,HydrogenBond,sEH_TPPU_System-1:0,"(1, 0)",sEHFeature495Type,TPPUFeature8Type
3795,sEH_TPPU_System-1:0_HydrogenBond_1485_InxClass,HydrogenBond,sEH_TPPU_System-1:0,"(1, 0)",sEHFeature496Type,TPPUFeature6Type
3796,sEH_TPPU_System-1:0_HydrogenBond_1486_InxClass,HydrogenBond,sEH_TPPU_System-1:0,"(1, 0)",sEHFeature496Type,TPPUFeature7Type
3797,sEH_TPPU_System-1:0_HydrogenBond_1487_InxClass,HydrogenBond,sEH_TPPU_System-1:0,"(1, 0)",sEHFeature496Type,TPPUFeature8Type
3798,sEH_TPPU_System-1:0_HydrogenBond_1488_InxClass,HydrogenBond,sEH_TPPU_System-1:0,"(1, 0)",sEHFeature497Type,TPPUFeature6Type
3799,sEH_TPPU_System-1:0_HydrogenBond_1489_InxClass,HydrogenBond,sEH_TPPU_System-1:0,"(1, 0)",sEHFeature497Type,TPPUFeature7Type
3800,sEH_TPPU_System-1:0_HydrogenBond_1490_InxClass,HydrogenBond,sEH_TPPU_System-1:0,"(1, 0)",sEHFeature497Type,TPPUFeature8Type
3801,sEH_TPPU_System-1:0_HydrogenBond_1491_InxClass,HydrogenBond,sEH_TPPU_System-1:0,"(1, 0)",sEHFeature498Type,TPPUFeature6Type
3802,sEH_TPPU_System-1:0_HydrogenBond_1492_InxClass,HydrogenBond,sEH_TPPU_System-1:0,"(1, 0)",sEHFeature498Type,TPPUFeature7Type
3803,sEH_TPPU_System-1:0_HydrogenBond_1493_InxClass,HydrogenBond,sEH_TPPU_System-1:0,"(1, 0)",sEHFeature498Type,TPPUFeature8Type
3804,sEH_TPPU_System-1:0_HydrogenBond_1494_InxClass,HydrogenBond,sEH_TPPU_System-1:0,"(1, 0)",sEHFeature499Type,TPPUFeature6Type
3805,sEH_TPPU_System-1:0_HydrogenBond_1495_InxClass,HydrogenBond,sEH_TPPU_System-1:0,"(1, 0)",sEHFeature499Type,TPPUFeature7Type
3806,sEH_TPPU_System-1:0_HydrogenBond_1496_InxClass,HydrogenBond,sEH_TPPU_System-1:0,"(1, 0)",sEHFeature499Type,TPPUFeature8Type
3807,sEH_TPPU_System-1:0_HydrogenBond_1497_InxClass,HydrogenBond,sEH_TPPU_System-1:0,"(1, 0)",sEHFeature500Type,TPPUFeature6Type
3808,sEH_TPPU_System-1:0_HydrogenBond_1498_InxClass,HydrogenBond,sEH_TPPU_System-1:0,"(1, 0)",sEHFeature500Type,TPPUFeature7Type
3809,sEH_TPPU_System-1:0_HydrogenBond_1499_InxClass,HydrogenBond,sEH_TPPU_System-1:0,"(1, 0)",sEHFeature500Type,TPPUFeature8Type
