id,category,rhythmic_in_ctrl,rhythmic_in_asthma,diff_rhythmic,ctrl_amp,ctrl_phase,asthma_amp,asthma_phase,p_val_ctrl_or_b,adj_p_val_ctrl_or_asthma,p_val_DR,adj_p_val_DR
ENSG00000005189,same,TRUE,TRUE,FALSE,0.333427631940787,0.0402955503352484,0.205872092537887,6.26194572242131,1.93825125015072e-07,1.80653566679607e-05,0.340010483263388,0.604617488627694
ENSG00000005379,same,TRUE,TRUE,FALSE,0.224034543682879,2.85004527720857,0.250539088640046,2.75649343137881,2.86339333522814e-06,0.000158116383174505,0.916967431734143,0.949296411699129
ENSG00000005486,same,TRUE,FALSE,FALSE,0.200692548562574,0.760452728862896,0.16397147109059,0.447382541827692,8.56950916216904e-08,9.49678915357891e-06,0.493732266579658,0.693371835240129
ENSG00000005844,loss,TRUE,FALSE,TRUE,0.216434726019727,3.73248525349478,0.101416640011943,2.21125962771,0.00354038079835746,0.0318356905701208,0.0198477826494609,0.16447833518529
ENSG00000006016,loss,TRUE,FALSE,TRUE,0.353665399834627,3.28756993057719,0.0535475467248472,3.32913100457393,0.000888328682588513,0.0119564830188206,0.0298560004778046,0.183685488653922
ENSG00000006740,same,TRUE,FALSE,FALSE,0.319285794117514,3.59052899479106,0.190632298769917,3.48995101035573,1.51375140304893e-10,5.52828893081666e-08,0.165600873788675,0.426137897548495
ENSG00000007174,same,TRUE,TRUE,FALSE,0.246181836955234,3.07811254746135,0.296019352927653,2.84013189848264,1.9955672270423e-05,0.000737167121180294,0.731624387889267,0.839483755908466
ENSG00000007516,same,TRUE,TRUE,FALSE,0.309821786015308,3.50335392645178,0.289911993795007,3.4216106319761,5.17279447087862e-11,2.24653065817699e-08,0.920343076979896,0.951266604366421
ENSG00000008277,same,TRUE,TRUE,FALSE,0.291943047068821,3.67357975659339,0.241549079479799,3.47146698707524,8.4369800935943e-05,0.0020793532687725,0.789194825150255,0.868517644032478
ENSG00000008405,same,TRUE,TRUE,FALSE,0.238283884015946,0.411401597066756,0.25254530291628,0.0769393867825659,2.61015648190295e-22,4.66028938974427e-19,0.154564116856582,0.417775813762979
ENSG00000009790,same,TRUE,TRUE,FALSE,0.708987495299768,3.71131093191499,0.500096458878268,3.58663541592428,0.00557345099846224,0.0435578508284328,0.780250692629571,0.864288105105937
ENSG00000010361,same,TRUE,FALSE,FALSE,0.272559996743638,3.40141319424239,0.17052174610973,3.28322491396515,2.69649999432086e-07,2.36776275457606e-05,0.349862154484435,0.607556322034799
ENSG00000010810,loss,TRUE,FALSE,TRUE,0.35152834888097,3.90573150485019,0.128096026132987,4.57503573199718,3.63320713235163e-07,3.02497437356261e-05,0.00844125063929844,0.102887696471449
ENSG00000013016,loss,TRUE,FALSE,TRUE,0.31561714964358,3.37188447590503,0.0782561742979642,5.16737721148907,0.000537542591478494,0.00833761766647483,0.00310506739334556,0.0730295997758576
ENSG00000023171,same,TRUE,FALSE,FALSE,0.276341945500143,3.39297392803294,0.173265319470617,3.18263154908069,2.18192549900869e-06,0.000126575309904587,0.359780130229586,0.618132883319981
ENSG00000026025,same,TRUE,TRUE,FALSE,0.319426171519312,2.96053059432747,0.268814783245259,3.39541554436294,0.00374551476923604,0.0330543464162008,0.652618989699338,0.793597716668346
ENSG00000026559,same,TRUE,TRUE,FALSE,0.371160439132362,2.72771968643199,0.272969902059985,2.30826645350655,0.00600612452132979,0.0457253273932113,0.618683233316788,0.776428513255865
ENSG00000035862,loss,TRUE,FALSE,TRUE,0.298192531300153,2.83609204788549,0.0485644646242265,0.962398859129209,0.0027695834469756,0.0268158968526312,0.00933275251116933,0.105771195126586
ENSG00000036828,change,TRUE,TRUE,TRUE,0.806807771227757,3.88386937275054,1.28734073928903,2.28462877606521,0.00254868523236967,0.0254694172879031,0.0153353533690137,0.148863620736797
ENSG00000041982,same,TRUE,TRUE,FALSE,0.322035028099358,2.82513604826873,0.222077807364455,2.54337734753692,0.000181138893746978,0.0037098364040714,0.549459533760938,0.726133701199822
ENSG00000047634,same,TRUE,FALSE,FALSE,0.282953024850792,0.329656844226958,0.129437422969859,0.677316016988859,0.00124393057407318,0.0151200608129969,0.253461313105578,0.526482341691972
ENSG00000047648,same,TRUE,TRUE,FALSE,0.370692631650514,2.97969214109794,0.363912011075961,3.09789109645131,3.36145105935854e-10,1.00028068653393e-07,0.906170685584019,0.946274150827125
ENSG00000048052,same,FALSE,TRUE,FALSE,0.0962376834845408,1.65810882825923,0.268547920522464,1.12329705558732,0.00313523865036382,0.0294620759489452,0.167954611749125,0.427160154291082
ENSG00000049246,change,TRUE,TRUE,TRUE,0.718458712280896,3.06352989210765,0.954223817343485,3.32279185953971,6.36792380584535e-36,2.35279179957828e-32,0.015767648031212,0.148863620736797
ENSG00000049323,loss,TRUE,FALSE,TRUE,0.399205720313672,3.59092954032972,0.129618764314407,3.52188331523533,1.4709405673385e-07,1.47728399853515e-05,0.0144638504275604,0.14374842117237
ENSG00000050165,loss,TRUE,FALSE,TRUE,0.252498095493651,2.8439251811049,0.0181737405471525,0.996650278121938,0.000392542603017972,0.00666078889957317,0.00347909409956906,0.0749164929440537
ENSG00000053438,same,TRUE,TRUE,FALSE,0.55687687871322,6.23665421224768,0.265017813210546,0.229562258438561,0.00602675322402299,0.0458107367818474,0.382534113661872,0.62604005132938
ENSG00000054179,same,TRUE,TRUE,FALSE,0.201402296956535,3.15079292803044,0.226032660907593,2.97595853131951,5.84174274799005e-05,0.00161290316524832,0.869621688720677,0.917934004760714
ENSG00000054392,same,TRUE,FALSE,FALSE,0.233485025259007,3.25219853667119,0.176681735208932,2.85215329886136,1.32479336314445e-10,5.0685963219924e-08,0.193662880641412,0.471065465178361
ENSG00000055163,same,TRUE,FALSE,FALSE,0.216716536254747,3.16467411996484,0.108904243552398,2.51819317896597,0.00509609637719614,0.0409241242804422,0.247530804317471,0.5174915844307
ENSG00000055732,same,TRUE,TRUE,FALSE,0.240681868364042,0.385959267897953,0.387348379256051,0.141720974371323,0.00185149439768376,0.0202530044087,0.570583194384331,0.735722043058438
ENSG00000061918,same,FALSE,TRUE,FALSE,0.0557919868881831,5.48571619687268,0.202235715602141,4.35079560795426,0.00475436680463984,0.039058241402739,0.0565620826961745,0.251482769043874
ENSG00000063127,same,TRUE,TRUE,FALSE,0.266975140038752,2.99932097760393,0.275616512650612,2.8661252216067,5.20630989979892e-05,0.00148333676914661,0.940864946997449,0.961706892025873
ENSG00000064270,same,FALSE,TRUE,FALSE,0.163405333225264,2.84544283482612,0.2244340448361,2.69862481175818,7.42211156086061e-11,2.98164776678673e-08,0.427954651909325,0.652025247956189
ENSG00000064300,same,TRUE,TRUE,FALSE,0.264008378321726,5.126515084089,0.223383985209005,4.87750063489644,6.27801722319891e-05,0.00170004881918819,0.751814901002742,0.850564669085414
ENSG00000064989,same,FALSE,TRUE,FALSE,0.071334675736205,3.5720351412713,0.269245493716267,3.67962471051215,0.00031265873220997,0.00557615223960267,0.070974004041477,0.284287246065859
ENSG00000065534,same,TRUE,FALSE,FALSE,0.24606685394199,3.75263862974027,0.140064813912903,3.78895706794828,5.71326011767392e-08,6.79127789344266e-06,0.219155535958742,0.498501676863899
ENSG00000066279,same,TRUE,FALSE,FALSE,0.403460225975271,6.2001586293563,0.132830175671194,5.35302012962823,0.0039701429400948,0.0343359671175368,0.085304157903737,0.315747915267943
ENSG00000067646,loss,TRUE,FALSE,TRUE,0.509533952976774,3.2342604709241,0.0975317789776525,5.89659154208554,0.00516874741384531,0.0413407469152305,0.00580907334684132,0.0833924751568776
ENSG00000067842,same,TRUE,TRUE,FALSE,0.445776619610188,2.96425835216737,0.663790956902749,4.26932210790803,0.00494518260812861,0.040012154748247,0.0598993504401654,0.257590443496462
ENSG00000069431,same,TRUE,TRUE,FALSE,0.223134387642372,4.11327723986967,0.449722951312982,3.92928669607983,0.000213160534434615,0.00422873657756768,0.30176521593898,0.571672520517834
ENSG00000069812,same,FALSE,TRUE,FALSE,0.0798556751387791,5.49278006645544,0.200548287665624,5.15530696267934,0.000358587881606128,0.0061627258497635,0.161999441114082,0.423155305085975
ENSG00000072201,same,TRUE,TRUE,FALSE,0.232285467991582,3.52741896714738,0.222000835316714,3.5639012698194,4.20233630209248e-19,6.13884927621128e-16,0.954395526136864,0.966362868157388
ENSG00000072571,same,TRUE,TRUE,FALSE,0.286455337907594,6.17985401828793,0.227685286678697,5.56162563703006,0.00211631940614931,0.0222268866257603,0.407482975185531,0.639643731200602
ENSG00000074219,same,TRUE,TRUE,FALSE,0.226329802908227,2.76697708590056,0.209432059023093,2.72750463628469,0.000219693314176598,0.00433159738098619,0.97872747305665,0.981483350388231
ENSG00000075461,same,TRUE,TRUE,FALSE,0.364091613765824,3.64262441913762,0.252493690889307,3.5740263337194,0.000204222023573855,0.0040969334541926,0.683647136497217,0.809707411186762
ENSG00000078018,same,TRUE,TRUE,FALSE,0.235827412808227,3.16317948211461,0.210243044726879,3.20171285638161,8.83456335566686e-06,0.000382648513644773,0.945982769488471,0.963887806134941
ENSG00000078081,gain,FALSE,TRUE,TRUE,0.0393287724047944,0.21848392814855,0.274778123402926,0.175596457666312,0.000124707914399756,0.00280270136571983,0.0168156175051205,0.150873457059831
ENSG00000080824,same,TRUE,FALSE,FALSE,0.267508149803761,3.63285838846182,0.190858636315896,3.73239835994101,4.19094806561758e-07,3.4012295185055e-05,0.569931834892821,0.735722043058438
ENSG00000080839,same,TRUE,FALSE,FALSE,0.20868212036535,5.40105005087938,0.168843124556465,4.60833483271377,0.000976577718081688,0.0127078817619265,0.22178097195192,0.501561819411883
ENSG00000081041,gain,FALSE,TRUE,TRUE,0.198031203623859,0.220882742903798,0.578198893141416,0.753725893461501,9.49923986504094e-06,0.000403818215321013,0.0336152669260028,0.199224426001815
ENSG00000081059,same,TRUE,FALSE,FALSE,0.213357747370364,4.33115464198252,0.114070726963611,4.80206631268911,0.000150065204180268,0.00325424799726414,0.211141173000349,0.490210483521123
ENSG00000081181,same,TRUE,TRUE,FALSE,0.325413719378609,0.212018070538874,0.370110039614256,0.189023008029423,0.000155088965032333,0.00332726913098073,0.951617033887827,0.965062172514186
ENSG00000085465,same,TRUE,TRUE,FALSE,0.437309191591618,0.60391139906993,0.276690646911654,0.395298215556662,2.20119678142364e-05,0.000789843689089383,0.436830355289545,0.656261417481503
ENSG00000087245,same,TRUE,TRUE,FALSE,0.471069458458875,2.87436579729641,0.419185122545916,2.87022320027227,0.00604018546959437,0.045891130170644,0.975101740115054,0.979651203910303
ENSG00000087253,loss,TRUE,FALSE,TRUE,0.221452614488223,2.98477860263431,0.0361539960335221,3.43696082441041,0.000644679038868271,0.00948658193733906,0.0248326826442603,0.176284758112002
ENSG00000088386,same,TRUE,TRUE,FALSE,0.335325681895264,0.0624985142561583,0.310350094604079,0.242787697194694,0.000114385702510419,0.00262956202237472,0.890197582187829,0.935466666743342
ENSG00000089057,same,TRUE,FALSE,FALSE,0.201572980437487,0.283902652016291,0.1530099358401,6.20753026058894,7.32888701336423e-07,5.28107109496636e-05,0.406740231924378,0.639643731200602
ENSG00000089101,same,TRUE,TRUE,FALSE,0.274559946411142,3.29446010310189,0.211541937969192,3.03097829444071,4.80284532948147e-08,6.0961524056685e-06,0.487887153574306,0.689661052973745
ENSG00000089127,same,FALSE,TRUE,FALSE,0.0848186050508185,5.63581453724286,0.204321630036079,0.391870655521941,0.0012303937257177,0.0149895350860938,0.0572259551849063,0.251482769043874
ENSG00000089847,same,TRUE,TRUE,FALSE,0.391107479952266,3.27454759047825,0.288210722882332,3.14669046018174,4.2781493229214e-08,5.5439985056471e-06,0.563277056213204,0.734664633869927
ENSG00000090661,same,TRUE,FALSE,FALSE,0.253861954281771,3.65131301521361,0.15144824019285,3.78958373099135,3.55524410959447e-10,1.03871304721952e-07,0.166893015603358,0.426137897548495
ENSG00000091262,same,TRUE,FALSE,FALSE,0.212620438854276,3.54080328285671,0.13028382225306,3.15344157602626,1.67448640036394e-06,0.000103889274005591,0.218436693788841,0.498501676863899
ENSG00000091428,same,TRUE,FALSE,FALSE,0.521080021691245,1.03249079402277,0.0985679804567054,0.922321158210926,0.00436814490643452,0.0367881134703859,0.0772444642098384,0.302423781088216
ENSG00000092421,change,TRUE,TRUE,TRUE,0.244324723489568,0.831135689739681,0.210091622384284,3.62631483252015,9.83129339830631e-05,0.00235152750858433,1.08582042076204e-05,0.00646032717751144
ENSG00000094804,same,TRUE,TRUE,FALSE,0.485909860601421,6.14160235036581,0.207195541201568,6.15523676253606,0.000218358156118256,0.00432117883086732,0.198086130686845,0.479264570875287
ENSG00000095370,same,TRUE,FALSE,FALSE,0.536020497405298,3.64385010358681,0.107447911867125,4.65491687517615,0.00578165720703993,0.0446875659739897,0.0472227516032133,0.23110528436118
ENSG00000095564,same,TRUE,FALSE,FALSE,0.244352915800642,0.21708346765486,0.0649221263275232,0.447913909519841,9.14413508061516e-05,0.0022229516885084,0.0375143401696302,0.204905096696848
ENSG00000095585,same,TRUE,FALSE,FALSE,0.262599575614036,5.04219412248849,0.120019430908169,5.33405257339483,1.32407732855138e-05,0.000529046619876424,0.126652976449328,0.362025764540999
ENSG00000095637,same,TRUE,TRUE,FALSE,0.415938409231536,4.46476028061517,0.300471694082094,4.24676864931425,1.71969179306684e-06,0.000105883280512903,0.531326102838591,0.71507638007027
ENSG00000097046,loss,TRUE,FALSE,TRUE,0.226497242112047,5.80634721408778,0.0427951348876174,6.18210402017174,0.000400320127779179,0.00674659357510762,0.027061604007657,0.177123282708214
ENSG00000099194,same,TRUE,TRUE,FALSE,0.263628894084005,4.69126721002749,0.206120025845562,4.73350586238333,0.000770521741477364,0.0108705126108865,0.859601957357058,0.913327079691874
ENSG00000099338,same,TRUE,FALSE,FALSE,0.237980207103302,2.87128092500757,0.183323316046269,2.36206376947172,0.000158309142130954,0.00338280532566794,0.398291949261383,0.639643731200602
ENSG00000099864,loss,TRUE,FALSE,TRUE,0.25493843388561,2.83656847559393,0.057064383058302,1.19913255182496,0.000177817979328244,0.00367472194052138,0.00232793801936566,0.0653846939352268
ENSG00000100031,same,TRUE,TRUE,FALSE,0.310352145501112,2.72765438172889,0.278393497660448,2.35552405115746,0.00288555195934766,0.02770755063061,0.735409167604088,0.842319448562647
ENSG00000100079,same,TRUE,TRUE,FALSE,0.608462558645039,1.47976416124135,0.765556423827699,0.903255669845815,0.00587314945014673,0.0451990605911915,0.510168942144051,0.699423131203513
ENSG00000100162,same,FALSE,TRUE,FALSE,0.165628838644955,2.97464461872813,0.213562449985323,2.57023911517754,0.00477935301802787,0.0392159793399733,0.659818557409755,0.795583060612916
ENSG00000100201,same,FALSE,TRUE,FALSE,0.0532954302198795,3.8755763944666,0.202927318834179,3.41653477002169,0.000574218050453223,0.00874040449978998,0.0657433550863622,0.271602710880849
ENSG00000100234,gain,FALSE,TRUE,TRUE,0.0956081576742422,2.84751426822993,0.246025533911233,4.34264980712479,0.000105199747081707,0.00246063280328376,0.00409322206693102,0.0777712192716894
ENSG00000100292,loss,TRUE,FALSE,TRUE,0.216509925314617,2.88620725714925,0.052321178815667,0.908128041603109,0.00272849152519769,0.0265953977831124,0.00651960030777725,0.0859522816086552
ENSG00000100302,same,TRUE,FALSE,FALSE,0.431004012604759,2.82573574060303,0.0500294357030301,2.52527840901261,0.00485501124199959,0.0395461382136331,0.0455289329808498,0.226243774658685
ENSG00000100385,same,TRUE,TRUE,FALSE,0.488797273260484,4.41173554502118,0.80168264002329,4.40611242430504,7.1564154787816e-05,0.00186563500530364,0.502609985012243,0.69710602510171
ENSG00000100399,loss,TRUE,FALSE,TRUE,0.328410973157716,3.98464284945632,0.111921831612362,4.56640193572922,4.8408465635014e-07,3.75202764267616e-05,0.00963967088138991,0.105905161342113
ENSG00000100416,same,TRUE,FALSE,FALSE,0.2207801214899,0.242333025339274,0.0646114457575293,1.1586846829556,0.00562418137719753,0.0437864833525271,0.07537080084254,0.296887422830981
ENSG00000100554,same,TRUE,FALSE,FALSE,0.219480658626268,3.66619387406461,0.144328211908091,3.72479837110946,6.85317268760248e-10,1.62471821111821e-07,0.323953713968338,0.592101900462221
ENSG00000100583,same,TRUE,TRUE,FALSE,0.265686377351983,3.63568400567105,0.210275912283429,3.23036330223102,4.46952582714114e-07,3.5554856691253e-05,0.369778582243146,0.625332366830033
ENSG00000100626,same,TRUE,TRUE,FALSE,0.467432027602464,4.00555825283094,0.4814736750715,3.30732617529609,0.00144028082535824,0.0168810157422915,0.345714228068606,0.606343448160427
ENSG00000101049,same,FALSE,TRUE,FALSE,0.178951146420872,1.39158483520594,0.695822188460712,2.13931614319576,0.00380217536683462,0.0334229518433619,0.0859788943813056,0.315747915267943
ENSG00000101224,same,FALSE,TRUE,FALSE,0.1596547806545,3.6801483643396,0.207090276495651,4.02171617433134,4.67823490072892e-05,0.00136681012036024,0.561547069458271,0.734330783137739
ENSG00000101298,gain,FALSE,TRUE,TRUE,0.132057187501631,2.54750805753519,0.246917423513182,0.921948742908571,0.00400066002723769,0.0345273321889096,0.0188741786279337,0.163498937211814
ENSG00000101445,same,TRUE,TRUE,FALSE,0.377520793525379,2.62860184061669,0.324071199188468,1.89318108663695,0.00146139751738627,0.0171035664289001,0.296199609252185,0.562779257579151
ENSG00000101825,same,TRUE,TRUE,FALSE,0.338668949868842,3.53907547253707,0.24059346948434,3.57427474814767,0.00104940013046632,0.0132860829039117,0.762767194856672,0.861446866918549
ENSG00000102317,same,TRUE,TRUE,FALSE,0.621124225141375,0.0569267603630332,0.498966160041993,6.04703167219046,4.69339536752306e-13,3.7709085080364e-10,0.307875016467758,0.579846240927613
ENSG00000102466,same,TRUE,TRUE,FALSE,0.457410032912225,3.36619229070195,0.537772998913993,3.06843514193137,4.85879385887102e-10,1.30126597530331e-07,0.469246092621344,0.681252243097419
ENSG00000102871,same,TRUE,FALSE,FALSE,0.278238178941317,3.12183602323202,0.176598397539463,3.45068475565672,6.26886416331928e-10,1.5739746600059e-07,0.142988704136741,0.38974980114909
ENSG00000102893,same,TRUE,FALSE,FALSE,0.223257513101076,3.84604218135443,0.160045506948838,3.83326725159483,3.19743483056992e-14,3.66997002088772e-11,0.346770301470995,0.606343448160427
ENSG00000103196,same,FALSE,TRUE,FALSE,0.158966684792796,4.28441179105812,0.201878531181161,4.50749340464516,0.000955335956042154,0.0125112416280696,0.781337853532302,0.864288105105937
ENSG00000103316,gain,FALSE,TRUE,TRUE,0.0348392267811441,2.31086746854202,0.217323938853789,0.845287730557374,0.000305659415715582,0.00549400576189451,0.00680705839363447,0.0879471944457573
ENSG00000104332,same,TRUE,TRUE,FALSE,1.06702179043707,3.20488796018932,0.689894117608878,3.07145407567037,0.000159921904248649,0.00340820302303918,0.564076870587436,0.734664633869927
ENSG00000104381,same,TRUE,FALSE,FALSE,0.208166854278389,0.0349967580302992,0.171253702947454,6.27251312588178,3.85703438018746e-07,3.1511448504084e-05,0.828331405961823,0.887952840398866
ENSG00000104490,same,TRUE,FALSE,FALSE,0.20875379942565,3.60987310619891,0.118754942412581,3.52220979211284,0.000109597966042555,0.00253765088809483,0.410250695691398,0.639643731200602
ENSG00000105516,same,TRUE,TRUE,FALSE,0.347405276264462,3.34010992419153,0.378911489585934,3.48182570645507,2.883986419754e-12,1.85371111116108e-09,0.794530289987053,0.871420318050316
ENSG00000105664,change,TRUE,TRUE,TRUE,0.842790682296696,2.48867657386001,0.660144884569639,1.0204915645301,0.00299398017833695,0.0285520875286032,0.0247768572335679,0.176284758112002
ENSG00000105696,same,TRUE,TRUE,FALSE,0.611399752404597,2.95832421596874,0.364651721971738,2.3181427820432,0.00292289945801136,0.0280071982055961,0.290217637196407,0.558158998619087
ENSG00000105982,same,TRUE,FALSE,FALSE,0.254541301486317,3.95290925762415,0.195502319172936,3.68061259327518,2.22025517690171e-07,2.01566556144823e-05,0.503945067681887,0.69710602510171
ENSG00000106211,same,TRUE,FALSE,FALSE,0.20635665872409,4.02152500281279,0.170102995212473,4.5497337411386,3.22720323465276e-05,0.00103149451339117,0.35338039124236,0.612020731213311
ENSG00000106541,same,TRUE,FALSE,FALSE,0.223342846761381,4.31879893999634,0.0928306746653291,4.50125245200999,9.72477384186022e-06,0.000411229975960136,0.0973834163995218,0.319338512660361
ENSG00000106686,same,TRUE,FALSE,FALSE,0.231147797296606,0.454475091550502,0.116461725153852,0.912499885968331,0.000306327474297263,0.0054998616586399,0.210252922631093,0.490210483521123
ENSG00000106804,same,FALSE,TRUE,FALSE,0.118351106720468,3.89088388241749,0.228253130838179,3.15387201268998,0.00271525050014047,0.0265666807578103,0.201910851990097,0.483206420715339
ENSG00000107186,same,TRUE,TRUE,FALSE,0.227971600428691,3.87265850665637,0.215194267557326,3.51936926386168,2.05463246116503e-12,1.43547343558526e-09,0.340682300093623,0.604617488627694
ENSG00000107281,same,TRUE,FALSE,FALSE,0.317800268383779,3.20440199625016,0.184895648507271,3.1028329906423,4.54648488876863e-07,3.59888993485828e-05,0.276564037580078,0.551183168538272
ENSG00000107796,same,TRUE,FALSE,FALSE,0.37137135380867,3.12574638071753,0.173602780206093,2.96663994705211,6.8754022251564e-10,1.62471821111821e-07,0.0374863629770779,0.204905096696848
ENSG00000107984,same,TRUE,FALSE,FALSE,0.288824163355307,3.20436999695582,0.0464702460756287,2.68380197405029,0.00208065412368404,0.0219527453141686,0.0386626390092998,0.204905096696848
ENSG00000108342,change,TRUE,TRUE,TRUE,0.457119858365678,5.50410106469842,1.11214998682571,0.39299611161686,0.000531319670571248,0.00828688948200058,0.02784566090653,0.177123282708214
ENSG00000108474,same,TRUE,FALSE,FALSE,0.253226076536202,0.269207164084078,0.0696949182423801,0.693919519075246,0.00384028465082764,0.0336658669144296,0.1125507739291,0.34245526617462
ENSG00000108556,loss,TRUE,FALSE,TRUE,0.699578784549374,1.31575572489917,0.107935230058354,4.88413404379072,0.00104743716058304,0.0132843470666211,0.0021062324828758,0.0618466447244439
ENSG00000108622,same,TRUE,TRUE,FALSE,0.352401986514847,0.504894835800993,0.428211773159558,0.484045354567291,3.47987499790851e-06,0.000184548222248818,0.858718163352435,0.913327079691874
ENSG00000108797,same,TRUE,FALSE,FALSE,0.264816359614597,0.483051653465209,0.112384227386363,1.0144960597918,0.000466569231130301,0.00753497585430433,0.131161383688877,0.370001108572115
ENSG00000108813,same,TRUE,FALSE,FALSE,0.373112494644863,2.64294458265263,0.173806730713325,2.54807974954939,5.05812036907076e-05,0.00145140957518925,0.203715779080163,0.483206420715339
ENSG00000108846,same,TRUE,TRUE,FALSE,0.262193954638971,5.66964582240897,0.228958471960373,5.64485699390016,0.000372883165591357,0.00637431871051864,0.950508663990933,0.965062172514186
ENSG00000109182,same,TRUE,FALSE,FALSE,0.260839125440591,3.84383264806566,0.0964329093802245,4.18174456986922,0.00029944149314581,0.00543084125661402,0.113715963754011,0.343273423294818
ENSG00000109255,loss,TRUE,FALSE,TRUE,0.507389123610253,6.24459448027549,0.182649520043018,5.0224209331084,0.000921601760397403,0.0122059317398841,0.0213691244562973,0.16710063194021
ENSG00000109265,same,TRUE,FALSE,FALSE,0.355748969107,4.45109734506496,0.127837172553466,4.18688216218357,0.00478217047006438,0.0392159793399733,0.217920889560755,0.498501676863899
ENSG00000109272,same,TRUE,TRUE,FALSE,0.346090265582259,4.52787640651225,0.445854677905154,5.85799779032157,0.00422896529164621,0.0359932432581901,0.0525773631893282,0.244833807453178
ENSG00000109736,same,TRUE,FALSE,FALSE,0.269744450630294,3.07929677254317,0.161868711880403,2.88943549339006,6.81670884781175e-12,3.91206051698168e-09,0.111191936494267,0.342332305097837
ENSG00000109738,same,TRUE,FALSE,FALSE,0.244361085076436,3.5032253913301,0.124454256443374,3.34669988551855,1.94492918262319e-07,1.80653566679607e-05,0.132646272021169,0.372563007502934
ENSG00000110799,same,FALSE,TRUE,FALSE,0.199793748296345,3.92021767884598,0.217992627369712,3.45146452813095,0.000339951405095903,0.00592481467297837,0.549658482796769,0.726133701199822
ENSG00000110852,same,TRUE,TRUE,FALSE,0.280453707119532,0.353017954128842,0.2493190276167,5.58666759127327,0.00643396027279576,0.0477981080090407,0.157545746942664,0.41882531903276
ENSG00000110900,same,TRUE,TRUE,FALSE,0.428248755524772,3.54267384364138,0.45751182953942,3.21870964654028,2.88709234384111e-11,1.4965382862317e-08,0.438507768658751,0.657252943279705
ENSG00000111186,loss,TRUE,FALSE,TRUE,0.30623508368937,3.13467520833335,0.0877708393398349,3.55320488709031,6.39847939403496e-06,0.000299758499658157,0.0166129113936681,0.150873457059831
ENSG00000111328,loss,TRUE,FALSE,TRUE,0.236007896201654,2.36878878199283,0.153389403324277,0.569766232768914,0.000209638541528609,0.00418469779356921,0.00109099692928229,0.0469856010877571
ENSG00000111879,same,TRUE,FALSE,FALSE,0.218804805624578,3.6465497520265,0.120946463809983,2.82600281161076,0.000261587184496221,0.00491630931891201,0.0919126557604354,0.317875790982023
ENSG00000112081,same,TRUE,FALSE,FALSE,0.27358617632383,0.244080576955021,0.198758783449113,0.223544748843026,9.2243722712875e-12,5.11125648370065e-09,0.45019449147558,0.670105164730932
ENSG00000112186,same,TRUE,FALSE,FALSE,0.247338396753571,3.83094148159049,0.191468580712439,3.8004798450805,2.99555465775358e-08,4.22241822767037e-06,0.698113496485678,0.818477892431484
ENSG00000112539,same,TRUE,TRUE,FALSE,0.263276635106574,2.9013553761743,0.240047951658587,2.7363391820681,4.83728042687208e-09,8.93451254935718e-07,0.805596936668348,0.878926931776846
ENSG00000112818,same,TRUE,TRUE,FALSE,0.302636400593764,3.02302058206984,0.287306484788394,3.24356790102493,0.00579025576110056,0.0447259977141445,0.909054608558002,0.946274150827125
ENSG00000113070,same,TRUE,TRUE,FALSE,0.292467994241978,5.93841305861692,0.356845724149729,0.0163459405701052,0.000461968065474103,0.00749078188103265,0.651637885128454,0.793597716668346
ENSG00000113657,same,TRUE,TRUE,FALSE,0.205508608536883,3.84621107709672,0.402707516383464,3.43359705246511,3.88187088762567e-06,0.000199928792606592,0.133267419629046,0.372687242772138
ENSG00000113805,same,TRUE,TRUE,FALSE,0.385170312521193,3.36245504099211,0.265899803937247,3.00076638746976,0.000181548508867626,0.00371158141093368,0.479624830566127,0.68548150563212
ENSG00000114853,same,TRUE,FALSE,FALSE,0.204197437118422,1.75749163696232,0.0736288162807853,2.86161010288004,0.00300361656266993,0.0286100264051826,0.0496105205653884,0.239167136457022
ENSG00000114857,same,TRUE,FALSE,FALSE,0.267246458078994,0.0979287170528599,0.087036546122346,0.690431140989628,0.00169108924643904,0.0190829445934192,0.0959532186400844,0.317875790982023
ENSG00000115232,same,TRUE,TRUE,FALSE,0.390016534973122,3.2456316207448,0.263037167022708,2.99863457727248,2.77312524565052e-05,0.00092836144942413,0.493547126409971,0.693371835240129
ENSG00000115252,same,FALSE,TRUE,FALSE,0.15999751159634,3.42212801735531,0.21931507239302,3.8354000517209,0.0065557361992505,0.0484340804532212,0.631158697798092,0.779595638198025
ENSG00000115266,same,TRUE,FALSE,FALSE,0.280666245039129,2.58894386721888,0.183078202138088,3.04144907322107,0.000735076315133082,0.0104715791736467,0.410916638464783,0.639643731200602
ENSG00000115486,same,TRUE,FALSE,FALSE,0.2291120008669,3.561875236626,0.197515709030313,3.55961295585368,6.11091869202496e-11,2.58411453847761e-08,0.849530797675859,0.905605437786477
ENSG00000115718,same,FALSE,TRUE,FALSE,0.150015648811582,0.996800785122144,0.224029826522913,0.827037348852158,0.00120589515813273,0.0147733816328298,0.666362973586371,0.800131005458728
ENSG00000115758,same,TRUE,FALSE,FALSE,0.245093546740537,5.82814167763708,0.155201943863278,5.98666887986263,0.000254283872697315,0.00484133596015777,0.543688254869574,0.726133701199822
ENSG00000116032,same,TRUE,FALSE,FALSE,0.203438423391908,3.10298698165825,0.0969799885105594,2.92381914245457,0.000775320251297488,0.0109188624123539,0.305075528347196,0.576253775766925
ENSG00000116039,same,TRUE,FALSE,FALSE,0.421983841554623,3.5113802016172,0.181340834053472,3.24351683860399,0.00279209113090102,0.0269790212762769,0.277298033707335,0.551183168538272
ENSG00000116183,same,TRUE,TRUE,FALSE,0.738436378105079,6.12513216959032,0.741187481106775,0.353612175624229,0.000206617518892103,0.00413466614081844,0.482504903369182,0.686559840476853
ENSG00000116560,same,TRUE,FALSE,FALSE,0.26980588323353,6.2062897067895,0.179808828622015,6.11460282130511,2.58924290467515e-10,8.32130884704501e-08,0.318951910672894,0.592101900462221
ENSG00000116678,same,TRUE,TRUE,FALSE,0.301636752066343,2.80513352410544,0.379153230450645,2.90772892314889,2.23941549090519e-05,0.000797897284331607,0.80775646305226,0.878926931776846
ENSG00000117020,same,TRUE,FALSE,FALSE,0.314778542419163,4.0521176821386,0.193686398590919,3.84493982471481,0.00680804291409162,0.049747832363012,0.626755130019896,0.777552027686593
ENSG00000117318,same,TRUE,FALSE,FALSE,0.268337299117341,2.21235471456817,0.151089544677711,2.38966793019628,0.00216199730306401,0.0226179262128487,0.497950735573265,0.696644050773182
ENSG00000117425,same,TRUE,TRUE,FALSE,0.224572219820091,0.269555117621531,0.226955861594929,0.447096566207386,0.00114857490629286,0.0142081987445881,0.928730733486096,0.95687408904628
ENSG00000118162,same,TRUE,FALSE,FALSE,0.207674712252019,2.73497599702229,0.173550791851914,2.48519986687357,0.000594787435096385,0.00892403295477479,0.788549611194709,0.868517644032478
ENSG00000118997,same,FALSE,TRUE,FALSE,0.100121267085998,3.31104797969668,0.205291413232799,2.86824864109209,0.0050039674492671,0.0403523735866884,0.344552810298621,0.606343448160427
ENSG00000119138,same,TRUE,FALSE,FALSE,0.276988949987006,3.16261137869371,0.15023384370665,2.8243653069642,0.0033743619575023,0.0309666603627095,0.420912362912582,0.647403301051257
ENSG00000119508,change,TRUE,TRUE,TRUE,0.302138436684812,5.94846446198676,0.423820835361818,1.0761123011351,0.00127933344093293,0.0154033902897721,0.0219418314214267,0.168743132121924
ENSG00000119782,same,TRUE,FALSE,FALSE,0.37313651398145,0.483492336243661,0.160602777206459,0.425390611456452,0.000591931538400613,0.00890559341619695,0.238584215777118,0.508664697663427
ENSG00000120093,same,FALSE,TRUE,FALSE,0.181446248508119,2.32935400172728,0.620687681605127,1.56217813347317,0.00273561555545273,0.0266373658485104,0.0869076827021928,0.315747915267943
ENSG00000120738,same,TRUE,TRUE,FALSE,0.52025182769209,5.71625354709612,0.428225405686104,5.6973409641756,1.0496137818387e-05,0.000438084256113405,0.86778427280104,0.917934004760714
ENSG00000121281,same,FALSE,TRUE,FALSE,0.188919971808002,3.82256968409958,0.331789353112095,4.18117602600205,0.00344492906053362,0.0314525937918834,0.464472963005676,0.678845099777526
ENSG00000121653,loss,TRUE,FALSE,TRUE,0.241156608747364,3.91272958986171,0.0941611410993203,4.68669361302435,1.51902747066611e-05,0.000595347620149602,0.0222224599162326,0.168890695363368
ENSG00000121797,same,TRUE,TRUE,FALSE,0.536423842740579,3.78644142675888,0.349867207963327,5.16246169261643,0.00359494523391712,0.0321822701748268,0.0362262944048069,0.204905096696848
ENSG00000122507,same,TRUE,FALSE,FALSE,0.207638380955918,3.63745067310022,0.1486314462799,3.34384706167263,7.77104309642145e-09,1.32843501613188e-06,0.325684242088693,0.592101900462221
ENSG00000122733,same,TRUE,TRUE,FALSE,1.20967650265236,6.04273759693266,0.813783649971641,5.07011333726629,0.000822128182970382,0.0113009219607794,0.094735342796957,0.317875790982023
ENSG00000122870,same,TRUE,FALSE,FALSE,0.301648313859569,3.78495062441824,0.143422271672602,3.38349367109474,0.00099763833769206,0.0129177346697219,0.247350175335395,0.5174915844307
ENSG00000122877,same,TRUE,TRUE,FALSE,0.660007060593238,5.41351154576817,0.711897055887236,5.8324840914395,5.02869882891512e-05,0.00144813909465658,0.559991409803052,0.733781847328137
ENSG00000122952,same,TRUE,FALSE,FALSE,0.21237268639475,0.118327825072264,0.102005151644959,6.15512620100229,0.00224090649246557,0.0232316944693092,0.343613782633726,0.606343448160427
ENSG00000123095,same,TRUE,FALSE,FALSE,0.248634230340707,3.25216247105256,0.0833987131062777,2.66997568023289,9.50518374293638e-05,0.00229682402353751,0.0435864263781535,0.220740073934084
ENSG00000123405,same,TRUE,TRUE,FALSE,0.22444963698586,2.65657586005123,0.551460468743763,3.72191298126221,0.00589811614027024,0.0453260775982795,0.0940886977408997,0.317875790982023
ENSG00000123607,same,TRUE,FALSE,FALSE,0.201585828431979,4.12087899460647,0.160424282149093,3.88305566505501,2.4680997042196e-07,2.20332745261693e-05,0.595237508228526,0.75886721453388
ENSG00000123810,same,TRUE,FALSE,FALSE,0.203781699117554,3.5546255698399,0.0610662822135113,3.91670635373009,0.00103439260586091,0.0131892305791761,0.0931029690705985,0.317875790982023
ENSG00000123975,same,TRUE,FALSE,FALSE,0.270764614854352,6.09245033555226,0.157524790704268,0.215496966113263,0.000124004884654372,0.00279471878192302,0.291948431319689,0.558158998619087
ENSG00000124116,same,TRUE,TRUE,FALSE,0.222545401599774,3.48351088884036,0.208159232708488,3.09039470030183,0.00487951870467882,0.0396405389613164,0.740455323718312,0.84362282032104
ENSG00000124216,same,TRUE,TRUE,FALSE,0.974298438280194,4.35598811497608,0.741637729699421,3.6529241304466,0.00631214299683138,0.0472205892998526,0.375186602577317,0.62604005132938
ENSG00000124225,loss,TRUE,FALSE,TRUE,0.319999633618636,2.93883931736865,0.0651511353600749,0.648449211013295,0.00310093591302734,0.0292423352033077,0.00516926430869205,0.0833924751568776
ENSG00000124406,same,TRUE,TRUE,FALSE,0.262792107319305,3.99317211139654,0.289093634064224,4.02279250528775,1.75306223663935e-05,0.000671034446108311,0.965154189288471,0.971167611028586
ENSG00000124493,same,TRUE,FALSE,FALSE,0.298769015418683,4.34167266060556,0.172548307795046,5.19419221455969,0.00305312327283936,0.0289956488600802,0.16630582588194,0.426137897548495
ENSG00000124587,same,TRUE,FALSE,FALSE,0.244257840720423,3.39807753942978,0.145998741661987,3.35338084909208,3.38931030243149e-09,6.64180820119166e-07,0.222053684755106,0.501561819411883
ENSG00000124713,same,FALSE,TRUE,FALSE,0.189077712641906,5.99632109696402,0.457263985278093,0.134107738937714,2.20716477392414e-05,0.000789909370872762,0.0904843790181058,0.317678852422263
ENSG00000124875,change,TRUE,TRUE,TRUE,0.288857741653547,5.41000075722457,0.409432351344938,0.254297711979818,7.97836841412389e-05,0.00199384762125283,0.0264591088403896,0.177123282708214
ENSG00000124920,same,TRUE,FALSE,FALSE,0.226985613148065,0.398015416843547,0.129477563667335,0.0480379009168622,0.00365834752756477,0.0325807028727827,0.457988760315004,0.674808130497196
ENSG00000125144,same,TRUE,TRUE,FALSE,1.10404516766939,5.66050197020915,0.365376390072661,5.48128775997957,0.000154786299200983,0.00332521529660508,0.0827751028232773,0.312705943999047
ENSG00000125388,same,TRUE,FALSE,FALSE,0.24467364424163,1.21790058510431,0.0431195983263549,0.842613310513265,0.00261691409931255,0.0259735593958328,0.0521472172368132,0.244833807453178
ENSG00000125434,same,TRUE,TRUE,FALSE,0.34964535727729,0.224465528100559,0.286924229841228,0.132655435106225,3.71480752709769e-08,4.97443684607773e-06,0.774257661499606,0.864288105105937
ENSG00000125780,same,TRUE,TRUE,FALSE,0.405068668540171,3.37348794453144,0.263844776669784,3.3316299995649,9.18223823620783e-07,6.27869728585632e-05,0.458118100243413,0.674808130497196
ENSG00000126264,gain,FALSE,TRUE,TRUE,0.15116372386699,2.47789339892143,0.82139830730519,0.905948570335805,0.00319868176403455,0.0298141631474891,0.0209329158393624,0.166946464595409
ENSG00000126368,change,TRUE,TRUE,TRUE,0.939069969401386,4.07162821177137,1.08599149094873,4.302339510616,2.47827051792592e-50,3.98233289525516e-46,0.0311771816707422,0.190004333578297
ENSG00000127483,same,TRUE,FALSE,FALSE,0.206588840881319,3.79014846098503,0.194725221706261,3.78600543750933,1.31730068725738e-08,2.13815199429685e-06,0.979964026316423,0.981483350388231
ENSG00000127586,same,TRUE,FALSE,FALSE,0.236006337003314,0.000566325607375135,0.137309662079402,5.85421764041106,0.00298271243207984,0.028478434979852,0.41463358489866,0.640797358479747
ENSG00000128268,same,TRUE,FALSE,FALSE,0.215962458535206,2.26337341903331,0.0994371529100231,2.43346588399046,0.000211859809969068,0.00421333575048634,0.231518428676785,0.507197407775587
ENSG00000128283,gain,FALSE,TRUE,TRUE,0.0834427100938252,2.65468316452694,0.248718499919379,0.496067616791909,0.000745749617667069,0.0106048235453913,0.00196802391846588,0.0605401643489981
ENSG00000128383,change,TRUE,TRUE,TRUE,0.675912470051841,4.95502936722836,0.73676189793255,0.417094887378605,0.00157196937878721,0.0179874488283617,0.00573335633325046,0.0833924751568776
ENSG00000128422,same,FALSE,TRUE,FALSE,0.137843314352442,5.60713421729601,0.310014135817964,5.713616220242,9.57835259938895e-05,0.00230694823302409,0.210596042648225,0.490210483521123
ENSG00000128510,same,TRUE,TRUE,FALSE,0.367893470719665,5.49426724576796,0.435958735117058,5.33712774115012,0.0017919744887063,0.0198041527228484,0.890575851466184,0.935466666743342
ENSG00000128606,loss,TRUE,FALSE,TRUE,0.47948232105603,3.38152784533013,0.0329551875708509,2.69705841443252,1.82431216536651e-05,0.000685490280532921,0.00148602040204675,0.0529609448041949
ENSG00000129194,same,TRUE,TRUE,FALSE,0.209307541608231,0.0402001988588844,0.23724595958666,5.79961667099219,6.66838840362728e-07,4.87065151172212e-05,0.280461390369975,0.554061339996954
ENSG00000129295,same,TRUE,FALSE,FALSE,0.2075268831142,3.20944939656144,0.160138858840777,3.07626267602702,2.25077890827806e-06,0.000130099878694677,0.705012664454749,0.820609335563546
ENSG00000129757,same,TRUE,FALSE,FALSE,0.229634517829181,2.83889639422504,0.0921759222002407,2.47198986941097,0.000659992388097608,0.00967647598936174,0.161223605606802,0.423155305085975
ENSG00000129946,same,TRUE,FALSE,FALSE,0.43930135749784,2.27824451215756,0.195506125833668,2.33139809450905,0.00014103768926614,0.00309608555849399,0.208483727578587,0.490210483521123
ENSG00000130005,same,TRUE,FALSE,FALSE,0.206900837155462,3.23559583100401,0.175297924148218,3.47251931065195,0.000168852858933175,0.00355284580652196,0.785703703801395,0.867631782317438
ENSG00000130066,same,TRUE,FALSE,FALSE,0.224917044656363,0.940401293704303,0.199213843149544,0.847812884858433,4.57289912190584e-09,8.54440883603545e-07,0.868215763218875,0.917934004760714
ENSG00000130222,same,TRUE,FALSE,FALSE,0.270814829824275,4.3299228976261,0.121075920049684,4.04140632860079,7.9547025789782e-06,0.000350203056826303,0.107776355086821,0.339626953102859
ENSG00000130508,same,TRUE,FALSE,FALSE,0.330454910067132,3.55845557010632,0.127727635262271,3.19344044610134,0.00171009862703467,0.0192327541753504,0.182691126427169,0.453917183353659
ENSG00000130518,same,TRUE,TRUE,FALSE,0.352243490090469,3.25348103401018,0.268918191062899,3.14379844093406,5.43932465302344e-07,4.1469821608658e-05,0.680977085985068,0.809707411186762
ENSG00000130522,loss,TRUE,FALSE,TRUE,0.238495345460415,2.85564880724773,0.0248561685631846,1.18507150221445,2.06806348893177e-06,0.000121283621181184,0.000165731931601428,0.0152946896877889
ENSG00000131044,same,FALSE,TRUE,FALSE,0.113240460217273,3.15057990266178,0.239466962870211,2.77180713273343,0.000847380536786889,0.0115067280237259,0.26463778360231,0.540840191124023
ENSG00000131480,same,TRUE,TRUE,FALSE,0.264494414213587,0.912852625106845,0.31450593975727,1.35361748265275,0.00449563027276384,0.037507935022348,0.657830094162577,0.795583060612916
ENSG00000131944,same,FALSE,TRUE,FALSE,0.171389757201422,0.0601721145009577,0.234320646202653,6.245124276353,0.00347536325548875,0.0315816242041824,0.814549546665776,0.879448979518384
ENSG00000132000,loss,TRUE,FALSE,TRUE,0.268830858388345,3.57713319955373,0.0868493297871955,5.74615910916271,0.00184517777783155,0.0202114258432006,0.00263066498461208,0.0708087325024753
ENSG00000132141,same,TRUE,TRUE,FALSE,0.3080935348765,6.18924321030505,0.245847603204696,0.184755657423944,1.3930705250784e-08,2.23852502674848e-06,0.485482296986993,0.689278162315599
ENSG00000132326,same,FALSE,TRUE,FALSE,0.140130249104817,1.71563369541799,0.20109897177288,2.4157868555619,3.79501511590404e-06,0.00019608391606901,0.107503483230848,0.339626953102859
ENSG00000132535,same,FALSE,TRUE,FALSE,0.115787122973576,3.34278774951776,0.227842740206471,3.17187521056685,0.00183020407565955,0.0201435269121735,0.416838177106024,0.642666974726711
ENSG00000132680,same,TRUE,TRUE,FALSE,0.299438516983864,0.371559755174892,0.227871304517157,0.543270945468898,1.43191269055092e-07,1.45629145724447e-05,0.599945030389486,0.76142335880473
ENSG00000132932,loss,TRUE,FALSE,TRUE,0.498910185128617,3.0167072449542,0.10377702260309,3.6724143760548,0.000834639057300349,0.0113949150482237,0.0323443644381068,0.195088469706111
ENSG00000132952,loss,TRUE,FALSE,TRUE,0.210968466083689,0.170552713891343,0.0683617966802456,0.587858025174107,9.79261313046293e-06,0.000413011812056191,0.0283219600003707,0.177123282708214
ENSG00000133106,same,FALSE,TRUE,FALSE,0.120257308125399,1.59747282556178,0.303168586909421,0.836394827548269,0.00062632177313588,0.00929304207988961,0.0869171718334023,0.315747915267943
ENSG00000133116,same,TRUE,TRUE,FALSE,0.513322002538137,2.54722169948008,0.268022524787844,2.50483287217445,0.00482605874865217,0.0394656173191306,0.493224331711304,0.693371835240129
ENSG00000133488,same,TRUE,FALSE,FALSE,0.228048046150947,3.37507048043744,0.166399605808255,3.25245418474131,0.000105159575003461,0.00246063280328376,0.712527686123237,0.826378609040594
ENSG00000133661,same,TRUE,TRUE,FALSE,0.385284480017178,0.0667811649758937,0.2774418592204,0.212998401858437,7.39239873884465e-05,0.00189153591296966,0.673959517079851,0.806255274136266
ENSG00000133794,same,TRUE,TRUE,FALSE,0.477536832945001,6.04776066135464,0.473930628765268,6.19133343363812,4.01632363350276e-42,2.15127681555853e-38,0.464392504062756,0.678845099777526
ENSG00000133958,same,TRUE,TRUE,FALSE,0.60361418591995,3.37612450604916,0.417407604642938,3.22447151377251,9.32241791377074e-13,6.80917879347191e-10,0.263979939982505,0.540840191124023
ENSG00000134057,same,TRUE,FALSE,FALSE,0.228023518375742,0.134669009294903,0.0991503317711645,6.18734605898284,1.56242474146857e-05,0.000610866257193636,0.118785968596848,0.350391487276548
ENSG00000134222,same,FALSE,TRUE,FALSE,0.118752369662835,0.161877854388377,0.285166260191666,5.43594503941625,0.00540553013023216,0.0426584162807496,0.104940872272324,0.33394977087646
ENSG00000134258,same,TRUE,FALSE,FALSE,0.233134238325216,3.52465141111829,0.13940553451906,3.68516041767813,0.000223741211945496,0.00439522926008823,0.471751005609152,0.681252243097419
ENSG00000134321,same,TRUE,TRUE,FALSE,0.225263459791861,1.34947843574199,0.375056743705489,0.584758135360248,0.000132244776638022,0.00294735272648595,0.121579962325902,0.353786737218615
ENSG00000134326,same,FALSE,TRUE,FALSE,0.167566667673602,0.767299477388053,0.391431727258295,0.698162605204544,4.7181543305322e-05,0.00137597136002399,0.171121042118184,0.433014522818426
ENSG00000134339,same,FALSE,TRUE,FALSE,0.156392958575108,1.38211911001112,0.522190022480137,0.712241513982541,0.00170289920847367,0.0191892618379827,0.0884680691385412,0.315747915267943
ENSG00000134508,same,TRUE,FALSE,FALSE,0.205635279405086,2.6040416129503,0.0752602162253197,2.26787197804843,5.35044946899183e-06,0.00025729160535906,0.0431152986942408,0.220740073934084
ENSG00000134531,same,FALSE,TRUE,FALSE,0.198102773183542,5.3460217103639,0.208320251272156,5.70256319512641,0.00400301324711797,0.0345273321889096,0.777137719615628,0.864288105105937
ENSG00000134532,same,TRUE,TRUE,FALSE,0.296318646448448,3.77455436373749,0.320968747312743,3.65462136498214,0.000129347541554327,0.00289482680395054,0.940189598478649,0.961706892025873
ENSG00000134668,same,TRUE,FALSE,FALSE,0.458756484024995,2.62757925125283,0.123147382889472,3.46756117174067,0.00415431107552068,0.0356029998253556,0.0680280210050987,0.274663134808086
ENSG00000134769,same,TRUE,FALSE,FALSE,0.290046139461621,3.74992625900674,0.135283481469786,3.11893506742542,0.000100557985465083,0.00239033471662487,0.0921374478210861,0.317875790982023
ENSG00000134873,same,FALSE,TRUE,FALSE,0.155476311228535,2.3884652543825,0.206220240047556,2.27923531880745,0.000225043220844613,0.00439929381478355,0.780695023141786,0.864288105105937
ENSG00000134986,same,TRUE,FALSE,FALSE,0.204986153015041,3.31602119424659,0.178084694208176,3.73937593332481,0.00423651687005004,0.0360193595686953,0.682291692580525,0.809707411186762
ENSG00000135114,same,TRUE,TRUE,FALSE,0.448605370462086,1.16174267404066,0.391927481590535,0.620601239134997,0.0017466261278505,0.0195177574745687,0.511033619083682,0.699423131203513
ENSG00000135424,same,TRUE,TRUE,FALSE,0.231163201781638,1.78627699842519,0.231814770171717,2.99856644360102,0.00505207021338186,0.0405908581294166,0.0863926003037774,0.315747915267943
ENSG00000135549,same,TRUE,FALSE,FALSE,0.201385155110167,0.539215402516244,0.15413829989084,0.656635692220173,3.3206969139181e-06,0.000177867595699167,0.711155645330405,0.826270767775974
ENSG00000135622,loss,TRUE,FALSE,TRUE,0.21788382700704,3.85092324557052,0.0377902353872092,4.84486438723611,0.0022364189485561,0.0232001394992563,0.0271629408424636,0.177123282708214
ENSG00000135697,change,TRUE,TRUE,TRUE,0.265899135695823,2.77756352806301,0.225860058436473,0.761639699394408,0.00648228183318795,0.048023875877131,0.00580845342250583,0.0833924751568776
ENSG00000135917,same,TRUE,TRUE,FALSE,0.854675170550502,2.43847946715999,1.16761585648143,3.22425499297816,0.00347871521820915,0.0315816242041824,0.27481168533015,0.551183168538272
ENSG00000135919,same,TRUE,TRUE,FALSE,0.238062381587453,2.87604018899709,0.291715359060603,3.57142807954868,1.45822603244192e-06,9.18911141776831e-05,0.121447204642494,0.353786737218615
ENSG00000135951,same,TRUE,FALSE,FALSE,0.233318532290075,3.48728687059142,0.158898255086883,3.43293845656077,7.88807129080469e-06,0.000348223674648188,0.577325193448788,0.742932420254815
ENSG00000136122,same,TRUE,FALSE,FALSE,0.230747809937472,0.0599011491777256,0.0956234714879179,0.883226839284328,0.000180219033132651,0.0037098364040714,0.0466932006056246,0.230258073215523
ENSG00000136371,loss,TRUE,FALSE,TRUE,0.293422678750775,3.95578438296035,0.142979509971065,5.88615520864557,0.0032738121673337,0.0303035067493579,0.00533896481062326,0.0833924751568776
ENSG00000136449,same,FALSE,TRUE,FALSE,0.166692296213675,2.86265028052602,0.233120114915149,2.48888304324301,0.000487385594917685,0.00776194164988334,0.543904414123295,0.726133701199822
ENSG00000136688,change,TRUE,TRUE,TRUE,0.721543327488785,4.98879622307914,0.417986914619575,0.468171267394749,0.00576017148402127,0.0445643695602974,0.0126619125895407,0.129834849727672
ENSG00000137098,same,FALSE,TRUE,FALSE,0.0897708075156853,3.18360461065481,0.216505624071259,2.81384766128428,0.00394266586909483,0.0341954218081279,0.272666541746522,0.551183168538272
ENSG00000137198,gain,FALSE,TRUE,TRUE,0.0752116725601947,6.08125139260124,0.294430589493885,0.755459250282719,3.07086024430134e-05,0.000996881884155116,0.00925486856436433,0.105771195126586
ENSG00000137628,same,TRUE,TRUE,FALSE,0.214492775015297,0.773610824592374,0.250438722551541,0.643185681930523,9.38077939069172e-08,1.0254404355716e-05,0.812675579950569,0.879377595725406
ENSG00000137807,same,TRUE,FALSE,FALSE,0.226056942191649,0.252236881459859,0.137793338917665,5.82156693738303,4.47733187104505e-05,0.00132410275505701,0.111284495465241,0.342332305097837
ENSG00000137868,same,TRUE,TRUE,FALSE,0.352427328847727,3.05641153322029,0.245798433379319,2.57325662268681,0.000240736941044398,0.00462707908438909,0.382837280187362,0.62604005132938
ENSG00000137959,same,TRUE,TRUE,FALSE,0.310501328223776,0.879792535122009,0.615949181919795,0.353746246898109,0.00035916372198979,0.00616602761608327,0.204203332593324,0.483206420715339
ENSG00000137960,same,TRUE,FALSE,FALSE,0.217075393746957,3.4306501968397,0.129216884286169,3.62652243324533,0.0022272989582707,0.0231204566927984,0.547091382154266,0.726133701199822
ENSG00000137965,same,TRUE,TRUE,FALSE,0.313631899383762,0.587086345656871,0.340301227069542,0.659244567970646,1.39320222748564e-11,7.46245553115557e-09,0.911118454821164,0.946274150827125
ENSG00000138061,same,TRUE,FALSE,FALSE,0.323162204501694,2.98106732375413,0.197283285236821,3.0113627961559,4.31861314808998e-06,0.000218225769423452,0.405468189742711,0.639643731200602
ENSG00000138074,same,TRUE,FALSE,FALSE,0.208619064084917,5.71789675805882,0.10193124544371,5.81100467922364,0.000498235435496407,0.0078849897097224,0.320395873289245,0.592101900462221
ENSG00000138135,same,TRUE,TRUE,FALSE,0.208322607685475,3.26011551441031,0.225525491436237,3.0236125343632,0.00498527874126757,0.0402554995444364,0.889211551693868,0.935466666743342
ENSG00000138166,same,TRUE,TRUE,FALSE,0.257095263697904,5.99698120460682,0.309876821000515,0.211282583501868,0.00574115149359,0.0444597846779331,0.604316579723618,0.763969687869779
ENSG00000138642,gain,FALSE,TRUE,TRUE,0.0186865646129696,0.859110368217595,0.210574514135232,0.541911983804822,0.00103955756996127,0.0132261683228088,0.0237676012799745,0.174475800305268
ENSG00000138646,same,TRUE,TRUE,FALSE,0.365939066097479,0.543270010432838,0.410689733375044,0.690500632085104,2.13027975415563e-06,0.000124027048440315,0.864596270532183,0.917125107986519
ENSG00000138678,same,TRUE,TRUE,FALSE,0.277886125022326,0.34700874931764,0.236220414298062,0.145688540787563,0.000123255177093297,0.00278563634418028,0.819088027736748,0.880417414172944
ENSG00000138778,same,TRUE,FALSE,FALSE,0.347722657450007,6.18366330982365,0.180698849551107,5.51398023131804,0.000161913916995997,0.00343244687626475,0.1184236932029,0.350391487276548
ENSG00000138792,same,TRUE,TRUE,FALSE,0.502109782183301,3.23381464005976,0.220338750464699,2.73952913922779,5.03911508001713e-05,0.00144854275886933,0.0951192898645988,0.317875790982023
ENSG00000139318,same,FALSE,TRUE,FALSE,0.164250157541698,5.70908221162516,0.266684245926095,0.116631103586961,0.00353395397442223,0.0317956922816298,0.294124768155701,0.560485546396999
ENSG00000139364,same,TRUE,TRUE,FALSE,0.619064732340322,3.30091666648349,0.372734954817097,3.81817504907524,0.000161474222680305,0.00342764766743703,0.252146611889982,0.525441004132027
ENSG00000139438,same,TRUE,FALSE,FALSE,0.223366353608775,2.70078050841978,0.142683084501134,2.36864540232005,0.00108819803463659,0.0136504716772641,0.505315378375363,0.697507979552317
ENSG00000139625,same,FALSE,TRUE,FALSE,0.179917038173918,3.12162241989082,0.249231387227083,3.07554976793528,0.000714102571510036,0.0102454591264239,0.775591846641411,0.864288105105937
ENSG00000139974,same,FALSE,TRUE,FALSE,0.165673832317974,3.32309345386528,0.219617952851435,3.06522667851199,3.81559940846983e-05,0.00116507300553532,0.628300554879879,0.777552027686593
ENSG00000140044,loss,TRUE,FALSE,TRUE,0.230896164558011,2.41172384832301,0.0927740827865175,1.19919165452619,3.98618127950305e-09,7.53575846827465e-07,9.70341876836549e-05,0.0152946896877889
ENSG00000140274,same,TRUE,TRUE,FALSE,0.341749591448793,1.15290706639844,0.409072531177446,0.598127403701028,0.00124997327475282,0.0151405629428933,0.471911878448084,0.681252243097419
ENSG00000140279,same,TRUE,TRUE,FALSE,0.297860168029064,0.255323579354132,0.512016734771933,0.141811927393705,4.65322344766447e-06,0.000231494264955171,0.347286495076405,0.606343448160427
ENSG00000140451,change,TRUE,TRUE,TRUE,0.627660777312697,0.536244162503461,0.447312775268375,5.33526181135829,0.00255610900249504,0.0255080215748007,0.020881959157244,0.166946464595409
ENSG00000140481,same,TRUE,FALSE,FALSE,0.219021711304869,3.37252387384342,0.129167338852089,2.88562656084055,7.58464126218071e-06,0.000338548890116616,0.171597086441977,0.433014522818426
ENSG00000140600,same,TRUE,FALSE,FALSE,0.266619723695031,2.56671269340871,0.195981172285973,2.59649196090674,0.000278980002141588,0.00517062243876952,0.77305911946537,0.864288105105937
ENSG00000140718,same,TRUE,TRUE,FALSE,0.251705411615082,3.43507607464674,0.250776170304553,3.33032980492563,1.85212790710638e-09,3.96824577857232e-07,0.932605509107243,0.959336240259998
ENSG00000142279,same,TRUE,FALSE,FALSE,0.222048544517633,1.854412587349,0.199503611882411,1.11003246457296,1.55371955295949e-06,9.67702306066124e-05,0.0997685287472971,0.323871706385698
ENSG00000142973,same,TRUE,FALSE,FALSE,0.256896338351116,3.28693767474503,0.17523581511825,2.85027390000065,1.90421312665073e-05,0.000706669762867221,0.324322495882295,0.592101900462221
ENSG00000143365,same,TRUE,TRUE,FALSE,0.580009122519681,1.08349123277931,0.535347931853445,1.22029859535485,1.88027423918003e-32,5.03568779156398e-29,0.517768855485629,0.704332215675809
ENSG00000143643,same,TRUE,FALSE,FALSE,0.217136604803242,0.170674349715026,0.0749978715299686,6.0547236297695,0.00183690953665915,0.0201672810275806,0.141439954860046,0.387161910337245
ENSG00000143786,change,TRUE,TRUE,TRUE,0.42805503613281,2.57455338453749,0.229509367768697,1.06265417008283,0.000180807878509061,0.0037098364040714,0.00400252976187812,0.0777712192716894
ENSG00000143867,same,TRUE,FALSE,FALSE,0.234904879801487,0.552583940236998,0.131408747226191,0.515316258716504,0.00381500780943739,0.0334808085690057,0.547391919087572,0.726133701199822
ENSG00000144031,same,TRUE,FALSE,FALSE,0.245211398004617,2.95924285678868,0.122277277607434,3.32299205991855,0.00236712616646697,0.0241660421657927,0.33129157674337,0.597805470883288
ENSG00000144810,same,TRUE,TRUE,FALSE,0.579434264235765,2.99042626838074,0.35761236504433,2.7676532767052,2.97991284725416e-05,0.000980363329138732,0.4093473854243,0.639643731200602
ENSG00000144852,same,TRUE,TRUE,FALSE,0.546932171200601,5.74355368591255,0.508145870132636,0.436491747725641,5.77784641541982e-05,0.00160630128113116,0.0590102098978524,0.255842923449749
ENSG00000145198,same,TRUE,TRUE,FALSE,0.864960071877713,0.804660121389638,0.330340395538503,0.152828175218537,0.00541351381529867,0.0426838829725389,0.162449714646009,0.423155305085975
ENSG00000145348,same,TRUE,FALSE,FALSE,0.216174403715205,4.36208335077336,0.114075863223743,4.32206497217065,3.16061640714637e-06,0.000171003181974529,0.23175020786007,0.507197407775587
ENSG00000145428,same,TRUE,TRUE,FALSE,0.470121585426312,2.29188919431784,0.250539286564569,2.37183167645415,0.004428531604168,0.0371022285439914,0.503779863541037,0.69710602510171
ENSG00000145730,same,TRUE,FALSE,FALSE,0.204434939996808,3.04131361720166,0.104380011227888,2.7490297098266,1.3092544593388e-06,8.38183661638056e-05,0.13647966772346,0.380025281678255
ENSG00000147573,gain,FALSE,TRUE,TRUE,0.135970320678409,2.8467737097367,0.297837259380903,0.825849144786874,0.00349778730816006,0.0316997194786004,0.00607195099959165,0.0834570286326853
ENSG00000148053,same,TRUE,TRUE,FALSE,0.258318813399257,5.16405583284452,0.312660091634907,4.23045566355721,0.00347508591857875,0.0315816242041824,0.191624657471365,0.468899730024627
ENSG00000148219,same,TRUE,FALSE,FALSE,0.260484606267279,3.93704854145315,0.179292969623234,4.07622420053028,3.39722096807341e-06,0.000181361939322165,0.538631806845563,0.723401553476577
ENSG00000148346,gain,FALSE,TRUE,TRUE,0.0721365099965817,5.55699788746097,0.381916578464813,0.601586189041069,0.00272921842954461,0.0265953977831124,0.0270118185857892,0.177123282708214
ENSG00000148541,same,TRUE,FALSE,FALSE,0.314727777123447,4.77001327528868,0.0800399934008018,4.79961400753592,0.000431505377715666,0.00709709305477282,0.0588523112604926,0.255842923449749
ENSG00000149548,same,TRUE,FALSE,FALSE,0.224971517983474,6.17736060235947,0.138334294328071,5.93589710331031,0.000547676014198399,0.00842969911125869,0.498219119902802,0.696644050773182
ENSG00000149926,same,TRUE,TRUE,FALSE,0.937200075763528,1.09513259034567,0.541131370021978,0.385749163972398,2.38719077770571e-05,0.000839382245228732,0.0884129452376956,0.315747915267943
ENSG00000149927,same,TRUE,TRUE,FALSE,0.304229431105381,2.55644917863051,0.421624404598376,2.69668506401115,0.000299237351245532,0.00543084125661402,0.721793149758438,0.831155748206686
ENSG00000150281,loss,TRUE,FALSE,TRUE,0.299873445508215,3.01270688779246,0.0819717811324034,2.50496505609659,2.83250275880432e-06,0.000156949954590436,0.00928431420337102,0.105771195126586
ENSG00000150627,same,TRUE,FALSE,FALSE,0.220536955785864,4.0923485432331,0.121258254698171,3.74595142405599,0.00231913050064526,0.0238426794720849,0.407724985318243,0.639643731200602
ENSG00000150722,loss,TRUE,FALSE,TRUE,0.333364922195501,3.40647763765951,0.154797314914478,1.00055054602718,0.00309705733985931,0.0292283688174113,0.00158270998120725,0.0529609448041949
ENSG00000151023,same,TRUE,FALSE,FALSE,0.217373747488211,3.47233712236904,0.156680026013435,3.21477915028609,5.92977519497559e-06,0.000280251640023714,0.520614889522373,0.705618028903953
ENSG00000151062,change,TRUE,TRUE,TRUE,0.480689993786403,1.42320794370739,0.288592085835149,3.07094761913194,0.00658855496946167,0.0486094994510007,0.0198596132267068,0.16447833518529
ENSG00000151849,loss,TRUE,FALSE,TRUE,0.204244914565213,6.17931866767397,0.0782934423128799,3.28892462490781,4.39739246546464e-05,0.00130372139349726,2.0001012933472e-05,0.00646032717751144
ENSG00000152229,same,FALSE,TRUE,FALSE,0.140003680778721,1.18046934963945,0.225096401219307,0.590079922430708,0.00665095270342595,0.0488232795757659,0.403358412639439,0.639643731200602
ENSG00000152377,same,TRUE,TRUE,FALSE,0.418367029418075,3.37174295251212,0.360704520336527,3.19807465681416,0.00370711475847843,0.0328388241752976,0.901629368091798,0.944007409703893
ENSG00000152582,same,TRUE,FALSE,FALSE,0.260557885002257,3.60146276239664,0.193808072277027,3.33354829951121,3.65289620378645e-08,4.9598190769059e-06,0.432002975840396,0.652167623001405
ENSG00000152661,gain,FALSE,TRUE,TRUE,0.167547117067252,3.75936892220382,0.218076489556397,5.56515516817827,0.00435489889986966,0.0367150421941267,0.0096724528160753,0.105905161342113
ENSG00000152779,same,TRUE,TRUE,FALSE,0.377635528995217,3.03900170022096,0.217915242725592,2.47889026977172,0.0031289869102377,0.0294205328616791,0.329303876252758,0.595883204647848
ENSG00000152795,same,FALSE,TRUE,FALSE,0.157516932597367,1.67608182668167,0.203303984816245,2.37745887965039,1.75057394788847e-06,0.000107220872913059,0.112914816865625,0.34245526617462
ENSG00000153237,same,TRUE,FALSE,FALSE,0.204673108109753,3.41145909390588,0.120198572631273,3.46255871538918,0.000222149719955031,0.00437466158083014,0.478331461944951,0.685148834626249
ENSG00000153294,same,TRUE,FALSE,FALSE,0.277583353023459,4.69948101803347,0.192673150105242,5.5022039268688,0.00238676004809824,0.0243201313968869,0.223076853067937,0.502117237219119
ENSG00000153774,same,TRUE,FALSE,FALSE,0.214874460273744,3.33886244195767,0.0946433870327215,3.24129198888542,4.93026497885375e-06,0.000243355860982175,0.116312613554178,0.348861289966273
ENSG00000153822,same,TRUE,TRUE,FALSE,0.322443061155563,3.36024255010501,0.328075566882286,3.63158940479204,0.000558925761078935,0.00857001722784104,0.828847620372316,0.887952840398866
ENSG00000154040,loss,TRUE,FALSE,TRUE,0.237773399301803,3.04649199705914,0.0806874485329412,0.85436156177462,0.000917277224233919,0.012187608415371,0.00136172871945557,0.0529609448041949
ENSG00000154118,same,TRUE,FALSE,FALSE,0.306526090220313,3.49906574258771,0.0749062782701253,2.44946969918975,0.00346742307371592,0.0315816242041824,0.0410564906033275,0.21418523278816
ENSG00000154262,same,TRUE,TRUE,FALSE,0.41890053210575,2.80159418058338,0.223693921864519,1.61461709719831,0.00530356228748092,0.0420922880996544,0.0712918480846273,0.284287246065859
ENSG00000154734,same,TRUE,TRUE,FALSE,0.313664910232633,5.72591344995403,0.493755412718294,4.47569491864484,0.000888421228730586,0.0119564830188206,0.0348808537231193,0.203000283830046
ENSG00000154814,same,TRUE,FALSE,FALSE,0.208215764332663,6.0271386204149,0.134310100674456,6.03037968472686,2.0392983432709e-08,3.03421158129815e-06,0.36272408719428,0.620782702401553
ENSG00000154917,same,TRUE,FALSE,FALSE,0.246271527240579,3.80348177266044,0.031330192580861,3.88990387672185,0.0058848063175873,0.0452670908172859,0.0561066326231348,0.251482769043874
ENSG00000155085,same,TRUE,FALSE,FALSE,0.222221994658861,3.56788378199516,0.197024832997576,3.26850335198433,3.67691922704492e-07,3.04558840512293e-05,0.613541813699965,0.7726082098444
ENSG00000155265,same,TRUE,TRUE,FALSE,0.390880385852767,4.25551470693778,0.565448976091252,4.97596641200437,0.000396721938607681,0.00669634961290633,0.212881661532114,0.49114840482052
ENSG00000155749,same,TRUE,TRUE,FALSE,0.324370820667391,3.96205069968969,0.243011922433432,3.75666220452048,3.64155607547223e-09,7.05014031045341e-07,0.472087757435034,0.681252243097419
ENSG00000155761,same,FALSE,TRUE,FALSE,0.154582345756022,2.44649320460788,0.2888865017141,2.49771063290284,0.00025499093689502,0.00484905250291843,0.39907213354341,0.639643731200602
ENSG00000156284,same,TRUE,FALSE,FALSE,0.276995637821728,3.53184059054355,0.149893203552542,3.37286399720743,0.00268785851348923,0.0264892582553978,0.476452625798067,0.683974213923447
ENSG00000156509,loss,TRUE,FALSE,TRUE,0.566439212212273,0.823246836583549,0.0636817007138935,1.18848157987819,0.00111390915024123,0.0138936559707661,0.0214695858375192,0.16710063194021
ENSG00000156968,same,FALSE,TRUE,FALSE,0.0439688772286155,0.304241820180975,0.269308965439664,0.436893186422211,0.000843539841302962,0.0114871539914384,0.0421332625107333,0.21774470065547
ENSG00000157064,same,TRUE,TRUE,FALSE,0.203328186575363,3.07126199375224,0.250841280217917,3.03548009350808,0.00249223072414653,0.0250768036983786,0.910858496849963,0.946274150827125
ENSG00000157601,same,FALSE,TRUE,FALSE,0.149982399375852,0.78913528332061,0.321622317806502,0.473573968642524,1.90269811084051e-07,1.79849740841743e-05,0.0753313827237377,0.296887422830981
ENSG00000157637,same,TRUE,FALSE,FALSE,0.203337227660011,3.71908545391326,0.10254091088153,3.79837527971541,1.42292003673517e-10,5.31741908611568e-08,0.055823402490401,0.251482769043874
ENSG00000157657,same,TRUE,FALSE,FALSE,0.257421309397371,3.54734227362029,0.0500094365886379,3.17831488678094,0.00101599570253081,0.0130748948671355,0.0411129549005136,0.21418523278816
ENSG00000158246,same,TRUE,TRUE,FALSE,0.259714990839583,3.24618391837902,0.320917899842597,3.75838768263014,1.06846474744943e-05,0.0004447968918851,0.337456463387095,0.602201313116198
ENSG00000158373,same,TRUE,TRUE,FALSE,0.387441736927844,3.14516852399193,0.351614307954619,2.89112089604128,2.57768172027345e-08,3.69828281813161e-06,0.665317911878133,0.800131005458728
ENSG00000158406,same,FALSE,TRUE,FALSE,0.184682417639019,2.89909668380431,0.34910182630626,3.07735124783966,0.000257907001282761,0.00488139882639893,0.363975638958387,0.620782702401553
ENSG00000158865,same,TRUE,TRUE,FALSE,0.934090927404033,2.00351775194749,0.585077622886747,2.15462103024434,0.003650441029735,0.0325702037239376,0.637527721727848,0.785959748542347
ENSG00000158887,same,TRUE,TRUE,FALSE,0.488657547023059,0.0856168023419319,0.424363516639124,0.522133695447094,0.00217705453428497,0.0226690276844904,0.640997893759535,0.787233154693269
ENSG00000159208,same,TRUE,TRUE,FALSE,0.744090846094158,3.47588966999127,0.984526980513271,3.67561439459781,1.20202936906119e-28,2.75934427592062e-25,0.0817009409324225,0.310463575543205
ENSG00000159423,same,TRUE,FALSE,FALSE,0.282389698214652,3.8148764158612,0.163152987227643,3.90834580949074,9.06758008055284e-07,6.25351692336496e-05,0.286601420132661,0.558158998619087
ENSG00000159650,gain,FALSE,TRUE,TRUE,0.0371520433330645,4.26346617507339,0.731106259865645,2.43673523797161,0.00238308923807665,0.0242981351311254,0.0162424065010734,0.149894208567049
ENSG00000159708,same,TRUE,TRUE,FALSE,0.393971607720232,6.09344848332849,0.337622041540591,5.71388282344272,6.45287761092724e-06,0.000301428169563924,0.527140253167178,0.710924015753648
ENSG00000160233,loss,TRUE,FALSE,TRUE,0.60578596267968,2.49766821966971,0.0754569631026302,2.43267168106869,0.000986285216825375,0.0127914585546142,0.0243114528000706,0.176284758112002
ENSG00000160323,same,TRUE,FALSE,FALSE,0.206606238269987,3.23731916974195,0.150924772406112,2.90503571669776,0.00296415381148291,0.0283517783313803,0.660112260818147,0.795583060612916
ENSG00000160326,same,FALSE,TRUE,FALSE,0.165269895164659,2.57472331702412,0.440593345258253,1.17898905395926,0.00416324299095796,0.0356225514492564,0.0360745645578704,0.204905096696848
ENSG00000160460,same,TRUE,TRUE,FALSE,0.299519653249771,4.72587399638536,0.225616963098481,5.60994256201296,0.00553262290510564,0.0432832120068854,0.22859504909983,0.507197407775587
ENSG00000160678,same,TRUE,TRUE,FALSE,0.37266202077179,0.511745924568036,0.226887999929639,0.999349975612081,0.00483683845782401,0.0395336506504446,0.432086288923532,0.652167623001405
ENSG00000161381,same,TRUE,TRUE,FALSE,0.360697102956704,2.00752010069832,0.499589086731017,2.61837056209782,2.94164175108634e-06,0.000161328468594561,0.166254508238183,0.426137897548495
ENSG00000161677,loss,TRUE,FALSE,TRUE,0.287665466302778,3.53487415006267,0.110061242522378,3.6577753386502,3.41226325625162e-08,4.68646651835105e-06,0.0233776240123297,0.17386653540181
ENSG00000162006,same,TRUE,TRUE,FALSE,0.775648702683563,0.880069846280631,0.424104017529688,1.97614150939188,0.00156208467550658,0.0179038078821079,0.0602107693002565,0.257590443496462
ENSG00000162241,same,TRUE,TRUE,FALSE,0.276661650935743,0.0656558600296563,0.249614331718418,6.02367731089968,6.478619303893e-06,0.00030175343070799,0.639770173552933,0.787221965933704
ENSG00000162511,same,FALSE,TRUE,FALSE,0.152299288817684,0.445933140156476,0.401380942105113,0.485992032551518,0.00265687721779313,0.0262405408805887,0.256188990148182,0.52874788382021
ENSG00000162551,same,FALSE,TRUE,FALSE,0.103866560295687,6.05893209152177,0.267958083929046,0.663105751647898,0.000786881355289468,0.0109949277501182,0.0667066267918845,0.271602710880849
ENSG00000162598,same,TRUE,FALSE,FALSE,0.218995630730671,3.68061158886327,0.0740363092540277,3.796187660858,0.000278394648757854,0.00516573165229787,0.104746300544811,0.33394977087646
ENSG00000162614,same,TRUE,TRUE,FALSE,0.681060667210719,2.16999848663775,0.546826809994947,1.29841362890352,0.00396029018039414,0.0342876632051473,0.22880786133759,0.507197407775587
ENSG00000162664,same,TRUE,FALSE,FALSE,0.346283600668254,0.0191282139631913,0.198588823718304,0.0558403233440507,3.8776479913401e-12,2.39653559895554e-09,0.0986824417496879,0.321963926112618
ENSG00000162929,same,TRUE,FALSE,FALSE,0.236325826721844,3.92410379149041,0.190591355180311,3.72506506326323,2.76483368331896e-08,3.93169136789843e-06,0.62659084024797,0.777552027686593
ENSG00000163357,same,TRUE,FALSE,FALSE,0.500312672046531,0.844151369571606,0.0963112314842922,0.945930051865002,0.00097169078688947,0.0126806659214438,0.0445528319012065,0.223109530295964
ENSG00000163431,same,TRUE,TRUE,FALSE,1.08851913236117,0.559395141350166,0.602553975767657,0.376452281609712,4.43943286134633e-07,3.54911674870518e-05,0.20419566343609,0.483206420715339
ENSG00000163482,same,FALSE,TRUE,FALSE,0.123725823490695,3.04358185441348,0.226195689511965,2.81725501416085,0.000952630325944805,0.0125063861990254,0.432051826337622,0.652167623001405
ENSG00000163531,same,TRUE,TRUE,FALSE,0.298271065500562,3.22113755686297,0.29993708882867,3.31934085019462,4.75222827893106e-07,3.72505152264113e-05,0.955945325577828,0.966417340099024
ENSG00000163536,loss,TRUE,FALSE,TRUE,0.292394060466297,3.92321225449155,0.0120328723529784,2.51089901647568,0.000309806037954275,0.00555610850880274,0.00399216906510831,0.0777712192716894
ENSG00000163637,loss,TRUE,FALSE,TRUE,0.205336448454202,4.45647525020273,0.16957185099066,3.54369359440309,1.63968849851441e-07,1.596857847432e-05,0.0191584331568943,0.163498937211814
ENSG00000163734,same,TRUE,TRUE,FALSE,0.302488757503855,0.137767125596804,0.612770954398322,0.770065669355247,5.07824961180819e-06,0.000248787783573615,0.0644876108823946,0.270512965130045
ENSG00000163735,change,TRUE,TRUE,TRUE,0.283721251165962,5.34551829564956,0.984898116950728,0.558823251403619,0.00211004719447008,0.0221755057998297,0.0192351690837428,0.163498937211814
ENSG00000163739,same,TRUE,TRUE,FALSE,0.280375523401252,0.308958293382669,0.347166513303861,0.802313113978353,4.48675450314689e-10,1.22199420527233e-07,0.155699644252453,0.418787218325961
ENSG00000163803,same,FALSE,TRUE,FALSE,0.0955065561893755,1.35568630912165,0.275516950260908,0.660678029874062,0.000161426824844727,0.00342764766743703,0.0530599582715866,0.244833807453178
ENSG00000163873,change,TRUE,TRUE,TRUE,1.06921334876517,1.61770370741879,0.368170717284045,5.11324821540277,0.0030338145986955,0.028829312114984,0.00142567293206808,0.0529609448041949
ENSG00000163909,same,TRUE,TRUE,FALSE,0.550303604757371,3.84687846856241,0.354843142028494,4.14960561365138,1.60523348586381e-05,0.000623055480298203,0.384324247979773,0.62604005132938
ENSG00000163995,loss,TRUE,FALSE,TRUE,0.379422516463779,0.477604924554173,0.130352324436488,5.12683140915681,0.000558359589249333,0.00856951312287253,0.00454364813763789,0.0780202255703934
ENSG00000164048,same,TRUE,FALSE,FALSE,0.263066516127172,6.01243703634918,0.104448032857199,5.82352033190027,2.1571335206564e-05,0.000782460012266991,0.0951239662133584,0.317875790982023
ENSG00000164125,same,TRUE,FALSE,FALSE,0.406050806560887,3.58381849664335,0.172520008272986,3.2550365051632,3.55549760192438e-05,0.00110825922325319,0.110838229064597,0.342332305097837
ENSG00000164169,same,TRUE,FALSE,FALSE,0.201138407279839,6.19360596926296,0.128534980333155,5.92087367937226,3.64505517832509e-06,0.000190789549382755,0.354739125194333,0.612731216244757
ENSG00000164176,same,TRUE,FALSE,FALSE,0.312681451081672,2.64111557027532,0.189249598185984,3.06500092830429,0.000730508136459601,0.0104435366946346,0.378895026335125,0.62604005132938
ENSG00000164236,same,TRUE,FALSE,FALSE,0.367955769973814,1.38120577820842,0.143123531919995,1.18969837340601,0.0027277784875006,0.0265953977831124,0.23584109816465,0.507197407775587
ENSG00000164440,same,TRUE,TRUE,FALSE,0.318720221308966,3.7280577995086,0.252009195212358,3.46085479819384,2.37343376891971e-06,0.000136209668688467,0.595581544533556,0.75886721453388
ENSG00000164620,same,TRUE,TRUE,FALSE,0.246802424980106,0.368826633628722,0.257274552674555,0.0456221336422559,0.00278633418101931,0.0269395932339346,0.80378794989887,0.878926931776846
ENSG00000164949,same,FALSE,TRUE,FALSE,0.097691238275178,2.38082982640937,0.355490665500233,3.03280804587708,0.00638191201641513,0.0475433213684631,0.124545185736633,0.359179419579753
ENSG00000165030,same,TRUE,TRUE,FALSE,0.222836264552358,0.480834384948484,0.204741213631144,0.620056644271171,7.71294483778428e-14,7.74620691239722e-11,0.775481376329039,0.864288105105937
ENSG00000165084,same,TRUE,TRUE,FALSE,0.689388181270993,3.67631680243156,0.438316778417936,3.3318878976887,4.99946293976632e-14,5.355757998607e-11,0.0551766496303053,0.251482769043874
ENSG00000165171,same,TRUE,FALSE,FALSE,0.291247203375248,3.41946706963908,0.188063990073512,3.2046077881438,1.15417017323442e-07,1.21218042573228e-05,0.322838803235147,0.592101900462221
ENSG00000165181,same,TRUE,TRUE,FALSE,0.311193621705287,2.62547950970091,0.345611965842106,3.01857569502462,5.94653899874544e-08,6.92427066455366e-06,0.425664939154434,0.650546587917996
ENSG00000165269,same,TRUE,FALSE,FALSE,0.20425233224057,2.61762692842377,0.185308449033635,2.29284433314985,0.00653039484318887,0.0482964622012333,0.812128594433597,0.879377595725406
ENSG00000165309,same,TRUE,FALSE,FALSE,0.218026870822171,3.59191137990773,0.129384837099846,3.46264132880197,2.76424354215814e-06,0.000154768743829056,0.336332323598578,0.601857842229035
ENSG00000165799,same,TRUE,TRUE,FALSE,0.292640359559699,2.1636600258707,0.647363742557296,0.830353166150248,0.00548629504852195,0.0430255125108342,0.0510608060731895,0.24253882884765
ENSG00000166165,same,TRUE,FALSE,FALSE,0.210277775076591,3.49869448528996,0.153758342960245,3.8327831036022,0.00015567926015018,0.00333548004180432,0.552925098624394,0.728135373839687
ENSG00000166265,same,TRUE,FALSE,FALSE,0.312125090200263,3.07344314686541,0.152369447602641,3.30753810802163,0.000496382292305787,0.00786623969927188,0.290385529578331,0.558158998619087
ENSG00000166323,same,TRUE,TRUE,FALSE,0.258085743870615,3.789648822676,0.204410390181093,3.41991206083933,0.000566771331537551,0.00867376050140658,0.621383190949354,0.776428513255865
ENSG00000166596,same,TRUE,TRUE,FALSE,0.303024386060852,3.23116859115476,0.275410584860705,3.05718646067607,1.5236436319245e-09,3.35389445498558e-07,0.777169172858982,0.864288105105937
ENSG00000166762,same,TRUE,FALSE,FALSE,0.346767817905045,6.21146685397627,0.0637012349880144,5.54045338652805,0.0039459117250681,0.0341954218081279,0.0527200563794355,0.244833807453178
ENSG00000166825,same,TRUE,TRUE,FALSE,0.295028960264168,2.78301730632497,0.226877799643873,2.41648518334082,0.000894946903504979,0.0120040916464286,0.620418702338701,0.776428513255865
ENSG00000166839,same,TRUE,FALSE,FALSE,0.221056855362365,0.697268876750449,0.144902998712987,0.870907133834496,0.00173968392458229,0.0194696007769964,0.645929094694725,0.788790539079003
ENSG00000166851,same,TRUE,FALSE,FALSE,0.237707682700838,0.147627417875379,0.114948923795803,6.24994053400408,8.36213580801831e-05,0.00206724861998533,0.232093763177095,0.507197407775587
ENSG00000166897,same,TRUE,TRUE,FALSE,0.520463567327568,3.51284273634948,0.381994782271783,3.53868852147231,8.98805791101444e-14,8.02383903178283e-11,0.409557918819749,0.639643731200602
ENSG00000166959,same,TRUE,TRUE,FALSE,0.223444757557984,3.11667520668353,0.248361756165577,2.8771627066587,1.35104156798238e-06,8.58098298652527e-05,0.745572596213652,0.844982275708805
ENSG00000167074,same,TRUE,TRUE,FALSE,0.507231137794281,3.55884250605319,0.554999733753633,3.62989058861712,7.32090297958269e-36,2.35279179957828e-32,0.676965653893633,0.808354551599421
ENSG00000167114,same,FALSE,TRUE,FALSE,0.164107946350633,6.14744922624904,0.212236561664833,0.0120978622408115,1.33733429267034e-06,8.52762886861893e-05,0.692506762835489,0.814052430716515
ENSG00000167244,same,TRUE,TRUE,FALSE,1.01990251387566,2.78019262790105,0.781419719317763,3.90533232073834,0.0055017254609187,0.04312547630805,0.110797041243206,0.342332305097837
ENSG00000167355,same,TRUE,TRUE,FALSE,0.694414034773552,1.25478595613131,0.525686245140341,0.990554773907142,0.0024632070172585,0.0248470016072359,0.738007442548697,0.842319448562647
ENSG00000167588,same,FALSE,TRUE,FALSE,0.112535619294939,0.11085254834889,0.263760503646528,0.299858918479436,0.00194405315246412,0.021022200610327,0.292039847574693,0.558158998619087
ENSG00000167632,same,TRUE,TRUE,FALSE,0.351165544185197,3.40703736015412,0.245667752555745,3.35445709450135,1.53008151566641e-14,2.04890665627029e-11,0.281619841924793,0.554653713059195
ENSG00000167733,same,TRUE,FALSE,FALSE,0.238442884499364,3.10035554401041,0.161987045221982,3.54296162788051,2.72682497503582e-07,2.38137774586145e-05,0.209962599939821,0.490210483521123
ENSG00000167971,same,TRUE,TRUE,FALSE,0.221568133113777,1.25102673093732,0.386569178738297,1.09402199860792,0.0026534184360783,0.0262224974473199,0.546191921589398,0.726133701199822
ENSG00000167995,same,TRUE,FALSE,FALSE,0.279101754343293,3.27850522583448,0.17361853321684,3.33647971772141,0.00112097029457711,0.0139331924130811,0.606321856448588,0.765007654815992
ENSG00000168071,same,FALSE,TRUE,FALSE,0.126395408724355,1.45528157540695,0.235883601770665,0.874293634960494,0.000265100071718306,0.0049587181339471,0.193968132720502,0.471065465178361
ENSG00000168497,same,TRUE,TRUE,FALSE,0.219897620558848,3.36416725998008,0.201784246269071,3.03568693372039,0.00576983889636924,0.0446176810518562,0.808177395472827,0.878926931776846
ENSG00000168765,same,TRUE,FALSE,FALSE,0.262207629679517,0.197523048745469,0.158168780258705,0.126652960403822,9.82137617634151e-07,6.60333446768334e-05,0.345373881950513,0.606343448160427
ENSG00000168772,same,TRUE,FALSE,FALSE,0.252770015713501,3.42565449867303,0.18460039045937,3.0157597658049,1.15683946970415e-06,7.55660708889266e-05,0.326046073408586,0.592101900462221
ENSG00000168874,same,TRUE,FALSE,FALSE,0.237129235038303,2.78891753572748,0.145681123481301,3.15375885691087,0.00425566942413797,0.0361630629172253,0.515159474191271,0.703579324159749
ENSG00000168918,same,TRUE,FALSE,FALSE,0.33080321002327,3.25147438568756,0.14801097785978,2.96406924363374,1.92305615501766e-08,2.91524427877158e-06,0.0380957704405995,0.204905096696848
ENSG00000169064,same,FALSE,TRUE,FALSE,0.171977352494908,3.10048870292191,0.230351511415219,2.87394761745382,1.19141213030668e-05,0.000485908668068477,0.619110022651554,0.776428513255865
ENSG00000169247,same,FALSE,TRUE,FALSE,0.0791993679353346,0.431920914892063,0.382790792987257,0.762423834972811,0.00399876277107583,0.0345273321889096,0.0953187051175667,0.317875790982023
ENSG00000169429,same,TRUE,TRUE,FALSE,0.463099918384248,6.24326020116183,0.428959646935163,0.482464936670811,5.32950335829048e-08,6.53069494989125e-06,0.235910925660041,0.507197407775587
ENSG00000169598,same,TRUE,FALSE,FALSE,0.215072029323953,0.996101820375095,0.126556568936571,1.00730823430007,0.00117446123264991,0.0144174312814755,0.548753518781612,0.726133701199822
ENSG00000169704,loss,TRUE,FALSE,TRUE,0.648303624068883,3.57826100234421,0.0975517082894088,4.06293545259459,1.25335872890483e-05,0.000503505535369292,0.003823888343149,0.0777712192716894
ENSG00000169715,same,TRUE,TRUE,FALSE,0.277446625469694,5.77626314202577,0.212410844763198,6.17931702799353,1.2085011516829e-06,7.82108245935297e-05,0.371900365124268,0.625644885078847
ENSG00000169752,same,TRUE,TRUE,FALSE,0.27695913373168,3.64289541008362,0.227249480945771,3.46932877642679,4.83264822778202e-08,6.0961524056685e-06,0.693078694882482,0.814052430716515
ENSG00000170011,same,TRUE,TRUE,FALSE,0.277339953883708,3.61568842803065,0.367947908328158,3.27329609918772,0.00511969503909969,0.041072580920266,0.701672984897464,0.819675855775338
ENSG00000170345,same,TRUE,TRUE,FALSE,0.254976123422117,5.83018956288721,0.261246099454684,5.37663227841209,0.000230090959776815,0.00448161410018624,0.565420824515394,0.734933305104516
ENSG00000170381,same,TRUE,FALSE,FALSE,0.298031433060823,3.70976121645922,0.083530193378256,3.68519544288725,0.000288880821653893,0.00529307402868462,0.065852240866716,0.271602710880849
ENSG00000170423,same,TRUE,TRUE,FALSE,0.726176798315839,5.68979274158122,0.693187440435221,5.85451891468051,0.00492387738195741,0.0399052676506935,0.945602632241813,0.963887806134941
ENSG00000170454,change,TRUE,TRUE,TRUE,0.527868565120506,3.41047823951894,0.874559950438916,5.37819236843748,0.00473919599548573,0.0389734598011567,0.00697731032885568,0.0883792641655053
ENSG00000170464,same,FALSE,TRUE,FALSE,0.164868626900833,2.54693489939482,0.200860813181835,3.18928827510045,8.07625248479185e-05,0.00201293184833209,0.26539681205312,0.540840191124023
ENSG00000170485,change,TRUE,TRUE,TRUE,0.276302733052369,5.39178923536176,0.32771105248895,5.82042720577802,1.09652505492095e-22,2.2025076384406e-19,0.032615409796068,0.195088469706111
ENSG00000170935,same,TRUE,TRUE,FALSE,0.212638228227887,3.46458222207573,0.333141924331604,3.095694832255,0.00134666780930774,0.0160412194423766,0.499972950523283,0.69710602510171
ENSG00000170962,same,TRUE,TRUE,FALSE,0.297739726816139,3.09337263065928,0.364450956712403,3.31472783114232,0.000784169974637547,0.0109763304202533,0.807077429351553,0.878926931776846
ENSG00000171695,loss,TRUE,FALSE,TRUE,0.283872300094319,3.32784899148599,0.0856052086138845,2.16680004797921,0.00152605330680548,0.0175660104491814,0.0270826545426749,0.177123282708214
ENSG00000171711,same,TRUE,TRUE,FALSE,1.13346671331148,5.81511644868318,1.45172102701078,0.0910828744409258,0.00041509202207631,0.00686932410169333,0.395636369332334,0.638952736471719
ENSG00000171798,same,TRUE,TRUE,FALSE,0.372722992853621,3.5361161009762,0.274806300866106,3.44639554656465,3.32517996867517e-11,1.66975990364504e-08,0.473501946053779,0.681252243097419
ENSG00000171811,same,FALSE,TRUE,FALSE,0.182346469010064,3.45616225100049,0.219128985823699,3.06642280805059,5.28094052523087e-05,0.00149928327385044,0.558258512908808,0.732997966136362
ENSG00000171817,same,TRUE,FALSE,FALSE,0.268047285233851,1.40358969870892,0.146039593919744,0.941269607452386,0.00498872117881815,0.0402630640996629,0.380801668813371,0.62604005132938
ENSG00000171914,same,TRUE,FALSE,FALSE,0.310386347889042,4.49215499968434,0.122515423450911,5.00963019248029,0.00367896186161144,0.0326975874746871,0.18872074864149,0.465004320673175
ENSG00000172059,same,TRUE,FALSE,FALSE,0.219651557748503,3.04362831553362,0.146251489385984,3.73389712996634,1.26039844386038e-05,0.000505070887640709,0.117187151583098,0.348861289966273
ENSG00000172183,gain,FALSE,TRUE,TRUE,0.0476827925472251,5.9571960646591,0.205100779162135,0.067724947180304,6.5118558876646e-05,0.00175568812514904,0.027450175470306,0.177123282708214
ENSG00000172260,same,TRUE,TRUE,FALSE,0.535705835327426,2.65025434820603,0.258996162672951,2.7050857710505,9.93599055239343e-07,6.65255967443375e-05,0.139455609150455,0.384016365534284
ENSG00000172361,same,TRUE,FALSE,FALSE,0.290562326331587,3.41832609581372,0.188634750249174,3.18110877891793,2.54517235498856e-06,0.000144517224637142,0.388178827130739,0.630059101322757
ENSG00000172794,same,TRUE,TRUE,FALSE,0.245085475174132,5.25469358021725,0.239919548088205,5.59022905858547,1.40726309336452e-07,1.44033825778819e-05,0.569784561584924,0.735722043058438
ENSG00000172935,change,TRUE,TRUE,TRUE,1.47793616852665,2.36557780076102,0.674160724730333,0.129576572987118,0.000286667913789126,0.00527659416572448,0.000313399153344162,0.0253069816325411
ENSG00000173193,same,TRUE,TRUE,FALSE,0.236525020163675,0.49883999238202,0.261396401635163,0.522746441436939,7.73838364929707e-09,1.32843501613188e-06,0.939906459540948,0.961706892025873
ENSG00000173269,same,TRUE,TRUE,FALSE,0.366478115177467,4.91905993462511,0.413634364186187,5.01414627111596,0.0018321279505078,0.0201508994091101,0.949664961182752,0.965062172514186
ENSG00000173376,same,TRUE,TRUE,FALSE,0.826511313703503,3.10407287849193,0.729968367766297,2.80339065170472,0.000605455809268061,0.00904188605866958,0.766617301366769,0.864284077980685
ENSG00000173432,gain,FALSE,TRUE,TRUE,0.0399715452837233,1.24220066443799,0.53030331390137,0.602581029672583,0.00231257124268,0.023805706149023,0.0285152034081335,0.177123282708214
ENSG00000173535,loss,TRUE,FALSE,TRUE,0.421907434464871,3.35262847587435,0.0969628339149132,2.400713930015,0.00106444386986383,0.0133943214916538,0.0265153907233607,0.177123282708214
ENSG00000174080,same,TRUE,FALSE,FALSE,0.229673738845011,2.65970864181839,0.146917776585015,2.29555666313641,0.000199221566245344,0.0040217227989905,0.413970257722577,0.640797358479747
ENSG00000174175,same,TRUE,TRUE,FALSE,0.662801669779086,0.468264303937867,0.429332681958269,0.408076546443573,0.00229378647994414,0.0236578016342891,0.678780075964463,0.809025699396759
ENSG00000174326,same,TRUE,FALSE,FALSE,0.341883191048158,0.356319914888173,0.134648054147347,0.184913019320398,0.000104300257205524,0.00245779840027321,0.128118695102323,0.363002969456583
ENSG00000174343,same,TRUE,TRUE,FALSE,0.473444241052859,0.636948565715794,0.286266762857652,0.480781089147199,3.73976517991328e-05,0.00115344120299475,0.424858281562205,0.650546587917996
ENSG00000174586,same,TRUE,FALSE,FALSE,0.216187506409529,3.50202705534878,0.0951917767027975,2.91070828171199,0.00244919025668923,0.0247990159009069,0.185875060805731,0.460058579618782
ENSG00000174640,same,TRUE,TRUE,FALSE,0.475409281205722,4.33374856002346,0.460152852698309,4.93799300481755,4.9368869976915e-06,0.000243355860982175,0.24639039510867,0.5174915844307
ENSG00000174738,same,TRUE,TRUE,FALSE,0.631955113848496,3.60513153735303,0.73580490524825,3.77757455387484,1.22420585752787e-49,9.8358819623077e-46,0.0882013711591033,0.315747915267943
ENSG00000175262,same,TRUE,TRUE,FALSE,1.09109347028987,4.82554211892556,0.930454148262448,5.50891878670619,0.0023174811344061,0.0238409758955004,0.366291550722895,0.62106126448029
ENSG00000175315,same,TRUE,FALSE,FALSE,0.315813969636217,3.09542875516746,0.152783435381303,3.0452545244111,0.00021278757425607,0.00422655566220123,0.282976342965303,0.555631360351325
ENSG00000175832,same,TRUE,TRUE,FALSE,0.489978590847942,5.31131709259169,0.37283748118726,5.62033725196505,0.00622682824675942,0.0468221352817862,0.737400975684211,0.842319448562647
ENSG00000175874,change,TRUE,TRUE,TRUE,0.787602221387413,4.66405534403194,0.850276599102559,3.00008676787718,0.00443909772570246,0.0371326711891269,0.0155206300917758,0.148863620736797
ENSG00000176222,same,TRUE,TRUE,FALSE,0.275011657974512,3.52466414102725,0.299489040771913,3.21144953867954,8.84087155388333e-05,0.00216560922255108,0.724766426242234,0.833094504185913
ENSG00000176293,same,TRUE,FALSE,FALSE,0.340607043523812,3.56945303835373,0.160991975544681,3.56608284342118,8.41628597306228e-05,0.00207743931338153,0.234505741988317,0.507197407775587
ENSG00000176406,same,FALSE,TRUE,FALSE,0.113835566116052,4.29255434899377,0.342627510358833,3.90248925156592,0.000224923669740271,0.00439929381478355,0.0890571393088866,0.316103912052422
ENSG00000176563,same,TRUE,TRUE,FALSE,0.249339236802562,3.36969756260673,0.210964461264329,3.28958086178027,0.000515897018815536,0.0080956535110809,0.915532868578465,0.949296411699129
ENSG00000176834,same,TRUE,FALSE,FALSE,0.200720768430561,0.480599187091509,0.119402184623276,1.09240639456172,1.2434261988059e-05,0.000502025517301808,0.122937233714289,0.356132076140944
ENSG00000176845,loss,TRUE,FALSE,TRUE,0.227873161732028,1.94034603964973,0.162249776542409,0.520817869878659,7.37420746039122e-05,0.00189153591296966,0.00458942503355255,0.0780202255703934
ENSG00000177103,same,TRUE,TRUE,FALSE,0.423850855979091,3.67588658738719,0.272888764169988,3.55432127941315,4.09739304232181e-11,1.93650025873733e-08,0.22876440557386,0.507197407775587
ENSG00000177398,same,TRUE,FALSE,FALSE,0.217991932788929,3.57568786473473,0.148820873548198,3.42491396083774,0.00302913066070448,0.0288018346667813,0.718325703357384,0.830122369175081
ENSG00000177694,same,TRUE,FALSE,FALSE,0.237348544479702,2.85839376181229,0.174857347721154,2.73315721308173,2.59159964821291e-07,2.30079639486924e-05,0.598359623578135,0.760906135495029
ENSG00000178363,same,TRUE,TRUE,FALSE,0.492375752833592,3.79918573427746,0.23171763771034,4.53448707979382,0.00155589135647107,0.0178455518965979,0.139016619475772,0.384016365534284
ENSG00000178462,same,TRUE,TRUE,FALSE,0.580446165630374,3.09070839255932,0.385501051155755,3.20150341612858,0.000315687294443104,0.00562392365233508,0.628181930857674,0.777552027686593
ENSG00000178878,same,TRUE,FALSE,FALSE,0.235859610232563,0.0933876517669286,0.134750869963913,6.24779007347561,0.000139761279321081,0.00307647122932938,0.414107405037841,0.640797358479747
ENSG00000179094,same,TRUE,TRUE,FALSE,0.388262572736342,3.44364895540291,0.436168225579876,3.48439246617484,2.22530702664567e-19,3.57584586111693e-16,0.810072349797144,0.879377595725406
ENSG00000179388,same,TRUE,TRUE,FALSE,0.91973400913434,5.59436848145477,0.968291183884187,5.86521581040967,3.09105424543298e-09,6.2873608442864e-07,0.627558572195401,0.777552027686593
ENSG00000179532,same,TRUE,FALSE,FALSE,0.365736668073176,0.548362464955149,0.142815270395747,1.09576334067837,0.00226518879927955,0.0234380674923522,0.156754552919975,0.418787218325961
ENSG00000179583,same,FALSE,TRUE,FALSE,0.114747818813439,2.19068416221244,0.214413618137099,2.0246452701097,0.00617649900450665,0.0465744544830678,0.52496284761625,0.709468618326564
ENSG00000179715,same,TRUE,FALSE,FALSE,0.249927397047218,3.10340429540017,0.103613862969104,3.52315692703187,0.00465165076077397,0.0384305275449238,0.246364741783204,0.5174915844307
ENSG00000180155,same,TRUE,FALSE,FALSE,0.244287249905449,2.38936848824323,0.173085308712209,2.42219040425806,7.7033372632751e-06,0.000341947310728087,0.642336860890537,0.7873806681884
ENSG00000180447,same,TRUE,TRUE,FALSE,0.275109204352862,2.19035096412025,0.269080791178557,3.41010539710972,0.000645860969526424,0.0094952789746753,0.0382125063919127,0.204905096696848
ENSG00000180543,loss,TRUE,FALSE,TRUE,0.313050244830826,3.63415840844686,0.123001005341558,3.71710271678478,4.57207794928715e-11,2.04079779353042e-08,0.00741540681140846,0.0921221692340359
ENSG00000180573,same,TRUE,TRUE,FALSE,0.442779529180454,3.17775187008156,0.286792160622725,3.11764439186519,3.88074179628005e-10,1.1119671089299e-07,0.290589742049857,0.558158998619087
ENSG00000180871,change,TRUE,TRUE,TRUE,0.703641981628364,3.16300833667364,0.202707168639606,5.26446654907341,1.12790407598132e-05,0.000463536843911606,7.90380532421759e-05,0.0152946896877889
ENSG00000181074,same,TRUE,TRUE,FALSE,1.05538894439086,0.0243478499854279,0.650429052865247,0.537063376112323,0.00308986744338849,0.029219487319785,0.397025093906678,0.639596535320983
ENSG00000181104,same,TRUE,FALSE,FALSE,0.246380749388831,2.97060750532083,0.136153720449191,3.00886939543991,0.00102293960482947,0.0130895368197659,0.473335069174903,0.681252243097419
ENSG00000181378,same,TRUE,TRUE,FALSE,0.211062578169902,2.962315962511,0.226206861462259,2.72827852307085,2.12088441738745e-06,0.000123929060738178,0.780046762287386,0.864288105105937
ENSG00000181444,same,TRUE,TRUE,FALSE,0.29269737043078,2.10747812501123,0.245833372220912,1.88189290087674,0.000608789414174384,0.00907894808200641,0.815464301441969,0.879448979518384
ENSG00000181649,same,TRUE,TRUE,FALSE,0.220054638147157,5.33268084795196,0.250409304992685,6.15436497745584,0.00458093166998413,0.0379666226275228,0.288650244977239,0.558158998619087
ENSG00000181804,same,TRUE,TRUE,FALSE,0.227801192876801,3.19382172046536,0.286396462406676,3.47818228301526,0.000310435345610774,0.00556118792488242,0.704604513564532,0.820609335563546
ENSG00000182218,change,TRUE,TRUE,TRUE,0.795998473544617,2.14006644782101,0.300767588258767,4.27902347359745,0.0057921962314478,0.0447259977141445,0.00596548520936399,0.0834570286326853
ENSG00000182782,same,TRUE,TRUE,FALSE,0.291453244165323,3.23249983191824,0.311934758776408,2.80961329379427,1.36489267843399e-07,1.40592695190742e-05,0.405252972558497,0.639643731200602
ENSG00000183018,same,TRUE,FALSE,FALSE,0.289321438339258,2.72868162008535,0.167576331009987,1.62328393014375,0.00118930746156815,0.0145885355724722,0.0559394809691038,0.251482769043874
ENSG00000183087,same,TRUE,FALSE,FALSE,0.203731197914909,2.89104908294034,0.0560166714402337,2.16082971497475,0.000774811233592716,0.0109188624123539,0.0437379713058248,0.220740073934084
ENSG00000183098,same,TRUE,TRUE,FALSE,1.22300754055265,3.11376104782678,0.510174515914602,3.11109727632772,0.00179765819661591,0.0198260600970632,0.268693062279449,0.545835591926176
ENSG00000183160,same,TRUE,TRUE,FALSE,1.60343493029294,0.140381886885739,1.15794810640396,6.06089368318923,7.3634906143659e-05,0.00189153591296966,0.487478405985802,0.689661052973745
ENSG00000183486,same,TRUE,TRUE,FALSE,0.21573042586326,0.494532561310604,0.454154491013344,0.217037011683675,1.67639452728862e-07,1.61305291371262e-05,0.0868904846016058,0.315747915267943
ENSG00000183508,same,TRUE,FALSE,FALSE,0.225322128550637,3.31386652025358,0.136144236370412,3.13450947449581,1.25040310884469e-05,0.000503505535369292,0.380477797447919,0.62604005132938
ENSG00000183763,same,TRUE,FALSE,FALSE,0.290333934782018,5.90107904700201,0.0469973289226579,5.36583123143581,0.00171872298124255,0.0192864242916107,0.0354228622649222,0.204314009135176
ENSG00000183775,same,TRUE,FALSE,FALSE,0.383927435594418,3.29887048915797,0.199296591498614,3.13059142811618,0.00622280649503209,0.0468138003598646,0.481994026663912,0.686559840476853
ENSG00000183921,same,TRUE,TRUE,FALSE,0.332887317240151,3.13130624283122,0.393036471324255,2.8366106880057,1.0025510703722e-05,0.000420626452997674,0.65864574090232,0.795583060612916
ENSG00000183977,same,TRUE,TRUE,FALSE,0.759203884634554,1.75925496666929,0.450659616820467,1.49342514607874,0.0026940787354041,0.0264939725821349,0.521021361899668,0.705618028903953
ENSG00000184194,change,TRUE,TRUE,TRUE,0.311860753495838,0.754581840593681,0.393127265692362,1.89826611178894,5.92487619773789e-05,0.00162511776867588,0.0234154621980765,0.17386653540181
ENSG00000184205,same,TRUE,FALSE,FALSE,0.204507544581043,0.507037586482419,0.1544554809742,0.601670018852092,0.000336653159413207,0.00588008654196828,0.792523592645783,0.870697688519007
ENSG00000184271,same,TRUE,FALSE,FALSE,0.250004598706411,0.981536144698694,0.199071387200612,0.184317671162032,2.59637430725217e-05,0.000889576519045524,0.109073038903553,0.3420445783092
ENSG00000184304,same,TRUE,TRUE,FALSE,0.213705381795924,4.23381415190749,0.254353624150555,3.53985312657665,0.00264936436748941,0.0262028896571477,0.365389593157765,0.62106126448029
ENSG00000184371,same,TRUE,TRUE,FALSE,0.319085034290237,2.71716853343081,0.300382668968965,1.93482220522776,0.00194989252988686,0.0210667448782741,0.279374631598407,0.553607398811567
ENSG00000184454,same,FALSE,TRUE,FALSE,0.0771548804180204,2.8790299629103,0.214559247100936,1.54373003428912,0.00368704179677256,0.0327331904046068,0.0386972473638011,0.204905096696848
ENSG00000184489,same,TRUE,FALSE,FALSE,0.292557714472069,2.38990625360932,0.184730162953335,2.90432079200676,0.000132752458522507,0.00295048306500438,0.273877532738454,0.551183168538272
ENSG00000184497,loss,TRUE,FALSE,TRUE,1.10774203257244,3.1048056543427,0.118604278378738,2.3131560672908,0.00276498004114916,0.0267976262251061,0.0258706889431799,0.177123282708214
ENSG00000184897,same,TRUE,FALSE,FALSE,0.216128293094826,3.28440794855689,0.0948247882746479,3.39764166465733,9.19772063947892e-06,0.000393080247222837,0.125470947678424,0.360241032001165
ENSG00000184903,same,TRUE,FALSE,FALSE,0.274083202468032,3.31789489391732,0.111764316264851,3.08835158526218,5.95505393769019e-06,0.000280621002125348,0.0782941751619366,0.302862497931802
ENSG00000184985,same,TRUE,TRUE,FALSE,0.30771988234791,1.24869041437949,0.201423005368412,0.676750067499311,3.00462927159215e-05,0.000981329019618175,0.204087348679329,0.483206420715339
ENSG00000185215,same,TRUE,TRUE,FALSE,0.265132205934832,0.676537245058278,0.387141169384928,0.776282037296275,0.000402568286243417,0.00675247184285849,0.685714036898432,0.80981950244312
ENSG00000185338,loss,TRUE,FALSE,TRUE,0.27386344483482,2.56125752664801,0.178477594284639,0.443141981501382,0.00439913687137354,0.0369329834828116,0.00327841856578927,0.0730295997758576
ENSG00000185745,same,FALSE,TRUE,FALSE,0.164506997648722,1.79530250709074,0.287092344179707,0.619847377746296,0.00217083986604942,0.0226514453295767,0.0615450264494586,0.261566362410199
ENSG00000186007,same,TRUE,TRUE,FALSE,0.52921184600765,1.55697397616858,0.279193539538322,1.02893235543987,0.00396382759176406,0.0342998091395028,0.31406359619913,0.588072704767067
ENSG00000186104,same,TRUE,FALSE,FALSE,0.208873736890522,0.252129605937838,0.0900767878535828,0.405969360687209,0.000647094706289733,0.00950472105609664,0.234342683686747,0.507197407775587
ENSG00000186198,same,TRUE,TRUE,FALSE,0.274321233538898,3.31014083674587,0.256923881129272,3.0885589128578,0.00387785967638693,0.0338531303679633,0.899852724193928,0.943676720502074
ENSG00000186226,change,TRUE,TRUE,TRUE,0.708386111783068,2.27899905452718,1.16837025907377,0.376587924341996,0.00202974888913891,0.02164302249474,0.00457611161863435,0.0780202255703934
ENSG00000186231,same,TRUE,FALSE,FALSE,0.279043736109267,3.73837186079523,0.102892082658273,3.27992077115289,2.41436372826863e-05,0.000842009139116686,0.0507082103553294,0.24253882884765
ENSG00000186329,same,TRUE,FALSE,FALSE,0.213537719166677,3.28122514328481,0.177872513340033,2.98841230283908,3.02874912550284e-05,0.000987200196708014,0.669134922767587,0.801968757157442
ENSG00000186377,same,TRUE,TRUE,FALSE,0.323442130322086,3.25858713109689,0.236019648609639,3.03027260137903,2.20566421939248e-14,2.72637064164752e-11,0.232102400604107,0.507197407775587
ENSG00000186469,change,TRUE,TRUE,TRUE,1.16738158574723,3.73221158138063,0.718669068405225,5.49673006431011,0.00121336911351473,0.0148270937529036,0.00428053999227965,0.0780202255703934
ENSG00000186472,same,TRUE,FALSE,FALSE,0.288389211977911,5.44970537735402,0.118768518190291,5.98176983688151,0.00154663228486657,0.0177647134993002,0.162261007223472,0.423155305085975
ENSG00000186474,same,TRUE,TRUE,FALSE,0.493029887392789,2.92333669151794,0.272758273063476,2.56264389094513,0.00127439342748808,0.0153971638994781,0.375737197995715,0.62604005132938
ENSG00000186480,same,TRUE,FALSE,FALSE,0.252389795403766,3.71873273215545,0.155031430808083,3.71832737411639,8.83656099214028e-07,6.14695664860182e-05,0.374236102208808,0.62604005132938
ENSG00000186567,same,TRUE,FALSE,FALSE,0.331611207722185,6.14838254865195,0.119671549470708,0.347558172535413,0.00255821700056586,0.0255080215748007,0.152559037282018,0.414088815479763
ENSG00000186806,change,TRUE,TRUE,TRUE,0.508716179493055,3.91262492608522,0.396645308171031,0.439464693800574,0.00317771584501024,0.0296876255310869,0.000458620592070044,0.0329187669419165
ENSG00000186862,same,TRUE,FALSE,FALSE,0.315847623500341,5.90995558645803,0.10750552832979,5.90200725103156,0.00227581618197606,0.0235177429120085,0.179235602944557,0.447050963328895
ENSG00000186907,same,TRUE,TRUE,FALSE,0.704829972073862,2.68881091397158,0.332317434222067,1.4633832929689,0.00339832050992705,0.0310977290854316,0.0479051329364658,0.232682074262834
ENSG00000186952,same,TRUE,FALSE,FALSE,0.274568116933984,3.65734693059205,0.17949976469955,3.35648998967987,8.26770811393513e-06,0.000361999459626222,0.3804839555409,0.62604005132938
ENSG00000187122,same,TRUE,TRUE,FALSE,0.329238805471987,3.98740214613024,0.238029904305811,3.87929179264375,7.94362515542157e-05,0.00198825720595746,0.700969346524203,0.819675855775338
ENSG00000187193,same,TRUE,TRUE,FALSE,0.209097219078943,5.61627921724803,0.214112942744581,4.81192361568043,0.00245990244121897,0.0248448600427075,0.274782033037503,0.551183168538272
ENSG00000187240,same,FALSE,TRUE,FALSE,0.153861100716888,3.89418838497538,0.205620841399119,3.24508058539792,0.00452433233617123,0.0376496614758858,0.406912489515096,0.639643731200602
ENSG00000187492,same,FALSE,TRUE,FALSE,0.123016569365133,2.24028794632124,0.239704711651688,2.43253334126247,0.00105238265928375,0.0132946045220367,0.393167859311717,0.636557486504684
ENSG00000187535,same,TRUE,TRUE,FALSE,0.24487297209283,3.34417614753534,0.200534158891324,3.12068988816883,6.59361545756701e-10,1.62471821111821e-07,0.553427969899824,0.728135373839687
ENSG00000187608,same,FALSE,TRUE,FALSE,0.129686535144051,0.401756673413969,0.369937805389046,0.0448911915406082,0.000159194054189917,0.00339719688815111,0.0971551796908523,0.319338512660361
ENSG00000187672,change,TRUE,TRUE,TRUE,1.47205114103965,3.08170724135428,0.457435880824906,6.08276392023485,0.0017206443512671,0.0192915132713268,0.000896847509583949,0.0445664223993254
ENSG00000187733,change,TRUE,TRUE,TRUE,0.726713528831348,2.770532654083,0.264370701968979,6.16250823886711,0.00137105527135102,0.0162474094065925,0.0005638846278677,0.0364269469602534
ENSG00000187796,same,FALSE,TRUE,FALSE,0.142245345317896,0.479381393203079,0.290663272707809,0.500927208203083,0.00503315224531135,0.0404793410560101,0.458826780123627,0.674808130497196
ENSG00000188001,same,TRUE,FALSE,FALSE,0.353805760382722,4.62690733479326,0.0991707786207896,4.51978625585534,0.000589175902020056,0.00888130166000026,0.0797895389861686,0.304994332456005
ENSG00000188015,change,TRUE,TRUE,TRUE,0.501766009639915,5.81861404378694,0.269729801730363,0.920795388755181,0.00271153878038657,0.0265666807578103,0.0280087533694431,0.177123282708214
ENSG00000188039,same,TRUE,FALSE,FALSE,0.252919628843908,3.5443550005858,0.160756409965167,3.59687543732324,4.34948919163103e-07,3.49459709101595e-05,0.401546645290205,0.639643731200602
ENSG00000188092,same,TRUE,FALSE,FALSE,0.234582758162698,6.2317632088325,0.136689274413847,0.978948059041882,0.000858491572272536,0.0116120379417907,0.0660617684118873,0.271602710880849
ENSG00000188321,same,FALSE,TRUE,FALSE,0.101917140733755,2.69395719209367,0.213809858657012,3.27329011131895,2.00096377630799e-05,0.000737465296364522,0.0913604193455337,0.317875790982023
ENSG00000188352,same,TRUE,TRUE,FALSE,0.32506290746931,3.67159428405038,0.213503163660375,3.70442175482278,2.05085857371089e-13,1.73448665373476e-10,0.211716292418565,0.490210483521123
ENSG00000188396,same,TRUE,TRUE,FALSE,0.346675969532483,0.109729752960175,0.344008344284403,6.26385349426725,1.95963775166915e-08,2.9429363580908e-06,0.910292745587575,0.946274150827125
ENSG00000188487,same,TRUE,TRUE,FALSE,1.0410481184223,1.88725200577012,0.503431158634131,2.34713416548417,0.00335928343560346,0.0308635366076112,0.291262099212441,0.558158998619087
ENSG00000188517,same,TRUE,TRUE,FALSE,0.739607078340711,3.13173238132422,0.439462100268789,2.96256580913657,0.00519523782928921,0.041512817841297,0.595239184516262,0.75886721453388
ENSG00000188523,same,TRUE,FALSE,FALSE,0.210036639125893,3.73671820351688,0.102694108121848,3.55499098007649,0.000169154328731484,0.00355312537043949,0.263781128698485,0.540840191124023
ENSG00000188610,loss,TRUE,FALSE,TRUE,0.628590183524718,5.84595137304163,0.0444470177945071,5.00631717197481,0.00174159032619466,0.019475027802103,0.0159002938557879,0.148863620736797
ENSG00000188613,loss,TRUE,FALSE,TRUE,0.28677265822235,2.7208436254553,0.114240691464618,0.380090544452228,0.00135840352044203,0.0161570586010236,0.00108061206138893,0.0469856010877571
ENSG00000188897,same,FALSE,TRUE,FALSE,0.168709836105902,2.32707586599031,0.351677204771004,2.46175301013105,2.44071901379637e-05,0.000847082372196412,0.215995928344481,0.496560034557063
ENSG00000189001,same,TRUE,TRUE,FALSE,1.28743184634192,5.27098443335344,0.966303455468863,6.12057112024304,0.00101112579140561,0.0130609166737113,0.173051016484865,0.434984267117599
ENSG00000189007,same,TRUE,FALSE,FALSE,0.276998733024152,6.14576177688319,0.173051729295677,5.69331550426191,0.0019363062871133,0.0209666480644364,0.425977100138255,0.650546587917996
ENSG00000189120,change,TRUE,TRUE,TRUE,0.255933925487605,4.96805313033793,0.284717928132075,0.626893101432772,0.00203670992648165,0.0216743741501888,0.00313628231795788,0.0730295997758576
ENSG00000189283,same,FALSE,TRUE,FALSE,0.178260450488107,2.5580293336625,0.204382645576783,2.08814010374976,0.000131022802189333,0.00292417417830609,0.500950809504966,0.69710602510171
ENSG00000189350,same,TRUE,FALSE,FALSE,0.274129966677789,3.8728932818249,0.192098612349674,3.63981177377261,2.76506536130858e-07,2.40172082653338e-05,0.433990661891265,0.653515075948153
ENSG00000196090,same,TRUE,TRUE,FALSE,0.588215341399088,2.96431462356747,0.469113727544911,2.70612200898216,1.74904206231843e-10,6.10986019552063e-08,0.440579410263856,0.658829395903822
ENSG00000196104,same,TRUE,TRUE,FALSE,0.389772079385469,3.12721488410289,0.38205451541606,3.75570930158165,0.000413011278155202,0.00686932410169333,0.364205331594719,0.620782702401553
ENSG00000196155,same,FALSE,TRUE,FALSE,0.176128221333506,5.05586654932722,0.251488025673519,4.84710777366153,0.00258875327670318,0.0257576943673953,0.716096594578743,0.829029390856394
ENSG00000196284,same,TRUE,FALSE,FALSE,0.211476424143412,4.36899935785392,0.151421058077716,4.33023913391091,2.61096382708064e-05,0.000890776597396153,0.684365706668687,0.809707411186762
ENSG00000196335,same,TRUE,TRUE,FALSE,0.453614750760442,0.374935382360562,0.536620223791447,0.792429351728627,0.00161123915882501,0.0183624127965667,0.644684139850993,0.788761277166177
ENSG00000196407,same,TRUE,TRUE,FALSE,0.22331301016612,6.25301246917044,0.228685837360445,6.25727130062929,3.46478591715923e-05,0.00109167931182023,0.998031430474641,0.998031430474641
ENSG00000196549,same,FALSE,TRUE,FALSE,0.197287734551802,2.55528499130537,0.519726221153061,2.77540384760617,0.0024533349719049,0.0248253398385011,0.237110862458556,0.507197407775587
ENSG00000196562,same,TRUE,FALSE,FALSE,0.206947347740939,3.17012389634267,0.0592067400245019,3.59518389493077,0.00234156069936073,0.0239659483299538,0.102675105040079,0.329990636098961
ENSG00000196569,same,TRUE,TRUE,FALSE,0.362963963723148,0.101889691510119,0.367249224079998,5.97660181190642,6.76980266617889e-10,1.62471821111821e-07,0.335055095780707,0.601237755206492
ENSG00000196747,same,FALSE,TRUE,FALSE,0.17926316767094,3.37936803655791,0.543848462261134,3.76131140801936,0.00611640590872509,0.0463419399504859,0.203932845509829,0.483206420715339
ENSG00000196787,same,TRUE,TRUE,FALSE,0.296739517635369,3.47852434378734,0.264869965659106,3.76425058297563,2.33719926738615e-05,0.000827234692238504,0.720353537979803,0.830979259883844
ENSG00000196839,same,TRUE,FALSE,FALSE,0.341623026728407,4.12139666661436,0.162376049879027,5.10870813882229,0.00108920284988893,0.0136524185607373,0.063779405440058,0.269290822969134
ENSG00000196917,loss,TRUE,FALSE,TRUE,0.441273815653361,3.19006185038308,0.0621210248807211,3.22009469630011,0.00150246297966137,0.0173566338031477,0.0340379369973087,0.199895520911467
ENSG00000196950,same,FALSE,TRUE,FALSE,0.134010960998478,3.01687542980318,0.205850350794231,2.79553238164535,5.87768779143225e-07,4.38957212481589e-05,0.378638377802616,0.62604005132938
ENSG00000197177,change,TRUE,TRUE,TRUE,0.648437542919444,3.82752852133899,0.403421158841377,2.81703304638448,1.82202419024835e-08,2.7883911155334e-06,0.00274496741691963,0.0709299580532031
ENSG00000197208,same,TRUE,FALSE,FALSE,0.250251439918025,3.91899051720499,0.12036703528392,4.08898300130858,1.21192951171752e-06,7.82108245935297e-05,0.127996740985951,0.363002969456583
ENSG00000197405,same,TRUE,FALSE,FALSE,0.297266300914625,3.3800628169798,0.199754953573173,3.27270316494433,1.85833606095673e-10,6.22116711739868e-08,0.320300898814553,0.592101900462221
ENSG00000197408,same,TRUE,TRUE,FALSE,0.247456152077295,4.92112274263204,0.225819498359326,5.76796559192009,0.000806224759185765,0.0111394889555942,0.189312904546509,0.465004320673175
ENSG00000197580,same,TRUE,TRUE,FALSE,0.24432578995445,3.40286621316438,0.259875268549837,3.17352489653971,5.60673922390436e-08,6.72348452156114e-06,0.743365687977251,0.843961747685948
ENSG00000197748,same,FALSE,TRUE,FALSE,0.183654832746194,2.96765143380131,0.229749761363456,2.74404569279779,1.12770074921935e-06,7.42664890951055e-05,0.653551060785697,0.793597716668346
ENSG00000197816,same,FALSE,TRUE,FALSE,0.145093847030573,3.64345782562768,0.205742534294375,3.15492562526223,9.66511949908567e-06,0.000409785765780495,0.288988832526303,0.558158998619087
ENSG00000197838,loss,TRUE,FALSE,TRUE,0.236017718827909,4.38254469095293,0.178039672995808,5.75109952537356,5.56029776256631e-05,0.00155691279535808,0.00556456895454098,0.0833924751568776
ENSG00000197889,same,TRUE,FALSE,FALSE,0.233109147603831,3.23602978307873,0.158401603606278,2.51346272367064,0.000944438427889177,0.0124089788207287,0.229928399119034,0.507197407775587
ENSG00000197903,same,TRUE,TRUE,FALSE,0.289983196158387,3.06401298555326,0.237007936175154,2.77413434179322,1.11333658055234e-06,7.3622244909035e-05,0.582592486095575,0.747401339049248
ENSG00000198105,loss,TRUE,FALSE,TRUE,0.204138838142841,0.00429812797661944,0.0418267918374128,1.42042235553546,0.000340834810035725,0.00592735342258015,0.00556674450427105,0.0833924751568776
ENSG00000198130,same,TRUE,FALSE,FALSE,0.203529865002006,3.63593306793958,0.152344081257587,3.66611547376838,7.54209575598124e-07,5.38639718679389e-05,0.687454761705406,0.810393751937395
ENSG00000198208,same,TRUE,TRUE,FALSE,0.227265433452685,0.383953889892343,0.328413867030173,0.412805710880344,1.86612957197041e-06,0.000111394050245041,0.583111880620466,0.747401339049248
ENSG00000198483,same,TRUE,TRUE,FALSE,0.233192423998218,4.77010755996466,0.218513058253804,5.34420416815814,3.90863636456532e-11,1.90326902249091e-08,0.0873014219964392,0.315747915267943
ENSG00000198734,same,TRUE,TRUE,FALSE,0.363431518312299,3.93637177644106,0.336114884831492,3.16718977983106,2.53842586238405e-06,0.000144517224637142,0.0956164413893859,0.317875790982023
ENSG00000198832,same,TRUE,FALSE,FALSE,0.221863949558877,3.03416300652322,0.0527630086755724,1.81745132307966,0.00511248598765099,0.0410352334343475,0.0370373371109327,0.204905096696848
ENSG00000198919,same,TRUE,FALSE,FALSE,0.242651074075544,3.58455827513626,0.172834503881704,3.46567568324506,3.67302551591139e-08,4.9598190769059e-06,0.507707377285683,0.697827586652237
ENSG00000198937,same,TRUE,FALSE,FALSE,0.20531559948314,4.30018823302123,0.100659685209557,4.24719756487746,0.00436097880203875,0.0367470206449715,0.43160220435646,0.652167623001405
ENSG00000198947,same,TRUE,FALSE,FALSE,0.211844461641813,3.18220527463852,0.198162169712221,2.82883257444002,5.40532969279691e-08,6.53069494989125e-06,0.506636775649502,0.697827586652237
ENSG00000203722,same,TRUE,TRUE,FALSE,0.213327571988783,6.27783561656694,0.234286724786622,0.064750978123888,0.000180777248410194,0.0037098364040714,0.96146391379812,0.968963632314486
ENSG00000203785,same,TRUE,TRUE,FALSE,0.659532220517395,5.66288765144237,1.49695068704127,0.142657697261395,0.000224386133995604,0.00439714730143337,0.0788401698068768,0.303159224376443
ENSG00000203985,same,TRUE,FALSE,FALSE,0.254194069013944,3.65374724520679,0.168489748184258,3.52791881467943,5.62245014154651e-05,0.00157125480564367,0.567151291238744,0.735702277390017
ENSG00000204060,loss,TRUE,FALSE,TRUE,0.211225731473281,2.42257690013472,0.0715665448908196,4.09158983424266,0.00570236584242482,0.0442277885683756,0.0176429322724331,0.156127866410847
ENSG00000204252,same,TRUE,TRUE,FALSE,0.236434644944398,1.59609800913437,0.448490496584861,1.18737967267505,0.00032299571897451,0.00569727574994665,0.276927546024159,0.551183168538272
ENSG00000204262,same,TRUE,FALSE,FALSE,0.36348854198037,3.18134994178186,0.134404840284424,2.67705704323264,0.000867339032856205,0.011702158622138,0.117123110681228,0.348861289966273
ENSG00000204311,same,TRUE,FALSE,FALSE,0.355080863547773,0.634019259361423,0.121488263755793,6.21782130309251,0.00450189284006365,0.0375212220160699,0.1205203698216,0.353786737218615
ENSG00000204388,same,TRUE,TRUE,FALSE,0.246417854872541,0.307419596360462,0.218657100860807,0.441646536594684,0.000625353196420839,0.00928724631542186,0.921848253687493,0.951300274572078
ENSG00000204389,same,TRUE,TRUE,FALSE,0.27142105431931,0.0754346303170078,0.279609787153058,0.21467379496754,0.00354692718314573,0.0318589004505135,0.960210614332377,0.968963632314486
ENSG00000204397,loss,TRUE,FALSE,TRUE,0.303697824321719,3.50522266070561,0.0338796905851933,1.25003857733009,0.00010605897698169,0.00247352931947573,0.000853004173869405,0.0445664223993254
ENSG00000204444,same,TRUE,FALSE,FALSE,0.288030702565644,5.98733709680629,0.0736277619407025,5.37112485444214,0.00472174850175165,0.0388896856353907,0.0896263209700221,0.316385810637346
ENSG00000204634,same,TRUE,TRUE,FALSE,0.313669969753261,0.4820492655044,0.250876164607251,0.449722793836442,7.53761510060974e-09,1.32843501613188e-06,0.742205699391763,0.843961747685948
ENSG00000204642,same,FALSE,TRUE,FALSE,0.134713651794466,1.22534955268638,0.218294367957799,0.67035408695552,0.000972218583310642,0.0126806659214438,0.324886795097503,0.592101900462221
ENSG00000205835,same,TRUE,TRUE,FALSE,0.359126194399339,1.69343643732435,0.27387921714438,3.14351498243495,0.00563183720858033,0.0438246935131609,0.0366944570224751,0.204905096696848
ENSG00000206531,same,TRUE,TRUE,FALSE,0.201053304089143,2.05575679019085,0.267501676710648,2.14032227131223,0.0020274165547505,0.0216416056998038,0.831743953371461,0.889580453440337
ENSG00000206538,same,TRUE,FALSE,FALSE,0.293877047049355,2.08219868064588,0.166961991120653,1.18187437388077,0.000347185205763092,0.00601176624074044,0.0780712958668868,0.302862497931802
ENSG00000213171,same,TRUE,TRUE,FALSE,1.31321962952437,0.304220698410518,0.841935442173744,0.599969679847208,5.39300598257058e-08,6.53069494989125e-06,0.24427261563504,0.5174915844307
ENSG00000213213,loss,TRUE,FALSE,TRUE,0.318144093261879,0.127005871833503,0.0943119503358592,4.92437585817911,0.000913115454286352,0.012146400856728,0.00915650807663798,0.105771195126586
ENSG00000214193,same,TRUE,FALSE,FALSE,0.329943960646266,0.0940353778506716,0.14709310367928,0.216668862409936,2.67227987157107e-05,0.000902119017988982,0.156883137515298,0.418787218325961
ENSG00000214279,same,TRUE,TRUE,FALSE,0.399622956781214,1.06148650268447,0.243745822271415,1.3992529407538,0.00359112419204777,0.0321659836354602,0.517891335055742,0.704332215675809
ENSG00000214456,same,TRUE,FALSE,FALSE,0.258646160115547,0.684353389357504,0.11387427946402,0.155285877091842,0.00112478817806539,0.013949362704334,0.174020968758762,0.435726921775815
ENSG00000214814,same,TRUE,FALSE,FALSE,0.268141532914454,0.0552141782572835,0.165624967264615,0.163494788464876,1.15612621177519e-06,7.55660708889266e-05,0.370917972263942,0.625621436246753
ENSG00000214954,same,TRUE,TRUE,FALSE,0.479417695093452,1.31141732099855,0.320270876200816,2.00747968731371,0.00102393103381951,0.0130895368197659,0.246280814374538,0.5174915844307
ENSG00000215375,same,TRUE,FALSE,FALSE,0.279011171904403,0.377743130947435,0.144595391918817,0.348733262758123,0.000552960330357796,0.00850288952011428,0.382937764933472,0.62604005132938
ENSG00000215912,same,TRUE,TRUE,FALSE,0.266038905879642,3.19629282432277,0.29139249885326,2.8539413632407,2.88798403231628e-06,0.000158928134983871,0.602045853448089,0.762591414367579
ENSG00000221890,same,TRUE,FALSE,FALSE,0.233169376288479,3.3932516841408,0.138854657650966,2.99634190367837,0.000199868761242268,0.00402972537566124,0.332422753474974,0.598175762520426
ENSG00000221988,same,TRUE,FALSE,FALSE,0.275242151238331,0.217210476071822,0.137761314738274,1.06959246545066,0.00319480732483423,0.0297953330834366,0.139696355883215,0.384016365534284
ENSG00000224389,same,TRUE,FALSE,FALSE,0.287667700914888,2.77060164313483,0.189106875578956,2.32273467257348,0.00149682791452257,0.0173406996435101,0.452300568932282,0.670151760390491
ENSG00000227500,same,TRUE,FALSE,FALSE,0.202842196178762,3.28936815422899,0.114948622928028,3.48336131729472,2.56053958951163e-12,1.7143879443276e-09,0.066849583637856,0.271602710880849
ENSG00000233493,change,TRUE,TRUE,TRUE,0.33240775010227,2.44584059659009,0.262732034989063,0.201593930058205,0.000260362581272782,0.00490476707910003,0.000159314825892799,0.0152946896877889
ENSG00000234776,change,TRUE,TRUE,TRUE,0.517689578820452,1.25217384184107,0.984702609584709,3.96087787498115,0.00469056795533066,0.0387321359065819,0.001639657733876,0.0529609448041949
ENSG00000237763,change,TRUE,TRUE,TRUE,0.71932270993284,2.92116712569511,0.262997572225824,6.06548646288678,0.00207087796517638,0.021932552845719,0.000756837903525605,0.0444470259706855
ENSG00000239672,same,TRUE,FALSE,FALSE,0.224811110546723,5.80935539191194,0.14902352054334,5.25109811640231,0.000517957091098253,0.0081121369365086,0.318529675581268,0.592101900462221
ENSG00000241360,change,TRUE,TRUE,TRUE,0.267774961853269,1.82818394464179,0.263693264318703,0.242093399585271,0.00143855020544525,0.0168730388695618,0.0105616694649252,0.111849811054781
ENSG00000241794,same,TRUE,TRUE,FALSE,0.709621810930888,5.14549605248734,0.547634193132708,5.91357948757668,0.00105941943576894,0.013343110246369,0.234613044568036,0.507197407775587
ENSG00000242574,same,FALSE,TRUE,FALSE,0.107593099438306,0.803104426020206,0.208176623429517,1.08305648722041,0.00531929215607198,0.0421477838540043,0.4522728734671,0.670151760390491
ENSG00000242732,loss,TRUE,FALSE,TRUE,0.22700320970931,3.05681608282066,0.0464579894861799,2.81436666525893,0.000105884898117678,0.0024730587614142,0.0207558063262201,0.166946464595409
ENSG00000243449,same,TRUE,FALSE,FALSE,0.215352710470346,3.08026443678408,0.124709259226828,2.3861219519421,0.00347109579785617,0.0315816242041824,0.254871541962088,0.527714795216375
ENSG00000248329,same,TRUE,TRUE,FALSE,0.827376923079865,3.61748257404223,0.809692455811227,3.805936862708,0.00540762922172425,0.0426584162807496,0.934622972569669,0.95988305290939
ENSG00000249992,loss,TRUE,FALSE,TRUE,0.408796287564859,2.52096475509199,0.0419074673116649,1.66304741788021,0.000203684335973445,0.0040912544934466,0.00623032236523269,0.0838497551654232
ENSG00000250510,same,TRUE,FALSE,FALSE,0.242443671032215,3.68421171610433,0.117630234050956,3.30984424570225,0.000454724619342827,0.00739571853058694,0.236862395134524,0.507197407775587
ENSG00000253276,loss,TRUE,FALSE,TRUE,0.226865387784618,3.22564548377073,0.0508779736792855,3.28290402633155,7.08699223923823e-06,0.000323525222421361,0.0108491547021862,0.113041192542134
ENSG00000253368,loss,TRUE,FALSE,TRUE,0.288201406620159,2.90552821499929,0.0502070442818008,3.45527828367205,0.000677231810489924,0.00987517056512031,0.0256834075443979,0.177123282708214
ENSG00000253598,same,TRUE,FALSE,FALSE,0.318527079541096,6.03228999558193,0.150530652173633,5.7266759438608,0.00433804517531462,0.0366721868442229,0.349517826444173,0.607556322034799
ENSG00000253767,change,TRUE,TRUE,TRUE,1.17893906530283,4.37249166912741,0.911226555617586,0.584409145960775,0.000515801831000084,0.0080956535110809,0.000130184182830309,0.0152946896877889
ENSG00000254995,same,TRUE,TRUE,FALSE,0.86552102659168,0.0549317838778862,0.553833157157981,0.431895254692579,0.00104180340215733,0.0132337856674041,0.471780635468212,0.681252243097419
ENSG00000255974,loss,TRUE,FALSE,TRUE,0.229736969810758,2.93846325525895,0.162374614529602,1.71334974211061,3.5587887186424e-05,0.00110825922325319,0.0102543691628333,0.110405374653172
ENSG00000260001,same,TRUE,TRUE,FALSE,0.416639036733818,0.0226368142363661,0.268107648088856,5.78127645841515,0.00591451778153195,0.0454086890737873,0.449230215446906,0.670105164730932
ENSG00000260729,same,TRUE,TRUE,FALSE,0.339456967091368,1.97159093131349,0.440219829231489,2.74280205451544,0.00458132312370195,0.0379666226275228,0.311302112250691,0.584596408470775
ENSG00000265107,same,TRUE,TRUE,FALSE,0.897127073111118,3.6424613254382,0.764224793466862,3.29985678536685,0.0058648919152853,0.0451571385657497,0.769341945451189,0.864288105105937
ENSG00000270806,loss,TRUE,FALSE,TRUE,0.393976025415351,3.1173975153189,0.0410399123557955,2.89623609830576,0.000461362595057792,0.00748852074745824,0.0136430230534027,0.137709263945283
ENSG00000270882,same,TRUE,FALSE,FALSE,0.33523808933772,3.55950399576611,0.149315679346566,3.11742292952565,0.000374987355539212,0.00640347695659894,0.165774704176423,0.426137897548495
ENSG00000272398,same,TRUE,FALSE,FALSE,0.217577627159966,3.66836162281975,0.135536271090855,3.70499894661502,4.8559805085915e-08,6.0961524056685e-06,0.326297641740791,0.592101900462221
ENSG00000272636,same,FALSE,TRUE,FALSE,0.148170545750752,1.74451130084428,0.231149154733451,2.63427369067669,0.00030350666817714,0.00547982994487469,0.101975023901521,0.329379327201913
ENSG00000273167,same,TRUE,TRUE,FALSE,0.863510459348504,3.83185768363942,0.235011401818924,3.73039575682216,0.00230409160180277,0.0237466633629292,0.112476814627866,0.34245526617462
ENSG00000273802,same,TRUE,TRUE,FALSE,0.234783902867843,3.21031785176781,0.233486302533098,3.43719875758036,5.8352956425908e-05,0.00161290316524832,0.847500453653954,0.904934368694965
ENSG00000274750,same,TRUE,FALSE,FALSE,0.218794341239456,2.75236719541971,0.189031413970444,3.23152626957708,6.97988688759593e-05,0.0018386852851931,0.459621636871155,0.674808130497196
ENSG00000275395,gain,FALSE,TRUE,TRUE,0.140035277751592,4.20718092221542,0.375959945879385,0.845068803828898,0.00600103851606306,0.0457234176930381,0.00318369036776314,0.0730295997758576
ENSG00000276180,same,TRUE,FALSE,FALSE,0.312986469928186,2.9343235726055,0.148799494713952,2.71731096774723,1.14795094839811e-05,0.000469374651140185,0.159071678268707,0.421148787547478
ENSG00000281406,same,TRUE,FALSE,FALSE,0.365052364722088,1.58544612399808,0.187742387174527,2.00328608919151,0.00666168871221758,0.0488574513540047,0.384733591916043,0.62604005132938
ENSG00000283297,same,TRUE,TRUE,FALSE,0.490504195153901,0.567293757117136,0.46656904234082,0.889230346555989,0.0051376544135391,0.0411755455217755,0.81880136593397,0.880417414172944
ENSG00000283361,same,TRUE,FALSE,FALSE,0.202407945414979,3.54810973238139,0.0774388980254786,2.43720190118473,0.00375509458109765,0.0330996241490171,0.0568484999477459,0.251482769043874
ENSG00000285053,same,TRUE,FALSE,FALSE,0.302513269994376,5.91129604893504,0.17296511523255,5.66774077430348,9.12976449385597e-05,0.00222282099472381,0.356385234206337,0.613932963459449
